symbol,status,type,distance_pct,trend,ltp,virgin_level,pivot,tc,bc,width_pct,width_percentile,narrow_threshold_pct,days_virgin,source_date,session_date,is_virgin,is_narrow,narrow_percentile_used,scanned_at
ADANIPORTS,1691.02,V+N,-1.05,below,1673.3,1691.02,1691.03,1691.05,1691.02,0.002,1.6,0.02,1,2026-08-17,2026-08-19,True,True,5.0,2026-08-19T10:46:13+05:30
LEMONTREE,109.0,V+N,-0.56,below,108.4,109.0,109.01,109.01,109.0,0.009,1.9,0.023,1,2026-08-18,2026-08-19,True,True,5.0,2026-08-19T10:46:13+05:30
COROMANDEL,2097.65,V+N,-2.16,below,2052.3,2097.65,2097.73,2097.82,2097.65,0.008,2.2,0.035,1,2026-08-17,2026-08-19,True,True,5.0,2026-08-19T10:46:13+05:30
RAILTEL,280.02,V+N,2.78,above,287.8,280.02,280.0,280.02,279.98,0.018,2.5,0.042,1,2026-08-17,2026-08-19,True,True,5.0,2026-08-19T10:46:13+05:30
ESCORTS,3134.05,V+N,-2.5,below,3055.8,3134.05,3134.5,3134.95,3134.05,0.029,2.7,0.041,1,2026-08-17,2026-08-19,True,True,5.0,2026-08-19T10:46:13+05:30
BIKAJI,613.68,V+N,-0.55,below,610.3,613.68,613.72,613.75,613.68,0.011,3.0,0.018,1,2026-08-17,2026-08-19,True,True,5.0,2026-08-19T10:46:13+05:30
MANKIND,2379.72,V+N,0.75,above,2397.5,2379.72,2379.43,2379.72,2379.15,0.024,3.3,0.038,1,2026-08-18,2026-08-19,True,True,5.0,2026-08-19T10:46:13+05:30
ABBOTINDIA,26900.0,V+N,-1.39,below,26525.0,26900.0,26901.67,26903.33,26900.0,0.012,3.6,0.034,1,2026-08-17,2026-08-19,True,True,5.0,2026-08-19T10:46:13+05:30
CGPOWER,894.3,V+N,-3.28,below,865.0,894.3,894.4,894.5,894.3,0.022,3.8,0.035,1,2026-08-18,2026-08-19,True,True,5.0,2026-08-19T10:46:13+05:30
GALLANTT,583.11,V+N,-1.72,below,573.05,583.11,583.27,583.43,583.11,0.054,4.7,0.062,1,2026-08-17,2026-08-19,True,True,5.0,2026-08-19T10:46:13+05:30
LGEINDIA,1680.58,V+W,-3.55,below,1621.0,1680.58,1693.57,1706.55,1680.58,1.533,97.6,0.01,1,2026-08-17,2026-08-19,True,False,5.0,2026-08-19T10:46:13+05:30
SBICARD,619.51,V+W,-0.99,below,613.35,619.51,624.02,628.53,619.51,1.445,98.1,0.029,1,2026-08-18,2026-08-19,True,False,5.0,2026-08-19T10:46:13+05:30
GPIL,248.2,V+W,0.99,above,250.66,248.2,245.57,248.2,242.95,2.136,98.9,0.023,1,2026-08-17,2026-08-19,True,False,5.0,2026-08-19T10:46:13+05:30
RRKABEL,2750.95,V,2.95,above,2832.0,2750.95,2750.17,2750.95,2749.38,0.057,5.5,0.045,1,2026-08-17,2026-08-19,True,False,5.0,2026-08-19T10:46:13+05:30
ZFCVINDIA,2623.13,V,0.42,above,2634.1,2623.13,2622.57,2623.13,2622.0,0.043,5.5,0.038,1,2026-08-17,2026-08-19,True,False,5.0,2026-08-19T10:46:13+05:30
NATIONALUM,388.11,V,-1.46,below,382.45,388.11,388.22,388.32,388.11,0.056,6.8,0.04,1,2026-08-18,2026-08-19,True,False,5.0,2026-08-19T10:46:13+05:30
NMDC,84.21,V,-1.12,below,83.27,84.21,84.23,84.26,84.21,0.051,7.9,0.028,1,2026-08-18,2026-08-19,True,False,5.0,2026-08-19T10:46:13+05:30
ONGC,239.66,V,0.18,above,240.08,239.66,239.61,239.66,239.55,0.045,9.3,0.028,1,2026-08-18,2026-08-19,True,False,5.0,2026-08-19T10:46:13+05:30
ITCHOTELS,166.17,V,-1.01,below,164.49,166.17,166.23,166.3,166.17,0.078,9.6,0.038,1,2026-08-17,2026-08-19,True,False,5.0,2026-08-19T10:46:13+05:30
SPLPETRO,722.42,V,-2.83,below,702.0,722.42,722.77,723.11,722.42,0.095,11.0,0.039,1,2026-08-17,2026-08-19,True,False,5.0,2026-08-19T10:46:13+05:30
GABRIEL,1444.85,V,0.26,above,1448.6,1444.85,1444.07,1444.85,1443.28,0.108,11.2,0.033,1,2026-08-17,2026-08-19,True,False,5.0,2026-08-19T10:46:13+05:30
ICICIPRULI,507.17,V,-2.19,below,496.05,507.17,507.33,507.5,507.17,0.066,13.2,0.023,1,2026-08-17,2026-08-19,True,False,5.0,2026-08-19T10:46:13+05:30
BERGEPAINT,548.62,V,-2.58,below,534.45,548.62,548.87,549.11,548.62,0.088,13.4,0.013,1,2026-08-17,2026-08-19,True,False,5.0,2026-08-19T10:46:13+05:30
KPITTECH,609.38,V,-2.69,below,593.0,609.38,609.75,610.12,609.38,0.123,14.8,0.044,1,2026-08-17,2026-08-19,True,False,5.0,2026-08-19T10:46:13+05:30
SIEMENS,3958.82,V,-1.27,below,3908.4,3958.82,3960.63,3962.45,3958.82,0.092,15.1,0.02,1,2026-08-18,2026-08-19,True,False,5.0,2026-08-19T10:46:13+05:30
CYIENT,859.82,V,2.83,above,884.2,859.82,859.4,859.82,858.97,0.099,15.9,0.024,1,2026-08-18,2026-08-19,True,False,5.0,2026-08-19T10:46:13+05:30
PIIND,2475.65,V,0.82,above,2496.0,2475.65,2474.43,2475.65,2473.22,0.098,17.0,0.03,1,2026-08-17,2026-08-19,True,False,5.0,2026-08-19T10:46:13+05:30
TATASTEEL,185.57,V,-0.91,below,183.88,185.57,185.65,185.72,185.57,0.079,17.3,0.019,1,2026-08-18,2026-08-19,True,False,5.0,2026-08-19T10:46:13+05:30
SJVN,66.6,V,-0.79,below,66.08,66.6,66.65,66.69,66.6,0.13,18.6,0.027,1,2026-08-17,2026-08-19,True,False,5.0,2026-08-19T10:46:13+05:30
POWERINDIA,35313.33,V,-4.16,below,33845.0,35313.33,35351.67,35390.0,35313.33,0.217,18.9,0.055,1,2026-08-18,2026-08-19,True,False,5.0,2026-08-19T10:46:13+05:30
ARE&M,943.78,V,-1.26,below,931.9,943.78,944.42,945.06,943.78,0.136,20.0,0.024,1,2026-08-17,2026-08-19,True,False,5.0,2026-08-19T10:46:13+05:30
CANFINHOME,815.98,V,0.45,above,819.65,815.98,815.43,815.98,814.89,0.133,20.0,0.021,1,2026-08-17,2026-08-19,True,False,5.0,2026-08-19T10:46:13+05:30
MANAPPURAM,346.85,V,-1.86,below,340.4,346.85,347.1,347.35,346.85,0.144,20.3,0.027,1,2026-08-18,2026-08-19,True,False,5.0,2026-08-19T10:46:13+05:30
ONESOURCE,1553.25,V,-1.32,below,1532.8,1553.25,1554.9,1556.55,1553.25,0.212,20.8,0.052,1,2026-08-17,2026-08-19,True,False,5.0,2026-08-19T10:46:13+05:30
CREDITACC,1540.13,V,-0.83,below,1527.4,1540.13,1541.67,1543.2,1540.13,0.199,21.6,0.035,1,2026-08-17,2026-08-19,True,False,5.0,2026-08-19T10:46:13+05:30
MUTHOOTFIN,2896.75,V,-1.3,below,2859.0,2896.75,2899.4,2902.05,2896.75,0.183,22.2,0.04,1,2026-08-18,2026-08-19,True,False,5.0,2026-08-19T10:46:13+05:30
DELHIVERY,452.16,V,-0.68,below,449.1,452.16,452.52,452.88,452.16,0.158,22.5,0.019,1,2026-08-18,2026-08-19,True,False,5.0,2026-08-19T10:46:13+05:30
COFORGE,1778.6,V,1.59,above,1806.8,1778.6,1776.73,1778.6,1774.87,0.21,23.0,0.032,1,2026-08-18,2026-08-19,True,False,5.0,2026-08-19T10:46:13+05:30
ENDURANCE,2975.05,V,0.67,above,2995.0,2975.05,2971.9,2975.05,2968.75,0.212,23.3,0.044,1,2026-08-17,2026-08-19,True,False,5.0,2026-08-19T10:46:13+05:30
ITI,276.96,V,1.04,above,279.85,276.96,276.67,276.96,276.38,0.211,23.3,0.035,1,2026-08-17,2026-08-19,True,False,5.0,2026-08-19T10:46:13+05:30
KAJARIACER,1248.2,V,-3.04,below,1210.2,1248.2,1249.33,1250.47,1248.2,0.181,23.3,0.028,1,2026-08-17,2026-08-19,True,False,5.0,2026-08-19T10:46:13+05:30
RPOWER,22.49,V,-2.07,below,22.02,22.49,22.52,22.56,22.49,0.311,23.3,0.076,1,2026-08-18,2026-08-19,True,False,5.0,2026-08-19T10:46:13+05:30
DABUR,403.82,V,-0.8,below,400.6,403.82,404.13,404.45,403.82,0.157,24.4,0.033,1,2026-08-18,2026-08-19,True,False,5.0,2026-08-19T10:46:13+05:30
NATCOPHARM,897.4,V,0.62,above,903.0,897.4,896.45,897.4,895.5,0.212,25.2,0.019,1,2026-08-18,2026-08-19,True,False,5.0,2026-08-19T10:46:13+05:30
AMBUJACEM,412.73,V,-1.51,below,406.5,412.73,413.07,413.4,412.73,0.161,26.0,0.035,1,2026-08-18,2026-08-19,True,False,5.0,2026-08-19T10:46:13+05:30
ANURAS,1209.5,V,1.36,above,1226.0,1209.5,1208.5,1209.5,1207.5,0.165,26.6,0.025,1,2026-08-18,2026-08-19,True,False,5.0,2026-08-19T10:46:13+05:30
TITAGARH,824.65,V,1.54,above,837.35,824.65,823.42,824.65,822.18,0.3,29.9,0.051,1,2026-08-17,2026-08-19,True,False,5.0,2026-08-19T10:46:13+05:30
GESHIP,1301.12,V,0.95,above,1313.5,1301.12,1299.33,1301.12,1297.55,0.275,30.1,0.037,1,2026-08-18,2026-08-19,True,False,5.0,2026-08-19T10:46:13+05:30
NIVABUPA,82.92,V,1.24,above,83.95,82.92,82.85,82.92,82.78,0.173,30.1,0.018,1,2026-08-17,2026-08-19,True,False,5.0,2026-08-19T10:46:13+05:30
BLUEJET,591.99,V,0.39,above,594.3,591.99,590.78,591.99,589.58,0.409,30.7,0.042,1,2026-08-17,2026-08-19,True,False,5.0,2026-08-19T10:46:13+05:30
PVRINOX,1190.43,V,1.69,above,1210.5,1190.43,1188.87,1190.43,1187.3,0.264,30.7,0.029,1,2026-08-17,2026-08-19,True,False,5.0,2026-08-19T10:46:13+05:30
SAMMAANCAP,149.98,V,3.15,above,154.7,149.98,149.73,149.98,149.47,0.336,31.5,0.041,1,2026-08-18,2026-08-19,True,False,5.0,2026-08-19T10:46:13+05:30
MEDANTA,1420.25,V,1.52,above,1441.9,1420.25,1418.53,1420.25,1416.82,0.242,32.3,0.028,1,2026-08-17,2026-08-19,True,False,5.0,2026-08-19T10:46:13+05:30
EMMVEE,321.44,V,-0.7,below,319.2,321.44,322.13,322.82,321.44,0.429,32.4,0.042,1,2026-08-17,2026-08-19,True,False,5.0,2026-08-19T10:46:13+05:30
HINDALCO,1042.5,V,-1.29,below,1029.05,1042.5,1043.4,1044.3,1042.5,0.173,32.9,0.011,1,2026-08-18,2026-08-19,True,False,5.0,2026-08-19T10:46:13+05:30
JBMA,622.26,V,-0.83,below,617.1,622.26,623.17,624.08,622.26,0.292,32.9,0.032,1,2026-08-17,2026-08-19,True,False,5.0,2026-08-19T10:46:13+05:30
CRAFTSMAN,10466.0,V,2.39,above,10716.0,10466.0,10452.0,10466.0,10438.0,0.268,33.2,0.057,1,2026-08-17,2026-08-19,True,False,5.0,2026-08-19T10:46:13+05:30
TRAVELFOOD,1360.18,V,-3.01,below,1319.3,1360.18,1362.17,1364.15,1360.18,0.291,33.8,0.032,1,2026-08-17,2026-08-19,True,False,5.0,2026-08-19T10:46:13+05:30
DIVISLAB,8506.75,V,0.26,above,8528.5,8506.75,8498.33,8506.75,8489.92,0.198,35.3,0.021,1,2026-08-17,2026-08-19,True,False,5.0,2026-08-19T10:46:13+05:30
ECLERX,1852.78,V,-1.01,below,1834.0,1852.78,1856.67,1860.55,1852.78,0.418,35.3,0.039,1,2026-08-17,2026-08-19,True,False,5.0,2026-08-19T10:46:13+05:30
WELCORP,1914.22,V,2.44,above,1960.9,1914.22,1911.33,1914.22,1908.45,0.302,35.3,0.053,1,2026-08-18,2026-08-19,True,False,5.0,2026-08-19T10:46:13+05:30
KEI,5796.95,V,-2.0,below,5681.3,5796.95,5803.9,5810.85,5796.95,0.239,35.6,0.026,1,2026-08-18,2026-08-19,True,False,5.0,2026-08-19T10:46:13+05:30
FEDERALBNK,353.75,V,1.26,above,358.2,353.75,353.4,353.75,353.05,0.198,35.9,0.026,1,2026-08-17,2026-08-19,True,False,5.0,2026-08-19T10:46:13+05:30
SCHAEFFLER,4044.95,V,1.88,above,4121.0,4044.95,4039.6,4044.95,4034.25,0.265,37.0,0.035,1,2026-08-17,2026-08-19,True,False,5.0,2026-08-19T10:46:13+05:30
NUVOCO,329.45,V,-2.46,below,321.35,329.45,330.0,330.55,329.45,0.333,39.5,0.042,1,2026-08-17,2026-08-19,True,False,5.0,2026-08-19T10:46:13+05:30
GMRAIRPORT,101.81,V,0.32,above,102.13,101.81,101.67,101.81,101.53,0.272,39.7,0.019,1,2026-08-18,2026-08-19,True,False,5.0,2026-08-19T10:46:13+05:30
BAJAJFINSV,2007.57,V,-0.52,below,1997.1,2007.57,2010.13,2012.7,2007.57,0.255,40.3,0.02,1,2026-08-17,2026-08-19,True,False,5.0,2026-08-19T10:46:13+05:30
GLENMARK,2318.5,V,-3.22,below,2243.9,2318.5,2322.0,2325.5,2318.5,0.301,40.5,0.035,1,2026-08-17,2026-08-19,True,False,5.0,2026-08-19T10:46:13+05:30
GILLETTE,7579.83,V,-1.05,below,7500.5,7579.83,7590.17,7600.5,7579.83,0.272,40.8,0.029,1,2026-08-17,2026-08-19,True,False,5.0,2026-08-19T10:46:13+05:30
ATGL,650.4,V,1.66,above,661.2,650.4,649.37,650.4,648.33,0.318,41.6,0.031,1,2026-08-18,2026-08-19,True,False,5.0,2026-08-19T10:46:13+05:30
INDIGO,5282.83,V,-1.85,below,5185.0,5282.83,5290.17,5297.5,5282.83,0.277,42.2,0.024,1,2026-08-17,2026-08-19,True,False,5.0,2026-08-19T10:46:13+05:30
ABREL,1405.15,V,-0.99,below,1391.3,1405.15,1408.2,1411.25,1405.15,0.433,42.5,0.025,1,2026-08-17,2026-08-19,True,False,5.0,2026-08-19T10:46:13+05:30
BAJAJHLDNG,11399.33,V,-0.87,below,11300.0,11399.33,11419.67,11440.0,11399.33,0.356,43.6,0.025,1,2026-08-17,2026-08-19,True,False,5.0,2026-08-19T10:46:13+05:30
UCOBANK,25.99,V,-0.81,below,25.78,25.99,26.03,26.07,25.99,0.307,43.6,0.013,1,2026-08-17,2026-08-19,True,False,5.0,2026-08-19T10:46:13+05:30
GICRE,354.97,V,1.94,above,361.85,354.97,354.43,354.97,353.9,0.301,44.4,0.032,1,2026-08-17,2026-08-19,True,False,5.0,2026-08-19T10:46:13+05:30
SARDAEN,522.36,V,-1.74,below,513.25,522.36,523.57,524.78,522.36,0.462,44.7,0.028,1,2026-08-17,2026-08-19,True,False,5.0,2026-08-19T10:46:13+05:30
TENNIND,547.09,V,1.65,above,556.1,547.09,545.73,547.09,544.38,0.498,44.9,0.018,1,2026-08-17,2026-08-19,True,False,5.0,2026-08-19T10:46:13+05:30
CENTRALBK,31.07,V,-0.36,below,30.96,31.07,31.13,31.18,31.07,0.343,45.2,0.038,1,2026-08-18,2026-08-19,True,False,5.0,2026-08-19T10:46:13+05:30
VOLTAS,1255.1,V,-2.88,below,1219.0,1255.1,1257.3,1259.5,1255.1,0.35,45.2,0.038,1,2026-08-18,2026-08-19,True,False,5.0,2026-08-19T10:46:13+05:30
CHOLAFIN,1871.38,V,-0.29,below,1865.9,1871.38,1874.77,1878.15,1871.38,0.361,45.8,0.041,1,2026-08-18,2026-08-19,True,False,5.0,2026-08-19T10:46:13+05:30
ABB,7671.17,V,-2.81,below,7455.5,7671.17,7682.33,7693.5,7671.17,0.291,46.0,0.023,1,2026-08-17,2026-08-19,True,False,5.0,2026-08-19T10:46:13+05:30
JMFINANCIL,126.83,V,-1.04,below,125.52,126.83,127.19,127.55,126.83,0.563,49.0,0.046,1,2026-08-17,2026-08-19,True,False,5.0,2026-08-19T10:46:13+05:30
APLAPOLLO,2091.65,V,1.12,above,2115.1,2091.65,2088.2,2091.65,2084.75,0.33,49.6,0.017,1,2026-08-17,2026-08-19,True,False,5.0,2026-08-19T10:46:13+05:30
IEX,124.63,V,-1.19,below,123.15,124.63,124.86,125.08,124.63,0.355,49.9,0.028,1,2026-08-17,2026-08-19,True,False,5.0,2026-08-19T10:46:13+05:30
BALKRISIND,2393.35,V,-1.33,below,2361.6,2393.35,2397.97,2402.58,2393.35,0.385,53.4,0.027,1,2026-08-17,2026-08-19,True,False,5.0,2026-08-19T10:46:13+05:30
TORNTPHARM,4892.17,V,1.9,above,4985.0,4892.17,4884.33,4892.17,4876.5,0.321,53.4,0.025,1,2026-08-17,2026-08-19,True,False,5.0,2026-08-19T10:46:13+05:30
JIOFIN,246.32,V,-0.98,below,243.9,246.32,246.83,247.35,246.32,0.419,55.3,0.022,1,2026-08-18,2026-08-19,True,False,5.0,2026-08-19T10:46:13+05:30
JSWENERGY,549.45,V,-1.18,below,542.95,549.45,550.8,552.15,549.45,0.49,55.9,0.021,1,2026-08-18,2026-08-19,True,False,5.0,2026-08-19T10:46:13+05:30
TATACAP,361.3,V,1.8,above,367.8,361.3,360.62,361.3,359.93,0.379,55.9,0.016,1,2026-08-17,2026-08-19,True,False,5.0,2026-08-19T10:46:13+05:30
IGL,150.34,V,3.09,above,154.99,150.34,150.02,150.34,149.71,0.422,56.4,0.047,1,2026-08-18,2026-08-19,True,False,5.0,2026-08-19T10:46:13+05:30
MGL,1118.87,V,2.75,above,1149.6,1118.87,1116.28,1118.87,1113.69,0.464,56.4,0.034,1,2026-08-17,2026-08-19,True,False,5.0,2026-08-19T10:46:13+05:30
HFCL,221.9,V,1.98,above,226.29,221.9,221.1,221.9,220.3,0.724,56.7,0.028,1,2026-08-17,2026-08-19,True,False,5.0,2026-08-19T10:46:13+05:30
POLYCAB,9159.08,V,-1.22,below,9047.0,9159.08,9179.17,9199.25,9159.08,0.438,57.5,0.035,1,2026-08-18,2026-08-19,True,False,5.0,2026-08-19T10:46:13+05:30
NBCC,88.27,V,-0.86,below,87.51,88.27,88.54,88.81,88.27,0.614,58.1,0.044,1,2026-08-18,2026-08-19,True,False,5.0,2026-08-19T10:46:13+05:30
CANBK,129.42,V,-0.63,below,128.6,129.42,129.73,130.05,129.42,0.488,58.6,0.023,1,2026-08-18,2026-08-19,True,False,5.0,2026-08-19T10:46:13+05:30
CHENNPETRO,1419.7,V,4.0,above,1476.5,1419.7,1414.47,1419.7,1409.23,0.74,58.6,0.026,1,2026-08-18,2026-08-19,True,False,5.0,2026-08-19T10:46:13+05:30
OLAELEC,38.77,V,-1.35,below,38.24,38.77,38.92,39.08,38.77,0.797,59.7,0.073,1,2026-08-18,2026-08-19,True,False,5.0,2026-08-19T10:46:13+05:30
CLEAN,832.98,V,-0.84,below,826.0,832.98,835.32,837.66,832.98,0.561,60.0,0.026,1,2026-08-17,2026-08-19,True,False,5.0,2026-08-19T10:46:13+05:30
APOLLOTYRE,437.72,V,-1.44,below,431.4,437.72,438.73,439.75,437.72,0.463,60.3,0.04,1,2026-08-17,2026-08-19,True,False,5.0,2026-08-19T10:46:13+05:30
BHEL,426.27,V,-2.21,below,416.85,426.27,427.55,428.82,426.27,0.596,62.2,0.051,1,2026-08-18,2026-08-19,True,False,5.0,2026-08-19T10:46:13+05:30
PETRONET,285.62,V,1.69,above,290.45,285.62,285.0,285.62,284.38,0.439,62.2,0.025,1,2026-08-18,2026-08-19,True,False,5.0,2026-08-19T10:46:13+05:30
SUZLON,47.92,V,-1.91,below,47.01,47.92,48.07,48.21,47.92,0.596,63.6,0.037,1,2026-08-18,2026-08-19,True,False,5.0,2026-08-19T10:46:13+05:30
PGEL,599.47,V,-0.33,below,597.5,599.47,601.93,604.4,599.47,0.82,63.8,0.054,1,2026-08-18,2026-08-19,True,False,5.0,2026-08-19T10:46:13+05:30
RADICO,4679.92,V,0.33,above,4695.4,4679.92,4666.43,4679.92,4652.95,0.578,64.9,0.021,1,2026-08-17,2026-08-19,True,False,5.0,2026-08-19T10:46:13+05:30
TATAINVEST,656.23,V,-0.95,below,650.0,656.23,657.92,659.6,656.23,0.512,64.9,0.023,1,2026-08-17,2026-08-19,True,False,5.0,2026-08-19T10:46:13+05:30
JAINREC,298.0,V,-2.0,below,292.05,298.0,299.3,300.6,298.0,0.869,65.0,0.06,1,2026-08-17,2026-08-19,True,False,5.0,2026-08-19T10:46:13+05:30
RAMCOCEM,915.62,V,-1.71,below,900.0,915.62,917.95,920.27,915.62,0.507,65.5,0.045,1,2026-08-17,2026-08-19,True,False,5.0,2026-08-19T10:46:13+05:30
BANDHANBNK,171.04,V,-1.3,below,168.82,171.04,171.57,172.11,171.04,0.624,66.0,0.026,1,2026-08-18,2026-08-19,True,False,5.0,2026-08-19T10:46:13+05:30
BHARTIHEXA,1627.1,V,-2.29,below,1589.8,1627.1,1631.73,1636.37,1627.1,0.568,66.0,0.038,1,2026-08-17,2026-08-19,True,False,5.0,2026-08-19T10:46:13+05:30
PCBL,325.57,V,1.62,above,330.85,325.57,324.6,325.57,323.62,0.601,66.3,0.057,1,2026-08-18,2026-08-19,True,False,5.0,2026-08-19T10:46:13+05:30
ABLBL,89.02,V,-0.93,below,88.19,89.02,89.32,89.62,89.02,0.675,67.2,0.055,1,2026-08-18,2026-08-19,True,False,5.0,2026-08-19T10:46:13+05:30
GVT&D,4212.67,V,-2.78,below,4095.7,4212.67,4230.33,4248.0,4212.67,0.835,67.9,0.025,1,2026-08-18,2026-08-19,True,False,5.0,2026-08-19T10:46:13+05:30
BOSCHLTD,47300.0,V,3.33,above,48875.0,47300.0,47190.0,47300.0,47080.0,0.466,68.5,0.029,1,2026-08-17,2026-08-19,True,False,5.0,2026-08-19T10:46:13+05:30
JUBLFOOD,507.2,V,-1.44,below,499.9,507.2,508.63,510.07,507.2,0.564,68.8,0.018,1,2026-08-17,2026-08-19,True,False,5.0,2026-08-19T10:46:13+05:30
PTCIL,19861.0,V,-3.39,below,19188.0,19861.0,19931.0,20001.0,19861.0,0.702,69.0,0.025,1,2026-08-18,2026-08-19,True,False,5.0,2026-08-19T10:46:13+05:30
INDUSTOWER,373.48,V,-0.83,below,370.4,373.48,374.57,375.65,373.48,0.578,71.0,0.022,1,2026-08-18,2026-08-19,True,False,5.0,2026-08-19T10:46:13+05:30
THERMAX,4093.87,V,-2.07,below,4009.2,4093.87,4107.83,4121.8,4093.87,0.68,72.9,0.022,1,2026-08-18,2026-08-19,True,False,5.0,2026-08-19T10:46:13+05:30
LUPIN,2243.15,V,-1.25,below,2215.2,2243.15,2248.43,2253.72,2243.15,0.47,73.4,0.028,1,2026-08-17,2026-08-19,True,False,5.0,2026-08-19T10:46:13+05:30
REDINGTON,334.32,V,-2.97,below,324.4,334.32,335.83,337.35,334.32,0.903,74.5,0.038,1,2026-08-17,2026-08-19,True,False,5.0,2026-08-19T10:46:13+05:30
COALINDIA,407.84,V,-2.43,below,397.95,407.84,408.78,409.73,407.84,0.461,74.8,0.023,1,2026-08-18,2026-08-19,True,False,5.0,2026-08-19T10:46:13+05:30
HINDZINC,559.85,V,-1.55,below,551.15,559.85,561.7,563.55,559.85,0.659,75.6,0.041,1,2026-08-18,2026-08-19,True,False,5.0,2026-08-19T10:46:13+05:30
CESC,162.57,V,-1.18,below,160.66,162.57,163.17,163.76,162.57,0.727,77.0,0.037,1,2026-08-18,2026-08-19,True,False,5.0,2026-08-19T10:46:13+05:30
IFCI,80.93,V,1.97,above,82.53,80.93,80.51,80.93,80.08,1.06,77.3,0.1,1,2026-08-18,2026-08-19,True,False,5.0,2026-08-19T10:46:13+05:30
ULTRACEMCO,11528.17,V,-0.95,below,11419.0,11528.17,11557.33,11586.5,11528.17,0.505,77.5,0.027,1,2026-08-18,2026-08-19,True,False,5.0,2026-08-19T10:46:13+05:30
LATENTVIEW,282.79,V,-3.36,below,273.3,282.79,283.98,285.18,282.79,0.839,77.8,0.035,1,2026-08-18,2026-08-19,True,False,5.0,2026-08-19T10:46:13+05:30
GODREJPROP,2005.82,V,-1.17,below,1982.3,2005.82,2014.23,2022.65,2005.82,0.836,78.1,0.045,1,2026-08-18,2026-08-19,True,False,5.0,2026-08-19T10:46:13+05:30
SBIN,1055.45,V,-0.77,below,1047.3,1055.45,1057.9,1060.35,1055.45,0.463,78.6,0.011,1,2026-08-18,2026-08-19,True,False,5.0,2026-08-19T10:46:13+05:30
CEATLTD,3623.12,V,-1.12,below,3582.7,3623.12,3637.73,3652.35,3623.12,0.804,78.9,0.033,1,2026-08-17,2026-08-19,True,False,5.0,2026-08-19T10:46:13+05:30
SCI,294.09,V,0.6,above,295.85,294.09,292.43,294.09,290.78,1.134,80.8,0.045,1,2026-08-18,2026-08-19,True,False,5.0,2026-08-19T10:46:13+05:30
BLUESTARCO,1499.57,V,-0.84,below,1487.0,1499.57,1506.13,1512.7,1499.57,0.872,81.1,0.046,1,2026-08-18,2026-08-19,True,False,5.0,2026-08-19T10:46:13+05:30
BLS,273.92,V,-2.16,below,268.02,273.92,275.29,276.65,273.92,0.99,81.6,0.032,1,2026-08-17,2026-08-19,True,False,5.0,2026-08-19T10:46:13+05:30
TATAELXSI,3677.17,V,-0.57,below,3656.2,3677.17,3692.33,3707.5,3677.17,0.822,82.5,0.034,1,2026-08-18,2026-08-19,True,False,5.0,2026-08-19T10:46:13+05:30
THELEELA,516.98,V,2.35,above,529.1,516.98,514.8,516.98,512.62,0.845,82.5,0.03,1,2026-08-18,2026-08-19,True,False,5.0,2026-08-19T10:46:13+05:30
JSL,735.63,V,-1.12,below,727.4,735.63,738.87,742.1,735.63,0.875,82.7,0.041,1,2026-08-18,2026-08-19,True,False,5.0,2026-08-19T10:46:13+05:30
VEDL,265.08,V,-1.13,below,262.1,265.08,266.17,267.25,265.08,0.814,83.0,0.028,1,2026-08-18,2026-08-19,True,False,5.0,2026-08-19T10:46:13+05:30
CAPLIPOINT,2509.92,V,0.92,above,2533.0,2509.92,2497.83,2509.92,2485.75,0.968,83.3,0.032,1,2026-08-17,2026-08-19,True,False,5.0,2026-08-19T10:46:13+05:30
POLYMED,1761.0,V,1.68,above,1790.5,1761.0,1751.87,1761.0,1742.73,1.043,83.3,0.047,1,2026-08-17,2026-08-19,True,False,5.0,2026-08-19T10:46:13+05:30
NSLNISP,40.69,V,-0.93,below,40.31,40.69,40.88,41.08,40.69,0.962,83.6,0.04,1,2026-08-18,2026-08-19,True,False,5.0,2026-08-19T10:46:13+05:30
AADHARHFC,489.8,V,-1.83,below,480.85,489.8,491.95,494.1,489.8,0.874,85.8,0.025,1,2026-08-17,2026-08-19,True,False,5.0,2026-08-19T10:46:13+05:30
CUMMINSIND,5372.33,V,-2.27,below,5250.5,5372.33,5394.67,5417.0,5372.33,0.828,85.8,0.018,1,2026-08-18,2026-08-19,True,False,5.0,2026-08-19T10:46:13+05:30
MARICO,854.6,V,-0.52,below,850.15,854.6,857.15,859.7,854.6,0.595,86.0,0.018,1,2026-08-17,2026-08-19,True,False,5.0,2026-08-19T10:46:13+05:30
NIACL,182.69,V,1.28,above,185.04,182.69,181.75,182.69,180.8,1.042,87.4,0.032,1,2026-08-17,2026-08-19,True,False,5.0,2026-08-19T10:46:13+05:30
PIDILITIND,1673.88,V,-0.07,below,1672.7,1673.88,1678.77,1683.65,1673.88,0.582,87.7,0.026,1,2026-08-17,2026-08-19,True,False,5.0,2026-08-19T10:46:13+05:30
AEGISLOG,1358.65,V,0.92,above,1371.1,1358.65,1349.6,1358.65,1340.55,1.341,89.0,0.033,1,2026-08-18,2026-08-19,True,False,5.0,2026-08-19T10:46:13+05:30
CONCORDBIO,1505.52,V,3.36,above,1556.1,1505.52,1496.03,1505.52,1486.55,1.268,89.0,0.022,1,2026-08-17,2026-08-19,True,False,5.0,2026-08-19T10:46:13+05:30
INOXWIND,75.45,V,-1.93,below,73.99,75.45,75.94,76.44,75.45,1.308,91.2,0.041,1,2026-08-18,2026-08-19,True,False,5.0,2026-08-19T10:46:13+05:30
TMPV,324.28,V,-1.15,below,320.55,324.28,325.77,327.25,324.28,0.911,91.8,0.02,1,2026-08-18,2026-08-19,True,False,5.0,2026-08-19T10:46:13+05:30
CUB,213.67,V,5.21,above,224.79,213.67,212.14,213.67,210.6,1.444,95.1,0.034,1,2026-08-17,2026-08-19,True,False,5.0,2026-08-19T10:46:13+05:30
BBTC,1463.57,NARROW,0.15,above,1465.7,1463.57,1463.53,1463.57,1463.5,0.005,1.4,0.03,0,2026-08-17,2026-08-19,False,True,5.0,2026-08-19T10:46:13+05:30
SAPPHIRE,231.99,NARROW,0.59,above,233.35,231.99,231.98,231.99,231.97,0.004,1.4,0.05,0,2026-08-18,2026-08-19,False,True,5.0,2026-08-19T10:46:13+05:30
MAZDOCK,2587.05,NARROW,-1.0,below,2561.1,2587.05,2587.1,2587.15,2587.05,0.004,1.9,0.042,0,2026-08-18,2026-08-19,False,True,5.0,2026-08-19T10:46:13+05:30
SRF,2615.85,NARROW,-0.72,below,2597.0,2615.85,2615.9,2615.95,2615.85,0.004,1.9,0.027,0,2026-08-17,2026-08-19,False,True,5.0,2026-08-19T10:46:13+05:30
AAVAS,1389.85,NARROW,-0.61,below,1381.4,1389.85,1389.9,1389.95,1389.85,0.007,2.2,0.026,0,2026-08-17,2026-08-19,False,True,5.0,2026-08-19T10:46:13+05:30
LICHSGFIN,498.85,NARROW,0.06,above,499.15,498.85,498.83,498.85,498.82,0.007,2.2,0.018,0,2026-08-18,2026-08-19,False,True,5.0,2026-08-19T10:46:13+05:30
ABDL,612.68,NARROW,-1.08,below,606.05,612.68,612.77,612.85,612.68,0.027,2.5,0.075,0,2026-08-18,2026-08-19,False,True,5.0,2026-08-19T10:46:13+05:30
IIFL,630.02,NARROW,0.43,above,632.7,630.02,629.98,630.02,629.95,0.011,2.7,0.026,0,2026-08-17,2026-08-19,False,True,5.0,2026-08-19T10:46:13+05:30
MMTC,63.51,NARROW,-1.15,below,62.78,63.51,63.52,63.53,63.51,0.031,3.0,0.051,0,2026-08-18,2026-08-19,False,True,5.0,2026-08-19T10:46:13+05:30
BATAINDIA,727.91,NARROW,-2.1,below,712.65,727.91,727.97,728.04,727.91,0.018,3.6,0.022,0,2026-08-18,2026-08-19,False,True,5.0,2026-08-19T10:46:13+05:30
SIGNATURE,801.03,NARROW,-0.83,below,794.4,801.03,801.12,801.2,801.03,0.021,3.6,0.028,0,2026-08-18,2026-08-19,False,True,5.0,2026-08-19T10:46:13+05:30
HBLENGINE,674.88,NARROW,0.02,above,675.0,674.88,674.78,674.88,674.69,0.027,3.8,0.035,0,2026-08-17,2026-08-19,False,True,5.0,2026-08-19T10:46:13+05:30
KPIL,1403.25,NARROW,0.97,above,1416.8,1403.25,1403.0,1403.25,1402.75,0.036,3.8,0.041,0,2026-08-18,2026-08-19,False,True,5.0,2026-08-19T10:46:13+05:30
NLCINDIA,276.5,NARROW,-0.81,below,274.25,276.5,276.55,276.6,276.5,0.036,4.1,0.048,0,2026-08-18,2026-08-19,False,True,5.0,2026-08-19T10:46:13+05:30
HINDCOPPER,566.12,NARROW,-1.15,below,559.6,566.12,566.2,566.27,566.12,0.026,4.4,0.031,0,2026-08-18,2026-08-19,False,True,5.0,2026-08-19T10:46:13+05:30
DEEPAKNTR,1770.75,NARROW,1.65,above,1799.9,1770.75,1770.5,1770.75,1770.25,0.028,4.9,0.029,0,2026-08-18,2026-08-19,False,True,5.0,2026-08-19T10:46:13+05:30
ACE,1174.03,WIDE,0.12,above,1175.5,1174.03,1163.27,1174.03,1152.5,1.851,98.1,0.049,0,2026-08-18,2026-08-19,False,False,5.0,2026-08-19T10:46:13+05:30
GLAXO,2853.28,WIDE,5.77,above,3017.9,2853.28,2829.17,2853.28,2805.05,1.705,98.1,0.026,0,2026-08-18,2026-08-19,False,False,5.0,2026-08-19T10:46:13+05:30
TIINDIA,2901.27,WIDE,0.09,inside,2903.9,2901.27,2901.27,2930.13,2872.4,1.99,98.6,0.038,0,2026-08-18,2026-08-19,False,False,5.0,2026-08-19T10:46:13+05:30
LTF,316.67,WIDE,-0.75,below,314.3,316.67,319.48,322.29,316.67,1.758,99.2,0.03,0,2026-08-18,2026-08-19,False,False,5.0,2026-08-19T10:46:13+05:30
OBEROIRLTY,1875.12,WIDE,-0.11,below,1873.1,1875.12,1892.23,1909.35,1875.12,1.809,99.5,0.044,0,2026-08-18,2026-08-19,False,False,5.0,2026-08-19T10:46:13+05:30
HUDCO,187.97,TOUCHED,1.34,above,190.5,187.97,187.94,187.97,187.9,0.039,5.8,0.035,0,2026-08-18,2026-08-19,False,False,5.0,2026-08-19T10:46:13+05:30
ICICIBANK,1411.45,TOUCHED,-0.51,below,1404.2,1411.45,1411.63,1411.82,1411.45,0.026,5.8,0.023,0,2026-08-18,2026-08-19,False,False,5.0,2026-08-19T10:46:13+05:30
LAURUSLABS,1813.35,TOUCHED,-0.96,below,1795.9,1813.35,1813.57,1813.78,1813.35,0.024,5.8,0.018,0,2026-08-18,2026-08-19,False,False,5.0,2026-08-19T10:46:13+05:30
JSWCEMENT,127.23,TOUCHED,-0.53,below,126.55,127.23,127.25,127.28,127.23,0.045,6.0,0.036,0,2026-08-18,2026-08-19,False,False,5.0,2026-08-19T10:46:13+05:30
BAJFINANCE,1093.8,TOUCHED,-0.75,below,1085.6,1093.8,1093.97,1094.13,1093.8,0.03,6.6,0.025,0,2026-08-18,2026-08-19,False,False,5.0,2026-08-19T10:46:13+05:30
CHOLAHLDNG,1575.35,TOUCHED,-1.3,below,1554.8,1575.35,1575.7,1576.05,1575.35,0.044,6.6,0.026,0,2026-08-17,2026-08-19,False,False,5.0,2026-08-19T10:46:13+05:30
INDIACEM,376.23,TOUCHED,-1.24,below,371.55,376.23,376.32,376.4,376.23,0.044,6.6,0.035,0,2026-08-17,2026-08-19,False,False,5.0,2026-08-19T10:46:13+05:30
INDUSINDBK,1011.25,TOUCHED,0.0,above,1011.3,1011.25,1011.03,1011.25,1010.82,0.043,6.8,0.031,0,2026-08-17,2026-08-19,False,False,5.0,2026-08-19T10:46:13+05:30
VBL,438.95,TOUCHED,-0.75,below,435.65,438.95,439.07,439.18,438.95,0.053,6.8,0.03,0,2026-08-18,2026-08-19,False,False,5.0,2026-08-19T10:46:13+05:30
ZEEL,105.22,TOUCHED,-0.93,below,104.25,105.22,105.26,105.29,105.22,0.06,6.8,0.045,0,2026-08-18,2026-08-19,False,False,5.0,2026-08-19T10:46:13+05:30
ANANTRAJ,628.58,TOUCHED,1.21,above,636.15,628.58,628.23,628.58,627.89,0.109,7.1,0.086,0,2026-08-17,2026-08-19,False,False,5.0,2026-08-19T10:46:13+05:30
JKTYRE,382.73,TOUCHED,-1.23,below,378.0,382.73,382.87,383.01,382.73,0.074,7.4,0.044,0,2026-08-18,2026-08-19,False,False,5.0,2026-08-19T10:46:13+05:30
JPPOWER,17.32,TOUCHED,-1.36,below,17.09,17.32,17.33,17.34,17.32,0.058,8.2,0.037,0,2026-08-18,2026-08-19,False,False,5.0,2026-08-19T10:46:13+05:30
WAAREEENER,2706.25,TOUCHED,-1.15,below,2675.0,2706.25,2707.2,2708.15,2706.25,0.07,9.0,0.043,0,2026-08-18,2026-08-19,False,False,5.0,2026-08-19T10:46:13+05:30
LT,4065.37,TOUCHED,-0.6,below,4041.0,4065.37,4066.43,4067.5,4065.37,0.052,9.9,0.024,0,2026-08-18,2026-08-19,False,False,5.0,2026-08-19T10:46:13+05:30
HAVELLS,1298.95,TOUCHED,-1.24,below,1282.9,1298.95,1299.2,1299.45,1298.95,0.038,10.1,0.019,0,2026-08-18,2026-08-19,False,False,5.0,2026-08-19T10:46:13+05:30
MRF,132971.67,TOUCHED,0.24,above,133285.0,132971.67,132928.33,132971.67,132885.0,0.065,10.4,0.034,0,2026-08-17,2026-08-19,False,False,5.0,2026-08-19T10:46:13+05:30
COHANCE,455.41,TOUCHED,-0.48,below,453.2,455.41,455.62,455.82,455.41,0.091,11.0,0.022,0,2026-08-18,2026-08-19,False,False,5.0,2026-08-19T10:46:13+05:30
EMAMILTD,404.02,TOUCHED,-0.3,below,402.8,404.02,404.18,404.34,404.02,0.078,11.5,0.022,0,2026-08-17,2026-08-19,False,False,5.0,2026-08-19T10:46:13+05:30
POLICYBZR,1746.1,TOUCHED,1.1,above,1765.3,1746.1,1745.2,1746.1,1744.3,0.103,12.3,0.038,0,2026-08-18,2026-08-19,False,False,5.0,2026-08-19T10:46:13+05:30
TECHM,1592.65,TOUCHED,-0.57,below,1583.5,1592.65,1593.3,1593.95,1592.65,0.082,12.3,0.034,0,2026-08-18,2026-08-19,False,False,5.0,2026-08-19T10:46:13+05:30
LICI,410.48,TOUCHED,0.54,above,412.7,410.48,410.32,410.48,410.16,0.077,12.9,0.031,0,2026-08-18,2026-08-19,False,False,5.0,2026-08-19T10:46:13+05:30
STARHEALTH,583.65,TOUCHED,-0.01,inside,583.6,583.65,583.65,583.95,583.35,0.103,12.9,0.026,0,2026-08-17,2026-08-19,False,False,5.0,2026-08-19T10:46:13+05:30
BIOCON,416.9,TOUCHED,-0.62,below,414.3,416.9,417.1,417.3,416.9,0.096,13.4,0.032,0,2026-08-18,2026-08-19,False,False,5.0,2026-08-19T10:46:13+05:30
FIVESTAR,534.35,TOUCHED,-0.85,below,529.8,534.35,534.68,535.02,534.35,0.125,14.0,0.041,0,2026-08-18,2026-08-19,False,False,5.0,2026-08-19T10:46:13+05:30
INTELLECT,695.96,TOUCHED,-0.88,below,689.85,695.96,696.47,696.98,695.96,0.146,14.5,0.042,0,2026-08-17,2026-08-19,False,False,5.0,2026-08-19T10:46:13+05:30
OLECTRA,1325.93,TOUCHED,-0.06,inside,1325.2,1325.93,1325.93,1326.85,1325.02,0.138,14.5,0.033,0,2026-08-18,2026-08-19,False,False,5.0,2026-08-19T10:46:13+05:30
ENGINERSIN,244.12,TOUCHED,-1.57,below,240.29,244.12,244.34,244.56,244.12,0.179,14.8,0.04,0,2026-08-18,2026-08-19,False,False,5.0,2026-08-19T10:46:13+05:30
MINDACORP,745.69,TOUCHED,-0.82,below,739.6,745.69,746.13,746.57,745.69,0.118,14.8,0.038,0,2026-08-18,2026-08-19,False,False,5.0,2026-08-19T10:46:13+05:30
CHOICEIN,804.88,TOUCHED,0.05,above,805.3,804.88,804.52,804.88,804.16,0.089,15.3,0.023,0,2026-08-17,2026-08-19,False,False,5.0,2026-08-19T10:46:13+05:30
GRASIM,3274.1,TOUCHED,-1.47,below,3226.1,3274.1,3275.63,3277.17,3274.1,0.094,15.3,0.017,0,2026-08-18,2026-08-19,False,False,5.0,2026-08-19T10:46:13+05:30
CARTRADE,2787.45,TOUCHED,-0.44,below,2775.3,2787.45,2790.6,2793.75,2787.45,0.226,15.6,0.061,0,2026-08-17,2026-08-19,False,False,5.0,2026-08-19T10:46:13+05:30
ICICIGI,1627.08,TOUCHED,-0.43,below,1620.1,1627.08,1627.87,1628.65,1627.08,0.096,15.6,0.022,0,2026-08-17,2026-08-19,False,False,5.0,2026-08-19T10:46:13+05:30
PFC,374.66,TOUCHED,-0.79,below,371.7,374.66,374.87,375.07,374.66,0.111,15.9,0.032,0,2026-08-18,2026-08-19,False,False,5.0,2026-08-19T10:46:13+05:30
SBILIFE,1778.5,TOUCHED,-1.63,below,1749.5,1778.5,1779.0,1779.5,1778.5,0.056,15.9,0.015,0,2026-08-18,2026-08-19,False,False,5.0,2026-08-19T10:46:13+05:30
ASHOKLEY,176.04,TOUCHED,-0.31,below,175.5,176.04,176.15,176.25,176.04,0.115,16.2,0.027,0,2026-08-18,2026-08-19,False,False,5.0,2026-08-19T10:46:13+05:30
IRCON,123.71,TOUCHED,-0.48,below,123.12,123.71,123.81,123.9,123.71,0.151,16.2,0.042,0,2026-08-18,2026-08-19,False,False,5.0,2026-08-19T10:46:13+05:30
KIRLOSENG,2096.0,TOUCHED,-0.62,below,2083.1,2096.0,2097.87,2099.73,2096.0,0.178,16.4,0.035,0,2026-08-17,2026-08-19,False,False,5.0,2026-08-19T10:46:13+05:30
PARADEEP,147.67,TOUCHED,0.56,above,148.5,147.67,147.51,147.67,147.36,0.208,16.4,0.04,0,2026-08-18,2026-08-19,False,False,5.0,2026-08-19T10:46:13+05:30
BLUEDART,5116.75,TOUCHED,-0.91,below,5070.0,5116.75,5119.5,5122.25,5116.75,0.107,17.3,0.017,0,2026-08-17,2026-08-19,False,False,5.0,2026-08-19T10:46:13+05:30
NTPCGREEN,92.04,TOUCHED,0.04,inside,92.08,92.04,92.04,92.09,91.99,0.109,17.5,0.015,0,2026-08-17,2026-08-19,False,False,5.0,2026-08-19T10:46:13+05:30
NHPC,76.59,TOUCHED,-0.65,below,76.1,76.59,76.64,76.69,76.59,0.117,18.1,0.035,0,2026-08-18,2026-08-19,False,False,5.0,2026-08-19T10:46:13+05:30
DEVYANI,143.31,TOUCHED,-0.25,below,142.95,143.31,143.42,143.54,143.31,0.158,18.4,0.04,0,2026-08-17,2026-08-19,False,False,5.0,2026-08-19T10:46:13+05:30
CROMPTON,244.35,TOUCHED,-0.65,below,242.75,244.35,244.5,244.65,244.35,0.123,18.6,0.025,0,2026-08-18,2026-08-19,False,False,5.0,2026-08-19T10:46:13+05:30
SYRMA,1501.72,TOUCHED,-0.12,below,1499.9,1501.72,1503.33,1504.95,1501.72,0.215,18.6,0.045,0,2026-08-18,2026-08-19,False,False,5.0,2026-08-19T10:46:13+05:30
TARIL,296.61,TOUCHED,-0.8,below,294.25,296.61,296.92,297.22,296.61,0.208,18.9,0.054,0,2026-08-17,2026-08-19,False,False,5.0,2026-08-19T10:46:13+05:30
URBANCO,144.44,TOUCHED,0.71,above,145.46,144.44,144.28,144.44,144.12,0.219,18.9,0.045,0,2026-08-17,2026-08-19,False,False,5.0,2026-08-19T10:46:13+05:30
CIPLA,1431.73,TOUCHED,-0.41,below,1425.8,1431.73,1432.37,1433.0,1431.73,0.088,19.5,0.023,0,2026-08-18,2026-08-19,False,False,5.0,2026-08-19T10:46:13+05:30
AMBER,7330.0,TOUCHED,-0.68,below,7280.0,7330.0,7336.67,7343.33,7330.0,0.182,19.7,0.031,0,2026-08-18,2026-08-19,False,False,5.0,2026-08-19T10:46:13+05:30
DOMS,2213.55,TOUCHED,-0.09,below,2211.5,2213.55,2215.07,2216.58,2213.55,0.137,19.7,0.027,0,2026-08-17,2026-08-19,False,False,5.0,2026-08-19T10:46:13+05:30
SWIGGY,274.3,TOUCHED,-0.53,below,272.85,274.3,274.6,274.9,274.3,0.218,20.0,0.045,0,2026-08-18,2026-08-19,False,False,5.0,2026-08-19T10:46:13+05:30
GROWW,194.56,TOUCHED,0.23,above,195.0,194.56,194.31,194.56,194.06,0.256,20.2,0.031,0,2026-08-18,2026-08-19,False,False,5.0,2026-08-19T10:46:13+05:30
BAJAJHFL,84.49,TOUCHED,0.62,above,85.01,84.49,84.44,84.49,84.4,0.099,20.8,0.024,0,2026-08-18,2026-08-19,False,False,5.0,2026-08-19T10:46:13+05:30
CEMPRO,1325.53,TOUCHED,-2.83,below,1288.0,1325.53,1327.07,1328.6,1325.53,0.231,21.1,0.053,0,2026-08-18,2026-08-19,False,False,5.0,2026-08-19T10:46:13+05:30
RELIANCE,1319.9,TOUCHED,-0.62,below,1311.7,1319.9,1320.6,1321.3,1319.9,0.106,21.4,0.024,0,2026-08-18,2026-08-19,False,False,5.0,2026-08-19T10:46:13+05:30
ADANIPOWER,205.76,TOUCHED,-1.32,below,203.04,205.76,205.94,206.12,205.76,0.175,21.6,0.056,0,2026-08-18,2026-08-19,False,False,5.0,2026-08-19T10:46:13+05:30
ERIS,1345.55,TOUCHED,-0.23,below,1342.5,1345.55,1346.67,1347.78,1345.55,0.166,21.9,0.03,0,2026-08-17,2026-08-19,False,False,5.0,2026-08-19T10:46:13+05:30
NTPC,336.6,TOUCHED,-0.53,below,334.8,336.6,336.77,336.93,336.6,0.099,21.9,0.016,0,2026-08-18,2026-08-19,False,False,5.0,2026-08-19T10:46:13+05:30
IGIL,350.07,TOUCHED,-0.88,below,347.0,350.07,350.43,350.8,350.07,0.209,22.5,0.029,0,2026-08-18,2026-08-19,False,False,5.0,2026-08-19T10:46:13+05:30
HOMEFIRST,1178.8,TOUCHED,0.94,above,1189.9,1178.8,1177.7,1178.8,1176.6,0.187,22.7,0.044,0,2026-08-17,2026-08-19,False,False,5.0,2026-08-19T10:46:13+05:30
TIMKEN,3287.62,TOUCHED,0.48,above,3303.5,3287.62,3284.73,3287.62,3281.85,0.176,23.0,0.05,0,2026-08-17,2026-08-19,False,False,5.0,2026-08-19T10:46:13+05:30
RKFORGE,753.57,TOUCHED,0.1,above,754.3,753.57,752.8,753.57,752.02,0.206,23.3,0.048,0,2026-08-18,2026-08-19,False,False,5.0,2026-08-19T10:46:13+05:30
HSCL,779.15,TOUCHED,-6.82,below,726.0,779.15,780.03,780.92,779.15,0.226,23.8,0.035,0,2026-08-18,2026-08-19,False,False,5.0,2026-08-19T10:46:13+05:30
MEESHO,192.7,TOUCHED,0.03,above,192.77,192.7,192.46,192.7,192.22,0.255,23.8,0.027,0,2026-08-18,2026-08-19,False,False,5.0,2026-08-19T10:46:13+05:30
AEGISVOPAK,273.55,TOUCHED,-0.11,below,273.25,273.55,273.97,274.38,273.55,0.304,23.9,0.04,0,2026-08-18,2026-08-19,False,False,5.0,2026-08-19T10:46:13+05:30
SWANCORP,304.92,TOUCHED,-0.28,below,304.05,304.92,305.28,305.65,304.92,0.24,24.1,0.034,0,2026-08-18,2026-08-19,False,False,5.0,2026-08-19T10:46:13+05:30
NAVINFLUOR,8235.33,TOUCHED,0.11,inside,8244.0,8235.33,8235.33,8245.17,8225.5,0.239,24.4,0.046,0,2026-08-18,2026-08-19,False,False,5.0,2026-08-19T10:46:13+05:30
GRAPHITE,726.85,TOUCHED,-0.1,below,726.1,726.85,727.73,728.62,726.85,0.243,24.7,0.023,0,2026-08-17,2026-08-19,False,False,5.0,2026-08-19T10:46:13+05:30
MSUMI,40.41,TOUCHED,-0.07,inside,40.38,40.41,40.41,40.45,40.36,0.214,24.7,0.031,0,2026-08-18,2026-08-19,False,False,5.0,2026-08-19T10:46:13+05:30
NEWGEN,529.12,TOUCHED,-0.31,below,527.45,529.12,529.78,530.45,529.12,0.252,24.9,0.034,0,2026-08-18,2026-08-19,False,False,5.0,2026-08-19T10:46:13+05:30
POWERGRID,267.5,TOUCHED,-1.38,below,263.8,267.5,267.67,267.83,267.5,0.125,24.9,0.017,0,2026-08-18,2026-08-19,False,False,5.0,2026-08-19T10:46:13+05:30
TATAPOWER,380.22,TOUCHED,-1.14,below,375.9,380.22,380.48,380.74,380.22,0.136,24.9,0.023,0,2026-08-18,2026-08-19,False,False,5.0,2026-08-19T10:46:13+05:30
M&M,3418.53,TOUCHED,0.07,above,3421.0,3418.53,3415.57,3418.53,3412.6,0.174,25.2,0.026,0,2026-08-18,2026-08-19,False,False,5.0,2026-08-19T10:46:13+05:30
INDHOTEL,717.77,TOUCHED,0.05,inside,718.1,717.77,717.77,718.38,717.15,0.172,26.0,0.019,0,2026-08-18,2026-08-19,False,False,5.0,2026-08-19T10:46:13+05:30
TTML,37.89,TOUCHED,-0.98,below,37.52,37.89,37.93,37.97,37.89,0.22,26.3,0.046,0,2026-08-18,2026-08-19,False,False,5.0,2026-08-19T10:46:13+05:30
COCHINSHIP,1479.3,TOUCHED,-0.09,below,1478.0,1479.3,1481.23,1483.17,1479.3,0.261,27.1,0.043,0,2026-08-18,2026-08-19,False,False,5.0,2026-08-19T10:46:13+05:30
M&MFIN,390.23,TOUCHED,0.4,above,391.8,390.23,389.78,390.23,389.34,0.227,27.4,0.037,0,2026-08-17,2026-08-19,False,False,5.0,2026-08-19T10:46:13+05:30
CPPLUS,3324.0,TOUCHED,-0.3,below,3313.9,3324.0,3330.0,3336.0,3324.0,0.36,27.6,0.037,0,2026-08-18,2026-08-19,False,False,5.0,2026-08-19T10:46:13+05:30
SAGILITY,42.22,TOUCHED,-0.83,below,41.87,42.22,42.28,42.34,42.22,0.292,28.2,0.045,0,2026-08-18,2026-08-19,False,False,5.0,2026-08-19T10:46:13+05:30
SHRIRAMFIN,1109.52,TOUCHED,-0.14,below,1108.0,1109.52,1110.63,1111.75,1109.52,0.201,28.5,0.038,0,2026-08-18,2026-08-19,False,False,5.0,2026-08-19T10:46:13+05:30
TATACOMM,1691.73,TOUCHED,-0.53,below,1682.8,1691.73,1693.67,1695.6,1691.73,0.228,28.8,0.022,0,2026-08-18,2026-08-19,False,False,5.0,2026-08-19T10:46:13+05:30
ANTHEM,895.0,TOUCHED,-0.59,below,889.7,895.0,896.0,897.0,895.0,0.223,29.5,0.043,0,2026-08-17,2026-08-19,False,False,5.0,2026-08-19T10:46:13+05:30
SUNTV,483.38,TOUCHED,-0.31,below,481.9,483.38,483.97,484.55,483.38,0.241,30.1,0.024,0,2026-08-18,2026-08-19,False,False,5.0,2026-08-19T10:46:13+05:30
UBL,1368.98,TOUCHED,-1.38,below,1350.1,1368.98,1370.07,1371.15,1368.98,0.158,30.1,0.026,0,2026-08-17,2026-08-19,False,False,5.0,2026-08-19T10:46:13+05:30
EIDPARRY,783.6,TOUCHED,0.96,above,791.1,783.6,782.6,783.6,781.6,0.256,30.4,0.032,0,2026-08-18,2026-08-19,False,False,5.0,2026-08-19T10:46:13+05:30
GODREJCP,930.07,TOUCHED,0.42,above,934.0,930.07,929.13,930.07,928.2,0.201,31.0,0.023,0,2026-08-18,2026-08-19,False,False,5.0,2026-08-19T10:46:13+05:30
NESTLEIND,1463.8,TOUCHED,-0.08,below,1462.6,1463.8,1465.1,1466.4,1463.8,0.177,31.0,0.033,0,2026-08-18,2026-08-19,False,False,5.0,2026-08-19T10:46:13+05:30
PIRAMALFIN,2063.2,TOUCHED,0.04,above,2064.0,2063.2,2060.3,2063.2,2057.4,0.282,31.1,0.051,0,2026-08-17,2026-08-19,False,False,5.0,2026-08-19T10:46:13+05:30
SHREECEM,24556.67,TOUCHED,-1.51,below,24185.0,24556.67,24578.33,24600.0,24556.67,0.176,31.2,0.013,0,2026-08-17,2026-08-19,False,False,5.0,2026-08-19T10:46:13+05:30
CHAMBLFERT,435.48,TOUCHED,-0.01,inside,435.45,435.48,435.48,436.03,434.94,0.249,32.1,0.035,0,2026-08-18,2026-08-19,False,False,5.0,2026-08-19T10:46:13+05:30
IDFCFIRSTB,85.03,TOUCHED,0.31,above,85.3,85.03,84.94,85.03,84.85,0.216,32.3,0.029,0,2026-08-18,2026-08-19,False,False,5.0,2026-08-19T10:46:13+05:30
IRB,19.05,TOUCHED,-0.38,below,18.98,19.05,19.07,19.1,19.05,0.227,32.6,0.039,0,2026-08-18,2026-08-19,False,False,5.0,2026-08-19T10:46:13+05:30
NAUKRI,1353.25,TOUCHED,0.25,above,1356.6,1353.25,1351.6,1353.25,1349.95,0.244,32.9,0.023,0,2026-08-18,2026-08-19,False,False,5.0,2026-08-19T10:46:13+05:30
AUBANK,1072.05,TOUCHED,-0.28,below,1069.0,1072.05,1073.27,1074.48,1072.05,0.227,33.4,0.016,0,2026-08-18,2026-08-19,False,False,5.0,2026-08-19T10:46:13+05:30
3MINDIA,34945.0,TOUCHED,-3.13,below,33850.0,34945.0,34980.0,35015.0,34945.0,0.2,33.7,0.025,0,2026-08-17,2026-08-19,False,False,5.0,2026-08-19T10:46:13+05:30
CASTROLIND,187.42,TOUCHED,0.48,above,188.32,187.42,187.28,187.42,187.15,0.142,34.5,0.014,0,2026-08-17,2026-08-19,False,False,5.0,2026-08-19T10:46:13+05:30
IPCALAB,1890.65,TOUCHED,0.31,above,1896.5,1890.65,1887.8,1890.65,1884.95,0.302,34.8,0.032,0,2026-08-18,2026-08-19,False,False,5.0,2026-08-19T10:46:13+05:30
CCL,1133.57,TOUCHED,-0.31,below,1130.1,1133.57,1135.03,1136.5,1133.57,0.258,35.1,0.021,0,2026-08-18,2026-08-19,False,False,5.0,2026-08-19T10:46:13+05:30
BSOFT,309.33,TOUCHED,-0.75,below,307.0,309.33,309.82,310.31,309.33,0.317,35.3,0.037,0,2026-08-17,2026-08-19,False,False,5.0,2026-08-19T10:46:13+05:30
SONATSOFTW,321.02,TOUCHED,-4.56,below,306.4,321.02,321.65,322.27,321.02,0.389,35.6,0.026,0,2026-08-17,2026-08-19,False,False,5.0,2026-08-19T10:46:13+05:30
HAL,5079.5,TOUCHED,-0.87,below,5035.1,5079.5,5086.0,5092.5,5079.5,0.256,36.2,0.035,0,2026-08-18,2026-08-19,False,False,5.0,2026-08-19T10:46:13+05:30
KFINTECH,959.23,TOUCHED,-0.97,below,949.9,959.23,960.87,962.5,959.23,0.34,36.2,0.019,0,2026-08-18,2026-08-19,False,False,5.0,2026-08-19T10:46:13+05:30
JUBLPHARMA,862.92,TOUCHED,-0.92,below,855.0,862.92,864.27,865.61,862.92,0.31,36.4,0.019,0,2026-08-17,2026-08-19,False,False,5.0,2026-08-19T10:46:13+05:30
TMCV,470.02,TOUCHED,0.06,inside,470.3,470.02,470.02,470.83,469.2,0.348,36.5,0.024,0,2026-08-18,2026-08-19,False,False,5.0,2026-08-19T10:46:13+05:30
SUPREMEIND,3607.0,TOUCHED,0.05,above,3608.7,3607.0,3601.33,3607.0,3595.67,0.315,37.0,0.043,0,2026-08-17,2026-08-19,False,False,5.0,2026-08-19T10:46:13+05:30
TVSMOTOR,4368.37,TOUCHED,-0.11,inside,4363.4,4368.37,4368.37,4374.15,4362.58,0.265,37.0,0.019,0,2026-08-18,2026-08-19,False,False,5.0,2026-08-19T10:46:13+05:30
SYNGENE,404.6,TOUCHED,-1.11,below,400.1,404.6,405.1,405.6,404.6,0.247,37.3,0.026,0,2026-08-18,2026-08-19,False,False,5.0,2026-08-19T10:46:13+05:30
BELRISE,235.47,TOUCHED,-0.71,below,233.8,235.47,235.89,236.31,235.47,0.355,37.7,0.035,0,2026-08-18,2026-08-19,False,False,5.0,2026-08-19T10:46:13+05:30
ANANDRATHI,2178.65,TOUCHED,-0.08,below,2176.9,2178.65,2181.3,2183.95,2178.65,0.243,37.8,0.022,0,2026-08-17,2026-08-19,False,False,5.0,2026-08-19T10:46:13+05:30
PREMIERENE,1017.13,TOUCHED,-0.18,below,1015.3,1017.13,1018.77,1020.4,1017.13,0.321,37.8,0.029,0,2026-08-17,2026-08-19,False,False,5.0,2026-08-19T10:46:13+05:30
ABSLAMC,1013.3,TOUCHED,-0.62,below,1007.0,1013.3,1015.2,1017.1,1013.3,0.374,38.1,0.033,0,2026-08-17,2026-08-19,False,False,5.0,2026-08-19T10:46:13+05:30
TRENT,2956.25,TOUCHED,0.22,above,2962.7,2956.25,2951.53,2956.25,2946.82,0.32,39.2,0.046,0,2026-08-18,2026-08-19,False,False,5.0,2026-08-19T10:46:13+05:30
POONAWALLA,498.32,TOUCHED,-0.26,below,497.0,498.32,499.18,500.05,498.32,0.347,39.7,0.033,0,2026-08-17,2026-08-19,False,False,5.0,2026-08-19T10:46:13+05:30
SUMICHEM,560.94,TOUCHED,-0.89,below,555.95,560.94,562.08,563.23,560.94,0.406,39.7,0.039,0,2026-08-17,2026-08-19,False,False,5.0,2026-08-19T10:46:13+05:30
HDFCAMC,2521.37,TOUCHED,0.63,above,2537.2,2521.37,2517.73,2521.37,2514.1,0.289,40.0,0.024,0,2026-08-18,2026-08-19,False,False,5.0,2026-08-19T10:46:13+05:30
DCMSHRIRAM,1031.5,TOUCHED,1.89,above,1051.0,1031.5,1029.8,1031.5,1028.1,0.33,40.3,0.024,0,2026-08-18,2026-08-19,False,False,5.0,2026-08-19T10:46:13+05:30
APTUS,257.48,TOUCHED,-0.36,below,256.55,257.48,257.97,258.45,257.48,0.375,40.5,0.026,0,2026-08-18,2026-08-19,False,False,5.0,2026-08-19T10:46:13+05:30
DRREDDY,1182.7,TOUCHED,0.13,above,1184.2,1182.7,1181.4,1182.7,1180.1,0.22,40.5,0.015,0,2026-08-18,2026-08-19,False,False,5.0,2026-08-19T10:46:13+05:30
RAINBOW,1460.82,TOUCHED,-0.2,below,1457.9,1460.82,1462.93,1465.05,1460.82,0.289,41.1,0.034,0,2026-08-18,2026-08-19,False,False,5.0,2026-08-19T10:46:13+05:30
CAMS,763.24,TOUCHED,-0.56,below,758.95,763.24,764.48,765.73,763.24,0.325,41.9,0.041,0,2026-08-18,2026-08-19,False,False,5.0,2026-08-19T10:46:13+05:30
HDFCLIFE,538.91,TOUCHED,-0.9,below,534.05,538.91,539.57,540.23,538.91,0.244,42.2,0.018,0,2026-08-18,2026-08-19,False,False,5.0,2026-08-19T10:46:13+05:30
AARTIIND,527.32,TOUCHED,-0.55,below,524.4,527.32,528.25,529.17,527.32,0.35,42.7,0.033,0,2026-08-18,2026-08-19,False,False,5.0,2026-08-19T10:46:13+05:30
DALBHARAT,1842.37,TOUCHED,0.02,inside,1842.8,1842.37,1842.37,1845.0,1839.73,0.286,43.0,0.025,0,2026-08-18,2026-08-19,False,False,5.0,2026-08-19T10:46:13+05:30
ASTERDM,822.38,TOUCHED,0.88,above,829.65,822.38,820.92,822.38,819.46,0.355,43.8,0.028,0,2026-08-18,2026-08-19,False,False,5.0,2026-08-19T10:46:13+05:30
LLOYDSME,1930.5,TOUCHED,-0.14,inside,1927.8,1930.5,1930.5,1934.55,1926.45,0.42,43.8,0.035,0,2026-08-18,2026-08-19,False,False,5.0,2026-08-19T10:46:13+05:30
MOTHERSON,170.1,TOUCHED,1.28,above,172.27,170.1,169.8,170.1,169.5,0.353,43.8,0.035,0,2026-08-18,2026-08-19,False,False,5.0,2026-08-19T10:46:13+05:30
BEL,412.55,TOUCHED,-0.92,below,408.75,412.55,413.1,413.65,412.55,0.266,44.1,0.025,0,2026-08-18,2026-08-19,False,False,5.0,2026-08-19T10:46:13+05:30
GODIGIT,255.26,TOUCHED,-1.28,below,252.0,255.26,255.67,256.07,255.26,0.319,44.1,0.028,0,2026-08-17,2026-08-19,False,False,5.0,2026-08-19T10:46:13+05:30
OIL,481.32,TOUCHED,-0.34,below,479.7,481.32,482.13,482.95,481.32,0.339,44.1,0.021,0,2026-08-18,2026-08-19,False,False,5.0,2026-08-19T10:46:13+05:30
VIJAYA,1500.25,TOUCHED,-0.43,below,1493.8,1500.25,1503.2,1506.15,1500.25,0.392,44.1,0.037,0,2026-08-18,2026-08-19,False,False,5.0,2026-08-19T10:46:13+05:30
ZENSARTECH,485.97,TOUCHED,-0.52,below,483.45,485.97,487.03,488.1,485.97,0.438,44.1,0.035,0,2026-08-18,2026-08-19,False,False,5.0,2026-08-19T10:46:13+05:30
CANHLIFE,148.6,TOUCHED,0.96,above,150.03,148.6,148.3,148.6,148.01,0.402,44.2,0.018,0,2026-08-17,2026-08-19,False,False,5.0,2026-08-19T10:46:13+05:30
SOBHA,1310.77,TOUCHED,-1.28,below,1294.0,1310.77,1313.23,1315.7,1310.77,0.376,44.4,0.029,0,2026-08-18,2026-08-19,False,False,5.0,2026-08-19T10:46:13+05:30
IKS,1841.0,TOUCHED,0.38,above,1848.0,1841.0,1837.4,1841.0,1833.8,0.392,44.9,0.02,0,2026-08-17,2026-08-19,False,False,5.0,2026-08-19T10:46:13+05:30
RBLBANK,382.26,TOUCHED,-0.17,below,381.6,382.26,383.02,383.77,382.26,0.396,46.3,0.032,0,2026-08-17,2026-08-19,False,False,5.0,2026-08-19T10:46:13+05:30
RECLTD,339.06,TOUCHED,-0.52,below,337.3,339.06,339.62,340.18,339.06,0.329,46.3,0.016,0,2026-08-18,2026-08-19,False,False,5.0,2026-08-19T10:46:13+05:30
NCC,140.13,TOUCHED,0.36,above,140.63,140.13,139.87,140.13,139.62,0.362,46.6,0.027,0,2026-08-18,2026-08-19,False,False,5.0,2026-08-19T10:46:13+05:30
AUROPHARMA,1632.37,TOUCHED,-0.14,inside,1630.1,1632.37,1632.37,1634.95,1629.78,0.317,46.8,0.038,0,2026-08-17,2026-08-19,False,False,5.0,2026-08-19T10:46:13+05:30
HEROMOTOCO,5755.25,TOUCHED,-0.37,below,5734.0,5755.25,5765.5,5775.75,5755.25,0.356,46.8,0.017,0,2026-08-17,2026-08-19,False,False,5.0,2026-08-19T10:46:13+05:30
INDIAMART,1755.95,TOUCHED,-0.91,below,1740.0,1755.95,1758.8,1761.65,1755.95,0.324,47.1,0.026,0,2026-08-18,2026-08-19,False,False,5.0,2026-08-19T10:46:13+05:30
PNBHOUSING,1148.73,TOUCHED,0.37,above,1153.0,1148.73,1146.67,1148.73,1144.6,0.36,47.1,0.027,0,2026-08-17,2026-08-19,False,False,5.0,2026-08-19T10:46:13+05:30
BRITANNIA,5528.0,TOUCHED,-0.15,below,5519.5,5528.0,5535.0,5542.0,5528.0,0.253,47.7,0.021,0,2026-08-17,2026-08-19,False,False,5.0,2026-08-19T10:46:13+05:30
CIEINDIA,409.1,TOUCHED,-0.06,below,408.85,409.1,409.83,410.57,409.1,0.358,47.7,0.029,0,2026-08-17,2026-08-19,False,False,5.0,2026-08-19T10:46:13+05:30
KAYNES,3677.1,TOUCHED,1.17,above,3720.1,3677.1,3666.1,3677.1,3655.1,0.6,47.7,0.049,0,2026-08-18,2026-08-19,False,False,5.0,2026-08-19T10:46:13+05:30
CDSL,1343.32,TOUCHED,-0.41,below,1337.8,1343.32,1346.03,1348.75,1343.32,0.404,47.9,0.036,0,2026-08-18,2026-08-19,False,False,5.0,2026-08-19T10:46:13+05:30
JUBLINGREA,734.52,TOUCHED,-2.15,below,718.7,734.52,736.23,737.95,734.52,0.466,48.5,0.034,0,2026-08-17,2026-08-19,False,False,5.0,2026-08-19T10:46:13+05:30
SBFC,93.39,TOUCHED,-0.12,below,93.28,93.39,93.58,93.76,93.39,0.395,48.5,0.033,0,2026-08-17,2026-08-19,False,False,5.0,2026-08-19T10:46:13+05:30
DIXON,14212.0,TOUCHED,-0.2,inside,14183.0,14212.0,14212.0,14243.0,14181.0,0.436,48.8,0.056,0,2026-08-18,2026-08-19,False,False,5.0,2026-08-19T10:46:13+05:30
JSWDULUX,3121.13,TOUCHED,0.09,inside,3123.9,3121.13,3121.13,3126.5,3115.77,0.344,49.0,0.022,0,2026-08-18,2026-08-19,False,False,5.0,2026-08-19T10:46:13+05:30
RVNL,225.48,TOUCHED,-1.64,below,221.78,225.48,225.96,226.44,225.48,0.425,49.0,0.034,0,2026-08-18,2026-08-19,False,False,5.0,2026-08-19T10:46:13+05:30
TITAN,5062.0,TOUCHED,0.06,inside,5064.8,5062.0,5062.0,5068.7,5055.3,0.265,49.0,0.018,0,2026-08-18,2026-08-19,False,False,5.0,2026-08-19T10:46:13+05:30
TEJASNET,520.68,TOUCHED,-2.15,below,509.5,520.68,522.07,523.45,520.68,0.53,49.6,0.046,0,2026-08-18,2026-08-19,False,False,5.0,2026-08-19T10:46:13+05:30
ABFRL,55.09,TOUCHED,-0.82,below,54.64,55.09,55.22,55.34,55.09,0.447,49.9,0.025,0,2026-08-18,2026-08-19,False,False,5.0,2026-08-19T10:46:13+05:30
PRESTIGE,1579.75,TOUCHED,-0.02,below,1579.5,1579.75,1583.8,1587.85,1579.75,0.511,49.9,0.055,0,2026-08-17,2026-08-19,False,False,5.0,2026-08-19T10:46:13+05:30
FSL,265.8,TOUCHED,0.38,above,266.8,265.8,265.15,265.8,264.5,0.49,50.7,0.034,0,2026-08-18,2026-08-19,False,False,5.0,2026-08-19T10:46:13+05:30
ADANIENT,3008.08,TOUCHED,-0.69,below,2987.4,3008.08,3013.67,3019.25,3008.08,0.371,51.0,0.026,0,2026-08-18,2026-08-19,False,False,5.0,2026-08-19T10:46:13+05:30
CGCL,226.53,TOUCHED,-0.1,inside,226.3,226.53,226.53,227.03,226.04,0.438,51.0,0.049,0,2026-08-18,2026-08-19,False,False,5.0,2026-08-19T10:46:13+05:30
BHARTIARTL,1939.03,TOUCHED,-0.11,inside,1936.9,1939.03,1939.03,1941.45,1936.62,0.249,51.2,0.014,0,2026-08-18,2026-08-19,False,False,5.0,2026-08-19T10:46:13+05:30
IOC,138.03,TOUCHED,-0.63,below,137.16,138.03,138.25,138.47,138.03,0.325,51.2,0.021,0,2026-08-18,2026-08-19,False,False,5.0,2026-08-19T10:46:13+05:30
ATHERENERG,1470.37,TOUCHED,-1.0,below,1455.6,1470.37,1474.93,1479.5,1470.37,0.619,51.5,0.063,0,2026-08-18,2026-08-19,False,False,5.0,2026-08-19T10:46:13+05:30
IOB,33.33,TOUCHED,-0.25,below,33.25,33.33,33.4,33.46,33.33,0.379,51.5,0.034,0,2026-08-18,2026-08-19,False,False,5.0,2026-08-19T10:46:13+05:30
HONASA,475.69,TOUCHED,-0.65,below,472.6,475.69,476.78,477.88,475.69,0.458,51.8,0.054,0,2026-08-18,2026-08-19,False,False,5.0,2026-08-19T10:46:13+05:30
TEGA,1723.05,TOUCHED,-0.51,below,1714.3,1723.05,1726.67,1730.28,1723.05,0.419,52.1,0.043,0,2026-08-18,2026-08-19,False,False,5.0,2026-08-19T10:46:13+05:30
CRISIL,4469.43,TOUCHED,-0.11,inside,4464.6,4469.43,4469.43,4478.87,4460.0,0.422,52.6,0.05,0,2026-08-17,2026-08-19,False,False,5.0,2026-08-19T10:46:13+05:30
FORCEMOT,18267.83,TOUCHED,-1.79,below,17940.0,18267.83,18335.67,18403.5,18267.83,0.74,52.6,0.05,0,2026-08-18,2026-08-19,False,False,5.0,2026-08-19T10:46:13+05:30
GODREJIND,1225.73,TOUCHED,-0.88,below,1214.9,1225.73,1228.47,1231.2,1225.73,0.445,52.9,0.047,0,2026-08-17,2026-08-19,False,False,5.0,2026-08-19T10:46:13+05:30
SOLARINDS,20045.67,TOUCHED,-1.47,below,19751.0,20045.67,20091.33,20137.0,20045.67,0.455,52.9,0.057,0,2026-08-17,2026-08-19,False,False,5.0,2026-08-19T10:46:13+05:30
AJANTPHARM,3710.13,TOUCHED,0.24,above,3719.0,3710.13,3702.07,3710.13,3694.0,0.436,53.2,0.04,0,2026-08-17,2026-08-19,False,False,5.0,2026-08-19T10:46:13+05:30
ASIANPAINT,2632.3,TOUCHED,-0.79,below,2611.5,2632.3,2636.2,2640.1,2632.3,0.296,53.4,0.021,0,2026-08-18,2026-08-19,False,False,5.0,2026-08-19T10:46:13+05:30
JINDALSAW,269.67,TOUCHED,1.16,above,272.8,269.67,268.95,269.67,268.23,0.539,53.4,0.038,0,2026-08-17,2026-08-19,False,False,5.0,2026-08-19T10:46:13+05:30
WOCKPHARMA,1865.85,TOUCHED,-2.2,below,1824.8,1865.85,1871.8,1877.75,1865.85,0.636,54.5,0.059,0,2026-08-18,2026-08-19,False,False,5.0,2026-08-19T10:46:13+05:30
LENSKART,626.74,TOUCHED,1.29,above,634.8,626.74,625.08,626.74,623.42,0.531,54.9,0.03,0,2026-08-18,2026-08-19,False,False,5.0,2026-08-19T10:46:13+05:30
FINCABLES,1319.8,TOUCHED,-3.4,below,1274.9,1319.8,1322.98,1326.17,1319.8,0.481,55.1,0.019,0,2026-08-18,2026-08-19,False,False,5.0,2026-08-19T10:46:13+05:30
INDIANB,876.83,TOUCHED,-0.6,below,871.6,876.83,878.67,880.5,876.83,0.417,55.1,0.025,0,2026-08-18,2026-08-19,False,False,5.0,2026-08-19T10:46:13+05:30
GAIL,172.58,TOUCHED,-0.3,below,172.07,172.58,172.89,173.19,172.58,0.353,55.3,0.015,0,2026-08-18,2026-08-19,False,False,5.0,2026-08-19T10:46:13+05:30
CONCOR,519.23,TOUCHED,-0.56,below,516.35,519.23,520.22,521.2,519.23,0.378,55.9,0.034,0,2026-08-18,2026-08-19,False,False,5.0,2026-08-19T10:46:13+05:30
EIHOTEL,297.35,TOUCHED,-0.12,inside,297.0,297.35,297.35,298.02,296.67,0.454,56.4,0.03,0,2026-08-17,2026-08-19,False,False,5.0,2026-08-19T10:46:13+05:30
ETERNAL,318.38,TOUCHED,0.23,above,319.1,318.38,317.55,318.38,316.72,0.52,56.4,0.028,0,2026-08-18,2026-08-19,False,False,5.0,2026-08-19T10:46:13+05:30
BHARATFORG,2077.6,TOUCHED,-0.12,below,2075.1,2077.6,2082.73,2087.87,2077.6,0.493,57.0,0.031,0,2026-08-17,2026-08-19,False,False,5.0,2026-08-19T10:46:13+05:30
ICICIAMC,3119.5,TOUCHED,0.26,inside,3127.5,3119.5,3119.5,3127.75,3111.25,0.529,57.0,0.032,0,2026-08-17,2026-08-19,False,False,5.0,2026-08-19T10:46:13+05:30
KALYANKJIL,603.33,TOUCHED,-1.79,below,592.55,603.33,605.07,606.8,603.33,0.573,57.3,0.038,0,2026-08-18,2026-08-19,False,False,5.0,2026-08-19T10:46:13+05:30
GODFRYPHLP,2115.43,TOUCHED,-0.18,inside,2111.7,2115.43,2115.43,2122.0,2108.87,0.621,57.8,0.041,0,2026-08-18,2026-08-19,False,False,5.0,2026-08-19T10:46:13+05:30
LTFOODS,425.13,TOUCHED,0.73,above,428.25,425.13,423.97,425.13,422.8,0.55,57.8,0.036,0,2026-08-18,2026-08-19,False,False,5.0,2026-08-19T10:46:13+05:30
LTTS,3519.47,TOUCHED,0.48,above,3536.3,3519.47,3510.43,3519.47,3501.4,0.515,57.8,0.042,0,2026-08-17,2026-08-19,False,False,5.0,2026-08-19T10:46:13+05:30
SUNPHARMA,1883.65,TOUCHED,0.38,above,1890.9,1883.65,1880.8,1883.65,1877.95,0.303,57.8,0.02,0,2026-08-18,2026-08-19,False,False,5.0,2026-08-19T10:46:13+05:30
BSE,3297.07,TOUCHED,1.99,above,3362.6,3297.07,3286.13,3297.07,3275.2,0.665,58.4,0.022,0,2026-08-18,2026-08-19,False,False,5.0,2026-08-19T10:46:13+05:30
GMDCLTD,572.76,TOUCHED,-1.01,below,567.0,572.76,574.82,576.88,572.76,0.716,58.4,0.068,0,2026-08-18,2026-08-19,False,False,5.0,2026-08-19T10:46:13+05:30
IDBI,81.33,TOUCHED,-0.09,below,81.26,81.33,81.55,81.77,81.33,0.54,58.4,0.042,0,2026-08-18,2026-08-19,False,False,5.0,2026-08-19T10:46:13+05:30
ACC,1305.92,TOUCHED,-1.3,below,1288.9,1305.92,1308.03,1310.15,1305.92,0.324,58.6,0.035,0,2026-08-18,2026-08-19,False,False,5.0,2026-08-19T10:46:13+05:30
DLF,668.83,TOUCHED,0.01,inside,668.9,668.83,668.83,670.38,667.29,0.461,58.9,0.029,0,2026-08-18,2026-08-19,False,False,5.0,2026-08-19T10:46:13+05:30
BANKBARODA,244.53,TOUCHED,-0.34,below,243.71,244.53,245.06,245.59,244.53,0.433,59.2,0.012,0,2026-08-18,2026-08-19,False,False,5.0,2026-08-19T10:46:13+05:30
HYUNDAI,2200.45,TOUCHED,0.14,above,2203.6,2200.45,2195.63,2200.45,2190.82,0.439,59.5,0.026,0,2026-08-18,2026-08-19,False,False,5.0,2026-08-19T10:46:13+05:30
JWL,250.47,TOUCHED,-0.83,below,248.4,250.47,251.2,251.92,250.47,0.577,59.5,0.044,0,2026-08-17,2026-08-19,False,False,5.0,2026-08-19T10:46:13+05:30
PATANJALI,350.45,TOUCHED,-0.1,inside,350.1,350.45,350.45,351.05,349.85,0.342,59.5,0.019,0,2026-08-18,2026-08-19,False,False,5.0,2026-08-19T10:46:13+05:30
WHIRLPOOL,771.05,TOUCHED,-1.56,below,759.0,771.05,773.1,775.15,771.05,0.53,59.5,0.045,0,2026-08-18,2026-08-19,False,False,5.0,2026-08-19T10:46:13+05:30
ASTRAL,1527.37,TOUCHED,0.07,inside,1528.4,1527.37,1527.37,1531.05,1523.68,0.482,60.0,0.032,0,2026-08-18,2026-08-19,False,False,5.0,2026-08-19T10:46:13+05:30
PNB,117.0,TOUCHED,-0.2,inside,116.76,117.0,117.0,117.24,116.75,0.425,60.0,0.035,0,2026-08-18,2026-08-19,False,False,5.0,2026-08-19T10:46:13+05:30
BANKINDIA,142.49,TOUCHED,-0.4,below,141.92,142.49,142.87,143.26,142.49,0.541,60.3,0.031,0,2026-08-18,2026-08-19,False,False,5.0,2026-08-19T10:46:13+05:30
EICHERMOT,8032.92,TOUCHED,-0.08,below,8026.5,8032.92,8047.33,8061.75,8032.92,0.358,60.3,0.024,0,2026-08-18,2026-08-19,False,False,5.0,2026-08-19T10:46:13+05:30
RHIM,376.85,TOUCHED,-0.37,below,375.45,376.85,377.9,378.95,376.85,0.556,60.3,0.029,0,2026-08-18,2026-08-19,False,False,5.0,2026-08-19T10:46:13+05:30
SHYAMMETL,991.1,TOUCHED,0.1,inside,992.1,991.1,991.1,993.2,989.0,0.424,60.3,0.016,0,2026-08-17,2026-08-19,False,False,5.0,2026-08-19T10:46:13+05:30
AXISBANK,1236.95,TOUCHED,-0.22,below,1234.2,1236.95,1238.97,1240.98,1236.95,0.326,60.5,0.024,0,2026-08-18,2026-08-19,False,False,5.0,2026-08-19T10:46:13+05:30
NH,1807.67,TOUCHED,-0.33,below,1801.7,1807.67,1812.33,1817.0,1807.67,0.515,60.5,0.034,0,2026-08-18,2026-08-19,False,False,5.0,2026-08-19T10:46:13+05:30
SAREGAMA,515.43,TOUCHED,-0.2,below,514.4,515.43,516.92,518.4,515.43,0.574,60.5,0.041,0,2026-08-18,2026-08-19,False,False,5.0,2026-08-19T10:46:13+05:30
SUNDARMFIN,4584.0,TOUCHED,-0.45,below,4563.3,4584.0,4595.87,4607.73,4584.0,0.516,60.5,0.034,0,2026-08-18,2026-08-19,False,False,5.0,2026-08-19T10:46:13+05:30
ZYDUSWELL,498.11,TOUCHED,-0.69,below,494.65,498.11,499.57,501.03,498.11,0.584,60.5,0.034,0,2026-08-18,2026-08-19,False,False,5.0,2026-08-19T10:46:13+05:30
FACT,799.77,TOUCHED,0.32,above,802.35,799.77,797.6,799.77,795.42,0.545,60.8,0.058,0,2026-08-17,2026-08-19,False,False,5.0,2026-08-19T10:46:13+05:30
HDFCBANK,724.0,TOUCHED,-1.11,below,715.95,724.0,725.0,726.0,724.0,0.276,60.8,0.019,0,2026-08-18,2026-08-19,False,False,5.0,2026-08-19T10:46:13+05:30
BAJAJ-AUTO,11652.0,TOUCHED,-0.07,inside,11644.0,11652.0,11652.0,11674.5,11629.5,0.386,61.4,0.028,0,2026-08-18,2026-08-19,False,False,5.0,2026-08-19T10:46:13+05:30
BRIGADE,590.15,TOUCHED,0.01,inside,590.2,590.15,590.15,591.93,588.38,0.602,61.6,0.024,0,2026-08-17,2026-08-19,False,False,5.0,2026-08-19T10:46:13+05:30
MOTILALOFS,941.07,TOUCHED,-0.54,below,936.0,941.07,944.15,947.22,941.07,0.651,61.6,0.045,0,2026-08-18,2026-08-19,False,False,5.0,2026-08-19T10:46:13+05:30
NAVA,560.6,TOUCHED,-0.23,below,559.3,560.6,562.3,564.0,560.6,0.605,61.9,0.038,0,2026-08-18,2026-08-19,False,False,5.0,2026-08-19T10:46:13+05:30
UTIAMC,896.92,TOUCHED,-0.97,below,888.25,896.92,899.25,901.58,896.92,0.517,61.9,0.043,0,2026-08-18,2026-08-19,False,False,5.0,2026-08-19T10:46:13+05:30
ELECON,433.25,TOUCHED,-0.57,below,430.8,433.25,434.92,436.58,433.25,0.766,62.2,0.036,0,2026-08-17,2026-08-19,False,False,5.0,2026-08-19T10:46:13+05:30
HCLTECH,1306.25,TOUCHED,0.13,above,1307.9,1306.25,1303.5,1306.25,1300.75,0.422,62.7,0.024,0,2026-08-18,2026-08-19,False,False,5.0,2026-08-19T10:46:13+05:30
PINELABS,160.99,TOUCHED,-0.68,below,159.89,160.99,161.66,162.33,160.99,0.829,62.8,0.058,0,2026-08-18,2026-08-19,False,False,5.0,2026-08-19T10:46:13+05:30
NEULANDLAB,23407.0,TOUCHED,-1.3,below,23102.0,23407.0,23491.67,23576.33,23407.0,0.721,63.0,0.032,0,2026-08-17,2026-08-19,False,False,5.0,2026-08-19T10:46:13+05:30
IREDA,115.58,TOUCHED,-0.68,below,114.79,115.58,115.88,116.19,115.58,0.529,63.6,0.048,0,2026-08-18,2026-08-19,False,False,5.0,2026-08-19T10:46:13+05:30
KEC,429.9,TOUCHED,-0.94,below,425.85,429.9,431.2,432.5,429.9,0.603,63.6,0.023,0,2026-08-18,2026-08-19,False,False,5.0,2026-08-19T10:46:13+05:30
360ONE,1169.53,TOUCHED,0.67,above,1177.4,1169.53,1166.07,1169.53,1162.6,0.595,63.8,0.032,0,2026-08-17,2026-08-19,False,False,5.0,2026-08-19T10:46:13+05:30
BAYERCROP,4080.2,TOUCHED,-0.23,inside,4071.0,4080.2,4080.2,4089.7,4070.7,0.466,64.1,0.031,0,2026-08-17,2026-08-19,False,False,5.0,2026-08-19T10:46:13+05:30
KARURVYSYA,331.18,TOUCHED,-0.01,below,331.15,331.18,332.12,333.06,331.18,0.567,64.4,0.038,0,2026-08-17,2026-08-19,False,False,5.0,2026-08-19T10:46:13+05:30
MAHABANK,80.72,TOUCHED,-0.64,below,80.2,80.72,80.94,81.17,80.72,0.56,64.9,0.042,0,2026-08-18,2026-08-19,False,False,5.0,2026-08-19T10:46:13+05:30
USHAMART,495.17,TOUCHED,0.09,inside,495.6,495.17,495.17,496.61,493.73,0.582,64.9,0.035,0,2026-08-17,2026-08-19,False,False,5.0,2026-08-19T10:46:13+05:30
JINDALSTEL,1109.85,TOUCHED,0.46,above,1115.0,1109.85,1107.07,1109.85,1104.28,0.503,65.2,0.034,0,2026-08-18,2026-08-19,False,False,5.0,2026-08-19T10:46:13+05:30
DMART,4004.17,TOUCHED,-0.29,below,3992.7,4004.17,4013.33,4022.5,4004.17,0.457,65.5,0.028,0,2026-08-17,2026-08-19,False,False,5.0,2026-08-19T10:46:13+05:30
ALKEM,5464.0,TOUCHED,0.02,above,5465.0,5464.0,5453.0,5464.0,5442.0,0.403,65.8,0.026,0,2026-08-18,2026-08-19,False,False,5.0,2026-08-19T10:46:13+05:30
ELGIEQUIP,620.0,TOUCHED,0.98,above,626.1,620.0,618.07,620.0,616.13,0.626,66.0,0.04,0,2026-08-18,2026-08-19,False,False,5.0,2026-08-19T10:46:13+05:30
INDGN,564.5,TOUCHED,-0.12,inside,563.8,564.5,564.5,566.1,562.9,0.567,66.0,0.023,0,2026-08-18,2026-08-19,False,False,5.0,2026-08-19T10:46:13+05:30
ABCAPITAL,398.3,TOUCHED,-0.85,below,394.9,398.3,399.53,400.77,398.3,0.617,66.3,0.038,0,2026-08-18,2026-08-19,False,False,5.0,2026-08-19T10:46:13+05:30
SONACOMS,821.56,TOUCHED,0.42,above,825.0,821.56,819.12,821.56,816.67,0.596,66.3,0.033,0,2026-08-18,2026-08-19,False,False,5.0,2026-08-19T10:46:13+05:30
AWL,190.55,TOUCHED,-0.63,below,189.36,190.55,191.07,191.58,190.55,0.537,66.6,0.044,0,2026-08-18,2026-08-19,False,False,5.0,2026-08-19T10:46:13+05:30
BDL,1378.0,TOUCHED,-0.94,below,1365.0,1378.0,1383.0,1388.0,1378.0,0.723,66.8,0.049,0,2026-08-18,2026-08-19,False,False,5.0,2026-08-19T10:46:13+05:30
GRANULES,853.95,TOUCHED,-0.48,below,849.85,853.95,856.48,859.02,853.95,0.592,66.8,0.037,0,2026-08-17,2026-08-19,False,False,5.0,2026-08-19T10:46:13+05:30
ADANIGREEN,1312.73,TOUCHED,-1.84,below,1288.6,1312.73,1317.47,1322.2,1312.73,0.719,67.1,0.045,0,2026-08-18,2026-08-19,False,False,5.0,2026-08-19T10:46:13+05:30
FLUOROCHEM,4713.0,TOUCHED,0.2,above,4722.3,4713.0,4700.27,4713.0,4687.53,0.542,67.1,0.022,0,2026-08-18,2026-08-19,False,False,5.0,2026-08-19T10:46:13+05:30
PWL,120.33,TOUCHED,-1.14,below,118.95,120.33,120.9,121.48,120.33,0.951,67.6,0.074,0,2026-08-18,2026-08-19,False,False,5.0,2026-08-19T10:46:13+05:30
LINDEINDIA,6692.33,TOUCHED,0.25,inside,6709.0,6692.33,6692.33,6712.17,6672.5,0.593,67.7,0.025,0,2026-08-17,2026-08-19,False,False,5.0,2026-08-19T10:46:13+05:30
RITES,219.79,TOUCHED,-0.03,inside,219.71,219.79,219.79,220.43,219.14,0.59,67.7,0.025,0,2026-08-18,2026-08-19,False,False,5.0,2026-08-19T10:46:13+05:30
ASAHIINDIA,952.85,TOUCHED,-0.34,below,949.65,952.85,956.17,959.48,952.85,0.694,67.9,0.045,0,2026-08-18,2026-08-19,False,False,5.0,2026-08-19T10:46:13+05:30
JSWSTEEL,1272.8,TOUCHED,0.1,inside,1274.1,1272.8,1272.8,1275.4,1270.2,0.409,67.9,0.025,0,2026-08-18,2026-08-19,False,False,5.0,2026-08-19T10:46:13+05:30
OFSS,11727.0,TOUCHED,0.18,above,11748.0,11727.0,11692.33,11727.0,11657.67,0.593,68.5,0.029,0,2026-08-18,2026-08-19,False,False,5.0,2026-08-19T10:46:13+05:30
TCS,2284.5,TOUCHED,-0.73,below,2267.9,2284.5,2289.0,2293.5,2284.5,0.393,68.5,0.029,0,2026-08-18,2026-08-19,False,False,5.0,2026-08-19T10:46:13+05:30
ENRIN,3570.1,TOUCHED,-2.92,below,3466.0,3570.1,3581.97,3593.83,3570.1,0.663,68.6,0.028,0,2026-08-17,2026-08-19,False,False,5.0,2026-08-19T10:46:13+05:30
ACMESOLAR,370.29,TOUCHED,0.14,above,370.8,370.29,368.83,370.29,367.38,0.791,68.8,0.05,0,2026-08-18,2026-08-19,False,False,5.0,2026-08-19T10:46:13+05:30
IRFC,86.34,TOUCHED,-1.08,below,85.41,86.34,86.57,86.81,86.34,0.535,68.8,0.033,0,2026-08-18,2026-08-19,False,False,5.0,2026-08-19T10:46:13+05:30
PHOENIXLTD,1912.95,TOUCHED,-0.07,below,1911.7,1912.95,1918.57,1924.18,1912.95,0.586,69.0,0.047,0,2026-08-17,2026-08-19,False,False,5.0,2026-08-19T10:46:13+05:30
INFY,1119.8,TOUCHED,-0.07,inside,1119.0,1119.8,1119.8,1122.2,1117.4,0.429,69.3,0.029,0,2026-08-18,2026-08-19,False,False,5.0,2026-08-19T10:46:13+05:30
MAPMYINDIA,1005.6,TOUCHED,-0.02,inside,1005.4,1005.6,1005.6,1009.1,1002.1,0.696,69.3,0.031,0,2026-08-18,2026-08-19,False,False,5.0,2026-08-19T10:46:13+05:30
HEXT,557.23,TOUCHED,-0.08,inside,556.8,557.23,557.23,559.48,554.99,0.805,69.6,0.045,0,2026-08-18,2026-08-19,False,False,5.0,2026-08-19T10:46:13+05:30
KIMS,806.05,TOUCHED,-0.3,inside,803.6,806.05,806.05,808.88,803.23,0.701,69.6,0.04,0,2026-08-17,2026-08-19,False,False,5.0,2026-08-19T10:46:13+05:30
IRCTC,494.2,TOUCHED,-0.5,below,491.75,494.2,495.35,496.5,494.2,0.464,69.9,0.037,0,2026-08-18,2026-08-19,False,False,5.0,2026-08-19T10:46:13+05:30
GLAND,2868.23,TOUCHED,-0.57,below,2852.0,2868.23,2877.87,2887.5,2868.23,0.669,70.1,0.04,0,2026-08-18,2026-08-19,False,False,5.0,2026-08-19T10:46:13+05:30
GRSE,2652.63,TOUCHED,-0.18,inside,2647.8,2652.63,2652.63,2664.82,2640.45,0.919,70.1,0.074,0,2026-08-18,2026-08-19,False,False,5.0,2026-08-19T10:46:13+05:30
HONAUT,36492.5,TOUCHED,-1.01,below,36125.0,36492.5,36585.0,36677.5,36492.5,0.506,70.7,0.022,0,2026-08-17,2026-08-19,False,False,5.0,2026-08-19T10:46:13+05:30
VTL,599.0,TOUCHED,-1.08,below,592.55,599.0,601.08,603.17,599.0,0.693,71.2,0.031,0,2026-08-17,2026-08-19,False,False,5.0,2026-08-19T10:46:13+05:30
ADANIENSOL,1594.95,TOUCHED,-2.28,below,1558.6,1594.95,1600.8,1606.65,1594.95,0.731,71.8,0.031,0,2026-08-17,2026-08-19,False,False,5.0,2026-08-19T10:46:13+05:30
FORTIS,917.05,TOUCHED,0.22,above,919.05,917.05,914.28,917.05,911.52,0.605,72.3,0.031,0,2026-08-17,2026-08-19,False,False,5.0,2026-08-19T10:46:13+05:30
ITC,270.47,TOUCHED,-0.67,below,268.65,270.47,270.93,271.4,270.47,0.344,72.6,0.021,0,2026-08-18,2026-08-19,False,False,5.0,2026-08-19T10:46:13+05:30
HINDUNILVR,2039.15,TOUCHED,-0.87,below,2021.5,2039.15,2043.3,2047.45,2039.15,0.406,72.9,0.015,0,2026-08-18,2026-08-19,False,False,5.0,2026-08-19T10:46:13+05:30
UPL,561.71,TOUCHED,-0.23,below,560.4,561.71,563.37,565.02,561.71,0.589,73.4,0.018,0,2026-08-18,2026-08-19,False,False,5.0,2026-08-19T10:46:13+05:30
SAILIFE,1421.53,TOUCHED,-0.14,below,1419.5,1421.53,1426.67,1431.8,1421.53,0.72,74.0,0.04,0,2026-08-17,2026-08-19,False,False,5.0,2026-08-19T10:46:13+05:30
PFIZER,4870.1,TOUCHED,1.23,above,4930.0,4870.1,4856.43,4870.1,4842.77,0.563,75.3,0.025,0,2026-08-17,2026-08-19,False,False,5.0,2026-08-19T10:46:13+05:30
HINDPETRO,367.28,TOUCHED,-0.61,below,365.05,367.28,368.57,369.85,367.28,0.696,75.9,0.034,0,2026-08-18,2026-08-19,False,False,5.0,2026-08-19T10:46:13+05:30
BALRAMCHIN,659.95,TOUCHED,0.82,above,665.35,659.95,657.72,659.95,655.48,0.679,76.2,0.039,0,2026-08-18,2026-08-19,False,False,5.0,2026-08-19T10:46:13+05:30
IDEA,13.98,TOUCHED,-0.33,inside,13.93,13.98,13.98,14.05,13.91,1.026,76.4,0.046,0,2026-08-18,2026-08-19,False,False,5.0,2026-08-19T10:46:13+05:30
TATACONSUM,1064.52,TOUCHED,-0.24,below,1062.0,1064.52,1067.43,1070.35,1064.52,0.546,76.4,0.027,0,2026-08-18,2026-08-19,False,False,5.0,2026-08-19T10:46:13+05:30
PERSISTENT,5485.5,TOUCHED,0.27,inside,5500.5,5485.5,5485.5,5507.0,5464.0,0.784,76.7,0.018,0,2026-08-18,2026-08-19,False,False,5.0,2026-08-19T10:46:13+05:30
KOTAKBANK,388.52,TOUCHED,-0.15,below,387.95,388.52,389.4,390.27,388.52,0.449,77.0,0.024,0,2026-08-18,2026-08-19,False,False,5.0,2026-08-19T10:46:13+05:30
GRAVITA,1805.57,TOUCHED,-0.42,inside,1798.0,1805.57,1805.57,1813.63,1797.5,0.894,77.3,0.033,0,2026-08-17,2026-08-19,False,False,5.0,2026-08-19T10:46:13+05:30
TATACHEM,655.01,TOUCHED,-1.02,below,648.35,655.01,657.02,659.02,655.01,0.611,77.3,0.02,0,2026-08-18,2026-08-19,False,False,5.0,2026-08-19T10:46:13+05:30
CARBORUNIV,1127.05,TOUCHED,-2.87,below,1094.7,1127.05,1131.4,1135.75,1127.05,0.769,78.1,0.029,0,2026-08-17,2026-08-19,False,False,5.0,2026-08-19T10:46:13+05:30
JKCEMENT,5298.0,TOUCHED,0.15,inside,5306.0,5298.0,5298.0,5319.0,5277.0,0.793,78.6,0.033,0,2026-08-17,2026-08-19,False,False,5.0,2026-08-19T10:46:13+05:30
MARUTI,13724.17,TOUCHED,-0.39,below,13671.0,13724.17,13757.33,13790.5,13724.17,0.482,78.6,0.017,0,2026-08-18,2026-08-19,False,False,5.0,2026-08-19T10:46:13+05:30
NUVAMA,1723.33,TOUCHED,0.39,above,1730.0,1723.33,1715.47,1723.33,1707.6,0.917,78.6,0.025,0,2026-08-17,2026-08-19,False,False,5.0,2026-08-19T10:46:13+05:30
VMM,104.11,TOUCHED,-0.33,below,103.77,104.11,104.52,104.92,104.11,0.772,78.6,0.026,0,2026-08-18,2026-08-19,False,False,5.0,2026-08-19T10:46:13+05:30
WELSPUNLIV,176.98,TOUCHED,0.53,above,177.92,176.98,176.16,176.98,175.35,0.923,78.6,0.042,0,2026-08-18,2026-08-19,False,False,5.0,2026-08-19T10:46:13+05:30
TECHNOE,997.56,TOUCHED,0.74,above,1004.95,997.56,992.67,997.56,987.77,0.986,78.9,0.05,0,2026-08-18,2026-08-19,False,False,5.0,2026-08-19T10:46:13+05:30
UNOMINDA,1264.58,TOUCHED,0.83,above,1275.1,1264.58,1259.27,1264.58,1253.95,0.844,79.2,0.05,0,2026-08-17,2026-08-19,False,False,5.0,2026-08-19T10:46:13+05:30
AIAENG,4417.57,TOUCHED,0.17,inside,4425.2,4417.57,4417.57,4432.58,4402.55,0.68,79.5,0.041,0,2026-08-18,2026-08-19,False,False,5.0,2026-08-19T10:46:13+05:30
JSWINFRA,331.02,TOUCHED,0.07,inside,331.25,331.02,331.02,332.2,329.83,0.715,79.7,0.029,0,2026-08-18,2026-08-19,False,False,5.0,2026-08-19T10:46:13+05:30
BPCL,311.44,TOUCHED,-1.31,below,307.35,311.44,312.58,313.72,311.44,0.73,80.0,0.021,0,2026-08-18,2026-08-19,False,False,5.0,2026-08-19T10:46:13+05:30
SAIL,171.58,TOUCHED,-0.19,inside,171.25,171.58,171.58,172.26,170.89,0.802,80.0,0.026,0,2026-08-18,2026-08-19,False,False,5.0,2026-08-19T10:46:13+05:30
UNITDSPR,1525.6,TOUCHED,-0.03,below,1525.1,1525.6,1530.3,1535.0,1525.6,0.614,80.5,0.033,0,2026-08-18,2026-08-19,False,False,5.0,2026-08-19T10:46:13+05:30
ATUL,6631.58,TOUCHED,-1.5,below,6532.0,6631.58,6654.67,6677.75,6631.58,0.694,80.8,0.015,0,2026-08-18,2026-08-19,False,False,5.0,2026-08-19T10:46:13+05:30
AFFLE,1689.87,TOUCHED,0.14,inside,1692.2,1689.87,1689.87,1696.88,1682.85,0.83,81.1,0.032,0,2026-08-17,2026-08-19,False,False,5.0,2026-08-19T10:46:13+05:30
ANGELONE,290.43,TOUCHED,0.28,inside,291.25,290.43,290.43,291.97,288.9,1.056,81.1,0.029,0,2026-08-17,2026-08-19,False,False,5.0,2026-08-19T10:46:13+05:30
AIIL,554.66,TOUCHED,-1.21,below,547.95,554.66,557.82,560.98,554.66,1.132,81.6,0.055,0,2026-08-17,2026-08-19,False,False,5.0,2026-08-19T10:46:13+05:30
DEEPAKFERT,1479.37,TOUCHED,-1.08,below,1463.4,1479.37,1486.73,1494.1,1479.37,0.991,81.9,0.044,0,2026-08-18,2026-08-19,False,False,5.0,2026-08-19T10:46:13+05:30
BEML,1945.27,TOUCHED,0.4,inside,1953.1,1945.27,1945.27,1955.38,1935.15,1.04,83.0,0.028,0,2026-08-18,2026-08-19,False,False,5.0,2026-08-19T10:46:13+05:30
EMCURE,1893.27,TOUCHED,0.2,inside,1897.1,1893.27,1893.27,1902.95,1883.58,1.023,83.0,0.029,0,2026-08-17,2026-08-19,False,False,5.0,2026-08-19T10:46:13+05:30
NETWEB,5244.6,TOUCHED,-2.08,below,5135.5,5244.6,5281.23,5317.87,5244.6,1.387,83.0,0.055,0,2026-08-18,2026-08-19,False,False,5.0,2026-08-19T10:46:13+05:30
EXIDEIND,467.06,TOUCHED,-0.74,below,463.6,467.06,468.87,470.68,467.06,0.771,83.3,0.027,0,2026-08-18,2026-08-19,False,False,5.0,2026-08-19T10:46:13+05:30
YESBANK,22.63,TOUCHED,0.24,inside,22.68,22.63,22.63,22.71,22.54,0.737,83.3,0.04,0,2026-08-18,2026-08-19,False,False,5.0,2026-08-19T10:46:13+05:30
DATAPATTNS,4703.97,TOUCHED,1.22,above,4761.4,4703.97,4670.73,4703.97,4637.5,1.423,83.8,0.075,0,2026-08-18,2026-08-19,False,False,5.0,2026-08-19T10:46:13+05:30
KPRMILL,1124.53,TOUCHED,-0.39,inside,1120.2,1124.53,1124.53,1130.07,1119.0,0.984,83.8,0.054,0,2026-08-17,2026-08-19,False,False,5.0,2026-08-19T10:46:13+05:30
TRIDENT,24.56,TOUCHED,-0.37,below,24.47,24.56,24.65,24.74,24.56,0.744,83.8,0.028,0,2026-08-18,2026-08-19,False,False,5.0,2026-08-19T10:46:13+05:30
TATATECH,845.2,TOUCHED,-2.79,below,821.6,845.2,848.75,852.3,845.2,0.837,84.4,0.035,0,2026-08-17,2026-08-19,False,False,5.0,2026-08-19T10:46:13+05:30
UNIONBANK,187.19,TOUCHED,-0.37,inside,186.5,187.19,187.19,188.04,186.35,0.905,84.7,0.048,0,2026-08-18,2026-08-19,False,False,5.0,2026-08-19T10:46:13+05:30
LALPATHLAB,1885.05,TOUCHED,-0.37,below,1878.1,1885.05,1892.8,1900.55,1885.05,0.819,86.3,0.043,0,2026-08-17,2026-08-19,False,False,5.0,2026-08-19T10:46:13+05:30
TRITURBINE,584.75,TOUCHED,-3.7,below,563.1,584.75,587.6,590.45,584.75,0.97,86.3,0.021,0,2026-08-18,2026-08-19,False,False,5.0,2026-08-19T10:46:13+05:30
MCX,3004.67,TOUCHED,-0.01,inside,3004.5,3004.67,3004.67,3022.33,2987.0,1.176,86.6,0.058,0,2026-08-18,2026-08-19,False,False,5.0,2026-08-19T10:46:13+05:30
NYKAA,324.53,TOUCHED,0.07,above,324.75,324.53,323.22,324.53,321.91,0.81,86.6,0.027,0,2026-08-18,2026-08-19,False,False,5.0,2026-08-19T10:46:13+05:30
PAYTM,1572.65,TOUCHED,1.99,above,1604.0,1572.65,1563.87,1572.65,1555.08,1.123,86.8,0.057,0,2026-08-18,2026-08-19,False,False,5.0,2026-08-19T10:46:13+05:30
APOLLOHOSP,8851.92,TOUCHED,-0.03,below,8849.0,8851.92,8878.33,8904.75,8851.92,0.595,87.1,0.017,0,2026-08-17,2026-08-19,False,False,5.0,2026-08-19T10:46:13+05:30
CHALET,832.7,TOUCHED,-0.92,below,825.05,832.7,836.7,840.7,832.7,0.956,87.7,0.023,0,2026-08-17,2026-08-19,False,False,5.0,2026-08-19T10:46:13+05:30
LTM,4602.8,TOUCHED,-0.42,inside,4583.3,4602.8,4602.8,4623.1,4582.5,0.882,87.9,0.032,0,2026-08-18,2026-08-19,False,False,5.0,2026-08-19T10:46:13+05:30
MPHASIS,2444.07,TOUCHED,-1.28,below,2412.9,2444.07,2456.13,2468.2,2444.07,0.983,88.8,0.024,0,2026-08-18,2026-08-19,False,False,5.0,2026-08-19T10:46:13+05:30
SCHNEIDER,1255.5,TOUCHED,-0.68,inside,1247.0,1255.5,1255.5,1264.95,1246.05,1.505,89.0,0.027,0,2026-08-18,2026-08-19,False,False,5.0,2026-08-19T10:46:13+05:30
FIRSTCRY,206.13,TOUCHED,-0.56,below,204.98,206.13,207.61,209.09,206.13,1.424,90.7,0.066,0,2026-08-18,2026-08-19,False,False,5.0,2026-08-19T10:46:13+05:30
MAXHEALTH,1004.5,TOUCHED,0.45,inside,1009.0,1004.5,1004.5,1009.45,999.55,0.986,90.7,0.037,0,2026-08-18,2026-08-19,False,False,5.0,2026-08-19T10:46:13+05:30
LODHA,1219.25,TOUCHED,-0.95,below,1207.7,1219.25,1227.4,1235.55,1219.25,1.328,91.2,0.031,0,2026-08-18,2026-08-19,False,False,5.0,2026-08-19T10:46:13+05:30
WIPRO,179.37,TOUCHED,-0.29,inside,178.85,179.37,179.37,180.03,178.71,0.73,91.8,0.013,0,2026-08-18,2026-08-19,False,False,5.0,2026-08-19T10:46:13+05:30
J&KBANK,149.97,TOUCHED,-0.14,inside,149.75,149.97,149.97,150.97,148.97,1.331,92.3,0.029,0,2026-08-17,2026-08-19,False,False,5.0,2026-08-19T10:46:13+05:30
ZYDUSLIFE,1120.35,TOUCHED,-0.12,below,1119.0,1120.35,1125.1,1129.85,1120.35,0.844,92.3,0.024,0,2026-08-18,2026-08-19,False,False,5.0,2026-08-19T10:46:13+05:30
AFCONS,278.72,TOUCHED,0.03,above,278.8,278.72,277.18,278.72,275.65,1.106,93.4,0.024,0,2026-08-18,2026-08-19,False,False,5.0,2026-08-19T10:46:13+05:30
NAM-INDIA,1187.03,TOUCHED,0.33,inside,1190.9,1187.03,1187.03,1194.87,1179.2,1.32,93.7,0.032,0,2026-08-17,2026-08-19,False,False,5.0,2026-08-19T10:46:13+05:30
PAGEIND,36402.35,TOUCHED,-1.9,below,35710.0,36402.35,36579.71,36757.06,36402.35,0.97,93.7,0.027,0,2026-08-18,2026-08-19,False,False,5.0,2026-08-19T10:46:13+05:30
MRPL,179.16,TOUCHED,-0.33,below,178.56,179.16,180.88,182.6,179.16,1.902,94.0,0.056,0,2026-08-18,2026-08-19,False,False,5.0,2026-08-19T10:46:13+05:30
PFOCUS,283.0,TOUCHED,0.11,above,283.3,283.0,279.75,283.0,276.5,2.324,94.0,0.053,0,2026-08-18,2026-08-19,False,False,5.0,2026-08-19T10:46:13+05:30
HEG,722.5,TOUCHED,-0.52,below,718.75,722.5,728.08,733.67,722.5,1.534,94.2,0.045,0,2026-08-18,2026-08-19,False,False,5.0,2026-08-19T10:46:13+05:30
APARINDS,16747.0,TOUCHED,-1.36,below,16520.0,16747.0,16902.67,17058.33,16747.0,1.842,94.5,0.055,0,2026-08-18,2026-08-19,False,False,5.0,2026-08-19T10:46:13+05:30
TBOTEK,1673.57,TOUCHED,0.15,inside,1676.1,1673.57,1673.57,1686.78,1660.35,1.579,94.8,0.033,0,2026-08-17,2026-08-19,False,False,5.0,2026-08-19T10:46:13+05:30
COLPAL,1912.1,TOUCHED,-1.11,below,1890.9,1912.1,1921.2,1930.3,1912.1,0.947,95.1,0.024,0,2026-08-18,2026-08-19,False,False,5.0,2026-08-19T10:46:13+05:30
MFSL,1555.2,TOUCHED,0.28,inside,1559.5,1555.2,1555.2,1563.45,1546.95,1.061,95.3,0.019,0,2026-08-17,2026-08-19,False,False,5.0,2026-08-19T10:46:13+05:30
ZENTEC,1933.8,TOUCHED,-0.25,below,1929.0,1933.8,1950.0,1966.2,1933.8,1.662,95.6,0.016,0,2026-08-18,2026-08-19,False,False,5.0,2026-08-19T10:46:13+05:30
ACUTAAS,3327.03,TOUCHED,-0.16,inside,3321.6,3327.03,3327.03,3359.22,3294.85,1.935,95.9,0.036,0,2026-08-18,2026-08-19,False,False,5.0,2026-08-19T10:46:13+05:30
TORNTPOWER,1272.4,TOUCHED,-1.63,below,1251.6,1272.4,1280.7,1289.0,1272.4,1.296,95.9,0.031,0,2026-08-18,2026-08-19,False,False,5.0,2026-08-19T10:46:13+05:30
HDBFS,687.92,TOUCHED,-0.18,below,686.7,687.92,691.33,694.74,687.92,0.986,96.1,0.023,0,2026-08-18,2026-08-19,False,False,5.0,2026-08-19T10:46:13+05:30
PPLPHARMA,207.41,TOUCHED,0.59,inside,208.63,207.41,207.41,208.97,205.85,1.504,96.2,0.044,0,2026-08-18,2026-08-19,False,False,5.0,2026-08-19T10:46:13+05:30
JYOTICNC,920.79,TOUCHED,0.42,above,924.7,920.79,912.38,920.79,903.98,1.843,96.4,0.027,0,2026-08-18,2026-08-19,False,False,5.0,2026-08-19T10:46:13+05:30
ADANIPORTS,1691.02,V+N,-1.29,below,1669.2,1691.02,1691.03,1691.05,1691.02,0.002,1.6,0.02,1,2026-08-17,2026-08-19,True,True,5.0,2026-08-19T11:36:56+05:30
LEMONTREE,109.0,V+N,-0.42,below,108.55,109.0,109.01,109.01,109.0,0.009,1.9,0.023,1,2026-08-18,2026-08-19,True,True,5.0,2026-08-19T11:36:56+05:30
COROMANDEL,2097.65,V+N,-2.18,below,2052.0,2097.65,2097.73,2097.82,2097.65,0.008,2.2,0.035,1,2026-08-17,2026-08-19,True,True,5.0,2026-08-19T11:36:56+05:30
RAILTEL,280.02,V+N,2.51,above,287.05,280.02,280.0,280.02,279.98,0.018,2.5,0.042,1,2026-08-17,2026-08-19,True,True,5.0,2026-08-19T11:36:56+05:30
ESCORTS,3134.05,V+N,-2.59,below,3053.0,3134.05,3134.5,3134.95,3134.05,0.029,2.7,0.041,1,2026-08-17,2026-08-19,True,True,5.0,2026-08-19T11:36:56+05:30
BIKAJI,613.68,V+N,-0.23,below,612.25,613.68,613.72,613.75,613.68,0.011,3.0,0.018,1,2026-08-17,2026-08-19,True,True,5.0,2026-08-19T11:36:56+05:30
MANKIND,2379.72,V+N,0.52,above,2392.1,2379.72,2379.43,2379.72,2379.15,0.024,3.3,0.038,1,2026-08-18,2026-08-19,True,True,5.0,2026-08-19T11:36:56+05:30
ABBOTINDIA,26900.0,V+N,-1.51,below,26495.0,26900.0,26901.67,26903.33,26900.0,0.012,3.6,0.034,1,2026-08-17,2026-08-19,True,True,5.0,2026-08-19T11:36:56+05:30
CGPOWER,894.3,V+N,-3.34,below,864.45,894.3,894.4,894.5,894.3,0.022,3.8,0.035,1,2026-08-18,2026-08-19,True,True,5.0,2026-08-19T11:36:56+05:30
GALLANTT,583.11,V+N,-1.54,below,574.15,583.11,583.27,583.43,583.11,0.054,4.7,0.062,1,2026-08-17,2026-08-19,True,True,5.0,2026-08-19T11:36:56+05:30
LGEINDIA,1680.58,V+W,-3.59,below,1620.3,1680.58,1693.57,1706.55,1680.58,1.533,97.6,0.01,1,2026-08-17,2026-08-19,True,False,5.0,2026-08-19T11:36:56+05:30
SBICARD,619.51,V+W,-0.8,below,614.55,619.51,624.02,628.53,619.51,1.445,98.1,0.029,1,2026-08-18,2026-08-19,True,False,5.0,2026-08-19T11:36:56+05:30
GPIL,248.2,V+W,1.05,above,250.8,248.2,245.57,248.2,242.95,2.136,98.9,0.023,1,2026-08-17,2026-08-19,True,False,5.0,2026-08-19T11:36:56+05:30
RRKABEL,2750.95,V,3.93,above,2859.2,2750.95,2750.17,2750.95,2749.38,0.057,5.5,0.045,1,2026-08-17,2026-08-19,True,False,5.0,2026-08-19T11:36:56+05:30
ZFCVINDIA,2623.13,V,0.35,above,2632.2,2623.13,2622.57,2623.13,2622.0,0.043,5.5,0.038,1,2026-08-17,2026-08-19,True,False,5.0,2026-08-19T11:36:56+05:30
NATIONALUM,388.11,V,-1.14,below,383.7,388.11,388.22,388.32,388.11,0.056,6.8,0.04,1,2026-08-18,2026-08-19,True,False,5.0,2026-08-19T11:36:56+05:30
NMDC,84.21,V,-0.88,below,83.47,84.21,84.23,84.26,84.21,0.051,7.9,0.028,1,2026-08-18,2026-08-19,True,False,5.0,2026-08-19T11:36:56+05:30
ONGC,239.66,V,0.83,above,241.65,239.66,239.61,239.66,239.55,0.045,9.3,0.028,1,2026-08-18,2026-08-19,True,False,5.0,2026-08-19T11:36:56+05:30
ITCHOTELS,166.17,V,-0.98,below,164.53,166.17,166.23,166.3,166.17,0.078,9.6,0.038,1,2026-08-17,2026-08-19,True,False,5.0,2026-08-19T11:36:56+05:30
SPLPETRO,722.42,V,-2.52,below,704.25,722.42,722.77,723.11,722.42,0.095,11.0,0.039,1,2026-08-17,2026-08-19,True,False,5.0,2026-08-19T11:36:56+05:30
ICICIPRULI,507.17,V,-2.03,below,496.85,507.17,507.33,507.5,507.17,0.066,13.2,0.023,1,2026-08-17,2026-08-19,True,False,5.0,2026-08-19T11:36:56+05:30
BERGEPAINT,548.62,V,-2.59,below,534.4,548.62,548.87,549.11,548.62,0.088,13.7,0.013,1,2026-08-17,2026-08-19,True,False,5.0,2026-08-19T11:36:56+05:30
KPITTECH,609.38,V,-2.85,below,592.0,609.38,609.75,610.12,609.38,0.123,14.8,0.044,1,2026-08-17,2026-08-19,True,False,5.0,2026-08-19T11:36:56+05:30
SIEMENS,3958.82,V,-1.36,below,3905.0,3958.82,3960.63,3962.45,3958.82,0.092,15.1,0.02,1,2026-08-18,2026-08-19,True,False,5.0,2026-08-19T11:36:56+05:30
CYIENT,859.82,V,3.38,above,888.85,859.82,859.4,859.82,858.97,0.099,15.9,0.024,1,2026-08-18,2026-08-19,True,False,5.0,2026-08-19T11:36:56+05:30
PIIND,2475.65,V,1.29,above,2507.7,2475.65,2474.43,2475.65,2473.22,0.098,17.3,0.03,1,2026-08-17,2026-08-19,True,False,5.0,2026-08-19T11:36:56+05:30
TATASTEEL,185.57,V,-0.73,below,184.22,185.57,185.65,185.72,185.57,0.079,17.5,0.019,1,2026-08-18,2026-08-19,True,False,5.0,2026-08-19T11:36:56+05:30
SJVN,66.6,V,-0.85,below,66.04,66.6,66.65,66.69,66.6,0.13,18.6,0.027,1,2026-08-17,2026-08-19,True,False,5.0,2026-08-19T11:36:56+05:30
POWERINDIA,35313.33,V,-4.63,below,33680.0,35313.33,35351.67,35390.0,35313.33,0.217,18.9,0.055,1,2026-08-18,2026-08-19,True,False,5.0,2026-08-19T11:36:56+05:30
ARE&M,943.78,V,-1.41,below,930.5,943.78,944.42,945.06,943.78,0.136,20.0,0.024,1,2026-08-17,2026-08-19,True,False,5.0,2026-08-19T11:36:56+05:30
MANAPPURAM,346.85,V,-2.31,below,338.85,346.85,347.1,347.35,346.85,0.144,20.3,0.027,1,2026-08-18,2026-08-19,True,False,5.0,2026-08-19T11:36:56+05:30
ONESOURCE,1553.25,V,-1.58,below,1528.7,1553.25,1554.9,1556.55,1553.25,0.212,20.8,0.052,1,2026-08-17,2026-08-19,True,False,5.0,2026-08-19T11:36:56+05:30
CREDITACC,1540.13,V,-0.98,below,1525.0,1540.13,1541.67,1543.2,1540.13,0.199,21.6,0.035,1,2026-08-17,2026-08-19,True,False,5.0,2026-08-19T11:36:56+05:30
MUTHOOTFIN,2896.75,V,-1.48,below,2853.9,2896.75,2899.4,2902.05,2896.75,0.183,22.2,0.04,1,2026-08-18,2026-08-19,True,False,5.0,2026-08-19T11:36:56+05:30
DELHIVERY,452.16,V,-0.97,below,447.75,452.16,452.52,452.88,452.16,0.158,22.7,0.019,1,2026-08-18,2026-08-19,True,False,5.0,2026-08-19T11:36:56+05:30
COFORGE,1778.6,V,1.43,above,1804.1,1778.6,1776.73,1778.6,1774.87,0.21,23.0,0.032,1,2026-08-18,2026-08-19,True,False,5.0,2026-08-19T11:36:56+05:30
ENDURANCE,2975.05,V,0.53,above,2990.8,2975.05,2971.9,2975.05,2968.75,0.212,23.3,0.044,1,2026-08-17,2026-08-19,True,False,5.0,2026-08-19T11:36:56+05:30
ITI,276.96,V,1.08,above,279.95,276.96,276.67,276.96,276.38,0.211,23.3,0.035,1,2026-08-17,2026-08-19,True,False,5.0,2026-08-19T11:36:56+05:30
KAJARIACER,1248.2,V,-3.09,below,1209.6,1248.2,1249.33,1250.47,1248.2,0.181,23.3,0.028,1,2026-08-17,2026-08-19,True,False,5.0,2026-08-19T11:36:56+05:30
RPOWER,22.49,V,-2.25,below,21.98,22.49,22.52,22.56,22.49,0.311,23.3,0.076,1,2026-08-18,2026-08-19,True,False,5.0,2026-08-19T11:36:56+05:30
DABUR,403.82,V,-0.81,below,400.55,403.82,404.13,404.45,403.82,0.157,24.4,0.033,1,2026-08-18,2026-08-19,True,False,5.0,2026-08-19T11:36:56+05:30
AMBUJACEM,412.73,V,-1.49,below,406.6,412.73,413.07,413.4,412.73,0.161,26.0,0.035,1,2026-08-18,2026-08-19,True,False,5.0,2026-08-19T11:36:56+05:30
ANURAS,1209.5,V,1.23,above,1224.4,1209.5,1208.5,1209.5,1207.5,0.165,26.8,0.025,1,2026-08-18,2026-08-19,True,False,5.0,2026-08-19T11:36:56+05:30
TITAGARH,824.65,V,1.72,above,838.85,824.65,823.42,824.65,822.18,0.3,29.6,0.052,1,2026-08-17,2026-08-19,True,False,5.0,2026-08-19T11:36:56+05:30
GESHIP,1301.12,V,1.35,above,1318.7,1301.12,1299.33,1301.12,1297.55,0.275,30.1,0.037,1,2026-08-18,2026-08-19,True,False,5.0,2026-08-19T11:36:56+05:30
NIVABUPA,82.92,V,1.74,above,84.37,82.92,82.85,82.92,82.78,0.173,30.1,0.018,1,2026-08-17,2026-08-19,True,False,5.0,2026-08-19T11:36:56+05:30
BLUEJET,591.99,V,0.68,above,596.0,591.99,590.78,591.99,589.58,0.409,30.7,0.042,1,2026-08-17,2026-08-19,True,False,5.0,2026-08-19T11:36:56+05:30
PVRINOX,1190.43,V,0.41,above,1195.3,1190.43,1188.87,1190.43,1187.3,0.264,31.0,0.029,1,2026-08-17,2026-08-19,True,False,5.0,2026-08-19T11:36:56+05:30
SAMMAANCAP,149.98,V,2.68,above,154.0,149.98,149.73,149.98,149.47,0.336,31.8,0.041,1,2026-08-18,2026-08-19,True,False,5.0,2026-08-19T11:36:56+05:30
MEDANTA,1420.25,V,1.24,above,1437.8,1420.25,1418.53,1420.25,1416.82,0.242,32.3,0.028,1,2026-08-17,2026-08-19,True,False,5.0,2026-08-19T11:36:56+05:30
HINDALCO,1042.5,V,-1.14,below,1030.65,1042.5,1043.4,1044.3,1042.5,0.173,32.6,0.011,1,2026-08-18,2026-08-19,True,False,5.0,2026-08-19T11:36:56+05:30
JBMA,622.26,V,-1.01,below,615.95,622.26,623.17,624.08,622.26,0.292,32.9,0.033,1,2026-08-17,2026-08-19,True,False,5.0,2026-08-19T11:36:56+05:30
CRAFTSMAN,10466.0,V,2.59,above,10737.0,10466.0,10452.0,10466.0,10438.0,0.268,33.2,0.057,1,2026-08-17,2026-08-19,True,False,5.0,2026-08-19T11:36:56+05:30
TRAVELFOOD,1360.18,V,-2.42,below,1327.3,1360.18,1362.17,1364.15,1360.18,0.291,33.8,0.032,1,2026-08-17,2026-08-19,True,False,5.0,2026-08-19T11:36:56+05:30
DIVISLAB,8506.75,V,0.14,above,8518.5,8506.75,8498.33,8506.75,8489.92,0.198,35.3,0.021,1,2026-08-17,2026-08-19,True,False,5.0,2026-08-19T11:36:56+05:30
ECLERX,1852.78,V,-1.02,below,1833.9,1852.78,1856.67,1860.55,1852.78,0.418,35.3,0.039,1,2026-08-17,2026-08-19,True,False,5.0,2026-08-19T11:36:56+05:30
WELCORP,1914.22,V,2.53,above,1962.6,1914.22,1911.33,1914.22,1908.45,0.302,35.3,0.053,1,2026-08-18,2026-08-19,True,False,5.0,2026-08-19T11:36:56+05:30
FEDERALBNK,353.75,V,1.12,above,357.7,353.75,353.4,353.75,353.05,0.198,35.6,0.027,1,2026-08-17,2026-08-19,True,False,5.0,2026-08-19T11:36:56+05:30
KEI,5796.95,V,-1.54,below,5707.5,5796.95,5803.9,5810.85,5796.95,0.239,35.6,0.026,1,2026-08-18,2026-08-19,True,False,5.0,2026-08-19T11:36:56+05:30
SCHAEFFLER,4044.95,V,1.64,above,4111.2,4044.95,4039.6,4044.95,4034.25,0.265,37.3,0.035,1,2026-08-17,2026-08-19,True,False,5.0,2026-08-19T11:36:56+05:30
NUVOCO,329.45,V,-2.47,below,321.3,329.45,330.0,330.55,329.45,0.333,39.2,0.042,1,2026-08-17,2026-08-19,True,False,5.0,2026-08-19T11:36:56+05:30
BAJAJFINSV,2007.57,V,-0.52,below,1997.2,2007.57,2010.13,2012.7,2007.57,0.255,40.3,0.02,1,2026-08-17,2026-08-19,True,False,5.0,2026-08-19T11:36:56+05:30
GLENMARK,2318.5,V,-3.57,below,2235.7,2318.5,2322.0,2325.5,2318.5,0.301,40.5,0.035,1,2026-08-17,2026-08-19,True,False,5.0,2026-08-19T11:36:56+05:30
GILLETTE,7579.83,V,-1.03,below,7502.0,7579.83,7590.17,7600.5,7579.83,0.272,41.1,0.029,1,2026-08-17,2026-08-19,True,False,5.0,2026-08-19T11:36:56+05:30
ATGL,650.4,V,1.89,above,662.7,650.4,649.37,650.4,648.33,0.318,41.6,0.031,1,2026-08-18,2026-08-19,True,False,5.0,2026-08-19T11:36:56+05:30
INDIGO,5282.83,V,-2.33,below,5160.0,5282.83,5290.17,5297.5,5282.83,0.277,42.2,0.024,1,2026-08-17,2026-08-19,True,False,5.0,2026-08-19T11:36:56+05:30
ABREL,1405.15,V,-1.15,below,1389.0,1405.15,1408.2,1411.25,1405.15,0.433,42.5,0.025,1,2026-08-17,2026-08-19,True,False,5.0,2026-08-19T11:36:56+05:30
BAJAJHLDNG,11399.33,V,-0.8,below,11308.0,11399.33,11419.67,11440.0,11399.33,0.356,43.6,0.025,1,2026-08-17,2026-08-19,True,False,5.0,2026-08-19T11:36:56+05:30
UCOBANK,25.99,V,-0.88,below,25.76,25.99,26.03,26.07,25.99,0.307,43.6,0.013,1,2026-08-17,2026-08-19,True,False,5.0,2026-08-19T11:36:56+05:30
GICRE,354.97,V,1.38,above,359.85,354.97,354.43,354.97,353.9,0.301,44.7,0.032,1,2026-08-17,2026-08-19,True,False,5.0,2026-08-19T11:36:56+05:30
SARDAEN,522.36,V,-1.68,below,513.6,522.36,523.57,524.78,522.36,0.462,44.7,0.028,1,2026-08-17,2026-08-19,True,False,5.0,2026-08-19T11:36:56+05:30
CENTRALBK,31.07,V,-0.3,below,30.98,31.07,31.13,31.18,31.07,0.343,45.2,0.038,1,2026-08-18,2026-08-19,True,False,5.0,2026-08-19T11:36:56+05:30
VOLTAS,1255.1,V,-2.8,below,1219.9,1255.1,1257.3,1259.5,1255.1,0.35,45.2,0.038,1,2026-08-18,2026-08-19,True,False,5.0,2026-08-19T11:36:56+05:30
TENNIND,547.09,V,1.25,above,553.95,547.09,545.73,547.09,544.38,0.498,45.5,0.018,1,2026-08-17,2026-08-19,True,False,5.0,2026-08-19T11:36:56+05:30
CHOLAFIN,1871.38,V,-0.55,below,1861.0,1871.38,1874.77,1878.15,1871.38,0.361,45.8,0.041,1,2026-08-18,2026-08-19,True,False,5.0,2026-08-19T11:36:56+05:30
ABB,7671.17,V,-2.93,below,7446.5,7671.17,7682.33,7693.5,7671.17,0.291,46.0,0.023,1,2026-08-17,2026-08-19,True,False,5.0,2026-08-19T11:36:56+05:30
JMFINANCIL,126.83,V,-0.29,below,126.47,126.83,127.19,127.55,126.83,0.563,49.0,0.046,1,2026-08-17,2026-08-19,True,False,5.0,2026-08-19T11:36:56+05:30
APLAPOLLO,2091.65,V,0.93,above,2111.2,2091.65,2088.2,2091.65,2084.75,0.33,49.3,0.017,1,2026-08-17,2026-08-19,True,False,5.0,2026-08-19T11:36:56+05:30
IEX,124.63,V,-1.22,below,123.12,124.63,124.86,125.08,124.63,0.355,49.9,0.028,1,2026-08-17,2026-08-19,True,False,5.0,2026-08-19T11:36:56+05:30
TORNTPHARM,4892.17,V,1.8,above,4980.0,4892.17,4884.33,4892.17,4876.5,0.321,53.2,0.025,1,2026-08-17,2026-08-19,True,False,5.0,2026-08-19T11:36:56+05:30
BALKRISIND,2393.35,V,-1.77,below,2351.0,2393.35,2397.97,2402.58,2393.35,0.385,53.4,0.027,1,2026-08-17,2026-08-19,True,False,5.0,2026-08-19T11:36:56+05:30
JIOFIN,246.32,V,-0.86,below,244.2,246.32,246.83,247.35,246.32,0.419,55.3,0.022,1,2026-08-18,2026-08-19,True,False,5.0,2026-08-19T11:36:56+05:30
TATACAP,361.3,V,0.98,above,364.85,361.3,360.62,361.3,359.93,0.379,55.7,0.016,1,2026-08-17,2026-08-19,True,False,5.0,2026-08-19T11:36:56+05:30
JSWENERGY,549.45,V,-1.46,below,541.45,549.45,550.8,552.15,549.45,0.49,55.9,0.021,1,2026-08-18,2026-08-19,True,False,5.0,2026-08-19T11:36:56+05:30
IGL,150.34,V,2.05,above,153.42,150.34,150.02,150.34,149.71,0.422,56.2,0.047,1,2026-08-18,2026-08-19,True,False,5.0,2026-08-19T11:36:56+05:30
MGL,1118.87,V,3.01,above,1152.5,1118.87,1116.28,1118.87,1113.69,0.464,56.4,0.034,1,2026-08-17,2026-08-19,True,False,5.0,2026-08-19T11:36:56+05:30
HFCL,221.9,V,1.31,above,224.8,221.9,221.1,221.9,220.3,0.724,56.7,0.028,1,2026-08-17,2026-08-19,True,False,5.0,2026-08-19T11:36:56+05:30
POLYCAB,9159.08,V,-0.31,below,9131.0,9159.08,9179.17,9199.25,9159.08,0.438,57.5,0.035,1,2026-08-18,2026-08-19,True,False,5.0,2026-08-19T11:36:56+05:30
NBCC,88.27,V,-0.93,below,87.45,88.27,88.54,88.81,88.27,0.614,58.1,0.044,1,2026-08-18,2026-08-19,True,False,5.0,2026-08-19T11:36:56+05:30
CANBK,129.42,V,-0.55,below,128.7,129.42,129.73,130.05,129.42,0.488,58.6,0.023,1,2026-08-18,2026-08-19,True,False,5.0,2026-08-19T11:36:56+05:30
CHENNPETRO,1419.7,V,4.37,above,1481.8,1419.7,1414.47,1419.7,1409.23,0.74,58.6,0.026,1,2026-08-18,2026-08-19,True,False,5.0,2026-08-19T11:36:56+05:30
OLAELEC,38.77,V,-1.9,below,38.03,38.77,38.92,39.08,38.77,0.797,59.7,0.073,1,2026-08-18,2026-08-19,True,False,5.0,2026-08-19T11:36:56+05:30
CLEAN,832.98,V,-0.96,below,825.0,832.98,835.32,837.66,832.98,0.561,60.0,0.026,1,2026-08-17,2026-08-19,True,False,5.0,2026-08-19T11:36:56+05:30
APOLLOTYRE,437.72,V,-1.51,below,431.1,437.72,438.73,439.75,437.72,0.463,60.5,0.038,1,2026-08-17,2026-08-19,True,False,5.0,2026-08-19T11:36:56+05:30
BHEL,426.27,V,-2.07,below,417.45,426.27,427.55,428.82,426.27,0.596,62.2,0.051,1,2026-08-18,2026-08-19,True,False,5.0,2026-08-19T11:36:56+05:30
PETRONET,285.62,V,1.39,above,289.6,285.62,285.0,285.62,284.38,0.439,62.2,0.025,1,2026-08-18,2026-08-19,True,False,5.0,2026-08-19T11:36:56+05:30
SUZLON,47.92,V,-1.8,below,47.06,47.92,48.07,48.21,47.92,0.596,63.6,0.037,1,2026-08-18,2026-08-19,True,False,5.0,2026-08-19T11:36:56+05:30
PGEL,599.47,V,-0.5,below,596.45,599.47,601.93,604.4,599.47,0.82,63.8,0.054,1,2026-08-18,2026-08-19,True,False,5.0,2026-08-19T11:36:56+05:30
TATAINVEST,656.23,V,-1.02,below,649.55,656.23,657.92,659.6,656.23,0.512,64.9,0.023,1,2026-08-17,2026-08-19,True,False,5.0,2026-08-19T11:36:56+05:30
JAINREC,298.0,V,-2.05,below,291.9,298.0,299.3,300.6,298.0,0.869,65.0,0.06,1,2026-08-17,2026-08-19,True,False,5.0,2026-08-19T11:36:56+05:30
RAMCOCEM,915.62,V,-1.58,below,901.2,915.62,917.95,920.27,915.62,0.507,65.5,0.045,1,2026-08-17,2026-08-19,True,False,5.0,2026-08-19T11:36:56+05:30
BHARTIHEXA,1627.1,V,-2.59,below,1585.0,1627.1,1631.73,1636.37,1627.1,0.568,66.0,0.038,1,2026-08-17,2026-08-19,True,False,5.0,2026-08-19T11:36:56+05:30
BANDHANBNK,171.04,V,-1.48,below,168.5,171.04,171.57,172.11,171.04,0.624,66.3,0.026,1,2026-08-18,2026-08-19,True,False,5.0,2026-08-19T11:36:56+05:30
PCBL,325.57,V,1.36,above,330.0,325.57,324.6,325.57,323.62,0.601,66.3,0.057,1,2026-08-18,2026-08-19,True,False,5.0,2026-08-19T11:36:56+05:30
ABLBL,89.02,V,-1.7,below,87.51,89.02,89.32,89.62,89.02,0.675,67.2,0.055,1,2026-08-18,2026-08-19,True,False,5.0,2026-08-19T11:36:56+05:30
GVT&D,4212.67,V,-2.33,below,4114.4,4212.67,4230.33,4248.0,4212.67,0.835,67.9,0.025,1,2026-08-18,2026-08-19,True,False,5.0,2026-08-19T11:36:56+05:30
BOSCHLTD,47300.0,V,2.39,above,48430.0,47300.0,47190.0,47300.0,47080.0,0.466,68.5,0.029,1,2026-08-17,2026-08-19,True,False,5.0,2026-08-19T11:36:56+05:30
JUBLFOOD,507.2,V,-1.95,below,497.3,507.2,508.63,510.07,507.2,0.564,68.8,0.018,1,2026-08-17,2026-08-19,True,False,5.0,2026-08-19T11:36:56+05:30
PTCIL,19861.0,V,-3.15,below,19236.0,19861.0,19931.0,20001.0,19861.0,0.702,69.0,0.025,1,2026-08-18,2026-08-19,True,False,5.0,2026-08-19T11:36:56+05:30
INDUSTOWER,373.48,V,-0.65,below,371.05,373.48,374.57,375.65,373.48,0.578,71.0,0.022,1,2026-08-18,2026-08-19,True,False,5.0,2026-08-19T11:36:56+05:30
THERMAX,4093.87,V,-2.41,below,3995.0,4093.87,4107.83,4121.8,4093.87,0.68,72.9,0.022,1,2026-08-18,2026-08-19,True,False,5.0,2026-08-19T11:36:56+05:30
LUPIN,2243.15,V,-1.52,below,2209.0,2243.15,2248.43,2253.72,2243.15,0.47,73.4,0.028,1,2026-08-17,2026-08-19,True,False,5.0,2026-08-19T11:36:56+05:30
REDINGTON,334.32,V,-2.85,below,324.8,334.32,335.83,337.35,334.32,0.903,74.5,0.038,1,2026-08-17,2026-08-19,True,False,5.0,2026-08-19T11:36:56+05:30
COALINDIA,407.84,V,-1.76,below,400.65,407.84,408.78,409.73,407.84,0.461,74.8,0.023,1,2026-08-18,2026-08-19,True,False,5.0,2026-08-19T11:36:56+05:30
HINDZINC,559.85,V,-1.49,below,551.5,559.85,561.7,563.55,559.85,0.659,75.6,0.041,1,2026-08-18,2026-08-19,True,False,5.0,2026-08-19T11:36:56+05:30
CESC,162.57,V,-1.6,below,159.97,162.57,163.17,163.76,162.57,0.727,77.3,0.037,1,2026-08-18,2026-08-19,True,False,5.0,2026-08-19T11:36:56+05:30
IFCI,80.93,V,2.18,above,82.7,80.93,80.51,80.93,80.08,1.06,77.3,0.1,1,2026-08-18,2026-08-19,True,False,5.0,2026-08-19T11:36:56+05:30
LATENTVIEW,282.79,V,-2.93,below,274.5,282.79,283.98,285.18,282.79,0.839,77.8,0.035,1,2026-08-18,2026-08-19,True,False,5.0,2026-08-19T11:36:56+05:30
ULTRACEMCO,11528.17,V,-0.43,below,11479.0,11528.17,11557.33,11586.5,11528.17,0.505,77.8,0.026,1,2026-08-18,2026-08-19,True,False,5.0,2026-08-19T11:36:56+05:30
GODREJPROP,2005.82,V,-0.82,below,1989.3,2005.82,2014.23,2022.65,2005.82,0.836,78.1,0.045,1,2026-08-18,2026-08-19,True,False,5.0,2026-08-19T11:36:56+05:30
SBIN,1055.45,V,-0.6,below,1049.1,1055.45,1057.9,1060.35,1055.45,0.463,78.6,0.011,1,2026-08-18,2026-08-19,True,False,5.0,2026-08-19T11:36:56+05:30
CEATLTD,3623.12,V,-1.68,below,3562.1,3623.12,3637.73,3652.35,3623.12,0.804,78.9,0.033,1,2026-08-17,2026-08-19,True,False,5.0,2026-08-19T11:36:56+05:30
SCI,294.09,V,0.53,above,295.65,294.09,292.43,294.09,290.78,1.134,80.8,0.045,1,2026-08-18,2026-08-19,True,False,5.0,2026-08-19T11:36:56+05:30
BLUESTARCO,1499.57,V,-0.6,below,1490.6,1499.57,1506.13,1512.7,1499.57,0.872,81.1,0.046,1,2026-08-18,2026-08-19,True,False,5.0,2026-08-19T11:36:56+05:30
BLS,273.92,V,-2.13,below,268.1,273.92,275.29,276.65,273.92,0.99,81.6,0.032,1,2026-08-17,2026-08-19,True,False,5.0,2026-08-19T11:36:56+05:30
TATAELXSI,3677.17,V,-0.66,below,3653.0,3677.17,3692.33,3707.5,3677.17,0.822,82.5,0.034,1,2026-08-18,2026-08-19,True,False,5.0,2026-08-19T11:36:56+05:30
THELEELA,516.98,V,3.12,above,533.1,516.98,514.8,516.98,512.62,0.845,82.5,0.03,1,2026-08-18,2026-08-19,True,False,5.0,2026-08-19T11:36:56+05:30
JSL,735.63,V,-1.11,below,727.45,735.63,738.87,742.1,735.63,0.875,82.7,0.041,1,2026-08-18,2026-08-19,True,False,5.0,2026-08-19T11:36:56+05:30
VEDL,265.08,V,-0.94,below,262.6,265.08,266.17,267.25,265.08,0.814,83.0,0.028,1,2026-08-18,2026-08-19,True,False,5.0,2026-08-19T11:36:56+05:30
CAPLIPOINT,2509.92,V,1.13,above,2538.4,2509.92,2497.83,2509.92,2485.75,0.968,83.3,0.032,1,2026-08-17,2026-08-19,True,False,5.0,2026-08-19T11:36:56+05:30
POLYMED,1761.0,V,1.02,above,1779.0,1761.0,1751.87,1761.0,1742.73,1.043,83.3,0.047,1,2026-08-17,2026-08-19,True,False,5.0,2026-08-19T11:36:56+05:30
NSLNISP,40.69,V,-1.22,below,40.19,40.69,40.88,41.08,40.69,0.962,83.6,0.04,1,2026-08-18,2026-08-19,True,False,5.0,2026-08-19T11:36:56+05:30
AADHARHFC,489.8,V,-1.61,below,481.9,489.8,491.95,494.1,489.8,0.874,85.8,0.025,1,2026-08-17,2026-08-19,True,False,5.0,2026-08-19T11:36:56+05:30
CUMMINSIND,5372.33,V,-2.25,below,5251.5,5372.33,5394.67,5417.0,5372.33,0.828,85.8,0.018,1,2026-08-18,2026-08-19,True,False,5.0,2026-08-19T11:36:56+05:30
MARICO,854.6,V,-0.26,below,852.35,854.6,857.15,859.7,854.6,0.595,86.0,0.018,1,2026-08-17,2026-08-19,True,False,5.0,2026-08-19T11:36:56+05:30
NIACL,182.69,V,1.86,above,186.1,182.69,181.75,182.69,180.8,1.042,87.4,0.032,1,2026-08-17,2026-08-19,True,False,5.0,2026-08-19T11:36:56+05:30
PIDILITIND,1673.88,V,-0.73,below,1661.7,1673.88,1678.77,1683.65,1673.88,0.582,87.7,0.026,1,2026-08-17,2026-08-19,True,False,5.0,2026-08-19T11:36:56+05:30
CONCORDBIO,1505.52,V,3.41,above,1556.8,1505.52,1496.03,1505.52,1486.55,1.268,89.0,0.022,1,2026-08-17,2026-08-19,True,False,5.0,2026-08-19T11:36:56+05:30
INOXWIND,75.45,V,-1.68,below,74.18,75.45,75.94,76.44,75.45,1.308,91.5,0.041,1,2026-08-18,2026-08-19,True,False,5.0,2026-08-19T11:36:56+05:30
TMPV,324.28,V,-0.52,below,322.6,324.28,325.77,327.25,324.28,0.911,91.8,0.02,1,2026-08-18,2026-08-19,True,False,5.0,2026-08-19T11:36:56+05:30
CUB,213.67,V,4.22,above,222.69,213.67,212.14,213.67,210.6,1.444,95.1,0.034,1,2026-08-17,2026-08-19,True,False,5.0,2026-08-19T11:36:56+05:30
BBTC,1463.5,NARROW,-1.13,below,1447.0,1463.5,1463.53,1463.57,1463.5,0.005,1.4,0.03,0,2026-08-17,2026-08-19,False,True,5.0,2026-08-19T11:36:56+05:30
SAPPHIRE,231.99,NARROW,0.52,above,233.2,231.99,231.98,231.99,231.97,0.004,1.4,0.05,0,2026-08-18,2026-08-19,False,True,5.0,2026-08-19T11:36:56+05:30
MAZDOCK,2587.05,NARROW,-0.93,below,2563.0,2587.05,2587.1,2587.15,2587.05,0.004,1.9,0.042,0,2026-08-18,2026-08-19,False,True,5.0,2026-08-19T11:36:56+05:30
SRF,2615.85,NARROW,-1.29,below,2582.2,2615.85,2615.9,2615.95,2615.85,0.004,1.9,0.027,0,2026-08-17,2026-08-19,False,True,5.0,2026-08-19T11:36:56+05:30
AAVAS,1389.85,NARROW,-0.72,below,1379.8,1389.85,1389.9,1389.95,1389.85,0.007,2.2,0.026,0,2026-08-17,2026-08-19,False,True,5.0,2026-08-19T11:36:56+05:30
LICHSGFIN,498.85,NARROW,0.01,above,498.9,498.85,498.83,498.85,498.82,0.007,2.2,0.018,0,2026-08-18,2026-08-19,False,True,5.0,2026-08-19T11:36:56+05:30
ABDL,612.68,NARROW,-1.25,below,605.0,612.68,612.77,612.85,612.68,0.027,2.5,0.075,0,2026-08-18,2026-08-19,False,True,5.0,2026-08-19T11:36:56+05:30
IIFL,630.02,NARROW,0.2,above,631.25,630.02,629.98,630.02,629.95,0.011,2.7,0.026,0,2026-08-17,2026-08-19,False,True,5.0,2026-08-19T11:36:56+05:30
MMTC,63.51,NARROW,-1.21,below,62.74,63.51,63.52,63.53,63.51,0.031,3.0,0.051,0,2026-08-18,2026-08-19,False,True,5.0,2026-08-19T11:36:56+05:30
BATAINDIA,727.91,NARROW,-1.95,below,713.7,727.91,727.97,728.04,727.91,0.018,3.6,0.022,0,2026-08-18,2026-08-19,False,True,5.0,2026-08-19T11:36:56+05:30
SIGNATURE,801.03,NARROW,-1.03,below,792.8,801.03,801.12,801.2,801.03,0.021,3.6,0.028,0,2026-08-18,2026-08-19,False,True,5.0,2026-08-19T11:36:56+05:30
HBLENGINE,674.88,NARROW,0.02,above,675.0,674.88,674.78,674.88,674.69,0.027,3.8,0.035,0,2026-08-17,2026-08-19,False,True,5.0,2026-08-19T11:36:56+05:30
KPIL,1402.75,NARROW,-0.2,below,1400.0,1402.75,1403.0,1403.25,1402.75,0.036,3.8,0.041,0,2026-08-18,2026-08-19,False,True,5.0,2026-08-19T11:36:56+05:30
NLCINDIA,276.5,NARROW,-0.92,below,273.95,276.5,276.55,276.6,276.5,0.036,4.1,0.048,0,2026-08-18,2026-08-19,False,True,5.0,2026-08-19T11:36:56+05:30
HINDCOPPER,566.12,NARROW,-1.06,below,560.1,566.12,566.2,566.27,566.12,0.026,4.4,0.031,0,2026-08-18,2026-08-19,False,True,5.0,2026-08-19T11:36:56+05:30
DEEPAKNTR,1770.75,NARROW,1.51,above,1797.5,1770.75,1770.5,1770.75,1770.25,0.028,4.9,0.029,0,2026-08-18,2026-08-19,False,True,5.0,2026-08-19T11:36:56+05:30
ACE,1174.03,WIDE,0.67,above,1181.9,1174.03,1163.27,1174.03,1152.5,1.851,98.1,0.049,0,2026-08-18,2026-08-19,False,False,5.0,2026-08-19T11:36:56+05:30
GLAXO,2853.28,WIDE,5.14,above,3000.0,2853.28,2829.17,2853.28,2805.05,1.705,98.1,0.026,0,2026-08-18,2026-08-19,False,False,5.0,2026-08-19T11:36:56+05:30
TIINDIA,2930.13,WIDE,0.57,above,2946.9,2930.13,2901.27,2930.13,2872.4,1.99,98.6,0.038,0,2026-08-18,2026-08-19,False,False,5.0,2026-08-19T11:36:56+05:30
LTF,316.67,WIDE,-1.08,below,313.25,316.67,319.48,322.29,316.67,1.758,99.2,0.03,0,2026-08-18,2026-08-19,False,False,5.0,2026-08-19T11:36:56+05:30
OBEROIRLTY,1875.12,WIDE,-0.09,below,1873.5,1875.12,1892.23,1909.35,1875.12,1.809,99.5,0.044,0,2026-08-18,2026-08-19,False,False,5.0,2026-08-19T11:36:56+05:30
HUDCO,187.97,TOUCHED,0.64,above,189.17,187.97,187.94,187.97,187.9,0.039,5.8,0.035,0,2026-08-18,2026-08-19,False,False,5.0,2026-08-19T11:36:56+05:30
ICICIBANK,1411.45,TOUCHED,-0.89,below,1398.9,1411.45,1411.63,1411.82,1411.45,0.026,5.8,0.023,0,2026-08-18,2026-08-19,False,False,5.0,2026-08-19T11:36:56+05:30
LAURUSLABS,1813.35,TOUCHED,-0.94,below,1796.3,1813.35,1813.57,1813.78,1813.35,0.024,5.8,0.018,0,2026-08-18,2026-08-19,False,False,5.0,2026-08-19T11:36:56+05:30
JSWCEMENT,127.23,TOUCHED,-1.23,below,125.66,127.23,127.25,127.28,127.23,0.045,6.0,0.036,0,2026-08-18,2026-08-19,False,False,5.0,2026-08-19T11:36:56+05:30
BAJFINANCE,1093.8,TOUCHED,-1.07,below,1082.1,1093.8,1093.97,1094.13,1093.8,0.03,6.3,0.027,0,2026-08-18,2026-08-19,False,False,5.0,2026-08-19T11:36:56+05:30
CHOLAHLDNG,1575.35,TOUCHED,-1.23,below,1555.9,1575.35,1575.7,1576.05,1575.35,0.044,6.6,0.026,0,2026-08-17,2026-08-19,False,False,5.0,2026-08-19T11:36:56+05:30
INDIACEM,376.23,TOUCHED,-1.02,below,372.4,376.23,376.32,376.4,376.23,0.044,6.6,0.035,0,2026-08-17,2026-08-19,False,False,5.0,2026-08-19T11:36:56+05:30
INDUSINDBK,1010.82,TOUCHED,-0.16,below,1009.2,1010.82,1011.03,1011.25,1010.82,0.043,6.8,0.031,0,2026-08-17,2026-08-19,False,False,5.0,2026-08-19T11:36:56+05:30
VBL,438.95,TOUCHED,-0.91,below,434.95,438.95,439.07,439.18,438.95,0.053,6.8,0.03,0,2026-08-18,2026-08-19,False,False,5.0,2026-08-19T11:36:56+05:30
ZEEL,105.22,TOUCHED,-1.18,below,103.98,105.22,105.26,105.29,105.22,0.06,6.8,0.045,0,2026-08-18,2026-08-19,False,False,5.0,2026-08-19T11:36:56+05:30
ANANTRAJ,628.58,TOUCHED,0.67,above,632.8,628.58,628.23,628.58,627.89,0.109,7.4,0.078,0,2026-08-17,2026-08-19,False,False,5.0,2026-08-19T11:36:56+05:30
JKTYRE,382.73,TOUCHED,-1.91,below,375.4,382.73,382.87,383.01,382.73,0.074,7.4,0.044,0,2026-08-18,2026-08-19,False,False,5.0,2026-08-19T11:36:56+05:30
JPPOWER,17.32,TOUCHED,-1.24,below,17.11,17.32,17.33,17.34,17.32,0.058,8.2,0.037,0,2026-08-18,2026-08-19,False,False,5.0,2026-08-19T11:36:56+05:30
WAAREEENER,2706.25,TOUCHED,-1.34,below,2670.1,2706.25,2707.2,2708.15,2706.25,0.07,9.0,0.043,0,2026-08-18,2026-08-19,False,False,5.0,2026-08-19T11:36:56+05:30
LT,4065.37,TOUCHED,-0.66,below,4038.5,4065.37,4066.43,4067.5,4065.37,0.052,9.9,0.024,0,2026-08-18,2026-08-19,False,False,5.0,2026-08-19T11:36:56+05:30
HAVELLS,1298.95,TOUCHED,-1.61,below,1278.0,1298.95,1299.2,1299.45,1298.95,0.038,10.1,0.019,0,2026-08-18,2026-08-19,False,False,5.0,2026-08-19T11:36:56+05:30
MRF,132971.67,TOUCHED,0.09,above,133085.0,132971.67,132928.33,132971.67,132885.0,0.065,10.1,0.035,0,2026-08-17,2026-08-19,False,False,5.0,2026-08-19T11:36:56+05:30
COHANCE,455.41,TOUCHED,-1.24,below,449.75,455.41,455.62,455.82,455.41,0.091,11.0,0.022,0,2026-08-18,2026-08-19,False,False,5.0,2026-08-19T11:36:56+05:30
GABRIEL,1443.28,TOUCHED,-0.01,below,1443.2,1443.28,1444.07,1444.85,1443.28,0.108,11.2,0.033,0,2026-08-17,2026-08-19,False,False,5.0,2026-08-19T11:36:56+05:30
EMAMILTD,404.02,TOUCHED,-0.44,below,402.25,404.02,404.18,404.34,404.02,0.078,11.5,0.022,0,2026-08-17,2026-08-19,False,False,5.0,2026-08-19T11:36:56+05:30
POLICYBZR,1746.1,TOUCHED,1.68,above,1775.4,1746.1,1745.2,1746.1,1744.3,0.103,12.3,0.038,0,2026-08-18,2026-08-19,False,False,5.0,2026-08-19T11:36:56+05:30
TECHM,1592.65,TOUCHED,-0.66,below,1582.2,1592.65,1593.3,1593.95,1592.65,0.082,12.3,0.034,0,2026-08-18,2026-08-19,False,False,5.0,2026-08-19T11:36:56+05:30
LICI,410.48,TOUCHED,0.69,above,413.3,410.48,410.32,410.48,410.16,0.077,12.9,0.031,0,2026-08-18,2026-08-19,False,False,5.0,2026-08-19T11:36:56+05:30
STARHEALTH,583.65,TOUCHED,0.0,inside,583.65,583.65,583.65,583.95,583.35,0.103,12.9,0.026,0,2026-08-17,2026-08-19,False,False,5.0,2026-08-19T11:36:56+05:30
BIOCON,416.9,TOUCHED,-1.03,below,412.6,416.9,417.1,417.3,416.9,0.096,13.4,0.032,0,2026-08-18,2026-08-19,False,False,5.0,2026-08-19T11:36:56+05:30
FIVESTAR,534.35,TOUCHED,-1.55,below,526.05,534.35,534.68,535.02,534.35,0.125,14.0,0.041,0,2026-08-18,2026-08-19,False,False,5.0,2026-08-19T11:36:56+05:30
INTELLECT,695.96,TOUCHED,-1.25,below,687.25,695.96,696.47,696.98,695.96,0.146,14.5,0.042,0,2026-08-17,2026-08-19,False,False,5.0,2026-08-19T11:36:56+05:30
OLECTRA,1325.02,TOUCHED,-0.23,below,1322.0,1325.02,1325.93,1326.85,1325.02,0.138,14.5,0.033,0,2026-08-18,2026-08-19,False,False,5.0,2026-08-19T11:36:56+05:30
ENGINERSIN,244.12,TOUCHED,-1.51,below,240.43,244.12,244.34,244.56,244.12,0.179,14.8,0.04,0,2026-08-18,2026-08-19,False,False,5.0,2026-08-19T11:36:56+05:30
MINDACORP,745.69,TOUCHED,-0.85,below,739.35,745.69,746.13,746.57,745.69,0.118,14.8,0.038,0,2026-08-18,2026-08-19,False,False,5.0,2026-08-19T11:36:56+05:30
CHOICEIN,804.88,TOUCHED,0.34,above,807.65,804.88,804.52,804.88,804.16,0.089,15.1,0.023,0,2026-08-17,2026-08-19,False,False,5.0,2026-08-19T11:36:56+05:30
GRASIM,3274.1,TOUCHED,-0.91,below,3244.4,3274.1,3275.63,3277.17,3274.1,0.094,15.3,0.017,0,2026-08-18,2026-08-19,False,False,5.0,2026-08-19T11:36:56+05:30
CARTRADE,2787.45,TOUCHED,-0.52,below,2773.0,2787.45,2790.6,2793.75,2787.45,0.226,15.6,0.061,0,2026-08-17,2026-08-19,False,False,5.0,2026-08-19T11:36:56+05:30
ICICIGI,1627.08,TOUCHED,-0.53,below,1618.4,1627.08,1627.87,1628.65,1627.08,0.096,15.6,0.022,0,2026-08-17,2026-08-19,False,False,5.0,2026-08-19T11:36:56+05:30
SBILIFE,1778.5,TOUCHED,-1.01,below,1760.5,1778.5,1779.0,1779.5,1778.5,0.056,15.9,0.015,0,2026-08-18,2026-08-19,False,False,5.0,2026-08-19T11:36:56+05:30
ASHOKLEY,176.04,TOUCHED,-1.2,below,173.93,176.04,176.15,176.25,176.04,0.115,16.2,0.027,0,2026-08-18,2026-08-19,False,False,5.0,2026-08-19T11:36:56+05:30
IRCON,123.71,TOUCHED,-0.69,below,122.86,123.71,123.81,123.9,123.71,0.151,16.2,0.042,0,2026-08-18,2026-08-19,False,False,5.0,2026-08-19T11:36:56+05:30
PFC,374.66,TOUCHED,-0.12,below,374.2,374.66,374.87,375.07,374.66,0.111,16.2,0.032,0,2026-08-18,2026-08-19,False,False,5.0,2026-08-19T11:36:56+05:30
KIRLOSENG,2096.0,TOUCHED,-1.14,below,2072.1,2096.0,2097.87,2099.73,2096.0,0.178,16.4,0.035,0,2026-08-17,2026-08-19,False,False,5.0,2026-08-19T11:36:56+05:30
PARADEEP,147.67,TOUCHED,0.63,above,148.6,147.67,147.51,147.67,147.36,0.208,16.4,0.04,0,2026-08-18,2026-08-19,False,False,5.0,2026-08-19T11:36:56+05:30
BLUEDART,5116.75,TOUCHED,-1.1,below,5060.5,5116.75,5119.5,5122.25,5116.75,0.107,17.3,0.017,0,2026-08-17,2026-08-19,False,False,5.0,2026-08-19T11:36:56+05:30
NTPCGREEN,92.09,TOUCHED,0.14,above,92.22,92.09,92.04,92.09,91.99,0.109,17.5,0.015,0,2026-08-17,2026-08-19,False,False,5.0,2026-08-19T11:36:56+05:30
DEVYANI,143.31,TOUCHED,-0.16,below,143.08,143.31,143.42,143.54,143.31,0.158,18.4,0.04,0,2026-08-17,2026-08-19,False,False,5.0,2026-08-19T11:36:56+05:30
NHPC,76.59,TOUCHED,-0.78,below,76.0,76.59,76.64,76.69,76.59,0.117,18.4,0.035,0,2026-08-18,2026-08-19,False,False,5.0,2026-08-19T11:36:56+05:30
CROMPTON,244.35,TOUCHED,-0.37,below,243.45,244.35,244.5,244.65,244.35,0.123,18.6,0.025,0,2026-08-18,2026-08-19,False,False,5.0,2026-08-19T11:36:56+05:30
URBANCO,144.44,TOUCHED,1.81,above,147.06,144.44,144.28,144.44,144.12,0.219,18.8,0.046,0,2026-08-17,2026-08-19,False,False,5.0,2026-08-19T11:36:56+05:30
SYRMA,1501.72,TOUCHED,-0.23,below,1498.3,1501.72,1503.33,1504.95,1501.72,0.215,18.9,0.045,0,2026-08-18,2026-08-19,False,False,5.0,2026-08-19T11:36:56+05:30
TARIL,296.61,TOUCHED,-0.83,below,294.15,296.61,296.92,297.22,296.61,0.208,18.9,0.054,0,2026-08-17,2026-08-19,False,False,5.0,2026-08-19T11:36:56+05:30
CIPLA,1431.73,TOUCHED,-0.36,below,1426.6,1431.73,1432.37,1433.0,1431.73,0.088,19.5,0.023,0,2026-08-18,2026-08-19,False,False,5.0,2026-08-19T11:36:56+05:30
AMBER,7330.0,TOUCHED,-0.29,below,7309.0,7330.0,7336.67,7343.33,7330.0,0.182,19.7,0.031,0,2026-08-18,2026-08-19,False,False,5.0,2026-08-19T11:36:56+05:30
DOMS,2213.55,TOUCHED,-0.24,below,2208.2,2213.55,2215.07,2216.58,2213.55,0.137,19.7,0.027,0,2026-08-17,2026-08-19,False,False,5.0,2026-08-19T11:36:56+05:30
CANFINHOME,815.98,TOUCHED,0.4,above,819.25,815.98,815.43,815.98,814.89,0.133,20.0,0.021,0,2026-08-17,2026-08-19,False,False,5.0,2026-08-19T11:36:56+05:30
SWIGGY,274.3,TOUCHED,-1.4,below,270.45,274.3,274.6,274.9,274.3,0.218,20.0,0.045,0,2026-08-18,2026-08-19,False,False,5.0,2026-08-19T11:36:56+05:30
GROWW,194.56,TOUCHED,0.18,above,194.9,194.56,194.31,194.56,194.06,0.256,20.2,0.031,0,2026-08-18,2026-08-19,False,False,5.0,2026-08-19T11:36:56+05:30
CEMPRO,1325.53,TOUCHED,-2.85,below,1287.8,1325.53,1327.07,1328.6,1325.53,0.231,20.8,0.055,0,2026-08-18,2026-08-19,False,False,5.0,2026-08-19T11:36:56+05:30
BAJAJHFL,84.49,TOUCHED,0.61,above,85.0,84.49,84.44,84.49,84.4,0.099,21.1,0.024,0,2026-08-18,2026-08-19,False,False,5.0,2026-08-19T11:36:56+05:30
RELIANCE,1319.9,TOUCHED,-0.44,below,1314.1,1319.9,1320.6,1321.3,1319.9,0.106,21.4,0.024,0,2026-08-18,2026-08-19,False,False,5.0,2026-08-19T11:36:56+05:30
ADANIPOWER,205.76,TOUCHED,-1.06,below,203.57,205.76,205.94,206.12,205.76,0.175,21.6,0.056,0,2026-08-18,2026-08-19,False,False,5.0,2026-08-19T11:36:56+05:30
ERIS,1347.78,TOUCHED,0.02,above,1348.1,1347.78,1346.67,1347.78,1345.55,0.166,21.9,0.03,0,2026-08-17,2026-08-19,False,False,5.0,2026-08-19T11:36:56+05:30
NTPC,336.6,TOUCHED,-0.24,below,335.8,336.6,336.77,336.93,336.6,0.099,21.9,0.016,0,2026-08-18,2026-08-19,False,False,5.0,2026-08-19T11:36:56+05:30
IGIL,350.07,TOUCHED,-2.0,below,343.05,350.07,350.43,350.8,350.07,0.209,22.5,0.029,0,2026-08-18,2026-08-19,False,False,5.0,2026-08-19T11:36:56+05:30
HOMEFIRST,1178.8,TOUCHED,0.87,above,1189.0,1178.8,1177.7,1178.8,1176.6,0.187,22.7,0.044,0,2026-08-17,2026-08-19,False,False,5.0,2026-08-19T11:36:56+05:30
RKFORGE,752.02,TOUCHED,-0.07,below,751.5,752.02,752.8,753.57,752.02,0.206,23.3,0.048,0,2026-08-18,2026-08-19,False,False,5.0,2026-08-19T11:36:56+05:30
TIMKEN,3281.85,TOUCHED,-0.32,below,3271.5,3281.85,3284.73,3287.62,3281.85,0.176,23.3,0.05,0,2026-08-17,2026-08-19,False,False,5.0,2026-08-19T11:36:56+05:30
HSCL,779.15,TOUCHED,-7.24,below,722.75,779.15,780.03,780.92,779.15,0.226,23.8,0.035,0,2026-08-18,2026-08-19,False,False,5.0,2026-08-19T11:36:56+05:30
MEESHO,192.46,TOUCHED,0.05,inside,192.55,192.46,192.46,192.7,192.22,0.255,23.8,0.027,0,2026-08-18,2026-08-19,False,False,5.0,2026-08-19T11:36:56+05:30
AEGISVOPAK,273.55,TOUCHED,-0.55,below,272.05,273.55,273.97,274.38,273.55,0.304,23.9,0.04,0,2026-08-18,2026-08-19,False,False,5.0,2026-08-19T11:36:56+05:30
SWANCORP,304.92,TOUCHED,-0.2,below,304.3,304.92,305.28,305.65,304.92,0.24,24.1,0.034,0,2026-08-18,2026-08-19,False,False,5.0,2026-08-19T11:36:56+05:30
NAVINFLUOR,8235.33,TOUCHED,0.08,inside,8242.0,8235.33,8235.33,8245.17,8225.5,0.239,24.4,0.046,0,2026-08-18,2026-08-19,False,False,5.0,2026-08-19T11:36:56+05:30
GRAPHITE,726.85,TOUCHED,-0.25,below,725.0,726.85,727.73,728.62,726.85,0.243,24.7,0.023,0,2026-08-17,2026-08-19,False,False,5.0,2026-08-19T11:36:56+05:30
MSUMI,40.36,TOUCHED,-0.88,below,40.01,40.36,40.41,40.45,40.36,0.214,24.7,0.031,0,2026-08-18,2026-08-19,False,False,5.0,2026-08-19T11:36:56+05:30
NEWGEN,529.12,TOUCHED,-0.51,below,526.4,529.12,529.78,530.45,529.12,0.252,24.9,0.034,0,2026-08-18,2026-08-19,False,False,5.0,2026-08-19T11:36:56+05:30
POWERGRID,267.5,TOUCHED,-1.63,below,263.15,267.5,267.67,267.83,267.5,0.125,24.9,0.017,0,2026-08-18,2026-08-19,False,False,5.0,2026-08-19T11:36:56+05:30
M&M,3415.57,TOUCHED,0.03,inside,3416.5,3415.57,3415.57,3418.53,3412.6,0.174,25.2,0.026,0,2026-08-18,2026-08-19,False,False,5.0,2026-08-19T11:36:56+05:30
NATCOPHARM,895.5,TOUCHED,-0.39,below,892.0,895.5,896.45,897.4,895.5,0.212,25.2,0.019,0,2026-08-18,2026-08-19,False,False,5.0,2026-08-19T11:36:56+05:30
TATAPOWER,380.22,TOUCHED,-1.01,below,376.4,380.22,380.48,380.74,380.22,0.136,25.2,0.023,0,2026-08-18,2026-08-19,False,False,5.0,2026-08-19T11:36:56+05:30
INDHOTEL,718.38,TOUCHED,0.01,above,718.45,718.38,717.77,718.38,717.15,0.172,26.0,0.019,0,2026-08-18,2026-08-19,False,False,5.0,2026-08-19T11:36:56+05:30
TTML,37.89,TOUCHED,-0.88,below,37.56,37.89,37.93,37.97,37.89,0.22,26.3,0.046,0,2026-08-18,2026-08-19,False,False,5.0,2026-08-19T11:36:56+05:30
COCHINSHIP,1481.23,TOUCHED,-0.08,inside,1480.0,1481.23,1481.23,1483.17,1479.3,0.261,27.1,0.043,0,2026-08-18,2026-08-19,False,False,5.0,2026-08-19T11:36:56+05:30
CPPLUS,3324.0,TOUCHED,-0.54,below,3305.9,3324.0,3330.0,3336.0,3324.0,0.36,27.4,0.037,0,2026-08-18,2026-08-19,False,False,5.0,2026-08-19T11:36:56+05:30
M&MFIN,389.78,TOUCHED,-0.02,inside,389.7,389.78,389.78,390.23,389.34,0.227,27.4,0.037,0,2026-08-17,2026-08-19,False,False,5.0,2026-08-19T11:36:56+05:30
SAGILITY,42.22,TOUCHED,-0.57,below,41.98,42.22,42.28,42.34,42.22,0.292,28.2,0.045,0,2026-08-18,2026-08-19,False,False,5.0,2026-08-19T11:36:56+05:30
SHRIRAMFIN,1109.52,TOUCHED,-0.36,below,1105.5,1109.52,1110.63,1111.75,1109.52,0.201,28.5,0.038,0,2026-08-18,2026-08-19,False,False,5.0,2026-08-19T11:36:56+05:30
TATACOMM,1691.73,TOUCHED,-0.92,below,1676.2,1691.73,1693.67,1695.6,1691.73,0.228,28.8,0.022,0,2026-08-18,2026-08-19,False,False,5.0,2026-08-19T11:36:56+05:30
ANTHEM,895.0,TOUCHED,-0.29,below,892.4,895.0,896.0,897.0,895.0,0.223,29.5,0.043,0,2026-08-17,2026-08-19,False,False,5.0,2026-08-19T11:36:56+05:30
SUNTV,483.38,TOUCHED,-0.44,below,481.25,483.38,483.97,484.55,483.38,0.241,30.1,0.024,0,2026-08-18,2026-08-19,False,False,5.0,2026-08-19T11:36:56+05:30
UBL,1368.98,TOUCHED,-1.36,below,1350.4,1368.98,1370.07,1371.15,1368.98,0.158,30.1,0.026,0,2026-08-17,2026-08-19,False,False,5.0,2026-08-19T11:36:56+05:30
EIDPARRY,783.6,TOUCHED,0.07,above,784.15,783.6,782.6,783.6,781.6,0.256,30.4,0.032,0,2026-08-18,2026-08-19,False,False,5.0,2026-08-19T11:36:56+05:30
GODREJCP,930.07,TOUCHED,0.75,above,937.0,930.07,929.13,930.07,928.2,0.201,31.0,0.023,0,2026-08-18,2026-08-19,False,False,5.0,2026-08-19T11:36:56+05:30
NESTLEIND,1465.1,TOUCHED,-0.03,inside,1464.7,1465.1,1465.1,1466.4,1463.8,0.177,31.0,0.033,0,2026-08-18,2026-08-19,False,False,5.0,2026-08-19T11:36:56+05:30
PIRAMALFIN,2063.2,TOUCHED,0.45,above,2072.5,2063.2,2060.3,2063.2,2057.4,0.282,31.1,0.051,0,2026-08-17,2026-08-19,False,False,5.0,2026-08-19T11:36:56+05:30
SHREECEM,24556.67,TOUCHED,-0.9,below,24335.0,24556.67,24578.33,24600.0,24556.67,0.176,31.2,0.013,0,2026-08-17,2026-08-19,False,False,5.0,2026-08-19T11:36:56+05:30
CHAMBLFERT,435.48,TOUCHED,0.0,inside,435.5,435.48,435.48,436.03,434.94,0.249,32.1,0.035,0,2026-08-18,2026-08-19,False,False,5.0,2026-08-19T11:36:56+05:30
IDFCFIRSTB,85.03,TOUCHED,0.29,above,85.28,85.03,84.94,85.03,84.85,0.216,32.3,0.029,0,2026-08-18,2026-08-19,False,False,5.0,2026-08-19T11:36:56+05:30
EMMVEE,321.44,TOUCHED,-0.26,below,320.6,321.44,322.13,322.82,321.44,0.429,32.4,0.042,0,2026-08-17,2026-08-19,False,False,5.0,2026-08-19T11:36:56+05:30
IRB,19.05,TOUCHED,-0.43,below,18.97,19.05,19.07,19.1,19.05,0.227,32.6,0.039,0,2026-08-18,2026-08-19,False,False,5.0,2026-08-19T11:36:56+05:30
NAUKRI,1353.25,TOUCHED,0.45,above,1359.3,1353.25,1351.6,1353.25,1349.95,0.244,32.9,0.023,0,2026-08-18,2026-08-19,False,False,5.0,2026-08-19T11:36:56+05:30
AUBANK,1073.27,TOUCHED,0.0,inside,1073.3,1073.27,1073.27,1074.48,1072.05,0.227,33.4,0.016,0,2026-08-18,2026-08-19,False,False,5.0,2026-08-19T11:36:56+05:30
3MINDIA,34945.0,TOUCHED,-3.99,below,33550.0,34945.0,34980.0,35015.0,34945.0,0.2,33.7,0.027,0,2026-08-17,2026-08-19,False,False,5.0,2026-08-19T11:36:56+05:30
CASTROLIND,187.42,TOUCHED,0.91,above,189.13,187.42,187.28,187.42,187.15,0.142,34.5,0.014,0,2026-08-17,2026-08-19,False,False,5.0,2026-08-19T11:36:56+05:30
IPCALAB,1890.65,TOUCHED,0.23,above,1895.0,1890.65,1887.8,1890.65,1884.95,0.302,34.8,0.032,0,2026-08-18,2026-08-19,False,False,5.0,2026-08-19T11:36:56+05:30
BSOFT,309.33,TOUCHED,-0.53,below,307.7,309.33,309.82,310.31,309.33,0.317,35.3,0.037,0,2026-08-17,2026-08-19,False,False,5.0,2026-08-19T11:36:56+05:30
CCL,1133.57,TOUCHED,-0.32,below,1129.9,1133.57,1135.03,1136.5,1133.57,0.258,35.3,0.021,0,2026-08-18,2026-08-19,False,False,5.0,2026-08-19T11:36:56+05:30
SONATSOFTW,321.02,TOUCHED,-4.12,below,307.8,321.02,321.65,322.27,321.02,0.389,35.6,0.026,0,2026-08-17,2026-08-19,False,False,5.0,2026-08-19T11:36:56+05:30
HAL,5079.5,TOUCHED,-0.83,below,5037.3,5079.5,5086.0,5092.5,5079.5,0.256,36.2,0.035,0,2026-08-18,2026-08-19,False,False,5.0,2026-08-19T11:36:56+05:30
JUBLPHARMA,865.61,TOUCHED,0.31,above,868.25,865.61,864.27,865.61,862.92,0.31,36.4,0.019,0,2026-08-17,2026-08-19,False,False,5.0,2026-08-19T11:36:56+05:30
KFINTECH,959.23,TOUCHED,-1.63,below,943.6,959.23,960.87,962.5,959.23,0.34,36.4,0.018,0,2026-08-18,2026-08-19,False,False,5.0,2026-08-19T11:36:56+05:30
TMCV,470.83,TOUCHED,0.36,above,472.55,470.83,470.02,470.83,469.2,0.348,36.5,0.024,0,2026-08-18,2026-08-19,False,False,5.0,2026-08-19T11:36:56+05:30
SUPREMEIND,3601.33,TOUCHED,-0.0,inside,3601.2,3601.33,3601.33,3607.0,3595.67,0.315,37.0,0.043,0,2026-08-17,2026-08-19,False,False,5.0,2026-08-19T11:36:56+05:30
SYNGENE,404.6,TOUCHED,-1.21,below,399.7,404.6,405.1,405.6,404.6,0.247,37.3,0.026,0,2026-08-18,2026-08-19,False,False,5.0,2026-08-19T11:36:56+05:30
TVSMOTOR,4362.58,TOUCHED,-0.04,below,4360.8,4362.58,4368.37,4374.15,4362.58,0.265,37.3,0.019,0,2026-08-18,2026-08-19,False,False,5.0,2026-08-19T11:36:56+05:30
BELRISE,235.47,TOUCHED,-0.86,below,233.45,235.47,235.89,236.31,235.47,0.355,37.7,0.035,0,2026-08-18,2026-08-19,False,False,5.0,2026-08-19T11:36:56+05:30
PREMIERENE,1017.13,TOUCHED,-0.34,below,1013.7,1017.13,1018.77,1020.4,1017.13,0.321,37.8,0.029,0,2026-08-17,2026-08-19,False,False,5.0,2026-08-19T11:36:56+05:30
ABSLAMC,1013.3,TOUCHED,-0.63,below,1006.9,1013.3,1015.2,1017.1,1013.3,0.374,38.1,0.033,0,2026-08-17,2026-08-19,False,False,5.0,2026-08-19T11:36:56+05:30
ANANDRATHI,2178.65,TOUCHED,-0.39,below,2170.1,2178.65,2181.3,2183.95,2178.65,0.243,38.4,0.022,0,2026-08-17,2026-08-19,False,False,5.0,2026-08-19T11:36:56+05:30
TRENT,2956.25,TOUCHED,0.2,above,2962.1,2956.25,2951.53,2956.25,2946.82,0.32,39.5,0.046,0,2026-08-18,2026-08-19,False,False,5.0,2026-08-19T11:36:56+05:30
GMRAIRPORT,101.81,TOUCHED,0.14,above,101.95,101.81,101.67,101.81,101.53,0.272,39.7,0.019,0,2026-08-18,2026-08-19,False,False,5.0,2026-08-19T11:36:56+05:30
POONAWALLA,498.32,TOUCHED,-0.47,below,495.95,498.32,499.18,500.05,498.32,0.347,39.7,0.033,0,2026-08-17,2026-08-19,False,False,5.0,2026-08-19T11:36:56+05:30
HDFCAMC,2521.37,TOUCHED,0.74,above,2540.0,2521.37,2517.73,2521.37,2514.1,0.289,40.0,0.024,0,2026-08-18,2026-08-19,False,False,5.0,2026-08-19T11:36:56+05:30
DCMSHRIRAM,1031.5,TOUCHED,2.03,above,1052.4,1031.5,1029.8,1031.5,1028.1,0.33,40.3,0.024,0,2026-08-18,2026-08-19,False,False,5.0,2026-08-19T11:36:56+05:30
SUMICHEM,560.94,TOUCHED,-0.37,below,558.85,560.94,562.08,563.23,560.94,0.406,40.3,0.039,0,2026-08-17,2026-08-19,False,False,5.0,2026-08-19T11:36:56+05:30
APTUS,257.48,TOUCHED,-1.22,below,254.35,257.48,257.97,258.45,257.48,0.375,40.5,0.026,0,2026-08-18,2026-08-19,False,False,5.0,2026-08-19T11:36:56+05:30
DRREDDY,1181.4,TOUCHED,0.02,inside,1181.6,1181.4,1181.4,1182.7,1180.1,0.22,40.5,0.015,0,2026-08-18,2026-08-19,False,False,5.0,2026-08-19T11:36:56+05:30
RAINBOW,1460.82,TOUCHED,-0.14,below,1458.7,1460.82,1462.93,1465.05,1460.82,0.289,40.8,0.037,0,2026-08-18,2026-08-19,False,False,5.0,2026-08-19T11:36:56+05:30
CAMS,763.24,TOUCHED,-0.86,below,756.65,763.24,764.48,765.73,763.24,0.325,41.9,0.041,0,2026-08-18,2026-08-19,False,False,5.0,2026-08-19T11:36:56+05:30
HDFCLIFE,538.91,TOUCHED,-0.59,below,535.75,538.91,539.57,540.23,538.91,0.244,42.5,0.018,0,2026-08-18,2026-08-19,False,False,5.0,2026-08-19T11:36:56+05:30
AARTIIND,527.32,TOUCHED,-0.36,below,525.45,527.32,528.25,529.17,527.32,0.35,42.7,0.033,0,2026-08-18,2026-08-19,False,False,5.0,2026-08-19T11:36:56+05:30
DALBHARAT,1845.0,TOUCHED,0.27,above,1849.9,1845.0,1842.37,1845.0,1839.73,0.286,43.0,0.025,0,2026-08-18,2026-08-19,False,False,5.0,2026-08-19T11:36:56+05:30
ASTERDM,820.92,TOUCHED,0.17,inside,822.35,820.92,820.92,822.38,819.46,0.355,43.8,0.028,0,2026-08-18,2026-08-19,False,False,5.0,2026-08-19T11:36:56+05:30
LLOYDSME,1926.45,TOUCHED,-0.13,below,1924.0,1926.45,1930.5,1934.55,1926.45,0.42,43.8,0.035,0,2026-08-18,2026-08-19,False,False,5.0,2026-08-19T11:36:56+05:30
MOTHERSON,170.1,TOUCHED,0.38,above,170.75,170.1,169.8,170.1,169.5,0.353,43.8,0.035,0,2026-08-18,2026-08-19,False,False,5.0,2026-08-19T11:36:56+05:30
BEL,412.55,TOUCHED,-0.59,below,410.1,412.55,413.1,413.65,412.55,0.266,44.1,0.025,0,2026-08-18,2026-08-19,False,False,5.0,2026-08-19T11:36:56+05:30
GODIGIT,255.26,TOUCHED,-1.2,below,252.2,255.26,255.67,256.07,255.26,0.319,44.1,0.028,0,2026-08-17,2026-08-19,False,False,5.0,2026-08-19T11:36:56+05:30
VIJAYA,1500.25,TOUCHED,-0.47,below,1493.2,1500.25,1503.2,1506.15,1500.25,0.392,44.1,0.037,0,2026-08-18,2026-08-19,False,False,5.0,2026-08-19T11:36:56+05:30
ZENSARTECH,485.97,TOUCHED,-0.43,below,483.9,485.97,487.03,488.1,485.97,0.438,44.1,0.035,0,2026-08-18,2026-08-19,False,False,5.0,2026-08-19T11:36:56+05:30
CANHLIFE,148.6,TOUCHED,2.46,above,152.26,148.6,148.3,148.6,148.01,0.402,44.2,0.018,0,2026-08-17,2026-08-19,False,False,5.0,2026-08-19T11:36:56+05:30
OIL,481.32,TOUCHED,-0.74,below,477.75,481.32,482.13,482.95,481.32,0.339,44.4,0.021,0,2026-08-18,2026-08-19,False,False,5.0,2026-08-19T11:36:56+05:30
SOBHA,1310.77,TOUCHED,-1.51,below,1291.0,1310.77,1313.23,1315.7,1310.77,0.376,44.4,0.029,0,2026-08-18,2026-08-19,False,False,5.0,2026-08-19T11:36:56+05:30
IKS,1841.0,TOUCHED,0.7,above,1853.8,1841.0,1837.4,1841.0,1833.8,0.392,44.9,0.02,0,2026-08-17,2026-08-19,False,False,5.0,2026-08-19T11:36:56+05:30
RBLBANK,382.26,TOUCHED,-0.16,below,381.65,382.26,383.02,383.77,382.26,0.396,46.3,0.032,0,2026-08-17,2026-08-19,False,False,5.0,2026-08-19T11:36:56+05:30
RECLTD,339.62,TOUCHED,-0.15,inside,339.1,339.62,339.62,340.18,339.06,0.329,46.3,0.016,0,2026-08-18,2026-08-19,False,False,5.0,2026-08-19T11:36:56+05:30
NCC,140.13,TOUCHED,0.22,above,140.43,140.13,139.87,140.13,139.62,0.362,46.6,0.027,0,2026-08-18,2026-08-19,False,False,5.0,2026-08-19T11:36:56+05:30
AUROPHARMA,1632.37,TOUCHED,-0.05,inside,1631.5,1632.37,1632.37,1634.95,1629.78,0.317,46.8,0.038,0,2026-08-17,2026-08-19,False,False,5.0,2026-08-19T11:36:56+05:30
PNBHOUSING,1148.73,TOUCHED,0.36,above,1152.9,1148.73,1146.67,1148.73,1144.6,0.36,46.8,0.027,0,2026-08-17,2026-08-19,False,False,5.0,2026-08-19T11:36:56+05:30
HEROMOTOCO,5755.25,TOUCHED,-0.65,below,5718.0,5755.25,5765.5,5775.75,5755.25,0.356,47.1,0.017,0,2026-08-17,2026-08-19,False,False,5.0,2026-08-19T11:36:56+05:30
INDIAMART,1755.95,TOUCHED,-0.91,below,1740.0,1755.95,1758.8,1761.65,1755.95,0.324,47.1,0.026,0,2026-08-18,2026-08-19,False,False,5.0,2026-08-19T11:36:56+05:30
BRITANNIA,5528.0,TOUCHED,-0.11,below,5522.0,5528.0,5535.0,5542.0,5528.0,0.253,47.7,0.021,0,2026-08-17,2026-08-19,False,False,5.0,2026-08-19T11:36:56+05:30
CIEINDIA,409.1,TOUCHED,-0.04,below,408.95,409.1,409.83,410.57,409.1,0.358,47.7,0.029,0,2026-08-17,2026-08-19,False,False,5.0,2026-08-19T11:36:56+05:30
KAYNES,3677.1,TOUCHED,2.01,above,3751.0,3677.1,3666.1,3677.1,3655.1,0.6,47.7,0.049,0,2026-08-18,2026-08-19,False,False,5.0,2026-08-19T11:36:56+05:30
CDSL,1343.32,TOUCHED,-0.31,below,1339.1,1343.32,1346.03,1348.75,1343.32,0.404,47.9,0.036,0,2026-08-18,2026-08-19,False,False,5.0,2026-08-19T11:36:56+05:30
JUBLINGREA,734.52,TOUCHED,-2.27,below,717.85,734.52,736.23,737.95,734.52,0.466,48.5,0.034,0,2026-08-17,2026-08-19,False,False,5.0,2026-08-19T11:36:56+05:30
SBFC,93.39,TOUCHED,-0.37,below,93.05,93.39,93.58,93.76,93.39,0.395,48.5,0.033,0,2026-08-17,2026-08-19,False,False,5.0,2026-08-19T11:36:56+05:30
DIXON,14212.0,TOUCHED,-0.06,inside,14203.0,14212.0,14212.0,14243.0,14181.0,0.436,48.8,0.056,0,2026-08-18,2026-08-19,False,False,5.0,2026-08-19T11:36:56+05:30
JSWDULUX,3121.13,TOUCHED,-0.07,inside,3119.0,3121.13,3121.13,3126.5,3115.77,0.344,49.0,0.022,0,2026-08-18,2026-08-19,False,False,5.0,2026-08-19T11:36:56+05:30
TITAN,5055.3,TOUCHED,-0.01,below,5055.0,5055.3,5062.0,5068.7,5055.3,0.265,49.0,0.018,0,2026-08-18,2026-08-19,False,False,5.0,2026-08-19T11:36:56+05:30
RVNL,225.48,TOUCHED,-1.48,below,222.15,225.48,225.96,226.44,225.48,0.425,49.3,0.034,0,2026-08-18,2026-08-19,False,False,5.0,2026-08-19T11:36:56+05:30
TEJASNET,520.68,TOUCHED,-1.96,below,510.5,520.68,522.07,523.45,520.68,0.53,49.6,0.046,0,2026-08-18,2026-08-19,False,False,5.0,2026-08-19T11:36:56+05:30
ABFRL,55.09,TOUCHED,-0.5,below,54.82,55.09,55.22,55.34,55.09,0.447,49.9,0.025,0,2026-08-18,2026-08-19,False,False,5.0,2026-08-19T11:36:56+05:30
PRESTIGE,1579.75,TOUCHED,-0.22,below,1576.3,1579.75,1583.8,1587.85,1579.75,0.511,49.9,0.057,0,2026-08-17,2026-08-19,False,False,5.0,2026-08-19T11:36:56+05:30
CGCL,226.53,TOUCHED,0.2,inside,226.99,226.53,226.53,227.03,226.04,0.438,50.7,0.049,0,2026-08-18,2026-08-19,False,False,5.0,2026-08-19T11:36:56+05:30
FSL,265.8,TOUCHED,2.33,above,272.0,265.8,265.15,265.8,264.5,0.49,50.7,0.034,0,2026-08-18,2026-08-19,False,False,5.0,2026-08-19T11:36:56+05:30
ADANIENT,3008.08,TOUCHED,-0.89,below,2981.2,3008.08,3013.67,3019.25,3008.08,0.371,51.0,0.026,0,2026-08-18,2026-08-19,False,False,5.0,2026-08-19T11:36:56+05:30
BHARTIARTL,1936.62,TOUCHED,-0.51,below,1926.7,1936.62,1939.03,1941.45,1936.62,0.249,51.2,0.014,0,2026-08-18,2026-08-19,False,False,5.0,2026-08-19T11:36:56+05:30
IOC,138.03,TOUCHED,-0.61,below,137.18,138.03,138.25,138.47,138.03,0.325,51.2,0.021,0,2026-08-18,2026-08-19,False,False,5.0,2026-08-19T11:36:56+05:30
ATHERENERG,1470.37,TOUCHED,-1.19,below,1452.8,1470.37,1474.93,1479.5,1470.37,0.619,51.5,0.063,0,2026-08-18,2026-08-19,False,False,5.0,2026-08-19T11:36:56+05:30
IOB,33.33,TOUCHED,-0.25,below,33.25,33.33,33.4,33.46,33.33,0.379,51.5,0.034,0,2026-08-18,2026-08-19,False,False,5.0,2026-08-19T11:36:56+05:30
HONASA,475.69,TOUCHED,-0.13,below,475.05,475.69,476.78,477.88,475.69,0.458,51.8,0.054,0,2026-08-18,2026-08-19,False,False,5.0,2026-08-19T11:36:56+05:30
TEGA,1723.05,TOUCHED,-1.25,below,1701.5,1723.05,1726.67,1730.28,1723.05,0.419,52.1,0.043,0,2026-08-18,2026-08-19,False,False,5.0,2026-08-19T11:36:56+05:30
FORCEMOT,18267.83,TOUCHED,-2.78,below,17760.0,18267.83,18335.67,18403.5,18267.83,0.74,52.6,0.05,0,2026-08-18,2026-08-19,False,False,5.0,2026-08-19T11:36:56+05:30
CRISIL,4469.43,TOUCHED,0.11,inside,4474.2,4469.43,4469.43,4478.87,4460.0,0.422,52.9,0.05,0,2026-08-17,2026-08-19,False,False,5.0,2026-08-19T11:36:56+05:30
GODREJIND,1225.73,TOUCHED,-1.04,below,1213.0,1225.73,1228.47,1231.2,1225.73,0.445,52.9,0.047,0,2026-08-17,2026-08-19,False,False,5.0,2026-08-19T11:36:56+05:30
SOLARINDS,20045.67,TOUCHED,-1.58,below,19729.0,20045.67,20091.33,20137.0,20045.67,0.455,52.9,0.057,0,2026-08-17,2026-08-19,False,False,5.0,2026-08-19T11:36:56+05:30
AJANTPHARM,3694.0,TOUCHED,-0.02,below,3693.1,3694.0,3702.07,3710.13,3694.0,0.436,53.2,0.04,0,2026-08-17,2026-08-19,False,False,5.0,2026-08-19T11:36:56+05:30
ASIANPAINT,2632.3,TOUCHED,-0.74,below,2612.9,2632.3,2636.2,2640.1,2632.3,0.296,53.4,0.021,0,2026-08-18,2026-08-19,False,False,5.0,2026-08-19T11:36:56+05:30
JINDALSAW,269.67,TOUCHED,0.9,above,272.1,269.67,268.95,269.67,268.23,0.539,54.0,0.038,0,2026-08-17,2026-08-19,False,False,5.0,2026-08-19T11:36:56+05:30
WOCKPHARMA,1865.85,TOUCHED,-2.07,below,1827.3,1865.85,1871.8,1877.75,1865.85,0.636,54.8,0.059,0,2026-08-18,2026-08-19,False,False,5.0,2026-08-19T11:36:56+05:30
LENSKART,626.74,TOUCHED,1.78,above,637.9,626.74,625.08,626.74,623.42,0.531,54.9,0.03,0,2026-08-18,2026-08-19,False,False,5.0,2026-08-19T11:36:56+05:30
FINCABLES,1319.8,TOUCHED,-1.66,below,1297.9,1319.8,1322.98,1326.17,1319.8,0.481,55.1,0.019,0,2026-08-18,2026-08-19,False,False,5.0,2026-08-19T11:36:56+05:30
INDIANB,876.83,TOUCHED,-0.44,below,872.95,876.83,878.67,880.5,876.83,0.417,55.1,0.025,0,2026-08-18,2026-08-19,False,False,5.0,2026-08-19T11:36:56+05:30
GAIL,172.58,TOUCHED,-0.39,below,171.91,172.58,172.89,173.19,172.58,0.353,55.3,0.015,0,2026-08-18,2026-08-19,False,False,5.0,2026-08-19T11:36:56+05:30
CONCOR,519.23,TOUCHED,-1.16,below,513.2,519.23,520.22,521.2,519.23,0.378,55.9,0.034,0,2026-08-18,2026-08-19,False,False,5.0,2026-08-19T11:36:56+05:30
EIHOTEL,297.35,TOUCHED,0.05,inside,297.5,297.35,297.35,298.02,296.67,0.454,56.4,0.03,0,2026-08-17,2026-08-19,False,False,5.0,2026-08-19T11:36:56+05:30
ETERNAL,317.55,TOUCHED,-0.02,inside,317.5,317.55,317.55,318.38,316.72,0.52,56.4,0.028,0,2026-08-18,2026-08-19,False,False,5.0,2026-08-19T11:36:56+05:30
BHARATFORG,2077.6,TOUCHED,-0.64,below,2064.2,2077.6,2082.73,2087.87,2077.6,0.493,57.0,0.031,0,2026-08-17,2026-08-19,False,False,5.0,2026-08-19T11:36:56+05:30
ICICIAMC,3127.75,TOUCHED,0.18,above,3133.5,3127.75,3119.5,3127.75,3111.25,0.529,57.0,0.032,0,2026-08-17,2026-08-19,False,False,5.0,2026-08-19T11:36:56+05:30
KALYANKJIL,603.33,TOUCHED,-1.54,below,594.05,603.33,605.07,606.8,603.33,0.573,57.3,0.038,0,2026-08-18,2026-08-19,False,False,5.0,2026-08-19T11:36:56+05:30
GODFRYPHLP,2115.43,TOUCHED,0.2,inside,2119.6,2115.43,2115.43,2122.0,2108.87,0.621,57.8,0.041,0,2026-08-18,2026-08-19,False,False,5.0,2026-08-19T11:36:56+05:30
LTFOODS,425.13,TOUCHED,0.1,above,425.55,425.13,423.97,425.13,422.8,0.55,57.8,0.036,0,2026-08-18,2026-08-19,False,False,5.0,2026-08-19T11:36:56+05:30
LTTS,3519.47,TOUCHED,0.41,above,3534.0,3519.47,3510.43,3519.47,3501.4,0.515,57.8,0.042,0,2026-08-17,2026-08-19,False,False,5.0,2026-08-19T11:36:56+05:30
SUNPHARMA,1883.65,TOUCHED,0.42,above,1891.6,1883.65,1880.8,1883.65,1877.95,0.303,57.8,0.02,0,2026-08-18,2026-08-19,False,False,5.0,2026-08-19T11:36:56+05:30
BSE,3297.07,TOUCHED,2.58,above,3382.0,3297.07,3286.13,3297.07,3275.2,0.665,58.4,0.022,0,2026-08-18,2026-08-19,False,False,5.0,2026-08-19T11:36:56+05:30
GMDCLTD,572.76,TOUCHED,-1.3,below,565.3,572.76,574.82,576.88,572.76,0.716,58.4,0.068,0,2026-08-18,2026-08-19,False,False,5.0,2026-08-19T11:36:56+05:30
IDBI,81.55,TOUCHED,0.05,inside,81.59,81.55,81.55,81.77,81.33,0.54,58.4,0.042,0,2026-08-18,2026-08-19,False,False,5.0,2026-08-19T11:36:56+05:30
ACC,1305.92,TOUCHED,-1.32,below,1288.7,1305.92,1308.03,1310.15,1305.92,0.324,58.6,0.035,0,2026-08-18,2026-08-19,False,False,5.0,2026-08-19T11:36:56+05:30
DLF,668.83,TOUCHED,0.11,inside,669.55,668.83,668.83,670.38,667.29,0.461,58.9,0.029,0,2026-08-18,2026-08-19,False,False,5.0,2026-08-19T11:36:56+05:30
BANKBARODA,244.53,TOUCHED,-0.18,below,244.09,244.53,245.06,245.59,244.53,0.433,59.5,0.012,0,2026-08-18,2026-08-19,False,False,5.0,2026-08-19T11:36:56+05:30
HYUNDAI,2200.45,TOUCHED,0.06,above,2201.8,2200.45,2195.63,2200.45,2190.82,0.439,59.5,0.026,0,2026-08-18,2026-08-19,False,False,5.0,2026-08-19T11:36:56+05:30
JWL,250.47,TOUCHED,-1.01,below,247.95,250.47,251.2,251.92,250.47,0.577,59.5,0.044,0,2026-08-17,2026-08-19,False,False,5.0,2026-08-19T11:36:56+05:30
PATANJALI,350.45,TOUCHED,-0.04,inside,350.3,350.45,350.45,351.05,349.85,0.342,59.5,0.019,0,2026-08-18,2026-08-19,False,False,5.0,2026-08-19T11:36:56+05:30
WHIRLPOOL,771.05,TOUCHED,-1.82,below,757.0,771.05,773.1,775.15,771.05,0.53,59.5,0.045,0,2026-08-18,2026-08-19,False,False,5.0,2026-08-19T11:36:56+05:30
ASTRAL,1527.37,TOUCHED,0.13,inside,1529.3,1527.37,1527.37,1531.05,1523.68,0.482,60.0,0.032,0,2026-08-18,2026-08-19,False,False,5.0,2026-08-19T11:36:56+05:30
PNB,117.0,TOUCHED,0.09,inside,117.1,117.0,117.0,117.24,116.75,0.425,60.0,0.035,0,2026-08-18,2026-08-19,False,False,5.0,2026-08-19T11:36:56+05:30
BANKINDIA,142.49,TOUCHED,-0.43,below,141.87,142.49,142.87,143.26,142.49,0.541,60.3,0.031,0,2026-08-18,2026-08-19,False,False,5.0,2026-08-19T11:36:56+05:30
EICHERMOT,8032.92,TOUCHED,-0.01,below,8032.0,8032.92,8047.33,8061.75,8032.92,0.358,60.3,0.024,0,2026-08-18,2026-08-19,False,False,5.0,2026-08-19T11:36:56+05:30
RHIM,376.85,TOUCHED,-0.64,below,374.45,376.85,377.9,378.95,376.85,0.556,60.3,0.029,0,2026-08-18,2026-08-19,False,False,5.0,2026-08-19T11:36:56+05:30
SHYAMMETL,989.0,TOUCHED,-0.02,below,988.8,989.0,991.1,993.2,989.0,0.424,60.3,0.016,0,2026-08-17,2026-08-19,False,False,5.0,2026-08-19T11:36:56+05:30
AXISBANK,1236.95,TOUCHED,-0.4,below,1232.0,1236.95,1238.97,1240.98,1236.95,0.326,60.5,0.024,0,2026-08-18,2026-08-19,False,False,5.0,2026-08-19T11:36:56+05:30
NH,1807.67,TOUCHED,-0.77,below,1793.7,1807.67,1812.33,1817.0,1807.67,0.515,60.5,0.034,0,2026-08-18,2026-08-19,False,False,5.0,2026-08-19T11:36:56+05:30
SAREGAMA,516.92,TOUCHED,-0.01,inside,516.85,516.92,516.92,518.4,515.43,0.574,60.5,0.041,0,2026-08-18,2026-08-19,False,False,5.0,2026-08-19T11:36:56+05:30
ZYDUSWELL,498.11,TOUCHED,-0.74,below,494.4,498.11,499.57,501.03,498.11,0.584,60.5,0.034,0,2026-08-18,2026-08-19,False,False,5.0,2026-08-19T11:36:56+05:30
FACT,797.6,TOUCHED,0.16,inside,798.85,797.6,797.6,799.77,795.42,0.545,60.8,0.058,0,2026-08-17,2026-08-19,False,False,5.0,2026-08-19T11:36:56+05:30
HDFCBANK,724.0,TOUCHED,-1.02,below,716.6,724.0,725.0,726.0,724.0,0.276,60.8,0.019,0,2026-08-18,2026-08-19,False,False,5.0,2026-08-19T11:36:56+05:30
SUNDARMFIN,4584.0,TOUCHED,-0.8,below,4547.1,4584.0,4595.87,4607.73,4584.0,0.516,60.8,0.03,0,2026-08-18,2026-08-19,False,False,5.0,2026-08-19T11:36:56+05:30
BAJAJ-AUTO,11652.0,TOUCHED,0.15,inside,11670.0,11652.0,11652.0,11674.5,11629.5,0.386,61.4,0.028,0,2026-08-18,2026-08-19,False,False,5.0,2026-08-19T11:36:56+05:30
BRIGADE,590.15,TOUCHED,0.15,inside,591.05,590.15,590.15,591.93,588.38,0.602,61.4,0.024,0,2026-08-17,2026-08-19,False,False,5.0,2026-08-19T11:36:56+05:30
MOTILALOFS,941.07,TOUCHED,-0.01,below,940.95,941.07,944.15,947.22,941.07,0.651,61.6,0.045,0,2026-08-18,2026-08-19,False,False,5.0,2026-08-19T11:36:56+05:30
NAVA,560.6,TOUCHED,-0.26,below,559.15,560.6,562.3,564.0,560.6,0.605,61.9,0.038,0,2026-08-18,2026-08-19,False,False,5.0,2026-08-19T11:36:56+05:30
UTIAMC,896.92,TOUCHED,-0.92,below,888.65,896.92,899.25,901.58,896.92,0.517,61.9,0.043,0,2026-08-18,2026-08-19,False,False,5.0,2026-08-19T11:36:56+05:30
ELECON,433.25,TOUCHED,-0.89,below,429.4,433.25,434.92,436.58,433.25,0.766,62.2,0.036,0,2026-08-17,2026-08-19,False,False,5.0,2026-08-19T11:36:56+05:30
HCLTECH,1306.25,TOUCHED,0.32,above,1310.4,1306.25,1303.5,1306.25,1300.75,0.422,62.7,0.024,0,2026-08-18,2026-08-19,False,False,5.0,2026-08-19T11:36:56+05:30
PINELABS,160.99,TOUCHED,-0.68,below,159.9,160.99,161.66,162.33,160.99,0.829,62.8,0.058,0,2026-08-18,2026-08-19,False,False,5.0,2026-08-19T11:36:56+05:30
NEULANDLAB,23407.0,TOUCHED,-1.29,below,23106.0,23407.0,23491.67,23576.33,23407.0,0.721,63.0,0.032,0,2026-08-17,2026-08-19,False,False,5.0,2026-08-19T11:36:56+05:30
360ONE,1169.53,TOUCHED,0.85,above,1179.5,1169.53,1166.07,1169.53,1162.6,0.595,63.6,0.032,0,2026-08-17,2026-08-19,False,False,5.0,2026-08-19T11:36:56+05:30
IREDA,115.58,TOUCHED,-0.85,below,114.6,115.58,115.88,116.19,115.58,0.529,63.6,0.048,0,2026-08-18,2026-08-19,False,False,5.0,2026-08-19T11:36:56+05:30
KEC,429.9,TOUCHED,-0.76,below,426.65,429.9,431.2,432.5,429.9,0.603,63.6,0.023,0,2026-08-18,2026-08-19,False,False,5.0,2026-08-19T11:36:56+05:30
BAYERCROP,4070.7,TOUCHED,-0.04,below,4068.9,4070.7,4080.2,4089.7,4070.7,0.466,64.1,0.031,0,2026-08-17,2026-08-19,False,False,5.0,2026-08-19T11:36:56+05:30
KARURVYSYA,331.18,TOUCHED,-0.13,below,330.75,331.18,332.12,333.06,331.18,0.567,64.4,0.038,0,2026-08-17,2026-08-19,False,False,5.0,2026-08-19T11:36:56+05:30
USHAMART,495.17,TOUCHED,0.19,inside,496.1,495.17,495.17,496.61,493.73,0.582,64.7,0.035,0,2026-08-17,2026-08-19,False,False,5.0,2026-08-19T11:36:56+05:30
MAHABANK,80.72,TOUCHED,-0.85,below,80.03,80.72,80.94,81.17,80.72,0.56,64.9,0.042,0,2026-08-18,2026-08-19,False,False,5.0,2026-08-19T11:36:56+05:30
RADICO,4666.43,TOUCHED,0.07,inside,4669.8,4666.43,4666.43,4679.92,4652.95,0.578,64.9,0.021,0,2026-08-17,2026-08-19,False,False,5.0,2026-08-19T11:36:56+05:30
JINDALSTEL,1109.85,TOUCHED,0.68,above,1117.4,1109.85,1107.07,1109.85,1104.28,0.503,65.2,0.034,0,2026-08-18,2026-08-19,False,False,5.0,2026-08-19T11:36:56+05:30
DMART,4004.17,TOUCHED,-0.45,below,3986.1,4004.17,4013.33,4022.5,4004.17,0.457,65.5,0.028,0,2026-08-17,2026-08-19,False,False,5.0,2026-08-19T11:36:56+05:30
ALKEM,5453.0,TOUCHED,-0.17,inside,5444.0,5453.0,5453.0,5464.0,5442.0,0.403,65.8,0.026,0,2026-08-18,2026-08-19,False,False,5.0,2026-08-19T11:36:56+05:30
ABCAPITAL,398.3,TOUCHED,-0.98,below,394.4,398.3,399.53,400.77,398.3,0.617,66.0,0.038,0,2026-08-18,2026-08-19,False,False,5.0,2026-08-19T11:36:56+05:30
ELGIEQUIP,620.0,TOUCHED,0.48,above,623.0,620.0,618.07,620.0,616.13,0.626,66.0,0.04,0,2026-08-18,2026-08-19,False,False,5.0,2026-08-19T11:36:56+05:30
INDGN,562.9,TOUCHED,-0.24,below,561.55,562.9,564.5,566.1,562.9,0.567,66.0,0.023,0,2026-08-18,2026-08-19,False,False,5.0,2026-08-19T11:36:56+05:30
SONACOMS,821.56,TOUCHED,0.46,above,825.3,821.56,819.12,821.56,816.67,0.596,66.3,0.033,0,2026-08-18,2026-08-19,False,False,5.0,2026-08-19T11:36:56+05:30
AWL,190.55,TOUCHED,-0.76,below,189.1,190.55,191.07,191.58,190.55,0.537,66.6,0.044,0,2026-08-18,2026-08-19,False,False,5.0,2026-08-19T11:36:56+05:30
BDL,1378.0,TOUCHED,-1.22,below,1361.2,1378.0,1383.0,1388.0,1378.0,0.723,66.8,0.049,0,2026-08-18,2026-08-19,False,False,5.0,2026-08-19T11:36:56+05:30
GRANULES,853.95,TOUCHED,-0.22,below,852.1,853.95,856.48,859.02,853.95,0.592,66.8,0.037,0,2026-08-17,2026-08-19,False,False,5.0,2026-08-19T11:36:56+05:30
ADANIGREEN,1312.73,TOUCHED,-1.76,below,1289.6,1312.73,1317.47,1322.2,1312.73,0.719,67.1,0.045,0,2026-08-18,2026-08-19,False,False,5.0,2026-08-19T11:36:56+05:30
FLUOROCHEM,4687.53,TOUCHED,-0.12,below,4682.1,4687.53,4700.27,4713.0,4687.53,0.542,67.1,0.022,0,2026-08-18,2026-08-19,False,False,5.0,2026-08-19T11:36:56+05:30
PWL,120.33,TOUCHED,-1.46,below,118.57,120.33,120.9,121.48,120.33,0.951,67.7,0.075,0,2026-08-18,2026-08-19,False,False,5.0,2026-08-19T11:36:56+05:30
RITES,219.79,TOUCHED,-0.17,inside,219.41,219.79,219.79,220.43,219.14,0.59,67.7,0.025,0,2026-08-18,2026-08-19,False,False,5.0,2026-08-19T11:36:56+05:30
LINDEINDIA,6692.33,TOUCHED,0.24,inside,6708.5,6692.33,6692.33,6712.17,6672.5,0.593,67.9,0.025,0,2026-08-17,2026-08-19,False,False,5.0,2026-08-19T11:36:56+05:30
ASAHIINDIA,952.85,TOUCHED,-0.17,below,951.2,952.85,956.17,959.48,952.85,0.694,68.2,0.045,0,2026-08-18,2026-08-19,False,False,5.0,2026-08-19T11:36:56+05:30
JSWSTEEL,1272.8,TOUCHED,0.17,inside,1275.0,1272.8,1272.8,1275.4,1270.2,0.409,68.2,0.024,0,2026-08-18,2026-08-19,False,False,5.0,2026-08-19T11:36:56+05:30
OFSS,11727.0,TOUCHED,0.14,above,11743.0,11727.0,11692.33,11727.0,11657.67,0.593,68.5,0.029,0,2026-08-18,2026-08-19,False,False,5.0,2026-08-19T11:36:56+05:30
TCS,2284.5,TOUCHED,-0.31,below,2277.4,2284.5,2289.0,2293.5,2284.5,0.393,68.5,0.029,0,2026-08-18,2026-08-19,False,False,5.0,2026-08-19T11:36:56+05:30
ENRIN,3570.1,TOUCHED,-2.97,below,3464.2,3570.1,3581.97,3593.83,3570.1,0.663,68.6,0.028,0,2026-08-17,2026-08-19,False,False,5.0,2026-08-19T11:36:56+05:30
ACMESOLAR,368.83,TOUCHED,0.21,inside,369.6,368.83,368.83,370.29,367.38,0.791,68.8,0.05,0,2026-08-18,2026-08-19,False,False,5.0,2026-08-19T11:36:56+05:30
IRFC,86.34,TOUCHED,-1.09,below,85.4,86.34,86.57,86.81,86.34,0.535,68.8,0.033,0,2026-08-18,2026-08-19,False,False,5.0,2026-08-19T11:36:56+05:30
PHOENIXLTD,1912.95,TOUCHED,-0.01,below,1912.8,1912.95,1918.57,1924.18,1912.95,0.586,69.0,0.047,0,2026-08-17,2026-08-19,False,False,5.0,2026-08-19T11:36:56+05:30
INFY,1119.8,TOUCHED,0.1,inside,1120.9,1119.8,1119.8,1122.2,1117.4,0.429,69.3,0.029,0,2026-08-18,2026-08-19,False,False,5.0,2026-08-19T11:36:56+05:30
MAPMYINDIA,1005.6,TOUCHED,-0.26,inside,1003.0,1005.6,1005.6,1009.1,1002.1,0.696,69.3,0.031,0,2026-08-18,2026-08-19,False,False,5.0,2026-08-19T11:36:56+05:30
HEXT,557.23,TOUCHED,0.4,inside,559.45,557.23,557.23,559.48,554.99,0.805,69.6,0.045,0,2026-08-18,2026-08-19,False,False,5.0,2026-08-19T11:36:56+05:30
KIMS,803.23,TOUCHED,-1.09,below,794.5,803.23,806.05,808.88,803.23,0.701,69.6,0.04,0,2026-08-17,2026-08-19,False,False,5.0,2026-08-19T11:36:56+05:30
IRCTC,494.2,TOUCHED,-0.98,below,489.35,494.2,495.35,496.5,494.2,0.464,69.9,0.037,0,2026-08-18,2026-08-19,False,False,5.0,2026-08-19T11:36:56+05:30
GRSE,2652.63,TOUCHED,-0.31,inside,2644.5,2652.63,2652.63,2664.82,2640.45,0.919,70.1,0.074,0,2026-08-18,2026-08-19,False,False,5.0,2026-08-19T11:36:56+05:30
HONAUT,36492.5,TOUCHED,-0.94,below,36150.0,36492.5,36585.0,36677.5,36492.5,0.506,70.1,0.023,0,2026-08-17,2026-08-19,False,False,5.0,2026-08-19T11:36:56+05:30
GLAND,2868.23,TOUCHED,-0.85,below,2843.9,2868.23,2877.87,2887.5,2868.23,0.669,70.4,0.04,0,2026-08-18,2026-08-19,False,False,5.0,2026-08-19T11:36:56+05:30
VTL,599.0,TOUCHED,-0.73,below,594.65,599.0,601.08,603.17,599.0,0.693,71.2,0.031,0,2026-08-17,2026-08-19,False,False,5.0,2026-08-19T11:36:56+05:30
ADANIENSOL,1594.95,TOUCHED,-2.86,below,1549.3,1594.95,1600.8,1606.65,1594.95,0.731,71.8,0.031,0,2026-08-17,2026-08-19,False,False,5.0,2026-08-19T11:36:56+05:30
FORTIS,914.28,TOUCHED,0.07,inside,914.9,914.28,914.28,917.05,911.52,0.605,72.3,0.031,0,2026-08-17,2026-08-19,False,False,5.0,2026-08-19T11:36:56+05:30
ITC,270.47,TOUCHED,-0.71,below,268.55,270.47,270.93,271.4,270.47,0.344,72.6,0.021,0,2026-08-18,2026-08-19,False,False,5.0,2026-08-19T11:36:56+05:30
HINDUNILVR,2039.15,TOUCHED,-1.0,below,2018.7,2039.15,2043.3,2047.45,2039.15,0.406,72.9,0.015,0,2026-08-18,2026-08-19,False,False,5.0,2026-08-19T11:36:56+05:30
UPL,565.02,TOUCHED,0.37,above,567.1,565.02,563.37,565.02,561.71,0.589,73.4,0.018,0,2026-08-18,2026-08-19,False,False,5.0,2026-08-19T11:36:56+05:30
SAILIFE,1421.53,TOUCHED,-0.02,below,1421.3,1421.53,1426.67,1431.8,1421.53,0.72,74.0,0.04,0,2026-08-17,2026-08-19,False,False,5.0,2026-08-19T11:36:56+05:30
PFIZER,4870.1,TOUCHED,0.98,above,4918.0,4870.1,4856.43,4870.1,4842.77,0.563,75.3,0.025,0,2026-08-17,2026-08-19,False,False,5.0,2026-08-19T11:36:56+05:30
HINDPETRO,367.28,TOUCHED,-0.04,below,367.15,367.28,368.57,369.85,367.28,0.696,75.9,0.034,0,2026-08-18,2026-08-19,False,False,5.0,2026-08-19T11:36:56+05:30
BALRAMCHIN,655.48,TOUCHED,-0.17,below,654.4,655.48,657.72,659.95,655.48,0.679,76.2,0.039,0,2026-08-18,2026-08-19,False,False,5.0,2026-08-19T11:36:56+05:30
IDEA,13.98,TOUCHED,-0.33,inside,13.93,13.98,13.98,14.05,13.91,1.026,76.4,0.046,0,2026-08-18,2026-08-19,False,False,5.0,2026-08-19T11:36:56+05:30
TATACONSUM,1064.52,TOUCHED,-0.0,below,1064.5,1064.52,1067.43,1070.35,1064.52,0.546,76.4,0.027,0,2026-08-18,2026-08-19,False,False,5.0,2026-08-19T11:36:56+05:30
KOTAKBANK,389.4,TOUCHED,-0.06,inside,389.15,389.4,389.4,390.27,388.52,0.449,76.7,0.024,0,2026-08-18,2026-08-19,False,False,5.0,2026-08-19T11:36:56+05:30
PERSISTENT,5485.5,TOUCHED,0.33,inside,5503.5,5485.5,5485.5,5507.0,5464.0,0.784,76.7,0.018,0,2026-08-18,2026-08-19,False,False,5.0,2026-08-19T11:36:56+05:30
TATACHEM,655.01,TOUCHED,-1.11,below,647.75,655.01,657.02,659.02,655.01,0.611,77.3,0.02,0,2026-08-18,2026-08-19,False,False,5.0,2026-08-19T11:36:56+05:30
GRAVITA,1805.57,TOUCHED,-0.43,inside,1797.8,1805.57,1805.57,1813.63,1797.5,0.894,77.5,0.033,0,2026-08-17,2026-08-19,False,False,5.0,2026-08-19T11:36:56+05:30
CARBORUNIV,1127.05,TOUCHED,-2.84,below,1095.0,1127.05,1131.4,1135.75,1127.05,0.769,78.1,0.029,0,2026-08-17,2026-08-19,False,False,5.0,2026-08-19T11:36:56+05:30
JKCEMENT,5298.0,TOUCHED,0.05,inside,5300.5,5298.0,5298.0,5319.0,5277.0,0.793,78.6,0.033,0,2026-08-17,2026-08-19,False,False,5.0,2026-08-19T11:36:56+05:30
MARUTI,13724.17,TOUCHED,-0.36,below,13675.0,13724.17,13757.33,13790.5,13724.17,0.482,78.6,0.017,0,2026-08-18,2026-08-19,False,False,5.0,2026-08-19T11:36:56+05:30
NUVAMA,1715.47,TOUCHED,-0.31,inside,1710.1,1715.47,1715.47,1723.33,1707.6,0.917,78.6,0.025,0,2026-08-17,2026-08-19,False,False,5.0,2026-08-19T11:36:56+05:30
VMM,104.11,TOUCHED,-0.39,below,103.71,104.11,104.52,104.92,104.11,0.772,78.6,0.026,0,2026-08-18,2026-08-19,False,False,5.0,2026-08-19T11:36:56+05:30
WELSPUNLIV,176.98,TOUCHED,0.92,above,178.61,176.98,176.16,176.98,175.35,0.923,78.6,0.042,0,2026-08-18,2026-08-19,False,False,5.0,2026-08-19T11:36:56+05:30
TECHNOE,997.56,TOUCHED,0.2,above,999.55,997.56,992.67,997.56,987.77,0.986,78.9,0.05,0,2026-08-18,2026-08-19,False,False,5.0,2026-08-19T11:36:56+05:30
UNOMINDA,1264.58,TOUCHED,1.08,above,1278.3,1264.58,1259.27,1264.58,1253.95,0.844,79.2,0.05,0,2026-08-17,2026-08-19,False,False,5.0,2026-08-19T11:36:56+05:30
AIAENG,4402.55,TOUCHED,-0.07,below,4399.4,4402.55,4417.57,4432.58,4402.55,0.68,79.5,0.041,0,2026-08-18,2026-08-19,False,False,5.0,2026-08-19T11:36:56+05:30
JSWINFRA,329.83,TOUCHED,-0.04,below,329.7,329.83,331.02,332.2,329.83,0.715,79.7,0.029,0,2026-08-18,2026-08-19,False,False,5.0,2026-08-19T11:36:56+05:30
BPCL,311.44,TOUCHED,-1.35,below,307.25,311.44,312.58,313.72,311.44,0.73,80.0,0.021,0,2026-08-18,2026-08-19,False,False,5.0,2026-08-19T11:36:56+05:30
SAIL,171.58,TOUCHED,-0.0,inside,171.57,171.58,171.58,172.26,170.89,0.802,80.0,0.026,0,2026-08-18,2026-08-19,False,False,5.0,2026-08-19T11:36:56+05:30
UNITDSPR,1525.6,TOUCHED,-0.33,below,1520.6,1525.6,1530.3,1535.0,1525.6,0.614,80.5,0.033,0,2026-08-18,2026-08-19,False,False,5.0,2026-08-19T11:36:56+05:30
AFFLE,1689.87,TOUCHED,0.12,inside,1691.9,1689.87,1689.87,1696.88,1682.85,0.83,81.1,0.032,0,2026-08-17,2026-08-19,False,False,5.0,2026-08-19T11:36:56+05:30
ANGELONE,291.97,TOUCHED,0.01,above,292.0,291.97,290.43,291.97,288.9,1.056,81.1,0.029,0,2026-08-17,2026-08-19,False,False,5.0,2026-08-19T11:36:56+05:30
ATUL,6631.58,TOUCHED,-0.73,below,6583.0,6631.58,6654.67,6677.75,6631.58,0.694,81.1,0.015,0,2026-08-18,2026-08-19,False,False,5.0,2026-08-19T11:36:56+05:30
AIIL,554.66,TOUCHED,-1.56,below,546.0,554.66,557.82,560.98,554.66,1.132,81.6,0.055,0,2026-08-17,2026-08-19,False,False,5.0,2026-08-19T11:36:56+05:30
DEEPAKFERT,1479.37,TOUCHED,-1.21,below,1461.5,1479.37,1486.73,1494.1,1479.37,0.991,81.9,0.044,0,2026-08-18,2026-08-19,False,False,5.0,2026-08-19T11:36:56+05:30
EMCURE,1893.27,TOUCHED,0.18,inside,1896.6,1893.27,1893.27,1902.95,1883.58,1.023,82.7,0.029,0,2026-08-17,2026-08-19,False,False,5.0,2026-08-19T11:36:56+05:30
BEML,1945.27,TOUCHED,0.22,inside,1949.6,1945.27,1945.27,1955.38,1935.15,1.04,83.0,0.028,0,2026-08-18,2026-08-19,False,False,5.0,2026-08-19T11:36:56+05:30
NETWEB,5244.6,TOUCHED,-1.86,below,5147.2,5244.6,5281.23,5317.87,5244.6,1.387,83.0,0.055,0,2026-08-18,2026-08-19,False,False,5.0,2026-08-19T11:36:56+05:30
EXIDEIND,467.06,TOUCHED,-1.23,below,461.3,467.06,468.87,470.68,467.06,0.771,83.3,0.027,0,2026-08-18,2026-08-19,False,False,5.0,2026-08-19T11:36:56+05:30
KPRMILL,1124.53,TOUCHED,0.31,inside,1128.0,1124.53,1124.53,1130.07,1119.0,0.984,83.6,0.054,0,2026-08-17,2026-08-19,False,False,5.0,2026-08-19T11:36:56+05:30
YESBANK,22.63,TOUCHED,0.28,inside,22.69,22.63,22.63,22.71,22.54,0.737,83.6,0.04,0,2026-08-18,2026-08-19,False,False,5.0,2026-08-19T11:36:56+05:30
DATAPATTNS,4703.97,TOUCHED,1.01,above,4751.6,4703.97,4670.73,4703.97,4637.5,1.423,83.8,0.075,0,2026-08-18,2026-08-19,False,False,5.0,2026-08-19T11:36:56+05:30
TRIDENT,24.56,TOUCHED,-0.41,below,24.46,24.56,24.65,24.74,24.56,0.744,83.8,0.028,0,2026-08-18,2026-08-19,False,False,5.0,2026-08-19T11:36:56+05:30
TATATECH,845.2,TOUCHED,-2.86,below,821.05,845.2,848.75,852.3,845.2,0.837,84.4,0.035,0,2026-08-17,2026-08-19,False,False,5.0,2026-08-19T11:36:56+05:30
UNIONBANK,186.35,TOUCHED,-0.1,below,186.16,186.35,187.19,188.04,186.35,0.905,84.4,0.047,0,2026-08-18,2026-08-19,False,False,5.0,2026-08-19T11:36:56+05:30
LALPATHLAB,1885.05,TOUCHED,-0.25,below,1880.4,1885.05,1892.8,1900.55,1885.05,0.819,86.3,0.043,0,2026-08-17,2026-08-19,False,False,5.0,2026-08-19T11:36:56+05:30
MCX,3004.67,TOUCHED,-0.4,inside,2992.7,3004.67,3004.67,3022.33,2987.0,1.176,86.6,0.058,0,2026-08-18,2026-08-19,False,False,5.0,2026-08-19T11:36:56+05:30
NYKAA,323.22,TOUCHED,0.17,inside,323.75,323.22,323.22,324.53,321.91,0.81,86.6,0.027,0,2026-08-18,2026-08-19,False,False,5.0,2026-08-19T11:36:56+05:30
TRITURBINE,584.75,TOUCHED,-1.93,below,573.45,584.75,587.6,590.45,584.75,0.97,86.6,0.021,0,2026-08-18,2026-08-19,False,False,5.0,2026-08-19T11:36:56+05:30
APOLLOHOSP,8851.92,TOUCHED,-0.71,below,8789.0,8851.92,8878.33,8904.75,8851.92,0.595,87.1,0.017,0,2026-08-17,2026-08-19,False,False,5.0,2026-08-19T11:36:56+05:30
PAYTM,1572.65,TOUCHED,1.22,above,1591.9,1572.65,1563.87,1572.65,1555.08,1.123,87.1,0.053,0,2026-08-18,2026-08-19,False,False,5.0,2026-08-19T11:36:56+05:30
CHALET,832.7,TOUCHED,-0.98,below,824.5,832.7,836.7,840.7,832.7,0.956,87.7,0.023,0,2026-08-17,2026-08-19,False,False,5.0,2026-08-19T11:36:56+05:30
LTM,4582.5,TOUCHED,-0.35,below,4566.3,4582.5,4602.8,4623.1,4582.5,0.882,87.9,0.032,0,2026-08-18,2026-08-19,False,False,5.0,2026-08-19T11:36:56+05:30
MPHASIS,2444.07,TOUCHED,-1.95,below,2396.5,2444.07,2456.13,2468.2,2444.07,0.983,88.8,0.024,0,2026-08-18,2026-08-19,False,False,5.0,2026-08-19T11:36:56+05:30
SCHNEIDER,1246.05,TOUCHED,-0.46,below,1240.3,1246.05,1255.5,1264.95,1246.05,1.505,88.8,0.027,0,2026-08-18,2026-08-19,False,False,5.0,2026-08-19T11:36:56+05:30
AEGISLOG,1358.65,TOUCHED,0.2,above,1361.3,1358.65,1349.6,1358.65,1340.55,1.341,89.0,0.033,0,2026-08-18,2026-08-19,False,False,5.0,2026-08-19T11:36:56+05:30
FIRSTCRY,206.13,TOUCHED,-0.53,below,205.03,206.13,207.61,209.09,206.13,1.424,90.7,0.066,0,2026-08-18,2026-08-19,False,False,5.0,2026-08-19T11:36:56+05:30
MAXHEALTH,1004.5,TOUCHED,0.26,inside,1007.1,1004.5,1004.5,1009.45,999.55,0.986,90.7,0.037,0,2026-08-18,2026-08-19,False,False,5.0,2026-08-19T11:36:56+05:30
LODHA,1219.25,TOUCHED,-1.62,below,1199.5,1219.25,1227.4,1235.55,1219.25,1.328,91.2,0.035,0,2026-08-18,2026-08-19,False,False,5.0,2026-08-19T11:36:56+05:30
WIPRO,179.37,TOUCHED,0.02,inside,179.4,179.37,179.37,180.03,178.71,0.73,91.8,0.013,0,2026-08-18,2026-08-19,False,False,5.0,2026-08-19T11:36:56+05:30
J&KBANK,149.97,TOUCHED,-0.31,inside,149.5,149.97,149.97,150.97,148.97,1.331,92.3,0.029,0,2026-08-17,2026-08-19,False,False,5.0,2026-08-19T11:36:56+05:30
ZYDUSLIFE,1125.1,TOUCHED,-0.26,inside,1122.2,1125.1,1125.1,1129.85,1120.35,0.844,92.3,0.024,0,2026-08-18,2026-08-19,False,False,5.0,2026-08-19T11:36:56+05:30
AFCONS,278.72,TOUCHED,0.48,above,280.05,278.72,277.18,278.72,275.65,1.106,93.4,0.024,0,2026-08-18,2026-08-19,False,False,5.0,2026-08-19T11:36:56+05:30
NAM-INDIA,1187.03,TOUCHED,0.46,inside,1192.5,1187.03,1187.03,1194.87,1179.2,1.32,93.7,0.032,0,2026-08-17,2026-08-19,False,False,5.0,2026-08-19T11:36:56+05:30
PAGEIND,36402.35,TOUCHED,-2.42,below,35520.0,36402.35,36579.71,36757.06,36402.35,0.97,93.7,0.03,0,2026-08-18,2026-08-19,False,False,5.0,2026-08-19T11:36:56+05:30
MRPL,179.16,TOUCHED,-0.25,below,178.72,179.16,180.88,182.6,179.16,1.902,94.0,0.056,0,2026-08-18,2026-08-19,False,False,5.0,2026-08-19T11:36:56+05:30
PFOCUS,283.0,TOUCHED,0.94,above,285.65,283.0,279.75,283.0,276.5,2.324,94.0,0.053,0,2026-08-18,2026-08-19,False,False,5.0,2026-08-19T11:36:56+05:30
HEG,722.5,TOUCHED,-1.18,below,713.95,722.5,728.08,733.67,722.5,1.534,94.2,0.045,0,2026-08-18,2026-08-19,False,False,5.0,2026-08-19T11:36:56+05:30
APARINDS,16747.0,TOUCHED,-0.4,below,16680.0,16747.0,16902.67,17058.33,16747.0,1.842,94.5,0.055,0,2026-08-18,2026-08-19,False,False,5.0,2026-08-19T11:36:56+05:30
TBOTEK,1673.57,TOUCHED,-0.06,inside,1672.5,1673.57,1673.57,1686.78,1660.35,1.579,94.8,0.033,0,2026-08-17,2026-08-19,False,False,5.0,2026-08-19T11:36:56+05:30
COLPAL,1912.1,TOUCHED,-1.66,below,1880.3,1912.1,1921.2,1930.3,1912.1,0.947,95.1,0.024,0,2026-08-18,2026-08-19,False,False,5.0,2026-08-19T11:36:56+05:30
MFSL,1555.2,TOUCHED,0.26,inside,1559.3,1555.2,1555.2,1563.45,1546.95,1.061,95.3,0.019,0,2026-08-17,2026-08-19,False,False,5.0,2026-08-19T11:36:56+05:30
ZENTEC,1933.8,TOUCHED,-0.46,below,1925.0,1933.8,1950.0,1966.2,1933.8,1.662,95.6,0.016,0,2026-08-18,2026-08-19,False,False,5.0,2026-08-19T11:36:56+05:30
ACUTAAS,3294.85,TOUCHED,-0.3,below,3285.0,3294.85,3327.03,3359.22,3294.85,1.935,95.9,0.036,0,2026-08-18,2026-08-19,False,False,5.0,2026-08-19T11:36:56+05:30
TORNTPOWER,1272.4,TOUCHED,-1.92,below,1248.0,1272.4,1280.7,1289.0,1272.4,1.296,95.9,0.031,0,2026-08-18,2026-08-19,False,False,5.0,2026-08-19T11:36:56+05:30
HDBFS,687.92,TOUCHED,-0.1,below,687.25,687.92,691.33,694.74,687.92,0.986,96.1,0.023,0,2026-08-18,2026-08-19,False,False,5.0,2026-08-19T11:36:56+05:30
PPLPHARMA,207.41,TOUCHED,0.43,inside,208.3,207.41,207.41,208.97,205.85,1.504,96.2,0.044,0,2026-08-18,2026-08-19,False,False,5.0,2026-08-19T11:36:56+05:30
JYOTICNC,920.79,TOUCHED,0.65,above,926.8,920.79,912.38,920.79,903.98,1.843,96.4,0.027,0,2026-08-18,2026-08-19,False,False,5.0,2026-08-19T11:36:56+05:30
ADANIPORTS,1691.02,V+N,-1.04,below,1673.5,1691.02,1691.03,1691.05,1691.02,0.002,1.6,0.02,1,2026-08-17,2026-08-19,True,True,5.0,2026-08-19T12:59:45+05:30
LEMONTREE,109.0,V+N,-0.53,below,108.43,109.0,109.01,109.01,109.0,0.009,1.9,0.023,1,2026-08-18,2026-08-19,True,True,5.0,2026-08-19T12:59:45+05:30
COROMANDEL,2097.65,V+N,-2.51,below,2045.1,2097.65,2097.73,2097.82,2097.65,0.008,2.2,0.035,1,2026-08-17,2026-08-19,True,True,5.0,2026-08-19T12:59:45+05:30
RAILTEL,280.02,V+N,3.01,above,288.45,280.02,280.0,280.02,279.98,0.018,2.5,0.042,1,2026-08-17,2026-08-19,True,True,5.0,2026-08-19T12:59:45+05:30
ESCORTS,3134.05,V+N,-2.71,below,3049.0,3134.05,3134.5,3134.95,3134.05,0.029,2.7,0.041,1,2026-08-17,2026-08-19,True,True,5.0,2026-08-19T12:59:45+05:30
BIKAJI,613.68,V+N,-0.65,below,609.7,613.68,613.72,613.75,613.68,0.011,3.0,0.018,1,2026-08-17,2026-08-19,True,True,5.0,2026-08-19T12:59:45+05:30
MANKIND,2379.72,V+N,0.3,above,2386.9,2379.72,2379.43,2379.72,2379.15,0.024,3.3,0.038,1,2026-08-18,2026-08-19,True,True,5.0,2026-08-19T12:59:45+05:30
ABBOTINDIA,26900.0,V+N,-2.04,below,26350.0,26900.0,26901.67,26903.33,26900.0,0.012,3.6,0.034,1,2026-08-17,2026-08-19,True,True,5.0,2026-08-19T12:59:45+05:30
CGPOWER,894.3,V+N,-2.73,below,869.85,894.3,894.4,894.5,894.3,0.022,3.8,0.035,1,2026-08-18,2026-08-19,True,True,5.0,2026-08-19T12:59:45+05:30
GALLANTT,583.11,V+N,-0.81,below,578.4,583.11,583.27,583.43,583.11,0.054,4.7,0.062,1,2026-08-17,2026-08-19,True,True,5.0,2026-08-19T12:59:45+05:30
LGEINDIA,1680.58,V+W,-2.36,below,1641.0,1680.58,1693.57,1706.55,1680.58,1.533,97.6,0.01,1,2026-08-17,2026-08-19,True,False,5.0,2026-08-19T12:59:45+05:30
GPIL,248.2,V+W,0.77,above,250.12,248.2,245.57,248.2,242.95,2.136,98.9,0.023,1,2026-08-17,2026-08-19,True,False,5.0,2026-08-19T12:59:45+05:30
RRKABEL,2750.95,V,3.28,above,2841.2,2750.95,2750.17,2750.95,2749.38,0.057,5.5,0.045,1,2026-08-17,2026-08-19,True,False,5.0,2026-08-19T12:59:45+05:30
ZFCVINDIA,2623.13,V,0.7,above,2641.4,2623.13,2622.57,2623.13,2622.0,0.043,5.5,0.038,1,2026-08-17,2026-08-19,True,False,5.0,2026-08-19T12:59:45+05:30
NATIONALUM,388.11,V,-0.88,below,384.7,388.11,388.22,388.32,388.11,0.056,6.8,0.04,1,2026-08-18,2026-08-19,True,False,5.0,2026-08-19T12:59:45+05:30
NMDC,84.21,V,-1.23,below,83.18,84.21,84.23,84.26,84.21,0.051,7.9,0.028,1,2026-08-18,2026-08-19,True,False,5.0,2026-08-19T12:59:45+05:30
ITCHOTELS,166.17,V,-0.92,below,164.64,166.17,166.23,166.3,166.17,0.078,9.6,0.038,1,2026-08-17,2026-08-19,True,False,5.0,2026-08-19T12:59:45+05:30
SPLPETRO,722.42,V,-2.43,below,704.9,722.42,722.77,723.11,722.42,0.095,11.0,0.039,1,2026-08-17,2026-08-19,True,False,5.0,2026-08-19T12:59:45+05:30
ICICIPRULI,507.17,V,-1.32,below,500.45,507.17,507.33,507.5,507.17,0.066,13.2,0.023,1,2026-08-17,2026-08-19,True,False,5.0,2026-08-19T12:59:45+05:30
BERGEPAINT,548.62,V,-2.68,below,533.9,548.62,548.87,549.11,548.62,0.088,13.4,0.013,1,2026-08-17,2026-08-19,True,False,5.0,2026-08-19T12:59:45+05:30
KPITTECH,609.38,V,-3.36,below,588.9,609.38,609.75,610.12,609.38,0.123,14.8,0.044,1,2026-08-17,2026-08-19,True,False,5.0,2026-08-19T12:59:45+05:30
SIEMENS,3958.82,V,-1.28,below,3908.0,3958.82,3960.63,3962.45,3958.82,0.092,15.1,0.02,1,2026-08-18,2026-08-19,True,False,5.0,2026-08-19T12:59:45+05:30
CYIENT,859.82,V,4.06,above,894.7,859.82,859.4,859.82,858.97,0.099,15.9,0.024,1,2026-08-18,2026-08-19,True,False,5.0,2026-08-19T12:59:45+05:30
PIIND,2475.65,V,1.27,above,2507.2,2475.65,2474.43,2475.65,2473.22,0.098,17.0,0.03,1,2026-08-17,2026-08-19,True,False,5.0,2026-08-19T12:59:45+05:30
TATASTEEL,185.57,V,-0.97,below,183.78,185.57,185.65,185.72,185.57,0.079,17.3,0.019,1,2026-08-18,2026-08-19,True,False,5.0,2026-08-19T12:59:45+05:30
SJVN,66.6,V,-0.62,below,66.19,66.6,66.65,66.69,66.6,0.13,18.6,0.027,1,2026-08-17,2026-08-19,True,False,5.0,2026-08-19T12:59:45+05:30
POWERINDIA,35313.33,V,-4.68,below,33660.0,35313.33,35351.67,35390.0,35313.33,0.217,18.9,0.055,1,2026-08-18,2026-08-19,True,False,5.0,2026-08-19T12:59:45+05:30
ARE&M,943.78,V,-1.53,below,929.35,943.78,944.42,945.06,943.78,0.136,20.3,0.023,1,2026-08-17,2026-08-19,True,False,5.0,2026-08-19T12:59:45+05:30
MANAPPURAM,346.85,V,-2.21,below,339.2,346.85,347.1,347.35,346.85,0.144,20.3,0.027,1,2026-08-18,2026-08-19,True,False,5.0,2026-08-19T12:59:45+05:30
ONESOURCE,1553.25,V,-1.74,below,1526.3,1553.25,1554.9,1556.55,1553.25,0.212,20.8,0.052,1,2026-08-17,2026-08-19,True,False,5.0,2026-08-19T12:59:45+05:30
CREDITACC,1540.13,V,-0.97,below,1525.2,1540.13,1541.67,1543.2,1540.13,0.199,21.6,0.035,1,2026-08-17,2026-08-19,True,False,5.0,2026-08-19T12:59:45+05:30
MUTHOOTFIN,2896.75,V,-1.35,below,2857.6,2896.75,2899.4,2902.05,2896.75,0.183,22.2,0.04,1,2026-08-18,2026-08-19,True,False,5.0,2026-08-19T12:59:45+05:30
DELHIVERY,452.16,V,-0.88,below,448.2,452.16,452.52,452.88,452.16,0.158,22.5,0.019,1,2026-08-18,2026-08-19,True,False,5.0,2026-08-19T12:59:45+05:30
COFORGE,1778.6,V,1.8,above,1810.6,1778.6,1776.73,1778.6,1774.87,0.21,23.0,0.032,1,2026-08-18,2026-08-19,True,False,5.0,2026-08-19T12:59:45+05:30
ITI,276.96,V,1.84,above,282.05,276.96,276.67,276.96,276.38,0.211,23.3,0.035,1,2026-08-17,2026-08-19,True,False,5.0,2026-08-19T12:59:45+05:30
RPOWER,22.49,V,-2.65,below,21.89,22.49,22.52,22.56,22.49,0.311,23.3,0.076,1,2026-08-18,2026-08-19,True,False,5.0,2026-08-19T12:59:45+05:30
ENDURANCE,2975.05,V,0.61,above,2993.1,2975.05,2971.9,2975.05,2968.75,0.212,23.6,0.044,1,2026-08-17,2026-08-19,True,False,5.0,2026-08-19T12:59:45+05:30
KAJARIACER,1248.2,V,-3.49,below,1204.7,1248.2,1249.33,1250.47,1248.2,0.181,23.6,0.028,1,2026-08-17,2026-08-19,True,False,5.0,2026-08-19T12:59:45+05:30
DABUR,403.82,V,-0.72,below,400.9,403.82,404.13,404.45,403.82,0.157,24.4,0.033,1,2026-08-18,2026-08-19,True,False,5.0,2026-08-19T12:59:45+05:30
AMBUJACEM,412.73,V,-1.72,below,405.65,412.73,413.07,413.4,412.73,0.161,26.0,0.035,1,2026-08-18,2026-08-19,True,False,5.0,2026-08-19T12:59:45+05:30
ANURAS,1209.5,V,1.22,above,1224.2,1209.5,1208.5,1209.5,1207.5,0.165,26.8,0.025,1,2026-08-18,2026-08-19,True,False,5.0,2026-08-19T12:59:45+05:30
TITAGARH,824.65,V,1.69,above,838.55,824.65,823.42,824.65,822.18,0.3,29.9,0.051,1,2026-08-17,2026-08-19,True,False,5.0,2026-08-19T12:59:45+05:30
GESHIP,1301.12,V,0.87,above,1312.5,1301.12,1299.33,1301.12,1297.55,0.275,30.1,0.037,1,2026-08-18,2026-08-19,True,False,5.0,2026-08-19T12:59:45+05:30
NIVABUPA,82.92,V,1.1,above,83.84,82.92,82.85,82.92,82.78,0.173,30.1,0.018,1,2026-08-17,2026-08-19,True,False,5.0,2026-08-19T12:59:45+05:30
BLUEJET,591.99,V,0.69,above,596.1,591.99,590.78,591.99,589.58,0.409,30.7,0.042,1,2026-08-17,2026-08-19,True,False,5.0,2026-08-19T12:59:45+05:30
SAMMAANCAP,149.98,V,3.17,above,154.74,149.98,149.73,149.98,149.47,0.336,31.5,0.041,1,2026-08-18,2026-08-19,True,False,5.0,2026-08-19T12:59:45+05:30
MEDANTA,1420.25,V,1.07,above,1435.4,1420.25,1418.53,1420.25,1416.82,0.242,32.3,0.028,1,2026-08-17,2026-08-19,True,False,5.0,2026-08-19T12:59:45+05:30
HINDALCO,1042.5,V,-0.91,below,1033.05,1042.5,1043.4,1044.3,1042.5,0.173,32.6,0.011,1,2026-08-18,2026-08-19,True,False,5.0,2026-08-19T12:59:45+05:30
JBMA,622.26,V,-0.51,below,619.1,622.26,623.17,624.08,622.26,0.292,32.9,0.032,1,2026-08-17,2026-08-19,True,False,5.0,2026-08-19T12:59:45+05:30
CRAFTSMAN,10466.0,V,2.76,above,10754.5,10466.0,10452.0,10466.0,10438.0,0.268,33.2,0.057,1,2026-08-17,2026-08-19,True,False,5.0,2026-08-19T12:59:45+05:30
TRAVELFOOD,1360.18,V,-2.06,below,1332.1,1360.18,1362.17,1364.15,1360.18,0.291,33.8,0.032,1,2026-08-17,2026-08-19,True,False,5.0,2026-08-19T12:59:45+05:30
ECLERX,1852.78,V,-0.48,below,1843.8,1852.78,1856.67,1860.55,1852.78,0.418,35.1,0.039,1,2026-08-17,2026-08-19,True,False,5.0,2026-08-19T12:59:45+05:30
DIVISLAB,8506.75,V,0.1,above,8515.5,8506.75,8498.33,8506.75,8489.92,0.198,35.3,0.021,1,2026-08-17,2026-08-19,True,False,5.0,2026-08-19T12:59:45+05:30
WELCORP,1914.22,V,2.57,above,1963.5,1914.22,1911.33,1914.22,1908.45,0.302,35.3,0.053,1,2026-08-18,2026-08-19,True,False,5.0,2026-08-19T12:59:45+05:30
KEI,5796.95,V,-1.94,below,5684.5,5796.95,5803.9,5810.85,5796.95,0.239,35.6,0.026,1,2026-08-18,2026-08-19,True,False,5.0,2026-08-19T12:59:45+05:30
FEDERALBNK,353.75,V,1.03,above,357.4,353.75,353.4,353.75,353.05,0.198,35.9,0.026,1,2026-08-17,2026-08-19,True,False,5.0,2026-08-19T12:59:45+05:30
SCHAEFFLER,4044.95,V,1.41,above,4102.0,4044.95,4039.6,4044.95,4034.25,0.265,37.3,0.035,1,2026-08-17,2026-08-19,True,False,5.0,2026-08-19T12:59:45+05:30
NUVOCO,329.45,V,-2.81,below,320.2,329.45,330.0,330.55,329.45,0.333,39.5,0.042,1,2026-08-17,2026-08-19,True,False,5.0,2026-08-19T12:59:45+05:30
BAJAJFINSV,2007.57,V,-0.62,below,1995.2,2007.57,2010.13,2012.7,2007.57,0.255,40.3,0.02,1,2026-08-17,2026-08-19,True,False,5.0,2026-08-19T12:59:45+05:30
GILLETTE,7579.83,V,-1.32,below,7480.0,7579.83,7590.17,7600.5,7579.83,0.272,40.8,0.029,1,2026-08-17,2026-08-19,True,False,5.0,2026-08-19T12:59:45+05:30
GLENMARK,2318.5,V,-3.34,below,2241.1,2318.5,2322.0,2325.5,2318.5,0.301,40.8,0.035,1,2026-08-17,2026-08-19,True,False,5.0,2026-08-19T12:59:45+05:30
ATGL,650.4,V,4.23,above,677.9,650.4,649.37,650.4,648.33,0.318,41.6,0.031,1,2026-08-18,2026-08-19,True,False,5.0,2026-08-19T12:59:45+05:30
INDIGO,5282.83,V,-1.75,below,5190.5,5282.83,5290.17,5297.5,5282.83,0.277,42.2,0.024,1,2026-08-17,2026-08-19,True,False,5.0,2026-08-19T12:59:45+05:30
ABREL,1405.15,V,-0.52,below,1397.9,1405.15,1408.2,1411.25,1405.15,0.433,42.5,0.025,1,2026-08-17,2026-08-19,True,False,5.0,2026-08-19T12:59:45+05:30
BAJAJHLDNG,11399.33,V,-0.94,below,11292.0,11399.33,11419.67,11440.0,11399.33,0.356,43.6,0.025,1,2026-08-17,2026-08-19,True,False,5.0,2026-08-19T12:59:45+05:30
UCOBANK,25.99,V,-0.85,below,25.77,25.99,26.03,26.07,25.99,0.307,43.6,0.013,1,2026-08-17,2026-08-19,True,False,5.0,2026-08-19T12:59:45+05:30
GICRE,354.97,V,1.05,above,358.7,354.97,354.43,354.97,353.9,0.301,44.4,0.032,1,2026-08-17,2026-08-19,True,False,5.0,2026-08-19T12:59:45+05:30
SARDAEN,522.36,V,-1.78,below,513.05,522.36,523.57,524.78,522.36,0.462,44.7,0.028,1,2026-08-17,2026-08-19,True,False,5.0,2026-08-19T12:59:45+05:30
TENNIND,547.09,V,2.03,above,558.2,547.09,545.73,547.09,544.38,0.498,44.9,0.018,1,2026-08-17,2026-08-19,True,False,5.0,2026-08-19T12:59:45+05:30
CENTRALBK,31.07,V,-0.33,below,30.97,31.07,31.13,31.18,31.07,0.343,45.2,0.038,1,2026-08-18,2026-08-19,True,False,5.0,2026-08-19T12:59:45+05:30
VOLTAS,1255.1,V,-2.49,below,1223.9,1255.1,1257.3,1259.5,1255.1,0.35,45.2,0.038,1,2026-08-18,2026-08-19,True,False,5.0,2026-08-19T12:59:45+05:30
CHOLAFIN,1871.38,V,-0.18,below,1868.0,1871.38,1874.77,1878.15,1871.38,0.361,45.8,0.041,1,2026-08-18,2026-08-19,True,False,5.0,2026-08-19T12:59:45+05:30
ABB,7671.17,V,-2.9,below,7449.0,7671.17,7682.33,7693.5,7671.17,0.291,46.0,0.023,1,2026-08-17,2026-08-19,True,False,5.0,2026-08-19T12:59:45+05:30
APLAPOLLO,2091.65,V,0.67,above,2105.7,2091.65,2088.2,2091.65,2084.75,0.33,49.6,0.017,1,2026-08-17,2026-08-19,True,False,5.0,2026-08-19T12:59:45+05:30
IEX,124.63,V,-0.89,below,123.52,124.63,124.86,125.08,124.63,0.355,49.9,0.028,1,2026-08-17,2026-08-19,True,False,5.0,2026-08-19T12:59:45+05:30
BALKRISIND,2393.35,V,-1.06,below,2368.0,2393.35,2397.97,2402.58,2393.35,0.385,53.2,0.027,1,2026-08-17,2026-08-19,True,False,5.0,2026-08-19T12:59:45+05:30
TORNTPHARM,4892.17,V,1.71,above,4976.0,4892.17,4884.33,4892.17,4876.5,0.321,53.4,0.025,1,2026-08-17,2026-08-19,True,False,5.0,2026-08-19T12:59:45+05:30
JIOFIN,246.32,V,-1.06,below,243.7,246.32,246.83,247.35,246.32,0.419,55.3,0.022,1,2026-08-18,2026-08-19,True,False,5.0,2026-08-19T12:59:45+05:30
JSWENERGY,549.45,V,-1.48,below,541.3,549.45,550.8,552.15,549.45,0.49,55.9,0.021,1,2026-08-18,2026-08-19,True,False,5.0,2026-08-19T12:59:45+05:30
TATACAP,361.3,V,1.02,above,365.0,361.3,360.62,361.3,359.93,0.379,55.9,0.016,1,2026-08-17,2026-08-19,True,False,5.0,2026-08-19T12:59:45+05:30
IGL,150.34,V,2.81,above,154.56,150.34,150.02,150.34,149.71,0.422,56.2,0.047,1,2026-08-18,2026-08-19,True,False,5.0,2026-08-19T12:59:45+05:30
MGL,1118.87,V,2.34,above,1145.0,1118.87,1116.28,1118.87,1113.69,0.464,56.4,0.034,1,2026-08-17,2026-08-19,True,False,5.0,2026-08-19T12:59:45+05:30
HFCL,221.9,V,0.97,above,224.06,221.9,221.1,221.9,220.3,0.724,56.7,0.028,1,2026-08-17,2026-08-19,True,False,5.0,2026-08-19T12:59:45+05:30
POLYCAB,9159.08,V,-0.46,below,9117.0,9159.08,9179.17,9199.25,9159.08,0.438,57.5,0.035,1,2026-08-18,2026-08-19,True,False,5.0,2026-08-19T12:59:45+05:30
NBCC,88.27,V,-0.81,below,87.56,88.27,88.54,88.81,88.27,0.614,58.4,0.044,1,2026-08-18,2026-08-19,True,False,5.0,2026-08-19T12:59:45+05:30
CANBK,129.42,V,-0.64,below,128.59,129.42,129.73,130.05,129.42,0.488,58.6,0.023,1,2026-08-18,2026-08-19,True,False,5.0,2026-08-19T12:59:45+05:30
CHENNPETRO,1419.7,V,2.28,above,1452.0,1419.7,1414.47,1419.7,1409.23,0.74,58.6,0.026,1,2026-08-18,2026-08-19,True,False,5.0,2026-08-19T12:59:45+05:30
OLAELEC,38.77,V,-1.84,below,38.05,38.77,38.92,39.08,38.77,0.797,59.7,0.073,1,2026-08-18,2026-08-19,True,False,5.0,2026-08-19T12:59:45+05:30
CLEAN,832.98,V,-1.21,below,822.9,832.98,835.32,837.66,832.98,0.561,60.0,0.026,1,2026-08-17,2026-08-19,True,False,5.0,2026-08-19T12:59:45+05:30
APOLLOTYRE,437.72,V,-1.24,below,432.3,437.72,438.73,439.75,437.72,0.463,60.3,0.04,1,2026-08-17,2026-08-19,True,False,5.0,2026-08-19T12:59:45+05:30
BHEL,426.27,V,-2.01,below,417.7,426.27,427.55,428.82,426.27,0.596,62.2,0.051,1,2026-08-18,2026-08-19,True,False,5.0,2026-08-19T12:59:45+05:30
PETRONET,285.62,V,0.81,above,287.95,285.62,285.0,285.62,284.38,0.439,62.2,0.025,1,2026-08-18,2026-08-19,True,False,5.0,2026-08-19T12:59:45+05:30
SUZLON,47.92,V,-1.82,below,47.05,47.92,48.07,48.21,47.92,0.596,63.6,0.037,1,2026-08-18,2026-08-19,True,False,5.0,2026-08-19T12:59:45+05:30
TATAINVEST,656.23,V,-0.8,below,651.0,656.23,657.92,659.6,656.23,0.512,64.9,0.023,1,2026-08-17,2026-08-19,True,False,5.0,2026-08-19T12:59:45+05:30
JAINREC,298.0,V,-2.0,below,292.05,298.0,299.3,300.6,298.0,0.869,65.0,0.06,1,2026-08-17,2026-08-19,True,False,5.0,2026-08-19T12:59:45+05:30
RAMCOCEM,915.62,V,-1.66,below,900.4,915.62,917.95,920.27,915.62,0.507,65.5,0.045,1,2026-08-17,2026-08-19,True,False,5.0,2026-08-19T12:59:45+05:30
BHARTIHEXA,1627.1,V,-2.67,below,1583.7,1627.1,1631.73,1636.37,1627.1,0.568,66.0,0.038,1,2026-08-17,2026-08-19,True,False,5.0,2026-08-19T12:59:45+05:30
PCBL,325.57,V,1.19,above,329.45,325.57,324.6,325.57,323.62,0.601,66.0,0.057,1,2026-08-18,2026-08-19,True,False,5.0,2026-08-19T12:59:45+05:30
BANDHANBNK,171.04,V,-0.94,below,169.43,171.04,171.57,172.11,171.04,0.624,66.3,0.026,1,2026-08-18,2026-08-19,True,False,5.0,2026-08-19T12:59:45+05:30
ABLBL,89.02,V,-1.6,below,87.6,89.02,89.32,89.62,89.02,0.675,67.5,0.055,1,2026-08-18,2026-08-19,True,False,5.0,2026-08-19T12:59:45+05:30
GVT&D,4212.67,V,-1.99,below,4128.7,4212.67,4230.33,4248.0,4212.67,0.835,67.9,0.025,1,2026-08-18,2026-08-19,True,False,5.0,2026-08-19T12:59:45+05:30
BOSCHLTD,47300.0,V,2.39,above,48430.0,47300.0,47190.0,47300.0,47080.0,0.466,68.5,0.029,1,2026-08-17,2026-08-19,True,False,5.0,2026-08-19T12:59:45+05:30
JUBLFOOD,507.2,V,-1.97,below,497.2,507.2,508.63,510.07,507.2,0.564,68.8,0.018,1,2026-08-17,2026-08-19,True,False,5.0,2026-08-19T12:59:45+05:30
PTCIL,19861.0,V,-2.83,below,19299.0,19861.0,19931.0,20001.0,19861.0,0.702,69.0,0.025,1,2026-08-18,2026-08-19,True,False,5.0,2026-08-19T12:59:45+05:30
INDUSTOWER,373.48,V,-0.89,below,370.15,373.48,374.57,375.65,373.48,0.578,71.0,0.022,1,2026-08-18,2026-08-19,True,False,5.0,2026-08-19T12:59:45+05:30
THERMAX,4093.87,V,-1.69,below,4024.6,4093.87,4107.83,4121.8,4093.87,0.68,72.9,0.022,1,2026-08-18,2026-08-19,True,False,5.0,2026-08-19T12:59:45+05:30
LUPIN,2243.15,V,-1.34,below,2213.0,2243.15,2248.43,2253.72,2243.15,0.47,73.4,0.028,1,2026-08-17,2026-08-19,True,False,5.0,2026-08-19T12:59:45+05:30
REDINGTON,334.32,V,-1.61,below,328.95,334.32,335.83,337.35,334.32,0.903,74.5,0.038,1,2026-08-17,2026-08-19,True,False,5.0,2026-08-19T12:59:45+05:30
COALINDIA,407.84,V,-2.0,below,399.7,407.84,408.78,409.73,407.84,0.461,74.8,0.023,1,2026-08-18,2026-08-19,True,False,5.0,2026-08-19T12:59:45+05:30
HINDZINC,559.85,V,-0.27,below,558.35,559.85,561.7,563.55,559.85,0.659,75.6,0.041,1,2026-08-18,2026-08-19,True,False,5.0,2026-08-19T12:59:45+05:30
CESC,162.57,V,-2.1,below,159.16,162.57,163.17,163.76,162.57,0.727,77.0,0.037,1,2026-08-18,2026-08-19,True,False,5.0,2026-08-19T12:59:45+05:30
IFCI,80.93,V,1.54,above,82.18,80.93,80.51,80.93,80.08,1.06,77.8,0.1,1,2026-08-18,2026-08-19,True,False,5.0,2026-08-19T12:59:45+05:30
LATENTVIEW,282.79,V,-2.76,below,275.0,282.79,283.98,285.18,282.79,0.839,77.8,0.035,1,2026-08-18,2026-08-19,True,False,5.0,2026-08-19T12:59:45+05:30
ULTRACEMCO,11528.17,V,-1.12,below,11399.0,11528.17,11557.33,11586.5,11528.17,0.505,77.8,0.026,1,2026-08-18,2026-08-19,True,False,5.0,2026-08-19T12:59:45+05:30
SBIN,1055.45,V,-0.57,below,1049.4,1055.45,1057.9,1060.35,1055.45,0.463,78.6,0.011,1,2026-08-18,2026-08-19,True,False,5.0,2026-08-19T12:59:45+05:30
CEATLTD,3623.12,V,-1.76,below,3559.4,3623.12,3637.73,3652.35,3623.12,0.804,78.9,0.033,1,2026-08-17,2026-08-19,True,False,5.0,2026-08-19T12:59:45+05:30
SCI,294.09,V,0.36,above,295.15,294.09,292.43,294.09,290.78,1.134,80.8,0.045,1,2026-08-18,2026-08-19,True,False,5.0,2026-08-19T12:59:45+05:30
BLUESTARCO,1499.57,V,-0.36,below,1494.2,1499.57,1506.13,1512.7,1499.57,0.872,81.1,0.046,1,2026-08-18,2026-08-19,True,False,5.0,2026-08-19T12:59:45+05:30
BLS,273.92,V,-2.09,below,268.19,273.92,275.29,276.65,273.92,0.99,81.6,0.032,1,2026-08-17,2026-08-19,True,False,5.0,2026-08-19T12:59:45+05:30
TATAELXSI,3677.17,V,-0.66,below,3653.0,3677.17,3692.33,3707.5,3677.17,0.822,82.5,0.034,1,2026-08-18,2026-08-19,True,False,5.0,2026-08-19T12:59:45+05:30
THELEELA,516.98,V,4.24,above,538.9,516.98,514.8,516.98,512.62,0.845,82.5,0.03,1,2026-08-18,2026-08-19,True,False,5.0,2026-08-19T12:59:45+05:30
JSL,735.63,V,-1.58,below,724.0,735.63,738.87,742.1,735.63,0.875,82.7,0.041,1,2026-08-18,2026-08-19,True,False,5.0,2026-08-19T12:59:45+05:30
VEDL,265.08,V,-1.18,below,261.95,265.08,266.17,267.25,265.08,0.814,83.0,0.028,1,2026-08-18,2026-08-19,True,False,5.0,2026-08-19T12:59:45+05:30
CAPLIPOINT,2509.92,V,2.8,above,2580.3,2509.92,2497.83,2509.92,2485.75,0.968,83.3,0.032,1,2026-08-17,2026-08-19,True,False,5.0,2026-08-19T12:59:45+05:30
POLYMED,1761.0,V,0.86,above,1776.2,1761.0,1751.87,1761.0,1742.73,1.043,83.3,0.047,1,2026-08-17,2026-08-19,True,False,5.0,2026-08-19T12:59:45+05:30
NSLNISP,40.69,V,-1.25,below,40.18,40.69,40.88,41.08,40.69,0.962,83.8,0.033,1,2026-08-18,2026-08-19,True,False,5.0,2026-08-19T12:59:45+05:30
CUMMINSIND,5372.33,V,-2.28,below,5250.0,5372.33,5394.67,5417.0,5372.33,0.828,85.8,0.018,1,2026-08-18,2026-08-19,True,False,5.0,2026-08-19T12:59:45+05:30
MARICO,854.6,V,-0.36,below,851.55,854.6,857.15,859.7,854.6,0.595,86.0,0.018,1,2026-08-17,2026-08-19,True,False,5.0,2026-08-19T12:59:45+05:30
AADHARHFC,489.8,V,-1.82,below,480.9,489.8,491.95,494.1,489.8,0.874,86.3,0.025,1,2026-08-17,2026-08-19,True,False,5.0,2026-08-19T12:59:45+05:30
NIACL,182.69,V,0.92,above,184.37,182.69,181.75,182.69,180.8,1.042,87.4,0.032,1,2026-08-17,2026-08-19,True,False,5.0,2026-08-19T12:59:45+05:30
PIDILITIND,1673.88,V,-1.03,below,1656.7,1673.88,1678.77,1683.65,1673.88,0.582,87.7,0.026,1,2026-08-17,2026-08-19,True,False,5.0,2026-08-19T12:59:45+05:30
CONCORDBIO,1505.52,V,3.13,above,1552.7,1505.52,1496.03,1505.52,1486.55,1.268,89.0,0.022,1,2026-08-17,2026-08-19,True,False,5.0,2026-08-19T12:59:45+05:30
INOXWIND,75.45,V,-2.08,below,73.88,75.45,75.94,76.44,75.45,1.308,91.2,0.041,1,2026-08-18,2026-08-19,True,False,5.0,2026-08-19T12:59:45+05:30
TMPV,324.28,V,-0.38,below,323.05,324.28,325.77,327.25,324.28,0.911,91.8,0.02,1,2026-08-18,2026-08-19,True,False,5.0,2026-08-19T12:59:45+05:30
CUB,213.67,V,3.13,above,220.35,213.67,212.14,213.67,210.6,1.444,95.1,0.034,1,2026-08-17,2026-08-19,True,False,5.0,2026-08-19T12:59:45+05:30
BBTC,1463.5,NARROW,-1.21,below,1445.8,1463.5,1463.53,1463.57,1463.5,0.005,1.4,0.03,0,2026-08-17,2026-08-19,False,True,5.0,2026-08-19T12:59:45+05:30
SAPPHIRE,231.99,NARROW,0.84,above,233.93,231.99,231.98,231.99,231.97,0.004,1.4,0.05,0,2026-08-18,2026-08-19,False,True,5.0,2026-08-19T12:59:45+05:30
MAZDOCK,2587.05,NARROW,-0.93,below,2562.9,2587.05,2587.1,2587.15,2587.05,0.004,1.9,0.042,0,2026-08-18,2026-08-19,False,True,5.0,2026-08-19T12:59:45+05:30
SRF,2615.85,NARROW,-1.49,below,2577.0,2615.85,2615.9,2615.95,2615.85,0.004,1.9,0.027,0,2026-08-17,2026-08-19,False,True,5.0,2026-08-19T12:59:45+05:30
AAVAS,1389.85,NARROW,-0.9,below,1377.4,1389.85,1389.9,1389.95,1389.85,0.007,2.2,0.026,0,2026-08-17,2026-08-19,False,True,5.0,2026-08-19T12:59:45+05:30
LICHSGFIN,498.82,NARROW,-0.16,below,498.0,498.82,498.83,498.85,498.82,0.007,2.2,0.018,0,2026-08-18,2026-08-19,False,True,5.0,2026-08-19T12:59:45+05:30
ABDL,612.68,NARROW,-1.54,below,603.25,612.68,612.77,612.85,612.68,0.027,2.5,0.075,0,2026-08-18,2026-08-19,False,True,5.0,2026-08-19T12:59:45+05:30
IIFL,630.02,NARROW,0.52,above,633.3,630.02,629.98,630.02,629.95,0.011,2.7,0.026,0,2026-08-17,2026-08-19,False,True,5.0,2026-08-19T12:59:45+05:30
MMTC,63.51,NARROW,-1.04,below,62.85,63.51,63.52,63.53,63.51,0.031,3.0,0.051,0,2026-08-18,2026-08-19,False,True,5.0,2026-08-19T12:59:45+05:30
BATAINDIA,727.91,NARROW,-1.42,below,717.6,727.91,727.97,728.04,727.91,0.018,3.6,0.022,0,2026-08-18,2026-08-19,False,True,5.0,2026-08-19T12:59:45+05:30
SIGNATURE,801.03,NARROW,-0.8,below,794.6,801.03,801.12,801.2,801.03,0.021,3.6,0.028,0,2026-08-18,2026-08-19,False,True,5.0,2026-08-19T12:59:45+05:30
HBLENGINE,674.69,NARROW,-0.41,below,671.95,674.69,674.78,674.88,674.69,0.027,3.8,0.035,0,2026-08-17,2026-08-19,False,True,5.0,2026-08-19T12:59:45+05:30
KPIL,1402.75,NARROW,-1.02,below,1388.5,1402.75,1403.0,1403.25,1402.75,0.036,3.8,0.041,0,2026-08-18,2026-08-19,False,True,5.0,2026-08-19T12:59:45+05:30
NLCINDIA,276.5,NARROW,-1.66,below,271.9,276.5,276.55,276.6,276.5,0.036,4.1,0.048,0,2026-08-18,2026-08-19,False,True,5.0,2026-08-19T12:59:45+05:30
HINDCOPPER,566.12,NARROW,-1.12,below,559.8,566.12,566.2,566.27,566.12,0.026,4.4,0.031,0,2026-08-18,2026-08-19,False,True,5.0,2026-08-19T12:59:45+05:30
DEEPAKNTR,1770.75,NARROW,0.41,above,1778.0,1770.75,1770.5,1770.75,1770.25,0.028,4.9,0.029,0,2026-08-18,2026-08-19,False,True,5.0,2026-08-19T12:59:45+05:30
ACE,1174.03,WIDE,1.15,above,1187.5,1174.03,1163.27,1174.03,1152.5,1.851,98.1,0.049,0,2026-08-18,2026-08-19,False,False,5.0,2026-08-19T12:59:45+05:30
GLAXO,2853.28,WIDE,5.19,above,3001.5,2853.28,2829.17,2853.28,2805.05,1.705,98.1,0.026,0,2026-08-18,2026-08-19,False,False,5.0,2026-08-19T12:59:45+05:30
SBICARD,624.02,WIDE,-0.57,inside,620.45,624.02,624.02,628.53,619.51,1.445,98.1,0.029,0,2026-08-18,2026-08-19,False,False,5.0,2026-08-19T12:59:45+05:30
TIINDIA,2930.13,WIDE,1.09,above,2962.0,2930.13,2901.27,2930.13,2872.4,1.99,98.6,0.038,0,2026-08-18,2026-08-19,False,False,5.0,2026-08-19T12:59:45+05:30
LTF,316.67,WIDE,-0.09,below,316.4,316.67,319.48,322.29,316.67,1.758,99.2,0.03,0,2026-08-18,2026-08-19,False,False,5.0,2026-08-19T12:59:45+05:30
OBEROIRLTY,1875.12,WIDE,-0.17,below,1872.0,1875.12,1892.23,1909.35,1875.12,1.809,99.5,0.044,0,2026-08-18,2026-08-19,False,False,5.0,2026-08-19T12:59:45+05:30
HUDCO,187.97,TOUCHED,0.8,above,189.47,187.97,187.94,187.97,187.9,0.039,5.8,0.035,0,2026-08-18,2026-08-19,False,False,5.0,2026-08-19T12:59:45+05:30
ICICIBANK,1411.45,TOUCHED,-1.3,below,1393.1,1411.45,1411.63,1411.82,1411.45,0.026,5.8,0.023,0,2026-08-18,2026-08-19,False,False,5.0,2026-08-19T12:59:45+05:30
LAURUSLABS,1813.35,TOUCHED,-0.87,below,1797.5,1813.35,1813.57,1813.78,1813.35,0.024,5.8,0.018,0,2026-08-18,2026-08-19,False,False,5.0,2026-08-19T12:59:45+05:30
JSWCEMENT,127.23,TOUCHED,-1.43,below,125.4,127.23,127.25,127.28,127.23,0.045,6.0,0.036,0,2026-08-18,2026-08-19,False,False,5.0,2026-08-19T12:59:45+05:30
BAJFINANCE,1093.8,TOUCHED,-1.14,below,1081.3,1093.8,1093.97,1094.13,1093.8,0.03,6.6,0.025,0,2026-08-18,2026-08-19,False,False,5.0,2026-08-19T12:59:45+05:30
CHOLAHLDNG,1575.35,TOUCHED,-1.23,below,1556.0,1575.35,1575.7,1576.05,1575.35,0.044,6.6,0.026,0,2026-08-17,2026-08-19,False,False,5.0,2026-08-19T12:59:45+05:30
INDIACEM,376.23,TOUCHED,-1.2,below,371.7,376.23,376.32,376.4,376.23,0.044,6.6,0.035,0,2026-08-17,2026-08-19,False,False,5.0,2026-08-19T12:59:45+05:30
INDUSINDBK,1010.82,TOUCHED,-0.23,below,1008.5,1010.82,1011.03,1011.25,1010.82,0.043,6.8,0.031,0,2026-08-17,2026-08-19,False,False,5.0,2026-08-19T12:59:45+05:30
VBL,438.95,TOUCHED,-0.97,below,434.7,438.95,439.07,439.18,438.95,0.053,6.8,0.03,0,2026-08-18,2026-08-19,False,False,5.0,2026-08-19T12:59:45+05:30
ZEEL,105.22,TOUCHED,-1.35,below,103.8,105.22,105.26,105.29,105.22,0.06,6.8,0.045,0,2026-08-18,2026-08-19,False,False,5.0,2026-08-19T12:59:45+05:30
ANANTRAJ,628.58,TOUCHED,1.62,above,638.75,628.58,628.23,628.58,627.89,0.109,7.1,0.086,0,2026-08-17,2026-08-19,False,False,5.0,2026-08-19T12:59:45+05:30
JKTYRE,382.73,TOUCHED,-1.78,below,375.9,382.73,382.87,383.01,382.73,0.074,7.4,0.044,0,2026-08-18,2026-08-19,False,False,5.0,2026-08-19T12:59:45+05:30
JPPOWER,17.32,TOUCHED,-0.95,below,17.16,17.32,17.33,17.34,17.32,0.058,8.2,0.037,0,2026-08-18,2026-08-19,False,False,5.0,2026-08-19T12:59:45+05:30
WAAREEENER,2706.25,TOUCHED,-0.9,below,2682.0,2706.25,2707.2,2708.15,2706.25,0.07,9.0,0.043,0,2026-08-18,2026-08-19,False,False,5.0,2026-08-19T12:59:45+05:30
ONGC,239.55,TOUCHED,-0.38,below,238.65,239.55,239.61,239.66,239.55,0.045,9.3,0.028,0,2026-08-18,2026-08-19,False,False,5.0,2026-08-19T12:59:45+05:30
LT,4065.37,TOUCHED,-0.63,below,4039.8,4065.37,4066.43,4067.5,4065.37,0.052,9.9,0.024,0,2026-08-18,2026-08-19,False,False,5.0,2026-08-19T12:59:45+05:30
HAVELLS,1298.95,TOUCHED,-1.57,below,1278.5,1298.95,1299.2,1299.45,1298.95,0.038,10.1,0.019,0,2026-08-18,2026-08-19,False,False,5.0,2026-08-19T12:59:45+05:30
MRF,132971.67,TOUCHED,0.45,above,133575.0,132971.67,132928.33,132971.67,132885.0,0.065,10.4,0.034,0,2026-08-17,2026-08-19,False,False,5.0,2026-08-19T12:59:45+05:30
COHANCE,455.41,TOUCHED,-1.35,below,449.25,455.41,455.62,455.82,455.41,0.091,11.0,0.022,0,2026-08-18,2026-08-19,False,False,5.0,2026-08-19T12:59:45+05:30
GABRIEL,1444.85,TOUCHED,0.1,above,1446.3,1444.85,1444.07,1444.85,1443.28,0.108,11.2,0.033,0,2026-08-17,2026-08-19,False,False,5.0,2026-08-19T12:59:45+05:30
EMAMILTD,404.02,TOUCHED,-0.92,below,400.3,404.02,404.18,404.34,404.02,0.078,11.5,0.022,0,2026-08-17,2026-08-19,False,False,5.0,2026-08-19T12:59:45+05:30
POLICYBZR,1746.1,TOUCHED,2.28,above,1785.9,1746.1,1745.2,1746.1,1744.3,0.103,12.3,0.038,0,2026-08-18,2026-08-19,False,False,5.0,2026-08-19T12:59:45+05:30
TECHM,1592.65,TOUCHED,-0.44,below,1585.7,1592.65,1593.3,1593.95,1592.65,0.082,12.3,0.034,0,2026-08-18,2026-08-19,False,False,5.0,2026-08-19T12:59:45+05:30
LICI,410.48,TOUCHED,1.16,above,415.25,410.48,410.32,410.48,410.16,0.077,12.9,0.031,0,2026-08-18,2026-08-19,False,False,5.0,2026-08-19T12:59:45+05:30
STARHEALTH,583.35,TOUCHED,-0.13,below,582.6,583.35,583.65,583.95,583.35,0.103,12.9,0.026,0,2026-08-17,2026-08-19,False,False,5.0,2026-08-19T12:59:45+05:30
BIOCON,416.9,TOUCHED,-1.06,below,412.5,416.9,417.1,417.3,416.9,0.096,13.7,0.03,0,2026-08-18,2026-08-19,False,False,5.0,2026-08-19T12:59:45+05:30
FIVESTAR,534.35,TOUCHED,-2.02,below,523.55,534.35,534.68,535.02,534.35,0.125,14.0,0.041,0,2026-08-18,2026-08-19,False,False,5.0,2026-08-19T12:59:45+05:30
INTELLECT,695.96,TOUCHED,-1.36,below,686.5,695.96,696.47,696.98,695.96,0.146,14.5,0.042,0,2026-08-17,2026-08-19,False,False,5.0,2026-08-19T12:59:45+05:30
OLECTRA,1325.02,TOUCHED,-0.61,below,1317.0,1325.02,1325.93,1326.85,1325.02,0.138,14.5,0.033,0,2026-08-18,2026-08-19,False,False,5.0,2026-08-19T12:59:45+05:30
ENGINERSIN,244.12,TOUCHED,-1.99,below,239.26,244.12,244.34,244.56,244.12,0.179,14.8,0.04,0,2026-08-18,2026-08-19,False,False,5.0,2026-08-19T12:59:45+05:30
MINDACORP,745.69,TOUCHED,-0.37,below,742.9,745.69,746.13,746.57,745.69,0.118,14.8,0.038,0,2026-08-18,2026-08-19,False,False,5.0,2026-08-19T12:59:45+05:30
CHOICEIN,804.88,TOUCHED,0.18,above,806.35,804.88,804.52,804.88,804.16,0.089,15.1,0.023,0,2026-08-17,2026-08-19,False,False,5.0,2026-08-19T12:59:45+05:30
GRASIM,3274.1,TOUCHED,-0.88,below,3245.2,3274.1,3275.63,3277.17,3274.1,0.094,15.3,0.017,0,2026-08-18,2026-08-19,False,False,5.0,2026-08-19T12:59:45+05:30
CARTRADE,2787.45,TOUCHED,-0.2,below,2782.0,2787.45,2790.6,2793.75,2787.45,0.226,15.6,0.061,0,2026-08-17,2026-08-19,False,False,5.0,2026-08-19T12:59:45+05:30
ICICIGI,1627.08,TOUCHED,-0.29,below,1622.4,1627.08,1627.87,1628.65,1627.08,0.096,15.6,0.022,0,2026-08-17,2026-08-19,False,False,5.0,2026-08-19T12:59:45+05:30
PFC,374.66,TOUCHED,-0.11,below,374.25,374.66,374.87,375.07,374.66,0.111,15.9,0.032,0,2026-08-18,2026-08-19,False,False,5.0,2026-08-19T12:59:45+05:30
SBILIFE,1778.5,TOUCHED,-0.27,below,1773.7,1778.5,1779.0,1779.5,1778.5,0.056,15.9,0.015,0,2026-08-18,2026-08-19,False,False,5.0,2026-08-19T12:59:45+05:30
ASHOKLEY,176.04,TOUCHED,-0.84,below,174.57,176.04,176.15,176.25,176.04,0.115,16.2,0.027,0,2026-08-18,2026-08-19,False,False,5.0,2026-08-19T12:59:45+05:30
IRCON,123.71,TOUCHED,-0.54,below,123.05,123.71,123.81,123.9,123.71,0.151,16.2,0.042,0,2026-08-18,2026-08-19,False,False,5.0,2026-08-19T12:59:45+05:30
PARADEEP,147.67,TOUCHED,2.33,above,151.11,147.67,147.51,147.67,147.36,0.208,16.4,0.04,0,2026-08-18,2026-08-19,False,False,5.0,2026-08-19T12:59:45+05:30
KIRLOSENG,2096.0,TOUCHED,-0.83,below,2078.6,2096.0,2097.87,2099.73,2096.0,0.178,16.7,0.035,0,2026-08-17,2026-08-19,False,False,5.0,2026-08-19T12:59:45+05:30
BLUEDART,5116.75,TOUCHED,-1.14,below,5058.5,5116.75,5119.5,5122.25,5116.75,0.107,17.3,0.017,0,2026-08-17,2026-08-19,False,False,5.0,2026-08-19T12:59:45+05:30
NTPCGREEN,92.09,TOUCHED,0.54,above,92.59,92.09,92.04,92.09,91.99,0.109,17.5,0.015,0,2026-08-17,2026-08-19,False,False,5.0,2026-08-19T12:59:45+05:30
NHPC,76.59,TOUCHED,-0.75,below,76.02,76.59,76.64,76.69,76.59,0.117,18.1,0.035,0,2026-08-18,2026-08-19,False,False,5.0,2026-08-19T12:59:45+05:30
DEVYANI,143.31,TOUCHED,-0.12,below,143.14,143.31,143.42,143.54,143.31,0.158,18.4,0.04,0,2026-08-17,2026-08-19,False,False,5.0,2026-08-19T12:59:45+05:30
CROMPTON,244.65,TOUCHED,0.65,above,246.25,244.65,244.5,244.65,244.35,0.123,18.6,0.025,0,2026-08-18,2026-08-19,False,False,5.0,2026-08-19T12:59:45+05:30
SYRMA,1501.72,TOUCHED,-1.17,below,1484.2,1501.72,1503.33,1504.95,1501.72,0.215,18.6,0.045,0,2026-08-18,2026-08-19,False,False,5.0,2026-08-19T12:59:45+05:30
TARIL,296.61,TOUCHED,-1.5,below,292.15,296.61,296.92,297.22,296.61,0.208,18.9,0.054,0,2026-08-17,2026-08-19,False,False,5.0,2026-08-19T12:59:45+05:30
URBANCO,144.44,TOUCHED,1.94,above,147.25,144.44,144.28,144.44,144.12,0.219,18.9,0.045,0,2026-08-17,2026-08-19,False,False,5.0,2026-08-19T12:59:45+05:30
CIPLA,1431.73,TOUCHED,-1.05,below,1416.7,1431.73,1432.37,1433.0,1431.73,0.088,19.5,0.023,0,2026-08-18,2026-08-19,False,False,5.0,2026-08-19T12:59:45+05:30
AMBER,7330.0,TOUCHED,-0.58,below,7287.5,7330.0,7336.67,7343.33,7330.0,0.182,19.7,0.031,0,2026-08-18,2026-08-19,False,False,5.0,2026-08-19T12:59:45+05:30
DOMS,2213.55,TOUCHED,-0.26,below,2207.9,2213.55,2215.07,2216.58,2213.55,0.137,19.7,0.027,0,2026-08-17,2026-08-19,False,False,5.0,2026-08-19T12:59:45+05:30
CANFINHOME,815.98,TOUCHED,0.32,above,818.55,815.98,815.43,815.98,814.89,0.133,20.0,0.021,0,2026-08-17,2026-08-19,False,False,5.0,2026-08-19T12:59:45+05:30
SWIGGY,274.9,TOUCHED,0.35,above,275.85,274.9,274.6,274.9,274.3,0.218,20.0,0.045,0,2026-08-18,2026-08-19,False,False,5.0,2026-08-19T12:59:45+05:30
GROWW,194.56,TOUCHED,0.99,above,196.49,194.56,194.31,194.56,194.06,0.256,20.2,0.031,0,2026-08-18,2026-08-19,False,False,5.0,2026-08-19T12:59:45+05:30
BAJAJHFL,84.49,TOUCHED,0.61,above,85.0,84.49,84.44,84.49,84.4,0.099,20.8,0.024,0,2026-08-18,2026-08-19,False,False,5.0,2026-08-19T12:59:45+05:30
CEMPRO,1325.53,TOUCHED,-3.82,below,1274.9,1325.53,1327.07,1328.6,1325.53,0.231,21.1,0.053,0,2026-08-18,2026-08-19,False,False,5.0,2026-08-19T12:59:45+05:30
RELIANCE,1319.9,TOUCHED,-0.3,below,1315.9,1319.9,1320.6,1321.3,1319.9,0.106,21.4,0.024,0,2026-08-18,2026-08-19,False,False,5.0,2026-08-19T12:59:45+05:30
ADANIPOWER,205.76,TOUCHED,-0.87,below,203.97,205.76,205.94,206.12,205.76,0.175,21.6,0.056,0,2026-08-18,2026-08-19,False,False,5.0,2026-08-19T12:59:45+05:30
ERIS,1345.55,TOUCHED,-0.51,below,1338.7,1345.55,1346.67,1347.78,1345.55,0.166,21.6,0.03,0,2026-08-17,2026-08-19,False,False,5.0,2026-08-19T12:59:45+05:30
NTPC,336.6,TOUCHED,-0.04,below,336.45,336.6,336.77,336.93,336.6,0.099,21.9,0.016,0,2026-08-18,2026-08-19,False,False,5.0,2026-08-19T12:59:45+05:30
IGIL,350.07,TOUCHED,-2.65,below,340.8,350.07,350.43,350.8,350.07,0.209,22.5,0.029,0,2026-08-18,2026-08-19,False,False,5.0,2026-08-19T12:59:45+05:30
HOMEFIRST,1178.8,TOUCHED,0.92,above,1189.6,1178.8,1177.7,1178.8,1176.6,0.187,23.0,0.044,0,2026-08-17,2026-08-19,False,False,5.0,2026-08-19T12:59:45+05:30
TIMKEN,3281.85,TOUCHED,-1.88,below,3220.0,3281.85,3284.73,3287.62,3281.85,0.176,23.0,0.05,0,2026-08-17,2026-08-19,False,False,5.0,2026-08-19T12:59:45+05:30
RKFORGE,752.02,TOUCHED,-0.26,below,750.1,752.02,752.8,753.57,752.02,0.206,23.3,0.048,0,2026-08-18,2026-08-19,False,False,5.0,2026-08-19T12:59:45+05:30
HSCL,779.15,TOUCHED,-8.2,below,715.25,779.15,780.03,780.92,779.15,0.226,23.8,0.035,0,2026-08-18,2026-08-19,False,False,5.0,2026-08-19T12:59:45+05:30
MEESHO,192.7,TOUCHED,0.94,above,194.51,192.7,192.46,192.7,192.22,0.255,23.8,0.027,0,2026-08-18,2026-08-19,False,False,5.0,2026-08-19T12:59:45+05:30
AEGISVOPAK,273.55,TOUCHED,-0.66,below,271.75,273.55,273.97,274.38,273.55,0.304,23.9,0.04,0,2026-08-18,2026-08-19,False,False,5.0,2026-08-19T12:59:45+05:30
SWANCORP,304.92,TOUCHED,-0.58,below,303.15,304.92,305.28,305.65,304.92,0.24,24.1,0.034,0,2026-08-18,2026-08-19,False,False,5.0,2026-08-19T12:59:45+05:30
NAVINFLUOR,8235.33,TOUCHED,0.01,inside,8236.5,8235.33,8235.33,8245.17,8225.5,0.239,24.4,0.046,0,2026-08-18,2026-08-19,False,False,5.0,2026-08-19T12:59:45+05:30
GRAPHITE,726.85,TOUCHED,-1.09,below,718.95,726.85,727.73,728.62,726.85,0.243,24.7,0.023,0,2026-08-17,2026-08-19,False,False,5.0,2026-08-19T12:59:45+05:30
MSUMI,40.36,TOUCHED,-1.05,below,39.94,40.36,40.41,40.45,40.36,0.214,24.7,0.031,0,2026-08-18,2026-08-19,False,False,5.0,2026-08-19T12:59:45+05:30
NEWGEN,529.12,TOUCHED,-0.88,below,524.45,529.12,529.78,530.45,529.12,0.252,24.9,0.034,0,2026-08-18,2026-08-19,False,False,5.0,2026-08-19T12:59:45+05:30
POWERGRID,267.5,TOUCHED,-1.68,below,263.0,267.5,267.67,267.83,267.5,0.125,24.9,0.017,0,2026-08-18,2026-08-19,False,False,5.0,2026-08-19T12:59:45+05:30
TATAPOWER,380.22,TOUCHED,-0.74,below,377.4,380.22,380.48,380.74,380.22,0.136,24.9,0.023,0,2026-08-18,2026-08-19,False,False,5.0,2026-08-19T12:59:45+05:30
M&M,3415.57,TOUCHED,-0.01,inside,3415.1,3415.57,3415.57,3418.53,3412.6,0.174,25.2,0.026,0,2026-08-18,2026-08-19,False,False,5.0,2026-08-19T12:59:45+05:30
NATCOPHARM,895.5,TOUCHED,-0.96,below,886.9,895.5,896.45,897.4,895.5,0.212,25.2,0.019,0,2026-08-18,2026-08-19,False,False,5.0,2026-08-19T12:59:45+05:30
INDHOTEL,718.38,TOUCHED,0.09,above,719.0,718.38,717.77,718.38,717.15,0.172,26.0,0.02,0,2026-08-18,2026-08-19,False,False,5.0,2026-08-19T12:59:45+05:30
TTML,37.89,TOUCHED,-0.74,below,37.61,37.89,37.93,37.97,37.89,0.22,26.3,0.046,0,2026-08-18,2026-08-19,False,False,5.0,2026-08-19T12:59:45+05:30
COCHINSHIP,1481.23,TOUCHED,0.06,inside,1482.1,1481.23,1481.23,1483.17,1479.3,0.261,27.1,0.043,0,2026-08-18,2026-08-19,False,False,5.0,2026-08-19T12:59:45+05:30
M&MFIN,390.23,TOUCHED,0.47,above,392.05,390.23,389.78,390.23,389.34,0.227,27.4,0.037,0,2026-08-17,2026-08-19,False,False,5.0,2026-08-19T12:59:45+05:30
CPPLUS,3324.0,TOUCHED,-0.72,below,3300.0,3324.0,3330.0,3336.0,3324.0,0.36,27.6,0.037,0,2026-08-18,2026-08-19,False,False,5.0,2026-08-19T12:59:45+05:30
SAGILITY,42.22,TOUCHED,-0.64,below,41.95,42.22,42.28,42.34,42.22,0.292,28.2,0.045,0,2026-08-18,2026-08-19,False,False,5.0,2026-08-19T12:59:45+05:30
SHRIRAMFIN,1109.52,TOUCHED,-0.09,below,1108.5,1109.52,1110.63,1111.75,1109.52,0.201,28.5,0.038,0,2026-08-18,2026-08-19,False,False,5.0,2026-08-19T12:59:45+05:30
TATACOMM,1691.73,TOUCHED,-1.17,below,1671.9,1691.73,1693.67,1695.6,1691.73,0.228,29.0,0.022,0,2026-08-18,2026-08-19,False,False,5.0,2026-08-19T12:59:45+05:30
ANTHEM,895.0,TOUCHED,-0.43,below,891.15,895.0,896.0,897.0,895.0,0.223,29.5,0.043,0,2026-08-17,2026-08-19,False,False,5.0,2026-08-19T12:59:45+05:30
SUNTV,483.38,TOUCHED,-0.22,below,482.3,483.38,483.97,484.55,483.38,0.241,30.1,0.024,0,2026-08-18,2026-08-19,False,False,5.0,2026-08-19T12:59:45+05:30
UBL,1368.98,TOUCHED,-1.31,below,1351.0,1368.98,1370.07,1371.15,1368.98,0.158,30.1,0.026,0,2026-08-17,2026-08-19,False,False,5.0,2026-08-19T12:59:45+05:30
EIDPARRY,783.6,TOUCHED,0.54,above,787.8,783.6,782.6,783.6,781.6,0.256,30.4,0.032,0,2026-08-18,2026-08-19,False,False,5.0,2026-08-19T12:59:45+05:30
PVRINOX,1190.43,TOUCHED,1.43,above,1207.5,1190.43,1188.87,1190.43,1187.3,0.264,30.7,0.029,0,2026-08-17,2026-08-19,False,False,5.0,2026-08-19T12:59:45+05:30
GODREJCP,930.07,TOUCHED,0.62,above,935.8,930.07,929.13,930.07,928.2,0.201,31.0,0.023,0,2026-08-18,2026-08-19,False,False,5.0,2026-08-19T12:59:45+05:30
NESTLEIND,1463.8,TOUCHED,-0.26,below,1460.0,1463.8,1465.1,1466.4,1463.8,0.177,31.0,0.033,0,2026-08-18,2026-08-19,False,False,5.0,2026-08-19T12:59:45+05:30
PIRAMALFIN,2063.2,TOUCHED,0.29,above,2069.1,2063.2,2060.3,2063.2,2057.4,0.282,31.1,0.051,0,2026-08-17,2026-08-19,False,False,5.0,2026-08-19T12:59:45+05:30
SHREECEM,24556.67,TOUCHED,-1.09,below,24290.0,24556.67,24578.33,24600.0,24556.67,0.176,31.2,0.013,0,2026-08-17,2026-08-19,False,False,5.0,2026-08-19T12:59:45+05:30
CHAMBLFERT,435.48,TOUCHED,-0.09,inside,435.1,435.48,435.48,436.03,434.94,0.249,32.1,0.035,0,2026-08-18,2026-08-19,False,False,5.0,2026-08-19T12:59:45+05:30
IDFCFIRSTB,85.03,TOUCHED,0.31,above,85.3,85.03,84.94,85.03,84.85,0.216,32.3,0.029,0,2026-08-18,2026-08-19,False,False,5.0,2026-08-19T12:59:45+05:30
EMMVEE,321.44,TOUCHED,-1.43,below,316.85,321.44,322.13,322.82,321.44,0.429,32.4,0.042,0,2026-08-17,2026-08-19,False,False,5.0,2026-08-19T12:59:45+05:30
IRB,19.05,TOUCHED,-0.53,below,18.95,19.05,19.07,19.1,19.05,0.227,32.6,0.039,0,2026-08-18,2026-08-19,False,False,5.0,2026-08-19T12:59:45+05:30
NAUKRI,1353.25,TOUCHED,1.27,above,1370.4,1353.25,1351.6,1353.25,1349.95,0.244,32.9,0.023,0,2026-08-18,2026-08-19,False,False,5.0,2026-08-19T12:59:45+05:30
AUBANK,1074.48,TOUCHED,0.21,above,1076.7,1074.48,1073.27,1074.48,1072.05,0.227,33.4,0.016,0,2026-08-18,2026-08-19,False,False,5.0,2026-08-19T12:59:45+05:30
3MINDIA,34945.0,TOUCHED,-3.85,below,33600.0,34945.0,34980.0,35015.0,34945.0,0.2,33.7,0.025,0,2026-08-17,2026-08-19,False,False,5.0,2026-08-19T12:59:45+05:30
CASTROLIND,187.42,TOUCHED,1.27,above,189.79,187.42,187.28,187.42,187.15,0.142,34.5,0.014,0,2026-08-17,2026-08-19,False,False,5.0,2026-08-19T12:59:45+05:30
IPCALAB,1884.95,TOUCHED,-0.04,below,1884.2,1884.95,1887.8,1890.65,1884.95,0.302,34.5,0.032,0,2026-08-18,2026-08-19,False,False,5.0,2026-08-19T12:59:45+05:30
BSOFT,309.33,TOUCHED,-0.53,below,307.7,309.33,309.82,310.31,309.33,0.317,35.3,0.037,0,2026-08-17,2026-08-19,False,False,5.0,2026-08-19T12:59:45+05:30
CCL,1133.57,TOUCHED,-0.39,below,1129.2,1133.57,1135.03,1136.5,1133.57,0.258,35.3,0.021,0,2026-08-18,2026-08-19,False,False,5.0,2026-08-19T12:59:45+05:30
SONATSOFTW,321.02,TOUCHED,-4.12,below,307.8,321.02,321.65,322.27,321.02,0.389,35.6,0.026,0,2026-08-17,2026-08-19,False,False,5.0,2026-08-19T12:59:45+05:30
HAL,5079.5,TOUCHED,-1.0,below,5028.5,5079.5,5086.0,5092.5,5079.5,0.256,36.2,0.035,0,2026-08-18,2026-08-19,False,False,5.0,2026-08-19T12:59:45+05:30
JUBLPHARMA,864.27,TOUCHED,0.14,inside,865.5,864.27,864.27,865.61,862.92,0.31,36.4,0.019,0,2026-08-17,2026-08-19,False,False,5.0,2026-08-19T12:59:45+05:30
KFINTECH,959.23,TOUCHED,-0.98,below,949.8,959.23,960.87,962.5,959.23,0.34,36.4,0.018,0,2026-08-18,2026-08-19,False,False,5.0,2026-08-19T12:59:45+05:30
TMCV,470.83,TOUCHED,0.64,above,473.85,470.83,470.02,470.83,469.2,0.348,36.8,0.024,0,2026-08-18,2026-08-19,False,False,5.0,2026-08-19T12:59:45+05:30
SUPREMEIND,3601.33,TOUCHED,0.01,inside,3601.7,3601.33,3601.33,3607.0,3595.67,0.315,37.3,0.043,0,2026-08-17,2026-08-19,False,False,5.0,2026-08-19T12:59:45+05:30
SYNGENE,404.6,TOUCHED,-1.24,below,399.6,404.6,405.1,405.6,404.6,0.247,37.3,0.026,0,2026-08-18,2026-08-19,False,False,5.0,2026-08-19T12:59:45+05:30
TVSMOTOR,4362.58,TOUCHED,-0.37,below,4346.6,4362.58,4368.37,4374.15,4362.58,0.265,37.3,0.019,0,2026-08-18,2026-08-19,False,False,5.0,2026-08-19T12:59:45+05:30
BELRISE,235.47,TOUCHED,-0.91,below,233.34,235.47,235.89,236.31,235.47,0.355,37.7,0.035,0,2026-08-18,2026-08-19,False,False,5.0,2026-08-19T12:59:45+05:30
ANANDRATHI,2178.65,TOUCHED,-0.81,below,2161.0,2178.65,2181.3,2183.95,2178.65,0.243,37.8,0.022,0,2026-08-17,2026-08-19,False,False,5.0,2026-08-19T12:59:45+05:30
PREMIERENE,1017.13,TOUCHED,-0.18,below,1015.3,1017.13,1018.77,1020.4,1017.13,0.321,37.8,0.029,0,2026-08-17,2026-08-19,False,False,5.0,2026-08-19T12:59:45+05:30
ABSLAMC,1013.3,TOUCHED,-0.52,below,1008.0,1013.3,1015.2,1017.1,1013.3,0.374,38.1,0.033,0,2026-08-17,2026-08-19,False,False,5.0,2026-08-19T12:59:45+05:30
TRENT,2951.53,TOUCHED,-0.04,inside,2950.5,2951.53,2951.53,2956.25,2946.82,0.32,39.5,0.046,0,2026-08-18,2026-08-19,False,False,5.0,2026-08-19T12:59:45+05:30
GMRAIRPORT,101.81,TOUCHED,0.24,above,102.05,101.81,101.67,101.81,101.53,0.272,39.7,0.019,0,2026-08-18,2026-08-19,False,False,5.0,2026-08-19T12:59:45+05:30
POONAWALLA,498.32,TOUCHED,-0.9,below,493.85,498.32,499.18,500.05,498.32,0.347,39.7,0.033,0,2026-08-17,2026-08-19,False,False,5.0,2026-08-19T12:59:45+05:30
SUMICHEM,560.94,TOUCHED,-1.33,below,553.5,560.94,562.08,563.23,560.94,0.406,39.7,0.039,0,2026-08-17,2026-08-19,False,False,5.0,2026-08-19T12:59:45+05:30
HDFCAMC,2521.37,TOUCHED,0.72,above,2539.6,2521.37,2517.73,2521.37,2514.1,0.289,40.0,0.024,0,2026-08-18,2026-08-19,False,False,5.0,2026-08-19T12:59:45+05:30
DCMSHRIRAM,1031.5,TOUCHED,2.06,above,1052.7,1031.5,1029.8,1031.5,1028.1,0.33,40.3,0.024,0,2026-08-18,2026-08-19,False,False,5.0,2026-08-19T12:59:45+05:30
APTUS,257.48,TOUCHED,-0.75,below,255.55,257.48,257.97,258.45,257.48,0.375,40.5,0.026,0,2026-08-18,2026-08-19,False,False,5.0,2026-08-19T12:59:45+05:30
DRREDDY,1180.1,TOUCHED,-0.55,below,1173.6,1180.1,1181.4,1182.7,1180.1,0.22,40.8,0.017,0,2026-08-18,2026-08-19,False,False,5.0,2026-08-19T12:59:45+05:30
RAINBOW,1465.05,TOUCHED,0.37,above,1470.5,1465.05,1462.93,1465.05,1460.82,0.289,41.1,0.034,0,2026-08-18,2026-08-19,False,False,5.0,2026-08-19T12:59:45+05:30
CAMS,763.24,TOUCHED,-1.02,below,755.45,763.24,764.48,765.73,763.24,0.325,41.9,0.041,0,2026-08-18,2026-08-19,False,False,5.0,2026-08-19T12:59:45+05:30
HDFCLIFE,538.91,TOUCHED,-0.0,below,538.9,538.91,539.57,540.23,538.91,0.244,42.2,0.018,0,2026-08-18,2026-08-19,False,False,5.0,2026-08-19T12:59:45+05:30
AARTIIND,527.32,TOUCHED,-0.79,below,523.15,527.32,528.25,529.17,527.32,0.35,42.7,0.033,0,2026-08-18,2026-08-19,False,False,5.0,2026-08-19T12:59:45+05:30
DALBHARAT,1845.0,TOUCHED,0.86,above,1860.9,1845.0,1842.37,1845.0,1839.73,0.286,43.0,0.025,0,2026-08-18,2026-08-19,False,False,5.0,2026-08-19T12:59:45+05:30
ASTERDM,819.46,TOUCHED,-1.01,below,811.2,819.46,820.92,822.38,819.46,0.355,43.8,0.028,0,2026-08-18,2026-08-19,False,False,5.0,2026-08-19T12:59:45+05:30
LLOYDSME,1926.45,TOUCHED,-1.34,below,1900.6,1926.45,1930.5,1934.55,1926.45,0.42,43.8,0.035,0,2026-08-18,2026-08-19,False,False,5.0,2026-08-19T12:59:45+05:30
MOTHERSON,170.1,TOUCHED,0.06,above,170.2,170.1,169.8,170.1,169.5,0.353,43.8,0.035,0,2026-08-18,2026-08-19,False,False,5.0,2026-08-19T12:59:45+05:30
BEL,412.55,TOUCHED,-1.08,below,408.1,412.55,413.1,413.65,412.55,0.266,44.1,0.025,0,2026-08-18,2026-08-19,False,False,5.0,2026-08-19T12:59:45+05:30
GODIGIT,255.26,TOUCHED,-0.96,below,252.8,255.26,255.67,256.07,255.26,0.319,44.1,0.028,0,2026-08-17,2026-08-19,False,False,5.0,2026-08-19T12:59:45+05:30
OIL,481.32,TOUCHED,-0.93,below,476.85,481.32,482.13,482.95,481.32,0.339,44.1,0.021,0,2026-08-18,2026-08-19,False,False,5.0,2026-08-19T12:59:45+05:30
VIJAYA,1500.25,TOUCHED,-0.82,below,1487.9,1500.25,1503.2,1506.15,1500.25,0.392,44.1,0.037,0,2026-08-18,2026-08-19,False,False,5.0,2026-08-19T12:59:45+05:30
ZENSARTECH,485.97,TOUCHED,-0.65,below,482.8,485.97,487.03,488.1,485.97,0.438,44.1,0.035,0,2026-08-18,2026-08-19,False,False,5.0,2026-08-19T12:59:45+05:30
CANHLIFE,148.6,TOUCHED,2.41,above,152.18,148.6,148.3,148.6,148.01,0.402,44.2,0.018,0,2026-08-17,2026-08-19,False,False,5.0,2026-08-19T12:59:45+05:30
SOBHA,1310.77,TOUCHED,-1.58,below,1290.0,1310.77,1313.23,1315.7,1310.77,0.376,44.4,0.029,0,2026-08-18,2026-08-19,False,False,5.0,2026-08-19T12:59:45+05:30
IKS,1837.4,TOUCHED,-0.15,inside,1834.7,1837.4,1837.4,1841.0,1833.8,0.392,44.9,0.02,0,2026-08-17,2026-08-19,False,False,5.0,2026-08-19T12:59:45+05:30
NCC,140.13,TOUCHED,0.02,above,140.15,140.13,139.87,140.13,139.62,0.362,46.6,0.027,0,2026-08-18,2026-08-19,False,False,5.0,2026-08-19T12:59:45+05:30
RBLBANK,382.26,TOUCHED,-0.62,below,379.9,382.26,383.02,383.77,382.26,0.396,46.6,0.032,0,2026-08-17,2026-08-19,False,False,5.0,2026-08-19T12:59:45+05:30
RECLTD,339.62,TOUCHED,-0.0,inside,339.6,339.62,339.62,340.18,339.06,0.329,46.6,0.016,0,2026-08-18,2026-08-19,False,False,5.0,2026-08-19T12:59:45+05:30
INDIAMART,1755.95,TOUCHED,-1.17,below,1735.4,1755.95,1758.8,1761.65,1755.95,0.324,46.8,0.026,0,2026-08-18,2026-08-19,False,False,5.0,2026-08-19T12:59:45+05:30
AUROPHARMA,1629.78,TOUCHED,-0.75,below,1617.5,1629.78,1632.37,1634.95,1629.78,0.317,47.1,0.038,0,2026-08-17,2026-08-19,False,False,5.0,2026-08-19T12:59:45+05:30
HEROMOTOCO,5755.25,TOUCHED,-1.13,below,5690.5,5755.25,5765.5,5775.75,5755.25,0.356,47.1,0.017,0,2026-08-17,2026-08-19,False,False,5.0,2026-08-19T12:59:45+05:30
PNBHOUSING,1148.73,TOUCHED,1.13,above,1161.7,1148.73,1146.67,1148.73,1144.6,0.36,47.1,0.027,0,2026-08-17,2026-08-19,False,False,5.0,2026-08-19T12:59:45+05:30
BRITANNIA,5528.0,TOUCHED,-0.36,below,5508.0,5528.0,5535.0,5542.0,5528.0,0.253,47.7,0.021,0,2026-08-17,2026-08-19,False,False,5.0,2026-08-19T12:59:45+05:30
CIEINDIA,409.1,TOUCHED,-0.09,below,408.75,409.1,409.83,410.57,409.1,0.358,47.7,0.029,0,2026-08-17,2026-08-19,False,False,5.0,2026-08-19T12:59:45+05:30
KAYNES,3677.1,TOUCHED,2.66,above,3775.0,3677.1,3666.1,3677.1,3655.1,0.6,47.7,0.049,0,2026-08-18,2026-08-19,False,False,5.0,2026-08-19T12:59:45+05:30
CDSL,1343.32,TOUCHED,-0.47,below,1337.0,1343.32,1346.03,1348.75,1343.32,0.404,47.9,0.036,0,2026-08-18,2026-08-19,False,False,5.0,2026-08-19T12:59:45+05:30
JUBLINGREA,734.52,TOUCHED,-4.13,below,704.2,734.52,736.23,737.95,734.52,0.466,48.5,0.034,0,2026-08-17,2026-08-19,False,False,5.0,2026-08-19T12:59:45+05:30
SBFC,93.39,TOUCHED,-0.66,below,92.78,93.39,93.58,93.76,93.39,0.395,48.5,0.033,0,2026-08-17,2026-08-19,False,False,5.0,2026-08-19T12:59:45+05:30
DIXON,14243.0,TOUCHED,0.53,above,14319.0,14243.0,14212.0,14243.0,14181.0,0.436,48.8,0.056,0,2026-08-18,2026-08-19,False,False,5.0,2026-08-19T12:59:45+05:30
JMFINANCIL,126.83,TOUCHED,-0.15,below,126.65,126.83,127.19,127.55,126.83,0.563,49.0,0.046,0,2026-08-17,2026-08-19,False,False,5.0,2026-08-19T12:59:45+05:30
JSWDULUX,3115.77,TOUCHED,-0.5,below,3100.3,3115.77,3121.13,3126.5,3115.77,0.344,49.0,0.022,0,2026-08-18,2026-08-19,False,False,5.0,2026-08-19T12:59:45+05:30
TITAN,5062.0,TOUCHED,-0.08,inside,5058.0,5062.0,5062.0,5068.7,5055.3,0.265,49.0,0.018,0,2026-08-18,2026-08-19,False,False,5.0,2026-08-19T12:59:45+05:30
RVNL,225.48,TOUCHED,-0.52,below,224.3,225.48,225.96,226.44,225.48,0.425,49.3,0.034,0,2026-08-18,2026-08-19,False,False,5.0,2026-08-19T12:59:45+05:30
TEJASNET,520.68,TOUCHED,-1.96,below,510.5,520.68,522.07,523.45,520.68,0.53,49.6,0.046,0,2026-08-18,2026-08-19,False,False,5.0,2026-08-19T12:59:45+05:30
ABFRL,55.09,TOUCHED,-0.66,below,54.73,55.09,55.22,55.34,55.09,0.447,49.9,0.025,0,2026-08-18,2026-08-19,False,False,5.0,2026-08-19T12:59:45+05:30
PRESTIGE,1579.75,TOUCHED,-0.17,below,1577.0,1579.75,1583.8,1587.85,1579.75,0.511,49.9,0.057,0,2026-08-17,2026-08-19,False,False,5.0,2026-08-19T12:59:45+05:30
ADANIENT,3008.08,TOUCHED,-1.0,below,2977.9,3008.08,3013.67,3019.25,3008.08,0.371,50.7,0.026,0,2026-08-18,2026-08-19,False,False,5.0,2026-08-19T12:59:45+05:30
CGCL,227.03,TOUCHED,0.09,above,227.24,227.03,226.53,227.03,226.04,0.438,50.7,0.049,0,2026-08-18,2026-08-19,False,False,5.0,2026-08-19T12:59:45+05:30
FSL,265.8,TOUCHED,2.56,above,272.6,265.8,265.15,265.8,264.5,0.49,50.7,0.034,0,2026-08-18,2026-08-19,False,False,5.0,2026-08-19T12:59:45+05:30
BHARTIARTL,1936.62,TOUCHED,-0.5,below,1926.9,1936.62,1939.03,1941.45,1936.62,0.249,51.2,0.014,0,2026-08-18,2026-08-19,False,False,5.0,2026-08-19T12:59:45+05:30
IOC,138.03,TOUCHED,-0.85,below,136.85,138.03,138.25,138.47,138.03,0.325,51.2,0.021,0,2026-08-18,2026-08-19,False,False,5.0,2026-08-19T12:59:45+05:30
ATHERENERG,1470.37,TOUCHED,-1.22,below,1452.5,1470.37,1474.93,1479.5,1470.37,0.619,51.5,0.063,0,2026-08-18,2026-08-19,False,False,5.0,2026-08-19T12:59:45+05:30
HONASA,476.78,TOUCHED,0.06,inside,477.05,476.78,476.78,477.88,475.69,0.458,51.5,0.054,0,2026-08-18,2026-08-19,False,False,5.0,2026-08-19T12:59:45+05:30
IOB,33.33,TOUCHED,-0.4,below,33.2,33.33,33.4,33.46,33.33,0.379,51.5,0.034,0,2026-08-18,2026-08-19,False,False,5.0,2026-08-19T12:59:45+05:30
TEGA,1723.05,TOUCHED,-1.83,below,1691.6,1723.05,1726.67,1730.28,1723.05,0.419,52.3,0.043,0,2026-08-18,2026-08-19,False,False,5.0,2026-08-19T12:59:45+05:30
FORCEMOT,18267.83,TOUCHED,-2.41,below,17828.0,18267.83,18335.67,18403.5,18267.83,0.74,52.6,0.05,0,2026-08-18,2026-08-19,False,False,5.0,2026-08-19T12:59:45+05:30
GODREJIND,1225.73,TOUCHED,-1.19,below,1211.2,1225.73,1228.47,1231.2,1225.73,0.445,52.6,0.047,0,2026-08-17,2026-08-19,False,False,5.0,2026-08-19T12:59:45+05:30
CRISIL,4478.87,TOUCHED,0.22,above,4488.5,4478.87,4469.43,4478.87,4460.0,0.422,52.9,0.05,0,2026-08-17,2026-08-19,False,False,5.0,2026-08-19T12:59:45+05:30
SOLARINDS,20045.67,TOUCHED,-1.85,below,19675.0,20045.67,20091.33,20137.0,20045.67,0.455,52.9,0.057,0,2026-08-17,2026-08-19,False,False,5.0,2026-08-19T12:59:45+05:30
AJANTPHARM,3694.0,TOUCHED,-0.48,below,3676.2,3694.0,3702.07,3710.13,3694.0,0.436,53.2,0.04,0,2026-08-17,2026-08-19,False,False,5.0,2026-08-19T12:59:45+05:30
ASIANPAINT,2632.3,TOUCHED,-1.08,below,2604.0,2632.3,2636.2,2640.1,2632.3,0.296,53.4,0.021,0,2026-08-18,2026-08-19,False,False,5.0,2026-08-19T12:59:45+05:30
JINDALSAW,269.67,TOUCHED,0.32,above,270.55,269.67,268.95,269.67,268.23,0.539,53.4,0.038,0,2026-08-17,2026-08-19,False,False,5.0,2026-08-19T12:59:45+05:30
WOCKPHARMA,1865.85,TOUCHED,-1.47,below,1838.4,1865.85,1871.8,1877.75,1865.85,0.636,54.5,0.059,0,2026-08-18,2026-08-19,False,False,5.0,2026-08-19T12:59:45+05:30
LENSKART,626.74,TOUCHED,2.1,above,639.9,626.74,625.08,626.74,623.42,0.531,54.9,0.03,0,2026-08-18,2026-08-19,False,False,5.0,2026-08-19T12:59:45+05:30
FINCABLES,1319.8,TOUCHED,-1.74,below,1296.9,1319.8,1322.98,1326.17,1319.8,0.481,55.1,0.019,0,2026-08-18,2026-08-19,False,False,5.0,2026-08-19T12:59:45+05:30
INDIANB,876.83,TOUCHED,-0.85,below,869.4,876.83,878.67,880.5,876.83,0.417,55.1,0.025,0,2026-08-18,2026-08-19,False,False,5.0,2026-08-19T12:59:45+05:30
GAIL,172.89,TOUCHED,0.01,inside,172.91,172.89,172.89,173.19,172.58,0.353,55.3,0.015,0,2026-08-18,2026-08-19,False,False,5.0,2026-08-19T12:59:45+05:30
CONCOR,519.23,TOUCHED,-0.82,below,515.0,519.23,520.22,521.2,519.23,0.378,55.9,0.034,0,2026-08-18,2026-08-19,False,False,5.0,2026-08-19T12:59:45+05:30
EIHOTEL,297.35,TOUCHED,0.05,inside,297.5,297.35,297.35,298.02,296.67,0.454,56.4,0.03,0,2026-08-17,2026-08-19,False,False,5.0,2026-08-19T12:59:45+05:30
ETERNAL,318.38,TOUCHED,1.11,above,321.9,318.38,317.55,318.38,316.72,0.52,56.4,0.028,0,2026-08-18,2026-08-19,False,False,5.0,2026-08-19T12:59:45+05:30
BHARATFORG,2077.6,TOUCHED,-0.65,below,2064.0,2077.6,2082.73,2087.87,2077.6,0.493,57.0,0.031,0,2026-08-17,2026-08-19,False,False,5.0,2026-08-19T12:59:45+05:30
ICICIAMC,3127.75,TOUCHED,2.96,above,3220.3,3127.75,3119.5,3127.75,3111.25,0.529,57.0,0.032,0,2026-08-17,2026-08-19,False,False,5.0,2026-08-19T12:59:45+05:30
KALYANKJIL,603.33,TOUCHED,-1.4,below,594.9,603.33,605.07,606.8,603.33,0.573,57.3,0.038,0,2026-08-18,2026-08-19,False,False,5.0,2026-08-19T12:59:45+05:30
GODFRYPHLP,2122.0,TOUCHED,0.92,above,2141.5,2122.0,2115.43,2122.0,2108.87,0.621,57.8,0.041,0,2026-08-18,2026-08-19,False,False,5.0,2026-08-19T12:59:45+05:30
LTFOODS,423.97,TOUCHED,-0.02,inside,423.9,423.97,423.97,425.13,422.8,0.55,57.8,0.036,0,2026-08-18,2026-08-19,False,False,5.0,2026-08-19T12:59:45+05:30
LTTS,3519.47,TOUCHED,0.91,above,3551.5,3519.47,3510.43,3519.47,3501.4,0.515,57.8,0.042,0,2026-08-17,2026-08-19,False,False,5.0,2026-08-19T12:59:45+05:30
SUNPHARMA,1883.65,TOUCHED,0.27,above,1888.8,1883.65,1880.8,1883.65,1877.95,0.303,57.8,0.02,0,2026-08-18,2026-08-19,False,False,5.0,2026-08-19T12:59:45+05:30
GMDCLTD,572.76,TOUCHED,-1.23,below,565.7,572.76,574.82,576.88,572.76,0.716,58.4,0.068,0,2026-08-18,2026-08-19,False,False,5.0,2026-08-19T12:59:45+05:30
IDBI,81.55,TOUCHED,-0.12,inside,81.45,81.55,81.55,81.77,81.33,0.54,58.4,0.042,0,2026-08-18,2026-08-19,False,False,5.0,2026-08-19T12:59:45+05:30
ACC,1305.92,TOUCHED,-1.42,below,1287.4,1305.92,1308.03,1310.15,1305.92,0.324,58.6,0.035,0,2026-08-18,2026-08-19,False,False,5.0,2026-08-19T12:59:45+05:30
BSE,3297.07,TOUCHED,2.23,above,3370.6,3297.07,3286.13,3297.07,3275.2,0.665,58.6,0.022,0,2026-08-18,2026-08-19,False,False,5.0,2026-08-19T12:59:45+05:30
DLF,670.38,TOUCHED,0.35,above,672.7,670.38,668.83,670.38,667.29,0.461,58.9,0.029,0,2026-08-18,2026-08-19,False,False,5.0,2026-08-19T12:59:45+05:30
PATANJALI,350.45,TOUCHED,0.1,inside,350.8,350.45,350.45,351.05,349.85,0.342,59.2,0.019,0,2026-08-18,2026-08-19,False,False,5.0,2026-08-19T12:59:45+05:30
BANKBARODA,244.53,TOUCHED,-0.03,below,244.45,244.53,245.06,245.59,244.53,0.433,59.5,0.012,0,2026-08-18,2026-08-19,False,False,5.0,2026-08-19T12:59:45+05:30
HYUNDAI,2195.63,TOUCHED,0.07,inside,2197.1,2195.63,2195.63,2200.45,2190.82,0.439,59.5,0.026,0,2026-08-18,2026-08-19,False,False,5.0,2026-08-19T12:59:45+05:30
JWL,250.47,TOUCHED,-1.11,below,247.7,250.47,251.2,251.92,250.47,0.577,59.5,0.044,0,2026-08-17,2026-08-19,False,False,5.0,2026-08-19T12:59:45+05:30
WHIRLPOOL,771.05,TOUCHED,-1.65,below,758.3,771.05,773.1,775.15,771.05,0.53,59.5,0.045,0,2026-08-18,2026-08-19,False,False,5.0,2026-08-19T12:59:45+05:30
ASTRAL,1531.05,TOUCHED,0.11,above,1532.8,1531.05,1527.37,1531.05,1523.68,0.482,59.7,0.032,0,2026-08-18,2026-08-19,False,False,5.0,2026-08-19T12:59:45+05:30
PNB,117.24,TOUCHED,0.1,above,117.36,117.24,117.0,117.24,116.75,0.425,60.0,0.035,0,2026-08-18,2026-08-19,False,False,5.0,2026-08-19T12:59:45+05:30
BANKINDIA,142.49,TOUCHED,-0.27,below,142.1,142.49,142.87,143.26,142.49,0.541,60.3,0.031,0,2026-08-18,2026-08-19,False,False,5.0,2026-08-19T12:59:45+05:30
EICHERMOT,8047.33,TOUCHED,-0.14,inside,8036.0,8047.33,8047.33,8061.75,8032.92,0.358,60.3,0.024,0,2026-08-18,2026-08-19,False,False,5.0,2026-08-19T12:59:45+05:30
RHIM,376.85,TOUCHED,-0.7,below,374.2,376.85,377.9,378.95,376.85,0.556,60.3,0.029,0,2026-08-18,2026-08-19,False,False,5.0,2026-08-19T12:59:45+05:30
SHYAMMETL,989.0,TOUCHED,-0.18,below,987.2,989.0,991.1,993.2,989.0,0.424,60.3,0.016,0,2026-08-17,2026-08-19,False,False,5.0,2026-08-19T12:59:45+05:30
ZYDUSWELL,498.11,TOUCHED,-0.92,below,493.55,498.11,499.57,501.03,498.11,0.584,60.3,0.035,0,2026-08-18,2026-08-19,False,False,5.0,2026-08-19T12:59:45+05:30
AXISBANK,1236.95,TOUCHED,-0.8,below,1227.0,1236.95,1238.97,1240.98,1236.95,0.326,60.5,0.024,0,2026-08-18,2026-08-19,False,False,5.0,2026-08-19T12:59:45+05:30
NH,1807.67,TOUCHED,-0.93,below,1790.9,1807.67,1812.33,1817.0,1807.67,0.515,60.5,0.034,0,2026-08-18,2026-08-19,False,False,5.0,2026-08-19T12:59:45+05:30
SAREGAMA,515.43,TOUCHED,-0.45,below,513.1,515.43,516.92,518.4,515.43,0.574,60.5,0.041,0,2026-08-18,2026-08-19,False,False,5.0,2026-08-19T12:59:45+05:30
SUNDARMFIN,4584.0,TOUCHED,-1.1,below,4533.7,4584.0,4595.87,4607.73,4584.0,0.516,60.5,0.034,0,2026-08-18,2026-08-19,False,False,5.0,2026-08-19T12:59:45+05:30
FACT,797.6,TOUCHED,-0.2,inside,796.0,797.6,797.6,799.77,795.42,0.545,60.8,0.058,0,2026-08-17,2026-08-19,False,False,5.0,2026-08-19T12:59:45+05:30
HDFCBANK,724.0,TOUCHED,-0.53,below,720.15,724.0,725.0,726.0,724.0,0.276,60.8,0.019,0,2026-08-18,2026-08-19,False,False,5.0,2026-08-19T12:59:45+05:30
BAJAJ-AUTO,11652.0,TOUCHED,0.03,inside,11656.0,11652.0,11652.0,11674.5,11629.5,0.386,61.4,0.028,0,2026-08-18,2026-08-19,False,False,5.0,2026-08-19T12:59:45+05:30
BRIGADE,590.15,TOUCHED,0.15,inside,591.05,590.15,590.15,591.93,588.38,0.602,61.4,0.024,0,2026-08-17,2026-08-19,False,False,5.0,2026-08-19T12:59:45+05:30
MOTILALOFS,944.15,TOUCHED,-0.19,inside,942.4,944.15,944.15,947.22,941.07,0.651,61.6,0.045,0,2026-08-18,2026-08-19,False,False,5.0,2026-08-19T12:59:45+05:30
NAVA,560.6,TOUCHED,-0.85,below,555.85,560.6,562.3,564.0,560.6,0.605,61.9,0.038,0,2026-08-18,2026-08-19,False,False,5.0,2026-08-19T12:59:45+05:30
UTIAMC,896.92,TOUCHED,-0.77,below,890.0,896.92,899.25,901.58,896.92,0.517,61.9,0.043,0,2026-08-18,2026-08-19,False,False,5.0,2026-08-19T12:59:45+05:30
ELECON,433.25,TOUCHED,-1.13,below,428.35,433.25,434.92,436.58,433.25,0.766,62.2,0.036,0,2026-08-17,2026-08-19,False,False,5.0,2026-08-19T12:59:45+05:30
HCLTECH,1306.25,TOUCHED,0.86,above,1317.5,1306.25,1303.5,1306.25,1300.75,0.422,62.7,0.024,0,2026-08-18,2026-08-19,False,False,5.0,2026-08-19T12:59:45+05:30
PINELABS,160.99,TOUCHED,-0.83,below,159.66,160.99,161.66,162.33,160.99,0.829,62.8,0.058,0,2026-08-18,2026-08-19,False,False,5.0,2026-08-19T12:59:45+05:30
NEULANDLAB,23407.0,TOUCHED,-1.04,below,23164.0,23407.0,23491.67,23576.33,23407.0,0.721,63.0,0.032,0,2026-08-17,2026-08-19,False,False,5.0,2026-08-19T12:59:45+05:30
KEC,429.9,TOUCHED,-0.73,below,426.75,429.9,431.2,432.5,429.9,0.603,63.6,0.023,0,2026-08-18,2026-08-19,False,False,5.0,2026-08-19T12:59:45+05:30
PGEL,599.47,TOUCHED,-0.09,below,598.9,599.47,601.93,604.4,599.47,0.82,63.6,0.054,0,2026-08-18,2026-08-19,False,False,5.0,2026-08-19T12:59:45+05:30
360ONE,1169.53,TOUCHED,0.94,above,1180.5,1169.53,1166.07,1169.53,1162.6,0.595,63.8,0.032,0,2026-08-17,2026-08-19,False,False,5.0,2026-08-19T12:59:45+05:30
IREDA,115.58,TOUCHED,-0.85,below,114.6,115.58,115.88,116.19,115.58,0.529,63.8,0.048,0,2026-08-18,2026-08-19,False,False,5.0,2026-08-19T12:59:45+05:30
BAYERCROP,4070.7,TOUCHED,-0.19,below,4063.0,4070.7,4080.2,4089.7,4070.7,0.466,64.1,0.031,0,2026-08-17,2026-08-19,False,False,5.0,2026-08-19T12:59:45+05:30
KARURVYSYA,332.12,TOUCHED,-0.25,inside,331.3,332.12,332.12,333.06,331.18,0.567,64.4,0.038,0,2026-08-17,2026-08-19,False,False,5.0,2026-08-19T12:59:45+05:30
RADICO,4666.43,TOUCHED,-0.09,inside,4662.2,4666.43,4666.43,4679.92,4652.95,0.578,64.9,0.021,0,2026-08-17,2026-08-19,False,False,5.0,2026-08-19T12:59:45+05:30
USHAMART,496.61,TOUCHED,0.32,above,498.2,496.61,495.17,496.61,493.73,0.582,64.9,0.035,0,2026-08-17,2026-08-19,False,False,5.0,2026-08-19T12:59:45+05:30
JINDALSTEL,1109.85,TOUCHED,0.67,above,1117.3,1109.85,1107.07,1109.85,1104.28,0.503,65.2,0.034,0,2026-08-18,2026-08-19,False,False,5.0,2026-08-19T12:59:45+05:30
MAHABANK,80.72,TOUCHED,-0.89,below,80.0,80.72,80.94,81.17,80.72,0.56,65.2,0.042,0,2026-08-18,2026-08-19,False,False,5.0,2026-08-19T12:59:45+05:30
DMART,4004.17,TOUCHED,-0.01,below,4003.7,4004.17,4013.33,4022.5,4004.17,0.457,65.5,0.028,0,2026-08-17,2026-08-19,False,False,5.0,2026-08-19T12:59:45+05:30
ALKEM,5442.0,TOUCHED,-0.86,below,5395.0,5442.0,5453.0,5464.0,5442.0,0.403,65.8,0.026,0,2026-08-18,2026-08-19,False,False,5.0,2026-08-19T12:59:45+05:30
ABCAPITAL,398.3,TOUCHED,-0.59,below,395.95,398.3,399.53,400.77,398.3,0.617,66.0,0.038,0,2026-08-18,2026-08-19,False,False,5.0,2026-08-19T12:59:45+05:30
ELGIEQUIP,620.0,TOUCHED,1.74,above,630.8,620.0,618.07,620.0,616.13,0.626,66.0,0.04,0,2026-08-18,2026-08-19,False,False,5.0,2026-08-19T12:59:45+05:30
INDGN,564.5,TOUCHED,0.04,inside,564.7,564.5,564.5,566.1,562.9,0.567,66.0,0.023,0,2026-08-18,2026-08-19,False,False,5.0,2026-08-19T12:59:45+05:30
SONACOMS,819.12,TOUCHED,0.1,inside,819.9,819.12,819.12,821.56,816.67,0.596,66.3,0.033,0,2026-08-18,2026-08-19,False,False,5.0,2026-08-19T12:59:45+05:30
AWL,190.55,TOUCHED,-1.18,below,188.31,190.55,191.07,191.58,190.55,0.537,66.6,0.044,0,2026-08-18,2026-08-19,False,False,5.0,2026-08-19T12:59:45+05:30
BDL,1378.0,TOUCHED,-1.56,below,1356.5,1378.0,1383.0,1388.0,1378.0,0.723,66.8,0.049,0,2026-08-18,2026-08-19,False,False,5.0,2026-08-19T12:59:45+05:30
GRANULES,853.95,TOUCHED,-0.53,below,849.45,853.95,856.48,859.02,853.95,0.592,66.8,0.037,0,2026-08-17,2026-08-19,False,False,5.0,2026-08-19T12:59:45+05:30
ADANIGREEN,1312.73,TOUCHED,-1.81,below,1289.0,1312.73,1317.47,1322.2,1312.73,0.719,67.1,0.045,0,2026-08-18,2026-08-19,False,False,5.0,2026-08-19T12:59:45+05:30
FLUOROCHEM,4687.53,TOUCHED,-0.21,below,4677.8,4687.53,4700.27,4713.0,4687.53,0.542,67.1,0.022,0,2026-08-18,2026-08-19,False,False,5.0,2026-08-19T12:59:45+05:30
PWL,120.9,TOUCHED,-0.39,inside,120.43,120.9,120.9,121.48,120.33,0.951,67.6,0.074,0,2026-08-18,2026-08-19,False,False,5.0,2026-08-19T12:59:45+05:30
LINDEINDIA,6692.33,TOUCHED,0.1,inside,6699.0,6692.33,6692.33,6712.17,6672.5,0.593,67.7,0.025,0,2026-08-17,2026-08-19,False,False,5.0,2026-08-19T12:59:45+05:30
RITES,219.79,TOUCHED,-0.26,inside,219.22,219.79,219.79,220.43,219.14,0.59,67.7,0.025,0,2026-08-18,2026-08-19,False,False,5.0,2026-08-19T12:59:45+05:30
ASAHIINDIA,956.17,TOUCHED,0.19,inside,958.0,956.17,956.17,959.48,952.85,0.694,67.9,0.045,0,2026-08-18,2026-08-19,False,False,5.0,2026-08-19T12:59:45+05:30
JSWSTEEL,1275.4,TOUCHED,0.37,above,1280.1,1275.4,1272.8,1275.4,1270.2,0.409,68.2,0.024,0,2026-08-18,2026-08-19,False,False,5.0,2026-08-19T12:59:45+05:30
OFSS,11692.33,TOUCHED,-0.05,inside,11687.0,11692.33,11692.33,11727.0,11657.67,0.593,68.5,0.029,0,2026-08-18,2026-08-19,False,False,5.0,2026-08-19T12:59:45+05:30
TCS,2284.5,TOUCHED,-0.28,below,2278.1,2284.5,2289.0,2293.5,2284.5,0.393,68.5,0.029,0,2026-08-18,2026-08-19,False,False,5.0,2026-08-19T12:59:45+05:30
ENRIN,3570.1,TOUCHED,-2.29,below,3488.2,3570.1,3581.97,3593.83,3570.1,0.663,68.6,0.028,0,2026-08-17,2026-08-19,False,False,5.0,2026-08-19T12:59:45+05:30
ACMESOLAR,370.29,TOUCHED,3.31,above,382.55,370.29,368.83,370.29,367.38,0.791,68.8,0.05,0,2026-08-18,2026-08-19,False,False,5.0,2026-08-19T12:59:45+05:30
IRFC,86.34,TOUCHED,-0.86,below,85.6,86.34,86.57,86.81,86.34,0.535,69.0,0.033,0,2026-08-18,2026-08-19,False,False,5.0,2026-08-19T12:59:45+05:30
PHOENIXLTD,1918.57,TOUCHED,0.0,inside,1918.6,1918.57,1918.57,1924.18,1912.95,0.586,69.0,0.047,0,2026-08-17,2026-08-19,False,False,5.0,2026-08-19T12:59:45+05:30
INFY,1119.8,TOUCHED,-0.05,inside,1119.2,1119.8,1119.8,1122.2,1117.4,0.429,69.3,0.029,0,2026-08-18,2026-08-19,False,False,5.0,2026-08-19T12:59:45+05:30
MAPMYINDIA,1005.6,TOUCHED,-0.02,inside,1005.4,1005.6,1005.6,1009.1,1002.1,0.696,69.3,0.031,0,2026-08-18,2026-08-19,False,False,5.0,2026-08-19T12:59:45+05:30
HEXT,557.23,TOUCHED,0.19,inside,558.3,557.23,557.23,559.48,554.99,0.805,69.6,0.045,0,2026-08-18,2026-08-19,False,False,5.0,2026-08-19T12:59:45+05:30
IRCTC,494.2,TOUCHED,-1.0,below,489.25,494.2,495.35,496.5,494.2,0.464,69.9,0.037,0,2026-08-18,2026-08-19,False,False,5.0,2026-08-19T12:59:45+05:30
KIMS,803.23,TOUCHED,-1.76,below,789.05,803.23,806.05,808.88,803.23,0.701,69.9,0.04,0,2026-08-17,2026-08-19,False,False,5.0,2026-08-19T12:59:45+05:30
GLAND,2868.23,TOUCHED,-1.05,below,2838.0,2868.23,2877.87,2887.5,2868.23,0.669,70.1,0.04,0,2026-08-18,2026-08-19,False,False,5.0,2026-08-19T12:59:45+05:30
GRSE,2640.45,TOUCHED,-0.02,below,2640.0,2640.45,2652.63,2664.82,2640.45,0.919,70.1,0.074,0,2026-08-18,2026-08-19,False,False,5.0,2026-08-19T12:59:45+05:30
HONAUT,36492.5,TOUCHED,-1.36,below,35995.0,36492.5,36585.0,36677.5,36492.5,0.506,70.7,0.022,0,2026-08-17,2026-08-19,False,False,5.0,2026-08-19T12:59:45+05:30
VTL,599.0,TOUCHED,-0.46,below,596.25,599.0,601.08,603.17,599.0,0.693,71.2,0.031,0,2026-08-17,2026-08-19,False,False,5.0,2026-08-19T12:59:45+05:30
ADANIENSOL,1594.95,TOUCHED,-2.72,below,1551.6,1594.95,1600.8,1606.65,1594.95,0.731,71.8,0.031,0,2026-08-17,2026-08-19,False,False,5.0,2026-08-19T12:59:45+05:30
FORTIS,914.28,TOUCHED,-0.27,inside,911.85,914.28,914.28,917.05,911.52,0.605,72.3,0.031,0,2026-08-17,2026-08-19,False,False,5.0,2026-08-19T12:59:45+05:30
ITC,270.47,TOUCHED,-1.04,below,267.65,270.47,270.93,271.4,270.47,0.344,72.6,0.021,0,2026-08-18,2026-08-19,False,False,5.0,2026-08-19T12:59:45+05:30
HINDUNILVR,2039.15,TOUCHED,-0.96,below,2019.5,2039.15,2043.3,2047.45,2039.15,0.406,72.9,0.015,0,2026-08-18,2026-08-19,False,False,5.0,2026-08-19T12:59:45+05:30
UPL,565.02,TOUCHED,0.26,above,566.5,565.02,563.37,565.02,561.71,0.589,73.4,0.018,0,2026-08-18,2026-08-19,False,False,5.0,2026-08-19T12:59:45+05:30
SAILIFE,1421.53,TOUCHED,-0.41,below,1415.7,1421.53,1426.67,1431.8,1421.53,0.72,74.0,0.04,0,2026-08-17,2026-08-19,False,False,5.0,2026-08-19T12:59:45+05:30
HINDPETRO,367.28,TOUCHED,-0.38,below,365.9,367.28,368.57,369.85,367.28,0.696,75.9,0.034,0,2026-08-18,2026-08-19,False,False,5.0,2026-08-19T12:59:45+05:30
PFIZER,4870.1,TOUCHED,1.05,above,4921.4,4870.1,4856.43,4870.1,4842.77,0.563,75.9,0.025,0,2026-08-17,2026-08-19,False,False,5.0,2026-08-19T12:59:45+05:30
BALRAMCHIN,655.48,TOUCHED,-0.61,below,651.5,655.48,657.72,659.95,655.48,0.679,76.2,0.039,0,2026-08-18,2026-08-19,False,False,5.0,2026-08-19T12:59:45+05:30
IDEA,14.05,TOUCHED,0.58,above,14.13,14.05,13.98,14.05,13.91,1.026,76.4,0.046,0,2026-08-18,2026-08-19,False,False,5.0,2026-08-19T12:59:45+05:30
TATACONSUM,1067.43,TOUCHED,-0.17,inside,1065.6,1067.43,1067.43,1070.35,1064.52,0.546,76.4,0.027,0,2026-08-18,2026-08-19,False,False,5.0,2026-08-19T12:59:45+05:30
KOTAKBANK,389.4,TOUCHED,-0.05,inside,389.2,389.4,389.4,390.27,388.52,0.449,76.7,0.024,0,2026-08-18,2026-08-19,False,False,5.0,2026-08-19T12:59:45+05:30
PERSISTENT,5507.0,TOUCHED,0.52,above,5535.5,5507.0,5485.5,5507.0,5464.0,0.784,76.7,0.018,0,2026-08-18,2026-08-19,False,False,5.0,2026-08-19T12:59:45+05:30
GRAVITA,1797.5,TOUCHED,-0.08,below,1796.1,1797.5,1805.57,1813.63,1797.5,0.894,77.3,0.033,0,2026-08-17,2026-08-19,False,False,5.0,2026-08-19T12:59:45+05:30
TATACHEM,655.01,TOUCHED,-1.07,below,648.0,655.01,657.02,659.02,655.01,0.611,77.3,0.02,0,2026-08-18,2026-08-19,False,False,5.0,2026-08-19T12:59:45+05:30
CARBORUNIV,1127.05,TOUCHED,-3.0,below,1093.2,1127.05,1131.4,1135.75,1127.05,0.769,78.1,0.029,0,2026-08-17,2026-08-19,False,False,5.0,2026-08-19T12:59:45+05:30
GODREJPROP,2005.82,TOUCHED,-0.01,below,2005.6,2005.82,2014.23,2022.65,2005.82,0.836,78.1,0.045,0,2026-08-18,2026-08-19,False,False,5.0,2026-08-19T12:59:45+05:30
JKCEMENT,5298.0,TOUCHED,-0.32,inside,5281.0,5298.0,5298.0,5319.0,5277.0,0.793,78.6,0.033,0,2026-08-17,2026-08-19,False,False,5.0,2026-08-19T12:59:45+05:30
MARUTI,13724.17,TOUCHED,-0.2,below,13697.0,13724.17,13757.33,13790.5,13724.17,0.482,78.6,0.017,0,2026-08-18,2026-08-19,False,False,5.0,2026-08-19T12:59:45+05:30
NUVAMA,1715.47,TOUCHED,-0.02,inside,1715.1,1715.47,1715.47,1723.33,1707.6,0.917,78.6,0.025,0,2026-08-17,2026-08-19,False,False,5.0,2026-08-19T12:59:45+05:30
VMM,104.11,TOUCHED,-0.88,below,103.2,104.11,104.52,104.92,104.11,0.772,78.6,0.026,0,2026-08-18,2026-08-19,False,False,5.0,2026-08-19T12:59:45+05:30
WELSPUNLIV,176.98,TOUCHED,1.44,above,179.52,176.98,176.16,176.98,175.35,0.923,78.6,0.042,0,2026-08-18,2026-08-19,False,False,5.0,2026-08-19T12:59:45+05:30
TECHNOE,997.56,TOUCHED,0.48,above,1002.3,997.56,992.67,997.56,987.77,0.986,78.9,0.05,0,2026-08-18,2026-08-19,False,False,5.0,2026-08-19T12:59:45+05:30
UNOMINDA,1264.58,TOUCHED,0.43,above,1270.0,1264.58,1259.27,1264.58,1253.95,0.844,79.2,0.05,0,2026-08-17,2026-08-19,False,False,5.0,2026-08-19T12:59:45+05:30
AIAENG,4402.55,TOUCHED,-0.14,below,4396.5,4402.55,4417.57,4432.58,4402.55,0.68,79.5,0.041,0,2026-08-18,2026-08-19,False,False,5.0,2026-08-19T12:59:45+05:30
JSWINFRA,329.83,TOUCHED,-0.3,below,328.85,329.83,331.02,332.2,329.83,0.715,79.7,0.029,0,2026-08-18,2026-08-19,False,False,5.0,2026-08-19T12:59:45+05:30
BPCL,311.44,TOUCHED,-1.39,below,307.1,311.44,312.58,313.72,311.44,0.73,80.0,0.021,0,2026-08-18,2026-08-19,False,False,5.0,2026-08-19T12:59:45+05:30
SAIL,172.26,TOUCHED,0.06,above,172.36,172.26,171.58,172.26,170.89,0.802,80.0,0.026,0,2026-08-18,2026-08-19,False,False,5.0,2026-08-19T12:59:45+05:30
UNITDSPR,1525.6,TOUCHED,-0.33,below,1520.6,1525.6,1530.3,1535.0,1525.6,0.614,80.5,0.033,0,2026-08-18,2026-08-19,False,False,5.0,2026-08-19T12:59:45+05:30
ATUL,6631.58,TOUCHED,-0.17,below,6620.5,6631.58,6654.67,6677.75,6631.58,0.694,80.8,0.015,0,2026-08-18,2026-08-19,False,False,5.0,2026-08-19T12:59:45+05:30
AFFLE,1696.88,TOUCHED,0.47,above,1704.8,1696.88,1689.87,1696.88,1682.85,0.83,81.1,0.032,0,2026-08-17,2026-08-19,False,False,5.0,2026-08-19T12:59:45+05:30
ANGELONE,290.43,TOUCHED,0.04,inside,290.55,290.43,290.43,291.97,288.9,1.056,81.1,0.029,0,2026-08-17,2026-08-19,False,False,5.0,2026-08-19T12:59:45+05:30
AIIL,560.98,TOUCHED,0.92,above,566.15,560.98,557.82,560.98,554.66,1.132,81.6,0.055,0,2026-08-17,2026-08-19,False,False,5.0,2026-08-19T12:59:45+05:30
DEEPAKFERT,1479.37,TOUCHED,-1.13,below,1462.7,1479.37,1486.73,1494.1,1479.37,0.991,81.9,0.044,0,2026-08-18,2026-08-19,False,False,5.0,2026-08-19T12:59:45+05:30
BEML,1955.38,TOUCHED,0.44,above,1963.9,1955.38,1945.27,1955.38,1935.15,1.04,83.0,0.028,0,2026-08-18,2026-08-19,False,False,5.0,2026-08-19T12:59:45+05:30
EMCURE,1893.27,TOUCHED,0.34,inside,1899.7,1893.27,1893.27,1902.95,1883.58,1.023,83.0,0.029,0,2026-08-17,2026-08-19,False,False,5.0,2026-08-19T12:59:45+05:30
NETWEB,5244.6,TOUCHED,-2.91,below,5092.0,5244.6,5281.23,5317.87,5244.6,1.387,83.0,0.055,0,2026-08-18,2026-08-19,False,False,5.0,2026-08-19T12:59:45+05:30
EXIDEIND,467.06,TOUCHED,-1.31,below,460.95,467.06,468.87,470.68,467.06,0.771,83.3,0.027,0,2026-08-18,2026-08-19,False,False,5.0,2026-08-19T12:59:45+05:30
YESBANK,22.63,TOUCHED,0.37,inside,22.71,22.63,22.63,22.71,22.54,0.737,83.3,0.04,0,2026-08-18,2026-08-19,False,False,5.0,2026-08-19T12:59:45+05:30
TRIDENT,24.56,TOUCHED,-0.5,below,24.44,24.56,24.65,24.74,24.56,0.744,83.6,0.028,0,2026-08-18,2026-08-19,False,False,5.0,2026-08-19T12:59:45+05:30
DATAPATTNS,4703.97,TOUCHED,0.65,above,4734.7,4703.97,4670.73,4703.97,4637.5,1.423,83.8,0.075,0,2026-08-18,2026-08-19,False,False,5.0,2026-08-19T12:59:45+05:30
KPRMILL,1130.07,TOUCHED,0.29,above,1133.4,1130.07,1124.53,1130.07,1119.0,0.984,83.8,0.054,0,2026-08-17,2026-08-19,False,False,5.0,2026-08-19T12:59:45+05:30
TATATECH,845.2,TOUCHED,-3.39,below,816.55,845.2,848.75,852.3,845.2,0.837,84.4,0.035,0,2026-08-17,2026-08-19,False,False,5.0,2026-08-19T12:59:45+05:30
UNIONBANK,186.35,TOUCHED,-0.49,below,185.43,186.35,187.19,188.04,186.35,0.905,84.7,0.048,0,2026-08-18,2026-08-19,False,False,5.0,2026-08-19T12:59:45+05:30
TRITURBINE,584.75,TOUCHED,-2.39,below,570.75,584.75,587.6,590.45,584.75,0.97,86.3,0.021,0,2026-08-18,2026-08-19,False,False,5.0,2026-08-19T12:59:45+05:30
LALPATHLAB,1892.8,TOUCHED,-0.27,inside,1887.6,1892.8,1892.8,1900.55,1885.05,0.819,86.6,0.043,0,2026-08-17,2026-08-19,False,False,5.0,2026-08-19T12:59:45+05:30
MCX,2987.0,TOUCHED,-0.51,below,2971.9,2987.0,3004.67,3022.33,2987.0,1.176,86.6,0.058,0,2026-08-18,2026-08-19,False,False,5.0,2026-08-19T12:59:45+05:30
NYKAA,324.53,TOUCHED,0.56,above,326.35,324.53,323.22,324.53,321.91,0.81,86.6,0.027,0,2026-08-18,2026-08-19,False,False,5.0,2026-08-19T12:59:45+05:30
PAYTM,1572.65,TOUCHED,0.91,above,1587.0,1572.65,1563.87,1572.65,1555.08,1.123,86.8,0.057,0,2026-08-18,2026-08-19,False,False,5.0,2026-08-19T12:59:45+05:30
APOLLOHOSP,8851.92,TOUCHED,-1.09,below,8755.0,8851.92,8878.33,8904.75,8851.92,0.595,87.1,0.017,0,2026-08-17,2026-08-19,False,False,5.0,2026-08-19T12:59:45+05:30
CHALET,840.7,TOUCHED,1.25,above,851.2,840.7,836.7,840.7,832.7,0.956,87.7,0.023,0,2026-08-17,2026-08-19,False,False,5.0,2026-08-19T12:59:45+05:30
LTM,4582.5,TOUCHED,-0.44,below,4562.4,4582.5,4602.8,4623.1,4582.5,0.882,87.9,0.032,0,2026-08-18,2026-08-19,False,False,5.0,2026-08-19T12:59:45+05:30
MPHASIS,2444.07,TOUCHED,-1.2,below,2414.8,2444.07,2456.13,2468.2,2444.07,0.983,88.8,0.024,0,2026-08-18,2026-08-19,False,False,5.0,2026-08-19T12:59:45+05:30
SCHNEIDER,1246.05,TOUCHED,-0.08,below,1245.0,1246.05,1255.5,1264.95,1246.05,1.505,88.8,0.027,0,2026-08-18,2026-08-19,False,False,5.0,2026-08-19T12:59:45+05:30
AEGISLOG,1358.65,TOUCHED,0.5,above,1365.4,1358.65,1349.6,1358.65,1340.55,1.341,89.0,0.033,0,2026-08-18,2026-08-19,False,False,5.0,2026-08-19T12:59:45+05:30
FIRSTCRY,206.13,TOUCHED,-1.76,below,202.5,206.13,207.61,209.09,206.13,1.424,90.7,0.066,0,2026-08-18,2026-08-19,False,False,5.0,2026-08-19T12:59:45+05:30
MAXHEALTH,1004.5,TOUCHED,-0.12,inside,1003.3,1004.5,1004.5,1009.45,999.55,0.986,90.7,0.037,0,2026-08-18,2026-08-19,False,False,5.0,2026-08-19T12:59:45+05:30
LODHA,1219.25,TOUCHED,-1.3,below,1203.4,1219.25,1227.4,1235.55,1219.25,1.328,91.2,0.031,0,2026-08-18,2026-08-19,False,False,5.0,2026-08-19T12:59:45+05:30
WIPRO,179.37,TOUCHED,0.01,inside,179.39,179.37,179.37,180.03,178.71,0.73,91.8,0.013,0,2026-08-18,2026-08-19,False,False,5.0,2026-08-19T12:59:45+05:30
J&KBANK,149.97,TOUCHED,-0.58,inside,149.1,149.97,149.97,150.97,148.97,1.331,92.3,0.029,0,2026-08-17,2026-08-19,False,False,5.0,2026-08-19T12:59:45+05:30
ZYDUSLIFE,1120.35,TOUCHED,-1.32,below,1105.6,1120.35,1125.1,1129.85,1120.35,0.844,92.3,0.024,0,2026-08-18,2026-08-19,False,False,5.0,2026-08-19T12:59:45+05:30
AFCONS,277.18,TOUCHED,0.35,inside,278.15,277.18,277.18,278.72,275.65,1.106,93.4,0.024,0,2026-08-18,2026-08-19,False,False,5.0,2026-08-19T12:59:45+05:30
NAM-INDIA,1194.87,TOUCHED,0.25,above,1197.9,1194.87,1187.03,1194.87,1179.2,1.32,93.7,0.032,0,2026-08-17,2026-08-19,False,False,5.0,2026-08-19T12:59:45+05:30
PAGEIND,36402.35,TOUCHED,-1.79,below,35750.0,36402.35,36579.71,36757.06,36402.35,0.97,93.7,0.027,0,2026-08-18,2026-08-19,False,False,5.0,2026-08-19T12:59:45+05:30
MRPL,179.16,TOUCHED,-1.66,below,176.19,179.16,180.88,182.6,179.16,1.902,94.0,0.056,0,2026-08-18,2026-08-19,False,False,5.0,2026-08-19T12:59:45+05:30
PFOCUS,279.75,TOUCHED,0.14,inside,280.15,279.75,279.75,283.0,276.5,2.324,94.0,0.053,0,2026-08-18,2026-08-19,False,False,5.0,2026-08-19T12:59:45+05:30
HEG,722.5,TOUCHED,-2.71,below,702.9,722.5,728.08,733.67,722.5,1.534,94.2,0.043,0,2026-08-18,2026-08-19,False,False,5.0,2026-08-19T12:59:45+05:30
APARINDS,16747.0,TOUCHED,-0.38,below,16684.0,16747.0,16902.67,17058.33,16747.0,1.842,94.5,0.055,0,2026-08-18,2026-08-19,False,False,5.0,2026-08-19T12:59:45+05:30
COLPAL,1912.1,TOUCHED,-2.12,below,1871.5,1912.1,1921.2,1930.3,1912.1,0.947,94.8,0.024,0,2026-08-18,2026-08-19,False,False,5.0,2026-08-19T12:59:45+05:30
TBOTEK,1673.57,TOUCHED,0.43,inside,1680.8,1673.57,1673.57,1686.78,1660.35,1.579,95.1,0.033,0,2026-08-17,2026-08-19,False,False,5.0,2026-08-19T12:59:45+05:30
MFSL,1563.45,TOUCHED,0.22,above,1566.9,1563.45,1555.2,1563.45,1546.95,1.061,95.3,0.019,0,2026-08-17,2026-08-19,False,False,5.0,2026-08-19T12:59:45+05:30
ZENTEC,1950.0,TOUCHED,-0.29,inside,1944.3,1950.0,1950.0,1966.2,1933.8,1.662,95.6,0.016,0,2026-08-18,2026-08-19,False,False,5.0,2026-08-19T12:59:45+05:30
ACUTAAS,3294.85,TOUCHED,-0.08,below,3292.1,3294.85,3327.03,3359.22,3294.85,1.935,95.9,0.036,0,2026-08-18,2026-08-19,False,False,5.0,2026-08-19T12:59:45+05:30
TORNTPOWER,1272.4,TOUCHED,-1.84,below,1249.0,1272.4,1280.7,1289.0,1272.4,1.296,95.9,0.031,0,2026-08-18,2026-08-19,False,False,5.0,2026-08-19T12:59:45+05:30
HDBFS,687.92,TOUCHED,-0.57,below,684.0,687.92,691.33,694.74,687.92,0.986,96.1,0.023,0,2026-08-18,2026-08-19,False,False,5.0,2026-08-19T12:59:45+05:30
PPLPHARMA,207.41,TOUCHED,0.54,inside,208.54,207.41,207.41,208.97,205.85,1.504,96.2,0.044,0,2026-08-18,2026-08-19,False,False,5.0,2026-08-19T12:59:45+05:30
JYOTICNC,920.79,TOUCHED,2.63,above,945.0,920.79,912.38,920.79,903.98,1.843,96.4,0.027,0,2026-08-18,2026-08-19,False,False,5.0,2026-08-19T12:59:45+05:30
ADANIPORTS,1691.02,V+N,-1.04,below,1673.4,1691.02,1691.03,1691.05,1691.02,0.002,1.6,0.02,1,2026-08-17,2026-08-19,True,True,5.0,2026-08-19T13:46:29+05:30
LEMONTREE,109.0,V+N,-0.71,below,108.23,109.0,109.01,109.01,109.0,0.009,1.9,0.023,1,2026-08-18,2026-08-19,True,True,5.0,2026-08-19T13:46:29+05:30
COROMANDEL,2097.65,V+N,-2.41,below,2047.0,2097.65,2097.73,2097.82,2097.65,0.008,2.2,0.035,1,2026-08-17,2026-08-19,True,True,5.0,2026-08-19T13:46:29+05:30
RAILTEL,280.02,V+N,2.67,above,287.5,280.02,280.0,280.02,279.98,0.018,2.5,0.042,1,2026-08-17,2026-08-19,True,True,5.0,2026-08-19T13:46:29+05:30
ESCORTS,3134.05,V+N,-2.74,below,3048.3,3134.05,3134.5,3134.95,3134.05,0.029,2.7,0.041,1,2026-08-17,2026-08-19,True,True,5.0,2026-08-19T13:46:29+05:30
BIKAJI,613.68,V+N,-0.54,below,610.4,613.68,613.72,613.75,613.68,0.011,3.0,0.018,1,2026-08-17,2026-08-19,True,True,5.0,2026-08-19T13:46:29+05:30
MANKIND,2379.72,V+N,0.35,above,2388.1,2379.72,2379.43,2379.72,2379.15,0.024,3.3,0.038,1,2026-08-18,2026-08-19,True,True,5.0,2026-08-19T13:46:29+05:30
ABBOTINDIA,26900.0,V+N,-1.93,below,26380.0,26900.0,26901.67,26903.33,26900.0,0.012,3.6,0.034,1,2026-08-17,2026-08-19,True,True,5.0,2026-08-19T13:46:29+05:30
CGPOWER,894.3,V+N,-2.62,below,870.85,894.3,894.4,894.5,894.3,0.022,3.8,0.035,1,2026-08-18,2026-08-19,True,True,5.0,2026-08-19T13:46:29+05:30
GALLANTT,583.11,V+N,-0.76,below,578.65,583.11,583.27,583.43,583.11,0.054,4.7,0.062,1,2026-08-17,2026-08-19,True,True,5.0,2026-08-19T13:46:29+05:30
LGEINDIA,1680.58,V+W,-2.49,below,1638.7,1680.58,1693.57,1706.55,1680.58,1.533,97.6,0.01,1,2026-08-17,2026-08-19,True,False,5.0,2026-08-19T13:46:29+05:30
RRKABEL,2750.95,V,3.08,above,2835.6,2750.95,2750.17,2750.95,2749.38,0.057,5.5,0.045,1,2026-08-17,2026-08-19,True,False,5.0,2026-08-19T13:46:29+05:30
ZFCVINDIA,2623.13,V,0.46,above,2635.1,2623.13,2622.57,2623.13,2622.0,0.043,5.5,0.038,1,2026-08-17,2026-08-19,True,False,5.0,2026-08-19T13:46:29+05:30
NATIONALUM,388.11,V,-0.99,below,384.25,388.11,388.22,388.32,388.11,0.056,6.8,0.04,1,2026-08-18,2026-08-19,True,False,5.0,2026-08-19T13:46:29+05:30
NMDC,84.21,V,-1.28,below,83.13,84.21,84.23,84.26,84.21,0.051,7.9,0.028,1,2026-08-18,2026-08-19,True,False,5.0,2026-08-19T13:46:29+05:30
ITCHOTELS,166.17,V,-1.21,below,164.16,166.17,166.23,166.3,166.17,0.078,9.6,0.038,1,2026-08-17,2026-08-19,True,False,5.0,2026-08-19T13:46:29+05:30
SPLPETRO,722.42,V,-2.56,below,703.9,722.42,722.77,723.11,722.42,0.095,11.0,0.039,1,2026-08-17,2026-08-19,True,False,5.0,2026-08-19T13:46:29+05:30
ICICIPRULI,507.17,V,-1.26,below,500.8,507.17,507.33,507.5,507.17,0.066,13.2,0.023,1,2026-08-17,2026-08-19,True,False,5.0,2026-08-19T13:46:29+05:30
BERGEPAINT,548.62,V,-1.92,below,538.1,548.62,548.87,549.11,548.62,0.088,13.4,0.013,1,2026-08-17,2026-08-19,True,False,5.0,2026-08-19T13:46:29+05:30
KPITTECH,609.38,V,-3.06,below,590.7,609.38,609.75,610.12,609.38,0.123,14.8,0.044,1,2026-08-17,2026-08-19,True,False,5.0,2026-08-19T13:46:29+05:30
SIEMENS,3958.82,V,-1.2,below,3911.3,3958.82,3960.63,3962.45,3958.82,0.092,15.1,0.02,1,2026-08-18,2026-08-19,True,False,5.0,2026-08-19T13:46:29+05:30
CYIENT,859.82,V,4.31,above,896.9,859.82,859.4,859.82,858.97,0.099,15.9,0.024,1,2026-08-18,2026-08-19,True,False,5.0,2026-08-19T13:46:29+05:30
PIIND,2475.65,V,1.31,above,2508.2,2475.65,2474.43,2475.65,2473.22,0.098,17.0,0.03,1,2026-08-17,2026-08-19,True,False,5.0,2026-08-19T13:46:29+05:30
TATASTEEL,185.57,V,-0.62,below,184.42,185.57,185.65,185.72,185.57,0.079,17.3,0.019,1,2026-08-18,2026-08-19,True,False,5.0,2026-08-19T13:46:29+05:30
SJVN,66.6,V,-0.76,below,66.1,66.6,66.65,66.69,66.6,0.13,18.6,0.027,1,2026-08-17,2026-08-19,True,False,5.0,2026-08-19T13:46:29+05:30
POWERINDIA,35313.33,V,-4.6,below,33690.0,35313.33,35351.67,35390.0,35313.33,0.217,18.9,0.055,1,2026-08-18,2026-08-19,True,False,5.0,2026-08-19T13:46:29+05:30
ARE&M,943.78,V,-1.71,below,927.65,943.78,944.42,945.06,943.78,0.136,20.0,0.024,1,2026-08-17,2026-08-19,True,False,5.0,2026-08-19T13:46:29+05:30
MANAPPURAM,346.85,V,-2.61,below,337.8,346.85,347.1,347.35,346.85,0.144,20.3,0.027,1,2026-08-18,2026-08-19,True,False,5.0,2026-08-19T13:46:29+05:30
ONESOURCE,1553.25,V,-1.59,below,1528.6,1553.25,1554.9,1556.55,1553.25,0.212,20.8,0.052,1,2026-08-17,2026-08-19,True,False,5.0,2026-08-19T13:46:29+05:30
CREDITACC,1540.13,V,-0.98,below,1525.0,1540.13,1541.67,1543.2,1540.13,0.199,21.6,0.035,1,2026-08-17,2026-08-19,True,False,5.0,2026-08-19T13:46:29+05:30
MUTHOOTFIN,2896.75,V,-1.2,below,2862.0,2896.75,2899.4,2902.05,2896.75,0.183,22.2,0.04,1,2026-08-18,2026-08-19,True,False,5.0,2026-08-19T13:46:29+05:30
DELHIVERY,452.16,V,-0.91,below,448.05,452.16,452.52,452.88,452.16,0.158,22.5,0.019,1,2026-08-18,2026-08-19,True,False,5.0,2026-08-19T13:46:29+05:30
COFORGE,1778.6,V,1.92,above,1812.7,1778.6,1776.73,1778.6,1774.87,0.21,23.0,0.032,1,2026-08-18,2026-08-19,True,False,5.0,2026-08-19T13:46:29+05:30
ENDURANCE,2975.05,V,0.7,above,2996.0,2975.05,2971.9,2975.05,2968.75,0.212,23.3,0.044,1,2026-08-17,2026-08-19,True,False,5.0,2026-08-19T13:46:29+05:30
ITI,276.96,V,1.77,above,281.85,276.96,276.67,276.96,276.38,0.211,23.3,0.035,1,2026-08-17,2026-08-19,True,False,5.0,2026-08-19T13:46:29+05:30
KAJARIACER,1248.2,V,-3.24,below,1207.8,1248.2,1249.33,1250.47,1248.2,0.181,23.3,0.028,1,2026-08-17,2026-08-19,True,False,5.0,2026-08-19T13:46:29+05:30
RPOWER,22.49,V,-2.74,below,21.87,22.49,22.52,22.56,22.49,0.311,23.3,0.076,1,2026-08-18,2026-08-19,True,False,5.0,2026-08-19T13:46:29+05:30
DABUR,403.82,V,-0.9,below,400.2,403.82,404.13,404.45,403.82,0.157,24.4,0.033,1,2026-08-18,2026-08-19,True,False,5.0,2026-08-19T13:46:29+05:30
AMBUJACEM,412.73,V,-1.51,below,406.5,412.73,413.07,413.4,412.73,0.161,26.0,0.035,1,2026-08-18,2026-08-19,True,False,5.0,2026-08-19T13:46:29+05:30
ANURAS,1209.5,V,1.33,above,1225.6,1209.5,1208.5,1209.5,1207.5,0.165,26.6,0.025,1,2026-08-18,2026-08-19,True,False,5.0,2026-08-19T13:46:29+05:30
TITAGARH,824.65,V,1.44,above,836.5,824.65,823.42,824.65,822.18,0.3,29.9,0.051,1,2026-08-17,2026-08-19,True,False,5.0,2026-08-19T13:46:29+05:30
GESHIP,1301.12,V,0.82,above,1311.8,1301.12,1299.33,1301.12,1297.55,0.275,30.1,0.037,1,2026-08-18,2026-08-19,True,False,5.0,2026-08-19T13:46:29+05:30
NIVABUPA,82.92,V,1.36,above,84.05,82.92,82.85,82.92,82.78,0.173,30.1,0.018,1,2026-08-17,2026-08-19,True,False,5.0,2026-08-19T13:46:29+05:30
BLUEJET,591.99,V,0.59,above,595.5,591.99,590.78,591.99,589.58,0.409,30.7,0.042,1,2026-08-17,2026-08-19,True,False,5.0,2026-08-19T13:46:29+05:30
SAMMAANCAP,149.98,V,2.81,above,154.2,149.98,149.73,149.98,149.47,0.336,31.5,0.041,1,2026-08-18,2026-08-19,True,False,5.0,2026-08-19T13:46:29+05:30
MEDANTA,1420.25,V,0.68,above,1429.9,1420.25,1418.53,1420.25,1416.82,0.242,32.3,0.028,1,2026-08-17,2026-08-19,True,False,5.0,2026-08-19T13:46:29+05:30
HINDALCO,1042.5,V,-0.94,below,1032.65,1042.5,1043.4,1044.3,1042.5,0.173,32.9,0.011,1,2026-08-18,2026-08-19,True,False,5.0,2026-08-19T13:46:29+05:30
JBMA,622.26,V,-0.39,below,619.85,622.26,623.17,624.08,622.26,0.292,32.9,0.032,1,2026-08-17,2026-08-19,True,False,5.0,2026-08-19T13:46:29+05:30
CRAFTSMAN,10466.0,V,3.46,above,10828.0,10466.0,10452.0,10466.0,10438.0,0.268,33.2,0.057,1,2026-08-17,2026-08-19,True,False,5.0,2026-08-19T13:46:29+05:30
TRAVELFOOD,1360.18,V,-2.41,below,1327.4,1360.18,1362.17,1364.15,1360.18,0.291,33.8,0.032,1,2026-08-17,2026-08-19,True,False,5.0,2026-08-19T13:46:29+05:30
DIVISLAB,8506.75,V,0.25,above,8528.0,8506.75,8498.33,8506.75,8489.92,0.198,35.3,0.021,1,2026-08-17,2026-08-19,True,False,5.0,2026-08-19T13:46:29+05:30
WELCORP,1914.22,V,2.76,above,1967.0,1914.22,1911.33,1914.22,1908.45,0.302,35.3,0.053,1,2026-08-18,2026-08-19,True,False,5.0,2026-08-19T13:46:29+05:30
KEI,5796.95,V,-1.93,below,5685.3,5796.95,5803.9,5810.85,5796.95,0.239,35.6,0.026,1,2026-08-18,2026-08-19,True,False,5.0,2026-08-19T13:46:29+05:30
FEDERALBNK,353.75,V,1.3,above,358.35,353.75,353.4,353.75,353.05,0.198,35.9,0.026,1,2026-08-17,2026-08-19,True,False,5.0,2026-08-19T13:46:29+05:30
SCHAEFFLER,4044.95,V,1.48,above,4104.7,4044.95,4039.6,4044.95,4034.25,0.265,37.0,0.035,1,2026-08-17,2026-08-19,True,False,5.0,2026-08-19T13:46:29+05:30
NUVOCO,329.45,V,-3.11,below,319.2,329.45,330.0,330.55,329.45,0.333,39.5,0.042,1,2026-08-17,2026-08-19,True,False,5.0,2026-08-19T13:46:29+05:30
BAJAJFINSV,2007.57,V,-0.57,below,1996.1,2007.57,2010.13,2012.7,2007.57,0.255,40.3,0.02,1,2026-08-17,2026-08-19,True,False,5.0,2026-08-19T13:46:29+05:30
GLENMARK,2318.5,V,-3.86,below,2229.1,2318.5,2322.0,2325.5,2318.5,0.301,40.5,0.035,1,2026-08-17,2026-08-19,True,False,5.0,2026-08-19T13:46:29+05:30
GILLETTE,7579.83,V,-0.93,below,7509.0,7579.83,7590.17,7600.5,7579.83,0.272,40.8,0.029,1,2026-08-17,2026-08-19,True,False,5.0,2026-08-19T13:46:29+05:30
ATGL,650.4,V,3.17,above,671.0,650.4,649.37,650.4,648.33,0.318,41.6,0.031,1,2026-08-18,2026-08-19,True,False,5.0,2026-08-19T13:46:29+05:30
INDIGO,5282.83,V,-2.23,below,5165.0,5282.83,5290.17,5297.5,5282.83,0.277,42.2,0.024,1,2026-08-17,2026-08-19,True,False,5.0,2026-08-19T13:46:29+05:30
ABREL,1405.15,V,-0.68,below,1395.6,1405.15,1408.2,1411.25,1405.15,0.433,42.5,0.025,1,2026-08-17,2026-08-19,True,False,5.0,2026-08-19T13:46:29+05:30
BAJAJHLDNG,11399.33,V,-0.44,below,11349.0,11399.33,11419.67,11440.0,11399.33,0.356,43.6,0.025,1,2026-08-17,2026-08-19,True,False,5.0,2026-08-19T13:46:29+05:30
UCOBANK,25.99,V,-1.08,below,25.71,25.99,26.03,26.07,25.99,0.307,43.6,0.013,1,2026-08-17,2026-08-19,True,False,5.0,2026-08-19T13:46:29+05:30
GICRE,354.97,V,1.21,above,359.25,354.97,354.43,354.97,353.9,0.301,44.4,0.032,1,2026-08-17,2026-08-19,True,False,5.0,2026-08-19T13:46:29+05:30
SARDAEN,522.36,V,-1.92,below,512.35,522.36,523.57,524.78,522.36,0.462,44.7,0.028,1,2026-08-17,2026-08-19,True,False,5.0,2026-08-19T13:46:29+05:30
TENNIND,547.09,V,1.78,above,556.85,547.09,545.73,547.09,544.38,0.498,44.9,0.018,1,2026-08-17,2026-08-19,True,False,5.0,2026-08-19T13:46:29+05:30
CENTRALBK,31.07,V,-0.46,below,30.93,31.07,31.13,31.18,31.07,0.343,45.2,0.038,1,2026-08-18,2026-08-19,True,False,5.0,2026-08-19T13:46:29+05:30
VOLTAS,1255.1,V,-2.61,below,1222.4,1255.1,1257.3,1259.5,1255.1,0.35,45.2,0.038,1,2026-08-18,2026-08-19,True,False,5.0,2026-08-19T13:46:29+05:30
ABB,7671.17,V,-2.88,below,7450.5,7671.17,7682.33,7693.5,7671.17,0.291,46.0,0.023,1,2026-08-17,2026-08-19,True,False,5.0,2026-08-19T13:46:29+05:30
APLAPOLLO,2091.65,V,0.71,above,2106.5,2091.65,2088.2,2091.65,2084.75,0.33,49.6,0.017,1,2026-08-17,2026-08-19,True,False,5.0,2026-08-19T13:46:29+05:30
IEX,124.63,V,-0.88,below,123.54,124.63,124.86,125.08,124.63,0.355,49.9,0.028,1,2026-08-17,2026-08-19,True,False,5.0,2026-08-19T13:46:29+05:30
BALKRISIND,2393.35,V,-0.42,below,2383.2,2393.35,2397.97,2402.58,2393.35,0.385,53.4,0.027,1,2026-08-17,2026-08-19,True,False,5.0,2026-08-19T13:46:29+05:30
TORNTPHARM,4892.17,V,1.86,above,4983.0,4892.17,4884.33,4892.17,4876.5,0.321,53.4,0.025,1,2026-08-17,2026-08-19,True,False,5.0,2026-08-19T13:46:29+05:30
JIOFIN,246.32,V,-1.16,below,243.45,246.32,246.83,247.35,246.32,0.419,55.3,0.022,1,2026-08-18,2026-08-19,True,False,5.0,2026-08-19T13:46:29+05:30
JSWENERGY,549.45,V,-1.14,below,543.2,549.45,550.8,552.15,549.45,0.49,55.9,0.021,1,2026-08-18,2026-08-19,True,False,5.0,2026-08-19T13:46:29+05:30
TATACAP,361.3,V,1.36,above,366.2,361.3,360.62,361.3,359.93,0.379,55.9,0.016,1,2026-08-17,2026-08-19,True,False,5.0,2026-08-19T13:46:29+05:30
IGL,150.34,V,2.27,above,153.76,150.34,150.02,150.34,149.71,0.422,56.4,0.047,1,2026-08-18,2026-08-19,True,False,5.0,2026-08-19T13:46:29+05:30
MGL,1118.87,V,1.51,above,1135.8,1118.87,1116.28,1118.87,1113.69,0.464,56.4,0.034,1,2026-08-17,2026-08-19,True,False,5.0,2026-08-19T13:46:29+05:30
HFCL,221.9,V,1.75,above,225.79,221.9,221.1,221.9,220.3,0.724,56.7,0.028,1,2026-08-17,2026-08-19,True,False,5.0,2026-08-19T13:46:29+05:30
POLYCAB,9159.08,V,-0.68,below,9097.0,9159.08,9179.17,9199.25,9159.08,0.438,57.5,0.035,1,2026-08-18,2026-08-19,True,False,5.0,2026-08-19T13:46:29+05:30
NBCC,88.27,V,-1.12,below,87.28,88.27,88.54,88.81,88.27,0.614,58.1,0.044,1,2026-08-18,2026-08-19,True,False,5.0,2026-08-19T13:46:29+05:30
CANBK,129.42,V,-0.55,below,128.7,129.42,129.73,130.05,129.42,0.488,58.6,0.023,1,2026-08-18,2026-08-19,True,False,5.0,2026-08-19T13:46:29+05:30
CHENNPETRO,1419.7,V,1.58,above,1442.1,1419.7,1414.47,1419.7,1409.23,0.74,58.6,0.026,1,2026-08-18,2026-08-19,True,False,5.0,2026-08-19T13:46:29+05:30
OLAELEC,38.77,V,-2.64,below,37.74,38.77,38.92,39.08,38.77,0.797,59.7,0.073,1,2026-08-18,2026-08-19,True,False,5.0,2026-08-19T13:46:29+05:30
CLEAN,832.98,V,-1.53,below,820.25,832.98,835.32,837.66,832.98,0.561,60.0,0.026,1,2026-08-17,2026-08-19,True,False,5.0,2026-08-19T13:46:29+05:30
APOLLOTYRE,437.72,V,-1.93,below,429.25,437.72,438.73,439.75,437.72,0.463,60.3,0.04,1,2026-08-17,2026-08-19,True,False,5.0,2026-08-19T13:46:29+05:30
BHEL,426.27,V,-1.99,below,417.8,426.27,427.55,428.82,426.27,0.596,62.2,0.051,1,2026-08-18,2026-08-19,True,False,5.0,2026-08-19T13:46:29+05:30
PETRONET,285.62,V,0.38,above,286.7,285.62,285.0,285.62,284.38,0.439,62.2,0.025,1,2026-08-18,2026-08-19,True,False,5.0,2026-08-19T13:46:29+05:30
SUZLON,47.92,V,-1.49,below,47.21,47.92,48.07,48.21,47.92,0.596,63.6,0.037,1,2026-08-18,2026-08-19,True,False,5.0,2026-08-19T13:46:29+05:30
TATAINVEST,656.23,V,-0.65,below,652.0,656.23,657.92,659.6,656.23,0.512,64.9,0.023,1,2026-08-17,2026-08-19,True,False,5.0,2026-08-19T13:46:29+05:30
JAINREC,298.0,V,-2.08,below,291.8,298.0,299.3,300.6,298.0,0.869,65.0,0.06,1,2026-08-17,2026-08-19,True,False,5.0,2026-08-19T13:46:29+05:30
RAMCOCEM,915.62,V,-0.57,below,910.45,915.62,917.95,920.27,915.62,0.507,65.5,0.045,1,2026-08-17,2026-08-19,True,False,5.0,2026-08-19T13:46:29+05:30
BANDHANBNK,171.04,V,-0.8,below,169.67,171.04,171.57,172.11,171.04,0.624,66.0,0.026,1,2026-08-18,2026-08-19,True,False,5.0,2026-08-19T13:46:29+05:30
BHARTIHEXA,1627.1,V,-2.41,below,1587.9,1627.1,1631.73,1636.37,1627.1,0.568,66.0,0.038,1,2026-08-17,2026-08-19,True,False,5.0,2026-08-19T13:46:29+05:30
PCBL,325.57,V,1.19,above,329.45,325.57,324.6,325.57,323.62,0.601,66.3,0.057,1,2026-08-18,2026-08-19,True,False,5.0,2026-08-19T13:46:29+05:30
ABLBL,89.02,V,-1.75,below,87.46,89.02,89.32,89.62,89.02,0.675,67.2,0.055,1,2026-08-18,2026-08-19,True,False,5.0,2026-08-19T13:46:29+05:30
GVT&D,4212.67,V,-1.97,below,4129.6,4212.67,4230.33,4248.0,4212.67,0.835,67.9,0.025,1,2026-08-18,2026-08-19,True,False,5.0,2026-08-19T13:46:29+05:30
BOSCHLTD,47300.0,V,2.49,above,48480.0,47300.0,47190.0,47300.0,47080.0,0.466,68.5,0.029,1,2026-08-17,2026-08-19,True,False,5.0,2026-08-19T13:46:29+05:30
JUBLFOOD,507.2,V,-1.98,below,497.15,507.2,508.63,510.07,507.2,0.564,68.8,0.018,1,2026-08-17,2026-08-19,True,False,5.0,2026-08-19T13:46:29+05:30
PTCIL,19861.0,V,-2.34,below,19396.0,19861.0,19931.0,20001.0,19861.0,0.702,69.0,0.025,1,2026-08-18,2026-08-19,True,False,5.0,2026-08-19T13:46:29+05:30
INDUSTOWER,373.48,V,-0.93,below,370.0,373.48,374.57,375.65,373.48,0.578,71.0,0.022,1,2026-08-18,2026-08-19,True,False,5.0,2026-08-19T13:46:29+05:30
THERMAX,4093.87,V,-1.35,below,4038.8,4093.87,4107.83,4121.8,4093.87,0.68,72.9,0.022,1,2026-08-18,2026-08-19,True,False,5.0,2026-08-19T13:46:29+05:30
LUPIN,2243.15,V,-1.2,below,2216.3,2243.15,2248.43,2253.72,2243.15,0.47,73.4,0.028,1,2026-08-17,2026-08-19,True,False,5.0,2026-08-19T13:46:29+05:30
REDINGTON,334.32,V,-1.25,below,330.15,334.32,335.83,337.35,334.32,0.903,74.5,0.038,1,2026-08-17,2026-08-19,True,False,5.0,2026-08-19T13:46:29+05:30
COALINDIA,407.84,V,-2.02,below,399.6,407.84,408.78,409.73,407.84,0.461,74.8,0.023,1,2026-08-18,2026-08-19,True,False,5.0,2026-08-19T13:46:29+05:30
CESC,162.57,V,-2.33,below,158.79,162.57,163.17,163.76,162.57,0.727,77.0,0.037,1,2026-08-18,2026-08-19,True,False,5.0,2026-08-19T13:46:29+05:30
IFCI,80.93,V,1.86,above,82.44,80.93,80.51,80.93,80.08,1.06,77.3,0.1,1,2026-08-18,2026-08-19,True,False,5.0,2026-08-19T13:46:29+05:30
ULTRACEMCO,11528.17,V,-0.76,below,11441.0,11528.17,11557.33,11586.5,11528.17,0.505,77.5,0.027,1,2026-08-18,2026-08-19,True,False,5.0,2026-08-19T13:46:29+05:30
LATENTVIEW,282.79,V,-2.95,below,274.45,282.79,283.98,285.18,282.79,0.839,77.8,0.035,1,2026-08-18,2026-08-19,True,False,5.0,2026-08-19T13:46:29+05:30
SBIN,1055.45,V,-0.73,below,1047.7,1055.45,1057.9,1060.35,1055.45,0.463,78.6,0.011,1,2026-08-18,2026-08-19,True,False,5.0,2026-08-19T13:46:29+05:30
CEATLTD,3623.12,V,-2.07,below,3548.0,3623.12,3637.73,3652.35,3623.12,0.804,78.9,0.033,1,2026-08-17,2026-08-19,True,False,5.0,2026-08-19T13:46:29+05:30
SCI,294.09,V,0.26,above,294.85,294.09,292.43,294.09,290.78,1.134,80.8,0.045,1,2026-08-18,2026-08-19,True,False,5.0,2026-08-19T13:46:29+05:30
BLUESTARCO,1499.57,V,-0.04,below,1499.0,1499.57,1506.13,1512.7,1499.57,0.872,81.1,0.046,1,2026-08-18,2026-08-19,True,False,5.0,2026-08-19T13:46:29+05:30
BLS,273.92,V,-1.14,below,270.8,273.92,275.29,276.65,273.92,0.99,81.6,0.032,1,2026-08-17,2026-08-19,True,False,5.0,2026-08-19T13:46:29+05:30
TATAELXSI,3677.17,V,-0.79,below,3648.0,3677.17,3692.33,3707.5,3677.17,0.822,82.5,0.034,1,2026-08-18,2026-08-19,True,False,5.0,2026-08-19T13:46:29+05:30
THELEELA,516.98,V,3.21,above,533.55,516.98,514.8,516.98,512.62,0.845,82.5,0.03,1,2026-08-18,2026-08-19,True,False,5.0,2026-08-19T13:46:29+05:30
JSL,735.63,V,-1.42,below,725.2,735.63,738.87,742.1,735.63,0.875,82.7,0.041,1,2026-08-18,2026-08-19,True,False,5.0,2026-08-19T13:46:29+05:30
VEDL,265.08,V,-1.24,below,261.8,265.08,266.17,267.25,265.08,0.814,83.0,0.028,1,2026-08-18,2026-08-19,True,False,5.0,2026-08-19T13:46:29+05:30
CAPLIPOINT,2509.92,V,2.1,above,2562.7,2509.92,2497.83,2509.92,2485.75,0.968,83.3,0.032,1,2026-08-17,2026-08-19,True,False,5.0,2026-08-19T13:46:29+05:30
POLYMED,1761.0,V,0.69,above,1773.1,1761.0,1751.87,1761.0,1742.73,1.043,83.3,0.047,1,2026-08-17,2026-08-19,True,False,5.0,2026-08-19T13:46:29+05:30
NSLNISP,40.69,V,-1.0,below,40.28,40.69,40.88,41.08,40.69,0.962,83.6,0.04,1,2026-08-18,2026-08-19,True,False,5.0,2026-08-19T13:46:29+05:30
AADHARHFC,489.8,V,-2.1,below,479.5,489.8,491.95,494.1,489.8,0.874,85.8,0.025,1,2026-08-17,2026-08-19,True,False,5.0,2026-08-19T13:46:29+05:30
CUMMINSIND,5372.33,V,-2.18,below,5255.0,5372.33,5394.67,5417.0,5372.33,0.828,85.8,0.018,1,2026-08-18,2026-08-19,True,False,5.0,2026-08-19T13:46:29+05:30
MARICO,854.6,V,-0.49,below,850.45,854.6,857.15,859.7,854.6,0.595,86.0,0.018,1,2026-08-17,2026-08-19,True,False,5.0,2026-08-19T13:46:29+05:30
NIACL,182.69,V,1.01,above,184.53,182.69,181.75,182.69,180.8,1.042,87.4,0.032,1,2026-08-17,2026-08-19,True,False,5.0,2026-08-19T13:46:29+05:30
PIDILITIND,1673.88,V,-0.97,below,1657.6,1673.88,1678.77,1683.65,1673.88,0.582,87.7,0.026,1,2026-08-17,2026-08-19,True,False,5.0,2026-08-19T13:46:29+05:30
CONCORDBIO,1505.52,V,3.87,above,1563.8,1505.52,1496.03,1505.52,1486.55,1.268,89.0,0.022,1,2026-08-17,2026-08-19,True,False,5.0,2026-08-19T13:46:29+05:30
INOXWIND,75.45,V,-1.78,below,74.1,75.45,75.94,76.44,75.45,1.308,91.2,0.041,1,2026-08-18,2026-08-19,True,False,5.0,2026-08-19T13:46:29+05:30
TMPV,324.28,V,-0.35,below,323.15,324.28,325.77,327.25,324.28,0.911,91.8,0.02,1,2026-08-18,2026-08-19,True,False,5.0,2026-08-19T13:46:29+05:30
CUB,213.67,V,3.11,above,220.32,213.67,212.14,213.67,210.6,1.444,95.1,0.034,1,2026-08-17,2026-08-19,True,False,5.0,2026-08-19T13:46:29+05:30
BBTC,1463.5,NARROW,-1.33,below,1444.0,1463.5,1463.53,1463.57,1463.5,0.005,1.4,0.03,0,2026-08-17,2026-08-19,False,True,5.0,2026-08-19T13:46:29+05:30
SAPPHIRE,231.99,NARROW,0.73,above,233.68,231.99,231.98,231.99,231.97,0.004,1.4,0.05,0,2026-08-18,2026-08-19,False,True,5.0,2026-08-19T13:46:29+05:30
MAZDOCK,2587.05,NARROW,-1.23,below,2555.1,2587.05,2587.1,2587.15,2587.05,0.004,1.9,0.042,0,2026-08-18,2026-08-19,False,True,5.0,2026-08-19T13:46:29+05:30
SRF,2615.85,NARROW,-1.64,below,2573.0,2615.85,2615.9,2615.95,2615.85,0.004,1.9,0.027,0,2026-08-17,2026-08-19,False,True,5.0,2026-08-19T13:46:29+05:30
AAVAS,1389.85,NARROW,-1.03,below,1375.6,1389.85,1389.9,1389.95,1389.85,0.007,2.2,0.026,0,2026-08-17,2026-08-19,False,True,5.0,2026-08-19T13:46:29+05:30
LICHSGFIN,498.82,NARROW,-0.03,below,498.65,498.82,498.83,498.85,498.82,0.007,2.2,0.018,0,2026-08-18,2026-08-19,False,True,5.0,2026-08-19T13:46:29+05:30
ABDL,612.68,NARROW,-1.74,below,602.05,612.68,612.77,612.85,612.68,0.027,2.5,0.075,0,2026-08-18,2026-08-19,False,True,5.0,2026-08-19T13:46:29+05:30
IIFL,630.02,NARROW,0.58,above,633.7,630.02,629.98,630.02,629.95,0.011,2.7,0.026,0,2026-08-17,2026-08-19,False,True,5.0,2026-08-19T13:46:29+05:30
MMTC,63.51,NARROW,-1.23,below,62.73,63.51,63.52,63.53,63.51,0.031,3.0,0.051,0,2026-08-18,2026-08-19,False,True,5.0,2026-08-19T13:46:29+05:30
BATAINDIA,727.91,NARROW,-1.33,below,718.2,727.91,727.97,728.04,727.91,0.018,3.6,0.022,0,2026-08-18,2026-08-19,False,True,5.0,2026-08-19T13:46:29+05:30
SIGNATURE,801.03,NARROW,-0.88,below,794.0,801.03,801.12,801.2,801.03,0.021,3.6,0.028,0,2026-08-18,2026-08-19,False,True,5.0,2026-08-19T13:46:29+05:30
HBLENGINE,674.69,NARROW,-0.36,below,672.25,674.69,674.78,674.88,674.69,0.027,3.8,0.035,0,2026-08-17,2026-08-19,False,True,5.0,2026-08-19T13:46:29+05:30
KPIL,1402.75,NARROW,-1.29,below,1384.7,1402.75,1403.0,1403.25,1402.75,0.036,3.8,0.041,0,2026-08-18,2026-08-19,False,True,5.0,2026-08-19T13:46:29+05:30
NLCINDIA,276.5,NARROW,-2.26,below,270.25,276.5,276.55,276.6,276.5,0.036,4.1,0.048,0,2026-08-18,2026-08-19,False,True,5.0,2026-08-19T13:46:29+05:30
HINDCOPPER,566.12,NARROW,-1.47,below,557.8,566.12,566.2,566.27,566.12,0.026,4.4,0.031,0,2026-08-18,2026-08-19,False,True,5.0,2026-08-19T13:46:29+05:30
DEEPAKNTR,1770.75,NARROW,0.3,above,1776.1,1770.75,1770.5,1770.75,1770.25,0.028,4.9,0.029,0,2026-08-18,2026-08-19,False,True,5.0,2026-08-19T13:46:29+05:30
ACE,1174.03,WIDE,0.78,above,1183.2,1174.03,1163.27,1174.03,1152.5,1.851,98.1,0.049,0,2026-08-18,2026-08-19,False,False,5.0,2026-08-19T13:46:29+05:30
GLAXO,2853.28,WIDE,5.24,above,3002.9,2853.28,2829.17,2853.28,2805.05,1.705,98.1,0.026,0,2026-08-18,2026-08-19,False,False,5.0,2026-08-19T13:46:29+05:30
SBICARD,624.02,WIDE,-0.58,inside,620.4,624.02,624.02,628.53,619.51,1.445,98.1,0.029,0,2026-08-18,2026-08-19,False,False,5.0,2026-08-19T13:46:29+05:30
TIINDIA,2930.13,WIDE,1.2,above,2965.3,2930.13,2901.27,2930.13,2872.4,1.99,98.6,0.038,0,2026-08-18,2026-08-19,False,False,5.0,2026-08-19T13:46:29+05:30
GPIL,245.57,WIDE,0.83,inside,247.6,245.57,245.57,248.2,242.95,2.136,98.9,0.023,0,2026-08-17,2026-08-19,False,False,5.0,2026-08-19T13:46:29+05:30
LTF,319.48,WIDE,-0.62,inside,317.5,319.48,319.48,322.29,316.67,1.758,99.2,0.03,0,2026-08-18,2026-08-19,False,False,5.0,2026-08-19T13:46:29+05:30
OBEROIRLTY,1875.12,WIDE,-0.11,below,1873.1,1875.12,1892.23,1909.35,1875.12,1.809,99.5,0.044,0,2026-08-18,2026-08-19,False,False,5.0,2026-08-19T13:46:29+05:30
HUDCO,187.97,TOUCHED,0.76,above,189.41,187.97,187.94,187.97,187.9,0.039,5.8,0.035,0,2026-08-18,2026-08-19,False,False,5.0,2026-08-19T13:46:29+05:30
ICICIBANK,1411.45,TOUCHED,-1.16,below,1395.1,1411.45,1411.63,1411.82,1411.45,0.026,5.8,0.023,0,2026-08-18,2026-08-19,False,False,5.0,2026-08-19T13:46:29+05:30
LAURUSLABS,1813.35,TOUCHED,-0.76,below,1799.5,1813.35,1813.57,1813.78,1813.35,0.024,5.8,0.018,0,2026-08-18,2026-08-19,False,False,5.0,2026-08-19T13:46:29+05:30
JSWCEMENT,127.23,TOUCHED,-1.91,below,124.79,127.23,127.25,127.28,127.23,0.045,6.0,0.036,0,2026-08-18,2026-08-19,False,False,5.0,2026-08-19T13:46:29+05:30
BAJFINANCE,1093.8,TOUCHED,-1.26,below,1080.0,1093.8,1093.97,1094.13,1093.8,0.03,6.6,0.025,0,2026-08-18,2026-08-19,False,False,5.0,2026-08-19T13:46:29+05:30
CHOLAHLDNG,1575.35,TOUCHED,-0.94,below,1560.5,1575.35,1575.7,1576.05,1575.35,0.044,6.6,0.026,0,2026-08-17,2026-08-19,False,False,5.0,2026-08-19T13:46:29+05:30
INDIACEM,376.23,TOUCHED,-1.46,below,370.75,376.23,376.32,376.4,376.23,0.044,6.6,0.035,0,2026-08-17,2026-08-19,False,False,5.0,2026-08-19T13:46:29+05:30
INDUSINDBK,1011.03,TOUCHED,0.02,inside,1011.2,1011.03,1011.03,1011.25,1010.82,0.043,6.8,0.031,0,2026-08-17,2026-08-19,False,False,5.0,2026-08-19T13:46:29+05:30
VBL,438.95,TOUCHED,-0.72,below,435.8,438.95,439.07,439.18,438.95,0.053,6.8,0.03,0,2026-08-18,2026-08-19,False,False,5.0,2026-08-19T13:46:29+05:30
ZEEL,105.22,TOUCHED,-2.03,below,103.09,105.22,105.26,105.29,105.22,0.06,6.8,0.045,0,2026-08-18,2026-08-19,False,False,5.0,2026-08-19T13:46:29+05:30
ANANTRAJ,628.58,TOUCHED,0.84,above,633.85,628.58,628.23,628.58,627.89,0.109,7.1,0.086,0,2026-08-17,2026-08-19,False,False,5.0,2026-08-19T13:46:29+05:30
JKTYRE,382.73,TOUCHED,-1.81,below,375.8,382.73,382.87,383.01,382.73,0.074,7.4,0.044,0,2026-08-18,2026-08-19,False,False,5.0,2026-08-19T13:46:29+05:30
JPPOWER,17.32,TOUCHED,-1.18,below,17.12,17.32,17.33,17.34,17.32,0.058,8.2,0.037,0,2026-08-18,2026-08-19,False,False,5.0,2026-08-19T13:46:29+05:30
WAAREEENER,2706.25,TOUCHED,-1.19,below,2674.0,2706.25,2707.2,2708.15,2706.25,0.07,9.0,0.043,0,2026-08-18,2026-08-19,False,False,5.0,2026-08-19T13:46:29+05:30
ONGC,239.55,TOUCHED,-0.65,below,238.0,239.55,239.61,239.66,239.55,0.045,9.3,0.028,0,2026-08-18,2026-08-19,False,False,5.0,2026-08-19T13:46:29+05:30
LT,4065.37,TOUCHED,-0.85,below,4031.0,4065.37,4066.43,4067.5,4065.37,0.052,9.9,0.024,0,2026-08-18,2026-08-19,False,False,5.0,2026-08-19T13:46:29+05:30
HAVELLS,1298.95,TOUCHED,-1.69,below,1277.0,1298.95,1299.2,1299.45,1298.95,0.038,10.1,0.019,0,2026-08-18,2026-08-19,False,False,5.0,2026-08-19T13:46:29+05:30
MRF,132971.67,TOUCHED,0.49,above,133620.0,132971.67,132928.33,132971.67,132885.0,0.065,10.4,0.034,0,2026-08-17,2026-08-19,False,False,5.0,2026-08-19T13:46:29+05:30
COHANCE,455.41,TOUCHED,-1.53,below,448.45,455.41,455.62,455.82,455.41,0.091,11.0,0.022,0,2026-08-18,2026-08-19,False,False,5.0,2026-08-19T13:46:29+05:30
GABRIEL,1444.07,TOUCHED,-0.04,inside,1443.5,1444.07,1444.07,1444.85,1443.28,0.108,11.2,0.033,0,2026-08-17,2026-08-19,False,False,5.0,2026-08-19T13:46:29+05:30
EMAMILTD,404.02,TOUCHED,-1.03,below,399.85,404.02,404.18,404.34,404.02,0.078,11.5,0.022,0,2026-08-17,2026-08-19,False,False,5.0,2026-08-19T13:46:29+05:30
POLICYBZR,1746.1,TOUCHED,2.49,above,1789.6,1746.1,1745.2,1746.1,1744.3,0.103,12.3,0.038,0,2026-08-18,2026-08-19,False,False,5.0,2026-08-19T13:46:29+05:30
TECHM,1592.65,TOUCHED,-0.85,below,1579.1,1592.65,1593.3,1593.95,1592.65,0.082,12.3,0.034,0,2026-08-18,2026-08-19,False,False,5.0,2026-08-19T13:46:29+05:30
LICI,410.48,TOUCHED,0.62,above,413.0,410.48,410.32,410.48,410.16,0.077,12.9,0.031,0,2026-08-18,2026-08-19,False,False,5.0,2026-08-19T13:46:29+05:30
STARHEALTH,583.95,TOUCHED,0.18,above,585.0,583.95,583.65,583.95,583.35,0.103,12.9,0.026,0,2026-08-17,2026-08-19,False,False,5.0,2026-08-19T13:46:29+05:30
BIOCON,416.9,TOUCHED,-0.86,below,413.3,416.9,417.1,417.3,416.9,0.096,13.4,0.032,0,2026-08-18,2026-08-19,False,False,5.0,2026-08-19T13:46:29+05:30
FIVESTAR,534.35,TOUCHED,-2.08,below,523.25,534.35,534.68,535.02,534.35,0.125,14.0,0.041,0,2026-08-18,2026-08-19,False,False,5.0,2026-08-19T13:46:29+05:30
INTELLECT,695.96,TOUCHED,-1.26,below,687.2,695.96,696.47,696.98,695.96,0.146,14.5,0.042,0,2026-08-17,2026-08-19,False,False,5.0,2026-08-19T13:46:29+05:30
OLECTRA,1325.02,TOUCHED,-0.75,below,1315.1,1325.02,1325.93,1326.85,1325.02,0.138,14.5,0.033,0,2026-08-18,2026-08-19,False,False,5.0,2026-08-19T13:46:29+05:30
ENGINERSIN,244.12,TOUCHED,-2.19,below,238.79,244.12,244.34,244.56,244.12,0.179,14.8,0.04,0,2026-08-18,2026-08-19,False,False,5.0,2026-08-19T13:46:29+05:30
MINDACORP,745.69,TOUCHED,-0.9,below,739.0,745.69,746.13,746.57,745.69,0.118,14.8,0.038,0,2026-08-18,2026-08-19,False,False,5.0,2026-08-19T13:46:29+05:30
CHOICEIN,804.88,TOUCHED,0.14,above,806.0,804.88,804.52,804.88,804.16,0.089,15.3,0.023,0,2026-08-17,2026-08-19,False,False,5.0,2026-08-19T13:46:29+05:30
GRASIM,3274.1,TOUCHED,-0.58,below,3255.1,3274.1,3275.63,3277.17,3274.1,0.094,15.3,0.017,0,2026-08-18,2026-08-19,False,False,5.0,2026-08-19T13:46:29+05:30
CARTRADE,2787.45,TOUCHED,-0.02,below,2786.8,2787.45,2790.6,2793.75,2787.45,0.226,15.6,0.061,0,2026-08-17,2026-08-19,False,False,5.0,2026-08-19T13:46:29+05:30
ICICIGI,1627.08,TOUCHED,-0.25,below,1623.0,1627.08,1627.87,1628.65,1627.08,0.096,15.6,0.022,0,2026-08-17,2026-08-19,False,False,5.0,2026-08-19T13:46:29+05:30
PFC,374.66,TOUCHED,-0.26,below,373.7,374.66,374.87,375.07,374.66,0.111,15.9,0.032,0,2026-08-18,2026-08-19,False,False,5.0,2026-08-19T13:46:29+05:30
SBILIFE,1779.5,TOUCHED,0.05,above,1780.4,1779.5,1779.0,1779.5,1778.5,0.056,15.9,0.015,0,2026-08-18,2026-08-19,False,False,5.0,2026-08-19T13:46:29+05:30
ASHOKLEY,176.04,TOUCHED,-0.88,below,174.5,176.04,176.15,176.25,176.04,0.115,16.2,0.027,0,2026-08-18,2026-08-19,False,False,5.0,2026-08-19T13:46:29+05:30
IRCON,123.71,TOUCHED,-0.62,below,122.95,123.71,123.81,123.9,123.71,0.151,16.2,0.042,0,2026-08-18,2026-08-19,False,False,5.0,2026-08-19T13:46:29+05:30
KIRLOSENG,2096.0,TOUCHED,-0.71,below,2081.1,2096.0,2097.87,2099.73,2096.0,0.178,16.4,0.035,0,2026-08-17,2026-08-19,False,False,5.0,2026-08-19T13:46:29+05:30
PARADEEP,147.67,TOUCHED,2.07,above,150.72,147.67,147.51,147.67,147.36,0.208,16.4,0.04,0,2026-08-18,2026-08-19,False,False,5.0,2026-08-19T13:46:29+05:30
BLUEDART,5116.75,TOUCHED,-0.95,below,5068.0,5116.75,5119.5,5122.25,5116.75,0.107,17.3,0.017,0,2026-08-17,2026-08-19,False,False,5.0,2026-08-19T13:46:29+05:30
NTPCGREEN,92.09,TOUCHED,0.4,above,92.46,92.09,92.04,92.09,91.99,0.109,17.5,0.015,0,2026-08-17,2026-08-19,False,False,5.0,2026-08-19T13:46:29+05:30
NHPC,76.59,TOUCHED,-0.83,below,75.96,76.59,76.64,76.69,76.59,0.117,18.1,0.035,0,2026-08-18,2026-08-19,False,False,5.0,2026-08-19T13:46:29+05:30
DEVYANI,143.31,TOUCHED,-0.27,below,142.92,143.31,143.42,143.54,143.31,0.158,18.4,0.04,0,2026-08-17,2026-08-19,False,False,5.0,2026-08-19T13:46:29+05:30
CROMPTON,244.65,TOUCHED,0.49,above,245.85,244.65,244.5,244.65,244.35,0.123,18.6,0.025,0,2026-08-18,2026-08-19,False,False,5.0,2026-08-19T13:46:29+05:30
SYRMA,1501.72,TOUCHED,-0.73,below,1490.7,1501.72,1503.33,1504.95,1501.72,0.215,18.6,0.045,0,2026-08-18,2026-08-19,False,False,5.0,2026-08-19T13:46:29+05:30
TARIL,296.61,TOUCHED,-1.55,below,292.0,296.61,296.92,297.22,296.61,0.208,18.9,0.054,0,2026-08-17,2026-08-19,False,False,5.0,2026-08-19T13:46:29+05:30
URBANCO,144.44,TOUCHED,1.61,above,146.76,144.44,144.28,144.44,144.12,0.219,18.9,0.045,0,2026-08-17,2026-08-19,False,False,5.0,2026-08-19T13:46:29+05:30
CIPLA,1431.73,TOUCHED,-0.88,below,1419.1,1431.73,1432.37,1433.0,1431.73,0.088,19.5,0.023,0,2026-08-18,2026-08-19,False,False,5.0,2026-08-19T13:46:29+05:30
AMBER,7330.0,TOUCHED,-0.74,below,7275.5,7330.0,7336.67,7343.33,7330.0,0.182,19.7,0.031,0,2026-08-18,2026-08-19,False,False,5.0,2026-08-19T13:46:29+05:30
DOMS,2213.55,TOUCHED,-0.5,below,2202.5,2213.55,2215.07,2216.58,2213.55,0.137,19.7,0.027,0,2026-08-17,2026-08-19,False,False,5.0,2026-08-19T13:46:29+05:30
CANFINHOME,815.98,TOUCHED,0.23,above,817.85,815.98,815.43,815.98,814.89,0.133,20.0,0.021,0,2026-08-17,2026-08-19,False,False,5.0,2026-08-19T13:46:29+05:30
SWIGGY,274.9,TOUCHED,0.55,above,276.4,274.9,274.6,274.9,274.3,0.218,20.0,0.045,0,2026-08-18,2026-08-19,False,False,5.0,2026-08-19T13:46:29+05:30
GROWW,194.56,TOUCHED,1.13,above,196.75,194.56,194.31,194.56,194.06,0.256,20.2,0.031,0,2026-08-18,2026-08-19,False,False,5.0,2026-08-19T13:46:29+05:30
BAJAJHFL,84.49,TOUCHED,0.66,above,85.04,84.49,84.44,84.49,84.4,0.099,20.8,0.024,0,2026-08-18,2026-08-19,False,False,5.0,2026-08-19T13:46:29+05:30
CEMPRO,1325.53,TOUCHED,-4.14,below,1270.7,1325.53,1327.07,1328.6,1325.53,0.231,21.1,0.053,0,2026-08-18,2026-08-19,False,False,5.0,2026-08-19T13:46:29+05:30
RELIANCE,1319.9,TOUCHED,-0.51,below,1313.2,1319.9,1320.6,1321.3,1319.9,0.106,21.4,0.024,0,2026-08-18,2026-08-19,False,False,5.0,2026-08-19T13:46:29+05:30
ADANIPOWER,205.76,TOUCHED,-0.86,below,204.0,205.76,205.94,206.12,205.76,0.175,21.6,0.056,0,2026-08-18,2026-08-19,False,False,5.0,2026-08-19T13:46:29+05:30
ERIS,1345.55,TOUCHED,-0.28,below,1341.8,1345.55,1346.67,1347.78,1345.55,0.166,21.9,0.03,0,2026-08-17,2026-08-19,False,False,5.0,2026-08-19T13:46:29+05:30
NTPC,336.6,TOUCHED,-0.62,below,334.5,336.6,336.77,336.93,336.6,0.099,21.9,0.016,0,2026-08-18,2026-08-19,False,False,5.0,2026-08-19T13:46:29+05:30
IGIL,350.07,TOUCHED,-3.05,below,339.4,350.07,350.43,350.8,350.07,0.209,22.5,0.029,0,2026-08-18,2026-08-19,False,False,5.0,2026-08-19T13:46:29+05:30
HOMEFIRST,1178.8,TOUCHED,0.79,above,1188.1,1178.8,1177.7,1178.8,1176.6,0.187,22.7,0.044,0,2026-08-17,2026-08-19,False,False,5.0,2026-08-19T13:46:29+05:30
TIMKEN,3281.85,TOUCHED,-1.65,below,3227.8,3281.85,3284.73,3287.62,3281.85,0.176,23.0,0.05,0,2026-08-17,2026-08-19,False,False,5.0,2026-08-19T13:46:29+05:30
RKFORGE,752.02,TOUCHED,-0.16,below,750.8,752.02,752.8,753.57,752.02,0.206,23.3,0.048,0,2026-08-18,2026-08-19,False,False,5.0,2026-08-19T13:46:29+05:30
HSCL,779.15,TOUCHED,-4.9,below,741.0,779.15,780.03,780.92,779.15,0.226,23.8,0.035,0,2026-08-18,2026-08-19,False,False,5.0,2026-08-19T13:46:29+05:30
MEESHO,192.7,TOUCHED,3.17,above,198.81,192.7,192.46,192.7,192.22,0.255,23.8,0.027,0,2026-08-18,2026-08-19,False,False,5.0,2026-08-19T13:46:29+05:30
AEGISVOPAK,273.55,TOUCHED,-0.55,below,272.05,273.55,273.97,274.38,273.55,0.304,23.9,0.04,0,2026-08-18,2026-08-19,False,False,5.0,2026-08-19T13:46:29+05:30
SWANCORP,304.92,TOUCHED,-0.55,below,303.25,304.92,305.28,305.65,304.92,0.24,24.1,0.034,0,2026-08-18,2026-08-19,False,False,5.0,2026-08-19T13:46:29+05:30
NAVINFLUOR,8245.17,TOUCHED,0.59,above,8293.5,8245.17,8235.33,8245.17,8225.5,0.239,24.4,0.046,0,2026-08-18,2026-08-19,False,False,5.0,2026-08-19T13:46:29+05:30
GRAPHITE,726.85,TOUCHED,-0.77,below,721.25,726.85,727.73,728.62,726.85,0.243,24.7,0.023,0,2026-08-17,2026-08-19,False,False,5.0,2026-08-19T13:46:29+05:30
MSUMI,40.36,TOUCHED,-1.4,below,39.8,40.36,40.41,40.45,40.36,0.214,24.7,0.031,0,2026-08-18,2026-08-19,False,False,5.0,2026-08-19T13:46:29+05:30
NEWGEN,529.12,TOUCHED,-1.1,below,523.3,529.12,529.78,530.45,529.12,0.252,24.9,0.034,0,2026-08-18,2026-08-19,False,False,5.0,2026-08-19T13:46:29+05:30
POWERGRID,267.5,TOUCHED,-1.64,below,263.1,267.5,267.67,267.83,267.5,0.125,24.9,0.017,0,2026-08-18,2026-08-19,False,False,5.0,2026-08-19T13:46:29+05:30
TATAPOWER,380.22,TOUCHED,-0.47,below,378.45,380.22,380.48,380.74,380.22,0.136,24.9,0.023,0,2026-08-18,2026-08-19,False,False,5.0,2026-08-19T13:46:29+05:30
M&M,3418.53,TOUCHED,0.05,above,3420.4,3418.53,3415.57,3418.53,3412.6,0.174,25.2,0.026,0,2026-08-18,2026-08-19,False,False,5.0,2026-08-19T13:46:29+05:30
NATCOPHARM,895.5,TOUCHED,-0.7,below,889.25,895.5,896.45,897.4,895.5,0.212,25.2,0.019,0,2026-08-18,2026-08-19,False,False,5.0,2026-08-19T13:46:29+05:30
INDHOTEL,718.38,TOUCHED,0.71,above,723.5,718.38,717.77,718.38,717.15,0.172,26.0,0.019,0,2026-08-18,2026-08-19,False,False,5.0,2026-08-19T13:46:29+05:30
TTML,37.89,TOUCHED,-0.72,below,37.62,37.89,37.93,37.97,37.89,0.22,26.3,0.046,0,2026-08-18,2026-08-19,False,False,5.0,2026-08-19T13:46:29+05:30
COCHINSHIP,1483.17,TOUCHED,0.09,above,1484.5,1483.17,1481.23,1483.17,1479.3,0.261,27.1,0.043,0,2026-08-18,2026-08-19,False,False,5.0,2026-08-19T13:46:29+05:30
M&MFIN,390.23,TOUCHED,0.83,above,393.45,390.23,389.78,390.23,389.34,0.227,27.4,0.037,0,2026-08-17,2026-08-19,False,False,5.0,2026-08-19T13:46:29+05:30
CPPLUS,3324.0,TOUCHED,-0.59,below,3304.4,3324.0,3330.0,3336.0,3324.0,0.36,27.6,0.037,0,2026-08-18,2026-08-19,False,False,5.0,2026-08-19T13:46:29+05:30
SAGILITY,42.34,TOUCHED,0.7,above,42.64,42.34,42.28,42.34,42.22,0.292,28.2,0.045,0,2026-08-18,2026-08-19,False,False,5.0,2026-08-19T13:46:29+05:30
SHRIRAMFIN,1109.52,TOUCHED,-0.16,below,1107.7,1109.52,1110.63,1111.75,1109.52,0.201,28.5,0.038,0,2026-08-18,2026-08-19,False,False,5.0,2026-08-19T13:46:29+05:30
TATACOMM,1691.73,TOUCHED,-1.37,below,1668.5,1691.73,1693.67,1695.6,1691.73,0.228,28.8,0.022,0,2026-08-18,2026-08-19,False,False,5.0,2026-08-19T13:46:29+05:30
ANTHEM,895.0,TOUCHED,-1.36,below,882.85,895.0,896.0,897.0,895.0,0.223,29.5,0.043,0,2026-08-17,2026-08-19,False,False,5.0,2026-08-19T13:46:29+05:30
SUNTV,483.38,TOUCHED,-0.23,below,482.25,483.38,483.97,484.55,483.38,0.241,30.1,0.024,0,2026-08-18,2026-08-19,False,False,5.0,2026-08-19T13:46:29+05:30
UBL,1368.98,TOUCHED,-1.31,below,1351.0,1368.98,1370.07,1371.15,1368.98,0.158,30.1,0.026,0,2026-08-17,2026-08-19,False,False,5.0,2026-08-19T13:46:29+05:30
EIDPARRY,783.6,TOUCHED,0.47,above,787.25,783.6,782.6,783.6,781.6,0.256,30.4,0.032,0,2026-08-18,2026-08-19,False,False,5.0,2026-08-19T13:46:29+05:30
PVRINOX,1190.43,TOUCHED,1.15,above,1204.1,1190.43,1188.87,1190.43,1187.3,0.264,30.7,0.029,0,2026-08-17,2026-08-19,False,False,5.0,2026-08-19T13:46:29+05:30
GODREJCP,930.07,TOUCHED,0.68,above,936.4,930.07,929.13,930.07,928.2,0.201,31.0,0.023,0,2026-08-18,2026-08-19,False,False,5.0,2026-08-19T13:46:29+05:30
NESTLEIND,1463.8,TOUCHED,-0.26,below,1460.0,1463.8,1465.1,1466.4,1463.8,0.177,31.0,0.033,0,2026-08-18,2026-08-19,False,False,5.0,2026-08-19T13:46:29+05:30
PIRAMALFIN,2063.2,TOUCHED,0.49,above,2073.3,2063.2,2060.3,2063.2,2057.4,0.282,31.1,0.051,0,2026-08-17,2026-08-19,False,False,5.0,2026-08-19T13:46:29+05:30
SHREECEM,24556.67,TOUCHED,-0.98,below,24315.0,24556.67,24578.33,24600.0,24556.67,0.176,31.2,0.013,0,2026-08-17,2026-08-19,False,False,5.0,2026-08-19T13:46:29+05:30
CHAMBLFERT,435.48,TOUCHED,-0.07,inside,435.2,435.48,435.48,436.03,434.94,0.249,32.1,0.035,0,2026-08-18,2026-08-19,False,False,5.0,2026-08-19T13:46:29+05:30
IDFCFIRSTB,85.03,TOUCHED,0.15,above,85.16,85.03,84.94,85.03,84.85,0.216,32.3,0.029,0,2026-08-18,2026-08-19,False,False,5.0,2026-08-19T13:46:29+05:30
EMMVEE,321.44,TOUCHED,-1.65,below,316.15,321.44,322.13,322.82,321.44,0.429,32.4,0.042,0,2026-08-17,2026-08-19,False,False,5.0,2026-08-19T13:46:29+05:30
IRB,19.05,TOUCHED,-0.32,below,18.99,19.05,19.07,19.1,19.05,0.227,32.6,0.039,0,2026-08-18,2026-08-19,False,False,5.0,2026-08-19T13:46:29+05:30
NAUKRI,1353.25,TOUCHED,1.68,above,1376.0,1353.25,1351.6,1353.25,1349.95,0.244,32.9,0.023,0,2026-08-18,2026-08-19,False,False,5.0,2026-08-19T13:46:29+05:30
AUBANK,1074.48,TOUCHED,0.3,above,1077.7,1074.48,1073.27,1074.48,1072.05,0.227,33.4,0.016,0,2026-08-18,2026-08-19,False,False,5.0,2026-08-19T13:46:29+05:30
3MINDIA,34945.0,TOUCHED,-3.35,below,33775.0,34945.0,34980.0,35015.0,34945.0,0.2,33.7,0.025,0,2026-08-17,2026-08-19,False,False,5.0,2026-08-19T13:46:29+05:30
CASTROLIND,187.42,TOUCHED,1.11,above,189.49,187.42,187.28,187.42,187.15,0.142,34.5,0.014,0,2026-08-17,2026-08-19,False,False,5.0,2026-08-19T13:46:29+05:30
IPCALAB,1884.95,TOUCHED,-0.58,below,1874.0,1884.95,1887.8,1890.65,1884.95,0.302,34.8,0.032,0,2026-08-18,2026-08-19,False,False,5.0,2026-08-19T13:46:29+05:30
CCL,1133.57,TOUCHED,-0.64,below,1126.3,1133.57,1135.03,1136.5,1133.57,0.258,35.1,0.021,0,2026-08-18,2026-08-19,False,False,5.0,2026-08-19T13:46:29+05:30
BSOFT,309.33,TOUCHED,-0.78,below,306.9,309.33,309.82,310.31,309.33,0.317,35.3,0.037,0,2026-08-17,2026-08-19,False,False,5.0,2026-08-19T13:46:29+05:30
ECLERX,1852.78,TOUCHED,-0.11,below,1850.7,1852.78,1856.67,1860.55,1852.78,0.418,35.3,0.039,0,2026-08-17,2026-08-19,False,False,5.0,2026-08-19T13:46:29+05:30
SONATSOFTW,321.02,TOUCHED,-4.12,below,307.8,321.02,321.65,322.27,321.02,0.389,35.6,0.026,0,2026-08-17,2026-08-19,False,False,5.0,2026-08-19T13:46:29+05:30
HAL,5079.5,TOUCHED,-0.81,below,5038.2,5079.5,5086.0,5092.5,5079.5,0.256,36.2,0.035,0,2026-08-18,2026-08-19,False,False,5.0,2026-08-19T13:46:29+05:30
KFINTECH,959.23,TOUCHED,-1.2,below,947.7,959.23,960.87,962.5,959.23,0.34,36.2,0.019,0,2026-08-18,2026-08-19,False,False,5.0,2026-08-19T13:46:29+05:30
JUBLPHARMA,865.61,TOUCHED,0.29,above,868.15,865.61,864.27,865.61,862.92,0.31,36.4,0.019,0,2026-08-17,2026-08-19,False,False,5.0,2026-08-19T13:46:29+05:30
TMCV,470.83,TOUCHED,0.41,above,472.75,470.83,470.02,470.83,469.2,0.348,36.5,0.024,0,2026-08-18,2026-08-19,False,False,5.0,2026-08-19T13:46:29+05:30
SUPREMEIND,3607.0,TOUCHED,0.11,above,3610.8,3607.0,3601.33,3607.0,3595.67,0.315,37.0,0.043,0,2026-08-17,2026-08-19,False,False,5.0,2026-08-19T13:46:29+05:30
TVSMOTOR,4368.37,TOUCHED,-0.08,inside,4364.7,4368.37,4368.37,4374.15,4362.58,0.265,37.0,0.019,0,2026-08-18,2026-08-19,False,False,5.0,2026-08-19T13:46:29+05:30
SYNGENE,404.6,TOUCHED,-1.33,below,399.2,404.6,405.1,405.6,404.6,0.247,37.3,0.026,0,2026-08-18,2026-08-19,False,False,5.0,2026-08-19T13:46:29+05:30
BELRISE,235.47,TOUCHED,-0.91,below,233.33,235.47,235.89,236.31,235.47,0.355,37.7,0.035,0,2026-08-18,2026-08-19,False,False,5.0,2026-08-19T13:46:29+05:30
ANANDRATHI,2181.3,TOUCHED,0.11,inside,2183.6,2181.3,2181.3,2183.95,2178.65,0.243,37.8,0.022,0,2026-08-17,2026-08-19,False,False,5.0,2026-08-19T13:46:29+05:30
PREMIERENE,1017.13,TOUCHED,-0.26,below,1014.5,1017.13,1018.77,1020.4,1017.13,0.321,37.8,0.029,0,2026-08-17,2026-08-19,False,False,5.0,2026-08-19T13:46:29+05:30
ABSLAMC,1013.3,TOUCHED,-0.88,below,1004.4,1013.3,1015.2,1017.1,1013.3,0.374,38.1,0.033,0,2026-08-17,2026-08-19,False,False,5.0,2026-08-19T13:46:29+05:30
TRENT,2946.82,TOUCHED,-0.11,below,2943.6,2946.82,2951.53,2956.25,2946.82,0.32,39.2,0.046,0,2026-08-18,2026-08-19,False,False,5.0,2026-08-19T13:46:29+05:30
GMRAIRPORT,101.81,TOUCHED,0.18,above,101.99,101.81,101.67,101.81,101.53,0.272,39.7,0.019,0,2026-08-18,2026-08-19,False,False,5.0,2026-08-19T13:46:29+05:30
POONAWALLA,498.32,TOUCHED,-0.67,below,495.0,498.32,499.18,500.05,498.32,0.347,39.7,0.033,0,2026-08-17,2026-08-19,False,False,5.0,2026-08-19T13:46:29+05:30
SUMICHEM,560.94,TOUCHED,-1.14,below,554.55,560.94,562.08,563.23,560.94,0.406,39.7,0.039,0,2026-08-17,2026-08-19,False,False,5.0,2026-08-19T13:46:29+05:30
HDFCAMC,2521.37,TOUCHED,0.45,above,2532.7,2521.37,2517.73,2521.37,2514.1,0.289,40.0,0.024,0,2026-08-18,2026-08-19,False,False,5.0,2026-08-19T13:46:29+05:30
DCMSHRIRAM,1031.5,TOUCHED,2.05,above,1052.6,1031.5,1029.8,1031.5,1028.1,0.33,40.3,0.024,0,2026-08-18,2026-08-19,False,False,5.0,2026-08-19T13:46:29+05:30
APTUS,257.48,TOUCHED,-0.96,below,255.0,257.48,257.97,258.45,257.48,0.375,40.5,0.026,0,2026-08-18,2026-08-19,False,False,5.0,2026-08-19T13:46:29+05:30
DRREDDY,1180.1,TOUCHED,-0.44,below,1174.9,1180.1,1181.4,1182.7,1180.1,0.22,40.5,0.015,0,2026-08-18,2026-08-19,False,False,5.0,2026-08-19T13:46:29+05:30
RAINBOW,1462.93,TOUCHED,0.06,inside,1463.8,1462.93,1462.93,1465.05,1460.82,0.289,41.1,0.034,0,2026-08-18,2026-08-19,False,False,5.0,2026-08-19T13:46:29+05:30
CAMS,763.24,TOUCHED,-1.01,below,755.5,763.24,764.48,765.73,763.24,0.325,41.9,0.041,0,2026-08-18,2026-08-19,False,False,5.0,2026-08-19T13:46:29+05:30
HDFCLIFE,538.91,TOUCHED,-0.09,below,538.45,538.91,539.57,540.23,538.91,0.244,42.2,0.018,0,2026-08-18,2026-08-19,False,False,5.0,2026-08-19T13:46:29+05:30
AARTIIND,528.25,TOUCHED,0.02,inside,528.35,528.25,528.25,529.17,527.32,0.35,42.7,0.033,0,2026-08-18,2026-08-19,False,False,5.0,2026-08-19T13:46:29+05:30
DALBHARAT,1845.0,TOUCHED,0.99,above,1863.3,1845.0,1842.37,1845.0,1839.73,0.286,43.0,0.025,0,2026-08-18,2026-08-19,False,False,5.0,2026-08-19T13:46:29+05:30
ASTERDM,819.46,TOUCHED,-1.31,below,808.7,819.46,820.92,822.38,819.46,0.355,43.8,0.028,0,2026-08-18,2026-08-19,False,False,5.0,2026-08-19T13:46:29+05:30
LLOYDSME,1926.45,TOUCHED,-1.19,below,1903.5,1926.45,1930.5,1934.55,1926.45,0.42,43.8,0.035,0,2026-08-18,2026-08-19,False,False,5.0,2026-08-19T13:46:29+05:30
MOTHERSON,170.1,TOUCHED,0.23,above,170.49,170.1,169.8,170.1,169.5,0.353,43.8,0.035,0,2026-08-18,2026-08-19,False,False,5.0,2026-08-19T13:46:29+05:30
BEL,412.55,TOUCHED,-1.19,below,407.65,412.55,413.1,413.65,412.55,0.266,44.1,0.025,0,2026-08-18,2026-08-19,False,False,5.0,2026-08-19T13:46:29+05:30
GODIGIT,255.26,TOUCHED,-1.02,below,252.65,255.26,255.67,256.07,255.26,0.319,44.1,0.028,0,2026-08-17,2026-08-19,False,False,5.0,2026-08-19T13:46:29+05:30
OIL,481.32,TOUCHED,-1.05,below,476.25,481.32,482.13,482.95,481.32,0.339,44.1,0.021,0,2026-08-18,2026-08-19,False,False,5.0,2026-08-19T13:46:29+05:30
VIJAYA,1500.25,TOUCHED,-0.9,below,1486.7,1500.25,1503.2,1506.15,1500.25,0.392,44.1,0.037,0,2026-08-18,2026-08-19,False,False,5.0,2026-08-19T13:46:29+05:30
ZENSARTECH,485.97,TOUCHED,-1.15,below,480.4,485.97,487.03,488.1,485.97,0.438,44.1,0.035,0,2026-08-18,2026-08-19,False,False,5.0,2026-08-19T13:46:29+05:30
CANHLIFE,148.6,TOUCHED,2.08,above,151.69,148.6,148.3,148.6,148.01,0.402,44.2,0.018,0,2026-08-17,2026-08-19,False,False,5.0,2026-08-19T13:46:29+05:30
SOBHA,1310.77,TOUCHED,-1.66,below,1289.0,1310.77,1313.23,1315.7,1310.77,0.376,44.4,0.029,0,2026-08-18,2026-08-19,False,False,5.0,2026-08-19T13:46:29+05:30
IKS,1837.4,TOUCHED,-0.19,inside,1833.9,1837.4,1837.4,1841.0,1833.8,0.392,44.9,0.02,0,2026-08-17,2026-08-19,False,False,5.0,2026-08-19T13:46:29+05:30
CHOLAFIN,1871.38,TOUCHED,-0.15,below,1868.5,1871.38,1874.77,1878.15,1871.38,0.361,45.8,0.041,0,2026-08-18,2026-08-19,False,False,5.0,2026-08-19T13:46:29+05:30
RBLBANK,382.26,TOUCHED,-0.8,below,379.2,382.26,383.02,383.77,382.26,0.396,46.3,0.032,0,2026-08-17,2026-08-19,False,False,5.0,2026-08-19T13:46:29+05:30
RECLTD,339.62,TOUCHED,-0.15,inside,339.1,339.62,339.62,340.18,339.06,0.329,46.3,0.016,0,2026-08-18,2026-08-19,False,False,5.0,2026-08-19T13:46:29+05:30
NCC,139.62,TOUCHED,-0.07,below,139.52,139.62,139.87,140.13,139.62,0.362,46.6,0.027,0,2026-08-18,2026-08-19,False,False,5.0,2026-08-19T13:46:29+05:30
AUROPHARMA,1629.78,TOUCHED,-0.69,below,1618.5,1629.78,1632.37,1634.95,1629.78,0.317,46.8,0.038,0,2026-08-17,2026-08-19,False,False,5.0,2026-08-19T13:46:29+05:30
HEROMOTOCO,5755.25,TOUCHED,-1.28,below,5681.5,5755.25,5765.5,5775.75,5755.25,0.356,46.8,0.017,0,2026-08-17,2026-08-19,False,False,5.0,2026-08-19T13:46:29+05:30
INDIAMART,1755.95,TOUCHED,-1.38,below,1731.7,1755.95,1758.8,1761.65,1755.95,0.324,47.1,0.026,0,2026-08-18,2026-08-19,False,False,5.0,2026-08-19T13:46:29+05:30
PNBHOUSING,1148.73,TOUCHED,1.56,above,1166.6,1148.73,1146.67,1148.73,1144.6,0.36,47.1,0.027,0,2026-08-17,2026-08-19,False,False,5.0,2026-08-19T13:46:29+05:30
BRITANNIA,5528.0,TOUCHED,-0.51,below,5500.0,5528.0,5535.0,5542.0,5528.0,0.253,47.7,0.021,0,2026-08-17,2026-08-19,False,False,5.0,2026-08-19T13:46:29+05:30
CIEINDIA,409.1,TOUCHED,-0.17,below,408.4,409.1,409.83,410.57,409.1,0.358,47.7,0.029,0,2026-08-17,2026-08-19,False,False,5.0,2026-08-19T13:46:29+05:30
KAYNES,3677.1,TOUCHED,2.89,above,3783.4,3677.1,3666.1,3677.1,3655.1,0.6,47.7,0.049,0,2026-08-18,2026-08-19,False,False,5.0,2026-08-19T13:46:29+05:30
CDSL,1343.32,TOUCHED,-0.68,below,1334.2,1343.32,1346.03,1348.75,1343.32,0.404,47.9,0.036,0,2026-08-18,2026-08-19,False,False,5.0,2026-08-19T13:46:29+05:30
JUBLINGREA,734.52,TOUCHED,-3.35,below,709.9,734.52,736.23,737.95,734.52,0.466,48.5,0.034,0,2026-08-17,2026-08-19,False,False,5.0,2026-08-19T13:46:29+05:30
SBFC,93.39,TOUCHED,-0.68,below,92.76,93.39,93.58,93.76,93.39,0.395,48.5,0.033,0,2026-08-17,2026-08-19,False,False,5.0,2026-08-19T13:46:29+05:30
DIXON,14243.0,TOUCHED,0.91,above,14372.0,14243.0,14212.0,14243.0,14181.0,0.436,48.8,0.056,0,2026-08-18,2026-08-19,False,False,5.0,2026-08-19T13:46:29+05:30
JMFINANCIL,126.83,TOUCHED,-0.52,below,126.17,126.83,127.19,127.55,126.83,0.563,49.0,0.046,0,2026-08-17,2026-08-19,False,False,5.0,2026-08-19T13:46:29+05:30
JSWDULUX,3115.77,TOUCHED,-0.32,below,3105.8,3115.77,3121.13,3126.5,3115.77,0.344,49.0,0.022,0,2026-08-18,2026-08-19,False,False,5.0,2026-08-19T13:46:29+05:30
RVNL,225.48,TOUCHED,-0.69,below,223.93,225.48,225.96,226.44,225.48,0.425,49.0,0.034,0,2026-08-18,2026-08-19,False,False,5.0,2026-08-19T13:46:29+05:30
TITAN,5062.0,TOUCHED,-0.06,inside,5059.0,5062.0,5062.0,5068.7,5055.3,0.265,49.0,0.018,0,2026-08-18,2026-08-19,False,False,5.0,2026-08-19T13:46:29+05:30
TEJASNET,520.68,TOUCHED,-2.22,below,509.15,520.68,522.07,523.45,520.68,0.53,49.6,0.046,0,2026-08-18,2026-08-19,False,False,5.0,2026-08-19T13:46:29+05:30
ABFRL,55.09,TOUCHED,-0.75,below,54.68,55.09,55.22,55.34,55.09,0.447,49.9,0.025,0,2026-08-18,2026-08-19,False,False,5.0,2026-08-19T13:46:29+05:30
PRESTIGE,1583.8,TOUCHED,-0.16,inside,1581.3,1583.8,1583.8,1587.85,1579.75,0.511,49.9,0.055,0,2026-08-17,2026-08-19,False,False,5.0,2026-08-19T13:46:29+05:30
FSL,265.8,TOUCHED,2.61,above,272.75,265.8,265.15,265.8,264.5,0.49,50.7,0.034,0,2026-08-18,2026-08-19,False,False,5.0,2026-08-19T13:46:29+05:30
ADANIENT,3008.08,TOUCHED,-0.91,below,2980.7,3008.08,3013.67,3019.25,3008.08,0.371,51.0,0.026,0,2026-08-18,2026-08-19,False,False,5.0,2026-08-19T13:46:29+05:30
CGCL,226.53,TOUCHED,-0.07,inside,226.37,226.53,226.53,227.03,226.04,0.438,51.0,0.049,0,2026-08-18,2026-08-19,False,False,5.0,2026-08-19T13:46:29+05:30
BHARTIARTL,1936.62,TOUCHED,-0.42,below,1928.5,1936.62,1939.03,1941.45,1936.62,0.249,51.2,0.014,0,2026-08-18,2026-08-19,False,False,5.0,2026-08-19T13:46:29+05:30
IOC,138.03,TOUCHED,-0.95,below,136.71,138.03,138.25,138.47,138.03,0.325,51.2,0.021,0,2026-08-18,2026-08-19,False,False,5.0,2026-08-19T13:46:29+05:30
ATHERENERG,1470.37,TOUCHED,-1.32,below,1451.0,1470.37,1474.93,1479.5,1470.37,0.619,51.5,0.063,0,2026-08-18,2026-08-19,False,False,5.0,2026-08-19T13:46:29+05:30
IOB,33.33,TOUCHED,-0.4,below,33.2,33.33,33.4,33.46,33.33,0.379,51.5,0.034,0,2026-08-18,2026-08-19,False,False,5.0,2026-08-19T13:46:29+05:30
HONASA,476.78,TOUCHED,0.11,inside,477.3,476.78,476.78,477.88,475.69,0.458,51.8,0.054,0,2026-08-18,2026-08-19,False,False,5.0,2026-08-19T13:46:29+05:30
TEGA,1723.05,TOUCHED,-1.8,below,1692.0,1723.05,1726.67,1730.28,1723.05,0.419,52.1,0.043,0,2026-08-18,2026-08-19,False,False,5.0,2026-08-19T13:46:29+05:30
CRISIL,4478.87,TOUCHED,0.74,above,4512.0,4478.87,4469.43,4478.87,4460.0,0.422,52.6,0.05,0,2026-08-17,2026-08-19,False,False,5.0,2026-08-19T13:46:29+05:30
FORCEMOT,18267.83,TOUCHED,-2.64,below,17785.0,18267.83,18335.67,18403.5,18267.83,0.74,52.6,0.05,0,2026-08-18,2026-08-19,False,False,5.0,2026-08-19T13:46:29+05:30
GODREJIND,1225.73,TOUCHED,-1.45,below,1208.0,1225.73,1228.47,1231.2,1225.73,0.445,52.9,0.047,0,2026-08-17,2026-08-19,False,False,5.0,2026-08-19T13:46:29+05:30
SOLARINDS,20045.67,TOUCHED,-2.14,below,19617.0,20045.67,20091.33,20137.0,20045.67,0.455,52.9,0.057,0,2026-08-17,2026-08-19,False,False,5.0,2026-08-19T13:46:29+05:30
AJANTPHARM,3694.0,TOUCHED,-0.29,below,3683.3,3694.0,3702.07,3710.13,3694.0,0.436,53.2,0.04,0,2026-08-17,2026-08-19,False,False,5.0,2026-08-19T13:46:29+05:30
ASIANPAINT,2632.3,TOUCHED,-1.13,below,2602.6,2632.3,2636.2,2640.1,2632.3,0.296,53.4,0.021,0,2026-08-18,2026-08-19,False,False,5.0,2026-08-19T13:46:29+05:30
JINDALSAW,269.67,TOUCHED,0.31,above,270.5,269.67,268.95,269.67,268.23,0.539,53.4,0.038,0,2026-08-17,2026-08-19,False,False,5.0,2026-08-19T13:46:29+05:30
WOCKPHARMA,1865.85,TOUCHED,-1.69,below,1834.4,1865.85,1871.8,1877.75,1865.85,0.636,54.5,0.059,0,2026-08-18,2026-08-19,False,False,5.0,2026-08-19T13:46:29+05:30
LENSKART,626.74,TOUCHED,2.38,above,641.65,626.74,625.08,626.74,623.42,0.531,54.9,0.03,0,2026-08-18,2026-08-19,False,False,5.0,2026-08-19T13:46:29+05:30
FINCABLES,1319.8,TOUCHED,-1.51,below,1299.85,1319.8,1322.98,1326.17,1319.8,0.481,55.1,0.019,0,2026-08-18,2026-08-19,False,False,5.0,2026-08-19T13:46:29+05:30
INDIANB,876.83,TOUCHED,-0.78,below,870.0,876.83,878.67,880.5,876.83,0.417,55.1,0.025,0,2026-08-18,2026-08-19,False,False,5.0,2026-08-19T13:46:29+05:30
GAIL,172.89,TOUCHED,0.01,inside,172.9,172.89,172.89,173.19,172.58,0.353,55.3,0.015,0,2026-08-18,2026-08-19,False,False,5.0,2026-08-19T13:46:29+05:30
CONCOR,519.23,TOUCHED,-1.04,below,513.85,519.23,520.22,521.2,519.23,0.378,55.9,0.034,0,2026-08-18,2026-08-19,False,False,5.0,2026-08-19T13:46:29+05:30
EIHOTEL,297.35,TOUCHED,0.08,inside,297.6,297.35,297.35,298.02,296.67,0.454,56.4,0.03,0,2026-08-17,2026-08-19,False,False,5.0,2026-08-19T13:46:29+05:30
ETERNAL,318.38,TOUCHED,0.73,above,320.7,318.38,317.55,318.38,316.72,0.52,56.4,0.028,0,2026-08-18,2026-08-19,False,False,5.0,2026-08-19T13:46:29+05:30
BHARATFORG,2077.6,TOUCHED,-1.0,below,2056.8,2077.6,2082.73,2087.87,2077.6,0.493,57.0,0.031,0,2026-08-17,2026-08-19,False,False,5.0,2026-08-19T13:46:29+05:30
ICICIAMC,3127.75,TOUCHED,3.56,above,3239.0,3127.75,3119.5,3127.75,3111.25,0.529,57.0,0.032,0,2026-08-17,2026-08-19,False,False,5.0,2026-08-19T13:46:29+05:30
KALYANKJIL,603.33,TOUCHED,-1.77,below,592.65,603.33,605.07,606.8,603.33,0.573,57.3,0.038,0,2026-08-18,2026-08-19,False,False,5.0,2026-08-19T13:46:29+05:30
GODFRYPHLP,2122.0,TOUCHED,0.34,above,2129.3,2122.0,2115.43,2122.0,2108.87,0.621,57.8,0.041,0,2026-08-18,2026-08-19,False,False,5.0,2026-08-19T13:46:29+05:30
LTFOODS,425.13,TOUCHED,0.58,above,427.6,425.13,423.97,425.13,422.8,0.55,57.8,0.036,0,2026-08-18,2026-08-19,False,False,5.0,2026-08-19T13:46:29+05:30
LTTS,3519.47,TOUCHED,0.58,above,3540.0,3519.47,3510.43,3519.47,3501.4,0.515,57.8,0.042,0,2026-08-17,2026-08-19,False,False,5.0,2026-08-19T13:46:29+05:30
SUNPHARMA,1883.65,TOUCHED,0.63,above,1895.6,1883.65,1880.8,1883.65,1877.95,0.303,57.8,0.02,0,2026-08-18,2026-08-19,False,False,5.0,2026-08-19T13:46:29+05:30
BSE,3297.07,TOUCHED,1.66,above,3351.7,3297.07,3286.13,3297.07,3275.2,0.665,58.4,0.022,0,2026-08-18,2026-08-19,False,False,5.0,2026-08-19T13:46:29+05:30
GMDCLTD,572.76,TOUCHED,-2.25,below,559.85,572.76,574.82,576.88,572.76,0.716,58.4,0.068,0,2026-08-18,2026-08-19,False,False,5.0,2026-08-19T13:46:29+05:30
IDBI,81.33,TOUCHED,-0.32,below,81.07,81.33,81.55,81.77,81.33,0.54,58.4,0.042,0,2026-08-18,2026-08-19,False,False,5.0,2026-08-19T13:46:29+05:30
ACC,1305.92,TOUCHED,-1.24,below,1289.7,1305.92,1308.03,1310.15,1305.92,0.324,58.6,0.035,0,2026-08-18,2026-08-19,False,False,5.0,2026-08-19T13:46:29+05:30
DLF,670.38,TOUCHED,0.19,above,671.65,670.38,668.83,670.38,667.29,0.461,58.9,0.029,0,2026-08-18,2026-08-19,False,False,5.0,2026-08-19T13:46:29+05:30
BANKBARODA,245.06,TOUCHED,-0.14,inside,244.71,245.06,245.06,245.59,244.53,0.433,59.2,0.012,0,2026-08-18,2026-08-19,False,False,5.0,2026-08-19T13:46:29+05:30
HYUNDAI,2195.63,TOUCHED,0.11,inside,2198.0,2195.63,2195.63,2200.45,2190.82,0.439,59.5,0.026,0,2026-08-18,2026-08-19,False,False,5.0,2026-08-19T13:46:29+05:30
JWL,250.47,TOUCHED,-1.11,below,247.7,250.47,251.2,251.92,250.47,0.577,59.5,0.044,0,2026-08-17,2026-08-19,False,False,5.0,2026-08-19T13:46:29+05:30
PATANJALI,350.45,TOUCHED,-0.06,inside,350.25,350.45,350.45,351.05,349.85,0.342,59.5,0.019,0,2026-08-18,2026-08-19,False,False,5.0,2026-08-19T13:46:29+05:30
WHIRLPOOL,771.05,TOUCHED,-1.77,below,757.4,771.05,773.1,775.15,771.05,0.53,59.5,0.045,0,2026-08-18,2026-08-19,False,False,5.0,2026-08-19T13:46:29+05:30
ASTRAL,1531.05,TOUCHED,0.24,above,1534.8,1531.05,1527.37,1531.05,1523.68,0.482,60.0,0.032,0,2026-08-18,2026-08-19,False,False,5.0,2026-08-19T13:46:29+05:30
PNB,117.24,TOUCHED,0.05,above,117.3,117.24,117.0,117.24,116.75,0.425,60.0,0.035,0,2026-08-18,2026-08-19,False,False,5.0,2026-08-19T13:46:29+05:30
BANKINDIA,142.49,TOUCHED,-0.29,below,142.08,142.49,142.87,143.26,142.49,0.541,60.3,0.031,0,2026-08-18,2026-08-19,False,False,5.0,2026-08-19T13:46:29+05:30
EICHERMOT,8032.92,TOUCHED,-0.34,below,8006.0,8032.92,8047.33,8061.75,8032.92,0.358,60.3,0.024,0,2026-08-18,2026-08-19,False,False,5.0,2026-08-19T13:46:29+05:30
RHIM,376.85,TOUCHED,-0.17,below,376.2,376.85,377.9,378.95,376.85,0.556,60.3,0.029,0,2026-08-18,2026-08-19,False,False,5.0,2026-08-19T13:46:29+05:30
SHYAMMETL,989.0,TOUCHED,-0.55,below,983.6,989.0,991.1,993.2,989.0,0.424,60.3,0.016,0,2026-08-17,2026-08-19,False,False,5.0,2026-08-19T13:46:29+05:30
AXISBANK,1236.95,TOUCHED,-0.76,below,1227.6,1236.95,1238.97,1240.98,1236.95,0.326,60.5,0.024,0,2026-08-18,2026-08-19,False,False,5.0,2026-08-19T13:46:29+05:30
NH,1807.67,TOUCHED,-1.15,below,1786.8,1807.67,1812.33,1817.0,1807.67,0.515,60.5,0.034,0,2026-08-18,2026-08-19,False,False,5.0,2026-08-19T13:46:29+05:30
SAREGAMA,515.43,TOUCHED,-0.43,below,513.2,515.43,516.92,518.4,515.43,0.574,60.5,0.041,0,2026-08-18,2026-08-19,False,False,5.0,2026-08-19T13:46:29+05:30
SUNDARMFIN,4584.0,TOUCHED,-0.84,below,4545.3,4584.0,4595.87,4607.73,4584.0,0.516,60.5,0.034,0,2026-08-18,2026-08-19,False,False,5.0,2026-08-19T13:46:29+05:30
ZYDUSWELL,498.11,TOUCHED,-1.01,below,493.1,498.11,499.57,501.03,498.11,0.584,60.5,0.034,0,2026-08-18,2026-08-19,False,False,5.0,2026-08-19T13:46:29+05:30
FACT,795.42,TOUCHED,-0.16,below,794.15,795.42,797.6,799.77,795.42,0.545,60.8,0.058,0,2026-08-17,2026-08-19,False,False,5.0,2026-08-19T13:46:29+05:30
HDFCBANK,724.0,TOUCHED,-0.61,below,719.6,724.0,725.0,726.0,724.0,0.276,60.8,0.019,0,2026-08-18,2026-08-19,False,False,5.0,2026-08-19T13:46:29+05:30
BAJAJ-AUTO,11652.0,TOUCHED,0.08,inside,11661.0,11652.0,11652.0,11674.5,11629.5,0.386,61.4,0.028,0,2026-08-18,2026-08-19,False,False,5.0,2026-08-19T13:46:29+05:30
BRIGADE,590.15,TOUCHED,-0.13,inside,589.4,590.15,590.15,591.93,588.38,0.602,61.6,0.024,0,2026-08-17,2026-08-19,False,False,5.0,2026-08-19T13:46:29+05:30
MOTILALOFS,944.15,TOUCHED,-0.04,inside,943.75,944.15,944.15,947.22,941.07,0.651,61.6,0.045,0,2026-08-18,2026-08-19,False,False,5.0,2026-08-19T13:46:29+05:30
NAVA,560.6,TOUCHED,-1.58,below,551.75,560.6,562.3,564.0,560.6,0.605,61.9,0.038,0,2026-08-18,2026-08-19,False,False,5.0,2026-08-19T13:46:29+05:30
UTIAMC,896.92,TOUCHED,-0.77,below,890.0,896.92,899.25,901.58,896.92,0.517,61.9,0.043,0,2026-08-18,2026-08-19,False,False,5.0,2026-08-19T13:46:29+05:30
ELECON,433.25,TOUCHED,-1.21,below,428.0,433.25,434.92,436.58,433.25,0.766,62.2,0.036,0,2026-08-17,2026-08-19,False,False,5.0,2026-08-19T13:46:29+05:30
HCLTECH,1306.25,TOUCHED,0.98,above,1319.0,1306.25,1303.5,1306.25,1300.75,0.422,62.7,0.024,0,2026-08-18,2026-08-19,False,False,5.0,2026-08-19T13:46:29+05:30
PINELABS,160.99,TOUCHED,-0.96,below,159.45,160.99,161.66,162.33,160.99,0.829,62.8,0.058,0,2026-08-18,2026-08-19,False,False,5.0,2026-08-19T13:46:29+05:30
NEULANDLAB,23407.0,TOUCHED,-1.12,below,23144.0,23407.0,23491.67,23576.33,23407.0,0.721,63.0,0.032,0,2026-08-17,2026-08-19,False,False,5.0,2026-08-19T13:46:29+05:30
IREDA,115.58,TOUCHED,-0.89,below,114.55,115.58,115.88,116.19,115.58,0.529,63.6,0.048,0,2026-08-18,2026-08-19,False,False,5.0,2026-08-19T13:46:29+05:30
KEC,429.9,TOUCHED,-0.7,below,426.9,429.9,431.2,432.5,429.9,0.603,63.6,0.023,0,2026-08-18,2026-08-19,False,False,5.0,2026-08-19T13:46:29+05:30
360ONE,1169.53,TOUCHED,1.01,above,1181.3,1169.53,1166.07,1169.53,1162.6,0.595,63.8,0.032,0,2026-08-17,2026-08-19,False,False,5.0,2026-08-19T13:46:29+05:30
PGEL,601.93,TOUCHED,-0.18,inside,600.85,601.93,601.93,604.4,599.47,0.82,63.8,0.054,0,2026-08-18,2026-08-19,False,False,5.0,2026-08-19T13:46:29+05:30
BAYERCROP,4080.2,TOUCHED,-0.23,inside,4071.0,4080.2,4080.2,4089.7,4070.7,0.466,64.1,0.031,0,2026-08-17,2026-08-19,False,False,5.0,2026-08-19T13:46:29+05:30
KARURVYSYA,332.12,TOUCHED,-0.28,inside,331.2,332.12,332.12,333.06,331.18,0.567,64.4,0.038,0,2026-08-17,2026-08-19,False,False,5.0,2026-08-19T13:46:29+05:30
MAHABANK,80.72,TOUCHED,-0.95,below,79.95,80.72,80.94,81.17,80.72,0.56,64.9,0.042,0,2026-08-18,2026-08-19,False,False,5.0,2026-08-19T13:46:29+05:30
RADICO,4652.95,TOUCHED,-0.12,below,4647.3,4652.95,4666.43,4679.92,4652.95,0.578,64.9,0.021,0,2026-08-17,2026-08-19,False,False,5.0,2026-08-19T13:46:29+05:30
USHAMART,496.61,TOUCHED,0.59,above,499.55,496.61,495.17,496.61,493.73,0.582,64.9,0.035,0,2026-08-17,2026-08-19,False,False,5.0,2026-08-19T13:46:29+05:30
JINDALSTEL,1109.85,TOUCHED,0.82,above,1119.0,1109.85,1107.07,1109.85,1104.28,0.503,65.2,0.034,0,2026-08-18,2026-08-19,False,False,5.0,2026-08-19T13:46:29+05:30
DMART,4004.17,TOUCHED,-0.41,below,3987.7,4004.17,4013.33,4022.5,4004.17,0.457,65.5,0.028,0,2026-08-17,2026-08-19,False,False,5.0,2026-08-19T13:46:29+05:30
ALKEM,5442.0,TOUCHED,-1.05,below,5385.0,5442.0,5453.0,5464.0,5442.0,0.403,65.8,0.026,0,2026-08-18,2026-08-19,False,False,5.0,2026-08-19T13:46:29+05:30
ELGIEQUIP,620.0,TOUCHED,1.69,above,630.45,620.0,618.07,620.0,616.13,0.626,66.0,0.04,0,2026-08-18,2026-08-19,False,False,5.0,2026-08-19T13:46:29+05:30
INDGN,564.5,TOUCHED,-0.06,inside,564.15,564.5,564.5,566.1,562.9,0.567,66.0,0.023,0,2026-08-18,2026-08-19,False,False,5.0,2026-08-19T13:46:29+05:30
ABCAPITAL,398.3,TOUCHED,-0.41,below,396.65,398.3,399.53,400.77,398.3,0.617,66.3,0.038,0,2026-08-18,2026-08-19,False,False,5.0,2026-08-19T13:46:29+05:30
SONACOMS,819.12,TOUCHED,0.13,inside,820.2,819.12,819.12,821.56,816.67,0.596,66.3,0.033,0,2026-08-18,2026-08-19,False,False,5.0,2026-08-19T13:46:29+05:30
AWL,190.55,TOUCHED,-1.19,below,188.29,190.55,191.07,191.58,190.55,0.537,66.6,0.044,0,2026-08-18,2026-08-19,False,False,5.0,2026-08-19T13:46:29+05:30
BDL,1378.0,TOUCHED,-1.81,below,1353.0,1378.0,1383.0,1388.0,1378.0,0.723,66.8,0.049,0,2026-08-18,2026-08-19,False,False,5.0,2026-08-19T13:46:29+05:30
GRANULES,853.95,TOUCHED,-0.6,below,848.8,853.95,856.48,859.02,853.95,0.592,66.8,0.037,0,2026-08-17,2026-08-19,False,False,5.0,2026-08-19T13:46:29+05:30
ADANIGREEN,1312.73,TOUCHED,-1.69,below,1290.5,1312.73,1317.47,1322.2,1312.73,0.719,67.1,0.045,0,2026-08-18,2026-08-19,False,False,5.0,2026-08-19T13:46:29+05:30
FLUOROCHEM,4687.53,TOUCHED,-0.38,below,4669.8,4687.53,4700.27,4713.0,4687.53,0.542,67.1,0.022,0,2026-08-18,2026-08-19,False,False,5.0,2026-08-19T13:46:29+05:30
PWL,120.9,TOUCHED,-0.09,inside,120.79,120.9,120.9,121.48,120.33,0.951,67.6,0.074,0,2026-08-18,2026-08-19,False,False,5.0,2026-08-19T13:46:29+05:30
LINDEINDIA,6692.33,TOUCHED,0.29,inside,6712.0,6692.33,6692.33,6712.17,6672.5,0.593,67.7,0.025,0,2026-08-17,2026-08-19,False,False,5.0,2026-08-19T13:46:29+05:30
RITES,219.14,TOUCHED,-0.3,below,218.47,219.14,219.79,220.43,219.14,0.59,67.7,0.025,0,2026-08-18,2026-08-19,False,False,5.0,2026-08-19T13:46:29+05:30
ASAHIINDIA,956.17,TOUCHED,0.2,inside,958.1,956.17,956.17,959.48,952.85,0.694,67.9,0.045,0,2026-08-18,2026-08-19,False,False,5.0,2026-08-19T13:46:29+05:30
JSWSTEEL,1275.4,TOUCHED,0.64,above,1283.6,1275.4,1272.8,1275.4,1270.2,0.409,67.9,0.025,0,2026-08-18,2026-08-19,False,False,5.0,2026-08-19T13:46:29+05:30
OFSS,11692.33,TOUCHED,-0.1,inside,11681.0,11692.33,11692.33,11727.0,11657.67,0.593,68.5,0.029,0,2026-08-18,2026-08-19,False,False,5.0,2026-08-19T13:46:29+05:30
TCS,2284.5,TOUCHED,-0.15,below,2281.1,2284.5,2289.0,2293.5,2284.5,0.393,68.5,0.029,0,2026-08-18,2026-08-19,False,False,5.0,2026-08-19T13:46:29+05:30
ENRIN,3570.1,TOUCHED,-2.1,below,3495.0,3570.1,3581.97,3593.83,3570.1,0.663,68.6,0.028,0,2026-08-17,2026-08-19,False,False,5.0,2026-08-19T13:46:29+05:30
ACMESOLAR,370.29,TOUCHED,3.68,above,383.9,370.29,368.83,370.29,367.38,0.791,68.8,0.05,0,2026-08-18,2026-08-19,False,False,5.0,2026-08-19T13:46:29+05:30
IRFC,86.34,TOUCHED,-1.02,below,85.46,86.34,86.57,86.81,86.34,0.535,68.8,0.033,0,2026-08-18,2026-08-19,False,False,5.0,2026-08-19T13:46:29+05:30
PHOENIXLTD,1918.57,TOUCHED,0.08,inside,1920.1,1918.57,1918.57,1924.18,1912.95,0.586,69.0,0.047,0,2026-08-17,2026-08-19,False,False,5.0,2026-08-19T13:46:29+05:30
INFY,1119.8,TOUCHED,-0.13,inside,1118.3,1119.8,1119.8,1122.2,1117.4,0.429,69.3,0.029,0,2026-08-18,2026-08-19,False,False,5.0,2026-08-19T13:46:29+05:30
MAPMYINDIA,1005.6,TOUCHED,-0.08,inside,1004.8,1005.6,1005.6,1009.1,1002.1,0.696,69.3,0.031,0,2026-08-18,2026-08-19,False,False,5.0,2026-08-19T13:46:29+05:30
HEXT,557.23,TOUCHED,0.08,inside,557.7,557.23,557.23,559.48,554.99,0.805,69.6,0.045,0,2026-08-18,2026-08-19,False,False,5.0,2026-08-19T13:46:29+05:30
KIMS,803.23,TOUCHED,-1.37,below,792.25,803.23,806.05,808.88,803.23,0.701,69.6,0.04,0,2026-08-17,2026-08-19,False,False,5.0,2026-08-19T13:46:29+05:30
IRCTC,494.2,TOUCHED,-0.96,below,489.45,494.2,495.35,496.5,494.2,0.464,69.9,0.037,0,2026-08-18,2026-08-19,False,False,5.0,2026-08-19T13:46:29+05:30
GLAND,2868.23,TOUCHED,-0.93,below,2841.7,2868.23,2877.87,2887.5,2868.23,0.669,70.1,0.04,0,2026-08-18,2026-08-19,False,False,5.0,2026-08-19T13:46:29+05:30
GRSE,2640.45,TOUCHED,-0.21,below,2634.8,2640.45,2652.63,2664.82,2640.45,0.919,70.1,0.074,0,2026-08-18,2026-08-19,False,False,5.0,2026-08-19T13:46:29+05:30
HONAUT,36492.5,TOUCHED,-1.23,below,36045.0,36492.5,36585.0,36677.5,36492.5,0.506,70.7,0.022,0,2026-08-17,2026-08-19,False,False,5.0,2026-08-19T13:46:29+05:30
VTL,601.08,TOUCHED,-0.18,inside,600.0,601.08,601.08,603.17,599.0,0.693,71.2,0.031,0,2026-08-17,2026-08-19,False,False,5.0,2026-08-19T13:46:29+05:30
ADANIENSOL,1594.95,TOUCHED,-2.94,below,1548.0,1594.95,1600.8,1606.65,1594.95,0.731,71.8,0.031,0,2026-08-17,2026-08-19,False,False,5.0,2026-08-19T13:46:29+05:30
FORTIS,914.28,TOUCHED,-0.04,inside,913.95,914.28,914.28,917.05,911.52,0.605,72.3,0.031,0,2026-08-17,2026-08-19,False,False,5.0,2026-08-19T13:46:29+05:30
ITC,270.47,TOUCHED,-1.43,below,266.6,270.47,270.93,271.4,270.47,0.344,72.6,0.021,0,2026-08-18,2026-08-19,False,False,5.0,2026-08-19T13:46:29+05:30
HINDUNILVR,2039.15,TOUCHED,-0.99,below,2018.9,2039.15,2043.3,2047.45,2039.15,0.406,72.9,0.015,0,2026-08-18,2026-08-19,False,False,5.0,2026-08-19T13:46:29+05:30
UPL,565.02,TOUCHED,0.44,above,567.5,565.02,563.37,565.02,561.71,0.589,73.4,0.018,0,2026-08-18,2026-08-19,False,False,5.0,2026-08-19T13:46:29+05:30
SAILIFE,1426.67,TOUCHED,-0.28,inside,1422.7,1426.67,1426.67,1431.8,1421.53,0.72,74.0,0.04,0,2026-08-17,2026-08-19,False,False,5.0,2026-08-19T13:46:29+05:30
PFIZER,4870.1,TOUCHED,0.74,above,4906.1,4870.1,4856.43,4870.1,4842.77,0.563,75.3,0.025,0,2026-08-17,2026-08-19,False,False,5.0,2026-08-19T13:46:29+05:30
HINDZINC,559.85,TOUCHED,-0.33,below,558.0,559.85,561.7,563.55,559.85,0.659,75.6,0.041,0,2026-08-18,2026-08-19,False,False,5.0,2026-08-19T13:46:29+05:30
HINDPETRO,367.28,TOUCHED,-0.44,below,365.65,367.28,368.57,369.85,367.28,0.696,75.9,0.034,0,2026-08-18,2026-08-19,False,False,5.0,2026-08-19T13:46:29+05:30
BALRAMCHIN,655.48,TOUCHED,-0.78,below,650.4,655.48,657.72,659.95,655.48,0.679,76.2,0.039,0,2026-08-18,2026-08-19,False,False,5.0,2026-08-19T13:46:29+05:30
IDEA,14.05,TOUCHED,0.3,above,14.09,14.05,13.98,14.05,13.91,1.026,76.4,0.046,0,2026-08-18,2026-08-19,False,False,5.0,2026-08-19T13:46:29+05:30
TATACONSUM,1067.43,TOUCHED,0.08,inside,1068.3,1067.43,1067.43,1070.35,1064.52,0.546,76.4,0.027,0,2026-08-18,2026-08-19,False,False,5.0,2026-08-19T13:46:29+05:30
PERSISTENT,5507.0,TOUCHED,0.54,above,5536.5,5507.0,5485.5,5507.0,5464.0,0.784,76.7,0.018,0,2026-08-18,2026-08-19,False,False,5.0,2026-08-19T13:46:29+05:30
KOTAKBANK,390.27,TOUCHED,0.12,above,390.75,390.27,389.4,390.27,388.52,0.449,77.0,0.024,0,2026-08-18,2026-08-19,False,False,5.0,2026-08-19T13:46:29+05:30
GRAVITA,1805.57,TOUCHED,-0.35,inside,1799.2,1805.57,1805.57,1813.63,1797.5,0.894,77.3,0.033,0,2026-08-17,2026-08-19,False,False,5.0,2026-08-19T13:46:29+05:30
TATACHEM,655.01,TOUCHED,-1.65,below,644.2,655.01,657.02,659.02,655.01,0.611,77.3,0.02,0,2026-08-18,2026-08-19,False,False,5.0,2026-08-19T13:46:29+05:30
CARBORUNIV,1127.05,TOUCHED,-3.46,below,1088.1,1127.05,1131.4,1135.75,1127.05,0.769,78.1,0.029,0,2026-08-17,2026-08-19,False,False,5.0,2026-08-19T13:46:29+05:30
GODREJPROP,2005.82,TOUCHED,-0.28,below,2000.3,2005.82,2014.23,2022.65,2005.82,0.836,78.1,0.045,0,2026-08-18,2026-08-19,False,False,5.0,2026-08-19T13:46:29+05:30
JKCEMENT,5298.0,TOUCHED,-0.26,inside,5284.0,5298.0,5298.0,5319.0,5277.0,0.793,78.6,0.033,0,2026-08-17,2026-08-19,False,False,5.0,2026-08-19T13:46:29+05:30
MARUTI,13724.17,TOUCHED,-0.27,below,13687.0,13724.17,13757.33,13790.5,13724.17,0.482,78.6,0.017,0,2026-08-18,2026-08-19,False,False,5.0,2026-08-19T13:46:29+05:30
NUVAMA,1715.47,TOUCHED,0.06,inside,1716.5,1715.47,1715.47,1723.33,1707.6,0.917,78.6,0.025,0,2026-08-17,2026-08-19,False,False,5.0,2026-08-19T13:46:29+05:30
VMM,104.11,TOUCHED,-0.88,below,103.2,104.11,104.52,104.92,104.11,0.772,78.6,0.026,0,2026-08-18,2026-08-19,False,False,5.0,2026-08-19T13:46:29+05:30
WELSPUNLIV,176.98,TOUCHED,1.89,above,180.33,176.98,176.16,176.98,175.35,0.923,78.6,0.042,0,2026-08-18,2026-08-19,False,False,5.0,2026-08-19T13:46:29+05:30
TECHNOE,992.67,TOUCHED,0.25,inside,995.1,992.67,992.67,997.56,987.77,0.986,78.9,0.05,0,2026-08-18,2026-08-19,False,False,5.0,2026-08-19T13:46:29+05:30
UNOMINDA,1264.58,TOUCHED,0.81,above,1274.8,1264.58,1259.27,1264.58,1253.95,0.844,79.2,0.05,0,2026-08-17,2026-08-19,False,False,5.0,2026-08-19T13:46:29+05:30
AIAENG,4402.55,TOUCHED,-0.4,below,4384.8,4402.55,4417.57,4432.58,4402.55,0.68,79.5,0.041,0,2026-08-18,2026-08-19,False,False,5.0,2026-08-19T13:46:29+05:30
JSWINFRA,329.83,TOUCHED,-0.37,below,328.6,329.83,331.02,332.2,329.83,0.715,79.7,0.029,0,2026-08-18,2026-08-19,False,False,5.0,2026-08-19T13:46:29+05:30
BPCL,311.44,TOUCHED,-1.28,below,307.45,311.44,312.58,313.72,311.44,0.73,80.0,0.021,0,2026-08-18,2026-08-19,False,False,5.0,2026-08-19T13:46:29+05:30
SAIL,172.26,TOUCHED,0.38,above,172.92,172.26,171.58,172.26,170.89,0.802,80.0,0.026,0,2026-08-18,2026-08-19,False,False,5.0,2026-08-19T13:46:29+05:30
UNITDSPR,1525.6,TOUCHED,-0.35,below,1520.2,1525.6,1530.3,1535.0,1525.6,0.614,80.5,0.033,0,2026-08-18,2026-08-19,False,False,5.0,2026-08-19T13:46:29+05:30
ATUL,6631.58,TOUCHED,-0.48,below,6599.5,6631.58,6654.67,6677.75,6631.58,0.694,80.8,0.015,0,2026-08-18,2026-08-19,False,False,5.0,2026-08-19T13:46:29+05:30
AFFLE,1696.88,TOUCHED,0.53,above,1705.8,1696.88,1689.87,1696.88,1682.85,0.83,81.1,0.032,0,2026-08-17,2026-08-19,False,False,5.0,2026-08-19T13:46:29+05:30
ANGELONE,290.43,TOUCHED,0.04,inside,290.55,290.43,290.43,291.97,288.9,1.056,81.1,0.029,0,2026-08-17,2026-08-19,False,False,5.0,2026-08-19T13:46:29+05:30
AIIL,554.66,TOUCHED,-0.73,below,550.6,554.66,557.82,560.98,554.66,1.132,81.6,0.055,0,2026-08-17,2026-08-19,False,False,5.0,2026-08-19T13:46:29+05:30
DEEPAKFERT,1479.37,TOUCHED,-1.2,below,1461.6,1479.37,1486.73,1494.1,1479.37,0.991,81.9,0.044,0,2026-08-18,2026-08-19,False,False,5.0,2026-08-19T13:46:29+05:30
BEML,1945.27,TOUCHED,0.35,inside,1952.0,1945.27,1945.27,1955.38,1935.15,1.04,83.0,0.028,0,2026-08-18,2026-08-19,False,False,5.0,2026-08-19T13:46:29+05:30
EMCURE,1893.27,TOUCHED,0.15,inside,1896.2,1893.27,1893.27,1902.95,1883.58,1.023,83.0,0.029,0,2026-08-17,2026-08-19,False,False,5.0,2026-08-19T13:46:29+05:30
NETWEB,5244.6,TOUCHED,-3.49,below,5061.8,5244.6,5281.23,5317.87,5244.6,1.387,83.0,0.055,0,2026-08-18,2026-08-19,False,False,5.0,2026-08-19T13:46:29+05:30
EXIDEIND,467.06,TOUCHED,-1.67,below,459.25,467.06,468.87,470.68,467.06,0.771,83.3,0.027,0,2026-08-18,2026-08-19,False,False,5.0,2026-08-19T13:46:29+05:30
YESBANK,22.63,TOUCHED,0.1,inside,22.65,22.63,22.63,22.71,22.54,0.737,83.3,0.04,0,2026-08-18,2026-08-19,False,False,5.0,2026-08-19T13:46:29+05:30
DATAPATTNS,4703.97,TOUCHED,0.46,above,4725.7,4703.97,4670.73,4703.97,4637.5,1.423,83.8,0.075,0,2026-08-18,2026-08-19,False,False,5.0,2026-08-19T13:46:29+05:30
KPRMILL,1130.07,TOUCHED,0.16,above,1131.9,1130.07,1124.53,1130.07,1119.0,0.984,83.8,0.054,0,2026-08-17,2026-08-19,False,False,5.0,2026-08-19T13:46:29+05:30
TRIDENT,24.56,TOUCHED,-0.66,below,24.4,24.56,24.65,24.74,24.56,0.744,83.8,0.028,0,2026-08-18,2026-08-19,False,False,5.0,2026-08-19T13:46:29+05:30
TATATECH,845.2,TOUCHED,-3.4,below,816.5,845.2,848.75,852.3,845.2,0.837,84.4,0.035,0,2026-08-17,2026-08-19,False,False,5.0,2026-08-19T13:46:29+05:30
UNIONBANK,186.35,TOUCHED,-0.28,below,185.83,186.35,187.19,188.04,186.35,0.905,84.7,0.048,0,2026-08-18,2026-08-19,False,False,5.0,2026-08-19T13:46:29+05:30
LALPATHLAB,1892.8,TOUCHED,-0.38,inside,1885.7,1892.8,1892.8,1900.55,1885.05,0.819,86.3,0.043,0,2026-08-17,2026-08-19,False,False,5.0,2026-08-19T13:46:29+05:30
TRITURBINE,584.75,TOUCHED,-2.61,below,569.5,584.75,587.6,590.45,584.75,0.97,86.3,0.021,0,2026-08-18,2026-08-19,False,False,5.0,2026-08-19T13:46:29+05:30
MCX,2987.0,TOUCHED,-0.45,below,2973.7,2987.0,3004.67,3022.33,2987.0,1.176,86.6,0.058,0,2026-08-18,2026-08-19,False,False,5.0,2026-08-19T13:46:29+05:30
NYKAA,324.53,TOUCHED,0.76,above,327.0,324.53,323.22,324.53,321.91,0.81,86.6,0.027,0,2026-08-18,2026-08-19,False,False,5.0,2026-08-19T13:46:29+05:30
PAYTM,1572.65,TOUCHED,1.1,above,1589.9,1572.65,1563.87,1572.65,1555.08,1.123,86.8,0.057,0,2026-08-18,2026-08-19,False,False,5.0,2026-08-19T13:46:29+05:30
APOLLOHOSP,8851.92,TOUCHED,-1.09,below,8755.5,8851.92,8878.33,8904.75,8851.92,0.595,87.1,0.017,0,2026-08-17,2026-08-19,False,False,5.0,2026-08-19T13:46:29+05:30
CHALET,840.7,TOUCHED,1.3,above,851.65,840.7,836.7,840.7,832.7,0.956,87.7,0.023,0,2026-08-17,2026-08-19,False,False,5.0,2026-08-19T13:46:29+05:30
LTM,4582.5,TOUCHED,-0.67,below,4552.0,4582.5,4602.8,4623.1,4582.5,0.882,87.9,0.032,0,2026-08-18,2026-08-19,False,False,5.0,2026-08-19T13:46:29+05:30
MPHASIS,2444.07,TOUCHED,-1.3,below,2412.4,2444.07,2456.13,2468.2,2444.07,0.983,88.8,0.024,0,2026-08-18,2026-08-19,False,False,5.0,2026-08-19T13:46:29+05:30
AEGISLOG,1349.6,TOUCHED,0.59,inside,1357.5,1349.6,1349.6,1358.65,1340.55,1.341,89.0,0.033,0,2026-08-18,2026-08-19,False,False,5.0,2026-08-19T13:46:29+05:30
SCHNEIDER,1255.5,TOUCHED,-0.24,inside,1252.5,1255.5,1255.5,1264.95,1246.05,1.505,89.0,0.027,0,2026-08-18,2026-08-19,False,False,5.0,2026-08-19T13:46:29+05:30
FIRSTCRY,206.13,TOUCHED,-3.6,below,198.7,206.13,207.61,209.09,206.13,1.424,90.7,0.066,0,2026-08-18,2026-08-19,False,False,5.0,2026-08-19T13:46:29+05:30
MAXHEALTH,1004.5,TOUCHED,-0.17,inside,1002.8,1004.5,1004.5,1009.45,999.55,0.986,90.7,0.037,0,2026-08-18,2026-08-19,False,False,5.0,2026-08-19T13:46:29+05:30
LODHA,1219.25,TOUCHED,-1.46,below,1201.4,1219.25,1227.4,1235.55,1219.25,1.328,91.2,0.031,0,2026-08-18,2026-08-19,False,False,5.0,2026-08-19T13:46:29+05:30
WIPRO,179.37,TOUCHED,-0.08,inside,179.23,179.37,179.37,180.03,178.71,0.73,91.8,0.013,0,2026-08-18,2026-08-19,False,False,5.0,2026-08-19T13:46:29+05:30
J&KBANK,149.97,TOUCHED,-0.6,inside,149.07,149.97,149.97,150.97,148.97,1.331,92.3,0.029,0,2026-08-17,2026-08-19,False,False,5.0,2026-08-19T13:46:29+05:30
ZYDUSLIFE,1120.35,TOUCHED,-1.23,below,1106.6,1120.35,1125.1,1129.85,1120.35,0.844,92.3,0.024,0,2026-08-18,2026-08-19,False,False,5.0,2026-08-19T13:46:29+05:30
AFCONS,277.18,TOUCHED,0.44,inside,278.4,277.18,277.18,278.72,275.65,1.106,93.4,0.024,0,2026-08-18,2026-08-19,False,False,5.0,2026-08-19T13:46:29+05:30
NAM-INDIA,1194.87,TOUCHED,0.34,above,1198.9,1194.87,1187.03,1194.87,1179.2,1.32,93.7,0.032,0,2026-08-17,2026-08-19,False,False,5.0,2026-08-19T13:46:29+05:30
PAGEIND,36402.35,TOUCHED,-2.22,below,35595.0,36402.35,36579.71,36757.06,36402.35,0.97,93.7,0.027,0,2026-08-18,2026-08-19,False,False,5.0,2026-08-19T13:46:29+05:30
MRPL,179.16,TOUCHED,-2.01,below,175.56,179.16,180.88,182.6,179.16,1.902,94.0,0.056,0,2026-08-18,2026-08-19,False,False,5.0,2026-08-19T13:46:29+05:30
PFOCUS,279.75,TOUCHED,0.32,inside,280.65,279.75,279.75,283.0,276.5,2.324,94.0,0.053,0,2026-08-18,2026-08-19,False,False,5.0,2026-08-19T13:46:29+05:30
HEG,722.5,TOUCHED,-2.64,below,703.4,722.5,728.08,733.67,722.5,1.534,94.2,0.045,0,2026-08-18,2026-08-19,False,False,5.0,2026-08-19T13:46:29+05:30
APARINDS,16747.0,TOUCHED,-0.22,below,16710.0,16747.0,16902.67,17058.33,16747.0,1.842,94.5,0.055,0,2026-08-18,2026-08-19,False,False,5.0,2026-08-19T13:46:29+05:30
TBOTEK,1673.57,TOUCHED,0.14,inside,1675.9,1673.57,1673.57,1686.78,1660.35,1.579,94.8,0.033,0,2026-08-17,2026-08-19,False,False,5.0,2026-08-19T13:46:29+05:30
COLPAL,1912.1,TOUCHED,-2.46,below,1865.0,1912.1,1921.2,1930.3,1912.1,0.947,95.1,0.024,0,2026-08-18,2026-08-19,False,False,5.0,2026-08-19T13:46:29+05:30
MFSL,1563.45,TOUCHED,0.2,above,1566.5,1563.45,1555.2,1563.45,1546.95,1.061,95.3,0.019,0,2026-08-17,2026-08-19,False,False,5.0,2026-08-19T13:46:29+05:30
ZENTEC,1933.8,TOUCHED,-0.03,below,1933.3,1933.8,1950.0,1966.2,1933.8,1.662,95.6,0.016,0,2026-08-18,2026-08-19,False,False,5.0,2026-08-19T13:46:29+05:30
ACUTAAS,3327.03,TOUCHED,-0.95,inside,3295.4,3327.03,3327.03,3359.22,3294.85,1.935,95.9,0.036,0,2026-08-18,2026-08-19,False,False,5.0,2026-08-19T13:46:29+05:30
TORNTPOWER,1272.4,TOUCHED,-2.21,below,1244.3,1272.4,1280.7,1289.0,1272.4,1.296,95.9,0.031,0,2026-08-18,2026-08-19,False,False,5.0,2026-08-19T13:46:29+05:30
HDBFS,687.92,TOUCHED,-0.28,below,686.0,687.92,691.33,694.74,687.92,0.986,96.1,0.023,0,2026-08-18,2026-08-19,False,False,5.0,2026-08-19T13:46:29+05:30
PPLPHARMA,207.41,TOUCHED,0.46,inside,208.36,207.41,207.41,208.97,205.85,1.504,96.2,0.044,0,2026-08-18,2026-08-19,False,False,5.0,2026-08-19T13:46:29+05:30
JYOTICNC,920.79,TOUCHED,2.61,above,944.8,920.79,912.38,920.79,903.98,1.843,96.4,0.027,0,2026-08-18,2026-08-19,False,False,5.0,2026-08-19T13:46:29+05:30
LEMONTREE,109.0,V+N,-0.81,below,108.12,109.0,109.01,109.01,109.0,0.009,1.9,0.023,1,2026-08-18,2026-08-19,True,True,5.0,2026-08-19T14:55:45+05:30
MANKIND,2379.72,V+N,0.55,above,2392.8,2379.72,2379.43,2379.72,2379.15,0.024,3.3,0.038,1,2026-08-18,2026-08-19,True,True,5.0,2026-08-19T14:55:45+05:30
CGPOWER,894.3,V+N,-3.25,below,865.2,894.3,894.4,894.5,894.3,0.022,3.8,0.035,1,2026-08-18,2026-08-19,True,True,5.0,2026-08-19T14:55:45+05:30
RAILTEL,277.3,V+N,4.74,above,290.45,277.3,277.25,277.3,277.2,0.036,4.4,0.041,1,2026-08-18,2026-08-19,True,True,5.0,2026-08-19T14:55:45+05:30
NATIONALUM,388.11,V,-0.88,below,384.7,388.11,388.22,388.32,388.11,0.056,6.8,0.04,1,2026-08-18,2026-08-19,True,False,5.0,2026-08-19T14:55:45+05:30
NMDC,84.21,V,-1.37,below,83.06,84.21,84.23,84.26,84.21,0.051,7.9,0.028,1,2026-08-18,2026-08-19,True,False,5.0,2026-08-19T14:55:45+05:30
SHREECEM,24730.0,V,-1.86,below,24270.0,24730.0,24735.0,24740.0,24730.0,0.04,9.0,0.013,1,2026-08-18,2026-08-19,True,False,5.0,2026-08-19T14:55:45+05:30
AADHARHFC,487.57,V,-1.99,below,477.85,487.57,487.75,487.93,487.57,0.072,10.1,0.025,1,2026-08-18,2026-08-19,True,False,5.0,2026-08-19T14:55:45+05:30
APOLLOTYRE,436.2,V,-2.06,below,427.2,436.2,436.4,436.6,436.2,0.092,13.7,0.038,1,2026-08-18,2026-08-19,True,False,5.0,2026-08-19T14:55:45+05:30
SIEMENS,3958.82,V,-1.65,below,3893.4,3958.82,3960.63,3962.45,3958.82,0.092,15.1,0.02,1,2026-08-18,2026-08-19,True,False,5.0,2026-08-19T14:55:45+05:30
CYIENT,859.82,V,4.19,above,895.85,859.82,859.4,859.82,858.97,0.099,15.9,0.024,1,2026-08-18,2026-08-19,True,False,5.0,2026-08-19T14:55:45+05:30
GRAVITA,1815.47,V,-0.56,below,1805.3,1815.47,1816.83,1818.2,1815.47,0.15,15.9,0.033,1,2026-08-18,2026-08-19,True,False,5.0,2026-08-19T14:55:45+05:30
BAJAJFINSV,2008.4,V,-0.34,below,2001.6,2008.4,2009.33,2010.27,2008.4,0.093,16.2,0.02,1,2026-08-18,2026-08-19,True,False,5.0,2026-08-19T14:55:45+05:30
TATASTEEL,185.57,V,-0.9,below,183.91,185.57,185.65,185.72,185.57,0.079,17.5,0.019,1,2026-08-18,2026-08-19,True,False,5.0,2026-08-19T14:55:45+05:30
MGL,1110.67,V,2.01,above,1133.0,1110.67,1109.93,1110.67,1109.2,0.132,18.9,0.034,1,2026-08-18,2026-08-19,True,False,5.0,2026-08-19T14:55:45+05:30
POWERINDIA,35313.33,V,-5.01,below,33545.0,35313.33,35351.67,35390.0,35313.33,0.217,18.9,0.055,1,2026-08-18,2026-08-19,True,False,5.0,2026-08-19T14:55:45+05:30
IEX,124.47,V,-0.85,below,123.42,124.47,124.55,124.62,124.47,0.118,20.0,0.028,1,2026-08-18,2026-08-19,True,False,5.0,2026-08-19T14:55:45+05:30
MANAPPURAM,346.85,V,-2.09,below,339.6,346.85,347.1,347.35,346.85,0.144,20.3,0.027,1,2026-08-18,2026-08-19,True,False,5.0,2026-08-19T14:55:45+05:30
SOLARINDS,20226.0,V,-2.51,below,19719.0,20226.0,20244.0,20262.0,20226.0,0.178,21.4,0.057,1,2026-08-18,2026-08-19,True,False,5.0,2026-08-19T14:55:45+05:30
MUTHOOTFIN,2896.75,V,-1.5,below,2853.2,2896.75,2899.4,2902.05,2896.75,0.183,22.2,0.04,1,2026-08-18,2026-08-19,True,False,5.0,2026-08-19T14:55:45+05:30
DELHIVERY,452.16,V,-0.85,below,448.3,452.16,452.52,452.88,452.16,0.158,22.5,0.019,1,2026-08-18,2026-08-19,True,False,5.0,2026-08-19T14:55:45+05:30
COFORGE,1778.6,V,1.89,above,1812.3,1778.6,1776.73,1778.6,1774.87,0.21,23.0,0.032,1,2026-08-18,2026-08-19,True,False,5.0,2026-08-19T14:55:45+05:30
RPOWER,22.49,V,-2.82,below,21.85,22.49,22.52,22.56,22.49,0.311,23.3,0.076,1,2026-08-18,2026-08-19,True,False,5.0,2026-08-19T14:55:45+05:30
DABUR,403.82,V,-1.12,below,399.3,403.82,404.13,404.45,403.82,0.157,24.4,0.033,1,2026-08-18,2026-08-19,True,False,5.0,2026-08-19T14:55:45+05:30
SARDAEN,518.8,V,-1.89,below,509.0,518.8,519.45,520.1,518.8,0.25,24.7,0.028,1,2026-08-18,2026-08-19,True,False,5.0,2026-08-19T14:55:45+05:30
PFIZER,4795.57,V,2.28,above,4905.0,4795.57,4791.83,4795.57,4788.1,0.156,24.9,0.025,1,2026-08-18,2026-08-19,True,False,5.0,2026-08-19T14:55:45+05:30
AMBUJACEM,412.73,V,-1.38,below,407.05,412.73,413.07,413.4,412.73,0.161,26.0,0.035,1,2026-08-18,2026-08-19,True,False,5.0,2026-08-19T14:55:45+05:30
ANURAS,1209.5,V,1.33,above,1225.6,1209.5,1208.5,1209.5,1207.5,0.165,26.6,0.025,1,2026-08-18,2026-08-19,True,False,5.0,2026-08-19T14:55:45+05:30
GESHIP,1301.12,V,1.19,above,1316.6,1301.12,1299.33,1301.12,1297.55,0.275,29.9,0.037,1,2026-08-18,2026-08-19,True,False,5.0,2026-08-19T14:55:45+05:30
LUPIN,2233.92,V,-0.61,below,2220.3,2233.92,2235.83,2237.75,2233.92,0.171,31.5,0.028,1,2026-08-18,2026-08-19,True,False,5.0,2026-08-19T14:55:45+05:30
SAMMAANCAP,149.98,V,2.32,above,153.46,149.98,149.73,149.98,149.47,0.336,31.8,0.041,1,2026-08-18,2026-08-19,True,False,5.0,2026-08-19T14:55:45+05:30
UCOBANK,25.93,V,-0.81,below,25.72,25.93,25.96,25.99,25.93,0.231,31.8,0.013,1,2026-08-18,2026-08-19,True,False,5.0,2026-08-19T14:55:45+05:30
CEATLTD,3610.92,V,-2.23,below,3530.3,3610.92,3616.43,3621.95,3610.92,0.305,32.9,0.033,1,2026-08-18,2026-08-19,True,False,5.0,2026-08-19T14:55:45+05:30
HINDALCO,1042.5,V,-0.61,below,1036.1,1042.5,1043.4,1044.3,1042.5,0.173,32.9,0.011,1,2026-08-18,2026-08-19,True,False,5.0,2026-08-19T14:55:45+05:30
WELCORP,1914.22,V,3.01,above,1971.8,1914.22,1911.33,1914.22,1908.45,0.302,35.3,0.053,1,2026-08-18,2026-08-19,True,False,5.0,2026-08-19T14:55:45+05:30
KEI,5796.95,V,-2.24,below,5667.2,5796.95,5803.9,5810.85,5796.95,0.239,35.6,0.026,1,2026-08-18,2026-08-19,True,False,5.0,2026-08-19T14:55:45+05:30
SCHAEFFLER,4067.62,V,0.65,above,4094.1,4067.62,4061.93,4067.62,4056.25,0.28,39.2,0.035,1,2026-08-18,2026-08-19,True,False,5.0,2026-08-19T14:55:45+05:30
ATGL,650.4,V,2.48,above,666.55,650.4,649.37,650.4,648.33,0.318,41.6,0.031,1,2026-08-18,2026-08-19,True,False,5.0,2026-08-19T14:55:45+05:30
CENTRALBK,31.07,V,-0.43,below,30.94,31.07,31.13,31.18,31.07,0.343,45.2,0.038,1,2026-08-18,2026-08-19,True,False,5.0,2026-08-19T14:55:45+05:30
VOLTAS,1255.1,V,-2.57,below,1222.8,1255.1,1257.3,1259.5,1255.1,0.35,45.2,0.038,1,2026-08-18,2026-08-19,True,False,5.0,2026-08-19T14:55:45+05:30
ABBOTINDIA,26621.67,V,-0.93,below,26375.0,26621.67,26663.33,26705.0,26621.67,0.313,50.1,0.034,1,2026-08-18,2026-08-19,True,False,5.0,2026-08-19T14:55:45+05:30
NEULANDLAB,23437.5,V,-0.85,below,23238.0,23437.5,23505.0,23572.5,23437.5,0.574,50.7,0.032,1,2026-08-18,2026-08-19,True,False,5.0,2026-08-19T14:55:45+05:30
ELECON,435.37,V,-1.24,below,429.95,435.37,436.78,438.2,435.37,0.649,52.3,0.036,1,2026-08-18,2026-08-19,True,False,5.0,2026-08-19T14:55:45+05:30
COROMANDEL,2067.8,V,-1.07,below,2045.7,2067.8,2072.9,2078.0,2067.8,0.492,52.9,0.035,1,2026-08-18,2026-08-19,True,False,5.0,2026-08-19T14:55:45+05:30
JAINREC,297.32,V,-2.07,below,291.15,297.32,298.43,299.55,297.32,0.748,55.0,0.061,1,2026-08-18,2026-08-19,True,False,5.0,2026-08-19T14:55:45+05:30
JIOFIN,246.32,V,-1.55,below,242.5,246.32,246.83,247.35,246.32,0.419,55.3,0.022,1,2026-08-18,2026-08-19,True,False,5.0,2026-08-19T14:55:45+05:30
JSWENERGY,549.45,V,-1.58,below,540.75,549.45,550.8,552.15,549.45,0.49,55.9,0.021,1,2026-08-18,2026-08-19,True,False,5.0,2026-08-19T14:55:45+05:30
IGL,150.34,V,2.57,above,154.2,150.34,150.02,150.34,149.71,0.422,56.4,0.047,1,2026-08-18,2026-08-19,True,False,5.0,2026-08-19T14:55:45+05:30
POLYCAB,9159.08,V,-0.64,below,9100.5,9159.08,9179.17,9199.25,9159.08,0.438,57.8,0.035,1,2026-08-18,2026-08-19,True,False,5.0,2026-08-19T14:55:45+05:30
NBCC,88.27,V,-1.0,below,87.39,88.27,88.54,88.81,88.27,0.614,58.4,0.044,1,2026-08-18,2026-08-19,True,False,5.0,2026-08-19T14:55:45+05:30
CANBK,129.42,V,-0.66,below,128.56,129.42,129.73,130.05,129.42,0.488,58.6,0.023,1,2026-08-18,2026-08-19,True,False,5.0,2026-08-19T14:55:45+05:30
CHENNPETRO,1419.7,V,1.28,above,1437.9,1419.7,1414.47,1419.7,1409.23,0.74,58.6,0.026,1,2026-08-18,2026-08-19,True,False,5.0,2026-08-19T14:55:45+05:30
OLAELEC,38.77,V,-3.06,below,37.58,38.77,38.92,39.08,38.77,0.797,59.7,0.073,1,2026-08-18,2026-08-19,True,False,5.0,2026-08-19T14:55:45+05:30
PETRONET,285.62,V,0.9,above,288.2,285.62,285.0,285.62,284.38,0.439,62.2,0.025,1,2026-08-18,2026-08-19,True,False,5.0,2026-08-19T14:55:45+05:30
BHEL,426.27,V,-1.6,below,419.45,426.27,427.55,428.82,426.27,0.596,62.5,0.048,1,2026-08-18,2026-08-19,True,False,5.0,2026-08-19T14:55:45+05:30
SUZLON,47.92,V,-1.97,below,46.98,47.92,48.07,48.21,47.92,0.596,63.8,0.033,1,2026-08-18,2026-08-19,True,False,5.0,2026-08-19T14:55:45+05:30
BANDHANBNK,171.04,V,-1.1,below,169.15,171.04,171.57,172.11,171.04,0.624,66.0,0.026,1,2026-08-18,2026-08-19,True,False,5.0,2026-08-19T14:55:45+05:30
PCBL,325.57,V,1.05,above,329.0,325.57,324.6,325.57,323.62,0.601,66.0,0.057,1,2026-08-18,2026-08-19,True,False,5.0,2026-08-19T14:55:45+05:30
ABLBL,89.02,V,-2.23,below,87.04,89.02,89.32,89.62,89.02,0.675,67.2,0.055,1,2026-08-18,2026-08-19,True,False,5.0,2026-08-19T14:55:45+05:30
GVT&D,4212.67,V,-2.51,below,4107.0,4212.67,4230.33,4248.0,4212.67,0.835,68.2,0.025,1,2026-08-18,2026-08-19,True,False,5.0,2026-08-19T14:55:45+05:30
PTCIL,19861.0,V,-1.37,below,19588.0,19861.0,19931.0,20001.0,19861.0,0.702,69.0,0.025,1,2026-08-18,2026-08-19,True,False,5.0,2026-08-19T14:55:45+05:30
INDUSTOWER,373.48,V,-1.23,below,368.9,373.48,374.57,375.65,373.48,0.578,71.0,0.022,1,2026-08-18,2026-08-19,True,False,5.0,2026-08-19T14:55:45+05:30
THERMAX,4093.87,V,-1.76,below,4022.0,4093.87,4107.83,4121.8,4093.87,0.68,72.9,0.022,1,2026-08-18,2026-08-19,True,False,5.0,2026-08-19T14:55:45+05:30
COALINDIA,407.84,V,-2.03,below,399.55,407.84,408.78,409.73,407.84,0.461,74.8,0.023,1,2026-08-18,2026-08-19,True,False,5.0,2026-08-19T14:55:45+05:30
CESC,162.57,V,-2.12,below,159.12,162.57,163.17,163.76,162.57,0.727,77.3,0.037,1,2026-08-18,2026-08-19,True,False,5.0,2026-08-19T14:55:45+05:30
IFCI,80.93,V,1.59,above,82.22,80.93,80.51,80.93,80.08,1.06,77.3,0.1,1,2026-08-18,2026-08-19,True,False,5.0,2026-08-19T14:55:45+05:30
LATENTVIEW,282.79,V,-2.49,below,275.75,282.79,283.98,285.18,282.79,0.839,77.8,0.035,1,2026-08-18,2026-08-19,True,False,5.0,2026-08-19T14:55:45+05:30
ULTRACEMCO,11528.17,V,-0.59,below,11460.0,11528.17,11557.33,11586.5,11528.17,0.505,77.8,0.026,1,2026-08-18,2026-08-19,True,False,5.0,2026-08-19T14:55:45+05:30
SBIN,1055.45,V,-1.1,below,1043.8,1055.45,1057.9,1060.35,1055.45,0.463,78.9,0.011,1,2026-08-18,2026-08-19,True,False,5.0,2026-08-19T14:55:45+05:30
SCI,294.09,V,0.68,above,296.1,294.09,292.43,294.09,290.78,1.134,80.8,0.045,1,2026-08-18,2026-08-19,True,False,5.0,2026-08-19T14:55:45+05:30
TATAELXSI,3677.17,V,-0.82,below,3647.0,3677.17,3692.33,3707.5,3677.17,0.822,82.5,0.034,1,2026-08-18,2026-08-19,True,False,5.0,2026-08-19T14:55:45+05:30
THELEELA,516.98,V,3.16,above,533.3,516.98,514.8,516.98,512.62,0.845,82.6,0.03,1,2026-08-18,2026-08-19,True,False,5.0,2026-08-19T14:55:45+05:30
JSL,735.63,V,-1.56,below,724.15,735.63,738.87,742.1,735.63,0.875,82.7,0.041,1,2026-08-18,2026-08-19,True,False,5.0,2026-08-19T14:55:45+05:30
VEDL,265.08,V,-1.01,below,262.4,265.08,266.17,267.25,265.08,0.814,83.0,0.028,1,2026-08-18,2026-08-19,True,False,5.0,2026-08-19T14:55:45+05:30
ABB,7574.42,V,-2.18,below,7409.0,7574.42,7602.83,7631.25,7574.42,0.748,83.6,0.023,1,2026-08-18,2026-08-19,True,False,5.0,2026-08-19T14:55:45+05:30
NSLNISP,40.69,V,-1.32,below,40.15,40.69,40.88,41.08,40.69,0.962,83.8,0.033,1,2026-08-18,2026-08-19,True,False,5.0,2026-08-19T14:55:45+05:30
CUMMINSIND,5372.33,V,-2.68,below,5228.5,5372.33,5394.67,5417.0,5372.33,0.828,85.8,0.018,1,2026-08-18,2026-08-19,True,False,5.0,2026-08-19T14:55:45+05:30
INOXWIND,75.45,V,-2.25,below,73.75,75.45,75.94,76.44,75.45,1.308,91.2,0.041,1,2026-08-18,2026-08-19,True,False,5.0,2026-08-19T14:55:45+05:30
TMPV,324.28,V,-0.63,below,322.25,324.28,325.77,327.25,324.28,0.911,91.8,0.02,1,2026-08-18,2026-08-19,True,False,5.0,2026-08-19T14:55:45+05:30
HOMEFIRST,1177.1,NARROW,0.89,above,1187.6,1177.1,1177.1,1177.1,1177.1,0.0,0.0,0.042,0,2026-08-18,2026-08-19,False,True,5.0,2026-08-19T14:55:45+05:30
SAPPHIRE,231.99,NARROW,0.45,above,233.03,231.99,231.98,231.99,231.97,0.004,1.4,0.05,0,2026-08-18,2026-08-19,False,True,5.0,2026-08-19T14:55:45+05:30
MAZDOCK,2587.05,NARROW,-1.41,below,2550.7,2587.05,2587.1,2587.15,2587.05,0.004,1.9,0.042,0,2026-08-18,2026-08-19,False,True,5.0,2026-08-19T14:55:45+05:30
LICHSGFIN,498.85,NARROW,0.01,above,498.9,498.85,498.83,498.85,498.82,0.007,2.2,0.018,0,2026-08-18,2026-08-19,False,True,5.0,2026-08-19T14:55:45+05:30
ABDL,612.68,NARROW,-1.69,below,602.35,612.68,612.77,612.85,612.68,0.027,2.5,0.075,0,2026-08-18,2026-08-19,False,True,5.0,2026-08-19T14:55:45+05:30
BBTC,1473.27,NARROW,-1.84,below,1446.1,1473.27,1473.33,1473.4,1473.27,0.009,2.5,0.029,0,2026-08-18,2026-08-19,False,True,5.0,2026-08-19T14:55:45+05:30
MMTC,63.51,NARROW,-1.67,below,62.45,63.51,63.52,63.53,63.51,0.031,3.0,0.051,0,2026-08-18,2026-08-19,False,True,5.0,2026-08-19T14:55:45+05:30
FACT,794.42,NARROW,-0.44,below,790.95,794.42,794.57,794.71,794.42,0.036,3.3,0.056,0,2026-08-18,2026-08-19,False,True,5.0,2026-08-19T14:55:45+05:30
BATAINDIA,727.91,NARROW,-0.83,below,721.85,727.91,727.97,728.04,727.91,0.018,3.6,0.022,0,2026-08-18,2026-08-19,False,True,5.0,2026-08-19T14:55:45+05:30
SIGNATURE,801.03,NARROW,-1.54,below,788.7,801.03,801.12,801.2,801.03,0.021,3.6,0.028,0,2026-08-18,2026-08-19,False,True,5.0,2026-08-19T14:55:45+05:30
ANTHEM,891.17,NARROW,-1.11,below,881.25,891.17,891.3,891.42,891.17,0.028,3.7,0.042,0,2026-08-18,2026-08-19,False,True,5.0,2026-08-19T14:55:45+05:30
KPIL,1402.75,NARROW,-1.49,below,1381.9,1402.75,1403.0,1403.25,1402.75,0.036,3.8,0.041,0,2026-08-18,2026-08-19,False,True,5.0,2026-08-19T14:55:45+05:30
ANANTRAJ,627.48,NARROW,0.51,above,630.65,627.48,627.33,627.48,627.19,0.045,4.1,0.073,0,2026-08-18,2026-08-19,False,True,5.0,2026-08-19T14:55:45+05:30
NLCINDIA,276.5,NARROW,-2.04,below,270.85,276.5,276.55,276.6,276.5,0.036,4.1,0.048,0,2026-08-18,2026-08-19,False,True,5.0,2026-08-19T14:55:45+05:30
HINDCOPPER,566.12,NARROW,-1.57,below,557.25,566.12,566.2,566.27,566.12,0.026,4.4,0.031,0,2026-08-18,2026-08-19,False,True,5.0,2026-08-19T14:55:45+05:30
EMCURE,1875.05,NARROW,1.7,above,1907.0,1875.05,1874.87,1875.05,1874.68,0.02,4.7,0.027,0,2026-08-18,2026-08-19,False,True,5.0,2026-08-19T14:55:45+05:30
UNOMINDA,1272.1,NARROW,-0.2,below,1269.6,1272.1,1272.4,1272.7,1272.1,0.047,4.7,0.049,0,2026-08-18,2026-08-19,False,True,5.0,2026-08-19T14:55:45+05:30
DEEPAKNTR,1770.75,NARROW,0.43,above,1778.4,1770.75,1770.5,1770.75,1770.25,0.028,4.9,0.029,0,2026-08-18,2026-08-19,False,True,5.0,2026-08-19T14:55:45+05:30
ACE,1174.03,WIDE,0.61,above,1181.2,1174.03,1163.27,1174.03,1152.5,1.851,98.1,0.049,0,2026-08-18,2026-08-19,False,False,5.0,2026-08-19T14:55:45+05:30
GLAXO,2853.28,WIDE,5.94,above,3022.8,2853.28,2829.17,2853.28,2805.05,1.705,98.1,0.026,0,2026-08-18,2026-08-19,False,False,5.0,2026-08-19T14:55:45+05:30
SBICARD,624.02,WIDE,0.42,inside,626.65,624.02,624.02,628.53,619.51,1.445,98.1,0.029,0,2026-08-18,2026-08-19,False,False,5.0,2026-08-19T14:55:45+05:30
TIINDIA,2930.13,WIDE,0.29,above,2938.7,2930.13,2901.27,2930.13,2872.4,1.99,98.6,0.038,0,2026-08-18,2026-08-19,False,False,5.0,2026-08-19T14:55:45+05:30
LTF,316.67,WIDE,-0.02,below,316.6,316.67,319.48,322.29,316.67,1.758,99.2,0.03,0,2026-08-18,2026-08-19,False,False,5.0,2026-08-19T14:55:45+05:30
OBEROIRLTY,1875.12,WIDE,-0.01,below,1874.9,1875.12,1892.23,1909.35,1875.12,1.809,99.5,0.044,0,2026-08-18,2026-08-19,False,False,5.0,2026-08-19T14:55:45+05:30
PIRAMALFIN,2059.97,TOUCHED,0.11,above,2062.3,2059.97,2059.43,2059.97,2058.9,0.052,5.1,0.05,0,2026-08-18,2026-08-19,False,False,5.0,2026-08-19T14:55:45+05:30
SUPREMEIND,3603.13,TOUCHED,0.59,above,3624.3,3603.13,3602.27,3603.13,3601.4,0.048,5.2,0.042,0,2026-08-18,2026-08-19,False,False,5.0,2026-08-19T14:55:45+05:30
CANHLIFE,149.32,TOUCHED,1.57,above,151.66,149.32,149.3,149.32,149.29,0.022,5.3,0.019,0,2026-08-18,2026-08-19,False,False,5.0,2026-08-19T14:55:45+05:30
ABREL,1390.58,TOUCHED,0.39,above,1396.0,1390.58,1390.37,1390.58,1390.15,0.031,5.5,0.025,0,2026-08-18,2026-08-19,False,False,5.0,2026-08-19T14:55:45+05:30
ABSLAMC,1013.47,TOUCHED,-1.01,below,1003.2,1013.47,1013.63,1013.8,1013.47,0.033,5.5,0.033,0,2026-08-18,2026-08-19,False,False,5.0,2026-08-19T14:55:45+05:30
DMART,3981.63,TOUCHED,-0.27,below,3970.8,3981.63,3982.27,3982.9,3981.63,0.032,5.8,0.028,0,2026-08-18,2026-08-19,False,False,5.0,2026-08-19T14:55:45+05:30
HUDCO,187.97,TOUCHED,0.67,above,189.24,187.97,187.94,187.97,187.9,0.039,5.8,0.035,0,2026-08-18,2026-08-19,False,False,5.0,2026-08-19T14:55:45+05:30
ICICIBANK,1411.45,TOUCHED,-0.9,below,1398.8,1411.45,1411.63,1411.82,1411.45,0.026,5.8,0.023,0,2026-08-18,2026-08-19,False,False,5.0,2026-08-19T14:55:45+05:30
LAURUSLABS,1813.35,TOUCHED,-0.55,below,1803.4,1813.35,1813.57,1813.78,1813.35,0.024,5.8,0.018,0,2026-08-18,2026-08-19,False,False,5.0,2026-08-19T14:55:45+05:30
JSWCEMENT,127.23,TOUCHED,-1.93,below,124.77,127.23,127.25,127.28,127.23,0.045,6.0,0.036,0,2026-08-18,2026-08-19,False,False,5.0,2026-08-19T14:55:45+05:30
URBANCO,144.93,TOUCHED,1.47,above,147.06,144.93,144.89,144.93,144.85,0.053,6.1,0.046,0,2026-08-18,2026-08-19,False,False,5.0,2026-08-19T14:55:45+05:30
BAJFINANCE,1093.8,TOUCHED,-1.29,below,1079.7,1093.8,1093.97,1094.13,1093.8,0.03,6.3,0.027,0,2026-08-18,2026-08-19,False,False,5.0,2026-08-19T14:55:45+05:30
JINDALSAW,268.58,TOUCHED,0.38,above,269.6,268.58,268.52,268.58,268.45,0.05,6.3,0.038,0,2026-08-18,2026-08-19,False,False,5.0,2026-08-19T14:55:45+05:30
TARIL,297.22,TOUCHED,-1.93,below,291.5,297.22,297.32,297.41,297.22,0.062,6.6,0.054,0,2026-08-18,2026-08-19,False,False,5.0,2026-08-19T14:55:45+05:30
RAMCOCEM,910.1,TOUCHED,-0.81,below,902.75,910.1,910.4,910.7,910.1,0.066,6.8,0.045,0,2026-08-18,2026-08-19,False,False,5.0,2026-08-19T14:55:45+05:30
VBL,438.95,TOUCHED,-1.25,below,433.45,438.95,439.07,439.18,438.95,0.053,6.8,0.03,0,2026-08-18,2026-08-19,False,False,5.0,2026-08-19T14:55:45+05:30
ZEEL,105.22,TOUCHED,-2.42,below,102.68,105.22,105.26,105.29,105.22,0.06,6.8,0.045,0,2026-08-18,2026-08-19,False,False,5.0,2026-08-19T14:55:45+05:30
PRESTIGE,1587.85,TOUCHED,-0.58,below,1578.7,1587.85,1588.57,1589.28,1587.85,0.09,7.1,0.056,0,2026-08-18,2026-08-19,False,False,5.0,2026-08-19T14:55:45+05:30
JKTYRE,382.73,TOUCHED,-2.15,below,374.5,382.73,382.87,383.01,382.73,0.074,7.4,0.044,0,2026-08-18,2026-08-19,False,False,5.0,2026-08-19T14:55:45+05:30
VTL,599.04,TOUCHED,-0.34,below,597.0,599.04,599.18,599.33,599.04,0.047,7.7,0.031,0,2026-08-18,2026-08-19,False,False,5.0,2026-08-19T14:55:45+05:30
JPPOWER,17.32,TOUCHED,-1.53,below,17.06,17.32,17.33,17.34,17.32,0.058,8.2,0.037,0,2026-08-18,2026-08-19,False,False,5.0,2026-08-19T14:55:45+05:30
KARURVYSYA,333.55,TOUCHED,-0.69,below,331.25,333.55,333.67,333.78,333.55,0.07,8.5,0.038,0,2026-08-18,2026-08-19,False,False,5.0,2026-08-19T14:55:45+05:30
M&MFIN,386.62,TOUCHED,0.55,above,388.75,386.62,386.48,386.62,386.34,0.073,9.0,0.037,0,2026-08-18,2026-08-19,False,False,5.0,2026-08-19T14:55:45+05:30
WAAREEENER,2706.25,TOUCHED,-1.38,below,2669.0,2706.25,2707.2,2708.15,2706.25,0.07,9.0,0.043,0,2026-08-18,2026-08-19,False,False,5.0,2026-08-19T14:55:45+05:30
ONGC,239.55,TOUCHED,-0.75,below,237.75,239.55,239.61,239.66,239.55,0.045,9.3,0.028,0,2026-08-18,2026-08-19,False,False,5.0,2026-08-19T14:55:45+05:30
LT,4065.37,TOUCHED,-0.71,below,4036.6,4065.37,4066.43,4067.5,4065.37,0.052,9.9,0.024,0,2026-08-18,2026-08-19,False,False,5.0,2026-08-19T14:55:45+05:30
HAVELLS,1298.95,TOUCHED,-1.7,below,1276.9,1298.95,1299.2,1299.45,1298.95,0.038,10.1,0.019,0,2026-08-18,2026-08-19,False,False,5.0,2026-08-19T14:55:45+05:30
CAPLIPOINT,2532.05,TOUCHED,1.56,above,2571.5,2532.05,2531.27,2532.05,2530.48,0.062,10.4,0.032,0,2026-08-18,2026-08-19,False,False,5.0,2026-08-19T14:55:45+05:30
COHANCE,455.41,TOUCHED,-1.49,below,448.6,455.41,455.62,455.82,455.41,0.091,11.0,0.022,0,2026-08-18,2026-08-19,False,False,5.0,2026-08-19T14:55:45+05:30
DOMS,2216.5,TOUCHED,-1.11,below,2192.0,2216.5,2217.2,2217.9,2216.5,0.063,11.2,0.027,0,2026-08-18,2026-08-19,False,False,5.0,2026-08-19T14:55:45+05:30
USHAMART,499.45,TOUCHED,0.35,above,501.2,499.45,499.23,499.45,499.02,0.087,11.2,0.035,0,2026-08-18,2026-08-19,False,False,5.0,2026-08-19T14:55:45+05:30
JUBLPHARMA,866.63,TOUCHED,0.02,inside,866.85,866.63,866.63,866.95,866.32,0.073,11.5,0.019,0,2026-08-18,2026-08-19,False,False,5.0,2026-08-19T14:55:45+05:30
GODIGIT,255.47,TOUCHED,-1.14,below,252.55,255.47,255.57,255.66,255.47,0.072,12.1,0.028,0,2026-08-18,2026-08-19,False,False,5.0,2026-08-19T14:55:45+05:30
KIMS,804.45,TOUCHED,-1.85,below,789.55,804.45,804.8,805.15,804.45,0.087,12.3,0.04,0,2026-08-18,2026-08-19,False,False,5.0,2026-08-19T14:55:45+05:30
POLICYBZR,1746.1,TOUCHED,2.69,above,1793.0,1746.1,1745.2,1746.1,1744.3,0.103,12.3,0.038,0,2026-08-18,2026-08-19,False,False,5.0,2026-08-19T14:55:45+05:30
TECHM,1592.65,TOUCHED,-0.72,below,1581.2,1592.65,1593.3,1593.95,1592.65,0.082,12.3,0.034,0,2026-08-18,2026-08-19,False,False,5.0,2026-08-19T14:55:45+05:30
LICI,410.48,TOUCHED,0.71,above,413.4,410.48,410.32,410.48,410.16,0.077,12.9,0.031,0,2026-08-18,2026-08-19,False,False,5.0,2026-08-19T14:55:45+05:30
INDIACEM,374.67,TOUCHED,-1.15,below,370.35,374.67,374.83,375.0,374.67,0.089,13.2,0.035,0,2026-08-18,2026-08-19,False,False,5.0,2026-08-19T14:55:45+05:30
NIACL,184.31,TOUCHED,1.53,above,187.13,184.31,184.24,184.31,184.16,0.085,13.2,0.032,0,2026-08-18,2026-08-19,False,False,5.0,2026-08-19T14:55:45+05:30
BIOCON,416.9,TOUCHED,-0.53,below,414.7,416.9,417.1,417.3,416.9,0.096,13.7,0.03,0,2026-08-18,2026-08-19,False,False,5.0,2026-08-19T14:55:45+05:30
FIVESTAR,534.35,TOUCHED,-1.91,below,524.15,534.35,534.68,535.02,534.35,0.125,14.0,0.041,0,2026-08-18,2026-08-19,False,False,5.0,2026-08-19T14:55:45+05:30
OLECTRA,1325.02,TOUCHED,-0.89,below,1313.2,1325.02,1325.93,1326.85,1325.02,0.138,14.5,0.033,0,2026-08-18,2026-08-19,False,False,5.0,2026-08-19T14:55:45+05:30
CASTROLIND,187.0,TOUCHED,1.18,above,189.2,187.0,186.95,187.0,186.9,0.053,14.8,0.014,0,2026-08-18,2026-08-19,False,False,5.0,2026-08-19T14:55:45+05:30
ENGINERSIN,244.12,TOUCHED,-2.21,below,238.72,244.12,244.34,244.56,244.12,0.179,14.8,0.04,0,2026-08-18,2026-08-19,False,False,5.0,2026-08-19T14:55:45+05:30
MINDACORP,745.69,TOUCHED,-1.29,below,736.1,745.69,746.13,746.57,745.69,0.118,14.8,0.038,0,2026-08-18,2026-08-19,False,False,5.0,2026-08-19T14:55:45+05:30
CRISIL,4450.6,TOUCHED,1.21,above,4504.5,4450.6,4447.9,4450.6,4445.2,0.121,15.1,0.05,0,2026-08-18,2026-08-19,False,False,5.0,2026-08-19T14:55:45+05:30
CIEINDIA,409.1,TOUCHED,-0.17,below,408.4,409.1,409.3,409.5,409.1,0.098,15.3,0.029,0,2026-08-18,2026-08-19,False,False,5.0,2026-08-19T14:55:45+05:30
GRASIM,3274.1,TOUCHED,-0.42,below,3260.5,3274.1,3275.63,3277.17,3274.1,0.094,15.3,0.017,0,2026-08-18,2026-08-19,False,False,5.0,2026-08-19T14:55:45+05:30
ADANIPORTS,1680.35,TOUCHED,-0.16,below,1677.7,1680.35,1681.03,1681.72,1680.35,0.081,15.6,0.02,0,2026-08-18,2026-08-19,False,False,5.0,2026-08-19T14:55:45+05:30
PFC,374.66,TOUCHED,-0.18,below,374.0,374.66,374.87,375.07,374.66,0.111,15.9,0.032,0,2026-08-18,2026-08-19,False,False,5.0,2026-08-19T14:55:45+05:30
SBILIFE,1779.0,TOUCHED,0.02,inside,1779.4,1779.0,1779.0,1779.5,1778.5,0.056,15.9,0.015,0,2026-08-18,2026-08-19,False,False,5.0,2026-08-19T14:55:45+05:30
ASHOKLEY,176.04,TOUCHED,-1.25,below,173.84,176.04,176.15,176.25,176.04,0.115,16.2,0.027,0,2026-08-18,2026-08-19,False,False,5.0,2026-08-19T14:55:45+05:30
INDUSINDBK,1013.83,TOUCHED,0.05,inside,1014.3,1013.83,1013.83,1014.42,1013.25,0.115,16.2,0.031,0,2026-08-18,2026-08-19,False,False,5.0,2026-08-19T14:55:45+05:30
IRCON,123.71,TOUCHED,-0.52,below,123.07,123.71,123.81,123.9,123.71,0.151,16.2,0.042,0,2026-08-18,2026-08-19,False,False,5.0,2026-08-19T14:55:45+05:30
POONAWALLA,498.23,TOUCHED,-0.95,below,493.5,498.23,498.57,498.9,498.23,0.134,16.2,0.033,0,2026-08-18,2026-08-19,False,False,5.0,2026-08-19T14:55:45+05:30
ADANIENSOL,1604.18,TOUCHED,-3.85,below,1542.4,1604.18,1605.37,1606.55,1604.18,0.147,16.4,0.031,0,2026-08-18,2026-08-19,False,False,5.0,2026-08-19T14:55:45+05:30
PARADEEP,147.67,TOUCHED,2.36,above,151.15,147.67,147.51,147.67,147.36,0.208,16.4,0.04,0,2026-08-18,2026-08-19,False,False,5.0,2026-08-19T14:55:45+05:30
ICICIGI,1624.65,TOUCHED,-0.27,below,1620.2,1624.65,1625.5,1626.35,1624.65,0.105,16.7,0.022,0,2026-08-18,2026-08-19,False,False,5.0,2026-08-19T14:55:45+05:30
EMAMILTD,400.88,TOUCHED,0.18,above,401.6,400.88,400.62,400.88,400.36,0.129,17.5,0.022,0,2026-08-18,2026-08-19,False,False,5.0,2026-08-19T14:55:45+05:30
HEROMOTOCO,5736.25,TOUCHED,-1.18,below,5668.5,5736.25,5739.33,5742.42,5736.25,0.107,17.8,0.017,0,2026-08-18,2026-08-19,False,False,5.0,2026-08-19T14:55:45+05:30
INTELLECT,694.12,TOUCHED,-1.88,below,681.05,694.12,694.73,695.34,694.12,0.175,18.1,0.042,0,2026-08-18,2026-08-19,False,False,5.0,2026-08-19T14:55:45+05:30
NHPC,76.59,TOUCHED,-0.48,below,76.23,76.59,76.64,76.69,76.59,0.117,18.1,0.035,0,2026-08-18,2026-08-19,False,False,5.0,2026-08-19T14:55:45+05:30
CROMPTON,244.65,TOUCHED,0.2,above,245.15,244.65,244.5,244.65,244.35,0.123,18.6,0.025,0,2026-08-18,2026-08-19,False,False,5.0,2026-08-19T14:55:45+05:30
SBFC,93.73,TOUCHED,-0.98,below,92.81,93.73,93.79,93.85,93.73,0.128,18.9,0.032,0,2026-08-18,2026-08-19,False,False,5.0,2026-08-19T14:55:45+05:30
SYRMA,1501.72,TOUCHED,-0.57,below,1493.2,1501.72,1503.33,1504.95,1501.72,0.215,18.9,0.045,0,2026-08-18,2026-08-19,False,False,5.0,2026-08-19T14:55:45+05:30
CIPLA,1431.73,TOUCHED,-0.86,below,1419.4,1431.73,1432.37,1433.0,1431.73,0.088,19.5,0.023,0,2026-08-18,2026-08-19,False,False,5.0,2026-08-19T14:55:45+05:30
TIMKEN,3301.97,TOUCHED,-2.48,below,3220.1,3301.97,3304.43,3306.9,3301.97,0.149,19.5,0.05,0,2026-08-18,2026-08-19,False,False,5.0,2026-08-19T14:55:45+05:30
AMBER,7330.0,TOUCHED,-0.95,below,7260.5,7330.0,7336.67,7343.33,7330.0,0.182,19.7,0.031,0,2026-08-18,2026-08-19,False,False,5.0,2026-08-19T14:55:45+05:30
NTPCGREEN,92.23,TOUCHED,-0.33,below,91.92,92.23,92.29,92.35,92.23,0.126,19.7,0.015,0,2026-08-18,2026-08-19,False,False,5.0,2026-08-19T14:55:45+05:30
CONCORDBIO,1564.13,TOUCHED,0.16,above,1566.7,1564.13,1562.57,1564.13,1561.0,0.201,20.0,0.022,0,2026-08-18,2026-08-19,False,False,5.0,2026-08-19T14:55:45+05:30
MRF,133428.33,TOUCHED,0.12,above,133590.0,133428.33,133351.67,133428.33,133275.0,0.115,20.0,0.034,0,2026-08-18,2026-08-19,False,False,5.0,2026-08-19T14:55:45+05:30
SWIGGY,274.3,TOUCHED,-0.36,below,273.3,274.3,274.6,274.9,274.3,0.218,20.0,0.045,0,2026-08-18,2026-08-19,False,False,5.0,2026-08-19T14:55:45+05:30
GROWW,194.56,TOUCHED,0.27,above,195.08,194.56,194.31,194.56,194.06,0.256,20.2,0.031,0,2026-08-18,2026-08-19,False,False,5.0,2026-08-19T14:55:45+05:30
CLEAN,829.92,TOUCHED,-1.7,below,815.85,829.92,830.58,831.24,829.92,0.159,20.3,0.026,0,2026-08-18,2026-08-19,False,False,5.0,2026-08-19T14:55:45+05:30
DEVYANI,142.49,TOUCHED,0.02,above,142.52,142.49,142.36,142.49,142.22,0.187,20.5,0.04,0,2026-08-18,2026-08-19,False,False,5.0,2026-08-19T14:55:45+05:30
BAJAJHFL,84.49,TOUCHED,0.67,above,85.05,84.49,84.44,84.49,84.4,0.099,20.8,0.024,0,2026-08-18,2026-08-19,False,False,5.0,2026-08-19T14:55:45+05:30
CEMPRO,1325.53,TOUCHED,-4.42,below,1267.0,1325.53,1327.07,1328.6,1325.53,0.231,21.1,0.053,0,2026-08-18,2026-08-19,False,False,5.0,2026-08-19T14:55:45+05:30
RELIANCE,1319.9,TOUCHED,-0.78,below,1309.6,1319.9,1320.6,1321.3,1319.9,0.106,21.4,0.024,0,2026-08-18,2026-08-19,False,False,5.0,2026-08-19T14:55:45+05:30
SRF,2624.05,TOUCHED,-1.88,below,2574.8,2624.05,2626.03,2628.02,2624.05,0.151,21.4,0.027,0,2026-08-18,2026-08-19,False,False,5.0,2026-08-19T14:55:45+05:30
ADANIPOWER,205.76,TOUCHED,-1.02,below,203.67,205.76,205.94,206.12,205.76,0.175,21.6,0.056,0,2026-08-18,2026-08-19,False,False,5.0,2026-08-19T14:55:45+05:30
NTPC,336.6,TOUCHED,-0.31,below,335.55,336.6,336.77,336.93,336.6,0.099,21.9,0.016,0,2026-08-18,2026-08-19,False,False,5.0,2026-08-19T14:55:45+05:30
IGIL,350.07,TOUCHED,-3.0,below,339.55,350.07,350.43,350.8,350.07,0.209,22.5,0.029,0,2026-08-18,2026-08-19,False,False,5.0,2026-08-19T14:55:45+05:30
AIIL,554.0,TOUCHED,-0.56,below,550.9,554.0,554.75,555.5,554.0,0.27,23.0,0.055,0,2026-08-18,2026-08-19,False,False,5.0,2026-08-19T14:55:45+05:30
JKCEMENT,5360.5,TOUCHED,-1.1,below,5301.5,5360.5,5365.5,5370.5,5360.5,0.186,23.3,0.035,0,2026-08-18,2026-08-19,False,False,5.0,2026-08-19T14:55:45+05:30
RKFORGE,752.02,TOUCHED,-0.39,below,749.1,752.02,752.8,753.57,752.02,0.206,23.6,0.048,0,2026-08-18,2026-08-19,False,False,5.0,2026-08-19T14:55:45+05:30
HSCL,779.15,TOUCHED,-3.61,below,751.0,779.15,780.03,780.92,779.15,0.226,23.8,0.035,0,2026-08-18,2026-08-19,False,False,5.0,2026-08-19T14:55:45+05:30
AEGISVOPAK,273.55,TOUCHED,-1.02,below,270.75,273.55,273.97,274.38,273.55,0.304,23.9,0.04,0,2026-08-18,2026-08-19,False,False,5.0,2026-08-19T14:55:45+05:30
CARTRADE,2807.58,TOUCHED,-0.29,below,2799.4,2807.58,2812.57,2817.55,2807.58,0.354,24.1,0.061,0,2026-08-18,2026-08-19,False,False,5.0,2026-08-19T14:55:45+05:30
J&KBANK,149.71,TOUCHED,-0.22,below,149.39,149.71,149.89,150.07,149.71,0.234,24.1,0.029,0,2026-08-18,2026-08-19,False,False,5.0,2026-08-19T14:55:45+05:30
MSUMI,40.36,TOUCHED,-2.39,below,39.4,40.36,40.41,40.45,40.36,0.214,24.1,0.031,0,2026-08-18,2026-08-19,False,False,5.0,2026-08-19T14:55:45+05:30
MEESHO,192.7,TOUCHED,2.21,above,196.96,192.7,192.46,192.7,192.22,0.255,24.3,0.028,0,2026-08-18,2026-08-19,False,False,5.0,2026-08-19T14:55:45+05:30
CREDITACC,1526.22,TOUCHED,-0.85,below,1513.3,1526.22,1527.83,1529.45,1526.22,0.212,24.4,0.035,0,2026-08-18,2026-08-19,False,False,5.0,2026-08-19T14:55:45+05:30
NAVINFLUOR,8245.17,TOUCHED,0.5,above,8286.0,8245.17,8235.33,8245.17,8225.5,0.239,24.4,0.046,0,2026-08-18,2026-08-19,False,False,5.0,2026-08-19T14:55:45+05:30
SWANCORP,304.92,TOUCHED,-0.89,below,302.2,304.92,305.28,305.65,304.92,0.24,24.4,0.034,0,2026-08-18,2026-08-19,False,False,5.0,2026-08-19T14:55:45+05:30
AAVAS,1384.45,TOUCHED,-0.78,below,1373.7,1384.45,1385.73,1387.02,1384.45,0.185,24.7,0.027,0,2026-08-18,2026-08-19,False,False,5.0,2026-08-19T14:55:45+05:30
HBLENGINE,672.35,TOUCHED,0.07,above,672.85,672.35,671.58,672.35,670.82,0.228,24.9,0.035,0,2026-08-18,2026-08-19,False,False,5.0,2026-08-19T14:55:45+05:30
NEWGEN,529.12,TOUCHED,-1.6,below,520.65,529.12,529.78,530.45,529.12,0.252,24.9,0.034,0,2026-08-18,2026-08-19,False,False,5.0,2026-08-19T14:55:45+05:30
POWERGRID,267.5,TOUCHED,-1.57,below,263.3,267.5,267.67,267.83,267.5,0.125,24.9,0.017,0,2026-08-18,2026-08-19,False,False,5.0,2026-08-19T14:55:45+05:30
M&M,3415.57,TOUCHED,0.01,inside,3416.0,3415.57,3415.57,3418.53,3412.6,0.174,25.2,0.026,0,2026-08-18,2026-08-19,False,False,5.0,2026-08-19T14:55:45+05:30
NATCOPHARM,895.5,TOUCHED,-0.73,below,888.95,895.5,896.45,897.4,895.5,0.212,25.2,0.019,0,2026-08-18,2026-08-19,False,False,5.0,2026-08-19T14:55:45+05:30
TATAPOWER,380.22,TOUCHED,-0.4,below,378.7,380.22,380.48,380.74,380.22,0.136,25.2,0.023,0,2026-08-18,2026-08-19,False,False,5.0,2026-08-19T14:55:45+05:30
JBMA,620.49,TOUCHED,-0.23,below,619.05,620.49,621.13,621.77,620.49,0.207,25.5,0.033,0,2026-08-18,2026-08-19,False,False,5.0,2026-08-19T14:55:45+05:30
BLUEDART,5089.5,TOUCHED,-0.59,below,5059.5,5089.5,5093.5,5097.5,5089.5,0.157,25.8,0.017,0,2026-08-18,2026-08-19,False,False,5.0,2026-08-19T14:55:45+05:30
CHOICEIN,804.32,TOUCHED,-0.04,below,804.0,804.32,805.03,805.75,804.32,0.178,25.8,0.023,0,2026-08-18,2026-08-19,False,False,5.0,2026-08-19T14:55:45+05:30
ERIS,1347.37,TOUCHED,-0.04,inside,1346.8,1347.37,1347.37,1348.73,1346.0,0.203,25.8,0.03,0,2026-08-18,2026-08-19,False,False,5.0,2026-08-19T14:55:45+05:30
INDHOTEL,718.38,TOUCHED,0.33,above,720.75,718.38,717.77,718.38,717.15,0.172,26.0,0.019,0,2026-08-18,2026-08-19,False,False,5.0,2026-08-19T14:55:45+05:30
TTML,37.89,TOUCHED,-0.48,below,37.71,37.89,37.93,37.97,37.89,0.22,26.3,0.046,0,2026-08-18,2026-08-19,False,False,5.0,2026-08-19T14:55:45+05:30
COCHINSHIP,1483.17,TOUCHED,0.19,above,1486.0,1483.17,1481.23,1483.17,1479.3,0.261,27.1,0.043,0,2026-08-18,2026-08-19,False,False,5.0,2026-08-19T14:55:45+05:30
SJVN,66.35,TOUCHED,-0.35,below,66.12,66.35,66.42,66.48,66.35,0.191,27.1,0.027,0,2026-08-18,2026-08-19,False,False,5.0,2026-08-19T14:55:45+05:30
CPPLUS,3324.0,TOUCHED,-0.5,below,3307.4,3324.0,3330.0,3336.0,3324.0,0.36,27.4,0.037,0,2026-08-18,2026-08-19,False,False,5.0,2026-08-19T14:55:45+05:30
AFFLE,1704.9,TOUCHED,-0.11,below,1703.0,1704.9,1707.03,1709.17,1704.9,0.25,27.7,0.032,0,2026-08-18,2026-08-19,False,False,5.0,2026-08-19T14:55:45+05:30
CHALET,837.38,TOUCHED,1.62,above,850.95,837.38,836.4,837.38,835.43,0.233,27.7,0.023,0,2026-08-18,2026-08-19,False,False,5.0,2026-08-19T14:55:45+05:30
ECLERX,1813.95,TOUCHED,1.52,above,1841.5,1813.95,1811.03,1813.95,1808.12,0.322,27.7,0.039,0,2026-08-18,2026-08-19,False,False,5.0,2026-08-19T14:55:45+05:30
DIVISLAB,8567.0,TOUCHED,-0.35,below,8537.0,8567.0,8574.0,8581.0,8567.0,0.163,28.2,0.021,0,2026-08-18,2026-08-19,False,False,5.0,2026-08-19T14:55:45+05:30
SAGILITY,42.34,TOUCHED,0.37,above,42.5,42.34,42.28,42.34,42.22,0.292,28.2,0.045,0,2026-08-18,2026-08-19,False,False,5.0,2026-08-19T14:55:45+05:30
SHRIRAMFIN,1109.52,TOUCHED,-0.29,below,1106.3,1109.52,1110.63,1111.75,1109.52,0.201,28.5,0.038,0,2026-08-18,2026-08-19,False,False,5.0,2026-08-19T14:55:45+05:30
STARHEALTH,583.38,TOUCHED,0.36,above,585.45,583.38,582.85,583.38,582.32,0.18,28.5,0.026,0,2026-08-18,2026-08-19,False,False,5.0,2026-08-19T14:55:45+05:30
TATACOMM,1691.73,TOUCHED,-1.75,below,1662.2,1691.73,1693.67,1695.6,1691.73,0.228,29.0,0.022,0,2026-08-18,2026-08-19,False,False,5.0,2026-08-19T14:55:45+05:30
ICICIAMC,3118.45,TOUCHED,2.94,above,3210.0,3118.45,3114.3,3118.45,3110.15,0.267,29.5,0.032,0,2026-08-18,2026-08-19,False,False,5.0,2026-08-19T14:55:45+05:30
EIHOTEL,296.38,TOUCHED,0.41,above,297.6,296.38,296.07,296.38,295.75,0.214,30.1,0.03,0,2026-08-18,2026-08-19,False,False,5.0,2026-08-19T14:55:45+05:30
SUNTV,483.38,TOUCHED,-0.38,below,481.55,483.38,483.97,484.55,483.38,0.241,30.1,0.024,0,2026-08-18,2026-08-19,False,False,5.0,2026-08-19T14:55:45+05:30
BAYERCROP,4094.0,TOUCHED,-0.68,below,4066.0,4094.0,4097.9,4101.8,4094.0,0.19,30.4,0.031,0,2026-08-18,2026-08-19,False,False,5.0,2026-08-19T14:55:45+05:30
EIDPARRY,783.6,TOUCHED,0.51,above,787.6,783.6,782.6,783.6,781.6,0.256,30.4,0.032,0,2026-08-18,2026-08-19,False,False,5.0,2026-08-19T14:55:45+05:30
GODREJCP,930.07,TOUCHED,0.3,above,932.9,930.07,929.13,930.07,928.2,0.201,31.0,0.023,0,2026-08-18,2026-08-19,False,False,5.0,2026-08-19T14:55:45+05:30
NESTLEIND,1463.8,TOUCHED,-0.06,below,1462.9,1463.8,1465.1,1466.4,1463.8,0.177,31.0,0.033,0,2026-08-18,2026-08-19,False,False,5.0,2026-08-19T14:55:45+05:30
JWL,251.07,TOUCHED,-0.62,below,249.5,251.07,251.43,251.8,251.07,0.292,31.2,0.042,0,2026-08-18,2026-08-19,False,False,5.0,2026-08-19T14:55:45+05:30
CHAMBLFERT,434.94,TOUCHED,-0.12,below,434.4,434.94,435.48,436.03,434.94,0.249,32.1,0.035,0,2026-08-18,2026-08-19,False,False,5.0,2026-08-19T14:55:45+05:30
IDFCFIRSTB,85.03,TOUCHED,0.45,above,85.42,85.03,84.94,85.03,84.85,0.216,32.3,0.029,0,2026-08-18,2026-08-19,False,False,5.0,2026-08-19T14:55:45+05:30
IRB,19.05,TOUCHED,-0.27,below,19.0,19.05,19.07,19.1,19.05,0.227,32.6,0.039,0,2026-08-18,2026-08-19,False,False,5.0,2026-08-19T14:55:45+05:30
NAUKRI,1353.25,TOUCHED,1.06,above,1367.6,1353.25,1351.6,1353.25,1349.95,0.244,32.9,0.023,0,2026-08-18,2026-08-19,False,False,5.0,2026-08-19T14:55:45+05:30
AUBANK,1074.48,TOUCHED,0.09,above,1075.4,1074.48,1073.27,1074.48,1072.05,0.227,33.4,0.016,0,2026-08-18,2026-08-19,False,False,5.0,2026-08-19T14:55:45+05:30
TRAVELFOOD,1348.35,TOUCHED,-1.6,below,1326.8,1348.35,1350.3,1352.25,1348.35,0.289,33.7,0.032,0,2026-08-18,2026-08-19,False,False,5.0,2026-08-19T14:55:45+05:30
GABRIEL,1458.5,TOUCHED,-1.33,below,1439.1,1458.5,1461.53,1464.57,1458.5,0.415,34.2,0.033,0,2026-08-18,2026-08-19,False,False,5.0,2026-08-19T14:55:45+05:30
ITCHOTELS,164.64,TOUCHED,-0.28,below,164.19,164.64,164.86,165.07,164.64,0.261,34.2,0.038,0,2026-08-18,2026-08-19,False,False,5.0,2026-08-19T14:55:45+05:30
IPCALAB,1890.65,TOUCHED,0.63,above,1902.5,1890.65,1887.8,1890.65,1884.95,0.302,34.5,0.032,0,2026-08-18,2026-08-19,False,False,5.0,2026-08-19T14:55:45+05:30
ENRIN,3598.63,TOUCHED,-3.02,below,3489.9,3598.63,3604.07,3609.5,3598.63,0.302,34.7,0.028,0,2026-08-18,2026-08-19,False,False,5.0,2026-08-19T14:55:45+05:30
BERGEPAINT,541.95,TOUCHED,-1.12,below,535.9,541.95,542.7,543.45,541.95,0.276,34.8,0.013,0,2026-08-18,2026-08-19,False,False,5.0,2026-08-19T14:55:45+05:30
GILLETTE,7526.58,TOUCHED,-0.35,below,7500.0,7526.58,7535.67,7544.75,7526.58,0.241,35.1,0.029,0,2026-08-18,2026-08-19,False,False,5.0,2026-08-19T14:55:45+05:30
CCL,1133.57,TOUCHED,-1.22,below,1119.7,1133.57,1135.03,1136.5,1133.57,0.258,35.3,0.021,0,2026-08-18,2026-08-19,False,False,5.0,2026-08-19T14:55:45+05:30
ONESOURCE,1545.1,TOUCHED,-1.32,below,1524.7,1545.1,1547.9,1550.7,1545.1,0.362,35.9,0.052,0,2026-08-18,2026-08-19,False,False,5.0,2026-08-19T14:55:45+05:30
SHYAMMETL,991.82,TOUCHED,-0.08,below,991.0,991.82,993.03,994.25,991.82,0.245,36.2,0.016,0,2026-08-18,2026-08-19,False,False,5.0,2026-08-19T14:55:45+05:30
360ONE,1169.5,TOUCHED,0.74,above,1178.2,1169.5,1167.53,1169.5,1165.57,0.337,36.4,0.032,0,2026-08-18,2026-08-19,False,False,5.0,2026-08-19T14:55:45+05:30
HAL,5079.5,TOUCHED,-1.14,below,5021.5,5079.5,5086.0,5092.5,5079.5,0.256,36.4,0.035,0,2026-08-18,2026-08-19,False,False,5.0,2026-08-19T14:55:45+05:30
KFINTECH,959.23,TOUCHED,-1.38,below,946.0,959.23,960.87,962.5,959.23,0.34,36.4,0.018,0,2026-08-18,2026-08-19,False,False,5.0,2026-08-19T14:55:45+05:30
KPRMILL,1129.15,TOUCHED,0.07,above,1129.9,1129.15,1127.27,1129.15,1125.38,0.334,36.4,0.054,0,2026-08-18,2026-08-19,False,False,5.0,2026-08-19T14:55:45+05:30
TMCV,470.83,TOUCHED,0.85,above,474.85,470.83,470.02,470.83,469.2,0.348,36.8,0.024,0,2026-08-18,2026-08-19,False,False,5.0,2026-08-19T14:55:45+05:30
JUBLINGREA,727.9,TOUCHED,-2.52,below,709.55,727.9,729.1,730.3,727.9,0.329,37.0,0.034,0,2026-08-18,2026-08-19,False,False,5.0,2026-08-19T14:55:45+05:30
LALPATHLAB,1893.0,TOUCHED,-0.53,below,1883.0,1893.0,1895.8,1898.6,1893.0,0.295,37.0,0.043,0,2026-08-18,2026-08-19,False,False,5.0,2026-08-19T14:55:45+05:30
PNBHOUSING,1144.33,TOUCHED,2.43,above,1172.1,1144.33,1142.87,1144.33,1141.4,0.257,37.3,0.027,0,2026-08-18,2026-08-19,False,False,5.0,2026-08-19T14:55:45+05:30
SYNGENE,404.6,TOUCHED,-1.67,below,397.85,404.6,405.1,405.6,404.6,0.247,37.3,0.026,0,2026-08-18,2026-08-19,False,False,5.0,2026-08-19T14:55:45+05:30
TVSMOTOR,4362.58,TOUCHED,-0.02,below,4361.9,4362.58,4368.37,4374.15,4362.58,0.265,37.3,0.019,0,2026-08-18,2026-08-19,False,False,5.0,2026-08-19T14:55:45+05:30
BELRISE,235.47,TOUCHED,-1.0,below,233.13,235.47,235.89,236.31,235.47,0.355,37.7,0.035,0,2026-08-18,2026-08-19,False,False,5.0,2026-08-19T14:55:45+05:30
HONAUT,36445.83,TOUCHED,-0.59,below,36230.0,36445.83,36491.67,36537.5,36445.83,0.251,38.1,0.026,0,2026-08-18,2026-08-19,False,False,5.0,2026-08-19T14:55:45+05:30
ENDURANCE,3002.65,TOUCHED,-0.35,below,2992.1,3002.65,3007.87,3013.08,3002.65,0.347,39.2,0.044,0,2026-08-18,2026-08-19,False,False,5.0,2026-08-19T14:55:45+05:30
TRENT,2951.53,TOUCHED,-0.14,inside,2947.4,2951.53,2951.53,2956.25,2946.82,0.32,39.5,0.046,0,2026-08-18,2026-08-19,False,False,5.0,2026-08-19T14:55:45+05:30
TBOTEK,1698.5,TOUCHED,-1.57,below,1671.9,1698.5,1701.73,1704.97,1698.5,0.38,39.7,0.033,0,2026-08-18,2026-08-19,False,False,5.0,2026-08-19T14:55:45+05:30
GMRAIRPORT,101.81,TOUCHED,0.68,above,102.5,101.81,101.67,101.81,101.53,0.272,40.0,0.019,0,2026-08-18,2026-08-19,False,False,5.0,2026-08-19T14:55:45+05:30
HDFCAMC,2521.37,TOUCHED,0.74,above,2540.0,2521.37,2517.73,2521.37,2514.1,0.289,40.0,0.024,0,2026-08-18,2026-08-19,False,False,5.0,2026-08-19T14:55:45+05:30
DCMSHRIRAM,1031.5,TOUCHED,1.6,above,1048.0,1031.5,1029.8,1031.5,1028.1,0.33,40.3,0.024,0,2026-08-18,2026-08-19,False,False,5.0,2026-08-19T14:55:45+05:30
GRAPHITE,732.95,TOUCHED,-1.81,below,719.65,732.95,734.35,735.75,732.95,0.381,40.3,0.023,0,2026-08-18,2026-08-19,False,False,5.0,2026-08-19T14:55:45+05:30
TENNIND,554.0,TOUCHED,0.25,above,555.4,554.0,552.77,554.0,551.53,0.446,40.4,0.018,0,2026-08-18,2026-08-19,False,False,5.0,2026-08-19T14:55:45+05:30
APTUS,257.48,TOUCHED,-1.64,below,253.25,257.48,257.97,258.45,257.48,0.375,40.5,0.026,0,2026-08-18,2026-08-19,False,False,5.0,2026-08-19T14:55:45+05:30
DRREDDY,1180.1,TOUCHED,-0.83,below,1170.3,1180.1,1181.4,1182.7,1180.1,0.22,40.5,0.015,0,2026-08-18,2026-08-19,False,False,5.0,2026-08-19T14:55:45+05:30
RAINBOW,1462.93,TOUCHED,0.05,inside,1463.7,1462.93,1462.93,1465.05,1460.82,0.289,40.8,0.037,0,2026-08-18,2026-08-19,False,False,5.0,2026-08-19T14:55:45+05:30
CAMS,763.24,TOUCHED,-1.37,below,752.75,763.24,764.48,765.73,763.24,0.325,41.9,0.041,0,2026-08-18,2026-08-19,False,False,5.0,2026-08-19T14:55:45+05:30
PREMIERENE,1016.55,TOUCHED,-0.74,below,1009.0,1016.55,1018.4,1020.25,1016.55,0.363,41.9,0.029,0,2026-08-18,2026-08-19,False,False,5.0,2026-08-19T14:55:45+05:30
HDFCLIFE,538.91,TOUCHED,-0.26,below,537.5,538.91,539.57,540.23,538.91,0.244,42.2,0.018,0,2026-08-18,2026-08-19,False,False,5.0,2026-08-19T14:55:45+05:30
SUMICHEM,559.48,TOUCHED,-0.89,below,554.5,559.48,560.68,561.89,559.48,0.431,42.5,0.039,0,2026-08-18,2026-08-19,False,False,5.0,2026-08-19T14:55:45+05:30
APOLLOHOSP,8826.92,TOUCHED,-1.04,below,8735.0,8826.92,8836.83,8846.75,8826.92,0.224,42.7,0.017,0,2026-08-18,2026-08-19,False,False,5.0,2026-08-19T14:55:45+05:30
DALBHARAT,1845.0,TOUCHED,1.33,above,1869.5,1845.0,1842.37,1845.0,1839.73,0.286,42.7,0.025,0,2026-08-18,2026-08-19,False,False,5.0,2026-08-19T14:55:45+05:30
AARTIIND,527.32,TOUCHED,-0.08,below,526.9,527.32,528.25,529.17,527.32,0.35,43.0,0.033,0,2026-08-18,2026-08-19,False,False,5.0,2026-08-19T14:55:45+05:30
ANANDRATHI,2188.83,TOUCHED,0.04,inside,2189.8,2188.83,2188.83,2191.82,2185.85,0.273,43.0,0.022,0,2026-08-18,2026-08-19,False,False,5.0,2026-08-19T14:55:45+05:30
CHOLAHLDNG,1566.25,TOUCHED,-0.46,below,1559.0,1566.25,1569.2,1572.15,1566.25,0.376,43.0,0.026,0,2026-08-18,2026-08-19,False,False,5.0,2026-08-19T14:55:45+05:30
BRIGADE,590.1,TOUCHED,-0.36,below,588.0,590.1,591.3,592.5,590.1,0.406,43.3,0.024,0,2026-08-18,2026-08-19,False,False,5.0,2026-08-19T14:55:45+05:30
ASTERDM,819.46,TOUCHED,-2.31,below,800.55,819.46,820.92,822.38,819.46,0.355,43.8,0.028,0,2026-08-18,2026-08-19,False,False,5.0,2026-08-19T14:55:45+05:30
LLOYDSME,1926.45,TOUCHED,-0.45,below,1917.7,1926.45,1930.5,1934.55,1926.45,0.42,43.8,0.035,0,2026-08-18,2026-08-19,False,False,5.0,2026-08-19T14:55:45+05:30
MOTHERSON,170.1,TOUCHED,0.12,above,170.3,170.1,169.8,170.1,169.5,0.353,43.8,0.035,0,2026-08-18,2026-08-19,False,False,5.0,2026-08-19T14:55:45+05:30
ZENSARTECH,485.97,TOUCHED,-1.46,below,478.85,485.97,487.03,488.1,485.97,0.438,43.8,0.035,0,2026-08-18,2026-08-19,False,False,5.0,2026-08-19T14:55:45+05:30
BEL,412.55,TOUCHED,-1.16,below,407.75,412.55,413.1,413.65,412.55,0.266,44.4,0.025,0,2026-08-18,2026-08-19,False,False,5.0,2026-08-19T14:55:45+05:30
LTTS,3528.5,TOUCHED,0.39,above,3542.3,3528.5,3522.3,3528.5,3516.1,0.352,44.4,0.042,0,2026-08-18,2026-08-19,False,False,5.0,2026-08-19T14:55:45+05:30
OIL,481.32,TOUCHED,-1.28,below,475.15,481.32,482.13,482.95,481.32,0.339,44.4,0.021,0,2026-08-18,2026-08-19,False,False,5.0,2026-08-19T14:55:45+05:30
SOBHA,1310.77,TOUCHED,-2.74,below,1274.9,1310.77,1313.23,1315.7,1310.77,0.376,44.4,0.029,0,2026-08-18,2026-08-19,False,False,5.0,2026-08-19T14:55:45+05:30
VIJAYA,1500.25,TOUCHED,-0.62,below,1491.0,1500.25,1503.2,1506.15,1500.25,0.392,44.4,0.036,0,2026-08-18,2026-08-19,False,False,5.0,2026-08-19T14:55:45+05:30
NUVOCO,327.06,TOUCHED,-2.65,below,318.4,327.06,327.67,328.28,327.06,0.371,44.9,0.042,0,2026-08-18,2026-08-19,False,False,5.0,2026-08-19T14:55:45+05:30
CHOLAFIN,1871.38,TOUCHED,-0.5,below,1862.1,1871.38,1874.77,1878.15,1871.38,0.361,45.8,0.041,0,2026-08-18,2026-08-19,False,False,5.0,2026-08-19T14:55:45+05:30
SAILIFE,1442.82,TOUCHED,-1.46,below,1421.7,1442.82,1445.53,1448.25,1442.82,0.376,46.0,0.04,0,2026-08-18,2026-08-19,False,False,5.0,2026-08-19T14:55:45+05:30
RECLTD,339.06,TOUCHED,-0.08,below,338.8,339.06,339.62,340.18,339.06,0.329,46.3,0.016,0,2026-08-18,2026-08-19,False,False,5.0,2026-08-19T14:55:45+05:30
NCC,140.13,TOUCHED,0.27,above,140.5,140.13,139.87,140.13,139.62,0.362,46.8,0.027,0,2026-08-18,2026-08-19,False,False,5.0,2026-08-19T14:55:45+05:30
INDIAMART,1755.95,TOUCHED,-1.3,below,1733.1,1755.95,1758.8,1761.65,1755.95,0.324,47.1,0.026,0,2026-08-18,2026-08-19,False,False,5.0,2026-08-19T14:55:45+05:30
LGEINDIA,1652.12,TOUCHED,-0.52,below,1643.5,1652.12,1654.83,1657.55,1652.12,0.328,47.2,0.01,0,2026-08-18,2026-08-19,False,False,5.0,2026-08-19T14:55:45+05:30
3MINDIA,34995.0,TOUCHED,-3.81,below,33660.0,34995.0,35045.0,35095.0,34995.0,0.285,47.7,0.027,0,2026-08-18,2026-08-19,False,False,5.0,2026-08-19T14:55:45+05:30
KAYNES,3677.1,TOUCHED,3.97,above,3823.0,3677.1,3666.1,3677.1,3655.1,0.6,47.7,0.049,0,2026-08-18,2026-08-19,False,False,5.0,2026-08-19T14:55:45+05:30
CDSL,1343.32,TOUCHED,-1.0,below,1329.9,1343.32,1346.03,1348.75,1343.32,0.404,47.9,0.036,0,2026-08-18,2026-08-19,False,False,5.0,2026-08-19T14:55:45+05:30
RBLBANK,381.43,TOUCHED,-0.09,inside,381.1,381.43,381.43,382.22,380.65,0.411,48.5,0.032,0,2026-08-18,2026-08-19,False,False,5.0,2026-08-19T14:55:45+05:30
EMMVEE,318.7,TOUCHED,-0.89,below,315.85,318.7,319.7,320.7,318.7,0.626,48.7,0.042,0,2026-08-18,2026-08-19,False,False,5.0,2026-08-19T14:55:45+05:30
DIXON,14243.0,TOUCHED,1.52,above,14460.0,14243.0,14212.0,14243.0,14181.0,0.436,48.8,0.056,0,2026-08-18,2026-08-19,False,False,5.0,2026-08-19T14:55:45+05:30
JMFINANCIL,126.11,TOUCHED,0.15,inside,126.3,126.11,126.11,126.47,125.76,0.563,48.8,0.046,0,2026-08-18,2026-08-19,False,False,5.0,2026-08-19T14:55:45+05:30
TITAN,5062.0,TOUCHED,0.0,inside,5062.0,5062.0,5062.0,5068.7,5055.3,0.265,49.0,0.018,0,2026-08-18,2026-08-19,False,False,5.0,2026-08-19T14:55:45+05:30
RVNL,225.48,TOUCHED,-0.85,below,223.57,225.48,225.96,226.44,225.48,0.425,49.3,0.034,0,2026-08-18,2026-08-19,False,False,5.0,2026-08-19T14:55:45+05:30
BAJAJHLDNG,11300.0,TOUCHED,0.18,inside,11320.0,11300.0,11300.0,11323.0,11277.0,0.407,49.6,0.025,0,2026-08-18,2026-08-19,False,False,5.0,2026-08-19T14:55:45+05:30
FORTIS,913.43,TOUCHED,0.13,inside,914.6,913.43,913.43,915.07,911.8,0.358,49.6,0.031,0,2026-08-18,2026-08-19,False,False,5.0,2026-08-19T14:55:45+05:30
JSWDULUX,3115.77,TOUCHED,-0.58,below,3097.8,3115.77,3121.13,3126.5,3115.77,0.344,49.6,0.022,0,2026-08-18,2026-08-19,False,False,5.0,2026-08-19T14:55:45+05:30
JUBLFOOD,501.53,TOUCHED,-1.03,below,496.35,501.53,502.52,503.5,501.53,0.391,49.6,0.018,0,2026-08-18,2026-08-19,False,False,5.0,2026-08-19T14:55:45+05:30
TEJASNET,520.68,TOUCHED,-2.03,below,510.1,520.68,522.07,523.45,520.68,0.53,49.6,0.046,0,2026-08-18,2026-08-19,False,False,5.0,2026-08-19T14:55:45+05:30
ABFRL,55.09,TOUCHED,-0.95,below,54.57,55.09,55.22,55.34,55.09,0.447,49.9,0.025,0,2026-08-18,2026-08-19,False,False,5.0,2026-08-19T14:55:45+05:30
BSOFT,306.32,TOUCHED,-0.27,below,305.5,306.32,307.08,307.85,306.32,0.499,49.9,0.037,0,2026-08-18,2026-08-19,False,False,5.0,2026-08-19T14:55:45+05:30
ARE&M,937.52,TOUCHED,-1.11,below,927.15,937.52,939.23,940.95,937.52,0.366,50.4,0.024,0,2026-08-18,2026-08-19,False,False,5.0,2026-08-19T14:55:45+05:30
CGCL,226.53,TOUCHED,-0.09,inside,226.32,226.53,226.53,227.03,226.04,0.438,50.7,0.049,0,2026-08-18,2026-08-19,False,False,5.0,2026-08-19T14:55:45+05:30
FSL,265.8,TOUCHED,2.52,above,272.5,265.8,265.15,265.8,264.5,0.49,50.7,0.034,0,2026-08-18,2026-08-19,False,False,5.0,2026-08-19T14:55:45+05:30
ADANIENT,3008.08,TOUCHED,-1.03,below,2977.0,3008.08,3013.67,3019.25,3008.08,0.371,51.0,0.026,0,2026-08-18,2026-08-19,False,False,5.0,2026-08-19T14:55:45+05:30
BLUEJET,601.05,TOUCHED,-1.44,below,592.4,601.05,603.12,605.18,601.05,0.685,51.0,0.042,0,2026-08-18,2026-08-19,False,False,5.0,2026-08-19T14:55:45+05:30
IKS,1849.0,TOUCHED,-1.96,below,1812.7,1849.0,1853.2,1857.4,1849.0,0.453,51.0,0.02,0,2026-08-18,2026-08-19,False,False,5.0,2026-08-19T14:55:45+05:30
BHARTIARTL,1936.62,TOUCHED,-0.42,below,1928.5,1936.62,1939.03,1941.45,1936.62,0.249,51.2,0.014,0,2026-08-18,2026-08-19,False,False,5.0,2026-08-19T14:55:45+05:30
CARBORUNIV,1128.62,TOUCHED,-3.78,below,1086.0,1128.62,1131.23,1133.85,1128.62,0.463,51.2,0.029,0,2026-08-18,2026-08-19,False,False,5.0,2026-08-19T14:55:45+05:30
IOC,138.03,TOUCHED,-1.17,below,136.41,138.03,138.25,138.47,138.03,0.325,51.2,0.021,0,2026-08-18,2026-08-19,False,False,5.0,2026-08-19T14:55:45+05:30
ATHERENERG,1470.37,TOUCHED,-1.64,below,1446.2,1470.37,1474.93,1479.5,1470.37,0.619,51.5,0.063,0,2026-08-18,2026-08-19,False,False,5.0,2026-08-19T14:55:45+05:30
AUROPHARMA,1636.1,TOUCHED,-1.05,below,1619.0,1636.1,1639.07,1642.03,1636.1,0.362,51.5,0.038,0,2026-08-18,2026-08-19,False,False,5.0,2026-08-19T14:55:45+05:30
IOB,33.33,TOUCHED,-0.37,below,33.21,33.33,33.4,33.46,33.33,0.379,51.5,0.034,0,2026-08-18,2026-08-19,False,False,5.0,2026-08-19T14:55:45+05:30
HONASA,476.78,TOUCHED,0.01,inside,476.85,476.78,476.78,477.88,475.69,0.458,51.8,0.054,0,2026-08-18,2026-08-19,False,False,5.0,2026-08-19T14:55:45+05:30
RRKABEL,2805.25,TOUCHED,2.21,above,2867.2,2805.25,2798.47,2805.25,2791.68,0.485,51.8,0.045,0,2026-08-18,2026-08-19,False,False,5.0,2026-08-19T14:55:45+05:30
TEGA,1723.05,TOUCHED,-0.05,below,1722.2,1723.05,1726.67,1730.28,1723.05,0.419,52.1,0.043,0,2026-08-18,2026-08-19,False,False,5.0,2026-08-19T14:55:45+05:30
FORCEMOT,18267.83,TOUCHED,-2.29,below,17849.0,18267.83,18335.67,18403.5,18267.83,0.74,52.9,0.052,0,2026-08-18,2026-08-19,False,False,5.0,2026-08-19T14:55:45+05:30
BIKAJI,610.82,TOUCHED,-0.16,inside,609.85,610.82,610.82,611.9,609.73,0.355,53.2,0.018,0,2026-08-18,2026-08-19,False,False,5.0,2026-08-19T14:55:45+05:30
GLENMARK,2309.65,TOUCHED,-2.68,below,2247.7,2309.65,2314.3,2318.95,2309.65,0.402,53.2,0.035,0,2026-08-18,2026-08-19,False,False,5.0,2026-08-19T14:55:45+05:30
ASIANPAINT,2632.3,TOUCHED,-0.4,below,2621.7,2632.3,2636.2,2640.1,2632.3,0.296,53.7,0.022,0,2026-08-18,2026-08-19,False,False,5.0,2026-08-19T14:55:45+05:30
KAJARIACER,1228.58,TOUCHED,-1.7,below,1207.7,1228.58,1231.37,1234.15,1228.58,0.452,54.0,0.029,0,2026-08-18,2026-08-19,False,False,5.0,2026-08-19T14:55:45+05:30
WOCKPHARMA,1865.85,TOUCHED,-1.97,below,1829.0,1865.85,1871.8,1877.75,1865.85,0.636,54.5,0.059,0,2026-08-18,2026-08-19,False,False,5.0,2026-08-19T14:55:45+05:30
LENSKART,626.74,TOUCHED,2.05,above,639.6,626.74,625.08,626.74,623.42,0.531,54.9,0.03,0,2026-08-18,2026-08-19,False,False,5.0,2026-08-19T14:55:45+05:30
FINCABLES,1319.8,TOUCHED,-1.12,below,1305.0,1319.8,1322.98,1326.17,1319.8,0.481,55.1,0.019,0,2026-08-18,2026-08-19,False,False,5.0,2026-08-19T14:55:45+05:30
INDIANB,876.83,TOUCHED,-0.74,below,870.35,876.83,878.67,880.5,876.83,0.417,55.1,0.025,0,2026-08-18,2026-08-19,False,False,5.0,2026-08-19T14:55:45+05:30
GAIL,172.89,TOUCHED,0.1,inside,173.07,172.89,172.89,173.19,172.58,0.353,55.3,0.015,0,2026-08-18,2026-08-19,False,False,5.0,2026-08-19T14:55:45+05:30
GALLANTT,578.06,TOUCHED,-0.17,below,577.1,578.06,579.82,581.57,578.06,0.607,55.6,0.062,0,2026-08-18,2026-08-19,False,False,5.0,2026-08-19T14:55:45+05:30
CONCOR,519.23,TOUCHED,-1.15,below,513.25,519.23,520.22,521.2,519.23,0.378,55.9,0.034,0,2026-08-18,2026-08-19,False,False,5.0,2026-08-19T14:55:45+05:30
PIIND,2506.2,TOUCHED,-0.12,inside,2503.3,2506.2,2506.2,2510.6,2501.8,0.351,55.9,0.03,0,2026-08-18,2026-08-19,False,False,5.0,2026-08-19T14:55:45+05:30
ETERNAL,318.38,TOUCHED,0.79,above,320.9,318.38,317.55,318.38,316.72,0.52,56.4,0.028,0,2026-08-18,2026-08-19,False,False,5.0,2026-08-19T14:55:45+05:30
KALYANKJIL,603.33,TOUCHED,-1.46,below,594.5,603.33,605.07,606.8,603.33,0.573,57.0,0.038,0,2026-08-18,2026-08-19,False,False,5.0,2026-08-19T14:55:45+05:30
INDIGO,5188.0,TOUCHED,-0.15,below,5180.0,5188.0,5198.67,5209.33,5188.0,0.41,57.5,0.025,0,2026-08-18,2026-08-19,False,False,5.0,2026-08-19T14:55:45+05:30
GODFRYPHLP,2122.0,TOUCHED,0.43,above,2131.1,2122.0,2115.43,2122.0,2108.87,0.621,57.8,0.041,0,2026-08-18,2026-08-19,False,False,5.0,2026-08-19T14:55:45+05:30
LTFOODS,425.13,TOUCHED,0.97,above,429.25,425.13,423.97,425.13,422.8,0.55,57.8,0.036,0,2026-08-18,2026-08-19,False,False,5.0,2026-08-19T14:55:45+05:30
SUNPHARMA,1883.65,TOUCHED,0.67,above,1896.3,1883.65,1880.8,1883.65,1877.95,0.303,57.8,0.02,0,2026-08-18,2026-08-19,False,False,5.0,2026-08-19T14:55:45+05:30
BSE,3297.07,TOUCHED,1.4,above,3343.1,3297.07,3286.13,3297.07,3275.2,0.665,58.4,0.022,0,2026-08-18,2026-08-19,False,False,5.0,2026-08-19T14:55:45+05:30
GMDCLTD,572.76,TOUCHED,-2.58,below,558.0,572.76,574.82,576.88,572.76,0.716,58.4,0.068,0,2026-08-18,2026-08-19,False,False,5.0,2026-08-19T14:55:45+05:30
ACC,1305.92,TOUCHED,-1.23,below,1289.9,1305.92,1308.03,1310.15,1305.92,0.324,58.6,0.035,0,2026-08-18,2026-08-19,False,False,5.0,2026-08-19T14:55:45+05:30
IDBI,81.33,TOUCHED,-0.48,below,80.94,81.33,81.55,81.77,81.33,0.54,58.6,0.042,0,2026-08-18,2026-08-19,False,False,5.0,2026-08-19T14:55:45+05:30
DLF,670.38,TOUCHED,0.0,above,670.4,670.38,668.83,670.38,667.29,0.461,58.9,0.029,0,2026-08-18,2026-08-19,False,False,5.0,2026-08-19T14:55:45+05:30
BANKBARODA,245.06,TOUCHED,-0.05,inside,244.93,245.06,245.06,245.59,244.53,0.433,59.2,0.012,0,2026-08-18,2026-08-19,False,False,5.0,2026-08-19T14:55:45+05:30
GICRE,359.09,TOUCHED,0.1,above,359.45,359.09,358.28,359.09,357.47,0.451,59.2,0.032,0,2026-08-18,2026-08-19,False,False,5.0,2026-08-19T14:55:45+05:30
BALKRISIND,2381.97,TOUCHED,-0.74,below,2364.3,2381.97,2387.23,2392.5,2381.97,0.441,59.5,0.027,0,2026-08-18,2026-08-19,False,False,5.0,2026-08-19T14:55:45+05:30
HYUNDAI,2190.82,TOUCHED,-0.47,below,2180.5,2190.82,2195.63,2200.45,2190.82,0.439,59.5,0.026,0,2026-08-18,2026-08-19,False,False,5.0,2026-08-19T14:55:45+05:30
PATANJALI,349.85,TOUCHED,-0.1,below,349.5,349.85,350.45,351.05,349.85,0.342,59.5,0.019,0,2026-08-18,2026-08-19,False,False,5.0,2026-08-19T14:55:45+05:30
WHIRLPOOL,771.05,TOUCHED,-2.35,below,752.95,771.05,773.1,775.15,771.05,0.53,59.5,0.049,0,2026-08-18,2026-08-19,False,False,5.0,2026-08-19T14:55:45+05:30
ASTRAL,1531.05,TOUCHED,0.64,above,1540.8,1531.05,1527.37,1531.05,1523.68,0.482,59.7,0.032,0,2026-08-18,2026-08-19,False,False,5.0,2026-08-19T14:55:45+05:30
ITI,279.61,TOUCHED,1.27,above,283.15,279.61,278.87,279.61,278.12,0.532,59.7,0.035,0,2026-08-18,2026-08-19,False,False,5.0,2026-08-19T14:55:45+05:30
PNB,117.24,TOUCHED,0.06,above,117.31,117.24,117.0,117.24,116.75,0.425,60.0,0.035,0,2026-08-18,2026-08-19,False,False,5.0,2026-08-19T14:55:45+05:30
EICHERMOT,8032.92,TOUCHED,-0.97,below,7955.0,8032.92,8047.33,8061.75,8032.92,0.358,60.3,0.024,0,2026-08-18,2026-08-19,False,False,5.0,2026-08-19T14:55:45+05:30
RHIM,376.85,TOUCHED,-0.46,below,375.1,376.85,377.9,378.95,376.85,0.556,60.3,0.029,0,2026-08-18,2026-08-19,False,False,5.0,2026-08-19T14:55:45+05:30
SAREGAMA,515.43,TOUCHED,-1.16,below,509.45,515.43,516.92,518.4,515.43,0.574,60.3,0.041,0,2026-08-18,2026-08-19,False,False,5.0,2026-08-19T14:55:45+05:30
AXISBANK,1238.97,TOUCHED,-0.14,inside,1237.2,1238.97,1238.97,1240.98,1236.95,0.326,60.5,0.024,0,2026-08-18,2026-08-19,False,False,5.0,2026-08-19T14:55:45+05:30
BANKINDIA,142.49,TOUCHED,-0.57,below,141.68,142.49,142.87,143.26,142.49,0.541,60.5,0.031,0,2026-08-18,2026-08-19,False,False,5.0,2026-08-19T14:55:45+05:30
NH,1807.67,TOUCHED,-1.09,below,1788.0,1807.67,1812.33,1817.0,1807.67,0.515,60.5,0.034,0,2026-08-18,2026-08-19,False,False,5.0,2026-08-19T14:55:45+05:30
ZYDUSWELL,498.11,TOUCHED,-1.16,below,492.35,498.11,499.57,501.03,498.11,0.584,60.5,0.034,0,2026-08-18,2026-08-19,False,False,5.0,2026-08-19T14:55:45+05:30
HDFCBANK,724.0,TOUCHED,-0.54,below,720.1,724.0,725.0,726.0,724.0,0.276,60.8,0.019,0,2026-08-18,2026-08-19,False,False,5.0,2026-08-19T14:55:45+05:30
SUNDARMFIN,4584.0,TOUCHED,-1.79,below,4501.9,4584.0,4595.87,4607.73,4584.0,0.516,60.8,0.03,0,2026-08-18,2026-08-19,False,False,5.0,2026-08-19T14:55:45+05:30
BAJAJ-AUTO,11629.5,TOUCHED,-0.18,below,11609.0,11629.5,11652.0,11674.5,11629.5,0.386,61.4,0.028,0,2026-08-18,2026-08-19,False,False,5.0,2026-08-19T14:55:45+05:30
MOTILALOFS,944.15,TOUCHED,-0.04,inside,943.75,944.15,944.15,947.22,941.07,0.651,61.6,0.045,0,2026-08-18,2026-08-19,False,False,5.0,2026-08-19T14:55:45+05:30
NAVA,560.6,TOUCHED,-1.28,below,553.45,560.6,562.3,564.0,560.6,0.605,61.9,0.038,0,2026-08-18,2026-08-19,False,False,5.0,2026-08-19T14:55:45+05:30
PIDILITIND,1665.65,TOUCHED,-0.96,below,1649.7,1665.65,1668.43,1671.22,1665.65,0.334,61.9,0.026,0,2026-08-18,2026-08-19,False,False,5.0,2026-08-19T14:55:45+05:30
UTIAMC,896.92,TOUCHED,-0.49,below,892.5,896.92,899.25,901.58,896.92,0.517,61.9,0.043,0,2026-08-18,2026-08-19,False,False,5.0,2026-08-19T14:55:45+05:30
TATATECH,829.95,TOUCHED,-1.67,below,816.1,829.95,831.9,833.85,829.95,0.469,62.5,0.035,0,2026-08-18,2026-08-19,False,False,5.0,2026-08-19T14:55:45+05:30
TORNTPHARM,4961.5,TOUCHED,1.34,above,5028.0,4961.5,4952.0,4961.5,4942.5,0.384,62.5,0.025,0,2026-08-18,2026-08-19,False,False,5.0,2026-08-19T14:55:45+05:30
HCLTECH,1306.25,TOUCHED,0.91,above,1318.1,1306.25,1303.5,1306.25,1300.75,0.422,62.7,0.024,0,2026-08-18,2026-08-19,False,False,5.0,2026-08-19T14:55:45+05:30
PVRINOX,1205.13,TOUCHED,-0.26,inside,1202.0,1205.13,1205.13,1208.65,1201.62,0.584,62.7,0.029,0,2026-08-18,2026-08-19,False,False,5.0,2026-08-19T14:55:45+05:30
PINELABS,160.99,TOUCHED,-1.95,below,157.85,160.99,161.66,162.33,160.99,0.829,62.8,0.058,0,2026-08-18,2026-08-19,False,False,5.0,2026-08-19T14:55:45+05:30
KIRLOSENG,2103.25,TOUCHED,-1.21,below,2077.9,2103.25,2110.73,2118.22,2103.25,0.709,63.0,0.035,0,2026-08-18,2026-08-19,False,False,5.0,2026-08-19T14:55:45+05:30
BRITANNIA,5505.17,TOUCHED,-0.41,below,5482.5,5505.17,5515.33,5525.5,5505.17,0.369,63.3,0.021,0,2026-08-18,2026-08-19,False,False,5.0,2026-08-19T14:55:45+05:30
IREDA,115.58,TOUCHED,-1.14,below,114.26,115.58,115.88,116.19,115.58,0.529,63.6,0.048,0,2026-08-18,2026-08-19,False,False,5.0,2026-08-19T14:55:45+05:30
KEC,429.9,TOUCHED,-1.29,below,424.35,429.9,431.2,432.5,429.9,0.603,63.6,0.023,0,2026-08-18,2026-08-19,False,False,5.0,2026-08-19T14:55:45+05:30
PGEL,601.93,TOUCHED,-0.22,inside,600.6,601.93,601.93,604.4,599.47,0.82,63.6,0.054,0,2026-08-18,2026-08-19,False,False,5.0,2026-08-19T14:55:45+05:30
NIVABUPA,83.55,TOUCHED,0.76,above,84.19,83.55,83.37,83.55,83.18,0.448,63.8,0.018,0,2026-08-18,2026-08-19,False,False,5.0,2026-08-19T14:55:45+05:30
CANFINHOME,819.73,TOUCHED,-0.09,inside,819.0,819.73,819.73,821.94,817.52,0.539,64.1,0.02,0,2026-08-18,2026-08-19,False,False,5.0,2026-08-19T14:55:45+05:30
BHARATFORG,2081.45,TOUCHED,-0.77,below,2065.4,2081.45,2087.27,2093.08,2081.45,0.557,64.4,0.031,0,2026-08-18,2026-08-19,False,False,5.0,2026-08-19T14:55:45+05:30
GRANULES,853.63,TOUCHED,-0.98,below,845.25,853.63,856.05,858.48,853.63,0.567,64.7,0.037,0,2026-08-18,2026-08-19,False,False,5.0,2026-08-19T14:55:45+05:30
NAM-INDIA,1183.15,TOUCHED,2.75,above,1215.7,1183.15,1178.97,1183.15,1174.78,0.71,64.9,0.032,0,2026-08-18,2026-08-19,False,False,5.0,2026-08-19T14:55:45+05:30
JINDALSTEL,1109.85,TOUCHED,0.73,above,1117.9,1109.85,1107.07,1109.85,1104.28,0.503,65.2,0.034,0,2026-08-18,2026-08-19,False,False,5.0,2026-08-19T14:55:45+05:30
MAHABANK,80.72,TOUCHED,-0.9,below,79.99,80.72,80.94,81.17,80.72,0.56,65.2,0.042,0,2026-08-18,2026-08-19,False,False,5.0,2026-08-19T14:55:45+05:30
ELGIEQUIP,620.0,TOUCHED,2.48,above,635.35,620.0,618.07,620.0,616.13,0.626,65.8,0.04,0,2026-08-18,2026-08-19,False,False,5.0,2026-08-19T14:55:45+05:30
FEDERALBNK,357.05,TOUCHED,0.71,above,359.6,357.05,356.3,357.05,355.55,0.421,65.8,0.027,0,2026-08-18,2026-08-19,False,False,5.0,2026-08-19T14:55:45+05:30
ALKEM,5442.0,TOUCHED,-1.15,below,5379.5,5442.0,5453.0,5464.0,5442.0,0.403,66.0,0.026,0,2026-08-18,2026-08-19,False,False,5.0,2026-08-19T14:55:45+05:30
INDGN,564.5,TOUCHED,-0.26,inside,563.05,564.5,564.5,566.1,562.9,0.567,66.0,0.023,0,2026-08-18,2026-08-19,False,False,5.0,2026-08-19T14:55:45+05:30
ABCAPITAL,399.53,TOUCHED,-0.3,inside,398.35,399.53,399.53,400.77,398.3,0.617,66.3,0.038,0,2026-08-18,2026-08-19,False,False,5.0,2026-08-19T14:55:45+05:30
SONACOMS,821.56,TOUCHED,0.05,above,822.0,821.56,819.12,821.56,816.67,0.596,66.3,0.033,0,2026-08-18,2026-08-19,False,False,5.0,2026-08-19T14:55:45+05:30
AWL,190.55,TOUCHED,-0.78,below,189.07,190.55,191.07,191.58,190.55,0.537,66.6,0.044,0,2026-08-18,2026-08-19,False,False,5.0,2026-08-19T14:55:45+05:30
BDL,1378.0,TOUCHED,-1.89,below,1351.9,1378.0,1383.0,1388.0,1378.0,0.723,66.8,0.049,0,2026-08-18,2026-08-19,False,False,5.0,2026-08-19T14:55:45+05:30
FLUOROCHEM,4700.27,TOUCHED,-0.2,inside,4691.1,4700.27,4700.27,4713.0,4687.53,0.542,66.8,0.022,0,2026-08-18,2026-08-19,False,False,5.0,2026-08-19T14:55:45+05:30
ADANIGREEN,1312.73,TOUCHED,-1.6,below,1291.7,1312.73,1317.47,1322.2,1312.73,0.719,67.1,0.045,0,2026-08-18,2026-08-19,False,False,5.0,2026-08-19T14:55:45+05:30
KPITTECH,598.61,TOUCHED,-1.79,below,587.9,598.61,600.57,602.52,598.61,0.652,67.4,0.044,0,2026-08-18,2026-08-19,False,False,5.0,2026-08-19T14:55:45+05:30
TATAINVEST,652.32,TOUCHED,0.04,above,652.6,652.32,650.62,652.32,648.91,0.525,67.4,0.023,0,2026-08-18,2026-08-19,False,False,5.0,2026-08-19T14:55:45+05:30
PWL,121.48,TOUCHED,0.49,above,122.07,121.48,120.9,121.48,120.33,0.951,67.7,0.075,0,2026-08-18,2026-08-19,False,False,5.0,2026-08-19T14:55:45+05:30
RITES,219.14,TOUCHED,-0.67,below,217.66,219.14,219.79,220.43,219.14,0.59,67.7,0.025,0,2026-08-18,2026-08-19,False,False,5.0,2026-08-19T14:55:45+05:30
JSWSTEEL,1275.4,TOUCHED,0.5,above,1281.8,1275.4,1272.8,1275.4,1270.2,0.409,67.9,0.025,0,2026-08-18,2026-08-19,False,False,5.0,2026-08-19T14:55:45+05:30
OFSS,11692.33,TOUCHED,-0.01,inside,11691.0,11692.33,11692.33,11727.0,11657.67,0.593,67.9,0.029,0,2026-08-18,2026-08-19,False,False,5.0,2026-08-19T14:55:45+05:30
APLAPOLLO,2109.52,TOUCHED,0.13,above,2112.2,2109.52,2104.03,2109.52,2098.55,0.521,68.2,0.017,0,2026-08-18,2026-08-19,False,False,5.0,2026-08-19T14:55:45+05:30
ASAHIINDIA,959.48,TOUCHED,0.16,above,961.0,959.48,956.17,959.48,952.85,0.694,68.2,0.045,0,2026-08-18,2026-08-19,False,False,5.0,2026-08-19T14:55:45+05:30
LINDEINDIA,6745.67,TOUCHED,-0.71,below,6697.5,6745.67,6765.83,6786.0,6745.67,0.596,68.2,0.025,0,2026-08-18,2026-08-19,False,False,5.0,2026-08-19T14:55:45+05:30
BHARTIHEXA,1605.1,TOUCHED,-0.81,below,1592.1,1605.1,1609.8,1614.5,1605.1,0.584,68.5,0.038,0,2026-08-18,2026-08-19,False,False,5.0,2026-08-19T14:55:45+05:30
TCS,2284.5,TOUCHED,-0.07,below,2282.9,2284.5,2289.0,2293.5,2284.5,0.393,68.5,0.029,0,2026-08-18,2026-08-19,False,False,5.0,2026-08-19T14:55:45+05:30
ACMESOLAR,370.29,TOUCHED,2.72,above,380.35,370.29,368.83,370.29,367.38,0.791,68.8,0.05,0,2026-08-18,2026-08-19,False,False,5.0,2026-08-19T14:55:45+05:30
IRFC,86.34,TOUCHED,-1.22,below,85.29,86.34,86.57,86.81,86.34,0.535,68.8,0.033,0,2026-08-18,2026-08-19,False,False,5.0,2026-08-19T14:55:45+05:30
INFY,1117.4,TOUCHED,-0.05,below,1116.8,1117.4,1119.8,1122.2,1117.4,0.429,69.3,0.029,0,2026-08-18,2026-08-19,False,False,5.0,2026-08-19T14:55:45+05:30
MAPMYINDIA,1005.6,TOUCHED,0.33,inside,1008.9,1005.6,1005.6,1009.1,1002.1,0.696,69.3,0.031,0,2026-08-18,2026-08-19,False,False,5.0,2026-08-19T14:55:45+05:30
HEXT,557.23,TOUCHED,-0.17,inside,556.3,557.23,557.23,559.48,554.99,0.805,69.6,0.045,0,2026-08-18,2026-08-19,False,False,5.0,2026-08-19T14:55:45+05:30
MEDANTA,1428.95,TOUCHED,-0.58,below,1420.6,1428.95,1433.53,1438.12,1428.95,0.639,69.6,0.028,0,2026-08-18,2026-08-19,False,False,5.0,2026-08-19T14:55:45+05:30
GODREJIND,1217.4,TOUCHED,-0.49,below,1211.4,1217.4,1221.57,1225.73,1217.4,0.682,69.9,0.047,0,2026-08-18,2026-08-19,False,False,5.0,2026-08-19T14:55:45+05:30
IRCTC,494.2,TOUCHED,-1.21,below,488.2,494.2,495.35,496.5,494.2,0.464,69.9,0.037,0,2026-08-18,2026-08-19,False,False,5.0,2026-08-19T14:55:45+05:30
GLAND,2868.23,TOUCHED,-1.02,below,2839.0,2868.23,2877.87,2887.5,2868.23,0.669,70.1,0.04,0,2026-08-18,2026-08-19,False,False,5.0,2026-08-19T14:55:45+05:30
GRSE,2652.63,TOUCHED,-0.43,inside,2641.2,2652.63,2652.63,2664.82,2640.45,0.919,70.1,0.074,0,2026-08-18,2026-08-19,False,False,5.0,2026-08-19T14:55:45+05:30
PHOENIXLTD,1922.55,TOUCHED,-0.23,below,1918.1,1922.55,1928.37,1934.18,1922.55,0.603,70.4,0.047,0,2026-08-18,2026-08-19,False,False,5.0,2026-08-19T14:55:45+05:30
ITC,270.47,TOUCHED,-1.52,below,266.35,270.47,270.93,271.4,270.47,0.344,72.6,0.021,0,2026-08-18,2026-08-19,False,False,5.0,2026-08-19T14:55:45+05:30
GPIL,252.04,TOUCHED,-2.25,below,246.36,252.04,253.1,254.16,252.04,0.839,72.9,0.029,0,2026-08-18,2026-08-19,False,False,5.0,2026-08-19T14:55:45+05:30
HINDUNILVR,2039.15,TOUCHED,-1.33,below,2012.1,2039.15,2043.3,2047.45,2039.15,0.406,72.9,0.015,0,2026-08-18,2026-08-19,False,False,5.0,2026-08-19T14:55:45+05:30
REDINGTON,330.6,TOUCHED,1.59,above,335.85,330.6,329.17,330.6,327.73,0.871,73.4,0.038,0,2026-08-18,2026-08-19,False,False,5.0,2026-08-19T14:55:45+05:30
UPL,565.02,TOUCHED,0.71,above,569.05,565.02,563.37,565.02,561.71,0.589,73.4,0.018,0,2026-08-18,2026-08-19,False,False,5.0,2026-08-19T14:55:45+05:30
AJANTPHARM,3719.27,TOUCHED,-1.02,below,3681.2,3719.27,3732.13,3745.0,3719.27,0.69,75.1,0.04,0,2026-08-18,2026-08-19,False,False,5.0,2026-08-19T14:55:45+05:30
UBL,1358.72,TOUCHED,-0.07,below,1357.7,1358.72,1361.93,1365.15,1358.72,0.472,75.1,0.026,0,2026-08-18,2026-08-19,False,False,5.0,2026-08-19T14:55:45+05:30
ZFCVINDIA,2646.0,TOUCHED,-1.05,below,2618.1,2646.0,2654.9,2663.8,2646.0,0.67,75.1,0.038,0,2026-08-18,2026-08-19,False,False,5.0,2026-08-19T14:55:45+05:30
HINDZINC,559.85,TOUCHED,-0.67,below,556.1,559.85,561.7,563.55,559.85,0.659,75.6,0.041,0,2026-08-18,2026-08-19,False,False,5.0,2026-08-19T14:55:45+05:30
IIFL,627.58,TOUCHED,0.31,inside,629.55,627.58,627.58,630.2,624.97,0.834,75.6,0.026,0,2026-08-18,2026-08-19,False,False,5.0,2026-08-19T14:55:45+05:30
HINDPETRO,367.28,TOUCHED,-0.46,below,365.6,367.28,368.57,369.85,367.28,0.696,75.9,0.034,0,2026-08-18,2026-08-19,False,False,5.0,2026-08-19T14:55:45+05:30
TITAGARH,834.3,TOUCHED,0.22,inside,836.1,834.3,834.3,837.85,830.75,0.851,75.9,0.052,0,2026-08-18,2026-08-19,False,False,5.0,2026-08-19T14:55:45+05:30
BALRAMCHIN,657.72,TOUCHED,-0.34,inside,655.5,657.72,657.72,659.95,655.48,0.679,76.4,0.025,0,2026-08-18,2026-08-19,False,False,5.0,2026-08-19T14:55:45+05:30
BLS,271.29,TOUCHED,0.25,above,271.97,271.29,270.11,271.29,268.92,0.876,76.4,0.032,0,2026-08-18,2026-08-19,False,False,5.0,2026-08-19T14:55:45+05:30
IDEA,14.05,TOUCHED,0.15,above,14.07,14.05,13.98,14.05,13.91,1.026,76.4,0.046,0,2026-08-18,2026-08-19,False,False,5.0,2026-08-19T14:55:45+05:30
PERSISTENT,5507.0,TOUCHED,0.02,above,5508.0,5507.0,5485.5,5507.0,5464.0,0.784,76.4,0.018,0,2026-08-18,2026-08-19,False,False,5.0,2026-08-19T14:55:45+05:30
TATACONSUM,1067.43,TOUCHED,0.14,inside,1068.9,1067.43,1067.43,1070.35,1064.52,0.546,76.4,0.027,0,2026-08-18,2026-08-19,False,False,5.0,2026-08-19T14:55:45+05:30
KOTAKBANK,390.27,TOUCHED,0.43,above,391.95,390.27,389.4,390.27,388.52,0.449,76.7,0.024,0,2026-08-18,2026-08-19,False,False,5.0,2026-08-19T14:55:45+05:30
RADICO,4679.2,TOUCHED,-0.13,below,4673.0,4679.2,4697.1,4715.0,4679.2,0.762,77.3,0.021,0,2026-08-18,2026-08-19,False,False,5.0,2026-08-19T14:55:45+05:30
SPLPETRO,710.16,TOUCHED,-0.89,below,703.85,710.16,713.32,716.48,710.16,0.886,77.3,0.039,0,2026-08-18,2026-08-19,False,False,5.0,2026-08-19T14:55:45+05:30
TATACHEM,655.01,TOUCHED,-2.92,below,635.85,655.01,657.02,659.02,655.01,0.611,77.3,0.02,0,2026-08-18,2026-08-19,False,False,5.0,2026-08-19T14:55:45+05:30
GODREJPROP,2005.82,TOUCHED,-0.3,below,1999.7,2005.82,2014.23,2022.65,2005.82,0.836,78.1,0.045,0,2026-08-18,2026-08-19,False,False,5.0,2026-08-19T14:55:45+05:30
NUVAMA,1731.07,TOUCHED,-0.06,inside,1730.0,1731.07,1731.07,1738.93,1723.2,0.909,78.4,0.025,0,2026-08-18,2026-08-19,False,False,5.0,2026-08-19T14:55:45+05:30
MARUTI,13724.17,TOUCHED,-0.43,below,13665.0,13724.17,13757.33,13790.5,13724.17,0.482,78.6,0.015,0,2026-08-18,2026-08-19,False,False,5.0,2026-08-19T14:55:45+05:30
VMM,104.11,TOUCHED,-0.83,below,103.25,104.11,104.52,104.92,104.11,0.772,78.6,0.026,0,2026-08-18,2026-08-19,False,False,5.0,2026-08-19T14:55:45+05:30
WELSPUNLIV,176.98,TOUCHED,2.7,above,181.75,176.98,176.16,176.98,175.35,0.923,78.6,0.042,0,2026-08-18,2026-08-19,False,False,5.0,2026-08-19T14:55:45+05:30
ANGELONE,288.92,TOUCHED,0.36,inside,289.95,288.92,288.92,290.33,287.5,0.981,78.9,0.029,0,2026-08-18,2026-08-19,False,False,5.0,2026-08-19T14:55:45+05:30
TECHNOE,997.56,TOUCHED,0.13,above,998.85,997.56,992.67,997.56,987.77,0.986,78.9,0.05,0,2026-08-18,2026-08-19,False,False,5.0,2026-08-19T14:55:45+05:30
AIAENG,4402.55,TOUCHED,-0.37,below,4386.3,4402.55,4417.57,4432.58,4402.55,0.68,79.5,0.041,0,2026-08-18,2026-08-19,False,False,5.0,2026-08-19T14:55:45+05:30
JSWINFRA,331.02,TOUCHED,-0.35,inside,329.85,331.02,331.02,332.2,329.83,0.715,79.5,0.029,0,2026-08-18,2026-08-19,False,False,5.0,2026-08-19T14:55:45+05:30
BPCL,311.44,TOUCHED,-1.62,below,306.4,311.44,312.58,313.72,311.44,0.73,80.0,0.021,0,2026-08-18,2026-08-19,False,False,5.0,2026-08-19T14:55:45+05:30
SAIL,172.26,TOUCHED,0.4,above,172.96,172.26,171.58,172.26,170.89,0.802,80.0,0.026,0,2026-08-18,2026-08-19,False,False,5.0,2026-08-19T14:55:45+05:30
UNITDSPR,1525.6,TOUCHED,-0.67,below,1515.4,1525.6,1530.3,1535.0,1525.6,0.614,80.5,0.033,0,2026-08-18,2026-08-19,False,False,5.0,2026-08-19T14:55:45+05:30
ATUL,6631.58,TOUCHED,-0.72,below,6584.0,6631.58,6654.67,6677.75,6631.58,0.694,81.1,0.015,0,2026-08-18,2026-08-19,False,False,5.0,2026-08-19T14:55:45+05:30
BLUESTARCO,1499.57,TOUCHED,-0.16,below,1497.1,1499.57,1506.13,1512.7,1499.57,0.872,81.1,0.046,0,2026-08-18,2026-08-19,False,False,5.0,2026-08-19T14:55:45+05:30
TATACAP,361.93,TOUCHED,1.21,above,366.3,361.93,360.72,361.93,359.5,0.675,81.2,0.016,0,2026-08-18,2026-08-19,False,False,5.0,2026-08-19T14:55:45+05:30
CUB,220.01,TOUCHED,0.21,inside,220.47,220.01,220.01,221.09,218.93,0.986,81.4,0.034,0,2026-08-18,2026-08-19,False,False,5.0,2026-08-19T14:55:45+05:30
DEEPAKFERT,1479.37,TOUCHED,-0.38,below,1473.8,1479.37,1486.73,1494.1,1479.37,0.991,81.9,0.044,0,2026-08-18,2026-08-19,False,False,5.0,2026-08-19T14:55:45+05:30
BEML,1955.38,TOUCHED,0.24,above,1960.1,1955.38,1945.27,1955.38,1935.15,1.04,83.0,0.028,0,2026-08-18,2026-08-19,False,False,5.0,2026-08-19T14:55:45+05:30
MARICO,848.57,TOUCHED,0.14,above,849.75,848.57,846.23,848.57,843.89,0.553,83.0,0.018,0,2026-08-18,2026-08-19,False,False,5.0,2026-08-19T14:55:45+05:30
NETWEB,5244.6,TOUCHED,-2.82,below,5096.6,5244.6,5281.23,5317.87,5244.6,1.387,83.0,0.054,0,2026-08-18,2026-08-19,False,False,5.0,2026-08-19T14:55:45+05:30
EXIDEIND,467.06,TOUCHED,-1.29,below,461.05,467.06,468.87,470.68,467.06,0.771,83.3,0.027,0,2026-08-18,2026-08-19,False,False,5.0,2026-08-19T14:55:45+05:30
TRIDENT,24.56,TOUCHED,-0.66,below,24.4,24.56,24.65,24.74,24.56,0.744,83.6,0.028,0,2026-08-18,2026-08-19,False,False,5.0,2026-08-19T14:55:45+05:30
YESBANK,22.71,TOUCHED,0.04,above,22.72,22.71,22.63,22.71,22.54,0.737,83.6,0.04,0,2026-08-18,2026-08-19,False,False,5.0,2026-08-19T14:55:45+05:30
DATAPATTNS,4703.97,TOUCHED,1.45,above,4772.0,4703.97,4670.73,4703.97,4637.5,1.423,83.8,0.075,0,2026-08-18,2026-08-19,False,False,5.0,2026-08-19T14:55:45+05:30
MFSL,1567.45,TOUCHED,-0.79,below,1555.1,1567.45,1573.13,1578.82,1567.45,0.723,84.1,0.019,0,2026-08-18,2026-08-19,False,False,5.0,2026-08-19T14:55:45+05:30
UNIONBANK,186.35,TOUCHED,-0.2,below,185.98,186.35,187.19,188.04,186.35,0.905,84.4,0.047,0,2026-08-18,2026-08-19,False,False,5.0,2026-08-19T14:55:45+05:30
ESCORTS,3074.95,TOUCHED,-0.81,below,3050.0,3074.95,3087.8,3100.65,3074.95,0.832,85.2,0.041,0,2026-08-18,2026-08-19,False,False,5.0,2026-08-19T14:55:45+05:30
CRAFTSMAN,10780.33,TOUCHED,0.02,inside,10783.0,10780.33,10780.33,10835.42,10725.25,1.022,85.8,0.057,0,2026-08-18,2026-08-19,False,False,5.0,2026-08-19T14:55:45+05:30
POLYMED,1774.98,TOUCHED,0.03,above,1775.6,1774.98,1765.27,1774.98,1755.55,1.101,85.8,0.047,0,2026-08-18,2026-08-19,False,False,5.0,2026-08-19T14:55:45+05:30
TRITURBINE,584.75,TOUCHED,-2.19,below,571.95,584.75,587.6,590.45,584.75,0.97,86.3,0.021,0,2026-08-18,2026-08-19,False,False,5.0,2026-08-19T14:55:45+05:30
MCX,2987.0,TOUCHED,-0.46,below,2973.3,2987.0,3004.67,3022.33,2987.0,1.176,86.6,0.058,0,2026-08-18,2026-08-19,False,False,5.0,2026-08-19T14:55:45+05:30
NYKAA,324.53,TOUCHED,0.59,above,326.45,324.53,323.22,324.53,321.91,0.81,86.6,0.027,0,2026-08-18,2026-08-19,False,False,5.0,2026-08-19T14:55:45+05:30
PAYTM,1572.65,TOUCHED,0.97,above,1587.9,1572.65,1563.87,1572.65,1555.08,1.123,87.1,0.053,0,2026-08-18,2026-08-19,False,False,5.0,2026-08-19T14:55:45+05:30
SONATSOFTW,311.38,TOUCHED,-1.04,below,308.15,311.38,313.3,315.23,311.38,1.229,87.1,0.026,0,2026-08-18,2026-08-19,False,False,5.0,2026-08-19T14:55:45+05:30
LTM,4582.5,TOUCHED,-0.72,below,4549.6,4582.5,4602.8,4623.1,4582.5,0.882,87.9,0.032,0,2026-08-18,2026-08-19,False,False,5.0,2026-08-19T14:55:45+05:30
MPHASIS,2444.07,TOUCHED,-1.25,below,2413.6,2444.07,2456.13,2468.2,2444.07,0.983,88.5,0.024,0,2026-08-18,2026-08-19,False,False,5.0,2026-08-19T14:55:45+05:30
AEGISLOG,1358.65,TOUCHED,0.77,above,1369.1,1358.65,1349.6,1358.65,1340.55,1.341,89.0,0.033,0,2026-08-18,2026-08-19,False,False,5.0,2026-08-19T14:55:45+05:30
ICICIPRULI,502.33,TOUCHED,-0.28,inside,500.95,502.33,502.33,504.4,500.27,0.823,89.0,0.023,0,2026-08-18,2026-08-19,False,False,5.0,2026-08-19T14:55:45+05:30
SCHNEIDER,1255.5,TOUCHED,-0.28,inside,1252.0,1255.5,1255.5,1264.95,1246.05,1.505,89.0,0.027,0,2026-08-18,2026-08-19,False,False,5.0,2026-08-19T14:55:45+05:30
FIRSTCRY,206.13,TOUCHED,-4.31,below,197.25,206.13,207.61,209.09,206.13,1.424,90.7,0.066,0,2026-08-18,2026-08-19,False,False,5.0,2026-08-19T14:55:45+05:30
MAXHEALTH,999.55,TOUCHED,-0.06,below,999.0,999.55,1004.5,1009.45,999.55,0.986,90.7,0.037,0,2026-08-18,2026-08-19,False,False,5.0,2026-08-19T14:55:45+05:30
LODHA,1219.25,TOUCHED,-1.45,below,1201.6,1219.25,1227.4,1235.55,1219.25,1.328,91.2,0.031,0,2026-08-18,2026-08-19,False,False,5.0,2026-08-19T14:55:45+05:30
WIPRO,179.37,TOUCHED,-0.03,inside,179.31,179.37,179.37,180.03,178.71,0.73,91.8,0.013,0,2026-08-18,2026-08-19,False,False,5.0,2026-08-19T14:55:45+05:30
ZYDUSLIFE,1120.35,TOUCHED,-0.93,below,1109.9,1120.35,1125.1,1129.85,1120.35,0.844,92.3,0.024,0,2026-08-18,2026-08-19,False,False,5.0,2026-08-19T14:55:45+05:30
AFCONS,277.18,TOUCHED,0.42,inside,278.35,277.18,277.18,278.72,275.65,1.106,93.4,0.024,0,2026-08-18,2026-08-19,False,False,5.0,2026-08-19T14:55:45+05:30
PAGEIND,36402.35,TOUCHED,-2.45,below,35510.0,36402.35,36579.71,36757.06,36402.35,0.97,93.7,0.027,0,2026-08-18,2026-08-19,False,False,5.0,2026-08-19T14:55:45+05:30
MRPL,179.16,TOUCHED,-0.05,below,179.07,179.16,180.88,182.6,179.16,1.902,94.0,0.056,0,2026-08-18,2026-08-19,False,False,5.0,2026-08-19T14:55:45+05:30
PFOCUS,279.75,TOUCHED,0.21,inside,280.35,279.75,279.75,283.0,276.5,2.324,94.0,0.053,0,2026-08-18,2026-08-19,False,False,5.0,2026-08-19T14:55:45+05:30
HEG,722.5,TOUCHED,-2.15,below,707.0,722.5,728.08,733.67,722.5,1.534,94.2,0.045,0,2026-08-18,2026-08-19,False,False,5.0,2026-08-19T14:55:45+05:30
HFCL,226.17,TOUCHED,0.18,inside,226.58,226.17,226.17,228.1,224.24,1.707,94.5,0.028,0,2026-08-18,2026-08-19,False,False,5.0,2026-08-19T14:55:45+05:30
APARINDS,16747.0,TOUCHED,-0.76,below,16620.0,16747.0,16902.67,17058.33,16747.0,1.842,94.8,0.055,0,2026-08-18,2026-08-19,False,False,5.0,2026-08-19T14:55:45+05:30
COLPAL,1912.1,TOUCHED,-2.25,below,1869.0,1912.1,1921.2,1930.3,1912.1,0.947,94.8,0.024,0,2026-08-18,2026-08-19,False,False,5.0,2026-08-19T14:55:45+05:30
ZENTEC,1950.0,TOUCHED,-0.36,inside,1943.0,1950.0,1950.0,1966.2,1933.8,1.662,95.6,0.016,0,2026-08-18,2026-08-19,False,False,5.0,2026-08-19T14:55:45+05:30
ACUTAAS,3294.85,TOUCHED,-1.41,below,3248.5,3294.85,3327.03,3359.22,3294.85,1.935,95.9,0.036,0,2026-08-18,2026-08-19,False,False,5.0,2026-08-19T14:55:45+05:30
TORNTPOWER,1272.4,TOUCHED,-2.24,below,1243.9,1272.4,1280.7,1289.0,1272.4,1.296,95.9,0.031,0,2026-08-18,2026-08-19,False,False,5.0,2026-08-19T14:55:45+05:30
HDBFS,687.92,TOUCHED,-0.96,below,681.3,687.92,691.33,694.74,687.92,0.986,96.1,0.023,0,2026-08-18,2026-08-19,False,False,5.0,2026-08-19T14:55:45+05:30
BOSCHLTD,48439.17,TOUCHED,0.1,above,48490.0,48439.17,48148.33,48439.17,47857.5,1.208,96.2,0.029,0,2026-08-18,2026-08-19,False,False,5.0,2026-08-19T14:55:45+05:30
PPLPHARMA,208.97,TOUCHED,0.39,above,209.79,208.97,207.41,208.97,205.85,1.504,96.2,0.044,0,2026-08-18,2026-08-19,False,False,5.0,2026-08-19T14:55:45+05:30
JYOTICNC,920.79,TOUCHED,1.54,above,934.95,920.79,912.38,920.79,903.98,1.843,96.4,0.027,0,2026-08-18,2026-08-19,False,False,5.0,2026-08-19T14:55:45+05:30
LEMONTREE,109.00,V+N,-0.85,below,108.08,109.0,109.01,109.01,109.0,0.009,1.9,0.023,1,2026-08-18,2026-08-19,True,True,5.0,2026-08-19T15:41:45+05:30
MANKIND,2379.72,V+N,0.6,above,2394.0,2379.72,2379.43,2379.72,2379.15,0.024,3.3,0.038,1,2026-08-18,2026-08-19,True,True,5.0,2026-08-19T15:41:45+05:30
CGPOWER,894.30,V+N,-3.49,below,863.05,894.3,894.4,894.5,894.3,0.022,3.8,0.035,1,2026-08-18,2026-08-19,True,True,5.0,2026-08-19T15:41:45+05:30
RAILTEL,277.30,V+N,3.59,above,287.25,277.3,277.25,277.3,277.2,0.036,4.4,0.041,1,2026-08-18,2026-08-19,True,True,5.0,2026-08-19T15:41:45+05:30
NATIONALUM,388.11,V,-0.4,below,386.55,388.11,388.22,388.32,388.11,0.056,6.8,0.04,1,2026-08-18,2026-08-19,True,False,5.0,2026-08-19T15:41:45+05:30
NMDC,84.21,V,-1.02,below,83.35,84.21,84.23,84.26,84.21,0.051,7.9,0.028,1,2026-08-18,2026-08-19,True,False,5.0,2026-08-19T15:41:45+05:30
SHREECEM,24730.00,V,-1.58,below,24340.0,24730.0,24735.0,24740.0,24730.0,0.04,9.0,0.013,1,2026-08-18,2026-08-19,True,False,5.0,2026-08-19T15:41:45+05:30
AADHARHFC,487.57,V,-2.7,below,474.4,487.57,487.75,487.93,487.57,0.072,10.4,0.025,1,2026-08-18,2026-08-19,True,False,5.0,2026-08-19T15:41:45+05:30
APOLLOTYRE,436.20,V,-2.03,below,427.35,436.2,436.4,436.6,436.2,0.092,13.4,0.038,1,2026-08-18,2026-08-19,True,False,5.0,2026-08-19T15:41:45+05:30
SIEMENS,3958.82,V,-1.51,below,3898.9,3958.82,3960.63,3962.45,3958.82,0.092,15.1,0.02,1,2026-08-18,2026-08-19,True,False,5.0,2026-08-19T15:41:45+05:30
CYIENT,859.82,V,4.03,above,894.5,859.82,859.4,859.82,858.97,0.099,15.9,0.024,1,2026-08-18,2026-08-19,True,False,5.0,2026-08-19T15:41:45+05:30
GRAVITA,1815.47,V,-1.23,below,1793.1,1815.47,1816.83,1818.2,1815.47,0.15,15.9,0.033,1,2026-08-18,2026-08-19,True,False,5.0,2026-08-19T15:41:45+05:30
TATASTEEL,185.57,V,-0.85,below,184.0,185.57,185.65,185.72,185.57,0.079,17.5,0.019,1,2026-08-18,2026-08-19,True,False,5.0,2026-08-19T15:41:45+05:30
MGL,1110.67,V,1.56,above,1128.0,1110.67,1109.93,1110.67,1109.2,0.132,18.9,0.034,1,2026-08-18,2026-08-19,True,False,5.0,2026-08-19T15:41:45+05:30
POWERINDIA,35313.33,V,-4.29,below,33800.0,35313.33,35351.67,35390.0,35313.33,0.217,18.9,0.055,1,2026-08-18,2026-08-19,True,False,5.0,2026-08-19T15:41:45+05:30
IEX,124.47,V,-1.18,below,123.0,124.47,124.55,124.62,124.47,0.118,20.0,0.028,1,2026-08-18,2026-08-19,True,False,5.0,2026-08-19T15:41:45+05:30
MANAPPURAM,346.85,V,-1.97,below,340.0,346.85,347.1,347.35,346.85,0.144,20.0,0.027,1,2026-08-18,2026-08-19,True,False,5.0,2026-08-19T15:41:45+05:30
SOLARINDS,20226.00,V,-2.5,below,19721.0,20226.0,20244.0,20262.0,20226.0,0.178,21.1,0.057,1,2026-08-18,2026-08-19,True,False,5.0,2026-08-19T15:41:45+05:30
MUTHOOTFIN,2896.75,V,-1.3,below,2859.0,2896.75,2899.4,2902.05,2896.75,0.183,22.2,0.04,1,2026-08-18,2026-08-19,True,False,5.0,2026-08-19T15:41:45+05:30
DELHIVERY,452.16,V,-0.48,below,450.0,452.16,452.52,452.88,452.16,0.158,22.7,0.019,1,2026-08-18,2026-08-19,True,False,5.0,2026-08-19T15:41:45+05:30
COFORGE,1778.60,V,1.94,above,1813.1,1778.6,1776.73,1778.6,1774.87,0.21,23.0,0.032,1,2026-08-18,2026-08-19,True,False,5.0,2026-08-19T15:41:45+05:30
RPOWER,22.49,V,-3.49,below,21.7,22.49,22.52,22.56,22.49,0.311,23.6,0.076,1,2026-08-18,2026-08-19,True,False,5.0,2026-08-19T15:41:45+05:30
DABUR,403.82,V,-1.01,below,399.75,403.82,404.13,404.45,403.82,0.157,24.4,0.033,1,2026-08-18,2026-08-19,True,False,5.0,2026-08-19T15:41:45+05:30
SARDAEN,518.80,V,-1.3,below,512.05,518.8,519.45,520.1,518.8,0.25,24.7,0.028,1,2026-08-18,2026-08-19,True,False,5.0,2026-08-19T15:41:45+05:30
PFIZER,4795.57,V,2.58,above,4919.5,4795.57,4791.83,4795.57,4788.1,0.156,25.2,0.025,1,2026-08-18,2026-08-19,True,False,5.0,2026-08-19T15:41:45+05:30
AMBUJACEM,412.73,V,-1.27,below,407.5,412.73,413.07,413.4,412.73,0.161,26.0,0.035,1,2026-08-18,2026-08-19,True,False,5.0,2026-08-19T15:41:45+05:30
ANURAS,1209.50,V,1.31,above,1225.4,1209.5,1208.5,1209.5,1207.5,0.165,26.8,0.025,1,2026-08-18,2026-08-19,True,False,5.0,2026-08-19T15:41:45+05:30
GESHIP,1301.12,V,1.11,above,1315.5,1301.12,1299.33,1301.12,1297.55,0.275,29.9,0.037,1,2026-08-18,2026-08-19,True,False,5.0,2026-08-19T15:41:45+05:30
LUPIN,2233.92,V,-0.4,below,2225.0,2233.92,2235.83,2237.75,2233.92,0.171,31.2,0.028,1,2026-08-18,2026-08-19,True,False,5.0,2026-08-19T15:41:45+05:30
SAMMAANCAP,149.98,V,2.43,above,153.63,149.98,149.73,149.98,149.47,0.336,31.8,0.041,1,2026-08-18,2026-08-19,True,False,5.0,2026-08-19T15:41:45+05:30
UCOBANK,25.93,V,-0.96,below,25.68,25.93,25.96,25.99,25.93,0.231,31.8,0.013,1,2026-08-18,2026-08-19,True,False,5.0,2026-08-19T15:41:45+05:30
HINDALCO,1042.50,V,-0.34,below,1038.95,1042.5,1043.4,1044.3,1042.5,0.173,32.6,0.011,1,2026-08-18,2026-08-19,True,False,5.0,2026-08-19T15:41:45+05:30
CEATLTD,3610.92,V,-2.11,below,3534.8,3610.92,3616.43,3621.95,3610.92,0.305,32.9,0.033,1,2026-08-18,2026-08-19,True,False,5.0,2026-08-19T15:41:45+05:30
WELCORP,1914.22,V,3.12,above,1973.9,1914.22,1911.33,1914.22,1908.45,0.302,35.3,0.053,1,2026-08-18,2026-08-19,True,False,5.0,2026-08-19T15:41:45+05:30
KEI,5796.95,V,-2.0,below,5681.1,5796.95,5803.9,5810.85,5796.95,0.239,35.6,0.026,1,2026-08-18,2026-08-19,True,False,5.0,2026-08-19T15:41:45+05:30
SCHAEFFLER,4067.62,V,0.92,above,4104.9,4067.62,4061.93,4067.62,4056.25,0.28,39.2,0.035,1,2026-08-18,2026-08-19,True,False,5.0,2026-08-19T15:41:45+05:30
ATGL,650.40,V,2.13,above,664.25,650.4,649.37,650.4,648.33,0.318,41.6,0.031,1,2026-08-18,2026-08-19,True,False,5.0,2026-08-19T15:41:45+05:30
CENTRALBK,31.07,V,-0.53,below,30.91,31.07,31.13,31.18,31.07,0.343,45.2,0.038,1,2026-08-18,2026-08-19,True,False,5.0,2026-08-19T15:41:45+05:30
VOLTAS,1255.10,V,-2.56,below,1223.0,1255.1,1257.3,1259.5,1255.1,0.35,45.2,0.038,1,2026-08-18,2026-08-19,True,False,5.0,2026-08-19T15:41:45+05:30
ABBOTINDIA,26621.67,V,-0.81,below,26405.0,26621.67,26663.33,26705.0,26621.67,0.313,50.4,0.034,1,2026-08-18,2026-08-19,True,False,5.0,2026-08-19T15:41:45+05:30
NEULANDLAB,23437.50,V,-0.63,below,23290.0,23437.5,23505.0,23572.5,23437.5,0.574,50.4,0.032,1,2026-08-18,2026-08-19,True,False,5.0,2026-08-19T15:41:45+05:30
ELECON,435.37,V,-1.5,below,428.85,435.37,436.78,438.2,435.37,0.649,52.3,0.036,1,2026-08-18,2026-08-19,True,False,5.0,2026-08-19T15:41:45+05:30
COROMANDEL,2067.80,V,-1.44,below,2038.1,2067.8,2072.9,2078.0,2067.8,0.492,52.9,0.035,1,2026-08-18,2026-08-19,True,False,5.0,2026-08-19T15:41:45+05:30
JAINREC,297.32,V,-2.85,below,288.85,297.32,298.43,299.55,297.32,0.748,55.0,0.061,1,2026-08-18,2026-08-19,True,False,5.0,2026-08-19T15:41:45+05:30
JIOFIN,246.32,V,-1.29,below,243.15,246.32,246.83,247.35,246.32,0.419,55.3,0.022,1,2026-08-18,2026-08-19,True,False,5.0,2026-08-19T15:41:45+05:30
JSWENERGY,549.45,V,-1.0,below,543.95,549.45,550.8,552.15,549.45,0.49,55.9,0.021,1,2026-08-18,2026-08-19,True,False,5.0,2026-08-19T15:41:45+05:30
POLYCAB,9159.08,V,-0.21,below,9140.0,9159.08,9179.17,9199.25,9159.08,0.438,57.8,0.035,1,2026-08-18,2026-08-19,True,False,5.0,2026-08-19T15:41:45+05:30
NBCC,88.27,V,-1.23,below,87.19,88.27,88.54,88.81,88.27,0.614,58.4,0.044,1,2026-08-18,2026-08-19,True,False,5.0,2026-08-19T15:41:45+05:30
CHENNPETRO,1419.70,V,1.45,above,1440.3,1419.7,1414.47,1419.7,1409.23,0.74,58.6,0.026,1,2026-08-18,2026-08-19,True,False,5.0,2026-08-19T15:41:45+05:30
CANBK,129.42,V,-0.26,below,129.08,129.42,129.73,130.05,129.42,0.488,58.9,0.023,1,2026-08-18,2026-08-19,True,False,5.0,2026-08-19T15:41:45+05:30
OLAELEC,38.77,V,-3.83,below,37.28,38.77,38.92,39.08,38.77,0.797,59.7,0.073,1,2026-08-18,2026-08-19,True,False,5.0,2026-08-19T15:41:45+05:30
BHEL,426.27,V,-1.52,below,419.8,426.27,427.55,428.82,426.27,0.596,62.5,0.048,1,2026-08-18,2026-08-19,True,False,5.0,2026-08-19T15:41:45+05:30
PETRONET,285.62,V,0.88,above,288.15,285.62,285.0,285.62,284.38,0.439,62.5,0.025,1,2026-08-18,2026-08-19,True,False,5.0,2026-08-19T15:41:45+05:30
SUZLON,47.92,V,-2.41,below,46.77,47.92,48.07,48.21,47.92,0.596,63.8,0.033,1,2026-08-18,2026-08-19,True,False,5.0,2026-08-19T15:41:45+05:30
BANDHANBNK,171.04,V,-1.07,below,169.2,171.04,171.57,172.11,171.04,0.624,66.3,0.026,1,2026-08-18,2026-08-19,True,False,5.0,2026-08-19T15:41:45+05:30
ABLBL,89.02,V,-2.39,below,86.89,89.02,89.32,89.62,89.02,0.675,67.4,0.055,1,2026-08-18,2026-08-19,True,False,5.0,2026-08-19T15:41:45+05:30
GVT&D,4212.67,V,-2.67,below,4100.0,4212.67,4230.33,4248.0,4212.67,0.835,68.2,0.025,1,2026-08-18,2026-08-19,True,False,5.0,2026-08-19T15:41:45+05:30
PTCIL,19861.00,V,-1.94,below,19475.0,19861.0,19931.0,20001.0,19861.0,0.702,69.0,0.025,1,2026-08-18,2026-08-19,True,False,5.0,2026-08-19T15:41:45+05:30
INDUSTOWER,373.48,V,-0.29,below,372.4,373.48,374.57,375.65,373.48,0.578,71.0,0.022,1,2026-08-18,2026-08-19,True,False,5.0,2026-08-19T15:41:45+05:30
THERMAX,4093.87,V,-1.67,below,4025.5,4093.87,4107.83,4121.8,4093.87,0.68,72.9,0.022,1,2026-08-18,2026-08-19,True,False,5.0,2026-08-19T15:41:45+05:30
COALINDIA,407.84,V,-1.92,below,400.0,407.84,408.78,409.73,407.84,0.461,74.8,0.023,1,2026-08-18,2026-08-19,True,False,5.0,2026-08-19T15:41:45+05:30
CESC,162.57,V,-1.79,below,159.66,162.57,163.17,163.76,162.57,0.727,77.3,0.037,1,2026-08-18,2026-08-19,True,False,5.0,2026-08-19T15:41:45+05:30
ULTRACEMCO,11528.17,V,-0.68,below,11450.0,11528.17,11557.33,11586.5,11528.17,0.505,77.5,0.027,1,2026-08-18,2026-08-19,True,False,5.0,2026-08-19T15:41:45+05:30
IFCI,80.93,V,0.92,above,81.68,80.93,80.51,80.93,80.08,1.06,77.8,0.1,1,2026-08-18,2026-08-19,True,False,5.0,2026-08-19T15:41:45+05:30
LATENTVIEW,282.79,V,-2.22,below,276.5,282.79,283.98,285.18,282.79,0.839,77.8,0.035,1,2026-08-18,2026-08-19,True,False,5.0,2026-08-19T15:41:45+05:30
SBIN,1055.45,V,-0.65,below,1048.6,1055.45,1057.9,1060.35,1055.45,0.463,78.9,0.011,1,2026-08-18,2026-08-19,True,False,5.0,2026-08-19T15:41:45+05:30
THELEELA,516.98,V,3.06,above,532.8,516.98,514.8,516.98,512.62,0.845,82.6,0.03,1,2026-08-18,2026-08-19,True,False,5.0,2026-08-19T15:41:45+05:30
JSL,735.63,V,-1.58,below,724.0,735.63,738.87,742.1,735.63,0.875,82.7,0.041,1,2026-08-18,2026-08-19,True,False,5.0,2026-08-19T15:41:45+05:30
TATAELXSI,3677.17,V,-0.48,below,3659.7,3677.17,3692.33,3707.5,3677.17,0.822,82.7,0.034,1,2026-08-18,2026-08-19,True,False,5.0,2026-08-19T15:41:45+05:30
VEDL,265.08,V,-0.94,below,262.6,265.08,266.17,267.25,265.08,0.814,83.0,0.028,1,2026-08-18,2026-08-19,True,False,5.0,2026-08-19T15:41:45+05:30
ABB,7574.42,V,-1.91,below,7430.0,7574.42,7602.83,7631.25,7574.42,0.748,83.3,0.023,1,2026-08-18,2026-08-19,True,False,5.0,2026-08-19T15:41:45+05:30
NSLNISP,40.69,V,-1.32,below,40.15,40.69,40.88,41.08,40.69,0.962,83.8,0.033,1,2026-08-18,2026-08-19,True,False,5.0,2026-08-19T15:41:45+05:30
CUMMINSIND,5372.33,V,-2.84,below,5220.0,5372.33,5394.67,5417.0,5372.33,0.828,85.8,0.018,1,2026-08-18,2026-08-19,True,False,5.0,2026-08-19T15:41:45+05:30
INOXWIND,75.45,V,-2.26,below,73.74,75.45,75.94,76.44,75.45,1.308,91.5,0.041,1,2026-08-18,2026-08-19,True,False,5.0,2026-08-19T15:41:45+05:30
TMPV,324.28,V,-0.92,below,321.3,324.28,325.77,327.25,324.28,0.911,91.8,0.02,1,2026-08-18,2026-08-19,True,False,5.0,2026-08-19T15:41:45+05:30
HOMEFIRST,1177.10,NARROW,0.62,above,1184.4,1177.1,1177.1,1177.1,1177.1,0.0,0.0,0.042,0,2026-08-18,2026-08-19,False,True,5.0,2026-08-19T15:41:45+05:30
SAPPHIRE,231.99,NARROW,0.74,above,233.71,231.99,231.98,231.99,231.97,0.004,1.4,0.05,0,2026-08-18,2026-08-19,False,True,5.0,2026-08-19T15:41:45+05:30
MAZDOCK,2587.05,NARROW,-0.9,below,2563.8,2587.05,2587.1,2587.15,2587.05,0.004,1.9,0.042,0,2026-08-18,2026-08-19,False,True,5.0,2026-08-19T15:41:45+05:30
LICHSGFIN,498.82,NARROW,-0.36,below,497.0,498.82,498.83,498.85,498.82,0.007,2.2,0.018,0,2026-08-18,2026-08-19,False,True,5.0,2026-08-19T15:41:45+05:30
ABDL,612.68,NARROW,-2.39,below,598.05,612.68,612.77,612.85,612.68,0.027,2.5,0.075,0,2026-08-18,2026-08-19,False,True,5.0,2026-08-19T15:41:45+05:30
BBTC,1473.27,NARROW,-1.92,below,1445.0,1473.27,1473.33,1473.4,1473.27,0.009,2.5,0.029,0,2026-08-18,2026-08-19,False,True,5.0,2026-08-19T15:41:45+05:30
MMTC,63.51,NARROW,-2.14,below,62.15,63.51,63.52,63.53,63.51,0.031,3.0,0.051,0,2026-08-18,2026-08-19,False,True,5.0,2026-08-19T15:41:45+05:30
FACT,794.42,NARROW,-0.92,below,787.15,794.42,794.57,794.71,794.42,0.036,3.3,0.056,0,2026-08-18,2026-08-19,False,True,5.0,2026-08-19T15:41:45+05:30
BATAINDIA,727.91,NARROW,-0.91,below,721.3,727.91,727.97,728.04,727.91,0.018,3.6,0.022,0,2026-08-18,2026-08-19,False,True,5.0,2026-08-19T15:41:45+05:30
SIGNATURE,801.03,NARROW,-2.01,below,784.9,801.03,801.12,801.2,801.03,0.021,3.6,0.028,0,2026-08-18,2026-08-19,False,True,5.0,2026-08-19T15:41:45+05:30
ANTHEM,891.17,NARROW,-1.04,below,881.9,891.17,891.3,891.42,891.17,0.028,3.7,0.042,0,2026-08-18,2026-08-19,False,True,5.0,2026-08-19T15:41:45+05:30
KPIL,1402.75,NARROW,-1.86,below,1376.6,1402.75,1403.0,1403.25,1402.75,0.036,3.8,0.041,0,2026-08-18,2026-08-19,False,True,5.0,2026-08-19T15:41:45+05:30
ANANTRAJ,627.48,NARROW,0.65,above,631.55,627.48,627.33,627.48,627.19,0.045,4.1,0.073,0,2026-08-18,2026-08-19,False,True,5.0,2026-08-19T15:41:45+05:30
NLCINDIA,276.50,NARROW,-3.06,below,268.05,276.5,276.55,276.6,276.5,0.036,4.1,0.048,0,2026-08-18,2026-08-19,False,True,5.0,2026-08-19T15:41:45+05:30
HINDCOPPER,566.12,NARROW,-1.99,below,554.85,566.12,566.2,566.27,566.12,0.026,4.4,0.031,0,2026-08-18,2026-08-19,False,True,5.0,2026-08-19T15:41:45+05:30
EMCURE,1875.05,NARROW,0.85,above,1891.0,1875.05,1874.87,1875.05,1874.68,0.02,4.7,0.027,0,2026-08-18,2026-08-19,False,True,5.0,2026-08-19T15:41:45+05:30
UNOMINDA,1272.10,NARROW,-0.01,below,1272.0,1272.1,1272.4,1272.7,1272.1,0.047,4.7,0.049,0,2026-08-18,2026-08-19,False,True,5.0,2026-08-19T15:41:45+05:30
DEEPAKNTR,1770.25,NARROW,-0.11,below,1768.3,1770.25,1770.5,1770.75,1770.25,0.028,4.9,0.029,0,2026-08-18,2026-08-19,False,True,5.0,2026-08-19T15:41:45+05:30
ACE,1174.03,WIDE,0.61,above,1181.2,1174.03,1163.27,1174.03,1152.5,1.851,98.1,0.049,0,2026-08-18,2026-08-19,False,False,5.0,2026-08-19T15:41:45+05:30
GLAXO,2853.28,WIDE,6.28,above,3032.4,2853.28,2829.17,2853.28,2805.05,1.705,98.1,0.026,0,2026-08-18,2026-08-19,False,False,5.0,2026-08-19T15:41:45+05:30
SBICARD,624.02,WIDE,-0.06,inside,623.65,624.02,624.02,628.53,619.51,1.445,98.1,0.029,0,2026-08-18,2026-08-19,False,False,5.0,2026-08-19T15:41:45+05:30
TIINDIA,2930.13,WIDE,1.05,above,2961.0,2930.13,2901.27,2930.13,2872.4,1.99,98.6,0.038,0,2026-08-18,2026-08-19,False,False,5.0,2026-08-19T15:41:45+05:30
LTF,316.67,WIDE,-0.4,below,315.4,316.67,319.48,322.29,316.67,1.758,99.2,0.03,0,2026-08-18,2026-08-19,False,False,5.0,2026-08-19T15:41:45+05:30
OBEROIRLTY,1875.12,WIDE,-0.29,below,1869.7,1875.12,1892.23,1909.35,1875.12,1.809,99.5,0.044,0,2026-08-18,2026-08-19,False,False,5.0,2026-08-19T15:41:45+05:30
PIRAMALFIN,2058.90,TOUCHED,-0.07,below,2057.4,2058.9,2059.43,2059.97,2058.9,0.052,5.1,0.049,0,2026-08-18,2026-08-19,False,False,5.0,2026-08-19T15:41:45+05:30
ABSLAMC,1013.47,TOUCHED,-0.99,below,1003.4,1013.47,1013.63,1013.8,1013.47,0.033,5.2,0.033,0,2026-08-18,2026-08-19,False,False,5.0,2026-08-19T15:41:45+05:30
SUPREMEIND,3603.13,TOUCHED,0.19,above,3610.0,3603.13,3602.27,3603.13,3601.4,0.048,5.2,0.042,0,2026-08-18,2026-08-19,False,False,5.0,2026-08-19T15:41:45+05:30
CANHLIFE,149.32,TOUCHED,1.55,above,151.63,149.32,149.3,149.32,149.29,0.022,5.3,0.018,0,2026-08-18,2026-08-19,False,False,5.0,2026-08-19T15:41:45+05:30
ABREL,1390.58,TOUCHED,0.32,above,1395.1,1390.58,1390.37,1390.58,1390.15,0.031,5.5,0.025,0,2026-08-18,2026-08-19,False,False,5.0,2026-08-19T15:41:45+05:30
DMART,3981.63,TOUCHED,-0.42,below,3965.0,3981.63,3982.27,3982.9,3981.63,0.032,5.8,0.028,0,2026-08-18,2026-08-19,False,False,5.0,2026-08-19T15:41:45+05:30
HUDCO,187.97,TOUCHED,0.18,above,188.32,187.97,187.94,187.97,187.9,0.039,5.8,0.035,0,2026-08-18,2026-08-19,False,False,5.0,2026-08-19T15:41:45+05:30
ICICIBANK,1411.45,TOUCHED,-0.67,below,1402.0,1411.45,1411.63,1411.82,1411.45,0.026,5.8,0.023,0,2026-08-18,2026-08-19,False,False,5.0,2026-08-19T15:41:45+05:30
LAURUSLABS,1813.35,TOUCHED,-0.64,below,1801.8,1813.35,1813.57,1813.78,1813.35,0.024,5.8,0.018,0,2026-08-18,2026-08-19,False,False,5.0,2026-08-19T15:41:45+05:30
JSWCEMENT,127.23,TOUCHED,-2.8,below,123.66,127.23,127.25,127.28,127.23,0.045,6.0,0.036,0,2026-08-18,2026-08-19,False,False,5.0,2026-08-19T15:41:45+05:30
URBANCO,144.93,TOUCHED,2.0,above,147.83,144.93,144.89,144.93,144.85,0.053,6.1,0.046,0,2026-08-18,2026-08-19,False,False,5.0,2026-08-19T15:41:45+05:30
BAJFINANCE,1093.80,TOUCHED,-1.24,below,1080.2,1093.8,1093.97,1094.13,1093.8,0.03,6.3,0.027,0,2026-08-18,2026-08-19,False,False,5.0,2026-08-19T15:41:45+05:30
JINDALSAW,268.58,TOUCHED,0.04,above,268.7,268.58,268.52,268.58,268.45,0.05,6.3,0.038,0,2026-08-18,2026-08-19,False,False,5.0,2026-08-19T15:41:45+05:30
TARIL,297.22,TOUCHED,-2.01,below,291.25,297.22,297.32,297.41,297.22,0.062,6.6,0.054,0,2026-08-18,2026-08-19,False,False,5.0,2026-08-19T15:41:45+05:30
PRESTIGE,1587.85,TOUCHED,-0.38,below,1581.8,1587.85,1588.57,1589.28,1587.85,0.09,6.8,0.057,0,2026-08-18,2026-08-19,False,False,5.0,2026-08-19T15:41:45+05:30
RAMCOCEM,910.10,TOUCHED,-0.87,below,902.2,910.1,910.4,910.7,910.1,0.066,6.8,0.045,0,2026-08-18,2026-08-19,False,False,5.0,2026-08-19T15:41:45+05:30
VBL,438.95,TOUCHED,-1.62,below,431.85,438.95,439.07,439.18,438.95,0.053,6.8,0.03,0,2026-08-18,2026-08-19,False,False,5.0,2026-08-19T15:41:45+05:30
ZEEL,105.22,TOUCHED,-2.86,below,102.22,105.22,105.26,105.29,105.22,0.06,6.8,0.045,0,2026-08-18,2026-08-19,False,False,5.0,2026-08-19T15:41:45+05:30
JKTYRE,382.73,TOUCHED,-2.06,below,374.85,382.73,382.87,383.01,382.73,0.074,7.4,0.044,0,2026-08-18,2026-08-19,False,False,5.0,2026-08-19T15:41:45+05:30
VTL,599.04,TOUCHED,-0.48,below,596.15,599.04,599.18,599.33,599.04,0.047,7.7,0.031,0,2026-08-18,2026-08-19,False,False,5.0,2026-08-19T15:41:45+05:30
JPPOWER,17.32,TOUCHED,-1.7,below,17.03,17.32,17.33,17.34,17.32,0.058,8.2,0.037,0,2026-08-18,2026-08-19,False,False,5.0,2026-08-19T15:41:45+05:30
KARURVYSYA,333.55,TOUCHED,-0.75,below,331.05,333.55,333.67,333.78,333.55,0.07,8.5,0.038,0,2026-08-18,2026-08-19,False,False,5.0,2026-08-19T15:41:45+05:30
M&MFIN,386.62,TOUCHED,0.77,above,389.6,386.62,386.48,386.62,386.34,0.073,9.0,0.037,0,2026-08-18,2026-08-19,False,False,5.0,2026-08-19T15:41:45+05:30
WAAREEENER,2706.25,TOUCHED,-1.01,below,2679.0,2706.25,2707.2,2708.15,2706.25,0.07,9.0,0.043,0,2026-08-18,2026-08-19,False,False,5.0,2026-08-19T15:41:45+05:30
ONGC,239.55,TOUCHED,-0.65,below,238.0,239.55,239.61,239.66,239.55,0.045,9.3,0.028,0,2026-08-18,2026-08-19,False,False,5.0,2026-08-19T15:41:45+05:30
LT,4065.37,TOUCHED,-0.59,below,4041.3,4065.37,4066.43,4067.5,4065.37,0.052,9.9,0.024,0,2026-08-18,2026-08-19,False,False,5.0,2026-08-19T15:41:45+05:30
HAVELLS,1298.95,TOUCHED,-0.92,below,1287.0,1298.95,1299.2,1299.45,1298.95,0.038,10.1,0.019,0,2026-08-18,2026-08-19,False,False,5.0,2026-08-19T15:41:45+05:30
CAPLIPOINT,2532.05,TOUCHED,1.54,above,2571.0,2532.05,2531.27,2532.05,2530.48,0.062,10.4,0.032,0,2026-08-18,2026-08-19,False,False,5.0,2026-08-19T15:41:45+05:30
COHANCE,455.41,TOUCHED,-1.88,below,446.85,455.41,455.62,455.82,455.41,0.091,11.0,0.022,0,2026-08-18,2026-08-19,False,False,5.0,2026-08-19T15:41:45+05:30
DOMS,2216.50,TOUCHED,-1.06,below,2193.1,2216.5,2217.2,2217.9,2216.5,0.063,11.2,0.027,0,2026-08-18,2026-08-19,False,False,5.0,2026-08-19T15:41:45+05:30
USHAMART,499.45,TOUCHED,0.42,above,501.55,499.45,499.23,499.45,499.02,0.087,11.2,0.035,0,2026-08-18,2026-08-19,False,False,5.0,2026-08-19T15:41:45+05:30
JUBLPHARMA,866.95,TOUCHED,0.12,above,868.0,866.95,866.63,866.95,866.32,0.073,11.5,0.019,0,2026-08-18,2026-08-19,False,False,5.0,2026-08-19T15:41:45+05:30
GODIGIT,255.47,TOUCHED,-1.34,below,252.05,255.47,255.57,255.66,255.47,0.072,12.1,0.028,0,2026-08-18,2026-08-19,False,False,5.0,2026-08-19T15:41:45+05:30
KIMS,804.45,TOUCHED,-1.96,below,788.65,804.45,804.8,805.15,804.45,0.087,12.3,0.04,0,2026-08-18,2026-08-19,False,False,5.0,2026-08-19T15:41:45+05:30
POLICYBZR,1746.10,TOUCHED,2.06,above,1782.1,1746.1,1745.2,1746.1,1744.3,0.103,12.3,0.038,0,2026-08-18,2026-08-19,False,False,5.0,2026-08-19T15:41:45+05:30
TECHM,1592.65,TOUCHED,-0.18,below,1589.8,1592.65,1593.3,1593.95,1592.65,0.082,12.3,0.034,0,2026-08-18,2026-08-19,False,False,5.0,2026-08-19T15:41:45+05:30
LICI,410.48,TOUCHED,0.64,above,413.1,410.48,410.32,410.48,410.16,0.077,12.9,0.031,0,2026-08-18,2026-08-19,False,False,5.0,2026-08-19T15:41:45+05:30
INDIACEM,374.67,TOUCHED,-1.33,below,369.7,374.67,374.83,375.0,374.67,0.089,13.2,0.035,0,2026-08-18,2026-08-19,False,False,5.0,2026-08-19T15:41:45+05:30
NIACL,184.31,TOUCHED,0.74,above,185.68,184.31,184.24,184.31,184.16,0.085,13.2,0.032,0,2026-08-18,2026-08-19,False,False,5.0,2026-08-19T15:41:45+05:30
BIOCON,416.90,TOUCHED,-1.0,below,412.75,416.9,417.1,417.3,416.9,0.096,13.4,0.031,0,2026-08-18,2026-08-19,False,False,5.0,2026-08-19T15:41:45+05:30
FIVESTAR,534.35,TOUCHED,-2.45,below,521.25,534.35,534.68,535.02,534.35,0.125,14.0,0.041,0,2026-08-18,2026-08-19,False,False,5.0,2026-08-19T15:41:45+05:30
CASTROLIND,187.00,TOUCHED,0.94,above,188.75,187.0,186.95,187.0,186.9,0.053,14.5,0.014,0,2026-08-18,2026-08-19,False,False,5.0,2026-08-19T15:41:45+05:30
OLECTRA,1325.02,TOUCHED,-1.47,below,1305.6,1325.02,1325.93,1326.85,1325.02,0.138,14.5,0.033,0,2026-08-18,2026-08-19,False,False,5.0,2026-08-19T15:41:45+05:30
ENGINERSIN,244.12,TOUCHED,-2.96,below,236.9,244.12,244.34,244.56,244.12,0.179,14.8,0.04,0,2026-08-18,2026-08-19,False,False,5.0,2026-08-19T15:41:45+05:30
MINDACORP,745.69,TOUCHED,-0.91,below,738.9,745.69,746.13,746.57,745.69,0.118,14.8,0.038,0,2026-08-18,2026-08-19,False,False,5.0,2026-08-19T15:41:45+05:30
ADANIPORTS,1681.72,TOUCHED,0.01,above,1681.9,1681.72,1681.03,1681.72,1680.35,0.081,15.1,0.02,0,2026-08-18,2026-08-19,False,False,5.0,2026-08-19T15:41:45+05:30
CRISIL,4450.60,TOUCHED,1.1,above,4499.4,4450.6,4447.9,4450.6,4445.2,0.121,15.1,0.05,0,2026-08-18,2026-08-19,False,False,5.0,2026-08-19T15:41:45+05:30
CIEINDIA,409.10,TOUCHED,-0.6,below,406.65,409.1,409.3,409.5,409.1,0.098,15.3,0.029,0,2026-08-18,2026-08-19,False,False,5.0,2026-08-19T15:41:45+05:30
GRASIM,3274.10,TOUCHED,-0.13,below,3270.0,3274.1,3275.63,3277.17,3274.1,0.094,15.3,0.017,0,2026-08-18,2026-08-19,False,False,5.0,2026-08-19T15:41:45+05:30
INDUSINDBK,1014.42,TOUCHED,0.23,above,1016.7,1014.42,1013.83,1014.42,1013.25,0.115,15.9,0.031,0,2026-08-18,2026-08-19,False,False,5.0,2026-08-19T15:41:45+05:30
SBILIFE,1779.50,TOUCHED,0.05,above,1780.4,1779.5,1779.0,1779.5,1778.5,0.056,15.9,0.015,0,2026-08-18,2026-08-19,False,False,5.0,2026-08-19T15:41:45+05:30
ASHOKLEY,176.04,TOUCHED,-1.67,below,173.1,176.04,176.15,176.25,176.04,0.115,16.2,0.027,0,2026-08-18,2026-08-19,False,False,5.0,2026-08-19T15:41:45+05:30
BAJAJFINSV,2010.27,TOUCHED,0.09,above,2012.0,2010.27,2009.33,2010.27,2008.4,0.093,16.2,0.02,0,2026-08-18,2026-08-19,False,False,5.0,2026-08-19T15:41:45+05:30
IRCON,123.71,TOUCHED,-0.88,below,122.62,123.71,123.81,123.9,123.71,0.151,16.2,0.042,0,2026-08-18,2026-08-19,False,False,5.0,2026-08-19T15:41:45+05:30
PFC,374.66,TOUCHED,-0.06,below,374.45,374.66,374.87,375.07,374.66,0.111,16.2,0.032,0,2026-08-18,2026-08-19,False,False,5.0,2026-08-19T15:41:45+05:30
POONAWALLA,498.23,TOUCHED,-0.99,below,493.3,498.23,498.57,498.9,498.23,0.134,16.2,0.033,0,2026-08-18,2026-08-19,False,False,5.0,2026-08-19T15:41:45+05:30
ADANIENSOL,1604.18,TOUCHED,-3.96,below,1540.7,1604.18,1605.37,1606.55,1604.18,0.147,16.4,0.031,0,2026-08-18,2026-08-19,False,False,5.0,2026-08-19T15:41:45+05:30
ICICIGI,1624.65,TOUCHED,-0.55,below,1615.7,1624.65,1625.5,1626.35,1624.65,0.105,16.7,0.022,0,2026-08-18,2026-08-19,False,False,5.0,2026-08-19T15:41:45+05:30
PARADEEP,147.67,TOUCHED,2.18,above,150.89,147.67,147.51,147.67,147.36,0.208,16.7,0.036,0,2026-08-18,2026-08-19,False,False,5.0,2026-08-19T15:41:45+05:30
EMAMILTD,400.62,TOUCHED,-0.0,inside,400.6,400.62,400.62,400.88,400.36,0.129,17.5,0.022,0,2026-08-18,2026-08-19,False,False,5.0,2026-08-19T15:41:45+05:30
HEROMOTOCO,5736.25,TOUCHED,-0.47,below,5709.5,5736.25,5739.33,5742.42,5736.25,0.107,17.8,0.017,0,2026-08-18,2026-08-19,False,False,5.0,2026-08-19T15:41:45+05:30
INTELLECT,694.12,TOUCHED,-2.26,below,678.45,694.12,694.73,695.34,694.12,0.175,18.1,0.042,0,2026-08-18,2026-08-19,False,False,5.0,2026-08-19T15:41:45+05:30
NHPC,76.59,TOUCHED,-0.55,below,76.17,76.59,76.64,76.69,76.59,0.117,18.4,0.035,0,2026-08-18,2026-08-19,False,False,5.0,2026-08-19T15:41:45+05:30
CROMPTON,244.65,TOUCHED,0.35,above,245.5,244.65,244.5,244.65,244.35,0.123,18.6,0.025,0,2026-08-18,2026-08-19,False,False,5.0,2026-08-19T15:41:45+05:30
SBFC,93.73,TOUCHED,-1.02,below,92.77,93.73,93.79,93.85,93.73,0.128,18.6,0.032,0,2026-08-18,2026-08-19,False,False,5.0,2026-08-19T15:41:45+05:30
SYRMA,1501.72,TOUCHED,-0.46,below,1494.8,1501.72,1503.33,1504.95,1501.72,0.215,18.9,0.045,0,2026-08-18,2026-08-19,False,False,5.0,2026-08-19T15:41:45+05:30
CIPLA,1431.73,TOUCHED,-0.68,below,1422.0,1431.73,1432.37,1433.0,1431.73,0.088,19.5,0.023,0,2026-08-18,2026-08-19,False,False,5.0,2026-08-19T15:41:45+05:30
AMBER,7330.00,TOUCHED,-1.09,below,7250.0,7330.0,7336.67,7343.33,7330.0,0.182,19.7,0.031,0,2026-08-18,2026-08-19,False,False,5.0,2026-08-19T15:41:45+05:30
MRF,133428.33,TOUCHED,0.15,above,133630.0,133428.33,133351.67,133428.33,133275.0,0.115,19.7,0.035,0,2026-08-18,2026-08-19,False,False,5.0,2026-08-19T15:41:45+05:30
NTPCGREEN,92.23,TOUCHED,-0.57,below,91.7,92.23,92.29,92.35,92.23,0.126,19.7,0.015,0,2026-08-18,2026-08-19,False,False,5.0,2026-08-19T15:41:45+05:30
TIMKEN,3301.97,TOUCHED,-2.12,below,3231.8,3301.97,3304.43,3306.9,3301.97,0.149,19.7,0.05,0,2026-08-18,2026-08-19,False,False,5.0,2026-08-19T15:41:45+05:30
CLEAN,829.92,TOUCHED,-1.28,below,819.3,829.92,830.58,831.24,829.92,0.159,20.0,0.026,0,2026-08-18,2026-08-19,False,False,5.0,2026-08-19T15:41:45+05:30
CONCORDBIO,1564.13,TOUCHED,1.49,above,1587.5,1564.13,1562.57,1564.13,1561.0,0.201,20.0,0.022,0,2026-08-18,2026-08-19,False,False,5.0,2026-08-19T15:41:45+05:30
SWIGGY,274.30,TOUCHED,-0.69,below,272.4,274.3,274.6,274.9,274.3,0.218,20.0,0.045,0,2026-08-18,2026-08-19,False,False,5.0,2026-08-19T15:41:45+05:30
GROWW,194.31,TOUCHED,-0.09,inside,194.14,194.31,194.31,194.56,194.06,0.256,20.2,0.031,0,2026-08-18,2026-08-19,False,False,5.0,2026-08-19T15:41:45+05:30
DEVYANI,142.49,TOUCHED,0.29,above,142.9,142.49,142.36,142.49,142.22,0.187,20.5,0.04,0,2026-08-18,2026-08-19,False,False,5.0,2026-08-19T15:41:45+05:30
CEMPRO,1325.53,TOUCHED,-4.51,below,1265.7,1325.53,1327.07,1328.6,1325.53,0.231,20.8,0.055,0,2026-08-18,2026-08-19,False,False,5.0,2026-08-19T15:41:45+05:30
BAJAJHFL,84.49,TOUCHED,0.62,above,85.01,84.49,84.44,84.49,84.4,0.099,21.1,0.024,0,2026-08-18,2026-08-19,False,False,5.0,2026-08-19T15:41:45+05:30
RELIANCE,1319.90,TOUCHED,-0.67,below,1311.0,1319.9,1320.6,1321.3,1319.9,0.106,21.1,0.024,0,2026-08-18,2026-08-19,False,False,5.0,2026-08-19T15:41:45+05:30
SRF,2624.05,TOUCHED,-1.73,below,2578.6,2624.05,2626.03,2628.02,2624.05,0.151,21.6,0.027,0,2026-08-18,2026-08-19,False,False,5.0,2026-08-19T15:41:45+05:30
ADANIPOWER,205.76,TOUCHED,-0.85,below,204.02,205.76,205.94,206.12,205.76,0.175,21.9,0.053,0,2026-08-18,2026-08-19,False,False,5.0,2026-08-19T15:41:45+05:30
NTPC,336.60,TOUCHED,-0.01,below,336.55,336.6,336.77,336.93,336.6,0.099,21.9,0.016,0,2026-08-18,2026-08-19,False,False,5.0,2026-08-19T15:41:45+05:30
IGIL,350.07,TOUCHED,-3.33,below,338.4,350.07,350.43,350.8,350.07,0.209,22.5,0.029,0,2026-08-18,2026-08-19,False,False,5.0,2026-08-19T15:41:45+05:30
AIIL,554.00,TOUCHED,-0.63,below,550.5,554.0,554.75,555.5,554.0,0.27,22.7,0.055,0,2026-08-18,2026-08-19,False,False,5.0,2026-08-19T15:41:45+05:30
JKCEMENT,5360.50,TOUCHED,-1.58,below,5276.0,5360.5,5365.5,5370.5,5360.5,0.186,23.3,0.035,0,2026-08-18,2026-08-19,False,False,5.0,2026-08-19T15:41:45+05:30
RKFORGE,752.02,TOUCHED,-0.38,below,749.2,752.02,752.8,753.57,752.02,0.206,23.6,0.048,0,2026-08-18,2026-08-19,False,False,5.0,2026-08-19T15:41:45+05:30
HSCL,779.15,TOUCHED,-3.71,below,750.25,779.15,780.03,780.92,779.15,0.226,23.8,0.035,0,2026-08-18,2026-08-19,False,False,5.0,2026-08-19T15:41:45+05:30
MEESHO,192.70,TOUCHED,2.17,above,196.88,192.7,192.46,192.7,192.22,0.255,23.8,0.027,0,2026-08-18,2026-08-19,False,False,5.0,2026-08-19T15:41:45+05:30
AEGISVOPAK,273.55,TOUCHED,-1.24,below,270.15,273.55,273.97,274.38,273.55,0.304,23.9,0.04,0,2026-08-18,2026-08-19,False,False,5.0,2026-08-19T15:41:45+05:30
J&KBANK,149.71,TOUCHED,-0.51,below,148.95,149.71,149.89,150.07,149.71,0.234,24.1,0.029,0,2026-08-18,2026-08-19,False,False,5.0,2026-08-19T15:41:45+05:30
SWANCORP,304.92,TOUCHED,-0.56,below,303.2,304.92,305.28,305.65,304.92,0.24,24.1,0.034,0,2026-08-18,2026-08-19,False,False,5.0,2026-08-19T15:41:45+05:30
CARTRADE,2807.58,TOUCHED,-0.86,below,2783.5,2807.58,2812.57,2817.55,2807.58,0.354,24.4,0.061,0,2026-08-18,2026-08-19,False,False,5.0,2026-08-19T15:41:45+05:30
CREDITACC,1526.22,TOUCHED,-0.45,below,1519.4,1526.22,1527.83,1529.45,1526.22,0.212,24.4,0.035,0,2026-08-18,2026-08-19,False,False,5.0,2026-08-19T15:41:45+05:30
MSUMI,40.36,TOUCHED,-2.73,below,39.26,40.36,40.41,40.45,40.36,0.214,24.4,0.031,0,2026-08-18,2026-08-19,False,False,5.0,2026-08-19T15:41:45+05:30
NAVINFLUOR,8245.17,TOUCHED,0.39,above,8277.5,8245.17,8235.33,8245.17,8225.5,0.239,24.4,0.046,0,2026-08-18,2026-08-19,False,False,5.0,2026-08-19T15:41:45+05:30
AAVAS,1384.45,TOUCHED,-0.84,below,1372.8,1384.45,1385.73,1387.02,1384.45,0.185,24.7,0.027,0,2026-08-18,2026-08-19,False,False,5.0,2026-08-19T15:41:45+05:30
HBLENGINE,671.58,TOUCHED,0.04,inside,671.85,671.58,671.58,672.35,670.82,0.228,24.9,0.035,0,2026-08-18,2026-08-19,False,False,5.0,2026-08-19T15:41:45+05:30
NEWGEN,529.12,TOUCHED,-1.73,below,519.95,529.12,529.78,530.45,529.12,0.252,24.9,0.034,0,2026-08-18,2026-08-19,False,False,5.0,2026-08-19T15:41:45+05:30
POWERGRID,267.50,TOUCHED,-1.5,below,263.5,267.5,267.67,267.83,267.5,0.125,24.9,0.017,0,2026-08-18,2026-08-19,False,False,5.0,2026-08-19T15:41:45+05:30
M&M,3415.57,TOUCHED,-0.02,inside,3415.0,3415.57,3415.57,3418.53,3412.6,0.174,25.2,0.026,0,2026-08-18,2026-08-19,False,False,5.0,2026-08-19T15:41:45+05:30
NATCOPHARM,895.50,TOUCHED,-0.97,below,886.85,895.5,896.45,897.4,895.5,0.212,25.2,0.019,0,2026-08-18,2026-08-19,False,False,5.0,2026-08-19T15:41:45+05:30
TATAPOWER,380.22,TOUCHED,-0.35,below,378.9,380.22,380.48,380.74,380.22,0.136,25.2,0.023,0,2026-08-18,2026-08-19,False,False,5.0,2026-08-19T15:41:45+05:30
ERIS,1347.37,TOUCHED,0.07,inside,1348.3,1347.37,1347.37,1348.73,1346.0,0.203,25.5,0.03,0,2026-08-18,2026-08-19,False,False,5.0,2026-08-19T15:41:45+05:30
JBMA,620.49,TOUCHED,-0.3,below,618.65,620.49,621.13,621.77,620.49,0.207,25.5,0.033,0,2026-08-18,2026-08-19,False,False,5.0,2026-08-19T15:41:45+05:30
CHOICEIN,804.32,TOUCHED,-0.48,below,800.45,804.32,805.03,805.75,804.32,0.178,25.8,0.023,0,2026-08-18,2026-08-19,False,False,5.0,2026-08-19T15:41:45+05:30
BLUEDART,5089.50,TOUCHED,-0.44,below,5067.0,5089.5,5093.5,5097.5,5089.5,0.157,26.0,0.017,0,2026-08-18,2026-08-19,False,False,5.0,2026-08-19T15:41:45+05:30
INDHOTEL,718.38,TOUCHED,0.69,above,723.35,718.38,717.77,718.38,717.15,0.172,26.0,0.02,0,2026-08-18,2026-08-19,False,False,5.0,2026-08-19T15:41:45+05:30
TTML,37.89,TOUCHED,-0.59,below,37.67,37.89,37.93,37.97,37.89,0.22,26.6,0.046,0,2026-08-18,2026-08-19,False,False,5.0,2026-08-19T15:41:45+05:30
COCHINSHIP,1483.17,TOUCHED,0.12,above,1485.0,1483.17,1481.23,1483.17,1479.3,0.261,26.8,0.043,0,2026-08-18,2026-08-19,False,False,5.0,2026-08-19T15:41:45+05:30
SJVN,66.35,TOUCHED,-0.47,below,66.04,66.35,66.42,66.48,66.35,0.191,27.1,0.027,0,2026-08-18,2026-08-19,False,False,5.0,2026-08-19T15:41:45+05:30
CPPLUS,3324.00,TOUCHED,-0.62,below,3303.5,3324.0,3330.0,3336.0,3324.0,0.36,27.5,0.037,0,2026-08-18,2026-08-19,False,False,5.0,2026-08-19T15:41:45+05:30
AFFLE,1704.90,TOUCHED,-0.65,below,1693.8,1704.9,1707.03,1709.17,1704.9,0.25,27.7,0.032,0,2026-08-18,2026-08-19,False,False,5.0,2026-08-19T15:41:45+05:30
ECLERX,1813.95,TOUCHED,1.04,above,1832.9,1813.95,1811.03,1813.95,1808.12,0.322,27.7,0.039,0,2026-08-18,2026-08-19,False,False,5.0,2026-08-19T15:41:45+05:30
CHALET,837.38,TOUCHED,1.27,above,848.05,837.38,836.4,837.38,835.43,0.233,27.9,0.023,0,2026-08-18,2026-08-19,False,False,5.0,2026-08-19T15:41:45+05:30
DIVISLAB,8567.00,TOUCHED,-0.08,below,8560.0,8567.0,8574.0,8581.0,8567.0,0.163,28.2,0.021,0,2026-08-18,2026-08-19,False,False,5.0,2026-08-19T15:41:45+05:30
SAGILITY,42.34,TOUCHED,0.22,above,42.44,42.34,42.28,42.34,42.22,0.292,28.2,0.045,0,2026-08-18,2026-08-19,False,False,5.0,2026-08-19T15:41:45+05:30
SHRIRAMFIN,1109.52,TOUCHED,-0.32,below,1106.0,1109.52,1110.63,1111.75,1109.52,0.201,28.5,0.038,0,2026-08-18,2026-08-19,False,False,5.0,2026-08-19T15:41:45+05:30
STARHEALTH,582.85,TOUCHED,-0.01,inside,582.8,582.85,582.85,583.38,582.32,0.18,28.5,0.026,0,2026-08-18,2026-08-19,False,False,5.0,2026-08-19T15:41:45+05:30
TATACOMM,1691.73,TOUCHED,-1.88,below,1660.0,1691.73,1693.67,1695.6,1691.73,0.228,29.0,0.022,0,2026-08-18,2026-08-19,False,False,5.0,2026-08-19T15:41:45+05:30
ICICIAMC,3118.45,TOUCHED,4.57,above,3260.9,3118.45,3114.3,3118.45,3110.15,0.267,29.5,0.032,0,2026-08-18,2026-08-19,False,False,5.0,2026-08-19T15:41:45+05:30
EIDPARRY,783.60,TOUCHED,0.44,above,787.05,783.6,782.6,783.6,781.6,0.256,30.1,0.032,0,2026-08-18,2026-08-19,False,False,5.0,2026-08-19T15:41:45+05:30
EIHOTEL,296.38,TOUCHED,0.43,above,297.65,296.38,296.07,296.38,295.75,0.214,30.1,0.03,0,2026-08-18,2026-08-19,False,False,5.0,2026-08-19T15:41:45+05:30
SUNTV,483.38,TOUCHED,-0.51,below,480.9,483.38,483.97,484.55,483.38,0.241,30.1,0.024,0,2026-08-18,2026-08-19,False,False,5.0,2026-08-19T15:41:45+05:30
BAYERCROP,4094.00,TOUCHED,-0.59,below,4069.9,4094.0,4097.9,4101.8,4094.0,0.19,30.4,0.032,0,2026-08-18,2026-08-19,False,False,5.0,2026-08-19T15:41:45+05:30
GODREJCP,929.13,TOUCHED,0.09,inside,930.0,929.13,929.13,930.07,928.2,0.201,31.0,0.023,0,2026-08-18,2026-08-19,False,False,5.0,2026-08-19T15:41:45+05:30
JWL,251.07,TOUCHED,-1.02,below,248.5,251.07,251.43,251.8,251.07,0.292,31.0,0.042,0,2026-08-18,2026-08-19,False,False,5.0,2026-08-19T15:41:45+05:30
NESTLEIND,1465.10,TOUCHED,-0.01,inside,1465.0,1465.1,1465.1,1466.4,1463.8,0.177,31.0,0.033,0,2026-08-18,2026-08-19,False,False,5.0,2026-08-19T15:41:45+05:30
CHAMBLFERT,434.94,TOUCHED,-0.02,below,434.85,434.94,435.48,436.03,434.94,0.249,32.1,0.035,0,2026-08-18,2026-08-19,False,False,5.0,2026-08-19T15:41:45+05:30
IDFCFIRSTB,85.03,TOUCHED,0.54,above,85.49,85.03,84.94,85.03,84.85,0.216,32.6,0.029,0,2026-08-18,2026-08-19,False,False,5.0,2026-08-19T15:41:45+05:30
NAUKRI,1353.25,TOUCHED,1.86,above,1378.4,1353.25,1351.6,1353.25,1349.95,0.244,32.9,0.023,0,2026-08-18,2026-08-19,False,False,5.0,2026-08-19T15:41:45+05:30
IRB,19.05,TOUCHED,-0.38,below,18.98,19.05,19.07,19.1,19.05,0.227,33.2,0.039,0,2026-08-18,2026-08-19,False,False,5.0,2026-08-19T15:41:45+05:30
AUBANK,1074.48,TOUCHED,0.05,above,1075.0,1074.48,1073.27,1074.48,1072.05,0.227,33.4,0.016,0,2026-08-18,2026-08-19,False,False,5.0,2026-08-19T15:41:45+05:30
TRAVELFOOD,1348.35,TOUCHED,-1.98,below,1321.7,1348.35,1350.3,1352.25,1348.35,0.289,33.9,0.032,0,2026-08-18,2026-08-19,False,False,5.0,2026-08-19T15:41:45+05:30
GABRIEL,1458.50,TOUCHED,-1.36,below,1438.6,1458.5,1461.53,1464.57,1458.5,0.415,34.2,0.033,0,2026-08-18,2026-08-19,False,False,5.0,2026-08-19T15:41:45+05:30
ITCHOTELS,164.64,TOUCHED,-0.7,below,163.49,164.64,164.86,165.07,164.64,0.261,34.2,0.038,0,2026-08-18,2026-08-19,False,False,5.0,2026-08-19T15:41:45+05:30
IPCALAB,1890.65,TOUCHED,0.69,above,1903.7,1890.65,1887.8,1890.65,1884.95,0.302,34.5,0.032,0,2026-08-18,2026-08-19,False,False,5.0,2026-08-19T15:41:45+05:30
ENRIN,3598.63,TOUCHED,-3.21,below,3483.0,3598.63,3604.07,3609.5,3598.63,0.302,34.7,0.028,0,2026-08-18,2026-08-19,False,False,5.0,2026-08-19T15:41:45+05:30
BERGEPAINT,541.95,TOUCHED,-1.12,below,535.9,541.95,542.7,543.45,541.95,0.276,34.8,0.013,0,2026-08-18,2026-08-19,False,False,5.0,2026-08-19T15:41:45+05:30
CCL,1133.57,TOUCHED,-0.79,below,1124.6,1133.57,1135.03,1136.5,1133.57,0.258,35.3,0.021,0,2026-08-18,2026-08-19,False,False,5.0,2026-08-19T15:41:45+05:30
GILLETTE,7526.58,TOUCHED,-0.29,below,7505.0,7526.58,7535.67,7544.75,7526.58,0.241,35.3,0.029,0,2026-08-18,2026-08-19,False,False,5.0,2026-08-19T15:41:45+05:30
ONESOURCE,1545.10,TOUCHED,-1.59,below,1520.5,1545.1,1547.9,1550.7,1545.1,0.362,35.9,0.052,0,2026-08-18,2026-08-19,False,False,5.0,2026-08-19T15:41:45+05:30
KPRMILL,1127.27,TOUCHED,-0.09,inside,1126.2,1127.27,1127.27,1129.15,1125.38,0.334,36.2,0.054,0,2026-08-18,2026-08-19,False,False,5.0,2026-08-19T15:41:45+05:30
SHYAMMETL,991.82,TOUCHED,-0.19,below,989.9,991.82,993.03,994.25,991.82,0.245,36.2,0.015,0,2026-08-18,2026-08-19,False,False,5.0,2026-08-19T15:41:45+05:30
HAL,5079.50,TOUCHED,-1.23,below,5017.0,5079.5,5086.0,5092.5,5079.5,0.256,36.4,0.035,0,2026-08-18,2026-08-19,False,False,5.0,2026-08-19T15:41:45+05:30
KFINTECH,959.23,TOUCHED,-1.17,below,948.0,959.23,960.87,962.5,959.23,0.34,36.4,0.018,0,2026-08-18,2026-08-19,False,False,5.0,2026-08-19T15:41:45+05:30
360ONE,1169.50,TOUCHED,0.94,above,1180.5,1169.5,1167.53,1169.5,1165.57,0.337,36.7,0.032,0,2026-08-18,2026-08-19,False,False,5.0,2026-08-19T15:41:45+05:30
JUBLINGREA,727.90,TOUCHED,-2.68,below,708.4,727.9,729.1,730.3,727.9,0.329,36.7,0.034,0,2026-08-18,2026-08-19,False,False,5.0,2026-08-19T15:41:45+05:30
TMCV,470.83,TOUCHED,1.59,above,478.3,470.83,470.02,470.83,469.2,0.348,36.8,0.024,0,2026-08-18,2026-08-19,False,False,5.0,2026-08-19T15:41:45+05:30
LALPATHLAB,1893.00,TOUCHED,-0.31,below,1887.2,1893.0,1895.8,1898.6,1893.0,0.295,37.3,0.043,0,2026-08-18,2026-08-19,False,False,5.0,2026-08-19T15:41:45+05:30
PNBHOUSING,1144.33,TOUCHED,2.59,above,1174.0,1144.33,1142.87,1144.33,1141.4,0.257,37.3,0.027,0,2026-08-18,2026-08-19,False,False,5.0,2026-08-19T15:41:45+05:30
SYNGENE,404.60,TOUCHED,-1.92,below,396.85,404.6,405.1,405.6,404.6,0.247,37.3,0.026,0,2026-08-18,2026-08-19,False,False,5.0,2026-08-19T15:41:45+05:30
TVSMOTOR,4362.58,TOUCHED,-0.03,below,4361.1,4362.58,4368.37,4374.15,4362.58,0.265,37.5,0.019,0,2026-08-18,2026-08-19,False,False,5.0,2026-08-19T15:41:45+05:30
BELRISE,235.47,TOUCHED,-1.05,below,233.01,235.47,235.89,236.31,235.47,0.355,37.7,0.035,0,2026-08-18,2026-08-19,False,False,5.0,2026-08-19T15:41:45+05:30
HONAUT,36445.83,TOUCHED,-0.84,below,36140.0,36445.83,36491.67,36537.5,36445.83,0.251,38.4,0.023,0,2026-08-18,2026-08-19,False,False,5.0,2026-08-19T15:41:45+05:30
ENDURANCE,3002.65,TOUCHED,-0.47,below,2988.6,3002.65,3007.87,3013.08,3002.65,0.347,39.2,0.044,0,2026-08-18,2026-08-19,False,False,5.0,2026-08-19T15:41:45+05:30
TRENT,2951.53,TOUCHED,0.05,inside,2953.0,2951.53,2951.53,2956.25,2946.82,0.32,39.2,0.046,0,2026-08-18,2026-08-19,False,False,5.0,2026-08-19T15:41:45+05:30
TBOTEK,1698.50,TOUCHED,-2.18,below,1661.4,1698.5,1701.73,1704.97,1698.5,0.38,39.5,0.033,0,2026-08-18,2026-08-19,False,False,5.0,2026-08-19T15:41:45+05:30
GMRAIRPORT,101.81,TOUCHED,0.68,above,102.5,101.81,101.67,101.81,101.53,0.272,39.7,0.019,0,2026-08-18,2026-08-19,False,False,5.0,2026-08-19T15:41:45+05:30
HDFCAMC,2521.37,TOUCHED,1.2,above,2551.7,2521.37,2517.73,2521.37,2514.1,0.289,39.7,0.024,0,2026-08-18,2026-08-19,False,False,5.0,2026-08-19T15:41:45+05:30
DCMSHRIRAM,1031.50,TOUCHED,1.74,above,1049.4,1031.5,1029.8,1031.5,1028.1,0.33,40.0,0.024,0,2026-08-18,2026-08-19,False,False,5.0,2026-08-19T15:41:45+05:30
TENNIND,554.00,TOUCHED,0.51,above,556.85,554.0,552.77,554.0,551.53,0.446,40.1,0.018,0,2026-08-18,2026-08-19,False,False,5.0,2026-08-19T15:41:45+05:30
GRAPHITE,732.95,TOUCHED,-2.1,below,717.55,732.95,734.35,735.75,732.95,0.381,40.3,0.023,0,2026-08-18,2026-08-19,False,False,5.0,2026-08-19T15:41:45+05:30
APTUS,257.48,TOUCHED,-1.72,below,253.05,257.48,257.97,258.45,257.48,0.375,40.5,0.026,0,2026-08-18,2026-08-19,False,False,5.0,2026-08-19T15:41:45+05:30
DRREDDY,1180.10,TOUCHED,-0.86,below,1170.0,1180.1,1181.4,1182.7,1180.1,0.22,40.8,0.017,0,2026-08-18,2026-08-19,False,False,5.0,2026-08-19T15:41:45+05:30
RAINBOW,1462.93,TOUCHED,-0.08,inside,1461.8,1462.93,1462.93,1465.05,1460.82,0.289,41.1,0.034,0,2026-08-18,2026-08-19,False,False,5.0,2026-08-19T15:41:45+05:30
CAMS,763.24,TOUCHED,-1.17,below,754.3,763.24,764.48,765.73,763.24,0.325,41.9,0.041,0,2026-08-18,2026-08-19,False,False,5.0,2026-08-19T15:41:45+05:30
PREMIERENE,1016.55,TOUCHED,-1.43,below,1002.0,1016.55,1018.4,1020.25,1016.55,0.363,41.9,0.029,0,2026-08-18,2026-08-19,False,False,5.0,2026-08-19T15:41:45+05:30
APOLLOHOSP,8826.92,TOUCHED,-0.87,below,8750.0,8826.92,8836.83,8846.75,8826.92,0.224,42.5,0.017,0,2026-08-18,2026-08-19,False,False,5.0,2026-08-19T15:41:45+05:30
HDFCLIFE,538.91,TOUCHED,-0.48,below,536.3,538.91,539.57,540.23,538.91,0.244,42.5,0.018,0,2026-08-18,2026-08-19,False,False,5.0,2026-08-19T15:41:45+05:30
CHOLAHLDNG,1566.25,TOUCHED,-0.57,below,1557.3,1566.25,1569.2,1572.15,1566.25,0.376,42.7,0.026,0,2026-08-18,2026-08-19,False,False,5.0,2026-08-19T15:41:45+05:30
DALBHARAT,1845.00,TOUCHED,1.63,above,1875.0,1845.0,1842.37,1845.0,1839.73,0.286,42.7,0.025,0,2026-08-18,2026-08-19,False,False,5.0,2026-08-19T15:41:45+05:30
AARTIIND,527.32,TOUCHED,-0.05,below,527.05,527.32,528.25,529.17,527.32,0.35,43.0,0.033,0,2026-08-18,2026-08-19,False,False,5.0,2026-08-19T15:41:45+05:30
SUMICHEM,559.48,TOUCHED,-0.94,below,554.2,559.48,560.68,561.89,559.48,0.431,43.0,0.039,0,2026-08-18,2026-08-19,False,False,5.0,2026-08-19T15:41:45+05:30
ANANDRATHI,2188.83,TOUCHED,0.02,inside,2189.2,2188.83,2188.83,2191.82,2185.85,0.273,43.3,0.022,0,2026-08-18,2026-08-19,False,False,5.0,2026-08-19T15:41:45+05:30
BRIGADE,590.10,TOUCHED,-0.41,below,587.7,590.1,591.3,592.5,590.1,0.406,43.3,0.024,0,2026-08-18,2026-08-19,False,False,5.0,2026-08-19T15:41:45+05:30
LLOYDSME,1926.45,TOUCHED,-0.39,below,1919.0,1926.45,1930.5,1934.55,1926.45,0.42,43.8,0.035,0,2026-08-18,2026-08-19,False,False,5.0,2026-08-19T15:41:45+05:30
MOTHERSON,170.10,TOUCHED,0.11,above,170.29,170.1,169.8,170.1,169.5,0.353,43.8,0.035,0,2026-08-18,2026-08-19,False,False,5.0,2026-08-19T15:41:45+05:30
ASTERDM,819.46,TOUCHED,-2.35,below,800.2,819.46,820.92,822.38,819.46,0.355,44.1,0.028,0,2026-08-18,2026-08-19,False,False,5.0,2026-08-19T15:41:45+05:30
VIJAYA,1500.25,TOUCHED,-0.68,below,1490.0,1500.25,1503.2,1506.15,1500.25,0.392,44.1,0.037,0,2026-08-18,2026-08-19,False,False,5.0,2026-08-19T15:41:45+05:30
ZENSARTECH,485.97,TOUCHED,-1.67,below,477.85,485.97,487.03,488.1,485.97,0.438,44.1,0.035,0,2026-08-18,2026-08-19,False,False,5.0,2026-08-19T15:41:45+05:30
BEL,412.55,TOUCHED,-0.81,below,409.2,412.55,413.1,413.65,412.55,0.266,44.4,0.025,0,2026-08-18,2026-08-19,False,False,5.0,2026-08-19T15:41:45+05:30
LTTS,3528.50,TOUCHED,0.35,above,3540.9,3528.5,3522.3,3528.5,3516.1,0.352,44.4,0.042,0,2026-08-18,2026-08-19,False,False,5.0,2026-08-19T15:41:45+05:30
OIL,481.32,TOUCHED,-1.34,below,474.85,481.32,482.13,482.95,481.32,0.339,44.4,0.021,0,2026-08-18,2026-08-19,False,False,5.0,2026-08-19T15:41:45+05:30
SOBHA,1310.77,TOUCHED,-2.8,below,1274.1,1310.77,1313.23,1315.7,1310.77,0.376,44.4,0.029,0,2026-08-18,2026-08-19,False,False,5.0,2026-08-19T15:41:45+05:30
NUVOCO,327.06,TOUCHED,-2.62,below,318.5,327.06,327.67,328.28,327.06,0.371,44.9,0.042,0,2026-08-18,2026-08-19,False,False,5.0,2026-08-19T15:41:45+05:30
CHOLAFIN,1874.77,TOUCHED,-0.07,inside,1873.5,1874.77,1874.77,1878.15,1871.38,0.361,45.8,0.041,0,2026-08-18,2026-08-19,False,False,5.0,2026-08-19T15:41:45+05:30
SAILIFE,1442.82,TOUCHED,-1.43,below,1422.2,1442.82,1445.53,1448.25,1442.82,0.376,45.8,0.04,0,2026-08-18,2026-08-19,False,False,5.0,2026-08-19T15:41:45+05:30
RECLTD,339.06,TOUCHED,-0.61,below,337.0,339.06,339.62,340.18,339.06,0.329,46.6,0.016,0,2026-08-18,2026-08-19,False,False,5.0,2026-08-19T15:41:45+05:30
INDIAMART,1755.95,TOUCHED,-1.23,below,1734.3,1755.95,1758.8,1761.65,1755.95,0.324,46.8,0.026,0,2026-08-18,2026-08-19,False,False,5.0,2026-08-19T15:41:45+05:30
NCC,139.62,TOUCHED,-0.04,below,139.57,139.62,139.87,140.13,139.62,0.362,46.8,0.027,0,2026-08-18,2026-08-19,False,False,5.0,2026-08-19T15:41:45+05:30
LGEINDIA,1652.12,TOUCHED,-0.42,below,1645.1,1652.12,1654.83,1657.55,1652.12,0.328,47.2,0.01,0,2026-08-18,2026-08-19,False,False,5.0,2026-08-19T15:41:45+05:30
3MINDIA,34995.00,TOUCHED,-4.26,below,33505.0,34995.0,35045.0,35095.0,34995.0,0.285,47.9,0.027,0,2026-08-18,2026-08-19,False,False,5.0,2026-08-19T15:41:45+05:30
CDSL,1343.32,TOUCHED,-1.07,below,1329.0,1343.32,1346.03,1348.75,1343.32,0.404,47.9,0.036,0,2026-08-18,2026-08-19,False,False,5.0,2026-08-19T15:41:45+05:30
KAYNES,3677.10,TOUCHED,3.98,above,3823.3,3677.1,3666.1,3677.1,3655.1,0.6,47.9,0.046,0,2026-08-18,2026-08-19,False,False,5.0,2026-08-19T15:41:45+05:30
RBLBANK,381.43,TOUCHED,0.02,inside,381.5,381.43,381.43,382.22,380.65,0.411,48.2,0.032,0,2026-08-18,2026-08-19,False,False,5.0,2026-08-19T15:41:45+05:30
EMMVEE,318.70,TOUCHED,-0.55,below,316.95,318.7,319.7,320.7,318.7,0.626,48.7,0.042,0,2026-08-18,2026-08-19,False,False,5.0,2026-08-19T15:41:45+05:30
JMFINANCIL,126.11,TOUCHED,0.15,inside,126.3,126.11,126.11,126.47,125.76,0.563,48.8,0.046,0,2026-08-18,2026-08-19,False,False,5.0,2026-08-19T15:41:45+05:30
DIXON,14243.00,TOUCHED,1.54,above,14462.0,14243.0,14212.0,14243.0,14181.0,0.436,49.0,0.056,0,2026-08-18,2026-08-19,False,False,5.0,2026-08-19T15:41:45+05:30
FORTIS,911.80,TOUCHED,-0.05,below,911.3,911.8,913.43,915.07,911.8,0.358,49.3,0.031,0,2026-08-18,2026-08-19,False,False,5.0,2026-08-19T15:41:45+05:30
JSWDULUX,3115.77,TOUCHED,-0.69,below,3094.2,3115.77,3121.13,3126.5,3115.77,0.344,49.3,0.022,0,2026-08-18,2026-08-19,False,False,5.0,2026-08-19T15:41:45+05:30
RVNL,225.48,TOUCHED,-0.88,below,223.5,225.48,225.96,226.44,225.48,0.425,49.3,0.034,0,2026-08-18,2026-08-19,False,False,5.0,2026-08-19T15:41:45+05:30
BAJAJHLDNG,11323.00,TOUCHED,0.5,above,11380.0,11323.0,11300.0,11323.0,11277.0,0.407,49.6,0.025,0,2026-08-18,2026-08-19,False,False,5.0,2026-08-19T15:41:45+05:30
JUBLFOOD,501.53,TOUCHED,-0.64,below,498.3,501.53,502.52,503.5,501.53,0.391,49.6,0.018,0,2026-08-18,2026-08-19,False,False,5.0,2026-08-19T15:41:45+05:30
TEJASNET,520.68,TOUCHED,-2.14,below,509.55,520.68,522.07,523.45,520.68,0.53,49.6,0.046,0,2026-08-18,2026-08-19,False,False,5.0,2026-08-19T15:41:45+05:30
TITAN,5062.00,TOUCHED,0.12,inside,5068.0,5062.0,5062.0,5068.7,5055.3,0.265,49.6,0.015,0,2026-08-18,2026-08-19,False,False,5.0,2026-08-19T15:41:45+05:30
ABFRL,55.09,TOUCHED,-1.13,below,54.47,55.09,55.22,55.34,55.09,0.447,49.9,0.025,0,2026-08-18,2026-08-19,False,False,5.0,2026-08-19T15:41:45+05:30
BSOFT,306.32,TOUCHED,-0.14,below,305.9,306.32,307.08,307.85,306.32,0.499,49.9,0.037,0,2026-08-18,2026-08-19,False,False,5.0,2026-08-19T15:41:45+05:30
ARE&M,937.52,TOUCHED,-0.96,below,928.55,937.52,939.23,940.95,937.52,0.366,50.4,0.024,0,2026-08-18,2026-08-19,False,False,5.0,2026-08-19T15:41:45+05:30
ADANIENT,3008.08,TOUCHED,-0.59,below,2990.3,3008.08,3013.67,3019.25,3008.08,0.371,50.7,0.026,0,2026-08-18,2026-08-19,False,False,5.0,2026-08-19T15:41:45+05:30
CGCL,226.53,TOUCHED,-0.13,inside,226.23,226.53,226.53,227.03,226.04,0.438,50.7,0.049,0,2026-08-18,2026-08-19,False,False,5.0,2026-08-19T15:41:45+05:30
FSL,265.80,TOUCHED,2.73,above,273.05,265.8,265.15,265.8,264.5,0.49,50.7,0.034,0,2026-08-18,2026-08-19,False,False,5.0,2026-08-19T15:41:45+05:30
IKS,1849.00,TOUCHED,-1.98,below,1812.3,1849.0,1853.2,1857.4,1849.0,0.453,51.0,0.02,0,2026-08-18,2026-08-19,False,False,5.0,2026-08-19T15:41:45+05:30
AUROPHARMA,1636.10,TOUCHED,-0.71,below,1624.5,1636.1,1639.07,1642.03,1636.1,0.362,51.2,0.038,0,2026-08-18,2026-08-19,False,False,5.0,2026-08-19T15:41:45+05:30
BHARTIARTL,1936.62,TOUCHED,-0.75,below,1922.0,1936.62,1939.03,1941.45,1936.62,0.249,51.2,0.014,0,2026-08-18,2026-08-19,False,False,5.0,2026-08-19T15:41:45+05:30
BLUEJET,601.05,TOUCHED,-1.46,below,592.3,601.05,603.12,605.18,601.05,0.685,51.2,0.042,0,2026-08-18,2026-08-19,False,False,5.0,2026-08-19T15:41:45+05:30
CARBORUNIV,1128.62,TOUCHED,-3.67,below,1087.2,1128.62,1131.23,1133.85,1128.62,0.463,51.2,0.029,0,2026-08-18,2026-08-19,False,False,5.0,2026-08-19T15:41:45+05:30
ATHERENERG,1470.37,TOUCHED,-2.19,below,1438.2,1470.37,1474.93,1479.5,1470.37,0.619,51.5,0.063,0,2026-08-18,2026-08-19,False,False,5.0,2026-08-19T15:41:45+05:30
HONASA,476.78,TOUCHED,-0.04,inside,476.6,476.78,476.78,477.88,475.69,0.458,51.5,0.054,0,2026-08-18,2026-08-19,False,False,5.0,2026-08-19T15:41:45+05:30
IOB,33.33,TOUCHED,-0.46,below,33.18,33.33,33.4,33.46,33.33,0.379,51.5,0.034,0,2026-08-18,2026-08-19,False,False,5.0,2026-08-19T15:41:45+05:30
IOC,138.03,TOUCHED,-1.25,below,136.3,138.03,138.25,138.47,138.03,0.325,51.5,0.021,0,2026-08-18,2026-08-19,False,False,5.0,2026-08-19T15:41:45+05:30
RRKABEL,2805.25,TOUCHED,3.33,above,2898.8,2805.25,2798.47,2805.25,2791.68,0.485,51.8,0.045,0,2026-08-18,2026-08-19,False,False,5.0,2026-08-19T15:41:45+05:30
TEGA,1726.67,TOUCHED,-0.0,inside,1726.6,1726.67,1726.67,1730.28,1723.05,0.419,52.1,0.043,0,2026-08-18,2026-08-19,False,False,5.0,2026-08-19T15:41:45+05:30
BIKAJI,609.73,TOUCHED,-0.1,below,609.15,609.73,610.82,611.9,609.73,0.355,52.9,0.018,0,2026-08-18,2026-08-19,False,False,5.0,2026-08-19T15:41:45+05:30
FORCEMOT,18267.83,TOUCHED,-2.36,below,17837.0,18267.83,18335.67,18403.5,18267.83,0.74,52.9,0.052,0,2026-08-18,2026-08-19,False,False,5.0,2026-08-19T15:41:45+05:30
GLENMARK,2309.65,TOUCHED,-2.73,below,2246.5,2309.65,2314.3,2318.95,2309.65,0.402,53.2,0.035,0,2026-08-18,2026-08-19,False,False,5.0,2026-08-19T15:41:45+05:30
ASIANPAINT,2632.30,TOUCHED,-0.06,below,2630.8,2632.3,2636.2,2640.1,2632.3,0.296,53.7,0.021,0,2026-08-18,2026-08-19,False,False,5.0,2026-08-19T15:41:45+05:30
KAJARIACER,1228.58,TOUCHED,-1.6,below,1208.9,1228.58,1231.37,1234.15,1228.58,0.452,54.0,0.028,0,2026-08-18,2026-08-19,False,False,5.0,2026-08-19T15:41:45+05:30
WOCKPHARMA,1865.85,TOUCHED,-2.14,below,1826.0,1865.85,1871.8,1877.75,1865.85,0.636,54.8,0.059,0,2026-08-18,2026-08-19,False,False,5.0,2026-08-19T15:41:45+05:30
LENSKART,626.74,TOUCHED,2.05,above,639.6,626.74,625.08,626.74,623.42,0.531,54.9,0.03,0,2026-08-18,2026-08-19,False,False,5.0,2026-08-19T15:41:45+05:30
INDIANB,876.83,TOUCHED,-0.42,below,873.15,876.83,878.67,880.5,876.83,0.417,55.1,0.025,0,2026-08-18,2026-08-19,False,False,5.0,2026-08-19T15:41:45+05:30
FINCABLES,1319.80,TOUCHED,-0.46,below,1313.7,1319.8,1322.98,1326.17,1319.8,0.481,55.3,0.019,0,2026-08-18,2026-08-19,False,False,5.0,2026-08-19T15:41:45+05:30
GAIL,172.58,TOUCHED,-0.05,below,172.5,172.58,172.89,173.19,172.58,0.353,55.3,0.015,0,2026-08-18,2026-08-19,False,False,5.0,2026-08-19T15:41:45+05:30
GALLANTT,578.06,TOUCHED,-0.41,below,575.7,578.06,579.82,581.57,578.06,0.607,55.3,0.062,0,2026-08-18,2026-08-19,False,False,5.0,2026-08-19T15:41:45+05:30
CONCOR,519.23,TOUCHED,-0.94,below,514.35,519.23,520.22,521.2,519.23,0.378,55.6,0.037,0,2026-08-18,2026-08-19,False,False,5.0,2026-08-19T15:41:45+05:30
IGL,150.34,TOUCHED,1.53,above,152.64,150.34,150.02,150.34,149.71,0.422,56.2,0.047,0,2026-08-18,2026-08-19,False,False,5.0,2026-08-19T15:41:45+05:30
PIIND,2506.20,TOUCHED,-0.05,inside,2505.0,2506.2,2506.2,2510.6,2501.8,0.351,56.2,0.03,0,2026-08-18,2026-08-19,False,False,5.0,2026-08-19T15:41:45+05:30
ETERNAL,318.38,TOUCHED,0.51,above,320.0,318.38,317.55,318.38,316.72,0.52,56.4,0.028,0,2026-08-18,2026-08-19,False,False,5.0,2026-08-19T15:41:45+05:30
KALYANKJIL,603.33,TOUCHED,-1.35,below,595.2,603.33,605.07,606.8,603.33,0.573,57.0,0.038,0,2026-08-18,2026-08-19,False,False,5.0,2026-08-19T15:41:45+05:30
INDIGO,5198.67,TOUCHED,-0.11,inside,5193.0,5198.67,5198.67,5209.33,5188.0,0.41,57.5,0.025,0,2026-08-18,2026-08-19,False,False,5.0,2026-08-19T15:41:45+05:30
LTFOODS,425.13,TOUCHED,1.03,above,429.5,425.13,423.97,425.13,422.8,0.55,57.8,0.038,0,2026-08-18,2026-08-19,False,False,5.0,2026-08-19T15:41:45+05:30
SUNPHARMA,1883.65,TOUCHED,0.87,above,1900.0,1883.65,1880.8,1883.65,1877.95,0.303,57.8,0.02,0,2026-08-18,2026-08-19,False,False,5.0,2026-08-19T15:41:45+05:30
GODFRYPHLP,2115.43,TOUCHED,0.1,inside,2117.6,2115.43,2115.43,2122.0,2108.87,0.621,58.1,0.041,0,2026-08-18,2026-08-19,False,False,5.0,2026-08-19T15:41:45+05:30
GMDCLTD,572.76,TOUCHED,-2.62,below,557.75,572.76,574.82,576.88,572.76,0.716,58.4,0.068,0,2026-08-18,2026-08-19,False,False,5.0,2026-08-19T15:41:45+05:30
ACC,1305.92,TOUCHED,-1.32,below,1288.7,1305.92,1308.03,1310.15,1305.92,0.324,58.6,0.035,0,2026-08-18,2026-08-19,False,False,5.0,2026-08-19T15:41:45+05:30
BSE,3297.07,TOUCHED,1.67,above,3352.0,3297.07,3286.13,3297.07,3275.2,0.665,58.6,0.022,0,2026-08-18,2026-08-19,False,False,5.0,2026-08-19T15:41:45+05:30
IDBI,81.33,TOUCHED,-0.75,below,80.72,81.33,81.55,81.77,81.33,0.54,58.6,0.042,0,2026-08-18,2026-08-19,False,False,5.0,2026-08-19T15:41:45+05:30
DLF,668.83,TOUCHED,0.16,inside,669.9,668.83,668.83,670.38,667.29,0.461,58.9,0.029,0,2026-08-18,2026-08-19,False,False,5.0,2026-08-19T15:41:45+05:30
BALKRISIND,2381.97,TOUCHED,-0.65,below,2366.4,2381.97,2387.23,2392.5,2381.97,0.441,59.2,0.027,0,2026-08-18,2026-08-19,False,False,5.0,2026-08-19T15:41:45+05:30
GICRE,359.09,TOUCHED,0.14,above,359.6,359.09,358.28,359.09,357.47,0.451,59.2,0.032,0,2026-08-18,2026-08-19,False,False,5.0,2026-08-19T15:41:45+05:30
PATANJALI,350.45,TOUCHED,0.14,inside,350.95,350.45,350.45,351.05,349.85,0.342,59.2,0.019,0,2026-08-18,2026-08-19,False,False,5.0,2026-08-19T15:41:45+05:30
BANKBARODA,245.06,TOUCHED,-0.02,inside,245.0,245.06,245.06,245.59,244.53,0.433,59.5,0.012,0,2026-08-18,2026-08-19,False,False,5.0,2026-08-19T15:41:45+05:30
HYUNDAI,2190.82,TOUCHED,-0.74,below,2174.5,2190.82,2195.63,2200.45,2190.82,0.439,59.5,0.026,0,2026-08-18,2026-08-19,False,False,5.0,2026-08-19T15:41:45+05:30
ITI,279.61,TOUCHED,0.12,above,279.95,279.61,278.87,279.61,278.12,0.532,59.5,0.035,0,2026-08-18,2026-08-19,False,False,5.0,2026-08-19T15:41:45+05:30
WHIRLPOOL,771.05,TOUCHED,-2.28,below,753.45,771.05,773.1,775.15,771.05,0.53,59.5,0.049,0,2026-08-18,2026-08-19,False,False,5.0,2026-08-19T15:41:45+05:30
ASTRAL,1531.05,TOUCHED,0.9,above,1544.9,1531.05,1527.37,1531.05,1523.68,0.482,59.7,0.032,0,2026-08-18,2026-08-19,False,False,5.0,2026-08-19T15:41:45+05:30
PNB,117.24,TOUCHED,0.2,above,117.48,117.24,117.0,117.24,116.75,0.425,60.0,0.035,0,2026-08-18,2026-08-19,False,False,5.0,2026-08-19T15:41:45+05:30
EICHERMOT,8032.92,TOUCHED,-0.53,below,7990.5,8032.92,8047.33,8061.75,8032.92,0.358,60.3,0.024,0,2026-08-18,2026-08-19,False,False,5.0,2026-08-19T15:41:45+05:30
RHIM,376.85,TOUCHED,-0.52,below,374.9,376.85,377.9,378.95,376.85,0.556,60.3,0.029,0,2026-08-18,2026-08-19,False,False,5.0,2026-08-19T15:41:45+05:30
SAREGAMA,515.43,TOUCHED,-1.35,below,508.5,515.43,516.92,518.4,515.43,0.574,60.3,0.041,0,2026-08-18,2026-08-19,False,False,5.0,2026-08-19T15:41:45+05:30
ZYDUSWELL,498.11,TOUCHED,-1.09,below,492.7,498.11,499.57,501.03,498.11,0.584,60.3,0.035,0,2026-08-18,2026-08-19,False,False,5.0,2026-08-19T15:41:45+05:30
AXISBANK,1236.95,TOUCHED,-0.16,below,1235.0,1236.95,1238.97,1240.98,1236.95,0.326,60.5,0.024,0,2026-08-18,2026-08-19,False,False,5.0,2026-08-19T15:41:45+05:30
BANKINDIA,142.49,TOUCHED,-0.55,below,141.7,142.49,142.87,143.26,142.49,0.541,60.5,0.031,0,2026-08-18,2026-08-19,False,False,5.0,2026-08-19T15:41:45+05:30
HDFCBANK,724.00,TOUCHED,-0.55,below,720.0,724.0,725.0,726.0,724.0,0.276,60.8,0.019,0,2026-08-18,2026-08-19,False,False,5.0,2026-08-19T15:41:45+05:30
NH,1807.67,TOUCHED,-1.22,below,1785.7,1807.67,1812.33,1817.0,1807.67,0.515,60.8,0.034,0,2026-08-18,2026-08-19,False,False,5.0,2026-08-19T15:41:45+05:30
BAJAJ-AUTO,11652.00,TOUCHED,-0.06,inside,11645.0,11652.0,11652.0,11674.5,11629.5,0.386,61.1,0.028,0,2026-08-18,2026-08-19,False,False,5.0,2026-08-19T15:41:45+05:30
SUNDARMFIN,4584.00,TOUCHED,-2.16,below,4485.1,4584.0,4595.87,4607.73,4584.0,0.516,61.1,0.03,0,2026-08-18,2026-08-19,False,False,5.0,2026-08-19T15:41:45+05:30
MOTILALOFS,944.15,TOUCHED,-0.22,inside,942.1,944.15,944.15,947.22,941.07,0.651,61.9,0.045,0,2026-08-18,2026-08-19,False,False,5.0,2026-08-19T15:41:45+05:30
NAVA,560.60,TOUCHED,-2.03,below,549.2,560.6,562.3,564.0,560.6,0.605,61.9,0.038,0,2026-08-18,2026-08-19,False,False,5.0,2026-08-19T15:41:45+05:30
PIDILITIND,1665.65,TOUCHED,-0.94,below,1650.0,1665.65,1668.43,1671.22,1665.65,0.334,61.9,0.026,0,2026-08-18,2026-08-19,False,False,5.0,2026-08-19T15:41:45+05:30
UTIAMC,896.92,TOUCHED,-0.5,below,892.45,896.92,899.25,901.58,896.92,0.517,61.9,0.043,0,2026-08-18,2026-08-19,False,False,5.0,2026-08-19T15:41:45+05:30
PVRINOX,1201.62,TOUCHED,-0.06,below,1200.9,1201.62,1205.13,1208.65,1201.62,0.584,62.5,0.029,0,2026-08-18,2026-08-19,False,False,5.0,2026-08-19T15:41:45+05:30
TATATECH,829.95,TOUCHED,-2.1,below,812.55,829.95,831.9,833.85,829.95,0.469,62.5,0.035,0,2026-08-18,2026-08-19,False,False,5.0,2026-08-19T15:41:45+05:30
TORNTPHARM,4961.50,TOUCHED,1.04,above,5013.0,4961.5,4952.0,4961.5,4942.5,0.384,62.5,0.025,0,2026-08-18,2026-08-19,False,False,5.0,2026-08-19T15:41:45+05:30
HCLTECH,1306.25,TOUCHED,1.42,above,1324.8,1306.25,1303.5,1306.25,1300.75,0.422,62.7,0.024,0,2026-08-18,2026-08-19,False,False,5.0,2026-08-19T15:41:45+05:30
PINELABS,160.99,TOUCHED,-2.09,below,157.62,160.99,161.66,162.33,160.99,0.829,62.8,0.058,0,2026-08-18,2026-08-19,False,False,5.0,2026-08-19T15:41:45+05:30
BRITANNIA,5505.17,TOUCHED,-0.95,below,5453.0,5505.17,5515.33,5525.5,5505.17,0.369,63.0,0.021,0,2026-08-18,2026-08-19,False,False,5.0,2026-08-19T15:41:45+05:30
KIRLOSENG,2103.25,TOUCHED,-1.11,below,2079.9,2103.25,2110.73,2118.22,2103.25,0.709,63.0,0.035,0,2026-08-18,2026-08-19,False,False,5.0,2026-08-19T15:41:45+05:30
KEC,429.90,TOUCHED,-1.49,below,423.5,429.9,431.2,432.5,429.9,0.603,63.3,0.023,0,2026-08-18,2026-08-19,False,False,5.0,2026-08-19T15:41:45+05:30
PGEL,601.93,TOUCHED,-0.01,inside,601.9,601.93,601.93,604.4,599.47,0.82,63.6,0.054,0,2026-08-18,2026-08-19,False,False,5.0,2026-08-19T15:41:45+05:30
CANFINHOME,819.73,TOUCHED,-0.25,inside,817.65,819.73,819.73,821.94,817.52,0.539,63.8,0.021,0,2026-08-18,2026-08-19,False,False,5.0,2026-08-19T15:41:45+05:30
IREDA,115.58,TOUCHED,-1.43,below,113.92,115.58,115.88,116.19,115.58,0.529,63.8,0.048,0,2026-08-18,2026-08-19,False,False,5.0,2026-08-19T15:41:45+05:30
NIVABUPA,83.55,TOUCHED,0.49,above,83.96,83.55,83.37,83.55,83.18,0.448,64.1,0.018,0,2026-08-18,2026-08-19,False,False,5.0,2026-08-19T15:41:45+05:30
BHARATFORG,2081.45,TOUCHED,-0.6,below,2069.0,2081.45,2087.27,2093.08,2081.45,0.557,64.4,0.031,0,2026-08-18,2026-08-19,False,False,5.0,2026-08-19T15:41:45+05:30
GRANULES,853.63,TOUCHED,-1.46,below,841.15,853.63,856.05,858.48,853.63,0.567,64.9,0.037,0,2026-08-18,2026-08-19,False,False,5.0,2026-08-19T15:41:45+05:30
MAHABANK,80.72,TOUCHED,-1.11,below,79.82,80.72,80.94,81.17,80.72,0.56,64.9,0.042,0,2026-08-18,2026-08-19,False,False,5.0,2026-08-19T15:41:45+05:30
NAM-INDIA,1183.15,TOUCHED,2.86,above,1217.0,1183.15,1178.97,1183.15,1174.78,0.71,64.9,0.032,0,2026-08-18,2026-08-19,False,False,5.0,2026-08-19T15:41:45+05:30
JINDALSTEL,1109.85,TOUCHED,0.46,above,1115.0,1109.85,1107.07,1109.85,1104.28,0.503,65.2,0.034,0,2026-08-18,2026-08-19,False,False,5.0,2026-08-19T15:41:45+05:30
ALKEM,5442.00,TOUCHED,-1.09,below,5382.5,5442.0,5453.0,5464.0,5442.0,0.403,65.8,0.026,0,2026-08-18,2026-08-19,False,False,5.0,2026-08-19T15:41:45+05:30
ELGIEQUIP,620.00,TOUCHED,2.87,above,637.8,620.0,618.07,620.0,616.13,0.626,65.8,0.04,0,2026-08-18,2026-08-19,False,False,5.0,2026-08-19T15:41:45+05:30
FEDERALBNK,357.05,TOUCHED,0.49,above,358.8,357.05,356.3,357.05,355.55,0.421,65.8,0.027,0,2026-08-18,2026-08-19,False,False,5.0,2026-08-19T15:41:45+05:30
ABCAPITAL,398.30,TOUCHED,-0.58,below,396.0,398.3,399.53,400.77,398.3,0.617,66.0,0.038,0,2026-08-18,2026-08-19,False,False,5.0,2026-08-19T15:41:45+05:30
INDGN,564.50,TOUCHED,0.19,inside,565.6,564.5,564.5,566.1,562.9,0.567,66.0,0.023,0,2026-08-18,2026-08-19,False,False,5.0,2026-08-19T15:41:45+05:30
PCBL,325.57,TOUCHED,0.35,above,326.7,325.57,324.6,325.57,323.62,0.601,66.0,0.057,0,2026-08-18,2026-08-19,False,False,5.0,2026-08-19T15:41:45+05:30
SONACOMS,821.56,TOUCHED,0.24,above,823.5,821.56,819.12,821.56,816.67,0.596,66.3,0.033,0,2026-08-18,2026-08-19,False,False,5.0,2026-08-19T15:41:45+05:30
AWL,190.55,TOUCHED,-0.96,below,188.72,190.55,191.07,191.58,190.55,0.537,66.6,0.044,0,2026-08-18,2026-08-19,False,False,5.0,2026-08-19T15:41:45+05:30
BDL,1378.00,TOUCHED,-2.1,below,1349.0,1378.0,1383.0,1388.0,1378.0,0.723,66.8,0.049,0,2026-08-18,2026-08-19,False,False,5.0,2026-08-19T15:41:45+05:30
FLUOROCHEM,4700.27,TOUCHED,-0.24,inside,4689.1,4700.27,4700.27,4713.0,4687.53,0.542,66.8,0.022,0,2026-08-18,2026-08-19,False,False,5.0,2026-08-19T15:41:45+05:30
ADANIGREEN,1312.73,TOUCHED,-1.5,below,1293.0,1312.73,1317.47,1322.2,1312.73,0.719,67.1,0.045,0,2026-08-18,2026-08-19,False,False,5.0,2026-08-19T15:41:45+05:30
TATAINVEST,652.32,TOUCHED,0.09,above,652.9,652.32,650.62,652.32,648.91,0.525,67.4,0.023,0,2026-08-18,2026-08-19,False,False,5.0,2026-08-19T15:41:45+05:30
PWL,121.48,TOUCHED,0.37,above,121.92,121.48,120.9,121.48,120.33,0.951,67.6,0.074,0,2026-08-18,2026-08-19,False,False,5.0,2026-08-19T15:41:45+05:30
KPITTECH,598.61,TOUCHED,-1.59,below,589.1,598.61,600.57,602.52,598.61,0.652,67.7,0.044,0,2026-08-18,2026-08-19,False,False,5.0,2026-08-19T15:41:45+05:30
RITES,219.14,TOUCHED,-1.0,below,216.94,219.14,219.79,220.43,219.14,0.59,67.7,0.025,0,2026-08-18,2026-08-19,False,False,5.0,2026-08-19T15:41:45+05:30
ASAHIINDIA,956.17,TOUCHED,0.09,inside,957.05,956.17,956.17,959.48,952.85,0.694,67.9,0.045,0,2026-08-18,2026-08-19,False,False,5.0,2026-08-19T15:41:45+05:30
OFSS,11727.00,TOUCHED,0.4,above,11774.0,11727.0,11692.33,11727.0,11657.67,0.593,67.9,0.029,0,2026-08-18,2026-08-19,False,False,5.0,2026-08-19T15:41:45+05:30
JSWSTEEL,1275.40,TOUCHED,0.82,above,1285.8,1275.4,1272.8,1275.4,1270.2,0.409,68.2,0.024,0,2026-08-18,2026-08-19,False,False,5.0,2026-08-19T15:41:45+05:30
APLAPOLLO,2109.52,TOUCHED,0.58,above,2121.8,2109.52,2104.03,2109.52,2098.55,0.521,68.5,0.017,0,2026-08-18,2026-08-19,False,False,5.0,2026-08-19T15:41:45+05:30
BHARTIHEXA,1605.10,TOUCHED,-0.55,below,1596.3,1605.1,1609.8,1614.5,1605.1,0.584,68.5,0.038,0,2026-08-18,2026-08-19,False,False,5.0,2026-08-19T15:41:45+05:30
LINDEINDIA,6745.67,TOUCHED,-0.64,below,6702.5,6745.67,6765.83,6786.0,6745.67,0.596,68.5,0.025,0,2026-08-18,2026-08-19,False,False,5.0,2026-08-19T15:41:45+05:30
TCS,2289.00,TOUCHED,0.0,inside,2289.0,2289.0,2289.0,2293.5,2284.5,0.393,68.5,0.029,0,2026-08-18,2026-08-19,False,False,5.0,2026-08-19T15:41:45+05:30
ACMESOLAR,370.29,TOUCHED,2.73,above,380.4,370.29,368.83,370.29,367.38,0.791,68.8,0.05,0,2026-08-18,2026-08-19,False,False,5.0,2026-08-19T15:41:45+05:30
IRFC,86.34,TOUCHED,-1.35,below,85.18,86.34,86.57,86.81,86.34,0.535,69.0,0.033,0,2026-08-18,2026-08-19,False,False,5.0,2026-08-19T15:41:45+05:30
MAPMYINDIA,1005.60,TOUCHED,0.2,inside,1007.6,1005.6,1005.6,1009.1,1002.1,0.696,69.0,0.031,0,2026-08-18,2026-08-19,False,False,5.0,2026-08-19T15:41:45+05:30
INFY,1119.80,TOUCHED,0.0,inside,1119.8,1119.8,1119.8,1122.2,1117.4,0.429,69.3,0.029,0,2026-08-18,2026-08-19,False,False,5.0,2026-08-19T15:41:45+05:30
HEXT,554.99,TOUCHED,-0.3,below,553.3,554.99,557.23,559.48,554.99,0.805,69.6,0.045,0,2026-08-18,2026-08-19,False,False,5.0,2026-08-19T15:41:45+05:30
GODREJIND,1221.57,TOUCHED,-0.29,inside,1218.0,1221.57,1221.57,1225.73,1217.4,0.682,69.9,0.047,0,2026-08-18,2026-08-19,False,False,5.0,2026-08-19T15:41:45+05:30
IRCTC,494.20,TOUCHED,-1.18,below,488.35,494.2,495.35,496.5,494.2,0.464,69.9,0.037,0,2026-08-18,2026-08-19,False,False,5.0,2026-08-19T15:41:45+05:30
MEDANTA,1428.95,TOUCHED,-0.82,below,1417.2,1428.95,1433.53,1438.12,1428.95,0.639,69.9,0.028,0,2026-08-18,2026-08-19,False,False,5.0,2026-08-19T15:41:45+05:30
GLAND,2868.23,TOUCHED,-0.94,below,2841.3,2868.23,2877.87,2887.5,2868.23,0.669,70.1,0.04,0,2026-08-18,2026-08-19,False,False,5.0,2026-08-19T15:41:45+05:30
GRSE,2640.45,TOUCHED,-0.08,below,2638.3,2640.45,2652.63,2664.82,2640.45,0.919,70.1,0.074,0,2026-08-18,2026-08-19,False,False,5.0,2026-08-19T15:41:45+05:30
PHOENIXLTD,1922.55,TOUCHED,-0.18,below,1919.0,1922.55,1928.37,1934.18,1922.55,0.603,70.4,0.047,0,2026-08-18,2026-08-19,False,False,5.0,2026-08-19T15:41:45+05:30
ITC,270.47,TOUCHED,-1.26,below,267.05,270.47,270.93,271.4,270.47,0.344,72.6,0.021,0,2026-08-18,2026-08-19,False,False,5.0,2026-08-19T15:41:45+05:30
GPIL,252.04,TOUCHED,-2.35,below,246.1,252.04,253.1,254.16,252.04,0.839,72.9,0.029,0,2026-08-18,2026-08-19,False,False,5.0,2026-08-19T15:41:45+05:30
HINDUNILVR,2039.15,TOUCHED,-0.9,below,2020.7,2039.15,2043.3,2047.45,2039.15,0.406,72.9,0.015,0,2026-08-18,2026-08-19,False,False,5.0,2026-08-19T15:41:45+05:30
REDINGTON,330.60,TOUCHED,1.35,above,335.05,330.6,329.17,330.6,327.73,0.871,73.4,0.038,0,2026-08-18,2026-08-19,False,False,5.0,2026-08-19T15:41:45+05:30
UPL,565.02,TOUCHED,0.53,above,568.0,565.02,563.37,565.02,561.71,0.589,73.4,0.018,0,2026-08-18,2026-08-19,False,False,5.0,2026-08-19T15:41:45+05:30
AJANTPHARM,3719.27,TOUCHED,-0.57,below,3697.9,3719.27,3732.13,3745.0,3719.27,0.69,75.1,0.04,0,2026-08-18,2026-08-19,False,False,5.0,2026-08-19T15:41:45+05:30
ZFCVINDIA,2646.00,TOUCHED,-1.1,below,2616.9,2646.0,2654.9,2663.8,2646.0,0.67,75.1,0.038,0,2026-08-18,2026-08-19,False,False,5.0,2026-08-19T15:41:45+05:30
UBL,1358.72,TOUCHED,-0.29,below,1354.8,1358.72,1361.93,1365.15,1358.72,0.472,75.3,0.026,0,2026-08-18,2026-08-19,False,False,5.0,2026-08-19T15:41:45+05:30
HINDZINC,559.85,TOUCHED,-0.51,below,557.0,559.85,561.7,563.55,559.85,0.659,75.6,0.041,0,2026-08-18,2026-08-19,False,False,5.0,2026-08-19T15:41:45+05:30
IIFL,630.20,TOUCHED,0.1,above,630.85,630.2,627.58,630.2,624.97,0.834,75.6,0.026,0,2026-08-18,2026-08-19,False,False,5.0,2026-08-19T15:41:45+05:30
TITAGARH,834.30,TOUCHED,-0.31,inside,831.75,834.3,834.3,837.85,830.75,0.851,75.6,0.052,0,2026-08-18,2026-08-19,False,False,5.0,2026-08-19T15:41:45+05:30
HINDPETRO,367.28,TOUCHED,-0.23,below,366.45,367.28,368.57,369.85,367.28,0.696,75.9,0.034,0,2026-08-18,2026-08-19,False,False,5.0,2026-08-19T15:41:45+05:30
BLS,271.29,TOUCHED,0.03,above,271.37,271.29,270.11,271.29,268.92,0.876,76.2,0.032,0,2026-08-18,2026-08-19,False,False,5.0,2026-08-19T15:41:45+05:30
IDEA,14.05,TOUCHED,0.15,above,14.07,14.05,13.98,14.05,13.91,1.026,76.4,0.046,0,2026-08-18,2026-08-19,False,False,5.0,2026-08-19T15:41:45+05:30
TATACONSUM,1067.43,TOUCHED,0.05,inside,1068.0,1067.43,1067.43,1070.35,1064.52,0.546,76.4,0.027,0,2026-08-18,2026-08-19,False,False,5.0,2026-08-19T15:41:45+05:30
BALRAMCHIN,655.48,TOUCHED,-0.71,below,650.8,655.48,657.72,659.95,655.48,0.679,76.7,0.025,0,2026-08-18,2026-08-19,False,False,5.0,2026-08-19T15:41:45+05:30
KOTAKBANK,389.40,TOUCHED,0.22,inside,390.25,389.4,389.4,390.27,388.52,0.449,76.7,0.024,0,2026-08-18,2026-08-19,False,False,5.0,2026-08-19T15:41:45+05:30
PERSISTENT,5507.00,TOUCHED,0.05,above,5510.0,5507.0,5485.5,5507.0,5464.0,0.784,76.7,0.018,0,2026-08-18,2026-08-19,False,False,5.0,2026-08-19T15:41:45+05:30
RADICO,4697.10,TOUCHED,-0.02,inside,4696.0,4697.1,4697.1,4715.0,4679.2,0.762,77.3,0.021,0,2026-08-18,2026-08-19,False,False,5.0,2026-08-19T15:41:45+05:30
SPLPETRO,710.16,TOUCHED,-1.06,below,702.6,710.16,713.32,716.48,710.16,0.886,77.3,0.039,0,2026-08-18,2026-08-19,False,False,5.0,2026-08-19T15:41:45+05:30
TATACHEM,655.01,TOUCHED,-2.86,below,636.3,655.01,657.02,659.02,655.01,0.611,77.3,0.02,0,2026-08-18,2026-08-19,False,False,5.0,2026-08-19T15:41:45+05:30
GODREJPROP,2014.23,TOUCHED,-0.34,inside,2007.3,2014.23,2014.23,2022.65,2005.82,0.836,78.1,0.045,0,2026-08-18,2026-08-19,False,False,5.0,2026-08-19T15:41:45+05:30
NUVAMA,1731.07,TOUCHED,0.13,inside,1733.4,1731.07,1731.07,1738.93,1723.2,0.909,78.1,0.025,0,2026-08-18,2026-08-19,False,False,5.0,2026-08-19T15:41:45+05:30
MARUTI,13724.17,TOUCHED,-0.25,below,13690.0,13724.17,13757.33,13790.5,13724.17,0.482,78.6,0.017,0,2026-08-18,2026-08-19,False,False,5.0,2026-08-19T15:41:45+05:30
VMM,104.11,TOUCHED,-0.69,below,103.4,104.11,104.52,104.92,104.11,0.772,78.6,0.026,0,2026-08-18,2026-08-19,False,False,5.0,2026-08-19T15:41:45+05:30
ANGELONE,288.92,TOUCHED,0.2,inside,289.5,288.92,288.92,290.33,287.5,0.981,78.9,0.029,0,2026-08-18,2026-08-19,False,False,5.0,2026-08-19T15:41:45+05:30
WELSPUNLIV,176.98,TOUCHED,2.41,above,181.24,176.98,176.16,176.98,175.35,0.923,78.9,0.044,0,2026-08-18,2026-08-19,False,False,5.0,2026-08-19T15:41:45+05:30
TECHNOE,992.67,TOUCHED,0.43,inside,996.95,992.67,992.67,997.56,987.77,0.986,79.2,0.05,0,2026-08-18,2026-08-19,False,False,5.0,2026-08-19T15:41:45+05:30
AIAENG,4402.55,TOUCHED,-0.4,below,4384.9,4402.55,4417.57,4432.58,4402.55,0.68,79.5,0.041,0,2026-08-18,2026-08-19,False,False,5.0,2026-08-19T15:41:45+05:30
JSWINFRA,331.02,TOUCHED,-0.34,inside,329.9,331.02,331.02,332.2,329.83,0.715,79.5,0.029,0,2026-08-18,2026-08-19,False,False,5.0,2026-08-19T15:41:45+05:30
BPCL,311.44,TOUCHED,-1.43,below,307.0,311.44,312.58,313.72,311.44,0.73,80.0,0.021,0,2026-08-18,2026-08-19,False,False,5.0,2026-08-19T15:41:45+05:30
SAIL,172.26,TOUCHED,0.28,above,172.75,172.26,171.58,172.26,170.89,0.802,80.0,0.026,0,2026-08-18,2026-08-19,False,False,5.0,2026-08-19T15:41:45+05:30
SCI,294.09,TOUCHED,0.43,above,295.35,294.09,292.43,294.09,290.78,1.134,80.5,0.045,0,2026-08-18,2026-08-19,False,False,5.0,2026-08-19T15:41:45+05:30
UNITDSPR,1525.60,TOUCHED,-0.1,below,1524.0,1525.6,1530.3,1535.0,1525.6,0.614,80.5,0.033,0,2026-08-18,2026-08-19,False,False,5.0,2026-08-19T15:41:45+05:30
ATUL,6631.58,TOUCHED,-0.54,below,6596.0,6631.58,6654.67,6677.75,6631.58,0.694,81.1,0.015,0,2026-08-18,2026-08-19,False,False,5.0,2026-08-19T15:41:45+05:30
BLUESTARCO,1499.57,TOUCHED,-0.42,below,1493.2,1499.57,1506.13,1512.7,1499.57,0.872,81.1,0.046,0,2026-08-18,2026-08-19,False,False,5.0,2026-08-19T15:41:45+05:30
TATACAP,361.93,TOUCHED,1.0,above,365.55,361.93,360.72,361.93,359.5,0.675,81.2,0.016,0,2026-08-18,2026-08-19,False,False,5.0,2026-08-19T15:41:45+05:30
CUB,220.01,TOUCHED,0.46,inside,221.03,220.01,220.01,221.09,218.93,0.986,81.4,0.034,0,2026-08-18,2026-08-19,False,False,5.0,2026-08-19T15:41:45+05:30
DEEPAKFERT,1479.37,TOUCHED,-0.21,below,1476.2,1479.37,1486.73,1494.1,1479.37,0.991,81.9,0.044,0,2026-08-18,2026-08-19,False,False,5.0,2026-08-19T15:41:45+05:30
BEML,1955.38,TOUCHED,0.59,above,1966.9,1955.38,1945.27,1955.38,1935.15,1.04,83.0,0.028,0,2026-08-18,2026-08-19,False,False,5.0,2026-08-19T15:41:45+05:30
MARICO,848.57,TOUCHED,0.17,above,850.0,848.57,846.23,848.57,843.89,0.553,83.0,0.018,0,2026-08-18,2026-08-19,False,False,5.0,2026-08-19T15:41:45+05:30
NETWEB,5244.60,TOUCHED,-3.42,below,5065.0,5244.6,5281.23,5317.87,5244.6,1.387,83.0,0.054,0,2026-08-18,2026-08-19,False,False,5.0,2026-08-19T15:41:45+05:30
EXIDEIND,467.06,TOUCHED,-1.62,below,459.5,467.06,468.87,470.68,467.06,0.771,83.3,0.027,0,2026-08-18,2026-08-19,False,False,5.0,2026-08-19T15:41:45+05:30
TRIDENT,24.56,TOUCHED,-0.29,below,24.49,24.56,24.65,24.74,24.56,0.744,83.6,0.028,0,2026-08-18,2026-08-19,False,False,5.0,2026-08-19T15:41:45+05:30
YESBANK,22.71,TOUCHED,0.13,above,22.74,22.71,22.63,22.71,22.54,0.737,83.6,0.04,0,2026-08-18,2026-08-19,False,False,5.0,2026-08-19T15:41:45+05:30
DATAPATTNS,4703.97,TOUCHED,1.49,above,4774.2,4703.97,4670.73,4703.97,4637.5,1.423,83.8,0.075,0,2026-08-18,2026-08-19,False,False,5.0,2026-08-19T15:41:45+05:30
MFSL,1567.45,TOUCHED,-1.36,below,1546.1,1567.45,1573.13,1578.82,1567.45,0.723,84.1,0.019,0,2026-08-18,2026-08-19,False,False,5.0,2026-08-19T15:41:45+05:30
UNIONBANK,187.19,TOUCHED,-0.16,inside,186.9,187.19,187.19,188.04,186.35,0.905,84.4,0.048,0,2026-08-18,2026-08-19,False,False,5.0,2026-08-19T15:41:45+05:30
ESCORTS,3074.95,TOUCHED,-0.65,below,3054.9,3074.95,3087.8,3100.65,3074.95,0.832,85.2,0.041,0,2026-08-18,2026-08-19,False,False,5.0,2026-08-19T15:41:45+05:30
POLYMED,1765.27,TOUCHED,0.29,inside,1770.3,1765.27,1765.27,1774.98,1755.55,1.101,85.5,0.047,0,2026-08-18,2026-08-19,False,False,5.0,2026-08-19T15:41:45+05:30
CRAFTSMAN,10780.33,TOUCHED,-0.01,inside,10779.0,10780.33,10780.33,10835.42,10725.25,1.022,85.8,0.057,0,2026-08-18,2026-08-19,False,False,5.0,2026-08-19T15:41:45+05:30
TRITURBINE,584.75,TOUCHED,-2.58,below,569.65,584.75,587.6,590.45,584.75,0.97,86.3,0.021,0,2026-08-18,2026-08-19,False,False,5.0,2026-08-19T15:41:45+05:30
MCX,2987.00,TOUCHED,-0.47,below,2973.0,2987.0,3004.67,3022.33,2987.0,1.176,86.6,0.058,0,2026-08-18,2026-08-19,False,False,5.0,2026-08-19T15:41:45+05:30
NYKAA,324.53,TOUCHED,0.87,above,327.35,324.53,323.22,324.53,321.91,0.81,86.6,0.027,0,2026-08-18,2026-08-19,False,False,5.0,2026-08-19T15:41:45+05:30
PAYTM,1572.65,TOUCHED,0.69,above,1583.5,1572.65,1563.87,1572.65,1555.08,1.123,87.1,0.053,0,2026-08-18,2026-08-19,False,False,5.0,2026-08-19T15:41:45+05:30
SONATSOFTW,311.38,TOUCHED,-1.15,below,307.8,311.38,313.3,315.23,311.38,1.229,87.1,0.026,0,2026-08-18,2026-08-19,False,False,5.0,2026-08-19T15:41:45+05:30
LTM,4582.50,TOUCHED,-0.39,below,4564.4,4582.5,4602.8,4623.1,4582.5,0.882,87.9,0.032,0,2026-08-18,2026-08-19,False,False,5.0,2026-08-19T15:41:45+05:30
MPHASIS,2444.07,TOUCHED,-0.8,below,2424.5,2444.07,2456.13,2468.2,2444.07,0.983,88.8,0.024,0,2026-08-18,2026-08-19,False,False,5.0,2026-08-19T15:41:45+05:30
SCHNEIDER,1255.50,TOUCHED,-0.14,inside,1253.8,1255.5,1255.5,1264.95,1246.05,1.505,88.8,0.027,0,2026-08-18,2026-08-19,False,False,5.0,2026-08-19T15:41:45+05:30
AEGISLOG,1358.65,TOUCHED,0.39,above,1364.0,1358.65,1349.6,1358.65,1340.55,1.341,89.0,0.033,0,2026-08-18,2026-08-19,False,False,5.0,2026-08-19T15:41:45+05:30
ICICIPRULI,500.27,TOUCHED,-0.15,below,499.5,500.27,502.33,504.4,500.27,0.823,89.0,0.023,0,2026-08-18,2026-08-19,False,False,5.0,2026-08-19T15:41:45+05:30
FIRSTCRY,206.13,TOUCHED,-4.67,below,196.5,206.13,207.61,209.09,206.13,1.424,90.7,0.066,0,2026-08-18,2026-08-19,False,False,5.0,2026-08-19T15:41:45+05:30
MAXHEALTH,999.55,TOUCHED,-0.26,below,997.0,999.55,1004.5,1009.45,999.55,0.986,90.7,0.037,0,2026-08-18,2026-08-19,False,False,5.0,2026-08-19T15:41:45+05:30
LODHA,1219.25,TOUCHED,-0.76,below,1210.0,1219.25,1227.4,1235.55,1219.25,1.328,91.2,0.035,0,2026-08-18,2026-08-19,False,False,5.0,2026-08-19T15:41:45+05:30
WIPRO,179.37,TOUCHED,0.1,inside,179.55,179.37,179.37,180.03,178.71,0.73,91.8,0.013,0,2026-08-18,2026-08-19,False,False,5.0,2026-08-19T15:41:45+05:30
ZYDUSLIFE,1120.35,TOUCHED,-1.41,below,1104.5,1120.35,1125.1,1129.85,1120.35,0.844,92.3,0.024,0,2026-08-18,2026-08-19,False,False,5.0,2026-08-19T15:41:45+05:30
AFCONS,277.18,TOUCHED,0.28,inside,277.95,277.18,277.18,278.72,275.65,1.106,93.4,0.024,0,2026-08-18,2026-08-19,False,False,5.0,2026-08-19T15:41:45+05:30
PAGEIND,36402.35,TOUCHED,-3.19,below,35240.0,36402.35,36579.71,36757.06,36402.35,0.97,93.7,0.027,0,2026-08-18,2026-08-19,False,False,5.0,2026-08-19T15:41:45+05:30
MRPL,179.16,TOUCHED,-1.48,below,176.51,179.16,180.88,182.6,179.16,1.902,94.0,0.056,0,2026-08-18,2026-08-19,False,False,5.0,2026-08-19T15:41:45+05:30
PFOCUS,279.75,TOUCHED,-0.2,inside,279.2,279.75,279.75,283.0,276.5,2.324,94.0,0.053,0,2026-08-18,2026-08-19,False,False,5.0,2026-08-19T15:41:45+05:30
HEG,722.50,TOUCHED,-2.0,below,708.05,722.5,728.08,733.67,722.5,1.534,94.2,0.045,0,2026-08-18,2026-08-19,False,False,5.0,2026-08-19T15:41:45+05:30
HFCL,226.17,TOUCHED,0.16,inside,226.53,226.17,226.17,228.1,224.24,1.707,94.5,0.028,0,2026-08-18,2026-08-19,False,False,5.0,2026-08-19T15:41:45+05:30
APARINDS,16747.00,TOUCHED,-0.79,below,16615.0,16747.0,16902.67,17058.33,16747.0,1.842,94.8,0.055,0,2026-08-18,2026-08-19,False,False,5.0,2026-08-19T15:41:45+05:30
COLPAL,1912.10,TOUCHED,-1.7,below,1879.6,1912.1,1921.2,1930.3,1912.1,0.947,94.8,0.024,0,2026-08-18,2026-08-19,False,False,5.0,2026-08-19T15:41:45+05:30
ZENTEC,1933.80,TOUCHED,-0.06,below,1932.6,1933.8,1950.0,1966.2,1933.8,1.662,95.6,0.016,0,2026-08-18,2026-08-19,False,False,5.0,2026-08-19T15:41:45+05:30
ACUTAAS,3294.85,TOUCHED,-2.0,below,3228.9,3294.85,3327.03,3359.22,3294.85,1.935,95.9,0.036,0,2026-08-18,2026-08-19,False,False,5.0,2026-08-19T15:41:45+05:30
TORNTPOWER,1272.40,TOUCHED,-2.26,below,1243.7,1272.4,1280.7,1289.0,1272.4,1.296,95.9,0.031,0,2026-08-18,2026-08-19,False,False,5.0,2026-08-19T15:41:45+05:30
HDBFS,687.92,TOUCHED,-0.99,below,681.1,687.92,691.33,694.74,687.92,0.986,96.1,0.023,0,2026-08-18,2026-08-19,False,False,5.0,2026-08-19T15:41:45+05:30
BOSCHLTD,48439.17,TOUCHED,0.04,above,48460.0,48439.17,48148.33,48439.17,47857.5,1.208,96.2,0.029,0,2026-08-18,2026-08-19,False,False,5.0,2026-08-19T15:41:45+05:30
PPLPHARMA,208.97,TOUCHED,0.32,above,209.64,208.97,207.41,208.97,205.85,1.504,96.2,0.044,0,2026-08-18,2026-08-19,False,False,5.0,2026-08-19T15:41:45+05:30
JYOTICNC,920.79,TOUCHED,3.24,above,950.65,920.79,912.38,920.79,903.98,1.843,96.4,0.027,0,2026-08-18,2026-08-19,False,False,5.0,2026-08-19T15:41:45+05:30
