symbol,status,type,distance_pct,trend,ltp,virgin_level,pivot,tc,bc,width_pct,width_percentile,narrow_threshold_pct,days_virgin,source_date,session_date,is_virgin,is_narrow,narrow_percentile_used,scanned_at
AMBER,7395.0,V+N,1.7,above,7520.5,7395.0,7395.0,7395.0,7395.0,0.0,0.0,0.027,1,2026-08-04,2026-08-05,True,True,5.0,2026-08-05T12:56:56+05:30
INDIANB,845.02,V+N,1.18,above,855.0,845.02,845.02,845.02,845.01,0.002,1.4,0.027,1,2026-08-04,2026-08-05,True,True,5.0,2026-08-05T12:56:56+05:30
RADICO,4449.85,V+N,1.5,above,4516.6,4449.85,4449.7,4449.85,4449.55,0.007,2.2,0.021,1,2026-08-04,2026-08-05,True,True,5.0,2026-08-05T12:56:56+05:30
RRKABEL,2631.45,V+N,4.35,above,2746.0,2631.45,2631.0,2631.45,2630.55,0.034,3.6,0.045,1,2026-08-03,2026-08-05,True,True,5.0,2026-08-05T12:56:56+05:30
360ONE,1147.72,V+N,3.85,above,1191.9,1147.72,1147.63,1147.72,1147.55,0.015,3.8,0.032,1,2026-08-03,2026-08-05,True,True,5.0,2026-08-05T12:56:56+05:30
LLOYDSME,2051.55,V+N,0.96,above,2071.3,2051.55,2051.23,2051.55,2050.92,0.031,4.1,0.037,1,2026-08-03,2026-08-05,True,True,5.0,2026-08-05T12:56:56+05:30
GODREJCP,1085.55,V+N,-1.67,below,1067.4,1085.55,1085.67,1085.78,1085.55,0.021,4.4,0.03,1,2026-08-03,2026-08-05,True,True,5.0,2026-08-05T12:56:56+05:30
AIIL,549.08,V+N,1.65,above,558.15,549.08,548.98,549.08,548.89,0.033,4.7,0.044,1,2026-08-03,2026-08-05,True,True,5.0,2026-08-05T12:56:56+05:30
UCOBANK,26.33,V+N,0.99,above,26.59,26.33,26.33,26.33,26.33,0.013,4.9,0.013,1,2026-08-04,2026-08-05,True,True,5.0,2026-08-05T12:56:56+05:30
BLUEDART,5463.17,V+W,-2.53,below,5325.0,5463.17,5499.33,5535.5,5463.17,1.315,97.3,0.017,1,2026-08-03,2026-08-05,True,False,5.0,2026-08-05T12:56:56+05:30
GRAPHITE,702.55,V+W,3.34,above,726.0,702.55,695.05,702.55,687.55,2.158,98.4,0.024,1,2026-08-04,2026-08-05,True,False,5.0,2026-08-05T12:56:56+05:30
UPL,587.91,V+W,-1.6,below,578.5,587.91,593.92,599.93,587.91,2.023,98.6,0.02,1,2026-08-04,2026-08-05,True,False,5.0,2026-08-05T12:56:56+05:30
SHREECEM,26851.67,V+W,1.5,above,27255.0,26851.67,26703.33,26851.67,26555.0,1.111,98.9,0.013,1,2026-08-03,2026-08-05,True,False,5.0,2026-08-05T12:56:56+05:30
SAREGAMA,535.23,V+W,4.29,above,558.2,535.23,527.92,535.23,520.6,2.772,99.5,0.041,1,2026-08-04,2026-08-05,True,False,5.0,2026-08-05T12:56:56+05:30
GESHIP,1461.08,V+W,-3.65,below,1407.7,1461.08,1487.27,1513.45,1461.08,3.521,99.7,0.043,1,2026-08-04,2026-08-05,True,False,5.0,2026-08-05T12:56:56+05:30
GPIL,244.47,V,0.89,above,246.65,244.47,244.44,244.47,244.4,0.029,5.2,0.023,1,2026-08-03,2026-08-05,True,False,5.0,2026-08-05T12:56:56+05:30
COHANCE,425.05,V,0.73,above,428.15,425.05,425.0,425.05,424.95,0.024,5.5,0.022,1,2026-08-04,2026-08-05,True,False,5.0,2026-08-05T12:56:56+05:30
JKTYRE,410.7,V,1.24,above,415.8,410.7,410.57,410.7,410.43,0.065,5.8,0.047,1,2026-08-03,2026-08-05,True,False,5.0,2026-08-05T12:56:56+05:30
GRAVITA,1658.1,V,1.44,above,1681.9,1658.1,1657.6,1658.1,1657.1,0.06,7.9,0.033,1,2026-08-04,2026-08-05,True,False,5.0,2026-08-05T12:56:56+05:30
UNIONBANK,173.94,V,0.91,above,175.52,173.94,173.88,173.94,173.82,0.069,8.2,0.047,1,2026-08-04,2026-08-05,True,False,5.0,2026-08-05T12:56:56+05:30
AARTIIND,486.96,V,-0.88,below,482.65,486.96,487.12,487.27,486.96,0.065,8.5,0.037,1,2026-08-03,2026-08-05,True,False,5.0,2026-08-05T12:56:56+05:30
BANKINDIA,140.44,V,0.74,above,141.49,140.44,140.39,140.44,140.33,0.078,9.6,0.032,1,2026-08-03,2026-08-05,True,False,5.0,2026-08-05T12:56:56+05:30
CASTROLIND,185.94,V,3.38,above,192.23,185.94,185.91,185.94,185.87,0.036,9.6,0.014,1,2026-08-03,2026-08-05,True,False,5.0,2026-08-05T12:56:56+05:30
EMMVEE,319.35,V,2.35,above,326.85,319.35,319.15,319.35,318.95,0.125,9.6,0.044,1,2026-08-03,2026-08-05,True,False,5.0,2026-08-05T12:56:56+05:30
CPPLUS,3435.8,V,3.1,above,3542.4,3435.8,3433.43,3435.8,3431.07,0.138,12.9,0.037,1,2026-08-03,2026-08-05,True,False,5.0,2026-08-05T12:56:56+05:30
ENDURANCE,2786.18,V,2.98,above,2869.2,2786.18,2784.77,2786.18,2783.35,0.102,12.9,0.044,1,2026-08-03,2026-08-05,True,False,5.0,2026-08-05T12:56:56+05:30
OIL,450.18,V,-2.24,below,440.1,450.18,450.37,450.55,450.18,0.081,13.2,0.021,1,2026-08-04,2026-08-05,True,False,5.0,2026-08-05T12:56:56+05:30
INDIGO,5363.25,V,0.29,above,5379.0,5363.25,5361.5,5363.25,5359.75,0.065,14.0,0.023,1,2026-08-04,2026-08-05,True,False,5.0,2026-08-05T12:56:56+05:30
BAYERCROP,4268.99,V,0.47,above,4289.0,4268.99,4266.99,4268.99,4264.98,0.094,15.1,0.031,1,2026-08-04,2026-08-05,True,False,5.0,2026-08-05T12:56:56+05:30
BOSCHLTD,41082.16,V,5.5,above,43340.0,41082.16,41064.77,41082.16,41047.39,0.085,16.2,0.029,1,2026-08-03,2026-08-05,True,False,5.0,2026-08-05T12:56:56+05:30
DIXON,13975.0,V,2.36,above,14305.0,13975.0,13962.0,13975.0,13949.0,0.186,17.8,0.056,1,2026-08-04,2026-08-05,True,False,5.0,2026-08-05T12:56:56+05:30
HOMEFIRST,1168.77,V,0.6,above,1175.8,1168.77,1167.83,1168.77,1166.9,0.16,18.4,0.044,1,2026-08-04,2026-08-05,True,False,5.0,2026-08-05T12:56:56+05:30
FORCEMOT,18352.17,V,1.55,above,18636.0,18352.17,18326.33,18352.17,18300.5,0.282,18.6,0.052,1,2026-08-04,2026-08-05,True,False,5.0,2026-08-05T12:56:56+05:30
GODREJPROP,2039.0,V,3.8,above,2116.4,2039.0,2037.2,2039.0,2035.4,0.177,19.5,0.048,1,2026-08-04,2026-08-05,True,False,5.0,2026-08-05T12:56:56+05:30
POONAWALLA,469.3,V,1.84,above,477.95,469.3,468.95,469.3,468.6,0.149,19.5,0.033,1,2026-08-04,2026-08-05,True,False,5.0,2026-08-05T12:56:56+05:30
OLECTRA,1342.92,V,0.79,above,1353.5,1342.92,1341.63,1342.92,1340.35,0.191,19.7,0.034,1,2026-08-03,2026-08-05,True,False,5.0,2026-08-05T12:56:56+05:30
BIKAJI,649.61,V,0.67,above,653.95,649.61,649.22,649.61,648.83,0.121,20.0,0.02,1,2026-08-03,2026-08-05,True,False,5.0,2026-08-05T12:56:56+05:30
KARURVYSYA,347.15,V,-1.9,below,340.55,347.15,347.47,347.78,347.15,0.182,20.8,0.038,1,2026-08-03,2026-08-05,True,False,5.0,2026-08-05T12:56:56+05:30
HFCL,203.61,V,4.19,above,212.15,203.61,203.33,203.61,203.06,0.272,22.7,0.028,1,2026-08-04,2026-08-05,True,False,5.0,2026-08-05T12:56:56+05:30
VTL,597.44,V,1.4,above,605.8,597.44,596.83,597.44,596.23,0.204,25.2,0.032,1,2026-08-04,2026-08-05,True,False,5.0,2026-08-05T12:56:56+05:30
LTF,318.8,V,0.28,above,319.7,318.8,318.5,318.8,318.2,0.188,25.5,0.028,1,2026-08-04,2026-08-05,True,False,5.0,2026-08-05T12:56:56+05:30
NMDC,84.12,V,0.94,above,84.91,84.12,84.04,84.12,83.97,0.186,26.0,0.028,1,2026-08-04,2026-08-05,True,False,5.0,2026-08-05T12:56:56+05:30
ENGINERSIN,225.9,V,4.6,above,236.3,225.9,225.56,225.9,225.23,0.299,27.7,0.038,1,2026-08-04,2026-08-05,True,False,5.0,2026-08-05T12:56:56+05:30
NLCINDIA,300.29,V,0.47,above,301.7,300.29,299.88,300.29,299.48,0.272,27.7,0.051,1,2026-08-04,2026-08-05,True,False,5.0,2026-08-05T12:56:56+05:30
CANBK,127.87,V,0.91,above,129.03,127.87,127.74,127.87,127.6,0.206,28.5,0.023,1,2026-08-04,2026-08-05,True,False,5.0,2026-08-05T12:56:56+05:30
HINDPETRO,392.8,V,0.97,above,396.6,392.8,392.37,392.8,391.93,0.221,28.5,0.034,1,2026-08-04,2026-08-05,True,False,5.0,2026-08-05T12:56:56+05:30
UNOMINDA,1225.65,V,1.79,above,1247.6,1225.65,1224.3,1225.65,1222.95,0.221,28.5,0.05,1,2026-08-04,2026-08-05,True,False,5.0,2026-08-05T12:56:56+05:30
POLYCAB,9164.83,V,0.48,above,9209.0,9164.83,9153.67,9164.83,9142.5,0.244,30.7,0.04,1,2026-08-04,2026-08-05,True,False,5.0,2026-08-05T12:56:56+05:30
ZENTEC,1653.85,V,1.6,above,1680.3,1653.85,1651.3,1653.85,1648.75,0.309,31.2,0.015,1,2026-08-03,2026-08-05,True,False,5.0,2026-08-05T12:56:56+05:30
ALKEM,5711.75,V,-1.33,below,5635.5,5711.75,5716.5,5721.25,5711.75,0.166,31.5,0.026,1,2026-08-03,2026-08-05,True,False,5.0,2026-08-05T12:56:56+05:30
TENNIND,547.28,V,4.36,above,571.15,547.28,546.38,547.28,545.49,0.326,31.6,0.016,1,2026-08-03,2026-08-05,True,False,5.0,2026-08-05T12:56:56+05:30
PTCIL,17956.83,V,0.71,above,18085.0,17956.83,17932.67,17956.83,17908.5,0.27,32.1,0.028,1,2026-08-03,2026-08-05,True,False,5.0,2026-08-05T12:56:56+05:30
SHRIRAMFIN,1086.0,V,1.47,above,1102.0,1086.0,1084.7,1086.0,1083.4,0.24,32.6,0.038,1,2026-08-04,2026-08-05,True,False,5.0,2026-08-05T12:56:56+05:30
COLPAL,2079.12,V,-2.75,below,2022.0,2079.12,2081.23,2083.35,2079.12,0.203,34.5,0.024,1,2026-08-03,2026-08-05,True,False,5.0,2026-08-05T12:56:56+05:30
APARINDS,14716.5,V,6.24,above,15635.0,14716.5,14687.0,14716.5,14657.5,0.402,35.3,0.054,1,2026-08-03,2026-08-05,True,False,5.0,2026-08-05T12:56:56+05:30
ENRIN,3250.55,V,0.92,above,3280.3,3250.55,3245.1,3250.55,3239.65,0.336,37.4,0.025,1,2026-08-03,2026-08-05,True,False,5.0,2026-08-05T12:56:56+05:30
USHAMART,506.5,V,0.89,above,511.0,506.5,505.68,506.5,504.87,0.323,38.1,0.04,1,2026-08-03,2026-08-05,True,False,5.0,2026-08-05T12:56:56+05:30
BSOFT,322.62,V,0.37,above,323.8,322.62,322.03,322.62,321.45,0.362,39.5,0.036,1,2026-08-04,2026-08-05,True,False,5.0,2026-08-05T12:56:56+05:30
JUBLFOOD,467.28,V,3.65,above,484.35,467.28,466.52,467.28,465.76,0.325,41.4,0.018,1,2026-08-04,2026-08-05,True,False,5.0,2026-08-05T12:56:56+05:30
LICHSGFIN,519.68,V,-1.79,below,510.4,519.68,520.37,521.05,519.68,0.263,41.9,0.022,1,2026-08-03,2026-08-05,True,False,5.0,2026-08-05T12:56:56+05:30
MAPMYINDIA,1194.46,V,-11.09,below,1062.0,1194.46,1196.42,1198.38,1194.46,0.328,44.4,0.027,1,2026-08-03,2026-08-05,True,False,5.0,2026-08-05T12:56:56+05:30
ITI,281.55,V,0.28,above,282.35,281.55,280.95,281.55,280.35,0.427,45.2,0.035,1,2026-08-03,2026-08-05,True,False,5.0,2026-08-05T12:56:56+05:30
INTELLECT,746.99,V,0.05,above,747.35,746.99,745.13,746.99,743.28,0.499,46.3,0.042,1,2026-08-03,2026-08-05,True,False,5.0,2026-08-05T12:56:56+05:30
ITCHOTELS,165.15,V,2.33,above,169.0,165.15,164.85,165.15,164.55,0.364,47.4,0.037,1,2026-08-04,2026-08-05,True,False,5.0,2026-08-05T12:56:56+05:30
INDIAMART,1801.57,V,-1.71,below,1770.8,1801.57,1804.53,1807.5,1801.57,0.329,47.9,0.026,1,2026-08-03,2026-08-05,True,False,5.0,2026-08-05T12:56:56+05:30
KIMS,815.43,V,-1.98,below,799.25,815.43,817.15,818.87,815.43,0.422,48.2,0.043,1,2026-08-03,2026-08-05,True,False,5.0,2026-08-05T12:56:56+05:30
PAGEIND,40265.0,V,-0.7,below,39985.0,40265.0,40330.0,40395.0,40265.0,0.322,48.5,0.027,1,2026-08-03,2026-08-05,True,False,5.0,2026-08-05T12:56:56+05:30
JMFINANCIL,124.63,V,1.16,above,126.08,124.63,124.28,124.63,123.93,0.563,48.8,0.045,1,2026-08-04,2026-08-05,True,False,5.0,2026-08-05T12:56:56+05:30
HEROMOTOCO,5537.17,V,2.35,above,5667.5,5537.17,5526.33,5537.17,5515.5,0.392,53.2,0.017,1,2026-08-04,2026-08-05,True,False,5.0,2026-08-05T12:56:56+05:30
KAYNES,3862.5,V,1.29,above,3912.2,3862.5,3850.0,3862.5,3837.5,0.649,54.0,0.046,1,2026-08-04,2026-08-05,True,False,5.0,2026-08-05T12:56:56+05:30
MUTHOOTFIN,2888.5,V,0.34,above,2898.2,2888.5,2882.33,2888.5,2876.17,0.428,55.3,0.04,1,2026-08-04,2026-08-05,True,False,5.0,2026-08-05T12:56:56+05:30
ICICIGI,1653.6,V,2.24,above,1690.7,1653.6,1650.67,1653.6,1647.73,0.355,55.9,0.024,1,2026-08-04,2026-08-05,True,False,5.0,2026-08-05T12:56:56+05:30
BBTC,1527.5,V,-1.6,below,1503.0,1527.5,1530.73,1533.97,1527.5,0.422,57.8,0.032,1,2026-08-03,2026-08-05,True,False,5.0,2026-08-05T12:56:56+05:30
WELCORP,1731.82,V,2.59,above,1776.7,1731.82,1727.03,1731.82,1722.25,0.554,58.1,0.051,1,2026-08-04,2026-08-05,True,False,5.0,2026-08-05T12:56:56+05:30
M&M,3425.12,V,1.29,above,3469.3,3425.12,3417.23,3425.12,3409.35,0.461,60.8,0.026,1,2026-08-04,2026-08-05,True,False,5.0,2026-08-05T12:56:56+05:30
MANAPPURAM,359.35,V,1.22,above,363.75,359.35,358.43,359.35,357.52,0.511,61.4,0.027,1,2026-08-04,2026-08-05,True,False,5.0,2026-08-05T12:56:56+05:30
FLUOROCHEM,4472.45,V,2.3,above,4575.2,4472.45,4461.4,4472.45,4450.35,0.495,62.7,0.022,1,2026-08-03,2026-08-05,True,False,5.0,2026-08-05T12:56:56+05:30
SBFC,91.82,V,2.15,above,93.8,91.82,91.56,91.82,91.31,0.564,64.9,0.032,1,2026-08-03,2026-08-05,True,False,5.0,2026-08-05T12:56:56+05:30
IEX,128.85,V,0.61,above,129.64,128.85,128.5,128.85,128.15,0.547,65.8,0.031,1,2026-08-04,2026-08-05,True,False,5.0,2026-08-05T12:56:56+05:30
ASAHIINDIA,893.96,V,3.22,above,922.75,893.96,890.87,893.96,887.77,0.694,67.7,0.045,1,2026-08-03,2026-08-05,True,False,5.0,2026-08-05T12:56:56+05:30
HDFCBANK,743.2,V,-1.16,below,734.55,743.2,744.4,745.6,743.2,0.322,68.5,0.019,1,2026-08-04,2026-08-05,True,False,5.0,2026-08-05T12:56:56+05:30
IOC,142.71,V,0.51,above,143.44,142.71,142.34,142.71,141.97,0.52,69.9,0.021,1,2026-08-04,2026-08-05,True,False,5.0,2026-08-05T12:56:56+05:30
LT,4015.3,V,0.86,above,4049.7,4015.3,4006.87,4015.3,3998.43,0.421,72.6,0.024,1,2026-08-04,2026-08-05,True,False,5.0,2026-08-05T12:56:56+05:30
SONACOMS,782.17,V,4.16,above,814.75,782.17,779.35,782.17,776.52,0.725,74.0,0.034,1,2026-08-03,2026-08-05,True,False,5.0,2026-08-05T12:56:56+05:30
CEATLTD,3597.95,V,3.5,above,3723.9,3597.95,3584.7,3597.95,3571.45,0.739,74.5,0.035,1,2026-08-04,2026-08-05,True,False,5.0,2026-08-05T12:56:56+05:30
NIACL,173.68,V,4.65,above,181.75,173.68,173.04,173.68,172.41,0.734,74.8,0.032,1,2026-08-04,2026-08-05,True,False,5.0,2026-08-05T12:56:56+05:30
AFCONS,280.63,V,0.22,above,281.25,280.63,279.65,280.63,278.68,0.697,77.0,0.024,1,2026-08-04,2026-08-05,True,False,5.0,2026-08-05T12:56:56+05:30
DATAPATTNS,4401.05,V,1.69,above,4475.3,4401.05,4373.3,4401.05,4345.55,1.269,77.0,0.075,1,2026-08-03,2026-08-05,True,False,5.0,2026-08-05T12:56:56+05:30
LINDEINDIA,6954.58,V,1.84,above,7082.5,6954.58,6928.67,6954.58,6902.75,0.748,80.3,0.024,1,2026-08-03,2026-08-05,True,False,5.0,2026-08-05T12:56:56+05:30
HAVELLS,1281.07,V,0.49,above,1287.3,1281.07,1277.13,1281.07,1273.2,0.616,81.1,0.019,1,2026-08-03,2026-08-05,True,False,5.0,2026-08-05T12:56:56+05:30
ANANDRATHI,2066.62,V,-1.08,below,2044.4,2066.62,2074.53,2082.45,2066.62,0.763,85.8,0.022,1,2026-08-03,2026-08-05,True,False,5.0,2026-08-05T12:56:56+05:30
DEEPAKNTR,1706.05,V,3.53,above,1766.2,1706.05,1698.3,1706.05,1690.55,0.913,89.0,0.029,1,2026-08-03,2026-08-05,True,False,5.0,2026-08-05T12:56:56+05:30
HINDZINC,560.36,V,4.09,above,583.3,560.36,557.82,560.36,555.27,0.911,89.9,0.038,1,2026-08-04,2026-08-05,True,False,5.0,2026-08-05T12:56:56+05:30
BLS,248.99,V,3.33,above,257.27,248.99,247.22,248.99,245.46,1.427,90.1,0.033,1,2026-08-03,2026-08-05,True,False,5.0,2026-08-05T12:56:56+05:30
EXIDEIND,455.99,V,3.26,above,470.85,455.99,453.63,455.99,451.28,1.04,90.4,0.027,1,2026-08-04,2026-08-05,True,False,5.0,2026-08-05T12:56:56+05:30
SYRMA,1411.48,V,1.96,above,1439.1,1411.48,1401.37,1411.48,1391.25,1.444,91.2,0.045,1,2026-08-04,2026-08-05,True,False,5.0,2026-08-05T12:56:56+05:30
SARDAEN,519.67,V,-3.43,below,501.85,519.67,523.13,526.6,519.67,1.325,91.5,0.028,1,2026-08-03,2026-08-05,True,False,5.0,2026-08-05T12:56:56+05:30
TRAVELFOOD,1336.52,V,1.61,above,1358.1,1336.52,1328.43,1336.52,1320.35,1.217,92.0,0.031,1,2026-08-03,2026-08-05,True,False,5.0,2026-08-05T12:56:56+05:30
WELSPUNLIV,159.57,V,1.44,above,161.86,159.57,158.4,159.57,157.24,1.469,92.3,0.042,1,2026-08-04,2026-08-05,True,False,5.0,2026-08-05T12:56:56+05:30
ZFCVINDIA,2540.53,V,1.26,above,2572.5,2540.53,2525.47,2540.53,2510.4,1.193,92.6,0.038,1,2026-08-04,2026-08-05,True,False,5.0,2026-08-05T12:56:56+05:30
CGPOWER,874.91,V,0.64,above,880.5,874.91,869.77,874.91,864.62,1.182,92.9,0.04,1,2026-08-04,2026-08-05,True,False,5.0,2026-08-05T12:56:56+05:30
JYOTICNC,851.57,V,0.78,above,858.2,851.57,844.85,851.57,838.12,1.592,92.9,0.027,1,2026-08-03,2026-08-05,True,False,5.0,2026-08-05T12:56:56+05:30
GODIGIT,261.3,V,5.74,above,276.3,261.3,259.85,261.3,258.4,1.116,93.7,0.029,1,2026-08-03,2026-08-05,True,False,5.0,2026-08-05T12:56:56+05:30
ACUTAAS,3197.5,V,2.47,above,3276.4,3197.5,3170.7,3197.5,3143.9,1.69,94.0,0.036,1,2026-08-04,2026-08-05,True,False,5.0,2026-08-05T12:56:56+05:30
BLUEJET,597.14,V,-4.28,below,571.6,597.14,604.78,612.42,597.14,2.527,96.4,0.042,1,2026-08-03,2026-08-05,True,False,5.0,2026-08-05T12:56:56+05:30
INDGN,541.36,V,0.52,above,544.2,541.36,537.47,541.36,533.57,1.448,96.7,0.022,1,2026-08-03,2026-08-05,True,False,5.0,2026-08-05T12:56:56+05:30
LATENTVIEW,298.05,NARROW,-1.02,below,295.0,298.05,298.05,298.05,298.05,0.0,0.0,0.032,0,2026-08-04,2026-08-05,False,True,5.0,2026-08-05T12:56:56+05:30
POLYMED,1724.45,NARROW,-0.72,below,1712.0,1724.45,1724.47,1724.48,1724.45,0.002,1.4,0.052,0,2026-08-04,2026-08-05,False,True,5.0,2026-08-05T12:56:56+05:30
KPRMILL,1063.75,NARROW,1.37,above,1078.3,1063.75,1063.73,1063.75,1063.72,0.003,1.6,0.052,0,2026-08-03,2026-08-05,False,True,5.0,2026-08-05T12:56:56+05:30
JSWENERGY,568.01,NARROW,-0.88,below,563.0,568.01,568.02,568.02,568.01,0.003,1.9,0.024,0,2026-08-04,2026-08-05,False,True,5.0,2026-08-05T12:56:56+05:30
TATACONSUM,1092.02,NARROW,-0.38,below,1087.9,1092.02,1092.03,1092.05,1092.02,0.003,1.9,0.027,0,2026-08-04,2026-08-05,False,True,5.0,2026-08-05T12:56:56+05:30
VEDL,268.99,NARROW,0.67,above,270.8,268.99,268.98,268.99,268.97,0.006,1.9,0.028,0,2026-08-04,2026-08-05,False,True,5.0,2026-08-05T12:56:56+05:30
THELEELA,500.13,NARROW,-0.16,below,499.3,500.13,500.15,500.18,500.13,0.01,2.0,0.033,0,2026-08-04,2026-08-05,False,True,5.0,2026-08-05T12:56:56+05:30
FACT,842.37,NARROW,-0.04,below,842.0,842.37,842.43,842.5,842.37,0.016,2.2,0.058,0,2026-08-04,2026-08-05,False,True,5.0,2026-08-05T12:56:56+05:30
HYUNDAI,2198.92,NARROW,0.17,above,2202.7,2198.92,2198.83,2198.92,2198.75,0.008,2.5,0.026,0,2026-08-04,2026-08-05,False,True,5.0,2026-08-05T12:56:56+05:30
RPOWER,24.07,NARROW,0.18,above,24.11,24.07,24.06,24.07,24.06,0.028,2.5,0.073,0,2026-08-04,2026-08-05,False,True,5.0,2026-08-05T12:56:56+05:30
CAMS,809.75,NARROW,0.5,above,813.8,809.75,809.63,809.75,809.52,0.029,2.7,0.043,0,2026-08-04,2026-08-05,False,True,5.0,2026-08-05T12:56:56+05:30
CHENNPETRO,1325.85,NARROW,-1.16,below,1310.5,1325.85,1326.0,1326.15,1325.85,0.023,3.6,0.026,0,2026-08-04,2026-08-05,False,True,5.0,2026-08-05T12:56:56+05:30
FORTIS,932.87,NARROW,-0.64,below,926.9,932.87,932.95,933.02,932.87,0.016,3.6,0.031,0,2026-08-04,2026-08-05,False,True,5.0,2026-08-05T12:56:56+05:30
GALLANTT,629.35,NARROW,-0.53,below,626.0,629.35,629.5,629.65,629.35,0.048,3.8,0.07,0,2026-08-04,2026-08-05,False,True,5.0,2026-08-05T12:56:56+05:30
FIRSTCRY,214.59,NARROW,-0.27,below,214.0,214.59,214.64,214.68,214.59,0.043,4.1,0.066,0,2026-08-04,2026-08-05,False,True,5.0,2026-08-05T12:56:56+05:30
EMCURE,1977.55,NARROW,-1.08,below,1956.2,1977.55,1977.73,1977.92,1977.55,0.019,4.4,0.029,0,2026-08-04,2026-08-05,False,True,5.0,2026-08-05T12:56:56+05:30
JUBLPHARMA,932.5,NARROW,-0.09,below,931.7,932.5,932.58,932.67,932.5,0.018,4.4,0.021,0,2026-08-04,2026-08-05,False,True,5.0,2026-08-05T12:56:56+05:30
KFINTECH,949.15,NARROW,0.45,above,953.4,949.15,949.08,949.15,949.02,0.014,4.4,0.018,0,2026-08-04,2026-08-05,False,True,5.0,2026-08-05T12:56:56+05:30
TECHNOE,998.67,NARROW,-0.24,below,996.3,998.67,998.92,999.16,998.67,0.048,4.4,0.05,0,2026-08-03,2026-08-05,False,True,5.0,2026-08-05T12:56:56+05:30
ONGC,241.9,NARROW,-0.9,below,239.73,241.9,241.93,241.97,241.9,0.028,4.7,0.029,0,2026-08-04,2026-08-05,False,True,5.0,2026-08-05T12:56:56+05:30
AEGISLOG,1372.55,WIDE,1.9,above,1398.6,1372.55,1356.8,1372.55,1341.05,2.322,97.0,0.033,0,2026-08-03,2026-08-05,False,False,5.0,2026-08-05T12:56:56+05:30
BAJAJ-AUTO,11722.67,WIDE,-0.19,inside,11700.0,11722.67,11722.67,11789.33,11656.0,1.137,97.3,0.028,0,2026-08-03,2026-08-05,False,False,5.0,2026-08-05T12:56:56+05:30
POWERGRID,284.9,WIDE,-1.09,below,281.8,284.9,286.4,287.9,284.9,1.047,97.3,0.017,0,2026-08-04,2026-08-05,False,False,5.0,2026-08-05T12:56:56+05:30
PVRINOX,1179.67,WIDE,0.2,above,1182.0,1179.67,1171.23,1179.67,1162.8,1.44,97.3,0.03,0,2026-08-04,2026-08-05,False,False,5.0,2026-08-05T12:56:56+05:30
TEGA,1574.88,WIDE,0.06,above,1575.9,1574.88,1562.07,1574.88,1549.25,1.641,97.3,0.043,0,2026-08-03,2026-08-05,False,False,5.0,2026-08-05T12:56:56+05:30
BATAINDIA,724.68,WIDE,1.17,above,733.15,724.68,719.63,724.68,714.59,1.401,98.1,0.022,0,2026-08-04,2026-08-05,False,False,5.0,2026-08-05T12:56:56+05:30
KEI,5451.83,WIDE,1.24,above,5519.2,5451.83,5403.67,5451.83,5355.5,1.783,98.4,0.026,0,2026-08-04,2026-08-05,False,False,5.0,2026-08-05T12:56:56+05:30
APOLLOHOSP,8953.33,WIDE,-0.41,inside,8917.0,8953.33,8953.33,9001.67,8905.0,1.08,98.6,0.017,0,2026-08-04,2026-08-05,False,False,5.0,2026-08-05T12:56:56+05:30
MSUMI,40.78,WIDE,0.86,above,41.13,40.78,40.44,40.78,40.09,1.698,98.6,0.031,0,2026-08-04,2026-08-05,False,False,5.0,2026-08-05T12:56:56+05:30
NESTLEIND,1510.7,WIDE,0.24,above,1514.4,1510.7,1501.4,1510.7,1492.1,1.239,98.6,0.033,0,2026-08-04,2026-08-05,False,False,5.0,2026-08-05T12:56:56+05:30
DIVISLAB,8425.0,WIDE,-0.53,inside,8380.0,8425.0,8425.0,8505.0,8345.0,1.899,99.7,0.024,0,2026-08-03,2026-08-05,False,False,5.0,2026-08-05T12:56:56+05:30
BHARATFORG,2211.42,TOUCHED,-0.15,below,2208.0,2211.42,2211.83,2212.25,2211.42,0.038,5.2,0.033,0,2026-08-03,2026-08-05,False,False,5.0,2026-08-05T12:56:56+05:30
M&MFIN,398.38,TOUCHED,-0.43,below,396.65,398.38,398.45,398.53,398.38,0.038,5.2,0.037,0,2026-08-04,2026-08-05,False,False,5.0,2026-08-05T12:56:56+05:30
ABREL,1424.33,TOUCHED,-0.07,below,1423.4,1424.33,1424.57,1424.8,1424.33,0.033,5.5,0.025,0,2026-08-04,2026-08-05,False,False,5.0,2026-08-05T12:56:56+05:30
CHOLAFIN,1874.6,TOUCHED,0.31,above,1880.4,1874.6,1874.2,1874.6,1873.8,0.043,5.5,0.034,0,2026-08-04,2026-08-05,False,False,5.0,2026-08-05T12:56:56+05:30
CYIENT,867.23,TOUCHED,-0.38,below,863.95,867.23,867.35,867.47,867.23,0.029,5.5,0.024,0,2026-08-04,2026-08-05,False,False,5.0,2026-08-05T12:56:56+05:30
CANHLIFE,150.94,TOUCHED,-1.41,below,148.81,150.94,150.96,150.97,150.94,0.024,5.6,0.016,0,2026-08-03,2026-08-05,False,False,5.0,2026-08-05T12:56:56+05:30
IDEA,12.89,TOUCHED,-0.16,below,12.87,12.89,12.89,12.9,12.89,0.052,5.8,0.047,0,2026-08-04,2026-08-05,False,False,5.0,2026-08-05T12:56:56+05:30
CIPLA,1459.45,TOUCHED,-0.33,below,1454.6,1459.45,1459.63,1459.82,1459.45,0.025,6.0,0.022,0,2026-08-04,2026-08-05,False,False,5.0,2026-08-05T12:56:56+05:30
TATATECH,762.72,TOUCHED,-0.94,below,755.55,762.72,762.88,763.05,762.72,0.044,6.0,0.033,0,2026-08-04,2026-08-05,False,False,5.0,2026-08-05T12:56:56+05:30
GODREJIND,1336.05,TOUCHED,-0.27,below,1332.5,1336.05,1336.4,1336.75,1336.05,0.052,6.3,0.047,0,2026-08-03,2026-08-05,False,False,5.0,2026-08-05T12:56:56+05:30
IOB,34.27,TOUCHED,-0.38,below,34.14,34.27,34.28,34.28,34.27,0.039,6.3,0.034,0,2026-08-04,2026-08-05,False,False,5.0,2026-08-05T12:56:56+05:30
BEL,391.56,TOUCHED,-1.37,below,386.2,391.56,391.62,391.68,391.56,0.03,6.6,0.025,0,2026-08-04,2026-08-05,False,False,5.0,2026-08-05T12:56:56+05:30
TRIDENT,24.97,TOUCHED,-0.26,below,24.91,24.97,24.98,24.98,24.97,0.04,6.8,0.028,0,2026-08-04,2026-08-05,False,False,5.0,2026-08-05T12:56:56+05:30
RBLBANK,380.85,TOUCHED,1.47,above,386.45,380.85,380.75,380.85,380.65,0.053,7.7,0.032,0,2026-08-04,2026-08-05,False,False,5.0,2026-08-05T12:56:56+05:30
TORNTPHARM,5027.25,TOUCHED,-0.84,below,4985.0,5027.25,5028.17,5029.08,5027.25,0.036,7.9,0.025,0,2026-08-04,2026-08-05,False,False,5.0,2026-08-05T12:56:56+05:30
BRIGADE,578.34,TOUCHED,-0.6,below,574.9,578.34,578.48,578.62,578.34,0.049,8.5,0.024,0,2026-08-04,2026-08-05,False,False,5.0,2026-08-05T12:56:56+05:30
IDBI,84.49,TOUCHED,0.0,inside,84.49,84.49,84.49,84.52,84.46,0.075,8.8,0.047,0,2026-08-04,2026-08-05,False,False,5.0,2026-08-05T12:56:56+05:30
JBMA,659.99,TOUCHED,-0.22,below,658.55,659.99,660.28,660.58,659.99,0.088,9.0,0.033,0,2026-08-04,2026-08-05,False,False,5.0,2026-08-05T12:56:56+05:30
ABCAPITAL,420.48,TOUCHED,0.43,above,422.3,420.48,420.32,420.48,420.16,0.075,9.6,0.038,0,2026-08-04,2026-08-05,False,False,5.0,2026-08-05T12:56:56+05:30
ZEEL,99.43,TOUCHED,-2.72,below,96.72,99.43,99.47,99.51,99.43,0.084,9.6,0.045,0,2026-08-04,2026-08-05,False,False,5.0,2026-08-05T12:56:56+05:30
SIEMENS,3996.7,TOUCHED,-0.42,below,3980.0,3996.7,3997.97,3999.23,3996.7,0.063,10.4,0.024,0,2026-08-04,2026-08-05,False,False,5.0,2026-08-05T12:56:56+05:30
TATASTEEL,190.8,TOUCHED,-0.27,below,190.28,190.8,190.85,190.9,190.8,0.052,10.7,0.021,0,2026-08-04,2026-08-05,False,False,5.0,2026-08-05T12:56:56+05:30
CEMPRO,1330.48,TOUCHED,-0.56,below,1323.0,1330.48,1331.17,1331.85,1330.48,0.103,11.0,0.044,0,2026-08-04,2026-08-05,False,False,5.0,2026-08-05T12:56:56+05:30
IRCTC,509.65,TOUCHED,-0.09,below,509.2,509.65,509.85,510.05,509.65,0.078,11.0,0.034,0,2026-08-04,2026-08-05,False,False,5.0,2026-08-05T12:56:56+05:30
HSCL,751.26,TOUCHED,0.27,above,753.3,751.26,750.87,751.26,750.48,0.104,11.5,0.035,0,2026-08-04,2026-08-05,False,False,5.0,2026-08-05T12:56:56+05:30
NUVOCO,350.12,TOUCHED,-1.38,below,345.3,350.12,350.28,350.44,350.12,0.09,11.8,0.039,0,2026-08-03,2026-08-05,False,False,5.0,2026-08-05T12:56:56+05:30
NHPC,80.4,TOUCHED,-2.36,below,78.5,80.4,80.43,80.47,80.4,0.083,12.3,0.035,0,2026-08-04,2026-08-05,False,False,5.0,2026-08-05T12:56:56+05:30
GLENMARK,2224.0,TOUCHED,0.16,above,2227.6,2224.0,2223.0,2224.0,2222.0,0.09,12.6,0.036,0,2026-08-04,2026-08-05,False,False,5.0,2026-08-05T12:56:56+05:30
MRF,133877.5,TOUCHED,0.45,above,134475.0,133877.5,133828.33,133877.5,133779.17,0.073,12.6,0.035,0,2026-08-03,2026-08-05,False,False,5.0,2026-08-05T12:56:56+05:30
PIIND,2795.8,TOUCHED,0.08,above,2798.0,2795.8,2794.87,2795.8,2793.93,0.067,12.6,0.032,0,2026-08-03,2026-08-05,False,False,5.0,2026-08-05T12:56:56+05:30
ABBOTINDIA,27862.5,TOUCHED,-0.39,below,27755.0,27862.5,27873.33,27884.17,27862.5,0.078,12.9,0.036,0,2026-08-03,2026-08-05,False,False,5.0,2026-08-05T12:56:56+05:30
SUNTV,502.58,TOUCHED,-1.63,below,494.4,502.58,502.82,503.05,502.58,0.093,12.9,0.024,0,2026-08-04,2026-08-05,False,False,5.0,2026-08-05T12:56:56+05:30
ANANTRAJ,628.67,TOUCHED,-0.44,below,625.9,628.67,629.25,629.83,628.67,0.183,13.4,0.078,0,2026-08-04,2026-08-05,False,False,5.0,2026-08-05T12:56:56+05:30
EIHOTEL,329.75,TOUCHED,-0.18,below,329.15,329.75,329.87,329.98,329.75,0.071,13.4,0.03,0,2026-08-03,2026-08-05,False,False,5.0,2026-08-05T12:56:56+05:30
HINDUNILVR,2094.65,TOUCHED,-0.84,below,2077.1,2094.65,2095.27,2095.88,2094.65,0.059,13.4,0.015,0,2026-08-04,2026-08-05,False,False,5.0,2026-08-05T12:56:56+05:30
SAGILITY,44.02,TOUCHED,0.04,inside,44.04,44.02,44.02,44.06,43.99,0.151,13.4,0.047,0,2026-08-04,2026-08-05,False,False,5.0,2026-08-05T12:56:56+05:30
SUNPHARMA,1961.6,TOUCHED,-1.11,below,1939.9,1961.6,1962.23,1962.87,1961.6,0.065,13.7,0.02,0,2026-08-03,2026-08-05,False,False,5.0,2026-08-05T12:56:56+05:30
LEMONTREE,113.34,TOUCHED,-0.49,below,112.79,113.34,113.39,113.44,113.34,0.091,14.0,0.029,0,2026-08-04,2026-08-05,False,False,5.0,2026-08-05T12:56:56+05:30
SRF,2641.4,TOUCHED,-0.35,below,2632.2,2641.4,2642.6,2643.8,2641.4,0.091,14.0,0.031,0,2026-08-03,2026-08-05,False,False,5.0,2026-08-05T12:56:56+05:30
ASTRAL,1448.85,TOUCHED,-1.7,below,1424.2,1448.85,1449.7,1450.55,1448.85,0.117,14.2,0.034,0,2026-08-04,2026-08-05,False,False,5.0,2026-08-05T12:56:56+05:30
NCC,143.35,TOUCHED,0.04,above,143.4,143.35,143.27,143.35,143.19,0.109,14.5,0.027,0,2026-08-04,2026-08-05,False,False,5.0,2026-08-05T12:56:56+05:30
JWL,264.4,TOUCHED,-1.82,below,259.6,264.4,264.58,264.77,264.4,0.139,15.1,0.042,0,2026-08-03,2026-08-05,False,False,5.0,2026-08-05T12:56:56+05:30
SWANCORP,312.75,TOUCHED,-0.35,below,311.65,312.75,313.02,313.28,312.75,0.17,15.1,0.034,0,2026-08-04,2026-08-05,False,False,5.0,2026-08-05T12:56:56+05:30
CHOICEIN,825.2,TOUCHED,-0.07,below,824.65,825.2,825.6,826.0,825.2,0.097,15.3,0.024,0,2026-08-04,2026-08-05,False,False,5.0,2026-08-05T12:56:56+05:30
NEWGEN,561.79,TOUCHED,-0.32,below,560.0,561.79,562.23,562.67,561.79,0.157,15.9,0.034,0,2026-08-04,2026-08-05,False,False,5.0,2026-08-05T12:56:56+05:30
AJANTPHARM,3508.1,TOUCHED,-2.16,below,3432.3,3508.1,3510.03,3511.97,3508.1,0.11,16.4,0.041,0,2026-08-03,2026-08-05,False,False,5.0,2026-08-05T12:56:56+05:30
CDSL,1337.25,TOUCHED,-0.46,below,1331.1,1337.25,1338.17,1339.08,1337.25,0.137,16.4,0.036,0,2026-08-04,2026-08-05,False,False,5.0,2026-08-05T12:56:56+05:30
COFORGE,1754.0,TOUCHED,1.55,above,1781.1,1754.0,1752.63,1754.0,1751.27,0.156,16.4,0.032,0,2026-08-04,2026-08-05,False,False,5.0,2026-08-05T12:56:56+05:30
INDIACEM,392.12,TOUCHED,0.04,above,392.3,392.12,391.88,392.12,391.64,0.123,16.4,0.035,0,2026-08-04,2026-08-05,False,False,5.0,2026-08-05T12:56:56+05:30
STARHEALTH,592.96,TOUCHED,-0.74,below,588.55,592.96,593.32,593.67,592.96,0.121,16.4,0.026,0,2026-08-03,2026-08-05,False,False,5.0,2026-08-05T12:56:56+05:30
GAIL,175.06,TOUCHED,-0.65,below,173.92,175.06,175.13,175.19,175.06,0.072,16.7,0.015,0,2026-08-04,2026-08-05,False,False,5.0,2026-08-05T12:56:56+05:30
JSL,731.13,TOUCHED,2.44,above,748.95,731.13,730.55,731.13,729.98,0.157,16.7,0.041,0,2026-08-03,2026-08-05,False,False,5.0,2026-08-05T12:56:56+05:30
ECLERX,1913.5,TOUCHED,-0.15,below,1910.7,1913.5,1915.4,1917.3,1913.5,0.198,17.3,0.039,0,2026-08-04,2026-08-05,False,False,5.0,2026-08-05T12:56:56+05:30
EICHERMOT,7945.75,TOUCHED,0.61,above,7994.0,7945.75,7942.17,7945.75,7938.58,0.09,17.3,0.025,0,2026-08-04,2026-08-05,False,False,5.0,2026-08-05T12:56:56+05:30
JAINREC,323.12,TOUCHED,0.09,above,323.4,323.12,322.78,323.12,322.45,0.207,17.3,0.057,0,2026-08-04,2026-08-05,False,False,5.0,2026-08-05T12:56:56+05:30
TIMKEN,3229.7,TOUCHED,1.9,above,3291.0,3229.7,3227.5,3229.7,3225.3,0.136,17.3,0.05,0,2026-08-04,2026-08-05,False,False,5.0,2026-08-05T12:56:56+05:30
ADANIENT,3052.07,TOUCHED,-0.1,below,3049.0,3052.07,3054.13,3056.2,3052.07,0.135,17.5,0.026,0,2026-08-04,2026-08-05,False,False,5.0,2026-08-05T12:56:56+05:30
MEDANTA,1432.5,TOUCHED,-1.35,below,1413.2,1432.5,1433.37,1434.23,1432.5,0.121,17.5,0.028,0,2026-08-04,2026-08-05,False,False,5.0,2026-08-05T12:56:56+05:30
ANURAS,1213.73,TOUCHED,0.09,above,1214.8,1213.73,1213.07,1213.73,1212.4,0.11,17.8,0.025,0,2026-08-04,2026-08-05,False,False,5.0,2026-08-05T12:56:56+05:30
PWL,126.18,TOUCHED,-0.14,below,126.0,126.18,126.32,126.47,126.18,0.232,18.0,0.07,0,2026-08-03,2026-08-05,False,False,5.0,2026-08-05T12:56:56+05:30
GODFRYPHLP,2330.05,TOUCHED,-1.09,below,2304.7,2330.05,2332.33,2334.62,2330.05,0.196,18.1,0.041,0,2026-08-04,2026-08-05,False,False,5.0,2026-08-05T12:56:56+05:30
PREMIERENE,1037.07,TOUCHED,-0.18,below,1035.2,1037.07,1037.83,1038.6,1037.07,0.148,18.1,0.029,0,2026-08-04,2026-08-05,False,False,5.0,2026-08-05T12:56:56+05:30
BPCL,324.6,TOUCHED,0.51,above,326.25,324.6,324.4,324.6,324.2,0.123,18.6,0.021,0,2026-08-04,2026-08-05,False,False,5.0,2026-08-05T12:56:56+05:30
KEC,478.37,TOUCHED,0.23,above,479.45,478.37,477.98,478.37,477.6,0.16,18.9,0.023,0,2026-08-03,2026-08-05,False,False,5.0,2026-08-05T12:56:56+05:30
ONESOURCE,1535.15,TOUCHED,0.78,above,1547.1,1535.15,1533.63,1535.15,1532.12,0.198,18.9,0.052,0,2026-08-04,2026-08-05,False,False,5.0,2026-08-05T12:56:56+05:30
HDFCAMC,2559.33,TOUCHED,-0.01,inside,2559.2,2559.33,2559.33,2561.0,2557.67,0.13,19.2,0.025,0,2026-08-04,2026-08-05,False,False,5.0,2026-08-05T12:56:56+05:30
BDL,1266.23,TOUCHED,-1.09,below,1252.4,1266.23,1267.47,1268.7,1266.23,0.195,19.5,0.049,0,2026-08-04,2026-08-05,False,False,5.0,2026-08-05T12:56:56+05:30
ERIS,1375.03,TOUCHED,-0.0,inside,1375.0,1375.03,1375.03,1376.05,1374.02,0.148,19.5,0.033,0,2026-08-04,2026-08-05,False,False,5.0,2026-08-05T12:56:56+05:30
SBICARD,665.47,TOUCHED,-0.64,below,661.2,665.47,665.9,666.33,665.47,0.128,19.7,0.029,0,2026-08-03,2026-08-05,False,False,5.0,2026-08-05T12:56:56+05:30
CCL,1124.2,TOUCHED,1.1,above,1136.6,1124.2,1123.47,1124.2,1122.73,0.131,20.5,0.015,0,2026-08-04,2026-08-05,False,False,5.0,2026-08-05T12:56:56+05:30
TECHM,1652.15,TOUCHED,0.31,above,1657.2,1652.15,1651.1,1652.15,1650.05,0.127,20.5,0.038,0,2026-08-03,2026-08-05,False,False,5.0,2026-08-05T12:56:56+05:30
PFC,419.02,TOUCHED,-0.48,below,417.0,419.02,419.35,419.67,419.02,0.155,20.8,0.036,0,2026-08-04,2026-08-05,False,False,5.0,2026-08-05T12:56:56+05:30
ADANIENSOL,1647.72,TOUCHED,-0.61,below,1637.6,1647.72,1649.43,1651.15,1647.72,0.208,21.1,0.03,0,2026-08-04,2026-08-05,False,False,5.0,2026-08-05T12:56:56+05:30
SHYAMMETL,1021.75,TOUCHED,0.14,above,1023.2,1021.75,1021.1,1021.75,1020.45,0.127,21.1,0.015,0,2026-08-04,2026-08-05,False,False,5.0,2026-08-05T12:56:56+05:30
LENSKART,567.87,TOUCHED,0.9,above,573.0,567.87,567.4,567.87,566.92,0.167,21.2,0.032,0,2026-08-03,2026-08-05,False,False,5.0,2026-08-05T12:56:56+05:30
CHAMBLFERT,454.19,TOUCHED,1.97,above,463.15,454.19,453.78,454.19,453.38,0.18,21.9,0.035,0,2026-08-04,2026-08-05,False,False,5.0,2026-08-05T12:56:56+05:30
CLEAN,772.6,TOUCHED,-0.89,below,765.7,772.6,773.25,773.9,772.6,0.168,21.9,0.026,0,2026-08-04,2026-08-05,False,False,5.0,2026-08-05T12:56:56+05:30
IRB,20.19,TOUCHED,-0.51,below,20.09,20.19,20.21,20.22,20.19,0.132,21.9,0.039,0,2026-08-03,2026-08-05,False,False,5.0,2026-08-05T12:56:56+05:30
WAAREEENER,2678.5,TOUCHED,0.5,above,2691.8,2678.5,2675.67,2678.5,2672.83,0.212,21.9,0.043,0,2026-08-04,2026-08-05,False,False,5.0,2026-08-05T12:56:56+05:30
ATGL,665.92,TOUCHED,-1.06,below,658.85,665.92,666.48,667.04,665.92,0.168,22.7,0.031,0,2026-08-03,2026-08-05,False,False,5.0,2026-08-05T12:56:56+05:30
MAZDOCK,2391.37,TOUCHED,-0.61,below,2376.7,2391.37,2393.73,2396.1,2391.37,0.198,22.7,0.045,0,2026-08-04,2026-08-05,False,False,5.0,2026-08-05T12:56:56+05:30
PFOCUS,301.73,TOUCHED,0.09,inside,302.0,301.73,301.73,302.27,301.2,0.354,22.7,0.05,0,2026-08-04,2026-08-05,False,False,5.0,2026-08-05T12:56:56+05:30
CHOLAHLDNG,1573.07,TOUCHED,0.5,above,1581.0,1573.07,1571.53,1573.07,1570.0,0.195,23.3,0.026,0,2026-08-03,2026-08-05,False,False,5.0,2026-08-05T12:56:56+05:30
NAVINFLUOR,7637.83,TOUCHED,-0.7,below,7584.5,7637.83,7646.67,7655.5,7637.83,0.231,23.3,0.045,0,2026-08-04,2026-08-05,False,False,5.0,2026-08-05T12:56:56+05:30
BERGEPAINT,531.29,TOUCHED,0.76,above,535.35,531.29,530.79,531.29,530.3,0.187,24.7,0.013,0,2026-08-04,2026-08-05,False,False,5.0,2026-08-05T12:56:56+05:30
SCI,302.02,TOUCHED,0.06,above,302.2,302.02,301.65,302.02,301.27,0.249,24.7,0.045,0,2026-08-04,2026-08-05,False,False,5.0,2026-08-05T12:56:56+05:30
SCHAEFFLER,4065.62,TOUCHED,1.4,above,4122.6,4065.62,4062.03,4065.62,4058.45,0.176,24.9,0.035,0,2026-08-03,2026-08-05,False,False,5.0,2026-08-05T12:56:56+05:30
KPITTECH,623.6,TOUCHED,-0.07,below,623.15,623.6,624.27,624.93,623.6,0.214,25.8,0.044,0,2026-08-04,2026-08-05,False,False,5.0,2026-08-05T12:56:56+05:30
MCX,2668.0,TOUCHED,-2.16,below,2610.5,2668.0,2672.0,2676.0,2668.0,0.299,25.8,0.059,0,2026-08-04,2026-08-05,False,False,5.0,2026-08-05T12:56:56+05:30
BANDHANBNK,174.17,TOUCHED,0.42,above,174.91,174.17,173.98,174.17,173.79,0.218,26.0,0.027,0,2026-08-04,2026-08-05,False,False,5.0,2026-08-05T12:56:56+05:30
ASIANPAINT,2769.85,TOUCHED,-0.43,below,2758.0,2769.85,2771.57,2773.28,2769.85,0.124,26.3,0.021,0,2026-08-04,2026-08-05,False,False,5.0,2026-08-05T12:56:56+05:30
JPPOWER,18.87,TOUCHED,-2.2,below,18.45,18.87,18.89,18.91,18.87,0.265,26.3,0.037,0,2026-08-04,2026-08-05,False,False,5.0,2026-08-05T12:56:56+05:30
NIVABUPA,87.1,TOUCHED,-0.18,below,86.94,87.1,87.17,87.24,87.1,0.161,26.3,0.019,0,2026-08-04,2026-08-05,False,False,5.0,2026-08-05T12:56:56+05:30
BAJFINANCE,1151.75,TOUCHED,0.04,above,1152.2,1151.75,1150.83,1151.75,1149.92,0.159,26.8,0.025,0,2026-08-04,2026-08-05,False,False,5.0,2026-08-05T12:56:56+05:30
SOBHA,1362.5,TOUCHED,0.94,above,1375.3,1362.5,1361.13,1362.5,1359.77,0.201,26.8,0.028,0,2026-08-04,2026-08-05,False,False,5.0,2026-08-05T12:56:56+05:30
IRCON,131.4,TOUCHED,-0.16,below,131.19,131.4,131.57,131.75,131.4,0.271,27.1,0.042,0,2026-08-04,2026-08-05,False,False,5.0,2026-08-05T12:56:56+05:30
CANFINHOME,817.78,TOUCHED,-0.95,below,810.0,817.78,818.57,819.35,817.78,0.191,27.9,0.021,0,2026-08-03,2026-08-05,False,False,5.0,2026-08-05T12:56:56+05:30
SWIGGY,290.08,TOUCHED,-0.11,inside,289.75,290.08,290.08,290.54,289.62,0.316,27.9,0.047,0,2026-08-04,2026-08-05,False,False,5.0,2026-08-05T12:56:56+05:30
RAMCOCEM,942.88,TOUCHED,-0.97,below,933.7,942.88,943.88,944.89,942.88,0.214,28.2,0.041,0,2026-08-04,2026-08-05,False,False,5.0,2026-08-05T12:56:56+05:30
JIOFIN,264.25,TOUCHED,-0.91,below,261.85,264.25,264.5,264.75,264.25,0.189,28.8,0.022,0,2026-08-04,2026-08-05,False,False,5.0,2026-08-05T12:56:56+05:30
LTTS,3514.55,TOUCHED,1.77,above,3576.9,3514.55,3510.37,3514.55,3506.18,0.238,29.0,0.042,0,2026-08-04,2026-08-05,False,False,5.0,2026-08-05T12:56:56+05:30
CENTRALBK,31.34,TOUCHED,0.02,above,31.34,31.34,31.3,31.34,31.26,0.224,29.3,0.041,0,2026-08-04,2026-08-05,False,False,5.0,2026-08-05T12:56:56+05:30
VOLTAS,1326.3,TOUCHED,-1.22,below,1310.1,1326.3,1327.8,1329.3,1326.3,0.226,29.6,0.038,0,2026-08-03,2026-08-05,False,False,5.0,2026-08-05T12:56:56+05:30
ABDL,620.7,TOUCHED,-0.5,below,617.6,620.7,621.85,623.0,620.7,0.37,30.1,0.076,0,2026-08-03,2026-08-05,False,False,5.0,2026-08-05T12:56:56+05:30
MARUTI,14145.67,TOUCHED,-0.01,inside,14144.0,14145.67,14145.67,14156.83,14134.5,0.158,30.1,0.014,0,2026-08-04,2026-08-05,False,False,5.0,2026-08-05T12:56:56+05:30
SPLPETRO,716.88,TOUCHED,-0.76,below,711.45,716.88,717.87,718.85,716.88,0.274,30.1,0.04,0,2026-08-03,2026-08-05,False,False,5.0,2026-08-05T12:56:56+05:30
PIRAMALFIN,2056.5,TOUCHED,1.72,above,2091.8,2056.5,2053.6,2056.5,2050.7,0.282,30.3,0.056,0,2026-08-03,2026-08-05,False,False,5.0,2026-08-05T12:56:56+05:30
ADANIPORTS,1701.95,TOUCHED,-0.48,below,1693.7,1701.95,1703.53,1705.12,1701.95,0.186,30.7,0.021,0,2026-08-04,2026-08-05,False,False,5.0,2026-08-05T12:56:56+05:30
IREDA,120.05,TOUCHED,-0.06,inside,119.97,120.05,120.05,120.2,119.9,0.253,30.7,0.048,0,2026-08-04,2026-08-05,False,False,5.0,2026-08-05T12:56:56+05:30
INFY,1166.5,TOUCHED,0.08,above,1167.4,1166.5,1165.5,1166.5,1164.5,0.172,31.0,0.029,0,2026-08-04,2026-08-05,False,False,5.0,2026-08-05T12:56:56+05:30
SAMMAANCAP,161.11,TOUCHED,0.28,above,161.56,161.11,160.83,161.11,160.56,0.344,31.0,0.041,0,2026-08-04,2026-08-05,False,False,5.0,2026-08-05T12:56:56+05:30
PCBL,324.0,TOUCHED,1.08,above,327.5,324.0,323.52,324.0,323.03,0.299,31.2,0.05,0,2026-08-04,2026-08-05,False,False,5.0,2026-08-05T12:56:56+05:30
ICICIPRULI,513.03,TOUCHED,0.48,above,515.5,513.03,512.52,513.03,512.0,0.202,31.8,0.023,0,2026-08-04,2026-08-05,False,False,5.0,2026-08-05T12:56:56+05:30
KPIL,1283.37,TOUCHED,-0.14,inside,1281.6,1283.37,1283.37,1285.2,1281.53,0.286,32.3,0.045,0,2026-08-04,2026-08-05,False,False,5.0,2026-08-05T12:56:56+05:30
SJVN,69.08,TOUCHED,-0.4,below,68.81,69.08,69.17,69.25,69.08,0.241,32.3,0.027,0,2026-08-04,2026-08-05,False,False,5.0,2026-08-05T12:56:56+05:30
BELRISE,241.07,TOUCHED,-0.06,inside,240.93,241.07,241.07,241.43,240.7,0.301,32.6,0.038,0,2026-08-04,2026-08-05,False,False,5.0,2026-08-05T12:56:56+05:30
ZYDUSWELL,547.55,TOUCHED,-2.89,below,531.75,547.55,548.43,549.32,547.55,0.322,32.6,0.034,0,2026-08-04,2026-08-05,False,False,5.0,2026-08-05T12:56:56+05:30
ANGELONE,300.91,TOUCHED,-0.32,below,299.95,300.91,301.47,302.02,300.91,0.37,32.9,0.029,0,2026-08-04,2026-08-05,False,False,5.0,2026-08-05T12:56:56+05:30
BSE,3596.6,TOUCHED,-2.4,below,3510.2,3596.6,3603.73,3610.87,3596.6,0.396,33.4,0.022,0,2026-08-04,2026-08-05,False,False,5.0,2026-08-05T12:56:56+05:30
CHALET,820.4,TOUCHED,1.35,above,831.45,820.4,819.3,820.4,818.2,0.269,33.4,0.023,0,2026-08-03,2026-08-05,False,False,5.0,2026-08-05T12:56:56+05:30
NBCC,95.38,TOUCHED,0.18,above,95.55,95.38,95.2,95.38,95.02,0.375,34.2,0.042,0,2026-08-04,2026-08-05,False,False,5.0,2026-08-05T12:56:56+05:30
PARADEEP,145.59,TOUCHED,-0.1,inside,145.45,145.59,145.59,145.92,145.27,0.446,34.5,0.04,0,2026-08-04,2026-08-05,False,False,5.0,2026-08-05T12:56:56+05:30
3MINDIA,35916.67,TOUCHED,0.19,above,35985.0,35916.67,35878.33,35916.67,35840.0,0.214,35.1,0.027,0,2026-08-03,2026-08-05,False,False,5.0,2026-08-05T12:56:56+05:30
OFSS,11585.0,TOUCHED,1.26,above,11731.0,11585.0,11570.0,11585.0,11555.0,0.259,35.3,0.024,0,2026-08-04,2026-08-05,False,False,5.0,2026-08-05T12:56:56+05:30
NATCOPHARM,920.15,TOUCHED,-0.04,inside,919.75,920.15,920.15,921.73,918.58,0.342,35.6,0.019,0,2026-08-04,2026-08-05,False,False,5.0,2026-08-05T12:56:56+05:30
NAVA,574.92,TOUCHED,0.36,above,577.0,574.92,573.85,574.92,572.78,0.375,35.9,0.037,0,2026-08-04,2026-08-05,False,False,5.0,2026-08-05T12:56:56+05:30
HONASA,460.14,TOUCHED,-0.27,below,458.9,460.14,460.88,461.62,460.14,0.322,36.2,0.056,0,2026-08-04,2026-08-05,False,False,5.0,2026-08-05T12:56:56+05:30
ZENSARTECH,512.72,TOUCHED,-1.61,below,504.45,512.72,513.65,514.58,512.72,0.36,36.2,0.035,0,2026-08-04,2026-08-05,False,False,5.0,2026-08-05T12:56:56+05:30
TEJASNET,530.9,TOUCHED,-0.29,below,529.35,530.9,531.92,532.93,530.9,0.382,36.4,0.042,0,2026-08-04,2026-08-05,False,False,5.0,2026-08-05T12:56:56+05:30
RVNL,231.77,TOUCHED,-1.15,below,229.1,231.77,232.13,232.5,231.77,0.316,36.7,0.034,0,2026-08-04,2026-08-05,False,False,5.0,2026-08-05T12:56:56+05:30
ETERNAL,310.85,TOUCHED,-0.13,below,310.45,310.85,311.37,311.88,310.85,0.332,37.0,0.028,0,2026-08-04,2026-08-05,False,False,5.0,2026-08-05T12:56:56+05:30
SIGNATURE,830.08,TOUCHED,-2.0,below,813.5,830.08,831.27,832.46,830.08,0.287,37.0,0.03,0,2026-08-03,2026-08-05,False,False,5.0,2026-08-05T12:56:56+05:30
CONCORDBIO,1417.28,TOUCHED,-1.76,below,1392.3,1417.28,1419.97,1422.65,1417.28,0.378,37.3,0.022,0,2026-08-03,2026-08-05,False,False,5.0,2026-08-05T12:56:56+05:30
FINCABLES,997.53,TOUCHED,0.43,above,1001.8,997.53,996.1,997.53,994.68,0.286,37.3,0.019,0,2026-08-04,2026-08-05,False,False,5.0,2026-08-05T12:56:56+05:30
WOCKPHARMA,2027.13,TOUCHED,-1.59,below,1995.0,2027.13,2031.67,2036.2,2027.13,0.446,37.3,0.06,0,2026-08-04,2026-08-05,False,False,5.0,2026-08-05T12:56:56+05:30
JINDALSAW,263.92,TOUCHED,0.67,above,265.7,263.92,263.45,263.92,262.98,0.361,37.8,0.043,0,2026-08-04,2026-08-05,False,False,5.0,2026-08-05T12:56:56+05:30
ABFRL,61.32,TOUCHED,1.11,above,62.0,61.32,61.21,61.32,61.11,0.349,38.6,0.024,0,2026-08-04,2026-08-05,False,False,5.0,2026-08-05T12:56:56+05:30
UTIAMC,910.64,TOUCHED,-0.65,below,904.75,910.64,912.18,913.73,910.64,0.338,39.2,0.043,0,2026-08-04,2026-08-05,False,False,5.0,2026-08-05T12:56:56+05:30
RKFORGE,692.48,TOUCHED,1.3,above,701.5,692.48,691.22,692.48,689.96,0.364,40.3,0.048,0,2026-08-04,2026-08-05,False,False,5.0,2026-08-05T12:56:56+05:30
GILLETTE,7673.0,TOUCHED,-0.36,below,7645.0,7673.0,7684.0,7695.0,7673.0,0.286,40.5,0.038,0,2026-08-04,2026-08-05,False,False,5.0,2026-08-05T12:56:56+05:30
TMPV,348.12,TOUCHED,0.05,above,348.3,348.12,347.7,348.12,347.27,0.244,40.5,0.02,0,2026-08-04,2026-08-05,False,False,5.0,2026-08-05T12:56:56+05:30
J&KBANK,157.5,TOUCHED,0.01,above,157.51,157.5,157.18,157.5,156.87,0.399,40.8,0.029,0,2026-08-04,2026-08-05,False,False,5.0,2026-08-05T12:56:56+05:30
VMM,111.48,TOUCHED,-2.25,below,108.97,111.48,111.66,111.84,111.48,0.322,40.8,0.026,0,2026-08-04,2026-08-05,False,False,5.0,2026-08-05T12:56:56+05:30
TBOTEK,1612.95,TOUCHED,4.16,above,1680.0,1612.95,1609.7,1612.95,1606.45,0.404,41.1,0.033,0,2026-08-04,2026-08-05,False,False,5.0,2026-08-05T12:56:56+05:30
APOLLOTYRE,440.43,TOUCHED,1.84,above,448.55,440.43,439.73,440.43,439.04,0.315,41.9,0.038,0,2026-08-04,2026-08-05,False,False,5.0,2026-08-05T12:56:56+05:30
GLAXO,2650.0,TOUCHED,-1.88,below,2600.1,2650.0,2654.1,2658.2,2650.0,0.309,41.9,0.026,0,2026-08-03,2026-08-05,False,False,5.0,2026-08-05T12:56:56+05:30
GRSE,2553.55,TOUCHED,-1.17,below,2523.7,2553.55,2560.2,2566.85,2553.55,0.519,41.9,0.067,0,2026-08-04,2026-08-05,False,False,5.0,2026-08-05T12:56:56+05:30
IGIL,361.39,TOUCHED,0.97,above,364.9,361.39,360.68,361.39,359.98,0.393,41.9,0.028,0,2026-08-04,2026-08-05,False,False,5.0,2026-08-05T12:56:56+05:30
MGL,1119.2,TOUCHED,0.15,inside,1120.9,1119.2,1119.2,1120.95,1117.45,0.313,41.9,0.039,0,2026-08-03,2026-08-05,False,False,5.0,2026-08-05T12:56:56+05:30
DCMSHRIRAM,1031.68,TOUCHED,-1.12,below,1020.1,1031.68,1033.57,1035.45,1031.68,0.364,42.5,0.023,0,2026-08-03,2026-08-05,False,False,5.0,2026-08-05T12:56:56+05:30
GABRIEL,1542.9,TOUCHED,2.76,above,1585.5,1542.9,1538.87,1542.9,1534.83,0.524,42.5,0.033,0,2026-08-04,2026-08-05,False,False,5.0,2026-08-05T12:56:56+05:30
MEESHO,192.33,TOUCHED,-0.32,below,191.71,192.33,192.78,193.22,192.33,0.465,42.9,0.024,0,2026-08-04,2026-08-05,False,False,5.0,2026-08-05T12:56:56+05:30
NATIONALUM,376.27,TOUCHED,0.33,above,377.5,376.27,375.53,376.27,374.8,0.391,43.0,0.041,0,2026-08-04,2026-08-05,False,False,5.0,2026-08-05T12:56:56+05:30
CARTRADE,2794.8,TOUCHED,1.44,above,2835.0,2794.8,2786.3,2794.8,2777.8,0.61,43.3,0.061,0,2026-08-03,2026-08-05,False,False,5.0,2026-08-05T12:56:56+05:30
TATACAP,362.15,TOUCHED,1.79,above,368.65,362.15,361.63,362.15,361.12,0.286,43.8,0.016,0,2026-08-04,2026-08-05,False,False,5.0,2026-08-05T12:56:56+05:30
BHEL,409.55,TOUCHED,-0.0,below,409.55,409.55,410.35,411.15,409.55,0.39,44.1,0.051,0,2026-08-04,2026-08-05,False,False,5.0,2026-08-05T12:56:56+05:30
HDBFS,679.37,TOUCHED,-0.2,below,678.0,679.37,680.2,681.02,679.37,0.243,44.3,0.022,0,2026-08-04,2026-08-05,False,False,5.0,2026-08-05T12:56:56+05:30
REDINGTON,347.83,TOUCHED,0.21,inside,348.55,347.83,347.83,348.72,346.95,0.508,44.7,0.039,0,2026-08-04,2026-08-05,False,False,5.0,2026-08-05T12:56:56+05:30
TCS,2451.25,TOUCHED,-1.29,below,2419.6,2451.25,2454.17,2457.08,2451.25,0.238,44.7,0.029,0,2026-08-04,2026-08-05,False,False,5.0,2026-08-05T12:56:56+05:30
INDUSTOWER,390.61,TOUCHED,-0.01,below,390.55,390.61,391.22,391.82,390.61,0.311,44.9,0.022,0,2026-08-04,2026-08-05,False,False,5.0,2026-08-05T12:56:56+05:30
INOXWIND,79.38,TOUCHED,-1.07,below,78.53,79.38,79.55,79.72,79.38,0.423,44.9,0.041,0,2026-08-04,2026-08-05,False,False,5.0,2026-08-05T12:56:56+05:30
TATAINVEST,677.8,TOUCHED,-0.51,below,674.35,677.8,678.95,680.1,677.8,0.339,44.9,0.023,0,2026-08-03,2026-08-05,False,False,5.0,2026-08-05T12:56:56+05:30
YESBANK,22.9,TOUCHED,-0.07,below,22.88,22.9,22.93,22.97,22.9,0.305,45.2,0.04,0,2026-08-04,2026-08-05,False,False,5.0,2026-08-05T12:56:56+05:30
ICICIAMC,3077.03,TOUCHED,-0.09,inside,3074.3,3077.03,3077.03,3083.65,3070.42,0.43,45.5,0.029,0,2026-08-04,2026-08-05,False,False,5.0,2026-08-05T12:56:56+05:30
MRPL,170.99,TOUCHED,0.3,above,171.51,170.99,170.54,170.99,170.09,0.528,45.5,0.056,0,2026-08-04,2026-08-05,False,False,5.0,2026-08-05T12:56:56+05:30
SBIN,1041.55,TOUCHED,0.99,above,1051.9,1041.55,1040.4,1041.55,1039.25,0.221,45.5,0.011,0,2026-08-04,2026-08-05,False,False,5.0,2026-08-05T12:56:56+05:30
CUB,202.4,TOUCHED,0.11,inside,202.63,202.4,202.4,202.87,201.94,0.461,45.8,0.034,0,2026-08-04,2026-08-05,False,False,5.0,2026-08-05T12:56:56+05:30
NTPCGREEN,91.03,TOUCHED,0.01,inside,91.04,91.03,91.03,91.19,90.88,0.344,45.8,0.018,0,2026-08-04,2026-08-05,False,False,5.0,2026-08-05T12:56:56+05:30
IRFC,89.74,TOUCHED,-0.96,below,88.88,89.74,89.88,90.02,89.74,0.312,46.0,0.033,0,2026-08-04,2026-08-05,False,False,5.0,2026-08-05T12:56:56+05:30
BIOCON,424.32,TOUCHED,0.35,above,425.8,424.32,423.55,424.32,422.77,0.366,46.3,0.031,0,2026-08-04,2026-08-05,False,False,5.0,2026-08-05T12:56:56+05:30
ELGIEQUIP,587.5,TOUCHED,-0.02,below,587.4,587.5,588.73,589.97,587.5,0.419,46.3,0.045,0,2026-08-04,2026-08-05,False,False,5.0,2026-08-05T12:56:56+05:30
FIVESTAR,546.08,TOUCHED,-0.05,below,545.8,546.08,547.4,548.73,546.08,0.484,46.3,0.036,0,2026-08-04,2026-08-05,False,False,5.0,2026-08-05T12:56:56+05:30
NH,1908.25,TOUCHED,-0.11,below,1906.2,1908.25,1911.97,1915.68,1908.25,0.389,46.6,0.036,0,2026-08-04,2026-08-05,False,False,5.0,2026-08-05T12:56:56+05:30
PERSISTENT,5520.17,TOUCHED,0.1,inside,5525.5,5520.17,5520.17,5530.75,5509.58,0.383,46.8,0.018,0,2026-08-04,2026-08-05,False,False,5.0,2026-08-05T12:56:56+05:30
APTUS,263.02,TOUCHED,0.16,above,263.45,263.02,262.43,263.02,261.85,0.445,47.4,0.024,0,2026-08-03,2026-08-05,False,False,5.0,2026-08-05T12:56:56+05:30
OLAELEC,38.95,TOUCHED,6.46,above,41.47,38.95,38.83,38.95,38.7,0.661,47.7,0.073,0,2026-08-04,2026-08-05,False,False,5.0,2026-08-05T12:56:56+05:30
ATUL,6806.0,TOUCHED,-0.37,below,6780.5,6806.0,6818.5,6831.0,6806.0,0.367,47.9,0.016,0,2026-08-04,2026-08-05,False,False,5.0,2026-08-05T12:56:56+05:30
BAJAJHFL,87.23,TOUCHED,-0.52,below,86.77,87.23,87.34,87.46,87.23,0.267,48.2,0.025,0,2026-08-04,2026-08-05,False,False,5.0,2026-08-05T12:56:56+05:30
ADANIPOWER,210.36,TOUCHED,-1.22,below,207.79,210.36,210.77,211.18,210.36,0.387,48.5,0.053,0,2026-08-04,2026-08-05,False,False,5.0,2026-08-05T12:56:56+05:30
SONATSOFTW,347.62,TOUCHED,-2.48,below,339.0,347.62,348.52,349.41,347.62,0.512,48.5,0.033,0,2026-08-04,2026-08-05,False,False,5.0,2026-08-05T12:56:56+05:30
TMCV,449.9,TOUCHED,1.09,above,454.8,449.9,448.85,449.9,447.8,0.468,48.6,0.024,0,2026-08-04,2026-08-05,False,False,5.0,2026-08-05T12:56:56+05:30
MMTC,63.81,TOUCHED,-0.15,below,63.72,63.81,63.98,64.14,63.81,0.511,49.0,0.053,0,2026-08-04,2026-08-05,False,False,5.0,2026-08-05T12:56:56+05:30
BHARTIHEXA,1636.15,TOUCHED,-4.01,below,1570.6,1636.15,1639.37,1642.58,1636.15,0.392,49.3,0.037,0,2026-08-03,2026-08-05,False,False,5.0,2026-08-05T12:56:56+05:30
CUMMINSIND,5518.0,TOUCHED,-0.72,below,5478.5,5518.0,5528.67,5539.33,5518.0,0.386,49.3,0.018,0,2026-08-03,2026-08-05,False,False,5.0,2026-08-05T12:56:56+05:30
JKCEMENT,5528.0,TOUCHED,-0.69,below,5490.0,5528.0,5539.83,5551.67,5528.0,0.427,49.3,0.033,0,2026-08-03,2026-08-05,False,False,5.0,2026-08-05T12:56:56+05:30
JUBLINGREA,753.12,TOUCHED,-1.11,below,744.8,753.12,754.9,756.68,753.12,0.47,49.3,0.036,0,2026-08-04,2026-08-05,False,False,5.0,2026-08-05T12:56:56+05:30
HONAUT,38255.83,TOUCHED,-0.05,below,38235.0,38255.83,38321.67,38387.5,38255.83,0.344,49.6,0.022,0,2026-08-04,2026-08-05,False,False,5.0,2026-08-05T12:56:56+05:30
KIRLOSENG,2254.5,TOUCHED,-0.13,below,2251.5,2254.5,2260.97,2267.43,2254.5,0.572,49.9,0.035,0,2026-08-04,2026-08-05,False,False,5.0,2026-08-05T12:56:56+05:30
FEDERALBNK,360.82,TOUCHED,-1.1,below,356.85,360.82,361.37,361.91,360.82,0.3,50.1,0.026,0,2026-08-04,2026-08-05,False,False,5.0,2026-08-05T12:56:56+05:30
GMRAIRPORT,106.16,TOUCHED,0.18,inside,106.35,106.16,106.16,106.36,105.96,0.377,50.1,0.019,0,2026-08-04,2026-08-05,False,False,5.0,2026-08-05T12:56:56+05:30
TTML,39.97,TOUCHED,-0.04,below,39.95,39.97,40.05,40.14,39.97,0.424,50.1,0.046,0,2026-08-04,2026-08-05,False,False,5.0,2026-08-05T12:56:56+05:30
SOLARINDS,18575.67,TOUCHED,0.01,inside,18578.0,18575.67,18575.67,18617.33,18534.0,0.449,51.2,0.057,0,2026-08-03,2026-08-05,False,False,5.0,2026-08-05T12:56:56+05:30
TATACOMM,1768.1,TOUCHED,-1.77,below,1736.8,1768.1,1771.57,1775.03,1768.1,0.391,51.5,0.022,0,2026-08-04,2026-08-05,False,False,5.0,2026-08-05T12:56:56+05:30
GVT&D,4359.4,TOUCHED,0.03,inside,4360.7,4359.4,4359.4,4372.5,4346.3,0.601,52.1,0.025,0,2026-08-04,2026-08-05,False,False,5.0,2026-08-05T12:56:56+05:30
TATACHEM,669.57,TOUCHED,-0.15,below,668.6,669.57,670.85,672.12,669.57,0.38,52.1,0.021,0,2026-08-04,2026-08-05,False,False,5.0,2026-08-05T12:56:56+05:30
CROMPTON,265.8,TOUCHED,0.38,above,266.8,265.8,265.3,265.8,264.8,0.377,52.3,0.025,0,2026-08-03,2026-08-05,False,False,5.0,2026-08-05T12:56:56+05:30
RITES,217.05,TOUCHED,0.07,inside,217.2,217.05,217.05,217.5,216.59,0.419,52.3,0.025,0,2026-08-04,2026-08-05,False,False,5.0,2026-08-05T12:56:56+05:30
PINELABS,151.71,TOUCHED,-1.36,below,149.64,151.71,152.23,152.75,151.71,0.683,52.5,0.054,0,2026-08-04,2026-08-05,False,False,5.0,2026-08-05T12:56:56+05:30
HEG,677.12,TOUCHED,2.9,above,696.75,677.12,675.28,677.12,673.45,0.543,52.6,0.05,0,2026-08-04,2026-08-05,False,False,5.0,2026-08-05T12:56:56+05:30
CESC,165.1,TOUCHED,-0.78,below,163.81,165.1,165.45,165.8,165.1,0.417,52.9,0.037,0,2026-08-04,2026-08-05,False,False,5.0,2026-08-05T12:56:56+05:30
IFCI,76.13,TOUCHED,-0.24,below,75.94,76.13,76.35,76.58,76.13,0.589,53.2,0.102,0,2026-08-04,2026-08-05,False,False,5.0,2026-08-05T12:56:56+05:30
WHIRLPOOL,826.5,TOUCHED,0.35,above,829.4,826.5,824.5,826.5,822.5,0.485,53.4,0.043,0,2026-08-04,2026-08-05,False,False,5.0,2026-08-05T12:56:56+05:30
PNB,113.77,TOUCHED,0.07,above,113.85,113.77,113.54,113.77,113.32,0.393,53.7,0.035,0,2026-08-04,2026-08-05,False,False,5.0,2026-08-05T12:56:56+05:30
MOTHERSON,152.1,TOUCHED,1.38,above,154.2,152.1,151.74,152.1,151.37,0.485,54.0,0.033,0,2026-08-04,2026-08-05,False,False,5.0,2026-08-05T12:56:56+05:30
TIINDIA,2764.65,TOUCHED,0.25,above,2771.5,2764.65,2757.87,2764.65,2751.08,0.492,54.0,0.038,0,2026-08-04,2026-08-05,False,False,5.0,2026-08-05T12:56:56+05:30
TARIL,296.58,TOUCHED,-0.7,below,294.5,296.58,297.67,298.75,296.58,0.728,54.5,0.054,0,2026-08-03,2026-08-05,False,False,5.0,2026-08-05T12:56:56+05:30
TRITURBINE,621.62,TOUCHED,0.2,inside,622.85,621.62,621.62,623.03,620.21,0.453,54.5,0.021,0,2026-08-04,2026-08-05,False,False,5.0,2026-08-05T12:56:56+05:30
HEXT,558.4,TOUCHED,0.29,inside,560.0,558.4,558.4,560.12,556.68,0.618,55.0,0.046,0,2026-08-04,2026-08-05,False,False,5.0,2026-08-05T12:56:56+05:30
ADANIGREEN,1398.93,TOUCHED,-1.29,below,1380.9,1398.93,1402.87,1406.8,1398.93,0.561,55.1,0.04,0,2026-08-03,2026-08-05,False,False,5.0,2026-08-05T12:56:56+05:30
SAILIFE,1363.17,TOUCHED,1.38,above,1382.0,1363.17,1359.93,1363.17,1356.7,0.476,55.3,0.041,0,2026-08-04,2026-08-05,False,False,5.0,2026-08-05T12:56:56+05:30
GRANULES,831.55,TOUCHED,1.44,above,843.5,831.55,829.6,831.55,827.65,0.47,55.6,0.037,0,2026-08-04,2026-08-05,False,False,5.0,2026-08-05T12:56:56+05:30
LTFOODS,419.62,TOUCHED,-0.16,inside,418.95,419.62,419.62,420.73,418.51,0.528,55.6,0.036,0,2026-08-04,2026-08-05,False,False,5.0,2026-08-05T12:56:56+05:30
JSWCEMENT,132.24,TOUCHED,-0.26,below,131.9,132.24,132.57,132.89,132.24,0.495,55.8,0.037,0,2026-08-04,2026-08-05,False,False,5.0,2026-08-05T12:56:56+05:30
HINDCOPPER,497.17,TOUCHED,3.12,above,512.7,497.17,495.57,497.17,493.96,0.649,55.9,0.036,0,2026-08-04,2026-08-05,False,False,5.0,2026-08-05T12:56:56+05:30
GICRE,359.62,TOUCHED,-0.12,inside,359.2,359.62,359.62,360.4,358.83,0.436,56.2,0.032,0,2026-08-03,2026-08-05,False,False,5.0,2026-08-05T12:56:56+05:30
PGEL,614.08,TOUCHED,-1.18,below,606.85,614.08,616.15,618.23,614.08,0.674,56.2,0.054,0,2026-08-04,2026-08-05,False,False,5.0,2026-08-05T12:56:56+05:30
DOMS,2277.35,TOUCHED,-1.34,below,2246.8,2277.35,2282.23,2287.12,2277.35,0.428,56.4,0.027,0,2026-08-03,2026-08-05,False,False,5.0,2026-08-05T12:56:56+05:30
JSWINFRA,331.48,TOUCHED,0.52,above,333.2,331.48,330.73,331.48,329.99,0.448,56.7,0.029,0,2026-08-04,2026-08-05,False,False,5.0,2026-08-05T12:56:56+05:30
NTPC,344.73,TOUCHED,-0.14,inside,344.25,344.73,344.73,345.28,344.19,0.314,56.7,0.016,0,2026-08-04,2026-08-05,False,False,5.0,2026-08-05T12:56:56+05:30
TATAELXSI,3744.97,TOUCHED,-0.11,below,3741.0,3744.97,3752.93,3760.9,3744.97,0.425,57.0,0.034,0,2026-08-04,2026-08-05,False,False,5.0,2026-08-05T12:56:56+05:30
TATAPOWER,380.7,TOUCHED,-0.32,below,379.5,380.7,381.4,382.1,380.7,0.367,57.0,0.023,0,2026-08-04,2026-08-05,False,False,5.0,2026-08-05T12:56:56+05:30
AWL,191.63,TOUCHED,0.74,above,193.04,191.63,191.19,191.63,190.74,0.464,57.8,0.044,0,2026-08-03,2026-08-05,False,False,5.0,2026-08-05T12:56:56+05:30
IPCALAB,1698.87,TOUCHED,-0.08,below,1697.5,1698.87,1703.03,1707.2,1698.87,0.489,57.8,0.032,0,2026-08-04,2026-08-05,False,False,5.0,2026-08-05T12:56:56+05:30
COCHINSHIP,1434.28,TOUCHED,-1.09,below,1418.7,1434.28,1438.57,1442.85,1434.28,0.595,58.1,0.043,0,2026-08-04,2026-08-05,False,False,5.0,2026-08-05T12:56:56+05:30
IIFL,612.2,TOUCHED,-0.4,below,609.75,612.2,614.08,615.97,612.2,0.613,58.1,0.031,0,2026-08-03,2026-08-05,False,False,5.0,2026-08-05T12:56:56+05:30
ABB,7715.83,TOUCHED,-0.19,below,7701.5,7715.83,7731.67,7747.5,7715.83,0.41,58.4,0.023,0,2026-08-04,2026-08-05,False,False,5.0,2026-08-05T12:56:56+05:30
POWERINDIA,32347.5,TOUCHED,0.22,above,32420.0,32347.5,32233.33,32347.5,32119.17,0.708,58.4,0.055,0,2026-08-04,2026-08-05,False,False,5.0,2026-08-05T12:56:56+05:30
HBLENGINE,734.18,TOUCHED,0.09,inside,734.85,734.18,734.18,736.69,731.68,0.683,58.6,0.037,0,2026-08-03,2026-08-05,False,False,5.0,2026-08-05T12:56:56+05:30
IKS,1861.75,TOUCHED,0.56,above,1872.1,1861.75,1856.47,1861.75,1851.18,0.569,58.9,0.02,0,2026-08-04,2026-08-05,False,False,5.0,2026-08-05T12:56:56+05:30
PPLPHARMA,201.95,TOUCHED,2.54,above,207.07,201.95,201.4,201.95,200.85,0.546,59.2,0.044,0,2026-08-04,2026-08-05,False,False,5.0,2026-08-05T12:56:56+05:30
CARBORUNIV,1086.9,TOUCHED,-0.17,below,1085.1,1086.9,1089.77,1092.63,1086.9,0.526,59.7,0.029,0,2026-08-03,2026-08-05,False,False,5.0,2026-08-05T12:56:56+05:30
NEULANDLAB,19467.5,TOUCHED,2.09,above,19875.0,19467.5,19402.67,19467.5,19337.83,0.668,59.7,0.03,0,2026-08-04,2026-08-05,False,False,5.0,2026-08-05T12:56:56+05:30
PAYTM,1412.5,TOUCHED,0.78,above,1423.5,1412.5,1408.33,1412.5,1404.17,0.592,59.7,0.057,0,2026-08-04,2026-08-05,False,False,5.0,2026-08-05T12:56:56+05:30
UNITDSPR,1531.5,TOUCHED,0.03,inside,1531.9,1531.5,1531.5,1534.75,1528.25,0.424,59.7,0.035,0,2026-08-04,2026-08-05,False,False,5.0,2026-08-05T12:56:56+05:30
PNBHOUSING,1077.3,TOUCHED,5.4,above,1135.5,1077.3,1074.6,1077.3,1071.9,0.503,60.0,0.027,0,2026-08-04,2026-08-05,False,False,5.0,2026-08-05T12:56:56+05:30
ACMESOLAR,380.37,TOUCHED,1.41,above,385.75,380.37,379.1,380.37,377.82,0.673,60.3,0.05,0,2026-08-04,2026-08-05,False,False,5.0,2026-08-05T12:56:56+05:30
COROMANDEL,2096.7,TOUCHED,-0.2,below,2092.5,2096.7,2102.9,2109.1,2096.7,0.59,60.5,0.04,0,2026-08-03,2026-08-05,False,False,5.0,2026-08-05T12:56:56+05:30
INDHOTEL,745.08,TOUCHED,-0.55,below,740.95,745.08,746.72,748.36,745.08,0.44,60.5,0.019,0,2026-08-04,2026-08-05,False,False,5.0,2026-08-05T12:56:56+05:30
HCLTECH,1361.65,TOUCHED,-1.08,below,1347.0,1361.65,1364.4,1367.15,1361.65,0.403,60.8,0.022,0,2026-08-04,2026-08-05,False,False,5.0,2026-08-05T12:56:56+05:30
CREDITACC,1563.5,TOUCHED,-3.07,below,1515.5,1563.5,1568.8,1574.1,1563.5,0.676,62.7,0.035,0,2026-08-03,2026-08-05,False,False,5.0,2026-08-05T12:56:56+05:30
ESCORTS,3109.4,TOUCHED,-0.59,below,3091.2,3109.4,3117.6,3125.8,3109.4,0.526,62.7,0.042,0,2026-08-04,2026-08-05,False,False,5.0,2026-08-05T12:56:56+05:30
INDUSINDBK,1023.7,TOUCHED,0.09,inside,1024.6,1023.7,1023.7,1026.3,1021.1,0.508,63.0,0.031,0,2026-08-03,2026-08-05,False,False,5.0,2026-08-05T12:56:56+05:30
MAXHEALTH,1079.87,TOUCHED,-0.4,below,1075.6,1079.87,1082.73,1085.6,1079.87,0.53,63.6,0.037,0,2026-08-04,2026-08-05,False,False,5.0,2026-08-05T12:56:56+05:30
IGL,154.34,TOUCHED,-0.16,below,154.1,154.34,154.75,155.17,154.34,0.532,64.1,0.046,0,2026-08-04,2026-08-05,False,False,5.0,2026-08-05T12:56:56+05:30
COALINDIA,415.3,TOUCHED,-0.79,below,412.0,415.3,416.07,416.83,415.3,0.369,64.4,0.022,0,2026-08-04,2026-08-05,False,False,5.0,2026-08-05T12:56:56+05:30
HAL,4647.33,TOUCHED,-0.49,below,4624.5,4647.33,4659.67,4672.0,4647.33,0.529,64.7,0.038,0,2026-08-04,2026-08-05,False,False,5.0,2026-08-05T12:56:56+05:30
DMART,3996.35,TOUCHED,-0.13,below,3991.0,3996.35,4005.23,4014.12,3996.35,0.444,64.9,0.028,0,2026-08-04,2026-08-05,False,False,5.0,2026-08-05T12:56:56+05:30
DEVYANI,119.35,TOUCHED,3.47,above,123.5,119.35,118.96,119.35,118.56,0.667,65.2,0.04,0,2026-08-04,2026-08-05,False,False,5.0,2026-08-05T12:56:56+05:30
NSLNISP,43.75,TOUCHED,0.27,inside,43.87,43.75,43.75,43.88,43.62,0.594,65.2,0.033,0,2026-08-04,2026-08-05,False,False,5.0,2026-08-05T12:56:56+05:30
ABLBL,95.01,TOUCHED,-0.22,below,94.8,95.01,95.31,95.61,95.01,0.63,65.5,0.054,0,2026-08-03,2026-08-05,False,False,5.0,2026-08-05T12:56:56+05:30
ACC,1392.45,TOUCHED,0.48,above,1399.1,1392.45,1389.87,1392.45,1387.28,0.372,65.5,0.033,0,2026-08-04,2026-08-05,False,False,5.0,2026-08-05T12:56:56+05:30
CAPLIPOINT,2549.6,TOUCHED,-0.3,inside,2542.0,2549.6,2549.6,2557.85,2541.35,0.647,65.8,0.032,0,2026-08-03,2026-08-05,False,False,5.0,2026-08-05T12:56:56+05:30
MAHABANK,78.87,TOUCHED,-0.24,inside,78.68,78.87,78.87,79.1,78.64,0.571,65.8,0.037,0,2026-08-04,2026-08-05,False,False,5.0,2026-08-05T12:56:56+05:30
UBL,1441.27,TOUCHED,-1.68,below,1417.0,1441.27,1444.13,1447.0,1441.27,0.397,66.3,0.028,0,2026-08-03,2026-08-05,False,False,5.0,2026-08-05T12:56:56+05:30
SCHNEIDER,1351.8,TOUCHED,0.27,above,1355.5,1351.8,1345.83,1351.8,1339.87,0.887,66.6,0.028,0,2026-08-04,2026-08-05,False,False,5.0,2026-08-05T12:56:56+05:30
ULTRACEMCO,12025.83,TOUCHED,1.02,above,12148.0,12025.83,12001.67,12025.83,11977.5,0.403,66.8,0.023,0,2026-08-04,2026-08-05,False,False,5.0,2026-08-05T12:56:56+05:30
AEGISVOPAK,297.44,TOUCHED,-0.99,below,294.5,297.44,298.73,300.02,297.44,0.865,67.1,0.039,0,2026-08-04,2026-08-05,False,False,5.0,2026-08-05T12:56:56+05:30
SUMICHEM,514.04,TOUCHED,0.39,above,516.05,514.04,512.23,514.04,510.43,0.706,67.1,0.041,0,2026-08-03,2026-08-05,False,False,5.0,2026-08-05T12:56:56+05:30
BALKRISIND,2485.0,TOUCHED,1.26,above,2516.4,2485.0,2478.1,2485.0,2471.2,0.557,68.5,0.026,0,2026-08-04,2026-08-05,False,False,5.0,2026-08-05T12:56:56+05:30
ASHOKLEY,173.62,TOUCHED,1.7,above,176.57,173.62,173.11,173.62,172.59,0.593,69.0,0.027,0,2026-08-04,2026-08-05,False,False,5.0,2026-08-05T12:56:56+05:30
ELECON,433.58,TOUCHED,0.36,inside,435.15,433.58,433.58,435.6,431.57,0.93,69.6,0.036,0,2026-08-04,2026-08-05,False,False,5.0,2026-08-05T12:56:56+05:30
BANKBARODA,247.07,TOUCHED,0.24,above,247.67,247.07,246.38,247.07,245.69,0.561,69.9,0.012,0,2026-08-04,2026-08-05,False,False,5.0,2026-08-05T12:56:56+05:30
CGCL,229.97,TOUCHED,0.45,above,231.0,229.97,229.13,229.97,228.3,0.726,70.4,0.053,0,2026-08-03,2026-08-05,False,False,5.0,2026-08-05T12:56:56+05:30
SUPREMEIND,3497.05,TOUCHED,-0.67,below,3473.6,3497.05,3508.03,3519.02,3497.05,0.626,70.4,0.04,0,2026-08-03,2026-08-05,False,False,5.0,2026-08-05T12:56:56+05:30
SUZLON,48.18,TOUCHED,-0.15,below,48.11,48.18,48.35,48.53,48.18,0.71,70.4,0.033,0,2026-08-04,2026-08-05,False,False,5.0,2026-08-05T12:56:56+05:30
AXISBANK,1254.0,TOUCHED,-0.43,below,1248.6,1254.0,1256.6,1259.2,1254.0,0.414,71.0,0.024,0,2026-08-04,2026-08-05,False,False,5.0,2026-08-05T12:56:56+05:30
BHARTIARTL,1962.03,TOUCHED,0.16,inside,1965.2,1962.03,1962.03,1966.07,1958.0,0.411,71.0,0.014,0,2026-08-04,2026-08-05,False,False,5.0,2026-08-05T12:56:56+05:30
LUPIN,2393.55,TOUCHED,-0.49,below,2381.8,2393.55,2399.03,2404.52,2393.55,0.457,71.2,0.028,0,2026-08-04,2026-08-05,False,False,5.0,2026-08-05T12:56:56+05:30
VBL,440.36,TOUCHED,-0.12,below,439.85,440.36,441.72,443.07,440.36,0.615,71.5,0.03,0,2026-08-04,2026-08-05,False,False,5.0,2026-08-05T12:56:56+05:30
NETWEB,4736.98,TOUCHED,2.4,above,4850.9,4736.98,4711.77,4736.98,4686.55,1.07,71.8,0.054,0,2026-08-04,2026-08-05,False,False,5.0,2026-08-05T12:56:56+05:30
MOTILALOFS,868.15,TOUCHED,0.35,inside,871.2,868.15,868.15,871.73,864.58,0.824,72.6,0.045,0,2026-08-04,2026-08-05,False,False,5.0,2026-08-05T12:56:56+05:30
ABSLAMC,1006.2,TOUCHED,0.57,above,1011.9,1006.2,1002.67,1006.2,999.13,0.705,73.2,0.032,0,2026-08-04,2026-08-05,False,False,5.0,2026-08-05T12:56:56+05:30
CIEINDIA,417.03,TOUCHED,-0.2,inside,416.2,417.03,417.03,418.34,415.73,0.627,73.2,0.029,0,2026-08-03,2026-08-05,False,False,5.0,2026-08-05T12:56:56+05:30
SAPPHIRE,191.48,TOUCHED,4.68,above,200.44,191.48,190.65,191.48,189.82,0.865,73.4,0.05,0,2026-08-04,2026-08-05,False,False,5.0,2026-08-05T12:56:56+05:30
ASTERDM,831.9,TOUCHED,1.96,above,848.2,831.9,829.1,831.9,826.3,0.675,73.7,0.028,0,2026-08-04,2026-08-05,False,False,5.0,2026-08-05T12:56:56+05:30
GROWW,193.11,TOUCHED,-0.37,inside,192.4,193.11,193.11,194.0,192.22,0.922,73.8,0.035,0,2026-08-04,2026-08-05,False,False,5.0,2026-08-05T12:56:56+05:30
CRISIL,4394.93,TOUCHED,-0.23,inside,4385.0,4394.93,4394.93,4409.92,4379.95,0.682,74.0,0.049,0,2026-08-03,2026-08-05,False,False,5.0,2026-08-05T12:56:56+05:30
GMDCLTD,564.5,TOUCHED,1.11,above,570.75,564.5,561.67,564.5,558.83,1.009,74.2,0.063,0,2026-08-04,2026-08-05,False,False,5.0,2026-08-05T12:56:56+05:30
IDFCFIRSTB,85.29,TOUCHED,-0.27,below,85.06,85.29,85.53,85.76,85.29,0.553,74.2,0.033,0,2026-08-04,2026-08-05,False,False,5.0,2026-08-05T12:56:56+05:30
LODHA,1245.35,TOUCHED,0.56,above,1252.3,1245.35,1240.17,1245.35,1234.98,0.836,74.2,0.031,0,2026-08-04,2026-08-05,False,False,5.0,2026-08-05T12:56:56+05:30
ZYDUSLIFE,1121.55,TOUCHED,-0.82,below,1112.4,1121.55,1124.37,1127.18,1121.55,0.501,74.2,0.024,0,2026-08-04,2026-08-05,False,False,5.0,2026-08-05T12:56:56+05:30
AADHARHFC,497.65,TOUCHED,0.45,above,499.9,497.65,496.03,497.65,494.42,0.652,74.5,0.025,0,2026-08-04,2026-08-05,False,False,5.0,2026-08-05T12:56:56+05:30
ACE,1101.3,TOUCHED,3.05,above,1134.9,1101.3,1097.2,1101.3,1093.1,0.747,74.5,0.049,0,2026-08-03,2026-08-05,False,False,5.0,2026-08-05T12:56:56+05:30
JSWDULUX,3005.97,TOUCHED,0.44,above,3019.3,3005.97,2996.43,3005.97,2986.9,0.636,74.8,0.022,0,2026-08-03,2026-08-05,False,False,5.0,2026-08-05T12:56:56+05:30
SUNDARMFIN,4796.45,TOUCHED,-0.67,below,4764.4,4796.45,4813.6,4830.75,4796.45,0.713,75.1,0.03,0,2026-08-04,2026-08-05,False,False,5.0,2026-08-05T12:56:56+05:30
AFFLE,1665.0,TOUCHED,-0.17,below,1662.2,1665.0,1671.1,1677.2,1665.0,0.73,75.3,0.034,0,2026-08-04,2026-08-05,False,False,5.0,2026-08-05T12:56:56+05:30
PIDILITIND,1630.5,TOUCHED,0.58,above,1639.9,1630.5,1627.0,1630.5,1623.5,0.43,75.3,0.026,0,2026-08-04,2026-08-05,False,False,5.0,2026-08-05T12:56:56+05:30
KALYANKJIL,593.83,TOUCHED,-3.68,below,572.0,593.83,596.25,598.67,593.83,0.813,75.6,0.039,0,2026-08-04,2026-08-05,False,False,5.0,2026-08-05T12:56:56+05:30
FSL,329.2,TOUCHED,1.15,above,333.0,329.2,327.7,329.2,326.2,0.915,75.9,0.034,0,2026-08-04,2026-08-05,False,False,5.0,2026-08-05T12:56:56+05:30
RECLTD,369.36,TOUCHED,-1.22,below,364.85,369.36,370.62,371.88,369.36,0.679,75.9,0.016,0,2026-08-03,2026-08-05,False,False,5.0,2026-08-05T12:56:56+05:30
TITAN,4910.67,TOUCHED,0.04,inside,4912.8,4910.67,4910.67,4922.83,4898.5,0.496,76.2,0.018,0,2026-08-04,2026-08-05,False,False,5.0,2026-08-05T12:56:56+05:30
TITAGARH,851.45,TOUCHED,0.31,inside,854.1,851.45,851.45,855.25,847.65,0.893,76.7,0.051,0,2026-08-03,2026-08-05,False,False,5.0,2026-08-05T12:56:56+05:30
ANTHEM,828.5,TOUCHED,0.35,above,831.4,828.5,825.42,828.5,822.33,0.747,76.9,0.043,0,2026-08-04,2026-08-05,False,False,5.0,2026-08-05T12:56:56+05:30
AUBANK,1049.2,TOUCHED,-0.4,below,1045.0,1049.2,1052.8,1056.4,1049.2,0.684,77.0,0.016,0,2026-08-03,2026-08-05,False,False,5.0,2026-08-05T12:56:56+05:30
MANKIND,2446.17,TOUCHED,-0.13,below,2443.0,2446.17,2454.33,2462.5,2446.17,0.665,77.0,0.038,0,2026-08-04,2026-08-05,False,False,5.0,2026-08-05T12:56:56+05:30
PRESTIGE,1608.67,TOUCHED,0.13,inside,1610.8,1608.67,1608.67,1615.5,1601.83,0.85,77.3,0.055,0,2026-08-04,2026-08-05,False,False,5.0,2026-08-05T12:56:56+05:30
RAILTEL,289.7,TOUCHED,0.35,inside,290.7,289.7,289.7,290.98,288.43,0.88,77.3,0.049,0,2026-08-03,2026-08-05,False,False,5.0,2026-08-05T12:56:56+05:30
TRENT,3085.57,TOUCHED,0.2,inside,3091.7,3085.57,3085.57,3096.63,3074.5,0.717,77.3,0.046,0,2026-08-04,2026-08-05,False,False,5.0,2026-08-05T12:56:56+05:30
HUDCO,202.57,TOUCHED,0.45,above,203.49,202.57,201.74,202.57,200.9,0.829,77.8,0.036,0,2026-08-04,2026-08-05,False,False,5.0,2026-08-05T12:56:56+05:30
DRREDDY,1169.8,TOUCHED,0.31,above,1173.4,1169.8,1167.0,1169.8,1164.2,0.48,78.1,0.015,0,2026-08-04,2026-08-05,False,False,5.0,2026-08-05T12:56:56+05:30
EIDPARRY,797.22,TOUCHED,0.24,inside,799.1,797.22,797.22,800.16,794.27,0.738,78.1,0.032,0,2026-08-04,2026-08-05,False,False,5.0,2026-08-05T12:56:56+05:30
AIAENG,4673.4,TOUCHED,0.68,above,4705.3,4673.4,4657.93,4673.4,4642.47,0.664,78.6,0.041,0,2026-08-04,2026-08-05,False,False,5.0,2026-08-05T12:56:56+05:30
JINDALSTEL,1116.47,TOUCHED,0.31,inside,1119.9,1116.47,1116.47,1120.23,1112.7,0.675,78.6,0.034,0,2026-08-04,2026-08-05,False,False,5.0,2026-08-05T12:56:56+05:30
LAURUSLABS,1842.68,TOUCHED,0.3,above,1848.2,1842.68,1835.37,1842.68,1828.05,0.797,79.5,0.018,0,2026-08-04,2026-08-05,False,False,5.0,2026-08-05T12:56:56+05:30
PFIZER,4869.45,TOUCHED,-0.19,below,4860.0,4869.45,4884.5,4899.55,4869.45,0.616,79.5,0.021,0,2026-08-03,2026-08-05,False,False,5.0,2026-08-05T12:56:56+05:30
VIJAYA,1379.38,TOUCHED,0.76,above,1389.8,1379.38,1373.67,1379.38,1367.95,0.832,79.5,0.036,0,2026-08-04,2026-08-05,False,False,5.0,2026-08-05T12:56:56+05:30
DABUR,411.93,TOUCHED,-0.25,inside,410.9,411.93,411.93,413.07,410.79,0.554,79.7,0.035,0,2026-08-04,2026-08-05,False,False,5.0,2026-08-05T12:56:56+05:30
BAJAJFINSV,2098.83,TOUCHED,0.12,above,2101.4,2098.83,2092.67,2098.83,2086.5,0.589,80.0,0.02,0,2026-08-04,2026-08-05,False,False,5.0,2026-08-05T12:56:56+05:30
KOTAKBANK,396.12,TOUCHED,0.01,inside,396.15,396.12,396.12,397.06,395.18,0.475,80.0,0.024,0,2026-08-04,2026-08-05,False,False,5.0,2026-08-05T12:56:56+05:30
CONCOR,518.37,TOUCHED,0.05,inside,518.6,518.37,518.37,520.05,516.68,0.649,80.5,0.034,0,2026-08-04,2026-08-05,False,False,5.0,2026-08-05T12:56:56+05:30
RELIANCE,1294.17,TOUCHED,-0.82,below,1283.5,1294.17,1297.43,1300.7,1294.17,0.504,80.5,0.027,0,2026-08-04,2026-08-05,False,False,5.0,2026-08-05T12:56:56+05:30
BLUESTARCO,1692.5,TOUCHED,-0.81,below,1678.8,1692.5,1700.0,1707.5,1692.5,0.882,81.1,0.046,0,2026-08-04,2026-08-05,False,False,5.0,2026-08-05T12:56:56+05:30
POLICYBZR,1619.55,TOUCHED,0.65,above,1630.0,1619.55,1612.03,1619.55,1604.52,0.933,81.1,0.038,0,2026-08-04,2026-08-05,False,False,5.0,2026-08-05T12:56:56+05:30
SYNGENE,408.7,TOUCHED,0.32,above,410.0,408.7,407.2,408.7,405.7,0.737,81.1,0.025,0,2026-08-04,2026-08-05,False,False,5.0,2026-08-05T12:56:56+05:30
PETRONET,281.95,TOUCHED,-0.02,below,281.9,281.95,282.92,283.88,281.95,0.683,81.4,0.025,0,2026-08-03,2026-08-05,False,False,5.0,2026-08-05T12:56:56+05:30
DLF,651.6,TOUCHED,0.98,above,658.0,651.6,648.87,651.6,646.13,0.842,81.9,0.033,0,2026-08-04,2026-08-05,False,False,5.0,2026-08-05T12:56:56+05:30
SBILIFE,1898.9,TOUCHED,-0.65,below,1886.6,1898.9,1904.27,1909.63,1898.9,0.564,81.9,0.017,0,2026-08-03,2026-08-05,False,False,5.0,2026-08-05T12:56:56+05:30
BALRAMCHIN,650.85,TOUCHED,-1.91,below,638.4,650.85,653.47,656.08,650.85,0.801,82.2,0.029,0,2026-08-04,2026-08-05,False,False,5.0,2026-08-05T12:56:56+05:30
WIPRO,186.82,TOUCHED,-0.26,below,186.33,186.82,187.33,187.85,186.82,0.552,82.2,0.013,0,2026-08-04,2026-08-05,False,False,5.0,2026-08-05T12:56:56+05:30
AMBUJACEM,442.45,TOUCHED,0.52,above,444.75,442.45,440.9,442.45,439.35,0.703,82.5,0.035,0,2026-08-03,2026-08-05,False,False,5.0,2026-08-05T12:56:56+05:30
MFSL,1526.25,TOUCHED,-0.23,below,1522.8,1526.25,1531.67,1537.08,1526.25,0.707,82.7,0.019,0,2026-08-03,2026-08-05,False,False,5.0,2026-08-05T12:56:56+05:30
BAJAJHLDNG,11443.0,TOUCHED,-0.08,below,11434.0,11443.0,11495.0,11547.0,11443.0,0.905,83.6,0.025,0,2026-08-03,2026-08-05,False,False,5.0,2026-08-05T12:56:56+05:30
APLAPOLLO,1943.3,TOUCHED,0.23,above,1947.7,1943.3,1935.53,1943.3,1927.77,0.803,83.8,0.017,0,2026-08-04,2026-08-05,False,False,5.0,2026-08-05T12:56:56+05:30
JSWSTEEL,1295.98,TOUCHED,0.57,above,1303.4,1295.98,1291.97,1295.98,1287.95,0.622,84.1,0.024,0,2026-08-04,2026-08-05,False,False,5.0,2026-08-05T12:56:56+05:30
NYKAA,338.55,TOUCHED,-0.19,below,337.9,338.55,339.87,341.18,338.55,0.775,84.1,0.027,0,2026-08-04,2026-08-05,False,False,5.0,2026-08-05T12:56:56+05:30
LGEINDIA,1559.5,TOUCHED,0.81,above,1572.1,1559.5,1553.83,1559.5,1548.17,0.729,84.2,0.009,0,2026-08-04,2026-08-05,False,False,5.0,2026-08-05T12:56:56+05:30
HDFCLIFE,541.15,TOUCHED,0.34,above,543.0,541.15,539.42,541.15,537.68,0.643,84.4,0.018,0,2026-08-04,2026-08-05,False,False,5.0,2026-08-05T12:56:56+05:30
ARE&M,931.77,TOUCHED,1.81,above,948.65,931.77,928.18,931.77,924.59,0.774,85.8,0.023,0,2026-08-04,2026-08-05,False,False,5.0,2026-08-05T12:56:56+05:30
TVSMOTOR,4371.15,TOUCHED,1.46,above,4435.0,4371.15,4353.3,4371.15,4335.45,0.82,85.8,0.019,0,2026-08-03,2026-08-05,False,False,5.0,2026-08-05T12:56:56+05:30
NUVAMA,1703.75,TOUCHED,-2.43,below,1662.4,1703.75,1713.3,1722.85,1703.75,1.115,86.3,0.025,0,2026-08-04,2026-08-05,False,False,5.0,2026-08-05T12:56:56+05:30
SAIL,172.73,TOUCHED,0.56,above,173.69,172.73,171.91,172.73,171.08,0.956,86.3,0.026,0,2026-08-04,2026-08-05,False,False,5.0,2026-08-05T12:56:56+05:30
KAJARIACER,1203.18,TOUCHED,-0.7,below,1194.8,1203.18,1208.57,1213.95,1203.18,0.891,86.6,0.029,0,2026-08-04,2026-08-05,False,False,5.0,2026-08-05T12:56:56+05:30
LALPATHLAB,1897.28,TOUCHED,-0.87,below,1880.7,1897.28,1905.17,1913.05,1897.28,0.828,86.8,0.044,0,2026-08-04,2026-08-05,False,False,5.0,2026-08-05T12:56:56+05:30
RAINBOW,1572.83,TOUCHED,1.49,above,1596.3,1572.83,1566.67,1572.83,1560.5,0.787,86.8,0.034,0,2026-08-04,2026-08-05,False,False,5.0,2026-08-05T12:56:56+05:30
MINDACORP,724.3,TOUCHED,0.35,above,726.85,724.3,721.0,724.3,717.7,0.915,87.4,0.035,0,2026-08-03,2026-08-05,False,False,5.0,2026-08-05T12:56:56+05:30
ITC,286.85,TOUCHED,-0.47,below,285.5,286.85,287.57,288.28,286.85,0.498,87.7,0.021,0,2026-08-04,2026-08-05,False,False,5.0,2026-08-05T12:56:56+05:30
GRASIM,3167.05,TOUCHED,1.18,above,3204.5,3167.05,3157.37,3167.05,3147.68,0.613,87.9,0.017,0,2026-08-04,2026-08-05,False,False,5.0,2026-08-05T12:56:56+05:30
NAM-INDIA,1195.28,TOUCHED,1.15,above,1209.0,1195.28,1188.57,1195.28,1181.85,1.13,87.9,0.035,0,2026-08-04,2026-08-05,False,False,5.0,2026-08-05T12:56:56+05:30
ICICIBANK,1442.7,TOUCHED,-0.53,below,1435.0,1442.7,1446.67,1450.63,1442.7,0.548,88.5,0.023,0,2026-08-04,2026-08-05,False,False,5.0,2026-08-05T12:56:56+05:30
NAUKRI,1250.3,TOUCHED,-0.67,below,1241.9,1250.3,1256.47,1262.63,1250.3,0.982,89.3,0.023,0,2026-08-03,2026-08-05,False,False,5.0,2026-08-05T12:56:56+05:30
LTM,4580.23,TOUCHED,-1.13,below,4528.5,4580.23,4601.47,4622.7,4580.23,0.923,89.6,0.032,0,2026-08-04,2026-08-05,False,False,5.0,2026-08-05T12:56:56+05:30
GLAND,2552.77,TOUCHED,-0.14,inside,2549.3,2552.77,2552.77,2565.98,2539.55,1.035,89.9,0.04,0,2026-08-03,2026-08-05,False,False,5.0,2026-08-05T12:56:56+05:30
THERMAX,4059.33,TOUCHED,0.14,inside,4065.0,4059.33,4059.33,4081.5,4037.17,1.092,89.9,0.019,0,2026-08-04,2026-08-05,False,False,5.0,2026-08-05T12:56:56+05:30
CRAFTSMAN,10279.42,TOUCHED,0.83,above,10365.0,10279.42,10220.33,10279.42,10161.25,1.156,90.1,0.047,0,2026-08-03,2026-08-05,False,False,5.0,2026-08-05T12:56:56+05:30
DALBHARAT,1836.67,TOUCHED,0.13,above,1839.1,1836.67,1828.73,1836.67,1820.8,0.868,90.1,0.028,0,2026-08-03,2026-08-05,False,False,5.0,2026-08-05T12:56:56+05:30
MARICO,866.58,TOUCHED,-1.66,below,852.15,866.58,869.38,872.19,866.58,0.646,90.1,0.018,0,2026-08-04,2026-08-05,False,False,5.0,2026-08-05T12:56:56+05:30
ATHERENERG,1439.68,TOUCHED,1.16,above,1456.4,1439.68,1428.97,1439.68,1418.25,1.5,90.4,0.057,0,2026-08-04,2026-08-05,False,False,5.0,2026-08-05T12:56:56+05:30
LICI,392.73,TOUCHED,-0.33,below,391.45,392.73,394.17,395.6,392.73,0.727,90.7,0.031,0,2026-08-04,2026-08-05,False,False,5.0,2026-08-05T12:56:56+05:30
RHIM,407.2,TOUCHED,0.54,inside,409.4,407.2,407.2,409.73,404.68,1.24,90.7,0.029,0,2026-08-03,2026-08-05,False,False,5.0,2026-08-05T12:56:56+05:30
DEEPAKFERT,1609.32,TOUCHED,-0.99,below,1593.4,1609.32,1619.53,1629.75,1609.32,1.262,91.0,0.044,0,2026-08-04,2026-08-05,False,False,5.0,2026-08-05T12:56:56+05:30
BEML,1703.57,TOUCHED,-1.82,below,1672.5,1703.57,1716.53,1729.5,1703.57,1.511,91.5,0.028,0,2026-08-04,2026-08-05,False,False,5.0,2026-08-05T12:56:56+05:30
BRITANNIA,5487.67,TOUCHED,-0.39,inside,5466.5,5487.67,5487.67,5509.33,5466.0,0.79,91.8,0.021,0,2026-08-03,2026-08-05,False,False,5.0,2026-08-05T12:56:56+05:30
AUROPHARMA,1577.72,TOUCHED,2.05,above,1610.1,1577.72,1569.53,1577.72,1561.35,1.043,92.6,0.038,0,2026-08-04,2026-08-05,False,False,5.0,2026-08-05T12:56:56+05:30
DELHIVERY,472.8,TOUCHED,-0.3,below,471.4,472.8,475.6,478.4,472.8,1.177,93.2,0.019,0,2026-08-03,2026-08-05,False,False,5.0,2026-08-05T12:56:56+05:30
HINDALCO,1015.52,TOUCHED,0.8,above,1023.6,1015.52,1011.03,1015.52,1006.55,0.887,93.2,0.011,0,2026-08-04,2026-08-05,False,False,5.0,2026-08-05T12:56:56+05:30
TORNTPOWER,1348.72,TOUCHED,-1.56,below,1327.7,1348.72,1356.43,1364.15,1348.72,1.138,93.4,0.031,0,2026-08-04,2026-08-05,False,False,5.0,2026-08-05T12:56:56+05:30
AAVAS,1401.07,TOUCHED,-2.25,below,1369.5,1401.07,1409.53,1418.0,1401.07,1.201,94.2,0.027,0,2026-08-04,2026-08-05,False,False,5.0,2026-08-05T12:56:56+05:30
EMAMILTD,398.75,TOUCHED,0.09,above,399.1,398.75,396.43,398.75,394.12,1.169,94.2,0.022,0,2026-08-04,2026-08-05,False,False,5.0,2026-08-05T12:56:56+05:30
PATANJALI,359.0,TOUCHED,-1.31,below,354.3,359.0,360.67,362.33,359.0,0.924,94.2,0.019,0,2026-08-03,2026-08-05,False,False,5.0,2026-08-05T12:56:56+05:30
MPHASIS,2414.15,TOUCHED,1.34,above,2446.5,2414.15,2399.3,2414.15,2384.45,1.238,94.5,0.024,0,2026-08-03,2026-08-05,False,False,5.0,2026-08-05T12:56:56+05:30
PHOENIXLTD,1943.15,TOUCHED,0.1,above,1945.0,1943.15,1931.3,1943.15,1919.45,1.227,94.5,0.047,0,2026-08-03,2026-08-05,False,False,5.0,2026-08-05T12:56:56+05:30
URBANCO,143.24,TOUCHED,-0.27,below,142.85,143.24,144.59,145.94,143.24,1.87,96.4,0.045,0,2026-08-04,2026-08-05,False,False,5.0,2026-08-05T12:56:56+05:30
OBEROIRLTY,1801.57,TOUCHED,0.41,inside,1808.9,1801.57,1801.57,1812.95,1790.18,1.264,96.7,0.044,0,2026-08-04,2026-08-05,False,False,5.0,2026-08-05T12:56:56+05:30
AMBER,7395.00,V+N,1.77,above,7526.0,7395.0,7395.0,7395.0,7395.0,0.0,0.0,0.027,1,2026-08-04,2026-08-05,True,True,5.0,2026-08-05T15:51:47+05:30
INDIANB,845.02,V+N,1.06,above,854.0,845.02,845.02,845.02,845.01,0.002,1.4,0.027,1,2026-08-04,2026-08-05,True,True,5.0,2026-08-05T15:51:47+05:30
RADICO,4449.85,V+N,2.25,above,4550.0,4449.85,4449.7,4449.85,4449.55,0.007,2.2,0.021,1,2026-08-04,2026-08-05,True,True,5.0,2026-08-05T15:51:47+05:30
RRKABEL,2631.45,V+N,6.14,above,2793.0,2631.45,2631.0,2631.45,2630.55,0.034,3.6,0.045,1,2026-08-03,2026-08-05,True,True,5.0,2026-08-05T15:51:47+05:30
360ONE,1147.72,V+N,3.86,above,1192.0,1147.72,1147.63,1147.72,1147.55,0.015,3.8,0.032,1,2026-08-03,2026-08-05,True,True,5.0,2026-08-05T15:51:47+05:30
LLOYDSME,2051.55,V+N,1.73,above,2087.1,2051.55,2051.23,2051.55,2050.92,0.031,4.1,0.037,1,2026-08-03,2026-08-05,True,True,5.0,2026-08-05T15:51:47+05:30
GODREJCP,1085.55,V+N,-1.52,below,1069.0,1085.55,1085.67,1085.78,1085.55,0.021,4.4,0.03,1,2026-08-03,2026-08-05,True,True,5.0,2026-08-05T15:51:47+05:30
AIIL,549.08,V+N,3.9,above,570.5,549.08,548.98,549.08,548.89,0.033,4.7,0.044,1,2026-08-03,2026-08-05,True,True,5.0,2026-08-05T15:51:47+05:30
UCOBANK,26.33,V+N,0.61,above,26.49,26.33,26.33,26.33,26.33,0.013,4.9,0.013,1,2026-08-04,2026-08-05,True,True,5.0,2026-08-05T15:51:47+05:30
BLUEDART,5463.17,V+W,-3.11,below,5293.5,5463.17,5499.33,5535.5,5463.17,1.315,97.3,0.017,1,2026-08-03,2026-08-05,True,False,5.0,2026-08-05T15:51:47+05:30
GRAPHITE,702.55,V+W,0.94,above,709.15,702.55,695.05,702.55,687.55,2.158,98.4,0.024,1,2026-08-04,2026-08-05,True,False,5.0,2026-08-05T15:51:47+05:30
UPL,587.91,V+W,-1.81,below,577.25,587.91,593.92,599.93,587.91,2.023,98.6,0.02,1,2026-08-04,2026-08-05,True,False,5.0,2026-08-05T15:51:47+05:30
SAREGAMA,535.23,V+W,4.11,above,557.25,535.23,527.92,535.23,520.6,2.772,99.5,0.041,1,2026-08-04,2026-08-05,True,False,5.0,2026-08-05T15:51:47+05:30
GESHIP,1461.08,V+W,-3.86,below,1404.7,1461.08,1487.27,1513.45,1461.08,3.521,99.7,0.043,1,2026-08-04,2026-08-05,True,False,5.0,2026-08-05T15:51:47+05:30
GPIL,244.47,V,0.76,above,246.33,244.47,244.44,244.47,244.4,0.029,5.2,0.023,1,2026-08-03,2026-08-05,True,False,5.0,2026-08-05T15:51:47+05:30
JKTYRE,410.70,V,1.1,above,415.2,410.7,410.57,410.7,410.43,0.065,5.8,0.047,1,2026-08-03,2026-08-05,True,False,5.0,2026-08-05T15:51:47+05:30
GRAVITA,1658.10,V,1.85,above,1688.8,1658.1,1657.6,1658.1,1657.1,0.06,7.9,0.033,1,2026-08-04,2026-08-05,True,False,5.0,2026-08-05T15:51:47+05:30
UNIONBANK,173.94,V,1.07,above,175.8,173.94,173.88,173.94,173.82,0.069,8.2,0.047,1,2026-08-04,2026-08-05,True,False,5.0,2026-08-05T15:51:47+05:30
AARTIIND,486.96,V,-0.21,below,485.95,486.96,487.12,487.27,486.96,0.065,8.5,0.037,1,2026-08-03,2026-08-05,True,False,5.0,2026-08-05T15:51:47+05:30
BANKINDIA,140.44,V,0.4,above,141.0,140.44,140.39,140.44,140.33,0.078,9.6,0.032,1,2026-08-03,2026-08-05,True,False,5.0,2026-08-05T15:51:47+05:30
CASTROLIND,185.94,V,3.01,above,191.54,185.94,185.91,185.94,185.87,0.036,9.6,0.014,1,2026-08-03,2026-08-05,True,False,5.0,2026-08-05T15:51:47+05:30
EMMVEE,319.35,V,1.64,above,324.6,319.35,319.15,319.35,318.95,0.125,9.6,0.044,1,2026-08-03,2026-08-05,True,False,5.0,2026-08-05T15:51:47+05:30
CPPLUS,3435.80,V,3.46,above,3554.7,3435.8,3433.43,3435.8,3431.07,0.138,12.9,0.037,1,2026-08-03,2026-08-05,True,False,5.0,2026-08-05T15:51:47+05:30
ENDURANCE,2786.18,V,3.85,above,2893.4,2786.18,2784.77,2786.18,2783.35,0.102,12.9,0.044,1,2026-08-03,2026-08-05,True,False,5.0,2026-08-05T15:51:47+05:30
OIL,450.18,V,-1.37,below,444.0,450.18,450.37,450.55,450.18,0.081,13.2,0.021,1,2026-08-04,2026-08-05,True,False,5.0,2026-08-05T15:51:47+05:30
INDIGO,5363.25,V,0.69,above,5400.0,5363.25,5361.5,5363.25,5359.75,0.065,14.0,0.023,1,2026-08-04,2026-08-05,True,False,5.0,2026-08-05T15:51:47+05:30
BAYERCROP,4268.99,V,0.79,above,4302.9,4268.99,4266.99,4268.99,4264.98,0.094,15.1,0.031,1,2026-08-04,2026-08-05,True,False,5.0,2026-08-05T15:51:47+05:30
BOSCHLTD,41082.16,V,4.47,above,42920.0,41082.16,41064.77,41082.16,41047.39,0.085,16.2,0.029,1,2026-08-03,2026-08-05,True,False,5.0,2026-08-05T15:51:47+05:30
DIXON,13975.00,V,2.4,above,14310.0,13975.0,13962.0,13975.0,13949.0,0.186,17.8,0.056,1,2026-08-04,2026-08-05,True,False,5.0,2026-08-05T15:51:47+05:30
HOMEFIRST,1168.77,V,1.55,above,1186.9,1168.77,1167.83,1168.77,1166.9,0.16,18.4,0.044,1,2026-08-04,2026-08-05,True,False,5.0,2026-08-05T15:51:47+05:30
FORCEMOT,18352.17,V,1.01,above,18538.0,18352.17,18326.33,18352.17,18300.5,0.282,18.6,0.052,1,2026-08-04,2026-08-05,True,False,5.0,2026-08-05T15:51:47+05:30
GODREJPROP,2039.00,V,2.94,above,2099.0,2039.0,2037.2,2039.0,2035.4,0.177,19.5,0.048,1,2026-08-04,2026-08-05,True,False,5.0,2026-08-05T15:51:47+05:30
POONAWALLA,469.30,V,2.44,above,480.75,469.3,468.95,469.3,468.6,0.149,19.5,0.033,1,2026-08-04,2026-08-05,True,False,5.0,2026-08-05T15:51:47+05:30
OLECTRA,1342.92,V,4.21,above,1399.4,1342.92,1341.63,1342.92,1340.35,0.191,19.7,0.034,1,2026-08-03,2026-08-05,True,False,5.0,2026-08-05T15:51:47+05:30
KARURVYSYA,347.15,V,-2.74,below,337.65,347.15,347.47,347.78,347.15,0.182,20.8,0.038,1,2026-08-03,2026-08-05,True,False,5.0,2026-08-05T15:51:47+05:30
HFCL,203.61,V,4.23,above,212.23,203.61,203.33,203.61,203.06,0.272,22.7,0.028,1,2026-08-04,2026-08-05,True,False,5.0,2026-08-05T15:51:47+05:30
NMDC,84.12,V,2.0,above,85.8,84.12,84.04,84.12,83.97,0.186,26.0,0.028,1,2026-08-04,2026-08-05,True,False,5.0,2026-08-05T15:51:47+05:30
ENGINERSIN,225.90,V,6.36,above,240.27,225.9,225.56,225.9,225.23,0.299,27.7,0.038,1,2026-08-04,2026-08-05,True,False,5.0,2026-08-05T15:51:47+05:30
NLCINDIA,300.29,V,1.0,above,303.3,300.29,299.88,300.29,299.48,0.272,27.7,0.051,1,2026-08-04,2026-08-05,True,False,5.0,2026-08-05T15:51:47+05:30
CANBK,127.87,V,0.81,above,128.91,127.87,127.74,127.87,127.6,0.206,28.5,0.023,1,2026-08-04,2026-08-05,True,False,5.0,2026-08-05T15:51:47+05:30
HINDPETRO,392.80,V,0.55,above,394.95,392.8,392.37,392.8,391.93,0.221,28.5,0.034,1,2026-08-04,2026-08-05,True,False,5.0,2026-08-05T15:51:47+05:30
UNOMINDA,1225.65,V,1.99,above,1250.0,1225.65,1224.3,1225.65,1222.95,0.221,28.5,0.05,1,2026-08-04,2026-08-05,True,False,5.0,2026-08-05T15:51:47+05:30
POLYCAB,9164.83,V,0.38,above,9200.0,9164.83,9153.67,9164.83,9142.5,0.244,30.7,0.04,1,2026-08-04,2026-08-05,True,False,5.0,2026-08-05T15:51:47+05:30
ZENTEC,1653.85,V,1.26,above,1674.7,1653.85,1651.3,1653.85,1648.75,0.309,31.2,0.015,1,2026-08-03,2026-08-05,True,False,5.0,2026-08-05T15:51:47+05:30
ALKEM,5711.75,V,-0.27,below,5696.5,5711.75,5716.5,5721.25,5711.75,0.166,31.5,0.026,1,2026-08-03,2026-08-05,True,False,5.0,2026-08-05T15:51:47+05:30
TENNIND,547.28,V,6.11,above,580.7,547.28,546.38,547.28,545.49,0.326,31.6,0.016,1,2026-08-03,2026-08-05,True,False,5.0,2026-08-05T15:51:47+05:30
PTCIL,17956.83,V,0.75,above,18092.0,17956.83,17932.67,17956.83,17908.5,0.27,32.1,0.028,1,2026-08-03,2026-08-05,True,False,5.0,2026-08-05T15:51:47+05:30
SHRIRAMFIN,1086.00,V,3.35,above,1122.4,1086.0,1084.7,1086.0,1083.4,0.24,32.6,0.038,1,2026-08-04,2026-08-05,True,False,5.0,2026-08-05T15:51:47+05:30
COLPAL,2079.12,V,-1.88,below,2040.0,2079.12,2081.23,2083.35,2079.12,0.203,34.5,0.024,1,2026-08-03,2026-08-05,True,False,5.0,2026-08-05T15:51:47+05:30
APARINDS,14716.50,V,6.45,above,15666.0,14716.5,14687.0,14716.5,14657.5,0.402,35.3,0.054,1,2026-08-03,2026-08-05,True,False,5.0,2026-08-05T15:51:47+05:30
USHAMART,506.50,V,2.71,above,520.25,506.5,505.68,506.5,504.87,0.323,38.1,0.04,1,2026-08-03,2026-08-05,True,False,5.0,2026-08-05T15:51:47+05:30
JUBLFOOD,467.28,V,3.79,above,485.0,467.28,466.52,467.28,465.76,0.325,41.4,0.018,1,2026-08-04,2026-08-05,True,False,5.0,2026-08-05T15:51:47+05:30
LICHSGFIN,519.68,V,-1.47,below,512.05,519.68,520.37,521.05,519.68,0.263,41.9,0.022,1,2026-08-03,2026-08-05,True,False,5.0,2026-08-05T15:51:47+05:30
MAPMYINDIA,1194.46,V,-12.4,below,1046.4,1194.46,1196.42,1198.38,1194.46,0.328,44.4,0.027,1,2026-08-03,2026-08-05,True,False,5.0,2026-08-05T15:51:47+05:30
ITCHOTELS,165.15,V,2.29,above,168.93,165.15,164.85,165.15,164.55,0.364,47.4,0.037,1,2026-08-04,2026-08-05,True,False,5.0,2026-08-05T15:51:47+05:30
INDIAMART,1801.57,V,-1.44,below,1775.7,1801.57,1804.53,1807.5,1801.57,0.329,47.9,0.026,1,2026-08-03,2026-08-05,True,False,5.0,2026-08-05T15:51:47+05:30
KIMS,815.43,V,-1.63,below,802.15,815.43,817.15,818.87,815.43,0.422,48.2,0.043,1,2026-08-03,2026-08-05,True,False,5.0,2026-08-05T15:51:47+05:30
JMFINANCIL,124.63,V,1.2,above,126.12,124.63,124.28,124.63,123.93,0.563,48.8,0.045,1,2026-08-04,2026-08-05,True,False,5.0,2026-08-05T15:51:47+05:30
HEROMOTOCO,5537.17,V,2.76,above,5690.0,5537.17,5526.33,5537.17,5515.5,0.392,53.2,0.017,1,2026-08-04,2026-08-05,True,False,5.0,2026-08-05T15:51:47+05:30
KAYNES,3862.50,V,0.92,above,3898.0,3862.5,3850.0,3862.5,3837.5,0.649,54.0,0.046,1,2026-08-04,2026-08-05,True,False,5.0,2026-08-05T15:51:47+05:30
MUTHOOTFIN,2888.50,V,0.12,above,2892.0,2888.5,2882.33,2888.5,2876.17,0.428,55.3,0.04,1,2026-08-04,2026-08-05,True,False,5.0,2026-08-05T15:51:47+05:30
ICICIGI,1653.60,V,1.84,above,1684.0,1653.6,1650.67,1653.6,1647.73,0.355,55.9,0.024,1,2026-08-04,2026-08-05,True,False,5.0,2026-08-05T15:51:47+05:30
BBTC,1527.50,V,-1.7,below,1501.5,1527.5,1530.73,1533.97,1527.5,0.422,57.8,0.032,1,2026-08-03,2026-08-05,True,False,5.0,2026-08-05T15:51:47+05:30
WELCORP,1731.82,V,3.25,above,1788.1,1731.82,1727.03,1731.82,1722.25,0.554,58.1,0.051,1,2026-08-04,2026-08-05,True,False,5.0,2026-08-05T15:51:47+05:30
M&M,3425.12,V,0.88,above,3455.4,3425.12,3417.23,3425.12,3409.35,0.461,60.8,0.026,1,2026-08-04,2026-08-05,True,False,5.0,2026-08-05T15:51:47+05:30
MANAPPURAM,359.35,V,1.18,above,363.6,359.35,358.43,359.35,357.52,0.511,61.4,0.027,1,2026-08-04,2026-08-05,True,False,5.0,2026-08-05T15:51:47+05:30
FLUOROCHEM,4472.45,V,0.57,above,4498.1,4472.45,4461.4,4472.45,4450.35,0.495,62.7,0.022,1,2026-08-03,2026-08-05,True,False,5.0,2026-08-05T15:51:47+05:30
SBFC,91.82,V,1.93,above,93.59,91.82,91.56,91.82,91.31,0.564,64.9,0.032,1,2026-08-03,2026-08-05,True,False,5.0,2026-08-05T15:51:47+05:30
IEX,128.85,V,0.58,above,129.59,128.85,128.5,128.85,128.15,0.547,65.8,0.031,1,2026-08-04,2026-08-05,True,False,5.0,2026-08-05T15:51:47+05:30
ASAHIINDIA,893.96,V,3.66,above,926.7,893.96,890.87,893.96,887.77,0.694,67.7,0.045,1,2026-08-03,2026-08-05,True,False,5.0,2026-08-05T15:51:47+05:30
HDFCBANK,743.20,V,-1.1,below,735.0,743.2,744.4,745.6,743.2,0.322,68.5,0.019,1,2026-08-04,2026-08-05,True,False,5.0,2026-08-05T15:51:47+05:30
IOC,142.71,V,0.9,above,144.0,142.71,142.34,142.71,141.97,0.52,69.9,0.021,1,2026-08-04,2026-08-05,True,False,5.0,2026-08-05T15:51:47+05:30
LT,4015.30,V,1.04,above,4057.0,4015.3,4006.87,4015.3,3998.43,0.421,72.6,0.024,1,2026-08-04,2026-08-05,True,False,5.0,2026-08-05T15:51:47+05:30
SONACOMS,782.17,V,4.15,above,814.6,782.17,779.35,782.17,776.52,0.725,74.0,0.034,1,2026-08-03,2026-08-05,True,False,5.0,2026-08-05T15:51:47+05:30
CEATLTD,3597.95,V,2.93,above,3703.5,3597.95,3584.7,3597.95,3571.45,0.739,74.5,0.035,1,2026-08-04,2026-08-05,True,False,5.0,2026-08-05T15:51:47+05:30
NIACL,173.68,V,5.81,above,183.76,173.68,173.04,173.68,172.41,0.734,74.8,0.032,1,2026-08-04,2026-08-05,True,False,5.0,2026-08-05T15:51:47+05:30
DATAPATTNS,4401.05,V,1.03,above,4446.6,4401.05,4373.3,4401.05,4345.55,1.269,77.0,0.075,1,2026-08-03,2026-08-05,True,False,5.0,2026-08-05T15:51:47+05:30
LINDEINDIA,6954.58,V,1.92,above,7088.0,6954.58,6928.67,6954.58,6902.75,0.748,80.3,0.024,1,2026-08-03,2026-08-05,True,False,5.0,2026-08-05T15:51:47+05:30
HAVELLS,1281.07,V,0.7,above,1290.0,1281.07,1277.13,1281.07,1273.2,0.616,81.1,0.019,1,2026-08-03,2026-08-05,True,False,5.0,2026-08-05T15:51:47+05:30
ANANDRATHI,2066.62,V,-1.4,below,2037.6,2066.62,2074.53,2082.45,2066.62,0.763,85.8,0.022,1,2026-08-03,2026-08-05,True,False,5.0,2026-08-05T15:51:47+05:30
DEEPAKNTR,1706.05,V,1.8,above,1736.7,1706.05,1698.3,1706.05,1690.55,0.913,89.0,0.029,1,2026-08-03,2026-08-05,True,False,5.0,2026-08-05T15:51:47+05:30
HINDZINC,560.36,V,6.53,above,596.95,560.36,557.82,560.36,555.27,0.911,89.9,0.038,1,2026-08-04,2026-08-05,True,False,5.0,2026-08-05T15:51:47+05:30
BLS,248.99,V,2.67,above,255.63,248.99,247.22,248.99,245.46,1.427,90.1,0.033,1,2026-08-03,2026-08-05,True,False,5.0,2026-08-05T15:51:47+05:30
EXIDEIND,455.99,V,2.41,above,467.0,455.99,453.63,455.99,451.28,1.04,90.4,0.027,1,2026-08-04,2026-08-05,True,False,5.0,2026-08-05T15:51:47+05:30
SYRMA,1411.48,V,1.6,above,1434.1,1411.48,1401.37,1411.48,1391.25,1.444,91.2,0.045,1,2026-08-04,2026-08-05,True,False,5.0,2026-08-05T15:51:47+05:30
SARDAEN,519.67,V,-3.84,below,499.7,519.67,523.13,526.6,519.67,1.325,91.5,0.028,1,2026-08-03,2026-08-05,True,False,5.0,2026-08-05T15:51:47+05:30
WELSPUNLIV,159.57,V,0.76,above,160.78,159.57,158.4,159.57,157.24,1.469,92.3,0.042,1,2026-08-04,2026-08-05,True,False,5.0,2026-08-05T15:51:47+05:30
ZFCVINDIA,2540.53,V,1.94,above,2589.9,2540.53,2525.47,2540.53,2510.4,1.193,92.6,0.038,1,2026-08-04,2026-08-05,True,False,5.0,2026-08-05T15:51:47+05:30
CGPOWER,874.91,V,1.67,above,889.5,874.91,869.77,874.91,864.62,1.182,92.9,0.04,1,2026-08-04,2026-08-05,True,False,5.0,2026-08-05T15:51:47+05:30
JYOTICNC,851.57,V,0.96,above,859.75,851.57,844.85,851.57,838.12,1.592,92.9,0.027,1,2026-08-03,2026-08-05,True,False,5.0,2026-08-05T15:51:47+05:30
GODIGIT,261.30,V,7.31,above,280.4,261.3,259.85,261.3,258.4,1.116,93.7,0.029,1,2026-08-03,2026-08-05,True,False,5.0,2026-08-05T15:51:47+05:30
ACUTAAS,3197.50,V,2.67,above,3282.8,3197.5,3170.7,3197.5,3143.9,1.69,94.0,0.036,1,2026-08-04,2026-08-05,True,False,5.0,2026-08-05T15:51:47+05:30
LATENTVIEW,298.05,NARROW,-1.02,below,295.0,298.05,298.05,298.05,298.05,0.0,0.0,0.032,0,2026-08-04,2026-08-05,False,True,5.0,2026-08-05T15:51:47+05:30
POLYMED,1724.45,NARROW,-0.92,below,1708.5,1724.45,1724.47,1724.48,1724.45,0.002,1.4,0.052,0,2026-08-04,2026-08-05,False,True,5.0,2026-08-05T15:51:47+05:30
KPRMILL,1063.75,NARROW,1.39,above,1078.5,1063.75,1063.73,1063.75,1063.72,0.003,1.6,0.052,0,2026-08-03,2026-08-05,False,True,5.0,2026-08-05T15:51:47+05:30
JSWENERGY,568.01,NARROW,-0.35,below,566.0,568.01,568.02,568.02,568.01,0.003,1.9,0.024,0,2026-08-04,2026-08-05,False,True,5.0,2026-08-05T15:51:47+05:30
TATACONSUM,1092.05,NARROW,0.39,above,1096.3,1092.05,1092.03,1092.05,1092.02,0.003,1.9,0.027,0,2026-08-04,2026-08-05,False,True,5.0,2026-08-05T15:51:47+05:30
VEDL,268.99,NARROW,2.98,above,277.0,268.99,268.98,268.99,268.97,0.006,1.9,0.028,0,2026-08-04,2026-08-05,False,True,5.0,2026-08-05T15:51:47+05:30
THELEELA,500.18,NARROW,0.41,above,502.25,500.18,500.15,500.18,500.13,0.01,2.0,0.033,0,2026-08-04,2026-08-05,False,True,5.0,2026-08-05T15:51:47+05:30
FACT,842.37,NARROW,-0.21,below,840.6,842.37,842.43,842.5,842.37,0.016,2.2,0.058,0,2026-08-04,2026-08-05,False,True,5.0,2026-08-05T15:51:47+05:30
HYUNDAI,2198.92,NARROW,0.89,above,2218.5,2198.92,2198.83,2198.92,2198.75,0.008,2.5,0.026,0,2026-08-04,2026-08-05,False,True,5.0,2026-08-05T15:51:47+05:30
RPOWER,24.07,NARROW,0.43,above,24.17,24.07,24.06,24.07,24.06,0.028,2.5,0.073,0,2026-08-04,2026-08-05,False,True,5.0,2026-08-05T15:51:47+05:30
CAMS,809.75,NARROW,0.26,above,811.85,809.75,809.63,809.75,809.52,0.029,2.7,0.043,0,2026-08-04,2026-08-05,False,True,5.0,2026-08-05T15:51:47+05:30
CHENNPETRO,1325.85,NARROW,-1.66,below,1303.9,1325.85,1326.0,1326.15,1325.85,0.023,3.6,0.026,0,2026-08-04,2026-08-05,False,True,5.0,2026-08-05T15:51:47+05:30
FORTIS,932.87,NARROW,-0.84,below,925.0,932.87,932.95,933.02,932.87,0.016,3.6,0.031,0,2026-08-04,2026-08-05,False,True,5.0,2026-08-05T15:51:47+05:30
GALLANTT,629.35,NARROW,-0.84,below,624.05,629.35,629.5,629.65,629.35,0.048,3.8,0.07,0,2026-08-04,2026-08-05,False,True,5.0,2026-08-05T15:51:47+05:30
FIRSTCRY,214.68,NARROW,0.29,above,215.31,214.68,214.64,214.68,214.59,0.043,4.1,0.066,0,2026-08-04,2026-08-05,False,True,5.0,2026-08-05T15:51:47+05:30
EMCURE,1977.55,NARROW,-0.94,below,1959.0,1977.55,1977.73,1977.92,1977.55,0.019,4.4,0.029,0,2026-08-04,2026-08-05,False,True,5.0,2026-08-05T15:51:47+05:30
JUBLPHARMA,932.50,NARROW,-0.84,below,924.7,932.5,932.58,932.67,932.5,0.018,4.4,0.021,0,2026-08-04,2026-08-05,False,True,5.0,2026-08-05T15:51:47+05:30
KFINTECH,949.02,NARROW,-0.03,below,948.75,949.02,949.08,949.15,949.02,0.014,4.4,0.018,0,2026-08-04,2026-08-05,False,True,5.0,2026-08-05T15:51:47+05:30
TECHNOE,999.16,NARROW,0.54,above,1004.6,999.16,998.92,999.16,998.67,0.048,4.4,0.05,0,2026-08-03,2026-08-05,False,True,5.0,2026-08-05T15:51:47+05:30
ONGC,241.90,NARROW,-0.7,below,240.2,241.9,241.93,241.97,241.9,0.028,4.7,0.029,0,2026-08-04,2026-08-05,False,True,5.0,2026-08-05T15:51:47+05:30
AEGISLOG,1372.55,WIDE,1.69,above,1395.8,1372.55,1356.8,1372.55,1341.05,2.322,97.0,0.033,0,2026-08-03,2026-08-05,False,False,5.0,2026-08-05T15:51:47+05:30
BAJAJ-AUTO,11789.33,WIDE,0.09,above,11800.0,11789.33,11722.67,11789.33,11656.0,1.137,97.3,0.028,0,2026-08-03,2026-08-05,False,False,5.0,2026-08-05T15:51:47+05:30
POWERGRID,284.90,WIDE,-1.11,below,281.75,284.9,286.4,287.9,284.9,1.047,97.3,0.017,0,2026-08-04,2026-08-05,False,False,5.0,2026-08-05T15:51:47+05:30
PVRINOX,1162.80,WIDE,-0.08,below,1161.9,1162.8,1171.23,1179.67,1162.8,1.44,97.3,0.03,0,2026-08-04,2026-08-05,False,False,5.0,2026-08-05T15:51:47+05:30
TEGA,1574.88,WIDE,0.36,above,1580.6,1574.88,1562.07,1574.88,1549.25,1.641,97.3,0.043,0,2026-08-03,2026-08-05,False,False,5.0,2026-08-05T15:51:47+05:30
BATAINDIA,724.68,WIDE,0.74,above,730.05,724.68,719.63,724.68,714.59,1.401,98.1,0.022,0,2026-08-04,2026-08-05,False,False,5.0,2026-08-05T15:51:47+05:30
KEI,5451.83,WIDE,2.3,above,5577.0,5451.83,5403.67,5451.83,5355.5,1.783,98.4,0.026,0,2026-08-04,2026-08-05,False,False,5.0,2026-08-05T15:51:47+05:30
APOLLOHOSP,8953.33,WIDE,-0.48,inside,8910.0,8953.33,8953.33,9001.67,8905.0,1.08,98.6,0.017,0,2026-08-04,2026-08-05,False,False,5.0,2026-08-05T15:51:47+05:30
MSUMI,40.78,WIDE,0.47,above,40.97,40.78,40.44,40.78,40.09,1.698,98.6,0.031,0,2026-08-04,2026-08-05,False,False,5.0,2026-08-05T15:51:47+05:30
NESTLEIND,1510.70,WIDE,0.62,above,1520.0,1510.7,1501.4,1510.7,1492.1,1.239,98.6,0.033,0,2026-08-04,2026-08-05,False,False,5.0,2026-08-05T15:51:47+05:30
SHREECEM,26851.67,WIDE,0.18,above,26900.0,26851.67,26703.33,26851.67,26555.0,1.111,98.9,0.013,0,2026-08-03,2026-08-05,False,False,5.0,2026-08-05T15:51:47+05:30
DIVISLAB,8425.00,WIDE,-0.44,inside,8388.0,8425.0,8425.0,8505.0,8345.0,1.899,99.7,0.024,0,2026-08-03,2026-08-05,False,False,5.0,2026-08-05T15:51:47+05:30
BHARATFORG,2211.42,TOUCHED,-0.65,below,2197.1,2211.42,2211.83,2212.25,2211.42,0.038,5.2,0.033,0,2026-08-03,2026-08-05,False,False,5.0,2026-08-05T15:51:47+05:30
M&MFIN,398.45,TOUCHED,-0.01,inside,398.4,398.45,398.45,398.53,398.38,0.038,5.2,0.037,0,2026-08-04,2026-08-05,False,False,5.0,2026-08-05T15:51:47+05:30
ABREL,1424.33,TOUCHED,-0.22,below,1421.2,1424.33,1424.57,1424.8,1424.33,0.033,5.5,0.025,0,2026-08-04,2026-08-05,False,False,5.0,2026-08-05T15:51:47+05:30
CHOLAFIN,1874.60,TOUCHED,0.29,above,1880.0,1874.6,1874.2,1874.6,1873.8,0.043,5.5,0.034,0,2026-08-04,2026-08-05,False,False,5.0,2026-08-05T15:51:47+05:30
COHANCE,425.05,TOUCHED,1.04,above,429.45,425.05,425.0,425.05,424.95,0.024,5.5,0.022,0,2026-08-04,2026-08-05,False,False,5.0,2026-08-05T15:51:47+05:30
CYIENT,867.23,TOUCHED,-0.31,below,864.55,867.23,867.35,867.47,867.23,0.029,5.5,0.024,0,2026-08-04,2026-08-05,False,False,5.0,2026-08-05T15:51:47+05:30
CANHLIFE,150.94,TOUCHED,-0.67,below,149.93,150.94,150.96,150.97,150.94,0.024,5.6,0.016,0,2026-08-03,2026-08-05,False,False,5.0,2026-08-05T15:51:47+05:30
IDEA,12.89,TOUCHED,-0.7,below,12.8,12.89,12.89,12.9,12.89,0.052,5.8,0.047,0,2026-08-04,2026-08-05,False,False,5.0,2026-08-05T15:51:47+05:30
CIPLA,1459.45,TOUCHED,-0.04,below,1458.8,1459.45,1459.63,1459.82,1459.45,0.025,6.0,0.022,0,2026-08-04,2026-08-05,False,False,5.0,2026-08-05T15:51:47+05:30
TATATECH,762.72,TOUCHED,-1.14,below,754.0,762.72,762.88,763.05,762.72,0.044,6.0,0.033,0,2026-08-04,2026-08-05,False,False,5.0,2026-08-05T15:51:47+05:30
GODREJIND,1336.05,TOUCHED,-1.17,below,1320.4,1336.05,1336.4,1336.75,1336.05,0.052,6.3,0.047,0,2026-08-03,2026-08-05,False,False,5.0,2026-08-05T15:51:47+05:30
IOB,34.27,TOUCHED,-0.2,below,34.2,34.27,34.28,34.28,34.27,0.039,6.3,0.034,0,2026-08-04,2026-08-05,False,False,5.0,2026-08-05T15:51:47+05:30
BEL,391.56,TOUCHED,-0.4,below,390.0,391.56,391.62,391.68,391.56,0.03,6.6,0.025,0,2026-08-04,2026-08-05,False,False,5.0,2026-08-05T15:51:47+05:30
TRIDENT,24.97,TOUCHED,-0.26,below,24.91,24.97,24.98,24.98,24.97,0.04,6.8,0.028,0,2026-08-04,2026-08-05,False,False,5.0,2026-08-05T15:51:47+05:30
RBLBANK,380.85,TOUCHED,2.35,above,389.8,380.85,380.75,380.85,380.65,0.053,7.7,0.032,0,2026-08-04,2026-08-05,False,False,5.0,2026-08-05T15:51:47+05:30
TORNTPHARM,5027.25,TOUCHED,-0.54,below,5000.0,5027.25,5028.17,5029.08,5027.25,0.036,7.9,0.025,0,2026-08-04,2026-08-05,False,False,5.0,2026-08-05T15:51:47+05:30
BRIGADE,578.34,TOUCHED,-1.39,below,570.3,578.34,578.48,578.62,578.34,0.049,8.5,0.024,0,2026-08-04,2026-08-05,False,False,5.0,2026-08-05T15:51:47+05:30
IDBI,84.46,TOUCHED,-0.16,below,84.32,84.46,84.49,84.52,84.46,0.075,8.8,0.047,0,2026-08-04,2026-08-05,False,False,5.0,2026-08-05T15:51:47+05:30
JBMA,660.58,TOUCHED,0.37,above,663.05,660.58,660.28,660.58,659.99,0.088,9.0,0.033,0,2026-08-04,2026-08-05,False,False,5.0,2026-08-05T15:51:47+05:30
ABCAPITAL,420.48,TOUCHED,1.0,above,424.7,420.48,420.32,420.48,420.16,0.075,9.6,0.038,0,2026-08-04,2026-08-05,False,False,5.0,2026-08-05T15:51:47+05:30
ZEEL,99.43,TOUCHED,-4.9,below,94.55,99.43,99.47,99.51,99.43,0.084,9.6,0.045,0,2026-08-04,2026-08-05,False,False,5.0,2026-08-05T15:51:47+05:30
SIEMENS,3996.70,TOUCHED,-0.42,below,3980.0,3996.7,3997.97,3999.23,3996.7,0.063,10.4,0.024,0,2026-08-04,2026-08-05,False,False,5.0,2026-08-05T15:51:47+05:30
TATASTEEL,190.90,TOUCHED,1.09,above,192.99,190.9,190.85,190.9,190.8,0.052,10.7,0.021,0,2026-08-04,2026-08-05,False,False,5.0,2026-08-05T15:51:47+05:30
CEMPRO,1330.48,TOUCHED,-2.43,below,1298.2,1330.48,1331.17,1331.85,1330.48,0.103,11.0,0.044,0,2026-08-04,2026-08-05,False,False,5.0,2026-08-05T15:51:47+05:30
IRCTC,510.05,TOUCHED,0.04,above,510.25,510.05,509.85,510.05,509.65,0.078,11.0,0.034,0,2026-08-04,2026-08-05,False,False,5.0,2026-08-05T15:51:47+05:30
HSCL,750.48,TOUCHED,-0.2,below,748.95,750.48,750.87,751.26,750.48,0.104,11.5,0.035,0,2026-08-04,2026-08-05,False,False,5.0,2026-08-05T15:51:47+05:30
NUVOCO,350.12,TOUCHED,-1.15,below,346.1,350.12,350.28,350.44,350.12,0.09,11.8,0.039,0,2026-08-03,2026-08-05,False,False,5.0,2026-08-05T15:51:47+05:30
NHPC,80.40,TOUCHED,-2.24,below,78.6,80.4,80.43,80.47,80.4,0.083,12.3,0.035,0,2026-08-04,2026-08-05,False,False,5.0,2026-08-05T15:51:47+05:30
GLENMARK,2224.00,TOUCHED,1.57,above,2259.0,2224.0,2223.0,2224.0,2222.0,0.09,12.6,0.036,0,2026-08-04,2026-08-05,False,False,5.0,2026-08-05T15:51:47+05:30
MRF,133877.50,TOUCHED,0.39,above,134405.0,133877.5,133828.33,133877.5,133779.17,0.073,12.6,0.035,0,2026-08-03,2026-08-05,False,False,5.0,2026-08-05T15:51:47+05:30
PIIND,2795.80,TOUCHED,0.51,above,2810.0,2795.8,2794.87,2795.8,2793.93,0.067,12.6,0.032,0,2026-08-03,2026-08-05,False,False,5.0,2026-08-05T15:51:47+05:30
ABBOTINDIA,27862.50,TOUCHED,-0.28,below,27785.0,27862.5,27873.33,27884.17,27862.5,0.078,12.9,0.036,0,2026-08-03,2026-08-05,False,False,5.0,2026-08-05T15:51:47+05:30
SUNTV,502.58,TOUCHED,-1.84,below,493.35,502.58,502.82,503.05,502.58,0.093,12.9,0.024,0,2026-08-04,2026-08-05,False,False,5.0,2026-08-05T15:51:47+05:30
ANANTRAJ,628.67,TOUCHED,-0.08,below,628.2,628.67,629.25,629.83,628.67,0.183,13.4,0.078,0,2026-08-04,2026-08-05,False,False,5.0,2026-08-05T15:51:47+05:30
EIHOTEL,329.75,TOUCHED,-0.53,below,328.0,329.75,329.87,329.98,329.75,0.071,13.4,0.03,0,2026-08-03,2026-08-05,False,False,5.0,2026-08-05T15:51:47+05:30
HINDUNILVR,2094.65,TOUCHED,-0.45,below,2085.3,2094.65,2095.27,2095.88,2094.65,0.059,13.4,0.015,0,2026-08-04,2026-08-05,False,False,5.0,2026-08-05T15:51:47+05:30
SAGILITY,43.99,TOUCHED,-0.27,below,43.87,43.99,44.02,44.06,43.99,0.151,13.4,0.047,0,2026-08-04,2026-08-05,False,False,5.0,2026-08-05T15:51:47+05:30
SUNPHARMA,1961.60,TOUCHED,-1.1,below,1940.0,1961.6,1962.23,1962.87,1961.6,0.065,13.7,0.02,0,2026-08-03,2026-08-05,False,False,5.0,2026-08-05T15:51:47+05:30
LEMONTREE,113.34,TOUCHED,-0.58,below,112.68,113.34,113.39,113.44,113.34,0.091,14.0,0.029,0,2026-08-04,2026-08-05,False,False,5.0,2026-08-05T15:51:47+05:30
SRF,2641.40,TOUCHED,-0.06,below,2639.7,2641.4,2642.6,2643.8,2641.4,0.091,14.0,0.031,0,2026-08-03,2026-08-05,False,False,5.0,2026-08-05T15:51:47+05:30
ASTRAL,1448.85,TOUCHED,-0.98,below,1434.7,1448.85,1449.7,1450.55,1448.85,0.117,14.2,0.034,0,2026-08-04,2026-08-05,False,False,5.0,2026-08-05T15:51:47+05:30
NCC,143.35,TOUCHED,0.16,above,143.57,143.35,143.27,143.35,143.19,0.109,14.5,0.027,0,2026-08-04,2026-08-05,False,False,5.0,2026-08-05T15:51:47+05:30
JWL,264.40,TOUCHED,-2.1,below,258.85,264.4,264.58,264.77,264.4,0.139,15.1,0.042,0,2026-08-03,2026-08-05,False,False,5.0,2026-08-05T15:51:47+05:30
SWANCORP,312.75,TOUCHED,-0.69,below,310.6,312.75,313.02,313.28,312.75,0.17,15.1,0.034,0,2026-08-04,2026-08-05,False,False,5.0,2026-08-05T15:51:47+05:30
CHOICEIN,825.20,TOUCHED,-0.1,below,824.35,825.2,825.6,826.0,825.2,0.097,15.3,0.024,0,2026-08-04,2026-08-05,False,False,5.0,2026-08-05T15:51:47+05:30
NEWGEN,561.79,TOUCHED,-0.93,below,556.55,561.79,562.23,562.67,561.79,0.157,15.9,0.034,0,2026-08-04,2026-08-05,False,False,5.0,2026-08-05T15:51:47+05:30
AJANTPHARM,3508.10,TOUCHED,-2.01,below,3437.5,3508.1,3510.03,3511.97,3508.1,0.11,16.4,0.041,0,2026-08-03,2026-08-05,False,False,5.0,2026-08-05T15:51:47+05:30
CDSL,1337.25,TOUCHED,-0.8,below,1326.5,1337.25,1338.17,1339.08,1337.25,0.137,16.4,0.036,0,2026-08-04,2026-08-05,False,False,5.0,2026-08-05T15:51:47+05:30
COFORGE,1754.00,TOUCHED,1.31,above,1777.0,1754.0,1752.63,1754.0,1751.27,0.156,16.4,0.032,0,2026-08-04,2026-08-05,False,False,5.0,2026-08-05T15:51:47+05:30
INDIACEM,392.12,TOUCHED,0.17,above,392.8,392.12,391.88,392.12,391.64,0.123,16.4,0.035,0,2026-08-04,2026-08-05,False,False,5.0,2026-08-05T15:51:47+05:30
STARHEALTH,592.96,TOUCHED,-0.82,below,588.1,592.96,593.32,593.67,592.96,0.121,16.4,0.026,0,2026-08-03,2026-08-05,False,False,5.0,2026-08-05T15:51:47+05:30
GAIL,175.19,TOUCHED,1.01,above,176.96,175.19,175.13,175.19,175.06,0.072,16.7,0.015,0,2026-08-04,2026-08-05,False,False,5.0,2026-08-05T15:51:47+05:30
JSL,731.13,TOUCHED,1.83,above,744.5,731.13,730.55,731.13,729.98,0.157,16.7,0.041,0,2026-08-03,2026-08-05,False,False,5.0,2026-08-05T15:51:47+05:30
ECLERX,1917.30,TOUCHED,0.03,above,1917.8,1917.3,1915.4,1917.3,1913.5,0.198,17.3,0.039,0,2026-08-04,2026-08-05,False,False,5.0,2026-08-05T15:51:47+05:30
EICHERMOT,7945.75,TOUCHED,0.51,above,7986.5,7945.75,7942.17,7945.75,7938.58,0.09,17.3,0.025,0,2026-08-04,2026-08-05,False,False,5.0,2026-08-05T15:51:47+05:30
JAINREC,322.78,TOUCHED,-0.07,inside,322.55,322.78,322.78,323.12,322.45,0.207,17.3,0.057,0,2026-08-04,2026-08-05,False,False,5.0,2026-08-05T15:51:47+05:30
TIMKEN,3229.70,TOUCHED,2.47,above,3309.4,3229.7,3227.5,3229.7,3225.3,0.136,17.3,0.05,0,2026-08-04,2026-08-05,False,False,5.0,2026-08-05T15:51:47+05:30
ADANIENT,3052.07,TOUCHED,-0.07,below,3050.0,3052.07,3054.13,3056.2,3052.07,0.135,17.5,0.026,0,2026-08-04,2026-08-05,False,False,5.0,2026-08-05T15:51:47+05:30
MEDANTA,1432.50,TOUCHED,-1.55,below,1410.3,1432.5,1433.37,1434.23,1432.5,0.121,17.5,0.028,0,2026-08-04,2026-08-05,False,False,5.0,2026-08-05T15:51:47+05:30
ANURAS,1213.73,TOUCHED,0.21,above,1216.3,1213.73,1213.07,1213.73,1212.4,0.11,17.8,0.025,0,2026-08-04,2026-08-05,False,False,5.0,2026-08-05T15:51:47+05:30
PWL,126.47,TOUCHED,1.06,above,127.81,126.47,126.32,126.47,126.18,0.232,18.0,0.07,0,2026-08-03,2026-08-05,False,False,5.0,2026-08-05T15:51:47+05:30
GODFRYPHLP,2330.05,TOUCHED,-0.22,below,2325.0,2330.05,2332.33,2334.62,2330.05,0.196,18.1,0.041,0,2026-08-04,2026-08-05,False,False,5.0,2026-08-05T15:51:47+05:30
PREMIERENE,1038.60,TOUCHED,0.52,above,1044.0,1038.6,1037.83,1038.6,1037.07,0.148,18.1,0.029,0,2026-08-04,2026-08-05,False,False,5.0,2026-08-05T15:51:47+05:30
BPCL,324.60,TOUCHED,0.51,above,326.25,324.6,324.4,324.6,324.2,0.123,18.6,0.021,0,2026-08-04,2026-08-05,False,False,5.0,2026-08-05T15:51:47+05:30
KEC,477.60,TOUCHED,-0.43,below,475.55,477.6,477.98,478.37,477.6,0.16,18.9,0.023,0,2026-08-03,2026-08-05,False,False,5.0,2026-08-05T15:51:47+05:30
ONESOURCE,1535.15,TOUCHED,1.21,above,1553.7,1535.15,1533.63,1535.15,1532.12,0.198,18.9,0.052,0,2026-08-04,2026-08-05,False,False,5.0,2026-08-05T15:51:47+05:30
HDFCAMC,2561.00,TOUCHED,0.04,above,2562.0,2561.0,2559.33,2561.0,2557.67,0.13,19.2,0.025,0,2026-08-04,2026-08-05,False,False,5.0,2026-08-05T15:51:47+05:30
BDL,1266.23,TOUCHED,-2.07,below,1240.0,1266.23,1267.47,1268.7,1266.23,0.195,19.5,0.049,0,2026-08-04,2026-08-05,False,False,5.0,2026-08-05T15:51:47+05:30
ERIS,1375.03,TOUCHED,0.0,inside,1375.1,1375.03,1375.03,1376.05,1374.02,0.148,19.5,0.033,0,2026-08-04,2026-08-05,False,False,5.0,2026-08-05T15:51:47+05:30
SBICARD,665.90,TOUCHED,-0.03,inside,665.7,665.9,665.9,666.33,665.47,0.128,19.7,0.029,0,2026-08-03,2026-08-05,False,False,5.0,2026-08-05T15:51:47+05:30
BIKAJI,649.61,TOUCHED,0.11,above,650.3,649.61,649.22,649.61,648.83,0.121,20.0,0.02,0,2026-08-03,2026-08-05,False,False,5.0,2026-08-05T15:51:47+05:30
CCL,1124.20,TOUCHED,1.31,above,1138.9,1124.2,1123.47,1124.2,1122.73,0.131,20.5,0.015,0,2026-08-04,2026-08-05,False,False,5.0,2026-08-05T15:51:47+05:30
TECHM,1650.05,TOUCHED,-0.0,below,1650.0,1650.05,1651.1,1652.15,1650.05,0.127,20.5,0.038,0,2026-08-03,2026-08-05,False,False,5.0,2026-08-05T15:51:47+05:30
PFC,419.02,TOUCHED,-0.24,below,418.0,419.02,419.35,419.67,419.02,0.155,20.8,0.036,0,2026-08-04,2026-08-05,False,False,5.0,2026-08-05T15:51:47+05:30
ADANIENSOL,1647.72,TOUCHED,-0.35,below,1642.0,1647.72,1649.43,1651.15,1647.72,0.208,21.1,0.03,0,2026-08-04,2026-08-05,False,False,5.0,2026-08-05T15:51:47+05:30
SHYAMMETL,1021.75,TOUCHED,0.77,above,1029.6,1021.75,1021.1,1021.75,1020.45,0.127,21.1,0.015,0,2026-08-04,2026-08-05,False,False,5.0,2026-08-05T15:51:47+05:30
LENSKART,567.87,TOUCHED,0.84,above,572.65,567.87,567.4,567.87,566.92,0.167,21.2,0.032,0,2026-08-03,2026-08-05,False,False,5.0,2026-08-05T15:51:47+05:30
CHAMBLFERT,454.19,TOUCHED,0.98,above,458.65,454.19,453.78,454.19,453.38,0.18,21.9,0.035,0,2026-08-04,2026-08-05,False,False,5.0,2026-08-05T15:51:47+05:30
CLEAN,772.60,TOUCHED,-0.47,below,768.95,772.6,773.25,773.9,772.6,0.168,21.9,0.026,0,2026-08-04,2026-08-05,False,False,5.0,2026-08-05T15:51:47+05:30
IRB,20.19,TOUCHED,-0.51,below,20.09,20.19,20.21,20.22,20.19,0.132,21.9,0.039,0,2026-08-03,2026-08-05,False,False,5.0,2026-08-05T15:51:47+05:30
WAAREEENER,2678.50,TOUCHED,0.69,above,2697.0,2678.5,2675.67,2678.5,2672.83,0.212,21.9,0.043,0,2026-08-04,2026-08-05,False,False,5.0,2026-08-05T15:51:47+05:30
ATGL,665.92,TOUCHED,-0.84,below,660.35,665.92,666.48,667.04,665.92,0.168,22.7,0.031,0,2026-08-03,2026-08-05,False,False,5.0,2026-08-05T15:51:47+05:30
MAZDOCK,2391.37,TOUCHED,-0.45,below,2380.5,2391.37,2393.73,2396.1,2391.37,0.198,22.7,0.045,0,2026-08-04,2026-08-05,False,False,5.0,2026-08-05T15:51:47+05:30
PFOCUS,301.20,TOUCHED,-0.5,below,299.7,301.2,301.73,302.27,301.2,0.354,22.7,0.05,0,2026-08-04,2026-08-05,False,False,5.0,2026-08-05T15:51:47+05:30
CHOLAHLDNG,1573.07,TOUCHED,1.95,above,1603.7,1573.07,1571.53,1573.07,1570.0,0.195,23.3,0.026,0,2026-08-03,2026-08-05,False,False,5.0,2026-08-05T15:51:47+05:30
NAVINFLUOR,7637.83,TOUCHED,-0.37,below,7609.5,7637.83,7646.67,7655.5,7637.83,0.231,23.3,0.045,0,2026-08-04,2026-08-05,False,False,5.0,2026-08-05T15:51:47+05:30
BERGEPAINT,531.29,TOUCHED,2.62,above,545.2,531.29,530.79,531.29,530.3,0.187,24.7,0.013,0,2026-08-04,2026-08-05,False,False,5.0,2026-08-05T15:51:47+05:30
SCI,301.27,TOUCHED,-0.19,below,300.7,301.27,301.65,302.02,301.27,0.249,24.7,0.045,0,2026-08-04,2026-08-05,False,False,5.0,2026-08-05T15:51:47+05:30
SCHAEFFLER,4065.62,TOUCHED,0.59,above,4089.5,4065.62,4062.03,4065.62,4058.45,0.176,24.9,0.035,0,2026-08-03,2026-08-05,False,False,5.0,2026-08-05T15:51:47+05:30
VTL,597.44,TOUCHED,0.09,above,598.0,597.44,596.83,597.44,596.23,0.204,25.2,0.032,0,2026-08-04,2026-08-05,False,False,5.0,2026-08-05T15:51:47+05:30
LTF,318.50,TOUCHED,-0.03,inside,318.4,318.5,318.5,318.8,318.2,0.188,25.5,0.028,0,2026-08-04,2026-08-05,False,False,5.0,2026-08-05T15:51:47+05:30
KPITTECH,623.60,TOUCHED,-0.1,below,623.0,623.6,624.27,624.93,623.6,0.214,25.8,0.044,0,2026-08-04,2026-08-05,False,False,5.0,2026-08-05T15:51:47+05:30
MCX,2668.00,TOUCHED,-2.6,below,2598.6,2668.0,2672.0,2676.0,2668.0,0.299,25.8,0.059,0,2026-08-04,2026-08-05,False,False,5.0,2026-08-05T15:51:47+05:30
BANDHANBNK,173.79,TOUCHED,-1.92,below,170.46,173.79,173.98,174.17,173.79,0.218,26.0,0.027,0,2026-08-04,2026-08-05,False,False,5.0,2026-08-05T15:51:47+05:30
ASIANPAINT,2769.85,TOUCHED,-0.36,below,2760.0,2769.85,2771.57,2773.28,2769.85,0.124,26.3,0.021,0,2026-08-04,2026-08-05,False,False,5.0,2026-08-05T15:51:47+05:30
JPPOWER,18.87,TOUCHED,-2.89,below,18.32,18.87,18.89,18.91,18.87,0.265,26.3,0.037,0,2026-08-04,2026-08-05,False,False,5.0,2026-08-05T15:51:47+05:30
NIVABUPA,87.24,TOUCHED,0.34,above,87.54,87.24,87.17,87.24,87.1,0.161,26.3,0.019,0,2026-08-04,2026-08-05,False,False,5.0,2026-08-05T15:51:47+05:30
BAJFINANCE,1151.75,TOUCHED,0.61,above,1158.8,1151.75,1150.83,1151.75,1149.92,0.159,26.8,0.025,0,2026-08-04,2026-08-05,False,False,5.0,2026-08-05T15:51:47+05:30
SOBHA,1361.13,TOUCHED,-0.01,inside,1361.0,1361.13,1361.13,1362.5,1359.77,0.201,26.8,0.028,0,2026-08-04,2026-08-05,False,False,5.0,2026-08-05T15:51:47+05:30
IRCON,131.40,TOUCHED,-0.03,below,131.36,131.4,131.57,131.75,131.4,0.271,27.1,0.042,0,2026-08-04,2026-08-05,False,False,5.0,2026-08-05T15:51:47+05:30
CANFINHOME,817.78,TOUCHED,-0.77,below,811.5,817.78,818.57,819.35,817.78,0.191,27.9,0.021,0,2026-08-03,2026-08-05,False,False,5.0,2026-08-05T15:51:47+05:30
SWIGGY,290.08,TOUCHED,-0.06,inside,289.9,290.08,290.08,290.54,289.62,0.316,27.9,0.047,0,2026-08-04,2026-08-05,False,False,5.0,2026-08-05T15:51:47+05:30
RAMCOCEM,942.88,TOUCHED,-2.2,below,922.15,942.88,943.88,944.89,942.88,0.214,28.2,0.041,0,2026-08-04,2026-08-05,False,False,5.0,2026-08-05T15:51:47+05:30
JIOFIN,264.25,TOUCHED,-0.87,below,261.95,264.25,264.5,264.75,264.25,0.189,28.8,0.022,0,2026-08-04,2026-08-05,False,False,5.0,2026-08-05T15:51:47+05:30
LTTS,3514.55,TOUCHED,1.73,above,3575.3,3514.55,3510.37,3514.55,3506.18,0.238,29.0,0.042,0,2026-08-04,2026-08-05,False,False,5.0,2026-08-05T15:51:47+05:30
CENTRALBK,31.30,TOUCHED,-0.03,inside,31.29,31.3,31.3,31.34,31.26,0.224,29.3,0.041,0,2026-08-04,2026-08-05,False,False,5.0,2026-08-05T15:51:47+05:30
VOLTAS,1326.30,TOUCHED,-1.95,below,1300.5,1326.3,1327.8,1329.3,1326.3,0.226,29.6,0.038,0,2026-08-03,2026-08-05,False,False,5.0,2026-08-05T15:51:47+05:30
ABDL,620.70,TOUCHED,-1.06,below,614.15,620.7,621.85,623.0,620.7,0.37,30.1,0.076,0,2026-08-03,2026-08-05,False,False,5.0,2026-08-05T15:51:47+05:30
MARUTI,14156.83,TOUCHED,0.23,above,14190.0,14156.83,14145.67,14156.83,14134.5,0.158,30.1,0.014,0,2026-08-04,2026-08-05,False,False,5.0,2026-08-05T15:51:47+05:30
SPLPETRO,716.88,TOUCHED,-1.52,below,706.0,716.88,717.87,718.85,716.88,0.274,30.1,0.04,0,2026-08-03,2026-08-05,False,False,5.0,2026-08-05T15:51:47+05:30
PIRAMALFIN,2056.50,TOUCHED,3.89,above,2136.6,2056.5,2053.6,2056.5,2050.7,0.282,30.3,0.056,0,2026-08-03,2026-08-05,False,False,5.0,2026-08-05T15:51:47+05:30
ADANIPORTS,1701.95,TOUCHED,-0.11,below,1700.0,1701.95,1703.53,1705.12,1701.95,0.186,30.7,0.021,0,2026-08-04,2026-08-05,False,False,5.0,2026-08-05T15:51:47+05:30
IREDA,120.20,TOUCHED,0.42,above,120.7,120.2,120.05,120.2,119.9,0.253,30.7,0.048,0,2026-08-04,2026-08-05,False,False,5.0,2026-08-05T15:51:47+05:30
INFY,1166.50,TOUCHED,0.64,above,1174.0,1166.5,1165.5,1166.5,1164.5,0.172,31.0,0.029,0,2026-08-04,2026-08-05,False,False,5.0,2026-08-05T15:51:47+05:30
SAMMAANCAP,161.11,TOUCHED,0.26,above,161.53,161.11,160.83,161.11,160.56,0.344,31.0,0.041,0,2026-08-04,2026-08-05,False,False,5.0,2026-08-05T15:51:47+05:30
PCBL,324.00,TOUCHED,1.68,above,329.45,324.0,323.52,324.0,323.03,0.299,31.2,0.05,0,2026-08-04,2026-08-05,False,False,5.0,2026-08-05T15:51:47+05:30
ICICIPRULI,513.03,TOUCHED,0.69,above,516.55,513.03,512.52,513.03,512.0,0.202,31.8,0.023,0,2026-08-04,2026-08-05,False,False,5.0,2026-08-05T15:51:47+05:30
KPIL,1283.37,TOUCHED,-0.03,inside,1283.0,1283.37,1283.37,1285.2,1281.53,0.286,32.3,0.045,0,2026-08-04,2026-08-05,False,False,5.0,2026-08-05T15:51:47+05:30
SJVN,69.17,TOUCHED,-0.08,inside,69.11,69.17,69.17,69.25,69.08,0.241,32.3,0.027,0,2026-08-04,2026-08-05,False,False,5.0,2026-08-05T15:51:47+05:30
BELRISE,241.43,TOUCHED,0.02,above,241.49,241.43,241.07,241.43,240.7,0.301,32.6,0.038,0,2026-08-04,2026-08-05,False,False,5.0,2026-08-05T15:51:47+05:30
ZYDUSWELL,547.55,TOUCHED,-3.13,below,530.4,547.55,548.43,549.32,547.55,0.322,32.6,0.034,0,2026-08-04,2026-08-05,False,False,5.0,2026-08-05T15:51:47+05:30
ANGELONE,300.91,TOUCHED,-0.57,below,299.2,300.91,301.47,302.02,300.91,0.37,32.9,0.029,0,2026-08-04,2026-08-05,False,False,5.0,2026-08-05T15:51:47+05:30
BSE,3596.60,TOUCHED,-1.72,below,3534.6,3596.6,3603.73,3610.87,3596.6,0.396,33.4,0.022,0,2026-08-04,2026-08-05,False,False,5.0,2026-08-05T15:51:47+05:30
CHALET,820.40,TOUCHED,2.35,above,839.65,820.4,819.3,820.4,818.2,0.269,33.4,0.023,0,2026-08-03,2026-08-05,False,False,5.0,2026-08-05T15:51:47+05:30
NBCC,95.38,TOUCHED,0.66,above,96.0,95.38,95.2,95.38,95.02,0.375,34.2,0.042,0,2026-08-04,2026-08-05,False,False,5.0,2026-08-05T15:51:47+05:30
PARADEEP,145.92,TOUCHED,0.54,above,146.71,145.92,145.59,145.92,145.27,0.446,34.5,0.04,0,2026-08-04,2026-08-05,False,False,5.0,2026-08-05T15:51:47+05:30
3MINDIA,35840.00,TOUCHED,-0.1,below,35805.0,35840.0,35878.33,35916.67,35840.0,0.214,35.1,0.027,0,2026-08-03,2026-08-05,False,False,5.0,2026-08-05T15:51:47+05:30
OFSS,11585.00,TOUCHED,1.5,above,11759.0,11585.0,11570.0,11585.0,11555.0,0.259,35.3,0.024,0,2026-08-04,2026-08-05,False,False,5.0,2026-08-05T15:51:47+05:30
NATCOPHARM,918.58,TOUCHED,-0.11,below,917.55,918.58,920.15,921.73,918.58,0.342,35.6,0.019,0,2026-08-04,2026-08-05,False,False,5.0,2026-08-05T15:51:47+05:30
NAVA,574.92,TOUCHED,1.23,above,582.0,574.92,573.85,574.92,572.78,0.375,35.9,0.037,0,2026-08-04,2026-08-05,False,False,5.0,2026-08-05T15:51:47+05:30
HONASA,460.14,TOUCHED,-0.11,below,459.65,460.14,460.88,461.62,460.14,0.322,36.2,0.056,0,2026-08-04,2026-08-05,False,False,5.0,2026-08-05T15:51:47+05:30
ZENSARTECH,512.72,TOUCHED,-2.41,below,500.35,512.72,513.65,514.58,512.72,0.36,36.2,0.035,0,2026-08-04,2026-08-05,False,False,5.0,2026-08-05T15:51:47+05:30
TEJASNET,530.90,TOUCHED,-0.62,below,527.6,530.9,531.92,532.93,530.9,0.382,36.4,0.042,0,2026-08-04,2026-08-05,False,False,5.0,2026-08-05T15:51:47+05:30
RVNL,231.77,TOUCHED,-1.19,below,229.0,231.77,232.13,232.5,231.77,0.316,36.7,0.034,0,2026-08-04,2026-08-05,False,False,5.0,2026-08-05T15:51:47+05:30
ETERNAL,310.85,TOUCHED,-0.16,below,310.35,310.85,311.37,311.88,310.85,0.332,37.0,0.028,0,2026-08-04,2026-08-05,False,False,5.0,2026-08-05T15:51:47+05:30
SIGNATURE,830.08,TOUCHED,-1.97,below,813.7,830.08,831.27,832.46,830.08,0.287,37.0,0.03,0,2026-08-03,2026-08-05,False,False,5.0,2026-08-05T15:51:47+05:30
CONCORDBIO,1417.28,TOUCHED,-2.28,below,1385.0,1417.28,1419.97,1422.65,1417.28,0.378,37.3,0.022,0,2026-08-03,2026-08-05,False,False,5.0,2026-08-05T15:51:47+05:30
FINCABLES,997.53,TOUCHED,0.58,above,1003.35,997.53,996.1,997.53,994.68,0.286,37.3,0.019,0,2026-08-04,2026-08-05,False,False,5.0,2026-08-05T15:51:47+05:30
WOCKPHARMA,2027.13,TOUCHED,-1.04,below,2006.1,2027.13,2031.67,2036.2,2027.13,0.446,37.3,0.06,0,2026-08-04,2026-08-05,False,False,5.0,2026-08-05T15:51:47+05:30
ENRIN,3250.55,TOUCHED,1.21,above,3289.8,3250.55,3245.1,3250.55,3239.65,0.336,37.4,0.025,0,2026-08-03,2026-08-05,False,False,5.0,2026-08-05T15:51:47+05:30
JINDALSAW,263.92,TOUCHED,0.63,above,265.6,263.92,263.45,263.92,262.98,0.361,37.8,0.043,0,2026-08-04,2026-08-05,False,False,5.0,2026-08-05T15:51:47+05:30
ABFRL,61.32,TOUCHED,1.27,above,62.1,61.32,61.21,61.32,61.11,0.349,38.6,0.024,0,2026-08-04,2026-08-05,False,False,5.0,2026-08-05T15:51:47+05:30
UTIAMC,910.64,TOUCHED,-0.99,below,901.65,910.64,912.18,913.73,910.64,0.338,39.2,0.043,0,2026-08-04,2026-08-05,False,False,5.0,2026-08-05T15:51:47+05:30
BSOFT,322.62,TOUCHED,0.32,above,323.65,322.62,322.03,322.62,321.45,0.362,39.5,0.036,0,2026-08-04,2026-08-05,False,False,5.0,2026-08-05T15:51:47+05:30
RKFORGE,692.48,TOUCHED,2.02,above,706.45,692.48,691.22,692.48,689.96,0.364,40.3,0.048,0,2026-08-04,2026-08-05,False,False,5.0,2026-08-05T15:51:47+05:30
GILLETTE,7684.00,TOUCHED,0.05,inside,7688.0,7684.0,7684.0,7695.0,7673.0,0.286,40.5,0.038,0,2026-08-04,2026-08-05,False,False,5.0,2026-08-05T15:51:47+05:30
TMPV,348.12,TOUCHED,0.48,above,349.8,348.12,347.7,348.12,347.27,0.244,40.5,0.02,0,2026-08-04,2026-08-05,False,False,5.0,2026-08-05T15:51:47+05:30
J&KBANK,156.87,TOUCHED,-0.26,below,156.46,156.87,157.18,157.5,156.87,0.399,40.8,0.029,0,2026-08-04,2026-08-05,False,False,5.0,2026-08-05T15:51:47+05:30
VMM,111.48,TOUCHED,-0.43,below,111.0,111.48,111.66,111.84,111.48,0.322,40.8,0.026,0,2026-08-04,2026-08-05,False,False,5.0,2026-08-05T15:51:47+05:30
TBOTEK,1612.95,TOUCHED,3.38,above,1667.5,1612.95,1609.7,1612.95,1606.45,0.404,41.1,0.033,0,2026-08-04,2026-08-05,False,False,5.0,2026-08-05T15:51:47+05:30
APOLLOTYRE,440.43,TOUCHED,1.02,above,444.9,440.43,439.73,440.43,439.04,0.315,41.9,0.038,0,2026-08-04,2026-08-05,False,False,5.0,2026-08-05T15:51:47+05:30
GLAXO,2650.00,TOUCHED,-3.03,below,2569.7,2650.0,2654.1,2658.2,2650.0,0.309,41.9,0.026,0,2026-08-03,2026-08-05,False,False,5.0,2026-08-05T15:51:47+05:30
GRSE,2553.55,TOUCHED,-1.81,below,2507.3,2553.55,2560.2,2566.85,2553.55,0.519,41.9,0.067,0,2026-08-04,2026-08-05,False,False,5.0,2026-08-05T15:51:47+05:30
IGIL,361.39,TOUCHED,0.68,above,363.85,361.39,360.68,361.39,359.98,0.393,41.9,0.028,0,2026-08-04,2026-08-05,False,False,5.0,2026-08-05T15:51:47+05:30
MGL,1117.45,TOUCHED,-0.21,below,1115.1,1117.45,1119.2,1120.95,1117.45,0.313,41.9,0.039,0,2026-08-03,2026-08-05,False,False,5.0,2026-08-05T15:51:47+05:30
DCMSHRIRAM,1031.68,TOUCHED,-2.1,below,1010.0,1031.68,1033.57,1035.45,1031.68,0.364,42.5,0.023,0,2026-08-03,2026-08-05,False,False,5.0,2026-08-05T15:51:47+05:30
GABRIEL,1542.90,TOUCHED,2.9,above,1587.7,1542.9,1538.87,1542.9,1534.83,0.524,42.5,0.033,0,2026-08-04,2026-08-05,False,False,5.0,2026-08-05T15:51:47+05:30
MEESHO,192.33,TOUCHED,-1.34,below,189.75,192.33,192.78,193.22,192.33,0.465,42.9,0.024,0,2026-08-04,2026-08-05,False,False,5.0,2026-08-05T15:51:47+05:30
NATIONALUM,376.27,TOUCHED,1.26,above,381.0,376.27,375.53,376.27,374.8,0.391,43.0,0.041,0,2026-08-04,2026-08-05,False,False,5.0,2026-08-05T15:51:47+05:30
CARTRADE,2794.80,TOUCHED,1.7,above,2842.2,2794.8,2786.3,2794.8,2777.8,0.61,43.3,0.061,0,2026-08-03,2026-08-05,False,False,5.0,2026-08-05T15:51:47+05:30
TATACAP,362.15,TOUCHED,2.69,above,371.9,362.15,361.63,362.15,361.12,0.286,43.8,0.016,0,2026-08-04,2026-08-05,False,False,5.0,2026-08-05T15:51:47+05:30
BHEL,411.15,TOUCHED,0.3,above,412.4,411.15,410.35,411.15,409.55,0.39,44.1,0.051,0,2026-08-04,2026-08-05,False,False,5.0,2026-08-05T15:51:47+05:30
HDBFS,679.37,TOUCHED,-0.61,below,675.25,679.37,680.2,681.02,679.37,0.243,44.3,0.022,0,2026-08-04,2026-08-05,False,False,5.0,2026-08-05T15:51:47+05:30
REDINGTON,347.83,TOUCHED,0.0,inside,347.85,347.83,347.83,348.72,346.95,0.508,44.7,0.039,0,2026-08-04,2026-08-05,False,False,5.0,2026-08-05T15:51:47+05:30
TCS,2451.25,TOUCHED,-1.56,below,2413.0,2451.25,2454.17,2457.08,2451.25,0.238,44.7,0.029,0,2026-08-04,2026-08-05,False,False,5.0,2026-08-05T15:51:47+05:30
INDUSTOWER,390.61,TOUCHED,-1.22,below,385.85,390.61,391.22,391.82,390.61,0.311,44.9,0.022,0,2026-08-04,2026-08-05,False,False,5.0,2026-08-05T15:51:47+05:30
INOXWIND,79.38,TOUCHED,-0.65,below,78.86,79.38,79.55,79.72,79.38,0.423,44.9,0.041,0,2026-08-04,2026-08-05,False,False,5.0,2026-08-05T15:51:47+05:30
TATAINVEST,677.80,TOUCHED,-1.08,below,670.5,677.8,678.95,680.1,677.8,0.339,44.9,0.023,0,2026-08-03,2026-08-05,False,False,5.0,2026-08-05T15:51:47+05:30
ITI,281.55,TOUCHED,0.02,above,281.6,281.55,280.95,281.55,280.35,0.427,45.2,0.035,0,2026-08-03,2026-08-05,False,False,5.0,2026-08-05T15:51:47+05:30
YESBANK,22.97,TOUCHED,0.02,above,22.97,22.97,22.93,22.97,22.9,0.305,45.2,0.04,0,2026-08-04,2026-08-05,False,False,5.0,2026-08-05T15:51:47+05:30
ICICIAMC,3077.03,TOUCHED,0.15,inside,3081.8,3077.03,3077.03,3083.65,3070.42,0.43,45.5,0.029,0,2026-08-04,2026-08-05,False,False,5.0,2026-08-05T15:51:47+05:30
MRPL,170.54,TOUCHED,0.25,inside,170.97,170.54,170.54,170.99,170.09,0.528,45.5,0.056,0,2026-08-04,2026-08-05,False,False,5.0,2026-08-05T15:51:47+05:30
SBIN,1041.55,TOUCHED,1.29,above,1055.0,1041.55,1040.4,1041.55,1039.25,0.221,45.5,0.011,0,2026-08-04,2026-08-05,False,False,5.0,2026-08-05T15:51:47+05:30
CUB,202.87,TOUCHED,0.83,above,204.56,202.87,202.4,202.87,201.94,0.461,45.8,0.034,0,2026-08-04,2026-08-05,False,False,5.0,2026-08-05T15:51:47+05:30
NTPCGREEN,90.88,TOUCHED,-0.24,below,90.66,90.88,91.03,91.19,90.88,0.344,45.8,0.018,0,2026-08-04,2026-08-05,False,False,5.0,2026-08-05T15:51:47+05:30
IRFC,89.74,TOUCHED,-0.94,below,88.9,89.74,89.88,90.02,89.74,0.312,46.0,0.033,0,2026-08-04,2026-08-05,False,False,5.0,2026-08-05T15:51:47+05:30
BIOCON,424.32,TOUCHED,0.21,above,425.2,424.32,423.55,424.32,422.77,0.366,46.3,0.031,0,2026-08-04,2026-08-05,False,False,5.0,2026-08-05T15:51:47+05:30
ELGIEQUIP,587.50,TOUCHED,-0.58,below,584.1,587.5,588.73,589.97,587.5,0.419,46.3,0.045,0,2026-08-04,2026-08-05,False,False,5.0,2026-08-05T15:51:47+05:30
FIVESTAR,547.40,TOUCHED,0.05,inside,547.7,547.4,547.4,548.73,546.08,0.484,46.3,0.036,0,2026-08-04,2026-08-05,False,False,5.0,2026-08-05T15:51:47+05:30
INTELLECT,745.13,TOUCHED,0.14,inside,746.2,745.13,745.13,746.99,743.28,0.499,46.3,0.042,0,2026-08-03,2026-08-05,False,False,5.0,2026-08-05T15:51:47+05:30
NH,1908.25,TOUCHED,-0.27,below,1903.1,1908.25,1911.97,1915.68,1908.25,0.389,46.6,0.036,0,2026-08-04,2026-08-05,False,False,5.0,2026-08-05T15:51:47+05:30
PERSISTENT,5520.17,TOUCHED,-0.0,inside,5520.0,5520.17,5520.17,5530.75,5509.58,0.383,46.8,0.018,0,2026-08-04,2026-08-05,False,False,5.0,2026-08-05T15:51:47+05:30
APTUS,263.02,TOUCHED,0.49,above,264.3,263.02,262.43,263.02,261.85,0.445,47.4,0.024,0,2026-08-03,2026-08-05,False,False,5.0,2026-08-05T15:51:47+05:30
OLAELEC,38.95,TOUCHED,6.38,above,41.44,38.95,38.83,38.95,38.7,0.661,47.7,0.073,0,2026-08-04,2026-08-05,False,False,5.0,2026-08-05T15:51:47+05:30
ATUL,6806.00,TOUCHED,-0.18,below,6794.0,6806.0,6818.5,6831.0,6806.0,0.367,47.9,0.016,0,2026-08-04,2026-08-05,False,False,5.0,2026-08-05T15:51:47+05:30
BAJAJHFL,87.23,TOUCHED,-0.28,below,86.98,87.23,87.34,87.46,87.23,0.267,48.2,0.025,0,2026-08-04,2026-08-05,False,False,5.0,2026-08-05T15:51:47+05:30
ADANIPOWER,210.36,TOUCHED,-0.65,below,208.99,210.36,210.77,211.18,210.36,0.387,48.5,0.053,0,2026-08-04,2026-08-05,False,False,5.0,2026-08-05T15:51:47+05:30
PAGEIND,40330.00,TOUCHED,0.06,inside,40355.0,40330.0,40330.0,40395.0,40265.0,0.322,48.5,0.027,0,2026-08-03,2026-08-05,False,False,5.0,2026-08-05T15:51:47+05:30
SONATSOFTW,347.62,TOUCHED,-2.91,below,337.5,347.62,348.52,349.41,347.62,0.512,48.5,0.033,0,2026-08-04,2026-08-05,False,False,5.0,2026-08-05T15:51:47+05:30
TMCV,449.90,TOUCHED,0.07,above,450.2,449.9,448.85,449.9,447.8,0.468,48.6,0.024,0,2026-08-04,2026-08-05,False,False,5.0,2026-08-05T15:51:47+05:30
MMTC,63.81,TOUCHED,-0.05,below,63.78,63.81,63.98,64.14,63.81,0.511,49.0,0.053,0,2026-08-04,2026-08-05,False,False,5.0,2026-08-05T15:51:47+05:30
BHARTIHEXA,1636.15,TOUCHED,-5.1,below,1552.7,1636.15,1639.37,1642.58,1636.15,0.392,49.3,0.037,0,2026-08-03,2026-08-05,False,False,5.0,2026-08-05T15:51:47+05:30
CUMMINSIND,5518.00,TOUCHED,-1.41,below,5440.0,5518.0,5528.67,5539.33,5518.0,0.386,49.3,0.018,0,2026-08-03,2026-08-05,False,False,5.0,2026-08-05T15:51:47+05:30
JKCEMENT,5528.00,TOUCHED,-0.79,below,5484.5,5528.0,5539.83,5551.67,5528.0,0.427,49.3,0.033,0,2026-08-03,2026-08-05,False,False,5.0,2026-08-05T15:51:47+05:30
JUBLINGREA,753.12,TOUCHED,-0.93,below,746.1,753.12,754.9,756.68,753.12,0.47,49.3,0.036,0,2026-08-04,2026-08-05,False,False,5.0,2026-08-05T15:51:47+05:30
HONAUT,38321.67,TOUCHED,0.14,inside,38375.0,38321.67,38321.67,38387.5,38255.83,0.344,49.6,0.022,0,2026-08-04,2026-08-05,False,False,5.0,2026-08-05T15:51:47+05:30
KIRLOSENG,2254.50,TOUCHED,-0.58,below,2241.4,2254.5,2260.97,2267.43,2254.5,0.572,49.9,0.035,0,2026-08-04,2026-08-05,False,False,5.0,2026-08-05T15:51:47+05:30
FEDERALBNK,360.82,TOUCHED,-1.21,below,356.45,360.82,361.37,361.91,360.82,0.3,50.1,0.026,0,2026-08-04,2026-08-05,False,False,5.0,2026-08-05T15:51:47+05:30
GMRAIRPORT,106.36,TOUCHED,0.6,above,107.0,106.36,106.16,106.36,105.96,0.377,50.1,0.019,0,2026-08-04,2026-08-05,False,False,5.0,2026-08-05T15:51:47+05:30
TTML,39.97,TOUCHED,-0.29,below,39.85,39.97,40.05,40.14,39.97,0.424,50.1,0.046,0,2026-08-04,2026-08-05,False,False,5.0,2026-08-05T15:51:47+05:30
SOLARINDS,18534.00,TOUCHED,-0.72,below,18400.0,18534.0,18575.67,18617.33,18534.0,0.449,51.2,0.057,0,2026-08-03,2026-08-05,False,False,5.0,2026-08-05T15:51:47+05:30
TATACOMM,1768.10,TOUCHED,-1.15,below,1747.8,1768.1,1771.57,1775.03,1768.1,0.391,51.5,0.022,0,2026-08-04,2026-08-05,False,False,5.0,2026-08-05T15:51:47+05:30
GVT&D,4372.50,TOUCHED,0.86,above,4410.0,4372.5,4359.4,4372.5,4346.3,0.601,52.1,0.025,0,2026-08-04,2026-08-05,False,False,5.0,2026-08-05T15:51:47+05:30
TATACHEM,669.57,TOUCHED,-0.51,below,666.15,669.57,670.85,672.12,669.57,0.38,52.1,0.021,0,2026-08-04,2026-08-05,False,False,5.0,2026-08-05T15:51:47+05:30
CROMPTON,265.80,TOUCHED,0.11,above,266.1,265.8,265.3,265.8,264.8,0.377,52.3,0.025,0,2026-08-03,2026-08-05,False,False,5.0,2026-08-05T15:51:47+05:30
RITES,217.50,TOUCHED,4.53,above,227.35,217.5,217.05,217.5,216.59,0.419,52.3,0.025,0,2026-08-04,2026-08-05,False,False,5.0,2026-08-05T15:51:47+05:30
PINELABS,151.71,TOUCHED,-2.56,below,147.82,151.71,152.23,152.75,151.71,0.683,52.5,0.054,0,2026-08-04,2026-08-05,False,False,5.0,2026-08-05T15:51:47+05:30
HEG,677.12,TOUCHED,1.34,above,686.2,677.12,675.28,677.12,673.45,0.543,52.6,0.05,0,2026-08-04,2026-08-05,False,False,5.0,2026-08-05T15:51:47+05:30
CESC,165.10,TOUCHED,-0.96,below,163.52,165.1,165.45,165.8,165.1,0.417,52.9,0.037,0,2026-08-04,2026-08-05,False,False,5.0,2026-08-05T15:51:47+05:30
IFCI,76.13,TOUCHED,-0.64,below,75.64,76.13,76.35,76.58,76.13,0.589,53.2,0.102,0,2026-08-04,2026-08-05,False,False,5.0,2026-08-05T15:51:47+05:30
WHIRLPOOL,822.50,TOUCHED,-1.73,below,808.3,822.5,824.5,826.5,822.5,0.485,53.4,0.043,0,2026-08-04,2026-08-05,False,False,5.0,2026-08-05T15:51:47+05:30
PNB,113.54,TOUCHED,0.01,inside,113.55,113.54,113.54,113.77,113.32,0.393,53.7,0.035,0,2026-08-04,2026-08-05,False,False,5.0,2026-08-05T15:51:47+05:30
MOTHERSON,152.10,TOUCHED,1.48,above,154.35,152.1,151.74,152.1,151.37,0.485,54.0,0.033,0,2026-08-04,2026-08-05,False,False,5.0,2026-08-05T15:51:47+05:30
TIINDIA,2764.65,TOUCHED,0.84,above,2787.9,2764.65,2757.87,2764.65,2751.08,0.492,54.0,0.038,0,2026-08-04,2026-08-05,False,False,5.0,2026-08-05T15:51:47+05:30
TARIL,296.58,TOUCHED,-0.64,below,294.7,296.58,297.67,298.75,296.58,0.728,54.5,0.054,0,2026-08-03,2026-08-05,False,False,5.0,2026-08-05T15:51:47+05:30
TRITURBINE,623.03,TOUCHED,0.07,above,623.45,623.03,621.62,623.03,620.21,0.453,54.5,0.021,0,2026-08-04,2026-08-05,False,False,5.0,2026-08-05T15:51:47+05:30
HEXT,560.12,TOUCHED,1.87,above,570.6,560.12,558.4,560.12,556.68,0.618,55.0,0.046,0,2026-08-04,2026-08-05,False,False,5.0,2026-08-05T15:51:47+05:30
ADANIGREEN,1398.93,TOUCHED,-1.35,below,1380.0,1398.93,1402.87,1406.8,1398.93,0.561,55.1,0.04,0,2026-08-03,2026-08-05,False,False,5.0,2026-08-05T15:51:47+05:30
SAILIFE,1363.17,TOUCHED,2.28,above,1394.3,1363.17,1359.93,1363.17,1356.7,0.476,55.3,0.041,0,2026-08-04,2026-08-05,False,False,5.0,2026-08-05T15:51:47+05:30
GRANULES,831.55,TOUCHED,1.63,above,845.1,831.55,829.6,831.55,827.65,0.47,55.6,0.037,0,2026-08-04,2026-08-05,False,False,5.0,2026-08-05T15:51:47+05:30
LTFOODS,418.51,TOUCHED,-0.32,below,417.15,418.51,419.62,420.73,418.51,0.528,55.6,0.036,0,2026-08-04,2026-08-05,False,False,5.0,2026-08-05T15:51:47+05:30
JSWCEMENT,132.24,TOUCHED,-0.15,below,132.04,132.24,132.57,132.89,132.24,0.495,55.8,0.037,0,2026-08-04,2026-08-05,False,False,5.0,2026-08-05T15:51:47+05:30
HINDCOPPER,497.17,TOUCHED,7.37,above,533.8,497.17,495.57,497.17,493.96,0.649,55.9,0.036,0,2026-08-04,2026-08-05,False,False,5.0,2026-08-05T15:51:47+05:30
GICRE,359.62,TOUCHED,0.01,inside,359.65,359.62,359.62,360.4,358.83,0.436,56.2,0.032,0,2026-08-03,2026-08-05,False,False,5.0,2026-08-05T15:51:47+05:30
PGEL,614.08,TOUCHED,-1.8,below,603.0,614.08,616.15,618.23,614.08,0.674,56.2,0.054,0,2026-08-04,2026-08-05,False,False,5.0,2026-08-05T15:51:47+05:30
DOMS,2277.35,TOUCHED,-1.18,below,2250.5,2277.35,2282.23,2287.12,2277.35,0.428,56.4,0.027,0,2026-08-03,2026-08-05,False,False,5.0,2026-08-05T15:51:47+05:30
JSWINFRA,331.48,TOUCHED,0.88,above,334.4,331.48,330.73,331.48,329.99,0.448,56.7,0.029,0,2026-08-04,2026-08-05,False,False,5.0,2026-08-05T15:51:47+05:30
NTPC,345.28,TOUCHED,1.34,above,349.9,345.28,344.73,345.28,344.19,0.314,56.7,0.016,0,2026-08-04,2026-08-05,False,False,5.0,2026-08-05T15:51:47+05:30
TATAELXSI,3752.93,TOUCHED,-0.08,inside,3749.8,3752.93,3752.93,3760.9,3744.97,0.425,57.0,0.034,0,2026-08-04,2026-08-05,False,False,5.0,2026-08-05T15:51:47+05:30
TATAPOWER,382.10,TOUCHED,0.24,above,383.0,382.1,381.4,382.1,380.7,0.367,57.0,0.023,0,2026-08-04,2026-08-05,False,False,5.0,2026-08-05T15:51:47+05:30
AWL,191.63,TOUCHED,1.0,above,193.54,191.63,191.19,191.63,190.74,0.464,57.8,0.044,0,2026-08-03,2026-08-05,False,False,5.0,2026-08-05T15:51:47+05:30
IPCALAB,1707.20,TOUCHED,3.39,above,1765.0,1707.2,1703.03,1707.2,1698.87,0.489,57.8,0.032,0,2026-08-04,2026-08-05,False,False,5.0,2026-08-05T15:51:47+05:30
COCHINSHIP,1434.28,TOUCHED,-0.65,below,1425.0,1434.28,1438.57,1442.85,1434.28,0.595,58.1,0.043,0,2026-08-04,2026-08-05,False,False,5.0,2026-08-05T15:51:47+05:30
IIFL,612.20,TOUCHED,-0.33,below,610.2,612.2,614.08,615.97,612.2,0.613,58.1,0.031,0,2026-08-03,2026-08-05,False,False,5.0,2026-08-05T15:51:47+05:30
ABB,7715.83,TOUCHED,-0.33,below,7690.5,7715.83,7731.67,7747.5,7715.83,0.41,58.4,0.023,0,2026-08-04,2026-08-05,False,False,5.0,2026-08-05T15:51:47+05:30
POWERINDIA,32347.50,TOUCHED,0.16,above,32400.0,32347.5,32233.33,32347.5,32119.17,0.708,58.4,0.055,0,2026-08-04,2026-08-05,False,False,5.0,2026-08-05T15:51:47+05:30
HBLENGINE,734.18,TOUCHED,0.32,inside,736.5,734.18,734.18,736.69,731.68,0.683,58.6,0.037,0,2026-08-03,2026-08-05,False,False,5.0,2026-08-05T15:51:47+05:30
IKS,1861.75,TOUCHED,0.86,above,1877.7,1861.75,1856.47,1861.75,1851.18,0.569,58.9,0.02,0,2026-08-04,2026-08-05,False,False,5.0,2026-08-05T15:51:47+05:30
PPLPHARMA,201.95,TOUCHED,2.39,above,206.78,201.95,201.4,201.95,200.85,0.546,59.2,0.044,0,2026-08-04,2026-08-05,False,False,5.0,2026-08-05T15:51:47+05:30
CARBORUNIV,1086.90,TOUCHED,-0.48,below,1081.7,1086.9,1089.77,1092.63,1086.9,0.526,59.7,0.029,0,2026-08-03,2026-08-05,False,False,5.0,2026-08-05T15:51:47+05:30
NEULANDLAB,19467.50,TOUCHED,2.51,above,19956.0,19467.5,19402.67,19467.5,19337.83,0.668,59.7,0.03,0,2026-08-04,2026-08-05,False,False,5.0,2026-08-05T15:51:47+05:30
PAYTM,1412.50,TOUCHED,1.17,above,1429.0,1412.5,1408.33,1412.5,1404.17,0.592,59.7,0.057,0,2026-08-04,2026-08-05,False,False,5.0,2026-08-05T15:51:47+05:30
UNITDSPR,1528.25,TOUCHED,-0.54,below,1520.0,1528.25,1531.5,1534.75,1528.25,0.424,59.7,0.035,0,2026-08-04,2026-08-05,False,False,5.0,2026-08-05T15:51:47+05:30
PNBHOUSING,1077.30,TOUCHED,4.11,above,1121.6,1077.3,1074.6,1077.3,1071.9,0.503,60.0,0.027,0,2026-08-04,2026-08-05,False,False,5.0,2026-08-05T15:51:47+05:30
ACMESOLAR,380.37,TOUCHED,0.49,above,382.25,380.37,379.1,380.37,377.82,0.673,60.3,0.05,0,2026-08-04,2026-08-05,False,False,5.0,2026-08-05T15:51:47+05:30
COROMANDEL,2096.70,TOUCHED,-0.49,below,2086.4,2096.7,2102.9,2109.1,2096.7,0.59,60.5,0.04,0,2026-08-03,2026-08-05,False,False,5.0,2026-08-05T15:51:47+05:30
INDHOTEL,745.08,TOUCHED,-0.54,below,741.05,745.08,746.72,748.36,745.08,0.44,60.5,0.019,0,2026-08-04,2026-08-05,False,False,5.0,2026-08-05T15:51:47+05:30
HCLTECH,1361.65,TOUCHED,-0.86,below,1350.0,1361.65,1364.4,1367.15,1361.65,0.403,60.8,0.022,0,2026-08-04,2026-08-05,False,False,5.0,2026-08-05T15:51:47+05:30
CREDITACC,1563.50,TOUCHED,-2.3,below,1527.6,1563.5,1568.8,1574.1,1563.5,0.676,62.7,0.035,0,2026-08-03,2026-08-05,False,False,5.0,2026-08-05T15:51:47+05:30
ESCORTS,3109.40,TOUCHED,-0.65,below,3089.2,3109.4,3117.6,3125.8,3109.4,0.526,62.7,0.042,0,2026-08-04,2026-08-05,False,False,5.0,2026-08-05T15:51:47+05:30
INDUSINDBK,1021.10,TOUCHED,-0.21,below,1019.0,1021.1,1023.7,1026.3,1021.1,0.508,63.0,0.031,0,2026-08-03,2026-08-05,False,False,5.0,2026-08-05T15:51:47+05:30
MAXHEALTH,1082.73,TOUCHED,-0.25,inside,1080.0,1082.73,1082.73,1085.6,1079.87,0.53,63.6,0.037,0,2026-08-04,2026-08-05,False,False,5.0,2026-08-05T15:51:47+05:30
IGL,154.34,TOUCHED,-0.17,below,154.08,154.34,154.75,155.17,154.34,0.532,64.1,0.046,0,2026-08-04,2026-08-05,False,False,5.0,2026-08-05T15:51:47+05:30
COALINDIA,416.07,TOUCHED,-0.14,inside,415.5,416.07,416.07,416.83,415.3,0.369,64.4,0.022,0,2026-08-04,2026-08-05,False,False,5.0,2026-08-05T15:51:47+05:30
HAL,4647.33,TOUCHED,-0.05,below,4645.0,4647.33,4659.67,4672.0,4647.33,0.529,64.7,0.038,0,2026-08-04,2026-08-05,False,False,5.0,2026-08-05T15:51:47+05:30
DMART,3996.35,TOUCHED,-1.26,below,3946.0,3996.35,4005.23,4014.12,3996.35,0.444,64.9,0.028,0,2026-08-04,2026-08-05,False,False,5.0,2026-08-05T15:51:47+05:30
DEVYANI,119.35,TOUCHED,4.81,above,125.09,119.35,118.96,119.35,118.56,0.667,65.2,0.04,0,2026-08-04,2026-08-05,False,False,5.0,2026-08-05T15:51:47+05:30
NSLNISP,43.88,TOUCHED,2.03,above,44.77,43.88,43.75,43.88,43.62,0.594,65.2,0.033,0,2026-08-04,2026-08-05,False,False,5.0,2026-08-05T15:51:47+05:30
ABLBL,95.01,TOUCHED,-0.43,below,94.6,95.01,95.31,95.61,95.01,0.63,65.5,0.054,0,2026-08-03,2026-08-05,False,False,5.0,2026-08-05T15:51:47+05:30
ACC,1392.45,TOUCHED,0.11,above,1394.0,1392.45,1389.87,1392.45,1387.28,0.372,65.5,0.033,0,2026-08-04,2026-08-05,False,False,5.0,2026-08-05T15:51:47+05:30
CAPLIPOINT,2549.60,TOUCHED,-0.31,inside,2541.8,2549.6,2549.6,2557.85,2541.35,0.647,65.8,0.032,0,2026-08-03,2026-08-05,False,False,5.0,2026-08-05T15:51:47+05:30
MAHABANK,79.10,TOUCHED,0.13,above,79.2,79.1,78.87,79.1,78.64,0.571,65.8,0.037,0,2026-08-04,2026-08-05,False,False,5.0,2026-08-05T15:51:47+05:30
UBL,1441.27,TOUCHED,-1.99,below,1412.6,1441.27,1444.13,1447.0,1441.27,0.397,66.3,0.028,0,2026-08-03,2026-08-05,False,False,5.0,2026-08-05T15:51:47+05:30
SCHNEIDER,1351.80,TOUCHED,0.05,above,1352.5,1351.8,1345.83,1351.8,1339.87,0.887,66.6,0.028,0,2026-08-04,2026-08-05,False,False,5.0,2026-08-05T15:51:47+05:30
ULTRACEMCO,12025.83,TOUCHED,1.37,above,12190.0,12025.83,12001.67,12025.83,11977.5,0.403,66.8,0.023,0,2026-08-04,2026-08-05,False,False,5.0,2026-08-05T15:51:47+05:30
AEGISVOPAK,297.44,TOUCHED,-4.57,below,283.85,297.44,298.73,300.02,297.44,0.865,67.1,0.039,0,2026-08-04,2026-08-05,False,False,5.0,2026-08-05T15:51:47+05:30
SUMICHEM,510.43,TOUCHED,-0.56,below,507.55,510.43,512.23,514.04,510.43,0.706,67.1,0.041,0,2026-08-03,2026-08-05,False,False,5.0,2026-08-05T15:51:47+05:30
BALKRISIND,2485.00,TOUCHED,0.67,above,2501.6,2485.0,2478.1,2485.0,2471.2,0.557,68.5,0.026,0,2026-08-04,2026-08-05,False,False,5.0,2026-08-05T15:51:47+05:30
ASHOKLEY,173.62,TOUCHED,1.95,above,177.0,173.62,173.11,173.62,172.59,0.593,69.0,0.027,0,2026-08-04,2026-08-05,False,False,5.0,2026-08-05T15:51:47+05:30
ELECON,433.58,TOUCHED,0.4,inside,435.3,433.58,433.58,435.6,431.57,0.93,69.6,0.036,0,2026-08-04,2026-08-05,False,False,5.0,2026-08-05T15:51:47+05:30
BANKBARODA,245.69,TOUCHED,-0.04,below,245.6,245.69,246.38,247.07,245.69,0.561,69.9,0.012,0,2026-08-04,2026-08-05,False,False,5.0,2026-08-05T15:51:47+05:30
CGCL,229.97,TOUCHED,3.62,above,238.3,229.97,229.13,229.97,228.3,0.726,70.4,0.053,0,2026-08-03,2026-08-05,False,False,5.0,2026-08-05T15:51:47+05:30
SUPREMEIND,3497.05,TOUCHED,-1.04,below,3460.6,3497.05,3508.03,3519.02,3497.05,0.626,70.4,0.04,0,2026-08-03,2026-08-05,False,False,5.0,2026-08-05T15:51:47+05:30
SUZLON,48.18,TOUCHED,-0.07,below,48.15,48.18,48.35,48.53,48.18,0.71,70.4,0.033,0,2026-08-04,2026-08-05,False,False,5.0,2026-08-05T15:51:47+05:30
AXISBANK,1254.00,TOUCHED,-0.01,below,1253.9,1254.0,1256.6,1259.2,1254.0,0.414,71.0,0.024,0,2026-08-04,2026-08-05,False,False,5.0,2026-08-05T15:51:47+05:30
BHARTIARTL,1966.07,TOUCHED,0.61,above,1978.0,1966.07,1962.03,1966.07,1958.0,0.411,71.0,0.014,0,2026-08-04,2026-08-05,False,False,5.0,2026-08-05T15:51:47+05:30
LUPIN,2393.55,TOUCHED,-0.23,below,2388.0,2393.55,2399.03,2404.52,2393.55,0.457,71.2,0.028,0,2026-08-04,2026-08-05,False,False,5.0,2026-08-05T15:51:47+05:30
VBL,440.36,TOUCHED,-0.76,below,437.0,440.36,441.72,443.07,440.36,0.615,71.5,0.03,0,2026-08-04,2026-08-05,False,False,5.0,2026-08-05T15:51:47+05:30
NETWEB,4736.98,TOUCHED,3.31,above,4893.8,4736.98,4711.77,4736.98,4686.55,1.07,71.8,0.054,0,2026-08-04,2026-08-05,False,False,5.0,2026-08-05T15:51:47+05:30
MOTILALOFS,871.73,TOUCHED,0.95,above,880.0,871.73,868.15,871.73,864.58,0.824,72.6,0.045,0,2026-08-04,2026-08-05,False,False,5.0,2026-08-05T15:51:47+05:30
ABSLAMC,1006.20,TOUCHED,1.08,above,1017.1,1006.2,1002.67,1006.2,999.13,0.705,73.2,0.032,0,2026-08-04,2026-08-05,False,False,5.0,2026-08-05T15:51:47+05:30
CIEINDIA,415.73,TOUCHED,-0.16,below,415.05,415.73,417.03,418.34,415.73,0.627,73.2,0.029,0,2026-08-03,2026-08-05,False,False,5.0,2026-08-05T15:51:47+05:30
SAPPHIRE,191.48,TOUCHED,5.77,above,202.52,191.48,190.65,191.48,189.82,0.865,73.4,0.05,0,2026-08-04,2026-08-05,False,False,5.0,2026-08-05T15:51:47+05:30
ASTERDM,831.90,TOUCHED,1.23,above,842.1,831.9,829.1,831.9,826.3,0.675,73.7,0.028,0,2026-08-04,2026-08-05,False,False,5.0,2026-08-05T15:51:47+05:30
GROWW,192.22,TOUCHED,-0.2,below,191.84,192.22,193.11,194.0,192.22,0.922,73.8,0.035,0,2026-08-04,2026-08-05,False,False,5.0,2026-08-05T15:51:47+05:30
CRISIL,4409.92,TOUCHED,1.49,above,4475.6,4409.92,4394.93,4409.92,4379.95,0.682,74.0,0.049,0,2026-08-03,2026-08-05,False,False,5.0,2026-08-05T15:51:47+05:30
GMDCLTD,564.50,TOUCHED,2.73,above,579.9,564.5,561.67,564.5,558.83,1.009,74.2,0.063,0,2026-08-04,2026-08-05,False,False,5.0,2026-08-05T15:51:47+05:30
IDFCFIRSTB,85.53,TOUCHED,-0.27,inside,85.3,85.53,85.53,85.76,85.29,0.553,74.2,0.033,0,2026-08-04,2026-08-05,False,False,5.0,2026-08-05T15:51:47+05:30
LODHA,1245.35,TOUCHED,0.37,above,1250.0,1245.35,1240.17,1245.35,1234.98,0.836,74.2,0.031,0,2026-08-04,2026-08-05,False,False,5.0,2026-08-05T15:51:47+05:30
ZYDUSLIFE,1121.55,TOUCHED,-0.04,below,1121.1,1121.55,1124.37,1127.18,1121.55,0.501,74.2,0.024,0,2026-08-04,2026-08-05,False,False,5.0,2026-08-05T15:51:47+05:30
AADHARHFC,497.65,TOUCHED,1.52,above,505.2,497.65,496.03,497.65,494.42,0.652,74.5,0.025,0,2026-08-04,2026-08-05,False,False,5.0,2026-08-05T15:51:47+05:30
ACE,1101.30,TOUCHED,3.31,above,1137.8,1101.3,1097.2,1101.3,1093.1,0.747,74.5,0.049,0,2026-08-03,2026-08-05,False,False,5.0,2026-08-05T15:51:47+05:30
JSWDULUX,3005.97,TOUCHED,0.54,above,3022.1,3005.97,2996.43,3005.97,2986.9,0.636,74.8,0.022,0,2026-08-03,2026-08-05,False,False,5.0,2026-08-05T15:51:47+05:30
SUNDARMFIN,4796.45,TOUCHED,-1.26,below,4736.0,4796.45,4813.6,4830.75,4796.45,0.713,75.1,0.03,0,2026-08-04,2026-08-05,False,False,5.0,2026-08-05T15:51:47+05:30
AFFLE,1665.00,TOUCHED,-0.14,below,1662.6,1665.0,1671.1,1677.2,1665.0,0.73,75.3,0.034,0,2026-08-04,2026-08-05,False,False,5.0,2026-08-05T15:51:47+05:30
PIDILITIND,1630.50,TOUCHED,2.12,above,1665.0,1630.5,1627.0,1630.5,1623.5,0.43,75.3,0.026,0,2026-08-04,2026-08-05,False,False,5.0,2026-08-05T15:51:47+05:30
KALYANKJIL,593.83,TOUCHED,-4.1,below,569.5,593.83,596.25,598.67,593.83,0.813,75.6,0.039,0,2026-08-04,2026-08-05,False,False,5.0,2026-08-05T15:51:47+05:30
FSL,329.20,TOUCHED,3.11,above,339.45,329.2,327.7,329.2,326.2,0.915,75.9,0.034,0,2026-08-04,2026-08-05,False,False,5.0,2026-08-05T15:51:47+05:30
RECLTD,369.36,TOUCHED,-0.91,below,366.0,369.36,370.62,371.88,369.36,0.679,75.9,0.016,0,2026-08-03,2026-08-05,False,False,5.0,2026-08-05T15:51:47+05:30
TITAN,4910.67,TOUCHED,0.04,inside,4912.4,4910.67,4910.67,4922.83,4898.5,0.496,76.2,0.018,0,2026-08-04,2026-08-05,False,False,5.0,2026-08-05T15:51:47+05:30
TITAGARH,851.45,TOUCHED,0.18,inside,852.95,851.45,851.45,855.25,847.65,0.893,76.7,0.051,0,2026-08-03,2026-08-05,False,False,5.0,2026-08-05T15:51:47+05:30
ANTHEM,825.42,TOUCHED,0.03,inside,825.65,825.42,825.42,828.5,822.33,0.747,76.9,0.043,0,2026-08-04,2026-08-05,False,False,5.0,2026-08-05T15:51:47+05:30
AFCONS,280.63,TOUCHED,0.1,above,280.9,280.63,279.65,280.63,278.68,0.697,77.0,0.024,0,2026-08-04,2026-08-05,False,False,5.0,2026-08-05T15:51:47+05:30
AUBANK,1052.80,TOUCHED,-0.14,inside,1051.3,1052.8,1052.8,1056.4,1049.2,0.684,77.0,0.016,0,2026-08-03,2026-08-05,False,False,5.0,2026-08-05T15:51:47+05:30
MANKIND,2446.17,TOUCHED,-0.43,below,2435.6,2446.17,2454.33,2462.5,2446.17,0.665,77.0,0.038,0,2026-08-04,2026-08-05,False,False,5.0,2026-08-05T15:51:47+05:30
PRESTIGE,1601.83,TOUCHED,-0.55,below,1593.0,1601.83,1608.67,1615.5,1601.83,0.85,77.3,0.055,0,2026-08-04,2026-08-05,False,False,5.0,2026-08-05T15:51:47+05:30
RAILTEL,289.70,TOUCHED,-0.03,inside,289.6,289.7,289.7,290.98,288.43,0.88,77.3,0.049,0,2026-08-03,2026-08-05,False,False,5.0,2026-08-05T15:51:47+05:30
TRENT,3096.63,TOUCHED,1.05,above,3129.0,3096.63,3085.57,3096.63,3074.5,0.717,77.3,0.046,0,2026-08-04,2026-08-05,False,False,5.0,2026-08-05T15:51:47+05:30
HUDCO,202.57,TOUCHED,0.13,above,202.84,202.57,201.74,202.57,200.9,0.829,77.8,0.036,0,2026-08-04,2026-08-05,False,False,5.0,2026-08-05T15:51:47+05:30
DRREDDY,1169.80,TOUCHED,0.53,above,1176.0,1169.8,1167.0,1169.8,1164.2,0.48,78.1,0.015,0,2026-08-04,2026-08-05,False,False,5.0,2026-08-05T15:51:47+05:30
EIDPARRY,800.16,TOUCHED,2.87,above,823.15,800.16,797.22,800.16,794.27,0.738,78.1,0.032,0,2026-08-04,2026-08-05,False,False,5.0,2026-08-05T15:51:47+05:30
AIAENG,4657.93,TOUCHED,-0.24,inside,4646.6,4657.93,4657.93,4673.4,4642.47,0.664,78.6,0.041,0,2026-08-04,2026-08-05,False,False,5.0,2026-08-05T15:51:47+05:30
JINDALSTEL,1116.47,TOUCHED,-0.27,inside,1113.4,1116.47,1116.47,1120.23,1112.7,0.675,78.6,0.034,0,2026-08-04,2026-08-05,False,False,5.0,2026-08-05T15:51:47+05:30
LAURUSLABS,1835.37,TOUCHED,-0.02,inside,1835.0,1835.37,1835.37,1842.68,1828.05,0.797,79.5,0.018,0,2026-08-04,2026-08-05,False,False,5.0,2026-08-05T15:51:47+05:30
PFIZER,4899.55,TOUCHED,0.17,above,4908.0,4899.55,4884.5,4899.55,4869.45,0.616,79.5,0.021,0,2026-08-03,2026-08-05,False,False,5.0,2026-08-05T15:51:47+05:30
VIJAYA,1379.38,TOUCHED,0.74,above,1389.6,1379.38,1373.67,1379.38,1367.95,0.832,79.5,0.036,0,2026-08-04,2026-08-05,False,False,5.0,2026-08-05T15:51:47+05:30
DABUR,413.07,TOUCHED,0.22,above,414.0,413.07,411.93,413.07,410.79,0.554,79.7,0.035,0,2026-08-04,2026-08-05,False,False,5.0,2026-08-05T15:51:47+05:30
BAJAJFINSV,2086.50,TOUCHED,-0.02,below,2086.0,2086.5,2092.67,2098.83,2086.5,0.589,80.0,0.02,0,2026-08-04,2026-08-05,False,False,5.0,2026-08-05T15:51:47+05:30
KOTAKBANK,397.06,TOUCHED,0.74,above,400.0,397.06,396.12,397.06,395.18,0.475,80.0,0.024,0,2026-08-04,2026-08-05,False,False,5.0,2026-08-05T15:51:47+05:30
CONCOR,516.68,TOUCHED,-0.06,below,516.35,516.68,518.37,520.05,516.68,0.649,80.5,0.034,0,2026-08-04,2026-08-05,False,False,5.0,2026-08-05T15:51:47+05:30
RELIANCE,1294.17,TOUCHED,-1.09,below,1280.0,1294.17,1297.43,1300.7,1294.17,0.504,80.5,0.027,0,2026-08-04,2026-08-05,False,False,5.0,2026-08-05T15:51:47+05:30
BLUESTARCO,1692.50,TOUCHED,-1.62,below,1665.0,1692.5,1700.0,1707.5,1692.5,0.882,81.1,0.046,0,2026-08-04,2026-08-05,False,False,5.0,2026-08-05T15:51:47+05:30
POLICYBZR,1619.55,TOUCHED,0.03,above,1620.0,1619.55,1612.03,1619.55,1604.52,0.933,81.1,0.038,0,2026-08-04,2026-08-05,False,False,5.0,2026-08-05T15:51:47+05:30
SYNGENE,407.20,TOUCHED,-0.06,inside,406.95,407.2,407.2,408.7,405.7,0.737,81.1,0.025,0,2026-08-04,2026-08-05,False,False,5.0,2026-08-05T15:51:47+05:30
PETRONET,281.95,TOUCHED,-0.41,below,280.8,281.95,282.92,283.88,281.95,0.683,81.4,0.025,0,2026-08-03,2026-08-05,False,False,5.0,2026-08-05T15:51:47+05:30
DLF,648.87,TOUCHED,0.04,inside,649.1,648.87,648.87,651.6,646.13,0.842,81.9,0.033,0,2026-08-04,2026-08-05,False,False,5.0,2026-08-05T15:51:47+05:30
SBILIFE,1898.90,TOUCHED,-1.0,below,1879.9,1898.9,1904.27,1909.63,1898.9,0.564,81.9,0.017,0,2026-08-03,2026-08-05,False,False,5.0,2026-08-05T15:51:47+05:30
BALRAMCHIN,650.85,TOUCHED,-2.35,below,635.55,650.85,653.47,656.08,650.85,0.801,82.2,0.029,0,2026-08-04,2026-08-05,False,False,5.0,2026-08-05T15:51:47+05:30
WIPRO,187.33,TOUCHED,-0.18,inside,186.99,187.33,187.33,187.85,186.82,0.552,82.2,0.013,0,2026-08-04,2026-08-05,False,False,5.0,2026-08-05T15:51:47+05:30
AMBUJACEM,442.45,TOUCHED,0.58,above,445.0,442.45,440.9,442.45,439.35,0.703,82.5,0.035,0,2026-08-03,2026-08-05,False,False,5.0,2026-08-05T15:51:47+05:30
MFSL,1526.25,TOUCHED,-0.21,below,1523.0,1526.25,1531.67,1537.08,1526.25,0.707,82.7,0.019,0,2026-08-03,2026-08-05,False,False,5.0,2026-08-05T15:51:47+05:30
BAJAJHLDNG,11495.00,TOUCHED,0.01,inside,11496.0,11495.0,11495.0,11547.0,11443.0,0.905,83.6,0.025,0,2026-08-03,2026-08-05,False,False,5.0,2026-08-05T15:51:47+05:30
APLAPOLLO,1943.30,TOUCHED,0.27,above,1948.5,1943.3,1935.53,1943.3,1927.77,0.803,83.8,0.017,0,2026-08-04,2026-08-05,False,False,5.0,2026-08-05T15:51:47+05:30
JSWSTEEL,1295.98,TOUCHED,2.62,above,1330.0,1295.98,1291.97,1295.98,1287.95,0.622,84.1,0.024,0,2026-08-04,2026-08-05,False,False,5.0,2026-08-05T15:51:47+05:30
NYKAA,338.55,TOUCHED,-0.95,below,335.35,338.55,339.87,341.18,338.55,0.775,84.1,0.027,0,2026-08-04,2026-08-05,False,False,5.0,2026-08-05T15:51:47+05:30
LGEINDIA,1559.50,TOUCHED,1.22,above,1578.6,1559.5,1553.83,1559.5,1548.17,0.729,84.2,0.009,0,2026-08-04,2026-08-05,False,False,5.0,2026-08-05T15:51:47+05:30
HDFCLIFE,541.15,TOUCHED,0.71,above,545.0,541.15,539.42,541.15,537.68,0.643,84.4,0.018,0,2026-08-04,2026-08-05,False,False,5.0,2026-08-05T15:51:47+05:30
ARE&M,931.77,TOUCHED,0.76,above,938.85,931.77,928.18,931.77,924.59,0.774,85.8,0.023,0,2026-08-04,2026-08-05,False,False,5.0,2026-08-05T15:51:47+05:30
TVSMOTOR,4371.15,TOUCHED,1.92,above,4455.2,4371.15,4353.3,4371.15,4335.45,0.82,85.8,0.019,0,2026-08-03,2026-08-05,False,False,5.0,2026-08-05T15:51:47+05:30
NUVAMA,1703.75,TOUCHED,-1.62,below,1676.1,1703.75,1713.3,1722.85,1703.75,1.115,86.3,0.025,0,2026-08-04,2026-08-05,False,False,5.0,2026-08-05T15:51:47+05:30
SAIL,172.73,TOUCHED,1.6,above,175.5,172.73,171.91,172.73,171.08,0.956,86.3,0.026,0,2026-08-04,2026-08-05,False,False,5.0,2026-08-05T15:51:47+05:30
KAJARIACER,1203.18,TOUCHED,-1.44,below,1185.9,1203.18,1208.57,1213.95,1203.18,0.891,86.6,0.029,0,2026-08-04,2026-08-05,False,False,5.0,2026-08-05T15:51:47+05:30
LALPATHLAB,1897.28,TOUCHED,-0.54,below,1887.1,1897.28,1905.17,1913.05,1897.28,0.828,86.8,0.044,0,2026-08-04,2026-08-05,False,False,5.0,2026-08-05T15:51:47+05:30
RAINBOW,1572.83,TOUCHED,1.64,above,1598.6,1572.83,1566.67,1572.83,1560.5,0.787,86.8,0.034,0,2026-08-04,2026-08-05,False,False,5.0,2026-08-05T15:51:47+05:30
MINDACORP,721.00,TOUCHED,0.28,inside,723.0,721.0,721.0,724.3,717.7,0.915,87.4,0.035,0,2026-08-03,2026-08-05,False,False,5.0,2026-08-05T15:51:47+05:30
ITC,287.57,TOUCHED,-0.21,inside,286.95,287.57,287.57,288.28,286.85,0.498,87.7,0.021,0,2026-08-04,2026-08-05,False,False,5.0,2026-08-05T15:51:47+05:30
GRASIM,3167.05,TOUCHED,1.8,above,3224.0,3167.05,3157.37,3167.05,3147.68,0.613,87.9,0.017,0,2026-08-04,2026-08-05,False,False,5.0,2026-08-05T15:51:47+05:30
NAM-INDIA,1195.28,TOUCHED,1.65,above,1215.0,1195.28,1188.57,1195.28,1181.85,1.13,87.9,0.035,0,2026-08-04,2026-08-05,False,False,5.0,2026-08-05T15:51:47+05:30
ICICIBANK,1446.67,TOUCHED,0.24,inside,1450.1,1446.67,1446.67,1450.63,1442.7,0.548,88.5,0.023,0,2026-08-04,2026-08-05,False,False,5.0,2026-08-05T15:51:47+05:30
NAUKRI,1250.30,TOUCHED,-0.66,below,1242.0,1250.3,1256.47,1262.63,1250.3,0.982,89.3,0.023,0,2026-08-03,2026-08-05,False,False,5.0,2026-08-05T15:51:47+05:30
LTM,4580.23,TOUCHED,-1.62,below,4506.0,4580.23,4601.47,4622.7,4580.23,0.923,89.6,0.032,0,2026-08-04,2026-08-05,False,False,5.0,2026-08-05T15:51:47+05:30
GLAND,2552.77,TOUCHED,-0.3,inside,2545.1,2552.77,2552.77,2565.98,2539.55,1.035,89.9,0.04,0,2026-08-03,2026-08-05,False,False,5.0,2026-08-05T15:51:47+05:30
THERMAX,4059.33,TOUCHED,0.14,inside,4064.9,4059.33,4059.33,4081.5,4037.17,1.092,89.9,0.019,0,2026-08-04,2026-08-05,False,False,5.0,2026-08-05T15:51:47+05:30
CRAFTSMAN,10279.42,TOUCHED,1.26,above,10408.5,10279.42,10220.33,10279.42,10161.25,1.156,90.1,0.047,0,2026-08-03,2026-08-05,False,False,5.0,2026-08-05T15:51:47+05:30
DALBHARAT,1836.67,TOUCHED,0.08,above,1838.1,1836.67,1828.73,1836.67,1820.8,0.868,90.1,0.028,0,2026-08-03,2026-08-05,False,False,5.0,2026-08-05T15:51:47+05:30
MARICO,866.58,TOUCHED,-1.68,below,852.0,866.58,869.38,872.19,866.58,0.646,90.1,0.018,0,2026-08-04,2026-08-05,False,False,5.0,2026-08-05T15:51:47+05:30
ATHERENERG,1439.68,TOUCHED,2.16,above,1470.8,1439.68,1428.97,1439.68,1418.25,1.5,90.4,0.057,0,2026-08-04,2026-08-05,False,False,5.0,2026-08-05T15:51:47+05:30
LICI,394.17,TOUCHED,-0.3,inside,393.0,394.17,394.17,395.6,392.73,0.727,90.7,0.031,0,2026-08-04,2026-08-05,False,False,5.0,2026-08-05T15:51:47+05:30
RHIM,407.20,TOUCHED,0.44,inside,409.0,407.2,407.2,409.73,404.68,1.24,90.7,0.029,0,2026-08-03,2026-08-05,False,False,5.0,2026-08-05T15:51:47+05:30
DEEPAKFERT,1609.32,TOUCHED,-0.93,below,1594.4,1609.32,1619.53,1629.75,1609.32,1.262,91.0,0.044,0,2026-08-04,2026-08-05,False,False,5.0,2026-08-05T15:51:47+05:30
BEML,1703.57,TOUCHED,-1.88,below,1671.6,1703.57,1716.53,1729.5,1703.57,1.511,91.5,0.028,0,2026-08-04,2026-08-05,False,False,5.0,2026-08-05T15:51:47+05:30
BRITANNIA,5466.00,TOUCHED,-0.48,below,5440.0,5466.0,5487.67,5509.33,5466.0,0.79,91.8,0.021,0,2026-08-03,2026-08-05,False,False,5.0,2026-08-05T15:51:47+05:30
TRAVELFOOD,1336.52,TOUCHED,0.86,above,1348.0,1336.52,1328.43,1336.52,1320.35,1.217,92.0,0.031,0,2026-08-03,2026-08-05,False,False,5.0,2026-08-05T15:51:47+05:30
AUROPHARMA,1577.72,TOUCHED,2.26,above,1613.4,1577.72,1569.53,1577.72,1561.35,1.043,92.6,0.038,0,2026-08-04,2026-08-05,False,False,5.0,2026-08-05T15:51:47+05:30
DELHIVERY,472.80,TOUCHED,-0.54,below,470.25,472.8,475.6,478.4,472.8,1.177,93.2,0.019,0,2026-08-03,2026-08-05,False,False,5.0,2026-08-05T15:51:47+05:30
HINDALCO,1015.52,TOUCHED,2.41,above,1040.0,1015.52,1011.03,1015.52,1006.55,0.887,93.2,0.011,0,2026-08-04,2026-08-05,False,False,5.0,2026-08-05T15:51:47+05:30
TORNTPOWER,1348.72,TOUCHED,-1.87,below,1323.5,1348.72,1356.43,1364.15,1348.72,1.138,93.4,0.031,0,2026-08-04,2026-08-05,False,False,5.0,2026-08-05T15:51:47+05:30
AAVAS,1401.07,TOUCHED,-1.81,below,1375.7,1401.07,1409.53,1418.0,1401.07,1.201,94.2,0.027,0,2026-08-04,2026-08-05,False,False,5.0,2026-08-05T15:51:47+05:30
EMAMILTD,398.75,TOUCHED,0.9,above,402.35,398.75,396.43,398.75,394.12,1.169,94.2,0.022,0,2026-08-04,2026-08-05,False,False,5.0,2026-08-05T15:51:47+05:30
PATANJALI,359.00,TOUCHED,-0.56,below,357.0,359.0,360.67,362.33,359.0,0.924,94.2,0.019,0,2026-08-03,2026-08-05,False,False,5.0,2026-08-05T15:51:47+05:30
MPHASIS,2414.15,TOUCHED,1.9,above,2460.0,2414.15,2399.3,2414.15,2384.45,1.238,94.5,0.024,0,2026-08-03,2026-08-05,False,False,5.0,2026-08-05T15:51:47+05:30
PHOENIXLTD,1931.30,TOUCHED,-0.04,inside,1930.5,1931.3,1931.3,1943.15,1919.45,1.227,94.5,0.047,0,2026-08-03,2026-08-05,False,False,5.0,2026-08-05T15:51:47+05:30
BLUEJET,597.14,TOUCHED,-1.0,below,591.2,597.14,604.78,612.42,597.14,2.527,96.4,0.042,0,2026-08-03,2026-08-05,False,False,5.0,2026-08-05T15:51:47+05:30
URBANCO,143.24,TOUCHED,-0.48,below,142.55,143.24,144.59,145.94,143.24,1.87,96.4,0.045,0,2026-08-04,2026-08-05,False,False,5.0,2026-08-05T15:51:47+05:30
INDGN,537.47,TOUCHED,0.53,inside,540.3,537.47,537.47,541.36,533.57,1.448,96.7,0.022,0,2026-08-03,2026-08-05,False,False,5.0,2026-08-05T15:51:47+05:30
OBEROIRLTY,1801.57,TOUCHED,0.27,inside,1806.5,1801.57,1801.57,1812.95,1790.18,1.264,96.7,0.044,0,2026-08-04,2026-08-05,False,False,5.0,2026-08-05T15:51:47+05:30
