symbol,status,type,distance_pct,trend,ltp,virgin_level,pivot,tc,bc,width_pct,width_percentile,narrow_threshold_pct,days_virgin,source_date,session_date,is_virgin,is_narrow,narrow_percentile_used,scanned_at
COLPAL,1820.0,V+N,-1.3,below,1796.3,1820.0,1820.1,1820.2,1820.0,0.011,1.9,0.025,1,2026-09-08,2026-09-09,True,True,5.0,2026-09-09T14:45:39+05:30
MPHASIS,2354.55,V+N,-1.69,below,2314.8,2354.55,2354.7,2354.85,2354.55,0.013,2.2,0.028,1,2026-09-08,2026-09-09,True,True,5.0,2026-09-09T14:45:39+05:30
HOMEFIRST,1236.8,V+N,-2.47,below,1206.3,1236.8,1236.9,1237.0,1236.8,0.016,2.5,0.042,1,2026-09-08,2026-09-09,True,True,5.0,2026-09-09T14:45:39+05:30
FIRSTCRY,176.27,V+N,-1.48,below,173.65,176.27,176.29,176.32,176.27,0.028,3.0,0.06,1,2026-09-08,2026-09-09,True,True,5.0,2026-09-09T14:45:39+05:30
TORNTPOWER,1270.75,V+N,3.01,above,1309.0,1270.75,1270.57,1270.75,1270.38,0.029,4.4,0.035,1,2026-09-08,2026-09-09,True,True,5.0,2026-09-09T14:45:39+05:30
IIFL,634.03,V+W,-4.08,below,608.15,634.03,640.07,646.1,634.03,1.885,97.3,0.027,1,2026-09-08,2026-09-09,True,False,5.0,2026-09-09T14:45:39+05:30
IFCI,94.3,V+W,-5.26,below,89.34,94.3,95.99,97.68,94.3,3.521,98.4,0.102,1,2026-09-08,2026-09-09,True,False,5.0,2026-09-09T14:45:39+05:30
PFIZER,4353.93,V+W,-3.97,below,4181.0,4353.93,4397.17,4440.4,4353.93,1.966,99.5,0.025,1,2026-09-08,2026-09-09,True,False,5.0,2026-09-09T14:45:39+05:30
NTPC,330.93,V,1.08,above,334.5,330.93,330.88,330.93,330.84,0.025,6.6,0.015,1,2026-09-08,2026-09-09,True,False,5.0,2026-09-09T14:45:39+05:30
OLAELEC,37.65,V,-0.98,below,37.28,37.65,37.67,37.69,37.65,0.106,7.9,0.073,1,2026-09-08,2026-09-09,True,False,5.0,2026-09-09T14:45:39+05:30
BSOFT,281.77,V,-1.67,below,277.05,281.77,281.88,282.0,281.77,0.083,11.5,0.042,1,2026-09-08,2026-09-09,True,False,5.0,2026-09-09T14:45:39+05:30
CARTRADE,3167.85,V,-3.91,below,3044.0,3167.85,3170.8,3173.75,3167.85,0.186,13.2,0.061,1,2026-09-08,2026-09-09,True,False,5.0,2026-09-09T14:45:39+05:30
BSE,3396.7,V,-2.95,below,3296.5,3396.7,3399.4,3402.1,3396.7,0.159,14.2,0.031,1,2026-09-08,2026-09-09,True,False,5.0,2026-09-09T14:45:39+05:30
MAHABANK,84.84,V,-0.48,below,84.44,84.84,84.9,84.95,84.84,0.126,14.5,0.042,1,2026-09-08,2026-09-09,True,False,5.0,2026-09-09T14:45:39+05:30
CENTRALBK,30.91,V,-0.97,below,30.61,30.91,30.93,30.94,30.91,0.108,14.8,0.032,1,2026-09-08,2026-09-09,True,False,5.0,2026-09-09T14:45:39+05:30
DELHIVERY,454.23,V,-0.85,below,450.35,454.23,454.45,454.67,454.23,0.099,14.8,0.023,1,2026-09-08,2026-09-09,True,False,5.0,2026-09-09T14:45:39+05:30
ZENSARTECH,450.85,V,-3.11,below,436.85,450.85,451.15,451.45,450.85,0.133,14.8,0.035,1,2026-09-08,2026-09-09,True,False,5.0,2026-09-09T14:45:39+05:30
ABFRL,52.28,V,-1.66,below,51.41,52.28,52.31,52.35,52.28,0.14,15.1,0.028,1,2026-09-08,2026-09-09,True,False,5.0,2026-09-09T14:45:39+05:30
M&MFIN,374.6,V,-3.07,below,363.1,374.6,374.85,375.1,374.6,0.133,17.0,0.039,1,2026-09-08,2026-09-09,True,False,5.0,2026-09-09T14:45:39+05:30
POONAWALLA,455.56,V,-1.82,below,447.25,455.56,455.87,456.18,455.56,0.135,17.3,0.033,1,2026-09-08,2026-09-09,True,False,5.0,2026-09-09T14:45:39+05:30
HCLTECH,1277.7,V,-3.88,below,1228.1,1277.7,1278.4,1279.1,1277.7,0.11,17.5,0.03,1,2026-09-08,2026-09-09,True,False,5.0,2026-09-09T14:45:39+05:30
KFINTECH,922.62,V,-1.23,below,911.3,922.62,923.45,924.27,922.62,0.179,19.5,0.019,1,2026-09-08,2026-09-09,True,False,5.0,2026-09-09T14:45:39+05:30
TCS,2256.75,V,-1.93,below,2213.3,2256.75,2258.0,2259.25,2256.75,0.111,19.5,0.029,1,2026-09-08,2026-09-09,True,False,5.0,2026-09-09T14:45:39+05:30
TECHM,1555.65,V,-3.4,below,1502.7,1555.65,1556.77,1557.88,1555.65,0.143,23.6,0.038,1,2026-09-08,2026-09-09,True,False,5.0,2026-09-09T14:45:39+05:30
DABUR,375.28,V,-1.27,below,370.5,375.28,375.57,375.85,375.28,0.151,23.8,0.032,1,2026-09-08,2026-09-09,True,False,5.0,2026-09-09T14:45:39+05:30
PERSISTENT,5545.5,V,-2.17,below,5425.0,5545.5,5550.33,5555.17,5545.5,0.174,24.1,0.018,1,2026-09-08,2026-09-09,True,False,5.0,2026-09-09T14:45:39+05:30
TATAELXSI,3483.75,V,-2.59,below,3393.5,3483.75,3486.5,3489.25,3483.75,0.158,24.7,0.035,1,2026-09-08,2026-09-09,True,False,5.0,2026-09-09T14:45:39+05:30
JIOFIN,233.32,V,-0.93,below,231.15,233.32,233.5,233.68,233.32,0.15,24.9,0.023,1,2026-09-08,2026-09-09,True,False,5.0,2026-09-09T14:45:39+05:30
ASIANPAINT,2483.25,V,-0.09,below,2480.9,2483.25,2484.9,2486.55,2483.25,0.133,25.5,0.022,1,2026-09-08,2026-09-09,True,False,5.0,2026-09-09T14:45:39+05:30
RELIANCE,1295.73,V,-0.84,below,1284.8,1295.73,1296.57,1297.4,1295.73,0.129,26.0,0.025,1,2026-09-08,2026-09-09,True,False,5.0,2026-09-09T14:45:39+05:30
FSL,258.12,V,-1.11,below,255.25,258.12,258.43,258.75,258.12,0.245,26.6,0.037,1,2026-09-08,2026-09-09,True,False,5.0,2026-09-09T14:45:39+05:30
MAXHEALTH,991.88,V,4.62,above,1037.7,991.88,990.77,991.88,989.65,0.225,29.0,0.038,1,2026-09-08,2026-09-09,True,False,5.0,2026-09-09T14:45:39+05:30
TATACAP,367.18,V,-1.08,below,363.2,367.18,367.47,367.76,367.18,0.159,29.8,0.017,1,2026-09-08,2026-09-09,True,False,5.0,2026-09-09T14:45:39+05:30
KPITTECH,559.88,V,-1.17,below,553.35,559.88,560.58,561.29,559.88,0.253,31.2,0.047,1,2026-09-08,2026-09-09,True,False,5.0,2026-09-09T14:45:39+05:30
GODFRYPHLP,2013.32,V,-1.75,below,1978.0,2013.32,2016.63,2019.95,2013.32,0.329,31.5,0.041,1,2026-09-08,2026-09-09,True,False,5.0,2026-09-09T14:45:39+05:30
ICICIGI,1485.9,V,-1.25,below,1467.4,1485.9,1487.4,1488.9,1485.9,0.202,31.5,0.022,1,2026-09-08,2026-09-09,True,False,5.0,2026-09-09T14:45:39+05:30
PAGEIND,35950.83,V,-1.57,below,35385.0,35950.83,35986.67,36022.5,35950.83,0.199,32.9,0.027,1,2026-09-08,2026-09-09,True,False,5.0,2026-09-09T14:45:39+05:30
SARDAEN,518.97,V,5.44,above,547.2,518.97,518.08,518.97,517.2,0.341,34.8,0.031,1,2026-09-08,2026-09-09,True,False,5.0,2026-09-09T14:45:39+05:30
WIPRO,171.67,V,-2.58,below,167.25,171.67,171.84,172.01,171.67,0.2,35.9,0.013,1,2026-09-08,2026-09-09,True,False,5.0,2026-09-09T14:45:39+05:30
TATACHEM,608.54,V,-1.12,below,601.75,608.54,609.38,610.23,608.54,0.276,36.7,0.023,1,2026-09-08,2026-09-09,True,False,5.0,2026-09-09T14:45:39+05:30
CDSL,1402.0,V,-2.13,below,1372.2,1402.0,1404.0,1406.0,1402.0,0.285,37.0,0.036,1,2026-09-08,2026-09-09,True,False,5.0,2026-09-09T14:45:39+05:30
ITCHOTELS,157.06,V,-0.95,below,155.57,157.06,157.29,157.51,157.06,0.286,38.6,0.043,1,2026-09-08,2026-09-09,True,False,5.0,2026-09-09T14:45:39+05:30
BHARTIARTL,1838.9,V,-0.65,below,1826.9,1838.9,1840.6,1842.3,1838.9,0.185,39.7,0.017,1,2026-09-08,2026-09-09,True,False,5.0,2026-09-09T14:45:39+05:30
HEROMOTOCO,5312.25,V,-1.28,below,5244.5,5312.25,5319.33,5326.42,5312.25,0.266,40.0,0.019,1,2026-09-08,2026-09-09,True,False,5.0,2026-09-09T14:45:39+05:30
360ONE,1112.08,V,-1.13,below,1099.5,1112.08,1114.17,1116.25,1112.08,0.374,40.8,0.032,1,2026-09-08,2026-09-09,True,False,5.0,2026-09-09T14:45:39+05:30
SAMMAANCAP,153.33,V,-1.77,below,150.62,153.33,153.67,154.0,153.33,0.434,41.6,0.043,1,2026-09-08,2026-09-09,True,False,5.0,2026-09-09T14:45:39+05:30
GMDCLTD,567.37,V,1.57,above,576.3,567.37,565.9,567.37,564.42,0.521,41.9,0.078,1,2026-09-08,2026-09-09,True,False,5.0,2026-09-09T14:45:39+05:30
MFSL,1501.13,V,-2.01,below,1471.0,1501.13,1503.57,1506.0,1501.13,0.324,46.0,0.019,1,2026-09-08,2026-09-09,True,False,5.0,2026-09-09T14:45:39+05:30
MUTHOOTFIN,2884.25,V,-1.9,below,2829.4,2884.25,2889.4,2894.55,2884.25,0.356,47.7,0.04,1,2026-09-08,2026-09-09,True,False,5.0,2026-09-09T14:45:39+05:30
URBANCO,172.27,V,-2.45,below,168.04,172.27,172.76,173.26,172.27,0.575,47.8,0.045,1,2026-09-08,2026-09-09,True,False,5.0,2026-09-09T14:45:39+05:30
CHENNPETRO,1453.55,V,10.04,above,1599.5,1453.55,1449.3,1453.55,1445.05,0.586,48.5,0.026,1,2026-09-08,2026-09-09,True,False,5.0,2026-09-09T14:45:39+05:30
HINDCOPPER,531.4,V,0.48,above,533.95,531.4,529.95,531.4,528.5,0.547,49.3,0.036,1,2026-09-08,2026-09-09,True,False,5.0,2026-09-09T14:45:39+05:30
LTTS,3396.07,V,-1.21,below,3354.9,3396.07,3403.03,3410.0,3396.07,0.409,49.9,0.042,1,2026-09-08,2026-09-09,True,False,5.0,2026-09-09T14:45:39+05:30
MEDANTA,1425.45,V,3.83,above,1480.0,1425.45,1422.3,1425.45,1419.15,0.443,50.7,0.031,1,2026-09-08,2026-09-09,True,False,5.0,2026-09-09T14:45:39+05:30
INFY,1083.65,V,-4.89,below,1030.7,1083.65,1085.3,1086.95,1083.65,0.304,51.0,0.03,1,2026-09-08,2026-09-09,True,False,5.0,2026-09-09T14:45:39+05:30
CAMS,730.95,V,-1.84,below,717.5,730.95,732.4,733.85,730.95,0.396,51.8,0.041,1,2026-09-08,2026-09-09,True,False,5.0,2026-09-09T14:45:39+05:30
PWL,127.06,V,-1.19,below,125.55,127.06,127.49,127.92,127.06,0.672,53.4,0.072,1,2026-09-08,2026-09-09,True,False,5.0,2026-09-09T14:45:39+05:30
BALKRISIND,2262.45,V,-2.98,below,2195.0,2262.45,2266.9,2271.35,2262.45,0.393,53.7,0.027,1,2026-09-08,2026-09-09,True,False,5.0,2026-09-09T14:45:39+05:30
GRAPHITE,732.32,V,16.21,above,851.0,732.32,730.38,732.32,728.45,0.529,55.6,0.026,1,2026-09-08,2026-09-09,True,False,5.0,2026-09-09T14:45:39+05:30
ANANTRAJ,627.91,V,-1.98,below,615.5,627.91,629.97,632.02,627.91,0.653,55.9,0.073,1,2026-09-08,2026-09-09,True,False,5.0,2026-09-09T14:45:39+05:30
PAYTM,1665.45,V,5.23,above,1752.5,1665.45,1660.9,1665.45,1656.35,0.548,56.7,0.056,1,2026-09-08,2026-09-09,True,False,5.0,2026-09-09T14:45:39+05:30
NHPC,75.75,V,1.12,above,76.6,75.75,75.6,75.75,75.45,0.397,57.8,0.032,1,2026-09-08,2026-09-09,True,False,5.0,2026-09-09T14:45:39+05:30
COFORGE,1934.25,V,-4.7,below,1843.3,1934.25,1939.5,1944.75,1934.25,0.541,58.9,0.033,1,2026-09-08,2026-09-09,True,False,5.0,2026-09-09T14:45:39+05:30
OIL,494.28,V,1.0,above,499.25,494.28,493.17,494.28,492.05,0.453,59.5,0.021,1,2026-09-08,2026-09-09,True,False,5.0,2026-09-09T14:45:39+05:30
ICICIPRULI,470.3,V,-1.85,below,461.6,470.3,471.3,472.3,470.3,0.424,60.0,0.027,1,2026-09-08,2026-09-09,True,False,5.0,2026-09-09T14:45:39+05:30
HDFCBANK,703.98,V,-1.81,below,691.25,703.98,704.97,705.95,703.98,0.279,60.5,0.021,1,2026-09-08,2026-09-09,True,False,5.0,2026-09-09T14:45:39+05:30
PNBHOUSING,1169.98,V,-2.3,below,1143.1,1169.98,1172.87,1175.75,1169.98,0.492,61.1,0.032,1,2026-09-08,2026-09-09,True,False,5.0,2026-09-09T14:45:39+05:30
CGPOWER,908.3,V,2.27,above,928.9,908.3,905.9,908.3,903.5,0.53,62.5,0.039,1,2026-09-08,2026-09-09,True,False,5.0,2026-09-09T14:45:39+05:30
LICI,411.5,V,-0.83,below,408.1,411.5,412.25,413.0,411.5,0.364,64.4,0.031,1,2026-09-08,2026-09-09,True,False,5.0,2026-09-09T14:45:39+05:30
TTML,36.6,V,-0.75,below,36.32,36.6,36.7,36.81,36.6,0.572,66.6,0.044,1,2026-09-08,2026-09-09,True,False,5.0,2026-09-09T14:45:39+05:30
VOLTAS,1148.28,V,-0.62,below,1141.2,1148.28,1151.77,1155.25,1148.28,0.605,67.4,0.038,1,2026-09-08,2026-09-09,True,False,5.0,2026-09-09T14:45:39+05:30
JMFINANCIL,128.96,V,-1.5,below,127.03,128.96,129.45,129.94,128.96,0.76,67.7,0.056,1,2026-09-08,2026-09-09,True,False,5.0,2026-09-09T14:45:39+05:30
NCC,149.11,V,-2.0,below,146.12,149.11,149.57,150.03,149.11,0.613,69.6,0.028,1,2026-09-08,2026-09-09,True,False,5.0,2026-09-09T14:45:39+05:30
AEGISLOG,1263.05,V,6.01,above,1338.9,1263.05,1258.0,1263.05,1252.95,0.803,71.5,0.033,1,2026-09-08,2026-09-09,True,False,5.0,2026-09-09T14:45:39+05:30
NAVINFLUOR,8697.25,V,1.15,above,8797.0,8697.25,8663.5,8697.25,8629.75,0.779,78.4,0.046,1,2026-09-08,2026-09-09,True,False,5.0,2026-09-09T14:45:39+05:30
ULTRACEMCO,11041.0,V,-1.49,below,10877.0,11041.0,11073.0,11105.0,11041.0,0.578,83.0,0.027,1,2026-09-08,2026-09-09,True,False,5.0,2026-09-09T14:45:39+05:30
SONATSOFTW,275.8,V,-3.66,below,265.7,275.8,277.35,278.9,275.8,1.118,84.4,0.033,1,2026-09-08,2026-09-09,True,False,5.0,2026-09-09T14:45:39+05:30
EIHOTEL,296.99,V,-2.39,below,289.9,296.99,298.23,299.48,296.99,0.833,85.8,0.031,1,2026-09-08,2026-09-09,True,False,5.0,2026-09-09T14:45:39+05:30
ICICIBANK,1403.13,V,-0.58,below,1395.0,1403.13,1406.87,1410.6,1403.13,0.531,87.4,0.026,1,2026-09-08,2026-09-09,True,False,5.0,2026-09-09T14:45:39+05:30
BALRAMCHIN,715.1,V,-2.06,below,700.35,715.1,718.75,722.4,715.1,1.016,89.0,0.029,1,2026-09-08,2026-09-09,True,False,5.0,2026-09-09T14:45:39+05:30
HBLENGINE,726.16,V,0.52,above,729.95,726.16,721.07,726.16,715.97,1.412,92.9,0.033,1,2026-09-08,2026-09-09,True,False,5.0,2026-09-09T14:45:39+05:30
HDFCLIFE,536.11,V,-3.45,below,517.6,536.11,538.42,540.73,536.11,0.857,93.4,0.02,1,2026-09-08,2026-09-09,True,False,5.0,2026-09-09T14:45:39+05:30
SAILIFE,1636.6,V,2.25,above,1673.4,1636.6,1626.1,1636.6,1615.6,1.291,93.7,0.041,1,2026-09-08,2026-09-09,True,False,5.0,2026-09-09T14:45:39+05:30
FLUOROCHEM,4646.22,V,1.93,above,4736.1,4646.22,4615.83,4646.22,4585.45,1.316,94.8,0.022,1,2026-09-08,2026-09-09,True,False,5.0,2026-09-09T14:45:39+05:30
FINCABLES,1291.87,V,5.51,above,1363.0,1291.87,1281.43,1291.87,1271.0,1.628,95.3,0.019,1,2026-09-08,2026-09-09,True,False,5.0,2026-09-09T14:45:39+05:30
SBILIFE,1703.82,V,-1.04,below,1686.1,1703.82,1711.03,1718.25,1703.82,0.844,96.7,0.017,1,2026-09-08,2026-09-09,True,False,5.0,2026-09-09T14:45:39+05:30
HONASA,475.98,NARROW,-1.57,below,468.5,475.98,476.0,476.02,475.98,0.011,1.1,0.054,0,2026-09-08,2026-09-09,False,True,5.0,2026-09-09T14:45:39+05:30
VIJAYA,1503.05,NARROW,0.81,above,1515.2,1503.05,1503.03,1503.05,1503.02,0.002,1.1,0.036,0,2026-09-08,2026-09-09,False,True,5.0,2026-09-09T14:45:39+05:30
APLAPOLLO,2184.9,NARROW,-0.13,below,2182.0,2184.9,2184.93,2184.97,2184.9,0.003,1.4,0.017,0,2026-09-08,2026-09-09,False,True,5.0,2026-09-09T14:45:39+05:30
BAYERCROP,3984.98,NARROW,-0.83,below,3952.0,3984.98,3985.07,3985.15,3984.98,0.004,1.4,0.031,0,2026-09-08,2026-09-09,False,True,5.0,2026-09-09T14:45:39+05:30
BAJAJHLDNG,11047.0,NARROW,0.21,above,11070.0,11047.0,11046.67,11047.0,11046.33,0.006,1.6,0.025,0,2026-09-08,2026-09-09,False,True,5.0,2026-09-09T14:45:39+05:30
ERIS,1324.62,NARROW,0.3,above,1328.6,1324.62,1324.53,1324.62,1324.45,0.013,2.2,0.031,0,2026-09-08,2026-09-09,False,True,5.0,2026-09-09T14:45:39+05:30
NIVABUPA,80.55,NARROW,-0.93,below,79.8,80.55,80.55,80.56,80.55,0.004,2.2,0.018,0,2026-09-08,2026-09-09,False,True,5.0,2026-09-09T14:45:39+05:30
ASHOKLEY,168.96,NARROW,-0.79,below,167.63,168.96,168.97,168.99,168.96,0.016,2.5,0.027,0,2026-09-08,2026-09-09,False,True,5.0,2026-09-09T14:45:39+05:30
IOC,134.35,NARROW,0.9,above,135.56,134.35,134.34,134.35,134.33,0.007,2.7,0.021,0,2026-09-08,2026-09-09,False,True,5.0,2026-09-09T14:45:39+05:30
SUNPHARMA,1886.0,NARROW,-1.01,below,1866.9,1886.0,1886.1,1886.2,1886.0,0.011,2.7,0.02,0,2026-09-08,2026-09-09,False,True,5.0,2026-09-09T14:45:39+05:30
TIMKEN,3100.1,NARROW,3.03,above,3193.9,3100.1,3099.7,3100.1,3099.3,0.026,2.7,0.047,0,2026-09-08,2026-09-09,False,True,5.0,2026-09-09T14:45:39+05:30
UNIONBANK,183.24,NARROW,-0.07,below,183.11,183.24,183.26,183.27,183.24,0.02,2.7,0.043,0,2026-09-08,2026-09-09,False,True,5.0,2026-09-09T14:45:39+05:30
BIKAJI,583.73,NARROW,-1.99,below,572.1,583.73,583.77,583.8,583.73,0.011,3.0,0.018,0,2026-09-08,2026-09-09,False,True,5.0,2026-09-09T14:45:39+05:30
JBMA,614.54,NARROW,-0.22,below,613.2,614.54,614.58,614.62,614.54,0.014,3.0,0.032,0,2026-09-08,2026-09-09,False,True,5.0,2026-09-09T14:45:39+05:30
SBICARD,668.17,NARROW,0.22,above,669.65,668.17,668.12,668.17,668.06,0.017,3.0,0.033,0,2026-09-08,2026-09-09,False,True,5.0,2026-09-09T14:45:39+05:30
GODREJPROP,1905.7,NARROW,-2.0,below,1867.5,1905.7,1906.0,1906.3,1905.7,0.031,3.6,0.048,0,2026-09-08,2026-09-09,False,True,5.0,2026-09-09T14:45:39+05:30
SCHAEFFLER,3955.1,NARROW,-0.49,below,3935.6,3955.1,3955.6,3956.1,3955.1,0.025,3.6,0.034,0,2026-09-08,2026-09-09,False,True,5.0,2026-09-09T14:45:39+05:30
LUPIN,2104.9,NARROW,-0.39,below,2096.7,2104.9,2105.1,2105.3,2104.9,0.019,3.8,0.027,0,2026-09-08,2026-09-09,False,True,5.0,2026-09-09T14:45:39+05:30
FORTIS,907.89,NARROW,0.46,above,912.05,907.89,907.78,907.89,907.67,0.024,4.4,0.03,0,2026-09-08,2026-09-09,False,True,5.0,2026-09-09T14:45:39+05:30
TECHNOE,965.27,NARROW,1.84,above,983.0,965.27,965.08,965.27,964.89,0.04,4.4,0.049,0,2026-09-08,2026-09-09,False,True,5.0,2026-09-09T14:45:39+05:30
SUZLON,45.51,NARROW,-0.01,below,45.5,45.51,45.51,45.52,45.51,0.029,4.9,0.03,0,2026-09-08,2026-09-09,False,True,5.0,2026-09-09T14:45:39+05:30
LAURUSLABS,1933.72,WIDE,0.01,above,1933.9,1933.72,1920.53,1933.72,1907.35,1.373,97.0,0.02,0,2026-09-08,2026-09-09,False,False,5.0,2026-09-09T14:45:39+05:30
AFCONS,282.52,WIDE,-3.09,below,273.8,282.52,284.78,287.05,282.52,1.592,97.5,0.024,0,2026-09-08,2026-09-09,False,False,5.0,2026-09-09T14:45:39+05:30
NIACL,208.73,WIDE,-1.19,below,206.25,208.73,212.25,215.76,208.73,3.311,98.6,0.032,0,2026-09-08,2026-09-09,False,False,5.0,2026-09-09T14:45:39+05:30
PVRINOX,1198.3,WIDE,-1.7,below,1177.9,1198.3,1209.3,1220.3,1198.3,1.819,99.2,0.029,0,2026-09-08,2026-09-09,False,False,5.0,2026-09-09T14:45:39+05:30
IDBI,82.58,WIDE,-0.83,below,81.9,82.58,84.05,85.53,82.58,3.502,99.5,0.037,0,2026-09-08,2026-09-09,False,False,5.0,2026-09-09T14:45:39+05:30
AMBUJACEM,398.05,TOUCHED,-0.39,below,396.5,398.05,398.13,398.22,398.05,0.042,5.2,0.037,0,2026-09-08,2026-09-09,False,False,5.0,2026-09-09T14:45:39+05:30
J&KBANK,147.07,TOUCHED,-1.35,below,145.08,147.07,147.11,147.15,147.07,0.054,5.8,0.05,0,2026-09-08,2026-09-09,False,False,5.0,2026-09-09T14:45:39+05:30
LLOYDSME,1800.5,TOUCHED,0.43,above,1808.3,1800.5,1800.1,1800.5,1799.7,0.044,5.8,0.035,0,2026-09-08,2026-09-09,False,False,5.0,2026-09-09T14:45:39+05:30
TRENT,2792.93,TOUCHED,1.29,above,2829.1,2792.93,2792.27,2792.93,2791.6,0.048,6.0,0.046,0,2026-09-08,2026-09-09,False,False,5.0,2026-09-09T14:45:39+05:30
CHOLAFIN,1822.93,TOUCHED,0.33,above,1828.9,1822.93,1822.47,1822.93,1822.0,0.051,6.3,0.043,0,2026-09-08,2026-09-09,False,False,5.0,2026-09-09T14:45:39+05:30
GAIL,175.02,TOUCHED,-0.24,below,174.6,175.02,175.04,175.07,175.02,0.027,6.6,0.015,0,2026-09-08,2026-09-09,False,False,5.0,2026-09-09T14:45:39+05:30
DOMS,2191.82,TOUCHED,-0.43,below,2182.4,2191.82,2192.23,2192.65,2191.82,0.038,6.8,0.028,0,2026-09-08,2026-09-09,False,False,5.0,2026-09-09T14:45:39+05:30
FIVESTAR,523.98,TOUCHED,1.62,above,532.45,523.98,523.8,523.98,523.62,0.067,6.8,0.042,0,2026-09-08,2026-09-09,False,False,5.0,2026-09-09T14:45:39+05:30
POLYCAB,8367.0,TOUCHED,-0.25,below,8346.5,8367.0,8369.17,8371.33,8367.0,0.052,6.8,0.035,0,2026-09-08,2026-09-09,False,False,5.0,2026-09-09T14:45:39+05:30
ANURAS,1233.6,TOUCHED,-0.3,below,1229.9,1233.6,1233.8,1234.0,1233.6,0.032,7.1,0.026,0,2026-09-08,2026-09-09,False,False,5.0,2026-09-09T14:45:39+05:30
IDFCFIRSTB,86.52,TOUCHED,-0.16,below,86.38,86.52,86.54,86.56,86.52,0.046,7.1,0.035,0,2026-09-08,2026-09-09,False,False,5.0,2026-09-09T14:45:39+05:30
VBL,405.81,TOUCHED,-0.24,below,404.85,405.81,405.92,406.02,405.81,0.053,7.1,0.03,0,2026-09-08,2026-09-09,False,False,5.0,2026-09-09T14:45:39+05:30
ACC,1261.85,TOUCHED,-0.38,below,1257.0,1261.85,1262.17,1262.48,1261.85,0.05,7.7,0.035,0,2026-09-08,2026-09-09,False,False,5.0,2026-09-09T14:45:39+05:30
CASTROLIND,189.4,TOUCHED,-0.01,inside,189.38,189.4,189.4,189.43,189.38,0.03,8.5,0.015,0,2026-09-08,2026-09-09,False,False,5.0,2026-09-09T14:45:39+05:30
CRAFTSMAN,11419.5,TOUCHED,0.95,above,11528.0,11419.5,11415.0,11419.5,11410.5,0.079,8.5,0.057,0,2026-09-08,2026-09-09,False,False,5.0,2026-09-09T14:45:39+05:30
BAJFINANCE,1054.33,TOUCHED,-1.07,below,1043.0,1054.33,1054.57,1054.8,1054.33,0.044,8.8,0.029,0,2026-09-08,2026-09-09,False,False,5.0,2026-09-09T14:45:39+05:30
RHIM,371.59,TOUCHED,1.89,above,378.6,371.59,371.48,371.59,371.38,0.058,8.8,0.031,0,2026-09-08,2026-09-09,False,False,5.0,2026-09-09T14:45:39+05:30
ASAHIINDIA,956.95,TOUCHED,1.27,above,969.1,956.95,956.5,956.95,956.05,0.094,9.0,0.042,0,2026-09-08,2026-09-09,False,False,5.0,2026-09-09T14:45:39+05:30
TATACONSUM,1013.3,TOUCHED,-0.51,below,1008.1,1013.3,1013.57,1013.83,1013.3,0.053,9.0,0.028,0,2026-09-08,2026-09-09,False,False,5.0,2026-09-09T14:45:39+05:30
GODREJIND,1142.6,TOUCHED,-0.49,below,1137.0,1142.6,1143.07,1143.53,1142.6,0.082,9.3,0.047,0,2026-09-08,2026-09-09,False,False,5.0,2026-09-09T14:45:39+05:30
KIMS,765.33,TOUCHED,0.27,above,767.4,765.33,765.05,765.33,764.78,0.072,9.6,0.043,0,2026-09-08,2026-09-09,False,False,5.0,2026-09-09T14:45:39+05:30
CHOICEIN,753.64,TOUCHED,-0.81,below,747.5,753.64,753.83,754.02,753.64,0.051,9.9,0.024,0,2026-09-08,2026-09-09,False,False,5.0,2026-09-09T14:45:39+05:30
HFCL,250.33,TOUCHED,-0.65,below,248.7,250.33,250.48,250.62,250.33,0.113,9.9,0.038,0,2026-09-08,2026-09-09,False,False,5.0,2026-09-09T14:45:39+05:30
KPRMILL,1136.6,TOUCHED,0.3,above,1140.0,1136.6,1136.07,1136.6,1135.53,0.094,9.9,0.054,0,2026-09-08,2026-09-09,False,False,5.0,2026-09-09T14:45:39+05:30
PREMIERENE,989.25,TOUCHED,-1.2,below,977.4,989.25,989.7,990.15,989.25,0.091,9.9,0.031,0,2026-09-08,2026-09-09,False,False,5.0,2026-09-09T14:45:39+05:30
SIEMENS,3953.7,TOUCHED,-0.01,inside,3953.4,3953.7,3953.7,3954.9,3952.5,0.061,9.9,0.02,0,2026-09-08,2026-09-09,False,False,5.0,2026-09-09T14:45:39+05:30
SUNTV,453.64,TOUCHED,-1.16,below,448.4,453.64,453.78,453.93,453.64,0.062,9.9,0.026,0,2026-09-08,2026-09-09,False,False,5.0,2026-09-09T14:45:39+05:30
BLS,237.83,TOUCHED,-0.56,below,236.5,237.83,237.96,238.09,237.83,0.109,10.4,0.033,0,2026-09-08,2026-09-09,False,False,5.0,2026-09-09T14:45:39+05:30
HUDCO,178.0,TOUCHED,-1.32,below,175.64,178.0,178.08,178.17,178.0,0.099,10.4,0.036,0,2026-09-08,2026-09-09,False,False,5.0,2026-09-09T14:45:39+05:30
MEESHO,211.31,TOUCHED,2.29,above,216.14,211.31,211.22,211.31,211.14,0.077,10.6,0.031,0,2026-09-08,2026-09-09,False,False,5.0,2026-09-09T14:45:39+05:30
DEVYANI,137.79,TOUCHED,-0.59,below,136.98,137.79,137.86,137.93,137.79,0.094,10.7,0.041,0,2026-09-08,2026-09-09,False,False,5.0,2026-09-09T14:45:39+05:30
NAM-INDIA,1187.5,TOUCHED,-2.18,below,1161.6,1187.5,1187.97,1188.43,1187.5,0.079,10.7,0.032,0,2026-09-08,2026-09-09,False,False,5.0,2026-09-09T14:45:39+05:30
SAGILITY,45.62,TOUCHED,-1.21,below,45.07,45.62,45.65,45.67,45.62,0.117,10.7,0.047,0,2026-09-08,2026-09-09,False,False,5.0,2026-09-09T14:45:39+05:30
PCBL,328.63,TOUCHED,2.0,above,335.2,328.63,328.47,328.63,328.3,0.101,11.0,0.05,0,2026-09-08,2026-09-09,False,False,5.0,2026-09-09T14:45:39+05:30
IDEA,15.45,TOUCHED,0.87,above,15.58,15.45,15.44,15.45,15.43,0.108,11.2,0.046,0,2026-09-08,2026-09-09,False,False,5.0,2026-09-09T14:45:39+05:30
JSWDULUX,3175.45,TOUCHED,-0.04,below,3174.2,3175.45,3176.5,3177.55,3175.45,0.066,11.2,0.022,0,2026-09-08,2026-09-09,False,False,5.0,2026-09-09T14:45:39+05:30
TARIL,297.33,TOUCHED,-0.11,below,297.0,297.33,297.52,297.7,297.33,0.123,11.2,0.055,0,2026-09-08,2026-09-09,False,False,5.0,2026-09-09T14:45:39+05:30
INDUSINDBK,997.3,TOUCHED,0.72,above,1004.5,997.3,996.9,997.3,996.5,0.08,11.5,0.028,0,2026-09-08,2026-09-09,False,False,5.0,2026-09-09T14:45:39+05:30
JYOTICNC,1035.65,TOUCHED,-2.45,below,1010.25,1035.65,1036.17,1036.68,1035.65,0.1,11.5,0.035,0,2026-09-08,2026-09-09,False,False,5.0,2026-09-09T14:45:39+05:30
OLECTRA,1212.0,TOUCHED,-0.43,below,1206.8,1212.0,1212.57,1213.13,1212.0,0.093,11.5,0.034,0,2026-09-08,2026-09-09,False,False,5.0,2026-09-09T14:45:39+05:30
JSWINFRA,332.35,TOUCHED,3.01,above,342.35,332.35,332.23,332.35,332.12,0.07,11.8,0.032,0,2026-09-08,2026-09-09,False,False,5.0,2026-09-09T14:45:39+05:30
SYNGENE,387.23,TOUCHED,-0.03,inside,387.1,387.23,387.23,387.39,387.07,0.082,11.8,0.027,0,2026-09-08,2026-09-09,False,False,5.0,2026-09-09T14:45:39+05:30
CHALET,896.5,TOUCHED,-0.73,below,890.0,896.5,896.92,897.33,896.5,0.093,12.3,0.027,0,2026-09-08,2026-09-09,False,False,5.0,2026-09-09T14:45:39+05:30
COALINDIA,420.11,TOUCHED,2.96,above,432.55,420.11,419.97,420.11,419.82,0.067,12.3,0.022,0,2026-09-08,2026-09-09,False,False,5.0,2026-09-09T14:45:39+05:30
GESHIP,1386.05,TOUCHED,0.6,above,1394.3,1386.05,1385.3,1386.05,1384.55,0.108,12.6,0.037,0,2026-09-08,2026-09-09,False,False,5.0,2026-09-09T14:45:39+05:30
MSUMI,36.59,TOUCHED,0.21,above,36.67,36.59,36.57,36.59,36.56,0.1,12.6,0.031,0,2026-09-08,2026-09-09,False,False,5.0,2026-09-09T14:45:39+05:30
RKFORGE,702.45,TOUCHED,1.12,above,710.35,702.45,702.07,702.45,701.68,0.109,12.6,0.048,0,2026-09-08,2026-09-09,False,False,5.0,2026-09-09T14:45:39+05:30
VMM,103.94,TOUCHED,-1.03,below,102.87,103.94,103.99,104.03,103.94,0.083,12.6,0.028,0,2026-09-08,2026-09-09,False,False,5.0,2026-09-09T14:45:39+05:30
ICICIAMC,3007.85,TOUCHED,-0.01,below,3007.5,3007.85,3009.57,3011.28,3007.85,0.114,12.7,0.03,0,2026-09-08,2026-09-09,False,False,5.0,2026-09-09T14:45:39+05:30
BANKINDIA,141.06,TOUCHED,0.03,above,141.1,141.06,140.99,141.06,140.93,0.095,12.9,0.029,0,2026-09-08,2026-09-09,False,False,5.0,2026-09-09T14:45:39+05:30
INDUSTOWER,373.19,TOUCHED,-0.16,below,372.6,373.19,373.33,373.48,373.19,0.076,13.2,0.03,0,2026-09-08,2026-09-09,False,False,5.0,2026-09-09T14:45:39+05:30
NAVA,555.48,TOUCHED,1.43,above,563.4,555.48,555.17,555.48,554.86,0.111,13.2,0.038,0,2026-09-08,2026-09-09,False,False,5.0,2026-09-09T14:45:39+05:30
ABCAPITAL,397.73,TOUCHED,0.62,above,400.2,397.73,397.47,397.73,397.21,0.13,13.4,0.04,0,2026-09-08,2026-09-09,False,False,5.0,2026-09-09T14:45:39+05:30
TMCV,456.32,TOUCHED,-2.45,below,445.15,456.32,456.58,456.85,456.32,0.117,13.5,0.025,0,2026-09-08,2026-09-09,False,False,5.0,2026-09-09T14:45:39+05:30
APARINDS,17592.0,TOUCHED,-0.8,below,17451.0,17592.0,17606.33,17620.67,17592.0,0.163,13.7,0.055,0,2026-09-08,2026-09-09,False,False,5.0,2026-09-09T14:45:39+05:30
BBTC,1478.17,TOUCHED,-1.66,below,1453.7,1478.17,1478.83,1479.5,1478.17,0.09,13.7,0.03,0,2026-09-08,2026-09-09,False,False,5.0,2026-09-09T14:45:39+05:30
HDBFS,683.34,TOUCHED,-1.18,below,675.25,683.34,683.58,683.83,683.34,0.071,14.1,0.024,0,2026-09-08,2026-09-09,False,False,5.0,2026-09-09T14:45:39+05:30
IREDA,112.26,TOUCHED,-0.15,below,112.09,112.26,112.32,112.38,112.26,0.104,14.8,0.048,0,2026-09-08,2026-09-09,False,False,5.0,2026-09-09T14:45:39+05:30
SUPREMEIND,3555.28,TOUCHED,-1.36,below,3507.1,3555.28,3557.57,3559.85,3555.28,0.128,14.8,0.037,0,2026-09-08,2026-09-09,False,False,5.0,2026-09-09T14:45:39+05:30
AWL,187.28,TOUCHED,-0.04,inside,187.2,187.28,187.28,187.4,187.15,0.13,15.1,0.045,0,2026-09-08,2026-09-09,False,False,5.0,2026-09-09T14:45:39+05:30
POWERINDIA,31110.0,TOUCHED,1.27,above,31505.0,31110.0,31085.0,31110.0,31060.0,0.161,15.1,0.06,0,2026-09-08,2026-09-09,False,False,5.0,2026-09-09T14:45:39+05:30
ASTERDM,789.12,TOUCHED,-1.42,below,777.9,789.12,789.53,789.94,789.12,0.103,15.3,0.028,0,2026-09-08,2026-09-09,False,False,5.0,2026-09-09T14:45:39+05:30
ABREL,1369.05,TOUCHED,-2.48,below,1335.1,1369.05,1370.07,1371.08,1369.05,0.148,15.6,0.025,0,2026-09-08,2026-09-09,False,False,5.0,2026-09-09T14:45:39+05:30
PNB,115.94,TOUCHED,0.3,above,116.29,115.94,115.88,115.94,115.81,0.106,15.9,0.035,0,2026-09-08,2026-09-09,False,False,5.0,2026-09-09T14:45:39+05:30
HDFCAMC,2443.5,TOUCHED,-1.11,below,2416.3,2443.5,2444.77,2446.03,2443.5,0.104,16.2,0.022,0,2026-09-08,2026-09-09,False,False,5.0,2026-09-09T14:45:39+05:30
TRIDENT,23.87,TOUCHED,-0.22,below,23.82,23.87,23.88,23.89,23.87,0.098,16.2,0.028,0,2026-09-08,2026-09-09,False,False,5.0,2026-09-09T14:45:39+05:30
TITAN,4992.25,TOUCHED,0.08,above,4996.0,4992.25,4990.5,4992.25,4988.75,0.07,16.4,0.019,0,2026-09-08,2026-09-09,False,False,5.0,2026-09-09T14:45:39+05:30
MRPL,173.5,TOUCHED,6.31,above,184.45,173.5,173.32,173.5,173.14,0.21,16.7,0.056,0,2026-09-08,2026-09-09,False,False,5.0,2026-09-09T14:45:39+05:30
RAMCOCEM,872.12,TOUCHED,-0.56,below,867.25,872.12,872.78,873.45,872.12,0.153,16.7,0.045,0,2026-09-08,2026-09-09,False,False,5.0,2026-09-09T14:45:39+05:30
FEDERALBNK,343.99,TOUCHED,0.0,above,344.0,343.99,343.83,343.99,343.68,0.092,17.3,0.027,0,2026-09-08,2026-09-09,False,False,5.0,2026-09-09T14:45:39+05:30
HAVELLS,1140.5,TOUCHED,-1.74,below,1120.6,1140.5,1141.0,1141.5,1140.5,0.088,17.3,0.019,0,2026-09-08,2026-09-09,False,False,5.0,2026-09-09T14:45:39+05:30
JSWENERGY,526.19,TOUCHED,1.32,above,533.15,526.19,525.88,526.19,525.57,0.117,17.5,0.028,0,2026-09-08,2026-09-09,False,False,5.0,2026-09-09T14:45:39+05:30
ZEEL,86.38,TOUCHED,-0.74,below,85.74,86.38,86.44,86.51,86.38,0.154,17.5,0.046,0,2026-09-08,2026-09-09,False,False,5.0,2026-09-09T14:45:39+05:30
DIXON,14113.5,TOUCHED,-1.51,below,13900.0,14113.5,14127.0,14140.5,14113.5,0.191,18.4,0.057,0,2026-09-08,2026-09-09,False,False,5.0,2026-09-09T14:45:39+05:30
REDINGTON,374.75,TOUCHED,0.56,above,376.85,374.75,374.35,374.75,373.95,0.214,18.4,0.04,0,2026-09-08,2026-09-09,False,False,5.0,2026-09-09T14:45:39+05:30
PPLPHARMA,226.15,TOUCHED,-2.75,below,219.93,226.15,226.31,226.46,226.15,0.138,18.6,0.039,0,2026-09-08,2026-09-09,False,False,5.0,2026-09-09T14:45:39+05:30
BANKBARODA,236.12,TOUCHED,-0.53,below,234.87,236.12,236.28,236.44,236.12,0.135,18.9,0.012,0,2026-09-08,2026-09-09,False,False,5.0,2026-09-09T14:45:39+05:30
YESBANK,22.51,TOUCHED,0.02,above,22.51,22.51,22.49,22.51,22.47,0.133,19.5,0.042,0,2026-09-08,2026-09-09,False,False,5.0,2026-09-09T14:45:39+05:30
DRREDDY,1149.25,TOUCHED,-0.47,below,1143.8,1149.25,1149.83,1150.42,1149.25,0.101,19.7,0.021,0,2026-09-08,2026-09-09,False,False,5.0,2026-09-09T14:45:39+05:30
ETERNAL,321.87,TOUCHED,-1.06,below,318.45,321.87,322.13,322.4,321.87,0.166,19.7,0.028,0,2026-09-08,2026-09-09,False,False,5.0,2026-09-09T14:45:39+05:30
ADANIGREEN,1290.8,TOUCHED,2.18,above,1319.0,1290.8,1289.6,1290.8,1288.4,0.186,20.0,0.045,0,2026-09-08,2026-09-09,False,False,5.0,2026-09-09T14:45:39+05:30
ABSLAMC,1036.82,TOUCHED,2.46,above,1062.3,1036.82,1035.83,1036.82,1034.85,0.19,20.5,0.033,0,2026-09-08,2026-09-09,False,False,5.0,2026-09-09T14:45:39+05:30
CHAMBLFERT,417.65,TOUCHED,-0.5,below,415.55,417.65,417.98,418.32,417.65,0.159,20.5,0.035,0,2026-09-08,2026-09-09,False,False,5.0,2026-09-09T14:45:39+05:30
IRCTC,472.78,TOUCHED,-0.53,below,470.3,472.78,473.12,473.45,472.78,0.141,20.5,0.045,0,2026-09-08,2026-09-09,False,False,5.0,2026-09-09T14:45:39+05:30
ENDURANCE,2743.15,TOUCHED,1.16,above,2775.0,2743.15,2740.53,2743.15,2737.92,0.191,20.8,0.044,0,2026-09-08,2026-09-09,False,False,5.0,2026-09-09T14:45:39+05:30
GRAVITA,1680.7,TOUCHED,0.64,above,1691.5,1680.7,1679.1,1680.7,1677.5,0.191,20.8,0.033,0,2026-09-08,2026-09-09,False,False,5.0,2026-09-09T14:45:39+05:30
IGIL,317.2,TOUCHED,-1.95,below,311.0,317.2,317.5,317.8,317.2,0.189,20.8,0.029,0,2026-09-08,2026-09-09,False,False,5.0,2026-09-09T14:45:39+05:30
RPOWER,21.81,TOUCHED,0.76,above,21.97,21.81,21.77,21.81,21.74,0.291,21.4,0.079,0,2026-09-08,2026-09-09,False,False,5.0,2026-09-09T14:45:39+05:30
SBIN,1006.65,TOUCHED,-0.14,below,1005.2,1006.65,1007.1,1007.55,1006.65,0.089,21.4,0.012,0,2026-09-08,2026-09-09,False,False,5.0,2026-09-09T14:45:39+05:30
CYIENT,1087.2,TOUCHED,-1.01,below,1076.2,1087.2,1088.1,1089.0,1087.2,0.165,21.6,0.03,0,2026-09-08,2026-09-09,False,False,5.0,2026-09-09T14:45:39+05:30
ARE&M,838.41,TOUCHED,-0.62,below,833.2,838.41,839.02,839.62,838.41,0.145,21.9,0.023,0,2026-09-08,2026-09-09,False,False,5.0,2026-09-09T14:45:39+05:30
WHIRLPOOL,805.72,TOUCHED,-1.6,below,792.8,805.72,806.45,807.17,805.72,0.18,21.9,0.049,0,2026-09-08,2026-09-09,False,False,5.0,2026-09-09T14:45:39+05:30
GODREJCP,864.35,TOUCHED,0.15,above,865.65,864.35,863.7,864.35,863.05,0.151,22.2,0.03,0,2026-09-08,2026-09-09,False,False,5.0,2026-09-09T14:45:39+05:30
DCMSHRIRAM,1009.08,TOUCHED,-1.11,below,997.9,1009.08,1009.97,1010.85,1009.08,0.175,22.5,0.024,0,2026-09-08,2026-09-09,False,False,5.0,2026-09-09T14:45:39+05:30
BATAINDIA,664.28,TOUCHED,-0.41,below,661.55,664.28,664.72,665.15,664.28,0.13,22.7,0.022,0,2026-09-08,2026-09-09,False,False,5.0,2026-09-09T14:45:39+05:30
BEL,410.78,TOUCHED,-0.7,below,407.9,410.78,411.02,411.25,410.78,0.114,23.0,0.025,0,2026-09-08,2026-09-09,False,False,5.0,2026-09-09T14:45:39+05:30
BHEL,423.28,TOUCHED,2.6,above,434.3,423.28,422.9,423.28,422.52,0.177,23.0,0.045,0,2026-09-08,2026-09-09,False,False,5.0,2026-09-09T14:45:39+05:30
DMART,3717.38,TOUCHED,0.4,above,3732.3,3717.38,3714.57,3717.38,3711.75,0.152,23.3,0.031,0,2026-09-08,2026-09-09,False,False,5.0,2026-09-09T14:45:39+05:30
GALLANTT,562.43,TOUCHED,-1.06,below,556.45,562.43,563.22,564.0,562.43,0.278,23.3,0.07,0,2026-09-08,2026-09-09,False,False,5.0,2026-09-09T14:45:39+05:30
MOTILALOFS,1047.7,TOUCHED,-1.78,below,1029.1,1047.7,1048.97,1050.23,1047.7,0.242,23.6,0.046,0,2026-09-08,2026-09-09,False,False,5.0,2026-09-09T14:45:39+05:30
ACMESOLAR,411.05,TOUCHED,-1.41,below,405.25,411.05,411.57,412.08,411.05,0.251,23.8,0.056,0,2026-09-08,2026-09-09,False,False,5.0,2026-09-09T14:45:39+05:30
WELSPUNLIV,208.4,TOUCHED,0.07,inside,208.55,208.4,208.4,208.66,208.13,0.253,23.8,0.044,0,2026-09-08,2026-09-09,False,False,5.0,2026-09-09T14:45:39+05:30
ABLBL,84.61,TOUCHED,-0.63,below,84.08,84.61,84.71,84.81,84.61,0.224,24.0,0.054,0,2026-09-08,2026-09-09,False,False,5.0,2026-09-09T14:45:39+05:30
SOBHA,1252.2,TOUCHED,-1.82,below,1229.4,1252.2,1253.33,1254.47,1252.2,0.181,24.1,0.031,0,2026-09-08,2026-09-09,False,False,5.0,2026-09-09T14:45:39+05:30
BAJAJFINSV,1939.55,TOUCHED,-0.38,below,1932.2,1939.55,1941.0,1942.45,1939.55,0.149,24.4,0.022,0,2026-09-08,2026-09-09,False,False,5.0,2026-09-09T14:45:39+05:30
ELGIEQUIP,638.9,TOUCHED,-2.93,below,620.15,638.9,639.6,640.3,638.9,0.219,24.4,0.049,0,2026-09-08,2026-09-09,False,False,5.0,2026-09-09T14:45:39+05:30
ABDL,597.17,TOUCHED,0.56,above,600.5,597.17,596.28,597.17,595.39,0.299,24.7,0.074,0,2026-09-08,2026-09-09,False,False,5.0,2026-09-09T14:45:39+05:30
INDIANB,860.61,TOUCHED,-0.58,below,855.6,860.61,861.32,862.03,860.61,0.164,24.7,0.027,0,2026-09-08,2026-09-09,False,False,5.0,2026-09-09T14:45:39+05:30
BERGEPAINT,479.93,TOUCHED,-1.28,below,473.8,479.93,480.42,480.9,479.93,0.201,24.9,0.014,0,2026-09-08,2026-09-09,False,False,5.0,2026-09-09T14:45:39+05:30
KEC,404.45,TOUCHED,-1.59,below,398.0,404.45,404.87,405.28,404.45,0.206,24.9,0.024,0,2026-09-08,2026-09-09,False,False,5.0,2026-09-09T14:45:39+05:30
ATUL,6319.92,TOUCHED,-1.31,below,6237.0,6319.92,6325.33,6330.75,6319.92,0.171,25.5,0.014,0,2026-09-08,2026-09-09,False,False,5.0,2026-09-09T14:45:39+05:30
CANBK,124.57,TOUCHED,0.03,above,124.61,124.57,124.46,124.57,124.34,0.179,25.5,0.024,0,2026-09-08,2026-09-09,False,False,5.0,2026-09-09T14:45:39+05:30
CONCORDBIO,1468.63,TOUCHED,0.09,above,1470.0,1468.63,1466.77,1468.63,1464.9,0.255,25.5,0.024,0,2026-09-08,2026-09-09,False,False,5.0,2026-09-09T14:45:39+05:30
BELRISE,227.97,TOUCHED,0.29,above,228.63,227.97,227.71,227.97,227.44,0.236,25.7,0.04,0,2026-09-08,2026-09-09,False,False,5.0,2026-09-09T14:45:39+05:30
IGL,153.6,TOUCHED,-0.16,below,153.35,153.6,153.74,153.88,153.6,0.184,25.8,0.047,0,2026-09-08,2026-09-09,False,False,5.0,2026-09-09T14:45:39+05:30
OBEROIRLTY,1835.47,TOUCHED,-1.75,below,1803.4,1835.47,1837.13,1838.8,1835.47,0.181,25.8,0.045,0,2026-09-08,2026-09-09,False,False,5.0,2026-09-09T14:45:39+05:30
SWANCORP,277.82,TOUCHED,0.06,above,278.0,277.82,277.48,277.82,277.14,0.246,25.8,0.034,0,2026-09-08,2026-09-09,False,False,5.0,2026-09-09T14:45:39+05:30
WELCORP,2602.53,TOUCHED,-0.03,below,2601.8,2602.53,2605.57,2608.6,2602.53,0.233,25.8,0.058,0,2026-09-08,2026-09-09,False,False,5.0,2026-09-09T14:45:39+05:30
ITI,269.3,TOUCHED,-0.71,below,267.4,269.3,269.6,269.9,269.3,0.223,26.0,0.033,0,2026-09-08,2026-09-09,False,False,5.0,2026-09-09T14:45:39+05:30
ASTRAL,1496.2,TOUCHED,-1.66,below,1471.3,1496.2,1497.73,1499.27,1496.2,0.205,26.6,0.037,0,2026-09-08,2026-09-09,False,False,5.0,2026-09-09T14:45:39+05:30
LTFOODS,455.8,TOUCHED,-0.49,below,453.55,455.8,456.35,456.9,455.8,0.241,26.6,0.038,0,2026-09-08,2026-09-09,False,False,5.0,2026-09-09T14:45:39+05:30
CEATLTD,3317.18,TOUCHED,-0.51,below,3300.4,3317.18,3321.17,3325.15,3317.18,0.24,26.8,0.036,0,2026-09-08,2026-09-09,False,False,5.0,2026-09-09T14:45:39+05:30
VTL,585.02,TOUCHED,-0.7,below,580.95,585.02,585.63,586.25,585.02,0.211,26.8,0.031,0,2026-09-08,2026-09-09,False,False,5.0,2026-09-09T14:45:39+05:30
SUMICHEM,487.38,TOUCHED,-1.23,below,481.4,487.38,488.05,488.73,487.38,0.277,27.1,0.041,0,2026-09-08,2026-09-09,False,False,5.0,2026-09-09T14:45:39+05:30
TATAPOWER,365.27,TOUCHED,0.68,above,367.75,365.27,365.0,365.27,364.73,0.151,27.1,0.028,0,2026-09-08,2026-09-09,False,False,5.0,2026-09-09T14:45:39+05:30
ABB,7399.67,TOUCHED,0.01,inside,7400.5,7399.67,7399.67,7406.0,7393.33,0.171,27.4,0.031,0,2026-09-08,2026-09-09,False,False,5.0,2026-09-09T14:45:39+05:30
JWL,242.72,TOUCHED,-0.56,below,241.35,242.72,243.02,243.32,242.72,0.251,27.4,0.044,0,2026-09-08,2026-09-09,False,False,5.0,2026-09-09T14:45:39+05:30
CIEINDIA,383.74,TOUCHED,-0.6,below,381.45,383.74,384.08,384.43,383.74,0.178,27.7,0.029,0,2026-09-08,2026-09-09,False,False,5.0,2026-09-09T14:45:39+05:30
INDHOTEL,719.36,TOUCHED,0.19,above,720.7,719.36,718.72,719.36,718.07,0.179,27.7,0.019,0,2026-09-08,2026-09-09,False,False,5.0,2026-09-09T14:45:39+05:30
FORCEMOT,17609.07,TOUCHED,-1.21,below,17396.0,17609.07,17643.14,17677.21,17609.07,0.386,27.9,0.05,0,2026-09-08,2026-09-09,False,False,5.0,2026-09-09T14:45:39+05:30
MARUTI,12660.33,TOUCHED,-0.03,inside,12656.0,12660.33,12660.33,12670.0,12650.67,0.153,27.9,0.017,0,2026-09-08,2026-09-09,False,False,5.0,2026-09-09T14:45:39+05:30
UTIAMC,899.52,TOUCHED,0.07,above,900.15,899.52,898.58,899.52,897.65,0.208,27.9,0.043,0,2026-09-08,2026-09-09,False,False,5.0,2026-09-09T14:45:39+05:30
TATAINVEST,622.68,TOUCHED,-0.7,below,618.35,622.68,623.32,623.95,622.68,0.203,28.2,0.025,0,2026-09-08,2026-09-09,False,False,5.0,2026-09-09T14:45:39+05:30
IRB,19.2,TOUCHED,-0.52,below,19.1,19.2,19.22,19.23,19.2,0.173,28.5,0.039,0,2026-09-08,2026-09-09,False,False,5.0,2026-09-09T14:45:39+05:30
MANKIND,2311.3,TOUCHED,-1.83,below,2269.0,2311.3,2313.6,2315.9,2311.3,0.199,28.5,0.039,0,2026-09-08,2026-09-09,False,False,5.0,2026-09-09T14:45:39+05:30
THERMAX,3625.68,TOUCHED,0.3,above,3636.4,3625.68,3621.77,3625.68,3617.85,0.216,28.5,0.027,0,2026-09-08,2026-09-09,False,False,5.0,2026-09-09T14:45:39+05:30
GPIL,245.4,TOUCHED,3.76,above,254.63,245.4,245.09,245.4,244.78,0.253,28.8,0.033,0,2026-09-08,2026-09-09,False,False,5.0,2026-09-09T14:45:39+05:30
GROWW,194.29,TOUCHED,-0.08,below,194.14,194.29,194.61,194.92,194.29,0.325,28.8,0.036,0,2026-09-08,2026-09-09,False,False,5.0,2026-09-09T14:45:39+05:30
POWERGRID,265.54,TOUCHED,0.46,above,266.75,265.54,265.33,265.54,265.12,0.157,28.8,0.019,0,2026-09-08,2026-09-09,False,False,5.0,2026-09-09T14:45:39+05:30
ADANIENT,2949.87,TOUCHED,5.09,above,3100.0,2949.87,2946.63,2949.87,2943.4,0.219,29.6,0.028,0,2026-09-08,2026-09-09,False,False,5.0,2026-09-09T14:45:39+05:30
BRITANNIA,5059.92,TOUCHED,0.56,above,5088.5,5059.92,5055.83,5059.92,5051.75,0.162,29.6,0.024,0,2026-09-08,2026-09-09,False,False,5.0,2026-09-09T14:45:39+05:30
JKTYRE,364.65,TOUCHED,-2.11,below,356.95,364.65,365.2,365.75,364.65,0.301,29.6,0.034,0,2026-09-08,2026-09-09,False,False,5.0,2026-09-09T14:45:39+05:30
MAZDOCK,2457.55,TOUCHED,-1.68,below,2416.2,2457.55,2460.5,2463.45,2457.55,0.24,29.6,0.043,0,2026-09-08,2026-09-09,False,False,5.0,2026-09-09T14:45:39+05:30
NESTLEIND,1401.67,TOUCHED,-0.47,below,1395.1,1401.67,1402.83,1404.0,1401.67,0.166,29.6,0.033,0,2026-09-08,2026-09-09,False,False,5.0,2026-09-09T14:45:39+05:30
PGEL,554.64,TOUCHED,-1.86,below,544.35,554.64,555.58,556.52,554.64,0.339,29.6,0.05,0,2026-09-08,2026-09-09,False,False,5.0,2026-09-09T14:45:39+05:30
IEX,116.88,TOUCHED,1.19,above,118.27,116.88,116.76,116.88,116.65,0.191,29.9,0.029,0,2026-09-08,2026-09-09,False,False,5.0,2026-09-09T14:45:39+05:30
COROMANDEL,1956.9,TOUCHED,-0.15,inside,1954.0,1956.9,1956.9,1959.8,1954.0,0.296,30.4,0.034,0,2026-09-08,2026-09-09,False,False,5.0,2026-09-09T14:45:39+05:30
CREDITACC,1411.2,TOUCHED,-0.92,below,1398.2,1411.2,1413.17,1415.13,1411.2,0.278,30.4,0.042,0,2026-09-08,2026-09-09,False,False,5.0,2026-09-09T14:45:39+05:30
HEXT,516.6,TOUCHED,-0.89,below,512.0,516.6,517.35,518.1,516.6,0.29,30.4,0.047,0,2026-09-08,2026-09-09,False,False,5.0,2026-09-09T14:45:39+05:30
INDIGO,4987.25,TOUCHED,-0.01,below,4987.0,4987.25,4991.5,4995.75,4987.25,0.17,30.4,0.025,0,2026-09-08,2026-09-09,False,False,5.0,2026-09-09T14:45:39+05:30
THELEELA,543.16,TOUCHED,-2.13,below,531.6,543.16,543.82,544.48,543.16,0.242,30.7,0.03,0,2026-09-08,2026-09-09,False,False,5.0,2026-09-09T14:45:39+05:30
JSWCEMENT,121.17,TOUCHED,-0.47,below,120.61,121.17,121.32,121.47,121.17,0.245,31.1,0.03,0,2026-09-08,2026-09-09,False,False,5.0,2026-09-09T14:45:39+05:30
MAPMYINDIA,969.92,TOUCHED,-1.33,below,957.0,969.92,971.03,972.15,969.92,0.23,31.2,0.034,0,2026-09-08,2026-09-09,False,False,5.0,2026-09-09T14:45:39+05:30
INDGN,589.93,TOUCHED,-0.71,below,585.75,589.93,590.67,591.4,589.93,0.248,31.5,0.025,0,2026-09-08,2026-09-09,False,False,5.0,2026-09-09T14:45:39+05:30
BDL,1244.38,TOUCHED,-1.86,below,1221.2,1244.38,1246.27,1248.15,1244.38,0.302,31.8,0.054,0,2026-09-08,2026-09-09,False,False,5.0,2026-09-09T14:45:39+05:30
VEDL,271.66,TOUCHED,1.21,above,274.95,271.66,271.32,271.66,270.97,0.252,31.8,0.028,0,2026-09-08,2026-09-09,False,False,5.0,2026-09-09T14:45:39+05:30
ALKEM,5168.0,TOUCHED,-0.17,below,5159.0,5168.0,5172.33,5176.67,5168.0,0.168,32.1,0.027,0,2026-09-08,2026-09-09,False,False,5.0,2026-09-09T14:45:39+05:30
GRSE,2530.62,TOUCHED,-1.42,below,2494.8,2530.62,2535.53,2540.45,2530.62,0.388,32.3,0.074,0,2026-09-08,2026-09-09,False,False,5.0,2026-09-09T14:45:39+05:30
IRCON,117.07,TOUCHED,-1.56,below,115.24,117.07,117.25,117.43,117.07,0.307,32.3,0.044,0,2026-09-08,2026-09-09,False,False,5.0,2026-09-09T14:45:39+05:30
ACUTAAS,3198.5,TOUCHED,1.12,above,3234.4,3198.5,3193.03,3198.5,3187.57,0.342,32.9,0.036,0,2026-09-08,2026-09-09,False,False,5.0,2026-09-09T14:45:39+05:30
DALBHARAT,1705.5,TOUCHED,1.36,above,1728.7,1705.5,1703.83,1705.5,1702.17,0.196,33.2,0.029,0,2026-09-08,2026-09-09,False,False,5.0,2026-09-09T14:45:39+05:30
ACE,1126.5,TOUCHED,0.06,above,1127.2,1126.5,1124.73,1126.5,1122.97,0.314,33.4,0.051,0,2026-09-08,2026-09-09,False,False,5.0,2026-09-09T14:45:39+05:30
GLENMARK,2465.5,TOUCHED,-0.89,below,2443.5,2465.5,2468.5,2471.5,2465.5,0.243,33.4,0.036,0,2026-09-08,2026-09-09,False,False,5.0,2026-09-09T14:45:39+05:30
SRF,2525.17,TOUCHED,-0.28,below,2518.1,2525.17,2528.33,2531.5,2525.17,0.25,33.7,0.034,0,2026-09-08,2026-09-09,False,False,5.0,2026-09-09T14:45:39+05:30
GRASIM,3297.6,TOUCHED,-0.35,below,3286.0,3297.6,3300.67,3303.73,3297.6,0.186,34.0,0.018,0,2026-09-08,2026-09-09,False,False,5.0,2026-09-09T14:45:39+05:30
LTM,4435.68,TOUCHED,-0.65,below,4407.0,4435.68,4441.37,4447.05,4435.68,0.256,34.0,0.032,0,2026-09-08,2026-09-09,False,False,5.0,2026-09-09T14:45:39+05:30
MCX,3335.72,TOUCHED,0.21,above,3342.7,3335.72,3329.43,3335.72,3323.15,0.377,34.0,0.058,0,2026-09-08,2026-09-09,False,False,5.0,2026-09-09T14:45:39+05:30
NEWGEN,514.9,TOUCHED,-0.79,below,510.85,514.9,515.8,516.7,514.9,0.349,34.0,0.034,0,2026-09-08,2026-09-09,False,False,5.0,2026-09-09T14:45:39+05:30
MANAPPURAM,325.4,TOUCHED,-1.31,below,321.15,325.4,325.8,326.2,325.4,0.246,34.2,0.032,0,2026-09-08,2026-09-09,False,False,5.0,2026-09-09T14:45:39+05:30
HSCL,671.71,TOUCHED,-0.93,below,665.45,671.71,672.77,673.83,671.71,0.315,34.5,0.039,0,2026-09-08,2026-09-09,False,False,5.0,2026-09-09T14:45:39+05:30
AIAENG,4241.7,TOUCHED,-1.53,below,4177.0,4241.7,4247.47,4253.23,4241.7,0.272,34.8,0.05,0,2026-09-08,2026-09-09,False,False,5.0,2026-09-09T14:45:39+05:30
BLUESTARCO,1463.07,TOUCHED,-0.2,below,1460.1,1463.07,1465.23,1467.4,1463.07,0.296,34.8,0.056,0,2026-09-08,2026-09-09,False,False,5.0,2026-09-09T14:45:39+05:30
KAYNES,3617.67,TOUCHED,-0.29,below,3607.2,3617.67,3625.33,3633.0,3617.67,0.423,34.8,0.051,0,2026-09-08,2026-09-09,False,False,5.0,2026-09-09T14:45:39+05:30
JUBLINGREA,672.17,TOUCHED,-0.03,below,672.0,672.17,673.22,674.26,672.17,0.309,35.1,0.036,0,2026-09-08,2026-09-09,False,False,5.0,2026-09-09T14:45:39+05:30
INDIACEM,353.96,TOUCHED,-0.71,below,351.45,353.96,354.47,354.97,353.96,0.287,35.3,0.035,0,2026-09-08,2026-09-09,False,False,5.0,2026-09-09T14:45:39+05:30
MRF,128645.0,TOUCHED,0.12,above,128805.0,128645.0,128511.67,128645.0,128378.33,0.208,35.3,0.037,0,2026-09-08,2026-09-09,False,False,5.0,2026-09-09T14:45:39+05:30
ZENTEC,1828.15,TOUCHED,-3.2,below,1769.7,1828.15,1831.3,1834.45,1828.15,0.344,35.6,0.025,0,2026-09-08,2026-09-09,False,False,5.0,2026-09-09T14:45:39+05:30
NH,1900.1,TOUCHED,-0.57,below,1889.3,1900.1,1902.8,1905.5,1900.1,0.284,35.9,0.036,0,2026-09-08,2026-09-09,False,False,5.0,2026-09-09T14:45:39+05:30
SUNDARMFIN,4706.8,TOUCHED,0.45,above,4727.8,4706.8,4700.9,4706.8,4695.0,0.251,35.9,0.029,0,2026-09-08,2026-09-09,False,False,5.0,2026-09-09T14:45:39+05:30
TRAVELFOOD,1283.28,TOUCHED,0.38,above,1288.1,1283.28,1281.31,1283.28,1279.35,0.307,35.9,0.033,0,2026-09-08,2026-09-09,False,False,5.0,2026-09-09T14:45:39+05:30
SHRIRAMFIN,1026.03,TOUCHED,0.06,inside,1026.7,1026.03,1026.03,1027.52,1024.55,0.289,36.4,0.038,0,2026-09-08,2026-09-09,False,False,5.0,2026-09-09T14:45:39+05:30
SWIGGY,277.3,TOUCHED,1.93,above,282.65,277.3,276.77,277.3,276.23,0.385,36.4,0.053,0,2026-09-08,2026-09-09,False,False,5.0,2026-09-09T14:45:39+05:30
TENNIND,522.52,TOUCHED,-0.72,below,518.75,522.52,523.58,524.64,522.52,0.404,36.5,0.018,0,2026-09-08,2026-09-09,False,False,5.0,2026-09-09T14:45:39+05:30
ATGL,608.6,TOUCHED,0.72,above,613.0,608.6,607.8,608.6,607.0,0.263,36.7,0.031,0,2026-09-08,2026-09-09,False,False,5.0,2026-09-09T14:45:39+05:30
CIPLA,1385.27,TOUCHED,-1.05,below,1370.7,1385.27,1386.53,1387.8,1385.27,0.183,36.7,0.023,0,2026-09-08,2026-09-09,False,False,5.0,2026-09-09T14:45:39+05:30
TBOTEK,1691.68,TOUCHED,1.89,above,1723.6,1691.68,1688.87,1691.68,1686.05,0.334,37.0,0.038,0,2026-09-08,2026-09-09,False,False,5.0,2026-09-09T14:45:39+05:30
SAREGAMA,496.32,TOUCHED,1.03,above,501.45,496.32,495.53,496.32,494.75,0.316,37.3,0.046,0,2026-09-08,2026-09-09,False,False,5.0,2026-09-09T14:45:39+05:30
TVSMOTOR,4127.93,TOUCHED,1.07,above,4172.0,4127.93,4122.67,4127.93,4117.4,0.256,37.3,0.026,0,2026-09-08,2026-09-09,False,False,5.0,2026-09-09T14:45:39+05:30
PINELABS,169.08,TOUCHED,3.8,above,175.5,169.08,168.61,169.08,168.15,0.556,38.3,0.056,0,2026-09-08,2026-09-09,False,False,5.0,2026-09-09T14:45:39+05:30
EMCURE,1929.03,TOUCHED,-0.85,below,1912.7,1929.03,1932.27,1935.5,1929.03,0.335,38.4,0.031,0,2026-09-08,2026-09-09,False,False,5.0,2026-09-09T14:45:39+05:30
CEMPRO,1288.28,TOUCHED,-0.77,below,1278.3,1288.28,1291.47,1294.65,1288.28,0.493,38.6,0.066,0,2026-09-08,2026-09-09,False,False,5.0,2026-09-09T14:45:39+05:30
UNITDSPR,1434.4,TOUCHED,-2.24,below,1402.3,1434.4,1436.27,1438.13,1434.4,0.26,39.2,0.034,0,2026-09-08,2026-09-09,False,False,5.0,2026-09-09T14:45:39+05:30
UNOMINDA,1233.0,TOUCHED,-0.02,inside,1232.8,1233.0,1233.0,1235.0,1231.0,0.324,39.2,0.047,0,2026-09-08,2026-09-09,False,False,5.0,2026-09-09T14:45:39+05:30
CROMPTON,231.59,TOUCHED,0.34,above,232.39,231.59,231.29,231.59,230.98,0.265,39.5,0.028,0,2026-09-08,2026-09-09,False,False,5.0,2026-09-09T14:45:39+05:30
ELECON,422.1,TOUCHED,-0.82,below,418.65,422.1,423.05,424.0,422.1,0.449,39.5,0.043,0,2026-09-08,2026-09-09,False,False,5.0,2026-09-09T14:45:39+05:30
NBCC,85.49,TOUCHED,-1.85,below,83.91,85.49,85.66,85.83,85.49,0.397,39.5,0.049,0,2026-09-08,2026-09-09,False,False,5.0,2026-09-09T14:45:39+05:30
TITAGARH,884.23,TOUCHED,-0.19,inside,882.55,884.23,884.23,885.95,882.52,0.388,39.5,0.046,0,2026-09-08,2026-09-09,False,False,5.0,2026-09-09T14:45:39+05:30
COHANCE,452.5,TOUCHED,-2.32,below,442.0,452.5,453.4,454.3,452.5,0.397,40.0,0.022,0,2026-09-08,2026-09-09,False,False,5.0,2026-09-09T14:45:39+05:30
INOXWIND,75.57,TOUCHED,1.1,above,76.4,75.57,75.43,75.57,75.29,0.371,40.0,0.046,0,2026-09-08,2026-09-09,False,False,5.0,2026-09-09T14:45:39+05:30
NATIONALUM,373.05,TOUCHED,1.94,above,380.3,373.05,372.38,373.05,371.72,0.358,40.0,0.043,0,2026-09-08,2026-09-09,False,False,5.0,2026-09-09T14:45:39+05:30
HYUNDAI,2210.45,TOUCHED,-0.66,below,2195.8,2210.45,2213.63,2216.82,2210.45,0.288,40.8,0.027,0,2026-09-08,2026-09-09,False,False,5.0,2026-09-09T14:45:39+05:30
IRFC,82.11,TOUCHED,-0.76,below,81.49,82.11,82.23,82.34,82.11,0.276,41.1,0.035,0,2026-09-08,2026-09-09,False,False,5.0,2026-09-09T14:45:39+05:30
HINDUNILVR,1973.75,TOUCHED,-1.59,below,1942.3,1973.75,1975.83,1977.92,1973.75,0.211,41.4,0.019,0,2026-09-08,2026-09-09,False,False,5.0,2026-09-09T14:45:39+05:30
ZFCVINDIA,2505.05,TOUCHED,-1.4,below,2470.0,2505.05,2509.17,2513.28,2505.05,0.328,41.6,0.037,0,2026-09-08,2026-09-09,False,False,5.0,2026-09-09T14:45:39+05:30
LATENTVIEW,259.5,TOUCHED,0.21,above,260.05,259.5,259.02,259.5,258.53,0.373,41.9,0.026,0,2026-09-08,2026-09-09,False,False,5.0,2026-09-09T14:45:39+05:30
DEEPAKNTR,1645.2,TOUCHED,0.09,above,1646.6,1645.2,1642.6,1645.2,1640.0,0.317,42.2,0.03,0,2026-09-08,2026-09-09,False,False,5.0,2026-09-09T14:45:39+05:30
AMBER,7323.42,TOUCHED,-1.03,below,7248.0,7323.42,7338.83,7354.25,7323.42,0.42,42.5,0.035,0,2026-09-08,2026-09-09,False,False,5.0,2026-09-09T14:45:39+05:30
DEEPAKFERT,1353.85,TOUCHED,0.15,above,1355.9,1353.85,1351.2,1353.85,1348.55,0.392,42.5,0.046,0,2026-09-08,2026-09-09,False,False,5.0,2026-09-09T14:45:39+05:30
OFSS,11725.5,TOUCHED,-0.85,below,11626.0,11725.5,11743.67,11761.83,11725.5,0.309,42.5,0.031,0,2026-09-08,2026-09-09,False,False,5.0,2026-09-09T14:45:39+05:30
SBFC,97.84,TOUCHED,1.66,above,99.46,97.84,97.68,97.84,97.51,0.334,42.5,0.03,0,2026-09-08,2026-09-09,False,False,5.0,2026-09-09T14:45:39+05:30
GODIGIT,257.98,TOUCHED,-1.6,below,253.85,257.98,258.37,258.76,257.98,0.303,43.0,0.029,0,2026-09-08,2026-09-09,False,False,5.0,2026-09-09T14:45:39+05:30
PTCIL,23771.67,TOUCHED,-3.6,below,22915.0,23771.67,23813.33,23855.0,23771.67,0.35,43.3,0.031,0,2026-09-08,2026-09-09,False,False,5.0,2026-09-09T14:45:39+05:30
TIINDIA,2654.8,TOUCHED,1.37,above,2691.1,2654.8,2649.43,2654.8,2644.07,0.405,43.3,0.04,0,2026-09-08,2026-09-09,False,False,5.0,2026-09-09T14:45:39+05:30
ATHERENERG,1586.47,TOUCHED,-0.04,inside,1585.9,1586.47,1586.47,1590.7,1582.23,0.534,43.4,0.065,0,2026-09-08,2026-09-09,False,False,5.0,2026-09-09T14:45:39+05:30
LINDEINDIA,6390.17,TOUCHED,-0.25,below,6374.5,6390.17,6400.33,6410.5,6390.17,0.318,43.8,0.028,0,2026-09-08,2026-09-09,False,False,5.0,2026-09-09T14:45:39+05:30
IPCALAB,1970.93,TOUCHED,-0.22,below,1966.6,1970.93,1974.67,1978.4,1970.93,0.378,44.1,0.034,0,2026-09-08,2026-09-09,False,False,5.0,2026-09-09T14:45:39+05:30
ITC,263.77,TOUCHED,-0.44,below,262.6,263.77,264.03,264.3,263.77,0.202,44.4,0.021,0,2026-09-08,2026-09-09,False,False,5.0,2026-09-09T14:45:39+05:30
NTPCGREEN,88.18,TOUCHED,-0.03,inside,88.15,88.18,88.18,88.31,88.05,0.295,44.4,0.015,0,2026-09-08,2026-09-09,False,False,5.0,2026-09-09T14:45:39+05:30
RAILTEL,266.82,TOUCHED,-0.98,below,264.2,266.82,267.35,267.88,266.82,0.393,44.4,0.042,0,2026-09-08,2026-09-09,False,False,5.0,2026-09-09T14:45:39+05:30
PATANJALI,340.9,TOUCHED,-0.32,below,339.8,340.9,341.27,341.63,340.9,0.215,44.7,0.019,0,2026-09-08,2026-09-09,False,False,5.0,2026-09-09T14:45:39+05:30
GICRE,349.68,TOUCHED,0.36,above,350.95,349.68,349.15,349.68,348.63,0.301,45.2,0.032,0,2026-09-08,2026-09-09,False,False,5.0,2026-09-09T14:45:39+05:30
LTF,310.1,TOUCHED,0.47,above,311.55,310.1,309.5,310.1,308.9,0.388,45.2,0.03,0,2026-09-08,2026-09-09,False,False,5.0,2026-09-09T14:45:39+05:30
KEI,4706.5,TOUCHED,-0.95,below,4662.0,4706.5,4715.5,4724.5,4706.5,0.382,45.5,0.029,0,2026-09-08,2026-09-09,False,False,5.0,2026-09-09T14:45:39+05:30
USHAMART,500.83,TOUCHED,-0.51,below,498.25,500.83,501.8,502.78,500.83,0.389,45.5,0.04,0,2026-09-08,2026-09-09,False,False,5.0,2026-09-09T14:45:39+05:30
TEJASNET,591.42,TOUCHED,-2.52,below,576.5,591.42,592.8,594.18,591.42,0.464,45.8,0.046,0,2026-09-08,2026-09-09,False,False,5.0,2026-09-09T14:45:39+05:30
KARURVYSYA,340.51,TOUCHED,0.1,above,340.85,340.51,339.87,340.51,339.22,0.378,46.0,0.043,0,2026-09-08,2026-09-09,False,False,5.0,2026-09-09T14:45:39+05:30
NLCINDIA,271.1,TOUCHED,-0.02,inside,271.05,271.1,271.1,271.68,270.53,0.424,46.0,0.049,0,2026-09-08,2026-09-09,False,False,5.0,2026-09-09T14:45:39+05:30
UCOBANK,24.22,TOUCHED,-1.07,below,23.96,24.22,24.26,24.3,24.22,0.316,46.3,0.013,0,2026-09-08,2026-09-09,False,False,5.0,2026-09-09T14:45:39+05:30
CESC,145.79,TOUCHED,2.97,above,150.12,145.79,145.54,145.79,145.28,0.353,46.6,0.037,0,2026-09-08,2026-09-09,False,False,5.0,2026-09-09T14:45:39+05:30
GMRAIRPORT,96.84,TOUCHED,1.26,above,98.06,96.84,96.67,96.84,96.51,0.338,46.6,0.022,0,2026-09-08,2026-09-09,False,False,5.0,2026-09-09T14:45:39+05:30
RBLBANK,417.68,TOUCHED,0.1,above,418.1,417.68,416.87,417.68,416.05,0.392,46.8,0.033,0,2026-09-08,2026-09-09,False,False,5.0,2026-09-09T14:45:39+05:30
ANGELONE,300.32,TOUCHED,0.41,above,301.55,300.32,299.55,300.32,298.77,0.517,47.1,0.036,0,2026-09-08,2026-09-09,False,False,5.0,2026-09-09T14:45:39+05:30
JUBLFOOD,477.75,TOUCHED,-0.53,below,475.2,477.75,478.63,479.52,477.75,0.369,47.1,0.024,0,2026-09-08,2026-09-09,False,False,5.0,2026-09-09T14:45:39+05:30
IOB,33.18,TOUCHED,-0.35,below,33.06,33.18,33.23,33.29,33.18,0.331,47.4,0.034,0,2026-09-08,2026-09-09,False,False,5.0,2026-09-09T14:45:39+05:30
ONGC,235.7,TOUCHED,0.02,above,235.75,235.7,235.41,235.7,235.11,0.252,47.4,0.028,0,2026-09-08,2026-09-09,False,False,5.0,2026-09-09T14:45:39+05:30
COCHINSHIP,1524.88,TOUCHED,2.38,above,1561.2,1524.88,1521.57,1524.88,1518.25,0.436,47.9,0.042,0,2026-09-08,2026-09-09,False,False,5.0,2026-09-09T14:45:39+05:30
IKS,1791.5,TOUCHED,0.13,above,1793.9,1791.5,1787.67,1791.5,1783.83,0.429,48.2,0.023,0,2026-09-08,2026-09-09,False,False,5.0,2026-09-09T14:45:39+05:30
RADICO,4460.8,TOUCHED,-0.75,below,4427.3,4460.8,4468.87,4476.93,4460.8,0.361,48.2,0.023,0,2026-09-08,2026-09-09,False,False,5.0,2026-09-09T14:45:39+05:30
SYRMA,1630.47,TOUCHED,-0.06,inside,1629.5,1630.47,1630.47,1634.83,1626.1,0.536,48.2,0.047,0,2026-09-08,2026-09-09,False,False,5.0,2026-09-09T14:45:39+05:30
MMTC,63.34,TOUCHED,-0.92,below,62.76,63.34,63.5,63.65,63.34,0.483,48.5,0.053,0,2026-09-08,2026-09-09,False,False,5.0,2026-09-09T14:45:39+05:30
CHOLAHLDNG,1523.02,TOUCHED,0.5,above,1530.7,1523.02,1519.83,1523.02,1516.65,0.419,48.8,0.026,0,2026-09-08,2026-09-09,False,False,5.0,2026-09-09T14:45:39+05:30
PFOCUS,315.78,TOUCHED,0.26,inside,316.6,315.78,315.78,317.1,314.47,0.834,49.9,0.056,0,2026-09-08,2026-09-09,False,False,5.0,2026-09-09T14:45:39+05:30
ESCORTS,2995.75,TOUCHED,-0.46,below,2982.0,2995.75,3001.57,3007.38,2995.75,0.388,50.1,0.041,0,2026-09-08,2026-09-09,False,False,5.0,2026-09-09T14:45:39+05:30
MOTHERSON,163.51,TOUCHED,0.46,above,164.27,163.51,163.17,163.51,162.83,0.415,50.1,0.039,0,2026-09-08,2026-09-09,False,False,5.0,2026-09-09T14:45:39+05:30
AEGISVOPAK,289.73,TOUCHED,2.16,above,296.0,289.73,288.82,289.73,287.9,0.635,50.3,0.041,0,2026-09-08,2026-09-09,False,False,5.0,2026-09-09T14:45:39+05:30
JINDALSTEL,1143.0,TOUCHED,0.66,above,1150.5,1143.0,1140.77,1143.0,1138.53,0.392,50.4,0.036,0,2026-09-08,2026-09-09,False,False,5.0,2026-09-09T14:45:39+05:30
GLAND,2953.17,TOUCHED,1.58,above,2999.7,2953.17,2947.03,2953.17,2940.9,0.416,50.7,0.042,0,2026-09-08,2026-09-09,False,False,5.0,2026-09-09T14:45:39+05:30
NMDC,84.56,TOUCHED,1.18,above,85.56,84.56,84.41,84.56,84.26,0.355,50.7,0.028,0,2026-09-08,2026-09-09,False,False,5.0,2026-09-09T14:45:39+05:30
MGL,1096.5,TOUCHED,-0.95,below,1086.1,1096.5,1098.73,1100.97,1096.5,0.407,51.5,0.039,0,2026-09-08,2026-09-09,False,False,5.0,2026-09-09T14:45:39+05:30
RITES,213.41,TOUCHED,-1.17,below,210.9,213.41,213.84,214.28,213.41,0.407,51.8,0.033,0,2026-09-08,2026-09-09,False,False,5.0,2026-09-09T14:45:39+05:30
ANANDRATHI,2218.95,TOUCHED,-1.28,below,2190.5,2218.95,2222.47,2225.98,2218.95,0.316,52.6,0.022,0,2026-09-08,2026-09-09,False,False,5.0,2026-09-09T14:45:39+05:30
EMMVEE,329.08,TOUCHED,0.01,inside,329.1,329.08,329.08,330.17,328.0,0.658,52.9,0.041,0,2026-09-08,2026-09-09,False,False,5.0,2026-09-09T14:45:39+05:30
JSL,737.0,TOUCHED,7.14,above,789.65,737.0,735.25,737.0,733.5,0.476,52.9,0.051,0,2026-09-08,2026-09-09,False,False,5.0,2026-09-09T14:45:39+05:30
LEMONTREE,106.35,TOUCHED,0.04,above,106.4,106.35,106.15,106.35,105.94,0.393,52.9,0.027,0,2026-09-08,2026-09-09,False,False,5.0,2026-09-09T14:45:39+05:30
AFFLE,1613.07,TOUCHED,-1.64,below,1586.6,1613.07,1616.73,1620.4,1613.07,0.454,53.2,0.034,0,2026-09-08,2026-09-09,False,False,5.0,2026-09-09T14:45:39+05:30
BOSCHLTD,48699.17,TOUCHED,0.16,above,48775.0,48699.17,48613.33,48699.17,48527.5,0.353,53.2,0.034,0,2026-09-08,2026-09-09,False,False,5.0,2026-09-09T14:45:39+05:30
JPPOWER,16.53,TOUCHED,-0.38,below,16.47,16.53,16.58,16.62,16.53,0.523,53.2,0.038,0,2026-09-08,2026-09-09,False,False,5.0,2026-09-09T14:45:39+05:30
INTELLECT,685.98,TOUCHED,-0.51,below,682.45,685.98,687.92,689.86,685.98,0.565,53.4,0.043,0,2026-09-08,2026-09-09,False,False,5.0,2026-09-09T14:45:39+05:30
RECLTD,316.0,TOUCHED,-0.32,below,315.0,316.0,316.62,317.23,316.0,0.39,53.4,0.018,0,2026-09-08,2026-09-09,False,False,5.0,2026-09-09T14:45:39+05:30
POLYMED,1725.62,TOUCHED,0.03,above,1726.2,1725.62,1721.13,1725.62,1716.65,0.521,53.7,0.045,0,2026-09-08,2026-09-09,False,False,5.0,2026-09-09T14:45:39+05:30
SHYAMMETL,1083.88,TOUCHED,-0.7,below,1076.3,1083.88,1085.87,1087.85,1083.88,0.365,53.7,0.016,0,2026-09-08,2026-09-09,False,False,5.0,2026-09-09T14:45:39+05:30
TATASTEEL,185.06,TOUCHED,1.73,above,188.26,185.06,184.75,185.06,184.45,0.327,53.7,0.023,0,2026-09-08,2026-09-09,False,False,5.0,2026-09-09T14:45:39+05:30
WOCKPHARMA,2217.0,TOUCHED,1.25,above,2244.7,2217.0,2210.0,2217.0,2203.0,0.633,53.7,0.06,0,2026-09-08,2026-09-09,False,False,5.0,2026-09-09T14:45:39+05:30
3MINDIA,33031.67,TOUCHED,0.09,inside,33060.0,33031.67,33031.67,33088.33,32975.0,0.343,54.2,0.027,0,2026-09-08,2026-09-09,False,False,5.0,2026-09-09T14:45:39+05:30
AAVAS,1299.43,TOUCHED,-0.17,inside,1297.2,1299.43,1299.43,1302.4,1296.47,0.457,55.1,0.028,0,2026-09-08,2026-09-09,False,False,5.0,2026-09-09T14:45:39+05:30
APOLLOHOSP,8824.17,TOUCHED,1.3,above,8939.0,8824.17,8810.83,8824.17,8797.5,0.303,55.1,0.015,0,2026-09-08,2026-09-09,False,False,5.0,2026-09-09T14:45:39+05:30
LALPATHLAB,1908.57,TOUCHED,0.8,above,1923.8,1908.57,1904.63,1908.57,1900.7,0.413,55.1,0.044,0,2026-09-08,2026-09-09,False,False,5.0,2026-09-09T14:45:39+05:30
ENGINERSIN,276.7,TOUCHED,-0.85,below,274.35,276.7,277.53,278.37,276.7,0.601,55.3,0.04,0,2026-09-08,2026-09-09,False,False,5.0,2026-09-09T14:45:39+05:30
PFC,353.82,TOUCHED,-0.52,below,352.0,353.82,354.52,355.21,353.82,0.39,55.3,0.036,0,2026-09-08,2026-09-09,False,False,5.0,2026-09-09T14:45:39+05:30
TORNTPHARM,4951.75,TOUCHED,0.01,above,4952.0,4951.75,4943.5,4951.75,4935.25,0.334,55.3,0.025,0,2026-09-08,2026-09-09,False,False,5.0,2026-09-09T14:45:39+05:30
PRESTIGE,1549.0,TOUCHED,-0.23,below,1545.5,1549.0,1553.2,1557.4,1549.0,0.541,55.6,0.056,0,2026-09-08,2026-09-09,False,False,5.0,2026-09-09T14:45:39+05:30
UPL,574.48,TOUCHED,-0.06,inside,574.15,574.48,574.48,575.62,573.35,0.395,55.9,0.022,0,2026-09-08,2026-09-09,False,False,5.0,2026-09-09T14:45:39+05:30
DLF,670.7,TOUCHED,-1.83,below,658.4,670.7,672.17,673.63,670.7,0.436,56.2,0.03,0,2026-09-08,2026-09-09,False,False,5.0,2026-09-09T14:45:39+05:30
LENSKART,693.91,TOUCHED,0.01,above,694.0,693.91,692.07,693.91,690.22,0.532,56.2,0.03,0,2026-09-08,2026-09-09,False,False,5.0,2026-09-09T14:45:39+05:30
TEGA,1644.0,TOUCHED,3.32,above,1698.5,1644.0,1640.13,1644.0,1636.27,0.472,56.7,0.045,0,2026-09-08,2026-09-09,False,False,5.0,2026-09-09T14:45:39+05:30
APTUS,256.3,TOUCHED,0.47,above,257.5,256.3,255.64,256.3,254.98,0.516,57.0,0.029,0,2026-09-08,2026-09-09,False,False,5.0,2026-09-09T14:45:39+05:30
SJVN,65.74,TOUCHED,1.66,above,66.83,65.74,65.6,65.74,65.47,0.406,57.0,0.03,0,2026-09-08,2026-09-09,False,False,5.0,2026-09-09T14:45:39+05:30
SCI,289.64,TOUCHED,-0.86,below,287.15,289.64,290.53,291.42,289.64,0.614,57.3,0.055,0,2026-09-08,2026-09-09,False,False,5.0,2026-09-09T14:45:39+05:30
BHARTIHEXA,1545.7,TOUCHED,0.01,above,1545.8,1545.7,1542.1,1545.7,1538.5,0.467,57.5,0.039,0,2026-09-08,2026-09-09,False,False,5.0,2026-09-09T14:45:39+05:30
WAAREEENER,2577.92,TOUCHED,-0.35,below,2569.0,2577.92,2584.83,2591.75,2577.92,0.535,58.1,0.043,0,2026-09-08,2026-09-09,False,False,5.0,2026-09-09T14:45:39+05:30
HINDZINC,599.85,TOUCHED,1.18,above,606.9,599.85,598.4,599.85,596.95,0.485,58.6,0.044,0,2026-09-08,2026-09-09,False,False,5.0,2026-09-09T14:45:39+05:30
LODHA,1200.65,TOUCHED,-2.74,below,1167.8,1200.65,1204.43,1208.22,1200.65,0.628,58.6,0.036,0,2026-09-08,2026-09-09,False,False,5.0,2026-09-09T14:45:39+05:30
RRKABEL,2428.05,TOUCHED,-0.05,below,2426.9,2428.05,2434.87,2441.68,2428.05,0.56,58.9,0.058,0,2026-09-08,2026-09-09,False,False,5.0,2026-09-09T14:45:39+05:30
TMPV,305.18,TOUCHED,-0.16,inside,304.7,305.18,305.18,305.82,304.55,0.415,58.9,0.02,0,2026-09-08,2026-09-09,False,False,5.0,2026-09-09T14:45:39+05:30
BLUEJET,577.12,TOUCHED,-0.03,inside,576.95,577.12,577.12,579.31,574.92,0.76,59.2,0.045,0,2026-09-08,2026-09-09,False,False,5.0,2026-09-09T14:45:39+05:30
GVT&D,4701.5,TOUCHED,-1.01,below,4654.0,4701.5,4717.67,4733.83,4701.5,0.685,59.5,0.025,0,2026-09-08,2026-09-09,False,False,5.0,2026-09-09T14:45:39+05:30
NETWEB,5108.33,TOUCHED,-3.77,below,4915.5,5108.33,5129.17,5150.0,5108.33,0.812,59.5,0.062,0,2026-09-08,2026-09-09,False,False,5.0,2026-09-09T14:45:39+05:30
SAPPHIRE,227.31,TOUCHED,-0.52,below,226.13,227.31,228.01,228.71,227.31,0.614,59.5,0.05,0,2026-09-08,2026-09-09,False,False,5.0,2026-09-09T14:45:39+05:30
CANFINHOME,799.54,TOUCHED,-1.19,below,790.0,799.54,801.48,803.42,799.54,0.485,59.7,0.021,0,2026-09-08,2026-09-09,False,False,5.0,2026-09-09T14:45:39+05:30
BLUEDART,4958.5,TOUCHED,-0.66,below,4926.0,4958.5,4968.07,4977.63,4958.5,0.385,60.8,0.02,0,2026-09-08,2026-09-09,False,False,5.0,2026-09-09T14:45:39+05:30
ECLERX,1923.5,TOUCHED,-0.44,below,1915.0,1923.5,1930.7,1937.9,1923.5,0.746,61.1,0.052,0,2026-09-08,2026-09-09,False,False,5.0,2026-09-09T14:45:39+05:30
ADANIPOWER,207.85,TOUCHED,3.05,above,214.2,207.85,207.31,207.85,206.76,0.527,61.4,0.056,0,2026-09-08,2026-09-09,False,False,5.0,2026-09-09T14:45:39+05:30
ADANIPORTS,1706.38,TOUCHED,4.09,above,1776.1,1706.38,1702.77,1706.38,1699.15,0.425,61.9,0.022,0,2026-09-08,2026-09-09,False,False,5.0,2026-09-09T14:45:39+05:30
CUMMINSIND,5027.5,TOUCHED,2.79,above,5168.0,5027.5,5015.0,5027.5,5002.5,0.499,61.9,0.019,0,2026-09-08,2026-09-09,False,False,5.0,2026-09-09T14:45:39+05:30
PIIND,2399.75,TOUCHED,-0.51,below,2387.4,2399.75,2404.5,2409.25,2399.75,0.395,62.5,0.018,0,2026-09-08,2026-09-09,False,False,5.0,2026-09-09T14:45:39+05:30
SIGNATURE,787.22,TOUCHED,-0.09,below,786.5,787.22,789.23,791.25,787.22,0.511,62.5,0.029,0,2026-09-08,2026-09-09,False,False,5.0,2026-09-09T14:45:39+05:30
TATACOMM,1748.23,TOUCHED,1.47,above,1774.0,1748.23,1743.67,1748.23,1739.1,0.524,63.6,0.022,0,2026-09-08,2026-09-09,False,False,5.0,2026-09-09T14:45:39+05:30
RVNL,208.05,TOUCHED,-0.47,below,207.08,208.05,208.6,209.15,208.05,0.527,63.8,0.034,0,2026-09-08,2026-09-09,False,False,5.0,2026-09-09T14:45:39+05:30
TATATECH,792.67,TOUCHED,-0.41,below,789.4,792.67,794.62,796.56,792.67,0.489,64.7,0.037,0,2026-09-08,2026-09-09,False,False,5.0,2026-09-09T14:45:39+05:30
AIIL,520.07,TOUCHED,-0.73,below,516.3,520.07,522.12,524.16,520.07,0.782,64.9,0.055,0,2026-09-08,2026-09-09,False,False,5.0,2026-09-09T14:45:39+05:30
EICHERMOT,7732.08,TOUCHED,0.5,above,7770.5,7732.08,7716.67,7732.08,7701.25,0.4,65.5,0.024,0,2026-09-08,2026-09-09,False,False,5.0,2026-09-09T14:45:39+05:30
NUVAMA,1818.3,TOUCHED,-1.53,below,1790.4,1818.3,1824.33,1830.37,1818.3,0.661,65.5,0.027,0,2026-09-08,2026-09-09,False,False,5.0,2026-09-09T14:45:39+05:30
PHOENIXLTD,1900.0,TOUCHED,0.28,above,1905.3,1900.0,1895.0,1900.0,1890.0,0.528,65.5,0.047,0,2026-09-08,2026-09-09,False,False,5.0,2026-09-09T14:45:39+05:30
HINDALCO,1016.1,TOUCHED,0.71,above,1023.3,1016.1,1013.73,1016.1,1011.37,0.467,66.3,0.013,0,2026-09-08,2026-09-09,False,False,5.0,2026-09-09T14:45:39+05:30
KOTAKBANK,419.98,TOUCHED,-1.09,below,415.4,419.98,420.7,421.43,419.98,0.345,66.3,0.023,0,2026-09-08,2026-09-09,False,False,5.0,2026-09-09T14:45:39+05:30
LT,3953.2,TOUCHED,-0.18,below,3946.0,3953.2,3960.3,3967.4,3953.2,0.359,66.3,0.025,0,2026-09-08,2026-09-09,False,False,5.0,2026-09-09T14:45:39+05:30
CGCL,272.57,TOUCHED,-0.17,inside,272.1,272.57,272.57,273.47,271.66,0.667,66.8,0.058,0,2026-09-08,2026-09-09,False,False,5.0,2026-09-09T14:45:39+05:30
LGEINDIA,1659.85,TOUCHED,-0.29,below,1655.0,1659.85,1663.97,1668.08,1659.85,0.495,67.8,0.012,0,2026-09-08,2026-09-09,False,False,5.0,2026-09-09T14:45:39+05:30
EXIDEIND,419.22,TOUCHED,-1.53,below,412.8,419.22,420.3,421.38,419.22,0.512,67.9,0.027,0,2026-09-08,2026-09-09,False,False,5.0,2026-09-09T14:45:39+05:30
BIOCON,395.4,TOUCHED,0.46,above,397.2,395.4,394.37,395.4,393.33,0.524,68.2,0.03,0,2026-09-08,2026-09-09,False,False,5.0,2026-09-09T14:45:39+05:30
RAINBOW,1453.88,TOUCHED,-0.58,below,1445.5,1453.88,1457.87,1461.85,1453.88,0.546,68.2,0.041,0,2026-09-08,2026-09-09,False,False,5.0,2026-09-09T14:45:39+05:30
AXISBANK,1247.33,TOUCHED,-0.36,below,1242.8,1247.33,1249.77,1252.2,1247.33,0.389,68.5,0.024,0,2026-09-08,2026-09-09,False,False,5.0,2026-09-09T14:45:39+05:30
TRITURBINE,575.5,TOUCHED,-1.79,below,565.2,575.5,577.2,578.9,575.5,0.589,68.8,0.022,0,2026-09-08,2026-09-09,False,False,5.0,2026-09-09T14:45:39+05:30
BRIGADE,679.48,TOUCHED,-2.23,below,664.3,679.48,681.98,684.49,679.48,0.736,69.0,0.025,0,2026-09-08,2026-09-09,False,False,5.0,2026-09-09T14:45:39+05:30
CLEAN,833.1,TOUCHED,-0.78,below,826.6,833.1,835.95,838.8,833.1,0.682,69.0,0.029,0,2026-09-08,2026-09-09,False,False,5.0,2026-09-09T14:45:39+05:30
JSWSTEEL,1305.35,TOUCHED,0.26,above,1308.7,1305.35,1302.67,1305.35,1299.98,0.412,69.0,0.025,0,2026-09-08,2026-09-09,False,False,5.0,2026-09-09T14:45:39+05:30
BAJAJ-AUTO,11799.5,TOUCHED,-0.29,below,11765.0,11799.5,11826.33,11853.17,11799.5,0.454,69.3,0.028,0,2026-09-08,2026-09-09,False,False,5.0,2026-09-09T14:45:39+05:30
GABRIEL,1370.55,TOUCHED,-0.84,below,1359.0,1370.55,1376.9,1383.25,1370.55,0.922,69.6,0.039,0,2026-09-08,2026-09-09,False,False,5.0,2026-09-09T14:45:39+05:30
JINDALSAW,306.45,TOUCHED,1.75,above,311.8,306.45,305.3,306.45,304.15,0.753,69.6,0.038,0,2026-09-08,2026-09-09,False,False,5.0,2026-09-09T14:45:39+05:30
PIRAMALFIN,2290.08,TOUCHED,0.76,above,2307.4,2290.08,2281.67,2290.08,2273.25,0.738,69.7,0.048,0,2026-09-08,2026-09-09,False,False,5.0,2026-09-09T14:45:39+05:30
CAPLIPOINT,2779.65,TOUCHED,-1.81,below,2729.4,2779.65,2789.2,2798.75,2779.65,0.685,70.1,0.037,0,2026-09-08,2026-09-09,False,False,5.0,2026-09-09T14:45:39+05:30
INDIAMART,1688.85,TOUCHED,-1.06,below,1671.0,1688.85,1693.2,1697.55,1688.85,0.514,70.1,0.025,0,2026-09-08,2026-09-09,False,False,5.0,2026-09-09T14:45:39+05:30
CRISIL,4711.5,TOUCHED,-0.31,below,4696.8,4711.5,4725.83,4740.17,4711.5,0.607,70.4,0.049,0,2026-09-08,2026-09-09,False,False,5.0,2026-09-09T14:45:39+05:30
CUB,233.87,TOUCHED,-1.08,below,231.34,233.87,234.77,235.67,233.87,0.765,70.7,0.038,0,2026-09-08,2026-09-09,False,False,5.0,2026-09-09T14:45:39+05:30
ENRIN,3178.63,TOUCHED,0.09,inside,3181.6,3178.63,3178.63,3189.37,3167.9,0.675,70.7,0.027,0,2026-09-08,2026-09-09,False,False,5.0,2026-09-09T14:45:39+05:30
CONCOR,505.92,TOUCHED,0.84,above,510.2,505.92,504.62,505.92,503.31,0.519,71.0,0.037,0,2026-09-08,2026-09-09,False,False,5.0,2026-09-09T14:45:39+05:30
AADHARHFC,475.58,TOUCHED,-0.64,below,472.55,475.58,476.93,478.29,475.58,0.57,71.5,0.027,0,2026-09-08,2026-09-09,False,False,5.0,2026-09-09T14:45:39+05:30
CARBORUNIV,1099.63,TOUCHED,-0.31,below,1096.2,1099.63,1103.37,1107.1,1099.63,0.677,71.5,0.033,0,2026-09-08,2026-09-09,False,False,5.0,2026-09-09T14:45:39+05:30
PETRONET,287.27,TOUCHED,-0.11,inside,286.95,287.27,287.27,288.0,286.53,0.511,71.8,0.026,0,2026-09-08,2026-09-09,False,False,5.0,2026-09-09T14:45:39+05:30
HAL,5016.68,TOUCHED,0.43,above,5038.2,5016.68,5002.27,5016.68,4987.85,0.576,72.1,0.038,0,2026-09-08,2026-09-09,False,False,5.0,2026-09-09T14:45:39+05:30
ONESOURCE,1586.87,TOUCHED,-3.0,below,1539.3,1586.87,1594.23,1601.6,1586.87,0.924,72.1,0.047,0,2026-09-08,2026-09-09,False,False,5.0,2026-09-09T14:45:39+05:30
HONAUT,35155.83,TOUCHED,-2.58,below,34250.0,35155.83,35251.67,35347.5,35155.83,0.544,73.7,0.028,0,2026-09-08,2026-09-09,False,False,5.0,2026-09-09T14:45:39+05:30
PARADEEP,160.61,TOUCHED,-1.63,below,157.99,160.61,161.42,162.24,160.61,1.012,74.0,0.04,0,2026-09-08,2026-09-09,False,False,5.0,2026-09-09T14:45:39+05:30
CPPLUS,3789.6,TOUCHED,-0.02,inside,3789.0,3789.6,3789.6,3809.2,3770.0,1.034,74.1,0.035,0,2026-09-08,2026-09-09,False,False,5.0,2026-09-09T14:45:39+05:30
ADANIENSOL,1402.13,TOUCHED,1.74,above,1426.6,1402.13,1396.57,1402.13,1391.0,0.797,74.2,0.035,0,2026-09-08,2026-09-09,False,False,5.0,2026-09-09T14:45:39+05:30
ABBOTINDIA,25620.83,TOUCHED,-1.31,below,25285.0,25620.83,25686.67,25752.5,25620.83,0.513,74.8,0.034,0,2026-09-08,2026-09-09,False,False,5.0,2026-09-09T14:45:39+05:30
JUBLPHARMA,994.31,TOUCHED,2.27,above,1016.9,994.31,990.87,994.31,987.42,0.695,74.8,0.019,0,2026-09-08,2026-09-09,False,False,5.0,2026-09-09T14:45:39+05:30
NATCOPHARM,828.88,TOUCHED,-0.12,below,827.85,828.88,832.0,835.12,828.88,0.751,75.3,0.023,0,2026-09-08,2026-09-09,False,False,5.0,2026-09-09T14:45:39+05:30
SCHNEIDER,1210.85,TOUCHED,-1.18,below,1196.6,1210.85,1217.13,1223.42,1210.85,1.032,75.6,0.031,0,2026-09-08,2026-09-09,False,False,5.0,2026-09-09T14:45:39+05:30
AUBANK,1066.63,TOUCHED,-0.03,inside,1066.3,1066.63,1066.63,1070.17,1063.1,0.663,75.9,0.018,0,2026-09-08,2026-09-09,False,False,5.0,2026-09-09T14:45:39+05:30
BAJAJHFL,83.39,TOUCHED,-0.46,below,83.01,83.39,83.6,83.8,83.39,0.494,75.9,0.025,0,2026-09-08,2026-09-09,False,False,5.0,2026-09-09T14:45:39+05:30
HEG,262.0,TOUCHED,0.95,above,264.5,262.0,260.87,262.0,259.73,0.869,75.9,0.045,0,2026-09-08,2026-09-09,False,False,5.0,2026-09-09T14:45:39+05:30
NUVOCO,341.07,TOUCHED,-1.47,below,336.05,341.07,342.28,343.5,341.07,0.711,75.9,0.039,0,2026-09-08,2026-09-09,False,False,5.0,2026-09-09T14:45:39+05:30
ZYDUSLIFE,1148.62,TOUCHED,-1.84,below,1127.5,1148.62,1151.73,1154.85,1148.62,0.541,75.9,0.024,0,2026-09-08,2026-09-09,False,False,5.0,2026-09-09T14:45:39+05:30
AUROPHARMA,1681.93,TOUCHED,-0.19,inside,1678.8,1681.93,1681.93,1686.97,1676.9,0.599,76.2,0.04,0,2026-09-08,2026-09-09,False,False,5.0,2026-09-09T14:45:39+05:30
SOLARINDS,22291.67,TOUCHED,-0.01,inside,22290.0,22291.67,22291.67,22373.33,22210.0,0.733,77.0,0.057,0,2026-09-08,2026-09-09,False,False,5.0,2026-09-09T14:45:39+05:30
NSLNISP,45.19,TOUCHED,-0.0,below,45.19,45.19,45.36,45.53,45.19,0.75,77.3,0.04,0,2026-09-08,2026-09-09,False,False,5.0,2026-09-09T14:45:39+05:30
APOLLOTYRE,415.62,TOUCHED,1.26,above,420.85,415.62,414.25,415.62,412.88,0.664,77.8,0.041,0,2026-09-08,2026-09-09,False,False,5.0,2026-09-09T14:45:39+05:30
EMAMILTD,367.35,TOUCHED,0.65,above,369.75,367.35,366.12,367.35,364.88,0.674,78.4,0.026,0,2026-09-08,2026-09-09,False,False,5.0,2026-09-09T14:45:39+05:30
STARHEALTH,570.06,TOUCHED,0.31,above,571.8,570.06,568.02,570.06,565.98,0.719,78.6,0.024,0,2026-09-08,2026-09-09,False,False,5.0,2026-09-09T14:45:39+05:30
M&M,3139.77,TOUCHED,-0.12,inside,3136.0,3139.77,3139.77,3149.88,3129.65,0.644,79.2,0.027,0,2026-09-08,2026-09-09,False,False,5.0,2026-09-09T14:45:39+05:30
EIDPARRY,766.65,TOUCHED,-1.38,below,756.1,766.65,769.6,772.55,766.65,0.767,79.5,0.038,0,2026-09-08,2026-09-09,False,False,5.0,2026-09-09T14:45:39+05:30
AJANTPHARM,3553.2,TOUCHED,-0.1,inside,3549.7,3553.2,3553.2,3566.25,3540.15,0.735,79.7,0.04,0,2026-09-08,2026-09-09,False,False,5.0,2026-09-09T14:45:39+05:30
GLAXO,2939.22,TOUCHED,-1.48,below,2895.6,2939.22,2950.23,2961.25,2939.22,0.747,79.7,0.016,0,2026-09-08,2026-09-09,False,False,5.0,2026-09-09T14:45:39+05:30
MINDACORP,703.12,TOUCHED,-0.29,inside,701.05,703.12,703.12,705.71,700.52,0.737,79.7,0.044,0,2026-09-08,2026-09-09,False,False,5.0,2026-09-09T14:45:39+05:30
SHREECEM,23221.67,TOUCHED,-1.15,below,22955.0,23221.67,23283.33,23345.0,23221.67,0.53,80.3,0.02,0,2026-09-08,2026-09-09,False,False,5.0,2026-09-09T14:45:39+05:30
SAIL,187.65,TOUCHED,-0.21,inside,187.25,187.65,187.65,188.43,186.88,0.826,80.5,0.026,0,2026-09-08,2026-09-09,False,False,5.0,2026-09-09T14:45:39+05:30
HINDPETRO,349.65,TOUCHED,-0.26,inside,348.75,349.65,349.65,350.98,348.33,0.758,80.8,0.034,0,2026-09-08,2026-09-09,False,False,5.0,2026-09-09T14:45:39+05:30
POLICYBZR,1809.93,TOUCHED,-0.16,inside,1807.0,1809.93,1809.93,1817.97,1801.9,0.888,80.8,0.037,0,2026-09-08,2026-09-09,False,False,5.0,2026-09-09T14:45:39+05:30
NYKAA,339.77,TOUCHED,0.7,above,342.15,339.77,338.55,339.77,337.32,0.724,81.1,0.029,0,2026-09-08,2026-09-09,False,False,5.0,2026-09-09T14:45:39+05:30
BHARATFORG,1979.0,TOUCHED,-0.02,below,1978.6,1979.0,1987.23,1995.47,1979.0,0.829,84.4,0.032,0,2026-09-08,2026-09-09,False,False,5.0,2026-09-09T14:45:39+05:30
KAJARIACER,1239.5,TOUCHED,0.04,inside,1240.0,1239.5,1239.5,1244.85,1234.15,0.863,84.4,0.029,0,2026-09-08,2026-09-09,False,False,5.0,2026-09-09T14:45:39+05:30
JAINREC,294.57,TOUCHED,0.84,above,297.05,294.57,292.6,294.57,290.62,1.35,86.3,0.065,0,2026-09-08,2026-09-09,False,False,5.0,2026-09-09T14:45:39+05:30
BPCL,305.18,TOUCHED,-0.47,below,303.75,305.18,306.5,307.82,305.18,0.865,86.6,0.021,0,2026-09-08,2026-09-09,False,False,5.0,2026-09-09T14:45:39+05:30
KALYANKJIL,609.4,TOUCHED,0.08,above,609.9,609.4,606.2,609.4,603.0,1.056,86.8,0.039,0,2026-09-08,2026-09-09,False,False,5.0,2026-09-09T14:45:39+05:30
PIDILITIND,1579.0,TOUCHED,-0.53,below,1570.7,1579.0,1583.67,1588.33,1579.0,0.589,87.7,0.028,0,2026-09-08,2026-09-09,False,False,5.0,2026-09-09T14:45:39+05:30
NAUKRI,1275.1,TOUCHED,-1.09,below,1261.2,1275.1,1280.73,1286.37,1275.1,0.88,87.9,0.023,0,2026-09-08,2026-09-09,False,False,5.0,2026-09-09T14:45:39+05:30
CCL,1111.75,TOUCHED,-1.53,below,1094.7,1111.75,1118.03,1124.32,1111.75,1.124,88.5,0.022,0,2026-09-08,2026-09-09,False,False,5.0,2026-09-09T14:45:39+05:30
NEULANDLAB,23555.0,TOUCHED,-0.98,below,23325.0,23555.0,23701.67,23848.33,23555.0,1.238,88.5,0.035,0,2026-09-08,2026-09-09,False,False,5.0,2026-09-09T14:45:39+05:30
SONACOMS,800.02,TOUCHED,0.05,above,800.4,800.02,796.03,800.02,792.05,1.001,88.8,0.031,0,2026-09-08,2026-09-09,False,False,5.0,2026-09-09T14:45:39+05:30
GILLETTE,7468.67,TOUCHED,0.02,inside,7470.5,7468.67,7468.67,7499.58,7437.75,0.828,89.6,0.029,0,2026-09-08,2026-09-09,False,False,5.0,2026-09-09T14:45:39+05:30
CANHLIFE,151.66,TOUCHED,-1.09,below,150.0,151.66,152.49,153.33,151.66,1.093,89.7,0.017,0,2026-09-08,2026-09-09,False,False,5.0,2026-09-09T14:45:39+05:30
KPIL,1411.87,TOUCHED,-0.01,inside,1411.7,1411.87,1411.87,1419.05,1404.68,1.018,89.9,0.043,0,2026-09-08,2026-09-09,False,False,5.0,2026-09-09T14:45:39+05:30
GRANULES,886.73,TOUCHED,0.02,inside,886.95,886.73,886.73,891.04,882.42,0.972,90.4,0.038,0,2026-09-08,2026-09-09,False,False,5.0,2026-09-09T14:45:39+05:30
JKCEMENT,5017.33,TOUCHED,-0.41,below,4997.0,5017.33,5044.17,5071.0,5017.33,1.064,90.4,0.035,0,2026-09-08,2026-09-09,False,False,5.0,2026-09-09T14:45:39+05:30
KIRLOSENG,2240.57,TOUCHED,-0.48,inside,2229.9,2240.57,2240.57,2256.68,2224.45,1.439,90.4,0.035,0,2026-09-08,2026-09-09,False,False,5.0,2026-09-09T14:45:39+05:30
FACT,795.79,TOUCHED,-1.17,below,786.5,795.79,800.38,804.98,795.79,1.147,90.7,0.056,0,2026-09-08,2026-09-09,False,False,5.0,2026-09-09T14:45:39+05:30
AARTIIND,498.32,TOUCHED,0.37,inside,500.15,498.32,498.32,501.01,495.62,1.08,91.0,0.033,0,2026-09-08,2026-09-09,False,False,5.0,2026-09-09T14:45:39+05:30
BEML,2120.42,TOUCHED,-0.76,below,2104.3,2120.42,2135.23,2150.05,2120.42,1.388,91.0,0.028,0,2026-09-08,2026-09-09,False,False,5.0,2026-09-09T14:45:39+05:30
DATAPATTNS,4882.72,TOUCHED,0.25,above,4895.0,4882.72,4833.13,4882.72,4783.55,2.052,94.5,0.075,0,2026-09-08,2026-09-09,False,False,5.0,2026-09-09T14:45:39+05:30
UBL,1269.9,TOUCHED,0.25,above,1273.1,1269.9,1264.1,1269.9,1258.3,0.918,94.5,0.028,0,2026-09-08,2026-09-09,False,False,5.0,2026-09-09T14:45:39+05:30
DIVISLAB,9472.0,TOUCHED,0.16,inside,9487.0,9472.0,9472.0,9523.5,9420.5,1.087,94.8,0.024,0,2026-09-08,2026-09-09,False,False,5.0,2026-09-09T14:45:39+05:30
ANTHEM,945.9,TOUCHED,0.12,inside,947.0,945.9,945.9,951.85,939.95,1.258,95.1,0.041,0,2026-09-08,2026-09-09,False,False,5.0,2026-09-09T14:45:39+05:30
LICHSGFIN,557.13,TOUCHED,0.16,inside,558.0,557.13,557.13,560.07,554.2,1.053,95.1,0.019,0,2026-09-08,2026-09-09,False,False,5.0,2026-09-09T14:45:39+05:30
MARICO,813.4,TOUCHED,-0.29,below,811.05,813.4,816.9,820.4,813.4,0.857,95.6,0.019,0,2026-09-08,2026-09-09,False,False,5.0,2026-09-09T14:45:39+05:30
SPLPETRO,814.22,TOUCHED,0.11,inside,815.15,814.22,814.22,821.31,807.12,1.742,96.2,0.039,0,2026-09-08,2026-09-09,False,False,5.0,2026-09-09T14:45:39+05:30
BANDHANBNK,170.34,TOUCHED,0.78,above,171.67,170.34,169.09,170.34,167.85,1.471,96.7,0.027,0,2026-09-08,2026-09-09,False,False,5.0,2026-09-09T14:45:39+05:30
COLPAL,1820.00,V+N,-1.1,below,1800.0,1820.0,1820.1,1820.2,1820.0,0.011,1.9,0.025,1,2026-09-08,2026-09-09,True,True,5.0,2026-09-09T19:34:40+05:30
MPHASIS,2354.55,V+N,-2.0,below,2307.5,2354.55,2354.7,2354.85,2354.55,0.013,2.2,0.028,1,2026-09-08,2026-09-09,True,True,5.0,2026-09-09T19:34:40+05:30
HOMEFIRST,1236.80,V+N,-2.79,below,1202.3,1236.8,1236.9,1237.0,1236.8,0.016,2.5,0.042,1,2026-09-08,2026-09-09,True,True,5.0,2026-09-09T19:34:40+05:30
FIRSTCRY,176.27,V+N,-2.12,below,172.52,176.27,176.29,176.32,176.27,0.028,3.0,0.06,1,2026-09-08,2026-09-09,True,True,5.0,2026-09-09T19:34:40+05:30
TORNTPOWER,1270.75,V+N,2.75,above,1305.7,1270.75,1270.57,1270.75,1270.38,0.029,4.4,0.035,1,2026-09-08,2026-09-09,True,True,5.0,2026-09-09T19:34:40+05:30
IIFL,634.03,V+W,-4.56,below,605.15,634.03,640.07,646.1,634.03,1.885,97.3,0.027,1,2026-09-08,2026-09-09,True,False,5.0,2026-09-09T19:34:40+05:30
IFCI,94.30,V+W,-5.66,below,88.96,94.3,95.99,97.68,94.3,3.521,98.4,0.102,1,2026-09-08,2026-09-09,True,False,5.0,2026-09-09T19:34:40+05:30
PFIZER,4353.93,V+W,-4.2,below,4171.0,4353.93,4397.17,4440.4,4353.93,1.966,99.5,0.025,1,2026-09-08,2026-09-09,True,False,5.0,2026-09-09T19:34:40+05:30
OLAELEC,37.65,V,-0.9,below,37.31,37.65,37.67,37.69,37.65,0.106,7.9,0.073,1,2026-09-08,2026-09-09,True,False,5.0,2026-09-09T19:34:40+05:30
BSOFT,281.77,V,-1.62,below,277.2,281.77,281.88,282.0,281.77,0.083,11.5,0.042,1,2026-09-08,2026-09-09,True,False,5.0,2026-09-09T19:34:40+05:30
CARTRADE,3167.85,V,-4.44,below,3027.1,3167.85,3170.8,3173.75,3167.85,0.186,13.2,0.061,1,2026-09-08,2026-09-09,True,False,5.0,2026-09-09T19:34:40+05:30
BSE,3396.70,V,-3.15,below,3289.8,3396.7,3399.4,3402.1,3396.7,0.159,14.2,0.031,1,2026-09-08,2026-09-09,True,False,5.0,2026-09-09T19:34:40+05:30
MAHABANK,84.84,V,-0.33,below,84.56,84.84,84.9,84.95,84.84,0.126,14.5,0.042,1,2026-09-08,2026-09-09,True,False,5.0,2026-09-09T19:34:40+05:30
CENTRALBK,30.91,V,-1.07,below,30.58,30.91,30.93,30.94,30.91,0.108,14.8,0.032,1,2026-09-08,2026-09-09,True,False,5.0,2026-09-09T19:34:40+05:30
DELHIVERY,454.23,V,-0.67,below,451.2,454.23,454.45,454.67,454.23,0.099,14.8,0.023,1,2026-09-08,2026-09-09,True,False,5.0,2026-09-09T19:34:40+05:30
ZENSARTECH,450.85,V,-3.08,below,436.95,450.85,451.15,451.45,450.85,0.133,14.8,0.035,1,2026-09-08,2026-09-09,True,False,5.0,2026-09-09T19:34:40+05:30
ABFRL,52.28,V,-1.81,below,51.33,52.28,52.31,52.35,52.28,0.14,15.1,0.028,1,2026-09-08,2026-09-09,True,False,5.0,2026-09-09T19:34:40+05:30
M&MFIN,374.60,V,-2.9,below,363.75,374.6,374.85,375.1,374.6,0.133,17.0,0.039,1,2026-09-08,2026-09-09,True,False,5.0,2026-09-09T19:34:40+05:30
POONAWALLA,455.56,V,-1.53,below,448.6,455.56,455.87,456.18,455.56,0.135,17.3,0.033,1,2026-09-08,2026-09-09,True,False,5.0,2026-09-09T19:34:40+05:30
HCLTECH,1277.70,V,-3.75,below,1229.8,1277.7,1278.4,1279.1,1277.7,0.11,17.5,0.03,1,2026-09-08,2026-09-09,True,False,5.0,2026-09-09T19:34:40+05:30
KFINTECH,922.62,V,-1.59,below,908.0,922.62,923.45,924.27,922.62,0.179,19.5,0.019,1,2026-09-08,2026-09-09,True,False,5.0,2026-09-09T19:34:40+05:30
TCS,2256.75,V,-2.16,below,2208.0,2256.75,2258.0,2259.25,2256.75,0.111,19.5,0.029,1,2026-09-08,2026-09-09,True,False,5.0,2026-09-09T19:34:40+05:30
TECHM,1555.65,V,-3.06,below,1508.0,1555.65,1556.77,1557.88,1555.65,0.143,23.6,0.038,1,2026-09-08,2026-09-09,True,False,5.0,2026-09-09T19:34:40+05:30
DABUR,375.28,V,-0.99,below,371.55,375.28,375.57,375.85,375.28,0.151,23.8,0.032,1,2026-09-08,2026-09-09,True,False,5.0,2026-09-09T19:34:40+05:30
PERSISTENT,5545.50,V,-2.28,below,5419.0,5545.5,5550.33,5555.17,5545.5,0.174,24.1,0.018,1,2026-09-08,2026-09-09,True,False,5.0,2026-09-09T19:34:40+05:30
TATAELXSI,3483.75,V,-2.89,below,3383.0,3483.75,3486.5,3489.25,3483.75,0.158,24.7,0.035,1,2026-09-08,2026-09-09,True,False,5.0,2026-09-09T19:34:40+05:30
JIOFIN,233.32,V,-1.0,below,231.0,233.32,233.5,233.68,233.32,0.15,24.9,0.023,1,2026-09-08,2026-09-09,True,False,5.0,2026-09-09T19:34:40+05:30
RELIANCE,1295.73,V,-1.29,below,1279.0,1295.73,1296.57,1297.4,1295.73,0.129,26.0,0.025,1,2026-09-08,2026-09-09,True,False,5.0,2026-09-09T19:34:40+05:30
FSL,258.12,V,-1.3,below,254.75,258.12,258.43,258.75,258.12,0.245,26.6,0.037,1,2026-09-08,2026-09-09,True,False,5.0,2026-09-09T19:34:40+05:30
MAXHEALTH,991.88,V,4.6,above,1037.5,991.88,990.77,991.88,989.65,0.225,29.0,0.038,1,2026-09-08,2026-09-09,True,False,5.0,2026-09-09T19:34:40+05:30
TATACAP,367.18,V,-1.14,below,363.0,367.18,367.47,367.76,367.18,0.159,29.8,0.017,1,2026-09-08,2026-09-09,True,False,5.0,2026-09-09T19:34:40+05:30
KPITTECH,559.88,V,-1.21,below,553.1,559.88,560.58,561.29,559.88,0.253,31.2,0.047,1,2026-09-08,2026-09-09,True,False,5.0,2026-09-09T19:34:40+05:30
GODFRYPHLP,2013.32,V,-1.73,below,1978.5,2013.32,2016.63,2019.95,2013.32,0.329,31.5,0.041,1,2026-09-08,2026-09-09,True,False,5.0,2026-09-09T19:34:40+05:30
ICICIGI,1485.90,V,-0.8,below,1474.0,1485.9,1487.4,1488.9,1485.9,0.202,31.5,0.022,1,2026-09-08,2026-09-09,True,False,5.0,2026-09-09T19:34:40+05:30
PAGEIND,35950.83,V,-1.55,below,35395.0,35950.83,35986.67,36022.5,35950.83,0.199,32.9,0.027,1,2026-09-08,2026-09-09,True,False,5.0,2026-09-09T19:34:40+05:30
SARDAEN,518.97,V,5.18,above,545.85,518.97,518.08,518.97,517.2,0.341,34.8,0.031,1,2026-09-08,2026-09-09,True,False,5.0,2026-09-09T19:34:40+05:30
WIPRO,171.67,V,-2.72,below,167.0,171.67,171.84,172.01,171.67,0.2,35.9,0.013,1,2026-09-08,2026-09-09,True,False,5.0,2026-09-09T19:34:40+05:30
TATACHEM,608.54,V,-0.9,below,603.05,608.54,609.38,610.23,608.54,0.276,36.7,0.023,1,2026-09-08,2026-09-09,True,False,5.0,2026-09-09T19:34:40+05:30
CDSL,1402.00,V,-2.38,below,1368.6,1402.0,1404.0,1406.0,1402.0,0.285,37.0,0.036,1,2026-09-08,2026-09-09,True,False,5.0,2026-09-09T19:34:40+05:30
ITCHOTELS,157.06,V,-1.12,below,155.31,157.06,157.29,157.51,157.06,0.286,38.6,0.043,1,2026-09-08,2026-09-09,True,False,5.0,2026-09-09T19:34:40+05:30
BHARTIARTL,1838.90,V,-1.32,below,1814.7,1838.9,1840.6,1842.3,1838.9,0.185,39.7,0.017,1,2026-09-08,2026-09-09,True,False,5.0,2026-09-09T19:34:40+05:30
HEROMOTOCO,5312.25,V,-1.77,below,5218.0,5312.25,5319.33,5326.42,5312.25,0.266,40.0,0.019,1,2026-09-08,2026-09-09,True,False,5.0,2026-09-09T19:34:40+05:30
360ONE,1112.08,V,-2.22,below,1087.4,1112.08,1114.17,1116.25,1112.08,0.374,40.8,0.032,1,2026-09-08,2026-09-09,True,False,5.0,2026-09-09T19:34:40+05:30
SAMMAANCAP,153.33,V,-2.09,below,150.13,153.33,153.67,154.0,153.33,0.434,41.6,0.043,1,2026-09-08,2026-09-09,True,False,5.0,2026-09-09T19:34:40+05:30
GMDCLTD,567.37,V,1.26,above,574.55,567.37,565.9,567.37,564.42,0.521,41.9,0.078,1,2026-09-08,2026-09-09,True,False,5.0,2026-09-09T19:34:40+05:30
MFSL,1501.13,V,-2.17,below,1468.5,1501.13,1503.57,1506.0,1501.13,0.324,46.0,0.019,1,2026-09-08,2026-09-09,True,False,5.0,2026-09-09T19:34:40+05:30
MUTHOOTFIN,2884.25,V,-2.4,below,2815.0,2884.25,2889.4,2894.55,2884.25,0.356,47.7,0.04,1,2026-09-08,2026-09-09,True,False,5.0,2026-09-09T19:34:40+05:30
CHENNPETRO,1453.55,V,10.38,above,1604.4,1453.55,1449.3,1453.55,1445.05,0.586,48.5,0.026,1,2026-09-08,2026-09-09,True,False,5.0,2026-09-09T19:34:40+05:30
LTTS,3396.07,V,-0.94,below,3364.0,3396.07,3403.03,3410.0,3396.07,0.409,49.9,0.042,1,2026-09-08,2026-09-09,True,False,5.0,2026-09-09T19:34:40+05:30
MEDANTA,1425.45,V,3.85,above,1480.4,1425.45,1422.3,1425.45,1419.15,0.443,50.7,0.031,1,2026-09-08,2026-09-09,True,False,5.0,2026-09-09T19:34:40+05:30
INFY,1083.65,V,-4.49,below,1035.0,1083.65,1085.3,1086.95,1083.65,0.304,51.0,0.03,1,2026-09-08,2026-09-09,True,False,5.0,2026-09-09T19:34:40+05:30
CAMS,730.95,V,-2.18,below,715.0,730.95,732.4,733.85,730.95,0.396,51.8,0.041,1,2026-09-08,2026-09-09,True,False,5.0,2026-09-09T19:34:40+05:30
PWL,127.06,V,-1.33,below,125.37,127.06,127.49,127.92,127.06,0.672,53.4,0.072,1,2026-09-08,2026-09-09,True,False,5.0,2026-09-09T19:34:40+05:30
BALKRISIND,2262.45,V,-2.38,below,2208.6,2262.45,2266.9,2271.35,2262.45,0.393,53.7,0.027,1,2026-09-08,2026-09-09,True,False,5.0,2026-09-09T19:34:40+05:30
GRAPHITE,732.32,V,15.34,above,844.65,732.32,730.38,732.32,728.45,0.529,55.6,0.026,1,2026-09-08,2026-09-09,True,False,5.0,2026-09-09T19:34:40+05:30
ANANTRAJ,627.91,V,-2.28,below,613.6,627.91,629.97,632.02,627.91,0.653,55.9,0.073,1,2026-09-08,2026-09-09,True,False,5.0,2026-09-09T19:34:40+05:30
PAYTM,1665.45,V,5.17,above,1751.5,1665.45,1660.9,1665.45,1656.35,0.548,56.7,0.056,1,2026-09-08,2026-09-09,True,False,5.0,2026-09-09T19:34:40+05:30
NHPC,75.75,V,1.24,above,76.69,75.75,75.6,75.75,75.45,0.397,57.8,0.032,1,2026-09-08,2026-09-09,True,False,5.0,2026-09-09T19:34:40+05:30
COFORGE,1934.25,V,-4.61,below,1845.0,1934.25,1939.5,1944.75,1934.25,0.541,58.9,0.033,1,2026-09-08,2026-09-09,True,False,5.0,2026-09-09T19:34:40+05:30
OIL,494.28,V,0.94,above,498.95,494.28,493.17,494.28,492.05,0.453,59.5,0.021,1,2026-09-08,2026-09-09,True,False,5.0,2026-09-09T19:34:40+05:30
ICICIPRULI,470.30,V,-1.66,below,462.5,470.3,471.3,472.3,470.3,0.424,60.0,0.027,1,2026-09-08,2026-09-09,True,False,5.0,2026-09-09T19:34:40+05:30
HDFCBANK,703.98,V,-2.4,below,687.1,703.98,704.97,705.95,703.98,0.279,60.5,0.021,1,2026-09-08,2026-09-09,True,False,5.0,2026-09-09T19:34:40+05:30
PNBHOUSING,1169.98,V,-2.39,below,1142.0,1169.98,1172.87,1175.75,1169.98,0.492,61.1,0.032,1,2026-09-08,2026-09-09,True,False,5.0,2026-09-09T19:34:40+05:30
CGPOWER,908.30,V,2.05,above,926.95,908.3,905.9,908.3,903.5,0.53,62.5,0.039,1,2026-09-08,2026-09-09,True,False,5.0,2026-09-09T19:34:40+05:30
LICI,411.50,V,-0.97,below,407.5,411.5,412.25,413.0,411.5,0.364,64.4,0.031,1,2026-09-08,2026-09-09,True,False,5.0,2026-09-09T19:34:40+05:30
TTML,36.60,V,-1.27,below,36.13,36.6,36.7,36.81,36.6,0.572,66.6,0.044,1,2026-09-08,2026-09-09,True,False,5.0,2026-09-09T19:34:40+05:30
VOLTAS,1148.28,V,-0.39,below,1143.8,1148.28,1151.77,1155.25,1148.28,0.605,67.4,0.038,1,2026-09-08,2026-09-09,True,False,5.0,2026-09-09T19:34:40+05:30
JMFINANCIL,128.96,V,-1.73,below,126.73,128.96,129.45,129.94,128.96,0.76,67.7,0.056,1,2026-09-08,2026-09-09,True,False,5.0,2026-09-09T19:34:40+05:30
NCC,149.11,V,-2.53,below,145.33,149.11,149.57,150.03,149.11,0.613,69.6,0.028,1,2026-09-08,2026-09-09,True,False,5.0,2026-09-09T19:34:40+05:30
AEGISLOG,1263.05,V,6.36,above,1343.4,1263.05,1258.0,1263.05,1252.95,0.803,71.5,0.033,1,2026-09-08,2026-09-09,True,False,5.0,2026-09-09T19:34:40+05:30
NAVINFLUOR,8697.25,V,0.9,above,8775.5,8697.25,8663.5,8697.25,8629.75,0.779,78.4,0.046,1,2026-09-08,2026-09-09,True,False,5.0,2026-09-09T19:34:40+05:30
ULTRACEMCO,11041.00,V,-1.28,below,10900.0,11041.0,11073.0,11105.0,11041.0,0.578,83.0,0.027,1,2026-09-08,2026-09-09,True,False,5.0,2026-09-09T19:34:40+05:30
SONATSOFTW,275.80,V,-2.94,below,267.7,275.8,277.35,278.9,275.8,1.118,84.4,0.033,1,2026-09-08,2026-09-09,True,False,5.0,2026-09-09T19:34:40+05:30
EIHOTEL,296.99,V,-2.57,below,289.35,296.99,298.23,299.48,296.99,0.833,85.8,0.031,1,2026-09-08,2026-09-09,True,False,5.0,2026-09-09T19:34:40+05:30
ICICIBANK,1403.13,V,-1.0,below,1389.1,1403.13,1406.87,1410.6,1403.13,0.531,87.4,0.026,1,2026-09-08,2026-09-09,True,False,5.0,2026-09-09T19:34:40+05:30
BALRAMCHIN,715.10,V,-2.1,below,700.05,715.1,718.75,722.4,715.1,1.016,89.0,0.029,1,2026-09-08,2026-09-09,True,False,5.0,2026-09-09T19:34:40+05:30
HDFCLIFE,536.11,V,-4.12,below,514.0,536.11,538.42,540.73,536.11,0.857,93.4,0.02,1,2026-09-08,2026-09-09,True,False,5.0,2026-09-09T19:34:40+05:30
SAILIFE,1636.60,V,2.37,above,1675.4,1636.6,1626.1,1636.6,1615.6,1.291,93.7,0.041,1,2026-09-08,2026-09-09,True,False,5.0,2026-09-09T19:34:40+05:30
FLUOROCHEM,4646.22,V,2.34,above,4754.8,4646.22,4615.83,4646.22,4585.45,1.316,94.8,0.022,1,2026-09-08,2026-09-09,True,False,5.0,2026-09-09T19:34:40+05:30
FINCABLES,1291.87,V,4.76,above,1353.4,1291.87,1281.43,1291.87,1271.0,1.628,95.3,0.019,1,2026-09-08,2026-09-09,True,False,5.0,2026-09-09T19:34:40+05:30
SBILIFE,1703.82,V,-1.16,below,1684.0,1703.82,1711.03,1718.25,1703.82,0.844,96.7,0.017,1,2026-09-08,2026-09-09,True,False,5.0,2026-09-09T19:34:40+05:30
HONASA,475.98,NARROW,-1.03,below,471.05,475.98,476.0,476.02,475.98,0.011,1.1,0.054,0,2026-09-08,2026-09-09,False,True,5.0,2026-09-09T19:34:40+05:30
VIJAYA,1503.02,NARROW,-0.27,below,1498.9,1503.02,1503.03,1503.05,1503.02,0.002,1.1,0.036,0,2026-09-08,2026-09-09,False,True,5.0,2026-09-09T19:34:40+05:30
APLAPOLLO,2184.90,NARROW,-0.77,below,2168.0,2184.9,2184.93,2184.97,2184.9,0.003,1.4,0.017,0,2026-09-08,2026-09-09,False,True,5.0,2026-09-09T19:34:40+05:30
BAYERCROP,3984.98,NARROW,-0.85,below,3951.1,3984.98,3985.07,3985.15,3984.98,0.004,1.4,0.031,0,2026-09-08,2026-09-09,False,True,5.0,2026-09-09T19:34:40+05:30
BAJAJHLDNG,11047.00,NARROW,0.28,above,11078.0,11047.0,11046.67,11047.0,11046.33,0.006,1.6,0.025,0,2026-09-08,2026-09-09,False,True,5.0,2026-09-09T19:34:40+05:30
ERIS,1324.62,NARROW,0.78,above,1335.0,1324.62,1324.53,1324.62,1324.45,0.013,2.2,0.031,0,2026-09-08,2026-09-09,False,True,5.0,2026-09-09T19:34:40+05:30
NIVABUPA,80.55,NARROW,-1.19,below,79.59,80.55,80.55,80.56,80.55,0.004,2.2,0.018,0,2026-09-08,2026-09-09,False,True,5.0,2026-09-09T19:34:40+05:30
ASHOKLEY,168.96,NARROW,-1.16,below,167.0,168.96,168.97,168.99,168.96,0.016,2.5,0.027,0,2026-09-08,2026-09-09,False,True,5.0,2026-09-09T19:34:40+05:30
IOC,134.35,NARROW,0.93,above,135.6,134.35,134.34,134.35,134.33,0.007,2.7,0.021,0,2026-09-08,2026-09-09,False,True,5.0,2026-09-09T19:34:40+05:30
SUNPHARMA,1886.00,NARROW,-1.12,below,1864.9,1886.0,1886.1,1886.2,1886.0,0.011,2.7,0.02,0,2026-09-08,2026-09-09,False,True,5.0,2026-09-09T19:34:40+05:30
TIMKEN,3100.10,NARROW,2.36,above,3173.4,3100.1,3099.7,3100.1,3099.3,0.026,2.7,0.047,0,2026-09-08,2026-09-09,False,True,5.0,2026-09-09T19:34:40+05:30
UNIONBANK,183.27,NARROW,0.34,above,183.89,183.27,183.26,183.27,183.24,0.02,2.7,0.043,0,2026-09-08,2026-09-09,False,True,5.0,2026-09-09T19:34:40+05:30
BIKAJI,583.73,NARROW,-2.06,below,571.7,583.73,583.77,583.8,583.73,0.011,3.0,0.018,0,2026-09-08,2026-09-09,False,True,5.0,2026-09-09T19:34:40+05:30
JBMA,614.54,NARROW,-0.05,below,614.25,614.54,614.58,614.62,614.54,0.014,3.0,0.032,0,2026-09-08,2026-09-09,False,True,5.0,2026-09-09T19:34:40+05:30
SBICARD,668.17,NARROW,0.03,above,668.4,668.17,668.12,668.17,668.06,0.017,3.0,0.033,0,2026-09-08,2026-09-09,False,True,5.0,2026-09-09T19:34:40+05:30
GODREJPROP,1905.70,NARROW,-2.55,below,1857.1,1905.7,1906.0,1906.3,1905.7,0.031,3.6,0.048,0,2026-09-08,2026-09-09,False,True,5.0,2026-09-09T19:34:40+05:30
SCHAEFFLER,3955.10,NARROW,-0.54,below,3933.8,3955.1,3955.6,3956.1,3955.1,0.025,3.6,0.034,0,2026-09-08,2026-09-09,False,True,5.0,2026-09-09T19:34:40+05:30
LUPIN,2104.90,NARROW,-0.23,below,2100.0,2104.9,2105.1,2105.3,2104.9,0.019,3.8,0.027,0,2026-09-08,2026-09-09,False,True,5.0,2026-09-09T19:34:40+05:30
FORTIS,907.89,NARROW,0.78,above,915.0,907.89,907.78,907.89,907.67,0.024,4.4,0.03,0,2026-09-08,2026-09-09,False,True,5.0,2026-09-09T19:34:40+05:30
TECHNOE,965.27,NARROW,2.07,above,985.3,965.27,965.08,965.27,964.89,0.04,4.4,0.049,0,2026-09-08,2026-09-09,False,True,5.0,2026-09-09T19:34:40+05:30
SUZLON,45.51,NARROW,-0.12,below,45.45,45.51,45.51,45.52,45.51,0.029,4.9,0.03,0,2026-09-08,2026-09-09,False,True,5.0,2026-09-09T19:34:40+05:30
LAURUSLABS,1933.72,WIDE,0.17,above,1937.0,1933.72,1920.53,1933.72,1907.35,1.373,97.0,0.02,0,2026-09-08,2026-09-09,False,False,5.0,2026-09-09T19:34:40+05:30
AFCONS,282.52,WIDE,-2.96,below,274.15,282.52,284.78,287.05,282.52,1.592,97.5,0.024,0,2026-09-08,2026-09-09,False,False,5.0,2026-09-09T19:34:40+05:30
NIACL,208.73,WIDE,-1.54,below,205.51,208.73,212.25,215.76,208.73,3.311,98.6,0.032,0,2026-09-08,2026-09-09,False,False,5.0,2026-09-09T19:34:40+05:30
PVRINOX,1198.30,WIDE,-2.43,below,1169.2,1198.3,1209.3,1220.3,1198.3,1.819,99.2,0.029,0,2026-09-08,2026-09-09,False,False,5.0,2026-09-09T19:34:40+05:30
IDBI,82.58,WIDE,-1.24,below,81.56,82.58,84.05,85.53,82.58,3.502,99.5,0.037,0,2026-09-08,2026-09-09,False,False,5.0,2026-09-09T19:34:40+05:30
AMBUJACEM,398.05,TOUCHED,-0.26,below,397.0,398.05,398.13,398.22,398.05,0.042,5.2,0.037,0,2026-09-08,2026-09-09,False,False,5.0,2026-09-09T19:34:40+05:30
J&KBANK,147.07,TOUCHED,-0.86,below,145.81,147.07,147.11,147.15,147.07,0.054,5.8,0.05,0,2026-09-08,2026-09-09,False,False,5.0,2026-09-09T19:34:40+05:30
LLOYDSME,1800.50,TOUCHED,0.39,above,1807.6,1800.5,1800.1,1800.5,1799.7,0.044,5.8,0.035,0,2026-09-08,2026-09-09,False,False,5.0,2026-09-09T19:34:40+05:30
TRENT,2792.93,TOUCHED,0.97,above,2820.0,2792.93,2792.27,2792.93,2791.6,0.048,6.0,0.046,0,2026-09-08,2026-09-09,False,False,5.0,2026-09-09T19:34:40+05:30
CHOLAFIN,1822.93,TOUCHED,0.33,above,1829.0,1822.93,1822.47,1822.93,1822.0,0.051,6.3,0.043,0,2026-09-08,2026-09-09,False,False,5.0,2026-09-09T19:34:40+05:30
GAIL,175.02,TOUCHED,-0.07,below,174.9,175.02,175.04,175.07,175.02,0.027,6.6,0.015,0,2026-09-08,2026-09-09,False,False,5.0,2026-09-09T19:34:40+05:30
NTPC,330.93,TOUCHED,1.08,above,334.5,330.93,330.88,330.93,330.84,0.025,6.6,0.015,0,2026-09-08,2026-09-09,False,False,5.0,2026-09-09T19:34:40+05:30
DOMS,2191.82,TOUCHED,-0.05,below,2190.8,2191.82,2192.23,2192.65,2191.82,0.038,6.8,0.028,0,2026-09-08,2026-09-09,False,False,5.0,2026-09-09T19:34:40+05:30
FIVESTAR,523.98,TOUCHED,1.73,above,533.05,523.98,523.8,523.98,523.62,0.067,6.8,0.042,0,2026-09-08,2026-09-09,False,False,5.0,2026-09-09T19:34:40+05:30
POLYCAB,8367.00,TOUCHED,-0.16,below,8354.0,8367.0,8369.17,8371.33,8367.0,0.052,6.8,0.035,0,2026-09-08,2026-09-09,False,False,5.0,2026-09-09T19:34:40+05:30
ANURAS,1233.60,TOUCHED,-0.32,below,1229.6,1233.6,1233.8,1234.0,1233.6,0.032,7.1,0.026,0,2026-09-08,2026-09-09,False,False,5.0,2026-09-09T19:34:40+05:30
IDFCFIRSTB,86.52,TOUCHED,-0.6,below,86.0,86.52,86.54,86.56,86.52,0.046,7.1,0.035,0,2026-09-08,2026-09-09,False,False,5.0,2026-09-09T19:34:40+05:30
VBL,406.02,TOUCHED,0.24,above,407.0,406.02,405.92,406.02,405.81,0.053,7.1,0.03,0,2026-09-08,2026-09-09,False,False,5.0,2026-09-09T19:34:40+05:30
ACC,1261.85,TOUCHED,-0.33,below,1257.7,1261.85,1262.17,1262.48,1261.85,0.05,7.7,0.035,0,2026-09-08,2026-09-09,False,False,5.0,2026-09-09T19:34:40+05:30
CASTROLIND,189.38,TOUCHED,-0.11,below,189.16,189.38,189.4,189.43,189.38,0.03,8.5,0.015,0,2026-09-08,2026-09-09,False,False,5.0,2026-09-09T19:34:40+05:30
CRAFTSMAN,11419.50,TOUCHED,3.38,above,11806.0,11419.5,11415.0,11419.5,11410.5,0.079,8.5,0.057,0,2026-09-08,2026-09-09,False,False,5.0,2026-09-09T19:34:40+05:30
BAJFINANCE,1054.33,TOUCHED,-1.43,below,1039.3,1054.33,1054.57,1054.8,1054.33,0.044,8.8,0.029,0,2026-09-08,2026-09-09,False,False,5.0,2026-09-09T19:34:40+05:30
RHIM,371.59,TOUCHED,1.43,above,376.9,371.59,371.48,371.59,371.38,0.058,8.8,0.031,0,2026-09-08,2026-09-09,False,False,5.0,2026-09-09T19:34:40+05:30
ASAHIINDIA,956.95,TOUCHED,1.23,above,968.75,956.95,956.5,956.95,956.05,0.094,9.0,0.042,0,2026-09-08,2026-09-09,False,False,5.0,2026-09-09T19:34:40+05:30
TATACONSUM,1013.30,TOUCHED,-1.21,below,1001.0,1013.3,1013.57,1013.83,1013.3,0.053,9.0,0.028,0,2026-09-08,2026-09-09,False,False,5.0,2026-09-09T19:34:40+05:30
GODREJIND,1142.60,TOUCHED,-0.81,below,1133.4,1142.6,1143.07,1143.53,1142.6,0.082,9.3,0.047,0,2026-09-08,2026-09-09,False,False,5.0,2026-09-09T19:34:40+05:30
KIMS,764.78,TOUCHED,-0.42,below,761.55,764.78,765.05,765.33,764.78,0.072,9.6,0.043,0,2026-09-08,2026-09-09,False,False,5.0,2026-09-09T19:34:40+05:30
CHOICEIN,753.64,TOUCHED,-0.4,below,750.65,753.64,753.83,754.02,753.64,0.051,9.9,0.024,0,2026-09-08,2026-09-09,False,False,5.0,2026-09-09T19:34:40+05:30
HFCL,250.33,TOUCHED,-1.96,below,245.43,250.33,250.48,250.62,250.33,0.113,9.9,0.038,0,2026-09-08,2026-09-09,False,False,5.0,2026-09-09T19:34:40+05:30
KPRMILL,1136.60,TOUCHED,0.33,above,1140.3,1136.6,1136.07,1136.6,1135.53,0.094,9.9,0.054,0,2026-09-08,2026-09-09,False,False,5.0,2026-09-09T19:34:40+05:30
PREMIERENE,989.25,TOUCHED,-1.35,below,975.9,989.25,989.7,990.15,989.25,0.091,9.9,0.031,0,2026-09-08,2026-09-09,False,False,5.0,2026-09-09T19:34:40+05:30
SIEMENS,3952.50,TOUCHED,-0.09,below,3949.1,3952.5,3953.7,3954.9,3952.5,0.061,9.9,0.02,0,2026-09-08,2026-09-09,False,False,5.0,2026-09-09T19:34:40+05:30
SUNTV,453.64,TOUCHED,-0.96,below,449.3,453.64,453.78,453.93,453.64,0.062,9.9,0.026,0,2026-09-08,2026-09-09,False,False,5.0,2026-09-09T19:34:40+05:30
BLS,237.83,TOUCHED,-0.58,below,236.45,237.83,237.96,238.09,237.83,0.109,10.4,0.033,0,2026-09-08,2026-09-09,False,False,5.0,2026-09-09T19:34:40+05:30
HUDCO,178.00,TOUCHED,-1.49,below,175.35,178.0,178.08,178.17,178.0,0.099,10.4,0.036,0,2026-09-08,2026-09-09,False,False,5.0,2026-09-09T19:34:40+05:30
MEESHO,211.31,TOUCHED,2.55,above,216.7,211.31,211.22,211.31,211.14,0.077,10.6,0.031,0,2026-09-08,2026-09-09,False,False,5.0,2026-09-09T19:34:40+05:30
DEVYANI,137.79,TOUCHED,-0.45,below,137.17,137.79,137.86,137.93,137.79,0.094,10.7,0.041,0,2026-09-08,2026-09-09,False,False,5.0,2026-09-09T19:34:40+05:30
NAM-INDIA,1187.50,TOUCHED,-1.91,below,1164.8,1187.5,1187.97,1188.43,1187.5,0.079,10.7,0.032,0,2026-09-08,2026-09-09,False,False,5.0,2026-09-09T19:34:40+05:30
SAGILITY,45.62,TOUCHED,-0.92,below,45.2,45.62,45.65,45.67,45.62,0.117,10.7,0.047,0,2026-09-08,2026-09-09,False,False,5.0,2026-09-09T19:34:40+05:30
PCBL,328.63,TOUCHED,1.92,above,334.95,328.63,328.47,328.63,328.3,0.101,11.0,0.05,0,2026-09-08,2026-09-09,False,False,5.0,2026-09-09T19:34:40+05:30
IDEA,15.45,TOUCHED,0.49,above,15.52,15.45,15.44,15.45,15.43,0.108,11.2,0.046,0,2026-09-08,2026-09-09,False,False,5.0,2026-09-09T19:34:40+05:30
JSWDULUX,3177.55,TOUCHED,0.05,above,3179.2,3177.55,3176.5,3177.55,3175.45,0.066,11.2,0.022,0,2026-09-08,2026-09-09,False,False,5.0,2026-09-09T19:34:40+05:30
TARIL,297.33,TOUCHED,-0.15,below,296.9,297.33,297.52,297.7,297.33,0.123,11.2,0.055,0,2026-09-08,2026-09-09,False,False,5.0,2026-09-09T19:34:40+05:30
INDUSINDBK,997.30,TOUCHED,0.67,above,1004.0,997.3,996.9,997.3,996.5,0.08,11.5,0.028,0,2026-09-08,2026-09-09,False,False,5.0,2026-09-09T19:34:40+05:30
JYOTICNC,1035.65,TOUCHED,-2.57,below,1009.05,1035.65,1036.17,1036.68,1035.65,0.1,11.5,0.035,0,2026-09-08,2026-09-09,False,False,5.0,2026-09-09T19:34:40+05:30
OLECTRA,1212.00,TOUCHED,-0.45,below,1206.6,1212.0,1212.57,1213.13,1212.0,0.093,11.5,0.034,0,2026-09-08,2026-09-09,False,False,5.0,2026-09-09T19:34:40+05:30
JSWINFRA,332.35,TOUCHED,2.72,above,341.4,332.35,332.23,332.35,332.12,0.07,11.8,0.032,0,2026-09-08,2026-09-09,False,False,5.0,2026-09-09T19:34:40+05:30
SYNGENE,387.07,TOUCHED,-0.07,below,386.8,387.07,387.23,387.39,387.07,0.082,11.8,0.027,0,2026-09-08,2026-09-09,False,False,5.0,2026-09-09T19:34:40+05:30
CHALET,896.50,TOUCHED,-0.76,below,889.7,896.5,896.92,897.33,896.5,0.093,12.3,0.027,0,2026-09-08,2026-09-09,False,False,5.0,2026-09-09T19:34:40+05:30
COALINDIA,420.11,TOUCHED,2.59,above,431.0,420.11,419.97,420.11,419.82,0.067,12.3,0.022,0,2026-09-08,2026-09-09,False,False,5.0,2026-09-09T19:34:40+05:30
GESHIP,1386.05,TOUCHED,0.53,above,1393.4,1386.05,1385.3,1386.05,1384.55,0.108,12.6,0.037,0,2026-09-08,2026-09-09,False,False,5.0,2026-09-09T19:34:40+05:30
MSUMI,36.59,TOUCHED,0.35,above,36.72,36.59,36.57,36.59,36.56,0.1,12.6,0.031,0,2026-09-08,2026-09-09,False,False,5.0,2026-09-09T19:34:40+05:30
RKFORGE,702.45,TOUCHED,2.6,above,720.7,702.45,702.07,702.45,701.68,0.109,12.6,0.048,0,2026-09-08,2026-09-09,False,False,5.0,2026-09-09T19:34:40+05:30
VMM,103.94,TOUCHED,-0.73,below,103.18,103.94,103.99,104.03,103.94,0.083,12.6,0.028,0,2026-09-08,2026-09-09,False,False,5.0,2026-09-09T19:34:40+05:30
ICICIAMC,3007.85,TOUCHED,-0.14,below,3003.5,3007.85,3009.57,3011.28,3007.85,0.114,12.7,0.03,0,2026-09-08,2026-09-09,False,False,5.0,2026-09-09T19:34:40+05:30
BANKINDIA,140.99,TOUCHED,0.05,inside,141.06,140.99,140.99,141.06,140.93,0.095,12.9,0.029,0,2026-09-08,2026-09-09,False,False,5.0,2026-09-09T19:34:40+05:30
INDUSTOWER,373.48,TOUCHED,0.06,above,373.7,373.48,373.33,373.48,373.19,0.076,13.2,0.03,0,2026-09-08,2026-09-09,False,False,5.0,2026-09-09T19:34:40+05:30
NAVA,555.48,TOUCHED,1.02,above,561.15,555.48,555.17,555.48,554.86,0.111,13.2,0.038,0,2026-09-08,2026-09-09,False,False,5.0,2026-09-09T19:34:40+05:30
ABCAPITAL,397.73,TOUCHED,0.57,above,400.0,397.73,397.47,397.73,397.21,0.13,13.4,0.04,0,2026-09-08,2026-09-09,False,False,5.0,2026-09-09T19:34:40+05:30
TMCV,456.32,TOUCHED,-2.49,below,444.95,456.32,456.58,456.85,456.32,0.117,13.5,0.025,0,2026-09-08,2026-09-09,False,False,5.0,2026-09-09T19:34:40+05:30
APARINDS,17592.00,TOUCHED,-0.82,below,17448.0,17592.0,17606.33,17620.67,17592.0,0.163,13.7,0.055,0,2026-09-08,2026-09-09,False,False,5.0,2026-09-09T19:34:40+05:30
BBTC,1478.17,TOUCHED,-1.99,below,1448.8,1478.17,1478.83,1479.5,1478.17,0.09,13.7,0.03,0,2026-09-08,2026-09-09,False,False,5.0,2026-09-09T19:34:40+05:30
HDBFS,683.34,TOUCHED,-1.21,below,675.05,683.34,683.58,683.83,683.34,0.071,14.1,0.024,0,2026-09-08,2026-09-09,False,False,5.0,2026-09-09T19:34:40+05:30
IREDA,112.26,TOUCHED,-0.24,below,111.99,112.26,112.32,112.38,112.26,0.104,14.8,0.048,0,2026-09-08,2026-09-09,False,False,5.0,2026-09-09T19:34:40+05:30
SUPREMEIND,3555.28,TOUCHED,-1.08,below,3516.9,3555.28,3557.57,3559.85,3555.28,0.128,14.8,0.037,0,2026-09-08,2026-09-09,False,False,5.0,2026-09-09T19:34:40+05:30
AWL,187.40,TOUCHED,0.06,above,187.52,187.4,187.28,187.4,187.15,0.13,15.1,0.045,0,2026-09-08,2026-09-09,False,False,5.0,2026-09-09T19:34:40+05:30
POWERINDIA,31110.00,TOUCHED,1.51,above,31580.0,31110.0,31085.0,31110.0,31060.0,0.161,15.1,0.06,0,2026-09-08,2026-09-09,False,False,5.0,2026-09-09T19:34:40+05:30
ASTERDM,789.12,TOUCHED,-1.11,below,780.35,789.12,789.53,789.94,789.12,0.103,15.3,0.028,0,2026-09-08,2026-09-09,False,False,5.0,2026-09-09T19:34:40+05:30
ABREL,1369.05,TOUCHED,-2.28,below,1337.9,1369.05,1370.07,1371.08,1369.05,0.148,15.6,0.025,0,2026-09-08,2026-09-09,False,False,5.0,2026-09-09T19:34:40+05:30
PNB,115.81,TOUCHED,-0.18,below,115.61,115.81,115.88,115.94,115.81,0.106,15.9,0.035,0,2026-09-08,2026-09-09,False,False,5.0,2026-09-09T19:34:40+05:30
HDFCAMC,2443.50,TOUCHED,-0.14,below,2440.0,2443.5,2444.77,2446.03,2443.5,0.104,16.2,0.022,0,2026-09-08,2026-09-09,False,False,5.0,2026-09-09T19:34:40+05:30
TRIDENT,23.87,TOUCHED,-0.34,below,23.79,23.87,23.88,23.89,23.87,0.098,16.2,0.028,0,2026-09-08,2026-09-09,False,False,5.0,2026-09-09T19:34:40+05:30
TITAN,4992.25,TOUCHED,0.26,above,5005.0,4992.25,4990.5,4992.25,4988.75,0.07,16.4,0.019,0,2026-09-08,2026-09-09,False,False,5.0,2026-09-09T19:34:40+05:30
MRPL,173.50,TOUCHED,6.31,above,184.46,173.5,173.32,173.5,173.14,0.21,16.7,0.056,0,2026-09-08,2026-09-09,False,False,5.0,2026-09-09T19:34:40+05:30
RAMCOCEM,872.12,TOUCHED,-0.6,below,866.85,872.12,872.78,873.45,872.12,0.153,16.7,0.045,0,2026-09-08,2026-09-09,False,False,5.0,2026-09-09T19:34:40+05:30
FEDERALBNK,343.99,TOUCHED,0.29,above,345.0,343.99,343.83,343.99,343.68,0.092,17.3,0.027,0,2026-09-08,2026-09-09,False,False,5.0,2026-09-09T19:34:40+05:30
HAVELLS,1140.50,TOUCHED,-1.76,below,1120.4,1140.5,1141.0,1141.5,1140.5,0.088,17.3,0.019,0,2026-09-08,2026-09-09,False,False,5.0,2026-09-09T19:34:40+05:30
JSWENERGY,526.19,TOUCHED,1.64,above,534.8,526.19,525.88,526.19,525.57,0.117,17.5,0.028,0,2026-09-08,2026-09-09,False,False,5.0,2026-09-09T19:34:40+05:30
ZEEL,86.38,TOUCHED,-0.77,below,85.71,86.38,86.44,86.51,86.38,0.154,17.5,0.046,0,2026-09-08,2026-09-09,False,False,5.0,2026-09-09T19:34:40+05:30
DIXON,14113.50,TOUCHED,-1.9,below,13845.0,14113.5,14127.0,14140.5,14113.5,0.191,18.4,0.057,0,2026-09-08,2026-09-09,False,False,5.0,2026-09-09T19:34:40+05:30
REDINGTON,374.75,TOUCHED,0.88,above,378.05,374.75,374.35,374.75,373.95,0.214,18.4,0.04,0,2026-09-08,2026-09-09,False,False,5.0,2026-09-09T19:34:40+05:30
PPLPHARMA,226.15,TOUCHED,-3.6,below,218.0,226.15,226.31,226.46,226.15,0.138,18.6,0.039,0,2026-09-08,2026-09-09,False,False,5.0,2026-09-09T19:34:40+05:30
BANKBARODA,236.12,TOUCHED,-0.86,below,234.1,236.12,236.28,236.44,236.12,0.135,18.9,0.012,0,2026-09-08,2026-09-09,False,False,5.0,2026-09-09T19:34:40+05:30
YESBANK,22.47,TOUCHED,-0.24,below,22.42,22.47,22.49,22.51,22.47,0.133,19.5,0.042,0,2026-09-08,2026-09-09,False,False,5.0,2026-09-09T19:34:40+05:30
DRREDDY,1149.25,TOUCHED,-0.37,below,1145.0,1149.25,1149.83,1150.42,1149.25,0.101,19.7,0.021,0,2026-09-08,2026-09-09,False,False,5.0,2026-09-09T19:34:40+05:30
ETERNAL,321.87,TOUCHED,-0.39,below,320.6,321.87,322.13,322.4,321.87,0.166,19.7,0.028,0,2026-09-08,2026-09-09,False,False,5.0,2026-09-09T19:34:40+05:30
ADANIGREEN,1290.80,TOUCHED,1.87,above,1315.0,1290.8,1289.6,1290.8,1288.4,0.186,20.0,0.045,0,2026-09-08,2026-09-09,False,False,5.0,2026-09-09T19:34:40+05:30
ABSLAMC,1036.82,TOUCHED,2.86,above,1066.5,1036.82,1035.83,1036.82,1034.85,0.19,20.5,0.033,0,2026-09-08,2026-09-09,False,False,5.0,2026-09-09T19:34:40+05:30
CHAMBLFERT,417.65,TOUCHED,-0.49,below,415.6,417.65,417.98,418.32,417.65,0.159,20.5,0.035,0,2026-09-08,2026-09-09,False,False,5.0,2026-09-09T19:34:40+05:30
IRCTC,472.78,TOUCHED,-0.69,below,469.5,472.78,473.12,473.45,472.78,0.141,20.5,0.045,0,2026-09-08,2026-09-09,False,False,5.0,2026-09-09T19:34:40+05:30
ENDURANCE,2743.15,TOUCHED,0.46,above,2755.7,2743.15,2740.53,2743.15,2737.92,0.191,20.8,0.044,0,2026-09-08,2026-09-09,False,False,5.0,2026-09-09T19:34:40+05:30
GRAVITA,1680.70,TOUCHED,0.93,above,1696.4,1680.7,1679.1,1680.7,1677.5,0.191,20.8,0.033,0,2026-09-08,2026-09-09,False,False,5.0,2026-09-09T19:34:40+05:30
IGIL,317.20,TOUCHED,-1.8,below,311.5,317.2,317.5,317.8,317.2,0.189,20.8,0.029,0,2026-09-08,2026-09-09,False,False,5.0,2026-09-09T19:34:40+05:30
RPOWER,21.81,TOUCHED,0.94,above,22.01,21.81,21.77,21.81,21.74,0.291,21.4,0.079,0,2026-09-08,2026-09-09,False,False,5.0,2026-09-09T19:34:40+05:30
SBIN,1006.65,TOUCHED,-0.61,below,1000.5,1006.65,1007.1,1007.55,1006.65,0.089,21.4,0.012,0,2026-09-08,2026-09-09,False,False,5.0,2026-09-09T19:34:40+05:30
CYIENT,1087.20,TOUCHED,-1.11,below,1075.1,1087.2,1088.1,1089.0,1087.2,0.165,21.6,0.03,0,2026-09-08,2026-09-09,False,False,5.0,2026-09-09T19:34:40+05:30
ARE&M,838.41,TOUCHED,-0.75,below,832.15,838.41,839.02,839.62,838.41,0.145,21.9,0.023,0,2026-09-08,2026-09-09,False,False,5.0,2026-09-09T19:34:40+05:30
WHIRLPOOL,805.72,TOUCHED,-1.33,below,795.0,805.72,806.45,807.17,805.72,0.18,21.9,0.049,0,2026-09-08,2026-09-09,False,False,5.0,2026-09-09T19:34:40+05:30
GODREJCP,863.70,TOUCHED,0.01,inside,863.8,863.7,863.7,864.35,863.05,0.151,22.2,0.03,0,2026-09-08,2026-09-09,False,False,5.0,2026-09-09T19:34:40+05:30
DCMSHRIRAM,1009.08,TOUCHED,-1.14,below,997.6,1009.08,1009.97,1010.85,1009.08,0.175,22.5,0.024,0,2026-09-08,2026-09-09,False,False,5.0,2026-09-09T19:34:40+05:30
BATAINDIA,664.28,TOUCHED,-0.49,below,661.05,664.28,664.72,665.15,664.28,0.13,22.7,0.022,0,2026-09-08,2026-09-09,False,False,5.0,2026-09-09T19:34:40+05:30
BEL,410.78,TOUCHED,-1.16,below,406.0,410.78,411.02,411.25,410.78,0.114,23.0,0.025,0,2026-09-08,2026-09-09,False,False,5.0,2026-09-09T19:34:40+05:30
BHEL,423.28,TOUCHED,2.46,above,433.7,423.28,422.9,423.28,422.52,0.177,23.0,0.045,0,2026-09-08,2026-09-09,False,False,5.0,2026-09-09T19:34:40+05:30
DMART,3717.38,TOUCHED,0.47,above,3735.0,3717.38,3714.57,3717.38,3711.75,0.152,23.3,0.031,0,2026-09-08,2026-09-09,False,False,5.0,2026-09-09T19:34:40+05:30
GALLANTT,562.43,TOUCHED,-0.95,below,557.1,562.43,563.22,564.0,562.43,0.278,23.3,0.07,0,2026-09-08,2026-09-09,False,False,5.0,2026-09-09T19:34:40+05:30
MOTILALOFS,1047.70,TOUCHED,-2.17,below,1025.0,1047.7,1048.97,1050.23,1047.7,0.242,23.6,0.046,0,2026-09-08,2026-09-09,False,False,5.0,2026-09-09T19:34:40+05:30
ACMESOLAR,411.05,TOUCHED,-2.3,below,401.6,411.05,411.57,412.08,411.05,0.251,23.8,0.056,0,2026-09-08,2026-09-09,False,False,5.0,2026-09-09T19:34:40+05:30
WELSPUNLIV,208.66,TOUCHED,0.78,above,210.28,208.66,208.4,208.66,208.13,0.253,23.8,0.044,0,2026-09-08,2026-09-09,False,False,5.0,2026-09-09T19:34:40+05:30
ABLBL,84.61,TOUCHED,-0.42,below,84.26,84.61,84.71,84.81,84.61,0.224,24.0,0.054,0,2026-09-08,2026-09-09,False,False,5.0,2026-09-09T19:34:40+05:30
SOBHA,1252.20,TOUCHED,-1.81,below,1229.5,1252.2,1253.33,1254.47,1252.2,0.181,24.1,0.031,0,2026-09-08,2026-09-09,False,False,5.0,2026-09-09T19:34:40+05:30
BAJAJFINSV,1939.55,TOUCHED,-0.65,below,1927.0,1939.55,1941.0,1942.45,1939.55,0.149,24.4,0.022,0,2026-09-08,2026-09-09,False,False,5.0,2026-09-09T19:34:40+05:30
ELGIEQUIP,638.90,TOUCHED,-3.14,below,618.85,638.9,639.6,640.3,638.9,0.219,24.4,0.049,0,2026-09-08,2026-09-09,False,False,5.0,2026-09-09T19:34:40+05:30
ABDL,597.17,TOUCHED,1.17,above,604.15,597.17,596.28,597.17,595.39,0.299,24.7,0.074,0,2026-09-08,2026-09-09,False,False,5.0,2026-09-09T19:34:40+05:30
INDIANB,860.61,TOUCHED,-0.46,below,856.65,860.61,861.32,862.03,860.61,0.164,24.7,0.027,0,2026-09-08,2026-09-09,False,False,5.0,2026-09-09T19:34:40+05:30
BERGEPAINT,479.93,TOUCHED,-1.9,below,470.8,479.93,480.42,480.9,479.93,0.201,24.9,0.014,0,2026-09-08,2026-09-09,False,False,5.0,2026-09-09T19:34:40+05:30
KEC,404.45,TOUCHED,-2.78,below,393.2,404.45,404.87,405.28,404.45,0.206,24.9,0.024,0,2026-09-08,2026-09-09,False,False,5.0,2026-09-09T19:34:40+05:30
ASIANPAINT,2486.55,TOUCHED,0.1,above,2489.0,2486.55,2484.9,2486.55,2483.25,0.133,25.5,0.022,0,2026-09-08,2026-09-09,False,False,5.0,2026-09-09T19:34:40+05:30
ATUL,6319.92,TOUCHED,-1.56,below,6221.5,6319.92,6325.33,6330.75,6319.92,0.171,25.5,0.014,0,2026-09-08,2026-09-09,False,False,5.0,2026-09-09T19:34:40+05:30
CANBK,124.34,TOUCHED,-0.21,below,124.08,124.34,124.46,124.57,124.34,0.179,25.5,0.024,0,2026-09-08,2026-09-09,False,False,5.0,2026-09-09T19:34:40+05:30
CONCORDBIO,1464.90,TOUCHED,-0.03,below,1464.5,1464.9,1466.77,1468.63,1464.9,0.255,25.5,0.024,0,2026-09-08,2026-09-09,False,False,5.0,2026-09-09T19:34:40+05:30
BELRISE,227.97,TOUCHED,0.25,above,228.54,227.97,227.71,227.97,227.44,0.236,25.7,0.04,0,2026-09-08,2026-09-09,False,False,5.0,2026-09-09T19:34:40+05:30
IGL,153.60,TOUCHED,-0.44,below,152.92,153.6,153.74,153.88,153.6,0.184,25.8,0.047,0,2026-09-08,2026-09-09,False,False,5.0,2026-09-09T19:34:40+05:30
OBEROIRLTY,1835.47,TOUCHED,-1.93,below,1800.0,1835.47,1837.13,1838.8,1835.47,0.181,25.8,0.045,0,2026-09-08,2026-09-09,False,False,5.0,2026-09-09T19:34:40+05:30
SWANCORP,277.48,TOUCHED,0.06,inside,277.65,277.48,277.48,277.82,277.14,0.246,25.8,0.034,0,2026-09-08,2026-09-09,False,False,5.0,2026-09-09T19:34:40+05:30
WELCORP,2605.57,TOUCHED,0.11,inside,2608.5,2605.57,2605.57,2608.6,2602.53,0.233,25.8,0.058,0,2026-09-08,2026-09-09,False,False,5.0,2026-09-09T19:34:40+05:30
ITI,269.30,TOUCHED,-0.69,below,267.45,269.3,269.6,269.9,269.3,0.223,26.0,0.033,0,2026-09-08,2026-09-09,False,False,5.0,2026-09-09T19:34:40+05:30
ASTRAL,1496.20,TOUCHED,-1.43,below,1474.8,1496.2,1497.73,1499.27,1496.2,0.205,26.6,0.037,0,2026-09-08,2026-09-09,False,False,5.0,2026-09-09T19:34:40+05:30
LTFOODS,455.80,TOUCHED,-0.49,below,453.55,455.8,456.35,456.9,455.8,0.241,26.6,0.038,0,2026-09-08,2026-09-09,False,False,5.0,2026-09-09T19:34:40+05:30
CEATLTD,3317.18,TOUCHED,-0.72,below,3293.2,3317.18,3321.17,3325.15,3317.18,0.24,26.8,0.036,0,2026-09-08,2026-09-09,False,False,5.0,2026-09-09T19:34:40+05:30
VTL,585.02,TOUCHED,-0.34,below,583.0,585.02,585.63,586.25,585.02,0.211,26.8,0.031,0,2026-09-08,2026-09-09,False,False,5.0,2026-09-09T19:34:40+05:30
SUMICHEM,487.38,TOUCHED,-1.15,below,481.75,487.38,488.05,488.73,487.38,0.277,27.1,0.041,0,2026-09-08,2026-09-09,False,False,5.0,2026-09-09T19:34:40+05:30
TATAPOWER,365.27,TOUCHED,1.29,above,370.0,365.27,365.0,365.27,364.73,0.151,27.1,0.028,0,2026-09-08,2026-09-09,False,False,5.0,2026-09-09T19:34:40+05:30
ABB,7399.67,TOUCHED,0.02,inside,7401.5,7399.67,7399.67,7406.0,7393.33,0.171,27.4,0.031,0,2026-09-08,2026-09-09,False,False,5.0,2026-09-09T19:34:40+05:30
JWL,242.72,TOUCHED,-0.7,below,241.01,242.72,243.02,243.32,242.72,0.251,27.4,0.044,0,2026-09-08,2026-09-09,False,False,5.0,2026-09-09T19:34:40+05:30
CIEINDIA,383.74,TOUCHED,-0.55,below,381.65,383.74,384.08,384.43,383.74,0.178,27.7,0.029,0,2026-09-08,2026-09-09,False,False,5.0,2026-09-09T19:34:40+05:30
INDHOTEL,719.36,TOUCHED,0.47,above,722.75,719.36,718.72,719.36,718.07,0.179,27.7,0.019,0,2026-09-08,2026-09-09,False,False,5.0,2026-09-09T19:34:40+05:30
FORCEMOT,17609.07,TOUCHED,-1.44,below,17355.0,17609.07,17643.14,17677.21,17609.07,0.386,27.9,0.05,0,2026-09-08,2026-09-09,False,False,5.0,2026-09-09T19:34:40+05:30
MARUTI,12650.67,TOUCHED,-0.26,below,12618.0,12650.67,12660.33,12670.0,12650.67,0.153,27.9,0.017,0,2026-09-08,2026-09-09,False,False,5.0,2026-09-09T19:34:40+05:30
UTIAMC,899.52,TOUCHED,0.15,above,900.9,899.52,898.58,899.52,897.65,0.208,27.9,0.043,0,2026-09-08,2026-09-09,False,False,5.0,2026-09-09T19:34:40+05:30
TATAINVEST,622.68,TOUCHED,-0.62,below,618.8,622.68,623.32,623.95,622.68,0.203,28.2,0.025,0,2026-09-08,2026-09-09,False,False,5.0,2026-09-09T19:34:40+05:30
IRB,19.20,TOUCHED,-0.68,below,19.07,19.2,19.22,19.23,19.2,0.173,28.5,0.039,0,2026-09-08,2026-09-09,False,False,5.0,2026-09-09T19:34:40+05:30
MANKIND,2311.30,TOUCHED,-2.0,below,2265.0,2311.3,2313.6,2315.9,2311.3,0.199,28.5,0.039,0,2026-09-08,2026-09-09,False,False,5.0,2026-09-09T19:34:40+05:30
THERMAX,3625.68,TOUCHED,0.36,above,3638.6,3625.68,3621.77,3625.68,3617.85,0.216,28.5,0.027,0,2026-09-08,2026-09-09,False,False,5.0,2026-09-09T19:34:40+05:30
GPIL,245.40,TOUCHED,3.11,above,253.04,245.4,245.09,245.4,244.78,0.253,28.8,0.033,0,2026-09-08,2026-09-09,False,False,5.0,2026-09-09T19:34:40+05:30
GROWW,194.61,TOUCHED,0.01,inside,194.63,194.61,194.61,194.92,194.29,0.325,28.8,0.036,0,2026-09-08,2026-09-09,False,False,5.0,2026-09-09T19:34:40+05:30
POWERGRID,265.54,TOUCHED,0.12,above,265.85,265.54,265.33,265.54,265.12,0.157,28.8,0.019,0,2026-09-08,2026-09-09,False,False,5.0,2026-09-09T19:34:40+05:30
ADANIENT,2949.87,TOUCHED,5.25,above,3104.7,2949.87,2946.63,2949.87,2943.4,0.219,29.6,0.028,0,2026-09-08,2026-09-09,False,False,5.0,2026-09-09T19:34:40+05:30
BRITANNIA,5059.92,TOUCHED,0.59,above,5090.0,5059.92,5055.83,5059.92,5051.75,0.162,29.6,0.024,0,2026-09-08,2026-09-09,False,False,5.0,2026-09-09T19:34:40+05:30
JKTYRE,364.65,TOUCHED,-2.3,below,356.25,364.65,365.2,365.75,364.65,0.301,29.6,0.034,0,2026-09-08,2026-09-09,False,False,5.0,2026-09-09T19:34:40+05:30
MAZDOCK,2457.55,TOUCHED,-1.98,below,2408.8,2457.55,2460.5,2463.45,2457.55,0.24,29.6,0.043,0,2026-09-08,2026-09-09,False,False,5.0,2026-09-09T19:34:40+05:30
NESTLEIND,1401.67,TOUCHED,-0.62,below,1393.0,1401.67,1402.83,1404.0,1401.67,0.166,29.6,0.033,0,2026-09-08,2026-09-09,False,False,5.0,2026-09-09T19:34:40+05:30
PGEL,554.64,TOUCHED,-2.19,below,542.5,554.64,555.58,556.52,554.64,0.339,29.6,0.05,0,2026-09-08,2026-09-09,False,False,5.0,2026-09-09T19:34:40+05:30
IEX,116.88,TOUCHED,0.92,above,117.95,116.88,116.76,116.88,116.65,0.191,29.9,0.029,0,2026-09-08,2026-09-09,False,False,5.0,2026-09-09T19:34:40+05:30
COROMANDEL,1959.80,TOUCHED,0.15,above,1962.7,1959.8,1956.9,1959.8,1954.0,0.296,30.4,0.034,0,2026-09-08,2026-09-09,False,False,5.0,2026-09-09T19:34:40+05:30
CREDITACC,1411.20,TOUCHED,-1.06,below,1396.2,1411.2,1413.17,1415.13,1411.2,0.278,30.4,0.042,0,2026-09-08,2026-09-09,False,False,5.0,2026-09-09T19:34:40+05:30
HEXT,516.60,TOUCHED,-1.3,below,509.9,516.6,517.35,518.1,516.6,0.29,30.4,0.047,0,2026-09-08,2026-09-09,False,False,5.0,2026-09-09T19:34:40+05:30
INDIGO,4987.25,TOUCHED,-0.25,below,4975.0,4987.25,4991.5,4995.75,4987.25,0.17,30.4,0.025,0,2026-09-08,2026-09-09,False,False,5.0,2026-09-09T19:34:40+05:30
THELEELA,543.16,TOUCHED,-2.16,below,531.45,543.16,543.82,544.48,543.16,0.242,30.7,0.03,0,2026-09-08,2026-09-09,False,False,5.0,2026-09-09T19:34:40+05:30
JSWCEMENT,121.17,TOUCHED,-0.39,below,120.7,121.17,121.32,121.47,121.17,0.245,31.1,0.03,0,2026-09-08,2026-09-09,False,False,5.0,2026-09-09T19:34:40+05:30
MAPMYINDIA,969.92,TOUCHED,-1.52,below,955.2,969.92,971.03,972.15,969.92,0.23,31.2,0.034,0,2026-09-08,2026-09-09,False,False,5.0,2026-09-09T19:34:40+05:30
INDGN,589.93,TOUCHED,-0.61,below,586.35,589.93,590.67,591.4,589.93,0.248,31.5,0.025,0,2026-09-08,2026-09-09,False,False,5.0,2026-09-09T19:34:40+05:30
BDL,1244.38,TOUCHED,-2.11,below,1218.1,1244.38,1246.27,1248.15,1244.38,0.302,31.8,0.054,0,2026-09-08,2026-09-09,False,False,5.0,2026-09-09T19:34:40+05:30
VEDL,271.66,TOUCHED,0.31,above,272.5,271.66,271.32,271.66,270.97,0.252,31.8,0.028,0,2026-09-08,2026-09-09,False,False,5.0,2026-09-09T19:34:40+05:30
ALKEM,5168.00,TOUCHED,-0.56,below,5139.0,5168.0,5172.33,5176.67,5168.0,0.168,32.1,0.027,0,2026-09-08,2026-09-09,False,False,5.0,2026-09-09T19:34:40+05:30
GRSE,2530.62,TOUCHED,-1.45,below,2493.9,2530.62,2535.53,2540.45,2530.62,0.388,32.3,0.074,0,2026-09-08,2026-09-09,False,False,5.0,2026-09-09T19:34:40+05:30
IRCON,117.07,TOUCHED,-1.7,below,115.08,117.07,117.25,117.43,117.07,0.307,32.3,0.044,0,2026-09-08,2026-09-09,False,False,5.0,2026-09-09T19:34:40+05:30
ACUTAAS,3198.50,TOUCHED,1.35,above,3241.8,3198.5,3193.03,3198.5,3187.57,0.342,32.9,0.036,0,2026-09-08,2026-09-09,False,False,5.0,2026-09-09T19:34:40+05:30
DALBHARAT,1705.50,TOUCHED,1.65,above,1733.6,1705.5,1703.83,1705.5,1702.17,0.196,33.2,0.029,0,2026-09-08,2026-09-09,False,False,5.0,2026-09-09T19:34:40+05:30
ACE,1126.50,TOUCHED,0.04,above,1127.0,1126.5,1124.73,1126.5,1122.97,0.314,33.4,0.051,0,2026-09-08,2026-09-09,False,False,5.0,2026-09-09T19:34:40+05:30
GLENMARK,2465.50,TOUCHED,-1.24,below,2435.0,2465.5,2468.5,2471.5,2465.5,0.243,33.4,0.036,0,2026-09-08,2026-09-09,False,False,5.0,2026-09-09T19:34:40+05:30
SRF,2525.17,TOUCHED,-0.2,below,2520.0,2525.17,2528.33,2531.5,2525.17,0.25,33.7,0.034,0,2026-09-08,2026-09-09,False,False,5.0,2026-09-09T19:34:40+05:30
GRASIM,3300.67,TOUCHED,-0.02,inside,3300.0,3300.67,3300.67,3303.73,3297.6,0.186,34.0,0.018,0,2026-09-08,2026-09-09,False,False,5.0,2026-09-09T19:34:40+05:30
LTM,4435.68,TOUCHED,-0.53,below,4412.0,4435.68,4441.37,4447.05,4435.68,0.256,34.0,0.032,0,2026-09-08,2026-09-09,False,False,5.0,2026-09-09T19:34:40+05:30
MCX,3335.72,TOUCHED,0.43,above,3350.0,3335.72,3329.43,3335.72,3323.15,0.377,34.0,0.058,0,2026-09-08,2026-09-09,False,False,5.0,2026-09-09T19:34:40+05:30
NEWGEN,514.90,TOUCHED,-0.4,below,512.85,514.9,515.8,516.7,514.9,0.349,34.0,0.034,0,2026-09-08,2026-09-09,False,False,5.0,2026-09-09T19:34:40+05:30
MANAPPURAM,325.40,TOUCHED,-1.66,below,320.0,325.4,325.8,326.2,325.4,0.246,34.2,0.032,0,2026-09-08,2026-09-09,False,False,5.0,2026-09-09T19:34:40+05:30
HSCL,671.71,TOUCHED,-0.69,below,667.05,671.71,672.77,673.83,671.71,0.315,34.5,0.039,0,2026-09-08,2026-09-09,False,False,5.0,2026-09-09T19:34:40+05:30
AIAENG,4241.70,TOUCHED,-1.64,below,4172.1,4241.7,4247.47,4253.23,4241.7,0.272,34.8,0.05,0,2026-09-08,2026-09-09,False,False,5.0,2026-09-09T19:34:40+05:30
BLUESTARCO,1463.07,TOUCHED,-0.42,below,1456.9,1463.07,1465.23,1467.4,1463.07,0.296,34.8,0.056,0,2026-09-08,2026-09-09,False,False,5.0,2026-09-09T19:34:40+05:30
KAYNES,3617.67,TOUCHED,-0.07,below,3615.0,3617.67,3625.33,3633.0,3617.67,0.423,34.8,0.051,0,2026-09-08,2026-09-09,False,False,5.0,2026-09-09T19:34:40+05:30
JUBLINGREA,673.22,TOUCHED,-0.07,inside,672.75,673.22,673.22,674.26,672.17,0.309,35.1,0.036,0,2026-09-08,2026-09-09,False,False,5.0,2026-09-09T19:34:40+05:30
INDIACEM,353.96,TOUCHED,-0.68,below,351.55,353.96,354.47,354.97,353.96,0.287,35.3,0.035,0,2026-09-08,2026-09-09,False,False,5.0,2026-09-09T19:34:40+05:30
MRF,128378.33,TOUCHED,-0.05,below,128315.0,128378.33,128511.67,128645.0,128378.33,0.208,35.3,0.037,0,2026-09-08,2026-09-09,False,False,5.0,2026-09-09T19:34:40+05:30
ZENTEC,1828.15,TOUCHED,-3.6,below,1762.3,1828.15,1831.3,1834.45,1828.15,0.344,35.6,0.025,0,2026-09-08,2026-09-09,False,False,5.0,2026-09-09T19:34:40+05:30
NH,1900.10,TOUCHED,-0.5,below,1890.6,1900.1,1902.8,1905.5,1900.1,0.284,35.9,0.036,0,2026-09-08,2026-09-09,False,False,5.0,2026-09-09T19:34:40+05:30
SUNDARMFIN,4706.80,TOUCHED,0.45,above,4728.0,4706.8,4700.9,4706.8,4695.0,0.251,35.9,0.029,0,2026-09-08,2026-09-09,False,False,5.0,2026-09-09T19:34:40+05:30
TRAVELFOOD,1283.28,TOUCHED,1.19,above,1298.6,1283.28,1281.31,1283.28,1279.35,0.307,35.9,0.033,0,2026-09-08,2026-09-09,False,False,5.0,2026-09-09T19:34:40+05:30
SHRIRAMFIN,1027.52,TOUCHED,0.14,above,1029.0,1027.52,1026.03,1027.52,1024.55,0.289,36.4,0.038,0,2026-09-08,2026-09-09,False,False,5.0,2026-09-09T19:34:40+05:30
SWIGGY,277.30,TOUCHED,1.97,above,282.75,277.3,276.77,277.3,276.23,0.385,36.4,0.053,0,2026-09-08,2026-09-09,False,False,5.0,2026-09-09T19:34:40+05:30
TENNIND,522.52,TOUCHED,-0.79,below,518.4,522.52,523.58,524.64,522.52,0.404,36.5,0.018,0,2026-09-08,2026-09-09,False,False,5.0,2026-09-09T19:34:40+05:30
ATGL,608.60,TOUCHED,0.61,above,612.3,608.6,607.8,608.6,607.0,0.263,36.7,0.031,0,2026-09-08,2026-09-09,False,False,5.0,2026-09-09T19:34:40+05:30
CIPLA,1385.27,TOUCHED,-1.6,below,1363.1,1385.27,1386.53,1387.8,1385.27,0.183,36.7,0.023,0,2026-09-08,2026-09-09,False,False,5.0,2026-09-09T19:34:40+05:30
TBOTEK,1691.68,TOUCHED,1.74,above,1721.1,1691.68,1688.87,1691.68,1686.05,0.334,37.0,0.038,0,2026-09-08,2026-09-09,False,False,5.0,2026-09-09T19:34:40+05:30
SAREGAMA,496.32,TOUCHED,0.85,above,500.55,496.32,495.53,496.32,494.75,0.316,37.3,0.046,0,2026-09-08,2026-09-09,False,False,5.0,2026-09-09T19:34:40+05:30
TVSMOTOR,4127.93,TOUCHED,0.56,above,4151.1,4127.93,4122.67,4127.93,4117.4,0.256,37.3,0.026,0,2026-09-08,2026-09-09,False,False,5.0,2026-09-09T19:34:40+05:30
PINELABS,169.08,TOUCHED,3.55,above,175.08,169.08,168.61,169.08,168.15,0.556,38.3,0.056,0,2026-09-08,2026-09-09,False,False,5.0,2026-09-09T19:34:40+05:30
EMCURE,1929.03,TOUCHED,-0.76,below,1914.4,1929.03,1932.27,1935.5,1929.03,0.335,38.4,0.031,0,2026-09-08,2026-09-09,False,False,5.0,2026-09-09T19:34:40+05:30
CEMPRO,1288.28,TOUCHED,-1.49,below,1269.1,1288.28,1291.47,1294.65,1288.28,0.493,38.6,0.066,0,2026-09-08,2026-09-09,False,False,5.0,2026-09-09T19:34:40+05:30
UNITDSPR,1434.40,TOUCHED,-2.04,below,1405.2,1434.4,1436.27,1438.13,1434.4,0.26,39.2,0.034,0,2026-09-08,2026-09-09,False,False,5.0,2026-09-09T19:34:40+05:30
UNOMINDA,1231.00,TOUCHED,-0.16,below,1229.0,1231.0,1233.0,1235.0,1231.0,0.324,39.2,0.047,0,2026-09-08,2026-09-09,False,False,5.0,2026-09-09T19:34:40+05:30
CROMPTON,231.59,TOUCHED,0.59,above,232.96,231.59,231.29,231.59,230.98,0.265,39.5,0.028,0,2026-09-08,2026-09-09,False,False,5.0,2026-09-09T19:34:40+05:30
ELECON,422.10,TOUCHED,-0.64,below,419.4,422.1,423.05,424.0,422.1,0.449,39.5,0.043,0,2026-09-08,2026-09-09,False,False,5.0,2026-09-09T19:34:40+05:30
NBCC,85.49,TOUCHED,-2.21,below,83.6,85.49,85.66,85.83,85.49,0.397,39.5,0.049,0,2026-09-08,2026-09-09,False,False,5.0,2026-09-09T19:34:40+05:30
TITAGARH,882.52,TOUCHED,-0.7,below,876.35,882.52,884.23,885.95,882.52,0.388,39.5,0.046,0,2026-09-08,2026-09-09,False,False,5.0,2026-09-09T19:34:40+05:30
COHANCE,452.50,TOUCHED,-2.02,below,443.35,452.5,453.4,454.3,452.5,0.397,40.0,0.022,0,2026-09-08,2026-09-09,False,False,5.0,2026-09-09T19:34:40+05:30
INOXWIND,75.57,TOUCHED,2.41,above,77.39,75.57,75.43,75.57,75.29,0.371,40.0,0.046,0,2026-09-08,2026-09-09,False,False,5.0,2026-09-09T19:34:40+05:30
NATIONALUM,373.05,TOUCHED,1.22,above,377.6,373.05,372.38,373.05,371.72,0.358,40.0,0.043,0,2026-09-08,2026-09-09,False,False,5.0,2026-09-09T19:34:40+05:30
HYUNDAI,2210.45,TOUCHED,-1.27,below,2182.4,2210.45,2213.63,2216.82,2210.45,0.288,40.8,0.027,0,2026-09-08,2026-09-09,False,False,5.0,2026-09-09T19:34:40+05:30
IRFC,82.11,TOUCHED,-0.88,below,81.39,82.11,82.23,82.34,82.11,0.276,41.1,0.035,0,2026-09-08,2026-09-09,False,False,5.0,2026-09-09T19:34:40+05:30
HINDUNILVR,1973.75,TOUCHED,-1.46,below,1945.0,1973.75,1975.83,1977.92,1973.75,0.211,41.4,0.019,0,2026-09-08,2026-09-09,False,False,5.0,2026-09-09T19:34:40+05:30
ZFCVINDIA,2505.05,TOUCHED,-1.4,below,2469.9,2505.05,2509.17,2513.28,2505.05,0.328,41.6,0.037,0,2026-09-08,2026-09-09,False,False,5.0,2026-09-09T19:34:40+05:30
LATENTVIEW,259.50,TOUCHED,0.25,above,260.15,259.5,259.02,259.5,258.53,0.373,41.9,0.026,0,2026-09-08,2026-09-09,False,False,5.0,2026-09-09T19:34:40+05:30
DEEPAKNTR,1642.60,TOUCHED,-0.04,inside,1641.9,1642.6,1642.6,1645.2,1640.0,0.317,42.2,0.03,0,2026-09-08,2026-09-09,False,False,5.0,2026-09-09T19:34:40+05:30
AMBER,7323.42,TOUCHED,-1.55,below,7210.0,7323.42,7338.83,7354.25,7323.42,0.42,42.5,0.035,0,2026-09-08,2026-09-09,False,False,5.0,2026-09-09T19:34:40+05:30
DEEPAKFERT,1353.85,TOUCHED,0.29,above,1357.8,1353.85,1351.2,1353.85,1348.55,0.392,42.5,0.046,0,2026-09-08,2026-09-09,False,False,5.0,2026-09-09T19:34:40+05:30
OFSS,11725.50,TOUCHED,-0.81,below,11630.0,11725.5,11743.67,11761.83,11725.5,0.309,42.5,0.031,0,2026-09-08,2026-09-09,False,False,5.0,2026-09-09T19:34:40+05:30
SBFC,97.84,TOUCHED,1.79,above,99.59,97.84,97.68,97.84,97.51,0.334,42.5,0.03,0,2026-09-08,2026-09-09,False,False,5.0,2026-09-09T19:34:40+05:30
GODIGIT,257.98,TOUCHED,-1.81,below,253.3,257.98,258.37,258.76,257.98,0.303,43.0,0.029,0,2026-09-08,2026-09-09,False,False,5.0,2026-09-09T19:34:40+05:30
PTCIL,23771.67,TOUCHED,-4.17,below,22780.0,23771.67,23813.33,23855.0,23771.67,0.35,43.3,0.031,0,2026-09-08,2026-09-09,False,False,5.0,2026-09-09T19:34:40+05:30
TIINDIA,2654.80,TOUCHED,0.89,above,2678.3,2654.8,2649.43,2654.8,2644.07,0.405,43.3,0.04,0,2026-09-08,2026-09-09,False,False,5.0,2026-09-09T19:34:40+05:30
ATHERENERG,1582.23,TOUCHED,-0.14,below,1580.0,1582.23,1586.47,1590.7,1582.23,0.534,43.4,0.065,0,2026-09-08,2026-09-09,False,False,5.0,2026-09-09T19:34:40+05:30
LINDEINDIA,6390.17,TOUCHED,-0.59,below,6352.5,6390.17,6400.33,6410.5,6390.17,0.318,43.8,0.028,0,2026-09-08,2026-09-09,False,False,5.0,2026-09-09T19:34:40+05:30
IPCALAB,1970.93,TOUCHED,-0.37,below,1963.6,1970.93,1974.67,1978.4,1970.93,0.378,44.1,0.034,0,2026-09-08,2026-09-09,False,False,5.0,2026-09-09T19:34:40+05:30
ITC,263.77,TOUCHED,-1.12,below,260.8,263.77,264.03,264.3,263.77,0.202,44.4,0.021,0,2026-09-08,2026-09-09,False,False,5.0,2026-09-09T19:34:40+05:30
NTPCGREEN,88.05,TOUCHED,-0.02,below,88.03,88.05,88.18,88.31,88.05,0.295,44.4,0.015,0,2026-09-08,2026-09-09,False,False,5.0,2026-09-09T19:34:40+05:30
RAILTEL,266.82,TOUCHED,-1.13,below,263.8,266.82,267.35,267.88,266.82,0.393,44.4,0.042,0,2026-09-08,2026-09-09,False,False,5.0,2026-09-09T19:34:40+05:30
PATANJALI,341.27,TOUCHED,-0.08,inside,341.0,341.27,341.27,341.63,340.9,0.215,44.7,0.019,0,2026-09-08,2026-09-09,False,False,5.0,2026-09-09T19:34:40+05:30
GICRE,349.68,TOUCHED,0.06,above,349.9,349.68,349.15,349.68,348.63,0.301,45.2,0.032,0,2026-09-08,2026-09-09,False,False,5.0,2026-09-09T19:34:40+05:30
LTF,310.10,TOUCHED,0.1,above,310.4,310.1,309.5,310.1,308.9,0.388,45.2,0.03,0,2026-09-08,2026-09-09,False,False,5.0,2026-09-09T19:34:40+05:30
KEI,4706.50,TOUCHED,-0.79,below,4669.5,4706.5,4715.5,4724.5,4706.5,0.382,45.5,0.029,0,2026-09-08,2026-09-09,False,False,5.0,2026-09-09T19:34:40+05:30
USHAMART,500.83,TOUCHED,-0.43,below,498.65,500.83,501.8,502.78,500.83,0.389,45.5,0.04,0,2026-09-08,2026-09-09,False,False,5.0,2026-09-09T19:34:40+05:30
TEJASNET,591.42,TOUCHED,-2.63,below,575.9,591.42,592.8,594.18,591.42,0.464,45.8,0.046,0,2026-09-08,2026-09-09,False,False,5.0,2026-09-09T19:34:40+05:30
KARURVYSYA,340.51,TOUCHED,0.03,above,340.6,340.51,339.87,340.51,339.22,0.378,46.0,0.043,0,2026-09-08,2026-09-09,False,False,5.0,2026-09-09T19:34:40+05:30
NLCINDIA,271.10,TOUCHED,0.17,inside,271.55,271.1,271.1,271.68,270.53,0.424,46.0,0.049,0,2026-09-08,2026-09-09,False,False,5.0,2026-09-09T19:34:40+05:30
UCOBANK,24.22,TOUCHED,-0.98,below,23.98,24.22,24.26,24.3,24.22,0.316,46.3,0.013,0,2026-09-08,2026-09-09,False,False,5.0,2026-09-09T19:34:40+05:30
CESC,145.79,TOUCHED,2.66,above,149.67,145.79,145.54,145.79,145.28,0.353,46.6,0.037,0,2026-09-08,2026-09-09,False,False,5.0,2026-09-09T19:34:40+05:30
GMRAIRPORT,96.84,TOUCHED,1.87,above,98.65,96.84,96.67,96.84,96.51,0.338,46.6,0.022,0,2026-09-08,2026-09-09,False,False,5.0,2026-09-09T19:34:40+05:30
RBLBANK,416.05,TOUCHED,-0.01,below,416.0,416.05,416.87,417.68,416.05,0.392,46.8,0.033,0,2026-09-08,2026-09-09,False,False,5.0,2026-09-09T19:34:40+05:30
ANGELONE,299.55,TOUCHED,-0.17,inside,299.05,299.55,299.55,300.32,298.77,0.517,47.1,0.036,0,2026-09-08,2026-09-09,False,False,5.0,2026-09-09T19:34:40+05:30
JUBLFOOD,477.75,TOUCHED,-0.38,below,475.95,477.75,478.63,479.52,477.75,0.369,47.1,0.024,0,2026-09-08,2026-09-09,False,False,5.0,2026-09-09T19:34:40+05:30
IOB,33.18,TOUCHED,-0.59,below,32.98,33.18,33.23,33.29,33.18,0.331,47.4,0.034,0,2026-09-08,2026-09-09,False,False,5.0,2026-09-09T19:34:40+05:30
ONGC,235.11,TOUCHED,-0.46,below,234.02,235.11,235.41,235.7,235.11,0.252,47.4,0.028,0,2026-09-08,2026-09-09,False,False,5.0,2026-09-09T19:34:40+05:30
URBANCO,172.27,TOUCHED,-0.39,below,171.59,172.27,172.76,173.26,172.27,0.575,47.8,0.045,0,2026-09-08,2026-09-09,False,False,5.0,2026-09-09T19:34:40+05:30
COCHINSHIP,1524.88,TOUCHED,2.04,above,1556.0,1524.88,1521.57,1524.88,1518.25,0.436,47.9,0.042,0,2026-09-08,2026-09-09,False,False,5.0,2026-09-09T19:34:40+05:30
IKS,1791.50,TOUCHED,0.03,above,1792.1,1791.5,1787.67,1791.5,1783.83,0.429,48.2,0.023,0,2026-09-08,2026-09-09,False,False,5.0,2026-09-09T19:34:40+05:30
RADICO,4460.80,TOUCHED,-1.05,below,4414.0,4460.8,4468.87,4476.93,4460.8,0.361,48.2,0.023,0,2026-09-08,2026-09-09,False,False,5.0,2026-09-09T19:34:40+05:30
SYRMA,1626.10,TOUCHED,-0.23,below,1622.4,1626.1,1630.47,1634.83,1626.1,0.536,48.2,0.047,0,2026-09-08,2026-09-09,False,False,5.0,2026-09-09T19:34:40+05:30
MMTC,63.34,TOUCHED,-0.92,below,62.76,63.34,63.5,63.65,63.34,0.483,48.5,0.053,0,2026-09-08,2026-09-09,False,False,5.0,2026-09-09T19:34:40+05:30
CHOLAHLDNG,1523.02,TOUCHED,0.5,above,1530.6,1523.02,1519.83,1523.02,1516.65,0.419,48.8,0.026,0,2026-09-08,2026-09-09,False,False,5.0,2026-09-09T19:34:40+05:30
HINDCOPPER,531.40,TOUCHED,0.17,above,532.3,531.4,529.95,531.4,528.5,0.547,49.3,0.036,0,2026-09-08,2026-09-09,False,False,5.0,2026-09-09T19:34:40+05:30
PFOCUS,315.78,TOUCHED,0.16,inside,316.3,315.78,315.78,317.1,314.47,0.834,49.9,0.056,0,2026-09-08,2026-09-09,False,False,5.0,2026-09-09T19:34:40+05:30
ESCORTS,2995.75,TOUCHED,-0.22,below,2989.2,2995.75,3001.57,3007.38,2995.75,0.388,50.1,0.041,0,2026-09-08,2026-09-09,False,False,5.0,2026-09-09T19:34:40+05:30
MOTHERSON,163.51,TOUCHED,0.12,above,163.7,163.51,163.17,163.51,162.83,0.415,50.1,0.039,0,2026-09-08,2026-09-09,False,False,5.0,2026-09-09T19:34:40+05:30
AEGISVOPAK,289.73,TOUCHED,2.73,above,297.65,289.73,288.82,289.73,287.9,0.635,50.3,0.041,0,2026-09-08,2026-09-09,False,False,5.0,2026-09-09T19:34:40+05:30
JINDALSTEL,1143.00,TOUCHED,0.31,above,1146.5,1143.0,1140.77,1143.0,1138.53,0.392,50.4,0.036,0,2026-09-08,2026-09-09,False,False,5.0,2026-09-09T19:34:40+05:30
GLAND,2953.17,TOUCHED,2.47,above,3026.2,2953.17,2947.03,2953.17,2940.9,0.416,50.7,0.042,0,2026-09-08,2026-09-09,False,False,5.0,2026-09-09T19:34:40+05:30
NMDC,84.56,TOUCHED,1.47,above,85.8,84.56,84.41,84.56,84.26,0.355,50.7,0.028,0,2026-09-08,2026-09-09,False,False,5.0,2026-09-09T19:34:40+05:30
MGL,1096.50,TOUCHED,-1.11,below,1084.3,1096.5,1098.73,1100.97,1096.5,0.407,51.5,0.039,0,2026-09-08,2026-09-09,False,False,5.0,2026-09-09T19:34:40+05:30
RITES,213.41,TOUCHED,-1.07,below,211.13,213.41,213.84,214.28,213.41,0.407,51.8,0.033,0,2026-09-08,2026-09-09,False,False,5.0,2026-09-09T19:34:40+05:30
ANANDRATHI,2218.95,TOUCHED,-1.73,below,2180.6,2218.95,2222.47,2225.98,2218.95,0.316,52.6,0.022,0,2026-09-08,2026-09-09,False,False,5.0,2026-09-09T19:34:40+05:30
EMMVEE,329.08,TOUCHED,-0.06,inside,328.9,329.08,329.08,330.17,328.0,0.658,52.9,0.041,0,2026-09-08,2026-09-09,False,False,5.0,2026-09-09T19:34:40+05:30
JSL,737.00,TOUCHED,6.28,above,783.3,737.0,735.25,737.0,733.5,0.476,52.9,0.051,0,2026-09-08,2026-09-09,False,False,5.0,2026-09-09T19:34:40+05:30
LEMONTREE,106.15,TOUCHED,0.02,inside,106.17,106.15,106.15,106.35,105.94,0.393,52.9,0.027,0,2026-09-08,2026-09-09,False,False,5.0,2026-09-09T19:34:40+05:30
AFFLE,1613.07,TOUCHED,-1.6,below,1587.3,1613.07,1616.73,1620.4,1613.07,0.454,53.2,0.034,0,2026-09-08,2026-09-09,False,False,5.0,2026-09-09T19:34:40+05:30
BOSCHLTD,48699.17,TOUCHED,0.82,above,49100.0,48699.17,48613.33,48699.17,48527.5,0.353,53.2,0.034,0,2026-09-08,2026-09-09,False,False,5.0,2026-09-09T19:34:40+05:30
JPPOWER,16.53,TOUCHED,-0.81,below,16.4,16.53,16.58,16.62,16.53,0.523,53.2,0.038,0,2026-09-08,2026-09-09,False,False,5.0,2026-09-09T19:34:40+05:30
INTELLECT,685.98,TOUCHED,-0.16,below,684.9,685.98,687.92,689.86,685.98,0.565,53.4,0.043,0,2026-09-08,2026-09-09,False,False,5.0,2026-09-09T19:34:40+05:30
RECLTD,316.00,TOUCHED,-0.47,below,314.5,316.0,316.62,317.23,316.0,0.39,53.4,0.018,0,2026-09-08,2026-09-09,False,False,5.0,2026-09-09T19:34:40+05:30
POLYMED,1721.13,TOUCHED,0.17,inside,1724.0,1721.13,1721.13,1725.62,1716.65,0.521,53.7,0.045,0,2026-09-08,2026-09-09,False,False,5.0,2026-09-09T19:34:40+05:30
SHYAMMETL,1083.88,TOUCHED,-0.94,below,1073.7,1083.88,1085.87,1087.85,1083.88,0.365,53.7,0.016,0,2026-09-08,2026-09-09,False,False,5.0,2026-09-09T19:34:40+05:30
TATASTEEL,185.06,TOUCHED,2.0,above,188.75,185.06,184.75,185.06,184.45,0.327,53.7,0.023,0,2026-09-08,2026-09-09,False,False,5.0,2026-09-09T19:34:40+05:30
WOCKPHARMA,2217.00,TOUCHED,1.43,above,2248.8,2217.0,2210.0,2217.0,2203.0,0.633,53.7,0.06,0,2026-09-08,2026-09-09,False,False,5.0,2026-09-09T19:34:40+05:30
3MINDIA,33031.67,TOUCHED,-0.02,inside,33025.0,33031.67,33031.67,33088.33,32975.0,0.343,54.2,0.027,0,2026-09-08,2026-09-09,False,False,5.0,2026-09-09T19:34:40+05:30
AAVAS,1296.47,TOUCHED,-0.48,below,1290.3,1296.47,1299.43,1302.4,1296.47,0.457,55.1,0.028,0,2026-09-08,2026-09-09,False,False,5.0,2026-09-09T19:34:40+05:30
APOLLOHOSP,8824.17,TOUCHED,1.62,above,8967.0,8824.17,8810.83,8824.17,8797.5,0.303,55.1,0.015,0,2026-09-08,2026-09-09,False,False,5.0,2026-09-09T19:34:40+05:30
LALPATHLAB,1908.57,TOUCHED,0.58,above,1919.7,1908.57,1904.63,1908.57,1900.7,0.413,55.1,0.044,0,2026-09-08,2026-09-09,False,False,5.0,2026-09-09T19:34:40+05:30
ENGINERSIN,276.70,TOUCHED,-1.3,below,273.1,276.7,277.53,278.37,276.7,0.601,55.3,0.04,0,2026-09-08,2026-09-09,False,False,5.0,2026-09-09T19:34:40+05:30
PFC,353.82,TOUCHED,-0.69,below,351.4,353.82,354.52,355.21,353.82,0.39,55.3,0.036,0,2026-09-08,2026-09-09,False,False,5.0,2026-09-09T19:34:40+05:30
TORNTPHARM,4935.25,TOUCHED,-0.11,below,4930.0,4935.25,4943.5,4951.75,4935.25,0.334,55.3,0.025,0,2026-09-08,2026-09-09,False,False,5.0,2026-09-09T19:34:40+05:30
PRESTIGE,1549.00,TOUCHED,-0.56,below,1540.4,1549.0,1553.2,1557.4,1549.0,0.541,55.6,0.056,0,2026-09-08,2026-09-09,False,False,5.0,2026-09-09T19:34:40+05:30
UPL,575.62,TOUCHED,0.01,above,575.7,575.62,574.48,575.62,573.35,0.395,55.9,0.022,0,2026-09-08,2026-09-09,False,False,5.0,2026-09-09T19:34:40+05:30
DLF,670.70,TOUCHED,-2.33,below,655.1,670.7,672.17,673.63,670.7,0.436,56.2,0.03,0,2026-09-08,2026-09-09,False,False,5.0,2026-09-09T19:34:40+05:30
LENSKART,692.07,TOUCHED,0.26,inside,693.9,692.07,692.07,693.91,690.22,0.532,56.2,0.03,0,2026-09-08,2026-09-09,False,False,5.0,2026-09-09T19:34:40+05:30
TEGA,1644.00,TOUCHED,2.09,above,1678.3,1644.0,1640.13,1644.0,1636.27,0.472,56.7,0.045,0,2026-09-08,2026-09-09,False,False,5.0,2026-09-09T19:34:40+05:30
APTUS,256.30,TOUCHED,0.77,above,258.28,256.3,255.64,256.3,254.98,0.516,57.0,0.029,0,2026-09-08,2026-09-09,False,False,5.0,2026-09-09T19:34:40+05:30
SJVN,65.74,TOUCHED,1.74,above,66.88,65.74,65.6,65.74,65.47,0.406,57.0,0.03,0,2026-09-08,2026-09-09,False,False,5.0,2026-09-09T19:34:40+05:30
SCI,289.64,TOUCHED,-0.79,below,287.35,289.64,290.53,291.42,289.64,0.614,57.3,0.055,0,2026-09-08,2026-09-09,False,False,5.0,2026-09-09T19:34:40+05:30
BHARTIHEXA,1542.10,TOUCHED,0.18,inside,1544.8,1542.1,1542.1,1545.7,1538.5,0.467,57.5,0.039,0,2026-09-08,2026-09-09,False,False,5.0,2026-09-09T19:34:40+05:30
WAAREEENER,2577.92,TOUCHED,-0.38,below,2568.0,2577.92,2584.83,2591.75,2577.92,0.535,58.1,0.043,0,2026-09-08,2026-09-09,False,False,5.0,2026-09-09T19:34:40+05:30
HINDZINC,599.85,TOUCHED,0.93,above,605.4,599.85,598.4,599.85,596.95,0.485,58.6,0.044,0,2026-09-08,2026-09-09,False,False,5.0,2026-09-09T19:34:40+05:30
LODHA,1200.65,TOUCHED,-2.89,below,1166.0,1200.65,1204.43,1208.22,1200.65,0.628,58.6,0.036,0,2026-09-08,2026-09-09,False,False,5.0,2026-09-09T19:34:40+05:30
RRKABEL,2428.05,TOUCHED,-0.34,below,2419.8,2428.05,2434.87,2441.68,2428.05,0.56,58.9,0.058,0,2026-09-08,2026-09-09,False,False,5.0,2026-09-09T19:34:40+05:30
TMPV,304.55,TOUCHED,-0.51,below,303.0,304.55,305.18,305.82,304.55,0.415,58.9,0.02,0,2026-09-08,2026-09-09,False,False,5.0,2026-09-09T19:34:40+05:30
BLUEJET,577.12,TOUCHED,-0.31,inside,575.3,577.12,577.12,579.31,574.92,0.76,59.2,0.045,0,2026-09-08,2026-09-09,False,False,5.0,2026-09-09T19:34:40+05:30
GVT&D,4701.50,TOUCHED,-0.61,below,4673.0,4701.5,4717.67,4733.83,4701.5,0.685,59.5,0.025,0,2026-09-08,2026-09-09,False,False,5.0,2026-09-09T19:34:40+05:30
NETWEB,5108.33,TOUCHED,-4.11,below,4898.5,5108.33,5129.17,5150.0,5108.33,0.812,59.5,0.062,0,2026-09-08,2026-09-09,False,False,5.0,2026-09-09T19:34:40+05:30
SAPPHIRE,228.01,TOUCHED,-0.18,inside,227.61,228.01,228.01,228.71,227.31,0.614,59.5,0.05,0,2026-09-08,2026-09-09,False,False,5.0,2026-09-09T19:34:40+05:30
CANFINHOME,799.54,TOUCHED,-1.58,below,786.9,799.54,801.48,803.42,799.54,0.485,59.7,0.021,0,2026-09-08,2026-09-09,False,False,5.0,2026-09-09T19:34:40+05:30
BLUEDART,4958.50,TOUCHED,-0.61,below,4928.4,4958.5,4968.07,4977.63,4958.5,0.385,60.8,0.02,0,2026-09-08,2026-09-09,False,False,5.0,2026-09-09T19:34:40+05:30
ECLERX,1923.50,TOUCHED,-0.05,below,1922.6,1923.5,1930.7,1937.9,1923.5,0.746,61.1,0.052,0,2026-09-08,2026-09-09,False,False,5.0,2026-09-09T19:34:40+05:30
ADANIPOWER,207.85,TOUCHED,3.39,above,214.9,207.85,207.31,207.85,206.76,0.527,61.4,0.056,0,2026-09-08,2026-09-09,False,False,5.0,2026-09-09T19:34:40+05:30
ADANIPORTS,1706.38,TOUCHED,4.02,above,1775.0,1706.38,1702.77,1706.38,1699.15,0.425,61.9,0.022,0,2026-09-08,2026-09-09,False,False,5.0,2026-09-09T19:34:40+05:30
CUMMINSIND,5027.50,TOUCHED,2.84,above,5170.5,5027.5,5015.0,5027.5,5002.5,0.499,61.9,0.019,0,2026-09-08,2026-09-09,False,False,5.0,2026-09-09T19:34:40+05:30
PIIND,2399.75,TOUCHED,-0.24,below,2394.0,2399.75,2404.5,2409.25,2399.75,0.395,62.5,0.018,0,2026-09-08,2026-09-09,False,False,5.0,2026-09-09T19:34:40+05:30
SIGNATURE,787.22,TOUCHED,-0.05,below,786.8,787.22,789.23,791.25,787.22,0.511,62.5,0.029,0,2026-09-08,2026-09-09,False,False,5.0,2026-09-09T19:34:40+05:30
TATACOMM,1748.23,TOUCHED,1.41,above,1772.8,1748.23,1743.67,1748.23,1739.1,0.524,63.6,0.022,0,2026-09-08,2026-09-09,False,False,5.0,2026-09-09T19:34:40+05:30
RVNL,208.05,TOUCHED,-0.5,below,207.0,208.05,208.6,209.15,208.05,0.527,63.8,0.034,0,2026-09-08,2026-09-09,False,False,5.0,2026-09-09T19:34:40+05:30
TATATECH,792.67,TOUCHED,-0.63,below,787.65,792.67,794.62,796.56,792.67,0.489,64.7,0.037,0,2026-09-08,2026-09-09,False,False,5.0,2026-09-09T19:34:40+05:30
AIIL,520.07,TOUCHED,-1.18,below,513.95,520.07,522.12,524.16,520.07,0.782,64.9,0.055,0,2026-09-08,2026-09-09,False,False,5.0,2026-09-09T19:34:40+05:30
EICHERMOT,7732.08,TOUCHED,0.03,above,7734.5,7732.08,7716.67,7732.08,7701.25,0.4,65.5,0.024,0,2026-09-08,2026-09-09,False,False,5.0,2026-09-09T19:34:40+05:30
NUVAMA,1818.30,TOUCHED,-2.03,below,1781.3,1818.3,1824.33,1830.37,1818.3,0.661,65.5,0.027,0,2026-09-08,2026-09-09,False,False,5.0,2026-09-09T19:34:40+05:30
PHOENIXLTD,1890.00,TOUCHED,-0.25,below,1885.3,1890.0,1895.0,1900.0,1890.0,0.528,65.5,0.047,0,2026-09-08,2026-09-09,False,False,5.0,2026-09-09T19:34:40+05:30
HINDALCO,1016.10,TOUCHED,1.06,above,1026.9,1016.1,1013.73,1016.1,1011.37,0.467,66.3,0.013,0,2026-09-08,2026-09-09,False,False,5.0,2026-09-09T19:34:40+05:30
KOTAKBANK,419.98,TOUCHED,-1.42,below,414.0,419.98,420.7,421.43,419.98,0.345,66.3,0.023,0,2026-09-08,2026-09-09,False,False,5.0,2026-09-09T19:34:40+05:30
LT,3953.20,TOUCHED,-0.77,below,3922.6,3953.2,3960.3,3967.4,3953.2,0.359,66.3,0.025,0,2026-09-08,2026-09-09,False,False,5.0,2026-09-09T19:34:40+05:30
CGCL,272.57,TOUCHED,-0.06,inside,272.4,272.57,272.57,273.47,271.66,0.667,66.8,0.058,0,2026-09-08,2026-09-09,False,False,5.0,2026-09-09T19:34:40+05:30
LGEINDIA,1659.85,TOUCHED,-0.73,below,1647.8,1659.85,1663.97,1668.08,1659.85,0.495,67.8,0.012,0,2026-09-08,2026-09-09,False,False,5.0,2026-09-09T19:34:40+05:30
EXIDEIND,419.22,TOUCHED,-2.02,below,410.75,419.22,420.3,421.38,419.22,0.512,67.9,0.027,0,2026-09-08,2026-09-09,False,False,5.0,2026-09-09T19:34:40+05:30
BIOCON,394.37,TOUCHED,0.16,inside,395.0,394.37,394.37,395.4,393.33,0.524,68.2,0.03,0,2026-09-08,2026-09-09,False,False,5.0,2026-09-09T19:34:40+05:30
RAINBOW,1453.88,TOUCHED,-0.19,below,1451.1,1453.88,1457.87,1461.85,1453.88,0.546,68.2,0.041,0,2026-09-08,2026-09-09,False,False,5.0,2026-09-09T19:34:40+05:30
AXISBANK,1247.33,TOUCHED,-0.71,below,1238.5,1247.33,1249.77,1252.2,1247.33,0.389,68.5,0.024,0,2026-09-08,2026-09-09,False,False,5.0,2026-09-09T19:34:40+05:30
TRITURBINE,575.50,TOUCHED,-1.82,below,565.05,575.5,577.2,578.9,575.5,0.589,68.8,0.022,0,2026-09-08,2026-09-09,False,False,5.0,2026-09-09T19:34:40+05:30
BRIGADE,679.48,TOUCHED,-2.44,below,662.9,679.48,681.98,684.49,679.48,0.736,69.0,0.025,0,2026-09-08,2026-09-09,False,False,5.0,2026-09-09T19:34:40+05:30
CLEAN,833.10,TOUCHED,-0.89,below,825.7,833.1,835.95,838.8,833.1,0.682,69.0,0.029,0,2026-09-08,2026-09-09,False,False,5.0,2026-09-09T19:34:40+05:30
JSWSTEEL,1305.35,TOUCHED,0.36,above,1310.0,1305.35,1302.67,1305.35,1299.98,0.412,69.0,0.025,0,2026-09-08,2026-09-09,False,False,5.0,2026-09-09T19:34:40+05:30
BAJAJ-AUTO,11799.50,TOUCHED,-0.08,below,11790.0,11799.5,11826.33,11853.17,11799.5,0.454,69.3,0.028,0,2026-09-08,2026-09-09,False,False,5.0,2026-09-09T19:34:40+05:30
GABRIEL,1370.55,TOUCHED,-0.71,below,1360.8,1370.55,1376.9,1383.25,1370.55,0.922,69.6,0.039,0,2026-09-08,2026-09-09,False,False,5.0,2026-09-09T19:34:40+05:30
JINDALSAW,306.45,TOUCHED,1.71,above,311.7,306.45,305.3,306.45,304.15,0.753,69.6,0.038,0,2026-09-08,2026-09-09,False,False,5.0,2026-09-09T19:34:40+05:30
PIRAMALFIN,2290.08,TOUCHED,0.89,above,2310.5,2290.08,2281.67,2290.08,2273.25,0.738,69.7,0.048,0,2026-09-08,2026-09-09,False,False,5.0,2026-09-09T19:34:40+05:30
CAPLIPOINT,2779.65,TOUCHED,-2.03,below,2723.1,2779.65,2789.2,2798.75,2779.65,0.685,70.1,0.037,0,2026-09-08,2026-09-09,False,False,5.0,2026-09-09T19:34:40+05:30
INDIAMART,1688.85,TOUCHED,-1.0,below,1671.9,1688.85,1693.2,1697.55,1688.85,0.514,70.1,0.025,0,2026-09-08,2026-09-09,False,False,5.0,2026-09-09T19:34:40+05:30
CRISIL,4711.50,TOUCHED,-0.44,below,4690.6,4711.5,4725.83,4740.17,4711.5,0.607,70.4,0.049,0,2026-09-08,2026-09-09,False,False,5.0,2026-09-09T19:34:40+05:30
CUB,233.87,TOUCHED,-0.94,below,231.67,233.87,234.77,235.67,233.87,0.765,70.7,0.038,0,2026-09-08,2026-09-09,False,False,5.0,2026-09-09T19:34:40+05:30
ENRIN,3178.63,TOUCHED,0.16,inside,3183.7,3178.63,3178.63,3189.37,3167.9,0.675,70.7,0.027,0,2026-09-08,2026-09-09,False,False,5.0,2026-09-09T19:34:40+05:30
CONCOR,505.92,TOUCHED,0.81,above,510.0,505.92,504.62,505.92,503.31,0.519,71.0,0.037,0,2026-09-08,2026-09-09,False,False,5.0,2026-09-09T19:34:40+05:30
AADHARHFC,475.58,TOUCHED,-0.77,below,471.9,475.58,476.93,478.29,475.58,0.57,71.5,0.027,0,2026-09-08,2026-09-09,False,False,5.0,2026-09-09T19:34:40+05:30
CARBORUNIV,1099.63,TOUCHED,-0.5,below,1094.1,1099.63,1103.37,1107.1,1099.63,0.677,71.5,0.033,0,2026-09-08,2026-09-09,False,False,5.0,2026-09-09T19:34:40+05:30
PETRONET,286.53,TOUCHED,-0.22,below,285.9,286.53,287.27,288.0,286.53,0.511,71.8,0.026,0,2026-09-08,2026-09-09,False,False,5.0,2026-09-09T19:34:40+05:30
HAL,5002.27,TOUCHED,-0.04,inside,5000.5,5002.27,5002.27,5016.68,4987.85,0.576,72.1,0.038,0,2026-09-08,2026-09-09,False,False,5.0,2026-09-09T19:34:40+05:30
ONESOURCE,1586.87,TOUCHED,-3.58,below,1530.1,1586.87,1594.23,1601.6,1586.87,0.924,72.1,0.047,0,2026-09-08,2026-09-09,False,False,5.0,2026-09-09T19:34:40+05:30
HONAUT,35155.83,TOUCHED,-2.78,below,34180.0,35155.83,35251.67,35347.5,35155.83,0.544,73.7,0.028,0,2026-09-08,2026-09-09,False,False,5.0,2026-09-09T19:34:40+05:30
PARADEEP,160.61,TOUCHED,-1.67,below,157.92,160.61,161.42,162.24,160.61,1.012,74.0,0.04,0,2026-09-08,2026-09-09,False,False,5.0,2026-09-09T19:34:40+05:30
CPPLUS,3770.00,TOUCHED,-0.63,below,3746.1,3770.0,3789.6,3809.2,3770.0,1.034,74.1,0.035,0,2026-09-08,2026-09-09,False,False,5.0,2026-09-09T19:34:40+05:30
ADANIENSOL,1402.13,TOUCHED,1.51,above,1423.3,1402.13,1396.57,1402.13,1391.0,0.797,74.2,0.035,0,2026-09-08,2026-09-09,False,False,5.0,2026-09-09T19:34:40+05:30
ABBOTINDIA,25620.83,TOUCHED,-1.54,below,25225.0,25620.83,25686.67,25752.5,25620.83,0.513,74.8,0.034,0,2026-09-08,2026-09-09,False,False,5.0,2026-09-09T19:34:40+05:30
JUBLPHARMA,994.31,TOUCHED,2.48,above,1019.0,994.31,990.87,994.31,987.42,0.695,74.8,0.019,0,2026-09-08,2026-09-09,False,False,5.0,2026-09-09T19:34:40+05:30
NATCOPHARM,828.88,TOUCHED,-0.31,below,826.3,828.88,832.0,835.12,828.88,0.751,75.3,0.023,0,2026-09-08,2026-09-09,False,False,5.0,2026-09-09T19:34:40+05:30
SCHNEIDER,1210.85,TOUCHED,-1.41,below,1193.8,1210.85,1217.13,1223.42,1210.85,1.032,75.6,0.031,0,2026-09-08,2026-09-09,False,False,5.0,2026-09-09T19:34:40+05:30
AUBANK,1063.10,TOUCHED,-0.24,below,1060.5,1063.1,1066.63,1070.17,1063.1,0.663,75.9,0.018,0,2026-09-08,2026-09-09,False,False,5.0,2026-09-09T19:34:40+05:30
BAJAJHFL,83.39,TOUCHED,-0.56,below,82.92,83.39,83.6,83.8,83.39,0.494,75.9,0.025,0,2026-09-08,2026-09-09,False,False,5.0,2026-09-09T19:34:40+05:30
HEG,262.00,TOUCHED,0.29,above,262.75,262.0,260.87,262.0,259.73,0.869,75.9,0.045,0,2026-09-08,2026-09-09,False,False,5.0,2026-09-09T19:34:40+05:30
NUVOCO,341.07,TOUCHED,-1.85,below,334.75,341.07,342.28,343.5,341.07,0.711,75.9,0.039,0,2026-09-08,2026-09-09,False,False,5.0,2026-09-09T19:34:40+05:30
ZYDUSLIFE,1148.62,TOUCHED,-1.85,below,1127.4,1148.62,1151.73,1154.85,1148.62,0.541,75.9,0.024,0,2026-09-08,2026-09-09,False,False,5.0,2026-09-09T19:34:40+05:30
AUROPHARMA,1686.97,TOUCHED,0.71,above,1698.9,1686.97,1681.93,1686.97,1676.9,0.599,76.2,0.04,0,2026-09-08,2026-09-09,False,False,5.0,2026-09-09T19:34:40+05:30
SOLARINDS,22291.67,TOUCHED,0.28,inside,22355.0,22291.67,22291.67,22373.33,22210.0,0.733,77.0,0.057,0,2026-09-08,2026-09-09,False,False,5.0,2026-09-09T19:34:40+05:30
NSLNISP,45.19,TOUCHED,-0.33,below,45.04,45.19,45.36,45.53,45.19,0.75,77.3,0.04,0,2026-09-08,2026-09-09,False,False,5.0,2026-09-09T19:34:40+05:30
APOLLOTYRE,415.62,TOUCHED,1.59,above,422.25,415.62,414.25,415.62,412.88,0.664,77.8,0.041,0,2026-09-08,2026-09-09,False,False,5.0,2026-09-09T19:34:40+05:30
EMAMILTD,367.35,TOUCHED,0.48,above,369.1,367.35,366.12,367.35,364.88,0.674,78.4,0.026,0,2026-09-08,2026-09-09,False,False,5.0,2026-09-09T19:34:40+05:30
STARHEALTH,570.06,TOUCHED,0.33,above,571.95,570.06,568.02,570.06,565.98,0.719,78.6,0.024,0,2026-09-08,2026-09-09,False,False,5.0,2026-09-09T19:34:40+05:30
M&M,3149.88,TOUCHED,0.0,above,3150.0,3149.88,3139.77,3149.88,3129.65,0.644,79.2,0.027,0,2026-09-08,2026-09-09,False,False,5.0,2026-09-09T19:34:40+05:30
EIDPARRY,766.65,TOUCHED,-1.3,below,756.7,766.65,769.6,772.55,766.65,0.767,79.5,0.038,0,2026-09-08,2026-09-09,False,False,5.0,2026-09-09T19:34:40+05:30
AJANTPHARM,3540.15,TOUCHED,-0.16,below,3534.4,3540.15,3553.2,3566.25,3540.15,0.735,79.7,0.04,0,2026-09-08,2026-09-09,False,False,5.0,2026-09-09T19:34:40+05:30
GLAXO,2939.22,TOUCHED,-1.67,below,2890.2,2939.22,2950.23,2961.25,2939.22,0.747,79.7,0.016,0,2026-09-08,2026-09-09,False,False,5.0,2026-09-09T19:34:40+05:30
MINDACORP,703.12,TOUCHED,-0.33,inside,700.8,703.12,703.12,705.71,700.52,0.737,79.7,0.044,0,2026-09-08,2026-09-09,False,False,5.0,2026-09-09T19:34:40+05:30
SHREECEM,23221.67,TOUCHED,-1.17,below,22950.0,23221.67,23283.33,23345.0,23221.67,0.53,80.3,0.02,0,2026-09-08,2026-09-09,False,False,5.0,2026-09-09T19:34:40+05:30
SAIL,186.88,TOUCHED,-0.25,below,186.4,186.88,187.65,188.43,186.88,0.826,80.5,0.026,0,2026-09-08,2026-09-09,False,False,5.0,2026-09-09T19:34:40+05:30
HINDPETRO,349.65,TOUCHED,-0.21,inside,348.9,349.65,349.65,350.98,348.33,0.758,80.8,0.034,0,2026-09-08,2026-09-09,False,False,5.0,2026-09-09T19:34:40+05:30
POLICYBZR,1801.90,TOUCHED,-0.11,below,1800.0,1801.9,1809.93,1817.97,1801.9,0.888,80.8,0.037,0,2026-09-08,2026-09-09,False,False,5.0,2026-09-09T19:34:40+05:30
NYKAA,339.77,TOUCHED,0.95,above,343.0,339.77,338.55,339.77,337.32,0.724,81.1,0.029,0,2026-09-08,2026-09-09,False,False,5.0,2026-09-09T19:34:40+05:30
BHARATFORG,1987.23,TOUCHED,-0.38,inside,1979.6,1987.23,1987.23,1995.47,1979.0,0.829,84.4,0.032,0,2026-09-08,2026-09-09,False,False,5.0,2026-09-09T19:34:40+05:30
KAJARIACER,1239.50,TOUCHED,-0.02,inside,1239.2,1239.5,1239.5,1244.85,1234.15,0.863,84.4,0.029,0,2026-09-08,2026-09-09,False,False,5.0,2026-09-09T19:34:40+05:30
JAINREC,294.57,TOUCHED,0.43,above,295.85,294.57,292.6,294.57,290.62,1.35,86.3,0.065,0,2026-09-08,2026-09-09,False,False,5.0,2026-09-09T19:34:40+05:30
BPCL,305.18,TOUCHED,-0.53,below,303.55,305.18,306.5,307.82,305.18,0.865,86.6,0.021,0,2026-09-08,2026-09-09,False,False,5.0,2026-09-09T19:34:40+05:30
KALYANKJIL,606.20,TOUCHED,0.23,inside,607.6,606.2,606.2,609.4,603.0,1.056,86.8,0.039,0,2026-09-08,2026-09-09,False,False,5.0,2026-09-09T19:34:40+05:30
PIDILITIND,1579.00,TOUCHED,-0.44,below,1572.0,1579.0,1583.67,1588.33,1579.0,0.589,87.7,0.028,0,2026-09-08,2026-09-09,False,False,5.0,2026-09-09T19:34:40+05:30
NAUKRI,1275.10,TOUCHED,-0.64,below,1267.0,1275.1,1280.73,1286.37,1275.1,0.88,87.9,0.023,0,2026-09-08,2026-09-09,False,False,5.0,2026-09-09T19:34:40+05:30
CCL,1111.75,TOUCHED,-0.63,below,1104.7,1111.75,1118.03,1124.32,1111.75,1.124,88.5,0.022,0,2026-09-08,2026-09-09,False,False,5.0,2026-09-09T19:34:40+05:30
NEULANDLAB,23555.00,TOUCHED,-1.53,below,23195.0,23555.0,23701.67,23848.33,23555.0,1.238,88.5,0.035,0,2026-09-08,2026-09-09,False,False,5.0,2026-09-09T19:34:40+05:30
SONACOMS,796.03,TOUCHED,0.44,inside,799.5,796.03,796.03,800.02,792.05,1.001,88.8,0.031,0,2026-09-08,2026-09-09,False,False,5.0,2026-09-09T19:34:40+05:30
GILLETTE,7468.67,TOUCHED,0.15,inside,7479.5,7468.67,7468.67,7499.58,7437.75,0.828,89.6,0.029,0,2026-09-08,2026-09-09,False,False,5.0,2026-09-09T19:34:40+05:30
CANHLIFE,151.66,TOUCHED,-1.43,below,149.49,151.66,152.49,153.33,151.66,1.093,89.7,0.017,0,2026-09-08,2026-09-09,False,False,5.0,2026-09-09T19:34:40+05:30
KPIL,1411.87,TOUCHED,-0.24,inside,1408.5,1411.87,1411.87,1419.05,1404.68,1.018,89.9,0.043,0,2026-09-08,2026-09-09,False,False,5.0,2026-09-09T19:34:40+05:30
GRANULES,886.73,TOUCHED,-0.22,inside,884.8,886.73,886.73,891.04,882.42,0.972,90.4,0.038,0,2026-09-08,2026-09-09,False,False,5.0,2026-09-09T19:34:40+05:30
JKCEMENT,5017.33,TOUCHED,-0.53,below,4990.5,5017.33,5044.17,5071.0,5017.33,1.064,90.4,0.035,0,2026-09-08,2026-09-09,False,False,5.0,2026-09-09T19:34:40+05:30
KIRLOSENG,2224.45,TOUCHED,-0.2,below,2219.9,2224.45,2240.57,2256.68,2224.45,1.439,90.4,0.035,0,2026-09-08,2026-09-09,False,False,5.0,2026-09-09T19:34:40+05:30
FACT,795.79,TOUCHED,-1.18,below,786.4,795.79,800.38,804.98,795.79,1.147,90.7,0.056,0,2026-09-08,2026-09-09,False,False,5.0,2026-09-09T19:34:40+05:30
AARTIIND,498.32,TOUCHED,-0.42,inside,496.2,498.32,498.32,501.01,495.62,1.08,91.0,0.033,0,2026-09-08,2026-09-09,False,False,5.0,2026-09-09T19:34:40+05:30
BEML,2120.42,TOUCHED,-1.07,below,2097.8,2120.42,2135.23,2150.05,2120.42,1.388,91.0,0.028,0,2026-09-08,2026-09-09,False,False,5.0,2026-09-09T19:34:40+05:30
HBLENGINE,726.16,TOUCHED,0.54,above,730.1,726.16,721.07,726.16,715.97,1.412,92.9,0.033,0,2026-09-08,2026-09-09,False,False,5.0,2026-09-09T19:34:40+05:30
DATAPATTNS,4882.72,TOUCHED,0.01,above,4883.2,4882.72,4833.13,4882.72,4783.55,2.052,94.5,0.075,0,2026-09-08,2026-09-09,False,False,5.0,2026-09-09T19:34:40+05:30
UBL,1264.10,TOUCHED,0.21,inside,1266.7,1264.1,1264.1,1269.9,1258.3,0.918,94.5,0.028,0,2026-09-08,2026-09-09,False,False,5.0,2026-09-09T19:34:40+05:30
DIVISLAB,9472.00,TOUCHED,0.17,inside,9488.0,9472.0,9472.0,9523.5,9420.5,1.087,94.8,0.024,0,2026-09-08,2026-09-09,False,False,5.0,2026-09-09T19:34:40+05:30
ANTHEM,945.90,TOUCHED,-0.31,inside,942.95,945.9,945.9,951.85,939.95,1.258,95.1,0.041,0,2026-09-08,2026-09-09,False,False,5.0,2026-09-09T19:34:40+05:30
LICHSGFIN,557.13,TOUCHED,-0.38,inside,555.0,557.13,557.13,560.07,554.2,1.053,95.1,0.019,0,2026-09-08,2026-09-09,False,False,5.0,2026-09-09T19:34:40+05:30
MARICO,816.90,TOUCHED,-0.37,inside,813.9,816.9,816.9,820.4,813.4,0.857,95.6,0.019,0,2026-09-08,2026-09-09,False,False,5.0,2026-09-09T19:34:40+05:30
SPLPETRO,814.22,TOUCHED,-0.08,inside,813.55,814.22,814.22,821.31,807.12,1.742,96.2,0.039,0,2026-09-08,2026-09-09,False,False,5.0,2026-09-09T19:34:40+05:30
BANDHANBNK,170.34,TOUCHED,0.8,above,171.7,170.34,169.09,170.34,167.85,1.471,96.7,0.027,0,2026-09-08,2026-09-09,False,False,5.0,2026-09-09T19:34:40+05:30
