symbol,status,type,distance_pct,trend,ltp,virgin_level,pivot,tc,bc,width_pct,width_percentile,narrow_threshold_pct,days_virgin,source_date,session_date,is_virgin,is_narrow,narrow_percentile_used,scanned_at
BLUEJET,596.23,V+N,2.28,above,609.8,596.23,596.2,596.23,596.18,0.008,1.9,0.042,1,2026-08-21,2026-08-24,True,True,5.0,2026-08-24T10:59:14+05:30
GABRIEL,1420.55,V+N,-1.8,below,1395.0,1420.55,1420.57,1420.58,1420.55,0.002,2.2,0.033,1,2026-08-21,2026-08-24,True,True,5.0,2026-08-24T10:59:14+05:30
LUPIN,2201.98,V+N,-0.34,below,2194.5,2201.98,2202.17,2202.35,2201.98,0.017,3.0,0.027,1,2026-08-21,2026-08-24,True,True,5.0,2026-08-24T10:59:14+05:30
IOC,135.93,V+N,0.42,above,136.5,135.93,135.92,135.93,135.91,0.012,3.8,0.021,1,2026-08-21,2026-08-24,True,True,5.0,2026-08-24T10:59:14+05:30
LTF,317.12,V+N,1.46,above,321.75,317.12,317.08,317.12,317.05,0.021,3.8,0.028,1,2026-08-21,2026-08-24,True,True,5.0,2026-08-24T10:59:14+05:30
JKTYRE,374.85,V+N,1.69,above,381.2,374.85,374.8,374.85,374.75,0.027,4.4,0.034,1,2026-08-21,2026-08-24,True,True,5.0,2026-08-24T10:59:14+05:30
GESHIP,1311.08,V+N,0.99,above,1324.0,1311.08,1310.87,1311.08,1310.65,0.033,4.7,0.034,1,2026-08-21,2026-08-24,True,True,5.0,2026-08-24T10:59:14+05:30
HDFCLIFE,551.87,V+W,0.49,above,554.55,551.87,548.93,551.87,546.0,1.069,97.3,0.02,1,2026-08-21,2026-08-24,True,False,5.0,2026-08-24T10:59:14+05:30
THELEELA,557.21,V+W,1.32,above,564.55,557.21,552.72,557.21,548.23,1.625,98.0,0.03,1,2026-08-21,2026-08-24,True,False,5.0,2026-08-24T10:59:14+05:30
NCC,148.28,V+W,0.71,above,149.33,148.28,146.99,148.28,145.71,1.746,98.9,0.027,1,2026-08-21,2026-08-24,True,False,5.0,2026-08-24T10:59:14+05:30
COCHINSHIP,1480.05,V,0.92,above,1493.6,1480.05,1479.6,1480.05,1479.15,0.061,6.3,0.043,1,2026-08-21,2026-08-24,True,False,5.0,2026-08-24T10:59:14+05:30
LTTS,3603.73,V,0.73,above,3630.0,3603.73,3602.87,3603.73,3602.0,0.048,6.3,0.042,1,2026-08-21,2026-08-24,True,False,5.0,2026-08-24T10:59:14+05:30
JINDALSTEL,1127.52,V,1.21,above,1141.2,1127.52,1127.23,1127.52,1126.95,0.05,7.9,0.034,1,2026-08-21,2026-08-24,True,False,5.0,2026-08-24T10:59:14+05:30
NH,1815.27,V,2.66,above,1863.5,1815.27,1814.73,1815.27,1814.2,0.059,8.5,0.034,1,2026-08-21,2026-08-24,True,False,5.0,2026-08-24T10:59:14+05:30
MUTHOOTFIN,3025.05,V,4.87,above,3172.5,3025.05,3024.03,3025.05,3023.02,0.067,9.3,0.04,1,2026-08-21,2026-08-24,True,False,5.0,2026-08-24T10:59:14+05:30
ITCHOTELS,165.18,V,0.71,above,166.34,165.18,165.11,165.18,165.04,0.079,9.9,0.038,1,2026-08-21,2026-08-24,True,False,5.0,2026-08-24T10:59:14+05:30
ADANIENT,2996.08,V,0.59,above,3013.8,2996.08,2995.17,2996.08,2994.25,0.061,10.7,0.026,1,2026-08-21,2026-08-24,True,False,5.0,2026-08-24T10:59:14+05:30
CRAFTSMAN,10639.33,V,0.64,above,10707.0,10639.33,10634.17,10639.33,10629.0,0.097,11.8,0.053,1,2026-08-21,2026-08-24,True,False,5.0,2026-08-24T10:59:14+05:30
JSWCEMENT,125.98,V,1.33,above,127.65,125.98,125.92,125.98,125.85,0.098,12.5,0.036,1,2026-08-21,2026-08-24,True,False,5.0,2026-08-24T10:59:14+05:30
TEJASNET,510.09,V,1.35,above,517.0,510.09,509.73,510.09,509.38,0.141,12.9,0.046,1,2026-08-21,2026-08-24,True,False,5.0,2026-08-24T10:59:14+05:30
NSLNISP,39.86,V,1.17,above,40.33,39.86,39.84,39.86,39.82,0.126,13.2,0.033,1,2026-08-21,2026-08-24,True,False,5.0,2026-08-24T10:59:14+05:30
EIDPARRY,798.38,V,5.12,above,839.25,798.38,798.02,798.38,797.66,0.09,13.4,0.032,1,2026-08-21,2026-08-24,True,False,5.0,2026-08-24T10:59:14+05:30
TTML,37.84,V,0.08,above,37.87,37.84,37.82,37.84,37.8,0.106,13.4,0.041,1,2026-08-21,2026-08-24,True,False,5.0,2026-08-24T10:59:14+05:30
SYRMA,1437.88,V,1.13,above,1454.2,1437.88,1436.47,1437.88,1435.05,0.197,17.3,0.045,1,2026-08-21,2026-08-24,True,False,5.0,2026-08-24T10:59:14+05:30
3MINDIA,33622.5,V,0.39,above,33755.0,33622.5,33605.0,33622.5,33587.5,0.104,18.4,0.027,1,2026-08-21,2026-08-24,True,False,5.0,2026-08-24T10:59:14+05:30
HINDALCO,1033.51,V,2.3,above,1057.25,1033.51,1033.02,1033.51,1032.52,0.095,19.5,0.011,1,2026-08-21,2026-08-24,True,False,5.0,2026-08-24T10:59:14+05:30
IDBI,82.17,V,0.95,above,82.95,82.17,82.1,82.17,82.03,0.166,19.5,0.037,1,2026-08-21,2026-08-24,True,False,5.0,2026-08-24T10:59:14+05:30
JSWENERGY,546.1,V,0.65,above,549.65,546.1,545.72,546.1,545.33,0.14,20.5,0.021,1,2026-08-21,2026-08-24,True,False,5.0,2026-08-24T10:59:14+05:30
REDINGTON,350.07,V,4.69,above,366.5,350.07,349.6,350.07,349.12,0.272,23.3,0.038,1,2026-08-21,2026-08-24,True,False,5.0,2026-08-24T10:59:14+05:30
RHIM,374.86,V,1.56,above,380.7,374.86,374.47,374.86,374.07,0.209,23.6,0.029,1,2026-08-21,2026-08-24,True,False,5.0,2026-08-24T10:59:14+05:30
APLAPOLLO,2144.25,V,0.38,above,2152.4,2144.25,2142.5,2144.25,2140.75,0.163,26.3,0.017,1,2026-08-21,2026-08-24,True,False,5.0,2026-08-24T10:59:14+05:30
RAILTEL,287.61,V,-1.71,below,282.7,287.61,287.97,288.32,287.61,0.249,26.6,0.041,1,2026-08-21,2026-08-24,True,False,5.0,2026-08-24T10:59:14+05:30
INDUSINDBK,1004.53,V,0.82,above,1012.8,1004.53,1003.47,1004.53,1002.4,0.213,27.1,0.031,1,2026-08-21,2026-08-24,True,False,5.0,2026-08-24T10:59:14+05:30
BAJFINANCE,1096.02,V,-0.46,below,1091.0,1096.02,1097.03,1098.05,1096.02,0.185,30.4,0.027,1,2026-08-21,2026-08-24,True,False,5.0,2026-08-24T10:59:14+05:30
SJVN,65.93,V,0.18,above,66.05,65.93,65.86,65.93,65.78,0.227,32.1,0.027,1,2026-08-21,2026-08-24,True,False,5.0,2026-08-24T10:59:14+05:30
ATHERENERG,1458.77,V,1.28,above,1477.4,1458.77,1455.53,1458.77,1452.3,0.444,37.6,0.063,1,2026-08-21,2026-08-24,True,False,5.0,2026-08-24T10:59:14+05:30
JSWSTEEL,1292.35,V,1.61,above,1313.1,1292.35,1291.0,1292.35,1289.65,0.209,38.1,0.024,1,2026-08-21,2026-08-24,True,False,5.0,2026-08-24T10:59:14+05:30
AIIL,551.1,V,1.12,above,557.25,551.1,549.95,551.1,548.8,0.418,38.4,0.055,1,2026-08-21,2026-08-24,True,False,5.0,2026-08-24T10:59:14+05:30
COALINDIA,404.73,V,0.54,above,406.9,404.73,404.27,404.73,403.8,0.231,39.7,0.023,1,2026-08-21,2026-08-24,True,False,5.0,2026-08-24T10:59:14+05:30
TATACONSUM,1050.45,V,-0.44,below,1045.8,1050.45,1051.9,1053.35,1050.45,0.276,40.5,0.027,1,2026-08-21,2026-08-24,True,False,5.0,2026-08-24T10:59:14+05:30
FIVESTAR,522.05,V,-2.21,below,510.5,522.05,523.15,524.25,522.05,0.421,41.1,0.041,1,2026-08-21,2026-08-24,True,False,5.0,2026-08-24T10:59:14+05:30
PIDILITIND,1650.75,V,-0.63,below,1640.4,1650.75,1652.5,1654.25,1650.75,0.212,41.4,0.026,1,2026-08-21,2026-08-24,True,False,5.0,2026-08-24T10:59:14+05:30
GODREJCP,934.3,V,-0.45,below,930.1,934.3,935.6,936.9,934.3,0.278,41.9,0.023,1,2026-08-21,2026-08-24,True,False,5.0,2026-08-24T10:59:14+05:30
EIHOTEL,302.27,V,0.29,above,303.15,302.27,301.8,302.27,301.32,0.315,44.4,0.03,1,2026-08-21,2026-08-24,True,False,5.0,2026-08-24T10:59:14+05:30
PFOCUS,295.84,V,2.88,above,304.35,295.84,294.73,295.84,293.62,0.752,44.4,0.053,1,2026-08-21,2026-08-24,True,False,5.0,2026-08-24T10:59:14+05:30
KALYANKJIL,602.27,V,0.54,above,605.5,602.27,600.98,602.27,599.7,0.427,44.7,0.039,1,2026-08-21,2026-08-24,True,False,5.0,2026-08-24T10:59:14+05:30
CREDITACC,1499.42,V,-2.14,below,1467.4,1499.42,1502.73,1506.05,1499.42,0.441,45.8,0.035,1,2026-08-21,2026-08-24,True,False,5.0,2026-08-24T10:59:14+05:30
NTPCGREEN,91.9,V,0.51,above,92.36,91.9,91.74,91.9,91.59,0.338,47.7,0.015,1,2026-08-21,2026-08-24,True,False,5.0,2026-08-24T10:59:14+05:30
HFCL,227.31,V,4.92,above,238.5,227.31,226.61,227.31,225.92,0.616,49.3,0.028,1,2026-08-21,2026-08-24,True,False,5.0,2026-08-24T10:59:14+05:30
MARICO,850.55,V,-0.42,below,846.95,850.55,851.85,853.15,850.55,0.305,50.7,0.018,1,2026-08-21,2026-08-24,True,False,5.0,2026-08-24T10:59:14+05:30
RAMCOCEM,904.25,V,0.15,above,905.65,904.25,902.52,904.25,900.78,0.384,51.5,0.045,1,2026-08-21,2026-08-24,True,False,5.0,2026-08-24T10:59:14+05:30
HOMEFIRST,1196.8,V,-0.68,below,1188.7,1196.8,1199.9,1203.0,1196.8,0.517,52.3,0.042,1,2026-08-21,2026-08-24,True,False,5.0,2026-08-24T10:59:14+05:30
CROMPTON,252.48,V,-1.71,below,248.15,252.48,252.95,253.43,252.48,0.376,52.6,0.025,1,2026-08-21,2026-08-24,True,False,5.0,2026-08-24T10:59:14+05:30
HAL,5010.67,V,-1.6,below,4930.5,5010.67,5021.33,5032.0,5010.67,0.425,53.4,0.035,1,2026-08-21,2026-08-24,True,False,5.0,2026-08-24T10:59:14+05:30
RADICO,4649.7,V,-1.26,below,4590.9,4649.7,4659.6,4669.5,4649.7,0.425,54.2,0.021,1,2026-08-21,2026-08-24,True,False,5.0,2026-08-24T10:59:14+05:30
TATAELXSI,3700.43,V,0.53,above,3720.0,3700.43,3692.87,3700.43,3685.3,0.41,55.1,0.034,1,2026-08-21,2026-08-24,True,False,5.0,2026-08-24T10:59:14+05:30
VMM,104.16,V,8.67,above,113.2,104.16,103.92,104.16,103.67,0.472,55.9,0.026,1,2026-08-21,2026-08-24,True,False,5.0,2026-08-24T10:59:14+05:30
MANAPPURAM,356.64,V,2.57,above,365.8,356.64,355.78,356.64,354.93,0.483,58.1,0.027,1,2026-08-21,2026-08-24,True,False,5.0,2026-08-24T10:59:14+05:30
CGCL,223.44,V,1.06,above,225.81,223.44,222.85,223.44,222.26,0.528,58.4,0.049,1,2026-08-21,2026-08-24,True,False,5.0,2026-08-24T10:59:14+05:30
NATIONALUM,392.32,V,2.4,above,401.75,392.32,391.19,392.32,390.06,0.578,58.6,0.04,1,2026-08-21,2026-08-24,True,False,5.0,2026-08-24T10:59:14+05:30
NUVAMA,1738.28,V,0.76,above,1751.5,1738.28,1732.97,1738.28,1727.65,0.614,60.5,0.025,1,2026-08-21,2026-08-24,True,False,5.0,2026-08-24T10:59:14+05:30
MPHASIS,2423.85,V,0.55,above,2437.1,2423.85,2417.7,2423.85,2411.55,0.509,60.8,0.024,1,2026-08-21,2026-08-24,True,False,5.0,2026-08-24T10:59:14+05:30
TARIL,297.43,V,3.22,above,307.0,297.43,296.22,297.43,295.0,0.821,63.8,0.054,1,2026-08-21,2026-08-24,True,False,5.0,2026-08-24T10:59:14+05:30
CANFINHOME,832.86,V,-1.69,below,818.8,832.86,835.27,837.67,832.86,0.577,67.4,0.02,1,2026-08-21,2026-08-24,True,False,5.0,2026-08-24T10:59:14+05:30
MMTC,65.6,V,-1.24,below,64.79,65.6,65.83,66.05,65.6,0.679,69.0,0.051,1,2026-08-21,2026-08-24,True,False,5.0,2026-08-24T10:59:14+05:30
RRKABEL,2909.77,V,1.26,above,2946.5,2909.77,2900.23,2909.77,2890.7,0.657,69.0,0.045,1,2026-08-21,2026-08-24,True,False,5.0,2026-08-24T10:59:14+05:30
ICICIPRULI,513.61,V,0.39,above,515.6,513.61,512.22,513.61,510.82,0.543,70.4,0.023,1,2026-08-21,2026-08-24,True,False,5.0,2026-08-24T10:59:14+05:30
KEC,434.14,V,0.97,above,438.35,434.14,432.33,434.14,430.52,0.837,77.0,0.023,1,2026-08-21,2026-08-24,True,False,5.0,2026-08-24T10:59:14+05:30
COHANCE,465.01,V,-2.32,below,454.2,465.01,467.02,469.02,465.01,0.86,77.3,0.022,1,2026-08-21,2026-08-24,True,False,5.0,2026-08-24T10:59:14+05:30
APOLLOTYRE,438.24,V,2.2,above,447.9,438.24,436.78,438.24,435.32,0.668,77.8,0.038,1,2026-08-21,2026-08-24,True,False,5.0,2026-08-24T10:59:14+05:30
CDSL,1383.88,V,1.33,above,1402.3,1383.88,1378.87,1383.88,1373.85,0.728,77.8,0.036,1,2026-08-21,2026-08-24,True,False,5.0,2026-08-24T10:59:14+05:30
BDL,1352.95,V,0.45,above,1359.0,1352.95,1346.9,1352.95,1340.85,0.898,78.4,0.049,1,2026-08-21,2026-08-24,True,False,5.0,2026-08-24T10:59:14+05:30
BRIGADE,636.47,V,1.45,above,645.7,636.47,633.65,636.47,630.83,0.892,79.7,0.024,1,2026-08-21,2026-08-24,True,False,5.0,2026-08-24T10:59:14+05:30
ENGINERSIN,243.72,V,2.1,above,248.84,243.72,242.53,243.72,241.35,0.98,79.7,0.038,1,2026-08-21,2026-08-24,True,False,5.0,2026-08-24T10:59:14+05:30
SBICARD,646.9,V,0.33,above,649.05,646.9,644.8,646.9,642.7,0.651,80.3,0.029,1,2026-08-21,2026-08-24,True,False,5.0,2026-08-24T10:59:14+05:30
GODIGIT,261.85,V,0.9,above,264.2,261.85,260.8,261.85,259.75,0.805,85.2,0.028,1,2026-08-21,2026-08-24,True,False,5.0,2026-08-24T10:59:14+05:30
KEI,5557.83,V,-1.05,below,5499.4,5557.83,5588.07,5618.3,5557.83,1.082,91.5,0.026,1,2026-08-21,2026-08-24,True,False,5.0,2026-08-24T10:59:14+05:30
IIFL,675.23,V,2.63,above,693.0,675.23,670.67,675.23,666.1,1.362,92.3,0.026,1,2026-08-21,2026-08-24,True,False,5.0,2026-08-24T10:59:14+05:30
TORNTPHARM,4916.58,V,-0.29,below,4902.5,4916.58,4936.67,4956.75,4916.58,0.814,93.2,0.023,1,2026-08-21,2026-08-24,True,False,5.0,2026-08-24T10:59:14+05:30
JINDALSAW,289.37,V,1.2,above,292.85,289.37,287.08,289.37,284.8,1.591,93.4,0.038,1,2026-08-21,2026-08-24,True,False,5.0,2026-08-24T10:59:14+05:30
PTCIL,20467.67,V,1.43,above,20761.0,20467.67,20306.33,20467.67,20145.0,1.589,94.8,0.025,1,2026-08-21,2026-08-24,True,False,5.0,2026-08-24T10:59:14+05:30
BRITANNIA,5389.17,V,-1.13,below,5328.5,5389.17,5413.33,5437.5,5389.17,0.893,95.1,0.021,1,2026-08-21,2026-08-24,True,False,5.0,2026-08-24T10:59:14+05:30
PAGEIND,35480.0,NARROW,0.37,above,35610.0,35480.0,35480.0,35480.0,35480.0,0.0,0.0,0.027,0,2026-08-21,2026-08-24,False,True,5.0,2026-08-24T10:59:14+05:30
ASHOKLEY,173.0,NARROW,-0.14,below,172.76,173.0,173.0,173.0,173.0,0.002,1.4,0.024,0,2026-08-21,2026-08-24,False,True,5.0,2026-08-24T10:59:14+05:30
SIEMENS,3919.98,NARROW,4.08,above,4080.0,3919.98,3919.97,3919.98,3919.95,0.001,1.4,0.018,0,2026-08-21,2026-08-24,False,True,5.0,2026-08-24T10:59:14+05:30
AFFLE,1718.5,NARROW,-0.61,below,1708.0,1718.5,1718.57,1718.63,1718.5,0.008,1.6,0.028,0,2026-08-21,2026-08-24,False,True,5.0,2026-08-24T10:59:14+05:30
HDFCAMC,2609.98,NARROW,0.25,above,2616.4,2609.98,2609.97,2609.98,2609.95,0.001,1.6,0.023,0,2026-08-21,2026-08-24,False,True,5.0,2026-08-24T10:59:14+05:30
PIIND,2496.75,NARROW,-0.46,below,2485.3,2496.75,2496.77,2496.78,2496.75,0.001,1.6,0.018,0,2026-08-21,2026-08-24,False,True,5.0,2026-08-24T10:59:14+05:30
NUVOCO,322.07,NARROW,-0.21,below,321.4,322.07,322.08,322.1,322.07,0.01,1.9,0.039,0,2026-08-21,2026-08-24,False,True,5.0,2026-08-24T10:59:14+05:30
PIRAMALFIN,2180.75,NARROW,-1.41,below,2150.0,2180.75,2180.77,2180.78,2180.75,0.002,2.0,0.043,0,2026-08-21,2026-08-24,False,True,5.0,2026-08-24T10:59:14+05:30
ATUL,6509.75,NARROW,0.23,above,6524.5,6509.75,6509.67,6509.75,6509.58,0.003,2.5,0.013,0,2026-08-21,2026-08-24,False,True,5.0,2026-08-24T10:59:14+05:30
CAMS,753.25,NARROW,0.44,above,756.55,753.25,753.17,753.25,753.08,0.022,2.5,0.04,0,2026-08-21,2026-08-24,False,True,5.0,2026-08-24T10:59:14+05:30
APOLLOHOSP,8692.0,NARROW,-0.2,below,8674.5,8692.0,8692.33,8692.67,8692.0,0.008,3.3,0.014,0,2026-08-21,2026-08-24,False,True,5.0,2026-08-24T10:59:14+05:30
INDHOTEL,729.9,NARROW,-0.05,below,729.55,729.9,729.93,729.97,729.9,0.009,3.3,0.019,0,2026-08-21,2026-08-24,False,True,5.0,2026-08-24T10:59:14+05:30
BHEL,412.96,NARROW,0.08,above,413.3,412.96,412.92,412.96,412.88,0.02,3.6,0.045,0,2026-08-21,2026-08-24,False,True,5.0,2026-08-24T10:59:14+05:30
PHOENIXLTD,1929.3,NARROW,0.0,inside,1929.3,1929.3,1929.3,1929.65,1928.95,0.036,3.6,0.045,0,2026-08-21,2026-08-24,False,True,5.0,2026-08-24T10:59:14+05:30
CHENNPETRO,1394.0,NARROW,1.46,above,1414.3,1394.0,1393.83,1394.0,1393.67,0.024,4.1,0.026,0,2026-08-21,2026-08-24,False,True,5.0,2026-08-24T10:59:14+05:30
ENRIN,3436.75,NARROW,2.16,above,3510.9,3436.75,3436.37,3436.75,3435.98,0.022,4.1,0.025,0,2026-08-21,2026-08-24,False,True,5.0,2026-08-24T10:59:14+05:30
SUPREMEIND,3641.47,NARROW,0.13,above,3646.3,3641.47,3640.93,3641.47,3640.4,0.029,4.1,0.037,0,2026-08-21,2026-08-24,False,True,5.0,2026-08-24T10:59:14+05:30
ULTRACEMCO,11571.0,NARROW,-0.14,below,11555.0,11571.0,11572.0,11573.0,11571.0,0.017,4.1,0.02,0,2026-08-21,2026-08-24,False,True,5.0,2026-08-24T10:59:14+05:30
ETERNAL,327.97,NARROW,0.06,above,328.15,327.97,327.93,327.97,327.9,0.02,4.4,0.024,0,2026-08-21,2026-08-24,False,True,5.0,2026-08-24T10:59:14+05:30
NIACL,184.21,NARROW,0.18,above,184.54,184.21,184.18,184.21,184.16,0.027,4.7,0.029,0,2026-08-21,2026-08-24,False,True,5.0,2026-08-24T10:59:14+05:30
NTPC,339.98,NARROW,0.38,above,341.25,339.98,339.95,339.98,339.93,0.015,4.7,0.015,0,2026-08-21,2026-08-24,False,True,5.0,2026-08-24T10:59:14+05:30
WELCORP,2288.25,WIDE,3.22,above,2362.0,2288.25,2264.6,2288.25,2240.95,2.089,98.1,0.053,0,2026-08-21,2026-08-24,False,False,5.0,2026-08-24T10:59:14+05:30
HSCL,671.8,WIDE,1.15,inside,679.55,671.8,671.8,680.5,663.1,2.59,99.5,0.039,0,2026-08-21,2026-08-24,False,False,5.0,2026-08-24T10:59:14+05:30
PFIZER,4978.8,TOUCHED,-0.94,below,4932.2,4978.8,4979.4,4980.0,4978.8,0.024,5.2,0.023,0,2026-08-21,2026-08-24,False,False,5.0,2026-08-24T10:59:14+05:30
KPRMILL,1151.93,TOUCHED,-1.96,below,1129.3,1151.93,1152.27,1152.6,1151.93,0.058,6.0,0.052,0,2026-08-21,2026-08-24,False,False,5.0,2026-08-24T10:59:14+05:30
HONAUT,36720.0,TOUCHED,0.76,above,37000.0,36720.0,36713.33,36720.0,36706.67,0.036,6.6,0.026,0,2026-08-21,2026-08-24,False,False,5.0,2026-08-24T10:59:14+05:30
BANKINDIA,142.83,TOUCHED,-0.72,below,141.8,142.83,142.87,142.91,142.83,0.058,6.8,0.03,0,2026-08-21,2026-08-24,False,False,5.0,2026-08-24T10:59:14+05:30
PNB,116.47,TOUCHED,-0.59,below,115.78,116.47,116.49,116.52,116.47,0.049,6.8,0.035,0,2026-08-21,2026-08-24,False,False,5.0,2026-08-24T10:59:14+05:30
CEMPRO,1276.88,TOUCHED,-0.92,below,1265.1,1276.88,1277.37,1277.85,1276.88,0.076,7.1,0.055,0,2026-08-21,2026-08-24,False,False,5.0,2026-08-24T10:59:14+05:30
ACMESOLAR,402.1,TOUCHED,0.06,above,402.35,402.1,401.93,402.1,401.77,0.083,7.4,0.05,0,2026-08-21,2026-08-24,False,False,5.0,2026-08-24T10:59:14+05:30
PFC,363.09,TOUCHED,-0.04,below,362.95,363.09,363.18,363.28,363.09,0.05,7.4,0.032,0,2026-08-21,2026-08-24,False,False,5.0,2026-08-24T10:59:14+05:30
ALKEM,5397.0,TOUCHED,-0.63,below,5363.0,5397.0,5398.0,5399.0,5397.0,0.037,7.7,0.024,0,2026-08-21,2026-08-24,False,False,5.0,2026-08-24T10:59:14+05:30
BAYERCROP,4072.35,TOUCHED,-0.11,below,4068.0,4072.35,4073.2,4074.05,4072.35,0.042,7.7,0.032,0,2026-08-21,2026-08-24,False,False,5.0,2026-08-24T10:59:14+05:30
BLUEDART,5080.5,TOUCHED,-0.14,below,5073.5,5080.5,5081.33,5082.17,5080.5,0.033,7.7,0.017,0,2026-08-21,2026-08-24,False,False,5.0,2026-08-24T10:59:14+05:30
TORNTPOWER,1248.03,TOUCHED,-0.45,below,1242.4,1248.03,1248.37,1248.7,1248.03,0.053,7.7,0.031,0,2026-08-21,2026-08-24,False,False,5.0,2026-08-24T10:59:14+05:30
ZENSARTECH,483.95,TOUCHED,0.21,above,484.95,483.95,483.82,483.95,483.68,0.055,7.7,0.035,0,2026-08-21,2026-08-24,False,False,5.0,2026-08-24T10:59:14+05:30
APARINDS,16835.0,TOUCHED,-0.01,below,16833.0,16835.0,16842.0,16849.0,16835.0,0.083,7.9,0.054,0,2026-08-21,2026-08-24,False,False,5.0,2026-08-24T10:59:14+05:30
TATAINVEST,648.43,TOUCHED,0.08,above,648.95,648.43,648.27,648.43,648.11,0.049,8.2,0.023,0,2026-08-21,2026-08-24,False,False,5.0,2026-08-24T10:59:14+05:30
WIPRO,180.88,TOUCHED,0.29,above,181.4,180.88,180.85,180.88,180.82,0.033,8.2,0.013,0,2026-08-21,2026-08-24,False,False,5.0,2026-08-24T10:59:14+05:30
MANKIND,2384.8,TOUCHED,-0.17,below,2380.8,2384.8,2385.6,2386.4,2384.8,0.067,8.8,0.038,0,2026-08-21,2026-08-24,False,False,5.0,2026-08-24T10:59:14+05:30
ADANIENSOL,1543.4,TOUCHED,0.89,above,1557.2,1543.4,1542.9,1543.4,1542.4,0.065,9.0,0.031,0,2026-08-21,2026-08-24,False,False,5.0,2026-08-24T10:59:14+05:30
SOLARINDS,19872.0,TOUCHED,-0.44,below,19785.0,19872.0,19881.33,19890.67,19872.0,0.094,9.0,0.057,0,2026-08-21,2026-08-24,False,False,5.0,2026-08-24T10:59:14+05:30
DEEPAKFERT,1451.0,TOUCHED,1.57,above,1473.8,1451.0,1450.4,1451.0,1449.8,0.083,9.3,0.046,0,2026-08-21,2026-08-24,False,False,5.0,2026-08-24T10:59:14+05:30
NAVA,559.5,TOUCHED,3.02,above,576.4,559.5,559.32,559.5,559.13,0.066,9.3,0.038,0,2026-08-21,2026-08-24,False,False,5.0,2026-08-24T10:59:14+05:30
AMBUJACEM,414.07,TOUCHED,-0.67,below,411.3,414.07,414.22,414.36,414.07,0.068,9.6,0.035,0,2026-08-21,2026-08-24,False,False,5.0,2026-08-24T10:59:14+05:30
CONCORDBIO,1569.5,TOUCHED,-1.36,below,1548.1,1569.5,1570.1,1570.7,1569.5,0.076,9.6,0.022,0,2026-08-21,2026-08-24,False,False,5.0,2026-08-24T10:59:14+05:30
JUBLFOOD,506.61,TOUCHED,0.61,above,509.7,506.61,506.47,506.61,506.33,0.056,10.1,0.018,0,2026-08-21,2026-08-24,False,False,5.0,2026-08-24T10:59:14+05:30
INDIGO,5114.0,TOUCHED,0.13,above,5120.5,5114.0,5112.67,5114.0,5111.33,0.052,10.4,0.025,0,2026-08-21,2026-08-24,False,False,5.0,2026-08-24T10:59:14+05:30
ITI,279.62,TOUCHED,0.49,above,281.0,279.62,279.5,279.62,279.38,0.089,10.7,0.035,0,2026-08-21,2026-08-24,False,False,5.0,2026-08-24T10:59:14+05:30
ONESOURCE,1535.77,TOUCHED,-0.34,below,1530.5,1535.77,1536.53,1537.3,1535.77,0.1,10.7,0.052,0,2026-08-21,2026-08-24,False,False,5.0,2026-08-24T10:59:14+05:30
ESCORTS,3085.22,TOUCHED,0.45,above,3099.0,3085.22,3083.83,3085.22,3082.45,0.09,11.0,0.041,0,2026-08-21,2026-08-24,False,False,5.0,2026-08-24T10:59:14+05:30
IKS,1788.2,TOUCHED,0.07,above,1789.4,1788.2,1787.53,1788.2,1786.87,0.075,11.0,0.02,0,2026-08-21,2026-08-24,False,False,5.0,2026-08-24T10:59:14+05:30
PERSISTENT,5665.67,TOUCHED,0.76,above,5709.0,5665.67,5663.83,5665.67,5662.0,0.065,11.0,0.018,0,2026-08-21,2026-08-24,False,False,5.0,2026-08-24T10:59:14+05:30
IRB,18.96,TOUCHED,-0.19,below,18.92,18.96,18.96,18.97,18.96,0.07,11.5,0.038,0,2026-08-21,2026-08-24,False,False,5.0,2026-08-24T10:59:14+05:30
KARURVYSYA,335.34,TOUCHED,0.11,above,335.7,335.34,335.18,335.34,335.02,0.094,11.5,0.038,0,2026-08-21,2026-08-24,False,False,5.0,2026-08-24T10:59:14+05:30
BPCL,310.7,TOUCHED,-0.02,below,310.65,310.7,310.8,310.9,310.7,0.064,11.8,0.021,0,2026-08-21,2026-08-24,False,False,5.0,2026-08-24T10:59:14+05:30
NBCC,89.02,TOUCHED,0.22,above,89.22,89.02,88.98,89.02,88.93,0.109,12.3,0.044,0,2026-08-21,2026-08-24,False,False,5.0,2026-08-24T10:59:14+05:30
BLUESTARCO,1512.82,TOUCHED,-0.31,below,1508.1,1512.82,1513.73,1514.65,1512.82,0.121,12.6,0.05,0,2026-08-21,2026-08-24,False,False,5.0,2026-08-24T10:59:14+05:30
DELHIVERY,450.89,TOUCHED,-0.56,below,448.35,450.89,451.08,451.28,450.89,0.085,12.6,0.019,0,2026-08-21,2026-08-24,False,False,5.0,2026-08-24T10:59:14+05:30
OLAELEC,37.83,TOUCHED,0.0,above,37.83,37.83,37.8,37.83,37.76,0.176,12.9,0.066,0,2026-08-21,2026-08-24,False,False,5.0,2026-08-24T10:59:14+05:30
GVT&D,4125.18,TOUCHED,2.36,above,4222.7,4125.18,4123.17,4125.18,4121.15,0.098,13.2,0.022,0,2026-08-21,2026-08-24,False,False,5.0,2026-08-24T10:59:14+05:30
INDIACEM,371.06,TOUCHED,-0.29,below,370.0,371.06,371.22,371.38,371.06,0.085,13.2,0.031,0,2026-08-21,2026-08-24,False,False,5.0,2026-08-24T10:59:14+05:30
LICI,422.41,TOUCHED,-0.38,below,420.8,422.41,422.57,422.72,422.41,0.075,13.2,0.031,0,2026-08-21,2026-08-24,False,False,5.0,2026-08-24T10:59:14+05:30
TBOTEK,1699.05,TOUCHED,0.3,above,1704.1,1699.05,1698.2,1699.05,1697.35,0.1,13.2,0.033,0,2026-08-21,2026-08-24,False,False,5.0,2026-08-24T10:59:14+05:30
ZENTEC,1923.1,TOUCHED,-0.92,below,1905.5,1923.1,1924.17,1925.23,1923.1,0.111,13.2,0.017,0,2026-08-21,2026-08-24,False,False,5.0,2026-08-24T10:59:14+05:30
HDBFS,695.2,TOUCHED,-0.99,below,688.3,695.2,695.42,695.63,695.2,0.062,13.3,0.023,0,2026-08-21,2026-08-24,False,False,5.0,2026-08-24T10:59:14+05:30
LALPATHLAB,1895.27,TOUCHED,-0.44,below,1886.9,1895.27,1896.33,1897.4,1895.27,0.113,13.4,0.043,0,2026-08-21,2026-08-24,False,False,5.0,2026-08-24T10:59:14+05:30
SBFC,93.81,TOUCHED,-0.67,below,93.18,93.81,93.85,93.89,93.81,0.089,13.4,0.032,0,2026-08-21,2026-08-24,False,False,5.0,2026-08-24T10:59:14+05:30
ADANIGREEN,1317.5,TOUCHED,-0.49,below,1311.1,1317.5,1318.33,1319.17,1317.5,0.126,13.7,0.04,0,2026-08-21,2026-08-24,False,False,5.0,2026-08-24T10:59:14+05:30
MEDANTA,1407.85,TOUCHED,-0.2,below,1405.0,1407.85,1408.47,1409.08,1407.85,0.088,14.0,0.028,0,2026-08-21,2026-08-24,False,False,5.0,2026-08-24T10:59:14+05:30
JUBLPHARMA,879.93,TOUCHED,1.55,above,893.55,879.93,879.52,879.93,879.1,0.095,14.2,0.019,0,2026-08-21,2026-08-24,False,False,5.0,2026-08-24T10:59:14+05:30
ANURAS,1243.22,TOUCHED,1.27,above,1259.0,1243.22,1242.73,1243.22,1242.25,0.078,14.8,0.025,0,2026-08-21,2026-08-24,False,False,5.0,2026-08-24T10:59:14+05:30
DOMS,2207.48,TOUCHED,-0.02,below,2207.1,2207.48,2208.67,2209.85,2207.48,0.107,15.3,0.027,0,2026-08-21,2026-08-24,False,False,5.0,2026-08-24T10:59:14+05:30
HAVELLS,1268.43,TOUCHED,-0.4,below,1263.4,1268.43,1268.87,1269.3,1268.43,0.068,15.3,0.019,0,2026-08-21,2026-08-24,False,False,5.0,2026-08-24T10:59:14+05:30
SPLPETRO,698.26,TOUCHED,-0.6,below,694.05,698.26,698.72,699.17,698.26,0.131,15.3,0.039,0,2026-08-21,2026-08-24,False,False,5.0,2026-08-24T10:59:14+05:30
KPITTECH,590.45,TOUCHED,0.15,above,591.35,590.45,590.07,590.45,589.68,0.13,15.6,0.044,0,2026-08-21,2026-08-24,False,False,5.0,2026-08-24T10:59:14+05:30
NMDC,84.56,TOUCHED,1.31,above,85.67,84.56,84.51,84.56,84.46,0.118,15.9,0.028,0,2026-08-21,2026-08-24,False,False,5.0,2026-08-24T10:59:14+05:30
SAGILITY,43.31,TOUCHED,0.59,above,43.57,43.31,43.28,43.31,43.24,0.162,15.9,0.045,0,2026-08-21,2026-08-24,False,False,5.0,2026-08-24T10:59:14+05:30
UPL,569.85,TOUCHED,0.45,above,572.4,569.85,569.57,569.85,569.28,0.099,15.9,0.02,0,2026-08-21,2026-08-24,False,False,5.0,2026-08-24T10:59:14+05:30
BHARTIARTL,1946.57,TOUCHED,-0.32,below,1940.3,1946.57,1947.13,1947.7,1946.57,0.058,16.2,0.014,0,2026-08-21,2026-08-24,False,False,5.0,2026-08-24T10:59:14+05:30
IREDA,115.23,TOUCHED,0.09,above,115.33,115.23,115.15,115.23,115.08,0.133,16.2,0.048,0,2026-08-21,2026-08-24,False,False,5.0,2026-08-24T10:59:14+05:30
HINDCOPPER,571.35,TOUCHED,-0.37,below,569.25,571.35,571.8,572.25,571.35,0.157,16.4,0.032,0,2026-08-21,2026-08-24,False,False,5.0,2026-08-24T10:59:14+05:30
IEX,123.76,TOUCHED,-0.26,below,123.44,123.76,123.82,123.88,123.76,0.094,16.4,0.028,0,2026-08-21,2026-08-24,False,False,5.0,2026-08-24T10:59:14+05:30
INDIANB,876.1,TOUCHED,-0.01,inside,876.0,876.1,876.1,876.5,875.7,0.091,16.4,0.025,0,2026-08-21,2026-08-24,False,False,5.0,2026-08-24T10:59:14+05:30
MOTHERSON,169.04,TOUCHED,-0.04,below,168.97,169.04,169.15,169.27,169.04,0.136,17.3,0.035,0,2026-08-21,2026-08-24,False,False,5.0,2026-08-24T10:59:14+05:30
BAJAJHLDNG,11328.33,TOUCHED,-0.35,below,11289.0,11328.33,11336.67,11345.0,11328.33,0.147,17.5,0.025,0,2026-08-21,2026-08-24,False,False,5.0,2026-08-24T10:59:14+05:30
SUNPHARMA,1901.63,TOUCHED,0.94,above,1919.6,1901.63,1900.87,1901.63,1900.1,0.081,17.8,0.02,0,2026-08-21,2026-08-24,False,False,5.0,2026-08-24T10:59:14+05:30
SAMMAANCAP,150.97,TOUCHED,0.87,above,152.29,150.97,150.82,150.97,150.67,0.201,18.1,0.041,0,2026-08-21,2026-08-24,False,False,5.0,2026-08-24T10:59:14+05:30
JKCEMENT,5257.67,TOUCHED,-0.02,inside,5256.5,5257.67,5257.67,5261.5,5253.83,0.146,18.4,0.035,0,2026-08-21,2026-08-24,False,False,5.0,2026-08-24T10:59:14+05:30
UNIONBANK,183.6,TOUCHED,-0.29,below,183.07,183.6,183.75,183.9,183.6,0.163,18.6,0.047,0,2026-08-21,2026-08-24,False,False,5.0,2026-08-24T10:59:14+05:30
CPPLUS,3479.67,TOUCHED,-2.86,below,3380.0,3479.67,3483.83,3488.0,3479.67,0.239,18.7,0.038,0,2026-08-21,2026-08-24,False,False,5.0,2026-08-24T10:59:14+05:30
360ONE,1202.05,TOUCHED,0.99,above,1213.9,1202.05,1201.03,1202.05,1200.02,0.169,19.2,0.032,0,2026-08-21,2026-08-24,False,False,5.0,2026-08-24T10:59:14+05:30
CHOLAHLDNG,1563.05,TOUCHED,-0.42,below,1556.5,1563.05,1564.3,1565.55,1563.05,0.16,19.7,0.026,0,2026-08-21,2026-08-24,False,False,5.0,2026-08-24T10:59:14+05:30
GODREJIND,1229.07,TOUCHED,1.19,above,1243.7,1229.07,1228.13,1229.07,1227.2,0.152,19.7,0.044,0,2026-08-21,2026-08-24,False,False,5.0,2026-08-24T10:59:14+05:30
KOTAKBANK,402.15,TOUCHED,-0.01,below,402.1,402.15,402.37,402.58,402.15,0.108,19.7,0.024,0,2026-08-21,2026-08-24,False,False,5.0,2026-08-24T10:59:14+05:30
SBIN,1047.4,TOUCHED,-0.66,below,1040.5,1047.4,1047.83,1048.27,1047.4,0.083,20.3,0.011,0,2026-08-21,2026-08-24,False,False,5.0,2026-08-24T10:59:14+05:30
GODFRYPHLP,2110.3,TOUCHED,-0.06,below,2109.0,2110.3,2112.53,2114.77,2110.3,0.211,20.5,0.041,0,2026-08-21,2026-08-24,False,False,5.0,2026-08-24T10:59:14+05:30
ENDURANCE,3026.83,TOUCHED,0.2,above,3033.0,3026.83,3024.17,3026.83,3021.5,0.176,20.8,0.043,0,2026-08-21,2026-08-24,False,False,5.0,2026-08-24T10:59:14+05:30
CEATLTD,3573.65,TOUCHED,0.87,above,3604.7,3573.65,3570.23,3573.65,3566.82,0.191,21.1,0.033,0,2026-08-21,2026-08-24,False,False,5.0,2026-08-24T10:59:14+05:30
YESBANK,22.75,TOUCHED,-0.18,below,22.71,22.75,22.77,22.78,22.75,0.146,21.4,0.04,0,2026-08-21,2026-08-24,False,False,5.0,2026-08-24T10:59:14+05:30
CARBORUNIV,1166.8,TOUCHED,-1.51,below,1149.2,1166.8,1167.8,1168.8,1166.8,0.171,21.6,0.029,0,2026-08-21,2026-08-24,False,False,5.0,2026-08-24T10:59:14+05:30
DLF,679.85,TOUCHED,0.88,above,685.85,679.85,679.27,679.85,678.68,0.172,21.6,0.029,0,2026-08-21,2026-08-24,False,False,5.0,2026-08-24T10:59:14+05:30
RITES,218.27,TOUCHED,-0.06,below,218.13,218.27,218.45,218.64,218.27,0.169,22.5,0.025,0,2026-08-21,2026-08-24,False,False,5.0,2026-08-24T10:59:14+05:30
AFCONS,279.55,TOUCHED,2.0,above,285.15,279.55,279.33,279.55,279.12,0.155,22.7,0.024,0,2026-08-21,2026-08-24,False,False,5.0,2026-08-24T10:59:14+05:30
BSE,3254.0,TOUCHED,2.3,above,3329.0,3254.0,3249.67,3254.0,3245.33,0.267,23.0,0.022,0,2026-08-21,2026-08-24,False,False,5.0,2026-08-24T10:59:14+05:30
KIMS,783.27,TOUCHED,-0.7,below,777.75,783.27,784.03,784.8,783.27,0.196,23.0,0.043,0,2026-08-21,2026-08-24,False,False,5.0,2026-08-24T10:59:14+05:30
SUNDARMFIN,4530.37,TOUCHED,0.32,above,4545.0,4530.37,4526.23,4530.37,4522.1,0.183,23.0,0.029,0,2026-08-21,2026-08-24,False,False,5.0,2026-08-24T10:59:14+05:30
TATATECH,820.12,TOUCHED,0.14,above,821.3,820.12,819.48,820.12,818.85,0.155,23.0,0.035,0,2026-08-21,2026-08-24,False,False,5.0,2026-08-24T10:59:14+05:30
CRISIL,4501.95,TOUCHED,-0.87,below,4462.9,4501.95,4506.13,4510.32,4501.95,0.186,23.3,0.049,0,2026-08-21,2026-08-24,False,False,5.0,2026-08-24T10:59:14+05:30
ECLERX,1813.28,TOUCHED,2.79,above,1863.9,1813.28,1810.87,1813.28,1808.45,0.267,23.3,0.039,0,2026-08-21,2026-08-24,False,False,5.0,2026-08-24T10:59:14+05:30
DEEPAKNTR,1745.58,TOUCHED,0.41,above,1752.8,1745.58,1744.07,1745.58,1742.55,0.174,23.6,0.029,0,2026-08-21,2026-08-24,False,False,5.0,2026-08-24T10:59:14+05:30
MCX,3180.57,TOUCHED,1.78,above,3237.1,3180.57,3176.13,3180.57,3171.7,0.279,23.8,0.058,0,2026-08-21,2026-08-24,False,False,5.0,2026-08-24T10:59:14+05:30
GRAVITA,1815.75,TOUCHED,-0.57,below,1805.4,1815.75,1817.73,1819.72,1815.75,0.218,24.7,0.033,0,2026-08-21,2026-08-24,False,False,5.0,2026-08-24T10:59:14+05:30
AXISBANK,1246.67,TOUCHED,-0.57,below,1239.5,1246.67,1247.53,1248.4,1246.67,0.139,24.9,0.024,0,2026-08-21,2026-08-24,False,False,5.0,2026-08-24T10:59:14+05:30
BANDHANBNK,175.62,TOUCHED,0.51,above,176.52,175.62,175.45,175.62,175.28,0.199,24.9,0.026,0,2026-08-21,2026-08-24,False,False,5.0,2026-08-24T10:59:14+05:30
HEG,713.5,TOUCHED,0.75,above,718.85,713.5,712.58,713.5,711.67,0.257,24.9,0.043,0,2026-08-21,2026-08-24,False,False,5.0,2026-08-24T10:59:14+05:30
IPCALAB,1909.32,TOUCHED,0.25,above,1914.0,1909.32,1907.43,1909.32,1905.55,0.197,24.9,0.032,0,2026-08-21,2026-08-24,False,False,5.0,2026-08-24T10:59:14+05:30
ZEEL,107.71,TOUCHED,-1.73,below,105.85,107.71,107.84,107.97,107.71,0.244,24.9,0.045,0,2026-08-21,2026-08-24,False,False,5.0,2026-08-24T10:59:14+05:30
SRF,2578.75,TOUCHED,0.26,above,2585.4,2578.75,2576.47,2578.75,2574.18,0.177,25.2,0.028,0,2026-08-21,2026-08-24,False,False,5.0,2026-08-24T10:59:14+05:30
BIKAJI,607.05,TOUCHED,0.16,above,608.0,607.05,606.62,607.05,606.18,0.143,25.5,0.018,0,2026-08-21,2026-08-24,False,False,5.0,2026-08-24T10:59:14+05:30
AMBER,7341.0,TOUCHED,0.49,above,7377.0,7341.0,7332.0,7341.0,7323.0,0.245,25.8,0.031,0,2026-08-21,2026-08-24,False,False,5.0,2026-08-24T10:59:14+05:30
FORCEMOT,17803.5,TOUCHED,-0.4,below,17733.0,17803.5,17837.0,17870.5,17803.5,0.376,25.8,0.052,0,2026-08-21,2026-08-24,False,False,5.0,2026-08-24T10:59:14+05:30
MOTILALOFS,988.76,TOUCHED,1.97,above,1008.2,988.76,987.52,988.76,986.27,0.251,25.8,0.045,0,2026-08-21,2026-08-24,False,False,5.0,2026-08-24T10:59:14+05:30
ABSLAMC,1005.87,TOUCHED,-0.07,inside,1005.2,1005.87,1005.87,1007.13,1004.6,0.252,26.6,0.033,0,2026-08-21,2026-08-24,False,False,5.0,2026-08-24T10:59:14+05:30
OFSS,11760.0,TOUCHED,0.46,above,11814.0,11760.0,11748.0,11760.0,11736.0,0.204,26.6,0.029,0,2026-08-21,2026-08-24,False,False,5.0,2026-08-24T10:59:14+05:30
ABDL,593.07,TOUCHED,0.13,inside,593.85,593.07,593.07,594.03,592.1,0.326,26.8,0.075,0,2026-08-21,2026-08-24,False,False,5.0,2026-08-24T10:59:14+05:30
BAJAJ-AUTO,11725.0,TOUCHED,0.6,above,11795.0,11725.0,11716.67,11725.0,11708.33,0.142,26.8,0.028,0,2026-08-21,2026-08-24,False,False,5.0,2026-08-24T10:59:14+05:30
KPIL,1402.82,TOUCHED,1.03,above,1417.2,1402.82,1401.13,1402.82,1399.45,0.24,26.8,0.041,0,2026-08-21,2026-08-24,False,False,5.0,2026-08-24T10:59:14+05:30
LICHSGFIN,496.27,TOUCHED,-0.04,inside,496.05,496.27,496.27,496.63,495.9,0.148,26.8,0.018,0,2026-08-21,2026-08-24,False,False,5.0,2026-08-24T10:59:14+05:30
TIINDIA,2889.35,TOUCHED,-0.17,below,2884.4,2889.35,2892.9,2896.45,2889.35,0.245,26.8,0.038,0,2026-08-21,2026-08-24,False,False,5.0,2026-08-24T10:59:14+05:30
EMMVEE,325.18,TOUCHED,0.16,inside,325.7,325.18,325.18,325.78,324.59,0.364,27.1,0.043,0,2026-08-21,2026-08-24,False,False,5.0,2026-08-24T10:59:14+05:30
IRFC,86.48,TOUCHED,-0.37,below,86.16,86.48,86.56,86.64,86.48,0.185,27.1,0.033,0,2026-08-21,2026-08-24,False,False,5.0,2026-08-24T10:59:14+05:30
KAJARIACER,1209.73,TOUCHED,-0.55,below,1203.1,1209.73,1210.97,1212.2,1209.73,0.204,27.1,0.029,0,2026-08-21,2026-08-24,False,False,5.0,2026-08-24T10:59:14+05:30
BERGEPAINT,524.97,TOUCHED,-0.88,below,520.35,524.97,525.53,526.1,524.97,0.216,27.7,0.013,0,2026-08-21,2026-08-24,False,False,5.0,2026-08-24T10:59:14+05:30
JIOFIN,244.22,TOUCHED,-0.15,below,243.85,244.22,244.43,244.65,244.22,0.177,28.2,0.022,0,2026-08-21,2026-08-24,False,False,5.0,2026-08-24T10:59:14+05:30
PARADEEP,149.26,TOUCHED,1.07,above,150.85,149.26,149.0,149.26,148.74,0.347,28.2,0.036,0,2026-08-21,2026-08-24,False,False,5.0,2026-08-24T10:59:14+05:30
SWANCORP,304.7,TOUCHED,-0.08,inside,304.45,304.7,304.7,305.12,304.28,0.279,28.2,0.034,0,2026-08-21,2026-08-24,False,False,5.0,2026-08-24T10:59:14+05:30
ANANDRATHI,2182.5,TOUCHED,-0.29,below,2176.2,2182.5,2184.33,2186.17,2182.5,0.168,28.5,0.022,0,2026-08-21,2026-08-24,False,False,5.0,2026-08-24T10:59:14+05:30
ASTRAL,1533.5,TOUCHED,0.03,above,1534.0,1533.5,1531.83,1533.5,1530.17,0.218,28.8,0.032,0,2026-08-21,2026-08-24,False,False,5.0,2026-08-24T10:59:14+05:30
GRASIM,3300.55,TOUCHED,-0.37,below,3288.2,3300.55,3303.03,3305.52,3300.55,0.15,28.8,0.017,0,2026-08-21,2026-08-24,False,False,5.0,2026-08-24T10:59:14+05:30
IDEA,14.01,TOUCHED,0.39,above,14.06,14.01,13.98,14.01,13.96,0.31,29.0,0.046,0,2026-08-21,2026-08-24,False,False,5.0,2026-08-24T10:59:14+05:30
TIMKEN,3126.7,TOUCHED,0.01,inside,3127.0,3126.7,3126.7,3130.4,3123.0,0.237,29.0,0.05,0,2026-08-21,2026-08-24,False,False,5.0,2026-08-24T10:59:14+05:30
COLPAL,1890.67,TOUCHED,-0.06,below,1889.5,1890.67,1892.33,1894.0,1890.67,0.176,29.6,0.024,0,2026-08-21,2026-08-24,False,False,5.0,2026-08-24T10:59:14+05:30
LLOYDSME,1874.7,TOUCHED,0.06,above,1875.9,1874.7,1871.77,1874.7,1868.83,0.313,29.6,0.033,0,2026-08-21,2026-08-24,False,False,5.0,2026-08-24T10:59:14+05:30
J&KBANK,148.38,TOUCHED,-0.3,below,147.93,148.38,148.59,148.8,148.38,0.285,29.9,0.029,0,2026-08-21,2026-08-24,False,False,5.0,2026-08-24T10:59:14+05:30
SONATSOFTW,305.57,TOUCHED,0.47,above,307.0,305.57,305.05,305.57,304.52,0.344,29.9,0.026,0,2026-08-21,2026-08-24,False,False,5.0,2026-08-24T10:59:14+05:30
UCOBANK,25.81,TOUCHED,0.02,above,25.81,25.81,25.78,25.81,25.75,0.22,30.1,0.013,0,2026-08-21,2026-08-24,False,False,5.0,2026-08-24T10:59:14+05:30
ASTERDM,760.69,TOUCHED,0.31,above,763.05,760.69,759.83,760.69,758.97,0.226,30.4,0.028,0,2026-08-21,2026-08-24,False,False,5.0,2026-08-24T10:59:14+05:30
GAIL,172.43,TOUCHED,0.55,above,173.38,172.43,172.28,172.43,172.14,0.164,30.4,0.015,0,2026-08-21,2026-08-24,False,False,5.0,2026-08-24T10:59:14+05:30
GLENMARK,2325.8,TOUCHED,1.26,above,2355.0,2325.8,2323.17,2325.8,2320.53,0.227,30.4,0.035,0,2026-08-21,2026-08-24,False,False,5.0,2026-08-24T10:59:14+05:30
LODHA,1247.1,TOUCHED,0.83,above,1257.5,1247.1,1245.4,1247.1,1243.7,0.273,30.4,0.035,0,2026-08-21,2026-08-24,False,False,5.0,2026-08-24T10:59:14+05:30
GODREJPROP,2032.17,TOUCHED,0.66,above,2045.5,2032.17,2029.33,2032.17,2026.5,0.279,30.7,0.048,0,2026-08-21,2026-08-24,False,False,5.0,2026-08-24T10:59:14+05:30
SHRIRAMFIN,1131.22,TOUCHED,-0.43,below,1126.3,1131.22,1132.43,1133.65,1131.22,0.215,30.7,0.033,0,2026-08-21,2026-08-24,False,False,5.0,2026-08-24T10:59:14+05:30
LINDEINDIA,6678.83,TOUCHED,-0.51,below,6645.0,6678.83,6685.67,6692.5,6678.83,0.204,31.0,0.025,0,2026-08-21,2026-08-24,False,False,5.0,2026-08-24T10:59:14+05:30
UTIAMC,894.07,TOUCHED,-0.06,below,893.55,894.07,895.08,896.1,894.07,0.227,31.0,0.036,0,2026-08-21,2026-08-24,False,False,5.0,2026-08-24T10:59:14+05:30
ELECON,449.1,TOUCHED,-0.06,below,448.85,449.1,449.92,450.73,449.1,0.363,31.2,0.036,0,2026-08-21,2026-08-24,False,False,5.0,2026-08-24T10:59:14+05:30
PWL,121.34,TOUCHED,0.13,inside,121.5,121.34,121.34,121.6,121.09,0.423,31.2,0.076,0,2026-08-21,2026-08-24,False,False,5.0,2026-08-24T10:59:14+05:30
ELGIEQUIP,631.52,TOUCHED,-0.64,below,627.5,631.52,632.47,633.41,631.52,0.298,31.5,0.04,0,2026-08-21,2026-08-24,False,False,5.0,2026-08-24T10:59:14+05:30
NEULANDLAB,23342.17,TOUCHED,-0.09,below,23320.0,23342.17,23383.33,23424.5,23342.17,0.352,32.1,0.032,0,2026-08-21,2026-08-24,False,False,5.0,2026-08-24T10:59:14+05:30
TATASTEEL,183.47,TOUCHED,1.22,above,185.7,183.47,183.31,183.47,183.16,0.171,32.1,0.019,0,2026-08-21,2026-08-24,False,False,5.0,2026-08-24T10:59:14+05:30
TMCV,473.9,TOUCHED,0.08,inside,474.3,473.9,473.9,474.57,473.22,0.285,32.1,0.024,0,2026-08-21,2026-08-24,False,False,5.0,2026-08-24T10:59:14+05:30
BOSCHLTD,48347.5,TOUCHED,0.29,above,48490.0,48347.5,48298.33,48347.5,48249.17,0.204,32.3,0.029,0,2026-08-21,2026-08-24,False,False,5.0,2026-08-24T10:59:14+05:30
GILLETTE,7454.37,TOUCHED,-0.01,inside,7453.5,7454.37,7454.37,7462.31,7446.44,0.213,32.3,0.026,0,2026-08-21,2026-08-24,False,False,5.0,2026-08-24T10:59:14+05:30
M&MFIN,382.62,TOUCHED,-0.02,inside,382.55,382.62,382.62,383.12,382.11,0.266,32.3,0.037,0,2026-08-21,2026-08-24,False,False,5.0,2026-08-24T10:59:14+05:30
NEWGEN,525.27,TOUCHED,2.54,above,538.6,525.27,524.42,525.27,523.56,0.327,32.6,0.034,0,2026-08-21,2026-08-24,False,False,5.0,2026-08-24T10:59:14+05:30
CESC,155.65,TOUCHED,0.21,above,155.98,155.65,155.47,155.65,155.28,0.242,32.9,0.037,0,2026-08-21,2026-08-24,False,False,5.0,2026-08-24T10:59:14+05:30
TATACAP,364.69,TOUCHED,0.11,above,365.1,364.69,364.33,364.69,363.98,0.197,33.3,0.016,0,2026-08-21,2026-08-24,False,False,5.0,2026-08-24T10:59:14+05:30
CHOICEIN,809.52,TOUCHED,-0.61,below,804.6,809.52,810.45,811.38,809.52,0.228,33.4,0.023,0,2026-08-21,2026-08-24,False,False,5.0,2026-08-24T10:59:14+05:30
POWERINDIA,34126.67,TOUCHED,0.23,above,34205.0,34126.67,34063.33,34126.67,34000.0,0.372,33.4,0.055,0,2026-08-21,2026-08-24,False,False,5.0,2026-08-24T10:59:14+05:30
TECHM,1589.25,TOUCHED,0.29,above,1593.9,1589.25,1587.5,1589.25,1585.75,0.22,33.4,0.034,0,2026-08-21,2026-08-24,False,False,5.0,2026-08-24T10:59:14+05:30
HINDPETRO,364.62,TOUCHED,1.35,above,369.55,364.62,364.17,364.62,363.71,0.252,33.7,0.034,0,2026-08-21,2026-08-24,False,False,5.0,2026-08-24T10:59:14+05:30
CASTROLIND,187.9,TOUCHED,-0.2,below,187.52,187.9,188.03,188.15,187.9,0.137,34.2,0.014,0,2026-08-21,2026-08-24,False,False,5.0,2026-08-24T10:59:14+05:30
SHREECEM,24212.5,TOUCHED,-0.11,below,24185.0,24212.5,24235.0,24257.5,24212.5,0.186,34.2,0.013,0,2026-08-21,2026-08-24,False,False,5.0,2026-08-24T10:59:14+05:30
CENTRALBK,31.25,TOUCHED,0.22,above,31.32,31.25,31.21,31.25,31.18,0.246,34.5,0.034,0,2026-08-21,2026-08-24,False,False,5.0,2026-08-24T10:59:14+05:30
HUDCO,186.93,TOUCHED,0.22,above,187.34,186.93,186.65,186.93,186.37,0.302,34.5,0.035,0,2026-08-21,2026-08-24,False,False,5.0,2026-08-24T10:59:14+05:30
AARTIIND,526.48,TOUCHED,1.24,above,533.0,526.48,525.77,526.48,525.05,0.273,35.1,0.033,0,2026-08-21,2026-08-24,False,False,5.0,2026-08-24T10:59:14+05:30
ACC,1308.55,TOUCHED,-0.04,below,1308.0,1308.55,1309.7,1310.85,1308.55,0.176,35.3,0.035,0,2026-08-21,2026-08-24,False,False,5.0,2026-08-24T10:59:14+05:30
JUBLINGREA,717.23,TOUCHED,0.68,above,722.1,717.23,716.12,717.23,715.0,0.312,35.3,0.034,0,2026-08-21,2026-08-24,False,False,5.0,2026-08-24T10:59:14+05:30
PATANJALI,348.93,TOUCHED,0.31,above,350.0,348.93,348.62,348.93,348.31,0.177,35.6,0.019,0,2026-08-21,2026-08-24,False,False,5.0,2026-08-24T10:59:14+05:30
TATAPOWER,375.4,TOUCHED,0.08,above,375.7,375.4,375.03,375.4,374.67,0.196,35.6,0.023,0,2026-08-21,2026-08-24,False,False,5.0,2026-08-24T10:59:14+05:30
ABLBL,86.55,TOUCHED,0.06,above,86.6,86.55,86.41,86.55,86.26,0.332,36.0,0.055,0,2026-08-21,2026-08-24,False,False,5.0,2026-08-24T10:59:14+05:30
TRAVELFOOD,1313.1,TOUCHED,0.05,above,1313.7,1313.1,1311.13,1313.1,1309.17,0.3,36.0,0.032,0,2026-08-21,2026-08-24,False,False,5.0,2026-08-24T10:59:14+05:30
GROWW,197.88,TOUCHED,-0.09,inside,197.71,197.88,197.88,198.32,197.45,0.441,36.2,0.032,0,2026-08-21,2026-08-24,False,False,5.0,2026-08-24T10:59:14+05:30
UNOMINDA,1259.5,TOUCHED,-0.52,below,1252.9,1259.5,1261.33,1263.17,1259.5,0.291,36.2,0.049,0,2026-08-21,2026-08-24,False,False,5.0,2026-08-24T10:59:14+05:30
DATAPATTNS,4841.62,TOUCHED,-1.85,below,4752.0,4841.62,4853.33,4865.05,4841.62,0.483,36.4,0.075,0,2026-08-21,2026-08-24,False,False,5.0,2026-08-24T10:59:14+05:30
RECLTD,327.06,TOUCHED,-0.66,below,324.9,327.06,327.47,327.88,327.06,0.249,36.7,0.016,0,2026-08-21,2026-08-24,False,False,5.0,2026-08-24T10:59:14+05:30
SWIGGY,281.94,TOUCHED,0.75,above,284.05,281.94,281.38,281.94,280.82,0.397,36.7,0.045,0,2026-08-21,2026-08-24,False,False,5.0,2026-08-24T10:59:14+05:30
BELRISE,232.17,TOUCHED,-0.68,below,230.59,232.17,232.57,232.97,232.17,0.344,37.0,0.036,0,2026-08-21,2026-08-24,False,False,5.0,2026-08-24T10:59:14+05:30
EMCURE,1872.0,TOUCHED,0.64,above,1884.0,1872.0,1869.0,1872.0,1866.0,0.321,37.0,0.027,0,2026-08-21,2026-08-24,False,False,5.0,2026-08-24T10:59:14+05:30
JSWDULUX,3111.17,TOUCHED,0.1,inside,3114.2,3111.17,3111.17,3114.98,3107.35,0.245,37.5,0.022,0,2026-08-21,2026-08-24,False,False,5.0,2026-08-24T10:59:14+05:30
LT,4088.9,TOUCHED,0.05,above,4091.1,4088.9,4084.8,4088.9,4080.7,0.201,37.5,0.024,0,2026-08-21,2026-08-24,False,False,5.0,2026-08-24T10:59:14+05:30
EXIDEIND,460.22,TOUCHED,-0.68,below,457.1,460.22,460.83,461.45,460.22,0.268,37.8,0.027,0,2026-08-21,2026-08-24,False,False,5.0,2026-08-24T10:59:14+05:30
MAHABANK,80.49,TOUCHED,0.14,inside,80.61,80.49,80.49,80.61,80.38,0.29,37.8,0.042,0,2026-08-21,2026-08-24,False,False,5.0,2026-08-24T10:59:14+05:30
DIXON,14772.0,TOUCHED,-1.61,below,14534.0,14772.0,14798.0,14824.0,14772.0,0.351,38.1,0.056,0,2026-08-21,2026-08-24,False,False,5.0,2026-08-24T10:59:14+05:30
GRANULES,856.83,TOUCHED,0.77,above,863.4,856.83,855.52,856.83,854.2,0.308,38.1,0.037,0,2026-08-21,2026-08-24,False,False,5.0,2026-08-24T10:59:14+05:30
JSWINFRA,335.25,TOUCHED,1.51,above,340.3,335.25,334.8,335.25,334.35,0.269,38.1,0.029,0,2026-08-21,2026-08-24,False,False,5.0,2026-08-24T10:59:14+05:30
GMDCLTD,574.3,TOUCHED,0.03,above,574.45,574.3,572.87,574.3,571.43,0.5,38.4,0.068,0,2026-08-21,2026-08-24,False,False,5.0,2026-08-24T10:59:14+05:30
IFCI,81.44,TOUCHED,0.69,above,82.0,81.44,81.26,81.44,81.09,0.435,38.4,0.1,0,2026-08-21,2026-08-24,False,False,5.0,2026-08-24T10:59:14+05:30
DABUR,399.2,TOUCHED,-0.14,below,398.65,399.2,399.63,400.07,399.2,0.217,38.6,0.033,0,2026-08-21,2026-08-24,False,False,5.0,2026-08-24T10:59:14+05:30
NAM-INDIA,1244.2,TOUCHED,-0.02,below,1244.0,1244.2,1246.47,1248.73,1244.2,0.364,38.6,0.032,0,2026-08-21,2026-08-24,False,False,5.0,2026-08-24T10:59:14+05:30
NAUKRI,1354.37,TOUCHED,-0.11,inside,1352.9,1354.37,1354.37,1356.5,1352.23,0.315,38.6,0.023,0,2026-08-21,2026-08-24,False,False,5.0,2026-08-24T10:59:14+05:30
DCMSHRIRAM,1087.3,TOUCHED,0.98,above,1098.0,1087.3,1085.57,1087.3,1083.83,0.319,39.2,0.024,0,2026-08-21,2026-08-24,False,False,5.0,2026-08-24T10:59:14+05:30
WELSPUNLIV,188.82,TOUCHED,1.74,above,192.11,188.82,188.42,188.82,188.01,0.426,39.2,0.044,0,2026-08-21,2026-08-24,False,False,5.0,2026-08-24T10:59:14+05:30
LATENTVIEW,279.57,TOUCHED,2.32,above,286.05,279.57,279.08,279.57,278.59,0.352,39.7,0.035,0,2026-08-21,2026-08-24,False,False,5.0,2026-08-24T10:59:14+05:30
PVRINOX,1220.93,TOUCHED,-0.13,inside,1219.3,1220.93,1220.93,1223.0,1218.87,0.339,39.7,0.029,0,2026-08-21,2026-08-24,False,False,5.0,2026-08-24T10:59:14+05:30
CIEINDIA,402.18,TOUCHED,-0.13,inside,401.65,402.18,402.18,402.75,401.62,0.282,40.0,0.029,0,2026-08-21,2026-08-24,False,False,5.0,2026-08-24T10:59:14+05:30
SOBHA,1301.15,TOUCHED,0.34,above,1305.6,1301.15,1298.97,1301.15,1296.78,0.336,40.0,0.029,0,2026-08-21,2026-08-24,False,False,5.0,2026-08-24T10:59:14+05:30
ANGELONE,289.75,TOUCHED,0.31,above,290.65,289.75,289.1,289.75,288.45,0.45,40.3,0.029,0,2026-08-21,2026-08-24,False,False,5.0,2026-08-24T10:59:14+05:30
MAXHEALTH,996.7,TOUCHED,-0.11,inside,995.6,996.7,996.7,998.35,995.05,0.331,40.5,0.037,0,2026-08-21,2026-08-24,False,False,5.0,2026-08-24T10:59:14+05:30
OLECTRA,1320.7,TOUCHED,-0.02,below,1320.4,1320.7,1323.0,1325.3,1320.7,0.348,40.5,0.033,0,2026-08-21,2026-08-24,False,False,5.0,2026-08-24T10:59:14+05:30
RELIANCE,1312.0,TOUCHED,-0.11,below,1310.5,1312.0,1313.33,1314.67,1312.0,0.203,40.8,0.024,0,2026-08-21,2026-08-24,False,False,5.0,2026-08-24T10:59:14+05:30
SCI,291.75,TOUCHED,-0.15,inside,291.3,291.75,291.75,292.35,291.15,0.411,40.8,0.045,0,2026-08-21,2026-08-24,False,False,5.0,2026-08-24T10:59:14+05:30
SCHAEFFLER,4023.68,TOUCHED,-0.55,below,4001.5,4023.68,4029.47,4035.25,4023.68,0.287,41.1,0.035,0,2026-08-21,2026-08-24,False,False,5.0,2026-08-24T10:59:14+05:30
ADANIPORTS,1693.45,TOUCHED,-0.43,below,1686.1,1693.45,1695.63,1697.82,1693.45,0.258,41.4,0.02,0,2026-08-21,2026-08-24,False,False,5.0,2026-08-24T10:59:14+05:30
PGEL,602.05,TOUCHED,-0.48,below,599.15,602.05,603.55,605.05,602.05,0.497,41.4,0.054,0,2026-08-21,2026-08-24,False,False,5.0,2026-08-24T10:59:14+05:30
AIAENG,4356.02,TOUCHED,-0.58,below,4330.8,4356.02,4363.13,4370.25,4356.02,0.326,42.5,0.041,0,2026-08-21,2026-08-24,False,False,5.0,2026-08-24T10:59:14+05:30
PREMIERENE,1055.02,TOUCHED,-0.9,below,1045.5,1055.02,1057.03,1059.05,1055.02,0.382,42.7,0.031,0,2026-08-21,2026-08-24,False,False,5.0,2026-08-24T10:59:14+05:30
CHOLAFIN,1866.12,TOUCHED,-0.97,below,1848.0,1866.12,1869.33,1872.55,1866.12,0.344,43.0,0.041,0,2026-08-21,2026-08-24,False,False,5.0,2026-08-24T10:59:14+05:30
APTUS,256.2,TOUCHED,-0.33,below,255.35,256.2,256.72,257.23,256.2,0.403,43.6,0.026,0,2026-08-21,2026-08-24,False,False,5.0,2026-08-24T10:59:14+05:30
BALKRISIND,2354.05,TOUCHED,-0.55,below,2341.1,2354.05,2357.3,2360.55,2354.05,0.276,43.6,0.027,0,2026-08-21,2026-08-24,False,False,5.0,2026-08-24T10:59:14+05:30
CAPLIPOINT,2547.3,TOUCHED,-1.02,below,2521.2,2547.3,2551.8,2556.3,2547.3,0.353,43.6,0.032,0,2026-08-21,2026-08-24,False,False,5.0,2026-08-24T10:59:14+05:30
BIOCON,413.5,TOUCHED,-0.39,below,411.9,413.5,414.18,414.87,413.5,0.33,43.8,0.03,0,2026-08-21,2026-08-24,False,False,5.0,2026-08-24T10:59:14+05:30
MRPL,175.91,TOUCHED,-0.12,inside,175.7,175.91,175.91,176.36,175.46,0.51,43.8,0.056,0,2026-08-21,2026-08-24,False,False,5.0,2026-08-24T10:59:14+05:30
RKFORGE,738.5,TOUCHED,-0.07,below,738.0,738.5,739.95,741.4,738.5,0.392,43.8,0.044,0,2026-08-21,2026-08-24,False,False,5.0,2026-08-24T10:59:14+05:30
SUZLON,46.8,TOUCHED,-0.04,below,46.78,46.8,46.88,46.97,46.8,0.37,43.8,0.033,0,2026-08-21,2026-08-24,False,False,5.0,2026-08-24T10:59:14+05:30
BLS,272.96,TOUCHED,0.72,above,274.92,272.96,272.4,272.96,271.85,0.409,44.1,0.032,0,2026-08-21,2026-08-24,False,False,5.0,2026-08-24T10:59:14+05:30
CUB,217.77,TOUCHED,-1.23,below,215.09,217.77,218.25,218.72,217.77,0.434,44.1,0.034,0,2026-08-21,2026-08-24,False,False,5.0,2026-08-24T10:59:14+05:30
EMAMILTD,403.25,TOUCHED,-0.66,below,400.6,403.25,403.9,404.55,403.25,0.322,44.1,0.022,0,2026-08-21,2026-08-24,False,False,5.0,2026-08-24T10:59:14+05:30
INTELLECT,689.65,TOUCHED,1.23,above,698.1,689.65,688.05,689.65,686.45,0.465,44.1,0.042,0,2026-08-21,2026-08-24,False,False,5.0,2026-08-24T10:59:14+05:30
ABFRL,54.67,TOUCHED,0.48,above,54.93,54.67,54.56,54.67,54.46,0.391,44.4,0.025,0,2026-08-21,2026-08-24,False,False,5.0,2026-08-24T10:59:14+05:30
BHARTIHEXA,1599.5,TOUCHED,0.65,above,1609.9,1599.5,1596.73,1599.5,1593.97,0.347,44.4,0.038,0,2026-08-21,2026-08-24,False,False,5.0,2026-08-24T10:59:14+05:30
IOB,33.06,TOUCHED,-0.1,below,33.03,33.06,33.11,33.16,33.06,0.312,44.4,0.034,0,2026-08-21,2026-08-24,False,False,5.0,2026-08-24T10:59:14+05:30
PRESTIGE,1627.55,TOUCHED,0.57,above,1636.8,1627.55,1624.1,1627.55,1620.65,0.425,44.7,0.056,0,2026-08-21,2026-08-24,False,False,5.0,2026-08-24T10:59:14+05:30
AAVAS,1357.8,TOUCHED,-1.1,below,1342.9,1357.8,1360.3,1362.8,1357.8,0.368,45.2,0.027,0,2026-08-21,2026-08-24,False,False,5.0,2026-08-24T10:59:14+05:30
CLEAN,830.3,TOUCHED,1.68,above,844.25,830.3,828.7,830.3,827.1,0.386,45.5,0.026,0,2026-08-21,2026-08-24,False,False,5.0,2026-08-24T10:59:14+05:30
ICICIGI,1621.77,TOUCHED,-0.08,inside,1620.4,1621.77,1621.77,1624.15,1619.38,0.294,45.5,0.022,0,2026-08-21,2026-08-24,False,False,5.0,2026-08-24T10:59:14+05:30
SUNTV,472.92,TOUCHED,-0.11,below,472.4,472.92,473.78,474.65,472.92,0.366,45.8,0.024,0,2026-08-21,2026-08-24,False,False,5.0,2026-08-24T10:59:14+05:30
BEL,412.3,TOUCHED,-0.61,below,409.8,412.3,412.87,413.43,412.3,0.275,46.0,0.024,0,2026-08-21,2026-08-24,False,False,5.0,2026-08-24T10:59:14+05:30
GLAND,2834.95,TOUCHED,0.77,above,2856.9,2834.95,2829.73,2834.95,2824.52,0.369,46.0,0.04,0,2026-08-21,2026-08-24,False,False,5.0,2026-08-24T10:59:14+05:30
IGIL,336.63,TOUCHED,0.08,inside,336.9,336.63,336.63,337.34,335.92,0.423,46.0,0.029,0,2026-08-21,2026-08-24,False,False,5.0,2026-08-24T10:59:14+05:30
RBLBANK,390.98,TOUCHED,0.0,inside,391.0,390.98,390.98,391.74,390.23,0.388,46.0,0.032,0,2026-08-21,2026-08-24,False,False,5.0,2026-08-24T10:59:14+05:30
ICICIAMC,3255.63,TOUCHED,-0.02,inside,3254.9,3255.63,3255.63,3262.67,3248.6,0.432,46.2,0.033,0,2026-08-21,2026-08-24,False,False,5.0,2026-08-24T10:59:14+05:30
PETRONET,292.54,TOUCHED,0.55,above,294.15,292.54,292.08,292.54,291.62,0.314,46.3,0.025,0,2026-08-21,2026-08-24,False,False,5.0,2026-08-24T10:59:14+05:30
STARHEALTH,575.4,TOUCHED,-0.5,below,572.5,575.4,576.43,577.47,575.4,0.359,46.3,0.024,0,2026-08-21,2026-08-24,False,False,5.0,2026-08-24T10:59:14+05:30
JWL,248.62,TOUCHED,0.71,above,250.4,248.62,248.08,248.62,247.54,0.437,46.8,0.042,0,2026-08-21,2026-08-24,False,False,5.0,2026-08-24T10:59:14+05:30
VOLTAS,1228.15,TOUCHED,-0.22,below,1225.4,1228.15,1230.43,1232.72,1228.15,0.371,46.8,0.038,0,2026-08-21,2026-08-24,False,False,5.0,2026-08-24T10:59:14+05:30
ABCAPITAL,412.12,TOUCHED,0.08,above,412.45,412.12,411.23,412.12,410.35,0.43,47.4,0.038,0,2026-08-21,2026-08-24,False,False,5.0,2026-08-24T10:59:14+05:30
ERIS,1320.4,TOUCHED,-0.15,below,1318.4,1320.4,1323.0,1325.6,1320.4,0.393,47.4,0.03,0,2026-08-21,2026-08-24,False,False,5.0,2026-08-24T10:59:14+05:30
ICICIBANK,1418.53,TOUCHED,0.18,above,1421.1,1418.53,1417.07,1418.53,1415.6,0.207,47.4,0.023,0,2026-08-21,2026-08-24,False,False,5.0,2026-08-24T10:59:14+05:30
KAYNES,3878.55,TOUCHED,0.94,above,3915.2,3878.55,3867.1,3878.55,3855.65,0.592,47.9,0.046,0,2026-08-21,2026-08-24,False,False,5.0,2026-08-24T10:59:14+05:30
MAZDOCK,2557.67,TOUCHED,-0.73,below,2538.9,2557.67,2563.33,2569.0,2557.67,0.442,47.9,0.042,0,2026-08-21,2026-08-24,False,False,5.0,2026-08-24T10:59:14+05:30
TECHNOE,994.8,TOUCHED,1.19,above,1006.65,994.8,992.35,994.8,989.9,0.494,47.9,0.05,0,2026-08-21,2026-08-24,False,False,5.0,2026-08-24T10:59:14+05:30
BEML,1940.25,TOUCHED,-0.0,below,1940.2,1940.25,1945.1,1949.95,1940.25,0.499,48.2,0.025,0,2026-08-21,2026-08-24,False,False,5.0,2026-08-24T10:59:14+05:30
CHALET,858.4,TOUCHED,0.11,inside,859.35,858.4,858.4,860.18,856.62,0.414,48.2,0.024,0,2026-08-21,2026-08-24,False,False,5.0,2026-08-24T10:59:14+05:30
INFY,1125.75,TOUCHED,0.88,above,1135.7,1125.75,1124.17,1125.75,1122.58,0.282,48.2,0.029,0,2026-08-21,2026-08-24,False,False,5.0,2026-08-24T10:59:14+05:30
DRREDDY,1179.55,TOUCHED,0.56,above,1186.2,1179.55,1177.93,1179.55,1176.32,0.274,48.5,0.017,0,2026-08-21,2026-08-24,False,False,5.0,2026-08-24T10:59:14+05:30
ABBOTINDIA,26150.0,TOUCHED,0.04,inside,26160.0,26150.0,26150.0,26190.0,26110.0,0.306,49.0,0.034,0,2026-08-21,2026-08-24,False,False,5.0,2026-08-24T10:59:14+05:30
ASIANPAINT,2629.75,TOUCHED,-0.02,below,2629.3,2629.75,2633.17,2636.58,2629.75,0.26,49.0,0.021,0,2026-08-21,2026-08-24,False,False,5.0,2026-08-24T10:59:14+05:30
CANBK,129.23,TOUCHED,-1.19,below,127.69,129.23,129.47,129.72,129.23,0.376,49.0,0.023,0,2026-08-21,2026-08-24,False,False,5.0,2026-08-24T10:59:14+05:30
JPPOWER,17.18,TOUCHED,0.21,inside,17.22,17.18,17.18,17.22,17.14,0.485,49.0,0.037,0,2026-08-21,2026-08-24,False,False,5.0,2026-08-24T10:59:14+05:30
NHPC,76.28,TOUCHED,-0.47,below,75.92,76.28,76.4,76.52,76.28,0.327,49.3,0.035,0,2026-08-21,2026-08-24,False,False,5.0,2026-08-24T10:59:14+05:30
SHYAMMETL,988.27,TOUCHED,0.16,inside,989.8,988.27,988.27,989.95,986.58,0.341,49.6,0.015,0,2026-08-21,2026-08-24,False,False,5.0,2026-08-24T10:59:14+05:30
FORTIS,912.08,TOUCHED,0.17,above,913.6,912.08,910.42,912.08,908.76,0.364,49.9,0.031,0,2026-08-21,2026-08-24,False,False,5.0,2026-08-24T10:59:14+05:30
INOXWIND,73.96,TOUCHED,0.11,inside,74.04,73.96,73.96,74.13,73.78,0.482,49.9,0.041,0,2026-08-21,2026-08-24,False,False,5.0,2026-08-24T10:59:14+05:30
ITC,269.7,TOUCHED,-0.48,below,268.4,269.7,270.0,270.3,269.7,0.222,49.9,0.021,0,2026-08-21,2026-08-24,False,False,5.0,2026-08-24T10:59:14+05:30
CONCOR,517.58,TOUCHED,0.71,above,521.25,517.58,516.73,517.58,515.89,0.326,50.1,0.034,0,2026-08-21,2026-08-24,False,False,5.0,2026-08-24T10:59:14+05:30
VTL,600.08,TOUCHED,0.21,inside,601.35,600.08,600.08,601.49,598.67,0.469,51.0,0.031,0,2026-08-21,2026-08-24,False,False,5.0,2026-08-24T10:59:14+05:30
LAURUSLABS,1805.78,TOUCHED,-0.18,below,1802.5,1805.78,1809.57,1813.35,1805.78,0.418,51.2,0.018,0,2026-08-21,2026-08-24,False,False,5.0,2026-08-24T10:59:14+05:30
GRSE,2618.1,TOUCHED,-0.08,inside,2616.0,2618.1,2618.1,2626.4,2609.8,0.634,51.5,0.074,0,2026-08-21,2026-08-24,False,False,5.0,2026-08-24T10:59:14+05:30
COROMANDEL,2000.87,TOUCHED,-2.13,below,1958.2,2000.87,2005.63,2010.4,2000.87,0.475,51.8,0.035,0,2026-08-21,2026-08-24,False,False,5.0,2026-08-24T10:59:14+05:30
INDUSTOWER,374.35,TOUCHED,0.07,inside,374.6,374.35,374.35,375.05,373.65,0.374,51.8,0.022,0,2026-08-21,2026-08-24,False,False,5.0,2026-08-24T10:59:14+05:30
MRF,133307.5,TOUCHED,0.95,above,134570.0,133307.5,133093.33,133307.5,132879.17,0.322,51.8,0.035,0,2026-08-21,2026-08-24,False,False,5.0,2026-08-24T10:59:14+05:30
PNBHOUSING,1172.7,TOUCHED,-0.36,below,1168.5,1172.7,1175.1,1177.5,1172.7,0.408,51.8,0.027,0,2026-08-21,2026-08-24,False,False,5.0,2026-08-24T10:59:14+05:30
HYUNDAI,2223.0,TOUCHED,-0.15,below,2219.7,2223.0,2227.2,2231.4,2223.0,0.377,52.1,0.026,0,2026-08-21,2026-08-24,False,False,5.0,2026-08-24T10:59:14+05:30
SAILIFE,1460.5,TOUCHED,-0.47,below,1453.6,1460.5,1463.6,1466.7,1460.5,0.424,52.1,0.04,0,2026-08-21,2026-08-24,False,False,5.0,2026-08-24T10:59:14+05:30
DIVISLAB,8557.75,TOUCHED,-0.7,below,8498.0,8557.75,8570.83,8583.92,8557.75,0.305,52.3,0.021,0,2026-08-21,2026-08-24,False,False,5.0,2026-08-24T10:59:14+05:30
KFINTECH,977.58,TOUCHED,0.54,above,982.9,977.58,975.15,977.58,972.73,0.497,52.6,0.018,0,2026-08-21,2026-08-24,False,False,5.0,2026-08-24T10:59:14+05:30
JAINREC,296.93,TOUCHED,-0.6,below,295.15,296.93,298.0,299.07,296.93,0.721,52.9,0.062,0,2026-08-21,2026-08-24,False,False,5.0,2026-08-24T10:59:14+05:30
EICHERMOT,8046.25,TOUCHED,0.23,above,8065.0,8046.25,8034.17,8046.25,8022.08,0.301,53.7,0.023,0,2026-08-21,2026-08-24,False,False,5.0,2026-08-24T10:59:14+05:30
SONACOMS,815.77,TOUCHED,0.68,above,821.3,815.77,813.95,815.77,812.12,0.448,53.7,0.031,0,2026-08-21,2026-08-24,False,False,5.0,2026-08-24T10:59:14+05:30
NLCINDIA,271.9,TOUCHED,1.18,above,275.1,271.9,271.2,271.9,270.5,0.516,54.0,0.048,0,2026-08-21,2026-08-24,False,False,5.0,2026-08-24T10:59:14+05:30
M&M,3433.05,TOUCHED,0.0,above,3433.2,3433.05,3426.1,3433.05,3419.15,0.406,54.5,0.026,0,2026-08-21,2026-08-24,False,False,5.0,2026-08-24T10:59:14+05:30
CHAMBLFERT,432.92,TOUCHED,0.17,inside,433.65,432.92,432.92,433.8,432.03,0.408,54.8,0.03,0,2026-08-21,2026-08-24,False,False,5.0,2026-08-24T10:59:14+05:30
MFSL,1578.77,TOUCHED,0.04,inside,1579.4,1578.77,1578.77,1581.88,1575.65,0.395,54.8,0.019,0,2026-08-21,2026-08-24,False,False,5.0,2026-08-24T10:59:14+05:30
PCBL,319.8,TOUCHED,2.56,above,328.0,319.8,319.05,319.8,318.3,0.47,54.8,0.057,0,2026-08-21,2026-08-24,False,False,5.0,2026-08-24T10:59:14+05:30
TMPV,318.48,TOUCHED,-0.04,below,318.35,318.48,319.07,319.65,318.48,0.366,54.8,0.02,0,2026-08-21,2026-08-24,False,False,5.0,2026-08-24T10:59:14+05:30
LGEINDIA,1629.43,TOUCHED,0.16,inside,1632.0,1629.43,1629.43,1632.5,1626.37,0.376,54.9,0.011,0,2026-08-21,2026-08-24,False,False,5.0,2026-08-24T10:59:14+05:30
AUROPHARMA,1618.2,TOUCHED,0.93,above,1633.2,1618.2,1615.1,1618.2,1612.0,0.384,55.1,0.038,0,2026-08-21,2026-08-24,False,False,5.0,2026-08-24T10:59:14+05:30
HINDUNILVR,2017.78,TOUCHED,-0.08,below,2016.1,2017.78,2020.57,2023.35,2017.78,0.275,55.1,0.015,0,2026-08-21,2026-08-24,False,False,5.0,2026-08-24T10:59:14+05:30
MEESHO,206.35,TOUCHED,-1.38,below,203.5,206.35,207.0,207.66,206.35,0.634,55.1,0.029,0,2026-08-21,2026-08-24,False,False,5.0,2026-08-24T10:59:14+05:30
CGPOWER,870.98,TOUCHED,-0.01,inside,870.9,870.98,870.98,872.98,868.99,0.457,55.3,0.035,0,2026-08-21,2026-08-24,False,False,5.0,2026-08-24T10:59:14+05:30
TENNIND,571.05,TOUCHED,-0.64,below,567.4,571.05,572.75,574.45,571.05,0.594,55.5,0.018,0,2026-08-21,2026-08-24,False,False,5.0,2026-08-24T10:59:14+05:30
ADANIPOWER,204.17,TOUCHED,-0.14,below,203.88,204.17,204.61,205.06,204.17,0.435,55.6,0.05,0,2026-08-21,2026-08-24,False,False,5.0,2026-08-24T10:59:14+05:30
TVSMOTOR,4381.27,TOUCHED,0.06,above,4384.0,4381.27,4372.53,4381.27,4363.8,0.399,55.6,0.019,0,2026-08-21,2026-08-24,False,False,5.0,2026-08-24T10:59:14+05:30
HDFCBANK,728.78,TOUCHED,0.08,inside,729.4,728.78,728.78,729.7,727.87,0.252,55.9,0.019,0,2026-08-21,2026-08-24,False,False,5.0,2026-08-24T10:59:14+05:30
TATACHEM,630.6,TOUCHED,0.33,above,632.7,630.6,629.32,630.6,628.03,0.408,56.2,0.02,0,2026-08-21,2026-08-24,False,False,5.0,2026-08-24T10:59:14+05:30
TRIDENT,24.53,TOUCHED,0.12,above,24.56,24.53,24.48,24.53,24.44,0.381,56.2,0.028,0,2026-08-21,2026-08-24,False,False,5.0,2026-08-24T10:59:14+05:30
SIGNATURE,799.0,TOUCHED,-0.17,inside,797.65,799.0,799.0,800.85,797.15,0.463,56.4,0.028,0,2026-08-21,2026-08-24,False,False,5.0,2026-08-24T10:59:14+05:30
CIPLA,1430.17,TOUCHED,0.34,above,1435.0,1430.17,1428.13,1430.17,1426.1,0.285,56.7,0.023,0,2026-08-21,2026-08-24,False,False,5.0,2026-08-24T10:59:14+05:30
NATCOPHARM,887.13,TOUCHED,-0.12,inside,886.05,887.13,887.13,889.5,884.77,0.534,56.7,0.019,0,2026-08-21,2026-08-24,False,False,5.0,2026-08-24T10:59:14+05:30
TATACOMM,1666.8,TOUCHED,0.17,above,1669.6,1666.8,1663.0,1666.8,1659.2,0.457,57.0,0.022,0,2026-08-21,2026-08-24,False,False,5.0,2026-08-24T10:59:14+05:30
IRCON,125.05,TOUCHED,-0.29,below,124.69,125.05,125.39,125.72,125.05,0.532,57.3,0.042,0,2026-08-21,2026-08-24,False,False,5.0,2026-08-24T10:59:14+05:30
WAAREEENER,2685.43,TOUCHED,-0.31,below,2677.2,2685.43,2692.67,2699.9,2685.43,0.537,57.5,0.043,0,2026-08-21,2026-08-24,False,False,5.0,2026-08-24T10:59:14+05:30
SARDAEN,512.13,TOUCHED,-0.5,below,509.55,512.13,513.67,515.2,512.13,0.597,58.1,0.028,0,2026-08-21,2026-08-24,False,False,5.0,2026-08-24T10:59:14+05:30
DMART,3913.4,TOUCHED,-0.49,below,3894.4,3913.4,3920.8,3928.2,3913.4,0.377,58.4,0.028,0,2026-08-21,2026-08-24,False,False,5.0,2026-08-24T10:59:14+05:30
PAYTM,1622.8,TOUCHED,-0.12,inside,1620.9,1622.8,1622.8,1627.4,1618.2,0.567,58.4,0.056,0,2026-08-21,2026-08-24,False,False,5.0,2026-08-24T10:59:14+05:30
INDGN,565.2,TOUCHED,0.19,inside,566.25,565.2,565.2,566.5,563.9,0.46,58.6,0.023,0,2026-08-21,2026-08-24,False,False,5.0,2026-08-24T10:59:14+05:30
DALBHARAT,1884.07,TOUCHED,-0.4,below,1876.5,1884.07,1888.13,1892.2,1884.07,0.431,58.9,0.025,0,2026-08-21,2026-08-24,False,False,5.0,2026-08-24T10:59:14+05:30
TRENT,2938.2,TOUCHED,-0.15,inside,2933.9,2938.2,2938.2,2945.3,2931.1,0.483,58.9,0.045,0,2026-08-21,2026-08-24,False,False,5.0,2026-08-24T10:59:14+05:30
BBTC,1430.47,TOUCHED,-0.41,below,1424.6,1430.47,1433.53,1436.6,1430.47,0.428,59.2,0.029,0,2026-08-21,2026-08-24,False,False,5.0,2026-08-24T10:59:14+05:30
GALLANTT,588.47,TOUCHED,-0.16,inside,587.55,588.47,588.47,590.5,586.43,0.691,59.5,0.062,0,2026-08-21,2026-08-24,False,False,5.0,2026-08-24T10:59:14+05:30
INDIAMART,1745.98,TOUCHED,-0.53,below,1736.8,1745.98,1749.77,1753.55,1745.98,0.432,59.7,0.025,0,2026-08-21,2026-08-24,False,False,5.0,2026-08-24T10:59:14+05:30
POONAWALLA,491.42,TOUCHED,-1.83,below,482.4,491.42,492.78,494.15,491.42,0.555,59.7,0.033,0,2026-08-21,2026-08-24,False,False,5.0,2026-08-24T10:59:14+05:30
GRAPHITE,717.47,TOUCHED,0.66,above,722.2,717.47,715.23,717.47,712.99,0.627,60.3,0.023,0,2026-08-21,2026-08-24,False,False,5.0,2026-08-24T10:59:14+05:30
LTFOODS,431.25,TOUCHED,10.68,above,477.3,431.25,430.03,431.25,428.82,0.566,60.3,0.038,0,2026-08-21,2026-08-24,False,False,5.0,2026-08-24T10:59:14+05:30
LTM,4477.67,TOUCHED,1.33,above,4537.2,4477.67,4467.53,4477.67,4457.4,0.454,60.3,0.032,0,2026-08-21,2026-08-24,False,False,5.0,2026-08-24T10:59:14+05:30
KIRLOSENG,2107.88,TOUCHED,-1.56,below,2075.0,2107.88,2114.97,2122.05,2107.88,0.67,61.4,0.035,0,2026-08-21,2026-08-24,False,False,5.0,2026-08-24T10:59:14+05:30
NYKAA,332.38,TOUCHED,-0.07,inside,332.15,332.38,332.38,333.19,331.57,0.486,61.6,0.027,0,2026-08-21,2026-08-24,False,False,5.0,2026-08-24T10:59:14+05:30
BANKBARODA,245.25,TOUCHED,-1.49,below,241.6,245.25,245.83,246.42,245.25,0.475,62.2,0.012,0,2026-08-21,2026-08-24,False,False,5.0,2026-08-24T10:59:14+05:30
BHARATFORG,2057.55,TOUCHED,0.17,above,2061.0,2057.55,2052.1,2057.55,2046.65,0.531,62.2,0.031,0,2026-08-21,2026-08-24,False,False,5.0,2026-08-24T10:59:14+05:30
JMFINANCIL,129.6,TOUCHED,0.95,above,130.82,129.6,129.14,129.6,128.69,0.699,62.7,0.052,0,2026-08-21,2026-08-24,False,False,5.0,2026-08-24T10:59:14+05:30
POLICYBZR,1789.47,TOUCHED,0.35,above,1795.7,1789.47,1783.73,1789.47,1778.0,0.643,62.7,0.038,0,2026-08-21,2026-08-24,False,False,5.0,2026-08-24T10:59:14+05:30
IRCTC,486.12,TOUCHED,0.11,inside,486.65,486.12,486.12,487.07,485.16,0.394,63.0,0.037,0,2026-08-21,2026-08-24,False,False,5.0,2026-08-24T10:59:14+05:30
IDFCFIRSTB,86.17,TOUCHED,-0.34,below,85.88,86.17,86.36,86.56,86.17,0.448,63.3,0.029,0,2026-08-21,2026-08-24,False,False,5.0,2026-08-24T10:59:14+05:30
TRITURBINE,579.55,TOUCHED,0.79,above,584.15,579.55,577.98,579.55,576.42,0.542,63.3,0.021,0,2026-08-21,2026-08-24,False,False,5.0,2026-08-24T10:59:14+05:30
FSL,275.11,TOUCHED,0.02,above,275.15,275.11,274.17,275.11,273.23,0.687,63.8,0.034,0,2026-08-21,2026-08-24,False,False,5.0,2026-08-24T10:59:14+05:30
MSUMI,38.48,TOUCHED,-1.26,below,37.99,38.48,38.59,38.71,38.48,0.605,64.7,0.031,0,2026-08-21,2026-08-24,False,False,5.0,2026-08-24T10:59:14+05:30
SAIL,175.01,TOUCHED,3.34,above,180.86,175.01,174.49,175.01,173.98,0.592,64.7,0.024,0,2026-08-21,2026-08-24,False,False,5.0,2026-08-24T10:59:14+05:30
TITAGARH,852.25,TOUCHED,0.87,above,859.65,852.25,849.35,852.25,846.45,0.683,64.7,0.052,0,2026-08-21,2026-08-24,False,False,5.0,2026-08-24T10:59:14+05:30
FLUOROCHEM,4633.98,TOUCHED,-0.53,below,4609.5,4633.98,4646.07,4658.15,4633.98,0.52,64.9,0.022,0,2026-08-21,2026-08-24,False,False,5.0,2026-08-24T10:59:14+05:30
OBEROIRLTY,1890.92,TOUCHED,-0.27,below,1885.9,1890.92,1895.83,1900.75,1890.92,0.519,64.9,0.044,0,2026-08-21,2026-08-24,False,False,5.0,2026-08-24T10:59:14+05:30
UNITDSPR,1548.8,TOUCHED,-0.08,inside,1547.6,1548.8,1548.8,1552.4,1545.2,0.465,64.9,0.033,0,2026-08-21,2026-08-24,False,False,5.0,2026-08-24T10:59:14+05:30
BSOFT,304.74,TOUCHED,-0.03,below,304.65,304.74,305.73,306.73,304.74,0.649,65.2,0.04,0,2026-08-21,2026-08-24,False,False,5.0,2026-08-24T10:59:14+05:30
OIL,477.33,TOUCHED,0.08,inside,477.7,477.33,477.33,478.5,476.17,0.489,65.2,0.021,0,2026-08-21,2026-08-24,False,False,5.0,2026-08-24T10:59:14+05:30
NAVINFLUOR,8282.75,TOUCHED,0.53,above,8327.0,8282.75,8257.33,8282.75,8231.92,0.616,65.5,0.045,0,2026-08-21,2026-08-24,False,False,5.0,2026-08-24T10:59:14+05:30
AJANTPHARM,3650.28,TOUCHED,-2.45,below,3560.8,3650.28,3660.77,3671.25,3650.28,0.573,65.8,0.04,0,2026-08-21,2026-08-24,False,False,5.0,2026-08-24T10:59:14+05:30
VIJAYA,1495.0,TOUCHED,-0.05,inside,1494.2,1495.0,1495.0,1499.7,1490.3,0.629,65.8,0.034,0,2026-08-21,2026-08-24,False,False,5.0,2026-08-24T10:59:14+05:30
WOCKPHARMA,1879.0,TOUCHED,0.55,above,1889.3,1879.0,1871.7,1879.0,1864.4,0.78,66.0,0.059,0,2026-08-21,2026-08-24,False,False,5.0,2026-08-24T10:59:14+05:30
ABB,7475.0,TOUCHED,0.94,above,7545.5,7475.0,7458.0,7475.0,7441.0,0.456,66.3,0.023,0,2026-08-21,2026-08-24,False,False,5.0,2026-08-24T10:59:14+05:30
GMRAIRPORT,99.9,TOUCHED,-0.1,below,99.8,99.9,100.18,100.45,99.9,0.546,66.3,0.019,0,2026-08-21,2026-08-24,False,False,5.0,2026-08-24T10:59:14+05:30
LEMONTREE,108.64,TOUCHED,-0.03,below,108.61,108.64,108.95,109.26,108.64,0.566,66.6,0.023,0,2026-08-21,2026-08-24,False,False,5.0,2026-08-24T10:59:14+05:30
ONGC,237.34,TOUCHED,-0.14,inside,237.0,237.34,237.34,237.81,236.87,0.396,66.6,0.028,0,2026-08-21,2026-08-24,False,False,5.0,2026-08-24T10:59:14+05:30
NETWEB,5517.4,TOUCHED,-0.08,below,5512.9,5517.4,5545.27,5573.13,5517.4,1.005,66.8,0.054,0,2026-08-21,2026-08-24,False,False,5.0,2026-08-24T10:59:14+05:30
HONASA,484.83,TOUCHED,-0.23,inside,483.7,484.83,484.83,486.3,483.37,0.605,67.1,0.054,0,2026-08-21,2026-08-24,False,False,5.0,2026-08-24T10:59:14+05:30
ARE&M,921.96,TOUCHED,-0.06,below,921.45,921.96,924.17,926.38,921.96,0.478,67.9,0.023,0,2026-08-21,2026-08-24,False,False,5.0,2026-08-24T10:59:14+05:30
WHIRLPOOL,770.96,TOUCHED,-0.51,below,767.0,770.96,773.42,775.88,770.96,0.636,67.9,0.049,0,2026-08-21,2026-08-24,False,False,5.0,2026-08-24T10:59:14+05:30
GICRE,356.73,TOUCHED,-0.04,below,356.6,356.73,357.7,358.68,356.73,0.545,68.2,0.032,0,2026-08-21,2026-08-24,False,False,5.0,2026-08-24T10:59:14+05:30
FIRSTCRY,197.15,TOUCHED,-0.75,below,195.67,197.15,197.98,198.8,197.15,0.832,68.8,0.06,0,2026-08-21,2026-08-24,False,False,5.0,2026-08-24T10:59:14+05:30
ATGL,649.97,TOUCHED,-0.18,inside,648.8,649.97,649.97,651.9,648.03,0.595,69.0,0.031,0,2026-08-21,2026-08-24,False,False,5.0,2026-08-24T10:59:14+05:30
BAJAJHFL,85.03,TOUCHED,-0.47,below,84.63,85.03,85.21,85.4,85.03,0.426,69.0,0.024,0,2026-08-21,2026-08-24,False,False,5.0,2026-08-24T10:59:14+05:30
HBLENGINE,705.37,TOUCHED,-1.22,below,696.75,705.37,708.18,711.0,705.37,0.795,69.0,0.035,0,2026-08-21,2026-08-24,False,False,5.0,2026-08-24T10:59:14+05:30
SYNGENE,403.73,TOUCHED,-0.33,below,402.4,403.73,404.9,406.08,403.73,0.58,69.0,0.026,0,2026-08-21,2026-08-24,False,False,5.0,2026-08-24T10:59:14+05:30
BAJAJFINSV,2023.33,TOUCHED,-0.14,inside,2020.6,2023.33,2023.33,2027.92,2018.75,0.453,69.9,0.02,0,2026-08-21,2026-08-24,False,False,5.0,2026-08-24T10:59:14+05:30
CARTRADE,3057.77,TOUCHED,2.22,above,3125.6,3057.77,3042.63,3057.77,3027.5,0.995,69.9,0.061,0,2026-08-21,2026-08-24,False,False,5.0,2026-08-24T10:59:14+05:30
MAPMYINDIA,987.35,TOUCHED,-1.28,below,974.7,987.35,990.8,994.25,987.35,0.696,69.9,0.031,0,2026-08-21,2026-08-24,False,False,5.0,2026-08-24T10:59:14+05:30
ACUTAAS,3209.5,TOUCHED,0.67,above,3231.0,3209.5,3196.0,3209.5,3182.5,0.845,70.1,0.036,0,2026-08-21,2026-08-24,False,False,5.0,2026-08-24T10:59:14+05:30
HCLTECH,1312.1,TOUCHED,0.75,above,1322.0,1312.1,1308.9,1312.1,1305.7,0.489,70.1,0.024,0,2026-08-21,2026-08-24,False,False,5.0,2026-08-24T10:59:14+05:30
UBL,1346.0,TOUCHED,0.45,above,1352.0,1346.0,1343.1,1346.0,1340.2,0.432,70.1,0.026,0,2026-08-21,2026-08-24,False,False,5.0,2026-08-24T10:59:14+05:30
ANANTRAJ,627.66,TOUCHED,-0.54,below,624.3,627.66,630.32,632.98,627.66,0.843,70.4,0.073,0,2026-08-21,2026-08-24,False,False,5.0,2026-08-24T10:59:14+05:30
PINELABS,158.51,TOUCHED,0.25,inside,158.9,158.51,158.51,159.31,157.71,1.007,70.6,0.059,0,2026-08-21,2026-08-24,False,False,5.0,2026-08-24T10:59:14+05:30
GPIL,247.06,TOUCHED,0.3,inside,247.81,247.06,247.06,248.04,246.07,0.797,70.7,0.029,0,2026-08-21,2026-08-24,False,False,5.0,2026-08-24T10:59:14+05:30
NESTLEIND,1470.5,TOUCHED,-0.17,inside,1468.0,1470.5,1470.5,1473.8,1467.2,0.449,71.0,0.033,0,2026-08-21,2026-08-24,False,False,5.0,2026-08-24T10:59:14+05:30
COFORGE,1884.92,TOUCHED,0.23,above,1889.2,1884.92,1878.13,1884.92,1871.35,0.722,71.5,0.032,0,2026-08-21,2026-08-24,False,False,5.0,2026-08-24T10:59:14+05:30
HEROMOTOCO,5704.0,TOUCHED,-0.08,inside,5699.5,5704.0,5704.0,5719.5,5688.5,0.543,71.8,0.017,0,2026-08-21,2026-08-24,False,False,5.0,2026-08-24T10:59:14+05:30
AADHARHFC,465.38,TOUCHED,-0.28,inside,464.1,465.38,465.38,466.8,463.97,0.609,72.9,0.025,0,2026-08-21,2026-08-24,False,False,5.0,2026-08-24T10:59:14+05:30
SAPPHIRE,245.5,TOUCHED,0.37,above,246.4,245.5,244.45,245.5,243.39,0.862,73.2,0.05,0,2026-08-21,2026-08-24,False,False,5.0,2026-08-24T10:59:14+05:30
THERMAX,3981.62,TOUCHED,-0.04,below,3980.1,3981.62,3995.43,4009.25,3981.62,0.692,73.2,0.022,0,2026-08-21,2026-08-24,False,False,5.0,2026-08-24T10:59:14+05:30
CUMMINSIND,5139.17,TOUCHED,-0.1,inside,5134.0,5139.17,5139.17,5155.0,5123.33,0.616,73.4,0.018,0,2026-08-21,2026-08-24,False,False,5.0,2026-08-24T10:59:14+05:30
FACT,791.7,TOUCHED,0.17,above,793.05,791.7,788.9,791.7,786.1,0.71,73.7,0.056,0,2026-08-21,2026-08-24,False,False,5.0,2026-08-24T10:59:14+05:30
SBILIFE,1784.8,TOUCHED,-0.13,inside,1782.4,1784.8,1784.8,1788.85,1780.75,0.454,74.2,0.015,0,2026-08-21,2026-08-24,False,False,5.0,2026-08-24T10:59:14+05:30
TITAN,5062.5,TOUCHED,-0.07,inside,5059.0,5062.5,5062.5,5074.3,5050.7,0.466,74.8,0.015,0,2026-08-21,2026-08-24,False,False,5.0,2026-08-24T10:59:14+05:30
AEGISVOPAK,273.63,TOUCHED,0.08,inside,273.85,273.63,273.63,274.97,272.3,0.975,75.6,0.04,0,2026-08-21,2026-08-24,False,False,5.0,2026-08-24T10:59:14+05:30
ZFCVINDIA,2652.98,TOUCHED,0.19,above,2657.9,2652.98,2643.97,2652.98,2634.95,0.682,75.6,0.038,0,2026-08-21,2026-08-24,False,False,5.0,2026-08-24T10:59:14+05:30
HEXT,540.02,TOUCHED,2.86,above,555.45,540.02,537.5,540.02,534.98,0.94,75.9,0.045,0,2026-08-21,2026-08-24,False,False,5.0,2026-08-24T10:59:14+05:30
FEDERALBNK,359.05,TOUCHED,0.08,inside,359.35,359.05,359.05,360.02,358.07,0.543,76.2,0.027,0,2026-08-21,2026-08-24,False,False,5.0,2026-08-24T10:59:14+05:30
HINDZINC,592.95,TOUCHED,0.85,above,598.0,592.95,591.0,592.95,589.05,0.66,76.2,0.041,0,2026-08-21,2026-08-24,False,False,5.0,2026-08-24T10:59:14+05:30
TCS,2296.42,TOUCHED,0.26,above,2302.3,2296.42,2290.83,2296.42,2285.25,0.487,76.4,0.029,0,2026-08-21,2026-08-24,False,False,5.0,2026-08-24T10:59:14+05:30
AWL,190.01,TOUCHED,0.49,above,190.94,190.01,189.38,190.01,188.75,0.665,77.0,0.044,0,2026-08-21,2026-08-24,False,False,5.0,2026-08-24T10:59:14+05:30
BATAINDIA,703.12,TOUCHED,-1.93,below,689.55,703.12,705.2,707.27,703.12,0.588,77.0,0.022,0,2026-08-21,2026-08-24,False,False,5.0,2026-08-24T10:59:14+05:30
SAREGAMA,513.05,TOUCHED,0.34,above,514.8,513.05,510.88,513.05,508.72,0.848,77.0,0.041,0,2026-08-21,2026-08-24,False,False,5.0,2026-08-24T10:59:14+05:30
SCHNEIDER,1224.02,TOUCHED,-2.49,below,1193.5,1224.02,1230.73,1237.45,1224.02,1.091,77.3,0.027,0,2026-08-21,2026-08-24,False,False,5.0,2026-08-24T10:59:14+05:30
RAINBOW,1442.57,TOUCHED,0.31,inside,1447.0,1442.57,1442.57,1447.25,1437.88,0.649,77.5,0.037,0,2026-08-21,2026-08-24,False,False,5.0,2026-08-24T10:59:14+05:30
DEVYANI,146.25,TOUCHED,0.84,above,147.48,146.25,145.63,146.25,145.02,0.847,78.1,0.04,0,2026-08-21,2026-08-24,False,False,5.0,2026-08-24T10:59:14+05:30
ZYDUSWELL,497.17,TOUCHED,2.38,above,509.0,497.17,495.05,497.17,492.92,0.858,78.4,0.035,0,2026-08-21,2026-08-24,False,False,5.0,2026-08-24T10:59:14+05:30
GLAXO,2913.03,TOUCHED,-0.34,below,2903.0,2913.03,2923.87,2934.7,2913.03,0.741,78.9,0.026,0,2026-08-21,2026-08-24,False,False,5.0,2026-08-24T10:59:14+05:30
JSL,707.12,TOUCHED,-0.09,inside,706.45,707.12,707.12,710.0,704.23,0.816,80.0,0.041,0,2026-08-21,2026-08-24,False,False,5.0,2026-08-24T10:59:14+05:30
TEGA,1749.87,TOUCHED,-1.05,below,1731.5,1749.87,1756.53,1763.2,1749.87,0.759,80.0,0.043,0,2026-08-21,2026-08-24,False,False,5.0,2026-08-24T10:59:14+05:30
ANTHEM,881.9,TOUCHED,1.24,above,892.8,881.9,878.42,881.9,874.93,0.793,80.2,0.042,0,2026-08-21,2026-08-24,False,False,5.0,2026-08-24T10:59:14+05:30
IGL,148.41,TOUCHED,-0.38,below,147.85,148.41,148.95,149.49,148.41,0.723,80.3,0.047,0,2026-08-21,2026-08-24,False,False,5.0,2026-08-24T10:59:14+05:30
POWERGRID,270.85,TOUCHED,-0.07,inside,270.65,270.85,270.85,271.62,270.08,0.572,80.3,0.017,0,2026-08-21,2026-08-24,False,False,5.0,2026-08-24T10:59:14+05:30
ACE,1167.05,TOUCHED,-0.3,below,1163.6,1167.05,1172.1,1177.15,1167.05,0.862,80.5,0.049,0,2026-08-21,2026-08-24,False,False,5.0,2026-08-24T10:59:14+05:30
ABREL,1425.75,TOUCHED,1.98,above,1454.0,1425.75,1419.27,1425.75,1412.78,0.914,80.8,0.025,0,2026-08-21,2026-08-24,False,False,5.0,2026-08-24T10:59:14+05:30
MGL,1128.0,TOUCHED,1.22,above,1141.8,1128.0,1123.4,1128.0,1118.8,0.819,81.1,0.034,0,2026-08-21,2026-08-24,False,False,5.0,2026-08-24T10:59:14+05:30
AUBANK,1100.1,TOUCHED,0.23,inside,1102.6,1100.1,1100.1,1104.15,1096.05,0.736,81.9,0.016,0,2026-08-21,2026-08-24,False,False,5.0,2026-08-24T10:59:14+05:30
CCL,1087.15,TOUCHED,-0.34,below,1083.5,1087.15,1092.0,1096.85,1087.15,0.888,81.9,0.021,0,2026-08-21,2026-08-24,False,False,5.0,2026-08-24T10:59:14+05:30
ZYDUSLIFE,1113.13,TOUCHED,-0.06,inside,1112.5,1113.13,1113.13,1116.57,1109.7,0.617,81.9,0.024,0,2026-08-21,2026-08-24,False,False,5.0,2026-08-24T10:59:14+05:30
POLYCAB,8999.17,TOUCHED,-0.07,below,8993.0,8999.17,9032.33,9065.5,8999.17,0.734,82.2,0.033,0,2026-08-21,2026-08-24,False,False,5.0,2026-08-24T10:59:14+05:30
MINDACORP,730.78,TOUCHED,-0.32,below,728.45,730.78,733.72,736.65,730.78,0.8,82.5,0.038,0,2026-08-21,2026-08-24,False,False,5.0,2026-08-24T10:59:14+05:30
CYIENT,903.68,TOUCHED,0.04,above,904.0,903.68,900.0,903.68,896.33,0.817,82.7,0.024,0,2026-08-21,2026-08-24,False,False,5.0,2026-08-24T10:59:14+05:30
FINCABLES,1271.17,TOUCHED,0.29,inside,1274.9,1271.17,1271.17,1276.5,1265.83,0.839,82.7,0.019,0,2026-08-21,2026-08-24,False,False,5.0,2026-08-24T10:59:14+05:30
POLYMED,1737.73,TOUCHED,0.33,inside,1743.5,1737.73,1737.73,1746.9,1728.57,1.055,83.8,0.045,0,2026-08-21,2026-08-24,False,False,5.0,2026-08-24T10:59:14+05:30
PPLPHARMA,214.66,TOUCHED,-0.85,below,212.83,214.66,215.65,216.64,214.66,0.918,83.8,0.044,0,2026-08-21,2026-08-24,False,False,5.0,2026-08-24T10:59:14+05:30
ASAHIINDIA,956.73,TOUCHED,0.08,inside,957.5,956.73,956.73,961.24,952.23,0.942,84.7,0.045,0,2026-08-21,2026-08-24,False,False,5.0,2026-08-24T10:59:14+05:30
JBMA,667.77,TOUCHED,-0.34,inside,665.5,667.77,667.77,670.86,664.67,0.926,85.5,0.033,0,2026-08-21,2026-08-24,False,False,5.0,2026-08-24T10:59:14+05:30
NIVABUPA,82.28,TOUCHED,0.51,above,82.7,82.28,81.93,82.28,81.59,0.838,85.8,0.018,0,2026-08-21,2026-08-24,False,False,5.0,2026-08-24T10:59:14+05:30
RPOWER,23.11,TOUCHED,0.66,inside,23.26,23.11,23.11,23.28,22.93,1.486,86.0,0.076,0,2026-08-21,2026-08-24,False,False,5.0,2026-08-24T10:59:14+05:30
MARUTI,13605.67,TOUCHED,-0.12,below,13590.0,13605.67,13646.33,13687.0,13605.67,0.596,86.3,0.015,0,2026-08-21,2026-08-24,False,False,5.0,2026-08-24T10:59:14+05:30
RVNL,226.31,TOUCHED,-1.21,below,223.57,226.31,227.33,228.34,226.31,0.892,86.3,0.034,0,2026-08-21,2026-08-24,False,False,5.0,2026-08-24T10:59:14+05:30
BALRAMCHIN,732.73,TOUCHED,-0.67,below,727.8,732.73,736.12,739.5,732.73,0.919,86.6,0.025,0,2026-08-21,2026-08-24,False,False,5.0,2026-08-24T10:59:14+05:30
CANHLIFE,154.49,TOUCHED,1.33,above,156.55,154.49,153.74,154.49,152.99,0.976,88.2,0.02,0,2026-08-21,2026-08-24,False,False,5.0,2026-08-24T10:59:14+05:30
USHAMART,486.23,TOUCHED,0.26,inside,487.5,486.23,486.23,488.7,483.77,1.015,88.5,0.035,0,2026-08-21,2026-08-24,False,False,5.0,2026-08-24T10:59:14+05:30
SUMICHEM,537.73,TOUCHED,-0.06,below,537.4,537.73,540.82,543.9,537.73,1.14,88.8,0.039,0,2026-08-21,2026-08-24,False,False,5.0,2026-08-24T10:59:14+05:30
URBANCO,157.57,TOUCHED,6.77,above,168.23,157.57,156.53,157.57,155.5,1.32,88.8,0.046,0,2026-08-21,2026-08-24,False,False,5.0,2026-08-24T10:59:14+05:30
VBL,432.02,TOUCHED,-1.33,below,426.25,432.02,433.93,435.85,432.02,0.883,88.8,0.03,0,2026-08-21,2026-08-24,False,False,5.0,2026-08-24T10:59:14+05:30
AEGISLOG,1389.5,TOUCHED,-0.4,below,1383.9,1389.5,1398.97,1408.43,1389.5,1.353,89.3,0.033,0,2026-08-21,2026-08-24,False,False,5.0,2026-08-24T10:59:14+05:30
JYOTICNC,976.25,TOUCHED,-0.38,inside,972.5,976.25,976.25,982.52,969.98,1.286,89.9,0.027,0,2026-08-21,2026-08-24,False,False,5.0,2026-08-24T10:59:14+05:30
LENSKART,657.4,TOUCHED,0.17,above,658.5,657.4,653.4,657.4,649.4,1.224,90.9,0.031,0,2026-08-21,2026-08-24,False,False,5.0,2026-08-24T10:59:14+05:30
VEDL,275.9,TOUCHED,-0.56,inside,274.35,275.9,275.9,277.45,274.35,1.124,93.2,0.028,0,2026-08-21,2026-08-24,False,False,5.0,2026-08-24T10:59:14+05:30
BLUEJET,596.23,V+N,1.25,above,603.7,596.23,596.2,596.23,596.18,0.008,1.9,0.042,1,2026-08-21,2026-08-24,True,True,5.0,2026-08-24T11:59:17+05:30
GABRIEL,1420.55,V+N,-2.69,below,1382.3,1420.55,1420.57,1420.58,1420.55,0.002,2.2,0.033,1,2026-08-21,2026-08-24,True,True,5.0,2026-08-24T11:59:17+05:30
LUPIN,2201.98,V+N,-0.89,below,2182.3,2201.98,2202.17,2202.35,2201.98,0.017,3.0,0.027,1,2026-08-21,2026-08-24,True,True,5.0,2026-08-24T11:59:17+05:30
IOC,135.93,V+N,1.16,above,137.5,135.93,135.92,135.93,135.91,0.012,3.8,0.021,1,2026-08-21,2026-08-24,True,True,5.0,2026-08-24T11:59:17+05:30
LTF,317.12,V+N,0.59,above,319.0,317.12,317.08,317.12,317.05,0.021,3.8,0.028,1,2026-08-21,2026-08-24,True,True,5.0,2026-08-24T11:59:17+05:30
JKTYRE,374.85,V+N,1.37,above,380.0,374.85,374.8,374.85,374.75,0.027,4.4,0.034,1,2026-08-21,2026-08-24,True,True,5.0,2026-08-24T11:59:17+05:30
GESHIP,1311.08,V+N,1.06,above,1325.0,1311.08,1310.87,1311.08,1310.65,0.033,4.7,0.034,1,2026-08-21,2026-08-24,True,True,5.0,2026-08-24T11:59:17+05:30
NCC,148.28,V+W,0.22,above,148.6,148.28,146.99,148.28,145.71,1.746,98.9,0.027,1,2026-08-21,2026-08-24,True,False,5.0,2026-08-24T11:59:17+05:30
COCHINSHIP,1480.05,V,1.47,above,1501.8,1480.05,1479.6,1480.05,1479.15,0.061,6.3,0.043,1,2026-08-21,2026-08-24,True,False,5.0,2026-08-24T11:59:17+05:30
JINDALSTEL,1127.52,V,0.99,above,1138.7,1127.52,1127.23,1127.52,1126.95,0.05,7.9,0.034,1,2026-08-21,2026-08-24,True,False,5.0,2026-08-24T11:59:17+05:30
NH,1815.27,V,2.51,above,1860.9,1815.27,1814.73,1815.27,1814.2,0.059,8.5,0.034,1,2026-08-21,2026-08-24,True,False,5.0,2026-08-24T11:59:17+05:30
MUTHOOTFIN,3025.05,V,5.04,above,3177.4,3025.05,3024.03,3025.05,3023.02,0.067,9.3,0.04,1,2026-08-21,2026-08-24,True,False,5.0,2026-08-24T11:59:17+05:30
ITCHOTELS,165.18,V,0.31,above,165.68,165.18,165.11,165.18,165.04,0.079,9.9,0.038,1,2026-08-21,2026-08-24,True,False,5.0,2026-08-24T11:59:17+05:30
CRAFTSMAN,10639.33,V,0.57,above,10700.5,10639.33,10634.17,10639.33,10629.0,0.097,11.8,0.053,1,2026-08-21,2026-08-24,True,False,5.0,2026-08-24T11:59:17+05:30
JSWCEMENT,125.98,V,1.18,above,127.47,125.98,125.92,125.98,125.85,0.098,12.5,0.036,1,2026-08-21,2026-08-24,True,False,5.0,2026-08-24T11:59:17+05:30
TEJASNET,510.09,V,0.86,above,514.5,510.09,509.73,510.09,509.38,0.141,12.9,0.046,1,2026-08-21,2026-08-24,True,False,5.0,2026-08-24T11:59:17+05:30
NSLNISP,39.86,V,0.19,above,39.94,39.86,39.84,39.86,39.82,0.126,13.2,0.033,1,2026-08-21,2026-08-24,True,False,5.0,2026-08-24T11:59:17+05:30
EIDPARRY,798.38,V,6.51,above,850.35,798.38,798.02,798.38,797.66,0.09,13.4,0.032,1,2026-08-21,2026-08-24,True,False,5.0,2026-08-24T11:59:17+05:30
SYRMA,1437.88,V,1.41,above,1458.1,1437.88,1436.47,1437.88,1435.05,0.197,17.3,0.045,1,2026-08-21,2026-08-24,True,False,5.0,2026-08-24T11:59:17+05:30
3MINDIA,33622.5,V,0.47,above,33780.0,33622.5,33605.0,33622.5,33587.5,0.104,18.4,0.027,1,2026-08-21,2026-08-24,True,False,5.0,2026-08-24T11:59:17+05:30
HINDALCO,1033.51,V,1.81,above,1052.2,1033.51,1033.02,1033.51,1032.52,0.095,19.5,0.011,1,2026-08-21,2026-08-24,True,False,5.0,2026-08-24T11:59:17+05:30
IDBI,82.17,V,1.42,above,83.34,82.17,82.1,82.17,82.03,0.166,19.5,0.037,1,2026-08-21,2026-08-24,True,False,5.0,2026-08-24T11:59:17+05:30
JSWENERGY,546.1,V,0.34,above,547.95,546.1,545.72,546.1,545.33,0.14,20.5,0.021,1,2026-08-21,2026-08-24,True,False,5.0,2026-08-24T11:59:17+05:30
REDINGTON,350.07,V,4.58,above,366.1,350.07,349.6,350.07,349.12,0.272,23.3,0.038,1,2026-08-21,2026-08-24,True,False,5.0,2026-08-24T11:59:17+05:30
RHIM,374.86,V,0.97,above,378.5,374.86,374.47,374.86,374.07,0.209,23.6,0.029,1,2026-08-21,2026-08-24,True,False,5.0,2026-08-24T11:59:17+05:30
RAILTEL,287.61,V,-1.97,below,281.95,287.61,287.97,288.32,287.61,0.249,26.6,0.041,1,2026-08-21,2026-08-24,True,False,5.0,2026-08-24T11:59:17+05:30
BAJFINANCE,1096.02,V,-0.88,below,1086.4,1096.02,1097.03,1098.05,1096.02,0.185,30.4,0.027,1,2026-08-21,2026-08-24,True,False,5.0,2026-08-24T11:59:17+05:30
ATHERENERG,1458.77,V,0.36,above,1464.0,1458.77,1455.53,1458.77,1452.3,0.444,37.6,0.063,1,2026-08-21,2026-08-24,True,False,5.0,2026-08-24T11:59:17+05:30
JSWSTEEL,1292.35,V,1.57,above,1312.7,1292.35,1291.0,1292.35,1289.65,0.209,38.1,0.024,1,2026-08-21,2026-08-24,True,False,5.0,2026-08-24T11:59:17+05:30
AIIL,551.1,V,0.63,above,554.55,551.1,549.95,551.1,548.8,0.418,38.4,0.055,1,2026-08-21,2026-08-24,True,False,5.0,2026-08-24T11:59:17+05:30
COALINDIA,404.73,V,0.31,above,406.0,404.73,404.27,404.73,403.8,0.231,39.7,0.023,1,2026-08-21,2026-08-24,True,False,5.0,2026-08-24T11:59:17+05:30
FIVESTAR,522.05,V,-2.81,below,507.4,522.05,523.15,524.25,522.05,0.421,41.1,0.041,1,2026-08-21,2026-08-24,True,False,5.0,2026-08-24T11:59:17+05:30
PIDILITIND,1650.75,V,-0.4,below,1644.2,1650.75,1652.5,1654.25,1650.75,0.212,41.4,0.026,1,2026-08-21,2026-08-24,True,False,5.0,2026-08-24T11:59:17+05:30
GODREJCP,934.3,V,-1.26,below,922.5,934.3,935.6,936.9,934.3,0.278,41.9,0.023,1,2026-08-21,2026-08-24,True,False,5.0,2026-08-24T11:59:17+05:30
PFOCUS,295.84,V,2.76,above,304.0,295.84,294.73,295.84,293.62,0.752,44.4,0.053,1,2026-08-21,2026-08-24,True,False,5.0,2026-08-24T11:59:17+05:30
KALYANKJIL,602.27,V,0.24,above,603.7,602.27,600.98,602.27,599.7,0.427,44.7,0.039,1,2026-08-21,2026-08-24,True,False,5.0,2026-08-24T11:59:17+05:30
CREDITACC,1499.42,V,-3.3,below,1450.0,1499.42,1502.73,1506.05,1499.42,0.441,45.8,0.035,1,2026-08-21,2026-08-24,True,False,5.0,2026-08-24T11:59:17+05:30
HFCL,227.31,V,5.1,above,238.9,227.31,226.61,227.31,225.92,0.616,49.3,0.028,1,2026-08-21,2026-08-24,True,False,5.0,2026-08-24T11:59:17+05:30
MARICO,850.55,V,-0.72,below,844.45,850.55,851.85,853.15,850.55,0.305,50.7,0.018,1,2026-08-21,2026-08-24,True,False,5.0,2026-08-24T11:59:17+05:30
HOMEFIRST,1196.8,V,-0.73,below,1188.1,1196.8,1199.9,1203.0,1196.8,0.517,52.3,0.042,1,2026-08-21,2026-08-24,True,False,5.0,2026-08-24T11:59:17+05:30
CROMPTON,252.48,V,-2.88,below,245.2,252.48,252.95,253.43,252.48,0.376,52.6,0.025,1,2026-08-21,2026-08-24,True,False,5.0,2026-08-24T11:59:17+05:30
HAL,5010.67,V,-2.19,below,4901.0,5010.67,5021.33,5032.0,5010.67,0.425,53.4,0.035,1,2026-08-21,2026-08-24,True,False,5.0,2026-08-24T11:59:17+05:30
RADICO,4649.7,V,-1.09,below,4599.2,4649.7,4659.6,4669.5,4649.7,0.425,54.2,0.021,1,2026-08-21,2026-08-24,True,False,5.0,2026-08-24T11:59:17+05:30
TATAELXSI,3700.43,V,0.1,above,3704.2,3700.43,3692.87,3700.43,3685.3,0.41,55.1,0.034,1,2026-08-21,2026-08-24,True,False,5.0,2026-08-24T11:59:17+05:30
VMM,104.16,V,8.16,above,112.66,104.16,103.92,104.16,103.67,0.472,55.9,0.026,1,2026-08-21,2026-08-24,True,False,5.0,2026-08-24T11:59:17+05:30
MANAPPURAM,356.64,V,2.46,above,365.4,356.64,355.78,356.64,354.93,0.483,58.1,0.027,1,2026-08-21,2026-08-24,True,False,5.0,2026-08-24T11:59:17+05:30
CGCL,223.44,V,0.62,above,224.83,223.44,222.85,223.44,222.26,0.528,58.4,0.049,1,2026-08-21,2026-08-24,True,False,5.0,2026-08-24T11:59:17+05:30
NATIONALUM,392.32,V,2.21,above,401.0,392.32,391.19,392.32,390.06,0.578,58.6,0.04,1,2026-08-21,2026-08-24,True,False,5.0,2026-08-24T11:59:17+05:30
NUVAMA,1738.28,V,1.36,above,1762.0,1738.28,1732.97,1738.28,1727.65,0.614,60.5,0.025,1,2026-08-21,2026-08-24,True,False,5.0,2026-08-24T11:59:17+05:30
MPHASIS,2423.85,V,0.44,above,2434.5,2423.85,2417.7,2423.85,2411.55,0.509,60.8,0.024,1,2026-08-21,2026-08-24,True,False,5.0,2026-08-24T11:59:17+05:30
TARIL,297.43,V,3.37,above,307.45,297.43,296.22,297.43,295.0,0.821,63.8,0.054,1,2026-08-21,2026-08-24,True,False,5.0,2026-08-24T11:59:17+05:30
CANFINHOME,832.86,V,-2.41,below,812.8,832.86,835.27,837.67,832.86,0.577,67.4,0.02,1,2026-08-21,2026-08-24,True,False,5.0,2026-08-24T11:59:17+05:30
MMTC,65.6,V,-1.47,below,64.64,65.6,65.83,66.05,65.6,0.679,69.0,0.051,1,2026-08-21,2026-08-24,True,False,5.0,2026-08-24T11:59:17+05:30
RRKABEL,2909.77,V,0.9,above,2935.9,2909.77,2900.23,2909.77,2890.7,0.657,69.0,0.045,1,2026-08-21,2026-08-24,True,False,5.0,2026-08-24T11:59:17+05:30
COHANCE,465.01,V,-2.88,below,451.6,465.01,467.02,469.02,465.01,0.86,77.3,0.022,1,2026-08-21,2026-08-24,True,False,5.0,2026-08-24T11:59:17+05:30
APOLLOTYRE,438.24,V,1.82,above,446.2,438.24,436.78,438.24,435.32,0.668,77.8,0.038,1,2026-08-21,2026-08-24,True,False,5.0,2026-08-24T11:59:17+05:30
CDSL,1383.88,V,0.81,above,1395.1,1383.88,1378.87,1383.88,1373.85,0.728,77.8,0.036,1,2026-08-21,2026-08-24,True,False,5.0,2026-08-24T11:59:17+05:30
BRIGADE,636.47,V,0.62,above,640.45,636.47,633.65,636.47,630.83,0.892,79.7,0.024,1,2026-08-21,2026-08-24,True,False,5.0,2026-08-24T11:59:17+05:30
ENGINERSIN,243.72,V,1.28,above,246.85,243.72,242.53,243.72,241.35,0.98,79.7,0.038,1,2026-08-21,2026-08-24,True,False,5.0,2026-08-24T11:59:17+05:30
SBICARD,646.9,V,0.68,above,651.3,646.9,644.8,646.9,642.7,0.651,80.3,0.029,1,2026-08-21,2026-08-24,True,False,5.0,2026-08-24T11:59:17+05:30
GODIGIT,261.85,V,0.38,above,262.85,261.85,260.8,261.85,259.75,0.805,85.2,0.028,1,2026-08-21,2026-08-24,True,False,5.0,2026-08-24T11:59:17+05:30
KEI,5557.83,V,-1.17,below,5492.9,5557.83,5588.07,5618.3,5557.83,1.082,91.5,0.026,1,2026-08-21,2026-08-24,True,False,5.0,2026-08-24T11:59:17+05:30
IIFL,675.23,V,3.94,above,701.85,675.23,670.67,675.23,666.1,1.362,92.3,0.026,1,2026-08-21,2026-08-24,True,False,5.0,2026-08-24T11:59:17+05:30
TORNTPHARM,4916.58,V,-0.59,below,4887.5,4916.58,4936.67,4956.75,4916.58,0.814,93.2,0.023,1,2026-08-21,2026-08-24,True,False,5.0,2026-08-24T11:59:17+05:30
PTCIL,20467.67,V,2.35,above,20948.0,20467.67,20306.33,20467.67,20145.0,1.589,94.8,0.025,1,2026-08-21,2026-08-24,True,False,5.0,2026-08-24T11:59:17+05:30
BRITANNIA,5389.17,V,-1.78,below,5293.0,5389.17,5413.33,5437.5,5389.17,0.893,95.1,0.021,1,2026-08-21,2026-08-24,True,False,5.0,2026-08-24T11:59:17+05:30
PAGEIND,35480.0,NARROW,0.24,above,35565.0,35480.0,35480.0,35480.0,35480.0,0.0,0.0,0.027,0,2026-08-21,2026-08-24,False,True,5.0,2026-08-24T11:59:17+05:30
ASHOKLEY,173.0,NARROW,-0.21,below,172.63,173.0,173.0,173.0,173.0,0.002,1.4,0.024,0,2026-08-21,2026-08-24,False,True,5.0,2026-08-24T11:59:17+05:30
SIEMENS,3919.98,NARROW,3.62,above,4062.0,3919.98,3919.97,3919.98,3919.95,0.001,1.4,0.018,0,2026-08-21,2026-08-24,False,True,5.0,2026-08-24T11:59:17+05:30
AFFLE,1718.63,NARROW,0.26,above,1723.1,1718.63,1718.57,1718.63,1718.5,0.008,1.6,0.028,0,2026-08-21,2026-08-24,False,True,5.0,2026-08-24T11:59:17+05:30
HDFCAMC,2609.98,NARROW,0.03,above,2610.8,2609.98,2609.97,2609.98,2609.95,0.001,1.6,0.023,0,2026-08-21,2026-08-24,False,True,5.0,2026-08-24T11:59:17+05:30
PIIND,2496.75,NARROW,-0.63,below,2481.0,2496.75,2496.77,2496.78,2496.75,0.001,1.6,0.018,0,2026-08-21,2026-08-24,False,True,5.0,2026-08-24T11:59:17+05:30
NUVOCO,322.07,NARROW,-0.5,below,320.45,322.07,322.08,322.1,322.07,0.01,1.9,0.039,0,2026-08-21,2026-08-24,False,True,5.0,2026-08-24T11:59:17+05:30
PIRAMALFIN,2180.75,NARROW,-2.51,below,2126.1,2180.75,2180.77,2180.78,2180.75,0.002,2.0,0.043,0,2026-08-21,2026-08-24,False,True,5.0,2026-08-24T11:59:17+05:30
ATUL,6509.58,NARROW,-0.5,below,6477.0,6509.58,6509.67,6509.75,6509.58,0.003,2.5,0.013,0,2026-08-21,2026-08-24,False,True,5.0,2026-08-24T11:59:17+05:30
CAMS,753.25,NARROW,0.76,above,759.0,753.25,753.17,753.25,753.08,0.022,2.5,0.04,0,2026-08-21,2026-08-24,False,True,5.0,2026-08-24T11:59:17+05:30
APOLLOHOSP,8692.0,NARROW,-0.6,below,8640.0,8692.0,8692.33,8692.67,8692.0,0.008,3.3,0.014,0,2026-08-21,2026-08-24,False,True,5.0,2026-08-24T11:59:17+05:30
INDHOTEL,729.9,NARROW,-0.38,below,727.1,729.9,729.93,729.97,729.9,0.009,3.3,0.019,0,2026-08-21,2026-08-24,False,True,5.0,2026-08-24T11:59:17+05:30
BHEL,412.88,NARROW,-0.51,below,410.75,412.88,412.92,412.96,412.88,0.02,3.6,0.045,0,2026-08-21,2026-08-24,False,True,5.0,2026-08-24T11:59:17+05:30
PHOENIXLTD,1928.95,NARROW,-0.38,below,1921.6,1928.95,1929.3,1929.65,1928.95,0.036,3.6,0.045,0,2026-08-21,2026-08-24,False,True,5.0,2026-08-24T11:59:17+05:30
CHENNPETRO,1394.0,NARROW,2.2,above,1424.6,1394.0,1393.83,1394.0,1393.67,0.024,4.1,0.026,0,2026-08-21,2026-08-24,False,True,5.0,2026-08-24T11:59:17+05:30
ENRIN,3436.75,NARROW,1.52,above,3488.9,3436.75,3436.37,3436.75,3435.98,0.022,4.1,0.025,0,2026-08-21,2026-08-24,False,True,5.0,2026-08-24T11:59:17+05:30
SUPREMEIND,3640.4,NARROW,-0.73,below,3613.7,3640.4,3640.93,3641.47,3640.4,0.029,4.1,0.037,0,2026-08-21,2026-08-24,False,True,5.0,2026-08-24T11:59:17+05:30
ULTRACEMCO,11571.0,NARROW,-0.25,below,11542.0,11571.0,11572.0,11573.0,11571.0,0.017,4.1,0.02,0,2026-08-21,2026-08-24,False,True,5.0,2026-08-24T11:59:17+05:30
ETERNAL,327.9,NARROW,-0.05,below,327.75,327.9,327.93,327.97,327.9,0.02,4.4,0.024,0,2026-08-21,2026-08-24,False,True,5.0,2026-08-24T11:59:17+05:30
NIACL,184.16,NARROW,-0.25,below,183.7,184.16,184.18,184.21,184.16,0.027,4.7,0.029,0,2026-08-21,2026-08-24,False,True,5.0,2026-08-24T11:59:17+05:30
NTPC,339.93,NARROW,-0.27,below,339.0,339.93,339.95,339.98,339.93,0.015,4.7,0.015,0,2026-08-21,2026-08-24,False,True,5.0,2026-08-24T11:59:17+05:30
HDFCLIFE,548.93,WIDE,0.3,inside,550.6,548.93,548.93,551.87,546.0,1.069,97.3,0.02,0,2026-08-21,2026-08-24,False,False,5.0,2026-08-24T11:59:17+05:30
THELEELA,552.72,WIDE,0.54,inside,555.7,552.72,552.72,557.21,548.23,1.625,98.0,0.03,0,2026-08-21,2026-08-24,False,False,5.0,2026-08-24T11:59:17+05:30
WELCORP,2288.25,WIDE,3.66,above,2371.9,2288.25,2264.6,2288.25,2240.95,2.089,98.1,0.053,0,2026-08-21,2026-08-24,False,False,5.0,2026-08-24T11:59:17+05:30
HSCL,671.8,WIDE,0.62,inside,675.95,671.8,671.8,680.5,663.1,2.59,99.5,0.039,0,2026-08-21,2026-08-24,False,False,5.0,2026-08-24T11:59:17+05:30
PFIZER,4978.8,TOUCHED,-1.33,below,4912.6,4978.8,4979.4,4980.0,4978.8,0.024,5.2,0.023,0,2026-08-21,2026-08-24,False,False,5.0,2026-08-24T11:59:17+05:30
KPRMILL,1151.93,TOUCHED,-2.25,below,1126.0,1151.93,1152.27,1152.6,1151.93,0.058,6.0,0.052,0,2026-08-21,2026-08-24,False,False,5.0,2026-08-24T11:59:17+05:30
LTTS,3603.73,TOUCHED,0.15,above,3609.0,3603.73,3602.87,3603.73,3602.0,0.048,6.3,0.042,0,2026-08-21,2026-08-24,False,False,5.0,2026-08-24T11:59:17+05:30
HONAUT,36720.0,TOUCHED,0.59,above,36935.0,36720.0,36713.33,36720.0,36706.67,0.036,6.6,0.026,0,2026-08-21,2026-08-24,False,False,5.0,2026-08-24T11:59:17+05:30
BANKINDIA,142.83,TOUCHED,-0.67,below,141.88,142.83,142.87,142.91,142.83,0.058,6.8,0.03,0,2026-08-21,2026-08-24,False,False,5.0,2026-08-24T11:59:17+05:30
PNB,116.47,TOUCHED,-0.9,below,115.42,116.47,116.49,116.52,116.47,0.049,6.8,0.035,0,2026-08-21,2026-08-24,False,False,5.0,2026-08-24T11:59:17+05:30
CEMPRO,1276.88,TOUCHED,-1.25,below,1260.9,1276.88,1277.37,1277.85,1276.88,0.076,7.1,0.055,0,2026-08-21,2026-08-24,False,False,5.0,2026-08-24T11:59:17+05:30
ACMESOLAR,402.1,TOUCHED,0.16,above,402.75,402.1,401.93,402.1,401.77,0.083,7.4,0.05,0,2026-08-21,2026-08-24,False,False,5.0,2026-08-24T11:59:17+05:30
PFC,363.09,TOUCHED,-0.11,below,362.7,363.09,363.18,363.28,363.09,0.05,7.4,0.032,0,2026-08-21,2026-08-24,False,False,5.0,2026-08-24T11:59:17+05:30
ALKEM,5397.0,TOUCHED,-1.39,below,5322.0,5397.0,5398.0,5399.0,5397.0,0.037,7.7,0.024,0,2026-08-21,2026-08-24,False,False,5.0,2026-08-24T11:59:17+05:30
BAYERCROP,4072.35,TOUCHED,-0.3,below,4060.0,4072.35,4073.2,4074.05,4072.35,0.042,7.7,0.032,0,2026-08-21,2026-08-24,False,False,5.0,2026-08-24T11:59:17+05:30
BLUEDART,5080.5,TOUCHED,-0.59,below,5050.5,5080.5,5081.33,5082.17,5080.5,0.033,7.7,0.017,0,2026-08-21,2026-08-24,False,False,5.0,2026-08-24T11:59:17+05:30
TORNTPOWER,1248.03,TOUCHED,-1.04,below,1235.1,1248.03,1248.37,1248.7,1248.03,0.053,7.7,0.031,0,2026-08-21,2026-08-24,False,False,5.0,2026-08-24T11:59:17+05:30
ZENSARTECH,483.68,TOUCHED,-0.31,below,482.2,483.68,483.82,483.95,483.68,0.055,7.7,0.035,0,2026-08-21,2026-08-24,False,False,5.0,2026-08-24T11:59:17+05:30
APARINDS,16835.0,TOUCHED,-0.56,below,16740.0,16835.0,16842.0,16849.0,16835.0,0.083,7.9,0.054,0,2026-08-21,2026-08-24,False,False,5.0,2026-08-24T11:59:17+05:30
TATAINVEST,648.11,TOUCHED,-0.18,below,646.95,648.11,648.27,648.43,648.11,0.049,8.2,0.023,0,2026-08-21,2026-08-24,False,False,5.0,2026-08-24T11:59:17+05:30
WIPRO,180.82,TOUCHED,-0.04,below,180.75,180.82,180.85,180.88,180.82,0.033,8.2,0.013,0,2026-08-21,2026-08-24,False,False,5.0,2026-08-24T11:59:17+05:30
MANKIND,2384.8,TOUCHED,-0.47,below,2373.5,2384.8,2385.6,2386.4,2384.8,0.067,8.8,0.038,0,2026-08-21,2026-08-24,False,False,5.0,2026-08-24T11:59:17+05:30
ADANIENSOL,1543.4,TOUCHED,0.25,above,1547.3,1543.4,1542.9,1543.4,1542.4,0.065,9.0,0.031,0,2026-08-21,2026-08-24,False,False,5.0,2026-08-24T11:59:17+05:30
SOLARINDS,19872.0,TOUCHED,-0.88,below,19698.0,19872.0,19881.33,19890.67,19872.0,0.094,9.0,0.057,0,2026-08-21,2026-08-24,False,False,5.0,2026-08-24T11:59:17+05:30
DEEPAKFERT,1451.0,TOUCHED,1.81,above,1477.3,1451.0,1450.4,1451.0,1449.8,0.083,9.3,0.046,0,2026-08-21,2026-08-24,False,False,5.0,2026-08-24T11:59:17+05:30
NAVA,559.5,TOUCHED,2.48,above,573.4,559.5,559.32,559.5,559.13,0.066,9.3,0.038,0,2026-08-21,2026-08-24,False,False,5.0,2026-08-24T11:59:17+05:30
AMBUJACEM,414.07,TOUCHED,-1.47,below,408.0,414.07,414.22,414.36,414.07,0.068,9.6,0.035,0,2026-08-21,2026-08-24,False,False,5.0,2026-08-24T11:59:17+05:30
CONCORDBIO,1569.5,TOUCHED,-2.19,below,1535.2,1569.5,1570.1,1570.7,1569.5,0.076,9.6,0.022,0,2026-08-21,2026-08-24,False,False,5.0,2026-08-24T11:59:17+05:30
JUBLFOOD,506.61,TOUCHED,0.15,above,507.35,506.61,506.47,506.61,506.33,0.056,10.1,0.018,0,2026-08-21,2026-08-24,False,False,5.0,2026-08-24T11:59:17+05:30
INDIGO,5111.33,TOUCHED,-0.12,below,5105.0,5111.33,5112.67,5114.0,5111.33,0.052,10.4,0.025,0,2026-08-21,2026-08-24,False,False,5.0,2026-08-24T11:59:17+05:30
ADANIENT,2994.25,TOUCHED,-0.48,below,2979.8,2994.25,2995.17,2996.08,2994.25,0.061,10.7,0.026,0,2026-08-21,2026-08-24,False,False,5.0,2026-08-24T11:59:17+05:30
ITI,279.62,TOUCHED,0.24,above,280.3,279.62,279.5,279.62,279.38,0.089,10.7,0.035,0,2026-08-21,2026-08-24,False,False,5.0,2026-08-24T11:59:17+05:30
ONESOURCE,1535.77,TOUCHED,-0.83,below,1523.0,1535.77,1536.53,1537.3,1535.77,0.1,10.7,0.052,0,2026-08-21,2026-08-24,False,False,5.0,2026-08-24T11:59:17+05:30
ESCORTS,3085.22,TOUCHED,0.1,above,3088.4,3085.22,3083.83,3085.22,3082.45,0.09,11.0,0.041,0,2026-08-21,2026-08-24,False,False,5.0,2026-08-24T11:59:17+05:30
IKS,1786.87,TOUCHED,-0.07,below,1785.6,1786.87,1787.53,1788.2,1786.87,0.075,11.0,0.02,0,2026-08-21,2026-08-24,False,False,5.0,2026-08-24T11:59:17+05:30
PERSISTENT,5665.67,TOUCHED,0.01,above,5666.0,5665.67,5663.83,5665.67,5662.0,0.065,11.0,0.018,0,2026-08-21,2026-08-24,False,False,5.0,2026-08-24T11:59:17+05:30
IRB,18.96,TOUCHED,-0.09,below,18.94,18.96,18.96,18.97,18.96,0.07,11.5,0.038,0,2026-08-21,2026-08-24,False,False,5.0,2026-08-24T11:59:17+05:30
KARURVYSYA,335.34,TOUCHED,0.45,above,336.85,335.34,335.18,335.34,335.02,0.094,11.5,0.038,0,2026-08-21,2026-08-24,False,False,5.0,2026-08-24T11:59:17+05:30
BPCL,310.9,TOUCHED,0.4,above,312.15,310.9,310.8,310.9,310.7,0.064,11.8,0.021,0,2026-08-21,2026-08-24,False,False,5.0,2026-08-24T11:59:17+05:30
NBCC,88.93,TOUCHED,-0.27,below,88.69,88.93,88.98,89.02,88.93,0.109,12.3,0.044,0,2026-08-21,2026-08-24,False,False,5.0,2026-08-24T11:59:17+05:30
BLUESTARCO,1512.82,TOUCHED,-0.4,below,1506.8,1512.82,1513.73,1514.65,1512.82,0.121,12.6,0.05,0,2026-08-21,2026-08-24,False,False,5.0,2026-08-24T11:59:17+05:30
DELHIVERY,450.89,TOUCHED,-1.05,below,446.15,450.89,451.08,451.28,450.89,0.085,12.6,0.019,0,2026-08-21,2026-08-24,False,False,5.0,2026-08-24T11:59:17+05:30
OLAELEC,37.76,TOUCHED,-0.43,below,37.6,37.76,37.8,37.83,37.76,0.176,12.9,0.066,0,2026-08-21,2026-08-24,False,False,5.0,2026-08-24T11:59:17+05:30
GVT&D,4125.18,TOUCHED,1.73,above,4196.7,4125.18,4123.17,4125.18,4121.15,0.098,13.2,0.022,0,2026-08-21,2026-08-24,False,False,5.0,2026-08-24T11:59:17+05:30
INDIACEM,371.06,TOUCHED,-0.61,below,368.8,371.06,371.22,371.38,371.06,0.085,13.2,0.031,0,2026-08-21,2026-08-24,False,False,5.0,2026-08-24T11:59:17+05:30
LICI,422.41,TOUCHED,-0.46,below,420.45,422.41,422.57,422.72,422.41,0.075,13.2,0.031,0,2026-08-21,2026-08-24,False,False,5.0,2026-08-24T11:59:17+05:30
TBOTEK,1699.05,TOUCHED,0.45,above,1706.7,1699.05,1698.2,1699.05,1697.35,0.1,13.2,0.033,0,2026-08-21,2026-08-24,False,False,5.0,2026-08-24T11:59:17+05:30
ZENTEC,1923.1,TOUCHED,-0.58,below,1911.9,1923.1,1924.17,1925.23,1923.1,0.111,13.2,0.017,0,2026-08-21,2026-08-24,False,False,5.0,2026-08-24T11:59:17+05:30
HDBFS,695.2,TOUCHED,-0.83,below,689.4,695.2,695.42,695.63,695.2,0.062,13.3,0.023,0,2026-08-21,2026-08-24,False,False,5.0,2026-08-24T11:59:17+05:30
LALPATHLAB,1895.27,TOUCHED,-0.35,below,1888.6,1895.27,1896.33,1897.4,1895.27,0.113,13.4,0.043,0,2026-08-21,2026-08-24,False,False,5.0,2026-08-24T11:59:17+05:30
SBFC,93.81,TOUCHED,-1.63,below,92.28,93.81,93.85,93.89,93.81,0.089,13.4,0.032,0,2026-08-21,2026-08-24,False,False,5.0,2026-08-24T11:59:17+05:30
TTML,37.8,TOUCHED,-0.37,below,37.66,37.8,37.82,37.84,37.8,0.106,13.4,0.041,0,2026-08-21,2026-08-24,False,False,5.0,2026-08-24T11:59:17+05:30
ADANIGREEN,1317.5,TOUCHED,-1.4,below,1299.0,1317.5,1318.33,1319.17,1317.5,0.126,13.7,0.04,0,2026-08-21,2026-08-24,False,False,5.0,2026-08-24T11:59:17+05:30
MEDANTA,1407.85,TOUCHED,-0.31,below,1403.5,1407.85,1408.47,1409.08,1407.85,0.088,14.0,0.028,0,2026-08-21,2026-08-24,False,False,5.0,2026-08-24T11:59:17+05:30
JUBLPHARMA,879.93,TOUCHED,1.46,above,892.8,879.93,879.52,879.93,879.1,0.095,14.2,0.019,0,2026-08-21,2026-08-24,False,False,5.0,2026-08-24T11:59:17+05:30
ANURAS,1243.22,TOUCHED,1.36,above,1260.1,1243.22,1242.73,1243.22,1242.25,0.078,14.8,0.025,0,2026-08-21,2026-08-24,False,False,5.0,2026-08-24T11:59:17+05:30
DOMS,2207.48,TOUCHED,-0.25,below,2202.0,2207.48,2208.67,2209.85,2207.48,0.107,15.3,0.027,0,2026-08-21,2026-08-24,False,False,5.0,2026-08-24T11:59:17+05:30
HAVELLS,1268.43,TOUCHED,-0.65,below,1260.2,1268.43,1268.87,1269.3,1268.43,0.068,15.3,0.019,0,2026-08-21,2026-08-24,False,False,5.0,2026-08-24T11:59:17+05:30
SPLPETRO,698.26,TOUCHED,-0.76,below,692.95,698.26,698.72,699.17,698.26,0.131,15.3,0.039,0,2026-08-21,2026-08-24,False,False,5.0,2026-08-24T11:59:17+05:30
KPITTECH,589.68,TOUCHED,-0.14,below,588.85,589.68,590.07,590.45,589.68,0.13,15.6,0.044,0,2026-08-21,2026-08-24,False,False,5.0,2026-08-24T11:59:17+05:30
NMDC,84.56,TOUCHED,1.51,above,85.84,84.56,84.51,84.56,84.46,0.118,15.9,0.028,0,2026-08-21,2026-08-24,False,False,5.0,2026-08-24T11:59:17+05:30
SAGILITY,43.31,TOUCHED,0.61,above,43.58,43.31,43.28,43.31,43.24,0.162,15.9,0.045,0,2026-08-21,2026-08-24,False,False,5.0,2026-08-24T11:59:17+05:30
UPL,569.28,TOUCHED,-0.16,below,568.4,569.28,569.57,569.85,569.28,0.099,15.9,0.02,0,2026-08-21,2026-08-24,False,False,5.0,2026-08-24T11:59:17+05:30
BHARTIARTL,1946.57,TOUCHED,-0.41,below,1938.6,1946.57,1947.13,1947.7,1946.57,0.058,16.2,0.014,0,2026-08-21,2026-08-24,False,False,5.0,2026-08-24T11:59:17+05:30
IREDA,115.23,TOUCHED,0.17,above,115.43,115.23,115.15,115.23,115.08,0.133,16.2,0.048,0,2026-08-21,2026-08-24,False,False,5.0,2026-08-24T11:59:17+05:30
HINDCOPPER,572.25,TOUCHED,0.31,above,574.0,572.25,571.8,572.25,571.35,0.157,16.4,0.032,0,2026-08-21,2026-08-24,False,False,5.0,2026-08-24T11:59:17+05:30
IEX,123.76,TOUCHED,-0.41,below,123.25,123.76,123.82,123.88,123.76,0.094,16.4,0.028,0,2026-08-21,2026-08-24,False,False,5.0,2026-08-24T11:59:17+05:30
INDIANB,875.7,TOUCHED,-0.08,below,875.0,875.7,876.1,876.5,875.7,0.091,16.4,0.025,0,2026-08-21,2026-08-24,False,False,5.0,2026-08-24T11:59:17+05:30
MOTHERSON,169.04,TOUCHED,-0.48,below,168.22,169.04,169.15,169.27,169.04,0.136,17.3,0.035,0,2026-08-21,2026-08-24,False,False,5.0,2026-08-24T11:59:17+05:30
BAJAJHLDNG,11328.33,TOUCHED,-0.59,below,11262.0,11328.33,11336.67,11345.0,11328.33,0.147,17.5,0.025,0,2026-08-21,2026-08-24,False,False,5.0,2026-08-24T11:59:17+05:30
SUNPHARMA,1901.63,TOUCHED,0.88,above,1918.4,1901.63,1900.87,1901.63,1900.1,0.081,17.8,0.02,0,2026-08-21,2026-08-24,False,False,5.0,2026-08-24T11:59:17+05:30
SAMMAANCAP,150.97,TOUCHED,0.08,above,151.1,150.97,150.82,150.97,150.67,0.201,18.1,0.041,0,2026-08-21,2026-08-24,False,False,5.0,2026-08-24T11:59:17+05:30
JKCEMENT,5253.83,TOUCHED,-0.57,below,5224.0,5253.83,5257.67,5261.5,5253.83,0.146,18.4,0.035,0,2026-08-21,2026-08-24,False,False,5.0,2026-08-24T11:59:17+05:30
UNIONBANK,183.6,TOUCHED,-0.21,below,183.21,183.6,183.75,183.9,183.6,0.163,18.6,0.047,0,2026-08-21,2026-08-24,False,False,5.0,2026-08-24T11:59:17+05:30
CPPLUS,3479.67,TOUCHED,-2.71,below,3385.5,3479.67,3483.83,3488.0,3479.67,0.239,18.7,0.038,0,2026-08-21,2026-08-24,False,False,5.0,2026-08-24T11:59:17+05:30
360ONE,1202.05,TOUCHED,0.14,above,1203.7,1202.05,1201.03,1202.05,1200.02,0.169,19.2,0.032,0,2026-08-21,2026-08-24,False,False,5.0,2026-08-24T11:59:17+05:30
CHOLAHLDNG,1563.05,TOUCHED,-0.77,below,1551.0,1563.05,1564.3,1565.55,1563.05,0.16,19.7,0.026,0,2026-08-21,2026-08-24,False,False,5.0,2026-08-24T11:59:17+05:30
GODREJIND,1229.07,TOUCHED,0.47,above,1234.9,1229.07,1228.13,1229.07,1227.2,0.152,19.7,0.044,0,2026-08-21,2026-08-24,False,False,5.0,2026-08-24T11:59:17+05:30
KOTAKBANK,402.15,TOUCHED,-0.44,below,400.4,402.15,402.37,402.58,402.15,0.108,19.7,0.024,0,2026-08-21,2026-08-24,False,False,5.0,2026-08-24T11:59:17+05:30
SBIN,1047.4,TOUCHED,-1.18,below,1035.0,1047.4,1047.83,1048.27,1047.4,0.083,20.3,0.011,0,2026-08-21,2026-08-24,False,False,5.0,2026-08-24T11:59:17+05:30
GODFRYPHLP,2110.3,TOUCHED,-0.3,below,2104.0,2110.3,2112.53,2114.77,2110.3,0.211,20.5,0.041,0,2026-08-21,2026-08-24,False,False,5.0,2026-08-24T11:59:17+05:30
ENDURANCE,3021.5,TOUCHED,-0.61,below,3003.1,3021.5,3024.17,3026.83,3021.5,0.176,20.8,0.043,0,2026-08-21,2026-08-24,False,False,5.0,2026-08-24T11:59:17+05:30
CEATLTD,3573.65,TOUCHED,0.07,above,3576.0,3573.65,3570.23,3573.65,3566.82,0.191,21.1,0.033,0,2026-08-21,2026-08-24,False,False,5.0,2026-08-24T11:59:17+05:30
YESBANK,22.75,TOUCHED,-0.75,below,22.58,22.75,22.77,22.78,22.75,0.146,21.4,0.04,0,2026-08-21,2026-08-24,False,False,5.0,2026-08-24T11:59:17+05:30
CARBORUNIV,1166.8,TOUCHED,-2.13,below,1142.0,1166.8,1167.8,1168.8,1166.8,0.171,21.6,0.029,0,2026-08-21,2026-08-24,False,False,5.0,2026-08-24T11:59:17+05:30
DLF,679.85,TOUCHED,0.46,above,683.0,679.85,679.27,679.85,678.68,0.172,21.6,0.029,0,2026-08-21,2026-08-24,False,False,5.0,2026-08-24T11:59:17+05:30
RITES,218.27,TOUCHED,-0.47,below,217.24,218.27,218.45,218.64,218.27,0.169,22.5,0.025,0,2026-08-21,2026-08-24,False,False,5.0,2026-08-24T11:59:17+05:30
AFCONS,279.55,TOUCHED,1.02,above,282.4,279.55,279.33,279.55,279.12,0.155,22.7,0.024,0,2026-08-21,2026-08-24,False,False,5.0,2026-08-24T11:59:17+05:30
BSE,3254.0,TOUCHED,1.87,above,3315.0,3254.0,3249.67,3254.0,3245.33,0.267,23.0,0.022,0,2026-08-21,2026-08-24,False,False,5.0,2026-08-24T11:59:17+05:30
KIMS,783.27,TOUCHED,-1.11,below,774.6,783.27,784.03,784.8,783.27,0.196,23.0,0.043,0,2026-08-21,2026-08-24,False,False,5.0,2026-08-24T11:59:17+05:30
SUNDARMFIN,4526.23,TOUCHED,-0.07,inside,4523.0,4526.23,4526.23,4530.37,4522.1,0.183,23.0,0.029,0,2026-08-21,2026-08-24,False,False,5.0,2026-08-24T11:59:17+05:30
TATATECH,818.85,TOUCHED,-0.52,below,814.6,818.85,819.48,820.12,818.85,0.155,23.0,0.035,0,2026-08-21,2026-08-24,False,False,5.0,2026-08-24T11:59:17+05:30
CRISIL,4501.95,TOUCHED,-0.68,below,4471.4,4501.95,4506.13,4510.32,4501.95,0.186,23.3,0.049,0,2026-08-21,2026-08-24,False,False,5.0,2026-08-24T11:59:17+05:30
ECLERX,1813.28,TOUCHED,2.08,above,1851.0,1813.28,1810.87,1813.28,1808.45,0.267,23.3,0.039,0,2026-08-21,2026-08-24,False,False,5.0,2026-08-24T11:59:17+05:30
DEEPAKNTR,1745.58,TOUCHED,0.6,above,1756.0,1745.58,1744.07,1745.58,1742.55,0.174,23.6,0.029,0,2026-08-21,2026-08-24,False,False,5.0,2026-08-24T11:59:17+05:30
MCX,3180.57,TOUCHED,3.18,above,3281.8,3180.57,3176.13,3180.57,3171.7,0.279,23.8,0.058,0,2026-08-21,2026-08-24,False,False,5.0,2026-08-24T11:59:17+05:30
GRAVITA,1815.75,TOUCHED,-0.9,below,1799.4,1815.75,1817.73,1819.72,1815.75,0.218,24.7,0.033,0,2026-08-21,2026-08-24,False,False,5.0,2026-08-24T11:59:17+05:30
AXISBANK,1246.67,TOUCHED,-1.11,below,1232.8,1246.67,1247.53,1248.4,1246.67,0.139,24.9,0.024,0,2026-08-21,2026-08-24,False,False,5.0,2026-08-24T11:59:17+05:30
BANDHANBNK,175.28,TOUCHED,-0.61,below,174.2,175.28,175.45,175.62,175.28,0.199,24.9,0.026,0,2026-08-21,2026-08-24,False,False,5.0,2026-08-24T11:59:17+05:30
HEG,713.5,TOUCHED,0.88,above,719.75,713.5,712.58,713.5,711.67,0.257,24.9,0.043,0,2026-08-21,2026-08-24,False,False,5.0,2026-08-24T11:59:17+05:30
IPCALAB,1907.43,TOUCHED,0.02,inside,1907.9,1907.43,1907.43,1909.32,1905.55,0.197,24.9,0.032,0,2026-08-21,2026-08-24,False,False,5.0,2026-08-24T11:59:17+05:30
ZEEL,107.71,TOUCHED,-1.93,below,105.63,107.71,107.84,107.97,107.71,0.244,24.9,0.045,0,2026-08-21,2026-08-24,False,False,5.0,2026-08-24T11:59:17+05:30
SRF,2576.47,TOUCHED,0.02,inside,2577.1,2576.47,2576.47,2578.75,2574.18,0.177,25.2,0.028,0,2026-08-21,2026-08-24,False,False,5.0,2026-08-24T11:59:17+05:30
BIKAJI,606.18,TOUCHED,-0.33,below,604.2,606.18,606.62,607.05,606.18,0.143,25.5,0.018,0,2026-08-21,2026-08-24,False,False,5.0,2026-08-24T11:59:17+05:30
AMBER,7341.0,TOUCHED,0.68,above,7391.0,7341.0,7332.0,7341.0,7323.0,0.245,25.8,0.031,0,2026-08-21,2026-08-24,False,False,5.0,2026-08-24T11:59:17+05:30
FORCEMOT,17803.5,TOUCHED,-0.7,below,17679.0,17803.5,17837.0,17870.5,17803.5,0.376,25.8,0.052,0,2026-08-21,2026-08-24,False,False,5.0,2026-08-24T11:59:17+05:30
MOTILALOFS,988.76,TOUCHED,1.44,above,1002.95,988.76,987.52,988.76,986.27,0.251,25.8,0.045,0,2026-08-21,2026-08-24,False,False,5.0,2026-08-24T11:59:17+05:30
APLAPOLLO,2144.25,TOUCHED,0.1,above,2146.5,2144.25,2142.5,2144.25,2140.75,0.163,26.3,0.017,0,2026-08-21,2026-08-24,False,False,5.0,2026-08-24T11:59:17+05:30
ABSLAMC,1004.6,TOUCHED,-0.31,below,1001.5,1004.6,1005.87,1007.13,1004.6,0.252,26.6,0.033,0,2026-08-21,2026-08-24,False,False,5.0,2026-08-24T11:59:17+05:30
OFSS,11760.0,TOUCHED,0.19,above,11782.0,11760.0,11748.0,11760.0,11736.0,0.204,26.6,0.029,0,2026-08-21,2026-08-24,False,False,5.0,2026-08-24T11:59:17+05:30
ABDL,594.03,TOUCHED,1.0,above,600.0,594.03,593.07,594.03,592.1,0.326,26.8,0.075,0,2026-08-21,2026-08-24,False,False,5.0,2026-08-24T11:59:17+05:30
BAJAJ-AUTO,11725.0,TOUCHED,0.74,above,11812.0,11725.0,11716.67,11725.0,11708.33,0.142,26.8,0.028,0,2026-08-21,2026-08-24,False,False,5.0,2026-08-24T11:59:17+05:30
KPIL,1402.82,TOUCHED,0.51,above,1410.0,1402.82,1401.13,1402.82,1399.45,0.24,26.8,0.041,0,2026-08-21,2026-08-24,False,False,5.0,2026-08-24T11:59:17+05:30
LICHSGFIN,495.9,TOUCHED,-0.99,below,491.0,495.9,496.27,496.63,495.9,0.148,26.8,0.018,0,2026-08-21,2026-08-24,False,False,5.0,2026-08-24T11:59:17+05:30
TIINDIA,2889.35,TOUCHED,-0.56,below,2873.2,2889.35,2892.9,2896.45,2889.35,0.245,26.8,0.038,0,2026-08-21,2026-08-24,False,False,5.0,2026-08-24T11:59:17+05:30
EMMVEE,325.78,TOUCHED,0.39,above,327.05,325.78,325.18,325.78,324.59,0.364,27.1,0.043,0,2026-08-21,2026-08-24,False,False,5.0,2026-08-24T11:59:17+05:30
INDUSINDBK,1004.53,TOUCHED,0.68,above,1011.4,1004.53,1003.47,1004.53,1002.4,0.213,27.1,0.031,0,2026-08-21,2026-08-24,False,False,5.0,2026-08-24T11:59:17+05:30
IRFC,86.48,TOUCHED,-0.32,below,86.2,86.48,86.56,86.64,86.48,0.185,27.1,0.033,0,2026-08-21,2026-08-24,False,False,5.0,2026-08-24T11:59:17+05:30
KAJARIACER,1209.73,TOUCHED,-0.66,below,1201.8,1209.73,1210.97,1212.2,1209.73,0.204,27.1,0.029,0,2026-08-21,2026-08-24,False,False,5.0,2026-08-24T11:59:17+05:30
BERGEPAINT,524.97,TOUCHED,-1.19,below,518.7,524.97,525.53,526.1,524.97,0.216,27.7,0.013,0,2026-08-21,2026-08-24,False,False,5.0,2026-08-24T11:59:17+05:30
JIOFIN,244.22,TOUCHED,-0.5,below,243.0,244.22,244.43,244.65,244.22,0.177,28.2,0.022,0,2026-08-21,2026-08-24,False,False,5.0,2026-08-24T11:59:17+05:30
PARADEEP,149.26,TOUCHED,1.49,above,151.48,149.26,149.0,149.26,148.74,0.347,28.2,0.036,0,2026-08-21,2026-08-24,False,False,5.0,2026-08-24T11:59:17+05:30
SWANCORP,304.28,TOUCHED,-0.42,below,303.0,304.28,304.7,305.12,304.28,0.279,28.2,0.034,0,2026-08-21,2026-08-24,False,False,5.0,2026-08-24T11:59:17+05:30
ANANDRATHI,2182.5,TOUCHED,-0.05,below,2181.4,2182.5,2184.33,2186.17,2182.5,0.168,28.5,0.022,0,2026-08-21,2026-08-24,False,False,5.0,2026-08-24T11:59:17+05:30
ASTRAL,1530.17,TOUCHED,-0.12,below,1528.4,1530.17,1531.83,1533.5,1530.17,0.218,28.8,0.032,0,2026-08-21,2026-08-24,False,False,5.0,2026-08-24T11:59:17+05:30
GRASIM,3300.55,TOUCHED,-0.32,below,3290.1,3300.55,3303.03,3305.52,3300.55,0.15,28.8,0.017,0,2026-08-21,2026-08-24,False,False,5.0,2026-08-24T11:59:17+05:30
IDEA,14.01,TOUCHED,0.46,above,14.07,14.01,13.98,14.01,13.96,0.31,29.0,0.046,0,2026-08-21,2026-08-24,False,False,5.0,2026-08-24T11:59:17+05:30
TIMKEN,3123.0,TOUCHED,-0.67,below,3102.1,3123.0,3126.7,3130.4,3123.0,0.237,29.0,0.05,0,2026-08-21,2026-08-24,False,False,5.0,2026-08-24T11:59:17+05:30
COLPAL,1890.67,TOUCHED,-0.88,below,1874.1,1890.67,1892.33,1894.0,1890.67,0.176,29.6,0.024,0,2026-08-21,2026-08-24,False,False,5.0,2026-08-24T11:59:17+05:30
LLOYDSME,1868.83,TOUCHED,-0.16,below,1865.8,1868.83,1871.77,1874.7,1868.83,0.313,29.6,0.033,0,2026-08-21,2026-08-24,False,False,5.0,2026-08-24T11:59:17+05:30
J&KBANK,148.38,TOUCHED,-0.46,below,147.69,148.38,148.59,148.8,148.38,0.285,29.9,0.029,0,2026-08-21,2026-08-24,False,False,5.0,2026-08-24T11:59:17+05:30
SONATSOFTW,305.57,TOUCHED,0.47,above,307.0,305.57,305.05,305.57,304.52,0.344,29.9,0.026,0,2026-08-21,2026-08-24,False,False,5.0,2026-08-24T11:59:17+05:30
UCOBANK,25.81,TOUCHED,0.45,above,25.92,25.81,25.78,25.81,25.75,0.22,30.1,0.013,0,2026-08-21,2026-08-24,False,False,5.0,2026-08-24T11:59:17+05:30
ASTERDM,758.97,TOUCHED,-0.9,below,752.15,758.97,759.83,760.69,758.97,0.226,30.4,0.028,0,2026-08-21,2026-08-24,False,False,5.0,2026-08-24T11:59:17+05:30
GAIL,172.43,TOUCHED,0.22,above,172.8,172.43,172.28,172.43,172.14,0.164,30.4,0.015,0,2026-08-21,2026-08-24,False,False,5.0,2026-08-24T11:59:17+05:30
GLENMARK,2325.8,TOUCHED,1.05,above,2350.3,2325.8,2323.17,2325.8,2320.53,0.227,30.4,0.035,0,2026-08-21,2026-08-24,False,False,5.0,2026-08-24T11:59:17+05:30
LODHA,1243.7,TOUCHED,-0.04,below,1243.2,1243.7,1245.4,1247.1,1243.7,0.273,30.4,0.035,0,2026-08-21,2026-08-24,False,False,5.0,2026-08-24T11:59:17+05:30
GODREJPROP,2032.17,TOUCHED,0.15,above,2035.2,2032.17,2029.33,2032.17,2026.5,0.279,30.7,0.048,0,2026-08-21,2026-08-24,False,False,5.0,2026-08-24T11:59:17+05:30
SHRIRAMFIN,1131.22,TOUCHED,-1.1,below,1118.8,1131.22,1132.43,1133.65,1131.22,0.215,30.7,0.033,0,2026-08-21,2026-08-24,False,False,5.0,2026-08-24T11:59:17+05:30
LINDEINDIA,6678.83,TOUCHED,-1.09,below,6606.0,6678.83,6685.67,6692.5,6678.83,0.204,31.0,0.025,0,2026-08-21,2026-08-24,False,False,5.0,2026-08-24T11:59:17+05:30
UTIAMC,894.07,TOUCHED,-0.25,below,891.8,894.07,895.08,896.1,894.07,0.227,31.0,0.036,0,2026-08-21,2026-08-24,False,False,5.0,2026-08-24T11:59:17+05:30
ELECON,449.1,TOUCHED,-0.31,below,447.7,449.1,449.92,450.73,449.1,0.363,31.2,0.036,0,2026-08-21,2026-08-24,False,False,5.0,2026-08-24T11:59:17+05:30
PWL,121.6,TOUCHED,1.71,above,123.68,121.6,121.34,121.6,121.09,0.423,31.2,0.076,0,2026-08-21,2026-08-24,False,False,5.0,2026-08-24T11:59:17+05:30
ELGIEQUIP,631.52,TOUCHED,-1.33,below,623.15,631.52,632.47,633.41,631.52,0.298,31.5,0.04,0,2026-08-21,2026-08-24,False,False,5.0,2026-08-24T11:59:17+05:30
NEULANDLAB,23342.17,TOUCHED,-1.5,below,22992.0,23342.17,23383.33,23424.5,23342.17,0.352,32.1,0.032,0,2026-08-21,2026-08-24,False,False,5.0,2026-08-24T11:59:17+05:30
SJVN,65.93,TOUCHED,0.01,above,65.94,65.93,65.86,65.93,65.78,0.227,32.1,0.027,0,2026-08-21,2026-08-24,False,False,5.0,2026-08-24T11:59:17+05:30
TATASTEEL,183.47,TOUCHED,0.95,above,185.22,183.47,183.31,183.47,183.16,0.171,32.1,0.019,0,2026-08-21,2026-08-24,False,False,5.0,2026-08-24T11:59:17+05:30
TMCV,473.22,TOUCHED,-0.09,below,472.8,473.22,473.9,474.57,473.22,0.285,32.1,0.024,0,2026-08-21,2026-08-24,False,False,5.0,2026-08-24T11:59:17+05:30
BOSCHLTD,48298.33,TOUCHED,0.1,inside,48345.0,48298.33,48298.33,48347.5,48249.17,0.204,32.3,0.029,0,2026-08-21,2026-08-24,False,False,5.0,2026-08-24T11:59:17+05:30
GILLETTE,7446.44,TOUCHED,-0.09,below,7440.0,7446.44,7454.37,7462.31,7446.44,0.213,32.3,0.026,0,2026-08-21,2026-08-24,False,False,5.0,2026-08-24T11:59:17+05:30
M&MFIN,382.11,TOUCHED,-0.43,below,380.45,382.11,382.62,383.12,382.11,0.266,32.3,0.037,0,2026-08-21,2026-08-24,False,False,5.0,2026-08-24T11:59:17+05:30
NEWGEN,525.27,TOUCHED,1.45,above,532.9,525.27,524.42,525.27,523.56,0.327,32.6,0.034,0,2026-08-21,2026-08-24,False,False,5.0,2026-08-24T11:59:17+05:30
CESC,155.65,TOUCHED,0.19,above,155.95,155.65,155.47,155.65,155.28,0.242,32.9,0.037,0,2026-08-21,2026-08-24,False,False,5.0,2026-08-24T11:59:17+05:30
TATACAP,364.69,TOUCHED,0.29,above,365.75,364.69,364.33,364.69,363.98,0.197,33.3,0.016,0,2026-08-21,2026-08-24,False,False,5.0,2026-08-24T11:59:17+05:30
CHOICEIN,809.52,TOUCHED,-0.82,below,802.85,809.52,810.45,811.38,809.52,0.228,33.4,0.023,0,2026-08-21,2026-08-24,False,False,5.0,2026-08-24T11:59:17+05:30
POWERINDIA,34063.33,TOUCHED,-0.08,inside,34035.0,34063.33,34063.33,34126.67,34000.0,0.372,33.4,0.055,0,2026-08-21,2026-08-24,False,False,5.0,2026-08-24T11:59:17+05:30
TECHM,1589.25,TOUCHED,0.06,above,1590.2,1589.25,1587.5,1589.25,1585.75,0.22,33.4,0.034,0,2026-08-21,2026-08-24,False,False,5.0,2026-08-24T11:59:17+05:30
HINDPETRO,364.62,TOUCHED,1.28,above,369.3,364.62,364.17,364.62,363.71,0.252,33.7,0.034,0,2026-08-21,2026-08-24,False,False,5.0,2026-08-24T11:59:17+05:30
CASTROLIND,187.9,TOUCHED,-0.29,below,187.36,187.9,188.03,188.15,187.9,0.137,34.2,0.014,0,2026-08-21,2026-08-24,False,False,5.0,2026-08-24T11:59:17+05:30
SHREECEM,24212.5,TOUCHED,-0.36,below,24125.0,24212.5,24235.0,24257.5,24212.5,0.186,34.2,0.013,0,2026-08-21,2026-08-24,False,False,5.0,2026-08-24T11:59:17+05:30
CENTRALBK,31.21,TOUCHED,-0.01,inside,31.21,31.21,31.21,31.25,31.18,0.246,34.5,0.034,0,2026-08-21,2026-08-24,False,False,5.0,2026-08-24T11:59:17+05:30
HUDCO,186.93,TOUCHED,0.43,above,187.73,186.93,186.65,186.93,186.37,0.302,34.5,0.035,0,2026-08-21,2026-08-24,False,False,5.0,2026-08-24T11:59:17+05:30
AARTIIND,526.48,TOUCHED,2.66,above,540.5,526.48,525.77,526.48,525.05,0.273,35.1,0.033,0,2026-08-21,2026-08-24,False,False,5.0,2026-08-24T11:59:17+05:30
ACC,1308.55,TOUCHED,-0.24,below,1305.4,1308.55,1309.7,1310.85,1308.55,0.176,35.3,0.035,0,2026-08-21,2026-08-24,False,False,5.0,2026-08-24T11:59:17+05:30
JUBLINGREA,715.0,TOUCHED,-0.21,below,713.5,715.0,716.12,717.23,715.0,0.312,35.3,0.034,0,2026-08-21,2026-08-24,False,False,5.0,2026-08-24T11:59:17+05:30
PATANJALI,348.62,TOUCHED,-0.05,inside,348.45,348.62,348.62,348.93,348.31,0.177,35.6,0.019,0,2026-08-21,2026-08-24,False,False,5.0,2026-08-24T11:59:17+05:30
TATAPOWER,374.67,TOUCHED,-0.15,below,374.1,374.67,375.03,375.4,374.67,0.196,35.6,0.023,0,2026-08-21,2026-08-24,False,False,5.0,2026-08-24T11:59:17+05:30
ABLBL,86.26,TOUCHED,-0.28,below,86.02,86.26,86.41,86.55,86.26,0.332,36.0,0.055,0,2026-08-21,2026-08-24,False,False,5.0,2026-08-24T11:59:17+05:30
TRAVELFOOD,1313.1,TOUCHED,0.43,above,1318.7,1313.1,1311.13,1313.1,1309.17,0.3,36.0,0.032,0,2026-08-21,2026-08-24,False,False,5.0,2026-08-24T11:59:17+05:30
GROWW,197.45,TOUCHED,-0.05,below,197.34,197.45,197.88,198.32,197.45,0.441,36.2,0.032,0,2026-08-21,2026-08-24,False,False,5.0,2026-08-24T11:59:17+05:30
UNOMINDA,1259.5,TOUCHED,-0.79,below,1249.5,1259.5,1261.33,1263.17,1259.5,0.291,36.2,0.049,0,2026-08-21,2026-08-24,False,False,5.0,2026-08-24T11:59:17+05:30
DATAPATTNS,4841.62,TOUCHED,-1.73,below,4757.9,4841.62,4853.33,4865.05,4841.62,0.483,36.4,0.075,0,2026-08-21,2026-08-24,False,False,5.0,2026-08-24T11:59:17+05:30
RECLTD,327.06,TOUCHED,-0.63,below,325.0,327.06,327.47,327.88,327.06,0.249,36.7,0.016,0,2026-08-21,2026-08-24,False,False,5.0,2026-08-24T11:59:17+05:30
SWIGGY,281.38,TOUCHED,0.15,inside,281.8,281.38,281.38,281.94,280.82,0.397,36.7,0.045,0,2026-08-21,2026-08-24,False,False,5.0,2026-08-24T11:59:17+05:30
BELRISE,232.17,TOUCHED,-0.76,below,230.41,232.17,232.57,232.97,232.17,0.344,37.0,0.036,0,2026-08-21,2026-08-24,False,False,5.0,2026-08-24T11:59:17+05:30
EMCURE,1872.0,TOUCHED,0.39,above,1879.3,1872.0,1869.0,1872.0,1866.0,0.321,37.0,0.027,0,2026-08-21,2026-08-24,False,False,5.0,2026-08-24T11:59:17+05:30
JSWDULUX,3114.98,TOUCHED,0.19,above,3121.0,3114.98,3111.17,3114.98,3107.35,0.245,37.5,0.022,0,2026-08-21,2026-08-24,False,False,5.0,2026-08-24T11:59:17+05:30
LT,4084.8,TOUCHED,0.07,inside,4087.8,4084.8,4084.8,4088.9,4080.7,0.201,37.5,0.024,0,2026-08-21,2026-08-24,False,False,5.0,2026-08-24T11:59:17+05:30
EXIDEIND,460.22,TOUCHED,-0.71,below,456.95,460.22,460.83,461.45,460.22,0.268,37.8,0.027,0,2026-08-21,2026-08-24,False,False,5.0,2026-08-24T11:59:17+05:30
MAHABANK,80.61,TOUCHED,0.02,above,80.63,80.61,80.49,80.61,80.38,0.29,37.8,0.042,0,2026-08-21,2026-08-24,False,False,5.0,2026-08-24T11:59:17+05:30
DIXON,14772.0,TOUCHED,-1.65,below,14529.0,14772.0,14798.0,14824.0,14772.0,0.351,38.1,0.056,0,2026-08-21,2026-08-24,False,False,5.0,2026-08-24T11:59:17+05:30
GRANULES,856.83,TOUCHED,0.89,above,864.5,856.83,855.52,856.83,854.2,0.308,38.1,0.037,0,2026-08-21,2026-08-24,False,False,5.0,2026-08-24T11:59:17+05:30
JSWINFRA,335.25,TOUCHED,2.03,above,342.05,335.25,334.8,335.25,334.35,0.269,38.1,0.029,0,2026-08-21,2026-08-24,False,False,5.0,2026-08-24T11:59:17+05:30
GMDCLTD,572.87,TOUCHED,-0.05,inside,572.6,572.87,572.87,574.3,571.43,0.5,38.4,0.068,0,2026-08-21,2026-08-24,False,False,5.0,2026-08-24T11:59:17+05:30
IFCI,81.44,TOUCHED,0.12,above,81.54,81.44,81.26,81.44,81.09,0.435,38.4,0.1,0,2026-08-21,2026-08-24,False,False,5.0,2026-08-24T11:59:17+05:30
DABUR,399.2,TOUCHED,-0.64,below,396.65,399.2,399.63,400.07,399.2,0.217,38.6,0.033,0,2026-08-21,2026-08-24,False,False,5.0,2026-08-24T11:59:17+05:30
NAM-INDIA,1248.73,TOUCHED,1.0,above,1261.2,1248.73,1246.47,1248.73,1244.2,0.364,38.6,0.032,0,2026-08-21,2026-08-24,False,False,5.0,2026-08-24T11:59:17+05:30
NAUKRI,1352.23,TOUCHED,-0.34,below,1347.6,1352.23,1354.37,1356.5,1352.23,0.315,38.6,0.023,0,2026-08-21,2026-08-24,False,False,5.0,2026-08-24T11:59:17+05:30
DCMSHRIRAM,1087.3,TOUCHED,0.4,above,1091.7,1087.3,1085.57,1087.3,1083.83,0.319,39.2,0.024,0,2026-08-21,2026-08-24,False,False,5.0,2026-08-24T11:59:17+05:30
WELSPUNLIV,188.82,TOUCHED,1.17,above,191.02,188.82,188.42,188.82,188.01,0.426,39.2,0.044,0,2026-08-21,2026-08-24,False,False,5.0,2026-08-24T11:59:17+05:30
LATENTVIEW,279.57,TOUCHED,1.82,above,284.65,279.57,279.08,279.57,278.59,0.352,39.7,0.035,0,2026-08-21,2026-08-24,False,False,5.0,2026-08-24T11:59:17+05:30
PVRINOX,1223.0,TOUCHED,0.74,above,1232.0,1223.0,1220.93,1223.0,1218.87,0.339,39.7,0.029,0,2026-08-21,2026-08-24,False,False,5.0,2026-08-24T11:59:17+05:30
CIEINDIA,401.62,TOUCHED,-0.63,below,399.1,401.62,402.18,402.75,401.62,0.282,40.0,0.029,0,2026-08-21,2026-08-24,False,False,5.0,2026-08-24T11:59:17+05:30
SOBHA,1296.78,TOUCHED,-0.07,below,1295.9,1296.78,1298.97,1301.15,1296.78,0.336,40.0,0.029,0,2026-08-21,2026-08-24,False,False,5.0,2026-08-24T11:59:17+05:30
ANGELONE,289.1,TOUCHED,0.05,inside,289.25,289.1,289.1,289.75,288.45,0.45,40.3,0.029,0,2026-08-21,2026-08-24,False,False,5.0,2026-08-24T11:59:17+05:30
MAXHEALTH,995.05,TOUCHED,-0.3,below,992.1,995.05,996.7,998.35,995.05,0.331,40.5,0.037,0,2026-08-21,2026-08-24,False,False,5.0,2026-08-24T11:59:17+05:30
OLECTRA,1320.7,TOUCHED,-0.28,below,1317.0,1320.7,1323.0,1325.3,1320.7,0.348,40.5,0.033,0,2026-08-21,2026-08-24,False,False,5.0,2026-08-24T11:59:17+05:30
TATACONSUM,1051.9,TOUCHED,0.06,inside,1052.5,1051.9,1051.9,1053.35,1050.45,0.276,40.5,0.027,0,2026-08-21,2026-08-24,False,False,5.0,2026-08-24T11:59:17+05:30
RELIANCE,1312.0,TOUCHED,-0.53,below,1305.0,1312.0,1313.33,1314.67,1312.0,0.203,40.8,0.024,0,2026-08-21,2026-08-24,False,False,5.0,2026-08-24T11:59:17+05:30
SCI,291.15,TOUCHED,-0.55,below,289.55,291.15,291.75,292.35,291.15,0.411,40.8,0.045,0,2026-08-21,2026-08-24,False,False,5.0,2026-08-24T11:59:17+05:30
SCHAEFFLER,4023.68,TOUCHED,-0.46,below,4005.3,4023.68,4029.47,4035.25,4023.68,0.287,41.1,0.035,0,2026-08-21,2026-08-24,False,False,5.0,2026-08-24T11:59:17+05:30
ADANIPORTS,1693.45,TOUCHED,-0.85,below,1679.0,1693.45,1695.63,1697.82,1693.45,0.258,41.4,0.02,0,2026-08-21,2026-08-24,False,False,5.0,2026-08-24T11:59:17+05:30
PGEL,602.05,TOUCHED,-0.16,below,601.1,602.05,603.55,605.05,602.05,0.497,41.4,0.054,0,2026-08-21,2026-08-24,False,False,5.0,2026-08-24T11:59:17+05:30
AIAENG,4356.02,TOUCHED,-0.94,below,4314.9,4356.02,4363.13,4370.25,4356.02,0.326,42.5,0.041,0,2026-08-21,2026-08-24,False,False,5.0,2026-08-24T11:59:17+05:30
PREMIERENE,1055.02,TOUCHED,-2.18,below,1032.0,1055.02,1057.03,1059.05,1055.02,0.382,42.7,0.031,0,2026-08-21,2026-08-24,False,False,5.0,2026-08-24T11:59:17+05:30
CHOLAFIN,1866.12,TOUCHED,-0.55,below,1855.9,1866.12,1869.33,1872.55,1866.12,0.344,43.0,0.041,0,2026-08-21,2026-08-24,False,False,5.0,2026-08-24T11:59:17+05:30
APTUS,256.2,TOUCHED,-0.96,below,253.75,256.2,256.72,257.23,256.2,0.403,43.6,0.026,0,2026-08-21,2026-08-24,False,False,5.0,2026-08-24T11:59:17+05:30
BALKRISIND,2354.05,TOUCHED,-0.7,below,2337.6,2354.05,2357.3,2360.55,2354.05,0.276,43.6,0.027,0,2026-08-21,2026-08-24,False,False,5.0,2026-08-24T11:59:17+05:30
CAPLIPOINT,2547.3,TOUCHED,-1.78,below,2501.9,2547.3,2551.8,2556.3,2547.3,0.353,43.6,0.032,0,2026-08-21,2026-08-24,False,False,5.0,2026-08-24T11:59:17+05:30
BIOCON,413.5,TOUCHED,-0.91,below,409.75,413.5,414.18,414.87,413.5,0.33,43.8,0.03,0,2026-08-21,2026-08-24,False,False,5.0,2026-08-24T11:59:17+05:30
MRPL,176.36,TOUCHED,0.25,above,176.81,176.36,175.91,176.36,175.46,0.51,43.8,0.056,0,2026-08-21,2026-08-24,False,False,5.0,2026-08-24T11:59:17+05:30
RKFORGE,738.5,TOUCHED,-0.14,below,737.5,738.5,739.95,741.4,738.5,0.392,43.8,0.044,0,2026-08-21,2026-08-24,False,False,5.0,2026-08-24T11:59:17+05:30
SUZLON,46.8,TOUCHED,-0.16,below,46.72,46.8,46.88,46.97,46.8,0.37,43.8,0.033,0,2026-08-21,2026-08-24,False,False,5.0,2026-08-24T11:59:17+05:30
BLS,271.85,TOUCHED,-8.42,below,248.97,271.85,272.4,272.96,271.85,0.409,44.1,0.032,0,2026-08-21,2026-08-24,False,False,5.0,2026-08-24T11:59:17+05:30
CUB,217.77,TOUCHED,-1.73,below,214.0,217.77,218.25,218.72,217.77,0.434,44.1,0.034,0,2026-08-21,2026-08-24,False,False,5.0,2026-08-24T11:59:17+05:30
EMAMILTD,403.25,TOUCHED,-1.03,below,399.1,403.25,403.9,404.55,403.25,0.322,44.1,0.022,0,2026-08-21,2026-08-24,False,False,5.0,2026-08-24T11:59:17+05:30
INTELLECT,689.65,TOUCHED,0.71,above,694.55,689.65,688.05,689.65,686.45,0.465,44.1,0.042,0,2026-08-21,2026-08-24,False,False,5.0,2026-08-24T11:59:17+05:30
ABFRL,54.46,TOUCHED,-0.01,below,54.45,54.46,54.56,54.67,54.46,0.391,44.4,0.025,0,2026-08-21,2026-08-24,False,False,5.0,2026-08-24T11:59:17+05:30
BHARTIHEXA,1599.5,TOUCHED,0.29,above,1604.2,1599.5,1596.73,1599.5,1593.97,0.347,44.4,0.038,0,2026-08-21,2026-08-24,False,False,5.0,2026-08-24T11:59:17+05:30
EIHOTEL,301.32,TOUCHED,-0.16,below,300.85,301.32,301.8,302.27,301.32,0.315,44.4,0.03,0,2026-08-21,2026-08-24,False,False,5.0,2026-08-24T11:59:17+05:30
IOB,33.06,TOUCHED,-0.28,below,32.97,33.06,33.11,33.16,33.06,0.312,44.4,0.034,0,2026-08-21,2026-08-24,False,False,5.0,2026-08-24T11:59:17+05:30
PRESTIGE,1624.1,TOUCHED,-0.12,inside,1622.1,1624.1,1624.1,1627.55,1620.65,0.425,44.7,0.056,0,2026-08-21,2026-08-24,False,False,5.0,2026-08-24T11:59:17+05:30
AAVAS,1357.8,TOUCHED,-1.46,below,1338.0,1357.8,1360.3,1362.8,1357.8,0.368,45.2,0.027,0,2026-08-21,2026-08-24,False,False,5.0,2026-08-24T11:59:17+05:30
CLEAN,830.3,TOUCHED,0.75,above,836.5,830.3,828.7,830.3,827.1,0.386,45.5,0.026,0,2026-08-21,2026-08-24,False,False,5.0,2026-08-24T11:59:17+05:30
ICICIGI,1619.38,TOUCHED,-0.27,below,1615.0,1619.38,1621.77,1624.15,1619.38,0.294,45.5,0.022,0,2026-08-21,2026-08-24,False,False,5.0,2026-08-24T11:59:17+05:30
SUNTV,472.92,TOUCHED,-0.44,below,470.85,472.92,473.78,474.65,472.92,0.366,45.8,0.024,0,2026-08-21,2026-08-24,False,False,5.0,2026-08-24T11:59:17+05:30
BEL,412.3,TOUCHED,-0.8,below,409.0,412.3,412.87,413.43,412.3,0.275,46.0,0.024,0,2026-08-21,2026-08-24,False,False,5.0,2026-08-24T11:59:17+05:30
GLAND,2834.95,TOUCHED,0.28,above,2842.9,2834.95,2829.73,2834.95,2824.52,0.369,46.0,0.04,0,2026-08-21,2026-08-24,False,False,5.0,2026-08-24T11:59:17+05:30
IGIL,336.63,TOUCHED,0.16,inside,337.15,336.63,336.63,337.34,335.92,0.423,46.0,0.029,0,2026-08-21,2026-08-24,False,False,5.0,2026-08-24T11:59:17+05:30
RBLBANK,390.23,TOUCHED,-0.75,below,387.3,390.23,390.98,391.74,390.23,0.388,46.0,0.032,0,2026-08-21,2026-08-24,False,False,5.0,2026-08-24T11:59:17+05:30
ICICIAMC,3248.6,TOUCHED,-0.19,below,3242.3,3248.6,3255.63,3262.67,3248.6,0.432,46.2,0.033,0,2026-08-21,2026-08-24,False,False,5.0,2026-08-24T11:59:17+05:30
PETRONET,292.54,TOUCHED,0.53,above,294.1,292.54,292.08,292.54,291.62,0.314,46.3,0.025,0,2026-08-21,2026-08-24,False,False,5.0,2026-08-24T11:59:17+05:30
STARHEALTH,576.43,TOUCHED,0.04,inside,576.65,576.43,576.43,577.47,575.4,0.359,46.3,0.024,0,2026-08-21,2026-08-24,False,False,5.0,2026-08-24T11:59:17+05:30
JWL,248.08,TOUCHED,0.17,inside,248.5,248.08,248.08,248.62,247.54,0.437,46.8,0.042,0,2026-08-21,2026-08-24,False,False,5.0,2026-08-24T11:59:17+05:30
VOLTAS,1230.43,TOUCHED,0.09,inside,1231.5,1230.43,1230.43,1232.72,1228.15,0.371,46.8,0.038,0,2026-08-21,2026-08-24,False,False,5.0,2026-08-24T11:59:17+05:30
ABCAPITAL,411.23,TOUCHED,-0.15,inside,410.6,411.23,411.23,412.12,410.35,0.43,47.4,0.038,0,2026-08-21,2026-08-24,False,False,5.0,2026-08-24T11:59:17+05:30
ERIS,1320.4,TOUCHED,-0.01,below,1320.3,1320.4,1323.0,1325.6,1320.4,0.393,47.4,0.03,0,2026-08-21,2026-08-24,False,False,5.0,2026-08-24T11:59:17+05:30
ICICIBANK,1415.6,TOUCHED,-0.08,below,1414.5,1415.6,1417.07,1418.53,1415.6,0.207,47.4,0.023,0,2026-08-21,2026-08-24,False,False,5.0,2026-08-24T11:59:17+05:30
NTPCGREEN,91.74,TOUCHED,0.16,inside,91.89,91.74,91.74,91.9,91.59,0.338,47.7,0.015,0,2026-08-21,2026-08-24,False,False,5.0,2026-08-24T11:59:17+05:30
KAYNES,3878.55,TOUCHED,0.96,above,3915.9,3878.55,3867.1,3878.55,3855.65,0.592,47.9,0.046,0,2026-08-21,2026-08-24,False,False,5.0,2026-08-24T11:59:17+05:30
MAZDOCK,2557.67,TOUCHED,-0.62,below,2541.9,2557.67,2563.33,2569.0,2557.67,0.442,47.9,0.042,0,2026-08-21,2026-08-24,False,False,5.0,2026-08-24T11:59:17+05:30
TECHNOE,994.8,TOUCHED,0.92,above,1003.95,994.8,992.35,994.8,989.9,0.494,47.9,0.05,0,2026-08-21,2026-08-24,False,False,5.0,2026-08-24T11:59:17+05:30
BEML,1940.25,TOUCHED,-0.57,below,1929.1,1940.25,1945.1,1949.95,1940.25,0.499,48.2,0.025,0,2026-08-21,2026-08-24,False,False,5.0,2026-08-24T11:59:17+05:30
CHALET,860.18,TOUCHED,0.33,above,863.0,860.18,858.4,860.18,856.62,0.414,48.2,0.024,0,2026-08-21,2026-08-24,False,False,5.0,2026-08-24T11:59:17+05:30
INFY,1125.75,TOUCHED,0.47,above,1131.0,1125.75,1124.17,1125.75,1122.58,0.282,48.2,0.029,0,2026-08-21,2026-08-24,False,False,5.0,2026-08-24T11:59:17+05:30
DRREDDY,1179.55,TOUCHED,0.46,above,1185.0,1179.55,1177.93,1179.55,1176.32,0.274,48.5,0.017,0,2026-08-21,2026-08-24,False,False,5.0,2026-08-24T11:59:17+05:30
ABBOTINDIA,26190.0,TOUCHED,0.04,above,26200.0,26190.0,26150.0,26190.0,26110.0,0.306,49.0,0.034,0,2026-08-21,2026-08-24,False,False,5.0,2026-08-24T11:59:17+05:30
ASIANPAINT,2633.17,TOUCHED,-0.07,inside,2631.4,2633.17,2633.17,2636.58,2629.75,0.26,49.0,0.021,0,2026-08-21,2026-08-24,False,False,5.0,2026-08-24T11:59:17+05:30
CANBK,129.23,TOUCHED,-1.49,below,127.3,129.23,129.47,129.72,129.23,0.376,49.0,0.023,0,2026-08-21,2026-08-24,False,False,5.0,2026-08-24T11:59:17+05:30
JPPOWER,17.14,TOUCHED,-0.24,below,17.1,17.14,17.18,17.22,17.14,0.485,49.0,0.037,0,2026-08-21,2026-08-24,False,False,5.0,2026-08-24T11:59:17+05:30
NHPC,76.28,TOUCHED,-0.03,below,76.25,76.28,76.4,76.52,76.28,0.327,49.3,0.035,0,2026-08-21,2026-08-24,False,False,5.0,2026-08-24T11:59:17+05:30
SHYAMMETL,988.27,TOUCHED,-0.08,inside,987.5,988.27,988.27,989.95,986.58,0.341,49.6,0.015,0,2026-08-21,2026-08-24,False,False,5.0,2026-08-24T11:59:17+05:30
FORTIS,910.42,TOUCHED,-0.02,inside,910.25,910.42,910.42,912.08,908.76,0.364,49.9,0.031,0,2026-08-21,2026-08-24,False,False,5.0,2026-08-24T11:59:17+05:30
INOXWIND,73.96,TOUCHED,-0.24,inside,73.78,73.96,73.96,74.13,73.78,0.482,49.9,0.041,0,2026-08-21,2026-08-24,False,False,5.0,2026-08-24T11:59:17+05:30
ITC,269.7,TOUCHED,-0.85,below,267.4,269.7,270.0,270.3,269.7,0.222,49.9,0.021,0,2026-08-21,2026-08-24,False,False,5.0,2026-08-24T11:59:17+05:30
CONCOR,517.58,TOUCHED,0.71,above,521.25,517.58,516.73,517.58,515.89,0.326,50.1,0.034,0,2026-08-21,2026-08-24,False,False,5.0,2026-08-24T11:59:17+05:30
VTL,601.49,TOUCHED,0.0,above,601.5,601.49,600.08,601.49,598.67,0.469,51.0,0.031,0,2026-08-21,2026-08-24,False,False,5.0,2026-08-24T11:59:17+05:30
LAURUSLABS,1805.78,TOUCHED,-0.08,below,1804.3,1805.78,1809.57,1813.35,1805.78,0.418,51.2,0.018,0,2026-08-21,2026-08-24,False,False,5.0,2026-08-24T11:59:17+05:30
GRSE,2618.1,TOUCHED,0.21,inside,2623.6,2618.1,2618.1,2626.4,2609.8,0.634,51.5,0.074,0,2026-08-21,2026-08-24,False,False,5.0,2026-08-24T11:59:17+05:30
RAMCOCEM,904.25,TOUCHED,0.3,above,906.95,904.25,902.52,904.25,900.78,0.384,51.5,0.045,0,2026-08-21,2026-08-24,False,False,5.0,2026-08-24T11:59:17+05:30
COROMANDEL,2000.87,TOUCHED,-3.0,below,1940.8,2000.87,2005.63,2010.4,2000.87,0.475,51.8,0.035,0,2026-08-21,2026-08-24,False,False,5.0,2026-08-24T11:59:17+05:30
INDUSTOWER,375.05,TOUCHED,0.4,above,376.55,375.05,374.35,375.05,373.65,0.374,51.8,0.022,0,2026-08-21,2026-08-24,False,False,5.0,2026-08-24T11:59:17+05:30
MRF,133307.5,TOUCHED,0.94,above,134565.0,133307.5,133093.33,133307.5,132879.17,0.322,51.8,0.035,0,2026-08-21,2026-08-24,False,False,5.0,2026-08-24T11:59:17+05:30
PNBHOUSING,1172.7,TOUCHED,-1.01,below,1160.9,1172.7,1175.1,1177.5,1172.7,0.408,51.8,0.027,0,2026-08-21,2026-08-24,False,False,5.0,2026-08-24T11:59:17+05:30
HYUNDAI,2223.0,TOUCHED,-0.36,below,2215.1,2223.0,2227.2,2231.4,2223.0,0.377,52.1,0.026,0,2026-08-21,2026-08-24,False,False,5.0,2026-08-24T11:59:17+05:30
SAILIFE,1460.5,TOUCHED,-0.95,below,1446.6,1460.5,1463.6,1466.7,1460.5,0.424,52.1,0.04,0,2026-08-21,2026-08-24,False,False,5.0,2026-08-24T11:59:17+05:30
DIVISLAB,8557.75,TOUCHED,-0.67,below,8500.0,8557.75,8570.83,8583.92,8557.75,0.305,52.3,0.021,0,2026-08-21,2026-08-24,False,False,5.0,2026-08-24T11:59:17+05:30
KFINTECH,977.58,TOUCHED,0.15,above,979.0,977.58,975.15,977.58,972.73,0.497,52.6,0.018,0,2026-08-21,2026-08-24,False,False,5.0,2026-08-24T11:59:17+05:30
JAINREC,296.93,TOUCHED,-1.47,below,292.55,296.93,298.0,299.07,296.93,0.721,52.9,0.062,0,2026-08-21,2026-08-24,False,False,5.0,2026-08-24T11:59:17+05:30
EICHERMOT,8046.25,TOUCHED,0.07,above,8052.0,8046.25,8034.17,8046.25,8022.08,0.301,53.7,0.023,0,2026-08-21,2026-08-24,False,False,5.0,2026-08-24T11:59:17+05:30
SONACOMS,815.77,TOUCHED,0.59,above,820.55,815.77,813.95,815.77,812.12,0.448,53.7,0.031,0,2026-08-21,2026-08-24,False,False,5.0,2026-08-24T11:59:17+05:30
NLCINDIA,271.9,TOUCHED,0.39,above,272.95,271.9,271.2,271.9,270.5,0.516,54.0,0.048,0,2026-08-21,2026-08-24,False,False,5.0,2026-08-24T11:59:17+05:30
M&M,3426.1,TOUCHED,0.17,inside,3431.8,3426.1,3426.1,3433.05,3419.15,0.406,54.5,0.026,0,2026-08-21,2026-08-24,False,False,5.0,2026-08-24T11:59:17+05:30
CHAMBLFERT,432.03,TOUCHED,-0.01,below,432.0,432.03,432.92,433.8,432.03,0.408,54.8,0.03,0,2026-08-21,2026-08-24,False,False,5.0,2026-08-24T11:59:17+05:30
MFSL,1575.65,TOUCHED,-0.28,below,1571.2,1575.65,1578.77,1581.88,1575.65,0.395,54.8,0.019,0,2026-08-21,2026-08-24,False,False,5.0,2026-08-24T11:59:17+05:30
PCBL,319.8,TOUCHED,1.47,above,324.5,319.8,319.05,319.8,318.3,0.47,54.8,0.057,0,2026-08-21,2026-08-24,False,False,5.0,2026-08-24T11:59:17+05:30
TMPV,318.48,TOUCHED,-0.86,below,315.75,318.48,319.07,319.65,318.48,0.366,54.8,0.02,0,2026-08-21,2026-08-24,False,False,5.0,2026-08-24T11:59:17+05:30
LGEINDIA,1629.43,TOUCHED,-0.17,inside,1626.7,1629.43,1629.43,1632.5,1626.37,0.376,54.9,0.011,0,2026-08-21,2026-08-24,False,False,5.0,2026-08-24T11:59:17+05:30
AUROPHARMA,1618.2,TOUCHED,0.37,above,1624.2,1618.2,1615.1,1618.2,1612.0,0.384,55.1,0.038,0,2026-08-21,2026-08-24,False,False,5.0,2026-08-24T11:59:17+05:30
HINDUNILVR,2017.78,TOUCHED,-0.41,below,2009.6,2017.78,2020.57,2023.35,2017.78,0.275,55.1,0.015,0,2026-08-21,2026-08-24,False,False,5.0,2026-08-24T11:59:17+05:30
MEESHO,206.35,TOUCHED,-1.82,below,202.59,206.35,207.0,207.66,206.35,0.634,55.1,0.029,0,2026-08-21,2026-08-24,False,False,5.0,2026-08-24T11:59:17+05:30
CGPOWER,868.99,TOUCHED,-0.05,below,868.6,868.99,870.98,872.98,868.99,0.457,55.3,0.035,0,2026-08-21,2026-08-24,False,False,5.0,2026-08-24T11:59:17+05:30
TENNIND,571.05,TOUCHED,-1.3,below,563.65,571.05,572.75,574.45,571.05,0.594,55.5,0.018,0,2026-08-21,2026-08-24,False,False,5.0,2026-08-24T11:59:17+05:30
ADANIPOWER,204.17,TOUCHED,-0.57,below,203.0,204.17,204.61,205.06,204.17,0.435,55.6,0.05,0,2026-08-21,2026-08-24,False,False,5.0,2026-08-24T11:59:17+05:30
TVSMOTOR,4381.27,TOUCHED,0.24,above,4391.6,4381.27,4372.53,4381.27,4363.8,0.399,55.6,0.019,0,2026-08-21,2026-08-24,False,False,5.0,2026-08-24T11:59:17+05:30
HDFCBANK,727.87,TOUCHED,-0.21,below,726.35,727.87,728.78,729.7,727.87,0.252,55.9,0.019,0,2026-08-21,2026-08-24,False,False,5.0,2026-08-24T11:59:17+05:30
TATACHEM,629.32,TOUCHED,0.17,inside,630.4,629.32,629.32,630.6,628.03,0.408,56.2,0.02,0,2026-08-21,2026-08-24,False,False,5.0,2026-08-24T11:59:17+05:30
TRIDENT,24.48,TOUCHED,-0.14,inside,24.45,24.48,24.48,24.53,24.44,0.381,56.2,0.028,0,2026-08-21,2026-08-24,False,False,5.0,2026-08-24T11:59:17+05:30
SIGNATURE,797.15,TOUCHED,-0.17,below,795.8,797.15,799.0,800.85,797.15,0.463,56.4,0.028,0,2026-08-21,2026-08-24,False,False,5.0,2026-08-24T11:59:17+05:30
CIPLA,1428.13,TOUCHED,-0.04,inside,1427.5,1428.13,1428.13,1430.17,1426.1,0.285,56.7,0.023,0,2026-08-21,2026-08-24,False,False,5.0,2026-08-24T11:59:17+05:30
NATCOPHARM,887.13,TOUCHED,-0.24,inside,885.0,887.13,887.13,889.5,884.77,0.534,56.7,0.019,0,2026-08-21,2026-08-24,False,False,5.0,2026-08-24T11:59:17+05:30
TATACOMM,1666.8,TOUCHED,1.15,above,1686.0,1666.8,1663.0,1666.8,1659.2,0.457,57.0,0.022,0,2026-08-21,2026-08-24,False,False,5.0,2026-08-24T11:59:17+05:30
IRCON,125.05,TOUCHED,-1.0,below,123.8,125.05,125.39,125.72,125.05,0.532,57.3,0.042,0,2026-08-21,2026-08-24,False,False,5.0,2026-08-24T11:59:17+05:30
WAAREEENER,2685.43,TOUCHED,-1.37,below,2648.6,2685.43,2692.67,2699.9,2685.43,0.537,57.5,0.043,0,2026-08-21,2026-08-24,False,False,5.0,2026-08-24T11:59:17+05:30
SARDAEN,512.13,TOUCHED,-1.0,below,507.0,512.13,513.67,515.2,512.13,0.597,58.1,0.028,0,2026-08-21,2026-08-24,False,False,5.0,2026-08-24T11:59:17+05:30
DMART,3913.4,TOUCHED,-0.73,below,3884.9,3913.4,3920.8,3928.2,3913.4,0.377,58.4,0.028,0,2026-08-21,2026-08-24,False,False,5.0,2026-08-24T11:59:17+05:30
PAYTM,1618.2,TOUCHED,-0.04,below,1617.5,1618.2,1622.8,1627.4,1618.2,0.567,58.4,0.056,0,2026-08-21,2026-08-24,False,False,5.0,2026-08-24T11:59:17+05:30
INDGN,565.2,TOUCHED,0.09,inside,565.7,565.2,565.2,566.5,563.9,0.46,58.6,0.023,0,2026-08-21,2026-08-24,False,False,5.0,2026-08-24T11:59:17+05:30
DALBHARAT,1884.07,TOUCHED,-0.01,below,1883.9,1884.07,1888.13,1892.2,1884.07,0.431,58.9,0.025,0,2026-08-21,2026-08-24,False,False,5.0,2026-08-24T11:59:17+05:30
TRENT,2931.1,TOUCHED,-1.11,below,2898.6,2931.1,2938.2,2945.3,2931.1,0.483,58.9,0.045,0,2026-08-21,2026-08-24,False,False,5.0,2026-08-24T11:59:17+05:30
BBTC,1430.47,TOUCHED,-0.63,below,1421.4,1430.47,1433.53,1436.6,1430.47,0.428,59.2,0.029,0,2026-08-21,2026-08-24,False,False,5.0,2026-08-24T11:59:17+05:30
GALLANTT,586.43,TOUCHED,-0.32,below,584.55,586.43,588.47,590.5,586.43,0.691,59.5,0.062,0,2026-08-21,2026-08-24,False,False,5.0,2026-08-24T11:59:17+05:30
INDIAMART,1745.98,TOUCHED,-0.73,below,1733.3,1745.98,1749.77,1753.55,1745.98,0.432,59.7,0.025,0,2026-08-21,2026-08-24,False,False,5.0,2026-08-24T11:59:17+05:30
POONAWALLA,491.42,TOUCHED,-2.58,below,478.75,491.42,492.78,494.15,491.42,0.555,59.7,0.033,0,2026-08-21,2026-08-24,False,False,5.0,2026-08-24T11:59:17+05:30
GRAPHITE,717.47,TOUCHED,0.07,above,718.0,717.47,715.23,717.47,712.99,0.627,60.3,0.023,0,2026-08-21,2026-08-24,False,False,5.0,2026-08-24T11:59:17+05:30
LTFOODS,431.25,TOUCHED,11.12,above,479.2,431.25,430.03,431.25,428.82,0.566,60.3,0.038,0,2026-08-21,2026-08-24,False,False,5.0,2026-08-24T11:59:17+05:30
LTM,4477.67,TOUCHED,0.18,above,4485.6,4477.67,4467.53,4477.67,4457.4,0.454,60.3,0.032,0,2026-08-21,2026-08-24,False,False,5.0,2026-08-24T11:59:17+05:30
KIRLOSENG,2107.88,TOUCHED,-1.85,below,2068.8,2107.88,2114.97,2122.05,2107.88,0.67,61.4,0.035,0,2026-08-21,2026-08-24,False,False,5.0,2026-08-24T11:59:17+05:30
NYKAA,332.38,TOUCHED,-0.19,inside,331.75,332.38,332.38,333.19,331.57,0.486,61.6,0.027,0,2026-08-21,2026-08-24,False,False,5.0,2026-08-24T11:59:17+05:30
BANKBARODA,245.25,TOUCHED,-1.64,below,241.24,245.25,245.83,246.42,245.25,0.475,62.2,0.012,0,2026-08-21,2026-08-24,False,False,5.0,2026-08-24T11:59:17+05:30
BHARATFORG,2052.1,TOUCHED,-0.1,inside,2050.0,2052.1,2052.1,2057.55,2046.65,0.531,62.2,0.031,0,2026-08-21,2026-08-24,False,False,5.0,2026-08-24T11:59:17+05:30
JMFINANCIL,129.6,TOUCHED,0.87,above,130.72,129.6,129.14,129.6,128.69,0.699,62.7,0.052,0,2026-08-21,2026-08-24,False,False,5.0,2026-08-24T11:59:17+05:30
POLICYBZR,1783.73,TOUCHED,-0.04,inside,1783.0,1783.73,1783.73,1789.47,1778.0,0.643,62.7,0.038,0,2026-08-21,2026-08-24,False,False,5.0,2026-08-24T11:59:17+05:30
IRCTC,485.16,TOUCHED,-0.1,below,484.65,485.16,486.12,487.07,485.16,0.394,63.0,0.037,0,2026-08-21,2026-08-24,False,False,5.0,2026-08-24T11:59:17+05:30
IDFCFIRSTB,86.17,TOUCHED,-0.64,below,85.62,86.17,86.36,86.56,86.17,0.448,63.3,0.029,0,2026-08-21,2026-08-24,False,False,5.0,2026-08-24T11:59:17+05:30
TRITURBINE,579.55,TOUCHED,0.68,above,583.5,579.55,577.98,579.55,576.42,0.542,63.3,0.021,0,2026-08-21,2026-08-24,False,False,5.0,2026-08-24T11:59:17+05:30
FSL,274.17,TOUCHED,-0.17,inside,273.7,274.17,274.17,275.11,273.23,0.687,63.8,0.034,0,2026-08-21,2026-08-24,False,False,5.0,2026-08-24T11:59:17+05:30
MSUMI,38.48,TOUCHED,-2.12,below,37.66,38.48,38.59,38.71,38.48,0.605,64.7,0.031,0,2026-08-21,2026-08-24,False,False,5.0,2026-08-24T11:59:17+05:30
SAIL,175.01,TOUCHED,2.57,above,179.5,175.01,174.49,175.01,173.98,0.592,64.7,0.024,0,2026-08-21,2026-08-24,False,False,5.0,2026-08-24T11:59:17+05:30
TITAGARH,852.25,TOUCHED,0.69,above,858.1,852.25,849.35,852.25,846.45,0.683,64.7,0.052,0,2026-08-21,2026-08-24,False,False,5.0,2026-08-24T11:59:17+05:30
FLUOROCHEM,4646.07,TOUCHED,0.16,inside,4653.4,4646.07,4646.07,4658.15,4633.98,0.52,64.9,0.022,0,2026-08-21,2026-08-24,False,False,5.0,2026-08-24T11:59:17+05:30
OBEROIRLTY,1890.92,TOUCHED,-0.82,below,1875.4,1890.92,1895.83,1900.75,1890.92,0.519,64.9,0.044,0,2026-08-21,2026-08-24,False,False,5.0,2026-08-24T11:59:17+05:30
UNITDSPR,1548.8,TOUCHED,-0.05,inside,1548.1,1548.8,1548.8,1552.4,1545.2,0.465,64.9,0.033,0,2026-08-21,2026-08-24,False,False,5.0,2026-08-24T11:59:17+05:30
BSOFT,304.74,TOUCHED,-0.87,below,302.1,304.74,305.73,306.73,304.74,0.649,65.2,0.04,0,2026-08-21,2026-08-24,False,False,5.0,2026-08-24T11:59:17+05:30
OIL,477.33,TOUCHED,-0.17,inside,476.5,477.33,477.33,478.5,476.17,0.489,65.2,0.021,0,2026-08-21,2026-08-24,False,False,5.0,2026-08-24T11:59:17+05:30
NAVINFLUOR,8257.33,TOUCHED,-0.23,inside,8238.5,8257.33,8257.33,8282.75,8231.92,0.616,65.5,0.045,0,2026-08-21,2026-08-24,False,False,5.0,2026-08-24T11:59:17+05:30
AJANTPHARM,3650.28,TOUCHED,-1.97,below,3578.4,3650.28,3660.77,3671.25,3650.28,0.573,65.8,0.04,0,2026-08-21,2026-08-24,False,False,5.0,2026-08-24T11:59:17+05:30
VIJAYA,1490.3,TOUCHED,-0.66,below,1480.4,1490.3,1495.0,1499.7,1490.3,0.629,65.8,0.034,0,2026-08-21,2026-08-24,False,False,5.0,2026-08-24T11:59:17+05:30
WOCKPHARMA,1879.0,TOUCHED,0.3,above,1884.7,1879.0,1871.7,1879.0,1864.4,0.78,66.0,0.059,0,2026-08-21,2026-08-24,False,False,5.0,2026-08-24T11:59:17+05:30
ABB,7475.0,TOUCHED,0.62,above,7521.0,7475.0,7458.0,7475.0,7441.0,0.456,66.3,0.023,0,2026-08-21,2026-08-24,False,False,5.0,2026-08-24T11:59:17+05:30
GMRAIRPORT,99.9,TOUCHED,-0.66,below,99.24,99.9,100.18,100.45,99.9,0.546,66.3,0.019,0,2026-08-21,2026-08-24,False,False,5.0,2026-08-24T11:59:17+05:30
LEMONTREE,108.64,TOUCHED,-0.04,below,108.6,108.64,108.95,109.26,108.64,0.566,66.6,0.023,0,2026-08-21,2026-08-24,False,False,5.0,2026-08-24T11:59:17+05:30
ONGC,236.87,TOUCHED,-0.14,below,236.54,236.87,237.34,237.81,236.87,0.396,66.6,0.028,0,2026-08-21,2026-08-24,False,False,5.0,2026-08-24T11:59:17+05:30
NETWEB,5517.4,TOUCHED,-0.79,below,5474.0,5517.4,5545.27,5573.13,5517.4,1.005,66.8,0.054,0,2026-08-21,2026-08-24,False,False,5.0,2026-08-24T11:59:17+05:30
HONASA,484.83,TOUCHED,-0.26,inside,483.55,484.83,484.83,486.3,483.37,0.605,67.1,0.054,0,2026-08-21,2026-08-24,False,False,5.0,2026-08-24T11:59:17+05:30
ARE&M,921.96,TOUCHED,-0.31,below,919.1,921.96,924.17,926.38,921.96,0.478,67.9,0.023,0,2026-08-21,2026-08-24,False,False,5.0,2026-08-24T11:59:17+05:30
WHIRLPOOL,770.96,TOUCHED,-0.19,below,769.5,770.96,773.42,775.88,770.96,0.636,67.9,0.049,0,2026-08-21,2026-08-24,False,False,5.0,2026-08-24T11:59:17+05:30
GICRE,356.73,TOUCHED,-0.11,below,356.35,356.73,357.7,358.68,356.73,0.545,68.2,0.032,0,2026-08-21,2026-08-24,False,False,5.0,2026-08-24T11:59:17+05:30
FIRSTCRY,197.15,TOUCHED,-1.12,below,194.95,197.15,197.98,198.8,197.15,0.832,68.8,0.06,0,2026-08-21,2026-08-24,False,False,5.0,2026-08-24T11:59:17+05:30
ATGL,648.03,TOUCHED,-0.37,below,645.65,648.03,649.97,651.9,648.03,0.595,69.0,0.031,0,2026-08-21,2026-08-24,False,False,5.0,2026-08-24T11:59:17+05:30
BAJAJHFL,85.03,TOUCHED,-0.75,below,84.39,85.03,85.21,85.4,85.03,0.426,69.0,0.024,0,2026-08-21,2026-08-24,False,False,5.0,2026-08-24T11:59:17+05:30
HBLENGINE,705.37,TOUCHED,-1.49,below,694.85,705.37,708.18,711.0,705.37,0.795,69.0,0.035,0,2026-08-21,2026-08-24,False,False,5.0,2026-08-24T11:59:17+05:30
SYNGENE,403.73,TOUCHED,-0.77,below,400.6,403.73,404.9,406.08,403.73,0.58,69.0,0.026,0,2026-08-21,2026-08-24,False,False,5.0,2026-08-24T11:59:17+05:30
BAJAJFINSV,2018.75,TOUCHED,-0.31,below,2012.5,2018.75,2023.33,2027.92,2018.75,0.453,69.9,0.02,0,2026-08-21,2026-08-24,False,False,5.0,2026-08-24T11:59:17+05:30
CARTRADE,3057.77,TOUCHED,1.84,above,3114.1,3057.77,3042.63,3057.77,3027.5,0.995,69.9,0.061,0,2026-08-21,2026-08-24,False,False,5.0,2026-08-24T11:59:17+05:30
MAPMYINDIA,987.35,TOUCHED,-1.71,below,970.5,987.35,990.8,994.25,987.35,0.696,69.9,0.031,0,2026-08-21,2026-08-24,False,False,5.0,2026-08-24T11:59:17+05:30
ACUTAAS,3209.5,TOUCHED,0.47,above,3224.7,3209.5,3196.0,3209.5,3182.5,0.845,70.1,0.036,0,2026-08-21,2026-08-24,False,False,5.0,2026-08-24T11:59:17+05:30
HCLTECH,1312.1,TOUCHED,0.27,above,1315.6,1312.1,1308.9,1312.1,1305.7,0.489,70.1,0.024,0,2026-08-21,2026-08-24,False,False,5.0,2026-08-24T11:59:17+05:30
UBL,1343.1,TOUCHED,-0.01,inside,1342.9,1343.1,1343.1,1346.0,1340.2,0.432,70.1,0.026,0,2026-08-21,2026-08-24,False,False,5.0,2026-08-24T11:59:17+05:30
ANANTRAJ,627.66,TOUCHED,-1.01,below,621.3,627.66,630.32,632.98,627.66,0.843,70.4,0.073,0,2026-08-21,2026-08-24,False,False,5.0,2026-08-24T11:59:17+05:30
ICICIPRULI,510.82,TOUCHED,-0.02,below,510.7,510.82,512.22,513.61,510.82,0.543,70.4,0.023,0,2026-08-21,2026-08-24,False,False,5.0,2026-08-24T11:59:17+05:30
PINELABS,158.51,TOUCHED,-0.41,inside,157.86,158.51,158.51,159.31,157.71,1.007,70.6,0.059,0,2026-08-21,2026-08-24,False,False,5.0,2026-08-24T11:59:17+05:30
GPIL,247.06,TOUCHED,-0.15,inside,246.68,247.06,247.06,248.04,246.07,0.797,70.7,0.029,0,2026-08-21,2026-08-24,False,False,5.0,2026-08-24T11:59:17+05:30
NESTLEIND,1467.2,TOUCHED,-0.57,below,1458.8,1467.2,1470.5,1473.8,1467.2,0.449,71.0,0.033,0,2026-08-21,2026-08-24,False,False,5.0,2026-08-24T11:59:17+05:30
COFORGE,1878.13,TOUCHED,0.15,inside,1881.0,1878.13,1878.13,1884.92,1871.35,0.722,71.5,0.032,0,2026-08-21,2026-08-24,False,False,5.0,2026-08-24T11:59:17+05:30
HEROMOTOCO,5704.0,TOUCHED,-0.02,inside,5703.0,5704.0,5704.0,5719.5,5688.5,0.543,71.8,0.017,0,2026-08-21,2026-08-24,False,False,5.0,2026-08-24T11:59:17+05:30
AADHARHFC,465.38,TOUCHED,0.12,inside,465.95,465.38,465.38,466.8,463.97,0.609,72.9,0.025,0,2026-08-21,2026-08-24,False,False,5.0,2026-08-24T11:59:17+05:30
SAPPHIRE,244.45,TOUCHED,-0.04,inside,244.35,244.45,244.45,245.5,243.39,0.862,73.2,0.05,0,2026-08-21,2026-08-24,False,False,5.0,2026-08-24T11:59:17+05:30
THERMAX,3981.62,TOUCHED,-0.5,below,3961.8,3981.62,3995.43,4009.25,3981.62,0.692,73.2,0.022,0,2026-08-21,2026-08-24,False,False,5.0,2026-08-24T11:59:17+05:30
CUMMINSIND,5155.0,TOUCHED,0.23,above,5167.0,5155.0,5139.17,5155.0,5123.33,0.616,73.4,0.018,0,2026-08-21,2026-08-24,False,False,5.0,2026-08-24T11:59:17+05:30
FACT,788.9,TOUCHED,-0.03,inside,788.7,788.9,788.9,791.7,786.1,0.71,73.7,0.056,0,2026-08-21,2026-08-24,False,False,5.0,2026-08-24T11:59:17+05:30
SBILIFE,1780.75,TOUCHED,-0.23,below,1776.7,1780.75,1784.8,1788.85,1780.75,0.454,74.2,0.015,0,2026-08-21,2026-08-24,False,False,5.0,2026-08-24T11:59:17+05:30
TITAN,5062.5,TOUCHED,-0.1,inside,5057.4,5062.5,5062.5,5074.3,5050.7,0.466,74.8,0.015,0,2026-08-21,2026-08-24,False,False,5.0,2026-08-24T11:59:17+05:30
AEGISVOPAK,273.63,TOUCHED,0.21,inside,274.2,273.63,273.63,274.97,272.3,0.975,75.6,0.04,0,2026-08-21,2026-08-24,False,False,5.0,2026-08-24T11:59:17+05:30
ZFCVINDIA,2652.98,TOUCHED,0.11,above,2655.9,2652.98,2643.97,2652.98,2634.95,0.682,75.6,0.038,0,2026-08-21,2026-08-24,False,False,5.0,2026-08-24T11:59:17+05:30
HEXT,540.02,TOUCHED,2.83,above,555.3,540.02,537.5,540.02,534.98,0.94,75.9,0.045,0,2026-08-21,2026-08-24,False,False,5.0,2026-08-24T11:59:17+05:30
FEDERALBNK,358.07,TOUCHED,-0.02,below,358.0,358.07,359.05,360.02,358.07,0.543,76.2,0.027,0,2026-08-21,2026-08-24,False,False,5.0,2026-08-24T11:59:17+05:30
HINDZINC,592.95,TOUCHED,1.36,above,601.0,592.95,591.0,592.95,589.05,0.66,76.2,0.041,0,2026-08-21,2026-08-24,False,False,5.0,2026-08-24T11:59:17+05:30
TCS,2290.83,TOUCHED,0.09,inside,2292.9,2290.83,2290.83,2296.42,2285.25,0.487,76.4,0.029,0,2026-08-21,2026-08-24,False,False,5.0,2026-08-24T11:59:17+05:30
AWL,190.01,TOUCHED,0.73,above,191.4,190.01,189.38,190.01,188.75,0.665,77.0,0.044,0,2026-08-21,2026-08-24,False,False,5.0,2026-08-24T11:59:17+05:30
BATAINDIA,703.12,TOUCHED,-2.12,below,688.25,703.12,705.2,707.27,703.12,0.588,77.0,0.022,0,2026-08-21,2026-08-24,False,False,5.0,2026-08-24T11:59:17+05:30
KEC,432.33,TOUCHED,0.37,inside,433.95,432.33,432.33,434.14,430.52,0.837,77.0,0.023,0,2026-08-21,2026-08-24,False,False,5.0,2026-08-24T11:59:17+05:30
SAREGAMA,513.05,TOUCHED,0.02,above,513.15,513.05,510.88,513.05,508.72,0.848,77.0,0.041,0,2026-08-21,2026-08-24,False,False,5.0,2026-08-24T11:59:17+05:30
SCHNEIDER,1224.02,TOUCHED,-3.34,below,1183.1,1224.02,1230.73,1237.45,1224.02,1.091,77.3,0.027,0,2026-08-21,2026-08-24,False,False,5.0,2026-08-24T11:59:17+05:30
RAINBOW,1447.25,TOUCHED,0.13,above,1449.2,1447.25,1442.57,1447.25,1437.88,0.649,77.5,0.037,0,2026-08-21,2026-08-24,False,False,5.0,2026-08-24T11:59:17+05:30
DEVYANI,146.25,TOUCHED,0.18,above,146.51,146.25,145.63,146.25,145.02,0.847,78.1,0.04,0,2026-08-21,2026-08-24,False,False,5.0,2026-08-24T11:59:17+05:30
BDL,1352.95,TOUCHED,0.08,above,1354.0,1352.95,1346.9,1352.95,1340.85,0.898,78.4,0.049,0,2026-08-21,2026-08-24,False,False,5.0,2026-08-24T11:59:17+05:30
ZYDUSWELL,497.17,TOUCHED,1.38,above,504.05,497.17,495.05,497.17,492.92,0.858,78.4,0.035,0,2026-08-21,2026-08-24,False,False,5.0,2026-08-24T11:59:17+05:30
GLAXO,2923.87,TOUCHED,0.07,inside,2926.0,2923.87,2923.87,2934.7,2913.03,0.741,78.9,0.026,0,2026-08-21,2026-08-24,False,False,5.0,2026-08-24T11:59:17+05:30
JSL,707.12,TOUCHED,-0.22,inside,705.55,707.12,707.12,710.0,704.23,0.816,80.0,0.041,0,2026-08-21,2026-08-24,False,False,5.0,2026-08-24T11:59:17+05:30
TEGA,1749.87,TOUCHED,-1.82,below,1718.0,1749.87,1756.53,1763.2,1749.87,0.759,80.0,0.043,0,2026-08-21,2026-08-24,False,False,5.0,2026-08-24T11:59:17+05:30
ANTHEM,881.9,TOUCHED,1.07,above,891.3,881.9,878.42,881.9,874.93,0.793,80.2,0.042,0,2026-08-21,2026-08-24,False,False,5.0,2026-08-24T11:59:17+05:30
IGL,148.41,TOUCHED,-0.3,below,147.96,148.41,148.95,149.49,148.41,0.723,80.3,0.047,0,2026-08-21,2026-08-24,False,False,5.0,2026-08-24T11:59:17+05:30
POWERGRID,270.08,TOUCHED,-0.29,below,269.3,270.08,270.85,271.62,270.08,0.572,80.3,0.017,0,2026-08-21,2026-08-24,False,False,5.0,2026-08-24T11:59:17+05:30
ACE,1172.1,TOUCHED,-0.08,inside,1171.2,1172.1,1172.1,1177.15,1167.05,0.862,80.5,0.049,0,2026-08-21,2026-08-24,False,False,5.0,2026-08-24T11:59:17+05:30
ABREL,1425.75,TOUCHED,0.21,above,1428.7,1425.75,1419.27,1425.75,1412.78,0.914,80.8,0.025,0,2026-08-21,2026-08-24,False,False,5.0,2026-08-24T11:59:17+05:30
MGL,1128.0,TOUCHED,1.07,above,1140.1,1128.0,1123.4,1128.0,1118.8,0.819,81.1,0.034,0,2026-08-21,2026-08-24,False,False,5.0,2026-08-24T11:59:17+05:30
AUBANK,1104.15,TOUCHED,0.37,above,1108.2,1104.15,1100.1,1104.15,1096.05,0.736,81.9,0.016,0,2026-08-21,2026-08-24,False,False,5.0,2026-08-24T11:59:17+05:30
CCL,1087.15,TOUCHED,-0.55,below,1081.2,1087.15,1092.0,1096.85,1087.15,0.888,81.9,0.021,0,2026-08-21,2026-08-24,False,False,5.0,2026-08-24T11:59:17+05:30
ZYDUSLIFE,1109.7,TOUCHED,-0.3,below,1106.4,1109.7,1113.13,1116.57,1109.7,0.617,81.9,0.024,0,2026-08-21,2026-08-24,False,False,5.0,2026-08-24T11:59:17+05:30
POLYCAB,9032.33,TOUCHED,-0.26,inside,9008.5,9032.33,9032.33,9065.5,8999.17,0.734,82.2,0.033,0,2026-08-21,2026-08-24,False,False,5.0,2026-08-24T11:59:17+05:30
MINDACORP,730.78,TOUCHED,-0.58,below,726.55,730.78,733.72,736.65,730.78,0.8,82.5,0.038,0,2026-08-21,2026-08-24,False,False,5.0,2026-08-24T11:59:17+05:30
CYIENT,896.33,TOUCHED,-0.03,below,896.1,896.33,900.0,903.68,896.33,0.817,82.7,0.024,0,2026-08-21,2026-08-24,False,False,5.0,2026-08-24T11:59:17+05:30
FINCABLES,1276.5,TOUCHED,0.71,above,1285.55,1276.5,1271.17,1276.5,1265.83,0.839,82.7,0.019,0,2026-08-21,2026-08-24,False,False,5.0,2026-08-24T11:59:17+05:30
POLYMED,1746.9,TOUCHED,0.37,above,1753.3,1746.9,1737.73,1746.9,1728.57,1.055,83.8,0.045,0,2026-08-21,2026-08-24,False,False,5.0,2026-08-24T11:59:17+05:30
PPLPHARMA,214.66,TOUCHED,-1.18,below,212.12,214.66,215.65,216.64,214.66,0.918,83.8,0.044,0,2026-08-21,2026-08-24,False,False,5.0,2026-08-24T11:59:17+05:30
ASAHIINDIA,956.73,TOUCHED,-0.09,inside,955.85,956.73,956.73,961.24,952.23,0.942,84.7,0.045,0,2026-08-21,2026-08-24,False,False,5.0,2026-08-24T11:59:17+05:30
JBMA,664.67,TOUCHED,-0.6,below,660.7,664.67,667.77,670.86,664.67,0.926,85.5,0.033,0,2026-08-21,2026-08-24,False,False,5.0,2026-08-24T11:59:17+05:30
NIVABUPA,82.28,TOUCHED,0.49,above,82.68,82.28,81.93,82.28,81.59,0.838,85.8,0.018,0,2026-08-21,2026-08-24,False,False,5.0,2026-08-24T11:59:17+05:30
RPOWER,23.11,TOUCHED,0.36,inside,23.19,23.11,23.11,23.28,22.93,1.486,86.0,0.076,0,2026-08-21,2026-08-24,False,False,5.0,2026-08-24T11:59:17+05:30
MARUTI,13605.67,TOUCHED,-0.55,below,13531.0,13605.67,13646.33,13687.0,13605.67,0.596,86.3,0.015,0,2026-08-21,2026-08-24,False,False,5.0,2026-08-24T11:59:17+05:30
RVNL,226.31,TOUCHED,-1.49,below,222.93,226.31,227.33,228.34,226.31,0.892,86.3,0.034,0,2026-08-21,2026-08-24,False,False,5.0,2026-08-24T11:59:17+05:30
BALRAMCHIN,732.73,TOUCHED,-1.11,below,724.6,732.73,736.12,739.5,732.73,0.919,86.6,0.025,0,2026-08-21,2026-08-24,False,False,5.0,2026-08-24T11:59:17+05:30
CANHLIFE,154.49,TOUCHED,1.2,above,156.34,154.49,153.74,154.49,152.99,0.976,88.2,0.02,0,2026-08-21,2026-08-24,False,False,5.0,2026-08-24T11:59:17+05:30
USHAMART,486.23,TOUCHED,0.11,inside,486.75,486.23,486.23,488.7,483.77,1.015,88.5,0.035,0,2026-08-21,2026-08-24,False,False,5.0,2026-08-24T11:59:17+05:30
SUMICHEM,537.73,TOUCHED,-1.17,below,531.45,537.73,540.82,543.9,537.73,1.14,88.8,0.039,0,2026-08-21,2026-08-24,False,False,5.0,2026-08-24T11:59:17+05:30
URBANCO,157.57,TOUCHED,6.36,above,167.59,157.57,156.53,157.57,155.5,1.32,88.8,0.046,0,2026-08-21,2026-08-24,False,False,5.0,2026-08-24T11:59:17+05:30
VBL,432.02,TOUCHED,-1.61,below,425.05,432.02,433.93,435.85,432.02,0.883,88.8,0.03,0,2026-08-21,2026-08-24,False,False,5.0,2026-08-24T11:59:17+05:30
AEGISLOG,1389.5,TOUCHED,-1.09,below,1374.4,1389.5,1398.97,1408.43,1389.5,1.353,89.3,0.033,0,2026-08-21,2026-08-24,False,False,5.0,2026-08-24T11:59:17+05:30
JYOTICNC,976.25,TOUCHED,0.6,inside,982.15,976.25,976.25,982.52,969.98,1.286,89.9,0.027,0,2026-08-21,2026-08-24,False,False,5.0,2026-08-24T11:59:17+05:30
LENSKART,657.4,TOUCHED,0.12,above,658.2,657.4,653.4,657.4,649.4,1.224,90.9,0.031,0,2026-08-21,2026-08-24,False,False,5.0,2026-08-24T11:59:17+05:30
VEDL,275.9,TOUCHED,-0.33,inside,275.0,275.9,275.9,277.45,274.35,1.124,93.2,0.028,0,2026-08-21,2026-08-24,False,False,5.0,2026-08-24T11:59:17+05:30
JINDALSAW,289.37,TOUCHED,0.32,above,290.3,289.37,287.08,289.37,284.8,1.591,93.4,0.038,0,2026-08-21,2026-08-24,False,False,5.0,2026-08-24T11:59:17+05:30
GABRIEL,1420.55,V+N,-2.96,below,1378.5,1420.55,1420.57,1420.58,1420.55,0.002,2.2,0.033,1,2026-08-21,2026-08-24,True,True,5.0,2026-08-24T13:18:35+05:30
LUPIN,2201.98,V+N,-0.73,below,2186.0,2201.98,2202.17,2202.35,2201.98,0.017,3.0,0.027,1,2026-08-21,2026-08-24,True,True,5.0,2026-08-24T13:18:35+05:30
IOC,135.93,V+N,1.59,above,138.08,135.93,135.92,135.93,135.91,0.012,3.8,0.021,1,2026-08-21,2026-08-24,True,True,5.0,2026-08-24T13:18:35+05:30
LTF,317.12,V+N,0.34,above,318.2,317.12,317.08,317.12,317.05,0.021,3.8,0.028,1,2026-08-21,2026-08-24,True,True,5.0,2026-08-24T13:18:35+05:30
JKTYRE,374.85,V+N,1.95,above,382.15,374.85,374.8,374.85,374.75,0.027,4.4,0.034,1,2026-08-21,2026-08-24,True,True,5.0,2026-08-24T13:18:35+05:30
GESHIP,1311.08,V+N,1.11,above,1325.7,1311.08,1310.87,1311.08,1310.65,0.033,4.7,0.034,1,2026-08-21,2026-08-24,True,True,5.0,2026-08-24T13:18:35+05:30
COCHINSHIP,1480.05,V,1.1,above,1496.3,1480.05,1479.6,1480.05,1479.15,0.061,6.3,0.043,1,2026-08-21,2026-08-24,True,False,5.0,2026-08-24T13:18:35+05:30
JINDALSTEL,1127.52,V,1.12,above,1140.2,1127.52,1127.23,1127.52,1126.95,0.05,7.9,0.034,1,2026-08-21,2026-08-24,True,False,5.0,2026-08-24T13:18:35+05:30
NH,1815.27,V,2.51,above,1860.9,1815.27,1814.73,1815.27,1814.2,0.059,8.5,0.034,1,2026-08-21,2026-08-24,True,False,5.0,2026-08-24T13:18:35+05:30
MUTHOOTFIN,3025.05,V,5.73,above,3198.4,3025.05,3024.03,3025.05,3023.02,0.067,9.3,0.04,1,2026-08-21,2026-08-24,True,False,5.0,2026-08-24T13:18:35+05:30
JSWCEMENT,125.98,V,0.99,above,127.23,125.98,125.92,125.98,125.85,0.098,12.5,0.036,1,2026-08-21,2026-08-24,True,False,5.0,2026-08-24T13:18:35+05:30
TEJASNET,510.09,V,0.48,above,512.55,510.09,509.73,510.09,509.38,0.141,12.9,0.046,1,2026-08-21,2026-08-24,True,False,5.0,2026-08-24T13:18:35+05:30
NSLNISP,39.86,V,0.66,above,40.13,39.86,39.84,39.86,39.82,0.126,13.2,0.033,1,2026-08-21,2026-08-24,True,False,5.0,2026-08-24T13:18:35+05:30
EIDPARRY,798.38,V,6.22,above,848.0,798.38,798.02,798.38,797.66,0.09,13.4,0.032,1,2026-08-21,2026-08-24,True,False,5.0,2026-08-24T13:18:35+05:30
SYRMA,1437.88,V,1.11,above,1453.9,1437.88,1436.47,1437.88,1435.05,0.197,17.3,0.045,1,2026-08-21,2026-08-24,True,False,5.0,2026-08-24T13:18:35+05:30
HINDALCO,1033.51,V,1.57,above,1049.7,1033.51,1033.02,1033.51,1032.52,0.095,19.5,0.011,1,2026-08-21,2026-08-24,True,False,5.0,2026-08-24T13:18:35+05:30
IDBI,82.17,V,7.7,above,88.5,82.17,82.1,82.17,82.03,0.166,19.5,0.037,1,2026-08-21,2026-08-24,True,False,5.0,2026-08-24T13:18:35+05:30
REDINGTON,350.07,V,5.31,above,368.65,350.07,349.6,350.07,349.12,0.272,23.3,0.038,1,2026-08-21,2026-08-24,True,False,5.0,2026-08-24T13:18:35+05:30
RHIM,374.86,V,0.7,above,377.5,374.86,374.47,374.86,374.07,0.209,23.6,0.029,1,2026-08-21,2026-08-24,True,False,5.0,2026-08-24T13:18:35+05:30
RAILTEL,287.61,V,-1.85,below,282.3,287.61,287.97,288.32,287.61,0.249,26.6,0.041,1,2026-08-21,2026-08-24,True,False,5.0,2026-08-24T13:18:35+05:30
BAJFINANCE,1096.02,V,-1.23,below,1082.5,1096.02,1097.03,1098.05,1096.02,0.185,30.4,0.027,1,2026-08-21,2026-08-24,True,False,5.0,2026-08-24T13:18:35+05:30
JSWSTEEL,1292.35,V,1.46,above,1311.2,1292.35,1291.0,1292.35,1289.65,0.209,38.1,0.024,1,2026-08-21,2026-08-24,True,False,5.0,2026-08-24T13:18:35+05:30
COALINDIA,404.73,V,0.58,above,407.1,404.73,404.27,404.73,403.8,0.231,39.7,0.023,1,2026-08-21,2026-08-24,True,False,5.0,2026-08-24T13:18:35+05:30
FIVESTAR,522.05,V,-2.7,below,507.95,522.05,523.15,524.25,522.05,0.421,41.1,0.041,1,2026-08-21,2026-08-24,True,False,5.0,2026-08-24T13:18:35+05:30
PIDILITIND,1650.75,V,-0.27,below,1646.3,1650.75,1652.5,1654.25,1650.75,0.212,41.4,0.026,1,2026-08-21,2026-08-24,True,False,5.0,2026-08-24T13:18:35+05:30
GODREJCP,934.3,V,-1.39,below,921.3,934.3,935.6,936.9,934.3,0.278,41.9,0.023,1,2026-08-21,2026-08-24,True,False,5.0,2026-08-24T13:18:35+05:30
PFOCUS,295.84,V,2.96,above,304.6,295.84,294.73,295.84,293.62,0.752,44.4,0.053,1,2026-08-21,2026-08-24,True,False,5.0,2026-08-24T13:18:35+05:30
CREDITACC,1499.42,V,-3.66,below,1444.6,1499.42,1502.73,1506.05,1499.42,0.441,45.8,0.035,1,2026-08-21,2026-08-24,True,False,5.0,2026-08-24T13:18:35+05:30
HFCL,227.31,V,4.56,above,237.67,227.31,226.61,227.31,225.92,0.616,49.3,0.028,1,2026-08-21,2026-08-24,True,False,5.0,2026-08-24T13:18:35+05:30
MARICO,850.55,V,-0.32,below,847.8,850.55,851.85,853.15,850.55,0.305,50.7,0.018,1,2026-08-21,2026-08-24,True,False,5.0,2026-08-24T13:18:35+05:30
HOMEFIRST,1196.8,V,-0.89,below,1186.2,1196.8,1199.9,1203.0,1196.8,0.517,52.3,0.042,1,2026-08-21,2026-08-24,True,False,5.0,2026-08-24T13:18:35+05:30
CROMPTON,252.48,V,-2.8,below,245.4,252.48,252.95,253.43,252.48,0.376,52.6,0.025,1,2026-08-21,2026-08-24,True,False,5.0,2026-08-24T13:18:35+05:30
HAL,5010.67,V,-2.55,below,4883.0,5010.67,5021.33,5032.0,5010.67,0.425,53.4,0.035,1,2026-08-21,2026-08-24,True,False,5.0,2026-08-24T13:18:35+05:30
RADICO,4649.7,V,-0.75,below,4615.0,4649.7,4659.6,4669.5,4649.7,0.425,54.2,0.021,1,2026-08-21,2026-08-24,True,False,5.0,2026-08-24T13:18:35+05:30
VMM,104.16,V,8.69,above,113.22,104.16,103.92,104.16,103.67,0.472,55.9,0.026,1,2026-08-21,2026-08-24,True,False,5.0,2026-08-24T13:18:35+05:30
MANAPPURAM,356.64,V,2.82,above,366.7,356.64,355.78,356.64,354.93,0.483,58.1,0.027,1,2026-08-21,2026-08-24,True,False,5.0,2026-08-24T13:18:35+05:30
NATIONALUM,392.32,V,2.94,above,403.85,392.32,391.19,392.32,390.06,0.578,58.6,0.04,1,2026-08-21,2026-08-24,True,False,5.0,2026-08-24T13:18:35+05:30
NUVAMA,1738.28,V,1.07,above,1756.8,1738.28,1732.97,1738.28,1727.65,0.614,60.5,0.025,1,2026-08-21,2026-08-24,True,False,5.0,2026-08-24T13:18:35+05:30
MPHASIS,2423.85,V,0.37,above,2432.7,2423.85,2417.7,2423.85,2411.55,0.509,60.8,0.024,1,2026-08-21,2026-08-24,True,False,5.0,2026-08-24T13:18:35+05:30
TARIL,297.43,V,2.59,above,305.15,297.43,296.22,297.43,295.0,0.821,63.8,0.054,1,2026-08-21,2026-08-24,True,False,5.0,2026-08-24T13:18:35+05:30
CANFINHOME,832.86,V,-2.48,below,812.2,832.86,835.27,837.67,832.86,0.577,67.4,0.02,1,2026-08-21,2026-08-24,True,False,5.0,2026-08-24T13:18:35+05:30
MMTC,65.6,V,-1.38,below,64.7,65.6,65.83,66.05,65.6,0.679,69.0,0.051,1,2026-08-21,2026-08-24,True,False,5.0,2026-08-24T13:18:35+05:30
COHANCE,465.01,V,-3.11,below,450.55,465.01,467.02,469.02,465.01,0.86,77.3,0.022,1,2026-08-21,2026-08-24,True,False,5.0,2026-08-24T13:18:35+05:30
APOLLOTYRE,438.24,V,2.11,above,447.5,438.24,436.78,438.24,435.32,0.668,77.8,0.038,1,2026-08-21,2026-08-24,True,False,5.0,2026-08-24T13:18:35+05:30
CDSL,1383.88,V,0.48,above,1390.5,1383.88,1378.87,1383.88,1373.85,0.728,77.8,0.036,1,2026-08-21,2026-08-24,True,False,5.0,2026-08-24T13:18:35+05:30
ENGINERSIN,243.72,V,1.55,above,247.5,243.72,242.53,243.72,241.35,0.98,79.7,0.038,1,2026-08-21,2026-08-24,True,False,5.0,2026-08-24T13:18:35+05:30
GODIGIT,261.85,V,0.13,above,262.2,261.85,260.8,261.85,259.75,0.805,85.2,0.028,1,2026-08-21,2026-08-24,True,False,5.0,2026-08-24T13:18:35+05:30
KEI,5557.83,V,-1.23,below,5489.7,5557.83,5588.07,5618.3,5557.83,1.082,91.5,0.026,1,2026-08-21,2026-08-24,True,False,5.0,2026-08-24T13:18:35+05:30
IIFL,675.23,V,3.98,above,702.1,675.23,670.67,675.23,666.1,1.362,92.3,0.026,1,2026-08-21,2026-08-24,True,False,5.0,2026-08-24T13:18:35+05:30
TORNTPHARM,4916.58,V,-0.64,below,4885.0,4916.58,4936.67,4956.75,4916.58,0.814,93.2,0.023,1,2026-08-21,2026-08-24,True,False,5.0,2026-08-24T13:18:35+05:30
PTCIL,20467.67,V,2.87,above,21055.0,20467.67,20306.33,20467.67,20145.0,1.589,94.8,0.025,1,2026-08-21,2026-08-24,True,False,5.0,2026-08-24T13:18:35+05:30
BRITANNIA,5389.17,V,-1.45,below,5311.0,5389.17,5413.33,5437.5,5389.17,0.893,95.1,0.021,1,2026-08-21,2026-08-24,True,False,5.0,2026-08-24T13:18:35+05:30
PAGEIND,35480.0,NARROW,0.17,above,35540.0,35480.0,35480.0,35480.0,35480.0,0.0,0.0,0.027,0,2026-08-21,2026-08-24,False,True,5.0,2026-08-24T13:18:35+05:30
ASHOKLEY,173.0,NARROW,-0.45,below,172.21,173.0,173.0,173.0,173.0,0.002,1.4,0.024,0,2026-08-21,2026-08-24,False,True,5.0,2026-08-24T13:18:35+05:30
SIEMENS,3919.98,NARROW,4.18,above,4084.0,3919.98,3919.97,3919.98,3919.95,0.001,1.4,0.018,0,2026-08-21,2026-08-24,False,True,5.0,2026-08-24T13:18:35+05:30
AFFLE,1718.5,NARROW,-0.03,below,1718.0,1718.5,1718.57,1718.63,1718.5,0.008,1.6,0.028,0,2026-08-21,2026-08-24,False,True,5.0,2026-08-24T13:18:35+05:30
HDFCAMC,2609.95,NARROW,-0.06,below,2608.3,2609.95,2609.97,2609.98,2609.95,0.001,1.6,0.023,0,2026-08-21,2026-08-24,False,True,5.0,2026-08-24T13:18:35+05:30
PIIND,2496.75,NARROW,-0.87,below,2475.1,2496.75,2496.77,2496.78,2496.75,0.001,1.6,0.018,0,2026-08-21,2026-08-24,False,True,5.0,2026-08-24T13:18:35+05:30
BLUEJET,596.18,NARROW,-0.78,below,591.55,596.18,596.2,596.23,596.18,0.008,1.9,0.042,0,2026-08-21,2026-08-24,False,True,5.0,2026-08-24T13:18:35+05:30
NUVOCO,322.07,NARROW,-0.56,below,320.25,322.07,322.08,322.1,322.07,0.01,1.9,0.039,0,2026-08-21,2026-08-24,False,True,5.0,2026-08-24T13:18:35+05:30
PIRAMALFIN,2180.75,NARROW,-1.72,below,2143.3,2180.75,2180.77,2180.78,2180.75,0.002,2.0,0.043,0,2026-08-21,2026-08-24,False,True,5.0,2026-08-24T13:18:35+05:30
ATUL,6509.58,NARROW,-1.11,below,6437.5,6509.58,6509.67,6509.75,6509.58,0.003,2.5,0.013,0,2026-08-21,2026-08-24,False,True,5.0,2026-08-24T13:18:35+05:30
CAMS,753.25,NARROW,0.43,above,756.5,753.25,753.17,753.25,753.08,0.022,2.5,0.04,0,2026-08-21,2026-08-24,False,True,5.0,2026-08-24T13:18:35+05:30
APOLLOHOSP,8692.0,NARROW,-0.16,below,8678.0,8692.0,8692.33,8692.67,8692.0,0.008,3.3,0.014,0,2026-08-21,2026-08-24,False,True,5.0,2026-08-24T13:18:35+05:30
INDHOTEL,729.9,NARROW,-0.46,below,726.55,729.9,729.93,729.97,729.9,0.009,3.3,0.019,0,2026-08-21,2026-08-24,False,True,5.0,2026-08-24T13:18:35+05:30
BHEL,412.88,NARROW,-0.71,below,409.95,412.88,412.92,412.96,412.88,0.02,3.6,0.045,0,2026-08-21,2026-08-24,False,True,5.0,2026-08-24T13:18:35+05:30
PHOENIXLTD,1928.95,NARROW,-0.7,below,1915.5,1928.95,1929.3,1929.65,1928.95,0.036,3.6,0.045,0,2026-08-21,2026-08-24,False,True,5.0,2026-08-24T13:18:35+05:30
CHENNPETRO,1394.0,NARROW,4.02,above,1450.0,1394.0,1393.83,1394.0,1393.67,0.024,4.1,0.026,0,2026-08-21,2026-08-24,False,True,5.0,2026-08-24T13:18:35+05:30
ENRIN,3436.75,NARROW,1.51,above,3488.7,3436.75,3436.37,3436.75,3435.98,0.022,4.1,0.025,0,2026-08-21,2026-08-24,False,True,5.0,2026-08-24T13:18:35+05:30
SUPREMEIND,3640.4,NARROW,-0.67,below,3616.0,3640.4,3640.93,3641.47,3640.4,0.029,4.1,0.037,0,2026-08-21,2026-08-24,False,True,5.0,2026-08-24T13:18:35+05:30
ULTRACEMCO,11571.0,NARROW,-0.15,below,11554.0,11571.0,11572.0,11573.0,11571.0,0.017,4.1,0.02,0,2026-08-21,2026-08-24,False,True,5.0,2026-08-24T13:18:35+05:30
ETERNAL,327.97,NARROW,0.01,above,328.0,327.97,327.93,327.97,327.9,0.02,4.4,0.024,0,2026-08-21,2026-08-24,False,True,5.0,2026-08-24T13:18:35+05:30
NIACL,184.21,NARROW,0.02,above,184.25,184.21,184.18,184.21,184.16,0.027,4.7,0.029,0,2026-08-21,2026-08-24,False,True,5.0,2026-08-24T13:18:35+05:30
NTPC,339.93,NARROW,-0.24,below,339.1,339.93,339.95,339.98,339.93,0.015,4.7,0.015,0,2026-08-21,2026-08-24,False,True,5.0,2026-08-24T13:18:35+05:30
HDFCLIFE,551.87,WIDE,0.04,above,552.1,551.87,548.93,551.87,546.0,1.069,97.3,0.02,0,2026-08-21,2026-08-24,False,False,5.0,2026-08-24T13:18:35+05:30
THELEELA,552.72,WIDE,0.49,inside,555.4,552.72,552.72,557.21,548.23,1.625,98.0,0.03,0,2026-08-21,2026-08-24,False,False,5.0,2026-08-24T13:18:35+05:30
WELCORP,2288.25,WIDE,4.19,above,2384.2,2288.25,2264.6,2288.25,2240.95,2.089,98.1,0.053,0,2026-08-21,2026-08-24,False,False,5.0,2026-08-24T13:18:35+05:30
NCC,148.28,WIDE,0.64,above,149.22,148.28,146.99,148.28,145.71,1.746,98.9,0.027,0,2026-08-21,2026-08-24,False,False,5.0,2026-08-24T13:18:35+05:30
HSCL,671.8,WIDE,0.54,inside,675.4,671.8,671.8,680.5,663.1,2.59,99.5,0.039,0,2026-08-21,2026-08-24,False,False,5.0,2026-08-24T13:18:35+05:30
PFIZER,4978.8,TOUCHED,-1.69,below,4894.7,4978.8,4979.4,4980.0,4978.8,0.024,5.2,0.023,0,2026-08-21,2026-08-24,False,False,5.0,2026-08-24T13:18:35+05:30
KPRMILL,1151.93,TOUCHED,-2.34,below,1125.0,1151.93,1152.27,1152.6,1151.93,0.058,6.0,0.052,0,2026-08-21,2026-08-24,False,False,5.0,2026-08-24T13:18:35+05:30
LTTS,3603.73,TOUCHED,0.23,above,3611.9,3603.73,3602.87,3603.73,3602.0,0.048,6.3,0.042,0,2026-08-21,2026-08-24,False,False,5.0,2026-08-24T13:18:35+05:30
HONAUT,36720.0,TOUCHED,0.29,above,36825.0,36720.0,36713.33,36720.0,36706.67,0.036,6.6,0.026,0,2026-08-21,2026-08-24,False,False,5.0,2026-08-24T13:18:35+05:30
BANKINDIA,142.83,TOUCHED,-1.02,below,141.38,142.83,142.87,142.91,142.83,0.058,6.8,0.03,0,2026-08-21,2026-08-24,False,False,5.0,2026-08-24T13:18:35+05:30
PNB,116.47,TOUCHED,-0.67,below,115.69,116.47,116.49,116.52,116.47,0.049,6.8,0.035,0,2026-08-21,2026-08-24,False,False,5.0,2026-08-24T13:18:35+05:30
CEMPRO,1276.88,TOUCHED,-0.63,below,1268.8,1276.88,1277.37,1277.85,1276.88,0.076,7.1,0.055,0,2026-08-21,2026-08-24,False,False,5.0,2026-08-24T13:18:35+05:30
ACMESOLAR,402.1,TOUCHED,0.15,above,402.7,402.1,401.93,402.1,401.77,0.083,7.4,0.05,0,2026-08-21,2026-08-24,False,False,5.0,2026-08-24T13:18:35+05:30
PFC,363.09,TOUCHED,-0.31,below,361.95,363.09,363.18,363.28,363.09,0.05,7.4,0.032,0,2026-08-21,2026-08-24,False,False,5.0,2026-08-24T13:18:35+05:30
ALKEM,5397.0,TOUCHED,-0.95,below,5345.5,5397.0,5398.0,5399.0,5397.0,0.037,7.7,0.024,0,2026-08-21,2026-08-24,False,False,5.0,2026-08-24T13:18:35+05:30
BAYERCROP,4072.35,TOUCHED,-0.53,below,4050.8,4072.35,4073.2,4074.05,4072.35,0.042,7.7,0.032,0,2026-08-21,2026-08-24,False,False,5.0,2026-08-24T13:18:35+05:30
BLUEDART,5080.5,TOUCHED,-0.6,below,5050.0,5080.5,5081.33,5082.17,5080.5,0.033,7.7,0.017,0,2026-08-21,2026-08-24,False,False,5.0,2026-08-24T13:18:35+05:30
TORNTPOWER,1248.03,TOUCHED,-0.37,below,1243.4,1248.03,1248.37,1248.7,1248.03,0.053,7.7,0.031,0,2026-08-21,2026-08-24,False,False,5.0,2026-08-24T13:18:35+05:30
ZENSARTECH,483.68,TOUCHED,-0.58,below,480.9,483.68,483.82,483.95,483.68,0.055,7.7,0.035,0,2026-08-21,2026-08-24,False,False,5.0,2026-08-24T13:18:35+05:30
APARINDS,16835.0,TOUCHED,-0.54,below,16744.0,16835.0,16842.0,16849.0,16835.0,0.083,7.9,0.054,0,2026-08-21,2026-08-24,False,False,5.0,2026-08-24T13:18:35+05:30
TATAINVEST,648.11,TOUCHED,-0.33,below,646.0,648.11,648.27,648.43,648.11,0.049,8.2,0.023,0,2026-08-21,2026-08-24,False,False,5.0,2026-08-24T13:18:35+05:30
WIPRO,180.88,TOUCHED,1.23,above,183.1,180.88,180.85,180.88,180.82,0.033,8.2,0.013,0,2026-08-21,2026-08-24,False,False,5.0,2026-08-24T13:18:35+05:30
MANKIND,2384.8,TOUCHED,-0.4,below,2375.2,2384.8,2385.6,2386.4,2384.8,0.067,8.8,0.038,0,2026-08-21,2026-08-24,False,False,5.0,2026-08-24T13:18:35+05:30
ADANIENSOL,1543.4,TOUCHED,1.03,above,1559.3,1543.4,1542.9,1543.4,1542.4,0.065,9.0,0.031,0,2026-08-21,2026-08-24,False,False,5.0,2026-08-24T13:18:35+05:30
SOLARINDS,19872.0,TOUCHED,-0.51,below,19770.0,19872.0,19881.33,19890.67,19872.0,0.094,9.0,0.057,0,2026-08-21,2026-08-24,False,False,5.0,2026-08-24T13:18:35+05:30
DEEPAKFERT,1451.0,TOUCHED,2.94,above,1493.6,1451.0,1450.4,1451.0,1449.8,0.083,9.3,0.046,0,2026-08-21,2026-08-24,False,False,5.0,2026-08-24T13:18:35+05:30
NAVA,559.5,TOUCHED,2.14,above,571.5,559.5,559.32,559.5,559.13,0.066,9.3,0.038,0,2026-08-21,2026-08-24,False,False,5.0,2026-08-24T13:18:35+05:30
AMBUJACEM,414.07,TOUCHED,-1.42,below,408.2,414.07,414.22,414.36,414.07,0.068,9.6,0.035,0,2026-08-21,2026-08-24,False,False,5.0,2026-08-24T13:18:35+05:30
CONCORDBIO,1569.5,TOUCHED,-2.11,below,1536.4,1569.5,1570.1,1570.7,1569.5,0.076,9.6,0.022,0,2026-08-21,2026-08-24,False,False,5.0,2026-08-24T13:18:35+05:30
ITCHOTELS,165.18,TOUCHED,0.08,above,165.31,165.18,165.11,165.18,165.04,0.079,9.9,0.038,0,2026-08-21,2026-08-24,False,False,5.0,2026-08-24T13:18:35+05:30
JUBLFOOD,506.61,TOUCHED,0.47,above,509.0,506.61,506.47,506.61,506.33,0.056,10.1,0.018,0,2026-08-21,2026-08-24,False,False,5.0,2026-08-24T13:18:35+05:30
INDIGO,5114.0,TOUCHED,0.08,above,5118.0,5114.0,5112.67,5114.0,5111.33,0.052,10.4,0.025,0,2026-08-21,2026-08-24,False,False,5.0,2026-08-24T13:18:35+05:30
ADANIENT,2994.25,TOUCHED,-0.42,below,2981.6,2994.25,2995.17,2996.08,2994.25,0.061,10.7,0.026,0,2026-08-21,2026-08-24,False,False,5.0,2026-08-24T13:18:35+05:30
ITI,279.38,TOUCHED,-0.19,below,278.85,279.38,279.5,279.62,279.38,0.089,10.7,0.035,0,2026-08-21,2026-08-24,False,False,5.0,2026-08-24T13:18:35+05:30
ONESOURCE,1535.77,TOUCHED,-0.96,below,1521.1,1535.77,1536.53,1537.3,1535.77,0.1,10.7,0.052,0,2026-08-21,2026-08-24,False,False,5.0,2026-08-24T13:18:35+05:30
ESCORTS,3085.22,TOUCHED,0.13,above,3089.1,3085.22,3083.83,3085.22,3082.45,0.09,11.0,0.041,0,2026-08-21,2026-08-24,False,False,5.0,2026-08-24T13:18:35+05:30
IKS,1788.2,TOUCHED,0.03,above,1788.7,1788.2,1787.53,1788.2,1786.87,0.075,11.0,0.02,0,2026-08-21,2026-08-24,False,False,5.0,2026-08-24T13:18:35+05:30
PERSISTENT,5665.67,TOUCHED,0.16,above,5675.0,5665.67,5663.83,5665.67,5662.0,0.065,11.0,0.018,0,2026-08-21,2026-08-24,False,False,5.0,2026-08-24T13:18:35+05:30
IRB,18.96,TOUCHED,-0.14,below,18.93,18.96,18.96,18.97,18.96,0.07,11.5,0.038,0,2026-08-21,2026-08-24,False,False,5.0,2026-08-24T13:18:35+05:30
KARURVYSYA,335.34,TOUCHED,0.72,above,337.75,335.34,335.18,335.34,335.02,0.094,11.5,0.038,0,2026-08-21,2026-08-24,False,False,5.0,2026-08-24T13:18:35+05:30
BPCL,310.9,TOUCHED,0.39,above,312.1,310.9,310.8,310.9,310.7,0.064,11.8,0.021,0,2026-08-21,2026-08-24,False,False,5.0,2026-08-24T13:18:35+05:30
CRAFTSMAN,10639.33,TOUCHED,0.2,above,10661.0,10639.33,10634.17,10639.33,10629.0,0.097,11.8,0.053,0,2026-08-21,2026-08-24,False,False,5.0,2026-08-24T13:18:35+05:30
NBCC,88.93,TOUCHED,-0.52,below,88.47,88.93,88.98,89.02,88.93,0.109,12.3,0.044,0,2026-08-21,2026-08-24,False,False,5.0,2026-08-24T13:18:35+05:30
BLUESTARCO,1512.82,TOUCHED,-0.51,below,1505.1,1512.82,1513.73,1514.65,1512.82,0.121,12.6,0.05,0,2026-08-21,2026-08-24,False,False,5.0,2026-08-24T13:18:35+05:30
DELHIVERY,450.89,TOUCHED,-1.52,below,444.05,450.89,451.08,451.28,450.89,0.085,12.6,0.019,0,2026-08-21,2026-08-24,False,False,5.0,2026-08-24T13:18:35+05:30
OLAELEC,37.76,TOUCHED,-0.59,below,37.54,37.76,37.8,37.83,37.76,0.176,12.9,0.066,0,2026-08-21,2026-08-24,False,False,5.0,2026-08-24T13:18:35+05:30
GVT&D,4125.18,TOUCHED,1.19,above,4174.2,4125.18,4123.17,4125.18,4121.15,0.098,13.2,0.022,0,2026-08-21,2026-08-24,False,False,5.0,2026-08-24T13:18:35+05:30
INDIACEM,371.06,TOUCHED,-1.04,below,367.2,371.06,371.22,371.38,371.06,0.085,13.2,0.031,0,2026-08-21,2026-08-24,False,False,5.0,2026-08-24T13:18:35+05:30
LICI,422.72,TOUCHED,0.14,above,423.3,422.72,422.57,422.72,422.41,0.075,13.2,0.031,0,2026-08-21,2026-08-24,False,False,5.0,2026-08-24T13:18:35+05:30
TBOTEK,1699.05,TOUCHED,0.19,above,1702.2,1699.05,1698.2,1699.05,1697.35,0.1,13.2,0.033,0,2026-08-21,2026-08-24,False,False,5.0,2026-08-24T13:18:35+05:30
ZENTEC,1923.1,TOUCHED,-1.35,below,1897.1,1923.1,1924.17,1925.23,1923.1,0.111,13.2,0.017,0,2026-08-21,2026-08-24,False,False,5.0,2026-08-24T13:18:35+05:30
HDBFS,695.2,TOUCHED,-1.17,below,687.05,695.2,695.42,695.63,695.2,0.062,13.3,0.023,0,2026-08-21,2026-08-24,False,False,5.0,2026-08-24T13:18:35+05:30
LALPATHLAB,1896.33,TOUCHED,0.05,inside,1897.2,1896.33,1896.33,1897.4,1895.27,0.113,13.4,0.043,0,2026-08-21,2026-08-24,False,False,5.0,2026-08-24T13:18:35+05:30
SBFC,93.81,TOUCHED,-1.8,below,92.12,93.81,93.85,93.89,93.81,0.089,13.4,0.032,0,2026-08-21,2026-08-24,False,False,5.0,2026-08-24T13:18:35+05:30
TTML,37.8,TOUCHED,-0.66,below,37.55,37.8,37.82,37.84,37.8,0.106,13.4,0.041,0,2026-08-21,2026-08-24,False,False,5.0,2026-08-24T13:18:35+05:30
ADANIGREEN,1317.5,TOUCHED,-1.1,below,1303.0,1317.5,1318.33,1319.17,1317.5,0.126,13.7,0.04,0,2026-08-21,2026-08-24,False,False,5.0,2026-08-24T13:18:35+05:30
MEDANTA,1407.85,TOUCHED,-0.2,below,1405.0,1407.85,1408.47,1409.08,1407.85,0.088,14.0,0.028,0,2026-08-21,2026-08-24,False,False,5.0,2026-08-24T13:18:35+05:30
JUBLPHARMA,879.93,TOUCHED,1.45,above,892.7,879.93,879.52,879.93,879.1,0.095,14.2,0.019,0,2026-08-21,2026-08-24,False,False,5.0,2026-08-24T13:18:35+05:30
ANURAS,1243.22,TOUCHED,0.94,above,1254.9,1243.22,1242.73,1243.22,1242.25,0.078,14.8,0.025,0,2026-08-21,2026-08-24,False,False,5.0,2026-08-24T13:18:35+05:30
DOMS,2207.48,TOUCHED,-0.09,below,2205.4,2207.48,2208.67,2209.85,2207.48,0.107,15.3,0.027,0,2026-08-21,2026-08-24,False,False,5.0,2026-08-24T13:18:35+05:30
HAVELLS,1268.43,TOUCHED,-0.92,below,1256.8,1268.43,1268.87,1269.3,1268.43,0.068,15.3,0.019,0,2026-08-21,2026-08-24,False,False,5.0,2026-08-24T13:18:35+05:30
SPLPETRO,698.26,TOUCHED,-1.1,below,690.55,698.26,698.72,699.17,698.26,0.131,15.3,0.039,0,2026-08-21,2026-08-24,False,False,5.0,2026-08-24T13:18:35+05:30
KPITTECH,589.68,TOUCHED,-0.45,below,587.05,589.68,590.07,590.45,589.68,0.13,15.6,0.044,0,2026-08-21,2026-08-24,False,False,5.0,2026-08-24T13:18:35+05:30
NMDC,84.56,TOUCHED,2.12,above,86.35,84.56,84.51,84.56,84.46,0.118,15.9,0.028,0,2026-08-21,2026-08-24,False,False,5.0,2026-08-24T13:18:35+05:30
SAGILITY,43.31,TOUCHED,0.89,above,43.7,43.31,43.28,43.31,43.24,0.162,15.9,0.045,0,2026-08-21,2026-08-24,False,False,5.0,2026-08-24T13:18:35+05:30
UPL,569.28,TOUCHED,-0.75,below,565.0,569.28,569.57,569.85,569.28,0.099,15.9,0.02,0,2026-08-21,2026-08-24,False,False,5.0,2026-08-24T13:18:35+05:30
BHARTIARTL,1946.57,TOUCHED,-0.64,below,1934.1,1946.57,1947.13,1947.7,1946.57,0.058,16.2,0.014,0,2026-08-21,2026-08-24,False,False,5.0,2026-08-24T13:18:35+05:30
IREDA,115.23,TOUCHED,0.28,above,115.55,115.23,115.15,115.23,115.08,0.133,16.2,0.048,0,2026-08-21,2026-08-24,False,False,5.0,2026-08-24T13:18:35+05:30
HINDCOPPER,572.25,TOUCHED,0.57,above,575.5,572.25,571.8,572.25,571.35,0.157,16.4,0.032,0,2026-08-21,2026-08-24,False,False,5.0,2026-08-24T13:18:35+05:30
IEX,123.76,TOUCHED,-0.48,below,123.17,123.76,123.82,123.88,123.76,0.094,16.4,0.028,0,2026-08-21,2026-08-24,False,False,5.0,2026-08-24T13:18:35+05:30
INDIANB,875.7,TOUCHED,-0.31,below,873.0,875.7,876.1,876.5,875.7,0.091,16.4,0.025,0,2026-08-21,2026-08-24,False,False,5.0,2026-08-24T13:18:35+05:30
MOTHERSON,169.04,TOUCHED,-0.86,below,167.58,169.04,169.15,169.27,169.04,0.136,17.3,0.035,0,2026-08-21,2026-08-24,False,False,5.0,2026-08-24T13:18:35+05:30
BAJAJHLDNG,11328.33,TOUCHED,-1.04,below,11210.0,11328.33,11336.67,11345.0,11328.33,0.147,17.5,0.025,0,2026-08-21,2026-08-24,False,False,5.0,2026-08-24T13:18:35+05:30
SUNPHARMA,1901.63,TOUCHED,0.85,above,1917.8,1901.63,1900.87,1901.63,1900.1,0.081,17.8,0.02,0,2026-08-21,2026-08-24,False,False,5.0,2026-08-24T13:18:35+05:30
SAMMAANCAP,150.97,TOUCHED,0.25,above,151.35,150.97,150.82,150.97,150.67,0.201,18.1,0.041,0,2026-08-21,2026-08-24,False,False,5.0,2026-08-24T13:18:35+05:30
3MINDIA,33622.5,TOUCHED,0.23,above,33700.0,33622.5,33605.0,33622.5,33587.5,0.104,18.4,0.027,0,2026-08-21,2026-08-24,False,False,5.0,2026-08-24T13:18:35+05:30
JKCEMENT,5253.83,TOUCHED,-0.73,below,5215.5,5253.83,5257.67,5261.5,5253.83,0.146,18.4,0.035,0,2026-08-21,2026-08-24,False,False,5.0,2026-08-24T13:18:35+05:30
UNIONBANK,183.6,TOUCHED,-0.44,below,182.79,183.6,183.75,183.9,183.6,0.163,18.6,0.047,0,2026-08-21,2026-08-24,False,False,5.0,2026-08-24T13:18:35+05:30
CPPLUS,3479.67,TOUCHED,-2.07,below,3407.6,3479.67,3483.83,3488.0,3479.67,0.239,18.7,0.038,0,2026-08-21,2026-08-24,False,False,5.0,2026-08-24T13:18:35+05:30
360ONE,1202.05,TOUCHED,0.36,above,1206.4,1202.05,1201.03,1202.05,1200.02,0.169,19.2,0.032,0,2026-08-21,2026-08-24,False,False,5.0,2026-08-24T13:18:35+05:30
CHOLAHLDNG,1563.05,TOUCHED,-1.1,below,1545.9,1563.05,1564.3,1565.55,1563.05,0.16,19.7,0.026,0,2026-08-21,2026-08-24,False,False,5.0,2026-08-24T13:18:35+05:30
GODREJIND,1229.07,TOUCHED,0.63,above,1236.8,1229.07,1228.13,1229.07,1227.2,0.152,19.7,0.044,0,2026-08-21,2026-08-24,False,False,5.0,2026-08-24T13:18:35+05:30
KOTAKBANK,402.15,TOUCHED,-0.63,below,399.6,402.15,402.37,402.58,402.15,0.108,19.7,0.024,0,2026-08-21,2026-08-24,False,False,5.0,2026-08-24T13:18:35+05:30
SBIN,1047.4,TOUCHED,-1.27,below,1034.1,1047.4,1047.83,1048.27,1047.4,0.083,20.3,0.011,0,2026-08-21,2026-08-24,False,False,5.0,2026-08-24T13:18:35+05:30
GODFRYPHLP,2110.3,TOUCHED,-0.33,below,2103.3,2110.3,2112.53,2114.77,2110.3,0.211,20.5,0.041,0,2026-08-21,2026-08-24,False,False,5.0,2026-08-24T13:18:35+05:30
JSWENERGY,545.72,TOUCHED,-0.04,inside,545.5,545.72,545.72,546.1,545.33,0.14,20.5,0.021,0,2026-08-21,2026-08-24,False,False,5.0,2026-08-24T13:18:35+05:30
ENDURANCE,3021.5,TOUCHED,-0.71,below,3000.0,3021.5,3024.17,3026.83,3021.5,0.176,20.8,0.043,0,2026-08-21,2026-08-24,False,False,5.0,2026-08-24T13:18:35+05:30
CEATLTD,3570.23,TOUCHED,0.05,inside,3572.0,3570.23,3570.23,3573.65,3566.82,0.191,21.1,0.033,0,2026-08-21,2026-08-24,False,False,5.0,2026-08-24T13:18:35+05:30
YESBANK,22.75,TOUCHED,-1.05,below,22.51,22.75,22.77,22.78,22.75,0.146,21.4,0.04,0,2026-08-21,2026-08-24,False,False,5.0,2026-08-24T13:18:35+05:30
CARBORUNIV,1166.8,TOUCHED,-2.69,below,1135.4,1166.8,1167.8,1168.8,1166.8,0.171,21.6,0.029,0,2026-08-21,2026-08-24,False,False,5.0,2026-08-24T13:18:35+05:30
DLF,679.85,TOUCHED,1.02,above,686.8,679.85,679.27,679.85,678.68,0.172,21.6,0.029,0,2026-08-21,2026-08-24,False,False,5.0,2026-08-24T13:18:35+05:30
RITES,218.27,TOUCHED,-0.64,below,216.87,218.27,218.45,218.64,218.27,0.169,22.5,0.025,0,2026-08-21,2026-08-24,False,False,5.0,2026-08-24T13:18:35+05:30
AFCONS,279.55,TOUCHED,0.61,above,281.25,279.55,279.33,279.55,279.12,0.155,22.7,0.024,0,2026-08-21,2026-08-24,False,False,5.0,2026-08-24T13:18:35+05:30
BSE,3254.0,TOUCHED,1.98,above,3318.5,3254.0,3249.67,3254.0,3245.33,0.267,23.0,0.022,0,2026-08-21,2026-08-24,False,False,5.0,2026-08-24T13:18:35+05:30
KIMS,783.27,TOUCHED,-1.37,below,772.5,783.27,784.03,784.8,783.27,0.196,23.0,0.043,0,2026-08-21,2026-08-24,False,False,5.0,2026-08-24T13:18:35+05:30
SUNDARMFIN,4522.1,TOUCHED,-0.33,below,4507.0,4522.1,4526.23,4530.37,4522.1,0.183,23.0,0.029,0,2026-08-21,2026-08-24,False,False,5.0,2026-08-24T13:18:35+05:30
TATATECH,818.85,TOUCHED,-0.67,below,813.4,818.85,819.48,820.12,818.85,0.155,23.0,0.035,0,2026-08-21,2026-08-24,False,False,5.0,2026-08-24T13:18:35+05:30
CRISIL,4501.95,TOUCHED,-0.74,below,4468.5,4501.95,4506.13,4510.32,4501.95,0.186,23.3,0.049,0,2026-08-21,2026-08-24,False,False,5.0,2026-08-24T13:18:35+05:30
ECLERX,1813.28,TOUCHED,1.37,above,1838.1,1813.28,1810.87,1813.28,1808.45,0.267,23.3,0.039,0,2026-08-21,2026-08-24,False,False,5.0,2026-08-24T13:18:35+05:30
DEEPAKNTR,1745.58,TOUCHED,0.1,above,1747.3,1745.58,1744.07,1745.58,1742.55,0.174,23.6,0.029,0,2026-08-21,2026-08-24,False,False,5.0,2026-08-24T13:18:35+05:30
MCX,3180.57,TOUCHED,2.96,above,3274.8,3180.57,3176.13,3180.57,3171.7,0.279,23.8,0.058,0,2026-08-21,2026-08-24,False,False,5.0,2026-08-24T13:18:35+05:30
GRAVITA,1815.75,TOUCHED,-0.46,below,1807.4,1815.75,1817.73,1819.72,1815.75,0.218,24.7,0.033,0,2026-08-21,2026-08-24,False,False,5.0,2026-08-24T13:18:35+05:30
AXISBANK,1246.67,TOUCHED,-1.04,below,1233.7,1246.67,1247.53,1248.4,1246.67,0.139,24.9,0.024,0,2026-08-21,2026-08-24,False,False,5.0,2026-08-24T13:18:35+05:30
BANDHANBNK,175.62,TOUCHED,0.06,above,175.73,175.62,175.45,175.62,175.28,0.199,24.9,0.026,0,2026-08-21,2026-08-24,False,False,5.0,2026-08-24T13:18:35+05:30
HEG,713.5,TOUCHED,1.2,above,722.05,713.5,712.58,713.5,711.67,0.257,24.9,0.043,0,2026-08-21,2026-08-24,False,False,5.0,2026-08-24T13:18:35+05:30
IPCALAB,1905.55,TOUCHED,-0.05,below,1904.6,1905.55,1907.43,1909.32,1905.55,0.197,24.9,0.032,0,2026-08-21,2026-08-24,False,False,5.0,2026-08-24T13:18:35+05:30
ZEEL,107.71,TOUCHED,-2.23,below,105.31,107.71,107.84,107.97,107.71,0.244,24.9,0.045,0,2026-08-21,2026-08-24,False,False,5.0,2026-08-24T13:18:35+05:30
SRF,2578.75,TOUCHED,0.16,above,2582.9,2578.75,2576.47,2578.75,2574.18,0.177,25.2,0.028,0,2026-08-21,2026-08-24,False,False,5.0,2026-08-24T13:18:35+05:30
BIKAJI,606.18,TOUCHED,-0.53,below,603.0,606.18,606.62,607.05,606.18,0.143,25.5,0.018,0,2026-08-21,2026-08-24,False,False,5.0,2026-08-24T13:18:35+05:30
AMBER,7341.0,TOUCHED,0.41,above,7371.0,7341.0,7332.0,7341.0,7323.0,0.245,25.8,0.031,0,2026-08-21,2026-08-24,False,False,5.0,2026-08-24T13:18:35+05:30
FORCEMOT,17803.5,TOUCHED,-1.01,below,17624.0,17803.5,17837.0,17870.5,17803.5,0.376,25.8,0.052,0,2026-08-21,2026-08-24,False,False,5.0,2026-08-24T13:18:35+05:30
MOTILALOFS,988.76,TOUCHED,1.24,above,1001.05,988.76,987.52,988.76,986.27,0.251,25.8,0.045,0,2026-08-21,2026-08-24,False,False,5.0,2026-08-24T13:18:35+05:30
APLAPOLLO,2142.5,TOUCHED,0.04,inside,2143.3,2142.5,2142.5,2144.25,2140.75,0.163,26.3,0.017,0,2026-08-21,2026-08-24,False,False,5.0,2026-08-24T13:18:35+05:30
ABSLAMC,1004.6,TOUCHED,-0.24,below,1002.2,1004.6,1005.87,1007.13,1004.6,0.252,26.6,0.033,0,2026-08-21,2026-08-24,False,False,5.0,2026-08-24T13:18:35+05:30
OFSS,11736.0,TOUCHED,-0.29,below,11702.0,11736.0,11748.0,11760.0,11736.0,0.204,26.6,0.029,0,2026-08-21,2026-08-24,False,False,5.0,2026-08-24T13:18:35+05:30
ABDL,594.03,TOUCHED,2.46,above,608.65,594.03,593.07,594.03,592.1,0.326,26.8,0.075,0,2026-08-21,2026-08-24,False,False,5.0,2026-08-24T13:18:35+05:30
BAJAJ-AUTO,11725.0,TOUCHED,0.67,above,11804.0,11725.0,11716.67,11725.0,11708.33,0.142,26.8,0.028,0,2026-08-21,2026-08-24,False,False,5.0,2026-08-24T13:18:35+05:30
KPIL,1402.82,TOUCHED,0.03,above,1403.2,1402.82,1401.13,1402.82,1399.45,0.24,26.8,0.041,0,2026-08-21,2026-08-24,False,False,5.0,2026-08-24T13:18:35+05:30
LICHSGFIN,495.9,TOUCHED,-1.59,below,488.0,495.9,496.27,496.63,495.9,0.148,26.8,0.018,0,2026-08-21,2026-08-24,False,False,5.0,2026-08-24T13:18:35+05:30
TIINDIA,2889.35,TOUCHED,-0.7,below,2869.2,2889.35,2892.9,2896.45,2889.35,0.245,26.8,0.038,0,2026-08-21,2026-08-24,False,False,5.0,2026-08-24T13:18:35+05:30
EMMVEE,325.18,TOUCHED,-0.09,inside,324.9,325.18,325.18,325.78,324.59,0.364,27.1,0.043,0,2026-08-21,2026-08-24,False,False,5.0,2026-08-24T13:18:35+05:30
INDUSINDBK,1004.53,TOUCHED,0.77,above,1012.3,1004.53,1003.47,1004.53,1002.4,0.213,27.1,0.031,0,2026-08-21,2026-08-24,False,False,5.0,2026-08-24T13:18:35+05:30
IRFC,86.48,TOUCHED,-0.46,below,86.08,86.48,86.56,86.64,86.48,0.185,27.1,0.033,0,2026-08-21,2026-08-24,False,False,5.0,2026-08-24T13:18:35+05:30
KAJARIACER,1209.73,TOUCHED,-0.74,below,1200.8,1209.73,1210.97,1212.2,1209.73,0.204,27.1,0.029,0,2026-08-21,2026-08-24,False,False,5.0,2026-08-24T13:18:35+05:30
BERGEPAINT,524.97,TOUCHED,-1.21,below,518.6,524.97,525.53,526.1,524.97,0.216,27.7,0.013,0,2026-08-21,2026-08-24,False,False,5.0,2026-08-24T13:18:35+05:30
JIOFIN,244.22,TOUCHED,-0.58,below,242.8,244.22,244.43,244.65,244.22,0.177,28.2,0.022,0,2026-08-21,2026-08-24,False,False,5.0,2026-08-24T13:18:35+05:30
PARADEEP,149.26,TOUCHED,0.68,above,150.27,149.26,149.0,149.26,148.74,0.347,28.2,0.036,0,2026-08-21,2026-08-24,False,False,5.0,2026-08-24T13:18:35+05:30
SWANCORP,304.28,TOUCHED,-0.48,below,302.8,304.28,304.7,305.12,304.28,0.279,28.2,0.034,0,2026-08-21,2026-08-24,False,False,5.0,2026-08-24T13:18:35+05:30
ANANDRATHI,2182.5,TOUCHED,-0.6,below,2169.4,2182.5,2184.33,2186.17,2182.5,0.168,28.5,0.022,0,2026-08-21,2026-08-24,False,False,5.0,2026-08-24T13:18:35+05:30
ASTRAL,1531.83,TOUCHED,-0.1,inside,1530.3,1531.83,1531.83,1533.5,1530.17,0.218,28.8,0.032,0,2026-08-21,2026-08-24,False,False,5.0,2026-08-24T13:18:35+05:30
GRASIM,3300.55,TOUCHED,-0.21,below,3293.6,3300.55,3303.03,3305.52,3300.55,0.15,28.8,0.017,0,2026-08-21,2026-08-24,False,False,5.0,2026-08-24T13:18:35+05:30
IDEA,14.01,TOUCHED,0.61,above,14.09,14.01,13.98,14.01,13.96,0.31,29.0,0.046,0,2026-08-21,2026-08-24,False,False,5.0,2026-08-24T13:18:35+05:30
TIMKEN,3123.0,TOUCHED,-1.0,below,3091.9,3123.0,3126.7,3130.4,3123.0,0.237,29.0,0.05,0,2026-08-21,2026-08-24,False,False,5.0,2026-08-24T13:18:35+05:30
COLPAL,1890.67,TOUCHED,-0.64,below,1878.6,1890.67,1892.33,1894.0,1890.67,0.176,29.6,0.024,0,2026-08-21,2026-08-24,False,False,5.0,2026-08-24T13:18:35+05:30
LLOYDSME,1868.83,TOUCHED,-1.11,below,1848.0,1868.83,1871.77,1874.7,1868.83,0.313,29.6,0.033,0,2026-08-21,2026-08-24,False,False,5.0,2026-08-24T13:18:35+05:30
J&KBANK,148.38,TOUCHED,-0.56,below,147.54,148.38,148.59,148.8,148.38,0.285,29.9,0.029,0,2026-08-21,2026-08-24,False,False,5.0,2026-08-24T13:18:35+05:30
SONATSOFTW,305.57,TOUCHED,0.66,above,307.6,305.57,305.05,305.57,304.52,0.344,29.9,0.026,0,2026-08-21,2026-08-24,False,False,5.0,2026-08-24T13:18:35+05:30
UCOBANK,25.81,TOUCHED,0.64,above,25.97,25.81,25.78,25.81,25.75,0.22,30.1,0.013,0,2026-08-21,2026-08-24,False,False,5.0,2026-08-24T13:18:35+05:30
ASTERDM,758.97,TOUCHED,-0.99,below,751.45,758.97,759.83,760.69,758.97,0.226,30.4,0.028,0,2026-08-21,2026-08-24,False,False,5.0,2026-08-24T13:18:35+05:30
GAIL,172.43,TOUCHED,0.17,above,172.72,172.43,172.28,172.43,172.14,0.164,30.4,0.015,0,2026-08-21,2026-08-24,False,False,5.0,2026-08-24T13:18:35+05:30
GLENMARK,2325.8,TOUCHED,1.51,above,2360.9,2325.8,2323.17,2325.8,2320.53,0.227,30.4,0.035,0,2026-08-21,2026-08-24,False,False,5.0,2026-08-24T13:18:35+05:30
LODHA,1245.4,TOUCHED,-0.05,inside,1244.8,1245.4,1245.4,1247.1,1243.7,0.273,30.4,0.035,0,2026-08-21,2026-08-24,False,False,5.0,2026-08-24T13:18:35+05:30
GODREJPROP,2032.17,TOUCHED,0.21,above,2036.4,2032.17,2029.33,2032.17,2026.5,0.279,30.7,0.048,0,2026-08-21,2026-08-24,False,False,5.0,2026-08-24T13:18:35+05:30
SHRIRAMFIN,1131.22,TOUCHED,-1.13,below,1118.4,1131.22,1132.43,1133.65,1131.22,0.215,30.7,0.033,0,2026-08-21,2026-08-24,False,False,5.0,2026-08-24T13:18:35+05:30
LINDEINDIA,6678.83,TOUCHED,-1.35,below,6589.0,6678.83,6685.67,6692.5,6678.83,0.204,31.0,0.025,0,2026-08-21,2026-08-24,False,False,5.0,2026-08-24T13:18:35+05:30
UTIAMC,894.07,TOUCHED,-0.44,below,890.15,894.07,895.08,896.1,894.07,0.227,31.0,0.036,0,2026-08-21,2026-08-24,False,False,5.0,2026-08-24T13:18:35+05:30
ELECON,449.1,TOUCHED,-0.68,below,446.05,449.1,449.92,450.73,449.1,0.363,31.2,0.036,0,2026-08-21,2026-08-24,False,False,5.0,2026-08-24T13:18:35+05:30
PWL,121.6,TOUCHED,1.85,above,123.85,121.6,121.34,121.6,121.09,0.423,31.2,0.076,0,2026-08-21,2026-08-24,False,False,5.0,2026-08-24T13:18:35+05:30
ELGIEQUIP,631.52,TOUCHED,-1.25,below,623.6,631.52,632.47,633.41,631.52,0.298,31.5,0.04,0,2026-08-21,2026-08-24,False,False,5.0,2026-08-24T13:18:35+05:30
NEULANDLAB,23342.17,TOUCHED,-1.67,below,22953.0,23342.17,23383.33,23424.5,23342.17,0.352,32.1,0.032,0,2026-08-21,2026-08-24,False,False,5.0,2026-08-24T13:18:35+05:30
SJVN,65.86,TOUCHED,0.11,inside,65.93,65.86,65.86,65.93,65.78,0.227,32.1,0.027,0,2026-08-21,2026-08-24,False,False,5.0,2026-08-24T13:18:35+05:30
TATASTEEL,183.47,TOUCHED,1.12,above,185.53,183.47,183.31,183.47,183.16,0.171,32.1,0.019,0,2026-08-21,2026-08-24,False,False,5.0,2026-08-24T13:18:35+05:30
TMCV,473.22,TOUCHED,-0.42,below,471.25,473.22,473.9,474.57,473.22,0.285,32.1,0.024,0,2026-08-21,2026-08-24,False,False,5.0,2026-08-24T13:18:35+05:30
BOSCHLTD,48249.17,TOUCHED,-0.64,below,47940.0,48249.17,48298.33,48347.5,48249.17,0.204,32.3,0.029,0,2026-08-21,2026-08-24,False,False,5.0,2026-08-24T13:18:35+05:30
GILLETTE,7454.37,TOUCHED,-0.02,inside,7453.0,7454.37,7454.37,7462.31,7446.44,0.213,32.3,0.026,0,2026-08-21,2026-08-24,False,False,5.0,2026-08-24T13:18:35+05:30
M&MFIN,382.11,TOUCHED,-0.88,below,378.75,382.11,382.62,383.12,382.11,0.266,32.3,0.037,0,2026-08-21,2026-08-24,False,False,5.0,2026-08-24T13:18:35+05:30
NEWGEN,525.27,TOUCHED,1.76,above,534.5,525.27,524.42,525.27,523.56,0.327,32.6,0.034,0,2026-08-21,2026-08-24,False,False,5.0,2026-08-24T13:18:35+05:30
CESC,155.47,TOUCHED,0.05,inside,155.55,155.47,155.47,155.65,155.28,0.242,32.9,0.037,0,2026-08-21,2026-08-24,False,False,5.0,2026-08-24T13:18:35+05:30
TATACAP,364.69,TOUCHED,0.17,above,365.3,364.69,364.33,364.69,363.98,0.197,33.3,0.016,0,2026-08-21,2026-08-24,False,False,5.0,2026-08-24T13:18:35+05:30
CHOICEIN,809.52,TOUCHED,-0.99,below,801.55,809.52,810.45,811.38,809.52,0.228,33.4,0.023,0,2026-08-21,2026-08-24,False,False,5.0,2026-08-24T13:18:35+05:30
POWERINDIA,34000.0,TOUCHED,-0.21,below,33930.0,34000.0,34063.33,34126.67,34000.0,0.372,33.4,0.055,0,2026-08-21,2026-08-24,False,False,5.0,2026-08-24T13:18:35+05:30
TECHM,1587.5,TOUCHED,-0.03,inside,1587.1,1587.5,1587.5,1589.25,1585.75,0.22,33.4,0.034,0,2026-08-21,2026-08-24,False,False,5.0,2026-08-24T13:18:35+05:30
HINDPETRO,364.62,TOUCHED,1.8,above,371.2,364.62,364.17,364.62,363.71,0.252,33.7,0.034,0,2026-08-21,2026-08-24,False,False,5.0,2026-08-24T13:18:35+05:30
CASTROLIND,187.9,TOUCHED,-0.24,below,187.45,187.9,188.03,188.15,187.9,0.137,34.2,0.014,0,2026-08-21,2026-08-24,False,False,5.0,2026-08-24T13:18:35+05:30
SHREECEM,24212.5,TOUCHED,-0.46,below,24100.0,24212.5,24235.0,24257.5,24212.5,0.186,34.2,0.013,0,2026-08-21,2026-08-24,False,False,5.0,2026-08-24T13:18:35+05:30
CENTRALBK,31.25,TOUCHED,0.25,above,31.33,31.25,31.21,31.25,31.18,0.246,34.5,0.034,0,2026-08-21,2026-08-24,False,False,5.0,2026-08-24T13:18:35+05:30
HUDCO,186.93,TOUCHED,0.31,above,187.51,186.93,186.65,186.93,186.37,0.302,34.5,0.035,0,2026-08-21,2026-08-24,False,False,5.0,2026-08-24T13:18:35+05:30
AARTIIND,526.48,TOUCHED,2.85,above,541.5,526.48,525.77,526.48,525.05,0.273,35.1,0.033,0,2026-08-21,2026-08-24,False,False,5.0,2026-08-24T13:18:35+05:30
ACC,1308.55,TOUCHED,-0.55,below,1301.3,1308.55,1309.7,1310.85,1308.55,0.176,35.3,0.035,0,2026-08-21,2026-08-24,False,False,5.0,2026-08-24T13:18:35+05:30
JUBLINGREA,715.0,TOUCHED,-0.24,below,713.3,715.0,716.12,717.23,715.0,0.312,35.3,0.034,0,2026-08-21,2026-08-24,False,False,5.0,2026-08-24T13:18:35+05:30
PATANJALI,348.31,TOUCHED,-0.03,below,348.2,348.31,348.62,348.93,348.31,0.177,35.6,0.019,0,2026-08-21,2026-08-24,False,False,5.0,2026-08-24T13:18:35+05:30
TATAPOWER,374.67,TOUCHED,-0.54,below,372.65,374.67,375.03,375.4,374.67,0.196,35.6,0.023,0,2026-08-21,2026-08-24,False,False,5.0,2026-08-24T13:18:35+05:30
ABLBL,86.26,TOUCHED,-0.25,below,86.05,86.26,86.41,86.55,86.26,0.332,36.0,0.055,0,2026-08-21,2026-08-24,False,False,5.0,2026-08-24T13:18:35+05:30
TRAVELFOOD,1313.1,TOUCHED,1.02,above,1326.5,1313.1,1311.13,1313.1,1309.17,0.3,36.0,0.032,0,2026-08-21,2026-08-24,False,False,5.0,2026-08-24T13:18:35+05:30
GROWW,197.45,TOUCHED,-1.11,below,195.26,197.45,197.88,198.32,197.45,0.441,36.2,0.032,0,2026-08-21,2026-08-24,False,False,5.0,2026-08-24T13:18:35+05:30
UNOMINDA,1259.5,TOUCHED,-0.72,below,1250.4,1259.5,1261.33,1263.17,1259.5,0.291,36.2,0.049,0,2026-08-21,2026-08-24,False,False,5.0,2026-08-24T13:18:35+05:30
DATAPATTNS,4841.62,TOUCHED,-2.38,below,4726.2,4841.62,4853.33,4865.05,4841.62,0.483,36.4,0.075,0,2026-08-21,2026-08-24,False,False,5.0,2026-08-24T13:18:35+05:30
RECLTD,327.06,TOUCHED,-0.74,below,324.65,327.06,327.47,327.88,327.06,0.249,36.7,0.016,0,2026-08-21,2026-08-24,False,False,5.0,2026-08-24T13:18:35+05:30
SWIGGY,281.94,TOUCHED,0.39,above,283.05,281.94,281.38,281.94,280.82,0.397,36.7,0.045,0,2026-08-21,2026-08-24,False,False,5.0,2026-08-24T13:18:35+05:30
BELRISE,232.17,TOUCHED,-1.09,below,229.65,232.17,232.57,232.97,232.17,0.344,37.0,0.036,0,2026-08-21,2026-08-24,False,False,5.0,2026-08-24T13:18:35+05:30
EMCURE,1866.0,TOUCHED,-0.32,below,1860.0,1866.0,1869.0,1872.0,1866.0,0.321,37.0,0.027,0,2026-08-21,2026-08-24,False,False,5.0,2026-08-24T13:18:35+05:30
JSWDULUX,3114.98,TOUCHED,0.42,above,3128.0,3114.98,3111.17,3114.98,3107.35,0.245,37.5,0.022,0,2026-08-21,2026-08-24,False,False,5.0,2026-08-24T13:18:35+05:30
LT,4084.8,TOUCHED,0.03,inside,4086.0,4084.8,4084.8,4088.9,4080.7,0.201,37.5,0.024,0,2026-08-21,2026-08-24,False,False,5.0,2026-08-24T13:18:35+05:30
ATHERENERG,1455.53,TOUCHED,-0.04,inside,1454.9,1455.53,1455.53,1458.77,1452.3,0.444,37.6,0.063,0,2026-08-21,2026-08-24,False,False,5.0,2026-08-24T13:18:35+05:30
EXIDEIND,460.22,TOUCHED,-0.55,below,457.7,460.22,460.83,461.45,460.22,0.268,37.8,0.027,0,2026-08-21,2026-08-24,False,False,5.0,2026-08-24T13:18:35+05:30
MAHABANK,80.61,TOUCHED,0.46,above,80.98,80.61,80.49,80.61,80.38,0.29,37.8,0.042,0,2026-08-21,2026-08-24,False,False,5.0,2026-08-24T13:18:35+05:30
DIXON,14772.0,TOUCHED,-1.42,below,14562.0,14772.0,14798.0,14824.0,14772.0,0.351,38.1,0.056,0,2026-08-21,2026-08-24,False,False,5.0,2026-08-24T13:18:35+05:30
GRANULES,856.83,TOUCHED,0.28,above,859.25,856.83,855.52,856.83,854.2,0.308,38.1,0.037,0,2026-08-21,2026-08-24,False,False,5.0,2026-08-24T13:18:35+05:30
JSWINFRA,335.25,TOUCHED,1.69,above,340.9,335.25,334.8,335.25,334.35,0.269,38.1,0.029,0,2026-08-21,2026-08-24,False,False,5.0,2026-08-24T13:18:35+05:30
AIIL,551.1,TOUCHED,0.28,above,552.65,551.1,549.95,551.1,548.8,0.418,38.4,0.055,0,2026-08-21,2026-08-24,False,False,5.0,2026-08-24T13:18:35+05:30
GMDCLTD,572.87,TOUCHED,-0.15,inside,572.0,572.87,572.87,574.3,571.43,0.5,38.4,0.068,0,2026-08-21,2026-08-24,False,False,5.0,2026-08-24T13:18:35+05:30
IFCI,81.44,TOUCHED,0.96,above,82.22,81.44,81.26,81.44,81.09,0.435,38.4,0.1,0,2026-08-21,2026-08-24,False,False,5.0,2026-08-24T13:18:35+05:30
DABUR,399.2,TOUCHED,-0.6,below,396.8,399.2,399.63,400.07,399.2,0.217,38.6,0.033,0,2026-08-21,2026-08-24,False,False,5.0,2026-08-24T13:18:35+05:30
NAM-INDIA,1248.73,TOUCHED,1.18,above,1263.5,1248.73,1246.47,1248.73,1244.2,0.364,38.6,0.032,0,2026-08-21,2026-08-24,False,False,5.0,2026-08-24T13:18:35+05:30
NAUKRI,1352.23,TOUCHED,-0.63,below,1343.7,1352.23,1354.37,1356.5,1352.23,0.315,38.6,0.023,0,2026-08-21,2026-08-24,False,False,5.0,2026-08-24T13:18:35+05:30
DCMSHRIRAM,1085.57,TOUCHED,-0.15,inside,1083.9,1085.57,1085.57,1087.3,1083.83,0.319,39.2,0.024,0,2026-08-21,2026-08-24,False,False,5.0,2026-08-24T13:18:35+05:30
WELSPUNLIV,188.82,TOUCHED,1.61,above,191.86,188.82,188.42,188.82,188.01,0.426,39.2,0.044,0,2026-08-21,2026-08-24,False,False,5.0,2026-08-24T13:18:35+05:30
LATENTVIEW,279.57,TOUCHED,0.71,above,281.55,279.57,279.08,279.57,278.59,0.352,39.7,0.035,0,2026-08-21,2026-08-24,False,False,5.0,2026-08-24T13:18:35+05:30
PVRINOX,1223.0,TOUCHED,0.34,above,1227.1,1223.0,1220.93,1223.0,1218.87,0.339,39.7,0.029,0,2026-08-21,2026-08-24,False,False,5.0,2026-08-24T13:18:35+05:30
CIEINDIA,401.62,TOUCHED,-0.79,below,398.45,401.62,402.18,402.75,401.62,0.282,40.0,0.029,0,2026-08-21,2026-08-24,False,False,5.0,2026-08-24T13:18:35+05:30
SOBHA,1296.78,TOUCHED,-0.27,below,1293.3,1296.78,1298.97,1301.15,1296.78,0.336,40.0,0.029,0,2026-08-21,2026-08-24,False,False,5.0,2026-08-24T13:18:35+05:30
ANGELONE,288.45,TOUCHED,-0.17,below,287.95,288.45,289.1,289.75,288.45,0.45,40.3,0.029,0,2026-08-21,2026-08-24,False,False,5.0,2026-08-24T13:18:35+05:30
MAXHEALTH,995.05,TOUCHED,-0.27,below,992.4,995.05,996.7,998.35,995.05,0.331,40.5,0.037,0,2026-08-21,2026-08-24,False,False,5.0,2026-08-24T13:18:35+05:30
OLECTRA,1320.7,TOUCHED,-0.57,below,1313.2,1320.7,1323.0,1325.3,1320.7,0.348,40.5,0.033,0,2026-08-21,2026-08-24,False,False,5.0,2026-08-24T13:18:35+05:30
TATACONSUM,1053.35,TOUCHED,0.24,above,1055.9,1053.35,1051.9,1053.35,1050.45,0.276,40.5,0.027,0,2026-08-21,2026-08-24,False,False,5.0,2026-08-24T13:18:35+05:30
RELIANCE,1312.0,TOUCHED,-0.53,below,1305.0,1312.0,1313.33,1314.67,1312.0,0.203,40.8,0.024,0,2026-08-21,2026-08-24,False,False,5.0,2026-08-24T13:18:35+05:30
SCI,291.15,TOUCHED,-0.64,below,289.3,291.15,291.75,292.35,291.15,0.411,40.8,0.045,0,2026-08-21,2026-08-24,False,False,5.0,2026-08-24T13:18:35+05:30
SCHAEFFLER,4023.68,TOUCHED,-0.34,below,4010.1,4023.68,4029.47,4035.25,4023.68,0.287,41.1,0.035,0,2026-08-21,2026-08-24,False,False,5.0,2026-08-24T13:18:35+05:30
ADANIPORTS,1693.45,TOUCHED,-1.08,below,1675.2,1693.45,1695.63,1697.82,1693.45,0.258,41.4,0.02,0,2026-08-21,2026-08-24,False,False,5.0,2026-08-24T13:18:35+05:30
PGEL,602.05,TOUCHED,-0.62,below,598.3,602.05,603.55,605.05,602.05,0.497,41.4,0.054,0,2026-08-21,2026-08-24,False,False,5.0,2026-08-24T13:18:35+05:30
AIAENG,4356.02,TOUCHED,-1.47,below,4292.2,4356.02,4363.13,4370.25,4356.02,0.326,42.5,0.041,0,2026-08-21,2026-08-24,False,False,5.0,2026-08-24T13:18:35+05:30
PREMIERENE,1055.02,TOUCHED,-2.81,below,1025.4,1055.02,1057.03,1059.05,1055.02,0.382,42.7,0.031,0,2026-08-21,2026-08-24,False,False,5.0,2026-08-24T13:18:35+05:30
CHOLAFIN,1866.12,TOUCHED,-1.01,below,1847.3,1866.12,1869.33,1872.55,1866.12,0.344,43.0,0.041,0,2026-08-21,2026-08-24,False,False,5.0,2026-08-24T13:18:35+05:30
APTUS,256.2,TOUCHED,-1.37,below,252.7,256.2,256.72,257.23,256.2,0.403,43.6,0.026,0,2026-08-21,2026-08-24,False,False,5.0,2026-08-24T13:18:35+05:30
BALKRISIND,2354.05,TOUCHED,-0.17,below,2350.0,2354.05,2357.3,2360.55,2354.05,0.276,43.6,0.027,0,2026-08-21,2026-08-24,False,False,5.0,2026-08-24T13:18:35+05:30
CAPLIPOINT,2547.3,TOUCHED,-1.86,below,2500.0,2547.3,2551.8,2556.3,2547.3,0.353,43.6,0.032,0,2026-08-21,2026-08-24,False,False,5.0,2026-08-24T13:18:35+05:30
BIOCON,413.5,TOUCHED,-0.73,below,410.5,413.5,414.18,414.87,413.5,0.33,43.8,0.03,0,2026-08-21,2026-08-24,False,False,5.0,2026-08-24T13:18:35+05:30
MRPL,175.91,TOUCHED,0.02,inside,175.94,175.91,175.91,176.36,175.46,0.51,43.8,0.056,0,2026-08-21,2026-08-24,False,False,5.0,2026-08-24T13:18:35+05:30
RKFORGE,738.5,TOUCHED,-0.19,below,737.1,738.5,739.95,741.4,738.5,0.392,43.8,0.044,0,2026-08-21,2026-08-24,False,False,5.0,2026-08-24T13:18:35+05:30
SUZLON,46.8,TOUCHED,-0.21,below,46.7,46.8,46.88,46.97,46.8,0.37,43.8,0.033,0,2026-08-21,2026-08-24,False,False,5.0,2026-08-24T13:18:35+05:30
BLS,271.85,TOUCHED,-11.15,below,241.53,271.85,272.4,272.96,271.85,0.409,44.1,0.032,0,2026-08-21,2026-08-24,False,False,5.0,2026-08-24T13:18:35+05:30
CUB,217.77,TOUCHED,-2.05,below,213.3,217.77,218.25,218.72,217.77,0.434,44.1,0.034,0,2026-08-21,2026-08-24,False,False,5.0,2026-08-24T13:18:35+05:30
EMAMILTD,403.25,TOUCHED,-0.27,below,402.15,403.25,403.9,404.55,403.25,0.322,44.1,0.022,0,2026-08-21,2026-08-24,False,False,5.0,2026-08-24T13:18:35+05:30
INTELLECT,689.65,TOUCHED,0.65,above,694.15,689.65,688.05,689.65,686.45,0.465,44.1,0.042,0,2026-08-21,2026-08-24,False,False,5.0,2026-08-24T13:18:35+05:30
ABFRL,54.46,TOUCHED,-0.49,below,54.19,54.46,54.56,54.67,54.46,0.391,44.4,0.025,0,2026-08-21,2026-08-24,False,False,5.0,2026-08-24T13:18:35+05:30
BHARTIHEXA,1599.5,TOUCHED,0.51,above,1607.6,1599.5,1596.73,1599.5,1593.97,0.347,44.4,0.038,0,2026-08-21,2026-08-24,False,False,5.0,2026-08-24T13:18:35+05:30
EIHOTEL,301.32,TOUCHED,-0.24,below,300.6,301.32,301.8,302.27,301.32,0.315,44.4,0.03,0,2026-08-21,2026-08-24,False,False,5.0,2026-08-24T13:18:35+05:30
IOB,33.16,TOUCHED,0.02,above,33.17,33.16,33.11,33.16,33.06,0.312,44.4,0.034,0,2026-08-21,2026-08-24,False,False,5.0,2026-08-24T13:18:35+05:30
KALYANKJIL,602.27,TOUCHED,0.14,above,603.1,602.27,600.98,602.27,599.7,0.427,44.7,0.039,0,2026-08-21,2026-08-24,False,False,5.0,2026-08-24T13:18:35+05:30
PRESTIGE,1627.55,TOUCHED,0.08,above,1628.8,1627.55,1624.1,1627.55,1620.65,0.425,44.7,0.056,0,2026-08-21,2026-08-24,False,False,5.0,2026-08-24T13:18:35+05:30
AAVAS,1357.8,TOUCHED,-1.87,below,1332.4,1357.8,1360.3,1362.8,1357.8,0.368,45.2,0.027,0,2026-08-21,2026-08-24,False,False,5.0,2026-08-24T13:18:35+05:30
CLEAN,830.3,TOUCHED,0.77,above,836.7,830.3,828.7,830.3,827.1,0.386,45.5,0.026,0,2026-08-21,2026-08-24,False,False,5.0,2026-08-24T13:18:35+05:30
ICICIGI,1621.77,TOUCHED,-0.06,inside,1620.8,1621.77,1621.77,1624.15,1619.38,0.294,45.5,0.022,0,2026-08-21,2026-08-24,False,False,5.0,2026-08-24T13:18:35+05:30
SUNTV,472.92,TOUCHED,-0.52,below,470.45,472.92,473.78,474.65,472.92,0.366,45.8,0.024,0,2026-08-21,2026-08-24,False,False,5.0,2026-08-24T13:18:35+05:30
BEL,412.3,TOUCHED,-1.44,below,406.35,412.3,412.87,413.43,412.3,0.275,46.0,0.024,0,2026-08-21,2026-08-24,False,False,5.0,2026-08-24T13:18:35+05:30
GLAND,2824.52,TOUCHED,-0.71,below,2804.5,2824.52,2829.73,2834.95,2824.52,0.369,46.0,0.04,0,2026-08-21,2026-08-24,False,False,5.0,2026-08-24T13:18:35+05:30
IGIL,337.34,TOUCHED,0.7,above,339.7,337.34,336.63,337.34,335.92,0.423,46.0,0.029,0,2026-08-21,2026-08-24,False,False,5.0,2026-08-24T13:18:35+05:30
RBLBANK,390.23,TOUCHED,-0.66,below,387.65,390.23,390.98,391.74,390.23,0.388,46.0,0.032,0,2026-08-21,2026-08-24,False,False,5.0,2026-08-24T13:18:35+05:30
ICICIAMC,3255.63,TOUCHED,-0.04,inside,3254.4,3255.63,3255.63,3262.67,3248.6,0.432,46.2,0.033,0,2026-08-21,2026-08-24,False,False,5.0,2026-08-24T13:18:35+05:30
PETRONET,292.54,TOUCHED,0.53,above,294.1,292.54,292.08,292.54,291.62,0.314,46.3,0.025,0,2026-08-21,2026-08-24,False,False,5.0,2026-08-24T13:18:35+05:30
STARHEALTH,576.43,TOUCHED,-0.12,inside,575.75,576.43,576.43,577.47,575.4,0.359,46.3,0.024,0,2026-08-21,2026-08-24,False,False,5.0,2026-08-24T13:18:35+05:30
JWL,248.08,TOUCHED,0.17,inside,248.5,248.08,248.08,248.62,247.54,0.437,46.8,0.042,0,2026-08-21,2026-08-24,False,False,5.0,2026-08-24T13:18:35+05:30
VOLTAS,1230.43,TOUCHED,0.03,inside,1230.8,1230.43,1230.43,1232.72,1228.15,0.371,46.8,0.038,0,2026-08-21,2026-08-24,False,False,5.0,2026-08-24T13:18:35+05:30
ABCAPITAL,410.35,TOUCHED,-0.01,below,410.3,410.35,411.23,412.12,410.35,0.43,47.4,0.038,0,2026-08-21,2026-08-24,False,False,5.0,2026-08-24T13:18:35+05:30
ERIS,1323.0,TOUCHED,-0.08,inside,1322.0,1323.0,1323.0,1325.6,1320.4,0.393,47.4,0.03,0,2026-08-21,2026-08-24,False,False,5.0,2026-08-24T13:18:35+05:30
ICICIBANK,1415.6,TOUCHED,-0.4,below,1410.0,1415.6,1417.07,1418.53,1415.6,0.207,47.4,0.023,0,2026-08-21,2026-08-24,False,False,5.0,2026-08-24T13:18:35+05:30
NTPCGREEN,91.74,TOUCHED,-0.14,inside,91.61,91.74,91.74,91.9,91.59,0.338,47.7,0.015,0,2026-08-21,2026-08-24,False,False,5.0,2026-08-24T13:18:35+05:30
KAYNES,3867.1,TOUCHED,0.28,inside,3878.0,3867.1,3867.1,3878.55,3855.65,0.592,47.9,0.046,0,2026-08-21,2026-08-24,False,False,5.0,2026-08-24T13:18:35+05:30
MAZDOCK,2557.67,TOUCHED,-0.68,below,2540.2,2557.67,2563.33,2569.0,2557.67,0.442,47.9,0.042,0,2026-08-21,2026-08-24,False,False,5.0,2026-08-24T13:18:35+05:30
TECHNOE,994.8,TOUCHED,0.71,above,1001.85,994.8,992.35,994.8,989.9,0.494,47.9,0.05,0,2026-08-21,2026-08-24,False,False,5.0,2026-08-24T13:18:35+05:30
BEML,1940.25,TOUCHED,-1.07,below,1919.5,1940.25,1945.1,1949.95,1940.25,0.499,48.2,0.025,0,2026-08-21,2026-08-24,False,False,5.0,2026-08-24T13:18:35+05:30
CHALET,860.18,TOUCHED,1.49,above,873.0,860.18,858.4,860.18,856.62,0.414,48.2,0.024,0,2026-08-21,2026-08-24,False,False,5.0,2026-08-24T13:18:35+05:30
INFY,1125.75,TOUCHED,0.98,above,1136.8,1125.75,1124.17,1125.75,1122.58,0.282,48.2,0.029,0,2026-08-21,2026-08-24,False,False,5.0,2026-08-24T13:18:35+05:30
DRREDDY,1179.55,TOUCHED,0.67,above,1187.5,1179.55,1177.93,1179.55,1176.32,0.274,48.5,0.017,0,2026-08-21,2026-08-24,False,False,5.0,2026-08-24T13:18:35+05:30
ABBOTINDIA,26110.0,TOUCHED,-0.21,below,26055.0,26110.0,26150.0,26190.0,26110.0,0.306,49.0,0.034,0,2026-08-21,2026-08-24,False,False,5.0,2026-08-24T13:18:35+05:30
ASIANPAINT,2633.17,TOUCHED,-0.12,inside,2629.9,2633.17,2633.17,2636.58,2629.75,0.26,49.0,0.021,0,2026-08-21,2026-08-24,False,False,5.0,2026-08-24T13:18:35+05:30
CANBK,129.23,TOUCHED,-1.57,below,127.2,129.23,129.47,129.72,129.23,0.376,49.0,0.023,0,2026-08-21,2026-08-24,False,False,5.0,2026-08-24T13:18:35+05:30
JPPOWER,17.14,TOUCHED,-0.3,below,17.09,17.14,17.18,17.22,17.14,0.485,49.0,0.037,0,2026-08-21,2026-08-24,False,False,5.0,2026-08-24T13:18:35+05:30
NHPC,76.28,TOUCHED,-0.15,below,76.16,76.28,76.4,76.52,76.28,0.327,49.3,0.035,0,2026-08-21,2026-08-24,False,False,5.0,2026-08-24T13:18:35+05:30
SHYAMMETL,988.27,TOUCHED,0.17,inside,989.9,988.27,988.27,989.95,986.58,0.341,49.6,0.015,0,2026-08-21,2026-08-24,False,False,5.0,2026-08-24T13:18:35+05:30
FORTIS,910.42,TOUCHED,0.11,inside,911.45,910.42,910.42,912.08,908.76,0.364,49.9,0.031,0,2026-08-21,2026-08-24,False,False,5.0,2026-08-24T13:18:35+05:30
INOXWIND,73.78,TOUCHED,-0.3,below,73.56,73.78,73.96,74.13,73.78,0.482,49.9,0.041,0,2026-08-21,2026-08-24,False,False,5.0,2026-08-24T13:18:35+05:30
ITC,269.7,TOUCHED,-0.82,below,267.5,269.7,270.0,270.3,269.7,0.222,49.9,0.021,0,2026-08-21,2026-08-24,False,False,5.0,2026-08-24T13:18:35+05:30
CONCOR,517.58,TOUCHED,0.2,above,518.6,517.58,516.73,517.58,515.89,0.326,50.1,0.034,0,2026-08-21,2026-08-24,False,False,5.0,2026-08-24T13:18:35+05:30
VTL,600.08,TOUCHED,-0.18,inside,599.0,600.08,600.08,601.49,598.67,0.469,51.0,0.031,0,2026-08-21,2026-08-24,False,False,5.0,2026-08-24T13:18:35+05:30
LAURUSLABS,1805.78,TOUCHED,-0.1,below,1804.0,1805.78,1809.57,1813.35,1805.78,0.418,51.2,0.018,0,2026-08-21,2026-08-24,False,False,5.0,2026-08-24T13:18:35+05:30
GRSE,2618.1,TOUCHED,-0.03,inside,2617.2,2618.1,2618.1,2626.4,2609.8,0.634,51.5,0.074,0,2026-08-21,2026-08-24,False,False,5.0,2026-08-24T13:18:35+05:30
RAMCOCEM,902.52,TOUCHED,-0.17,inside,901.0,902.52,902.52,904.25,900.78,0.384,51.5,0.045,0,2026-08-21,2026-08-24,False,False,5.0,2026-08-24T13:18:35+05:30
COROMANDEL,2000.87,TOUCHED,-2.99,below,1941.0,2000.87,2005.63,2010.4,2000.87,0.475,51.8,0.035,0,2026-08-21,2026-08-24,False,False,5.0,2026-08-24T13:18:35+05:30
INDUSTOWER,375.05,TOUCHED,0.24,above,375.95,375.05,374.35,375.05,373.65,0.374,51.8,0.022,0,2026-08-21,2026-08-24,False,False,5.0,2026-08-24T13:18:35+05:30
MRF,133307.5,TOUCHED,0.79,above,134355.0,133307.5,133093.33,133307.5,132879.17,0.322,51.8,0.035,0,2026-08-21,2026-08-24,False,False,5.0,2026-08-24T13:18:35+05:30
PNBHOUSING,1172.7,TOUCHED,-1.04,below,1160.5,1172.7,1175.1,1177.5,1172.7,0.408,51.8,0.027,0,2026-08-21,2026-08-24,False,False,5.0,2026-08-24T13:18:35+05:30
HYUNDAI,2223.0,TOUCHED,-0.41,below,2213.8,2223.0,2227.2,2231.4,2223.0,0.377,52.1,0.026,0,2026-08-21,2026-08-24,False,False,5.0,2026-08-24T13:18:35+05:30
SAILIFE,1460.5,TOUCHED,-1.35,below,1440.8,1460.5,1463.6,1466.7,1460.5,0.424,52.1,0.04,0,2026-08-21,2026-08-24,False,False,5.0,2026-08-24T13:18:35+05:30
DIVISLAB,8557.75,TOUCHED,-0.58,below,8508.0,8557.75,8570.83,8583.92,8557.75,0.305,52.3,0.021,0,2026-08-21,2026-08-24,False,False,5.0,2026-08-24T13:18:35+05:30
KFINTECH,972.73,TOUCHED,-0.41,below,968.7,972.73,975.15,977.58,972.73,0.497,52.6,0.018,0,2026-08-21,2026-08-24,False,False,5.0,2026-08-24T13:18:35+05:30
JAINREC,296.93,TOUCHED,-1.19,below,293.4,296.93,298.0,299.07,296.93,0.721,52.9,0.062,0,2026-08-21,2026-08-24,False,False,5.0,2026-08-24T13:18:35+05:30
EICHERMOT,8046.25,TOUCHED,0.02,above,8047.5,8046.25,8034.17,8046.25,8022.08,0.301,53.7,0.023,0,2026-08-21,2026-08-24,False,False,5.0,2026-08-24T13:18:35+05:30
SONACOMS,813.95,TOUCHED,-0.13,inside,812.9,813.95,813.95,815.77,812.12,0.448,53.7,0.031,0,2026-08-21,2026-08-24,False,False,5.0,2026-08-24T13:18:35+05:30
NLCINDIA,271.9,TOUCHED,1.64,above,276.35,271.9,271.2,271.9,270.5,0.516,54.0,0.048,0,2026-08-21,2026-08-24,False,False,5.0,2026-08-24T13:18:35+05:30
M&M,3419.15,TOUCHED,-0.1,below,3415.9,3419.15,3426.1,3433.05,3419.15,0.406,54.5,0.026,0,2026-08-21,2026-08-24,False,False,5.0,2026-08-24T13:18:35+05:30
CHAMBLFERT,432.03,TOUCHED,-0.02,below,431.95,432.03,432.92,433.8,432.03,0.408,54.8,0.03,0,2026-08-21,2026-08-24,False,False,5.0,2026-08-24T13:18:35+05:30
MFSL,1578.77,TOUCHED,-0.16,inside,1576.3,1578.77,1578.77,1581.88,1575.65,0.395,54.8,0.019,0,2026-08-21,2026-08-24,False,False,5.0,2026-08-24T13:18:35+05:30
PCBL,319.8,TOUCHED,1.39,above,324.25,319.8,319.05,319.8,318.3,0.47,54.8,0.057,0,2026-08-21,2026-08-24,False,False,5.0,2026-08-24T13:18:35+05:30
TMPV,318.48,TOUCHED,-1.44,below,313.9,318.48,319.07,319.65,318.48,0.366,54.8,0.02,0,2026-08-21,2026-08-24,False,False,5.0,2026-08-24T13:18:35+05:30
LGEINDIA,1632.5,TOUCHED,1.25,above,1652.9,1632.5,1629.43,1632.5,1626.37,0.376,54.9,0.011,0,2026-08-21,2026-08-24,False,False,5.0,2026-08-24T13:18:35+05:30
AUROPHARMA,1618.2,TOUCHED,0.67,above,1629.0,1618.2,1615.1,1618.2,1612.0,0.384,55.1,0.038,0,2026-08-21,2026-08-24,False,False,5.0,2026-08-24T13:18:35+05:30
HINDUNILVR,2017.78,TOUCHED,-0.42,below,2009.3,2017.78,2020.57,2023.35,2017.78,0.275,55.1,0.015,0,2026-08-21,2026-08-24,False,False,5.0,2026-08-24T13:18:35+05:30
MEESHO,206.35,TOUCHED,-2.16,below,201.89,206.35,207.0,207.66,206.35,0.634,55.1,0.029,0,2026-08-21,2026-08-24,False,False,5.0,2026-08-24T13:18:35+05:30
TATAELXSI,3692.87,TOUCHED,0.06,inside,3695.2,3692.87,3692.87,3700.43,3685.3,0.41,55.1,0.034,0,2026-08-21,2026-08-24,False,False,5.0,2026-08-24T13:18:35+05:30
CGPOWER,870.98,TOUCHED,-0.23,inside,869.0,870.98,870.98,872.98,868.99,0.457,55.3,0.035,0,2026-08-21,2026-08-24,False,False,5.0,2026-08-24T13:18:35+05:30
TENNIND,571.05,TOUCHED,-1.77,below,560.95,571.05,572.75,574.45,571.05,0.594,55.5,0.018,0,2026-08-21,2026-08-24,False,False,5.0,2026-08-24T13:18:35+05:30
ADANIPOWER,204.17,TOUCHED,-0.62,below,202.9,204.17,204.61,205.06,204.17,0.435,55.6,0.05,0,2026-08-21,2026-08-24,False,False,5.0,2026-08-24T13:18:35+05:30
TVSMOTOR,4372.53,TOUCHED,0.08,inside,4376.1,4372.53,4372.53,4381.27,4363.8,0.399,55.6,0.019,0,2026-08-21,2026-08-24,False,False,5.0,2026-08-24T13:18:35+05:30
HDFCBANK,727.87,TOUCHED,-0.25,below,726.05,727.87,728.78,729.7,727.87,0.252,55.9,0.019,0,2026-08-21,2026-08-24,False,False,5.0,2026-08-24T13:18:35+05:30
TATACHEM,628.03,TOUCHED,-0.19,below,626.85,628.03,629.32,630.6,628.03,0.408,56.2,0.02,0,2026-08-21,2026-08-24,False,False,5.0,2026-08-24T13:18:35+05:30
TRIDENT,24.44,TOUCHED,-0.03,below,24.43,24.44,24.48,24.53,24.44,0.381,56.2,0.028,0,2026-08-21,2026-08-24,False,False,5.0,2026-08-24T13:18:35+05:30
SIGNATURE,797.15,TOUCHED,-0.25,below,795.15,797.15,799.0,800.85,797.15,0.463,56.4,0.028,0,2026-08-21,2026-08-24,False,False,5.0,2026-08-24T13:18:35+05:30
CIPLA,1428.13,TOUCHED,-0.11,inside,1426.5,1428.13,1428.13,1430.17,1426.1,0.285,56.7,0.023,0,2026-08-21,2026-08-24,False,False,5.0,2026-08-24T13:18:35+05:30
NATCOPHARM,887.13,TOUCHED,-0.2,inside,885.35,887.13,887.13,889.5,884.77,0.534,56.7,0.019,0,2026-08-21,2026-08-24,False,False,5.0,2026-08-24T13:18:35+05:30
TATACOMM,1666.8,TOUCHED,1.51,above,1691.9,1666.8,1663.0,1666.8,1659.2,0.457,57.0,0.022,0,2026-08-21,2026-08-24,False,False,5.0,2026-08-24T13:18:35+05:30
IRCON,125.05,TOUCHED,-1.31,below,123.42,125.05,125.39,125.72,125.05,0.532,57.3,0.042,0,2026-08-21,2026-08-24,False,False,5.0,2026-08-24T13:18:35+05:30
WAAREEENER,2685.43,TOUCHED,-1.33,below,2649.8,2685.43,2692.67,2699.9,2685.43,0.537,57.5,0.043,0,2026-08-21,2026-08-24,False,False,5.0,2026-08-24T13:18:35+05:30
SARDAEN,512.13,TOUCHED,-0.85,below,507.8,512.13,513.67,515.2,512.13,0.597,58.1,0.028,0,2026-08-21,2026-08-24,False,False,5.0,2026-08-24T13:18:35+05:30
CGCL,223.44,TOUCHED,0.58,above,224.73,223.44,222.85,223.44,222.26,0.528,58.4,0.049,0,2026-08-21,2026-08-24,False,False,5.0,2026-08-24T13:18:35+05:30
DMART,3913.4,TOUCHED,-0.16,below,3907.0,3913.4,3920.8,3928.2,3913.4,0.377,58.4,0.028,0,2026-08-21,2026-08-24,False,False,5.0,2026-08-24T13:18:35+05:30
PAYTM,1618.2,TOUCHED,-0.32,below,1613.0,1618.2,1622.8,1627.4,1618.2,0.567,58.4,0.056,0,2026-08-21,2026-08-24,False,False,5.0,2026-08-24T13:18:35+05:30
INDGN,565.2,TOUCHED,-0.04,inside,565.0,565.2,565.2,566.5,563.9,0.46,58.6,0.023,0,2026-08-21,2026-08-24,False,False,5.0,2026-08-24T13:18:35+05:30
DALBHARAT,1884.07,TOUCHED,-0.31,below,1878.3,1884.07,1888.13,1892.2,1884.07,0.431,58.9,0.025,0,2026-08-21,2026-08-24,False,False,5.0,2026-08-24T13:18:35+05:30
TRENT,2931.1,TOUCHED,-0.88,below,2905.4,2931.1,2938.2,2945.3,2931.1,0.483,58.9,0.045,0,2026-08-21,2026-08-24,False,False,5.0,2026-08-24T13:18:35+05:30
BBTC,1430.47,TOUCHED,-0.49,below,1423.4,1430.47,1433.53,1436.6,1430.47,0.428,59.2,0.029,0,2026-08-21,2026-08-24,False,False,5.0,2026-08-24T13:18:35+05:30
GALLANTT,586.43,TOUCHED,-0.82,below,581.6,586.43,588.47,590.5,586.43,0.691,59.5,0.062,0,2026-08-21,2026-08-24,False,False,5.0,2026-08-24T13:18:35+05:30
INDIAMART,1745.98,TOUCHED,-0.34,below,1740.0,1745.98,1749.77,1753.55,1745.98,0.432,59.7,0.025,0,2026-08-21,2026-08-24,False,False,5.0,2026-08-24T13:18:35+05:30
POONAWALLA,491.42,TOUCHED,-3.5,below,474.2,491.42,492.78,494.15,491.42,0.555,59.7,0.033,0,2026-08-21,2026-08-24,False,False,5.0,2026-08-24T13:18:35+05:30
GRAPHITE,717.47,TOUCHED,0.69,above,722.4,717.47,715.23,717.47,712.99,0.627,60.3,0.023,0,2026-08-21,2026-08-24,False,False,5.0,2026-08-24T13:18:35+05:30
LTFOODS,431.25,TOUCHED,6.92,above,461.1,431.25,430.03,431.25,428.82,0.566,60.3,0.038,0,2026-08-21,2026-08-24,False,False,5.0,2026-08-24T13:18:35+05:30
LTM,4477.67,TOUCHED,0.7,above,4509.1,4477.67,4467.53,4477.67,4457.4,0.454,60.3,0.032,0,2026-08-21,2026-08-24,False,False,5.0,2026-08-24T13:18:35+05:30
KIRLOSENG,2107.88,TOUCHED,-1.94,below,2067.0,2107.88,2114.97,2122.05,2107.88,0.67,61.4,0.035,0,2026-08-21,2026-08-24,False,False,5.0,2026-08-24T13:18:35+05:30
NYKAA,331.57,TOUCHED,-0.48,below,330.0,331.57,332.38,333.19,331.57,0.486,61.6,0.027,0,2026-08-21,2026-08-24,False,False,5.0,2026-08-24T13:18:35+05:30
BANKBARODA,245.25,TOUCHED,-1.99,below,240.37,245.25,245.83,246.42,245.25,0.475,62.2,0.012,0,2026-08-21,2026-08-24,False,False,5.0,2026-08-24T13:18:35+05:30
BHARATFORG,2046.65,TOUCHED,-0.05,below,2045.7,2046.65,2052.1,2057.55,2046.65,0.531,62.2,0.031,0,2026-08-21,2026-08-24,False,False,5.0,2026-08-24T13:18:35+05:30
JMFINANCIL,129.6,TOUCHED,0.53,above,130.28,129.6,129.14,129.6,128.69,0.699,62.7,0.052,0,2026-08-21,2026-08-24,False,False,5.0,2026-08-24T13:18:35+05:30
POLICYBZR,1778.0,TOUCHED,-0.07,below,1776.8,1778.0,1783.73,1789.47,1778.0,0.643,62.7,0.038,0,2026-08-21,2026-08-24,False,False,5.0,2026-08-24T13:18:35+05:30
IRCTC,485.16,TOUCHED,-0.5,below,482.75,485.16,486.12,487.07,485.16,0.394,63.0,0.037,0,2026-08-21,2026-08-24,False,False,5.0,2026-08-24T13:18:35+05:30
IDFCFIRSTB,86.17,TOUCHED,-0.6,below,85.65,86.17,86.36,86.56,86.17,0.448,63.3,0.029,0,2026-08-21,2026-08-24,False,False,5.0,2026-08-24T13:18:35+05:30
TRITURBINE,579.55,TOUCHED,0.46,above,582.2,579.55,577.98,579.55,576.42,0.542,63.3,0.021,0,2026-08-21,2026-08-24,False,False,5.0,2026-08-24T13:18:35+05:30
FSL,274.17,TOUCHED,-0.1,inside,273.9,274.17,274.17,275.11,273.23,0.687,63.8,0.034,0,2026-08-21,2026-08-24,False,False,5.0,2026-08-24T13:18:35+05:30
MSUMI,38.48,TOUCHED,-1.89,below,37.75,38.48,38.59,38.71,38.48,0.605,64.7,0.031,0,2026-08-21,2026-08-24,False,False,5.0,2026-08-24T13:18:35+05:30
SAIL,175.01,TOUCHED,3.07,above,180.39,175.01,174.49,175.01,173.98,0.592,64.7,0.024,0,2026-08-21,2026-08-24,False,False,5.0,2026-08-24T13:18:35+05:30
TITAGARH,852.25,TOUCHED,0.42,above,855.8,852.25,849.35,852.25,846.45,0.683,64.7,0.052,0,2026-08-21,2026-08-24,False,False,5.0,2026-08-24T13:18:35+05:30
FLUOROCHEM,4646.07,TOUCHED,-0.25,inside,4634.6,4646.07,4646.07,4658.15,4633.98,0.52,64.9,0.022,0,2026-08-21,2026-08-24,False,False,5.0,2026-08-24T13:18:35+05:30
OBEROIRLTY,1890.92,TOUCHED,-0.62,below,1879.2,1890.92,1895.83,1900.75,1890.92,0.519,64.9,0.044,0,2026-08-21,2026-08-24,False,False,5.0,2026-08-24T13:18:35+05:30
UNITDSPR,1548.8,TOUCHED,0.1,inside,1550.3,1548.8,1548.8,1552.4,1545.2,0.465,64.9,0.033,0,2026-08-21,2026-08-24,False,False,5.0,2026-08-24T13:18:35+05:30
BSOFT,304.74,TOUCHED,-1.06,below,301.5,304.74,305.73,306.73,304.74,0.649,65.2,0.04,0,2026-08-21,2026-08-24,False,False,5.0,2026-08-24T13:18:35+05:30
OIL,477.33,TOUCHED,0.06,inside,477.6,477.33,477.33,478.5,476.17,0.489,65.2,0.021,0,2026-08-21,2026-08-24,False,False,5.0,2026-08-24T13:18:35+05:30
NAVINFLUOR,8257.33,TOUCHED,-0.23,inside,8238.0,8257.33,8257.33,8282.75,8231.92,0.616,65.5,0.045,0,2026-08-21,2026-08-24,False,False,5.0,2026-08-24T13:18:35+05:30
AJANTPHARM,3650.28,TOUCHED,-2.2,below,3569.8,3650.28,3660.77,3671.25,3650.28,0.573,65.8,0.04,0,2026-08-21,2026-08-24,False,False,5.0,2026-08-24T13:18:35+05:30
VIJAYA,1490.3,TOUCHED,-0.46,below,1483.5,1490.3,1495.0,1499.7,1490.3,0.629,65.8,0.034,0,2026-08-21,2026-08-24,False,False,5.0,2026-08-24T13:18:35+05:30
WOCKPHARMA,1879.0,TOUCHED,0.64,above,1891.0,1879.0,1871.7,1879.0,1864.4,0.78,66.0,0.059,0,2026-08-21,2026-08-24,False,False,5.0,2026-08-24T13:18:35+05:30
ABB,7475.0,TOUCHED,0.56,above,7517.0,7475.0,7458.0,7475.0,7441.0,0.456,66.3,0.023,0,2026-08-21,2026-08-24,False,False,5.0,2026-08-24T13:18:35+05:30
GMRAIRPORT,99.9,TOUCHED,-1.2,below,98.7,99.9,100.18,100.45,99.9,0.546,66.3,0.019,0,2026-08-21,2026-08-24,False,False,5.0,2026-08-24T13:18:35+05:30
LEMONTREE,108.95,TOUCHED,-0.13,inside,108.81,108.95,108.95,109.26,108.64,0.566,66.6,0.023,0,2026-08-21,2026-08-24,False,False,5.0,2026-08-24T13:18:35+05:30
ONGC,236.87,TOUCHED,-0.35,below,236.04,236.87,237.34,237.81,236.87,0.396,66.6,0.028,0,2026-08-21,2026-08-24,False,False,5.0,2026-08-24T13:18:35+05:30
NETWEB,5517.4,TOUCHED,-1.04,below,5459.8,5517.4,5545.27,5573.13,5517.4,1.005,66.8,0.054,0,2026-08-21,2026-08-24,False,False,5.0,2026-08-24T13:18:35+05:30
HONASA,486.3,TOUCHED,0.45,above,488.5,486.3,484.83,486.3,483.37,0.605,67.1,0.054,0,2026-08-21,2026-08-24,False,False,5.0,2026-08-24T13:18:35+05:30
ARE&M,921.96,TOUCHED,-0.45,below,917.85,921.96,924.17,926.38,921.96,0.478,67.9,0.023,0,2026-08-21,2026-08-24,False,False,5.0,2026-08-24T13:18:35+05:30
WHIRLPOOL,770.96,TOUCHED,-0.7,below,765.6,770.96,773.42,775.88,770.96,0.636,67.9,0.049,0,2026-08-21,2026-08-24,False,False,5.0,2026-08-24T13:18:35+05:30
GICRE,356.73,TOUCHED,-0.02,below,356.65,356.73,357.7,358.68,356.73,0.545,68.2,0.032,0,2026-08-21,2026-08-24,False,False,5.0,2026-08-24T13:18:35+05:30
FIRSTCRY,197.15,TOUCHED,-1.2,below,194.78,197.15,197.98,198.8,197.15,0.832,68.8,0.06,0,2026-08-21,2026-08-24,False,False,5.0,2026-08-24T13:18:35+05:30
ATGL,648.03,TOUCHED,-0.64,below,643.9,648.03,649.97,651.9,648.03,0.595,69.0,0.031,0,2026-08-21,2026-08-24,False,False,5.0,2026-08-24T13:18:35+05:30
BAJAJHFL,85.03,TOUCHED,-1.2,below,84.01,85.03,85.21,85.4,85.03,0.426,69.0,0.024,0,2026-08-21,2026-08-24,False,False,5.0,2026-08-24T13:18:35+05:30
HBLENGINE,705.37,TOUCHED,-1.66,below,693.65,705.37,708.18,711.0,705.37,0.795,69.0,0.035,0,2026-08-21,2026-08-24,False,False,5.0,2026-08-24T13:18:35+05:30
RRKABEL,2900.23,TOUCHED,-0.16,inside,2895.5,2900.23,2900.23,2909.77,2890.7,0.657,69.0,0.045,0,2026-08-21,2026-08-24,False,False,5.0,2026-08-24T13:18:35+05:30
SYNGENE,403.73,TOUCHED,-0.75,below,400.7,403.73,404.9,406.08,403.73,0.58,69.0,0.026,0,2026-08-21,2026-08-24,False,False,5.0,2026-08-24T13:18:35+05:30
BAJAJFINSV,2018.75,TOUCHED,-0.66,below,2005.5,2018.75,2023.33,2027.92,2018.75,0.453,69.9,0.02,0,2026-08-21,2026-08-24,False,False,5.0,2026-08-24T13:18:35+05:30
CARTRADE,3057.77,TOUCHED,1.5,above,3103.7,3057.77,3042.63,3057.77,3027.5,0.995,69.9,0.061,0,2026-08-21,2026-08-24,False,False,5.0,2026-08-24T13:18:35+05:30
MAPMYINDIA,987.35,TOUCHED,-1.66,below,971.0,987.35,990.8,994.25,987.35,0.696,69.9,0.031,0,2026-08-21,2026-08-24,False,False,5.0,2026-08-24T13:18:35+05:30
ACUTAAS,3209.5,TOUCHED,0.56,above,3227.6,3209.5,3196.0,3209.5,3182.5,0.845,70.1,0.036,0,2026-08-21,2026-08-24,False,False,5.0,2026-08-24T13:18:35+05:30
HCLTECH,1312.1,TOUCHED,0.47,above,1318.3,1312.1,1308.9,1312.1,1305.7,0.489,70.1,0.024,0,2026-08-21,2026-08-24,False,False,5.0,2026-08-24T13:18:35+05:30
UBL,1343.1,TOUCHED,0.22,inside,1346.0,1343.1,1343.1,1346.0,1340.2,0.432,70.1,0.026,0,2026-08-21,2026-08-24,False,False,5.0,2026-08-24T13:18:35+05:30
ANANTRAJ,627.66,TOUCHED,-1.4,below,618.9,627.66,630.32,632.98,627.66,0.843,70.4,0.073,0,2026-08-21,2026-08-24,False,False,5.0,2026-08-24T13:18:35+05:30
ICICIPRULI,510.82,TOUCHED,-0.25,below,509.55,510.82,512.22,513.61,510.82,0.543,70.4,0.023,0,2026-08-21,2026-08-24,False,False,5.0,2026-08-24T13:18:35+05:30
PINELABS,158.51,TOUCHED,-0.07,inside,158.39,158.51,158.51,159.31,157.71,1.007,70.6,0.059,0,2026-08-21,2026-08-24,False,False,5.0,2026-08-24T13:18:35+05:30
GPIL,248.04,TOUCHED,0.16,above,248.43,248.04,247.06,248.04,246.07,0.797,70.7,0.029,0,2026-08-21,2026-08-24,False,False,5.0,2026-08-24T13:18:35+05:30
NESTLEIND,1467.2,TOUCHED,-0.5,below,1459.9,1467.2,1470.5,1473.8,1467.2,0.449,71.0,0.033,0,2026-08-21,2026-08-24,False,False,5.0,2026-08-24T13:18:35+05:30
COFORGE,1878.13,TOUCHED,-0.16,inside,1875.1,1878.13,1878.13,1884.92,1871.35,0.722,71.5,0.032,0,2026-08-21,2026-08-24,False,False,5.0,2026-08-24T13:18:35+05:30
HEROMOTOCO,5688.5,TOUCHED,-0.07,below,5684.5,5688.5,5704.0,5719.5,5688.5,0.543,71.8,0.017,0,2026-08-21,2026-08-24,False,False,5.0,2026-08-24T13:18:35+05:30
AADHARHFC,466.8,TOUCHED,0.11,above,467.3,466.8,465.38,466.8,463.97,0.609,72.9,0.025,0,2026-08-21,2026-08-24,False,False,5.0,2026-08-24T13:18:35+05:30
SAPPHIRE,245.5,TOUCHED,0.92,above,247.77,245.5,244.45,245.5,243.39,0.862,73.2,0.05,0,2026-08-21,2026-08-24,False,False,5.0,2026-08-24T13:18:35+05:30
THERMAX,3981.62,TOUCHED,-0.32,below,3968.7,3981.62,3995.43,4009.25,3981.62,0.692,73.2,0.022,0,2026-08-21,2026-08-24,False,False,5.0,2026-08-24T13:18:35+05:30
CUMMINSIND,5155.0,TOUCHED,0.19,above,5165.0,5155.0,5139.17,5155.0,5123.33,0.616,73.4,0.018,0,2026-08-21,2026-08-24,False,False,5.0,2026-08-24T13:18:35+05:30
FACT,786.1,TOUCHED,-0.08,below,785.5,786.1,788.9,791.7,786.1,0.71,73.7,0.056,0,2026-08-21,2026-08-24,False,False,5.0,2026-08-24T13:18:35+05:30
SBILIFE,1780.75,TOUCHED,-0.33,below,1774.9,1780.75,1784.8,1788.85,1780.75,0.454,74.2,0.015,0,2026-08-21,2026-08-24,False,False,5.0,2026-08-24T13:18:35+05:30
TITAN,5062.5,TOUCHED,-0.12,inside,5056.3,5062.5,5062.5,5074.3,5050.7,0.466,74.8,0.015,0,2026-08-21,2026-08-24,False,False,5.0,2026-08-24T13:18:35+05:30
AEGISVOPAK,272.3,TOUCHED,-0.22,below,271.7,272.3,273.63,274.97,272.3,0.975,75.6,0.04,0,2026-08-21,2026-08-24,False,False,5.0,2026-08-24T13:18:35+05:30
ZFCVINDIA,2652.98,TOUCHED,0.08,above,2655.0,2652.98,2643.97,2652.98,2634.95,0.682,75.6,0.038,0,2026-08-21,2026-08-24,False,False,5.0,2026-08-24T13:18:35+05:30
HEXT,540.02,TOUCHED,2.49,above,553.45,540.02,537.5,540.02,534.98,0.94,75.9,0.045,0,2026-08-21,2026-08-24,False,False,5.0,2026-08-24T13:18:35+05:30
FEDERALBNK,358.07,TOUCHED,-0.76,below,355.35,358.07,359.05,360.02,358.07,0.543,76.2,0.027,0,2026-08-21,2026-08-24,False,False,5.0,2026-08-24T13:18:35+05:30
HINDZINC,592.95,TOUCHED,2.48,above,607.65,592.95,591.0,592.95,589.05,0.66,76.2,0.041,0,2026-08-21,2026-08-24,False,False,5.0,2026-08-24T13:18:35+05:30
TCS,2290.83,TOUCHED,0.18,inside,2295.0,2290.83,2290.83,2296.42,2285.25,0.487,76.4,0.029,0,2026-08-21,2026-08-24,False,False,5.0,2026-08-24T13:18:35+05:30
AWL,190.01,TOUCHED,2.14,above,194.07,190.01,189.38,190.01,188.75,0.665,77.0,0.044,0,2026-08-21,2026-08-24,False,False,5.0,2026-08-24T13:18:35+05:30
BATAINDIA,703.12,TOUCHED,-2.02,below,688.95,703.12,705.2,707.27,703.12,0.588,77.0,0.022,0,2026-08-21,2026-08-24,False,False,5.0,2026-08-24T13:18:35+05:30
KEC,432.33,TOUCHED,-0.01,inside,432.3,432.33,432.33,434.14,430.52,0.837,77.0,0.023,0,2026-08-21,2026-08-24,False,False,5.0,2026-08-24T13:18:35+05:30
SAREGAMA,510.88,TOUCHED,-0.1,inside,510.35,510.88,510.88,513.05,508.72,0.848,77.0,0.041,0,2026-08-21,2026-08-24,False,False,5.0,2026-08-24T13:18:35+05:30
SCHNEIDER,1224.02,TOUCHED,-4.03,below,1174.7,1224.02,1230.73,1237.45,1224.02,1.091,77.3,0.027,0,2026-08-21,2026-08-24,False,False,5.0,2026-08-24T13:18:35+05:30
RAINBOW,1447.25,TOUCHED,1.57,above,1470.0,1447.25,1442.57,1447.25,1437.88,0.649,77.5,0.037,0,2026-08-21,2026-08-24,False,False,5.0,2026-08-24T13:18:35+05:30
DEVYANI,146.25,TOUCHED,1.5,above,148.45,146.25,145.63,146.25,145.02,0.847,78.1,0.04,0,2026-08-21,2026-08-24,False,False,5.0,2026-08-24T13:18:35+05:30
BDL,1346.9,TOUCHED,0.39,inside,1352.1,1346.9,1346.9,1352.95,1340.85,0.898,78.4,0.049,0,2026-08-21,2026-08-24,False,False,5.0,2026-08-24T13:18:35+05:30
ZYDUSWELL,497.17,TOUCHED,1.94,above,506.8,497.17,495.05,497.17,492.92,0.858,78.4,0.035,0,2026-08-21,2026-08-24,False,False,5.0,2026-08-24T13:18:35+05:30
GLAXO,2934.7,TOUCHED,0.28,above,2942.9,2934.7,2923.87,2934.7,2913.03,0.741,78.9,0.026,0,2026-08-21,2026-08-24,False,False,5.0,2026-08-24T13:18:35+05:30
BRIGADE,636.47,TOUCHED,1.03,above,643.0,636.47,633.65,636.47,630.83,0.892,79.7,0.024,0,2026-08-21,2026-08-24,False,False,5.0,2026-08-24T13:18:35+05:30
JSL,704.23,TOUCHED,-0.15,below,703.2,704.23,707.12,710.0,704.23,0.816,80.0,0.041,0,2026-08-21,2026-08-24,False,False,5.0,2026-08-24T13:18:35+05:30
TEGA,1749.87,TOUCHED,-1.08,below,1730.9,1749.87,1756.53,1763.2,1749.87,0.759,80.0,0.043,0,2026-08-21,2026-08-24,False,False,5.0,2026-08-24T13:18:35+05:30
ANTHEM,881.9,TOUCHED,0.66,above,887.7,881.9,878.42,881.9,874.93,0.793,80.2,0.042,0,2026-08-21,2026-08-24,False,False,5.0,2026-08-24T13:18:35+05:30
IGL,148.41,TOUCHED,-0.33,below,147.92,148.41,148.95,149.49,148.41,0.723,80.3,0.047,0,2026-08-21,2026-08-24,False,False,5.0,2026-08-24T13:18:35+05:30
POWERGRID,270.08,TOUCHED,-0.4,below,269.0,270.08,270.85,271.62,270.08,0.572,80.3,0.017,0,2026-08-21,2026-08-24,False,False,5.0,2026-08-24T13:18:35+05:30
SBICARD,646.9,TOUCHED,0.4,above,649.5,646.9,644.8,646.9,642.7,0.651,80.3,0.029,0,2026-08-21,2026-08-24,False,False,5.0,2026-08-24T13:18:35+05:30
ACE,1172.1,TOUCHED,-0.35,inside,1168.0,1172.1,1172.1,1177.15,1167.05,0.862,80.5,0.049,0,2026-08-21,2026-08-24,False,False,5.0,2026-08-24T13:18:35+05:30
ABREL,1425.75,TOUCHED,0.38,above,1431.1,1425.75,1419.27,1425.75,1412.78,0.914,80.8,0.025,0,2026-08-21,2026-08-24,False,False,5.0,2026-08-24T13:18:35+05:30
MGL,1128.0,TOUCHED,0.22,above,1130.5,1128.0,1123.4,1128.0,1118.8,0.819,81.1,0.034,0,2026-08-21,2026-08-24,False,False,5.0,2026-08-24T13:18:35+05:30
AUBANK,1104.15,TOUCHED,0.27,above,1107.1,1104.15,1100.1,1104.15,1096.05,0.736,81.9,0.016,0,2026-08-21,2026-08-24,False,False,5.0,2026-08-24T13:18:35+05:30
CCL,1092.0,TOUCHED,-0.42,inside,1087.4,1092.0,1092.0,1096.85,1087.15,0.888,81.9,0.021,0,2026-08-21,2026-08-24,False,False,5.0,2026-08-24T13:18:35+05:30
ZYDUSLIFE,1109.7,TOUCHED,-0.48,below,1104.4,1109.7,1113.13,1116.57,1109.7,0.617,81.9,0.024,0,2026-08-21,2026-08-24,False,False,5.0,2026-08-24T13:18:35+05:30
POLYCAB,9032.33,TOUCHED,-0.01,inside,9031.5,9032.33,9032.33,9065.5,8999.17,0.734,82.2,0.033,0,2026-08-21,2026-08-24,False,False,5.0,2026-08-24T13:18:35+05:30
MINDACORP,730.78,TOUCHED,-0.94,below,723.95,730.78,733.72,736.65,730.78,0.8,82.5,0.038,0,2026-08-21,2026-08-24,False,False,5.0,2026-08-24T13:18:35+05:30
CYIENT,900.0,TOUCHED,0.33,inside,903.0,900.0,900.0,903.68,896.33,0.817,82.7,0.024,0,2026-08-21,2026-08-24,False,False,5.0,2026-08-24T13:18:35+05:30
FINCABLES,1276.5,TOUCHED,1.19,above,1291.75,1276.5,1271.17,1276.5,1265.83,0.839,82.7,0.019,0,2026-08-21,2026-08-24,False,False,5.0,2026-08-24T13:18:35+05:30
POLYMED,1737.73,TOUCHED,0.41,inside,1744.8,1737.73,1737.73,1746.9,1728.57,1.055,83.8,0.045,0,2026-08-21,2026-08-24,False,False,5.0,2026-08-24T13:18:35+05:30
PPLPHARMA,214.66,TOUCHED,-1.91,below,210.57,214.66,215.65,216.64,214.66,0.918,83.8,0.044,0,2026-08-21,2026-08-24,False,False,5.0,2026-08-24T13:18:35+05:30
ASAHIINDIA,956.73,TOUCHED,-0.07,inside,956.1,956.73,956.73,961.24,952.23,0.942,84.7,0.045,0,2026-08-21,2026-08-24,False,False,5.0,2026-08-24T13:18:35+05:30
JBMA,664.67,TOUCHED,-0.25,below,663.0,664.67,667.77,670.86,664.67,0.926,85.5,0.033,0,2026-08-21,2026-08-24,False,False,5.0,2026-08-24T13:18:35+05:30
NIVABUPA,82.28,TOUCHED,0.45,above,82.65,82.28,81.93,82.28,81.59,0.838,85.8,0.018,0,2026-08-21,2026-08-24,False,False,5.0,2026-08-24T13:18:35+05:30
RPOWER,23.11,TOUCHED,0.06,inside,23.12,23.11,23.11,23.28,22.93,1.486,86.0,0.076,0,2026-08-21,2026-08-24,False,False,5.0,2026-08-24T13:18:35+05:30
MARUTI,13605.67,TOUCHED,-0.64,below,13519.0,13605.67,13646.33,13687.0,13605.67,0.596,86.3,0.015,0,2026-08-21,2026-08-24,False,False,5.0,2026-08-24T13:18:35+05:30
RVNL,226.31,TOUCHED,-1.81,below,222.22,226.31,227.33,228.34,226.31,0.892,86.3,0.034,0,2026-08-21,2026-08-24,False,False,5.0,2026-08-24T13:18:35+05:30
BALRAMCHIN,732.73,TOUCHED,-1.27,below,723.45,732.73,736.12,739.5,732.73,0.919,86.6,0.025,0,2026-08-21,2026-08-24,False,False,5.0,2026-08-24T13:18:35+05:30
CANHLIFE,153.74,TOUCHED,0.17,inside,154.0,153.74,153.74,154.49,152.99,0.976,88.2,0.02,0,2026-08-21,2026-08-24,False,False,5.0,2026-08-24T13:18:35+05:30
USHAMART,488.7,TOUCHED,0.34,above,490.35,488.7,486.23,488.7,483.77,1.015,88.5,0.035,0,2026-08-21,2026-08-24,False,False,5.0,2026-08-24T13:18:35+05:30
SUMICHEM,537.73,TOUCHED,-2.05,below,526.7,537.73,540.82,543.9,537.73,1.14,88.8,0.039,0,2026-08-21,2026-08-24,False,False,5.0,2026-08-24T13:18:35+05:30
URBANCO,157.57,TOUCHED,7.75,above,169.78,157.57,156.53,157.57,155.5,1.32,88.8,0.046,0,2026-08-21,2026-08-24,False,False,5.0,2026-08-24T13:18:35+05:30
VBL,432.02,TOUCHED,-1.74,below,424.5,432.02,433.93,435.85,432.02,0.883,88.8,0.03,0,2026-08-21,2026-08-24,False,False,5.0,2026-08-24T13:18:35+05:30
AEGISLOG,1389.5,TOUCHED,-2.17,below,1359.4,1389.5,1398.97,1408.43,1389.5,1.353,89.3,0.033,0,2026-08-21,2026-08-24,False,False,5.0,2026-08-24T13:18:35+05:30
JYOTICNC,976.25,TOUCHED,-0.15,inside,974.75,976.25,976.25,982.52,969.98,1.286,89.9,0.027,0,2026-08-21,2026-08-24,False,False,5.0,2026-08-24T13:18:35+05:30
LENSKART,657.4,TOUCHED,0.24,above,659.0,657.4,653.4,657.4,649.4,1.224,90.9,0.031,0,2026-08-21,2026-08-24,False,False,5.0,2026-08-24T13:18:35+05:30
VEDL,275.9,TOUCHED,-0.09,inside,275.65,275.9,275.9,277.45,274.35,1.124,93.2,0.028,0,2026-08-21,2026-08-24,False,False,5.0,2026-08-24T13:18:35+05:30
JINDALSAW,289.37,TOUCHED,0.03,above,289.45,289.37,287.08,289.37,284.8,1.591,93.4,0.038,0,2026-08-21,2026-08-24,False,False,5.0,2026-08-24T13:18:35+05:30
GABRIEL,1420.55,V+N,-3.19,below,1375.2,1420.55,1420.57,1420.58,1420.55,0.002,2.2,0.033,1,2026-08-21,2026-08-24,True,True,5.0,2026-08-24T14:01:17+05:30
LUPIN,2201.98,V+N,-0.73,below,2185.9,2201.98,2202.17,2202.35,2201.98,0.017,3.0,0.027,1,2026-08-21,2026-08-24,True,True,5.0,2026-08-24T14:01:17+05:30
IOC,135.93,V+N,1.42,above,137.85,135.93,135.92,135.93,135.91,0.012,3.8,0.021,1,2026-08-21,2026-08-24,True,True,5.0,2026-08-24T14:01:17+05:30
LTF,317.12,V+N,0.17,above,317.65,317.12,317.08,317.12,317.05,0.021,3.8,0.028,1,2026-08-21,2026-08-24,True,True,5.0,2026-08-24T14:01:17+05:30
JKTYRE,374.85,V+N,2.17,above,383.0,374.85,374.8,374.85,374.75,0.027,4.4,0.034,1,2026-08-21,2026-08-24,True,True,5.0,2026-08-24T14:01:17+05:30
GESHIP,1311.08,V+N,0.91,above,1323.0,1311.08,1310.87,1311.08,1310.65,0.033,4.7,0.034,1,2026-08-21,2026-08-24,True,True,5.0,2026-08-24T14:01:17+05:30
COCHINSHIP,1480.05,V,1.6,above,1503.7,1480.05,1479.6,1480.05,1479.15,0.061,6.3,0.043,1,2026-08-21,2026-08-24,True,False,5.0,2026-08-24T14:01:17+05:30
JINDALSTEL,1127.52,V,0.89,above,1137.5,1127.52,1127.23,1127.52,1126.95,0.05,7.9,0.034,1,2026-08-21,2026-08-24,True,False,5.0,2026-08-24T14:01:17+05:30
NH,1815.27,V,2.78,above,1865.7,1815.27,1814.73,1815.27,1814.2,0.059,8.5,0.034,1,2026-08-21,2026-08-24,True,False,5.0,2026-08-24T14:01:17+05:30
MUTHOOTFIN,3025.05,V,5.65,above,3195.9,3025.05,3024.03,3025.05,3023.02,0.067,9.3,0.04,1,2026-08-21,2026-08-24,True,False,5.0,2026-08-24T14:01:17+05:30
JSWCEMENT,125.98,V,0.97,above,127.2,125.98,125.92,125.98,125.85,0.098,12.5,0.036,1,2026-08-21,2026-08-24,True,False,5.0,2026-08-24T14:01:17+05:30
TEJASNET,510.09,V,0.7,above,513.65,510.09,509.73,510.09,509.38,0.141,12.9,0.046,1,2026-08-21,2026-08-24,True,False,5.0,2026-08-24T14:01:17+05:30
NSLNISP,39.86,V,0.41,above,40.03,39.86,39.84,39.86,39.82,0.126,13.2,0.033,1,2026-08-21,2026-08-24,True,False,5.0,2026-08-24T14:01:17+05:30
EIDPARRY,798.38,V,6.58,above,850.9,798.38,798.02,798.38,797.66,0.09,13.4,0.032,1,2026-08-21,2026-08-24,True,False,5.0,2026-08-24T14:01:17+05:30
SYRMA,1437.88,V,0.88,above,1450.5,1437.88,1436.47,1437.88,1435.05,0.197,17.3,0.045,1,2026-08-21,2026-08-24,True,False,5.0,2026-08-24T14:01:17+05:30
HINDALCO,1033.51,V,1.73,above,1051.35,1033.51,1033.02,1033.51,1032.52,0.095,19.5,0.011,1,2026-08-21,2026-08-24,True,False,5.0,2026-08-24T14:01:17+05:30
IDBI,82.17,V,8.43,above,89.1,82.17,82.1,82.17,82.03,0.166,19.5,0.037,1,2026-08-21,2026-08-24,True,False,5.0,2026-08-24T14:01:17+05:30
REDINGTON,350.07,V,4.83,above,367.0,350.07,349.6,350.07,349.12,0.272,23.3,0.038,1,2026-08-21,2026-08-24,True,False,5.0,2026-08-24T14:01:17+05:30
RHIM,374.86,V,0.6,above,377.1,374.86,374.47,374.86,374.07,0.209,23.6,0.029,1,2026-08-21,2026-08-24,True,False,5.0,2026-08-24T14:01:17+05:30
RAILTEL,287.61,V,-1.69,below,282.75,287.61,287.97,288.32,287.61,0.249,26.6,0.041,1,2026-08-21,2026-08-24,True,False,5.0,2026-08-24T14:01:17+05:30
BAJFINANCE,1096.02,V,-1.37,below,1081.0,1096.02,1097.03,1098.05,1096.02,0.185,30.4,0.027,1,2026-08-21,2026-08-24,True,False,5.0,2026-08-24T14:01:17+05:30
JSWSTEEL,1292.35,V,1.37,above,1310.0,1292.35,1291.0,1292.35,1289.65,0.209,38.1,0.024,1,2026-08-21,2026-08-24,True,False,5.0,2026-08-24T14:01:17+05:30
COALINDIA,404.73,V,0.21,above,405.6,404.73,404.27,404.73,403.8,0.231,39.7,0.023,1,2026-08-21,2026-08-24,True,False,5.0,2026-08-24T14:01:17+05:30
FIVESTAR,522.05,V,-2.7,below,507.95,522.05,523.15,524.25,522.05,0.421,41.1,0.041,1,2026-08-21,2026-08-24,True,False,5.0,2026-08-24T14:01:17+05:30
PIDILITIND,1650.75,V,-0.43,below,1643.6,1650.75,1652.5,1654.25,1650.75,0.212,41.4,0.026,1,2026-08-21,2026-08-24,True,False,5.0,2026-08-24T14:01:17+05:30
GODREJCP,934.3,V,-1.08,below,924.2,934.3,935.6,936.9,934.3,0.278,41.9,0.023,1,2026-08-21,2026-08-24,True,False,5.0,2026-08-24T14:01:17+05:30
PFOCUS,295.84,V,4.45,above,309.0,295.84,294.73,295.84,293.62,0.752,44.4,0.053,1,2026-08-21,2026-08-24,True,False,5.0,2026-08-24T14:01:17+05:30
CREDITACC,1499.42,V,-4.12,below,1437.7,1499.42,1502.73,1506.05,1499.42,0.441,45.8,0.035,1,2026-08-21,2026-08-24,True,False,5.0,2026-08-24T14:01:17+05:30
HFCL,227.31,V,4.41,above,237.33,227.31,226.61,227.31,225.92,0.616,49.3,0.028,1,2026-08-21,2026-08-24,True,False,5.0,2026-08-24T14:01:17+05:30
MARICO,850.55,V,-0.45,below,846.7,850.55,851.85,853.15,850.55,0.305,50.7,0.018,1,2026-08-21,2026-08-24,True,False,5.0,2026-08-24T14:01:17+05:30
HOMEFIRST,1196.8,V,-1.24,below,1182.0,1196.8,1199.9,1203.0,1196.8,0.517,52.3,0.042,1,2026-08-21,2026-08-24,True,False,5.0,2026-08-24T14:01:17+05:30
CROMPTON,252.48,V,-2.88,below,245.2,252.48,252.95,253.43,252.48,0.376,52.6,0.025,1,2026-08-21,2026-08-24,True,False,5.0,2026-08-24T14:01:17+05:30
HAL,5010.67,V,-2.62,below,4879.3,5010.67,5021.33,5032.0,5010.67,0.425,53.4,0.035,1,2026-08-21,2026-08-24,True,False,5.0,2026-08-24T14:01:17+05:30
RADICO,4649.7,V,-0.88,below,4608.6,4649.7,4659.6,4669.5,4649.7,0.425,54.2,0.021,1,2026-08-21,2026-08-24,True,False,5.0,2026-08-24T14:01:17+05:30
VMM,104.16,V,8.91,above,113.45,104.16,103.92,104.16,103.67,0.472,55.9,0.026,1,2026-08-21,2026-08-24,True,False,5.0,2026-08-24T14:01:17+05:30
MANAPPURAM,356.64,V,2.62,above,366.0,356.64,355.78,356.64,354.93,0.483,58.1,0.027,1,2026-08-21,2026-08-24,True,False,5.0,2026-08-24T14:01:17+05:30
NATIONALUM,392.32,V,2.91,above,403.75,392.32,391.19,392.32,390.06,0.578,58.6,0.04,1,2026-08-21,2026-08-24,True,False,5.0,2026-08-24T14:01:17+05:30
MPHASIS,2423.85,V,0.2,above,2428.7,2423.85,2417.7,2423.85,2411.55,0.509,60.8,0.024,1,2026-08-21,2026-08-24,True,False,5.0,2026-08-24T14:01:17+05:30
TARIL,297.43,V,2.26,above,304.15,297.43,296.22,297.43,295.0,0.821,63.8,0.054,1,2026-08-21,2026-08-24,True,False,5.0,2026-08-24T14:01:17+05:30
CANFINHOME,832.86,V,-2.67,below,810.65,832.86,835.27,837.67,832.86,0.577,67.4,0.02,1,2026-08-21,2026-08-24,True,False,5.0,2026-08-24T14:01:17+05:30
MMTC,65.6,V,-1.56,below,64.58,65.6,65.83,66.05,65.6,0.679,69.0,0.051,1,2026-08-21,2026-08-24,True,False,5.0,2026-08-24T14:01:17+05:30
COHANCE,465.01,V,-3.2,below,450.15,465.01,467.02,469.02,465.01,0.86,77.3,0.022,1,2026-08-21,2026-08-24,True,False,5.0,2026-08-24T14:01:17+05:30
APOLLOTYRE,438.24,V,1.87,above,446.45,438.24,436.78,438.24,435.32,0.668,77.8,0.038,1,2026-08-21,2026-08-24,True,False,5.0,2026-08-24T14:01:17+05:30
ENGINERSIN,243.72,V,3.05,above,251.16,243.72,242.53,243.72,241.35,0.98,79.7,0.038,1,2026-08-21,2026-08-24,True,False,5.0,2026-08-24T14:01:17+05:30
GODIGIT,261.85,V,0.31,above,262.65,261.85,260.8,261.85,259.75,0.805,85.2,0.028,1,2026-08-21,2026-08-24,True,False,5.0,2026-08-24T14:01:17+05:30
KEI,5557.83,V,-1.52,below,5473.5,5557.83,5588.07,5618.3,5557.83,1.082,91.5,0.026,1,2026-08-21,2026-08-24,True,False,5.0,2026-08-24T14:01:17+05:30
IIFL,675.23,V,3.46,above,698.6,675.23,670.67,675.23,666.1,1.362,92.3,0.026,1,2026-08-21,2026-08-24,True,False,5.0,2026-08-24T14:01:17+05:30
TORNTPHARM,4916.58,V,-0.86,below,4874.5,4916.58,4936.67,4956.75,4916.58,0.814,93.2,0.023,1,2026-08-21,2026-08-24,True,False,5.0,2026-08-24T14:01:17+05:30
PTCIL,20467.67,V,3.8,above,21245.0,20467.67,20306.33,20467.67,20145.0,1.589,94.8,0.025,1,2026-08-21,2026-08-24,True,False,5.0,2026-08-24T14:01:17+05:30
BRITANNIA,5389.17,V,-1.71,below,5297.0,5389.17,5413.33,5437.5,5389.17,0.893,95.1,0.021,1,2026-08-21,2026-08-24,True,False,5.0,2026-08-24T14:01:17+05:30
PAGEIND,35480.0,NARROW,0.1,above,35515.0,35480.0,35480.0,35480.0,35480.0,0.0,0.0,0.027,0,2026-08-21,2026-08-24,False,True,5.0,2026-08-24T14:01:17+05:30
ASHOKLEY,173.0,NARROW,-0.63,below,171.9,173.0,173.0,173.0,173.0,0.002,1.4,0.024,0,2026-08-21,2026-08-24,False,True,5.0,2026-08-24T14:01:17+05:30
SIEMENS,3919.98,NARROW,3.77,above,4067.6,3919.98,3919.97,3919.98,3919.95,0.001,1.4,0.018,0,2026-08-21,2026-08-24,False,True,5.0,2026-08-24T14:01:17+05:30
AFFLE,1718.63,NARROW,0.36,above,1724.8,1718.63,1718.57,1718.63,1718.5,0.008,1.6,0.028,0,2026-08-21,2026-08-24,False,True,5.0,2026-08-24T14:01:17+05:30
HDFCAMC,2609.95,NARROW,-0.02,below,2609.5,2609.95,2609.97,2609.98,2609.95,0.001,1.6,0.023,0,2026-08-21,2026-08-24,False,True,5.0,2026-08-24T14:01:17+05:30
PIIND,2496.75,NARROW,-0.92,below,2473.7,2496.75,2496.77,2496.78,2496.75,0.001,1.6,0.018,0,2026-08-21,2026-08-24,False,True,5.0,2026-08-24T14:01:17+05:30
BLUEJET,596.18,NARROW,-0.62,below,592.45,596.18,596.2,596.23,596.18,0.008,1.9,0.042,0,2026-08-21,2026-08-24,False,True,5.0,2026-08-24T14:01:17+05:30
NUVOCO,322.07,NARROW,-0.27,below,321.2,322.07,322.08,322.1,322.07,0.01,1.9,0.039,0,2026-08-21,2026-08-24,False,True,5.0,2026-08-24T14:01:17+05:30
PIRAMALFIN,2180.75,NARROW,-2.42,below,2128.0,2180.75,2180.77,2180.78,2180.75,0.002,2.0,0.043,0,2026-08-21,2026-08-24,False,True,5.0,2026-08-24T14:01:17+05:30
ATUL,6509.58,NARROW,-1.16,below,6434.0,6509.58,6509.67,6509.75,6509.58,0.003,2.5,0.013,0,2026-08-21,2026-08-24,False,True,5.0,2026-08-24T14:01:17+05:30
CAMS,753.25,NARROW,0.15,above,754.35,753.25,753.17,753.25,753.08,0.022,2.5,0.04,0,2026-08-21,2026-08-24,False,True,5.0,2026-08-24T14:01:17+05:30
APOLLOHOSP,8692.0,NARROW,-0.46,below,8652.0,8692.0,8692.33,8692.67,8692.0,0.008,3.3,0.014,0,2026-08-21,2026-08-24,False,True,5.0,2026-08-24T14:01:17+05:30
INDHOTEL,729.9,NARROW,-0.69,below,724.85,729.9,729.93,729.97,729.9,0.009,3.3,0.019,0,2026-08-21,2026-08-24,False,True,5.0,2026-08-24T14:01:17+05:30
BHEL,412.88,NARROW,-0.39,below,411.25,412.88,412.92,412.96,412.88,0.02,3.6,0.045,0,2026-08-21,2026-08-24,False,True,5.0,2026-08-24T14:01:17+05:30
PHOENIXLTD,1928.95,NARROW,-0.45,below,1920.3,1928.95,1929.3,1929.65,1928.95,0.036,3.6,0.045,0,2026-08-21,2026-08-24,False,True,5.0,2026-08-24T14:01:17+05:30
CHENNPETRO,1394.0,NARROW,2.03,above,1422.3,1394.0,1393.83,1394.0,1393.67,0.024,4.1,0.026,0,2026-08-21,2026-08-24,False,True,5.0,2026-08-24T14:01:17+05:30
ENRIN,3436.75,NARROW,1.82,above,3499.2,3436.75,3436.37,3436.75,3435.98,0.022,4.1,0.025,0,2026-08-21,2026-08-24,False,True,5.0,2026-08-24T14:01:17+05:30
SUPREMEIND,3640.4,NARROW,-0.73,below,3613.8,3640.4,3640.93,3641.47,3640.4,0.029,4.1,0.037,0,2026-08-21,2026-08-24,False,True,5.0,2026-08-24T14:01:17+05:30
ULTRACEMCO,11571.0,NARROW,-0.18,below,11550.0,11571.0,11572.0,11573.0,11571.0,0.017,4.1,0.02,0,2026-08-21,2026-08-24,False,True,5.0,2026-08-24T14:01:17+05:30
ETERNAL,327.9,NARROW,-0.03,below,327.8,327.9,327.93,327.97,327.9,0.02,4.4,0.024,0,2026-08-21,2026-08-24,False,True,5.0,2026-08-24T14:01:17+05:30
NIACL,184.16,NARROW,-0.05,below,184.07,184.16,184.18,184.21,184.16,0.027,4.7,0.029,0,2026-08-21,2026-08-24,False,True,5.0,2026-08-24T14:01:17+05:30
NTPC,339.93,NARROW,-0.36,below,338.7,339.93,339.95,339.98,339.93,0.015,4.7,0.015,0,2026-08-21,2026-08-24,False,True,5.0,2026-08-24T14:01:17+05:30
HDFCLIFE,548.93,WIDE,0.49,inside,551.65,548.93,548.93,551.87,546.0,1.069,97.3,0.02,0,2026-08-21,2026-08-24,False,False,5.0,2026-08-24T14:01:17+05:30
THELEELA,552.72,WIDE,0.14,inside,553.5,552.72,552.72,557.21,548.23,1.625,98.0,0.03,0,2026-08-21,2026-08-24,False,False,5.0,2026-08-24T14:01:17+05:30
WELCORP,2288.25,WIDE,4.01,above,2380.0,2288.25,2264.6,2288.25,2240.95,2.089,98.1,0.053,0,2026-08-21,2026-08-24,False,False,5.0,2026-08-24T14:01:17+05:30
NCC,146.99,WIDE,0.24,inside,147.35,146.99,146.99,148.28,145.71,1.746,98.9,0.027,0,2026-08-21,2026-08-24,False,False,5.0,2026-08-24T14:01:17+05:30
HSCL,671.8,WIDE,0.13,inside,672.65,671.8,671.8,680.5,663.1,2.59,99.5,0.039,0,2026-08-21,2026-08-24,False,False,5.0,2026-08-24T14:01:17+05:30
PFIZER,4978.8,TOUCHED,-1.65,below,4896.6,4978.8,4979.4,4980.0,4978.8,0.024,5.2,0.023,0,2026-08-21,2026-08-24,False,False,5.0,2026-08-24T14:01:17+05:30
KPRMILL,1151.93,TOUCHED,-2.62,below,1121.8,1151.93,1152.27,1152.6,1151.93,0.058,6.0,0.052,0,2026-08-21,2026-08-24,False,False,5.0,2026-08-24T14:01:17+05:30
LTTS,3603.73,TOUCHED,0.1,above,3607.5,3603.73,3602.87,3603.73,3602.0,0.048,6.3,0.042,0,2026-08-21,2026-08-24,False,False,5.0,2026-08-24T14:01:17+05:30
HONAUT,36720.0,TOUCHED,0.38,above,36860.0,36720.0,36713.33,36720.0,36706.67,0.036,6.6,0.026,0,2026-08-21,2026-08-24,False,False,5.0,2026-08-24T14:01:17+05:30
BANKINDIA,142.83,TOUCHED,-1.14,below,141.2,142.83,142.87,142.91,142.83,0.058,6.8,0.03,0,2026-08-21,2026-08-24,False,False,5.0,2026-08-24T14:01:17+05:30
PNB,116.47,TOUCHED,-0.66,below,115.7,116.47,116.49,116.52,116.47,0.049,6.8,0.035,0,2026-08-21,2026-08-24,False,False,5.0,2026-08-24T14:01:17+05:30
CEMPRO,1276.88,TOUCHED,-0.54,below,1270.0,1276.88,1277.37,1277.85,1276.88,0.076,7.1,0.055,0,2026-08-21,2026-08-24,False,False,5.0,2026-08-24T14:01:17+05:30
ACMESOLAR,402.1,TOUCHED,0.17,above,402.8,402.1,401.93,402.1,401.77,0.083,7.4,0.05,0,2026-08-21,2026-08-24,False,False,5.0,2026-08-24T14:01:17+05:30
PFC,363.09,TOUCHED,-0.29,below,362.05,363.09,363.18,363.28,363.09,0.05,7.4,0.032,0,2026-08-21,2026-08-24,False,False,5.0,2026-08-24T14:01:17+05:30
ALKEM,5397.0,TOUCHED,-0.94,below,5346.0,5397.0,5398.0,5399.0,5397.0,0.037,7.7,0.024,0,2026-08-21,2026-08-24,False,False,5.0,2026-08-24T14:01:17+05:30
BAYERCROP,4072.35,TOUCHED,-0.55,below,4049.8,4072.35,4073.2,4074.05,4072.35,0.042,7.7,0.032,0,2026-08-21,2026-08-24,False,False,5.0,2026-08-24T14:01:17+05:30
BLUEDART,5080.5,TOUCHED,-0.5,below,5055.0,5080.5,5081.33,5082.17,5080.5,0.033,7.7,0.017,0,2026-08-21,2026-08-24,False,False,5.0,2026-08-24T14:01:17+05:30
TORNTPOWER,1248.03,TOUCHED,-0.16,below,1246.0,1248.03,1248.37,1248.7,1248.03,0.053,7.7,0.031,0,2026-08-21,2026-08-24,False,False,5.0,2026-08-24T14:01:17+05:30
ZENSARTECH,483.68,TOUCHED,-0.83,below,479.65,483.68,483.82,483.95,483.68,0.055,7.7,0.035,0,2026-08-21,2026-08-24,False,False,5.0,2026-08-24T14:01:17+05:30
APARINDS,16835.0,TOUCHED,-0.57,below,16739.0,16835.0,16842.0,16849.0,16835.0,0.083,7.9,0.054,0,2026-08-21,2026-08-24,False,False,5.0,2026-08-24T14:01:17+05:30
TATAINVEST,648.11,TOUCHED,-0.4,below,645.5,648.11,648.27,648.43,648.11,0.049,8.2,0.023,0,2026-08-21,2026-08-24,False,False,5.0,2026-08-24T14:01:17+05:30
WIPRO,180.88,TOUCHED,0.72,above,182.18,180.88,180.85,180.88,180.82,0.033,8.2,0.013,0,2026-08-21,2026-08-24,False,False,5.0,2026-08-24T14:01:17+05:30
MANKIND,2384.8,TOUCHED,-0.58,below,2371.0,2384.8,2385.6,2386.4,2384.8,0.067,8.8,0.038,0,2026-08-21,2026-08-24,False,False,5.0,2026-08-24T14:01:17+05:30
ADANIENSOL,1543.4,TOUCHED,0.95,above,1558.1,1543.4,1542.9,1543.4,1542.4,0.065,9.0,0.031,0,2026-08-21,2026-08-24,False,False,5.0,2026-08-24T14:01:17+05:30
SOLARINDS,19872.0,TOUCHED,-0.71,below,19730.0,19872.0,19881.33,19890.67,19872.0,0.094,9.0,0.057,0,2026-08-21,2026-08-24,False,False,5.0,2026-08-24T14:01:17+05:30
DEEPAKFERT,1451.0,TOUCHED,2.18,above,1482.7,1451.0,1450.4,1451.0,1449.8,0.083,9.3,0.046,0,2026-08-21,2026-08-24,False,False,5.0,2026-08-24T14:01:17+05:30
NAVA,559.5,TOUCHED,1.49,above,567.85,559.5,559.32,559.5,559.13,0.066,9.3,0.038,0,2026-08-21,2026-08-24,False,False,5.0,2026-08-24T14:01:17+05:30
AMBUJACEM,414.07,TOUCHED,-1.52,below,407.8,414.07,414.22,414.36,414.07,0.068,9.6,0.035,0,2026-08-21,2026-08-24,False,False,5.0,2026-08-24T14:01:17+05:30
CONCORDBIO,1569.5,TOUCHED,-2.29,below,1533.6,1569.5,1570.1,1570.7,1569.5,0.076,9.6,0.022,0,2026-08-21,2026-08-24,False,False,5.0,2026-08-24T14:01:17+05:30
ITCHOTELS,165.04,TOUCHED,-0.26,below,164.62,165.04,165.11,165.18,165.04,0.079,9.9,0.038,0,2026-08-21,2026-08-24,False,False,5.0,2026-08-24T14:01:17+05:30
JUBLFOOD,506.61,TOUCHED,0.25,above,507.85,506.61,506.47,506.61,506.33,0.056,10.1,0.018,0,2026-08-21,2026-08-24,False,False,5.0,2026-08-24T14:01:17+05:30
INDIGO,5111.33,TOUCHED,-0.01,below,5111.0,5111.33,5112.67,5114.0,5111.33,0.052,10.4,0.025,0,2026-08-21,2026-08-24,False,False,5.0,2026-08-24T14:01:17+05:30
ADANIENT,2994.25,TOUCHED,-0.44,below,2981.2,2994.25,2995.17,2996.08,2994.25,0.061,10.7,0.026,0,2026-08-21,2026-08-24,False,False,5.0,2026-08-24T14:01:17+05:30
ITI,279.38,TOUCHED,-0.1,below,279.1,279.38,279.5,279.62,279.38,0.089,10.7,0.035,0,2026-08-21,2026-08-24,False,False,5.0,2026-08-24T14:01:17+05:30
ONESOURCE,1535.77,TOUCHED,-0.99,below,1520.5,1535.77,1536.53,1537.3,1535.77,0.1,10.7,0.052,0,2026-08-21,2026-08-24,False,False,5.0,2026-08-24T14:01:17+05:30
ESCORTS,3082.45,TOUCHED,-0.08,below,3079.9,3082.45,3083.83,3085.22,3082.45,0.09,11.0,0.041,0,2026-08-21,2026-08-24,False,False,5.0,2026-08-24T14:01:17+05:30
IKS,1788.2,TOUCHED,0.84,above,1803.3,1788.2,1787.53,1788.2,1786.87,0.075,11.0,0.02,0,2026-08-21,2026-08-24,False,False,5.0,2026-08-24T14:01:17+05:30
PERSISTENT,5662.0,TOUCHED,-0.19,below,5651.0,5662.0,5663.83,5665.67,5662.0,0.065,11.0,0.018,0,2026-08-21,2026-08-24,False,False,5.0,2026-08-24T14:01:17+05:30
IRB,18.96,TOUCHED,-0.25,below,18.91,18.96,18.96,18.97,18.96,0.07,11.5,0.038,0,2026-08-21,2026-08-24,False,False,5.0,2026-08-24T14:01:17+05:30
KARURVYSYA,335.34,TOUCHED,1.0,above,338.7,335.34,335.18,335.34,335.02,0.094,11.5,0.038,0,2026-08-21,2026-08-24,False,False,5.0,2026-08-24T14:01:17+05:30
BPCL,310.9,TOUCHED,0.19,above,311.5,310.9,310.8,310.9,310.7,0.064,11.8,0.021,0,2026-08-21,2026-08-24,False,False,5.0,2026-08-24T14:01:17+05:30
CRAFTSMAN,10639.33,TOUCHED,0.1,above,10649.5,10639.33,10634.17,10639.33,10629.0,0.097,11.8,0.053,0,2026-08-21,2026-08-24,False,False,5.0,2026-08-24T14:01:17+05:30
NBCC,88.93,TOUCHED,-0.47,below,88.51,88.93,88.98,89.02,88.93,0.109,12.3,0.044,0,2026-08-21,2026-08-24,False,False,5.0,2026-08-24T14:01:17+05:30
BLUESTARCO,1512.82,TOUCHED,-0.33,below,1507.8,1512.82,1513.73,1514.65,1512.82,0.121,12.6,0.05,0,2026-08-21,2026-08-24,False,False,5.0,2026-08-24T14:01:17+05:30
DELHIVERY,450.89,TOUCHED,-1.55,below,443.9,450.89,451.08,451.28,450.89,0.085,12.6,0.019,0,2026-08-21,2026-08-24,False,False,5.0,2026-08-24T14:01:17+05:30
OLAELEC,37.76,TOUCHED,-0.56,below,37.55,37.76,37.8,37.83,37.76,0.176,12.9,0.066,0,2026-08-21,2026-08-24,False,False,5.0,2026-08-24T14:01:17+05:30
GVT&D,4125.18,TOUCHED,1.27,above,4177.6,4125.18,4123.17,4125.18,4121.15,0.098,13.2,0.022,0,2026-08-21,2026-08-24,False,False,5.0,2026-08-24T14:01:17+05:30
INDIACEM,371.06,TOUCHED,-0.82,below,368.0,371.06,371.22,371.38,371.06,0.085,13.2,0.031,0,2026-08-21,2026-08-24,False,False,5.0,2026-08-24T14:01:17+05:30
LICI,422.72,TOUCHED,0.27,above,423.85,422.72,422.57,422.72,422.41,0.075,13.2,0.031,0,2026-08-21,2026-08-24,False,False,5.0,2026-08-24T14:01:17+05:30
TBOTEK,1699.05,TOUCHED,0.22,above,1702.8,1699.05,1698.2,1699.05,1697.35,0.1,13.2,0.033,0,2026-08-21,2026-08-24,False,False,5.0,2026-08-24T14:01:17+05:30
ZENTEC,1923.1,TOUCHED,-0.99,below,1904.0,1923.1,1924.17,1925.23,1923.1,0.111,13.2,0.017,0,2026-08-21,2026-08-24,False,False,5.0,2026-08-24T14:01:17+05:30
HDBFS,695.2,TOUCHED,-1.27,below,686.35,695.2,695.42,695.63,695.2,0.062,13.3,0.023,0,2026-08-21,2026-08-24,False,False,5.0,2026-08-24T14:01:17+05:30
LALPATHLAB,1895.27,TOUCHED,-0.34,below,1888.8,1895.27,1896.33,1897.4,1895.27,0.113,13.4,0.043,0,2026-08-21,2026-08-24,False,False,5.0,2026-08-24T14:01:17+05:30
SBFC,93.81,TOUCHED,-1.66,below,92.25,93.81,93.85,93.89,93.81,0.089,13.4,0.032,0,2026-08-21,2026-08-24,False,False,5.0,2026-08-24T14:01:17+05:30
TTML,37.8,TOUCHED,-0.77,below,37.51,37.8,37.82,37.84,37.8,0.106,13.4,0.041,0,2026-08-21,2026-08-24,False,False,5.0,2026-08-24T14:01:17+05:30
ADANIGREEN,1317.5,TOUCHED,-1.04,below,1303.8,1317.5,1318.33,1319.17,1317.5,0.126,13.7,0.04,0,2026-08-21,2026-08-24,False,False,5.0,2026-08-24T14:01:17+05:30
MEDANTA,1407.85,TOUCHED,-0.24,below,1404.5,1407.85,1408.47,1409.08,1407.85,0.088,14.0,0.028,0,2026-08-21,2026-08-24,False,False,5.0,2026-08-24T14:01:17+05:30
JUBLPHARMA,879.93,TOUCHED,3.88,above,914.05,879.93,879.52,879.93,879.1,0.095,14.2,0.019,0,2026-08-21,2026-08-24,False,False,5.0,2026-08-24T14:01:17+05:30
ANURAS,1243.22,TOUCHED,0.84,above,1253.7,1243.22,1242.73,1243.22,1242.25,0.078,14.8,0.025,0,2026-08-21,2026-08-24,False,False,5.0,2026-08-24T14:01:17+05:30
DOMS,2207.48,TOUCHED,-0.04,below,2206.7,2207.48,2208.67,2209.85,2207.48,0.107,15.3,0.027,0,2026-08-21,2026-08-24,False,False,5.0,2026-08-24T14:01:17+05:30
HAVELLS,1268.43,TOUCHED,-0.66,below,1260.0,1268.43,1268.87,1269.3,1268.43,0.068,15.3,0.019,0,2026-08-21,2026-08-24,False,False,5.0,2026-08-24T14:01:17+05:30
SPLPETRO,698.26,TOUCHED,-1.03,below,691.1,698.26,698.72,699.17,698.26,0.131,15.3,0.039,0,2026-08-21,2026-08-24,False,False,5.0,2026-08-24T14:01:17+05:30
KPITTECH,589.68,TOUCHED,-0.75,below,585.25,589.68,590.07,590.45,589.68,0.13,15.6,0.044,0,2026-08-21,2026-08-24,False,False,5.0,2026-08-24T14:01:17+05:30
NMDC,84.56,TOUCHED,1.57,above,85.89,84.56,84.51,84.56,84.46,0.118,15.9,0.028,0,2026-08-21,2026-08-24,False,False,5.0,2026-08-24T14:01:17+05:30
SAGILITY,43.31,TOUCHED,0.68,above,43.61,43.31,43.28,43.31,43.24,0.162,15.9,0.045,0,2026-08-21,2026-08-24,False,False,5.0,2026-08-24T14:01:17+05:30
UPL,569.28,TOUCHED,-0.73,below,565.1,569.28,569.57,569.85,569.28,0.099,15.9,0.02,0,2026-08-21,2026-08-24,False,False,5.0,2026-08-24T14:01:17+05:30
BHARTIARTL,1946.57,TOUCHED,-0.44,below,1938.0,1946.57,1947.13,1947.7,1946.57,0.058,16.2,0.014,0,2026-08-21,2026-08-24,False,False,5.0,2026-08-24T14:01:17+05:30
IREDA,115.15,TOUCHED,-0.02,inside,115.13,115.15,115.15,115.23,115.08,0.133,16.2,0.048,0,2026-08-21,2026-08-24,False,False,5.0,2026-08-24T14:01:17+05:30
HINDCOPPER,572.25,TOUCHED,0.25,above,573.7,572.25,571.8,572.25,571.35,0.157,16.4,0.032,0,2026-08-21,2026-08-24,False,False,5.0,2026-08-24T14:01:17+05:30
IEX,123.76,TOUCHED,-0.32,below,123.36,123.76,123.82,123.88,123.76,0.094,16.4,0.028,0,2026-08-21,2026-08-24,False,False,5.0,2026-08-24T14:01:17+05:30
INDIANB,875.7,TOUCHED,-0.57,below,870.75,875.7,876.1,876.5,875.7,0.091,16.4,0.025,0,2026-08-21,2026-08-24,False,False,5.0,2026-08-24T14:01:17+05:30
MOTHERSON,169.04,TOUCHED,-0.87,below,167.56,169.04,169.15,169.27,169.04,0.136,17.3,0.035,0,2026-08-21,2026-08-24,False,False,5.0,2026-08-24T14:01:17+05:30
BAJAJHLDNG,11328.33,TOUCHED,-1.19,below,11194.0,11328.33,11336.67,11345.0,11328.33,0.147,17.5,0.025,0,2026-08-21,2026-08-24,False,False,5.0,2026-08-24T14:01:17+05:30
SUNPHARMA,1901.63,TOUCHED,0.56,above,1912.2,1901.63,1900.87,1901.63,1900.1,0.081,17.8,0.02,0,2026-08-21,2026-08-24,False,False,5.0,2026-08-24T14:01:17+05:30
SAMMAANCAP,150.97,TOUCHED,0.08,above,151.1,150.97,150.82,150.97,150.67,0.201,18.1,0.041,0,2026-08-21,2026-08-24,False,False,5.0,2026-08-24T14:01:17+05:30
3MINDIA,33622.5,TOUCHED,0.29,above,33720.0,33622.5,33605.0,33622.5,33587.5,0.104,18.4,0.027,0,2026-08-21,2026-08-24,False,False,5.0,2026-08-24T14:01:17+05:30
JKCEMENT,5253.83,TOUCHED,-0.72,below,5216.0,5253.83,5257.67,5261.5,5253.83,0.146,18.4,0.035,0,2026-08-21,2026-08-24,False,False,5.0,2026-08-24T14:01:17+05:30
UNIONBANK,183.6,TOUCHED,-0.48,below,182.71,183.6,183.75,183.9,183.6,0.163,18.6,0.047,0,2026-08-21,2026-08-24,False,False,5.0,2026-08-24T14:01:17+05:30
CPPLUS,3479.67,TOUCHED,-2.0,below,3410.2,3479.67,3483.83,3488.0,3479.67,0.239,18.7,0.038,0,2026-08-21,2026-08-24,False,False,5.0,2026-08-24T14:01:17+05:30
360ONE,1202.05,TOUCHED,0.16,above,1204.0,1202.05,1201.03,1202.05,1200.02,0.169,19.2,0.032,0,2026-08-21,2026-08-24,False,False,5.0,2026-08-24T14:01:17+05:30
CHOLAHLDNG,1563.05,TOUCHED,-0.88,below,1549.3,1563.05,1564.3,1565.55,1563.05,0.16,19.7,0.026,0,2026-08-21,2026-08-24,False,False,5.0,2026-08-24T14:01:17+05:30
GODREJIND,1227.2,TOUCHED,-1.73,below,1206.0,1227.2,1228.13,1229.07,1227.2,0.152,19.7,0.044,0,2026-08-21,2026-08-24,False,False,5.0,2026-08-24T14:01:17+05:30
KOTAKBANK,402.15,TOUCHED,-0.65,below,399.55,402.15,402.37,402.58,402.15,0.108,19.7,0.024,0,2026-08-21,2026-08-24,False,False,5.0,2026-08-24T14:01:17+05:30
SBIN,1047.4,TOUCHED,-1.37,below,1033.0,1047.4,1047.83,1048.27,1047.4,0.083,20.3,0.011,0,2026-08-21,2026-08-24,False,False,5.0,2026-08-24T14:01:17+05:30
GODFRYPHLP,2110.3,TOUCHED,-0.33,below,2103.3,2110.3,2112.53,2114.77,2110.3,0.211,20.5,0.041,0,2026-08-21,2026-08-24,False,False,5.0,2026-08-24T14:01:17+05:30
JSWENERGY,545.33,TOUCHED,-0.01,below,545.3,545.33,545.72,546.1,545.33,0.14,20.5,0.021,0,2026-08-21,2026-08-24,False,False,5.0,2026-08-24T14:01:17+05:30
ENDURANCE,3021.5,TOUCHED,-0.64,below,3002.3,3021.5,3024.17,3026.83,3021.5,0.176,20.8,0.043,0,2026-08-21,2026-08-24,False,False,5.0,2026-08-24T14:01:17+05:30
CEATLTD,3573.65,TOUCHED,0.05,above,3575.6,3573.65,3570.23,3573.65,3566.82,0.191,21.1,0.033,0,2026-08-21,2026-08-24,False,False,5.0,2026-08-24T14:01:17+05:30
YESBANK,22.75,TOUCHED,-0.79,below,22.57,22.75,22.77,22.78,22.75,0.146,21.4,0.04,0,2026-08-21,2026-08-24,False,False,5.0,2026-08-24T14:01:17+05:30
CARBORUNIV,1166.8,TOUCHED,-2.8,below,1134.1,1166.8,1167.8,1168.8,1166.8,0.171,21.6,0.029,0,2026-08-21,2026-08-24,False,False,5.0,2026-08-24T14:01:17+05:30
DLF,679.85,TOUCHED,0.52,above,683.4,679.85,679.27,679.85,678.68,0.172,21.6,0.029,0,2026-08-21,2026-08-24,False,False,5.0,2026-08-24T14:01:17+05:30
RITES,218.27,TOUCHED,-0.76,below,216.6,218.27,218.45,218.64,218.27,0.169,22.5,0.025,0,2026-08-21,2026-08-24,False,False,5.0,2026-08-24T14:01:17+05:30
AFCONS,279.55,TOUCHED,0.55,above,281.1,279.55,279.33,279.55,279.12,0.155,22.7,0.024,0,2026-08-21,2026-08-24,False,False,5.0,2026-08-24T14:01:17+05:30
BSE,3254.0,TOUCHED,2.03,above,3319.9,3254.0,3249.67,3254.0,3245.33,0.267,23.0,0.022,0,2026-08-21,2026-08-24,False,False,5.0,2026-08-24T14:01:17+05:30
KIMS,783.27,TOUCHED,-1.23,below,773.65,783.27,784.03,784.8,783.27,0.196,23.0,0.043,0,2026-08-21,2026-08-24,False,False,5.0,2026-08-24T14:01:17+05:30
SUNDARMFIN,4522.1,TOUCHED,-0.47,below,4500.9,4522.1,4526.23,4530.37,4522.1,0.183,23.0,0.029,0,2026-08-21,2026-08-24,False,False,5.0,2026-08-24T14:01:17+05:30
TATATECH,818.85,TOUCHED,-1.81,below,804.05,818.85,819.48,820.12,818.85,0.155,23.0,0.035,0,2026-08-21,2026-08-24,False,False,5.0,2026-08-24T14:01:17+05:30
CRISIL,4501.95,TOUCHED,-0.84,below,4464.3,4501.95,4506.13,4510.32,4501.95,0.186,23.3,0.049,0,2026-08-21,2026-08-24,False,False,5.0,2026-08-24T14:01:17+05:30
ECLERX,1813.28,TOUCHED,1.4,above,1838.6,1813.28,1810.87,1813.28,1808.45,0.267,23.3,0.039,0,2026-08-21,2026-08-24,False,False,5.0,2026-08-24T14:01:17+05:30
DEEPAKNTR,1742.55,TOUCHED,-0.46,below,1734.6,1742.55,1744.07,1745.58,1742.55,0.174,23.6,0.029,0,2026-08-21,2026-08-24,False,False,5.0,2026-08-24T14:01:17+05:30
MCX,3180.57,TOUCHED,2.48,above,3259.4,3180.57,3176.13,3180.57,3171.7,0.279,23.8,0.058,0,2026-08-21,2026-08-24,False,False,5.0,2026-08-24T14:01:17+05:30
GRAVITA,1815.75,TOUCHED,-0.36,below,1809.2,1815.75,1817.73,1819.72,1815.75,0.218,24.7,0.033,0,2026-08-21,2026-08-24,False,False,5.0,2026-08-24T14:01:17+05:30
AXISBANK,1246.67,TOUCHED,-1.12,below,1232.7,1246.67,1247.53,1248.4,1246.67,0.139,24.9,0.024,0,2026-08-21,2026-08-24,False,False,5.0,2026-08-24T14:01:17+05:30
BANDHANBNK,175.62,TOUCHED,0.17,above,175.92,175.62,175.45,175.62,175.28,0.199,24.9,0.026,0,2026-08-21,2026-08-24,False,False,5.0,2026-08-24T14:01:17+05:30
HEG,713.5,TOUCHED,1.11,above,721.4,713.5,712.58,713.5,711.67,0.257,24.9,0.043,0,2026-08-21,2026-08-24,False,False,5.0,2026-08-24T14:01:17+05:30
IPCALAB,1909.32,TOUCHED,0.47,above,1918.2,1909.32,1907.43,1909.32,1905.55,0.197,24.9,0.032,0,2026-08-21,2026-08-24,False,False,5.0,2026-08-24T14:01:17+05:30
ZEEL,107.71,TOUCHED,-3.06,below,104.42,107.71,107.84,107.97,107.71,0.244,24.9,0.045,0,2026-08-21,2026-08-24,False,False,5.0,2026-08-24T14:01:17+05:30
SRF,2576.47,TOUCHED,0.01,inside,2576.8,2576.47,2576.47,2578.75,2574.18,0.177,25.2,0.028,0,2026-08-21,2026-08-24,False,False,5.0,2026-08-24T14:01:17+05:30
BIKAJI,606.18,TOUCHED,-0.53,below,603.0,606.18,606.62,607.05,606.18,0.143,25.5,0.018,0,2026-08-21,2026-08-24,False,False,5.0,2026-08-24T14:01:17+05:30
AMBER,7341.0,TOUCHED,0.48,above,7376.0,7341.0,7332.0,7341.0,7323.0,0.245,25.8,0.031,0,2026-08-21,2026-08-24,False,False,5.0,2026-08-24T14:01:17+05:30
FORCEMOT,17803.5,TOUCHED,-1.01,below,17623.0,17803.5,17837.0,17870.5,17803.5,0.376,25.8,0.052,0,2026-08-21,2026-08-24,False,False,5.0,2026-08-24T14:01:17+05:30
MOTILALOFS,988.76,TOUCHED,1.15,above,1000.1,988.76,987.52,988.76,986.27,0.251,25.8,0.045,0,2026-08-21,2026-08-24,False,False,5.0,2026-08-24T14:01:17+05:30
APLAPOLLO,2142.5,TOUCHED,-0.04,inside,2141.6,2142.5,2142.5,2144.25,2140.75,0.163,26.3,0.017,0,2026-08-21,2026-08-24,False,False,5.0,2026-08-24T14:01:17+05:30
ABSLAMC,1004.6,TOUCHED,-0.36,below,1001.0,1004.6,1005.87,1007.13,1004.6,0.252,26.6,0.033,0,2026-08-21,2026-08-24,False,False,5.0,2026-08-24T14:01:17+05:30
OFSS,11736.0,TOUCHED,-1.07,below,11611.0,11736.0,11748.0,11760.0,11736.0,0.204,26.6,0.029,0,2026-08-21,2026-08-24,False,False,5.0,2026-08-24T14:01:17+05:30
ABDL,594.03,TOUCHED,3.01,above,611.9,594.03,593.07,594.03,592.1,0.326,26.8,0.075,0,2026-08-21,2026-08-24,False,False,5.0,2026-08-24T14:01:17+05:30
BAJAJ-AUTO,11725.0,TOUCHED,0.68,above,11805.0,11725.0,11716.67,11725.0,11708.33,0.142,26.8,0.028,0,2026-08-21,2026-08-24,False,False,5.0,2026-08-24T14:01:17+05:30
KPIL,1401.13,TOUCHED,0.06,inside,1402.0,1401.13,1401.13,1402.82,1399.45,0.24,26.8,0.041,0,2026-08-21,2026-08-24,False,False,5.0,2026-08-24T14:01:17+05:30
LICHSGFIN,495.9,TOUCHED,-1.69,below,487.5,495.9,496.27,496.63,495.9,0.148,26.8,0.018,0,2026-08-21,2026-08-24,False,False,5.0,2026-08-24T14:01:17+05:30
TIINDIA,2889.35,TOUCHED,-0.77,below,2867.2,2889.35,2892.9,2896.45,2889.35,0.245,26.8,0.038,0,2026-08-21,2026-08-24,False,False,5.0,2026-08-24T14:01:17+05:30
EMMVEE,325.18,TOUCHED,-0.15,inside,324.7,325.18,325.18,325.78,324.59,0.364,27.1,0.043,0,2026-08-21,2026-08-24,False,False,5.0,2026-08-24T14:01:17+05:30
INDUSINDBK,1004.53,TOUCHED,0.98,above,1014.4,1004.53,1003.47,1004.53,1002.4,0.213,27.1,0.031,0,2026-08-21,2026-08-24,False,False,5.0,2026-08-24T14:01:17+05:30
IRFC,86.48,TOUCHED,-0.64,below,85.93,86.48,86.56,86.64,86.48,0.185,27.1,0.033,0,2026-08-21,2026-08-24,False,False,5.0,2026-08-24T14:01:17+05:30
KAJARIACER,1209.73,TOUCHED,-0.73,below,1200.9,1209.73,1210.97,1212.2,1209.73,0.204,27.1,0.029,0,2026-08-21,2026-08-24,False,False,5.0,2026-08-24T14:01:17+05:30
BERGEPAINT,524.97,TOUCHED,-1.65,below,516.3,524.97,525.53,526.1,524.97,0.216,27.7,0.013,0,2026-08-21,2026-08-24,False,False,5.0,2026-08-24T14:01:17+05:30
JIOFIN,244.22,TOUCHED,-0.6,below,242.75,244.22,244.43,244.65,244.22,0.177,28.2,0.022,0,2026-08-21,2026-08-24,False,False,5.0,2026-08-24T14:01:17+05:30
PARADEEP,149.26,TOUCHED,0.61,above,150.17,149.26,149.0,149.26,148.74,0.347,28.2,0.036,0,2026-08-21,2026-08-24,False,False,5.0,2026-08-24T14:01:17+05:30
SWANCORP,304.28,TOUCHED,-0.73,below,302.05,304.28,304.7,305.12,304.28,0.279,28.2,0.034,0,2026-08-21,2026-08-24,False,False,5.0,2026-08-24T14:01:17+05:30
ANANDRATHI,2182.5,TOUCHED,-0.62,below,2168.9,2182.5,2184.33,2186.17,2182.5,0.168,28.5,0.022,0,2026-08-21,2026-08-24,False,False,5.0,2026-08-24T14:01:17+05:30
ASTRAL,1530.17,TOUCHED,-0.0,below,1530.1,1530.17,1531.83,1533.5,1530.17,0.218,28.8,0.032,0,2026-08-21,2026-08-24,False,False,5.0,2026-08-24T14:01:17+05:30
GRASIM,3300.55,TOUCHED,-0.64,below,3279.3,3300.55,3303.03,3305.52,3300.55,0.15,28.8,0.017,0,2026-08-21,2026-08-24,False,False,5.0,2026-08-24T14:01:17+05:30
IDEA,14.01,TOUCHED,0.54,above,14.08,14.01,13.98,14.01,13.96,0.31,29.0,0.046,0,2026-08-21,2026-08-24,False,False,5.0,2026-08-24T14:01:17+05:30
TIMKEN,3123.0,TOUCHED,-0.95,below,3093.2,3123.0,3126.7,3130.4,3123.0,0.237,29.0,0.05,0,2026-08-21,2026-08-24,False,False,5.0,2026-08-24T14:01:17+05:30
COLPAL,1890.67,TOUCHED,-0.6,below,1879.3,1890.67,1892.33,1894.0,1890.67,0.176,29.6,0.024,0,2026-08-21,2026-08-24,False,False,5.0,2026-08-24T14:01:17+05:30
LLOYDSME,1868.83,TOUCHED,-1.57,below,1839.5,1868.83,1871.77,1874.7,1868.83,0.313,29.6,0.033,0,2026-08-21,2026-08-24,False,False,5.0,2026-08-24T14:01:17+05:30
J&KBANK,148.38,TOUCHED,-0.66,below,147.39,148.38,148.59,148.8,148.38,0.285,29.9,0.029,0,2026-08-21,2026-08-24,False,False,5.0,2026-08-24T14:01:17+05:30
SONATSOFTW,305.57,TOUCHED,0.58,above,307.35,305.57,305.05,305.57,304.52,0.344,29.9,0.026,0,2026-08-21,2026-08-24,False,False,5.0,2026-08-24T14:01:17+05:30
UCOBANK,25.81,TOUCHED,0.64,above,25.97,25.81,25.78,25.81,25.75,0.22,30.1,0.013,0,2026-08-21,2026-08-24,False,False,5.0,2026-08-24T14:01:17+05:30
ASTERDM,758.97,TOUCHED,-0.95,below,751.75,758.97,759.83,760.69,758.97,0.226,30.4,0.028,0,2026-08-21,2026-08-24,False,False,5.0,2026-08-24T14:01:17+05:30
GAIL,172.28,TOUCHED,0.08,inside,172.42,172.28,172.28,172.43,172.14,0.164,30.4,0.015,0,2026-08-21,2026-08-24,False,False,5.0,2026-08-24T14:01:17+05:30
GLENMARK,2325.8,TOUCHED,1.99,above,2372.0,2325.8,2323.17,2325.8,2320.53,0.227,30.4,0.035,0,2026-08-21,2026-08-24,False,False,5.0,2026-08-24T14:01:17+05:30
LODHA,1247.1,TOUCHED,0.62,above,1254.8,1247.1,1245.4,1247.1,1243.7,0.273,30.4,0.035,0,2026-08-21,2026-08-24,False,False,5.0,2026-08-24T14:01:17+05:30
GODREJPROP,2032.17,TOUCHED,0.23,above,2036.9,2032.17,2029.33,2032.17,2026.5,0.279,30.7,0.048,0,2026-08-21,2026-08-24,False,False,5.0,2026-08-24T14:01:17+05:30
SHRIRAMFIN,1131.22,TOUCHED,-1.41,below,1115.3,1131.22,1132.43,1133.65,1131.22,0.215,30.7,0.033,0,2026-08-21,2026-08-24,False,False,5.0,2026-08-24T14:01:17+05:30
LINDEINDIA,6678.83,TOUCHED,-1.58,below,6573.0,6678.83,6685.67,6692.5,6678.83,0.204,31.0,0.025,0,2026-08-21,2026-08-24,False,False,5.0,2026-08-24T14:01:17+05:30
UTIAMC,894.07,TOUCHED,-0.44,below,890.1,894.07,895.08,896.1,894.07,0.227,31.0,0.036,0,2026-08-21,2026-08-24,False,False,5.0,2026-08-24T14:01:17+05:30
ELECON,449.1,TOUCHED,-0.88,below,445.15,449.1,449.92,450.73,449.1,0.363,31.2,0.036,0,2026-08-21,2026-08-24,False,False,5.0,2026-08-24T14:01:17+05:30
PWL,121.6,TOUCHED,1.78,above,123.76,121.6,121.34,121.6,121.09,0.423,31.2,0.076,0,2026-08-21,2026-08-24,False,False,5.0,2026-08-24T14:01:17+05:30
ELGIEQUIP,631.52,TOUCHED,-1.09,below,624.65,631.52,632.47,633.41,631.52,0.298,31.5,0.04,0,2026-08-21,2026-08-24,False,False,5.0,2026-08-24T14:01:17+05:30
NEULANDLAB,23342.17,TOUCHED,-1.71,below,22942.0,23342.17,23383.33,23424.5,23342.17,0.352,32.1,0.032,0,2026-08-21,2026-08-24,False,False,5.0,2026-08-24T14:01:17+05:30
SJVN,65.86,TOUCHED,0.09,inside,65.92,65.86,65.86,65.93,65.78,0.227,32.1,0.027,0,2026-08-21,2026-08-24,False,False,5.0,2026-08-24T14:01:17+05:30
TATASTEEL,183.47,TOUCHED,0.81,above,184.95,183.47,183.31,183.47,183.16,0.171,32.1,0.019,0,2026-08-21,2026-08-24,False,False,5.0,2026-08-24T14:01:17+05:30
TMCV,473.22,TOUCHED,-0.36,below,471.5,473.22,473.9,474.57,473.22,0.285,32.1,0.024,0,2026-08-21,2026-08-24,False,False,5.0,2026-08-24T14:01:17+05:30
BOSCHLTD,48249.17,TOUCHED,-0.52,below,48000.0,48249.17,48298.33,48347.5,48249.17,0.204,32.3,0.029,0,2026-08-21,2026-08-24,False,False,5.0,2026-08-24T14:01:17+05:30
GILLETTE,7446.44,TOUCHED,-0.03,below,7444.0,7446.44,7454.37,7462.31,7446.44,0.213,32.3,0.026,0,2026-08-21,2026-08-24,False,False,5.0,2026-08-24T14:01:17+05:30
M&MFIN,382.11,TOUCHED,-1.0,below,378.3,382.11,382.62,383.12,382.11,0.266,32.3,0.037,0,2026-08-21,2026-08-24,False,False,5.0,2026-08-24T14:01:17+05:30
NEWGEN,525.27,TOUCHED,1.19,above,531.55,525.27,524.42,525.27,523.56,0.327,32.6,0.034,0,2026-08-21,2026-08-24,False,False,5.0,2026-08-24T14:01:17+05:30
CESC,155.47,TOUCHED,-0.04,inside,155.4,155.47,155.47,155.65,155.28,0.242,32.9,0.037,0,2026-08-21,2026-08-24,False,False,5.0,2026-08-24T14:01:17+05:30
TATACAP,364.69,TOUCHED,0.08,above,365.0,364.69,364.33,364.69,363.98,0.197,33.3,0.016,0,2026-08-21,2026-08-24,False,False,5.0,2026-08-24T14:01:17+05:30
CHOICEIN,809.52,TOUCHED,-1.23,below,799.55,809.52,810.45,811.38,809.52,0.228,33.4,0.023,0,2026-08-21,2026-08-24,False,False,5.0,2026-08-24T14:01:17+05:30
POWERINDIA,34000.0,TOUCHED,-0.25,below,33915.0,34000.0,34063.33,34126.67,34000.0,0.372,33.4,0.055,0,2026-08-21,2026-08-24,False,False,5.0,2026-08-24T14:01:17+05:30
TECHM,1585.75,TOUCHED,-0.07,below,1584.6,1585.75,1587.5,1589.25,1585.75,0.22,33.4,0.034,0,2026-08-21,2026-08-24,False,False,5.0,2026-08-24T14:01:17+05:30
HINDPETRO,364.62,TOUCHED,1.67,above,370.7,364.62,364.17,364.62,363.71,0.252,33.7,0.034,0,2026-08-21,2026-08-24,False,False,5.0,2026-08-24T14:01:17+05:30
CASTROLIND,187.9,TOUCHED,-0.33,below,187.27,187.9,188.03,188.15,187.9,0.137,34.2,0.014,0,2026-08-21,2026-08-24,False,False,5.0,2026-08-24T14:01:17+05:30
SHREECEM,24212.5,TOUCHED,-0.55,below,24080.0,24212.5,24235.0,24257.5,24212.5,0.186,34.2,0.013,0,2026-08-21,2026-08-24,False,False,5.0,2026-08-24T14:01:17+05:30
CENTRALBK,31.25,TOUCHED,0.22,above,31.32,31.25,31.21,31.25,31.18,0.246,34.5,0.034,0,2026-08-21,2026-08-24,False,False,5.0,2026-08-24T14:01:17+05:30
HUDCO,186.93,TOUCHED,0.25,above,187.4,186.93,186.65,186.93,186.37,0.302,34.5,0.035,0,2026-08-21,2026-08-24,False,False,5.0,2026-08-24T14:01:17+05:30
AARTIIND,526.48,TOUCHED,3.25,above,543.6,526.48,525.77,526.48,525.05,0.273,35.1,0.033,0,2026-08-21,2026-08-24,False,False,5.0,2026-08-24T14:01:17+05:30
ACC,1308.55,TOUCHED,-0.42,below,1303.0,1308.55,1309.7,1310.85,1308.55,0.176,35.3,0.035,0,2026-08-21,2026-08-24,False,False,5.0,2026-08-24T14:01:17+05:30
JUBLINGREA,715.0,TOUCHED,-1.9,below,701.4,715.0,716.12,717.23,715.0,0.312,35.3,0.034,0,2026-08-21,2026-08-24,False,False,5.0,2026-08-24T14:01:17+05:30
PATANJALI,348.62,TOUCHED,-0.0,inside,348.6,348.62,348.62,348.93,348.31,0.177,35.6,0.019,0,2026-08-21,2026-08-24,False,False,5.0,2026-08-24T14:01:17+05:30
TATAPOWER,374.67,TOUCHED,-0.58,below,372.5,374.67,375.03,375.4,374.67,0.196,35.6,0.023,0,2026-08-21,2026-08-24,False,False,5.0,2026-08-24T14:01:17+05:30
ABLBL,86.26,TOUCHED,-0.71,below,85.65,86.26,86.41,86.55,86.26,0.332,36.0,0.055,0,2026-08-21,2026-08-24,False,False,5.0,2026-08-24T14:01:17+05:30
TRAVELFOOD,1313.1,TOUCHED,0.43,above,1318.8,1313.1,1311.13,1313.1,1309.17,0.3,36.0,0.032,0,2026-08-21,2026-08-24,False,False,5.0,2026-08-24T14:01:17+05:30
GROWW,197.45,TOUCHED,-0.65,below,196.17,197.45,197.88,198.32,197.45,0.441,36.2,0.032,0,2026-08-21,2026-08-24,False,False,5.0,2026-08-24T14:01:17+05:30
UNOMINDA,1259.5,TOUCHED,-0.8,below,1249.4,1259.5,1261.33,1263.17,1259.5,0.291,36.2,0.049,0,2026-08-21,2026-08-24,False,False,5.0,2026-08-24T14:01:17+05:30
DATAPATTNS,4841.62,TOUCHED,-2.72,below,4710.0,4841.62,4853.33,4865.05,4841.62,0.483,36.4,0.075,0,2026-08-21,2026-08-24,False,False,5.0,2026-08-24T14:01:17+05:30
RECLTD,327.06,TOUCHED,-0.61,below,325.05,327.06,327.47,327.88,327.06,0.249,36.7,0.016,0,2026-08-21,2026-08-24,False,False,5.0,2026-08-24T14:01:17+05:30
SWIGGY,281.94,TOUCHED,0.48,above,283.3,281.94,281.38,281.94,280.82,0.397,36.7,0.045,0,2026-08-21,2026-08-24,False,False,5.0,2026-08-24T14:01:17+05:30
BELRISE,232.17,TOUCHED,-1.26,below,229.24,232.17,232.57,232.97,232.17,0.344,37.0,0.036,0,2026-08-21,2026-08-24,False,False,5.0,2026-08-24T14:01:17+05:30
EMCURE,1866.0,TOUCHED,-0.32,below,1860.0,1866.0,1869.0,1872.0,1866.0,0.321,37.0,0.027,0,2026-08-21,2026-08-24,False,False,5.0,2026-08-24T14:01:17+05:30
JSWDULUX,3114.98,TOUCHED,0.48,above,3130.0,3114.98,3111.17,3114.98,3107.35,0.245,37.5,0.022,0,2026-08-21,2026-08-24,False,False,5.0,2026-08-24T14:01:17+05:30
LT,4084.8,TOUCHED,0.0,inside,4085.0,4084.8,4084.8,4088.9,4080.7,0.201,37.5,0.024,0,2026-08-21,2026-08-24,False,False,5.0,2026-08-24T14:01:17+05:30
ATHERENERG,1452.3,TOUCHED,-0.06,below,1451.4,1452.3,1455.53,1458.77,1452.3,0.444,37.6,0.063,0,2026-08-21,2026-08-24,False,False,5.0,2026-08-24T14:01:17+05:30
EXIDEIND,460.22,TOUCHED,-1.27,below,454.35,460.22,460.83,461.45,460.22,0.268,37.8,0.027,0,2026-08-21,2026-08-24,False,False,5.0,2026-08-24T14:01:17+05:30
MAHABANK,80.61,TOUCHED,0.12,above,80.71,80.61,80.49,80.61,80.38,0.29,37.8,0.042,0,2026-08-21,2026-08-24,False,False,5.0,2026-08-24T14:01:17+05:30
DIXON,14772.0,TOUCHED,-1.62,below,14533.0,14772.0,14798.0,14824.0,14772.0,0.351,38.1,0.056,0,2026-08-21,2026-08-24,False,False,5.0,2026-08-24T14:01:17+05:30
GRANULES,856.83,TOUCHED,0.36,above,859.95,856.83,855.52,856.83,854.2,0.308,38.1,0.037,0,2026-08-21,2026-08-24,False,False,5.0,2026-08-24T14:01:17+05:30
JSWINFRA,335.25,TOUCHED,1.66,above,340.8,335.25,334.8,335.25,334.35,0.269,38.1,0.029,0,2026-08-21,2026-08-24,False,False,5.0,2026-08-24T14:01:17+05:30
AIIL,551.1,TOUCHED,0.79,above,555.45,551.1,549.95,551.1,548.8,0.418,38.4,0.055,0,2026-08-21,2026-08-24,False,False,5.0,2026-08-24T14:01:17+05:30
GMDCLTD,572.87,TOUCHED,-0.24,inside,571.5,572.87,572.87,574.3,571.43,0.5,38.4,0.068,0,2026-08-21,2026-08-24,False,False,5.0,2026-08-24T14:01:17+05:30
IFCI,81.44,TOUCHED,1.12,above,82.35,81.44,81.26,81.44,81.09,0.435,38.4,0.1,0,2026-08-21,2026-08-24,False,False,5.0,2026-08-24T14:01:17+05:30
DABUR,399.2,TOUCHED,-0.51,below,397.15,399.2,399.63,400.07,399.2,0.217,38.6,0.033,0,2026-08-21,2026-08-24,False,False,5.0,2026-08-24T14:01:17+05:30
NAM-INDIA,1248.73,TOUCHED,0.62,above,1256.5,1248.73,1246.47,1248.73,1244.2,0.364,38.6,0.032,0,2026-08-21,2026-08-24,False,False,5.0,2026-08-24T14:01:17+05:30
NAUKRI,1352.23,TOUCHED,-0.9,below,1340.0,1352.23,1354.37,1356.5,1352.23,0.315,38.6,0.023,0,2026-08-21,2026-08-24,False,False,5.0,2026-08-24T14:01:17+05:30
DCMSHRIRAM,1083.83,TOUCHED,-0.33,below,1080.3,1083.83,1085.57,1087.3,1083.83,0.319,39.2,0.024,0,2026-08-21,2026-08-24,False,False,5.0,2026-08-24T14:01:17+05:30
WELSPUNLIV,188.82,TOUCHED,0.99,above,190.69,188.82,188.42,188.82,188.01,0.426,39.2,0.044,0,2026-08-21,2026-08-24,False,False,5.0,2026-08-24T14:01:17+05:30
LATENTVIEW,279.57,TOUCHED,0.15,above,280.0,279.57,279.08,279.57,278.59,0.352,39.7,0.035,0,2026-08-21,2026-08-24,False,False,5.0,2026-08-24T14:01:17+05:30
PVRINOX,1223.0,TOUCHED,0.13,above,1224.6,1223.0,1220.93,1223.0,1218.87,0.339,39.7,0.029,0,2026-08-21,2026-08-24,False,False,5.0,2026-08-24T14:01:17+05:30
CIEINDIA,401.62,TOUCHED,-0.55,below,399.4,401.62,402.18,402.75,401.62,0.282,40.0,0.029,0,2026-08-21,2026-08-24,False,False,5.0,2026-08-24T14:01:17+05:30
SOBHA,1296.78,TOUCHED,-0.45,below,1290.9,1296.78,1298.97,1301.15,1296.78,0.336,40.0,0.029,0,2026-08-21,2026-08-24,False,False,5.0,2026-08-24T14:01:17+05:30
ANGELONE,288.45,TOUCHED,-0.68,below,286.5,288.45,289.1,289.75,288.45,0.45,40.3,0.029,0,2026-08-21,2026-08-24,False,False,5.0,2026-08-24T14:01:17+05:30
MAXHEALTH,995.05,TOUCHED,-0.43,below,990.8,995.05,996.7,998.35,995.05,0.331,40.5,0.037,0,2026-08-21,2026-08-24,False,False,5.0,2026-08-24T14:01:17+05:30
OLECTRA,1320.7,TOUCHED,-0.46,below,1314.6,1320.7,1323.0,1325.3,1320.7,0.348,40.5,0.033,0,2026-08-21,2026-08-24,False,False,5.0,2026-08-24T14:01:17+05:30
TATACONSUM,1053.35,TOUCHED,0.11,above,1054.5,1053.35,1051.9,1053.35,1050.45,0.276,40.5,0.027,0,2026-08-21,2026-08-24,False,False,5.0,2026-08-24T14:01:17+05:30
RELIANCE,1312.0,TOUCHED,-0.66,below,1303.4,1312.0,1313.33,1314.67,1312.0,0.203,40.8,0.024,0,2026-08-21,2026-08-24,False,False,5.0,2026-08-24T14:01:17+05:30
SCI,291.15,TOUCHED,-1.08,below,288.0,291.15,291.75,292.35,291.15,0.411,40.8,0.045,0,2026-08-21,2026-08-24,False,False,5.0,2026-08-24T14:01:17+05:30
SCHAEFFLER,4023.68,TOUCHED,-0.39,below,4008.1,4023.68,4029.47,4035.25,4023.68,0.287,41.1,0.035,0,2026-08-21,2026-08-24,False,False,5.0,2026-08-24T14:01:17+05:30
ADANIPORTS,1693.45,TOUCHED,-0.98,below,1676.8,1693.45,1695.63,1697.82,1693.45,0.258,41.4,0.02,0,2026-08-21,2026-08-24,False,False,5.0,2026-08-24T14:01:17+05:30
PGEL,602.05,TOUCHED,-0.69,below,597.9,602.05,603.55,605.05,602.05,0.497,41.4,0.054,0,2026-08-21,2026-08-24,False,False,5.0,2026-08-24T14:01:17+05:30
AIAENG,4356.02,TOUCHED,-1.73,below,4280.5,4356.02,4363.13,4370.25,4356.02,0.326,42.5,0.041,0,2026-08-21,2026-08-24,False,False,5.0,2026-08-24T14:01:17+05:30
PREMIERENE,1055.02,TOUCHED,-2.56,below,1028.0,1055.02,1057.03,1059.05,1055.02,0.382,42.7,0.031,0,2026-08-21,2026-08-24,False,False,5.0,2026-08-24T14:01:17+05:30
CHOLAFIN,1866.12,TOUCHED,-1.57,below,1836.8,1866.12,1869.33,1872.55,1866.12,0.344,43.0,0.041,0,2026-08-21,2026-08-24,False,False,5.0,2026-08-24T14:01:17+05:30
APTUS,256.2,TOUCHED,-0.94,below,253.8,256.2,256.72,257.23,256.2,0.403,43.6,0.026,0,2026-08-21,2026-08-24,False,False,5.0,2026-08-24T14:01:17+05:30
BALKRISIND,2357.3,TOUCHED,-0.05,inside,2356.1,2357.3,2357.3,2360.55,2354.05,0.276,43.6,0.027,0,2026-08-21,2026-08-24,False,False,5.0,2026-08-24T14:01:17+05:30
CAPLIPOINT,2547.3,TOUCHED,-1.86,below,2500.0,2547.3,2551.8,2556.3,2547.3,0.353,43.6,0.032,0,2026-08-21,2026-08-24,False,False,5.0,2026-08-24T14:01:17+05:30
BIOCON,413.5,TOUCHED,-0.71,below,410.55,413.5,414.18,414.87,413.5,0.33,43.8,0.03,0,2026-08-21,2026-08-24,False,False,5.0,2026-08-24T14:01:17+05:30
MRPL,175.46,TOUCHED,-0.44,below,174.69,175.46,175.91,176.36,175.46,0.51,43.8,0.056,0,2026-08-21,2026-08-24,False,False,5.0,2026-08-24T14:01:17+05:30
RKFORGE,738.5,TOUCHED,-1.04,below,730.85,738.5,739.95,741.4,738.5,0.392,43.8,0.044,0,2026-08-21,2026-08-24,False,False,5.0,2026-08-24T14:01:17+05:30
SUZLON,46.8,TOUCHED,-0.16,below,46.72,46.8,46.88,46.97,46.8,0.37,43.8,0.033,0,2026-08-21,2026-08-24,False,False,5.0,2026-08-24T14:01:17+05:30
BLS,271.85,TOUCHED,-11.9,below,239.5,271.85,272.4,272.96,271.85,0.409,44.1,0.032,0,2026-08-21,2026-08-24,False,False,5.0,2026-08-24T14:01:17+05:30
CUB,217.77,TOUCHED,-2.72,below,211.84,217.77,218.25,218.72,217.77,0.434,44.1,0.034,0,2026-08-21,2026-08-24,False,False,5.0,2026-08-24T14:01:17+05:30
EMAMILTD,404.55,TOUCHED,0.14,above,405.1,404.55,403.9,404.55,403.25,0.322,44.1,0.022,0,2026-08-21,2026-08-24,False,False,5.0,2026-08-24T14:01:17+05:30
INTELLECT,689.65,TOUCHED,0.34,above,692.0,689.65,688.05,689.65,686.45,0.465,44.1,0.042,0,2026-08-21,2026-08-24,False,False,5.0,2026-08-24T14:01:17+05:30
ABFRL,54.46,TOUCHED,-0.62,below,54.12,54.46,54.56,54.67,54.46,0.391,44.4,0.025,0,2026-08-21,2026-08-24,False,False,5.0,2026-08-24T14:01:17+05:30
BHARTIHEXA,1599.5,TOUCHED,0.36,above,1605.2,1599.5,1596.73,1599.5,1593.97,0.347,44.4,0.038,0,2026-08-21,2026-08-24,False,False,5.0,2026-08-24T14:01:17+05:30
EIHOTEL,301.32,TOUCHED,-0.02,below,301.25,301.32,301.8,302.27,301.32,0.315,44.4,0.03,0,2026-08-21,2026-08-24,False,False,5.0,2026-08-24T14:01:17+05:30
IOB,33.16,TOUCHED,0.05,above,33.18,33.16,33.11,33.16,33.06,0.312,44.4,0.034,0,2026-08-21,2026-08-24,False,False,5.0,2026-08-24T14:01:17+05:30
KALYANKJIL,602.27,TOUCHED,0.8,above,607.1,602.27,600.98,602.27,599.7,0.427,44.7,0.039,0,2026-08-21,2026-08-24,False,False,5.0,2026-08-24T14:01:17+05:30
PRESTIGE,1624.1,TOUCHED,-0.04,inside,1623.4,1624.1,1624.1,1627.55,1620.65,0.425,44.7,0.056,0,2026-08-21,2026-08-24,False,False,5.0,2026-08-24T14:01:17+05:30
AAVAS,1357.8,TOUCHED,-1.63,below,1335.7,1357.8,1360.3,1362.8,1357.8,0.368,45.2,0.027,0,2026-08-21,2026-08-24,False,False,5.0,2026-08-24T14:01:17+05:30
CLEAN,830.3,TOUCHED,0.66,above,835.75,830.3,828.7,830.3,827.1,0.386,45.5,0.026,0,2026-08-21,2026-08-24,False,False,5.0,2026-08-24T14:01:17+05:30
ICICIGI,1621.77,TOUCHED,0.14,inside,1624.0,1621.77,1621.77,1624.15,1619.38,0.294,45.5,0.022,0,2026-08-21,2026-08-24,False,False,5.0,2026-08-24T14:01:17+05:30
SUNTV,472.92,TOUCHED,-0.72,below,469.5,472.92,473.78,474.65,472.92,0.366,45.8,0.024,0,2026-08-21,2026-08-24,False,False,5.0,2026-08-24T14:01:17+05:30
BEL,412.3,TOUCHED,-1.21,below,407.3,412.3,412.87,413.43,412.3,0.275,46.0,0.024,0,2026-08-21,2026-08-24,False,False,5.0,2026-08-24T14:01:17+05:30
GLAND,2824.52,TOUCHED,-0.94,below,2798.0,2824.52,2829.73,2834.95,2824.52,0.369,46.0,0.04,0,2026-08-21,2026-08-24,False,False,5.0,2026-08-24T14:01:17+05:30
IGIL,337.34,TOUCHED,0.67,above,339.6,337.34,336.63,337.34,335.92,0.423,46.0,0.029,0,2026-08-21,2026-08-24,False,False,5.0,2026-08-24T14:01:17+05:30
RBLBANK,390.23,TOUCHED,-0.71,below,387.45,390.23,390.98,391.74,390.23,0.388,46.0,0.032,0,2026-08-21,2026-08-24,False,False,5.0,2026-08-24T14:01:17+05:30
ICICIAMC,3248.6,TOUCHED,-0.0,below,3248.5,3248.6,3255.63,3262.67,3248.6,0.432,46.2,0.033,0,2026-08-21,2026-08-24,False,False,5.0,2026-08-24T14:01:17+05:30
PETRONET,292.54,TOUCHED,0.45,above,293.85,292.54,292.08,292.54,291.62,0.314,46.3,0.025,0,2026-08-21,2026-08-24,False,False,5.0,2026-08-24T14:01:17+05:30
STARHEALTH,576.43,TOUCHED,-0.16,inside,575.5,576.43,576.43,577.47,575.4,0.359,46.3,0.024,0,2026-08-21,2026-08-24,False,False,5.0,2026-08-24T14:01:17+05:30
JWL,248.08,TOUCHED,-0.07,inside,247.9,248.08,248.08,248.62,247.54,0.437,46.8,0.042,0,2026-08-21,2026-08-24,False,False,5.0,2026-08-24T14:01:17+05:30
VOLTAS,1232.72,TOUCHED,0.43,above,1238.0,1232.72,1230.43,1232.72,1228.15,0.371,46.8,0.038,0,2026-08-21,2026-08-24,False,False,5.0,2026-08-24T14:01:17+05:30
ABCAPITAL,412.12,TOUCHED,0.03,above,412.25,412.12,411.23,412.12,410.35,0.43,47.4,0.038,0,2026-08-21,2026-08-24,False,False,5.0,2026-08-24T14:01:17+05:30
ERIS,1323.0,TOUCHED,-0.08,inside,1322.0,1323.0,1323.0,1325.6,1320.4,0.393,47.4,0.03,0,2026-08-21,2026-08-24,False,False,5.0,2026-08-24T14:01:17+05:30
ICICIBANK,1415.6,TOUCHED,-0.13,below,1413.7,1415.6,1417.07,1418.53,1415.6,0.207,47.4,0.023,0,2026-08-21,2026-08-24,False,False,5.0,2026-08-24T14:01:17+05:30
NTPCGREEN,91.59,TOUCHED,-0.04,below,91.55,91.59,91.74,91.9,91.59,0.338,47.7,0.015,0,2026-08-21,2026-08-24,False,False,5.0,2026-08-24T14:01:17+05:30
KAYNES,3867.1,TOUCHED,0.01,inside,3867.4,3867.1,3867.1,3878.55,3855.65,0.592,47.9,0.046,0,2026-08-21,2026-08-24,False,False,5.0,2026-08-24T14:01:17+05:30
MAZDOCK,2557.67,TOUCHED,-0.75,below,2538.4,2557.67,2563.33,2569.0,2557.67,0.442,47.9,0.042,0,2026-08-21,2026-08-24,False,False,5.0,2026-08-24T14:01:17+05:30
TECHNOE,994.8,TOUCHED,0.54,above,1000.2,994.8,992.35,994.8,989.9,0.494,47.9,0.05,0,2026-08-21,2026-08-24,False,False,5.0,2026-08-24T14:01:17+05:30
BEML,1940.25,TOUCHED,-1.22,below,1916.5,1940.25,1945.1,1949.95,1940.25,0.499,48.2,0.025,0,2026-08-21,2026-08-24,False,False,5.0,2026-08-24T14:01:17+05:30
CHALET,860.18,TOUCHED,1.35,above,871.8,860.18,858.4,860.18,856.62,0.414,48.2,0.024,0,2026-08-21,2026-08-24,False,False,5.0,2026-08-24T14:01:17+05:30
INFY,1125.75,TOUCHED,0.3,above,1129.1,1125.75,1124.17,1125.75,1122.58,0.282,48.2,0.029,0,2026-08-21,2026-08-24,False,False,5.0,2026-08-24T14:01:17+05:30
DRREDDY,1179.55,TOUCHED,0.4,above,1184.3,1179.55,1177.93,1179.55,1176.32,0.274,48.5,0.017,0,2026-08-21,2026-08-24,False,False,5.0,2026-08-24T14:01:17+05:30
ABBOTINDIA,26110.0,TOUCHED,-0.23,below,26050.0,26110.0,26150.0,26190.0,26110.0,0.306,49.0,0.034,0,2026-08-21,2026-08-24,False,False,5.0,2026-08-24T14:01:17+05:30
ASIANPAINT,2633.17,TOUCHED,-0.01,inside,2633.0,2633.17,2633.17,2636.58,2629.75,0.26,49.0,0.021,0,2026-08-21,2026-08-24,False,False,5.0,2026-08-24T14:01:17+05:30
CANBK,129.23,TOUCHED,-1.52,below,127.26,129.23,129.47,129.72,129.23,0.376,49.0,0.023,0,2026-08-21,2026-08-24,False,False,5.0,2026-08-24T14:01:17+05:30
JPPOWER,17.14,TOUCHED,-0.36,below,17.08,17.14,17.18,17.22,17.14,0.485,49.0,0.037,0,2026-08-21,2026-08-24,False,False,5.0,2026-08-24T14:01:17+05:30
NHPC,76.28,TOUCHED,-0.12,below,76.18,76.28,76.4,76.52,76.28,0.327,49.3,0.035,0,2026-08-21,2026-08-24,False,False,5.0,2026-08-24T14:01:17+05:30
SHYAMMETL,989.95,TOUCHED,0.09,above,990.8,989.95,988.27,989.95,986.58,0.341,49.6,0.015,0,2026-08-21,2026-08-24,False,False,5.0,2026-08-24T14:01:17+05:30
FORTIS,910.42,TOUCHED,0.06,inside,910.95,910.42,910.42,912.08,908.76,0.364,49.9,0.031,0,2026-08-21,2026-08-24,False,False,5.0,2026-08-24T14:01:17+05:30
INOXWIND,73.78,TOUCHED,-0.53,below,73.39,73.78,73.96,74.13,73.78,0.482,49.9,0.041,0,2026-08-21,2026-08-24,False,False,5.0,2026-08-24T14:01:17+05:30
ITC,269.7,TOUCHED,-0.41,below,268.6,269.7,270.0,270.3,269.7,0.222,49.9,0.021,0,2026-08-21,2026-08-24,False,False,5.0,2026-08-24T14:01:17+05:30
CONCOR,517.58,TOUCHED,0.03,above,517.75,517.58,516.73,517.58,515.89,0.326,50.1,0.034,0,2026-08-21,2026-08-24,False,False,5.0,2026-08-24T14:01:17+05:30
VTL,598.67,TOUCHED,-0.08,below,598.2,598.67,600.08,601.49,598.67,0.469,51.0,0.031,0,2026-08-21,2026-08-24,False,False,5.0,2026-08-24T14:01:17+05:30
LAURUSLABS,1805.78,TOUCHED,-0.22,below,1801.8,1805.78,1809.57,1813.35,1805.78,0.418,51.2,0.018,0,2026-08-21,2026-08-24,False,False,5.0,2026-08-24T14:01:17+05:30
GRSE,2609.8,TOUCHED,-0.45,below,2598.0,2609.8,2618.1,2626.4,2609.8,0.634,51.5,0.074,0,2026-08-21,2026-08-24,False,False,5.0,2026-08-24T14:01:17+05:30
RAMCOCEM,900.78,TOUCHED,-0.03,below,900.55,900.78,902.52,904.25,900.78,0.384,51.5,0.045,0,2026-08-21,2026-08-24,False,False,5.0,2026-08-24T14:01:17+05:30
COROMANDEL,2000.87,TOUCHED,-3.14,below,1938.0,2000.87,2005.63,2010.4,2000.87,0.475,51.8,0.035,0,2026-08-21,2026-08-24,False,False,5.0,2026-08-24T14:01:17+05:30
INDUSTOWER,375.05,TOUCHED,0.27,above,376.05,375.05,374.35,375.05,373.65,0.374,51.8,0.022,0,2026-08-21,2026-08-24,False,False,5.0,2026-08-24T14:01:17+05:30
MRF,133307.5,TOUCHED,0.88,above,134485.0,133307.5,133093.33,133307.5,132879.17,0.322,51.8,0.035,0,2026-08-21,2026-08-24,False,False,5.0,2026-08-24T14:01:17+05:30
PNBHOUSING,1172.7,TOUCHED,-0.78,below,1163.6,1172.7,1175.1,1177.5,1172.7,0.408,51.8,0.027,0,2026-08-21,2026-08-24,False,False,5.0,2026-08-24T14:01:17+05:30
HYUNDAI,2223.0,TOUCHED,-0.46,below,2212.8,2223.0,2227.2,2231.4,2223.0,0.377,52.1,0.026,0,2026-08-21,2026-08-24,False,False,5.0,2026-08-24T14:01:17+05:30
SAILIFE,1460.5,TOUCHED,-1.72,below,1435.4,1460.5,1463.6,1466.7,1460.5,0.424,52.1,0.04,0,2026-08-21,2026-08-24,False,False,5.0,2026-08-24T14:01:17+05:30
DIVISLAB,8557.75,TOUCHED,-0.55,below,8510.5,8557.75,8570.83,8583.92,8557.75,0.305,52.3,0.021,0,2026-08-21,2026-08-24,False,False,5.0,2026-08-24T14:01:17+05:30
KFINTECH,972.73,TOUCHED,-0.44,below,968.4,972.73,975.15,977.58,972.73,0.497,52.6,0.018,0,2026-08-21,2026-08-24,False,False,5.0,2026-08-24T14:01:17+05:30
JAINREC,296.93,TOUCHED,-0.58,below,295.2,296.93,298.0,299.07,296.93,0.721,52.9,0.062,0,2026-08-21,2026-08-24,False,False,5.0,2026-08-24T14:01:17+05:30
EICHERMOT,8034.17,TOUCHED,-0.13,inside,8024.0,8034.17,8034.17,8046.25,8022.08,0.301,53.7,0.023,0,2026-08-21,2026-08-24,False,False,5.0,2026-08-24T14:01:17+05:30
SONACOMS,812.12,TOUCHED,-0.34,below,809.4,812.12,813.95,815.77,812.12,0.448,53.7,0.031,0,2026-08-21,2026-08-24,False,False,5.0,2026-08-24T14:01:17+05:30
NLCINDIA,271.9,TOUCHED,1.14,above,275.0,271.9,271.2,271.9,270.5,0.516,54.0,0.048,0,2026-08-21,2026-08-24,False,False,5.0,2026-08-24T14:01:17+05:30
M&M,3419.15,TOUCHED,-0.33,below,3407.8,3419.15,3426.1,3433.05,3419.15,0.406,54.5,0.026,0,2026-08-21,2026-08-24,False,False,5.0,2026-08-24T14:01:17+05:30
CHAMBLFERT,432.03,TOUCHED,-0.17,below,431.3,432.03,432.92,433.8,432.03,0.408,54.8,0.03,0,2026-08-21,2026-08-24,False,False,5.0,2026-08-24T14:01:17+05:30
MFSL,1575.65,TOUCHED,-0.11,below,1573.9,1575.65,1578.77,1581.88,1575.65,0.395,54.8,0.019,0,2026-08-21,2026-08-24,False,False,5.0,2026-08-24T14:01:17+05:30
PCBL,319.8,TOUCHED,0.33,above,320.85,319.8,319.05,319.8,318.3,0.47,54.8,0.057,0,2026-08-21,2026-08-24,False,False,5.0,2026-08-24T14:01:17+05:30
TMPV,318.48,TOUCHED,-1.41,below,314.0,318.48,319.07,319.65,318.48,0.366,54.8,0.02,0,2026-08-21,2026-08-24,False,False,5.0,2026-08-24T14:01:17+05:30
LGEINDIA,1632.5,TOUCHED,2.11,above,1667.0,1632.5,1629.43,1632.5,1626.37,0.376,54.9,0.011,0,2026-08-21,2026-08-24,False,False,5.0,2026-08-24T14:01:17+05:30
AUROPHARMA,1618.2,TOUCHED,0.42,above,1625.0,1618.2,1615.1,1618.2,1612.0,0.384,55.1,0.038,0,2026-08-21,2026-08-24,False,False,5.0,2026-08-24T14:01:17+05:30
HINDUNILVR,2017.78,TOUCHED,-0.07,below,2016.3,2017.78,2020.57,2023.35,2017.78,0.275,55.1,0.015,0,2026-08-21,2026-08-24,False,False,5.0,2026-08-24T14:01:17+05:30
MEESHO,206.35,TOUCHED,-0.65,below,205.01,206.35,207.0,207.66,206.35,0.634,55.1,0.029,0,2026-08-21,2026-08-24,False,False,5.0,2026-08-24T14:01:17+05:30
TATAELXSI,3692.87,TOUCHED,-0.16,inside,3687.0,3692.87,3692.87,3700.43,3685.3,0.41,55.1,0.034,0,2026-08-21,2026-08-24,False,False,5.0,2026-08-24T14:01:17+05:30
CGPOWER,870.98,TOUCHED,-0.16,inside,869.6,870.98,870.98,872.98,868.99,0.457,55.3,0.035,0,2026-08-21,2026-08-24,False,False,5.0,2026-08-24T14:01:17+05:30
TENNIND,571.05,TOUCHED,-2.05,below,559.35,571.05,572.75,574.45,571.05,0.594,55.5,0.018,0,2026-08-21,2026-08-24,False,False,5.0,2026-08-24T14:01:17+05:30
ADANIPOWER,204.17,TOUCHED,-0.59,below,202.96,204.17,204.61,205.06,204.17,0.435,55.6,0.05,0,2026-08-21,2026-08-24,False,False,5.0,2026-08-24T14:01:17+05:30
TVSMOTOR,4372.53,TOUCHED,0.1,inside,4376.9,4372.53,4372.53,4381.27,4363.8,0.399,55.6,0.019,0,2026-08-21,2026-08-24,False,False,5.0,2026-08-24T14:01:17+05:30
HDFCBANK,727.87,TOUCHED,-0.28,below,725.85,727.87,728.78,729.7,727.87,0.252,55.9,0.019,0,2026-08-21,2026-08-24,False,False,5.0,2026-08-24T14:01:17+05:30
TATACHEM,628.03,TOUCHED,-0.36,below,625.8,628.03,629.32,630.6,628.03,0.408,56.2,0.02,0,2026-08-21,2026-08-24,False,False,5.0,2026-08-24T14:01:17+05:30
TRIDENT,24.44,TOUCHED,-0.03,below,24.43,24.44,24.48,24.53,24.44,0.381,56.2,0.028,0,2026-08-21,2026-08-24,False,False,5.0,2026-08-24T14:01:17+05:30
SIGNATURE,797.15,TOUCHED,-0.48,below,793.35,797.15,799.0,800.85,797.15,0.463,56.4,0.028,0,2026-08-21,2026-08-24,False,False,5.0,2026-08-24T14:01:17+05:30
CIPLA,1428.13,TOUCHED,0.0,inside,1428.2,1428.13,1428.13,1430.17,1426.1,0.285,56.7,0.023,0,2026-08-21,2026-08-24,False,False,5.0,2026-08-24T14:01:17+05:30
NATCOPHARM,887.13,TOUCHED,-0.24,inside,885.0,887.13,887.13,889.5,884.77,0.534,56.7,0.019,0,2026-08-21,2026-08-24,False,False,5.0,2026-08-24T14:01:17+05:30
TATACOMM,1666.8,TOUCHED,1.37,above,1689.6,1666.8,1663.0,1666.8,1659.2,0.457,57.0,0.022,0,2026-08-21,2026-08-24,False,False,5.0,2026-08-24T14:01:17+05:30
IRCON,125.05,TOUCHED,-1.44,below,123.25,125.05,125.39,125.72,125.05,0.532,57.3,0.042,0,2026-08-21,2026-08-24,False,False,5.0,2026-08-24T14:01:17+05:30
WAAREEENER,2685.43,TOUCHED,-0.85,below,2662.7,2685.43,2692.67,2699.9,2685.43,0.537,57.5,0.043,0,2026-08-21,2026-08-24,False,False,5.0,2026-08-24T14:01:17+05:30
SARDAEN,512.13,TOUCHED,-1.26,below,505.7,512.13,513.67,515.2,512.13,0.597,58.1,0.028,0,2026-08-21,2026-08-24,False,False,5.0,2026-08-24T14:01:17+05:30
CGCL,223.44,TOUCHED,0.81,above,225.25,223.44,222.85,223.44,222.26,0.528,58.4,0.049,0,2026-08-21,2026-08-24,False,False,5.0,2026-08-24T14:01:17+05:30
DMART,3920.8,TOUCHED,-0.03,inside,3919.7,3920.8,3920.8,3928.2,3913.4,0.377,58.4,0.028,0,2026-08-21,2026-08-24,False,False,5.0,2026-08-24T14:01:17+05:30
PAYTM,1618.2,TOUCHED,-0.19,below,1615.2,1618.2,1622.8,1627.4,1618.2,0.567,58.4,0.056,0,2026-08-21,2026-08-24,False,False,5.0,2026-08-24T14:01:17+05:30
INDGN,565.2,TOUCHED,-0.13,inside,564.45,565.2,565.2,566.5,563.9,0.46,58.6,0.023,0,2026-08-21,2026-08-24,False,False,5.0,2026-08-24T14:01:17+05:30
DALBHARAT,1884.07,TOUCHED,-0.85,below,1868.0,1884.07,1888.13,1892.2,1884.07,0.431,58.9,0.025,0,2026-08-21,2026-08-24,False,False,5.0,2026-08-24T14:01:17+05:30
TRENT,2931.1,TOUCHED,-1.08,below,2899.5,2931.1,2938.2,2945.3,2931.1,0.483,58.9,0.045,0,2026-08-21,2026-08-24,False,False,5.0,2026-08-24T14:01:17+05:30
BBTC,1430.47,TOUCHED,-0.66,below,1421.0,1430.47,1433.53,1436.6,1430.47,0.428,59.2,0.029,0,2026-08-21,2026-08-24,False,False,5.0,2026-08-24T14:01:17+05:30
GALLANTT,586.43,TOUCHED,-0.72,below,582.2,586.43,588.47,590.5,586.43,0.691,59.5,0.062,0,2026-08-21,2026-08-24,False,False,5.0,2026-08-24T14:01:17+05:30
INDIAMART,1745.98,TOUCHED,-0.06,below,1745.0,1745.98,1749.77,1753.55,1745.98,0.432,59.7,0.025,0,2026-08-21,2026-08-24,False,False,5.0,2026-08-24T14:01:17+05:30
POONAWALLA,491.42,TOUCHED,-3.34,below,475.0,491.42,492.78,494.15,491.42,0.555,59.7,0.033,0,2026-08-21,2026-08-24,False,False,5.0,2026-08-24T14:01:17+05:30
GRAPHITE,717.47,TOUCHED,0.18,above,718.75,717.47,715.23,717.47,712.99,0.627,60.3,0.023,0,2026-08-21,2026-08-24,False,False,5.0,2026-08-24T14:01:17+05:30
LTFOODS,431.25,TOUCHED,6.91,above,461.05,431.25,430.03,431.25,428.82,0.566,60.3,0.038,0,2026-08-21,2026-08-24,False,False,5.0,2026-08-24T14:01:17+05:30
LTM,4477.67,TOUCHED,0.7,above,4508.8,4477.67,4467.53,4477.67,4457.4,0.454,60.3,0.032,0,2026-08-21,2026-08-24,False,False,5.0,2026-08-24T14:01:17+05:30
NUVAMA,1732.97,TOUCHED,0.25,inside,1737.3,1732.97,1732.97,1738.28,1727.65,0.614,60.5,0.025,0,2026-08-21,2026-08-24,False,False,5.0,2026-08-24T14:01:17+05:30
KIRLOSENG,2107.88,TOUCHED,-1.35,below,2079.5,2107.88,2114.97,2122.05,2107.88,0.67,61.4,0.035,0,2026-08-21,2026-08-24,False,False,5.0,2026-08-24T14:01:17+05:30
NYKAA,331.57,TOUCHED,-0.69,below,329.3,331.57,332.38,333.19,331.57,0.486,61.6,0.027,0,2026-08-21,2026-08-24,False,False,5.0,2026-08-24T14:01:17+05:30
BANKBARODA,245.25,TOUCHED,-1.91,below,240.56,245.25,245.83,246.42,245.25,0.475,62.2,0.012,0,2026-08-21,2026-08-24,False,False,5.0,2026-08-24T14:01:17+05:30
BHARATFORG,2046.65,TOUCHED,-0.11,below,2044.5,2046.65,2052.1,2057.55,2046.65,0.531,62.2,0.031,0,2026-08-21,2026-08-24,False,False,5.0,2026-08-24T14:01:17+05:30
JMFINANCIL,129.14,TOUCHED,0.15,inside,129.34,129.14,129.14,129.6,128.69,0.699,62.7,0.052,0,2026-08-21,2026-08-24,False,False,5.0,2026-08-24T14:01:17+05:30
POLICYBZR,1783.73,TOUCHED,-0.27,inside,1778.9,1783.73,1783.73,1789.47,1778.0,0.643,62.7,0.038,0,2026-08-21,2026-08-24,False,False,5.0,2026-08-24T14:01:17+05:30
IRCTC,485.16,TOUCHED,-0.56,below,482.45,485.16,486.12,487.07,485.16,0.394,63.0,0.037,0,2026-08-21,2026-08-24,False,False,5.0,2026-08-24T14:01:17+05:30
IDFCFIRSTB,86.17,TOUCHED,-0.58,below,85.67,86.17,86.36,86.56,86.17,0.448,63.3,0.029,0,2026-08-21,2026-08-24,False,False,5.0,2026-08-24T14:01:17+05:30
TRITURBINE,577.98,TOUCHED,-0.14,inside,577.15,577.98,577.98,579.55,576.42,0.542,63.3,0.021,0,2026-08-21,2026-08-24,False,False,5.0,2026-08-24T14:01:17+05:30
FSL,274.17,TOUCHED,0.09,inside,274.4,274.17,274.17,275.11,273.23,0.687,63.8,0.034,0,2026-08-21,2026-08-24,False,False,5.0,2026-08-24T14:01:17+05:30
MSUMI,38.48,TOUCHED,-1.89,below,37.75,38.48,38.59,38.71,38.48,0.605,64.7,0.031,0,2026-08-21,2026-08-24,False,False,5.0,2026-08-24T14:01:17+05:30
SAIL,175.01,TOUCHED,2.63,above,179.61,175.01,174.49,175.01,173.98,0.592,64.7,0.024,0,2026-08-21,2026-08-24,False,False,5.0,2026-08-24T14:01:17+05:30
TITAGARH,846.45,TOUCHED,-0.05,below,846.05,846.45,849.35,852.25,846.45,0.683,64.7,0.052,0,2026-08-21,2026-08-24,False,False,5.0,2026-08-24T14:01:17+05:30
FLUOROCHEM,4646.07,TOUCHED,-0.11,inside,4640.8,4646.07,4646.07,4658.15,4633.98,0.52,64.9,0.022,0,2026-08-21,2026-08-24,False,False,5.0,2026-08-24T14:01:17+05:30
OBEROIRLTY,1890.92,TOUCHED,-0.73,below,1877.1,1890.92,1895.83,1900.75,1890.92,0.519,64.9,0.044,0,2026-08-21,2026-08-24,False,False,5.0,2026-08-24T14:01:17+05:30
UNITDSPR,1548.8,TOUCHED,-0.2,inside,1545.7,1548.8,1548.8,1552.4,1545.2,0.465,64.9,0.033,0,2026-08-21,2026-08-24,False,False,5.0,2026-08-24T14:01:17+05:30
BSOFT,304.74,TOUCHED,-1.05,below,301.55,304.74,305.73,306.73,304.74,0.649,65.2,0.04,0,2026-08-21,2026-08-24,False,False,5.0,2026-08-24T14:01:17+05:30
OIL,477.33,TOUCHED,-0.2,inside,476.4,477.33,477.33,478.5,476.17,0.489,65.2,0.021,0,2026-08-21,2026-08-24,False,False,5.0,2026-08-24T14:01:17+05:30
NAVINFLUOR,8231.92,TOUCHED,-0.54,below,8187.5,8231.92,8257.33,8282.75,8231.92,0.616,65.5,0.045,0,2026-08-21,2026-08-24,False,False,5.0,2026-08-24T14:01:17+05:30
AJANTPHARM,3650.28,TOUCHED,-1.97,below,3578.5,3650.28,3660.77,3671.25,3650.28,0.573,65.8,0.04,0,2026-08-21,2026-08-24,False,False,5.0,2026-08-24T14:01:17+05:30
VIJAYA,1490.3,TOUCHED,-0.73,below,1479.4,1490.3,1495.0,1499.7,1490.3,0.629,65.8,0.034,0,2026-08-21,2026-08-24,False,False,5.0,2026-08-24T14:01:17+05:30
WOCKPHARMA,1879.0,TOUCHED,0.48,above,1888.0,1879.0,1871.7,1879.0,1864.4,0.78,66.0,0.059,0,2026-08-21,2026-08-24,False,False,5.0,2026-08-24T14:01:17+05:30
ABB,7475.0,TOUCHED,0.47,above,7510.0,7475.0,7458.0,7475.0,7441.0,0.456,66.3,0.023,0,2026-08-21,2026-08-24,False,False,5.0,2026-08-24T14:01:17+05:30
GMRAIRPORT,99.9,TOUCHED,-1.04,below,98.86,99.9,100.18,100.45,99.9,0.546,66.3,0.019,0,2026-08-21,2026-08-24,False,False,5.0,2026-08-24T14:01:17+05:30
LEMONTREE,108.95,TOUCHED,-0.2,inside,108.73,108.95,108.95,109.26,108.64,0.566,66.6,0.023,0,2026-08-21,2026-08-24,False,False,5.0,2026-08-24T14:01:17+05:30
ONGC,236.87,TOUCHED,-0.45,below,235.8,236.87,237.34,237.81,236.87,0.396,66.6,0.028,0,2026-08-21,2026-08-24,False,False,5.0,2026-08-24T14:01:17+05:30
NETWEB,5517.4,TOUCHED,-1.09,below,5457.0,5517.4,5545.27,5573.13,5517.4,1.005,66.8,0.054,0,2026-08-21,2026-08-24,False,False,5.0,2026-08-24T14:01:17+05:30
HONASA,486.3,TOUCHED,0.48,above,488.65,486.3,484.83,486.3,483.37,0.605,67.1,0.054,0,2026-08-21,2026-08-24,False,False,5.0,2026-08-24T14:01:17+05:30
ARE&M,921.96,TOUCHED,-0.43,below,918.0,921.96,924.17,926.38,921.96,0.478,67.9,0.023,0,2026-08-21,2026-08-24,False,False,5.0,2026-08-24T14:01:17+05:30
WHIRLPOOL,770.96,TOUCHED,-0.69,below,765.65,770.96,773.42,775.88,770.96,0.636,67.9,0.049,0,2026-08-21,2026-08-24,False,False,5.0,2026-08-24T14:01:17+05:30
GICRE,357.7,TOUCHED,-0.24,inside,356.85,357.7,357.7,358.68,356.73,0.545,68.2,0.032,0,2026-08-21,2026-08-24,False,False,5.0,2026-08-24T14:01:17+05:30
FIRSTCRY,197.15,TOUCHED,-1.5,below,194.2,197.15,197.98,198.8,197.15,0.832,68.8,0.06,0,2026-08-21,2026-08-24,False,False,5.0,2026-08-24T14:01:17+05:30
ATGL,648.03,TOUCHED,-0.65,below,643.8,648.03,649.97,651.9,648.03,0.595,69.0,0.031,0,2026-08-21,2026-08-24,False,False,5.0,2026-08-24T14:01:17+05:30
BAJAJHFL,85.03,TOUCHED,-1.2,below,84.01,85.03,85.21,85.4,85.03,0.426,69.0,0.024,0,2026-08-21,2026-08-24,False,False,5.0,2026-08-24T14:01:17+05:30
HBLENGINE,705.37,TOUCHED,-1.92,below,691.85,705.37,708.18,711.0,705.37,0.795,69.0,0.035,0,2026-08-21,2026-08-24,False,False,5.0,2026-08-24T14:01:17+05:30
RRKABEL,2909.77,TOUCHED,0.11,above,2913.0,2909.77,2900.23,2909.77,2890.7,0.657,69.0,0.045,0,2026-08-21,2026-08-24,False,False,5.0,2026-08-24T14:01:17+05:30
SYNGENE,403.73,TOUCHED,-0.5,below,401.7,403.73,404.9,406.08,403.73,0.58,69.0,0.026,0,2026-08-21,2026-08-24,False,False,5.0,2026-08-24T14:01:17+05:30
BAJAJFINSV,2018.75,TOUCHED,-0.94,below,1999.8,2018.75,2023.33,2027.92,2018.75,0.453,69.9,0.02,0,2026-08-21,2026-08-24,False,False,5.0,2026-08-24T14:01:17+05:30
CARTRADE,3057.77,TOUCHED,1.38,above,3100.0,3057.77,3042.63,3057.77,3027.5,0.995,69.9,0.061,0,2026-08-21,2026-08-24,False,False,5.0,2026-08-24T14:01:17+05:30
MAPMYINDIA,987.35,TOUCHED,-1.11,below,976.4,987.35,990.8,994.25,987.35,0.696,69.9,0.031,0,2026-08-21,2026-08-24,False,False,5.0,2026-08-24T14:01:17+05:30
ACUTAAS,3196.0,TOUCHED,-0.19,inside,3189.9,3196.0,3196.0,3209.5,3182.5,0.845,70.1,0.036,0,2026-08-21,2026-08-24,False,False,5.0,2026-08-24T14:01:17+05:30
HCLTECH,1312.1,TOUCHED,0.55,above,1319.3,1312.1,1308.9,1312.1,1305.7,0.489,70.1,0.024,0,2026-08-21,2026-08-24,False,False,5.0,2026-08-24T14:01:17+05:30
UBL,1343.1,TOUCHED,0.09,inside,1344.3,1343.1,1343.1,1346.0,1340.2,0.432,70.1,0.026,0,2026-08-21,2026-08-24,False,False,5.0,2026-08-24T14:01:17+05:30
ANANTRAJ,627.66,TOUCHED,-1.91,below,615.7,627.66,630.32,632.98,627.66,0.843,70.4,0.073,0,2026-08-21,2026-08-24,False,False,5.0,2026-08-24T14:01:17+05:30
ICICIPRULI,510.82,TOUCHED,-0.35,below,509.05,510.82,512.22,513.61,510.82,0.543,70.4,0.023,0,2026-08-21,2026-08-24,False,False,5.0,2026-08-24T14:01:17+05:30
PINELABS,158.51,TOUCHED,-0.48,inside,157.75,158.51,158.51,159.31,157.71,1.007,70.6,0.059,0,2026-08-21,2026-08-24,False,False,5.0,2026-08-24T14:01:17+05:30
GPIL,247.06,TOUCHED,0.18,inside,247.5,247.06,247.06,248.04,246.07,0.797,70.7,0.029,0,2026-08-21,2026-08-24,False,False,5.0,2026-08-24T14:01:17+05:30
NESTLEIND,1467.2,TOUCHED,-0.5,below,1459.9,1467.2,1470.5,1473.8,1467.2,0.449,71.0,0.033,0,2026-08-21,2026-08-24,False,False,5.0,2026-08-24T14:01:17+05:30
COFORGE,1878.13,TOUCHED,-0.18,inside,1874.7,1878.13,1878.13,1884.92,1871.35,0.722,71.5,0.032,0,2026-08-21,2026-08-24,False,False,5.0,2026-08-24T14:01:17+05:30
HEROMOTOCO,5688.5,TOUCHED,-0.12,below,5681.5,5688.5,5704.0,5719.5,5688.5,0.543,71.8,0.017,0,2026-08-21,2026-08-24,False,False,5.0,2026-08-24T14:01:17+05:30
AADHARHFC,465.38,TOUCHED,0.25,inside,466.55,465.38,465.38,466.8,463.97,0.609,72.9,0.025,0,2026-08-21,2026-08-24,False,False,5.0,2026-08-24T14:01:17+05:30
SAPPHIRE,245.5,TOUCHED,0.9,above,247.7,245.5,244.45,245.5,243.39,0.862,73.2,0.05,0,2026-08-21,2026-08-24,False,False,5.0,2026-08-24T14:01:17+05:30
THERMAX,3995.43,TOUCHED,0.05,inside,3997.5,3995.43,3995.43,4009.25,3981.62,0.692,73.2,0.022,0,2026-08-21,2026-08-24,False,False,5.0,2026-08-24T14:01:17+05:30
CUMMINSIND,5155.0,TOUCHED,0.16,above,5163.0,5155.0,5139.17,5155.0,5123.33,0.616,73.4,0.018,0,2026-08-21,2026-08-24,False,False,5.0,2026-08-24T14:01:17+05:30
FACT,786.1,TOUCHED,-0.25,below,784.15,786.1,788.9,791.7,786.1,0.71,73.7,0.056,0,2026-08-21,2026-08-24,False,False,5.0,2026-08-24T14:01:17+05:30
SBILIFE,1780.75,TOUCHED,-0.54,below,1771.1,1780.75,1784.8,1788.85,1780.75,0.454,74.2,0.015,0,2026-08-21,2026-08-24,False,False,5.0,2026-08-24T14:01:17+05:30
TITAN,5062.5,TOUCHED,-0.11,inside,5057.1,5062.5,5062.5,5074.3,5050.7,0.466,74.8,0.015,0,2026-08-21,2026-08-24,False,False,5.0,2026-08-24T14:01:17+05:30
AEGISVOPAK,272.3,TOUCHED,-0.53,below,270.85,272.3,273.63,274.97,272.3,0.975,75.6,0.04,0,2026-08-21,2026-08-24,False,False,5.0,2026-08-24T14:01:17+05:30
ZFCVINDIA,2652.98,TOUCHED,0.11,above,2655.9,2652.98,2643.97,2652.98,2634.95,0.682,75.6,0.038,0,2026-08-21,2026-08-24,False,False,5.0,2026-08-24T14:01:17+05:30
HEXT,540.02,TOUCHED,2.26,above,552.25,540.02,537.5,540.02,534.98,0.94,75.9,0.045,0,2026-08-21,2026-08-24,False,False,5.0,2026-08-24T14:01:17+05:30
FEDERALBNK,358.07,TOUCHED,-0.44,below,356.5,358.07,359.05,360.02,358.07,0.543,76.2,0.027,0,2026-08-21,2026-08-24,False,False,5.0,2026-08-24T14:01:17+05:30
HINDZINC,592.95,TOUCHED,2.59,above,608.3,592.95,591.0,592.95,589.05,0.66,76.2,0.041,0,2026-08-21,2026-08-24,False,False,5.0,2026-08-24T14:01:17+05:30
TCS,2290.83,TOUCHED,-0.17,inside,2287.0,2290.83,2290.83,2296.42,2285.25,0.487,76.4,0.029,0,2026-08-21,2026-08-24,False,False,5.0,2026-08-24T14:01:17+05:30
AWL,190.01,TOUCHED,2.33,above,194.44,190.01,189.38,190.01,188.75,0.665,77.0,0.044,0,2026-08-21,2026-08-24,False,False,5.0,2026-08-24T14:01:17+05:30
BATAINDIA,703.12,TOUCHED,-1.7,below,691.15,703.12,705.2,707.27,703.12,0.588,77.0,0.022,0,2026-08-21,2026-08-24,False,False,5.0,2026-08-24T14:01:17+05:30
KEC,432.33,TOUCHED,-0.01,inside,432.3,432.33,432.33,434.14,430.52,0.837,77.0,0.023,0,2026-08-21,2026-08-24,False,False,5.0,2026-08-24T14:01:17+05:30
SAREGAMA,510.88,TOUCHED,-0.17,inside,510.0,510.88,510.88,513.05,508.72,0.848,77.0,0.041,0,2026-08-21,2026-08-24,False,False,5.0,2026-08-24T14:01:17+05:30
SCHNEIDER,1224.02,TOUCHED,-4.3,below,1171.4,1224.02,1230.73,1237.45,1224.02,1.091,77.3,0.027,0,2026-08-21,2026-08-24,False,False,5.0,2026-08-24T14:01:17+05:30
RAINBOW,1447.25,TOUCHED,1.41,above,1467.6,1447.25,1442.57,1447.25,1437.88,0.649,77.5,0.037,0,2026-08-21,2026-08-24,False,False,5.0,2026-08-24T14:01:17+05:30
CDSL,1383.88,TOUCHED,0.11,above,1385.4,1383.88,1378.87,1383.88,1373.85,0.728,77.8,0.036,0,2026-08-21,2026-08-24,False,False,5.0,2026-08-24T14:01:17+05:30
DEVYANI,146.25,TOUCHED,1.88,above,149.0,146.25,145.63,146.25,145.02,0.847,78.1,0.04,0,2026-08-21,2026-08-24,False,False,5.0,2026-08-24T14:01:17+05:30
BDL,1346.9,TOUCHED,0.17,inside,1349.2,1346.9,1346.9,1352.95,1340.85,0.898,78.4,0.049,0,2026-08-21,2026-08-24,False,False,5.0,2026-08-24T14:01:17+05:30
ZYDUSWELL,497.17,TOUCHED,2.48,above,509.5,497.17,495.05,497.17,492.92,0.858,78.4,0.035,0,2026-08-21,2026-08-24,False,False,5.0,2026-08-24T14:01:17+05:30
GLAXO,2923.87,TOUCHED,0.22,inside,2930.3,2923.87,2923.87,2934.7,2913.03,0.741,78.9,0.026,0,2026-08-21,2026-08-24,False,False,5.0,2026-08-24T14:01:17+05:30
BRIGADE,636.47,TOUCHED,2.36,above,651.5,636.47,633.65,636.47,630.83,0.892,79.7,0.024,0,2026-08-21,2026-08-24,False,False,5.0,2026-08-24T14:01:17+05:30
JSL,707.12,TOUCHED,-0.4,inside,704.3,707.12,707.12,710.0,704.23,0.816,80.0,0.041,0,2026-08-21,2026-08-24,False,False,5.0,2026-08-24T14:01:17+05:30
TEGA,1749.87,TOUCHED,-1.19,below,1729.1,1749.87,1756.53,1763.2,1749.87,0.759,80.0,0.043,0,2026-08-21,2026-08-24,False,False,5.0,2026-08-24T14:01:17+05:30
ANTHEM,881.9,TOUCHED,0.34,above,884.9,881.9,878.42,881.9,874.93,0.793,80.2,0.042,0,2026-08-21,2026-08-24,False,False,5.0,2026-08-24T14:01:17+05:30
IGL,148.41,TOUCHED,-0.34,below,147.9,148.41,148.95,149.49,148.41,0.723,80.3,0.047,0,2026-08-21,2026-08-24,False,False,5.0,2026-08-24T14:01:17+05:30
POWERGRID,270.08,TOUCHED,-0.36,below,269.1,270.08,270.85,271.62,270.08,0.572,80.3,0.017,0,2026-08-21,2026-08-24,False,False,5.0,2026-08-24T14:01:17+05:30
SBICARD,644.8,TOUCHED,0.07,inside,645.25,644.8,644.8,646.9,642.7,0.651,80.3,0.029,0,2026-08-21,2026-08-24,False,False,5.0,2026-08-24T14:01:17+05:30
ACE,1172.1,TOUCHED,-0.39,inside,1167.5,1172.1,1172.1,1177.15,1167.05,0.862,80.5,0.049,0,2026-08-21,2026-08-24,False,False,5.0,2026-08-24T14:01:17+05:30
ABREL,1425.75,TOUCHED,0.66,above,1435.1,1425.75,1419.27,1425.75,1412.78,0.914,80.8,0.025,0,2026-08-21,2026-08-24,False,False,5.0,2026-08-24T14:01:17+05:30
MGL,1128.0,TOUCHED,0.22,above,1130.5,1128.0,1123.4,1128.0,1118.8,0.819,81.1,0.034,0,2026-08-21,2026-08-24,False,False,5.0,2026-08-24T14:01:17+05:30
AUBANK,1104.15,TOUCHED,0.27,above,1107.1,1104.15,1100.1,1104.15,1096.05,0.736,81.9,0.016,0,2026-08-21,2026-08-24,False,False,5.0,2026-08-24T14:01:17+05:30
CCL,1092.0,TOUCHED,-0.43,inside,1087.3,1092.0,1092.0,1096.85,1087.15,0.888,81.9,0.021,0,2026-08-21,2026-08-24,False,False,5.0,2026-08-24T14:01:17+05:30
ZYDUSLIFE,1109.7,TOUCHED,-0.57,below,1103.4,1109.7,1113.13,1116.57,1109.7,0.617,81.9,0.024,0,2026-08-21,2026-08-24,False,False,5.0,2026-08-24T14:01:17+05:30
POLYCAB,9032.33,TOUCHED,-0.26,inside,9009.0,9032.33,9032.33,9065.5,8999.17,0.734,82.2,0.033,0,2026-08-21,2026-08-24,False,False,5.0,2026-08-24T14:01:17+05:30
MINDACORP,730.78,TOUCHED,-1.28,below,721.45,730.78,733.72,736.65,730.78,0.8,82.5,0.038,0,2026-08-21,2026-08-24,False,False,5.0,2026-08-24T14:01:17+05:30
CYIENT,903.68,TOUCHED,1.19,above,914.4,903.68,900.0,903.68,896.33,0.817,82.7,0.024,0,2026-08-21,2026-08-24,False,False,5.0,2026-08-24T14:01:17+05:30
FINCABLES,1276.5,TOUCHED,0.78,above,1286.5,1276.5,1271.17,1276.5,1265.83,0.839,82.7,0.019,0,2026-08-21,2026-08-24,False,False,5.0,2026-08-24T14:01:17+05:30
POLYMED,1737.73,TOUCHED,0.17,inside,1740.7,1737.73,1737.73,1746.9,1728.57,1.055,83.8,0.045,0,2026-08-21,2026-08-24,False,False,5.0,2026-08-24T14:01:17+05:30
PPLPHARMA,214.66,TOUCHED,-1.72,below,210.96,214.66,215.65,216.64,214.66,0.918,83.8,0.044,0,2026-08-21,2026-08-24,False,False,5.0,2026-08-24T14:01:17+05:30
ASAHIINDIA,956.73,TOUCHED,-0.05,inside,956.3,956.73,956.73,961.24,952.23,0.942,84.7,0.045,0,2026-08-21,2026-08-24,False,False,5.0,2026-08-24T14:01:17+05:30
JBMA,664.67,TOUCHED,-0.18,below,663.45,664.67,667.77,670.86,664.67,0.926,85.5,0.033,0,2026-08-21,2026-08-24,False,False,5.0,2026-08-24T14:01:17+05:30
NIVABUPA,82.28,TOUCHED,0.43,above,82.63,82.28,81.93,82.28,81.59,0.838,85.8,0.018,0,2026-08-21,2026-08-24,False,False,5.0,2026-08-24T14:01:17+05:30
RPOWER,23.11,TOUCHED,-0.16,inside,23.07,23.11,23.11,23.28,22.93,1.486,86.0,0.076,0,2026-08-21,2026-08-24,False,False,5.0,2026-08-24T14:01:17+05:30
MARUTI,13605.67,TOUCHED,-0.39,below,13552.0,13605.67,13646.33,13687.0,13605.67,0.596,86.3,0.015,0,2026-08-21,2026-08-24,False,False,5.0,2026-08-24T14:01:17+05:30
RVNL,226.31,TOUCHED,-2.08,below,221.6,226.31,227.33,228.34,226.31,0.892,86.3,0.034,0,2026-08-21,2026-08-24,False,False,5.0,2026-08-24T14:01:17+05:30
BALRAMCHIN,732.73,TOUCHED,-1.74,below,719.95,732.73,736.12,739.5,732.73,0.919,86.6,0.025,0,2026-08-21,2026-08-24,False,False,5.0,2026-08-24T14:01:17+05:30
CANHLIFE,153.74,TOUCHED,-0.12,inside,153.55,153.74,153.74,154.49,152.99,0.976,88.2,0.02,0,2026-08-21,2026-08-24,False,False,5.0,2026-08-24T14:01:17+05:30
USHAMART,488.7,TOUCHED,0.3,above,490.15,488.7,486.23,488.7,483.77,1.015,88.5,0.035,0,2026-08-21,2026-08-24,False,False,5.0,2026-08-24T14:01:17+05:30
SUMICHEM,537.73,TOUCHED,-2.35,below,525.1,537.73,540.82,543.9,537.73,1.14,88.8,0.039,0,2026-08-21,2026-08-24,False,False,5.0,2026-08-24T14:01:17+05:30
URBANCO,157.57,TOUCHED,7.4,above,169.23,157.57,156.53,157.57,155.5,1.32,88.8,0.046,0,2026-08-21,2026-08-24,False,False,5.0,2026-08-24T14:01:17+05:30
VBL,432.02,TOUCHED,-1.68,below,424.75,432.02,433.93,435.85,432.02,0.883,88.8,0.03,0,2026-08-21,2026-08-24,False,False,5.0,2026-08-24T14:01:17+05:30
AEGISLOG,1389.5,TOUCHED,-3.36,below,1342.8,1389.5,1398.97,1408.43,1389.5,1.353,89.3,0.033,0,2026-08-21,2026-08-24,False,False,5.0,2026-08-24T14:01:17+05:30
JYOTICNC,976.25,TOUCHED,0.06,inside,976.8,976.25,976.25,982.52,969.98,1.286,89.9,0.027,0,2026-08-21,2026-08-24,False,False,5.0,2026-08-24T14:01:17+05:30
LENSKART,657.4,TOUCHED,0.45,above,660.35,657.4,653.4,657.4,649.4,1.224,90.9,0.031,0,2026-08-21,2026-08-24,False,False,5.0,2026-08-24T14:01:17+05:30
VEDL,275.9,TOUCHED,0.13,inside,276.25,275.9,275.9,277.45,274.35,1.124,93.2,0.028,0,2026-08-21,2026-08-24,False,False,5.0,2026-08-24T14:01:17+05:30
JINDALSAW,287.08,TOUCHED,0.69,inside,289.05,287.08,287.08,289.37,284.8,1.591,93.4,0.038,0,2026-08-21,2026-08-24,False,False,5.0,2026-08-24T14:01:17+05:30
GABRIEL,1420.55,V+N,-4.53,below,1356.2,1420.55,1420.57,1420.58,1420.55,0.002,2.2,0.033,1,2026-08-21,2026-08-24,True,True,5.0,2026-08-24T15:06:59+05:30
LUPIN,2201.98,V+N,-0.73,below,2185.9,2201.98,2202.17,2202.35,2201.98,0.017,3.0,0.027,1,2026-08-21,2026-08-24,True,True,5.0,2026-08-24T15:06:59+05:30
IOC,135.93,V+N,1.27,above,137.65,135.93,135.92,135.93,135.91,0.012,3.8,0.021,1,2026-08-21,2026-08-24,True,True,5.0,2026-08-24T15:06:59+05:30
JKTYRE,374.85,V+N,1.95,above,382.15,374.85,374.8,374.85,374.75,0.027,4.4,0.034,1,2026-08-21,2026-08-24,True,True,5.0,2026-08-24T15:06:59+05:30
GESHIP,1311.08,V+N,0.57,above,1318.6,1311.08,1310.87,1311.08,1310.65,0.033,4.7,0.034,1,2026-08-21,2026-08-24,True,True,5.0,2026-08-24T15:06:59+05:30
COCHINSHIP,1480.05,V,1.89,above,1508.0,1480.05,1479.6,1480.05,1479.15,0.061,6.3,0.043,1,2026-08-21,2026-08-24,True,False,5.0,2026-08-24T15:06:59+05:30
JINDALSTEL,1127.52,V,1.35,above,1142.7,1127.52,1127.23,1127.52,1126.95,0.05,7.9,0.034,1,2026-08-21,2026-08-24,True,False,5.0,2026-08-24T15:06:59+05:30
NH,1815.27,V,2.27,above,1856.4,1815.27,1814.73,1815.27,1814.2,0.059,8.5,0.034,1,2026-08-21,2026-08-24,True,False,5.0,2026-08-24T15:06:59+05:30
MUTHOOTFIN,3025.05,V,5.62,above,3195.1,3025.05,3024.03,3025.05,3023.02,0.067,9.3,0.04,1,2026-08-21,2026-08-24,True,False,5.0,2026-08-24T15:06:59+05:30
JSWCEMENT,125.98,V,0.47,above,126.57,125.98,125.92,125.98,125.85,0.098,12.5,0.036,1,2026-08-21,2026-08-24,True,False,5.0,2026-08-24T15:06:59+05:30
NSLNISP,39.86,V,0.64,above,40.12,39.86,39.84,39.86,39.82,0.126,13.2,0.033,1,2026-08-21,2026-08-24,True,False,5.0,2026-08-24T15:06:59+05:30
EIDPARRY,798.38,V,4.68,above,835.7,798.38,798.02,798.38,797.66,0.09,13.4,0.032,1,2026-08-21,2026-08-24,True,False,5.0,2026-08-24T15:06:59+05:30
SYRMA,1437.88,V,1.54,above,1460.0,1437.88,1436.47,1437.88,1435.05,0.197,17.3,0.045,1,2026-08-21,2026-08-24,True,False,5.0,2026-08-24T15:06:59+05:30
HINDALCO,1033.51,V,1.77,above,1051.85,1033.51,1033.02,1033.51,1032.52,0.095,19.5,0.011,1,2026-08-21,2026-08-24,True,False,5.0,2026-08-24T15:06:59+05:30
IDBI,82.17,V,6.93,above,87.87,82.17,82.1,82.17,82.03,0.166,19.5,0.037,1,2026-08-21,2026-08-24,True,False,5.0,2026-08-24T15:06:59+05:30
REDINGTON,350.07,V,4.33,above,365.25,350.07,349.6,350.07,349.12,0.272,23.3,0.038,1,2026-08-21,2026-08-24,True,False,5.0,2026-08-24T15:06:59+05:30
RAILTEL,287.61,V,-1.76,below,282.55,287.61,287.97,288.32,287.61,0.249,26.6,0.041,1,2026-08-21,2026-08-24,True,False,5.0,2026-08-24T15:06:59+05:30
BAJFINANCE,1096.02,V,-1.64,below,1078.0,1096.02,1097.03,1098.05,1096.02,0.185,30.4,0.027,1,2026-08-21,2026-08-24,True,False,5.0,2026-08-24T15:06:59+05:30
JSWSTEEL,1292.35,V,2.02,above,1318.5,1292.35,1291.0,1292.35,1289.65,0.209,38.1,0.024,1,2026-08-21,2026-08-24,True,False,5.0,2026-08-24T15:06:59+05:30
COALINDIA,404.73,V,0.14,above,405.3,404.73,404.27,404.73,403.8,0.231,39.7,0.023,1,2026-08-21,2026-08-24,True,False,5.0,2026-08-24T15:06:59+05:30
FIVESTAR,522.05,V,-3.42,below,504.2,522.05,523.15,524.25,522.05,0.421,41.1,0.041,1,2026-08-21,2026-08-24,True,False,5.0,2026-08-24T15:06:59+05:30
GODREJCP,934.30,V,-0.87,below,926.2,934.3,935.6,936.9,934.3,0.278,41.9,0.023,1,2026-08-21,2026-08-24,True,False,5.0,2026-08-24T15:06:59+05:30
PFOCUS,295.84,V,3.99,above,307.65,295.84,294.73,295.84,293.62,0.752,44.4,0.053,1,2026-08-21,2026-08-24,True,False,5.0,2026-08-24T15:06:59+05:30
CREDITACC,1499.42,V,-3.71,below,1443.8,1499.42,1502.73,1506.05,1499.42,0.441,45.8,0.035,1,2026-08-21,2026-08-24,True,False,5.0,2026-08-24T15:06:59+05:30
HFCL,227.31,V,4.44,above,237.41,227.31,226.61,227.31,225.92,0.616,49.3,0.028,1,2026-08-21,2026-08-24,True,False,5.0,2026-08-24T15:06:59+05:30
MARICO,850.55,V,-0.31,below,847.95,850.55,851.85,853.15,850.55,0.305,50.7,0.018,1,2026-08-21,2026-08-24,True,False,5.0,2026-08-24T15:06:59+05:30
CROMPTON,252.48,V,-2.72,below,245.6,252.48,252.95,253.43,252.48,0.376,52.6,0.025,1,2026-08-21,2026-08-24,True,False,5.0,2026-08-24T15:06:59+05:30
HAL,5010.67,V,-2.74,below,4873.2,5010.67,5021.33,5032.0,5010.67,0.425,53.4,0.035,1,2026-08-21,2026-08-24,True,False,5.0,2026-08-24T15:06:59+05:30
RADICO,4649.70,V,-1.53,below,4578.5,4649.7,4659.6,4669.5,4649.7,0.425,54.2,0.021,1,2026-08-21,2026-08-24,True,False,5.0,2026-08-24T15:06:59+05:30
VMM,104.16,V,8.27,above,112.78,104.16,103.92,104.16,103.67,0.472,55.9,0.026,1,2026-08-21,2026-08-24,True,False,5.0,2026-08-24T15:06:59+05:30
MANAPPURAM,356.64,V,2.43,above,365.3,356.64,355.78,356.64,354.93,0.483,58.1,0.027,1,2026-08-21,2026-08-24,True,False,5.0,2026-08-24T15:06:59+05:30
NATIONALUM,392.32,V,2.01,above,400.2,392.32,391.19,392.32,390.06,0.578,58.6,0.04,1,2026-08-21,2026-08-24,True,False,5.0,2026-08-24T15:06:59+05:30
TARIL,297.43,V,1.43,above,301.7,297.43,296.22,297.43,295.0,0.821,63.8,0.054,1,2026-08-21,2026-08-24,True,False,5.0,2026-08-24T15:06:59+05:30
CANFINHOME,832.86,V,-2.65,below,810.8,832.86,835.27,837.67,832.86,0.577,67.4,0.02,1,2026-08-21,2026-08-24,True,False,5.0,2026-08-24T15:06:59+05:30
MMTC,65.60,V,-1.58,below,64.57,65.6,65.83,66.05,65.6,0.679,69.0,0.051,1,2026-08-21,2026-08-24,True,False,5.0,2026-08-24T15:06:59+05:30
COHANCE,465.01,V,-3.82,below,447.25,465.01,467.02,469.02,465.01,0.86,77.3,0.022,1,2026-08-21,2026-08-24,True,False,5.0,2026-08-24T15:06:59+05:30
APOLLOTYRE,438.24,V,2.04,above,447.2,438.24,436.78,438.24,435.32,0.668,77.8,0.038,1,2026-08-21,2026-08-24,True,False,5.0,2026-08-24T15:06:59+05:30
ENGINERSIN,243.72,V,4.34,above,254.29,243.72,242.53,243.72,241.35,0.98,79.7,0.038,1,2026-08-21,2026-08-24,True,False,5.0,2026-08-24T15:06:59+05:30
KEI,5557.83,V,-1.36,below,5482.4,5557.83,5588.07,5618.3,5557.83,1.082,91.5,0.026,1,2026-08-21,2026-08-24,True,False,5.0,2026-08-24T15:06:59+05:30
IIFL,675.23,V,3.31,above,697.6,675.23,670.67,675.23,666.1,1.362,92.3,0.026,1,2026-08-21,2026-08-24,True,False,5.0,2026-08-24T15:06:59+05:30
TORNTPHARM,4916.58,V,-0.57,below,4888.5,4916.58,4936.67,4956.75,4916.58,0.814,93.2,0.023,1,2026-08-21,2026-08-24,True,False,5.0,2026-08-24T15:06:59+05:30
PTCIL,20467.67,V,5.46,above,21585.0,20467.67,20306.33,20467.67,20145.0,1.589,94.8,0.025,1,2026-08-21,2026-08-24,True,False,5.0,2026-08-24T15:06:59+05:30
BRITANNIA,5389.17,V,-1.82,below,5291.0,5389.17,5413.33,5437.5,5389.17,0.893,95.1,0.021,1,2026-08-21,2026-08-24,True,False,5.0,2026-08-24T15:06:59+05:30
PAGEIND,35480.00,NARROW,0.07,above,35505.0,35480.0,35480.0,35480.0,35480.0,0.0,0.0,0.027,0,2026-08-21,2026-08-24,False,True,5.0,2026-08-24T15:06:59+05:30
ASHOKLEY,173.00,NARROW,-0.62,below,171.93,173.0,173.0,173.0,173.0,0.002,1.4,0.024,0,2026-08-21,2026-08-24,False,True,5.0,2026-08-24T15:06:59+05:30
SIEMENS,3919.98,NARROW,4.62,above,4101.0,3919.98,3919.97,3919.98,3919.95,0.001,1.4,0.018,0,2026-08-21,2026-08-24,False,True,5.0,2026-08-24T15:06:59+05:30
AFFLE,1718.63,NARROW,1.12,above,1737.8,1718.63,1718.57,1718.63,1718.5,0.008,1.6,0.028,0,2026-08-21,2026-08-24,False,True,5.0,2026-08-24T15:06:59+05:30
HDFCAMC,2609.98,NARROW,0.11,above,2612.9,2609.98,2609.97,2609.98,2609.95,0.001,1.6,0.023,0,2026-08-21,2026-08-24,False,True,5.0,2026-08-24T15:06:59+05:30
PIIND,2496.75,NARROW,-0.91,below,2474.0,2496.75,2496.77,2496.78,2496.75,0.001,1.6,0.018,0,2026-08-21,2026-08-24,False,True,5.0,2026-08-24T15:06:59+05:30
BLUEJET,596.18,NARROW,-0.96,below,590.45,596.18,596.2,596.23,596.18,0.008,1.9,0.042,0,2026-08-21,2026-08-24,False,True,5.0,2026-08-24T15:06:59+05:30
NUVOCO,322.07,NARROW,-0.5,below,320.45,322.07,322.08,322.1,322.07,0.01,1.9,0.039,0,2026-08-21,2026-08-24,False,True,5.0,2026-08-24T15:06:59+05:30
PIRAMALFIN,2180.75,NARROW,-0.38,below,2172.5,2180.75,2180.77,2180.78,2180.75,0.002,2.0,0.043,0,2026-08-21,2026-08-24,False,True,5.0,2026-08-24T15:06:59+05:30
ATUL,6509.58,NARROW,-1.21,below,6431.0,6509.58,6509.67,6509.75,6509.58,0.003,2.5,0.013,0,2026-08-21,2026-08-24,False,True,5.0,2026-08-24T15:06:59+05:30
CAMS,753.08,NARROW,-0.2,below,751.6,753.08,753.17,753.25,753.08,0.022,2.5,0.04,0,2026-08-21,2026-08-24,False,True,5.0,2026-08-24T15:06:59+05:30
APOLLOHOSP,8692.00,NARROW,-0.55,below,8644.0,8692.0,8692.33,8692.67,8692.0,0.008,3.3,0.014,0,2026-08-21,2026-08-24,False,True,5.0,2026-08-24T15:06:59+05:30
INDHOTEL,729.90,NARROW,-0.57,below,725.75,729.9,729.93,729.97,729.9,0.009,3.3,0.019,0,2026-08-21,2026-08-24,False,True,5.0,2026-08-24T15:06:59+05:30
BHEL,412.88,NARROW,-0.73,below,409.85,412.88,412.92,412.96,412.88,0.02,3.6,0.045,0,2026-08-21,2026-08-24,False,True,5.0,2026-08-24T15:06:59+05:30
PHOENIXLTD,1928.95,NARROW,-0.02,below,1928.5,1928.95,1929.3,1929.65,1928.95,0.036,3.6,0.045,0,2026-08-21,2026-08-24,False,True,5.0,2026-08-24T15:06:59+05:30
LTF,317.12,NARROW,0.03,above,317.2,317.12,317.08,317.12,317.05,0.021,3.8,0.028,0,2026-08-21,2026-08-24,False,True,5.0,2026-08-24T15:06:59+05:30
CHENNPETRO,1394.00,NARROW,1.11,above,1409.5,1394.0,1393.83,1394.0,1393.67,0.024,4.1,0.026,0,2026-08-21,2026-08-24,False,True,5.0,2026-08-24T15:06:59+05:30
ENRIN,3436.75,NARROW,1.63,above,3492.7,3436.75,3436.37,3436.75,3435.98,0.022,4.1,0.025,0,2026-08-21,2026-08-24,False,True,5.0,2026-08-24T15:06:59+05:30
SUPREMEIND,3640.40,NARROW,-0.96,below,3605.3,3640.4,3640.93,3641.47,3640.4,0.029,4.1,0.037,0,2026-08-21,2026-08-24,False,True,5.0,2026-08-24T15:06:59+05:30
ULTRACEMCO,11571.00,NARROW,-0.31,below,11535.0,11571.0,11572.0,11573.0,11571.0,0.017,4.1,0.02,0,2026-08-21,2026-08-24,False,True,5.0,2026-08-24T15:06:59+05:30
ETERNAL,327.97,NARROW,0.27,above,328.85,327.97,327.93,327.97,327.9,0.02,4.4,0.024,0,2026-08-21,2026-08-24,False,True,5.0,2026-08-24T15:06:59+05:30
NIACL,184.21,NARROW,0.4,above,184.94,184.21,184.18,184.21,184.16,0.027,4.7,0.029,0,2026-08-21,2026-08-24,False,True,5.0,2026-08-24T15:06:59+05:30
NTPC,339.93,NARROW,-0.18,below,339.3,339.93,339.95,339.98,339.93,0.015,4.7,0.015,0,2026-08-21,2026-08-24,False,True,5.0,2026-08-24T15:06:59+05:30
HDFCLIFE,548.93,WIDE,0.17,inside,549.85,548.93,548.93,551.87,546.0,1.069,97.3,0.02,0,2026-08-21,2026-08-24,False,False,5.0,2026-08-24T15:06:59+05:30
THELEELA,552.72,WIDE,-0.56,inside,549.6,552.72,552.72,557.21,548.23,1.625,98.0,0.03,0,2026-08-21,2026-08-24,False,False,5.0,2026-08-24T15:06:59+05:30
WELCORP,2288.25,WIDE,5.19,above,2407.0,2288.25,2264.6,2288.25,2240.95,2.089,98.1,0.053,0,2026-08-21,2026-08-24,False,False,5.0,2026-08-24T15:06:59+05:30
NCC,146.99,WIDE,0.13,inside,147.18,146.99,146.99,148.28,145.71,1.746,98.9,0.027,0,2026-08-21,2026-08-24,False,False,5.0,2026-08-24T15:06:59+05:30
HSCL,671.80,WIDE,-0.6,inside,667.75,671.8,671.8,680.5,663.1,2.59,99.5,0.039,0,2026-08-21,2026-08-24,False,False,5.0,2026-08-24T15:06:59+05:30
PFIZER,4978.80,TOUCHED,-1.85,below,4886.5,4978.8,4979.4,4980.0,4978.8,0.024,5.2,0.023,0,2026-08-21,2026-08-24,False,False,5.0,2026-08-24T15:06:59+05:30
KPRMILL,1151.93,TOUCHED,-3.16,below,1115.5,1151.93,1152.27,1152.6,1151.93,0.058,6.0,0.052,0,2026-08-21,2026-08-24,False,False,5.0,2026-08-24T15:06:59+05:30
LTTS,3602.00,TOUCHED,-0.61,below,3580.0,3602.0,3602.87,3603.73,3602.0,0.048,6.3,0.042,0,2026-08-21,2026-08-24,False,False,5.0,2026-08-24T15:06:59+05:30
HONAUT,36706.67,TOUCHED,-0.07,below,36680.0,36706.67,36713.33,36720.0,36706.67,0.036,6.6,0.026,0,2026-08-21,2026-08-24,False,False,5.0,2026-08-24T15:06:59+05:30
BANKINDIA,142.83,TOUCHED,-1.5,below,140.69,142.83,142.87,142.91,142.83,0.058,6.8,0.03,0,2026-08-21,2026-08-24,False,False,5.0,2026-08-24T15:06:59+05:30
PNB,116.47,TOUCHED,-0.95,below,115.36,116.47,116.49,116.52,116.47,0.049,6.8,0.035,0,2026-08-21,2026-08-24,False,False,5.0,2026-08-24T15:06:59+05:30
CEMPRO,1276.88,TOUCHED,-1.28,below,1260.5,1276.88,1277.37,1277.85,1276.88,0.076,7.1,0.055,0,2026-08-21,2026-08-24,False,False,5.0,2026-08-24T15:06:59+05:30
ACMESOLAR,402.10,TOUCHED,0.96,above,405.95,402.1,401.93,402.1,401.77,0.083,7.4,0.05,0,2026-08-21,2026-08-24,False,False,5.0,2026-08-24T15:06:59+05:30
PFC,363.28,TOUCHED,0.08,above,363.55,363.28,363.18,363.28,363.09,0.05,7.4,0.032,0,2026-08-21,2026-08-24,False,False,5.0,2026-08-24T15:06:59+05:30
ALKEM,5397.00,TOUCHED,-0.86,below,5350.5,5397.0,5398.0,5399.0,5397.0,0.037,7.7,0.024,0,2026-08-21,2026-08-24,False,False,5.0,2026-08-24T15:06:59+05:30
BAYERCROP,4072.35,TOUCHED,-0.61,below,4047.7,4072.35,4073.2,4074.05,4072.35,0.042,7.7,0.032,0,2026-08-21,2026-08-24,False,False,5.0,2026-08-24T15:06:59+05:30
BLUEDART,5080.50,TOUCHED,-0.28,below,5066.5,5080.5,5081.33,5082.17,5080.5,0.033,7.7,0.017,0,2026-08-21,2026-08-24,False,False,5.0,2026-08-24T15:06:59+05:30
TORNTPOWER,1248.03,TOUCHED,-0.37,below,1243.4,1248.03,1248.37,1248.7,1248.03,0.053,7.7,0.031,0,2026-08-21,2026-08-24,False,False,5.0,2026-08-24T15:06:59+05:30
ZENSARTECH,483.68,TOUCHED,-1.52,below,476.35,483.68,483.82,483.95,483.68,0.055,7.7,0.035,0,2026-08-21,2026-08-24,False,False,5.0,2026-08-24T15:06:59+05:30
APARINDS,16835.00,TOUCHED,-0.74,below,16711.0,16835.0,16842.0,16849.0,16835.0,0.083,7.9,0.054,0,2026-08-21,2026-08-24,False,False,5.0,2026-08-24T15:06:59+05:30
TATAINVEST,648.11,TOUCHED,-0.33,below,645.95,648.11,648.27,648.43,648.11,0.049,8.2,0.023,0,2026-08-21,2026-08-24,False,False,5.0,2026-08-24T15:06:59+05:30
WIPRO,180.88,TOUCHED,0.04,above,180.96,180.88,180.85,180.88,180.82,0.033,8.2,0.013,0,2026-08-21,2026-08-24,False,False,5.0,2026-08-24T15:06:59+05:30
MANKIND,2384.80,TOUCHED,-0.46,below,2373.9,2384.8,2385.6,2386.4,2384.8,0.067,8.8,0.038,0,2026-08-21,2026-08-24,False,False,5.0,2026-08-24T15:06:59+05:30
ADANIENSOL,1543.40,TOUCHED,0.72,above,1554.5,1543.4,1542.9,1543.4,1542.4,0.065,9.0,0.031,0,2026-08-21,2026-08-24,False,False,5.0,2026-08-24T15:06:59+05:30
SOLARINDS,19890.67,TOUCHED,0.21,above,19932.0,19890.67,19881.33,19890.67,19872.0,0.094,9.0,0.057,0,2026-08-21,2026-08-24,False,False,5.0,2026-08-24T15:06:59+05:30
DEEPAKFERT,1451.00,TOUCHED,1.86,above,1478.0,1451.0,1450.4,1451.0,1449.8,0.083,9.3,0.046,0,2026-08-21,2026-08-24,False,False,5.0,2026-08-24T15:06:59+05:30
NAVA,559.50,TOUCHED,1.29,above,566.7,559.5,559.32,559.5,559.13,0.066,9.3,0.038,0,2026-08-21,2026-08-24,False,False,5.0,2026-08-24T15:06:59+05:30
AMBUJACEM,414.07,TOUCHED,-1.68,below,407.1,414.07,414.22,414.36,414.07,0.068,9.6,0.035,0,2026-08-21,2026-08-24,False,False,5.0,2026-08-24T15:06:59+05:30
CONCORDBIO,1569.50,TOUCHED,-2.05,below,1537.4,1569.5,1570.1,1570.7,1569.5,0.076,9.6,0.022,0,2026-08-21,2026-08-24,False,False,5.0,2026-08-24T15:06:59+05:30
ITCHOTELS,165.04,TOUCHED,-0.26,below,164.62,165.04,165.11,165.18,165.04,0.079,9.9,0.038,0,2026-08-21,2026-08-24,False,False,5.0,2026-08-24T15:06:59+05:30
JUBLFOOD,506.61,TOUCHED,0.46,above,508.95,506.61,506.47,506.61,506.33,0.056,10.1,0.018,0,2026-08-21,2026-08-24,False,False,5.0,2026-08-24T15:06:59+05:30
INDIGO,5111.33,TOUCHED,-0.15,below,5103.5,5111.33,5112.67,5114.0,5111.33,0.052,10.4,0.025,0,2026-08-21,2026-08-24,False,False,5.0,2026-08-24T15:06:59+05:30
ADANIENT,2994.25,TOUCHED,-0.44,below,2981.2,2994.25,2995.17,2996.08,2994.25,0.061,10.7,0.026,0,2026-08-21,2026-08-24,False,False,5.0,2026-08-24T15:06:59+05:30
ITI,279.38,TOUCHED,-0.21,below,278.8,279.38,279.5,279.62,279.38,0.089,10.7,0.035,0,2026-08-21,2026-08-24,False,False,5.0,2026-08-24T15:06:59+05:30
ONESOURCE,1535.77,TOUCHED,-0.18,below,1533.0,1535.77,1536.53,1537.3,1535.77,0.1,10.7,0.052,0,2026-08-21,2026-08-24,False,False,5.0,2026-08-24T15:06:59+05:30
ESCORTS,3085.22,TOUCHED,0.48,above,3100.0,3085.22,3083.83,3085.22,3082.45,0.09,11.0,0.041,0,2026-08-21,2026-08-24,False,False,5.0,2026-08-24T15:06:59+05:30
IKS,1787.53,TOUCHED,-0.02,inside,1787.2,1787.53,1787.53,1788.2,1786.87,0.075,11.0,0.02,0,2026-08-21,2026-08-24,False,False,5.0,2026-08-24T15:06:59+05:30
PERSISTENT,5665.67,TOUCHED,0.21,above,5677.5,5665.67,5663.83,5665.67,5662.0,0.065,11.0,0.018,0,2026-08-21,2026-08-24,False,False,5.0,2026-08-24T15:06:59+05:30
IRB,18.96,TOUCHED,-0.19,below,18.92,18.96,18.96,18.97,18.96,0.07,11.5,0.038,0,2026-08-21,2026-08-24,False,False,5.0,2026-08-24T15:06:59+05:30
KARURVYSYA,335.34,TOUCHED,0.87,above,338.25,335.34,335.18,335.34,335.02,0.094,11.5,0.038,0,2026-08-21,2026-08-24,False,False,5.0,2026-08-24T15:06:59+05:30
BPCL,310.90,TOUCHED,0.42,above,312.2,310.9,310.8,310.9,310.7,0.064,11.8,0.021,0,2026-08-21,2026-08-24,False,False,5.0,2026-08-24T15:06:59+05:30
CRAFTSMAN,10629.00,TOUCHED,-0.25,below,10602.0,10629.0,10634.17,10639.33,10629.0,0.097,11.8,0.053,0,2026-08-21,2026-08-24,False,False,5.0,2026-08-24T15:06:59+05:30
NBCC,88.93,TOUCHED,-0.58,below,88.41,88.93,88.98,89.02,88.93,0.109,12.3,0.044,0,2026-08-21,2026-08-24,False,False,5.0,2026-08-24T15:06:59+05:30
BLUESTARCO,1512.82,TOUCHED,-0.57,below,1504.2,1512.82,1513.73,1514.65,1512.82,0.121,12.6,0.05,0,2026-08-21,2026-08-24,False,False,5.0,2026-08-24T15:06:59+05:30
DELHIVERY,450.89,TOUCHED,-1.4,below,444.6,450.89,451.08,451.28,450.89,0.085,12.6,0.019,0,2026-08-21,2026-08-24,False,False,5.0,2026-08-24T15:06:59+05:30
OLAELEC,37.76,TOUCHED,-0.83,below,37.45,37.76,37.8,37.83,37.76,0.176,12.9,0.066,0,2026-08-21,2026-08-24,False,False,5.0,2026-08-24T15:06:59+05:30
TEJASNET,509.38,TOUCHED,-0.08,below,508.95,509.38,509.73,510.09,509.38,0.141,12.9,0.046,0,2026-08-21,2026-08-24,False,False,5.0,2026-08-24T15:06:59+05:30
GVT&D,4125.18,TOUCHED,0.82,above,4159.2,4125.18,4123.17,4125.18,4121.15,0.098,13.2,0.022,0,2026-08-21,2026-08-24,False,False,5.0,2026-08-24T15:06:59+05:30
INDIACEM,371.06,TOUCHED,-0.96,below,367.5,371.06,371.22,371.38,371.06,0.085,13.2,0.031,0,2026-08-21,2026-08-24,False,False,5.0,2026-08-24T15:06:59+05:30
LICI,422.72,TOUCHED,0.15,above,423.35,422.72,422.57,422.72,422.41,0.075,13.2,0.031,0,2026-08-21,2026-08-24,False,False,5.0,2026-08-24T15:06:59+05:30
TBOTEK,1699.05,TOUCHED,0.32,above,1704.5,1699.05,1698.2,1699.05,1697.35,0.1,13.2,0.033,0,2026-08-21,2026-08-24,False,False,5.0,2026-08-24T15:06:59+05:30
ZENTEC,1923.10,TOUCHED,-1.1,below,1902.0,1923.1,1924.17,1925.23,1923.1,0.111,13.2,0.017,0,2026-08-21,2026-08-24,False,False,5.0,2026-08-24T15:06:59+05:30
HDBFS,695.20,TOUCHED,-0.72,below,690.2,695.2,695.42,695.63,695.2,0.062,13.3,0.023,0,2026-08-21,2026-08-24,False,False,5.0,2026-08-24T15:06:59+05:30
LALPATHLAB,1895.27,TOUCHED,-0.59,below,1884.0,1895.27,1896.33,1897.4,1895.27,0.113,13.4,0.043,0,2026-08-21,2026-08-24,False,False,5.0,2026-08-24T15:06:59+05:30
SBFC,93.81,TOUCHED,-1.65,below,92.26,93.81,93.85,93.89,93.81,0.089,13.4,0.032,0,2026-08-21,2026-08-24,False,False,5.0,2026-08-24T15:06:59+05:30
TTML,37.80,TOUCHED,-1.03,below,37.41,37.8,37.82,37.84,37.8,0.106,13.4,0.041,0,2026-08-21,2026-08-24,False,False,5.0,2026-08-24T15:06:59+05:30
ADANIGREEN,1317.50,TOUCHED,-1.16,below,1302.2,1317.5,1318.33,1319.17,1317.5,0.126,13.7,0.04,0,2026-08-21,2026-08-24,False,False,5.0,2026-08-24T15:06:59+05:30
MEDANTA,1407.85,TOUCHED,-0.2,below,1405.1,1407.85,1408.47,1409.08,1407.85,0.088,14.0,0.028,0,2026-08-21,2026-08-24,False,False,5.0,2026-08-24T15:06:59+05:30
JUBLPHARMA,879.93,TOUCHED,2.39,above,901.0,879.93,879.52,879.93,879.1,0.095,14.2,0.019,0,2026-08-21,2026-08-24,False,False,5.0,2026-08-24T15:06:59+05:30
ANURAS,1243.22,TOUCHED,0.96,above,1255.2,1243.22,1242.73,1243.22,1242.25,0.078,14.8,0.025,0,2026-08-21,2026-08-24,False,False,5.0,2026-08-24T15:06:59+05:30
DOMS,2207.48,TOUCHED,-0.2,below,2203.1,2207.48,2208.67,2209.85,2207.48,0.107,15.3,0.027,0,2026-08-21,2026-08-24,False,False,5.0,2026-08-24T15:06:59+05:30
HAVELLS,1268.43,TOUCHED,-0.04,below,1267.9,1268.43,1268.87,1269.3,1268.43,0.068,15.3,0.019,0,2026-08-21,2026-08-24,False,False,5.0,2026-08-24T15:06:59+05:30
SPLPETRO,698.26,TOUCHED,-1.14,below,690.3,698.26,698.72,699.17,698.26,0.131,15.3,0.039,0,2026-08-21,2026-08-24,False,False,5.0,2026-08-24T15:06:59+05:30
KPITTECH,589.68,TOUCHED,-1.46,below,581.1,589.68,590.07,590.45,589.68,0.13,15.6,0.044,0,2026-08-21,2026-08-24,False,False,5.0,2026-08-24T15:06:59+05:30
NMDC,84.56,TOUCHED,1.5,above,85.83,84.56,84.51,84.56,84.46,0.118,15.9,0.028,0,2026-08-21,2026-08-24,False,False,5.0,2026-08-24T15:06:59+05:30
SAGILITY,43.24,TOUCHED,-0.08,below,43.21,43.24,43.28,43.31,43.24,0.162,15.9,0.045,0,2026-08-21,2026-08-24,False,False,5.0,2026-08-24T15:06:59+05:30
UPL,569.28,TOUCHED,-0.54,below,566.2,569.28,569.57,569.85,569.28,0.099,15.9,0.02,0,2026-08-21,2026-08-24,False,False,5.0,2026-08-24T15:06:59+05:30
BHARTIARTL,1946.57,TOUCHED,-0.41,below,1938.6,1946.57,1947.13,1947.7,1946.57,0.058,16.2,0.014,0,2026-08-21,2026-08-24,False,False,5.0,2026-08-24T15:06:59+05:30
IREDA,115.23,TOUCHED,0.12,above,115.37,115.23,115.15,115.23,115.08,0.133,16.2,0.048,0,2026-08-21,2026-08-24,False,False,5.0,2026-08-24T15:06:59+05:30
HINDCOPPER,572.25,TOUCHED,1.12,above,578.65,572.25,571.8,572.25,571.35,0.157,16.4,0.032,0,2026-08-21,2026-08-24,False,False,5.0,2026-08-24T15:06:59+05:30
IEX,123.76,TOUCHED,-0.56,below,123.06,123.76,123.82,123.88,123.76,0.094,16.4,0.028,0,2026-08-21,2026-08-24,False,False,5.0,2026-08-24T15:06:59+05:30
INDIANB,875.70,TOUCHED,-0.55,below,870.9,875.7,876.1,876.5,875.7,0.091,16.4,0.025,0,2026-08-21,2026-08-24,False,False,5.0,2026-08-24T15:06:59+05:30
MOTHERSON,169.04,TOUCHED,-0.94,below,167.44,169.04,169.15,169.27,169.04,0.136,17.3,0.035,0,2026-08-21,2026-08-24,False,False,5.0,2026-08-24T15:06:59+05:30
BAJAJHLDNG,11328.33,TOUCHED,-2.2,below,11079.0,11328.33,11336.67,11345.0,11328.33,0.147,17.5,0.025,0,2026-08-21,2026-08-24,False,False,5.0,2026-08-24T15:06:59+05:30
SUNPHARMA,1901.63,TOUCHED,0.41,above,1909.4,1901.63,1900.87,1901.63,1900.1,0.081,17.8,0.02,0,2026-08-21,2026-08-24,False,False,5.0,2026-08-24T15:06:59+05:30
SAMMAANCAP,150.67,TOUCHED,-0.74,below,149.55,150.67,150.82,150.97,150.67,0.201,18.1,0.041,0,2026-08-21,2026-08-24,False,False,5.0,2026-08-24T15:06:59+05:30
3MINDIA,33622.50,TOUCHED,0.53,above,33800.0,33622.5,33605.0,33622.5,33587.5,0.104,18.4,0.027,0,2026-08-21,2026-08-24,False,False,5.0,2026-08-24T15:06:59+05:30
JKCEMENT,5253.83,TOUCHED,-0.71,below,5216.5,5253.83,5257.67,5261.5,5253.83,0.146,18.4,0.035,0,2026-08-21,2026-08-24,False,False,5.0,2026-08-24T15:06:59+05:30
UNIONBANK,183.60,TOUCHED,-0.64,below,182.43,183.6,183.75,183.9,183.6,0.163,18.6,0.047,0,2026-08-21,2026-08-24,False,False,5.0,2026-08-24T15:06:59+05:30
CPPLUS,3479.67,TOUCHED,-1.76,below,3418.5,3479.67,3483.83,3488.0,3479.67,0.239,18.7,0.038,0,2026-08-21,2026-08-24,False,False,5.0,2026-08-24T15:06:59+05:30
360ONE,1201.03,TOUCHED,-0.04,inside,1200.6,1201.03,1201.03,1202.05,1200.02,0.169,19.2,0.032,0,2026-08-21,2026-08-24,False,False,5.0,2026-08-24T15:06:59+05:30
CHOLAHLDNG,1563.05,TOUCHED,-0.88,below,1549.3,1563.05,1564.3,1565.55,1563.05,0.16,19.7,0.026,0,2026-08-21,2026-08-24,False,False,5.0,2026-08-24T15:06:59+05:30
GODREJIND,1227.20,TOUCHED,-3.11,below,1189.0,1227.2,1228.13,1229.07,1227.2,0.152,19.7,0.044,0,2026-08-21,2026-08-24,False,False,5.0,2026-08-24T15:06:59+05:30
KOTAKBANK,402.15,TOUCHED,-0.77,below,399.05,402.15,402.37,402.58,402.15,0.108,19.7,0.024,0,2026-08-21,2026-08-24,False,False,5.0,2026-08-24T15:06:59+05:30
SBIN,1047.40,TOUCHED,-1.21,below,1034.7,1047.4,1047.83,1048.27,1047.4,0.083,20.3,0.011,0,2026-08-21,2026-08-24,False,False,5.0,2026-08-24T15:06:59+05:30
GODFRYPHLP,2110.30,TOUCHED,-0.42,below,2101.5,2110.3,2112.53,2114.77,2110.3,0.211,20.5,0.041,0,2026-08-21,2026-08-24,False,False,5.0,2026-08-24T15:06:59+05:30
JSWENERGY,545.33,TOUCHED,-0.06,below,545.0,545.33,545.72,546.1,545.33,0.14,20.5,0.021,0,2026-08-21,2026-08-24,False,False,5.0,2026-08-24T15:06:59+05:30
ENDURANCE,3021.50,TOUCHED,-1.09,below,2988.6,3021.5,3024.17,3026.83,3021.5,0.176,20.8,0.043,0,2026-08-21,2026-08-24,False,False,5.0,2026-08-24T15:06:59+05:30
CEATLTD,3570.23,TOUCHED,0.04,inside,3571.6,3570.23,3570.23,3573.65,3566.82,0.191,21.1,0.033,0,2026-08-21,2026-08-24,False,False,5.0,2026-08-24T15:06:59+05:30
YESBANK,22.75,TOUCHED,-0.84,below,22.56,22.75,22.77,22.78,22.75,0.146,21.4,0.04,0,2026-08-21,2026-08-24,False,False,5.0,2026-08-24T15:06:59+05:30
CARBORUNIV,1166.80,TOUCHED,-3.83,below,1122.1,1166.8,1167.8,1168.8,1166.8,0.171,21.6,0.029,0,2026-08-21,2026-08-24,False,False,5.0,2026-08-24T15:06:59+05:30
DLF,679.85,TOUCHED,0.55,above,683.6,679.85,679.27,679.85,678.68,0.172,21.6,0.029,0,2026-08-21,2026-08-24,False,False,5.0,2026-08-24T15:06:59+05:30
RITES,218.64,TOUCHED,0.69,above,220.15,218.64,218.45,218.64,218.27,0.169,22.5,0.025,0,2026-08-21,2026-08-24,False,False,5.0,2026-08-24T15:06:59+05:30
AFCONS,279.12,TOUCHED,-0.13,below,278.75,279.12,279.33,279.55,279.12,0.155,22.7,0.024,0,2026-08-21,2026-08-24,False,False,5.0,2026-08-24T15:06:59+05:30
BSE,3254.00,TOUCHED,1.32,above,3297.1,3254.0,3249.67,3254.0,3245.33,0.267,23.0,0.022,0,2026-08-21,2026-08-24,False,False,5.0,2026-08-24T15:06:59+05:30
KIMS,783.27,TOUCHED,-1.82,below,769.05,783.27,784.03,784.8,783.27,0.196,23.0,0.043,0,2026-08-21,2026-08-24,False,False,5.0,2026-08-24T15:06:59+05:30
SUNDARMFIN,4522.10,TOUCHED,-0.25,below,4510.8,4522.1,4526.23,4530.37,4522.1,0.183,23.0,0.029,0,2026-08-21,2026-08-24,False,False,5.0,2026-08-24T15:06:59+05:30
TATATECH,818.85,TOUCHED,-3.02,below,794.15,818.85,819.48,820.12,818.85,0.155,23.0,0.035,0,2026-08-21,2026-08-24,False,False,5.0,2026-08-24T15:06:59+05:30
CRISIL,4501.95,TOUCHED,-0.55,below,4477.4,4501.95,4506.13,4510.32,4501.95,0.186,23.3,0.049,0,2026-08-21,2026-08-24,False,False,5.0,2026-08-24T15:06:59+05:30
ECLERX,1813.28,TOUCHED,0.64,above,1824.8,1813.28,1810.87,1813.28,1808.45,0.267,23.3,0.039,0,2026-08-21,2026-08-24,False,False,5.0,2026-08-24T15:06:59+05:30
DEEPAKNTR,1742.55,TOUCHED,-1.01,below,1725.0,1742.55,1744.07,1745.58,1742.55,0.174,23.6,0.029,0,2026-08-21,2026-08-24,False,False,5.0,2026-08-24T15:06:59+05:30
RHIM,374.86,TOUCHED,0.05,above,375.05,374.86,374.47,374.86,374.07,0.209,23.6,0.029,0,2026-08-21,2026-08-24,False,False,5.0,2026-08-24T15:06:59+05:30
MCX,3180.57,TOUCHED,2.14,above,3248.5,3180.57,3176.13,3180.57,3171.7,0.279,23.8,0.058,0,2026-08-21,2026-08-24,False,False,5.0,2026-08-24T15:06:59+05:30
GRAVITA,1815.75,TOUCHED,-0.26,below,1811.0,1815.75,1817.73,1819.72,1815.75,0.218,24.7,0.033,0,2026-08-21,2026-08-24,False,False,5.0,2026-08-24T15:06:59+05:30
AXISBANK,1246.67,TOUCHED,-0.88,below,1235.7,1246.67,1247.53,1248.4,1246.67,0.139,24.9,0.024,0,2026-08-21,2026-08-24,False,False,5.0,2026-08-24T15:06:59+05:30
BANDHANBNK,175.28,TOUCHED,-0.86,below,173.76,175.28,175.45,175.62,175.28,0.199,24.9,0.026,0,2026-08-21,2026-08-24,False,False,5.0,2026-08-24T15:06:59+05:30
HEG,713.50,TOUCHED,1.35,above,723.15,713.5,712.58,713.5,711.67,0.257,24.9,0.043,0,2026-08-21,2026-08-24,False,False,5.0,2026-08-24T15:06:59+05:30
IPCALAB,1909.32,TOUCHED,0.66,above,1921.9,1909.32,1907.43,1909.32,1905.55,0.197,24.9,0.032,0,2026-08-21,2026-08-24,False,False,5.0,2026-08-24T15:06:59+05:30
ZEEL,107.71,TOUCHED,-3.27,below,104.19,107.71,107.84,107.97,107.71,0.244,24.9,0.045,0,2026-08-21,2026-08-24,False,False,5.0,2026-08-24T15:06:59+05:30
SRF,2576.47,TOUCHED,0.05,inside,2577.8,2576.47,2576.47,2578.75,2574.18,0.177,25.2,0.028,0,2026-08-21,2026-08-24,False,False,5.0,2026-08-24T15:06:59+05:30
BIKAJI,606.18,TOUCHED,-0.39,below,603.8,606.18,606.62,607.05,606.18,0.143,25.5,0.018,0,2026-08-21,2026-08-24,False,False,5.0,2026-08-24T15:06:59+05:30
AMBER,7341.00,TOUCHED,0.5,above,7377.5,7341.0,7332.0,7341.0,7323.0,0.245,25.8,0.031,0,2026-08-21,2026-08-24,False,False,5.0,2026-08-24T15:06:59+05:30
FORCEMOT,17803.50,TOUCHED,-0.99,below,17628.0,17803.5,17837.0,17870.5,17803.5,0.376,25.8,0.052,0,2026-08-21,2026-08-24,False,False,5.0,2026-08-24T15:06:59+05:30
MOTILALOFS,988.76,TOUCHED,0.95,above,998.15,988.76,987.52,988.76,986.27,0.251,25.8,0.045,0,2026-08-21,2026-08-24,False,False,5.0,2026-08-24T15:06:59+05:30
APLAPOLLO,2144.25,TOUCHED,0.07,above,2145.7,2144.25,2142.5,2144.25,2140.75,0.163,26.3,0.017,0,2026-08-21,2026-08-24,False,False,5.0,2026-08-24T15:06:59+05:30
ABSLAMC,1004.60,TOUCHED,-0.57,below,998.9,1004.6,1005.87,1007.13,1004.6,0.252,26.6,0.033,0,2026-08-21,2026-08-24,False,False,5.0,2026-08-24T15:06:59+05:30
OFSS,11736.00,TOUCHED,-2.36,below,11459.0,11736.0,11748.0,11760.0,11736.0,0.204,26.6,0.029,0,2026-08-21,2026-08-24,False,False,5.0,2026-08-24T15:06:59+05:30
ABDL,594.03,TOUCHED,2.55,above,609.2,594.03,593.07,594.03,592.1,0.326,26.8,0.075,0,2026-08-21,2026-08-24,False,False,5.0,2026-08-24T15:06:59+05:30
BAJAJ-AUTO,11725.00,TOUCHED,0.49,above,11782.0,11725.0,11716.67,11725.0,11708.33,0.142,26.8,0.028,0,2026-08-21,2026-08-24,False,False,5.0,2026-08-24T15:06:59+05:30
KPIL,1399.45,TOUCHED,-0.7,below,1389.7,1399.45,1401.13,1402.82,1399.45,0.24,26.8,0.041,0,2026-08-21,2026-08-24,False,False,5.0,2026-08-24T15:06:59+05:30
LICHSGFIN,495.90,TOUCHED,-1.41,below,488.9,495.9,496.27,496.63,495.9,0.148,26.8,0.018,0,2026-08-21,2026-08-24,False,False,5.0,2026-08-24T15:06:59+05:30
TIINDIA,2889.35,TOUCHED,-0.74,below,2867.9,2889.35,2892.9,2896.45,2889.35,0.245,26.8,0.038,0,2026-08-21,2026-08-24,False,False,5.0,2026-08-24T15:06:59+05:30
EMMVEE,325.18,TOUCHED,0.04,inside,325.3,325.18,325.18,325.78,324.59,0.364,27.1,0.043,0,2026-08-21,2026-08-24,False,False,5.0,2026-08-24T15:06:59+05:30
INDUSINDBK,1004.53,TOUCHED,0.95,above,1014.1,1004.53,1003.47,1004.53,1002.4,0.213,27.1,0.031,0,2026-08-21,2026-08-24,False,False,5.0,2026-08-24T15:06:59+05:30
IRFC,86.48,TOUCHED,-0.6,below,85.96,86.48,86.56,86.64,86.48,0.185,27.1,0.033,0,2026-08-21,2026-08-24,False,False,5.0,2026-08-24T15:06:59+05:30
KAJARIACER,1209.73,TOUCHED,-0.52,below,1203.5,1209.73,1210.97,1212.2,1209.73,0.204,27.1,0.029,0,2026-08-21,2026-08-24,False,False,5.0,2026-08-24T15:06:59+05:30
BERGEPAINT,524.97,TOUCHED,-1.7,below,516.05,524.97,525.53,526.1,524.97,0.216,27.7,0.013,0,2026-08-21,2026-08-24,False,False,5.0,2026-08-24T15:06:59+05:30
JIOFIN,244.22,TOUCHED,-0.56,below,242.85,244.22,244.43,244.65,244.22,0.177,28.2,0.022,0,2026-08-21,2026-08-24,False,False,5.0,2026-08-24T15:06:59+05:30
PARADEEP,149.00,TOUCHED,0.07,inside,149.1,149.0,149.0,149.26,148.74,0.347,28.2,0.036,0,2026-08-21,2026-08-24,False,False,5.0,2026-08-24T15:06:59+05:30
SWANCORP,304.28,TOUCHED,-0.78,below,301.9,304.28,304.7,305.12,304.28,0.279,28.2,0.034,0,2026-08-21,2026-08-24,False,False,5.0,2026-08-24T15:06:59+05:30
ANANDRATHI,2182.50,TOUCHED,-0.56,below,2170.3,2182.5,2184.33,2186.17,2182.5,0.168,28.5,0.022,0,2026-08-21,2026-08-24,False,False,5.0,2026-08-24T15:06:59+05:30
ASTRAL,1531.83,TOUCHED,0.06,inside,1532.7,1531.83,1531.83,1533.5,1530.17,0.218,28.8,0.032,0,2026-08-21,2026-08-24,False,False,5.0,2026-08-24T15:06:59+05:30
GRASIM,3300.55,TOUCHED,-0.84,below,3272.8,3300.55,3303.03,3305.52,3300.55,0.15,28.8,0.017,0,2026-08-21,2026-08-24,False,False,5.0,2026-08-24T15:06:59+05:30
IDEA,14.01,TOUCHED,0.61,above,14.09,14.01,13.98,14.01,13.96,0.31,29.0,0.046,0,2026-08-21,2026-08-24,False,False,5.0,2026-08-24T15:06:59+05:30
TIMKEN,3123.00,TOUCHED,-1.33,below,3081.4,3123.0,3126.7,3130.4,3123.0,0.237,29.0,0.05,0,2026-08-21,2026-08-24,False,False,5.0,2026-08-24T15:06:59+05:30
COLPAL,1890.67,TOUCHED,-0.59,below,1879.5,1890.67,1892.33,1894.0,1890.67,0.176,29.6,0.024,0,2026-08-21,2026-08-24,False,False,5.0,2026-08-24T15:06:59+05:30
LLOYDSME,1868.83,TOUCHED,-1.85,below,1834.3,1868.83,1871.77,1874.7,1868.83,0.313,29.6,0.033,0,2026-08-21,2026-08-24,False,False,5.0,2026-08-24T15:06:59+05:30
J&KBANK,148.38,TOUCHED,-1.35,below,146.37,148.38,148.59,148.8,148.38,0.285,29.9,0.029,0,2026-08-21,2026-08-24,False,False,5.0,2026-08-24T15:06:59+05:30
SONATSOFTW,305.57,TOUCHED,0.53,above,307.2,305.57,305.05,305.57,304.52,0.344,29.9,0.026,0,2026-08-21,2026-08-24,False,False,5.0,2026-08-24T15:06:59+05:30
UCOBANK,25.81,TOUCHED,0.48,above,25.93,25.81,25.78,25.81,25.75,0.22,30.1,0.013,0,2026-08-21,2026-08-24,False,False,5.0,2026-08-24T15:06:59+05:30
ASTERDM,758.97,TOUCHED,-1.02,below,751.2,758.97,759.83,760.69,758.97,0.226,30.4,0.028,0,2026-08-21,2026-08-24,False,False,5.0,2026-08-24T15:06:59+05:30
GAIL,172.28,TOUCHED,-0.01,inside,172.27,172.28,172.28,172.43,172.14,0.164,30.4,0.015,0,2026-08-21,2026-08-24,False,False,5.0,2026-08-24T15:06:59+05:30
GLENMARK,2325.80,TOUCHED,2.58,above,2385.7,2325.8,2323.17,2325.8,2320.53,0.227,30.4,0.035,0,2026-08-21,2026-08-24,False,False,5.0,2026-08-24T15:06:59+05:30
LODHA,1247.10,TOUCHED,0.76,above,1256.6,1247.1,1245.4,1247.1,1243.7,0.273,30.4,0.035,0,2026-08-21,2026-08-24,False,False,5.0,2026-08-24T15:06:59+05:30
GODREJPROP,2032.17,TOUCHED,0.29,above,2038.0,2032.17,2029.33,2032.17,2026.5,0.279,30.7,0.048,0,2026-08-21,2026-08-24,False,False,5.0,2026-08-24T15:06:59+05:30
SHRIRAMFIN,1131.22,TOUCHED,-1.52,below,1114.0,1131.22,1132.43,1133.65,1131.22,0.215,30.7,0.033,0,2026-08-21,2026-08-24,False,False,5.0,2026-08-24T15:06:59+05:30
LINDEINDIA,6678.83,TOUCHED,-2.38,below,6520.0,6678.83,6685.67,6692.5,6678.83,0.204,31.0,0.025,0,2026-08-21,2026-08-24,False,False,5.0,2026-08-24T15:06:59+05:30
UTIAMC,894.07,TOUCHED,-0.7,below,887.8,894.07,895.08,896.1,894.07,0.227,31.0,0.036,0,2026-08-21,2026-08-24,False,False,5.0,2026-08-24T15:06:59+05:30
ELECON,449.10,TOUCHED,-1.59,below,441.95,449.1,449.92,450.73,449.1,0.363,31.2,0.036,0,2026-08-21,2026-08-24,False,False,5.0,2026-08-24T15:06:59+05:30
PWL,121.34,TOUCHED,-0.04,inside,121.29,121.34,121.34,121.6,121.09,0.423,31.2,0.076,0,2026-08-21,2026-08-24,False,False,5.0,2026-08-24T15:06:59+05:30
ELGIEQUIP,631.52,TOUCHED,-1.42,below,622.55,631.52,632.47,633.41,631.52,0.298,31.5,0.04,0,2026-08-21,2026-08-24,False,False,5.0,2026-08-24T15:06:59+05:30
NEULANDLAB,23342.17,TOUCHED,-1.92,below,22893.0,23342.17,23383.33,23424.5,23342.17,0.352,32.1,0.032,0,2026-08-21,2026-08-24,False,False,5.0,2026-08-24T15:06:59+05:30
SJVN,65.86,TOUCHED,-0.01,inside,65.85,65.86,65.86,65.93,65.78,0.227,32.1,0.027,0,2026-08-21,2026-08-24,False,False,5.0,2026-08-24T15:06:59+05:30
TATASTEEL,183.47,TOUCHED,1.13,above,185.54,183.47,183.31,183.47,183.16,0.171,32.1,0.019,0,2026-08-21,2026-08-24,False,False,5.0,2026-08-24T15:06:59+05:30
TMCV,473.22,TOUCHED,-0.02,below,473.15,473.22,473.9,474.57,473.22,0.285,32.1,0.024,0,2026-08-21,2026-08-24,False,False,5.0,2026-08-24T15:06:59+05:30
BOSCHLTD,48249.17,TOUCHED,-0.63,below,47945.0,48249.17,48298.33,48347.5,48249.17,0.204,32.3,0.029,0,2026-08-21,2026-08-24,False,False,5.0,2026-08-24T15:06:59+05:30
GILLETTE,7446.44,TOUCHED,-0.62,below,7400.0,7446.44,7454.37,7462.31,7446.44,0.213,32.3,0.026,0,2026-08-21,2026-08-24,False,False,5.0,2026-08-24T15:06:59+05:30
M&MFIN,382.11,TOUCHED,-0.91,below,378.65,382.11,382.62,383.12,382.11,0.266,32.3,0.037,0,2026-08-21,2026-08-24,False,False,5.0,2026-08-24T15:06:59+05:30
NEWGEN,525.27,TOUCHED,0.41,above,527.45,525.27,524.42,525.27,523.56,0.327,32.6,0.034,0,2026-08-21,2026-08-24,False,False,5.0,2026-08-24T15:06:59+05:30
CESC,155.28,TOUCHED,-0.05,below,155.2,155.28,155.47,155.65,155.28,0.242,32.9,0.037,0,2026-08-21,2026-08-24,False,False,5.0,2026-08-24T15:06:59+05:30
TATACAP,364.69,TOUCHED,0.0,above,364.7,364.69,364.33,364.69,363.98,0.197,33.3,0.016,0,2026-08-21,2026-08-24,False,False,5.0,2026-08-24T15:06:59+05:30
CHOICEIN,809.52,TOUCHED,-1.17,below,800.05,809.52,810.45,811.38,809.52,0.228,33.4,0.023,0,2026-08-21,2026-08-24,False,False,5.0,2026-08-24T15:06:59+05:30
POWERINDIA,34000.00,TOUCHED,-1.25,below,33575.0,34000.0,34063.33,34126.67,34000.0,0.372,33.4,0.055,0,2026-08-21,2026-08-24,False,False,5.0,2026-08-24T15:06:59+05:30
TECHM,1585.75,TOUCHED,-0.69,below,1574.8,1585.75,1587.5,1589.25,1585.75,0.22,33.4,0.034,0,2026-08-21,2026-08-24,False,False,5.0,2026-08-24T15:06:59+05:30
HINDPETRO,364.62,TOUCHED,1.67,above,370.7,364.62,364.17,364.62,363.71,0.252,33.7,0.034,0,2026-08-21,2026-08-24,False,False,5.0,2026-08-24T15:06:59+05:30
CASTROLIND,187.90,TOUCHED,-0.42,below,187.11,187.9,188.03,188.15,187.9,0.137,34.2,0.014,0,2026-08-21,2026-08-24,False,False,5.0,2026-08-24T15:06:59+05:30
SHREECEM,24212.50,TOUCHED,-0.92,below,23990.0,24212.5,24235.0,24257.5,24212.5,0.186,34.2,0.013,0,2026-08-21,2026-08-24,False,False,5.0,2026-08-24T15:06:59+05:30
CENTRALBK,31.21,TOUCHED,0.09,inside,31.24,31.21,31.21,31.25,31.18,0.246,34.5,0.034,0,2026-08-21,2026-08-24,False,False,5.0,2026-08-24T15:06:59+05:30
HUDCO,186.93,TOUCHED,0.33,above,187.55,186.93,186.65,186.93,186.37,0.302,34.5,0.035,0,2026-08-21,2026-08-24,False,False,5.0,2026-08-24T15:06:59+05:30
AARTIIND,526.48,TOUCHED,3.04,above,542.5,526.48,525.77,526.48,525.05,0.273,35.1,0.033,0,2026-08-21,2026-08-24,False,False,5.0,2026-08-24T15:06:59+05:30
ACC,1308.55,TOUCHED,-0.75,below,1298.7,1308.55,1309.7,1310.85,1308.55,0.176,35.3,0.035,0,2026-08-21,2026-08-24,False,False,5.0,2026-08-24T15:06:59+05:30
JUBLINGREA,715.00,TOUCHED,-1.08,below,707.3,715.0,716.12,717.23,715.0,0.312,35.3,0.034,0,2026-08-21,2026-08-24,False,False,5.0,2026-08-24T15:06:59+05:30
PATANJALI,348.31,TOUCHED,-0.03,below,348.2,348.31,348.62,348.93,348.31,0.177,35.6,0.019,0,2026-08-21,2026-08-24,False,False,5.0,2026-08-24T15:06:59+05:30
TATAPOWER,374.67,TOUCHED,-0.79,below,371.7,374.67,375.03,375.4,374.67,0.196,35.6,0.023,0,2026-08-21,2026-08-24,False,False,5.0,2026-08-24T15:06:59+05:30
ABLBL,86.26,TOUCHED,-1.12,below,85.3,86.26,86.41,86.55,86.26,0.332,36.0,0.055,0,2026-08-21,2026-08-24,False,False,5.0,2026-08-24T15:06:59+05:30
TRAVELFOOD,1309.17,TOUCHED,-0.23,below,1306.2,1309.17,1311.13,1313.1,1309.17,0.3,36.0,0.032,0,2026-08-21,2026-08-24,False,False,5.0,2026-08-24T15:06:59+05:30
GROWW,197.45,TOUCHED,-0.58,below,196.3,197.45,197.88,198.32,197.45,0.441,36.2,0.032,0,2026-08-21,2026-08-24,False,False,5.0,2026-08-24T15:06:59+05:30
UNOMINDA,1259.50,TOUCHED,-0.81,below,1249.3,1259.5,1261.33,1263.17,1259.5,0.291,36.2,0.049,0,2026-08-21,2026-08-24,False,False,5.0,2026-08-24T15:06:59+05:30
DATAPATTNS,4841.62,TOUCHED,-2.1,below,4740.0,4841.62,4853.33,4865.05,4841.62,0.483,36.4,0.075,0,2026-08-21,2026-08-24,False,False,5.0,2026-08-24T15:06:59+05:30
RECLTD,327.06,TOUCHED,-0.14,below,326.6,327.06,327.47,327.88,327.06,0.249,36.7,0.016,0,2026-08-21,2026-08-24,False,False,5.0,2026-08-24T15:06:59+05:30
SWIGGY,281.94,TOUCHED,0.32,above,282.85,281.94,281.38,281.94,280.82,0.397,36.7,0.045,0,2026-08-21,2026-08-24,False,False,5.0,2026-08-24T15:06:59+05:30
BELRISE,232.17,TOUCHED,-1.28,below,229.2,232.17,232.57,232.97,232.17,0.344,37.0,0.036,0,2026-08-21,2026-08-24,False,False,5.0,2026-08-24T15:06:59+05:30
EMCURE,1866.00,TOUCHED,-0.86,below,1850.0,1866.0,1869.0,1872.0,1866.0,0.321,37.0,0.027,0,2026-08-21,2026-08-24,False,False,5.0,2026-08-24T15:06:59+05:30
JSWDULUX,3114.98,TOUCHED,0.16,above,3120.0,3114.98,3111.17,3114.98,3107.35,0.245,37.5,0.022,0,2026-08-21,2026-08-24,False,False,5.0,2026-08-24T15:06:59+05:30
LT,4084.80,TOUCHED,0.01,inside,4085.1,4084.8,4084.8,4088.9,4080.7,0.201,37.5,0.024,0,2026-08-21,2026-08-24,False,False,5.0,2026-08-24T15:06:59+05:30
ATHERENERG,1455.53,TOUCHED,-0.1,inside,1454.1,1455.53,1455.53,1458.77,1452.3,0.444,37.6,0.063,0,2026-08-21,2026-08-24,False,False,5.0,2026-08-24T15:06:59+05:30
EXIDEIND,460.22,TOUCHED,-1.51,below,453.25,460.22,460.83,461.45,460.22,0.268,37.8,0.027,0,2026-08-21,2026-08-24,False,False,5.0,2026-08-24T15:06:59+05:30
MAHABANK,80.61,TOUCHED,0.05,above,80.65,80.61,80.49,80.61,80.38,0.29,37.8,0.042,0,2026-08-21,2026-08-24,False,False,5.0,2026-08-24T15:06:59+05:30
DIXON,14772.00,TOUCHED,-1.43,below,14561.0,14772.0,14798.0,14824.0,14772.0,0.351,38.1,0.056,0,2026-08-21,2026-08-24,False,False,5.0,2026-08-24T15:06:59+05:30
GRANULES,855.52,TOUCHED,-0.15,inside,854.25,855.52,855.52,856.83,854.2,0.308,38.1,0.037,0,2026-08-21,2026-08-24,False,False,5.0,2026-08-24T15:06:59+05:30
JSWINFRA,335.25,TOUCHED,1.66,above,340.8,335.25,334.8,335.25,334.35,0.269,38.1,0.029,0,2026-08-21,2026-08-24,False,False,5.0,2026-08-24T15:06:59+05:30
AIIL,551.10,TOUCHED,0.32,above,552.85,551.1,549.95,551.1,548.8,0.418,38.4,0.055,0,2026-08-21,2026-08-24,False,False,5.0,2026-08-24T15:06:59+05:30
GMDCLTD,571.43,TOUCHED,-0.37,below,569.3,571.43,572.87,574.3,571.43,0.5,38.4,0.068,0,2026-08-21,2026-08-24,False,False,5.0,2026-08-24T15:06:59+05:30
IFCI,81.44,TOUCHED,1.01,above,82.26,81.44,81.26,81.44,81.09,0.435,38.4,0.1,0,2026-08-21,2026-08-24,False,False,5.0,2026-08-24T15:06:59+05:30
DABUR,399.20,TOUCHED,-0.38,below,397.7,399.2,399.63,400.07,399.2,0.217,38.6,0.033,0,2026-08-21,2026-08-24,False,False,5.0,2026-08-24T15:06:59+05:30
NAM-INDIA,1246.47,TOUCHED,-0.02,inside,1246.2,1246.47,1246.47,1248.73,1244.2,0.364,38.6,0.032,0,2026-08-21,2026-08-24,False,False,5.0,2026-08-24T15:06:59+05:30
NAUKRI,1352.23,TOUCHED,-0.99,below,1338.8,1352.23,1354.37,1356.5,1352.23,0.315,38.6,0.023,0,2026-08-21,2026-08-24,False,False,5.0,2026-08-24T15:06:59+05:30
DCMSHRIRAM,1083.83,TOUCHED,-0.83,below,1074.8,1083.83,1085.57,1087.3,1083.83,0.319,39.2,0.024,0,2026-08-21,2026-08-24,False,False,5.0,2026-08-24T15:06:59+05:30
WELSPUNLIV,188.82,TOUCHED,0.67,above,190.09,188.82,188.42,188.82,188.01,0.426,39.2,0.044,0,2026-08-21,2026-08-24,False,False,5.0,2026-08-24T15:06:59+05:30
LATENTVIEW,279.08,TOUCHED,0.01,inside,279.1,279.08,279.08,279.57,278.59,0.352,39.7,0.035,0,2026-08-21,2026-08-24,False,False,5.0,2026-08-24T15:06:59+05:30
PVRINOX,1223.00,TOUCHED,0.22,above,1225.7,1223.0,1220.93,1223.0,1218.87,0.339,39.7,0.029,0,2026-08-21,2026-08-24,False,False,5.0,2026-08-24T15:06:59+05:30
CIEINDIA,401.62,TOUCHED,-0.56,below,399.35,401.62,402.18,402.75,401.62,0.282,40.0,0.029,0,2026-08-21,2026-08-24,False,False,5.0,2026-08-24T15:06:59+05:30
SOBHA,1296.78,TOUCHED,-0.68,below,1288.0,1296.78,1298.97,1301.15,1296.78,0.336,40.0,0.029,0,2026-08-21,2026-08-24,False,False,5.0,2026-08-24T15:06:59+05:30
ANGELONE,288.45,TOUCHED,-1.18,below,285.05,288.45,289.1,289.75,288.45,0.45,40.3,0.029,0,2026-08-21,2026-08-24,False,False,5.0,2026-08-24T15:06:59+05:30
MAXHEALTH,995.05,TOUCHED,-1.05,below,984.6,995.05,996.7,998.35,995.05,0.331,40.5,0.037,0,2026-08-21,2026-08-24,False,False,5.0,2026-08-24T15:06:59+05:30
OLECTRA,1320.70,TOUCHED,-1.82,below,1296.6,1320.7,1323.0,1325.3,1320.7,0.348,40.5,0.033,0,2026-08-21,2026-08-24,False,False,5.0,2026-08-24T15:06:59+05:30
TATACONSUM,1053.35,TOUCHED,0.38,above,1057.4,1053.35,1051.9,1053.35,1050.45,0.276,40.5,0.027,0,2026-08-21,2026-08-24,False,False,5.0,2026-08-24T15:06:59+05:30
RELIANCE,1312.00,TOUCHED,-0.46,below,1305.9,1312.0,1313.33,1314.67,1312.0,0.203,40.8,0.024,0,2026-08-21,2026-08-24,False,False,5.0,2026-08-24T15:06:59+05:30
SCI,291.15,TOUCHED,-1.13,below,287.85,291.15,291.75,292.35,291.15,0.411,40.8,0.045,0,2026-08-21,2026-08-24,False,False,5.0,2026-08-24T15:06:59+05:30
SCHAEFFLER,4023.68,TOUCHED,-0.09,below,4020.0,4023.68,4029.47,4035.25,4023.68,0.287,41.1,0.035,0,2026-08-21,2026-08-24,False,False,5.0,2026-08-24T15:06:59+05:30
ADANIPORTS,1693.45,TOUCHED,-0.97,below,1677.1,1693.45,1695.63,1697.82,1693.45,0.258,41.4,0.02,0,2026-08-21,2026-08-24,False,False,5.0,2026-08-24T15:06:59+05:30
PGEL,602.05,TOUCHED,-0.68,below,597.95,602.05,603.55,605.05,602.05,0.497,41.4,0.054,0,2026-08-21,2026-08-24,False,False,5.0,2026-08-24T15:06:59+05:30
PIDILITIND,1652.50,TOUCHED,0.02,inside,1652.8,1652.5,1652.5,1654.25,1650.75,0.212,41.4,0.026,0,2026-08-21,2026-08-24,False,False,5.0,2026-08-24T15:06:59+05:30
AIAENG,4356.02,TOUCHED,-1.74,below,4280.2,4356.02,4363.13,4370.25,4356.02,0.326,42.5,0.041,0,2026-08-21,2026-08-24,False,False,5.0,2026-08-24T15:06:59+05:30
PREMIERENE,1055.02,TOUCHED,-2.79,below,1025.6,1055.02,1057.03,1059.05,1055.02,0.382,42.7,0.031,0,2026-08-21,2026-08-24,False,False,5.0,2026-08-24T15:06:59+05:30
CHOLAFIN,1866.12,TOUCHED,-1.61,below,1836.1,1866.12,1869.33,1872.55,1866.12,0.344,43.0,0.041,0,2026-08-21,2026-08-24,False,False,5.0,2026-08-24T15:06:59+05:30
APTUS,256.20,TOUCHED,-0.84,below,254.05,256.2,256.72,257.23,256.2,0.403,43.6,0.026,0,2026-08-21,2026-08-24,False,False,5.0,2026-08-24T15:06:59+05:30
BALKRISIND,2360.55,TOUCHED,0.13,above,2363.7,2360.55,2357.3,2360.55,2354.05,0.276,43.6,0.027,0,2026-08-21,2026-08-24,False,False,5.0,2026-08-24T15:06:59+05:30
CAPLIPOINT,2547.30,TOUCHED,-1.86,below,2500.0,2547.3,2551.8,2556.3,2547.3,0.353,43.6,0.032,0,2026-08-21,2026-08-24,False,False,5.0,2026-08-24T15:06:59+05:30
BIOCON,413.50,TOUCHED,-0.98,below,409.45,413.5,414.18,414.87,413.5,0.33,43.8,0.03,0,2026-08-21,2026-08-24,False,False,5.0,2026-08-24T15:06:59+05:30
MRPL,175.46,TOUCHED,-0.77,below,174.11,175.46,175.91,176.36,175.46,0.51,43.8,0.056,0,2026-08-21,2026-08-24,False,False,5.0,2026-08-24T15:06:59+05:30
RKFORGE,738.50,TOUCHED,-1.29,below,729.0,738.5,739.95,741.4,738.5,0.392,43.8,0.044,0,2026-08-21,2026-08-24,False,False,5.0,2026-08-24T15:06:59+05:30
SUZLON,46.80,TOUCHED,-0.12,below,46.74,46.8,46.88,46.97,46.8,0.37,43.8,0.033,0,2026-08-21,2026-08-24,False,False,5.0,2026-08-24T15:06:59+05:30
BLS,271.85,TOUCHED,-11.62,below,240.27,271.85,272.4,272.96,271.85,0.409,44.1,0.032,0,2026-08-21,2026-08-24,False,False,5.0,2026-08-24T15:06:59+05:30
CUB,217.77,TOUCHED,-2.62,below,212.06,217.77,218.25,218.72,217.77,0.434,44.1,0.034,0,2026-08-21,2026-08-24,False,False,5.0,2026-08-24T15:06:59+05:30
EMAMILTD,404.55,TOUCHED,1.09,above,408.95,404.55,403.9,404.55,403.25,0.322,44.1,0.022,0,2026-08-21,2026-08-24,False,False,5.0,2026-08-24T15:06:59+05:30
INTELLECT,688.05,TOUCHED,0.03,inside,688.25,688.05,688.05,689.65,686.45,0.465,44.1,0.042,0,2026-08-21,2026-08-24,False,False,5.0,2026-08-24T15:06:59+05:30
ABFRL,54.46,TOUCHED,-0.71,below,54.07,54.46,54.56,54.67,54.46,0.391,44.4,0.025,0,2026-08-21,2026-08-24,False,False,5.0,2026-08-24T15:06:59+05:30
BHARTIHEXA,1599.50,TOUCHED,0.46,above,1606.8,1599.5,1596.73,1599.5,1593.97,0.347,44.4,0.038,0,2026-08-21,2026-08-24,False,False,5.0,2026-08-24T15:06:59+05:30
EIHOTEL,301.32,TOUCHED,-0.36,below,300.25,301.32,301.8,302.27,301.32,0.315,44.4,0.03,0,2026-08-21,2026-08-24,False,False,5.0,2026-08-24T15:06:59+05:30
IOB,33.16,TOUCHED,0.08,above,33.19,33.16,33.11,33.16,33.06,0.312,44.4,0.034,0,2026-08-21,2026-08-24,False,False,5.0,2026-08-24T15:06:59+05:30
KALYANKJIL,602.27,TOUCHED,0.99,above,608.2,602.27,600.98,602.27,599.7,0.427,44.7,0.039,0,2026-08-21,2026-08-24,False,False,5.0,2026-08-24T15:06:59+05:30
PRESTIGE,1627.55,TOUCHED,0.2,above,1630.8,1627.55,1624.1,1627.55,1620.65,0.425,44.7,0.056,0,2026-08-21,2026-08-24,False,False,5.0,2026-08-24T15:06:59+05:30
AAVAS,1357.80,TOUCHED,-1.58,below,1336.4,1357.8,1360.3,1362.8,1357.8,0.368,45.2,0.027,0,2026-08-21,2026-08-24,False,False,5.0,2026-08-24T15:06:59+05:30
CLEAN,828.70,TOUCHED,0.08,inside,829.4,828.7,828.7,830.3,827.1,0.386,45.5,0.026,0,2026-08-21,2026-08-24,False,False,5.0,2026-08-24T15:06:59+05:30
ICICIGI,1621.77,TOUCHED,-0.05,inside,1620.9,1621.77,1621.77,1624.15,1619.38,0.294,45.5,0.022,0,2026-08-21,2026-08-24,False,False,5.0,2026-08-24T15:06:59+05:30
SUNTV,472.92,TOUCHED,-1.02,below,468.1,472.92,473.78,474.65,472.92,0.366,45.8,0.024,0,2026-08-21,2026-08-24,False,False,5.0,2026-08-24T15:06:59+05:30
BEL,412.30,TOUCHED,-0.84,below,408.85,412.3,412.87,413.43,412.3,0.275,46.0,0.024,0,2026-08-21,2026-08-24,False,False,5.0,2026-08-24T15:06:59+05:30
GLAND,2824.52,TOUCHED,-0.81,below,2801.6,2824.52,2829.73,2834.95,2824.52,0.369,46.0,0.04,0,2026-08-21,2026-08-24,False,False,5.0,2026-08-24T15:06:59+05:30
IGIL,337.34,TOUCHED,0.79,above,340.0,337.34,336.63,337.34,335.92,0.423,46.0,0.029,0,2026-08-21,2026-08-24,False,False,5.0,2026-08-24T15:06:59+05:30
RBLBANK,390.23,TOUCHED,-0.79,below,387.15,390.23,390.98,391.74,390.23,0.388,46.0,0.032,0,2026-08-21,2026-08-24,False,False,5.0,2026-08-24T15:06:59+05:30
ICICIAMC,3248.60,TOUCHED,-0.45,below,3234.0,3248.6,3255.63,3262.67,3248.6,0.432,46.2,0.033,0,2026-08-21,2026-08-24,False,False,5.0,2026-08-24T15:06:59+05:30
PETRONET,292.54,TOUCHED,0.34,above,293.55,292.54,292.08,292.54,291.62,0.314,46.3,0.025,0,2026-08-21,2026-08-24,False,False,5.0,2026-08-24T15:06:59+05:30
STARHEALTH,575.40,TOUCHED,-0.59,below,572.0,575.4,576.43,577.47,575.4,0.359,46.3,0.024,0,2026-08-21,2026-08-24,False,False,5.0,2026-08-24T15:06:59+05:30
JWL,248.08,TOUCHED,-0.11,inside,247.8,248.08,248.08,248.62,247.54,0.437,46.8,0.042,0,2026-08-21,2026-08-24,False,False,5.0,2026-08-24T15:06:59+05:30
VOLTAS,1232.72,TOUCHED,0.44,above,1238.1,1232.72,1230.43,1232.72,1228.15,0.371,46.8,0.038,0,2026-08-21,2026-08-24,False,False,5.0,2026-08-24T15:06:59+05:30
ABCAPITAL,411.23,TOUCHED,0.09,inside,411.6,411.23,411.23,412.12,410.35,0.43,47.4,0.038,0,2026-08-21,2026-08-24,False,False,5.0,2026-08-24T15:06:59+05:30
ERIS,1325.60,TOUCHED,0.02,above,1325.8,1325.6,1323.0,1325.6,1320.4,0.393,47.4,0.03,0,2026-08-21,2026-08-24,False,False,5.0,2026-08-24T15:06:59+05:30
ICICIBANK,1415.60,TOUCHED,-0.19,below,1412.9,1415.6,1417.07,1418.53,1415.6,0.207,47.4,0.023,0,2026-08-21,2026-08-24,False,False,5.0,2026-08-24T15:06:59+05:30
NTPCGREEN,91.59,TOUCHED,-0.17,below,91.43,91.59,91.74,91.9,91.59,0.338,47.7,0.015,0,2026-08-21,2026-08-24,False,False,5.0,2026-08-24T15:06:59+05:30
KAYNES,3867.10,TOUCHED,-0.04,inside,3865.6,3867.1,3867.1,3878.55,3855.65,0.592,47.9,0.046,0,2026-08-21,2026-08-24,False,False,5.0,2026-08-24T15:06:59+05:30
MAZDOCK,2557.67,TOUCHED,-0.71,below,2539.6,2557.67,2563.33,2569.0,2557.67,0.442,47.9,0.042,0,2026-08-21,2026-08-24,False,False,5.0,2026-08-24T15:06:59+05:30
TECHNOE,994.80,TOUCHED,0.42,above,999.0,994.8,992.35,994.8,989.9,0.494,47.9,0.05,0,2026-08-21,2026-08-24,False,False,5.0,2026-08-24T15:06:59+05:30
BEML,1940.25,TOUCHED,-1.53,below,1910.6,1940.25,1945.1,1949.95,1940.25,0.499,48.2,0.025,0,2026-08-21,2026-08-24,False,False,5.0,2026-08-24T15:06:59+05:30
CHALET,860.18,TOUCHED,0.92,above,868.05,860.18,858.4,860.18,856.62,0.414,48.2,0.024,0,2026-08-21,2026-08-24,False,False,5.0,2026-08-24T15:06:59+05:30
INFY,1124.17,TOUCHED,-0.03,inside,1123.8,1124.17,1124.17,1125.75,1122.58,0.282,48.2,0.029,0,2026-08-21,2026-08-24,False,False,5.0,2026-08-24T15:06:59+05:30
DRREDDY,1179.55,TOUCHED,0.89,above,1190.0,1179.55,1177.93,1179.55,1176.32,0.274,48.5,0.017,0,2026-08-21,2026-08-24,False,False,5.0,2026-08-24T15:06:59+05:30
ABBOTINDIA,26190.00,TOUCHED,0.8,above,26400.0,26190.0,26150.0,26190.0,26110.0,0.306,49.0,0.034,0,2026-08-21,2026-08-24,False,False,5.0,2026-08-24T15:06:59+05:30
ASIANPAINT,2629.75,TOUCHED,-0.04,below,2628.8,2629.75,2633.17,2636.58,2629.75,0.26,49.0,0.021,0,2026-08-21,2026-08-24,False,False,5.0,2026-08-24T15:06:59+05:30
CANBK,129.23,TOUCHED,-1.68,below,127.06,129.23,129.47,129.72,129.23,0.376,49.0,0.023,0,2026-08-21,2026-08-24,False,False,5.0,2026-08-24T15:06:59+05:30
JPPOWER,17.14,TOUCHED,-0.13,below,17.12,17.14,17.18,17.22,17.14,0.485,49.0,0.037,0,2026-08-21,2026-08-24,False,False,5.0,2026-08-24T15:06:59+05:30
NHPC,76.28,TOUCHED,-0.03,below,76.25,76.28,76.4,76.52,76.28,0.327,49.3,0.035,0,2026-08-21,2026-08-24,False,False,5.0,2026-08-24T15:06:59+05:30
SHYAMMETL,989.95,TOUCHED,0.89,above,998.8,989.95,988.27,989.95,986.58,0.341,49.6,0.015,0,2026-08-21,2026-08-24,False,False,5.0,2026-08-24T15:06:59+05:30
FORTIS,912.08,TOUCHED,0.02,above,912.25,912.08,910.42,912.08,908.76,0.364,49.9,0.031,0,2026-08-21,2026-08-24,False,False,5.0,2026-08-24T15:06:59+05:30
INOXWIND,73.78,TOUCHED,-0.32,below,73.54,73.78,73.96,74.13,73.78,0.482,49.9,0.041,0,2026-08-21,2026-08-24,False,False,5.0,2026-08-24T15:06:59+05:30
ITC,269.70,TOUCHED,-0.57,below,268.15,269.7,270.0,270.3,269.7,0.222,49.9,0.021,0,2026-08-21,2026-08-24,False,False,5.0,2026-08-24T15:06:59+05:30
CONCOR,515.89,TOUCHED,-0.2,below,514.85,515.89,516.73,517.58,515.89,0.326,50.1,0.034,0,2026-08-21,2026-08-24,False,False,5.0,2026-08-24T15:06:59+05:30
VTL,600.08,TOUCHED,-0.11,inside,599.45,600.08,600.08,601.49,598.67,0.469,51.0,0.031,0,2026-08-21,2026-08-24,False,False,5.0,2026-08-24T15:06:59+05:30
LAURUSLABS,1805.78,TOUCHED,-0.43,below,1798.0,1805.78,1809.57,1813.35,1805.78,0.418,51.2,0.018,0,2026-08-21,2026-08-24,False,False,5.0,2026-08-24T15:06:59+05:30
GRSE,2609.80,TOUCHED,-0.64,below,2593.2,2609.8,2618.1,2626.4,2609.8,0.634,51.5,0.074,0,2026-08-21,2026-08-24,False,False,5.0,2026-08-24T15:06:59+05:30
RAMCOCEM,902.52,TOUCHED,-0.07,inside,901.85,902.52,902.52,904.25,900.78,0.384,51.5,0.045,0,2026-08-21,2026-08-24,False,False,5.0,2026-08-24T15:06:59+05:30
COROMANDEL,2000.87,TOUCHED,-3.61,below,1928.7,2000.87,2005.63,2010.4,2000.87,0.475,51.8,0.035,0,2026-08-21,2026-08-24,False,False,5.0,2026-08-24T15:06:59+05:30
INDUSTOWER,375.05,TOUCHED,0.28,above,376.1,375.05,374.35,375.05,373.65,0.374,51.8,0.022,0,2026-08-21,2026-08-24,False,False,5.0,2026-08-24T15:06:59+05:30
MRF,133307.50,TOUCHED,0.74,above,134300.0,133307.5,133093.33,133307.5,132879.17,0.322,51.8,0.035,0,2026-08-21,2026-08-24,False,False,5.0,2026-08-24T15:06:59+05:30
PNBHOUSING,1172.70,TOUCHED,-0.84,below,1162.8,1172.7,1175.1,1177.5,1172.7,0.408,51.8,0.027,0,2026-08-21,2026-08-24,False,False,5.0,2026-08-24T15:06:59+05:30
HYUNDAI,2223.00,TOUCHED,-0.61,below,2209.5,2223.0,2227.2,2231.4,2223.0,0.377,52.1,0.026,0,2026-08-21,2026-08-24,False,False,5.0,2026-08-24T15:06:59+05:30
SAILIFE,1460.50,TOUCHED,-1.47,below,1439.0,1460.5,1463.6,1466.7,1460.5,0.424,52.1,0.04,0,2026-08-21,2026-08-24,False,False,5.0,2026-08-24T15:06:59+05:30
DIVISLAB,8557.75,TOUCHED,-0.58,below,8508.5,8557.75,8570.83,8583.92,8557.75,0.305,52.3,0.021,0,2026-08-21,2026-08-24,False,False,5.0,2026-08-24T15:06:59+05:30
HOMEFIRST,1196.80,TOUCHED,-0.66,below,1188.9,1196.8,1199.9,1203.0,1196.8,0.517,52.3,0.042,0,2026-08-21,2026-08-24,False,False,5.0,2026-08-24T15:06:59+05:30
KFINTECH,972.73,TOUCHED,-0.34,below,969.4,972.73,975.15,977.58,972.73,0.497,52.6,0.018,0,2026-08-21,2026-08-24,False,False,5.0,2026-08-24T15:06:59+05:30
JAINREC,296.93,TOUCHED,-0.82,below,294.5,296.93,298.0,299.07,296.93,0.721,52.9,0.062,0,2026-08-21,2026-08-24,False,False,5.0,2026-08-24T15:06:59+05:30
EICHERMOT,8022.08,TOUCHED,-0.09,below,8015.0,8022.08,8034.17,8046.25,8022.08,0.301,53.7,0.023,0,2026-08-21,2026-08-24,False,False,5.0,2026-08-24T15:06:59+05:30
SONACOMS,812.12,TOUCHED,-0.22,below,810.35,812.12,813.95,815.77,812.12,0.448,53.7,0.031,0,2026-08-21,2026-08-24,False,False,5.0,2026-08-24T15:06:59+05:30
NLCINDIA,271.90,TOUCHED,0.2,above,272.45,271.9,271.2,271.9,270.5,0.516,54.0,0.048,0,2026-08-21,2026-08-24,False,False,5.0,2026-08-24T15:06:59+05:30
M&M,3419.15,TOUCHED,-0.56,below,3400.1,3419.15,3426.1,3433.05,3419.15,0.406,54.5,0.026,0,2026-08-21,2026-08-24,False,False,5.0,2026-08-24T15:06:59+05:30
CHAMBLFERT,432.03,TOUCHED,-0.31,below,430.7,432.03,432.92,433.8,432.03,0.408,54.8,0.03,0,2026-08-21,2026-08-24,False,False,5.0,2026-08-24T15:06:59+05:30
MFSL,1575.65,TOUCHED,-0.15,below,1573.3,1575.65,1578.77,1581.88,1575.65,0.395,54.8,0.019,0,2026-08-21,2026-08-24,False,False,5.0,2026-08-24T15:06:59+05:30
PCBL,319.80,TOUCHED,0.28,above,320.7,319.8,319.05,319.8,318.3,0.47,54.8,0.057,0,2026-08-21,2026-08-24,False,False,5.0,2026-08-24T15:06:59+05:30
TMPV,318.48,TOUCHED,-1.77,below,312.85,318.48,319.07,319.65,318.48,0.366,54.8,0.02,0,2026-08-21,2026-08-24,False,False,5.0,2026-08-24T15:06:59+05:30
LGEINDIA,1632.50,TOUCHED,2.1,above,1666.8,1632.5,1629.43,1632.5,1626.37,0.376,54.9,0.011,0,2026-08-21,2026-08-24,False,False,5.0,2026-08-24T15:06:59+05:30
AUROPHARMA,1615.10,TOUCHED,-0.17,inside,1612.3,1615.1,1615.1,1618.2,1612.0,0.384,55.1,0.038,0,2026-08-21,2026-08-24,False,False,5.0,2026-08-24T15:06:59+05:30
HINDUNILVR,2020.57,TOUCHED,0.14,inside,2023.3,2020.57,2020.57,2023.35,2017.78,0.275,55.1,0.015,0,2026-08-21,2026-08-24,False,False,5.0,2026-08-24T15:06:59+05:30
MEESHO,206.35,TOUCHED,-0.65,below,205.0,206.35,207.0,207.66,206.35,0.634,55.1,0.029,0,2026-08-21,2026-08-24,False,False,5.0,2026-08-24T15:06:59+05:30
TATAELXSI,3685.30,TOUCHED,-0.49,below,3667.4,3685.3,3692.87,3700.43,3685.3,0.41,55.1,0.034,0,2026-08-21,2026-08-24,False,False,5.0,2026-08-24T15:06:59+05:30
CGPOWER,870.98,TOUCHED,0.08,inside,871.7,870.98,870.98,872.98,868.99,0.457,55.3,0.035,0,2026-08-21,2026-08-24,False,False,5.0,2026-08-24T15:06:59+05:30
TENNIND,571.05,TOUCHED,-2.99,below,554.0,571.05,572.75,574.45,571.05,0.594,55.5,0.018,0,2026-08-21,2026-08-24,False,False,5.0,2026-08-24T15:06:59+05:30
ADANIPOWER,204.17,TOUCHED,-0.45,below,203.24,204.17,204.61,205.06,204.17,0.435,55.6,0.05,0,2026-08-21,2026-08-24,False,False,5.0,2026-08-24T15:06:59+05:30
TVSMOTOR,4363.80,TOUCHED,-0.19,below,4355.6,4363.8,4372.53,4381.27,4363.8,0.399,55.6,0.019,0,2026-08-21,2026-08-24,False,False,5.0,2026-08-24T15:06:59+05:30
HDFCBANK,728.78,TOUCHED,-0.08,inside,728.2,728.78,728.78,729.7,727.87,0.252,55.9,0.019,0,2026-08-21,2026-08-24,False,False,5.0,2026-08-24T15:06:59+05:30
TATACHEM,628.03,TOUCHED,-0.32,below,626.0,628.03,629.32,630.6,628.03,0.408,56.2,0.02,0,2026-08-21,2026-08-24,False,False,5.0,2026-08-24T15:06:59+05:30
TRIDENT,24.44,TOUCHED,-0.11,below,24.41,24.44,24.48,24.53,24.44,0.381,56.2,0.028,0,2026-08-21,2026-08-24,False,False,5.0,2026-08-24T15:06:59+05:30
SIGNATURE,797.15,TOUCHED,-0.22,below,795.4,797.15,799.0,800.85,797.15,0.463,56.4,0.028,0,2026-08-21,2026-08-24,False,False,5.0,2026-08-24T15:06:59+05:30
CIPLA,1430.17,TOUCHED,0.41,above,1436.1,1430.17,1428.13,1430.17,1426.1,0.285,56.7,0.023,0,2026-08-21,2026-08-24,False,False,5.0,2026-08-24T15:06:59+05:30
NATCOPHARM,887.13,TOUCHED,-0.23,inside,885.1,887.13,887.13,889.5,884.77,0.534,56.7,0.019,0,2026-08-21,2026-08-24,False,False,5.0,2026-08-24T15:06:59+05:30
TATACOMM,1666.80,TOUCHED,1.28,above,1688.1,1666.8,1663.0,1666.8,1659.2,0.457,57.0,0.022,0,2026-08-21,2026-08-24,False,False,5.0,2026-08-24T15:06:59+05:30
IRCON,125.05,TOUCHED,-1.51,below,123.16,125.05,125.39,125.72,125.05,0.532,57.3,0.042,0,2026-08-21,2026-08-24,False,False,5.0,2026-08-24T15:06:59+05:30
WAAREEENER,2685.43,TOUCHED,-0.88,below,2661.9,2685.43,2692.67,2699.9,2685.43,0.537,57.5,0.043,0,2026-08-21,2026-08-24,False,False,5.0,2026-08-24T15:06:59+05:30
SARDAEN,512.13,TOUCHED,-0.84,below,507.85,512.13,513.67,515.2,512.13,0.597,58.1,0.028,0,2026-08-21,2026-08-24,False,False,5.0,2026-08-24T15:06:59+05:30
CGCL,223.44,TOUCHED,3.13,above,230.44,223.44,222.85,223.44,222.26,0.528,58.4,0.049,0,2026-08-21,2026-08-24,False,False,5.0,2026-08-24T15:06:59+05:30
DMART,3928.20,TOUCHED,0.13,above,3933.5,3928.2,3920.8,3928.2,3913.4,0.377,58.4,0.028,0,2026-08-21,2026-08-24,False,False,5.0,2026-08-24T15:06:59+05:30
PAYTM,1622.80,TOUCHED,-0.23,inside,1619.1,1622.8,1622.8,1627.4,1618.2,0.567,58.4,0.056,0,2026-08-21,2026-08-24,False,False,5.0,2026-08-24T15:06:59+05:30
INDGN,566.50,TOUCHED,0.01,above,566.55,566.5,565.2,566.5,563.9,0.46,58.6,0.023,0,2026-08-21,2026-08-24,False,False,5.0,2026-08-24T15:06:59+05:30
DALBHARAT,1884.07,TOUCHED,-1.66,below,1852.8,1884.07,1888.13,1892.2,1884.07,0.431,58.9,0.025,0,2026-08-21,2026-08-24,False,False,5.0,2026-08-24T15:06:59+05:30
TRENT,2931.10,TOUCHED,-1.07,below,2899.6,2931.1,2938.2,2945.3,2931.1,0.483,58.9,0.045,0,2026-08-21,2026-08-24,False,False,5.0,2026-08-24T15:06:59+05:30
BBTC,1430.47,TOUCHED,-0.56,below,1422.5,1430.47,1433.53,1436.6,1430.47,0.428,59.2,0.029,0,2026-08-21,2026-08-24,False,False,5.0,2026-08-24T15:06:59+05:30
GALLANTT,586.43,TOUCHED,-0.79,below,581.8,586.43,588.47,590.5,586.43,0.691,59.5,0.062,0,2026-08-21,2026-08-24,False,False,5.0,2026-08-24T15:06:59+05:30
INDIAMART,1749.77,TOUCHED,-0.16,inside,1747.0,1749.77,1749.77,1753.55,1745.98,0.432,59.7,0.025,0,2026-08-21,2026-08-24,False,False,5.0,2026-08-24T15:06:59+05:30
POONAWALLA,491.42,TOUCHED,-3.19,below,475.75,491.42,492.78,494.15,491.42,0.555,59.7,0.033,0,2026-08-21,2026-08-24,False,False,5.0,2026-08-24T15:06:59+05:30
GRAPHITE,717.47,TOUCHED,0.09,above,718.1,717.47,715.23,717.47,712.99,0.627,60.3,0.023,0,2026-08-21,2026-08-24,False,False,5.0,2026-08-24T15:06:59+05:30
LTFOODS,431.25,TOUCHED,8.03,above,465.9,431.25,430.03,431.25,428.82,0.566,60.3,0.038,0,2026-08-21,2026-08-24,False,False,5.0,2026-08-24T15:06:59+05:30
LTM,4477.67,TOUCHED,0.54,above,4502.0,4477.67,4467.53,4477.67,4457.4,0.454,60.3,0.032,0,2026-08-21,2026-08-24,False,False,5.0,2026-08-24T15:06:59+05:30
NUVAMA,1738.28,TOUCHED,0.74,above,1751.2,1738.28,1732.97,1738.28,1727.65,0.614,60.5,0.025,0,2026-08-21,2026-08-24,False,False,5.0,2026-08-24T15:06:59+05:30
MPHASIS,2417.70,TOUCHED,0.12,inside,2420.5,2417.7,2417.7,2423.85,2411.55,0.509,60.8,0.024,0,2026-08-21,2026-08-24,False,False,5.0,2026-08-24T15:06:59+05:30
KIRLOSENG,2107.88,TOUCHED,-2.0,below,2065.7,2107.88,2114.97,2122.05,2107.88,0.67,61.4,0.035,0,2026-08-21,2026-08-24,False,False,5.0,2026-08-24T15:06:59+05:30
NYKAA,331.57,TOUCHED,-0.66,below,329.4,331.57,332.38,333.19,331.57,0.486,61.6,0.027,0,2026-08-21,2026-08-24,False,False,5.0,2026-08-24T15:06:59+05:30
BANKBARODA,245.25,TOUCHED,-1.76,below,240.94,245.25,245.83,246.42,245.25,0.475,62.2,0.012,0,2026-08-21,2026-08-24,False,False,5.0,2026-08-24T15:06:59+05:30
BHARATFORG,2046.65,TOUCHED,-0.41,below,2038.2,2046.65,2052.1,2057.55,2046.65,0.531,62.2,0.031,0,2026-08-21,2026-08-24,False,False,5.0,2026-08-24T15:06:59+05:30
JMFINANCIL,129.14,TOUCHED,0.22,inside,129.43,129.14,129.14,129.6,128.69,0.699,62.7,0.052,0,2026-08-21,2026-08-24,False,False,5.0,2026-08-24T15:06:59+05:30
POLICYBZR,1789.47,TOUCHED,0.36,above,1795.9,1789.47,1783.73,1789.47,1778.0,0.643,62.7,0.038,0,2026-08-21,2026-08-24,False,False,5.0,2026-08-24T15:06:59+05:30
IRCTC,485.16,TOUCHED,-0.65,below,482.0,485.16,486.12,487.07,485.16,0.394,63.0,0.037,0,2026-08-21,2026-08-24,False,False,5.0,2026-08-24T15:06:59+05:30
IDFCFIRSTB,86.17,TOUCHED,-0.51,below,85.73,86.17,86.36,86.56,86.17,0.448,63.3,0.029,0,2026-08-21,2026-08-24,False,False,5.0,2026-08-24T15:06:59+05:30
TRITURBINE,577.98,TOUCHED,-0.18,inside,576.95,577.98,577.98,579.55,576.42,0.542,63.3,0.021,0,2026-08-21,2026-08-24,False,False,5.0,2026-08-24T15:06:59+05:30
FSL,273.23,TOUCHED,-0.43,below,272.05,273.23,274.17,275.11,273.23,0.687,63.8,0.034,0,2026-08-21,2026-08-24,False,False,5.0,2026-08-24T15:06:59+05:30
MSUMI,38.48,TOUCHED,-1.89,below,37.75,38.48,38.59,38.71,38.48,0.605,64.7,0.031,0,2026-08-21,2026-08-24,False,False,5.0,2026-08-24T15:06:59+05:30
SAIL,175.01,TOUCHED,2.61,above,179.57,175.01,174.49,175.01,173.98,0.592,64.7,0.024,0,2026-08-21,2026-08-24,False,False,5.0,2026-08-24T15:06:59+05:30
TITAGARH,846.45,TOUCHED,-0.63,below,841.1,846.45,849.35,852.25,846.45,0.683,64.7,0.052,0,2026-08-21,2026-08-24,False,False,5.0,2026-08-24T15:06:59+05:30
FLUOROCHEM,4633.98,TOUCHED,-0.33,below,4618.9,4633.98,4646.07,4658.15,4633.98,0.52,64.9,0.022,0,2026-08-21,2026-08-24,False,False,5.0,2026-08-24T15:06:59+05:30
OBEROIRLTY,1890.92,TOUCHED,-0.95,below,1873.0,1890.92,1895.83,1900.75,1890.92,0.519,64.9,0.044,0,2026-08-21,2026-08-24,False,False,5.0,2026-08-24T15:06:59+05:30
UNITDSPR,1548.80,TOUCHED,-0.09,inside,1547.4,1548.8,1548.8,1552.4,1545.2,0.465,64.9,0.033,0,2026-08-21,2026-08-24,False,False,5.0,2026-08-24T15:06:59+05:30
BSOFT,304.74,TOUCHED,-1.97,below,298.75,304.74,305.73,306.73,304.74,0.649,65.2,0.04,0,2026-08-21,2026-08-24,False,False,5.0,2026-08-24T15:06:59+05:30
OIL,477.33,TOUCHED,-0.14,inside,476.65,477.33,477.33,478.5,476.17,0.489,65.2,0.021,0,2026-08-21,2026-08-24,False,False,5.0,2026-08-24T15:06:59+05:30
NAVINFLUOR,8231.92,TOUCHED,-0.54,below,8187.5,8231.92,8257.33,8282.75,8231.92,0.616,65.5,0.045,0,2026-08-21,2026-08-24,False,False,5.0,2026-08-24T15:06:59+05:30
AJANTPHARM,3650.28,TOUCHED,-2.06,below,3575.0,3650.28,3660.77,3671.25,3650.28,0.573,65.8,0.04,0,2026-08-21,2026-08-24,False,False,5.0,2026-08-24T15:06:59+05:30
VIJAYA,1490.30,TOUCHED,-0.72,below,1479.5,1490.3,1495.0,1499.7,1490.3,0.629,65.8,0.034,0,2026-08-21,2026-08-24,False,False,5.0,2026-08-24T15:06:59+05:30
WOCKPHARMA,1879.00,TOUCHED,1.01,above,1898.0,1879.0,1871.7,1879.0,1864.4,0.78,66.0,0.059,0,2026-08-21,2026-08-24,False,False,5.0,2026-08-24T15:06:59+05:30
ABB,7475.00,TOUCHED,0.49,above,7512.0,7475.0,7458.0,7475.0,7441.0,0.456,66.3,0.023,0,2026-08-21,2026-08-24,False,False,5.0,2026-08-24T15:06:59+05:30
GMRAIRPORT,99.90,TOUCHED,-1.31,below,98.59,99.9,100.18,100.45,99.9,0.546,66.3,0.019,0,2026-08-21,2026-08-24,False,False,5.0,2026-08-24T15:06:59+05:30
LEMONTREE,108.64,TOUCHED,-0.07,below,108.56,108.64,108.95,109.26,108.64,0.566,66.6,0.023,0,2026-08-21,2026-08-24,False,False,5.0,2026-08-24T15:06:59+05:30
ONGC,236.87,TOUCHED,-0.27,below,236.22,236.87,237.34,237.81,236.87,0.396,66.6,0.028,0,2026-08-21,2026-08-24,False,False,5.0,2026-08-24T15:06:59+05:30
NETWEB,5517.40,TOUCHED,-0.77,below,5475.0,5517.4,5545.27,5573.13,5517.4,1.005,66.8,0.054,0,2026-08-21,2026-08-24,False,False,5.0,2026-08-24T15:06:59+05:30
HONASA,486.30,TOUCHED,0.9,above,490.7,486.3,484.83,486.3,483.37,0.605,67.1,0.054,0,2026-08-21,2026-08-24,False,False,5.0,2026-08-24T15:06:59+05:30
ARE&M,924.17,TOUCHED,-0.23,inside,922.0,924.17,924.17,926.38,921.96,0.478,67.9,0.023,0,2026-08-21,2026-08-24,False,False,5.0,2026-08-24T15:06:59+05:30
WHIRLPOOL,770.96,TOUCHED,-0.6,below,766.35,770.96,773.42,775.88,770.96,0.636,67.9,0.049,0,2026-08-21,2026-08-24,False,False,5.0,2026-08-24T15:06:59+05:30
GICRE,357.70,TOUCHED,-0.21,inside,356.95,357.7,357.7,358.68,356.73,0.545,68.2,0.032,0,2026-08-21,2026-08-24,False,False,5.0,2026-08-24T15:06:59+05:30
FIRSTCRY,197.15,TOUCHED,-1.47,below,194.26,197.15,197.98,198.8,197.15,0.832,68.8,0.06,0,2026-08-21,2026-08-24,False,False,5.0,2026-08-24T15:06:59+05:30
ATGL,648.03,TOUCHED,-1.12,below,640.8,648.03,649.97,651.9,648.03,0.595,69.0,0.031,0,2026-08-21,2026-08-24,False,False,5.0,2026-08-24T15:06:59+05:30
BAJAJHFL,85.03,TOUCHED,-1.03,below,84.16,85.03,85.21,85.4,85.03,0.426,69.0,0.024,0,2026-08-21,2026-08-24,False,False,5.0,2026-08-24T15:06:59+05:30
HBLENGINE,705.37,TOUCHED,-1.9,below,691.95,705.37,708.18,711.0,705.37,0.795,69.0,0.035,0,2026-08-21,2026-08-24,False,False,5.0,2026-08-24T15:06:59+05:30
RRKABEL,2890.70,TOUCHED,-0.73,below,2869.5,2890.7,2900.23,2909.77,2890.7,0.657,69.0,0.045,0,2026-08-21,2026-08-24,False,False,5.0,2026-08-24T15:06:59+05:30
SYNGENE,403.73,TOUCHED,-1.16,below,399.05,403.73,404.9,406.08,403.73,0.58,69.0,0.026,0,2026-08-21,2026-08-24,False,False,5.0,2026-08-24T15:06:59+05:30
BAJAJFINSV,2018.75,TOUCHED,-0.83,below,2001.9,2018.75,2023.33,2027.92,2018.75,0.453,69.9,0.02,0,2026-08-21,2026-08-24,False,False,5.0,2026-08-24T15:06:59+05:30
CARTRADE,3057.77,TOUCHED,2.46,above,3133.0,3057.77,3042.63,3057.77,3027.5,0.995,69.9,0.061,0,2026-08-21,2026-08-24,False,False,5.0,2026-08-24T15:06:59+05:30
MAPMYINDIA,987.35,TOUCHED,-1.97,below,967.9,987.35,990.8,994.25,987.35,0.696,69.9,0.031,0,2026-08-21,2026-08-24,False,False,5.0,2026-08-24T15:06:59+05:30
ACUTAAS,3182.50,TOUCHED,-0.28,below,3173.7,3182.5,3196.0,3209.5,3182.5,0.845,70.1,0.036,0,2026-08-21,2026-08-24,False,False,5.0,2026-08-24T15:06:59+05:30
HCLTECH,1312.10,TOUCHED,0.46,above,1318.2,1312.1,1308.9,1312.1,1305.7,0.489,70.1,0.024,0,2026-08-21,2026-08-24,False,False,5.0,2026-08-24T15:06:59+05:30
UBL,1343.10,TOUCHED,0.17,inside,1345.4,1343.1,1343.1,1346.0,1340.2,0.432,70.1,0.026,0,2026-08-21,2026-08-24,False,False,5.0,2026-08-24T15:06:59+05:30
ANANTRAJ,627.66,TOUCHED,-2.0,below,615.1,627.66,630.32,632.98,627.66,0.843,70.4,0.073,0,2026-08-21,2026-08-24,False,False,5.0,2026-08-24T15:06:59+05:30
ICICIPRULI,510.82,TOUCHED,-0.65,below,507.5,510.82,512.22,513.61,510.82,0.543,70.4,0.023,0,2026-08-21,2026-08-24,False,False,5.0,2026-08-24T15:06:59+05:30
PINELABS,157.71,TOUCHED,-0.21,below,157.37,157.71,158.51,159.31,157.71,1.007,70.6,0.059,0,2026-08-21,2026-08-24,False,False,5.0,2026-08-24T15:06:59+05:30
GPIL,246.07,TOUCHED,-0.16,below,245.68,246.07,247.06,248.04,246.07,0.797,70.7,0.029,0,2026-08-21,2026-08-24,False,False,5.0,2026-08-24T15:06:59+05:30
NESTLEIND,1467.20,TOUCHED,-0.41,below,1461.2,1467.2,1470.5,1473.8,1467.2,0.449,71.0,0.033,0,2026-08-21,2026-08-24,False,False,5.0,2026-08-24T15:06:59+05:30
COFORGE,1878.13,TOUCHED,-0.27,inside,1873.1,1878.13,1878.13,1884.92,1871.35,0.722,71.5,0.032,0,2026-08-21,2026-08-24,False,False,5.0,2026-08-24T15:06:59+05:30
HEROMOTOCO,5688.50,TOUCHED,-0.64,below,5652.0,5688.5,5704.0,5719.5,5688.5,0.543,71.8,0.017,0,2026-08-21,2026-08-24,False,False,5.0,2026-08-24T15:06:59+05:30
AADHARHFC,466.80,TOUCHED,0.05,above,467.05,466.8,465.38,466.8,463.97,0.609,72.9,0.025,0,2026-08-21,2026-08-24,False,False,5.0,2026-08-24T15:06:59+05:30
SAPPHIRE,245.50,TOUCHED,1.36,above,248.83,245.5,244.45,245.5,243.39,0.862,73.2,0.05,0,2026-08-21,2026-08-24,False,False,5.0,2026-08-24T15:06:59+05:30
THERMAX,3995.43,TOUCHED,-0.26,inside,3985.2,3995.43,3995.43,4009.25,3981.62,0.692,73.2,0.022,0,2026-08-21,2026-08-24,False,False,5.0,2026-08-24T15:06:59+05:30
CUMMINSIND,5139.17,TOUCHED,0.11,inside,5145.0,5139.17,5139.17,5155.0,5123.33,0.616,73.4,0.018,0,2026-08-21,2026-08-24,False,False,5.0,2026-08-24T15:06:59+05:30
FACT,786.10,TOUCHED,-0.29,below,783.8,786.1,788.9,791.7,786.1,0.71,73.7,0.056,0,2026-08-21,2026-08-24,False,False,5.0,2026-08-24T15:06:59+05:30
SBILIFE,1780.75,TOUCHED,-1.1,below,1761.2,1780.75,1784.8,1788.85,1780.75,0.454,74.2,0.015,0,2026-08-21,2026-08-24,False,False,5.0,2026-08-24T15:06:59+05:30
TITAN,5062.50,TOUCHED,0.19,inside,5072.2,5062.5,5062.5,5074.3,5050.7,0.466,74.8,0.015,0,2026-08-21,2026-08-24,False,False,5.0,2026-08-24T15:06:59+05:30
AEGISVOPAK,272.30,TOUCHED,-1.08,below,269.35,272.3,273.63,274.97,272.3,0.975,75.6,0.04,0,2026-08-21,2026-08-24,False,False,5.0,2026-08-24T15:06:59+05:30
ZFCVINDIA,2643.97,TOUCHED,0.24,inside,2650.2,2643.97,2643.97,2652.98,2634.95,0.682,75.6,0.038,0,2026-08-21,2026-08-24,False,False,5.0,2026-08-24T15:06:59+05:30
HEXT,540.02,TOUCHED,4.6,above,564.85,540.02,537.5,540.02,534.98,0.94,75.9,0.045,0,2026-08-21,2026-08-24,False,False,5.0,2026-08-24T15:06:59+05:30
FEDERALBNK,358.07,TOUCHED,-0.36,below,356.8,358.07,359.05,360.02,358.07,0.543,76.2,0.027,0,2026-08-21,2026-08-24,False,False,5.0,2026-08-24T15:06:59+05:30
HINDZINC,592.95,TOUCHED,3.39,above,613.05,592.95,591.0,592.95,589.05,0.66,76.2,0.041,0,2026-08-21,2026-08-24,False,False,5.0,2026-08-24T15:06:59+05:30
TCS,2285.25,TOUCHED,-0.1,below,2282.9,2285.25,2290.83,2296.42,2285.25,0.487,76.4,0.029,0,2026-08-21,2026-08-24,False,False,5.0,2026-08-24T15:06:59+05:30
AWL,190.01,TOUCHED,2.08,above,193.97,190.01,189.38,190.01,188.75,0.665,77.0,0.044,0,2026-08-21,2026-08-24,False,False,5.0,2026-08-24T15:06:59+05:30
BATAINDIA,703.12,TOUCHED,-2.04,below,688.8,703.12,705.2,707.27,703.12,0.588,77.0,0.022,0,2026-08-21,2026-08-24,False,False,5.0,2026-08-24T15:06:59+05:30
KEC,432.33,TOUCHED,-0.26,inside,431.2,432.33,432.33,434.14,430.52,0.837,77.0,0.023,0,2026-08-21,2026-08-24,False,False,5.0,2026-08-24T15:06:59+05:30
SAREGAMA,510.88,TOUCHED,-0.24,inside,509.65,510.88,510.88,513.05,508.72,0.848,77.0,0.041,0,2026-08-21,2026-08-24,False,False,5.0,2026-08-24T15:06:59+05:30
SCHNEIDER,1224.02,TOUCHED,-5.31,below,1159.0,1224.02,1230.73,1237.45,1224.02,1.091,77.3,0.027,0,2026-08-21,2026-08-24,False,False,5.0,2026-08-24T15:06:59+05:30
RAINBOW,1447.25,TOUCHED,0.94,above,1460.8,1447.25,1442.57,1447.25,1437.88,0.649,77.5,0.037,0,2026-08-21,2026-08-24,False,False,5.0,2026-08-24T15:06:59+05:30
CDSL,1378.87,TOUCHED,0.21,inside,1381.8,1378.87,1378.87,1383.88,1373.85,0.728,77.8,0.036,0,2026-08-21,2026-08-24,False,False,5.0,2026-08-24T15:06:59+05:30
DEVYANI,146.25,TOUCHED,1.94,above,149.09,146.25,145.63,146.25,145.02,0.847,78.1,0.04,0,2026-08-21,2026-08-24,False,False,5.0,2026-08-24T15:06:59+05:30
BDL,1352.95,TOUCHED,1.02,above,1366.8,1352.95,1346.9,1352.95,1340.85,0.898,78.4,0.049,0,2026-08-21,2026-08-24,False,False,5.0,2026-08-24T15:06:59+05:30
ZYDUSWELL,497.17,TOUCHED,2.6,above,510.1,497.17,495.05,497.17,492.92,0.858,78.4,0.035,0,2026-08-21,2026-08-24,False,False,5.0,2026-08-24T15:06:59+05:30
GLAXO,2923.87,TOUCHED,-0.02,inside,2923.2,2923.87,2923.87,2934.7,2913.03,0.741,78.9,0.026,0,2026-08-21,2026-08-24,False,False,5.0,2026-08-24T15:06:59+05:30
BRIGADE,636.47,TOUCHED,2.53,above,652.55,636.47,633.65,636.47,630.83,0.892,79.7,0.024,0,2026-08-21,2026-08-24,False,False,5.0,2026-08-24T15:06:59+05:30
JSL,704.23,TOUCHED,-0.25,below,702.5,704.23,707.12,710.0,704.23,0.816,80.0,0.041,0,2026-08-21,2026-08-24,False,False,5.0,2026-08-24T15:06:59+05:30
TEGA,1749.87,TOUCHED,-2.46,below,1706.9,1749.87,1756.53,1763.2,1749.87,0.759,80.0,0.043,0,2026-08-21,2026-08-24,False,False,5.0,2026-08-24T15:06:59+05:30
ANTHEM,881.90,TOUCHED,0.16,above,883.3,881.9,878.42,881.9,874.93,0.793,80.2,0.042,0,2026-08-21,2026-08-24,False,False,5.0,2026-08-24T15:06:59+05:30
IGL,148.41,TOUCHED,-0.44,below,147.75,148.41,148.95,149.49,148.41,0.723,80.3,0.047,0,2026-08-21,2026-08-24,False,False,5.0,2026-08-24T15:06:59+05:30
POWERGRID,270.08,TOUCHED,-0.01,below,270.05,270.08,270.85,271.62,270.08,0.572,80.3,0.017,0,2026-08-21,2026-08-24,False,False,5.0,2026-08-24T15:06:59+05:30
SBICARD,646.90,TOUCHED,1.01,above,653.45,646.9,644.8,646.9,642.7,0.651,80.3,0.029,0,2026-08-21,2026-08-24,False,False,5.0,2026-08-24T15:06:59+05:30
ACE,1167.05,TOUCHED,-0.27,below,1163.9,1167.05,1172.1,1177.15,1167.05,0.862,80.5,0.049,0,2026-08-21,2026-08-24,False,False,5.0,2026-08-24T15:06:59+05:30
ABREL,1425.75,TOUCHED,0.57,above,1433.9,1425.75,1419.27,1425.75,1412.78,0.914,80.8,0.025,0,2026-08-21,2026-08-24,False,False,5.0,2026-08-24T15:06:59+05:30
MGL,1123.40,TOUCHED,0.36,inside,1127.4,1123.4,1123.4,1128.0,1118.8,0.819,81.1,0.034,0,2026-08-21,2026-08-24,False,False,5.0,2026-08-24T15:06:59+05:30
AUBANK,1104.15,TOUCHED,0.66,above,1111.4,1104.15,1100.1,1104.15,1096.05,0.736,81.9,0.016,0,2026-08-21,2026-08-24,False,False,5.0,2026-08-24T15:06:59+05:30
CCL,1087.15,TOUCHED,-0.49,below,1081.8,1087.15,1092.0,1096.85,1087.15,0.888,81.9,0.021,0,2026-08-21,2026-08-24,False,False,5.0,2026-08-24T15:06:59+05:30
ZYDUSLIFE,1109.70,TOUCHED,-0.91,below,1099.6,1109.7,1113.13,1116.57,1109.7,0.617,81.9,0.024,0,2026-08-21,2026-08-24,False,False,5.0,2026-08-24T15:06:59+05:30
POLYCAB,9032.33,TOUCHED,-0.13,inside,9021.0,9032.33,9032.33,9065.5,8999.17,0.734,82.2,0.033,0,2026-08-21,2026-08-24,False,False,5.0,2026-08-24T15:06:59+05:30
MINDACORP,730.78,TOUCHED,-1.6,below,719.1,730.78,733.72,736.65,730.78,0.8,82.5,0.038,0,2026-08-21,2026-08-24,False,False,5.0,2026-08-24T15:06:59+05:30
CYIENT,903.68,TOUCHED,0.48,above,908.0,903.68,900.0,903.68,896.33,0.817,82.7,0.024,0,2026-08-21,2026-08-24,False,False,5.0,2026-08-24T15:06:59+05:30
FINCABLES,1276.50,TOUCHED,0.92,above,1288.25,1276.5,1271.17,1276.5,1265.83,0.839,82.7,0.019,0,2026-08-21,2026-08-24,False,False,5.0,2026-08-24T15:06:59+05:30
POLYMED,1737.73,TOUCHED,0.19,inside,1741.0,1737.73,1737.73,1746.9,1728.57,1.055,83.8,0.045,0,2026-08-21,2026-08-24,False,False,5.0,2026-08-24T15:06:59+05:30
PPLPHARMA,214.66,TOUCHED,-1.91,below,210.56,214.66,215.65,216.64,214.66,0.918,83.8,0.044,0,2026-08-21,2026-08-24,False,False,5.0,2026-08-24T15:06:59+05:30
ASAHIINDIA,961.24,TOUCHED,0.03,above,961.5,961.24,956.73,961.24,952.23,0.942,84.7,0.045,0,2026-08-21,2026-08-24,False,False,5.0,2026-08-24T15:06:59+05:30
GODIGIT,260.80,TOUCHED,-0.08,inside,260.6,260.8,260.8,261.85,259.75,0.805,85.2,0.028,0,2026-08-21,2026-08-24,False,False,5.0,2026-08-24T15:06:59+05:30
JBMA,664.67,TOUCHED,-0.43,below,661.8,664.67,667.77,670.86,664.67,0.926,85.5,0.033,0,2026-08-21,2026-08-24,False,False,5.0,2026-08-24T15:06:59+05:30
NIVABUPA,82.28,TOUCHED,0.43,above,82.63,82.28,81.93,82.28,81.59,0.838,85.8,0.018,0,2026-08-21,2026-08-24,False,False,5.0,2026-08-24T15:06:59+05:30
RPOWER,23.11,TOUCHED,-0.12,inside,23.08,23.11,23.11,23.28,22.93,1.486,86.0,0.076,0,2026-08-21,2026-08-24,False,False,5.0,2026-08-24T15:06:59+05:30
MARUTI,13605.67,TOUCHED,-0.3,below,13565.0,13605.67,13646.33,13687.0,13605.67,0.596,86.3,0.015,0,2026-08-21,2026-08-24,False,False,5.0,2026-08-24T15:06:59+05:30
RVNL,226.31,TOUCHED,-2.06,below,221.64,226.31,227.33,228.34,226.31,0.892,86.3,0.034,0,2026-08-21,2026-08-24,False,False,5.0,2026-08-24T15:06:59+05:30
BALRAMCHIN,732.73,TOUCHED,-3.2,below,709.3,732.73,736.12,739.5,732.73,0.919,86.6,0.025,0,2026-08-21,2026-08-24,False,False,5.0,2026-08-24T15:06:59+05:30
CANHLIFE,153.74,TOUCHED,0.17,inside,154.0,153.74,153.74,154.49,152.99,0.976,88.2,0.02,0,2026-08-21,2026-08-24,False,False,5.0,2026-08-24T15:06:59+05:30
USHAMART,488.70,TOUCHED,0.39,above,490.6,488.7,486.23,488.7,483.77,1.015,88.5,0.035,0,2026-08-21,2026-08-24,False,False,5.0,2026-08-24T15:06:59+05:30
SUMICHEM,537.73,TOUCHED,-2.63,below,523.6,537.73,540.82,543.9,537.73,1.14,88.8,0.039,0,2026-08-21,2026-08-24,False,False,5.0,2026-08-24T15:06:59+05:30
URBANCO,157.57,TOUCHED,7.57,above,169.49,157.57,156.53,157.57,155.5,1.32,88.8,0.046,0,2026-08-21,2026-08-24,False,False,5.0,2026-08-24T15:06:59+05:30
VBL,432.02,TOUCHED,-1.53,below,425.4,432.02,433.93,435.85,432.02,0.883,88.8,0.03,0,2026-08-21,2026-08-24,False,False,5.0,2026-08-24T15:06:59+05:30
AEGISLOG,1389.50,TOUCHED,-3.49,below,1341.0,1389.5,1398.97,1408.43,1389.5,1.353,89.3,0.033,0,2026-08-21,2026-08-24,False,False,5.0,2026-08-24T15:06:59+05:30
JYOTICNC,976.25,TOUCHED,0.18,inside,978.0,976.25,976.25,982.52,969.98,1.286,89.9,0.027,0,2026-08-21,2026-08-24,False,False,5.0,2026-08-24T15:06:59+05:30
LENSKART,657.40,TOUCHED,0.56,above,661.05,657.4,653.4,657.4,649.4,1.224,90.9,0.031,0,2026-08-21,2026-08-24,False,False,5.0,2026-08-24T15:06:59+05:30
VEDL,275.90,TOUCHED,0.29,inside,276.7,275.9,275.9,277.45,274.35,1.124,93.2,0.028,0,2026-08-21,2026-08-24,False,False,5.0,2026-08-24T15:06:59+05:30
JINDALSAW,287.08,TOUCHED,0.27,inside,287.85,287.08,287.08,289.37,284.8,1.591,93.4,0.038,0,2026-08-21,2026-08-24,False,False,5.0,2026-08-24T15:06:59+05:30
