symbol,status,type,distance_pct,trend,ltp,virgin_level,pivot,tc,bc,width_pct,width_percentile,narrow_threshold_pct,days_virgin,source_date,session_date,is_virgin,is_narrow,narrow_percentile_used,scanned_at
GODIGIT,265.2,V+N,-1.77,below,260.5,265.2,265.2,265.2,265.2,0.0,1.9,0.028,1,2026-08-11,2026-08-13,True,True,5.0,2026-08-13T11:39:52+05:30
KIMS,812.8,V+N,-1.2,below,803.05,812.8,812.88,812.97,812.8,0.021,3.0,0.04,1,2026-08-11,2026-08-13,True,True,5.0,2026-08-13T11:39:52+05:30
LTTS,3653.13,V+N,-1.36,below,3603.6,3653.13,3653.57,3654.0,3653.13,0.024,3.3,0.042,1,2026-08-11,2026-08-13,True,True,5.0,2026-08-13T11:39:52+05:30
ENDURANCE,2987.23,V+N,1.06,above,3018.9,2987.23,2986.67,2987.23,2986.1,0.038,3.8,0.044,1,2026-08-11,2026-08-13,True,True,5.0,2026-08-13T11:39:52+05:30
JUBLPHARMA,901.59,V+W,-0.54,below,896.75,901.59,912.58,923.58,901.59,2.409,99.5,0.019,1,2026-08-12,2026-08-13,True,False,5.0,2026-08-13T11:39:52+05:30
PIIND,2514.93,V+W,-1.02,below,2489.2,2514.93,2546.87,2578.8,2514.93,2.508,99.7,0.03,1,2026-08-12,2026-08-13,True,False,5.0,2026-08-13T11:39:52+05:30
ITI,285.35,V,-0.6,below,283.65,285.35,285.4,285.45,285.35,0.035,5.2,0.035,1,2026-08-11,2026-08-13,True,False,5.0,2026-08-13T11:39:52+05:30
BEML,1901.98,V,0.21,above,1906.0,1901.98,1901.67,1901.98,1901.35,0.033,5.5,0.028,1,2026-08-11,2026-08-13,True,False,5.0,2026-08-13T11:39:52+05:30
ANURAS,1204.2,V,0.79,above,1213.7,1204.2,1204.0,1204.2,1203.8,0.033,7.4,0.025,1,2026-08-12,2026-08-13,True,False,5.0,2026-08-13T11:39:52+05:30
INFY,1176.35,V,-1.01,below,1164.5,1176.35,1176.6,1176.85,1176.35,0.042,7.7,0.029,1,2026-08-12,2026-08-13,True,False,5.0,2026-08-13T11:39:52+05:30
ANANTRAJ,605.89,V,1.38,above,614.25,605.89,605.53,605.89,605.17,0.118,7.9,0.086,1,2026-08-11,2026-08-13,True,False,5.0,2026-08-13T11:39:52+05:30
NETWEB,4835.08,V,5.91,above,5120.8,4835.08,4832.77,4835.08,4830.45,0.096,7.9,0.054,1,2026-08-12,2026-08-13,True,False,5.0,2026-08-13T11:39:52+05:30
ABDL,613.76,V,3.86,above,637.45,613.76,613.37,613.76,612.98,0.128,9.0,0.076,1,2026-08-12,2026-08-13,True,False,5.0,2026-08-13T11:39:52+05:30
ICICIGI,1642.15,V,-0.81,below,1628.9,1642.15,1642.6,1643.05,1642.15,0.055,9.3,0.024,1,2026-08-11,2026-08-13,True,False,5.0,2026-08-13T11:39:52+05:30
CRAFTSMAN,10307.5,V,1.87,above,10500.0,10307.5,10303.0,10307.5,10298.5,0.087,10.1,0.057,1,2026-08-11,2026-08-13,True,False,5.0,2026-08-13T11:39:52+05:30
ALKEM,5529.17,V,-1.59,below,5441.0,5529.17,5530.83,5532.5,5529.17,0.06,10.7,0.026,1,2026-08-11,2026-08-13,True,False,5.0,2026-08-13T11:39:52+05:30
NATCOPHARM,914.89,V,3.18,above,943.95,914.89,914.48,914.89,914.08,0.089,11.2,0.019,1,2026-08-12,2026-08-13,True,False,5.0,2026-08-13T11:39:52+05:30
PARADEEP,151.52,V,-2.79,below,147.3,151.52,151.61,151.71,151.52,0.123,11.2,0.036,1,2026-08-11,2026-08-13,True,False,5.0,2026-08-13T11:39:52+05:30
JBMA,644.27,V,-1.23,below,636.35,644.27,644.63,645.0,644.27,0.114,11.8,0.033,1,2026-08-11,2026-08-13,True,False,5.0,2026-08-13T11:39:52+05:30
UTIAMC,915.95,V,-0.68,below,909.7,915.95,916.33,916.72,915.95,0.084,12.1,0.043,1,2026-08-12,2026-08-13,True,False,5.0,2026-08-13T11:39:52+05:30
JYOTICNC,818.39,V,1.63,above,831.7,818.39,817.93,818.39,817.47,0.112,12.6,0.027,1,2026-08-12,2026-08-13,True,False,5.0,2026-08-13T11:39:52+05:30
CHOLAHLDNG,1611.32,V,-1.56,below,1586.2,1611.32,1612.03,1612.75,1611.32,0.089,12.9,0.026,1,2026-08-11,2026-08-13,True,False,5.0,2026-08-13T11:39:52+05:30
HSCL,761.78,V,2.0,above,777.0,761.78,761.15,761.78,760.52,0.164,16.4,0.035,1,2026-08-12,2026-08-13,True,False,5.0,2026-08-13T11:39:52+05:30
RKFORGE,749.7,V,-0.89,below,743.0,749.7,750.25,750.8,749.7,0.147,16.7,0.048,1,2026-08-11,2026-08-13,True,False,5.0,2026-08-13T11:39:52+05:30
DATAPATTNS,4485.0,V,1.34,above,4545.0,4485.0,4479.0,4485.0,4473.0,0.268,17.3,0.075,1,2026-08-12,2026-08-13,True,False,5.0,2026-08-13T11:39:52+05:30
GLAXO,2600.27,V,0.96,above,2625.3,2600.27,2598.63,2600.27,2597.0,0.126,17.5,0.026,1,2026-08-11,2026-08-13,True,False,5.0,2026-08-13T11:39:52+05:30
IRCTC,513.88,V,-0.92,below,509.15,513.88,514.22,514.55,513.88,0.13,17.8,0.037,1,2026-08-12,2026-08-13,True,False,5.0,2026-08-13T11:39:52+05:30
PFOCUS,281.97,V,-3.43,below,272.3,281.97,282.38,282.8,281.97,0.295,19.5,0.05,1,2026-08-11,2026-08-13,True,False,5.0,2026-08-13T11:39:52+05:30
TATAINVEST,687.25,V,-2.1,below,672.85,687.25,687.75,688.25,687.25,0.145,20.5,0.023,1,2026-08-11,2026-08-13,True,False,5.0,2026-08-13T11:39:52+05:30
BAJAJFINSV,2027.95,V,-0.16,below,2024.8,2027.95,2029.3,2030.65,2027.95,0.133,20.8,0.018,1,2026-08-11,2026-08-13,True,False,5.0,2026-08-13T11:39:52+05:30
BLS,262.59,V,3.14,above,270.83,262.59,262.3,262.59,262.01,0.222,21.9,0.032,1,2026-08-12,2026-08-13,True,False,5.0,2026-08-13T11:39:52+05:30
URBANCO,139.55,V,3.43,above,144.34,139.55,139.35,139.55,139.15,0.287,22.8,0.045,1,2026-08-11,2026-08-13,True,False,5.0,2026-08-13T11:39:52+05:30
KEI,5640.53,V,2.83,above,5800.4,5640.53,5636.07,5640.53,5631.6,0.159,23.6,0.026,1,2026-08-11,2026-08-13,True,False,5.0,2026-08-13T11:39:52+05:30
JSL,727.52,V,1.56,above,738.9,727.52,726.72,727.52,725.91,0.222,23.8,0.043,1,2026-08-11,2026-08-13,True,False,5.0,2026-08-13T11:39:52+05:30
SCI,295.0,V,1.36,above,299.0,295.0,294.65,295.0,294.3,0.238,24.4,0.045,1,2026-08-11,2026-08-13,True,False,5.0,2026-08-13T11:39:52+05:30
INDIGO,5280.58,V,0.43,above,5303.5,5280.58,5277.17,5280.58,5273.75,0.129,24.7,0.024,1,2026-08-11,2026-08-13,True,False,5.0,2026-08-13T11:39:52+05:30
WELCORP,1843.2,V,1.68,above,1874.1,1843.2,1841.1,1843.2,1839.0,0.228,25.8,0.051,1,2026-08-11,2026-08-13,True,False,5.0,2026-08-13T11:39:52+05:30
OFSS,11691.17,V,-1.69,below,11494.0,11691.17,11703.33,11715.5,11691.17,0.208,26.6,0.029,1,2026-08-12,2026-08-13,True,False,5.0,2026-08-13T11:39:52+05:30
HCLTECH,1366.57,V,-0.47,below,1360.2,1366.57,1367.73,1368.9,1366.57,0.171,27.9,0.024,1,2026-08-11,2026-08-13,True,False,5.0,2026-08-13T11:39:52+05:30
UNOMINDA,1276.35,V,-2.24,below,1247.7,1276.35,1277.7,1279.05,1276.35,0.211,28.8,0.05,1,2026-08-11,2026-08-13,True,False,5.0,2026-08-13T11:39:52+05:30
LENSKART,588.53,V,2.03,above,600.5,588.53,587.85,588.53,587.18,0.23,28.9,0.03,1,2026-08-11,2026-08-13,True,False,5.0,2026-08-13T11:39:52+05:30
SIGNATURE,815.83,V,-1.21,below,806.0,815.83,816.77,817.7,815.83,0.229,29.3,0.03,1,2026-08-11,2026-08-13,True,False,5.0,2026-08-13T11:39:52+05:30
FLUOROCHEM,4561.37,V,4.91,above,4785.3,4561.37,4556.93,4561.37,4552.5,0.195,30.4,0.022,1,2026-08-12,2026-08-13,True,False,5.0,2026-08-13T11:39:52+05:30
GLENMARK,2273.33,V,0.8,above,2291.5,2273.33,2270.67,2273.33,2268.0,0.235,30.7,0.036,1,2026-08-11,2026-08-13,True,False,5.0,2026-08-13T11:39:52+05:30
LGEINDIA,1564.8,V,0.35,above,1570.2,1564.8,1563.1,1564.8,1561.4,0.218,32.5,0.009,1,2026-08-11,2026-08-13,True,False,5.0,2026-08-13T11:39:52+05:30
KARURVYSYA,333.75,V,0.64,above,335.9,333.75,333.3,333.75,332.85,0.27,32.6,0.038,1,2026-08-11,2026-08-13,True,False,5.0,2026-08-13T11:39:52+05:30
CENTRALBK,31.15,V,0.74,above,31.38,31.15,31.11,31.15,31.07,0.257,34.8,0.041,1,2026-08-11,2026-08-13,True,False,5.0,2026-08-13T11:39:52+05:30
GODREJIND,1291.6,V,-2.86,below,1254.6,1291.6,1293.4,1295.2,1291.6,0.278,35.1,0.047,1,2026-08-11,2026-08-13,True,False,5.0,2026-08-13T11:39:52+05:30
DIVISLAB,8572.75,V,-1.62,below,8434.0,8572.75,8581.83,8590.92,8572.75,0.212,37.3,0.021,1,2026-08-12,2026-08-13,True,False,5.0,2026-08-13T11:39:52+05:30
SUMICHEM,559.17,V,-1.75,below,549.4,559.17,560.23,561.3,559.17,0.381,37.3,0.039,1,2026-08-11,2026-08-13,True,False,5.0,2026-08-13T11:39:52+05:30
CANHLIFE,149.59,V,-2.59,below,145.71,149.59,149.82,150.06,149.59,0.314,37.6,0.017,1,2026-08-11,2026-08-13,True,False,5.0,2026-08-13T11:39:52+05:30
CUMMINSIND,5386.17,V,-0.84,below,5341.0,5386.17,5393.83,5401.5,5386.17,0.284,38.4,0.018,1,2026-08-11,2026-08-13,True,False,5.0,2026-08-13T11:39:52+05:30
PAGEIND,38152.5,V,-1.71,below,37500.0,38152.5,38200.0,38247.5,38152.5,0.249,40.0,0.027,1,2026-08-12,2026-08-13,True,False,5.0,2026-08-13T11:39:52+05:30
ASHOKLEY,176.43,V,1.96,above,179.9,176.43,176.17,176.43,175.9,0.301,40.3,0.027,1,2026-08-12,2026-08-13,True,False,5.0,2026-08-13T11:39:52+05:30
CARTRADE,2771.35,V,-1.71,below,2724.0,2771.35,2779.1,2786.85,2771.35,0.558,40.5,0.061,1,2026-08-11,2026-08-13,True,False,5.0,2026-08-13T11:39:52+05:30
AXISBANK,1225.9,V,-0.56,below,1219.0,1225.9,1227.27,1228.63,1225.9,0.223,41.4,0.024,1,2026-08-12,2026-08-13,True,False,5.0,2026-08-13T11:39:52+05:30
PVRINOX,1157.93,V,1.83,above,1179.1,1157.93,1155.67,1157.93,1153.4,0.392,43.8,0.029,1,2026-08-11,2026-08-13,True,False,5.0,2026-08-13T11:39:52+05:30
TMCV,456.0,V,3.79,above,473.3,456.0,454.95,456.0,453.9,0.462,48.1,0.024,1,2026-08-12,2026-08-13,True,False,5.0,2026-08-13T11:39:52+05:30
CEATLTD,3758.62,V,-1.71,below,3694.2,3758.62,3767.03,3775.45,3758.62,0.447,49.0,0.034,1,2026-08-11,2026-08-13,True,False,5.0,2026-08-13T11:39:52+05:30
PIRAMALFIN,2097.9,V,-1.71,below,2062.0,2097.9,2103.5,2109.1,2097.9,0.532,52.9,0.057,1,2026-08-11,2026-08-13,True,False,5.0,2026-08-13T11:39:52+05:30
JUBLFOOD,489.26,V,-3.13,below,473.95,489.26,490.32,491.38,489.26,0.432,53.7,0.018,1,2026-08-11,2026-08-13,True,False,5.0,2026-08-13T11:39:52+05:30
MRPL,175.92,V,-1.66,below,173.0,175.92,176.46,177.0,175.92,0.612,53.7,0.056,1,2026-08-12,2026-08-13,True,False,5.0,2026-08-13T11:39:52+05:30
HFCL,220.78,V,4.02,above,229.65,220.78,220.04,220.78,219.31,0.671,54.5,0.028,1,2026-08-12,2026-08-13,True,False,5.0,2026-08-13T11:39:52+05:30
MRF,131345.0,V,-0.25,below,131020.0,131345.0,131565.0,131785.0,131345.0,0.334,54.5,0.035,1,2026-08-11,2026-08-13,True,False,5.0,2026-08-13T11:39:52+05:30
NAVA,573.62,V,2.58,above,588.4,573.62,572.13,573.62,570.64,0.521,54.5,0.037,1,2026-08-11,2026-08-13,True,False,5.0,2026-08-13T11:39:52+05:30
KPIL,1400.58,V,-2.53,below,1365.2,1400.58,1404.37,1408.15,1400.58,0.539,57.0,0.043,1,2026-08-12,2026-08-13,True,False,5.0,2026-08-13T11:39:52+05:30
SIEMENS,4027.6,V,-1.78,below,3956.0,4027.6,4036.2,4044.8,4027.6,0.426,57.8,0.024,1,2026-08-12,2026-08-13,True,False,5.0,2026-08-13T11:39:52+05:30
USHAMART,511.18,V,-3.49,below,493.35,511.18,512.47,513.75,511.18,0.501,57.8,0.04,1,2026-08-11,2026-08-13,True,False,5.0,2026-08-13T11:39:52+05:30
BRIGADE,606.87,V,-2.65,below,590.8,606.87,608.63,610.4,606.87,0.581,58.9,0.024,1,2026-08-11,2026-08-13,True,False,5.0,2026-08-13T11:39:52+05:30
GROWW,196.59,V,0.59,above,197.75,196.59,195.89,196.59,195.2,0.708,59.3,0.029,1,2026-08-12,2026-08-13,True,False,5.0,2026-08-13T11:39:52+05:30
MINDACORP,727.15,V,1.44,above,737.65,727.15,725.25,727.15,723.35,0.524,59.5,0.035,1,2026-08-11,2026-08-13,True,False,5.0,2026-08-13T11:39:52+05:30
ATUL,6897.0,V,0.71,above,6946.0,6897.0,6881.33,6897.0,6865.67,0.455,60.0,0.015,1,2026-08-11,2026-08-13,True,False,5.0,2026-08-13T11:39:52+05:30
AIIL,575.53,V,-1.28,below,568.15,575.53,577.62,579.7,575.53,0.721,60.3,0.055,1,2026-08-11,2026-08-13,True,False,5.0,2026-08-13T11:39:52+05:30
ABSLAMC,1016.92,V,0.85,above,1025.6,1016.92,1014.13,1016.92,1011.35,0.549,61.4,0.033,1,2026-08-11,2026-08-13,True,False,5.0,2026-08-13T11:39:52+05:30
DLF,655.1,V,1.07,above,662.1,655.1,653.43,655.1,651.77,0.51,61.4,0.033,1,2026-08-11,2026-08-13,True,False,5.0,2026-08-13T11:39:52+05:30
SOLARINDS,18719.83,V,2.4,above,19170.0,18719.83,18669.67,18719.83,18619.5,0.537,61.6,0.057,1,2026-08-11,2026-08-13,True,False,5.0,2026-08-13T11:39:52+05:30
MAZDOCK,2543.97,V,0.33,above,2552.4,2543.97,2535.93,2543.97,2527.9,0.634,61.9,0.045,1,2026-08-12,2026-08-13,True,False,5.0,2026-08-13T11:39:52+05:30
SUNTV,481.82,V,2.47,above,493.75,481.82,480.62,481.82,479.41,0.503,62.7,0.024,1,2026-08-12,2026-08-13,True,False,5.0,2026-08-13T11:39:52+05:30
RAILTEL,288.19,V,-0.95,below,285.45,288.19,289.08,289.98,288.19,0.617,63.8,0.048,1,2026-08-11,2026-08-13,True,False,5.0,2026-08-13T11:39:52+05:30
VMM,109.33,V,-2.18,below,106.94,109.33,109.63,109.94,109.33,0.562,64.4,0.026,1,2026-08-11,2026-08-13,True,False,5.0,2026-08-13T11:39:52+05:30
EIDPARRY,790.82,V,-1.79,below,776.7,790.82,793.13,795.45,790.82,0.584,64.7,0.032,1,2026-08-11,2026-08-13,True,False,5.0,2026-08-13T11:39:52+05:30
AAVAS,1409.0,V,1.57,above,1431.1,1409.0,1404.93,1409.0,1400.87,0.579,66.0,0.027,1,2026-08-11,2026-08-13,True,False,5.0,2026-08-13T11:39:52+05:30
GVT&D,4424.98,V,-2.28,below,4324.0,4424.98,4443.47,4461.95,4424.98,0.832,67.7,0.025,1,2026-08-12,2026-08-13,True,False,5.0,2026-08-13T11:39:52+05:30
BOSCHLTD,45081.67,V,3.48,above,46650.0,45081.67,44978.33,45081.67,44875.0,0.459,68.2,0.029,1,2026-08-11,2026-08-13,True,False,5.0,2026-08-13T11:39:52+05:30
FORTIS,902.52,V,-0.47,below,898.3,902.52,905.03,907.55,902.52,0.556,68.2,0.031,1,2026-08-12,2026-08-13,True,False,5.0,2026-08-13T11:39:52+05:30
BLUESTARCO,1503.3,V,-0.49,below,1496.0,1503.3,1508.7,1514.1,1503.3,0.716,70.7,0.046,1,2026-08-11,2026-08-13,True,False,5.0,2026-08-13T11:39:52+05:30
RITES,227.41,V,-2.21,below,222.4,227.41,228.16,228.9,227.41,0.653,72.3,0.025,1,2026-08-11,2026-08-13,True,False,5.0,2026-08-13T11:39:52+05:30
AIAENG,4795.97,V,-7.55,below,4434.0,4795.97,4810.33,4824.7,4795.97,0.597,72.9,0.041,1,2026-08-11,2026-08-13,True,False,5.0,2026-08-13T11:39:52+05:30
HYUNDAI,2232.95,V,0.44,above,2242.7,2232.95,2225.9,2232.95,2218.85,0.633,72.9,0.026,1,2026-08-12,2026-08-13,True,False,5.0,2026-08-13T11:39:52+05:30
NAVINFLUOR,8245.25,V,0.85,above,8315.0,8245.25,8215.5,8245.25,8185.75,0.724,73.2,0.045,1,2026-08-11,2026-08-13,True,False,5.0,2026-08-13T11:39:52+05:30
IRCON,126.65,V,-1.16,below,125.17,126.65,127.11,127.58,126.65,0.732,73.4,0.042,1,2026-08-12,2026-08-13,True,False,5.0,2026-08-13T11:39:52+05:30
VIJAYA,1422.92,V,5.52,above,1501.5,1422.92,1417.63,1422.92,1412.35,0.745,74.8,0.036,1,2026-08-11,2026-08-13,True,False,5.0,2026-08-13T11:39:52+05:30
ACC,1343.2,V,-1.34,below,1325.2,1343.2,1346.6,1350.0,1343.2,0.505,77.0,0.033,1,2026-08-11,2026-08-13,True,False,5.0,2026-08-13T11:39:52+05:30
VTL,598.59,V,-1.23,below,591.2,598.59,601.18,603.77,598.59,0.862,78.1,0.03,1,2026-08-11,2026-08-13,True,False,5.0,2026-08-13T11:39:52+05:30
BSOFT,321.7,V,-1.38,below,317.25,321.7,323.1,324.5,321.7,0.867,78.4,0.037,1,2026-08-11,2026-08-13,True,False,5.0,2026-08-13T11:39:52+05:30
GRASIM,3315.95,V,-1.78,below,3257.0,3315.95,3324.1,3332.25,3315.95,0.49,78.4,0.017,1,2026-08-12,2026-08-13,True,False,5.0,2026-08-13T11:39:52+05:30
LTM,4800.5,V,-1.45,below,4731.0,4800.5,4817.0,4833.5,4800.5,0.685,79.2,0.032,1,2026-08-11,2026-08-13,True,False,5.0,2026-08-13T11:39:52+05:30
RAMCOCEM,937.22,V,-2.26,below,916.0,937.22,940.38,943.55,937.22,0.673,80.0,0.041,1,2026-08-11,2026-08-13,True,False,5.0,2026-08-13T11:39:52+05:30
POLYCAB,9255.92,V,0.76,above,9326.0,9255.92,9222.83,9255.92,9189.75,0.717,80.3,0.035,1,2026-08-12,2026-08-13,True,False,5.0,2026-08-13T11:39:52+05:30
BALRAMCHIN,630.38,V,-1.35,below,621.85,630.38,632.97,635.55,630.38,0.816,83.0,0.039,1,2026-08-11,2026-08-13,True,False,5.0,2026-08-13T11:39:52+05:30
IDEA,13.42,V,1.49,above,13.62,13.42,13.34,13.42,13.26,1.199,83.8,0.046,1,2026-08-12,2026-08-13,True,False,5.0,2026-08-13T11:39:52+05:30
LINDEINDIA,7001.58,V,-3.06,below,6787.0,7001.58,7031.17,7060.75,7001.58,0.841,84.7,0.025,1,2026-08-11,2026-08-13,True,False,5.0,2026-08-13T11:39:52+05:30
TCS,2357.45,V,-0.43,below,2347.3,2357.45,2365.2,2372.95,2357.45,0.655,84.7,0.029,1,2026-08-12,2026-08-13,True,False,5.0,2026-08-13T11:39:52+05:30
CHENNPETRO,1388.68,V,-5.26,below,1315.6,1388.68,1397.87,1407.05,1388.68,1.314,85.2,0.026,1,2026-08-12,2026-08-13,True,False,5.0,2026-08-13T11:39:52+05:30
NLCINDIA,278.08,V,-1.16,below,274.85,278.08,279.4,280.73,278.08,0.948,85.2,0.049,1,2026-08-12,2026-08-13,True,False,5.0,2026-08-13T11:39:52+05:30
RAINBOW,1509.9,V,-3.17,below,1462.0,1509.9,1515.7,1521.5,1509.9,0.765,86.0,0.034,1,2026-08-11,2026-08-13,True,False,5.0,2026-08-13T11:39:52+05:30
ASTRAL,1457.62,V,6.61,above,1554.0,1457.62,1451.23,1457.62,1444.85,0.88,86.8,0.032,1,2026-08-12,2026-08-13,True,False,5.0,2026-08-13T11:39:52+05:30
KAJARIACER,1220.07,V,2.99,above,1256.6,1220.07,1214.53,1220.07,1209.0,0.911,87.4,0.029,1,2026-08-11,2026-08-13,True,False,5.0,2026-08-13T11:39:52+05:30
CARBORUNIV,1159.9,V,-1.84,below,1138.6,1159.9,1165.6,1171.3,1159.9,0.978,87.9,0.029,1,2026-08-12,2026-08-13,True,False,5.0,2026-08-13T11:39:52+05:30
SHREECEM,25604.17,V,-1.99,below,25095.0,25604.17,25698.33,25792.5,25604.17,0.733,91.2,0.013,1,2026-08-11,2026-08-13,True,False,5.0,2026-08-13T11:39:52+05:30
FINCABLES,1287.87,V,-2.88,below,1250.8,1287.87,1295.68,1303.5,1287.87,1.207,91.5,0.019,1,2026-08-12,2026-08-13,True,False,5.0,2026-08-13T11:39:52+05:30
JIOFIN,254.87,V,1.05,above,257.55,254.87,253.7,254.87,252.52,0.926,92.1,0.022,1,2026-08-12,2026-08-13,True,False,5.0,2026-08-13T11:39:52+05:30
IPCALAB,1738.1,V,4.15,above,1810.2,1738.1,1727.8,1738.1,1717.5,1.192,94.5,0.032,1,2026-08-11,2026-08-13,True,False,5.0,2026-08-13T11:39:52+05:30
SPLPETRO,719.81,V,0.51,above,723.5,719.81,713.97,719.81,708.12,1.636,94.5,0.039,1,2026-08-12,2026-08-13,True,False,5.0,2026-08-13T11:39:52+05:30
JUBLINGREA,738.57,V,-1.01,below,731.1,738.57,744.05,749.52,738.57,1.472,95.1,0.034,1,2026-08-11,2026-08-13,True,False,5.0,2026-08-13T11:39:52+05:30
KPRMILL,1104.63,V,-1.92,below,1083.4,1104.63,1112.77,1120.9,1104.63,1.462,95.6,0.054,1,2026-08-11,2026-08-13,True,False,5.0,2026-08-13T11:39:52+05:30
CHOICEIN,827.32,V,-1.28,below,816.7,827.32,832.23,837.15,827.32,1.182,96.2,0.023,1,2026-08-11,2026-08-13,True,False,5.0,2026-08-13T11:39:52+05:30
AARTIIND,526.81,V,1.65,above,535.5,526.81,522.72,526.81,518.62,1.566,96.4,0.033,1,2026-08-12,2026-08-13,True,False,5.0,2026-08-13T11:39:52+05:30
MANAPPURAM,355.23,V,-1.6,below,349.55,355.23,357.85,360.48,355.23,1.467,96.4,0.027,1,2026-08-12,2026-08-13,True,False,5.0,2026-08-13T11:39:52+05:30
KIRLOSENG,2101.45,NARROW,0.38,above,2109.4,2101.45,2101.4,2101.45,2101.35,0.005,1.6,0.035,0,2026-08-11,2026-08-13,False,True,5.0,2026-08-13T11:39:52+05:30
TORNTPHARM,4886.25,NARROW,-0.35,below,4869.0,4886.25,4886.5,4886.75,4886.25,0.01,2.2,0.023,0,2026-08-11,2026-08-13,False,True,5.0,2026-08-13T11:39:52+05:30
LICHSGFIN,501.97,NARROW,0.02,above,502.05,501.97,501.93,501.97,501.9,0.013,2.7,0.021,0,2026-08-11,2026-08-13,False,True,5.0,2026-08-13T11:39:52+05:30
NTPCGREEN,92.46,NARROW,-0.24,below,92.24,92.46,92.47,92.47,92.46,0.007,2.7,0.015,0,2026-08-12,2026-08-13,False,True,5.0,2026-08-13T11:39:52+05:30
FIRSTCRY,214.17,NARROW,0.27,above,214.75,214.17,214.14,214.17,214.11,0.028,3.0,0.06,0,2026-08-11,2026-08-13,False,True,5.0,2026-08-13T11:39:52+05:30
KALYANKJIL,596.82,NARROW,0.35,above,598.9,596.82,596.78,596.82,596.74,0.014,3.0,0.038,0,2026-08-12,2026-08-13,False,True,5.0,2026-08-13T11:39:52+05:30
3MINDIA,36111.67,NARROW,0.96,above,36460.0,36111.67,36108.33,36111.67,36105.0,0.018,3.8,0.025,0,2026-08-11,2026-08-13,False,True,5.0,2026-08-13T11:39:52+05:30
TATASTEEL,186.21,NARROW,-0.74,below,184.84,186.21,186.23,186.24,186.21,0.014,3.8,0.019,0,2026-08-12,2026-08-13,False,True,5.0,2026-08-13T11:39:52+05:30
SAILIFE,1444.18,NARROW,1.04,above,1459.2,1444.18,1443.97,1444.18,1443.75,0.03,4.1,0.04,0,2026-08-11,2026-08-13,False,True,5.0,2026-08-13T11:39:52+05:30
GRAPHITE,730.78,NARROW,0.62,above,735.35,730.78,730.72,730.78,730.65,0.018,4.4,0.023,0,2026-08-11,2026-08-13,False,True,5.0,2026-08-13T11:39:52+05:30
LEMONTREE,109.17,NARROW,-0.11,below,109.05,109.17,109.18,109.19,109.17,0.021,4.4,0.027,0,2026-08-12,2026-08-13,False,True,5.0,2026-08-13T11:39:52+05:30
NAM-INDIA,1171.63,NARROW,-0.01,inside,1171.5,1171.63,1171.63,1171.8,1171.47,0.028,4.4,0.032,0,2026-08-11,2026-08-13,False,True,5.0,2026-08-13T11:39:52+05:30
PNB,118.19,WIDE,0.1,above,118.31,118.19,117.4,118.19,116.61,1.346,97.0,0.035,0,2026-08-12,2026-08-13,False,False,5.0,2026-08-13T11:39:52+05:30
ARE&M,976.18,WIDE,-2.0,below,956.7,976.18,982.97,989.75,976.18,1.38,97.3,0.023,0,2026-08-12,2026-08-13,False,False,5.0,2026-08-13T11:39:52+05:30
ZEEL,95.54,WIDE,0.96,inside,96.46,95.54,95.54,96.53,94.56,2.069,97.3,0.045,0,2026-08-12,2026-08-13,False,False,5.0,2026-08-13T11:39:52+05:30
CAPLIPOINT,2502.28,WIDE,-0.96,below,2478.3,2502.28,2532.17,2562.05,2502.28,2.36,98.4,0.032,0,2026-08-12,2026-08-13,False,False,5.0,2026-08-13T11:39:52+05:30
DEVYANI,140.08,WIDE,0.33,inside,140.55,140.08,140.08,141.44,138.73,1.932,98.4,0.04,0,2026-08-11,2026-08-13,False,False,5.0,2026-08-13T11:39:52+05:30
GODREJCP,924.69,WIDE,0.06,above,925.2,924.69,918.13,924.69,911.56,1.43,98.4,0.023,0,2026-08-12,2026-08-13,False,False,5.0,2026-08-13T11:39:52+05:30
ZYDUSLIFE,1178.0,WIDE,-0.34,below,1174.0,1178.0,1187.0,1196.0,1178.0,1.516,98.4,0.024,0,2026-08-12,2026-08-13,False,False,5.0,2026-08-13T11:39:52+05:30
BATAINDIA,727.63,WIDE,0.08,inside,728.2,727.63,727.63,733.88,721.39,1.716,98.6,0.022,0,2026-08-12,2026-08-13,False,False,5.0,2026-08-13T11:39:52+05:30
RHIM,391.43,WIDE,-0.26,below,390.4,391.43,396.97,402.5,391.43,2.788,99.5,0.029,0,2026-08-12,2026-08-13,False,False,5.0,2026-08-13T11:39:52+05:30
ADANIENSOL,1599.32,TOUCHED,-0.68,below,1588.5,1599.32,1599.63,1599.95,1599.32,0.04,5.8,0.031,0,2026-08-12,2026-08-13,False,False,5.0,2026-08-13T11:39:52+05:30
CIPLA,1462.45,TOUCHED,-0.16,below,1460.1,1462.45,1462.63,1462.82,1462.45,0.025,6.0,0.023,0,2026-08-12,2026-08-13,False,False,5.0,2026-08-13T11:39:52+05:30
COROMANDEL,2085.72,TOUCHED,-0.23,below,2081.0,2085.72,2086.23,2086.75,2085.72,0.05,6.0,0.04,0,2026-08-11,2026-08-13,False,False,5.0,2026-08-13T11:39:52+05:30
GICRE,355.65,TOUCHED,-0.65,below,353.35,355.65,355.72,355.78,355.65,0.037,6.0,0.032,0,2026-08-12,2026-08-13,False,False,5.0,2026-08-13T11:39:52+05:30
CREDITACC,1539.9,TOUCHED,0.06,above,1540.8,1539.9,1539.5,1539.9,1539.1,0.052,6.3,0.035,0,2026-08-11,2026-08-13,False,False,5.0,2026-08-13T11:39:52+05:30
IOC,140.62,TOUCHED,-0.27,below,140.25,140.62,140.65,140.67,140.62,0.033,6.6,0.021,0,2026-08-12,2026-08-13,False,False,5.0,2026-08-13T11:39:52+05:30
GODREJPROP,2014.33,TOUCHED,0.0,above,2014.4,2014.33,2013.67,2014.33,2013.0,0.066,7.4,0.045,0,2026-08-12,2026-08-13,False,False,5.0,2026-08-13T11:39:52+05:30
SWIGGY,279.12,TOUCHED,-0.04,inside,279.0,279.12,279.12,279.23,279.0,0.084,7.7,0.045,0,2026-08-12,2026-08-13,False,False,5.0,2026-08-13T11:39:52+05:30
PFIZER,5018.52,TOUCHED,-0.19,below,5009.0,5018.52,5019.43,5020.35,5018.52,0.037,7.9,0.021,0,2026-08-12,2026-08-13,False,False,5.0,2026-08-13T11:39:52+05:30
BLUEJET,591.45,TOUCHED,0.26,above,593.0,591.45,591.2,591.45,590.95,0.085,8.2,0.042,0,2026-08-11,2026-08-13,False,False,5.0,2026-08-13T11:39:52+05:30
NUVAMA,1698.1,TOUCHED,0.28,above,1702.9,1698.1,1697.63,1698.1,1697.17,0.055,8.5,0.025,0,2026-08-12,2026-08-13,False,False,5.0,2026-08-13T11:39:52+05:30
UCOBANK,26.18,TOUCHED,-0.17,below,26.13,26.18,26.18,26.19,26.18,0.038,8.5,0.013,0,2026-08-12,2026-08-13,False,False,5.0,2026-08-13T11:39:52+05:30
MANKIND,2422.55,TOUCHED,-0.51,below,2410.1,2422.55,2423.37,2424.18,2422.55,0.067,8.8,0.038,0,2026-08-11,2026-08-13,False,False,5.0,2026-08-13T11:39:52+05:30
OBEROIRLTY,1795.55,TOUCHED,1.22,above,1817.4,1795.55,1794.9,1795.55,1794.25,0.072,9.0,0.044,0,2026-08-11,2026-08-13,False,False,5.0,2026-08-13T11:39:52+05:30
PAYTM,1607.5,TOUCHED,-0.21,below,1604.1,1607.5,1608.33,1609.17,1607.5,0.104,9.0,0.057,0,2026-08-12,2026-08-13,False,False,5.0,2026-08-13T11:39:52+05:30
COFORGE,1800.92,TOUCHED,0.18,above,1804.1,1800.92,1800.33,1800.92,1799.75,0.065,9.3,0.032,0,2026-08-12,2026-08-13,False,False,5.0,2026-08-13T11:39:52+05:30
ZYDUSWELL,506.98,TOUCHED,-0.26,below,505.65,506.98,507.17,507.36,506.98,0.076,9.3,0.034,0,2026-08-12,2026-08-13,False,False,5.0,2026-08-13T11:39:52+05:30
CASTROLIND,188.28,TOUCHED,-0.2,below,187.91,188.28,188.31,188.35,188.28,0.035,9.6,0.014,0,2026-08-12,2026-08-13,False,False,5.0,2026-08-13T11:39:52+05:30
DALBHARAT,1834.25,TOUCHED,-0.57,below,1823.8,1834.25,1834.7,1835.15,1834.25,0.049,9.9,0.028,0,2026-08-11,2026-08-13,False,False,5.0,2026-08-13T11:39:52+05:30
LT,4019.02,TOUCHED,0.85,above,4053.0,4019.02,4018.03,4019.02,4017.05,0.049,9.9,0.024,0,2026-08-12,2026-08-13,False,False,5.0,2026-08-13T11:39:52+05:30
OLECTRA,1393.3,TOUCHED,0.98,above,1407.0,1393.3,1392.73,1393.3,1392.17,0.081,9.9,0.034,0,2026-08-11,2026-08-13,False,False,5.0,2026-08-13T11:39:52+05:30
ASIANPAINT,2733.8,TOUCHED,-0.1,below,2731.2,2733.8,2734.37,2734.93,2733.8,0.041,10.7,0.021,0,2026-08-11,2026-08-13,False,False,5.0,2026-08-13T11:39:52+05:30
NESTLEIND,1505.5,TOUCHED,-0.06,below,1504.6,1505.5,1506.0,1506.5,1505.5,0.066,10.7,0.033,0,2026-08-12,2026-08-13,False,False,5.0,2026-08-13T11:39:52+05:30
ANANDRATHI,2191.05,TOUCHED,0.1,above,2193.2,2191.05,2190.37,2191.05,2189.68,0.062,11.2,0.022,0,2026-08-12,2026-08-13,False,False,5.0,2026-08-13T11:39:52+05:30
ASAHIINDIA,892.5,TOUCHED,-0.02,inside,892.3,892.5,892.5,893.0,892.0,0.112,11.2,0.045,0,2026-08-12,2026-08-13,False,False,5.0,2026-08-13T11:39:52+05:30
TMPV,342.91,TOUCHED,1.76,above,348.95,342.91,342.82,342.91,342.73,0.053,11.2,0.02,0,2026-08-12,2026-08-13,False,False,5.0,2026-08-13T11:39:52+05:30
UPL,567.45,TOUCHED,-0.61,below,564.0,567.45,567.63,567.82,567.45,0.065,11.2,0.02,0,2026-08-11,2026-08-13,False,False,5.0,2026-08-13T11:39:52+05:30
KOTAKBANK,390.62,TOUCHED,-0.12,below,390.15,390.62,390.75,390.88,390.62,0.064,11.8,0.025,0,2026-08-12,2026-08-13,False,False,5.0,2026-08-13T11:39:52+05:30
BELRISE,260.91,TOUCHED,-2.29,below,254.94,260.91,261.05,261.2,260.91,0.114,12.2,0.033,0,2026-08-12,2026-08-13,False,False,5.0,2026-08-13T11:39:52+05:30
CUB,215.49,TOUCHED,-1.05,below,213.23,215.49,215.61,215.73,215.49,0.111,12.6,0.034,0,2026-08-12,2026-08-13,False,False,5.0,2026-08-13T11:39:52+05:30
JSWINFRA,346.73,TOUCHED,-1.57,below,341.3,346.73,346.87,347.0,346.73,0.077,12.6,0.029,0,2026-08-12,2026-08-13,False,False,5.0,2026-08-13T11:39:52+05:30
ADANIPOWER,207.11,TOUCHED,-0.87,below,205.3,207.11,207.23,207.36,207.11,0.117,12.9,0.053,0,2026-08-12,2026-08-13,False,False,5.0,2026-08-13T11:39:52+05:30
SBILIFE,1828.65,TOUCHED,-0.71,below,1815.7,1828.65,1829.1,1829.55,1828.65,0.049,12.9,0.017,0,2026-08-12,2026-08-13,False,False,5.0,2026-08-13T11:39:52+05:30
EMMVEE,316.97,TOUCHED,2.03,above,323.4,316.97,316.73,316.97,316.5,0.147,13.0,0.041,0,2026-08-12,2026-08-13,False,False,5.0,2026-08-13T11:39:52+05:30
DCMSHRIRAM,1007.5,TOUCHED,-0.65,below,1001.0,1007.5,1008.0,1008.5,1007.5,0.099,13.4,0.024,0,2026-08-11,2026-08-13,False,False,5.0,2026-08-13T11:39:52+05:30
ADANIENT,2981.5,TOUCHED,-0.96,below,2952.8,2981.5,2982.9,2984.3,2981.5,0.094,13.7,0.026,0,2026-08-12,2026-08-13,False,False,5.0,2026-08-13T11:39:52+05:30
HINDUNILVR,2062.37,TOUCHED,0.32,above,2069.0,2062.37,2061.73,2062.37,2061.1,0.061,14.5,0.015,0,2026-08-12,2026-08-13,False,False,5.0,2026-08-13T11:39:52+05:30
IREDA,117.87,TOUCHED,-0.21,below,117.62,117.87,117.93,118.0,117.87,0.113,14.5,0.048,0,2026-08-12,2026-08-13,False,False,5.0,2026-08-13T11:39:52+05:30
HINDPETRO,389.8,TOUCHED,0.13,above,390.3,389.8,389.6,389.8,389.4,0.103,15.1,0.034,0,2026-08-12,2026-08-13,False,False,5.0,2026-08-13T11:39:52+05:30
SJVN,67.15,TOUCHED,-0.07,below,67.1,67.15,67.18,67.22,67.15,0.104,15.1,0.027,0,2026-08-12,2026-08-13,False,False,5.0,2026-08-13T11:39:52+05:30
SUNPHARMA,1939.85,TOUCHED,-0.03,below,1939.2,1939.85,1940.57,1941.28,1939.85,0.074,15.3,0.02,0,2026-08-11,2026-08-13,False,False,5.0,2026-08-13T11:39:52+05:30
TIINDIA,2781.95,TOUCHED,-0.7,below,2762.6,2781.95,2783.9,2785.85,2781.95,0.14,15.3,0.038,0,2026-08-11,2026-08-13,False,False,5.0,2026-08-13T11:39:52+05:30
CIEINDIA,413.21,TOUCHED,-0.91,below,409.45,413.21,413.42,413.62,413.21,0.101,16.2,0.029,0,2026-08-11,2026-08-13,False,False,5.0,2026-08-13T11:39:52+05:30
DELHIVERY,470.52,TOUCHED,-0.61,below,467.65,470.52,470.78,471.05,470.52,0.113,16.2,0.019,0,2026-08-12,2026-08-13,False,False,5.0,2026-08-13T11:39:52+05:30
DRREDDY,1199.47,TOUCHED,0.44,above,1204.8,1199.47,1198.93,1199.47,1198.4,0.089,16.7,0.015,0,2026-08-12,2026-08-13,False,False,5.0,2026-08-13T11:39:52+05:30
JPPOWER,17.71,TOUCHED,0.02,inside,17.71,17.71,17.71,17.72,17.69,0.132,17.0,0.037,0,2026-08-12,2026-08-13,False,False,5.0,2026-08-13T11:39:52+05:30
SUPREMEIND,3442.55,TOUCHED,0.1,above,3445.9,3442.55,3440.03,3442.55,3437.52,0.146,17.0,0.043,0,2026-08-11,2026-08-13,False,False,5.0,2026-08-13T11:39:52+05:30
COCHINSHIP,1504.82,TOUCHED,0.58,above,1513.5,1504.82,1503.63,1504.82,1502.45,0.157,17.3,0.043,0,2026-08-12,2026-08-13,False,False,5.0,2026-08-13T11:39:52+05:30
TITAGARH,844.0,TOUCHED,1.44,above,856.15,844.0,843.2,844.0,842.4,0.19,17.3,0.051,0,2026-08-11,2026-08-13,False,False,5.0,2026-08-13T11:39:52+05:30
OIL,471.7,TOUCHED,0.55,above,474.3,471.7,471.4,471.7,471.1,0.127,17.5,0.021,0,2026-08-12,2026-08-13,False,False,5.0,2026-08-13T11:39:52+05:30
PETRONET,279.45,TOUCHED,-0.7,below,277.5,279.45,279.58,279.72,279.45,0.095,17.5,0.025,0,2026-08-12,2026-08-13,False,False,5.0,2026-08-13T11:39:52+05:30
SONACOMS,802.55,TOUCHED,-0.45,below,798.95,802.55,803.2,803.85,802.55,0.162,17.8,0.034,0,2026-08-12,2026-08-13,False,False,5.0,2026-08-13T11:39:52+05:30
TRITURBINE,599.05,TOUCHED,-1.22,below,591.75,599.05,599.48,599.92,599.05,0.145,18.4,0.021,0,2026-08-11,2026-08-13,False,False,5.0,2026-08-13T11:39:52+05:30
MEESHO,192.31,TOUCHED,0.41,above,193.1,192.31,192.17,192.31,192.03,0.144,18.5,0.026,0,2026-08-12,2026-08-13,False,False,5.0,2026-08-13T11:39:52+05:30
APLAPOLLO,2011.57,TOUCHED,1.52,above,2042.1,2011.57,2010.43,2011.57,2009.3,0.113,18.9,0.017,0,2026-08-11,2026-08-13,False,False,5.0,2026-08-13T11:39:52+05:30
INOXWIND,74.06,TOUCHED,-0.36,below,73.8,74.06,74.13,74.19,74.06,0.175,19.2,0.041,0,2026-08-12,2026-08-13,False,False,5.0,2026-08-13T11:39:52+05:30
GRANULES,861.71,TOUCHED,-0.35,below,858.7,861.71,862.42,863.12,861.71,0.164,19.5,0.037,0,2026-08-11,2026-08-13,False,False,5.0,2026-08-13T11:39:52+05:30
JSWENERGY,557.6,TOUCHED,-0.74,below,553.5,557.6,557.98,558.37,557.6,0.137,19.5,0.021,0,2026-08-12,2026-08-13,False,False,5.0,2026-08-13T11:39:52+05:30
RVNL,230.22,TOUCHED,-0.56,below,228.92,230.22,230.44,230.66,230.22,0.191,19.7,0.034,0,2026-08-12,2026-08-13,False,False,5.0,2026-08-13T11:39:52+05:30
COLPAL,2001.0,TOUCHED,-0.77,below,1985.5,2001.0,2002.33,2003.67,2001.0,0.133,20.0,0.024,0,2026-08-12,2026-08-13,False,False,5.0,2026-08-13T11:39:52+05:30
CEMPRO,1263.02,TOUCHED,-0.83,below,1252.5,1263.02,1264.33,1265.65,1263.02,0.208,20.3,0.053,0,2026-08-12,2026-08-13,False,False,5.0,2026-08-13T11:39:52+05:30
CHOLAFIN,1909.45,TOUCHED,-0.09,below,1907.7,1909.45,1911.1,1912.75,1909.45,0.173,20.3,0.041,0,2026-08-11,2026-08-13,False,False,5.0,2026-08-13T11:39:52+05:30
PGEL,612.52,TOUCHED,-1.01,below,606.35,612.52,613.23,613.94,612.52,0.231,20.3,0.054,0,2026-08-12,2026-08-13,False,False,5.0,2026-08-13T11:39:52+05:30
NH,1844.45,TOUCHED,-0.9,below,1827.8,1844.45,1845.9,1847.35,1844.45,0.157,21.1,0.036,0,2026-08-11,2026-08-13,False,False,5.0,2026-08-13T11:39:52+05:30
SAIL,173.53,TOUCHED,-1.02,below,171.76,173.53,173.69,173.84,173.53,0.18,21.1,0.026,0,2026-08-12,2026-08-13,False,False,5.0,2026-08-13T11:39:52+05:30
ENRIN,3566.97,TOUCHED,-0.08,below,3564.1,3566.97,3570.13,3573.3,3566.97,0.177,21.6,0.028,0,2026-08-11,2026-08-13,False,False,5.0,2026-08-13T11:39:52+05:30
AADHARHFC,501.68,TOUCHED,1.08,above,507.1,501.68,501.37,501.68,501.05,0.126,21.9,0.025,0,2026-08-12,2026-08-13,False,False,5.0,2026-08-13T11:39:52+05:30
TATACAP,367.25,TOUCHED,-0.65,below,364.85,367.25,367.45,367.65,367.25,0.109,22.0,0.016,0,2026-08-12,2026-08-13,False,False,5.0,2026-08-13T11:39:52+05:30
JWL,259.32,TOUCHED,-0.32,below,258.5,259.32,259.6,259.88,259.32,0.212,22.5,0.042,0,2026-08-12,2026-08-13,False,False,5.0,2026-08-13T11:39:52+05:30
TRENT,2989.98,TOUCHED,-1.08,below,2957.6,2989.98,2992.97,2995.95,2989.98,0.199,23.0,0.046,0,2026-08-12,2026-08-13,False,False,5.0,2026-08-13T11:39:52+05:30
ACMESOLAR,371.7,TOUCHED,0.12,inside,372.15,371.7,371.7,372.15,371.25,0.242,23.3,0.05,0,2026-08-12,2026-08-13,False,False,5.0,2026-08-13T11:39:52+05:30
OLAELEC,39.92,TOUCHED,-0.31,below,39.8,39.92,39.99,40.05,39.92,0.317,23.3,0.074,0,2026-08-12,2026-08-13,False,False,5.0,2026-08-13T11:39:52+05:30
HAVELLS,1265.77,TOUCHED,-0.46,below,1259.9,1265.77,1266.53,1267.3,1265.77,0.121,23.6,0.019,0,2026-08-12,2026-08-13,False,False,5.0,2026-08-13T11:39:52+05:30
INDUSINDBK,1015.57,TOUCHED,0.09,inside,1016.5,1015.57,1015.57,1016.53,1014.6,0.19,23.8,0.031,0,2026-08-12,2026-08-13,False,False,5.0,2026-08-13T11:39:52+05:30
SUZLON,47.25,TOUCHED,0.07,inside,47.28,47.25,47.25,47.3,47.2,0.219,24.4,0.033,0,2026-08-12,2026-08-13,False,False,5.0,2026-08-13T11:39:52+05:30
HOMEFIRST,1179.85,TOUCHED,0.72,above,1188.3,1179.85,1178.57,1179.85,1177.28,0.218,24.7,0.044,0,2026-08-11,2026-08-13,False,False,5.0,2026-08-13T11:39:52+05:30
HEROMOTOCO,5880.0,TOUCHED,-0.43,below,5855.0,5880.0,5885.0,5890.0,5880.0,0.17,25.2,0.017,0,2026-08-12,2026-08-13,False,False,5.0,2026-08-13T11:39:52+05:30
CDSL,1343.25,TOUCHED,0.3,above,1347.3,1343.25,1341.83,1343.25,1340.42,0.211,25.5,0.036,0,2026-08-12,2026-08-13,False,False,5.0,2026-08-13T11:39:52+05:30
EMCURE,2007.45,TOUCHED,0.28,above,2013.1,2007.45,2005.3,2007.45,2003.15,0.214,25.5,0.029,0,2026-08-12,2026-08-13,False,False,5.0,2026-08-13T11:39:52+05:30
TRAVELFOOD,1393.85,TOUCHED,0.35,above,1398.7,1393.85,1392.23,1393.85,1390.62,0.232,25.9,0.032,0,2026-08-11,2026-08-13,False,False,5.0,2026-08-13T11:39:52+05:30
DMART,4044.1,TOUCHED,-0.48,below,4024.6,4044.1,4047.7,4051.3,4044.1,0.178,26.0,0.028,0,2026-08-11,2026-08-13,False,False,5.0,2026-08-13T11:39:52+05:30
HINDCOPPER,549.75,TOUCHED,1.32,above,557.0,549.75,549.07,549.75,548.38,0.249,26.0,0.032,0,2026-08-12,2026-08-13,False,False,5.0,2026-08-13T11:39:52+05:30
APTUS,255.03,TOUCHED,-0.01,below,255.0,255.03,255.32,255.6,255.03,0.222,26.3,0.026,0,2026-08-12,2026-08-13,False,False,5.0,2026-08-13T11:39:52+05:30
ZENSARTECH,495.75,TOUCHED,-0.01,inside,495.7,495.75,495.75,496.4,495.1,0.262,26.3,0.035,0,2026-08-12,2026-08-13,False,False,5.0,2026-08-13T11:39:52+05:30
JAINREC,301.5,TOUCHED,-0.43,below,300.2,301.5,302.0,302.5,301.5,0.331,26.6,0.059,0,2026-08-12,2026-08-13,False,False,5.0,2026-08-13T11:39:52+05:30
NBCC,92.29,TOUCHED,-0.1,below,92.19,92.29,92.4,92.52,92.29,0.253,26.8,0.042,0,2026-08-12,2026-08-13,False,False,5.0,2026-08-13T11:39:52+05:30
ZENTEC,1831.55,TOUCHED,0.73,above,1844.9,1831.55,1829.13,1831.55,1826.72,0.264,27.1,0.015,0,2026-08-12,2026-08-13,False,False,5.0,2026-08-13T11:39:52+05:30
GODFRYPHLP,2189.35,TOUCHED,-0.66,below,2175.0,2189.35,2192.57,2195.78,2189.35,0.293,27.4,0.041,0,2026-08-12,2026-08-13,False,False,5.0,2026-08-13T11:39:52+05:30
CLEAN,809.1,TOUCHED,2.08,above,825.9,809.1,808.2,809.1,807.3,0.223,27.9,0.026,0,2026-08-11,2026-08-13,False,False,5.0,2026-08-13T11:39:52+05:30
TVSMOTOR,4379.17,TOUCHED,-1.25,below,4324.3,4379.17,4383.33,4387.5,4379.17,0.19,27.9,0.019,0,2026-08-12,2026-08-13,False,False,5.0,2026-08-13T11:39:52+05:30
CAMS,778.18,TOUCHED,-0.65,below,773.15,778.18,778.97,779.75,778.18,0.201,28.2,0.041,0,2026-08-12,2026-08-13,False,False,5.0,2026-08-13T11:39:52+05:30
GESHIP,1283.6,TOUCHED,-1.11,below,1269.3,1283.6,1285.3,1287.0,1283.6,0.265,29.0,0.037,0,2026-08-12,2026-08-13,False,False,5.0,2026-08-13T11:39:52+05:30
MSUMI,40.88,TOUCHED,-1.0,below,40.47,40.88,40.93,40.99,40.88,0.261,29.6,0.031,0,2026-08-12,2026-08-13,False,False,5.0,2026-08-13T11:39:52+05:30
RADICO,4528.33,TOUCHED,2.13,above,4625.0,4528.33,4523.67,4528.33,4519.0,0.206,29.6,0.021,0,2026-08-12,2026-08-13,False,False,5.0,2026-08-13T11:39:52+05:30
HONASA,469.15,TOUCHED,3.47,above,485.45,469.15,468.57,469.15,467.98,0.249,29.9,0.054,0,2026-08-12,2026-08-13,False,False,5.0,2026-08-13T11:39:52+05:30
TENNIND,538.88,TOUCHED,0.05,inside,539.15,538.88,538.88,539.77,538.0,0.328,30.2,0.018,0,2026-08-12,2026-08-13,False,False,5.0,2026-08-13T11:39:52+05:30
PNBHOUSING,1145.6,TOUCHED,2.11,above,1169.8,1145.6,1144.43,1145.6,1143.27,0.204,31.0,0.027,0,2026-08-11,2026-08-13,False,False,5.0,2026-08-13T11:39:52+05:30
WIPRO,183.46,TOUCHED,-0.9,below,181.81,183.46,183.62,183.78,183.46,0.176,31.0,0.013,0,2026-08-12,2026-08-13,False,False,5.0,2026-08-13T11:39:52+05:30
BAJAJHLDNG,11505.5,TOUCHED,-0.09,below,11495.0,11505.5,11520.33,11535.17,11505.5,0.258,31.2,0.025,0,2026-08-11,2026-08-13,False,False,5.0,2026-08-13T11:39:52+05:30
SAPPHIRE,232.79,TOUCHED,0.92,above,234.93,232.79,232.44,232.79,232.09,0.303,31.5,0.05,0,2026-08-12,2026-08-13,False,False,5.0,2026-08-13T11:39:52+05:30
WAAREEENER,2676.0,TOUCHED,0.15,inside,2680.0,2676.0,2676.0,2680.0,2672.0,0.299,31.5,0.043,0,2026-08-12,2026-08-13,False,False,5.0,2026-08-13T11:39:52+05:30
IDBI,82.7,TOUCHED,-0.12,inside,82.6,82.7,82.7,82.82,82.58,0.29,31.8,0.042,0,2026-08-12,2026-08-13,False,False,5.0,2026-08-13T11:39:52+05:30
GMRAIRPORT,104.22,TOUCHED,-1.46,below,102.7,104.22,104.33,104.44,104.22,0.211,32.1,0.019,0,2026-08-12,2026-08-13,False,False,5.0,2026-08-13T11:39:52+05:30
SAGILITY,43.09,TOUCHED,-0.38,below,42.93,43.09,43.17,43.24,43.09,0.332,32.1,0.047,0,2026-08-12,2026-08-13,False,False,5.0,2026-08-13T11:39:52+05:30
BHARTIHEXA,1513.12,TOUCHED,3.43,above,1565.0,1513.12,1511.23,1513.12,1509.35,0.249,32.6,0.038,0,2026-08-11,2026-08-13,False,False,5.0,2026-08-13T11:39:52+05:30
ESCORTS,3114.25,TOUCHED,-0.55,below,3097.0,3114.25,3118.17,3122.08,3114.25,0.251,32.6,0.041,0,2026-08-12,2026-08-13,False,False,5.0,2026-08-13T11:39:52+05:30
IEX,125.55,TOUCHED,-0.16,below,125.35,125.55,125.68,125.81,125.55,0.215,32.6,0.029,0,2026-08-12,2026-08-13,False,False,5.0,2026-08-13T11:39:52+05:30
APOLLOTYRE,443.57,TOUCHED,-0.29,below,442.3,443.57,444.13,444.7,443.57,0.255,33.2,0.038,0,2026-08-11,2026-08-13,False,False,5.0,2026-08-13T11:39:52+05:30
GALLANTT,594.59,TOUCHED,-0.2,below,593.4,594.59,595.68,596.77,594.59,0.367,34.2,0.07,0,2026-08-11,2026-08-13,False,False,5.0,2026-08-13T11:39:52+05:30
GRSE,2591.75,TOUCHED,2.18,above,2648.2,2591.75,2586.3,2591.75,2580.85,0.421,34.2,0.067,0,2026-08-11,2026-08-13,False,False,5.0,2026-08-13T11:39:52+05:30
EXIDEIND,488.8,TOUCHED,-0.54,below,486.15,488.8,489.42,490.03,488.8,0.252,34.8,0.027,0,2026-08-12,2026-08-13,False,False,5.0,2026-08-13T11:39:52+05:30
SCHAEFFLER,4141.5,TOUCHED,-0.01,inside,4141.1,4141.5,4141.5,4146.4,4136.6,0.237,34.8,0.035,0,2026-08-11,2026-08-13,False,False,5.0,2026-08-13T11:39:52+05:30
MOTHERSON,169.74,TOUCHED,-0.12,below,169.53,169.74,169.98,170.22,169.74,0.284,35.1,0.033,0,2026-08-12,2026-08-13,False,False,5.0,2026-08-13T11:39:52+05:30
TORNTPOWER,1325.15,TOUCHED,0.11,above,1326.6,1325.15,1323.1,1325.15,1321.05,0.31,35.1,0.031,0,2026-08-12,2026-08-13,False,False,5.0,2026-08-13T11:39:52+05:30
WHIRLPOOL,796.24,TOUCHED,-0.33,below,793.6,796.24,797.43,798.62,796.24,0.299,35.1,0.045,0,2026-08-11,2026-08-13,False,False,5.0,2026-08-13T11:39:52+05:30
360ONE,1166.08,TOUCHED,0.29,above,1169.5,1166.08,1164.17,1166.08,1162.25,0.329,35.6,0.032,0,2026-08-11,2026-08-13,False,False,5.0,2026-08-13T11:39:52+05:30
AMBUJACEM,421.46,TOUCHED,-0.6,below,418.95,421.46,421.92,422.38,421.46,0.217,35.6,0.035,0,2026-08-12,2026-08-13,False,False,5.0,2026-08-13T11:39:52+05:30
HINDZINC,586.3,TOUCHED,0.11,inside,586.95,586.3,586.3,587.15,585.45,0.29,35.6,0.041,0,2026-08-12,2026-08-13,False,False,5.0,2026-08-13T11:39:52+05:30
VEDL,276.2,TOUCHED,-1.39,below,272.35,276.2,276.6,277.0,276.2,0.289,35.9,0.028,0,2026-08-12,2026-08-13,False,False,5.0,2026-08-13T11:39:52+05:30
ZFCVINDIA,2625.0,TOUCHED,0.24,above,2631.2,2625.0,2621.13,2625.0,2617.27,0.295,35.9,0.038,0,2026-08-12,2026-08-13,False,False,5.0,2026-08-13T11:39:52+05:30
LTFOODS,424.55,TOUCHED,-0.53,below,422.3,424.55,425.27,425.98,424.55,0.337,36.2,0.036,0,2026-08-12,2026-08-13,False,False,5.0,2026-08-13T11:39:52+05:30
SAMMAANCAP,161.1,TOUCHED,-0.05,below,161.02,161.1,161.42,161.73,161.1,0.388,36.2,0.041,0,2026-08-12,2026-08-13,False,False,5.0,2026-08-13T11:39:52+05:30
IRFC,88.03,TOUCHED,0.12,inside,88.14,88.03,88.03,88.15,87.92,0.257,36.4,0.033,0,2026-08-12,2026-08-13,False,False,5.0,2026-08-13T11:39:52+05:30
RPOWER,23.44,TOUCHED,-0.71,below,23.27,23.44,23.49,23.55,23.44,0.482,36.4,0.079,0,2026-08-12,2026-08-13,False,False,5.0,2026-08-13T11:39:52+05:30
SBFC,93.7,TOUCHED,0.06,above,93.76,93.7,93.56,93.7,93.42,0.299,37.0,0.033,0,2026-08-11,2026-08-13,False,False,5.0,2026-08-13T11:39:52+05:30
FEDERALBNK,355.72,TOUCHED,-0.72,below,353.15,355.72,356.1,356.48,355.72,0.211,37.3,0.026,0,2026-08-12,2026-08-13,False,False,5.0,2026-08-13T11:39:52+05:30
IKS,1782.72,TOUCHED,0.5,above,1791.7,1782.72,1779.83,1782.72,1776.95,0.324,38.1,0.02,0,2026-08-12,2026-08-13,False,False,5.0,2026-08-13T11:39:52+05:30
ITCHOTELS,168.08,TOUCHED,0.56,above,169.02,168.08,167.84,168.08,167.61,0.284,38.4,0.037,0,2026-08-12,2026-08-13,False,False,5.0,2026-08-13T11:39:52+05:30
KFINTECH,923.69,TOUCHED,-0.06,below,923.15,923.69,925.38,927.07,923.69,0.366,38.4,0.018,0,2026-08-12,2026-08-13,False,False,5.0,2026-08-13T11:39:52+05:30
SWANCORP,308.32,TOUCHED,-0.17,below,307.8,308.32,308.93,309.55,308.32,0.399,38.4,0.034,0,2026-08-12,2026-08-13,False,False,5.0,2026-08-13T11:39:52+05:30
J&KBANK,156.89,TOUCHED,-0.16,inside,156.65,156.89,156.89,157.19,156.6,0.374,38.9,0.029,0,2026-08-12,2026-08-13,False,False,5.0,2026-08-13T11:39:52+05:30
AMBER,7014.0,TOUCHED,0.11,inside,7022.0,7014.0,7014.0,7028.5,6999.5,0.413,39.2,0.031,0,2026-08-12,2026-08-13,False,False,5.0,2026-08-13T11:39:52+05:30
ATGL,661.31,TOUCHED,-0.33,below,659.15,661.31,662.27,663.23,661.31,0.289,39.2,0.031,0,2026-08-12,2026-08-13,False,False,5.0,2026-08-13T11:39:52+05:30
HBLENGINE,694.03,TOUCHED,0.11,inside,694.8,694.03,694.03,695.3,692.77,0.365,40.0,0.036,0,2026-08-12,2026-08-13,False,False,5.0,2026-08-13T11:39:52+05:30
IFCI,74.0,TOUCHED,4.99,above,77.69,74.0,73.84,74.0,73.67,0.442,40.0,0.102,0,2026-08-12,2026-08-13,False,False,5.0,2026-08-13T11:39:52+05:30
TATACONSUM,1066.15,TOUCHED,1.03,above,1077.1,1066.15,1064.73,1066.15,1063.32,0.266,40.0,0.027,0,2026-08-12,2026-08-13,False,False,5.0,2026-08-13T11:39:52+05:30
HDFCAMC,2493.72,TOUCHED,-0.19,below,2488.9,2493.72,2497.43,2501.15,2493.72,0.298,40.3,0.024,0,2026-08-12,2026-08-13,False,False,5.0,2026-08-13T11:39:52+05:30
SRF,2573.85,TOUCHED,-0.28,below,2566.7,2573.85,2577.7,2581.55,2573.85,0.299,40.3,0.028,0,2026-08-11,2026-08-13,False,False,5.0,2026-08-13T11:39:52+05:30
ETERNAL,315.78,TOUCHED,0.45,above,317.2,315.78,315.2,315.78,314.62,0.365,40.5,0.028,0,2026-08-12,2026-08-13,False,False,5.0,2026-08-13T11:39:52+05:30
GILLETTE,7599.92,TOUCHED,-0.04,below,7597.0,7599.92,7610.33,7620.75,7599.92,0.274,40.8,0.029,0,2026-08-12,2026-08-13,False,False,5.0,2026-08-13T11:39:52+05:30
GLAND,2904.95,TOUCHED,0.41,above,2916.8,2904.95,2900.37,2904.95,2895.78,0.316,40.8,0.04,0,2026-08-12,2026-08-13,False,False,5.0,2026-08-13T11:39:52+05:30
PCBL,317.06,TOUCHED,-0.19,below,316.45,317.06,317.67,318.27,317.06,0.383,40.8,0.057,0,2026-08-12,2026-08-13,False,False,5.0,2026-08-13T11:39:52+05:30
TEJASNET,526.16,TOUCHED,1.64,above,534.8,526.16,525.07,526.16,523.98,0.416,40.8,0.046,0,2026-08-12,2026-08-13,False,False,5.0,2026-08-13T11:39:52+05:30
HEG,678.7,TOUCHED,1.3,above,687.55,678.7,677.25,678.7,675.8,0.428,41.1,0.043,0,2026-08-12,2026-08-13,False,False,5.0,2026-08-13T11:39:52+05:30
MGL,1130.77,TOUCHED,0.06,inside,1131.4,1130.77,1130.77,1132.53,1129.0,0.312,41.9,0.039,0,2026-08-11,2026-08-13,False,False,5.0,2026-08-13T11:39:52+05:30
DIXON,13826.67,TOUCHED,-0.4,below,13772.0,13826.67,13853.33,13880.0,13826.67,0.385,42.2,0.056,0,2026-08-12,2026-08-13,False,False,5.0,2026-08-13T11:39:52+05:30
IIFL,623.1,TOUCHED,1.35,above,631.5,623.1,621.82,623.1,620.53,0.413,42.2,0.027,0,2026-08-11,2026-08-13,False,False,5.0,2026-08-13T11:39:52+05:30
SARDAEN,498.98,TOUCHED,7.0,above,533.9,498.98,497.93,498.98,496.89,0.418,42.2,0.028,0,2026-08-11,2026-08-13,False,False,5.0,2026-08-13T11:39:52+05:30
DOMS,2238.37,TOUCHED,-0.07,inside,2236.9,2238.37,2238.37,2241.65,2235.08,0.293,42.5,0.027,0,2026-08-11,2026-08-13,False,False,5.0,2026-08-13T11:39:52+05:30
NYKAA,324.51,TOUCHED,0.6,above,326.45,324.51,324.02,324.51,323.52,0.303,42.5,0.027,0,2026-08-11,2026-08-13,False,False,5.0,2026-08-13T11:39:52+05:30
TRIDENT,24.73,TOUCHED,-0.11,inside,24.7,24.73,24.73,24.76,24.69,0.27,42.7,0.028,0,2026-08-12,2026-08-13,False,False,5.0,2026-08-13T11:39:52+05:30
NTPC,339.08,TOUCHED,0.64,above,341.25,339.08,338.72,339.08,338.35,0.217,43.0,0.015,0,2026-08-12,2026-08-13,False,False,5.0,2026-08-13T11:39:52+05:30
SOBHA,1338.57,TOUCHED,0.17,inside,1340.9,1338.57,1338.57,1341.0,1336.13,0.364,43.0,0.029,0,2026-08-12,2026-08-13,False,False,5.0,2026-08-13T11:39:52+05:30
TARIL,293.25,TOUCHED,-0.58,below,291.55,293.25,294.05,294.85,293.25,0.544,43.0,0.054,0,2026-08-12,2026-08-13,False,False,5.0,2026-08-13T11:39:52+05:30
BSE,3535.82,TOUCHED,-1.05,below,3498.8,3535.82,3544.63,3553.45,3535.82,0.497,43.3,0.022,0,2026-08-12,2026-08-13,False,False,5.0,2026-08-13T11:39:52+05:30
AUROPHARMA,1664.55,TOUCHED,0.57,above,1674.1,1664.55,1662.1,1664.55,1659.65,0.295,43.6,0.038,0,2026-08-12,2026-08-13,False,False,5.0,2026-08-13T11:39:52+05:30
CANBK,131.57,TOUCHED,0.14,inside,131.75,131.57,131.57,131.79,131.36,0.327,43.6,0.023,0,2026-08-12,2026-08-13,False,False,5.0,2026-08-13T11:39:52+05:30
CESC,161.62,TOUCHED,-0.02,below,161.58,161.62,161.89,162.16,161.62,0.334,44.1,0.037,0,2026-08-12,2026-08-13,False,False,5.0,2026-08-13T11:39:52+05:30
TEGA,1644.28,TOUCHED,0.44,above,1651.6,1644.28,1641.47,1644.28,1638.65,0.343,44.1,0.043,0,2026-08-11,2026-08-13,False,False,5.0,2026-08-13T11:39:52+05:30
EMAMILTD,397.9,TOUCHED,-0.16,below,397.25,397.9,398.55,399.2,397.9,0.326,44.4,0.022,0,2026-08-12,2026-08-13,False,False,5.0,2026-08-13T11:39:52+05:30
JKCEMENT,5364.25,TOUCHED,-0.44,below,5340.5,5364.25,5374.0,5383.75,5364.25,0.363,44.4,0.033,0,2026-08-12,2026-08-13,False,False,5.0,2026-08-13T11:39:52+05:30
TIMKEN,3229.85,TOUCHED,1.25,above,3270.1,3229.85,3223.77,3229.85,3217.68,0.377,44.9,0.05,0,2026-08-11,2026-08-13,False,False,5.0,2026-08-13T11:39:52+05:30
LODHA,1206.43,TOUCHED,1.51,above,1224.7,1206.43,1203.87,1206.43,1201.3,0.426,45.2,0.031,0,2026-08-12,2026-08-13,False,False,5.0,2026-08-13T11:39:52+05:30
NAUKRI,1344.2,TOUCHED,-0.19,inside,1341.7,1344.2,1344.2,1346.8,1341.6,0.387,45.5,0.023,0,2026-08-12,2026-08-13,False,False,5.0,2026-08-13T11:39:52+05:30
ECLERX,1790.9,TOUCHED,3.69,above,1857.0,1790.9,1786.2,1790.9,1781.5,0.526,45.8,0.038,0,2026-08-11,2026-08-13,False,False,5.0,2026-08-13T11:39:52+05:30
AWL,193.15,TOUCHED,-0.96,below,191.29,193.15,193.51,193.88,193.15,0.376,46.3,0.044,0,2026-08-12,2026-08-13,False,False,5.0,2026-08-13T11:39:52+05:30
ELGIEQUIP,576.23,TOUCHED,0.12,inside,576.9,576.23,576.23,577.43,575.04,0.414,46.3,0.045,0,2026-08-11,2026-08-13,False,False,5.0,2026-08-13T11:39:52+05:30
NMDC,85.48,TOUCHED,-0.58,below,84.98,85.48,85.62,85.76,85.48,0.327,46.3,0.028,0,2026-08-12,2026-08-13,False,False,5.0,2026-08-13T11:39:52+05:30
CHAMBLFERT,445.18,TOUCHED,-0.01,below,445.15,445.18,446.02,446.85,445.18,0.374,46.6,0.035,0,2026-08-11,2026-08-13,False,False,5.0,2026-08-13T11:39:52+05:30
COALINDIA,409.85,TOUCHED,-0.7,below,407.0,409.85,410.4,410.95,409.85,0.268,46.8,0.022,0,2026-08-12,2026-08-13,False,False,5.0,2026-08-13T11:39:52+05:30
IGL,154.28,TOUCHED,0.35,above,154.82,154.28,154.02,154.28,153.76,0.335,46.8,0.046,0,2026-08-12,2026-08-13,False,False,5.0,2026-08-13T11:39:52+05:30
NCC,143.67,TOUCHED,-0.19,below,143.4,143.67,143.93,144.19,143.67,0.364,47.1,0.027,0,2026-08-12,2026-08-13,False,False,5.0,2026-08-13T11:39:52+05:30
JSWCEMENT,130.81,TOUCHED,-0.27,below,130.45,130.81,131.07,131.32,130.81,0.394,47.2,0.038,0,2026-08-12,2026-08-13,False,False,5.0,2026-08-13T11:39:52+05:30
ONGC,239.36,TOUCHED,-0.01,below,239.35,239.36,239.68,239.99,239.36,0.261,47.4,0.028,0,2026-08-12,2026-08-13,False,False,5.0,2026-08-13T11:39:52+05:30
CPPLUS,3867.55,TOUCHED,-4.22,below,3704.2,3867.55,3878.07,3888.58,3867.55,0.542,47.8,0.037,0,2026-08-12,2026-08-13,False,False,5.0,2026-08-13T11:39:52+05:30
BAJAJ-AUTO,11716.17,TOUCHED,-0.45,below,11663.0,11716.17,11732.33,11748.5,11716.17,0.276,47.9,0.028,0,2026-08-12,2026-08-13,False,False,5.0,2026-08-13T11:39:52+05:30
HDFCLIFE,536.19,TOUCHED,0.36,above,538.1,536.19,535.38,536.19,534.58,0.302,47.9,0.018,0,2026-08-12,2026-08-13,False,False,5.0,2026-08-13T11:39:52+05:30
BAYERCROP,4122.72,TOUCHED,-0.84,below,4088.0,4122.72,4129.33,4135.95,4122.72,0.32,48.2,0.031,0,2026-08-11,2026-08-13,False,False,5.0,2026-08-13T11:39:52+05:30
EIHOTEL,300.1,TOUCHED,0.05,above,300.25,300.1,299.57,300.1,299.03,0.356,48.2,0.03,0,2026-08-12,2026-08-13,False,False,5.0,2026-08-13T11:39:52+05:30
FSL,275.15,TOUCHED,-0.56,below,273.6,275.15,275.8,276.45,275.15,0.471,48.5,0.037,0,2026-08-12,2026-08-13,False,False,5.0,2026-08-13T11:39:52+05:30
GABRIEL,1483.98,TOUCHED,-1.91,below,1455.7,1483.98,1488.75,1493.53,1483.98,0.641,49.0,0.033,0,2026-08-11,2026-08-13,False,False,5.0,2026-08-13T11:39:52+05:30
HEXT,569.98,TOUCHED,1.31,above,577.45,569.98,568.37,569.98,566.76,0.566,49.0,0.046,0,2026-08-11,2026-08-13,False,False,5.0,2026-08-13T11:39:52+05:30
PFC,377.16,TOUCHED,-0.65,below,374.7,377.16,377.82,378.47,377.16,0.348,49.0,0.036,0,2026-08-12,2026-08-13,False,False,5.0,2026-08-13T11:39:52+05:30
RBLBANK,388.15,TOUCHED,-0.21,inside,387.35,388.15,388.15,388.97,387.33,0.425,49.0,0.032,0,2026-08-12,2026-08-13,False,False,5.0,2026-08-13T11:39:52+05:30
FACT,823.15,TOUCHED,-0.04,inside,822.8,823.15,823.15,824.95,821.35,0.437,49.3,0.058,0,2026-08-12,2026-08-13,False,False,5.0,2026-08-13T11:39:52+05:30
SYNGENE,405.0,TOUCHED,-0.96,below,401.1,405.0,405.75,406.5,405.0,0.37,49.3,0.025,0,2026-08-11,2026-08-13,False,False,5.0,2026-08-13T11:39:52+05:30
TTML,38.41,TOUCHED,1.91,above,39.14,38.41,38.33,38.41,38.25,0.409,49.3,0.046,0,2026-08-12,2026-08-13,False,False,5.0,2026-08-13T11:39:52+05:30
LATENTVIEW,290.75,TOUCHED,-1.31,below,286.95,290.75,291.45,292.15,290.75,0.48,49.6,0.04,0,2026-08-12,2026-08-13,False,False,5.0,2026-08-13T11:39:52+05:30
FIVESTAR,550.25,TOUCHED,-3.03,below,533.6,550.25,551.63,553.02,550.25,0.502,49.9,0.041,0,2026-08-12,2026-08-13,False,False,5.0,2026-08-13T11:39:52+05:30
GMDCLTD,605.08,TOUCHED,-1.52,below,595.85,605.08,606.95,608.83,605.08,0.618,49.9,0.068,0,2026-08-12,2026-08-13,False,False,5.0,2026-08-13T11:39:52+05:30
HUDCO,193.59,TOUCHED,0.09,inside,193.77,193.59,193.59,194.03,193.16,0.446,50.1,0.036,0,2026-08-12,2026-08-13,False,False,5.0,2026-08-13T11:39:52+05:30
CANFINHOME,821.0,TOUCHED,-0.26,below,818.85,821.0,822.63,824.27,821.0,0.397,50.4,0.021,0,2026-08-11,2026-08-13,False,False,5.0,2026-08-13T11:39:52+05:30
ICICIBANK,1426.8,TOUCHED,-0.91,below,1413.8,1426.8,1428.43,1430.07,1426.8,0.229,50.7,0.023,0,2026-08-12,2026-08-13,False,False,5.0,2026-08-13T11:39:52+05:30
INDIAMART,1790.63,TOUCHED,0.02,inside,1791.0,1790.63,1790.63,1793.8,1787.47,0.354,51.0,0.026,0,2026-08-11,2026-08-13,False,False,5.0,2026-08-13T11:39:52+05:30
SHYAMMETL,988.3,TOUCHED,-0.09,inside,987.4,988.3,988.3,990.05,986.55,0.354,51.0,0.015,0,2026-08-11,2026-08-13,False,False,5.0,2026-08-13T11:39:52+05:30
RRKABEL,2803.17,TOUCHED,-0.09,inside,2800.6,2803.17,2803.17,2809.95,2796.38,0.484,51.2,0.045,0,2026-08-12,2026-08-13,False,False,5.0,2026-08-13T11:39:52+05:30
ADANIPORTS,1656.55,TOUCHED,-0.59,below,1646.8,1656.55,1659.37,1662.18,1656.55,0.339,51.8,0.021,0,2026-08-12,2026-08-13,False,False,5.0,2026-08-13T11:39:52+05:30
LAURUSLABS,1846.05,TOUCHED,-0.5,below,1836.9,1846.05,1850.03,1854.02,1846.05,0.431,51.8,0.017,0,2026-08-11,2026-08-13,False,False,5.0,2026-08-13T11:39:52+05:30
UBL,1395.93,TOUCHED,-0.08,inside,1394.8,1395.93,1395.93,1397.97,1393.9,0.291,52.1,0.026,0,2026-08-11,2026-08-13,False,False,5.0,2026-08-13T11:39:52+05:30
BAJAJHFL,84.88,TOUCHED,-0.09,below,84.8,84.88,85.0,85.12,84.88,0.282,52.3,0.025,0,2026-08-12,2026-08-13,False,False,5.0,2026-08-13T11:39:52+05:30
ICICIAMC,3067.02,TOUCHED,0.34,above,3077.5,3067.02,3059.43,3067.02,3051.85,0.496,52.5,0.031,0,2026-08-12,2026-08-13,False,False,5.0,2026-08-13T11:39:52+05:30
NHPC,76.71,TOUCHED,1.29,above,77.7,76.71,76.57,76.71,76.42,0.37,52.9,0.035,0,2026-08-12,2026-08-13,False,False,5.0,2026-08-13T11:39:52+05:30
HDFCBANK,727.22,TOUCHED,-0.06,inside,726.8,727.22,727.22,728.11,726.33,0.245,53.7,0.019,0,2026-08-12,2026-08-13,False,False,5.0,2026-08-13T11:39:52+05:30
POWERGRID,268.15,TOUCHED,-0.41,below,267.05,268.15,268.58,269.02,268.15,0.323,54.2,0.017,0,2026-08-12,2026-08-13,False,False,5.0,2026-08-13T11:39:52+05:30
ADANIGREEN,1335.87,TOUCHED,-0.93,below,1323.5,1335.87,1339.43,1343.0,1335.87,0.533,54.5,0.045,0,2026-08-12,2026-08-13,False,False,5.0,2026-08-13T11:39:52+05:30
HDBFS,689.87,TOUCHED,-0.4,below,687.1,689.87,690.98,692.1,689.87,0.323,54.5,0.022,0,2026-08-12,2026-08-13,False,False,5.0,2026-08-13T11:39:52+05:30
BPCL,315.0,TOUCHED,-1.17,below,311.3,315.0,315.67,316.33,315.0,0.422,54.8,0.021,0,2026-08-12,2026-08-13,False,False,5.0,2026-08-13T11:39:52+05:30
HINDALCO,1072.42,TOUCHED,-1.79,below,1053.25,1072.42,1074.45,1076.47,1072.42,0.377,55.1,0.011,0,2026-08-12,2026-08-13,False,False,5.0,2026-08-13T11:39:52+05:30
JKTYRE,387.75,TOUCHED,-0.25,below,386.8,387.75,388.78,389.82,387.75,0.532,55.1,0.047,0,2026-08-11,2026-08-13,False,False,5.0,2026-08-13T11:39:52+05:30
AEGISVOPAK,274.54,TOUCHED,-0.27,below,273.8,274.54,275.53,276.52,274.54,0.72,56.5,0.04,0,2026-08-12,2026-08-13,False,False,5.0,2026-08-13T11:39:52+05:30
PWL,124.37,TOUCHED,-1.7,below,122.26,124.37,124.84,125.31,124.37,0.75,56.8,0.073,0,2026-08-12,2026-08-13,False,False,5.0,2026-08-13T11:39:52+05:30
BALKRISIND,2504.18,TOUCHED,-1.62,below,2463.6,2504.18,2509.47,2514.75,2504.18,0.421,57.0,0.026,0,2026-08-11,2026-08-13,False,False,5.0,2026-08-13T11:39:52+05:30
NSLNISP,44.48,TOUCHED,0.25,above,44.59,44.48,44.37,44.48,44.26,0.496,57.0,0.033,0,2026-08-11,2026-08-13,False,False,5.0,2026-08-13T11:39:52+05:30
ANGELONE,289.08,TOUCHED,0.27,inside,289.85,289.08,289.08,290.04,288.12,0.663,57.3,0.029,0,2026-08-12,2026-08-13,False,False,5.0,2026-08-13T11:39:52+05:30
BIOCON,423.15,TOUCHED,-0.77,below,419.9,423.15,424.1,425.05,423.15,0.448,57.3,0.031,0,2026-08-11,2026-08-13,False,False,5.0,2026-08-13T11:39:52+05:30
BRITANNIA,5625.0,TOUCHED,0.27,above,5640.0,5625.0,5616.0,5625.0,5607.0,0.321,57.5,0.021,0,2026-08-11,2026-08-13,False,False,5.0,2026-08-13T11:39:52+05:30
ABB,7694.42,TOUCHED,0.53,above,7735.5,7694.42,7678.83,7694.42,7663.25,0.406,58.1,0.023,0,2026-08-12,2026-08-13,False,False,5.0,2026-08-13T11:39:52+05:30
BANDHANBNK,175.56,TOUCHED,0.14,above,175.8,175.56,175.12,175.56,174.68,0.503,58.4,0.027,0,2026-08-12,2026-08-13,False,False,5.0,2026-08-13T11:39:52+05:30
NIVABUPA,84.25,TOUCHED,-0.06,below,84.2,84.25,84.41,84.56,84.25,0.375,58.4,0.018,0,2026-08-12,2026-08-13,False,False,5.0,2026-08-13T11:39:52+05:30
HONAUT,37699.17,TOUCHED,-1.22,below,37240.0,37699.17,37778.33,37857.5,37699.17,0.419,58.9,0.022,0,2026-08-12,2026-08-13,False,False,5.0,2026-08-13T11:39:52+05:30
IRB,19.37,TOUCHED,-0.53,below,19.27,19.37,19.42,19.46,19.37,0.446,58.9,0.039,0,2026-08-12,2026-08-13,False,False,5.0,2026-08-13T11:39:52+05:30
TECHNOE,986.18,TOUCHED,-0.63,below,980.0,986.18,989.32,992.45,986.18,0.633,58.9,0.05,0,2026-08-12,2026-08-13,False,False,5.0,2026-08-13T11:39:52+05:30
NEWGEN,540.58,TOUCHED,0.41,above,542.8,540.58,538.78,540.58,536.99,0.665,59.5,0.034,0,2026-08-12,2026-08-13,False,False,5.0,2026-08-13T11:39:52+05:30
LALPATHLAB,1945.3,TOUCHED,1.26,above,1969.9,1945.3,1940.7,1945.3,1936.1,0.474,60.5,0.043,0,2026-08-11,2026-08-13,False,False,5.0,2026-08-13T11:39:52+05:30
THELEELA,509.35,TOUCHED,-0.23,inside,508.2,509.35,509.35,510.8,507.9,0.569,60.5,0.03,0,2026-08-11,2026-08-13,False,False,5.0,2026-08-13T11:39:52+05:30
APOLLOHOSP,8611.83,TOUCHED,-0.2,below,8594.5,8611.83,8626.67,8641.5,8611.83,0.344,60.8,0.017,0,2026-08-12,2026-08-13,False,False,5.0,2026-08-13T11:39:52+05:30
DABUR,409.8,TOUCHED,-0.13,inside,409.25,409.8,409.8,410.52,409.07,0.354,61.1,0.033,0,2026-08-12,2026-08-13,False,False,5.0,2026-08-13T11:39:52+05:30
BAJFINANCE,1087.35,TOUCHED,-0.18,below,1085.4,1087.35,1089.63,1091.92,1087.35,0.419,61.6,0.027,0,2026-08-12,2026-08-13,False,False,5.0,2026-08-13T11:39:52+05:30
LUPIN,2268.65,TOUCHED,-0.5,below,2257.2,2268.65,2272.77,2276.88,2268.65,0.362,61.9,0.028,0,2026-08-12,2026-08-13,False,False,5.0,2026-08-13T11:39:52+05:30
SYRMA,1478.72,TOUCHED,-0.54,below,1470.7,1478.72,1484.13,1489.55,1478.72,0.73,61.9,0.045,0,2026-08-12,2026-08-13,False,False,5.0,2026-08-13T11:39:52+05:30
JINDALSAW,270.47,TOUCHED,-1.73,below,265.8,270.47,271.4,272.32,270.47,0.682,62.5,0.038,0,2026-08-12,2026-08-13,False,False,5.0,2026-08-13T11:39:52+05:30
MFSL,1495.58,TOUCHED,1.08,above,1511.7,1495.58,1492.17,1495.58,1488.75,0.458,62.5,0.019,0,2026-08-11,2026-08-13,False,False,5.0,2026-08-13T11:39:52+05:30
INTELLECT,705.89,TOUCHED,-0.13,below,705.0,705.89,708.53,711.17,705.89,0.746,63.0,0.042,0,2026-08-12,2026-08-13,False,False,5.0,2026-08-13T11:39:52+05:30
PINELABS,167.78,TOUCHED,-0.29,below,167.3,167.78,168.5,169.21,167.78,0.851,63.1,0.056,0,2026-08-12,2026-08-13,False,False,5.0,2026-08-13T11:39:52+05:30
PHOENIXLTD,1895.0,TOUCHED,-0.19,inside,1891.4,1895.0,1895.0,1900.0,1890.0,0.528,63.3,0.049,0,2026-08-12,2026-08-13,False,False,5.0,2026-08-13T11:39:52+05:30
TBOTEK,1623.45,TOUCHED,-0.89,below,1609.0,1623.45,1628.87,1634.28,1623.45,0.665,63.3,0.033,0,2026-08-11,2026-08-13,False,False,5.0,2026-08-13T11:39:52+05:30
CCL,1129.9,TOUCHED,0.27,inside,1132.9,1129.9,1129.9,1133.05,1126.75,0.558,63.6,0.015,0,2026-08-11,2026-08-13,False,False,5.0,2026-08-13T11:39:52+05:30
GRAVITA,1809.13,TOUCHED,0.37,above,1815.8,1809.13,1803.17,1809.13,1797.2,0.662,63.6,0.033,0,2026-08-12,2026-08-13,False,False,5.0,2026-08-13T11:39:52+05:30
TATAPOWER,378.65,TOUCHED,0.3,above,379.8,378.65,377.85,378.65,377.05,0.423,63.8,0.023,0,2026-08-12,2026-08-13,False,False,5.0,2026-08-13T11:39:52+05:30
NEULANDLAB,22676.33,TOUCHED,0.3,inside,22745.0,22676.33,22676.33,22759.5,22593.17,0.734,64.1,0.03,0,2026-08-12,2026-08-13,False,False,5.0,2026-08-13T11:39:52+05:30
SHRIRAMFIN,1126.25,TOUCHED,0.95,above,1137.0,1126.25,1123.23,1126.25,1120.22,0.537,64.1,0.038,0,2026-08-12,2026-08-13,False,False,5.0,2026-08-13T11:39:52+05:30
BIKAJI,613.75,TOUCHED,0.9,above,619.25,613.75,612.37,613.75,610.98,0.452,64.4,0.019,0,2026-08-12,2026-08-13,False,False,5.0,2026-08-13T11:39:52+05:30
TATACOMM,1741.43,TOUCHED,0.75,above,1754.5,1741.43,1736.77,1741.43,1732.1,0.537,64.4,0.022,0,2026-08-11,2026-08-13,False,False,5.0,2026-08-13T11:39:52+05:30
PERSISTENT,5487.25,TOUCHED,-0.51,below,5459.0,5487.25,5503.5,5519.75,5487.25,0.591,64.9,0.018,0,2026-08-11,2026-08-13,False,False,5.0,2026-08-13T11:39:52+05:30
KAYNES,3780.25,TOUCHED,-0.45,below,3763.1,3780.25,3796.17,3812.08,3780.25,0.839,66.8,0.049,0,2026-08-12,2026-08-13,False,False,5.0,2026-08-13T11:39:52+05:30
IOB,33.93,TOUCHED,-0.18,below,33.87,33.93,34.02,34.11,33.93,0.529,67.1,0.034,0,2026-08-12,2026-08-13,False,False,5.0,2026-08-13T11:39:52+05:30
POLYMED,1843.5,TOUCHED,-0.08,below,1842.0,1843.5,1850.3,1857.1,1843.5,0.735,67.1,0.047,0,2026-08-11,2026-08-13,False,False,5.0,2026-08-13T11:39:52+05:30
BEL,404.18,TOUCHED,0.9,above,407.8,404.18,403.2,404.18,402.23,0.483,67.4,0.025,0,2026-08-12,2026-08-13,False,False,5.0,2026-08-13T11:39:52+05:30
VOLTAS,1282.03,TOUCHED,0.01,inside,1282.1,1282.03,1282.03,1286.02,1278.05,0.621,67.4,0.038,0,2026-08-12,2026-08-13,False,False,5.0,2026-08-13T11:39:52+05:30
ANTHEM,881.21,TOUCHED,-0.19,below,879.55,881.21,884.02,886.83,881.21,0.635,67.7,0.043,0,2026-08-12,2026-08-13,False,False,5.0,2026-08-13T11:39:52+05:30
INDIACEM,384.99,TOUCHED,-0.18,below,384.3,384.99,386.18,387.38,384.99,0.617,67.7,0.035,0,2026-08-11,2026-08-13,False,False,5.0,2026-08-13T11:39:52+05:30
CGPOWER,882.67,TOUCHED,-0.21,inside,880.8,882.67,882.67,885.33,880.0,0.604,67.9,0.041,0,2026-08-12,2026-08-13,False,False,5.0,2026-08-13T11:39:52+05:30
TATAELXSI,3742.45,TOUCHED,0.3,above,3753.8,3742.45,3732.27,3742.45,3722.08,0.546,67.9,0.034,0,2026-08-12,2026-08-13,False,False,5.0,2026-08-13T11:39:52+05:30
THERMAX,4070.8,TOUCHED,0.03,above,4072.2,4070.8,4058.3,4070.8,4045.8,0.616,68.2,0.019,0,2026-08-12,2026-08-13,False,False,5.0,2026-08-13T11:39:52+05:30
ABCAPITAL,407.0,TOUCHED,-1.19,below,402.15,407.0,408.32,409.63,407.0,0.645,68.5,0.038,0,2026-08-12,2026-08-13,False,False,5.0,2026-08-13T11:39:52+05:30
ELECON,439.48,TOUCHED,0.16,above,440.2,439.48,437.52,439.48,435.55,0.899,68.5,0.036,0,2026-08-12,2026-08-13,False,False,5.0,2026-08-13T11:39:52+05:30
GPIL,231.63,TOUCHED,4.86,above,242.88,231.63,230.75,231.63,229.87,0.763,68.5,0.023,0,2026-08-12,2026-08-13,False,False,5.0,2026-08-13T11:39:52+05:30
POWERINDIA,35485.0,TOUCHED,-0.11,inside,35445.0,35485.0,35485.0,35642.5,35327.5,0.888,68.5,0.055,0,2026-08-12,2026-08-13,False,False,5.0,2026-08-13T11:39:52+05:30
JMFINANCIL,129.15,TOUCHED,0.49,above,129.79,129.15,128.63,129.15,128.12,0.806,69.0,0.046,0,2026-08-12,2026-08-13,False,False,5.0,2026-08-13T11:39:52+05:30
ABLBL,90.61,TOUCHED,-0.74,below,89.94,90.61,90.93,91.25,90.61,0.707,69.3,0.054,0,2026-08-12,2026-08-13,False,False,5.0,2026-08-13T11:39:52+05:30
MMTC,64.66,TOUCHED,-0.78,below,64.15,64.66,64.88,65.1,64.66,0.694,69.3,0.053,0,2026-08-12,2026-08-13,False,False,5.0,2026-08-13T11:39:52+05:30
SBIN,1079.92,TOUCHED,0.23,above,1082.4,1079.92,1077.83,1079.92,1075.75,0.387,69.3,0.011,0,2026-08-12,2026-08-13,False,False,5.0,2026-08-13T11:39:52+05:30
ITC,277.47,TOUCHED,0.14,above,277.85,277.47,277.03,277.47,276.59,0.319,69.6,0.021,0,2026-08-12,2026-08-13,False,False,5.0,2026-08-13T11:39:52+05:30
EICHERMOT,8030.83,TOUCHED,0.15,above,8042.5,8030.83,8012.67,8030.83,7994.5,0.453,69.9,0.024,0,2026-08-12,2026-08-13,False,False,5.0,2026-08-13T11:39:52+05:30
RECLTD,343.1,TOUCHED,-0.16,below,342.55,343.1,344.07,345.03,343.1,0.562,70.4,0.016,0,2026-08-12,2026-08-13,False,False,5.0,2026-08-13T11:39:52+05:30
YESBANK,22.92,TOUCHED,0.0,above,22.92,22.92,22.86,22.92,22.8,0.525,70.4,0.04,0,2026-08-12,2026-08-13,False,False,5.0,2026-08-13T11:39:52+05:30
CONCORDBIO,1440.63,TOUCHED,0.37,inside,1445.9,1440.63,1440.63,1446.5,1434.77,0.814,71.0,0.022,0,2026-08-11,2026-08-13,False,False,5.0,2026-08-13T11:39:52+05:30
JINDALSTEL,1102.6,TOUCHED,-0.68,below,1095.1,1102.6,1105.73,1108.87,1102.6,0.567,71.0,0.034,0,2026-08-12,2026-08-13,False,False,5.0,2026-08-13T11:39:52+05:30
JSWDULUX,3130.5,TOUCHED,-0.16,below,3125.6,3130.5,3139.33,3148.17,3130.5,0.563,71.2,0.022,0,2026-08-11,2026-08-13,False,False,5.0,2026-08-13T11:39:52+05:30
IGIL,348.6,TOUCHED,-0.63,below,346.4,348.6,350.0,351.4,348.6,0.8,71.5,0.029,0,2026-08-11,2026-08-13,False,False,5.0,2026-08-13T11:39:52+05:30
INDHOTEL,718.52,TOUCHED,-0.47,below,715.15,718.52,720.35,722.17,718.52,0.507,71.5,0.019,0,2026-08-12,2026-08-13,False,False,5.0,2026-08-13T11:39:52+05:30
KEC,445.12,TOUCHED,-0.3,inside,443.8,445.12,445.12,446.78,443.46,0.745,71.5,0.023,0,2026-08-12,2026-08-13,False,False,5.0,2026-08-13T11:39:52+05:30
MCX,2946.03,TOUCHED,0.4,inside,2957.9,2946.03,2946.03,2958.07,2934.0,0.817,71.5,0.058,0,2026-08-12,2026-08-13,False,False,5.0,2026-08-13T11:39:52+05:30
NIACL,181.7,TOUCHED,-0.04,below,181.63,181.7,182.3,182.91,181.7,0.666,71.5,0.032,0,2026-08-12,2026-08-13,False,False,5.0,2026-08-13T11:39:52+05:30
SAREGAMA,521.77,TOUCHED,1.88,above,531.6,521.77,519.87,521.77,517.96,0.734,71.8,0.041,0,2026-08-12,2026-08-13,False,False,5.0,2026-08-13T11:39:52+05:30
BBTC,1494.75,TOUCHED,-1.07,below,1478.7,1494.75,1499.1,1503.45,1494.75,0.58,72.1,0.032,0,2026-08-11,2026-08-13,False,False,5.0,2026-08-13T11:39:52+05:30
MUTHOOTFIN,2893.1,TOUCHED,-0.28,inside,2885.0,2893.1,2893.1,2901.5,2884.7,0.581,72.1,0.04,0,2026-08-12,2026-08-13,False,False,5.0,2026-08-13T11:39:52+05:30
NUVOCO,332.77,TOUCHED,0.25,above,333.6,332.77,331.65,332.77,330.52,0.678,72.6,0.039,0,2026-08-12,2026-08-13,False,False,5.0,2026-08-13T11:39:52+05:30
AJANTPHARM,3541.4,TOUCHED,1.39,above,3590.7,3541.4,3529.93,3541.4,3518.47,0.65,72.9,0.04,0,2026-08-11,2026-08-13,False,False,5.0,2026-08-13T11:39:52+05:30
BANKINDIA,144.51,TOUCHED,0.28,inside,144.91,144.51,144.51,145.0,144.01,0.687,72.9,0.032,0,2026-08-12,2026-08-13,False,False,5.0,2026-08-13T11:39:52+05:30
BDL,1334.67,TOUCHED,1.29,above,1351.9,1334.67,1329.33,1334.67,1324.0,0.802,72.9,0.049,0,2026-08-12,2026-08-13,False,False,5.0,2026-08-13T11:39:52+05:30
MAXHEALTH,1014.63,TOUCHED,0.12,inside,1015.9,1014.63,1014.63,1018.2,1011.07,0.703,75.1,0.037,0,2026-08-12,2026-08-13,False,False,5.0,2026-08-13T11:39:52+05:30
ATHERENERG,1545.55,TOUCHED,-1.39,below,1524.0,1545.55,1553.5,1561.45,1545.55,1.023,75.3,0.062,0,2026-08-12,2026-08-13,False,False,5.0,2026-08-13T11:39:52+05:30
ENGINERSIN,241.33,TOUCHED,0.39,inside,242.27,241.33,241.33,242.4,240.27,0.884,75.6,0.038,0,2026-08-12,2026-08-13,False,False,5.0,2026-08-13T11:39:52+05:30
SCHNEIDER,1417.23,TOUCHED,-0.33,inside,1412.5,1417.23,1417.23,1424.57,1409.9,1.035,75.6,0.027,0,2026-08-12,2026-08-13,False,False,5.0,2026-08-13T11:39:52+05:30
POONAWALLA,485.22,TOUCHED,0.74,above,488.8,485.22,483.23,485.22,481.25,0.821,75.9,0.033,0,2026-08-11,2026-08-13,False,False,5.0,2026-08-13T11:39:52+05:30
JSWSTEEL,1272.25,TOUCHED,-0.16,below,1270.2,1272.25,1275.4,1278.55,1272.25,0.494,76.2,0.024,0,2026-08-12,2026-08-13,False,False,5.0,2026-08-13T11:39:52+05:30
MARUTI,13907.0,TOUCHED,-0.06,below,13899.0,13907.0,13939.0,13971.0,13907.0,0.459,76.2,0.015,0,2026-08-12,2026-08-13,False,False,5.0,2026-08-13T11:39:52+05:30
ACE,1082.95,TOUCHED,-1.01,below,1072.0,1082.95,1087.33,1091.72,1082.95,0.806,77.0,0.049,0,2026-08-12,2026-08-13,False,False,5.0,2026-08-13T11:39:52+05:30
PREMIERENE,1034.5,TOUCHED,0.25,inside,1037.1,1034.5,1034.5,1038.7,1030.3,0.812,77.0,0.029,0,2026-08-12,2026-08-13,False,False,5.0,2026-08-13T11:39:52+05:30
PIDILITIND,1690.25,TOUCHED,-0.12,below,1688.2,1690.25,1694.0,1697.75,1690.25,0.443,77.3,0.026,0,2026-08-12,2026-08-13,False,False,5.0,2026-08-13T11:39:52+05:30
TECHM,1639.55,TOUCHED,0.02,above,1639.9,1639.55,1634.7,1639.55,1629.85,0.593,77.3,0.038,0,2026-08-12,2026-08-13,False,False,5.0,2026-08-13T11:39:52+05:30
INDGN,571.85,TOUCHED,-0.37,inside,569.75,571.85,571.85,573.97,569.72,0.743,77.5,0.022,0,2026-08-11,2026-08-13,False,False,5.0,2026-08-13T11:39:52+05:30
TITAN,5060.0,TOUCHED,-0.69,below,5024.9,5060.0,5073.0,5086.0,5060.0,0.513,77.5,0.015,0,2026-08-12,2026-08-13,False,False,5.0,2026-08-13T11:39:52+05:30
SONATSOFTW,326.7,TOUCHED,-0.03,inside,326.6,326.7,326.7,328.32,325.08,0.995,78.9,0.033,0,2026-08-12,2026-08-13,False,False,5.0,2026-08-13T11:39:52+05:30
M&M,3414.97,TOUCHED,-0.35,below,3403.1,3414.97,3426.33,3437.7,3414.97,0.663,79.2,0.026,0,2026-08-12,2026-08-13,False,False,5.0,2026-08-13T11:39:52+05:30
ERIS,1362.67,TOUCHED,-0.37,inside,1357.6,1362.67,1362.67,1368.15,1357.18,0.805,79.5,0.03,0,2026-08-12,2026-08-13,False,False,5.0,2026-08-13T11:39:52+05:30
LTF,314.72,TOUCHED,-0.12,inside,314.35,314.72,314.72,315.96,313.48,0.789,79.5,0.028,0,2026-08-12,2026-08-13,False,False,5.0,2026-08-13T11:39:52+05:30
PPLPHARMA,212.07,TOUCHED,-0.02,inside,212.02,212.07,212.07,212.98,211.15,0.861,79.7,0.044,0,2026-08-12,2026-08-13,False,False,5.0,2026-08-13T11:39:52+05:30
RELIANCE,1319.1,TOUCHED,-0.75,below,1309.2,1319.1,1322.4,1325.7,1319.1,0.499,79.7,0.025,0,2026-08-12,2026-08-13,False,False,5.0,2026-08-13T11:39:52+05:30
M&MFIN,399.45,TOUCHED,0.39,inside,401.0,399.45,399.45,401.25,397.65,0.901,80.3,0.037,0,2026-08-12,2026-08-13,False,False,5.0,2026-08-13T11:39:52+05:30
VBL,438.65,TOUCHED,-0.57,below,436.15,438.65,440.3,441.95,438.65,0.749,80.3,0.03,0,2026-08-11,2026-08-13,False,False,5.0,2026-08-13T11:39:52+05:30
POLICYBZR,1723.07,TOUCHED,0.43,inside,1730.5,1723.07,1723.07,1731.03,1715.1,0.925,80.8,0.038,0,2026-08-12,2026-08-13,False,False,5.0,2026-08-13T11:39:52+05:30
SBICARD,650.5,TOUCHED,-0.12,below,649.7,650.5,652.53,654.57,650.5,0.623,80.8,0.029,0,2026-08-12,2026-08-13,False,False,5.0,2026-08-13T11:39:52+05:30
WOCKPHARMA,1877.5,TOUCHED,0.75,above,1891.6,1877.5,1867.47,1877.5,1857.43,1.075,80.8,0.06,0,2026-08-12,2026-08-13,False,False,5.0,2026-08-13T11:39:52+05:30
CONCOR,517.1,TOUCHED,1.4,above,524.35,517.1,515.42,517.1,513.73,0.653,81.1,0.034,0,2026-08-12,2026-08-13,False,False,5.0,2026-08-13T11:39:52+05:30
PTCIL,18994.33,TOUCHED,-0.09,below,18978.0,18994.33,19082.67,19171.0,18994.33,0.926,81.1,0.028,0,2026-08-11,2026-08-13,False,False,5.0,2026-08-13T11:39:52+05:30
SUNDARMFIN,4504.55,TOUCHED,0.27,above,4516.7,4504.55,4485.5,4504.55,4466.45,0.849,81.1,0.03,0,2026-08-11,2026-08-13,False,False,5.0,2026-08-13T11:39:52+05:30
UNIONBANK,186.24,TOUCHED,0.26,above,186.72,186.24,185.47,186.24,184.71,0.823,81.1,0.047,0,2026-08-12,2026-08-13,False,False,5.0,2026-08-13T11:39:52+05:30
BANKBARODA,249.3,TOUCHED,-0.26,inside,248.65,249.3,249.3,250.15,248.45,0.682,81.4,0.012,0,2026-08-12,2026-08-13,False,False,5.0,2026-08-13T11:39:52+05:30
DEEPAKFERT,1470.1,TOUCHED,-0.24,inside,1466.5,1470.1,1470.1,1477.3,1462.9,0.98,81.4,0.044,0,2026-08-12,2026-08-13,False,False,5.0,2026-08-13T11:39:52+05:30
CYIENT,850.8,TOUCHED,2.27,above,870.15,850.8,847.37,850.8,843.93,0.81,81.9,0.024,0,2026-08-12,2026-08-13,False,False,5.0,2026-08-13T11:39:52+05:30
ABREL,1395.25,TOUCHED,1.77,above,1420.0,1395.25,1388.63,1395.25,1382.02,0.953,82.5,0.025,0,2026-08-12,2026-08-13,False,False,5.0,2026-08-13T11:39:52+05:30
CGCL,229.81,TOUCHED,-0.1,below,229.58,229.81,230.88,231.94,229.81,0.921,82.5,0.049,0,2026-08-12,2026-08-13,False,False,5.0,2026-08-13T11:39:52+05:30
INDIANB,893.12,TOUCHED,0.1,above,894.0,893.12,889.25,893.12,885.38,0.872,82.5,0.027,0,2026-08-12,2026-08-13,False,False,5.0,2026-08-13T11:39:52+05:30
MPHASIS,2506.05,TOUCHED,-0.12,below,2503.0,2506.05,2516.57,2527.08,2506.05,0.836,82.5,0.024,0,2026-08-12,2026-08-13,False,False,5.0,2026-08-13T11:39:52+05:30
BLUEDART,5110.17,TOUCHED,-0.03,below,5108.5,5110.17,5127.83,5145.5,5110.17,0.689,82.7,0.017,0,2026-08-11,2026-08-13,False,False,5.0,2026-08-13T11:39:52+05:30
MOTILALOFS,896.38,TOUCHED,0.33,above,899.3,896.38,891.77,896.38,887.15,1.035,82.7,0.045,0,2026-08-12,2026-08-13,False,False,5.0,2026-08-13T11:39:52+05:30
CHALET,824.63,TOUCHED,-0.1,below,823.8,824.63,828.07,831.5,824.63,0.829,83.6,0.023,0,2026-08-11,2026-08-13,False,False,5.0,2026-08-13T11:39:52+05:30
MARICO,852.68,TOUCHED,0.58,above,857.6,852.68,850.37,852.68,848.05,0.545,83.6,0.018,0,2026-08-12,2026-08-13,False,False,5.0,2026-08-13T11:39:52+05:30
PRESTIGE,1601.43,TOUCHED,-0.05,inside,1600.6,1601.43,1601.43,1609.2,1593.67,0.97,83.6,0.055,0,2026-08-11,2026-08-13,False,False,5.0,2026-08-13T11:39:52+05:30
TATATECH,852.27,TOUCHED,0.37,above,855.4,852.27,848.88,852.27,845.49,0.799,83.6,0.035,0,2026-08-12,2026-08-13,False,False,5.0,2026-08-13T11:39:52+05:30
STARHEALTH,579.87,TOUCHED,-0.21,inside,578.65,579.87,579.87,582.28,577.45,0.834,84.1,0.026,0,2026-08-11,2026-08-13,False,False,5.0,2026-08-13T11:39:52+05:30
ACUTAAS,3191.53,TOUCHED,-0.41,inside,3178.5,3191.53,3191.53,3210.6,3172.47,1.195,84.4,0.036,0,2026-08-12,2026-08-13,False,False,5.0,2026-08-13T11:39:52+05:30
FORCEMOT,19005.0,TOUCHED,0.59,inside,19118.0,19005.0,19005.0,19137.0,18873.0,1.389,84.7,0.05,0,2026-08-12,2026-08-13,False,False,5.0,2026-08-13T11:39:52+05:30
ONESOURCE,1570.0,TOUCHED,0.43,above,1576.8,1570.0,1559.73,1570.0,1549.47,1.316,84.9,0.052,0,2026-08-12,2026-08-13,False,False,5.0,2026-08-13T11:39:52+05:30
ABBOTINDIA,27732.5,TOUCHED,-0.39,below,27625.0,27732.5,27828.33,27924.17,27732.5,0.689,85.2,0.036,0,2026-08-11,2026-08-13,False,False,5.0,2026-08-13T11:39:52+05:30
APARINDS,17657.5,TOUCHED,-2.4,below,17233.0,17657.5,17771.67,17885.83,17657.5,1.285,85.8,0.054,0,2026-08-12,2026-08-13,False,False,5.0,2026-08-13T11:39:52+05:30
CROMPTON,245.92,TOUCHED,0.01,inside,245.95,245.92,245.92,246.88,244.95,0.786,86.0,0.025,0,2026-08-12,2026-08-13,False,False,5.0,2026-08-13T11:39:52+05:30
ULTRACEMCO,11816.83,TOUCHED,-1.35,below,11657.0,11816.83,11853.67,11890.5,11816.83,0.621,86.0,0.023,0,2026-08-11,2026-08-13,False,False,5.0,2026-08-13T11:39:52+05:30
KPITTECH,615.4,TOUCHED,-0.26,inside,613.8,615.4,615.4,618.5,612.3,1.007,86.3,0.044,0,2026-08-12,2026-08-13,False,False,5.0,2026-08-13T11:39:52+05:30
MAPMYINDIA,997.15,TOUCHED,-0.19,below,995.3,997.15,1002.53,1007.92,997.15,1.074,86.3,0.028,0,2026-08-11,2026-08-13,False,False,5.0,2026-08-13T11:39:52+05:30
WELSPUNLIV,162.53,TOUCHED,-0.18,below,162.23,162.53,163.43,164.33,162.53,1.101,86.6,0.042,0,2026-08-12,2026-08-13,False,False,5.0,2026-08-13T11:39:52+05:30
MEDANTA,1400.12,TOUCHED,-0.07,below,1399.1,1400.12,1406.73,1413.35,1400.12,0.941,87.1,0.028,0,2026-08-12,2026-08-13,False,False,5.0,2026-08-13T11:39:52+05:30
AUBANK,1086.5,TOUCHED,0.14,above,1088.0,1086.5,1081.6,1086.5,1076.7,0.906,87.7,0.016,0,2026-08-12,2026-08-13,False,False,5.0,2026-08-13T11:39:52+05:30
ABFRL,57.46,TOUCHED,-0.63,below,57.1,57.46,57.76,58.06,57.46,1.039,87.9,0.025,0,2026-08-12,2026-08-13,False,False,5.0,2026-08-13T11:39:52+05:30
ICICIPRULI,504.42,TOUCHED,0.38,above,506.35,504.42,502.43,504.42,500.45,0.789,87.9,0.023,0,2026-08-12,2026-08-13,False,False,5.0,2026-08-13T11:39:52+05:30
HAL,4951.13,TOUCHED,0.17,inside,4959.5,4951.13,4951.13,4973.07,4929.2,0.886,88.2,0.035,0,2026-08-12,2026-08-13,False,False,5.0,2026-08-13T11:39:52+05:30
GAIL,175.62,TOUCHED,-0.07,below,175.51,175.62,176.4,177.17,175.62,0.879,88.5,0.015,0,2026-08-12,2026-08-13,False,False,5.0,2026-08-13T11:39:52+05:30
AEGISLOG,1273.08,TOUCHED,-1.66,below,1252.0,1273.08,1281.67,1290.25,1273.08,1.339,89.0,0.033,0,2026-08-12,2026-08-13,False,False,5.0,2026-08-13T11:39:52+05:30
AFCONS,270.55,TOUCHED,0.44,inside,271.75,270.55,270.55,271.85,269.25,0.961,89.3,0.024,0,2026-08-12,2026-08-13,False,False,5.0,2026-08-13T11:39:52+05:30
REDINGTON,344.53,TOUCHED,-0.37,inside,343.25,344.53,344.53,347.1,341.97,1.49,90.4,0.038,0,2026-08-12,2026-08-13,False,False,5.0,2026-08-13T11:39:52+05:30
UNITDSPR,1530.95,TOUCHED,-0.08,below,1529.7,1530.95,1536.87,1542.78,1530.95,0.77,90.4,0.033,0,2026-08-11,2026-08-13,False,False,5.0,2026-08-13T11:39:52+05:30
IDFCFIRSTB,85.44,TOUCHED,0.81,above,86.13,85.44,85.07,85.44,84.71,0.858,91.0,0.033,0,2026-08-12,2026-08-13,False,False,5.0,2026-08-13T11:39:52+05:30
BHEL,414.48,TOUCHED,-0.38,inside,412.9,414.48,414.48,417.24,411.73,1.331,92.1,0.051,0,2026-08-12,2026-08-13,False,False,5.0,2026-08-13T11:39:52+05:30
ASTERDM,832.58,TOUCHED,-0.69,below,826.8,832.58,837.2,841.83,832.58,1.105,92.6,0.028,0,2026-08-12,2026-08-13,False,False,5.0,2026-08-13T11:39:52+05:30
AFFLE,1667.07,TOUCHED,0.25,above,1671.3,1667.07,1656.83,1667.07,1646.6,1.235,93.2,0.034,0,2026-08-11,2026-08-13,False,False,5.0,2026-08-13T11:39:52+05:30
INDUSTOWER,381.42,TOUCHED,0.33,above,382.7,381.42,379.45,381.42,377.48,1.041,93.4,0.022,0,2026-08-12,2026-08-13,False,False,5.0,2026-08-13T11:39:52+05:30
MAHABANK,80.87,TOUCHED,0.48,inside,81.26,80.87,80.87,81.37,80.37,1.237,93.4,0.042,0,2026-08-12,2026-08-13,False,False,5.0,2026-08-13T11:39:52+05:30
LLOYDSME,1918.07,TOUCHED,0.07,inside,1919.4,1918.07,1918.07,1930.3,1905.83,1.276,93.7,0.035,0,2026-08-12,2026-08-13,False,False,5.0,2026-08-13T11:39:52+05:30
PATANJALI,349.45,TOUCHED,-0.2,inside,348.75,349.45,349.45,351.03,347.88,0.901,93.7,0.019,0,2026-08-12,2026-08-13,False,False,5.0,2026-08-13T11:39:52+05:30
DEEPAKNTR,1727.6,TOUCHED,-0.87,below,1712.5,1727.6,1736.8,1746.0,1727.6,1.059,94.0,0.03,0,2026-08-12,2026-08-13,False,False,5.0,2026-08-13T11:39:52+05:30
COHANCE,451.9,TOUCHED,-0.67,inside,448.85,451.9,451.9,455.68,448.13,1.671,94.2,0.022,0,2026-08-12,2026-08-13,False,False,5.0,2026-08-13T11:39:52+05:30
BHARTIARTL,1937.72,TOUCHED,1.3,above,1963.0,1937.72,1930.43,1937.72,1923.15,0.755,94.5,0.014,0,2026-08-12,2026-08-13,False,False,5.0,2026-08-13T11:39:52+05:30
BHARATFORG,2086.2,TOUCHED,0.15,above,2089.4,2086.2,2074.47,2086.2,2062.73,1.131,94.8,0.031,0,2026-08-11,2026-08-13,False,False,5.0,2026-08-13T11:39:52+05:30
CRISIL,4507.2,TOUCHED,-1.06,below,4459.3,4507.2,4533.6,4560.0,4507.2,1.165,95.1,0.05,0,2026-08-11,2026-08-13,False,False,5.0,2026-08-13T11:39:52+05:30
BERGEPAINT,553.53,TOUCHED,0.49,inside,556.25,553.53,553.53,556.67,550.4,1.132,95.6,0.013,0,2026-08-12,2026-08-13,False,False,5.0,2026-08-13T11:39:52+05:30
NATIONALUM,413.57,TOUCHED,-0.68,inside,410.75,413.57,413.57,416.78,410.35,1.556,95.6,0.04,0,2026-08-12,2026-08-13,False,False,5.0,2026-08-13T11:39:52+05:30
TATACHEM,677.42,TOUCHED,-0.5,below,674.0,677.42,681.68,685.95,677.42,1.252,95.9,0.02,0,2026-08-12,2026-08-13,False,False,5.0,2026-08-13T11:39:52+05:30
LICI,412.9,TOUCHED,0.02,inside,413.0,412.9,412.9,414.95,410.85,0.993,96.4,0.031,0,2026-08-12,2026-08-13,False,False,5.0,2026-08-13T11:39:52+05:30
GODIGIT,265.20,V+N,-2.09,below,259.65,265.2,265.2,265.2,265.2,0.0,1.9,0.028,1,2026-08-11,2026-08-13,True,True,5.0,2026-08-13T13:40:13+05:30
KIMS,812.80,V+N,-1.51,below,800.55,812.8,812.88,812.97,812.8,0.021,3.0,0.04,1,2026-08-11,2026-08-13,True,True,5.0,2026-08-13T13:40:13+05:30
LTTS,3653.13,V+N,-1.47,below,3599.5,3653.13,3653.57,3654.0,3653.13,0.024,3.3,0.042,1,2026-08-11,2026-08-13,True,True,5.0,2026-08-13T13:40:13+05:30
PIIND,2514.93,V+W,-1.13,below,2486.5,2514.93,2546.87,2578.8,2514.93,2.508,99.7,0.03,1,2026-08-12,2026-08-13,True,False,5.0,2026-08-13T13:40:13+05:30
ANURAS,1204.20,V,0.5,above,1210.2,1204.2,1204.0,1204.2,1203.8,0.033,7.4,0.025,1,2026-08-12,2026-08-13,True,False,5.0,2026-08-13T13:40:13+05:30
INFY,1176.35,V,-0.56,below,1169.8,1176.35,1176.6,1176.85,1176.35,0.042,7.7,0.029,1,2026-08-12,2026-08-13,True,False,5.0,2026-08-13T13:40:13+05:30
NETWEB,4835.08,V,5.48,above,5100.0,4835.08,4832.77,4835.08,4830.45,0.096,7.9,0.054,1,2026-08-12,2026-08-13,True,False,5.0,2026-08-13T13:40:13+05:30
ANANTRAJ,605.89,V,2.11,above,618.7,605.89,605.53,605.89,605.17,0.118,8.2,0.078,1,2026-08-11,2026-08-13,True,False,5.0,2026-08-13T13:40:13+05:30
ABDL,613.76,V,2.96,above,631.9,613.76,613.37,613.76,612.98,0.128,9.0,0.076,1,2026-08-12,2026-08-13,True,False,5.0,2026-08-13T13:40:13+05:30
ICICIGI,1642.15,V,-1.28,below,1621.1,1642.15,1642.6,1643.05,1642.15,0.055,9.3,0.024,1,2026-08-11,2026-08-13,True,False,5.0,2026-08-13T13:40:13+05:30
CRAFTSMAN,10307.50,V,0.83,above,10393.0,10307.5,10303.0,10307.5,10298.5,0.087,10.1,0.057,1,2026-08-11,2026-08-13,True,False,5.0,2026-08-13T13:40:13+05:30
ALKEM,5529.17,V,-1.96,below,5421.0,5529.17,5530.83,5532.5,5529.17,0.06,10.7,0.026,1,2026-08-11,2026-08-13,True,False,5.0,2026-08-13T13:40:13+05:30
NATCOPHARM,914.89,V,3.65,above,948.3,914.89,914.48,914.89,914.08,0.089,11.2,0.019,1,2026-08-12,2026-08-13,True,False,5.0,2026-08-13T13:40:13+05:30
PARADEEP,151.52,V,-2.78,below,147.31,151.52,151.61,151.71,151.52,0.123,11.2,0.036,1,2026-08-11,2026-08-13,True,False,5.0,2026-08-13T13:40:13+05:30
JBMA,644.27,V,-1.67,below,633.5,644.27,644.63,645.0,644.27,0.114,11.8,0.033,1,2026-08-11,2026-08-13,True,False,5.0,2026-08-13T13:40:13+05:30
UTIAMC,915.95,V,-0.7,below,909.55,915.95,916.33,916.72,915.95,0.084,12.1,0.043,1,2026-08-12,2026-08-13,True,False,5.0,2026-08-13T13:40:13+05:30
JYOTICNC,818.39,V,2.94,above,842.45,818.39,817.93,818.39,817.47,0.112,12.6,0.027,1,2026-08-12,2026-08-13,True,False,5.0,2026-08-13T13:40:13+05:30
CHOLAHLDNG,1611.32,V,-1.85,below,1581.5,1611.32,1612.03,1612.75,1611.32,0.089,12.9,0.026,1,2026-08-11,2026-08-13,True,False,5.0,2026-08-13T13:40:13+05:30
HSCL,761.78,V,2.15,above,778.15,761.78,761.15,761.78,760.52,0.164,16.4,0.035,1,2026-08-12,2026-08-13,True,False,5.0,2026-08-13T13:40:13+05:30
RKFORGE,749.70,V,-1.96,below,735.0,749.7,750.25,750.8,749.7,0.147,16.7,0.048,1,2026-08-11,2026-08-13,True,False,5.0,2026-08-13T13:40:13+05:30
DATAPATTNS,4485.00,V,1.13,above,4535.6,4485.0,4479.0,4485.0,4473.0,0.268,17.3,0.075,1,2026-08-12,2026-08-13,True,False,5.0,2026-08-13T13:40:13+05:30
GLAXO,2600.27,V,1.4,above,2636.8,2600.27,2598.63,2600.27,2597.0,0.126,17.5,0.026,1,2026-08-11,2026-08-13,True,False,5.0,2026-08-13T13:40:13+05:30
IRCTC,513.88,V,-1.18,below,507.8,513.88,514.22,514.55,513.88,0.13,17.8,0.037,1,2026-08-12,2026-08-13,True,False,5.0,2026-08-13T13:40:13+05:30
PFOCUS,281.97,V,-2.77,below,274.15,281.97,282.38,282.8,281.97,0.295,19.5,0.05,1,2026-08-11,2026-08-13,True,False,5.0,2026-08-13T13:40:13+05:30
TATAINVEST,687.25,V,-1.91,below,674.1,687.25,687.75,688.25,687.25,0.145,20.5,0.023,1,2026-08-11,2026-08-13,True,False,5.0,2026-08-13T13:40:13+05:30
BLS,262.59,V,3.09,above,270.7,262.59,262.3,262.59,262.01,0.222,22.2,0.032,1,2026-08-12,2026-08-13,True,False,5.0,2026-08-13T13:40:13+05:30
JSL,727.52,V,1.3,above,736.95,727.52,726.72,727.52,725.91,0.222,23.6,0.043,1,2026-08-11,2026-08-13,True,False,5.0,2026-08-13T13:40:13+05:30
KEI,5640.53,V,2.71,above,5793.6,5640.53,5636.07,5640.53,5631.6,0.159,23.6,0.026,1,2026-08-11,2026-08-13,True,False,5.0,2026-08-13T13:40:13+05:30
SCI,295.00,V,0.83,above,297.45,295.0,294.65,295.0,294.3,0.238,24.4,0.045,1,2026-08-11,2026-08-13,True,False,5.0,2026-08-13T13:40:13+05:30
INDIGO,5280.58,V,1.19,above,5343.5,5280.58,5277.17,5280.58,5273.75,0.129,24.7,0.024,1,2026-08-11,2026-08-13,True,False,5.0,2026-08-13T13:40:13+05:30
WELCORP,1843.20,V,2.1,above,1881.9,1843.2,1841.1,1843.2,1839.0,0.228,25.8,0.051,1,2026-08-11,2026-08-13,True,False,5.0,2026-08-13T13:40:13+05:30
OFSS,11691.17,V,-1.89,below,11470.0,11691.17,11703.33,11715.5,11691.17,0.208,26.6,0.029,1,2026-08-12,2026-08-13,True,False,5.0,2026-08-13T13:40:13+05:30
UNOMINDA,1276.35,V,-2.46,below,1245.0,1276.35,1277.7,1279.05,1276.35,0.211,28.8,0.05,1,2026-08-11,2026-08-13,True,False,5.0,2026-08-13T13:40:13+05:30
LENSKART,588.53,V,1.94,above,599.95,588.53,587.85,588.53,587.18,0.23,28.9,0.03,1,2026-08-11,2026-08-13,True,False,5.0,2026-08-13T13:40:13+05:30
SIGNATURE,815.83,V,-1.16,below,806.35,815.83,816.77,817.7,815.83,0.229,29.0,0.03,1,2026-08-11,2026-08-13,True,False,5.0,2026-08-13T13:40:13+05:30
FLUOROCHEM,4561.37,V,2.83,above,4690.3,4561.37,4556.93,4561.37,4552.5,0.195,30.4,0.022,1,2026-08-12,2026-08-13,True,False,5.0,2026-08-13T13:40:13+05:30
GLENMARK,2273.33,V,1.61,above,2310.0,2273.33,2270.67,2273.33,2268.0,0.235,30.4,0.036,1,2026-08-11,2026-08-13,True,False,5.0,2026-08-13T13:40:13+05:30
KARURVYSYA,333.75,V,0.67,above,336.0,333.75,333.3,333.75,332.85,0.27,32.6,0.038,1,2026-08-11,2026-08-13,True,False,5.0,2026-08-13T13:40:13+05:30
CENTRALBK,31.15,V,0.8,above,31.4,31.15,31.11,31.15,31.07,0.257,34.8,0.041,1,2026-08-11,2026-08-13,True,False,5.0,2026-08-13T13:40:13+05:30
GODREJIND,1291.60,V,-2.62,below,1257.8,1291.6,1293.4,1295.2,1291.6,0.278,34.8,0.047,1,2026-08-11,2026-08-13,True,False,5.0,2026-08-13T13:40:13+05:30
DIVISLAB,8572.75,V,-1.36,below,8456.0,8572.75,8581.83,8590.92,8572.75,0.212,37.3,0.021,1,2026-08-12,2026-08-13,True,False,5.0,2026-08-13T13:40:13+05:30
SUMICHEM,559.17,V,-2.35,below,546.0,559.17,560.23,561.3,559.17,0.381,37.3,0.039,1,2026-08-11,2026-08-13,True,False,5.0,2026-08-13T13:40:13+05:30
CUMMINSIND,5386.17,V,-0.88,below,5339.0,5386.17,5393.83,5401.5,5386.17,0.284,38.4,0.018,1,2026-08-11,2026-08-13,True,False,5.0,2026-08-13T13:40:13+05:30
PAGEIND,38152.50,V,-1.25,below,37675.0,38152.5,38200.0,38247.5,38152.5,0.249,39.7,0.027,1,2026-08-12,2026-08-13,True,False,5.0,2026-08-13T13:40:13+05:30
ASHOKLEY,176.43,V,1.17,above,178.5,176.43,176.17,176.43,175.9,0.301,40.3,0.027,1,2026-08-12,2026-08-13,True,False,5.0,2026-08-13T13:40:13+05:30
CARTRADE,2771.35,V,-1.28,below,2736.0,2771.35,2779.1,2786.85,2771.35,0.558,40.8,0.061,1,2026-08-11,2026-08-13,True,False,5.0,2026-08-13T13:40:13+05:30
AXISBANK,1225.90,V,-0.57,below,1218.9,1225.9,1227.27,1228.63,1225.9,0.223,41.4,0.024,1,2026-08-12,2026-08-13,True,False,5.0,2026-08-13T13:40:13+05:30
PVRINOX,1157.93,V,1.35,above,1173.6,1157.93,1155.67,1157.93,1153.4,0.392,43.8,0.029,1,2026-08-11,2026-08-13,True,False,5.0,2026-08-13T13:40:13+05:30
TMCV,456.00,V,3.57,above,472.3,456.0,454.95,456.0,453.9,0.462,48.1,0.024,1,2026-08-12,2026-08-13,True,False,5.0,2026-08-13T13:40:13+05:30
CEATLTD,3758.62,V,-1.76,below,3692.5,3758.62,3767.03,3775.45,3758.62,0.447,49.0,0.034,1,2026-08-11,2026-08-13,True,False,5.0,2026-08-13T13:40:13+05:30
PIRAMALFIN,2097.90,V,-1.63,below,2063.8,2097.9,2103.5,2109.1,2097.9,0.532,52.6,0.057,1,2026-08-11,2026-08-13,True,False,5.0,2026-08-13T13:40:13+05:30
JUBLFOOD,489.26,V,-2.85,below,475.3,489.26,490.32,491.38,489.26,0.432,53.7,0.018,1,2026-08-11,2026-08-13,True,False,5.0,2026-08-13T13:40:13+05:30
MRPL,175.92,V,-1.21,below,173.79,175.92,176.46,177.0,175.92,0.612,53.7,0.056,1,2026-08-12,2026-08-13,True,False,5.0,2026-08-13T13:40:13+05:30
HFCL,220.78,V,3.65,above,228.85,220.78,220.04,220.78,219.31,0.671,54.2,0.028,1,2026-08-12,2026-08-13,True,False,5.0,2026-08-13T13:40:13+05:30
NAVA,573.62,V,2.03,above,585.25,573.62,572.13,573.62,570.64,0.521,54.2,0.037,1,2026-08-11,2026-08-13,True,False,5.0,2026-08-13T13:40:13+05:30
KPIL,1400.58,V,-2.0,below,1372.6,1400.58,1404.37,1408.15,1400.58,0.539,57.0,0.043,1,2026-08-12,2026-08-13,True,False,5.0,2026-08-13T13:40:13+05:30
SIEMENS,4027.60,V,-1.46,below,3968.6,4027.6,4036.2,4044.8,4027.6,0.426,57.8,0.024,1,2026-08-12,2026-08-13,True,False,5.0,2026-08-13T13:40:13+05:30
USHAMART,511.18,V,-3.17,below,495.0,511.18,512.47,513.75,511.18,0.501,58.1,0.04,1,2026-08-11,2026-08-13,True,False,5.0,2026-08-13T13:40:13+05:30
BRIGADE,606.87,V,-2.97,below,588.85,606.87,608.63,610.4,606.87,0.581,58.9,0.024,1,2026-08-11,2026-08-13,True,False,5.0,2026-08-13T13:40:13+05:30
MINDACORP,727.15,V,2.8,above,747.5,727.15,725.25,727.15,723.35,0.524,59.2,0.035,1,2026-08-11,2026-08-13,True,False,5.0,2026-08-13T13:40:13+05:30
GROWW,196.59,V,0.78,above,198.12,196.59,195.89,196.59,195.2,0.708,59.3,0.029,1,2026-08-12,2026-08-13,True,False,5.0,2026-08-13T13:40:13+05:30
ATUL,6897.00,V,0.43,above,6926.5,6897.0,6881.33,6897.0,6865.67,0.455,60.0,0.015,1,2026-08-11,2026-08-13,True,False,5.0,2026-08-13T13:40:13+05:30
DLF,655.10,V,1.42,above,664.4,655.1,653.43,655.1,651.77,0.51,61.1,0.033,1,2026-08-11,2026-08-13,True,False,5.0,2026-08-13T13:40:13+05:30
ABSLAMC,1016.92,V,1.53,above,1032.5,1016.92,1014.13,1016.92,1011.35,0.549,61.4,0.033,1,2026-08-11,2026-08-13,True,False,5.0,2026-08-13T13:40:13+05:30
SOLARINDS,18719.83,V,1.51,above,19002.0,18719.83,18669.67,18719.83,18619.5,0.537,61.6,0.057,1,2026-08-11,2026-08-13,True,False,5.0,2026-08-13T13:40:13+05:30
MAZDOCK,2543.97,V,1.05,above,2570.7,2543.97,2535.93,2543.97,2527.9,0.634,61.9,0.045,1,2026-08-12,2026-08-13,True,False,5.0,2026-08-13T13:40:13+05:30
SUNTV,481.82,V,1.59,above,489.5,481.82,480.62,481.82,479.41,0.503,62.7,0.024,1,2026-08-12,2026-08-13,True,False,5.0,2026-08-13T13:40:13+05:30
RAILTEL,288.19,V,-1.14,below,284.9,288.19,289.08,289.98,288.19,0.617,63.8,0.048,1,2026-08-11,2026-08-13,True,False,5.0,2026-08-13T13:40:13+05:30
EIDPARRY,790.82,V,-1.91,below,775.7,790.82,793.13,795.45,790.82,0.584,64.4,0.032,1,2026-08-11,2026-08-13,True,False,5.0,2026-08-13T13:40:13+05:30
VMM,109.33,V,-2.67,below,106.41,109.33,109.63,109.94,109.33,0.562,64.4,0.026,1,2026-08-11,2026-08-13,True,False,5.0,2026-08-13T13:40:13+05:30
AAVAS,1409.00,V,1.33,above,1427.7,1409.0,1404.93,1409.0,1400.87,0.579,66.0,0.027,1,2026-08-11,2026-08-13,True,False,5.0,2026-08-13T13:40:13+05:30
GVT&D,4424.98,V,-2.69,below,4305.8,4424.98,4443.47,4461.95,4424.98,0.832,67.7,0.025,1,2026-08-12,2026-08-13,True,False,5.0,2026-08-13T13:40:13+05:30
BOSCHLTD,45081.67,V,3.52,above,46670.0,45081.67,44978.33,45081.67,44875.0,0.459,68.2,0.029,1,2026-08-11,2026-08-13,True,False,5.0,2026-08-13T13:40:13+05:30
FORTIS,902.52,V,-0.89,below,894.45,902.52,905.03,907.55,902.52,0.556,68.5,0.031,1,2026-08-12,2026-08-13,True,False,5.0,2026-08-13T13:40:13+05:30
RITES,227.41,V,-2.24,below,222.31,227.41,228.16,228.9,227.41,0.653,72.3,0.025,1,2026-08-11,2026-08-13,True,False,5.0,2026-08-13T13:40:13+05:30
AIAENG,4795.97,V,-7.21,below,4450.1,4795.97,4810.33,4824.7,4795.97,0.597,72.6,0.041,1,2026-08-11,2026-08-13,True,False,5.0,2026-08-13T13:40:13+05:30
NAVINFLUOR,8245.25,V,0.47,above,8284.0,8245.25,8215.5,8245.25,8185.75,0.724,73.2,0.046,1,2026-08-11,2026-08-13,True,False,5.0,2026-08-13T13:40:13+05:30
IRCON,126.65,V,-1.69,below,124.5,126.65,127.11,127.58,126.65,0.732,73.7,0.042,1,2026-08-12,2026-08-13,True,False,5.0,2026-08-13T13:40:13+05:30
VIJAYA,1422.92,V,5.64,above,1503.1,1422.92,1417.63,1422.92,1412.35,0.745,74.8,0.037,1,2026-08-11,2026-08-13,True,False,5.0,2026-08-13T13:40:13+05:30
ACC,1343.20,V,-1.3,below,1325.8,1343.2,1346.6,1350.0,1343.2,0.505,77.3,0.033,1,2026-08-11,2026-08-13,True,False,5.0,2026-08-13T13:40:13+05:30
GRASIM,3315.95,V,-1.99,below,3250.0,3315.95,3324.1,3332.25,3315.95,0.49,78.1,0.017,1,2026-08-12,2026-08-13,True,False,5.0,2026-08-13T13:40:13+05:30
VTL,598.59,V,-1.19,below,591.45,598.59,601.18,603.77,598.59,0.862,78.1,0.03,1,2026-08-11,2026-08-13,True,False,5.0,2026-08-13T13:40:13+05:30
BSOFT,321.70,V,-2.13,below,314.85,321.7,323.1,324.5,321.7,0.867,78.4,0.037,1,2026-08-11,2026-08-13,True,False,5.0,2026-08-13T13:40:13+05:30
LTM,4800.50,V,-0.74,below,4765.2,4800.5,4817.0,4833.5,4800.5,0.685,79.2,0.032,1,2026-08-11,2026-08-13,True,False,5.0,2026-08-13T13:40:13+05:30
POLYCAB,9255.92,V,0.7,above,9321.0,9255.92,9222.83,9255.92,9189.75,0.717,80.0,0.035,1,2026-08-12,2026-08-13,True,False,5.0,2026-08-13T13:40:13+05:30
RAMCOCEM,937.22,V,-3.05,below,908.6,937.22,940.38,943.55,937.22,0.673,80.3,0.041,1,2026-08-11,2026-08-13,True,False,5.0,2026-08-13T13:40:13+05:30
BALRAMCHIN,630.38,V,-2.08,below,617.25,630.38,632.97,635.55,630.38,0.816,83.0,0.029,1,2026-08-11,2026-08-13,True,False,5.0,2026-08-13T13:40:13+05:30
IDEA,13.42,V,1.27,above,13.59,13.42,13.34,13.42,13.26,1.199,83.8,0.046,1,2026-08-12,2026-08-13,True,False,5.0,2026-08-13T13:40:13+05:30
LINDEINDIA,7001.58,V,-2.94,below,6795.5,7001.58,7031.17,7060.75,7001.58,0.841,84.7,0.024,1,2026-08-11,2026-08-13,True,False,5.0,2026-08-13T13:40:13+05:30
CHENNPETRO,1388.68,V,-3.35,below,1342.2,1388.68,1397.87,1407.05,1388.68,1.314,85.2,0.026,1,2026-08-12,2026-08-13,True,False,5.0,2026-08-13T13:40:13+05:30
NLCINDIA,278.08,V,-1.57,below,273.7,278.08,279.4,280.73,278.08,0.948,85.2,0.049,1,2026-08-12,2026-08-13,True,False,5.0,2026-08-13T13:40:13+05:30
RAINBOW,1509.90,V,-3.3,below,1460.0,1509.9,1515.7,1521.5,1509.9,0.765,86.0,0.034,1,2026-08-11,2026-08-13,True,False,5.0,2026-08-13T13:40:13+05:30
ASTRAL,1457.62,V,9.29,above,1593.0,1457.62,1451.23,1457.62,1444.85,0.88,86.8,0.032,1,2026-08-12,2026-08-13,True,False,5.0,2026-08-13T13:40:13+05:30
KAJARIACER,1220.07,V,3.76,above,1266.0,1220.07,1214.53,1220.07,1209.0,0.911,87.4,0.029,1,2026-08-11,2026-08-13,True,False,5.0,2026-08-13T13:40:13+05:30
CARBORUNIV,1159.90,V,-2.07,below,1135.9,1159.9,1165.6,1171.3,1159.9,0.978,87.9,0.029,1,2026-08-12,2026-08-13,True,False,5.0,2026-08-13T13:40:13+05:30
SHREECEM,25604.17,V,-1.91,below,25115.0,25604.17,25698.33,25792.5,25604.17,0.733,91.2,0.013,1,2026-08-11,2026-08-13,True,False,5.0,2026-08-13T13:40:13+05:30
FINCABLES,1287.87,V,-2.66,below,1253.55,1287.87,1295.68,1303.5,1287.87,1.207,91.5,0.019,1,2026-08-12,2026-08-13,True,False,5.0,2026-08-13T13:40:13+05:30
IPCALAB,1738.10,V,8.68,above,1889.0,1738.1,1727.8,1738.1,1717.5,1.192,94.5,0.032,1,2026-08-11,2026-08-13,True,False,5.0,2026-08-13T13:40:13+05:30
SPLPETRO,719.81,V,0.43,above,722.9,719.81,713.97,719.81,708.12,1.636,94.5,0.039,1,2026-08-12,2026-08-13,True,False,5.0,2026-08-13T13:40:13+05:30
KPRMILL,1104.63,V,-2.1,below,1081.4,1104.63,1112.77,1120.9,1104.63,1.462,95.6,0.052,1,2026-08-11,2026-08-13,True,False,5.0,2026-08-13T13:40:13+05:30
CHOICEIN,827.32,V,-1.56,below,814.45,827.32,832.23,837.15,827.32,1.182,96.2,0.023,1,2026-08-11,2026-08-13,True,False,5.0,2026-08-13T13:40:13+05:30
MANAPPURAM,355.23,V,-2.54,below,346.2,355.23,357.85,360.48,355.23,1.467,96.2,0.027,1,2026-08-12,2026-08-13,True,False,5.0,2026-08-13T13:40:13+05:30
AARTIIND,526.81,V,1.97,above,537.2,526.81,522.72,526.81,518.62,1.566,96.4,0.033,1,2026-08-12,2026-08-13,True,False,5.0,2026-08-13T13:40:13+05:30
KIRLOSENG,2101.35,NARROW,-2.05,below,2058.3,2101.35,2101.4,2101.45,2101.35,0.005,1.6,0.035,0,2026-08-11,2026-08-13,False,True,5.0,2026-08-13T13:40:13+05:30
TORNTPHARM,4886.25,NARROW,-0.63,below,4855.5,4886.25,4886.5,4886.75,4886.25,0.01,2.2,0.023,0,2026-08-11,2026-08-13,False,True,5.0,2026-08-13T13:40:13+05:30
FIRSTCRY,214.17,NARROW,0.27,above,214.74,214.17,214.14,214.17,214.11,0.028,2.7,0.066,0,2026-08-11,2026-08-13,False,True,5.0,2026-08-13T13:40:13+05:30
LICHSGFIN,501.90,NARROW,-0.08,below,501.5,501.9,501.93,501.97,501.9,0.013,2.7,0.021,0,2026-08-11,2026-08-13,False,True,5.0,2026-08-13T13:40:13+05:30
NTPCGREEN,92.46,NARROW,-0.06,below,92.41,92.46,92.47,92.47,92.46,0.007,2.7,0.015,0,2026-08-12,2026-08-13,False,True,5.0,2026-08-13T13:40:13+05:30
KALYANKJIL,596.82,NARROW,2.22,above,610.1,596.82,596.78,596.82,596.74,0.014,3.0,0.038,0,2026-08-12,2026-08-13,False,True,5.0,2026-08-13T13:40:13+05:30
3MINDIA,36111.67,NARROW,0.69,above,36360.0,36111.67,36108.33,36111.67,36105.0,0.018,3.8,0.025,0,2026-08-11,2026-08-13,False,True,5.0,2026-08-13T13:40:13+05:30
ENDURANCE,2986.10,NARROW,-0.27,below,2977.9,2986.1,2986.67,2987.23,2986.1,0.038,3.8,0.044,0,2026-08-11,2026-08-13,False,True,5.0,2026-08-13T13:40:13+05:30
TATASTEEL,186.21,NARROW,-1.17,below,184.03,186.21,186.23,186.24,186.21,0.014,3.8,0.019,0,2026-08-12,2026-08-13,False,True,5.0,2026-08-13T13:40:13+05:30
SAILIFE,1444.18,NARROW,0.65,above,1453.6,1444.18,1443.97,1444.18,1443.75,0.03,4.1,0.04,0,2026-08-11,2026-08-13,False,True,5.0,2026-08-13T13:40:13+05:30
GRAPHITE,730.78,NARROW,0.78,above,736.5,730.78,730.72,730.78,730.65,0.018,4.4,0.023,0,2026-08-11,2026-08-13,False,True,5.0,2026-08-13T13:40:13+05:30
LEMONTREE,109.17,NARROW,-0.04,below,109.13,109.17,109.18,109.19,109.17,0.021,4.4,0.027,0,2026-08-12,2026-08-13,False,True,5.0,2026-08-13T13:40:13+05:30
NAM-INDIA,1171.80,NARROW,0.01,above,1171.9,1171.8,1171.63,1171.8,1171.47,0.028,4.4,0.032,0,2026-08-11,2026-08-13,False,True,5.0,2026-08-13T13:40:13+05:30
ARE&M,976.18,WIDE,-2.4,below,952.75,976.18,982.97,989.75,976.18,1.38,97.0,0.024,0,2026-08-12,2026-08-13,False,False,5.0,2026-08-13T13:40:13+05:30
PNB,118.19,WIDE,0.41,above,118.67,118.19,117.4,118.19,116.61,1.346,97.0,0.035,0,2026-08-12,2026-08-13,False,False,5.0,2026-08-13T13:40:13+05:30
ZEEL,95.54,WIDE,0.48,inside,96.0,95.54,95.54,96.53,94.56,2.069,97.3,0.045,0,2026-08-12,2026-08-13,False,False,5.0,2026-08-13T13:40:13+05:30
CAPLIPOINT,2502.28,WIDE,-1.29,below,2469.9,2502.28,2532.17,2562.05,2502.28,2.36,98.4,0.032,0,2026-08-12,2026-08-13,False,False,5.0,2026-08-13T13:40:13+05:30
DEVYANI,140.08,WIDE,0.01,inside,140.1,140.08,140.08,141.44,138.73,1.932,98.4,0.04,0,2026-08-11,2026-08-13,False,False,5.0,2026-08-13T13:40:13+05:30
GODREJCP,924.69,WIDE,0.74,above,931.5,924.69,918.13,924.69,911.56,1.43,98.4,0.023,0,2026-08-12,2026-08-13,False,False,5.0,2026-08-13T13:40:13+05:30
ZYDUSLIFE,1178.00,WIDE,-0.76,below,1169.1,1178.0,1187.0,1196.0,1178.0,1.516,98.4,0.024,0,2026-08-12,2026-08-13,False,False,5.0,2026-08-13T13:40:13+05:30
BATAINDIA,727.63,WIDE,0.27,inside,729.6,727.63,727.63,733.88,721.39,1.716,98.6,0.022,0,2026-08-12,2026-08-13,False,False,5.0,2026-08-13T13:40:13+05:30
JUBLPHARMA,912.58,WIDE,-1.14,inside,902.15,912.58,912.58,923.58,901.59,2.409,99.5,0.019,0,2026-08-12,2026-08-13,False,False,5.0,2026-08-13T13:40:13+05:30
RHIM,396.97,WIDE,-0.81,inside,393.75,396.97,396.97,402.5,391.43,2.788,99.5,0.029,0,2026-08-12,2026-08-13,False,False,5.0,2026-08-13T13:40:13+05:30
ITI,285.35,TOUCHED,-0.04,below,285.25,285.35,285.4,285.45,285.35,0.035,5.2,0.035,0,2026-08-11,2026-08-13,False,False,5.0,2026-08-13T13:40:13+05:30
BEML,1901.98,TOUCHED,0.07,above,1903.3,1901.98,1901.67,1901.98,1901.35,0.033,5.5,0.028,0,2026-08-11,2026-08-13,False,False,5.0,2026-08-13T13:40:13+05:30
ADANIENSOL,1599.32,TOUCHED,-0.95,below,1584.1,1599.32,1599.63,1599.95,1599.32,0.04,5.8,0.031,0,2026-08-12,2026-08-13,False,False,5.0,2026-08-13T13:40:13+05:30
CIPLA,1462.45,TOUCHED,-0.23,below,1459.1,1462.45,1462.63,1462.82,1462.45,0.025,6.0,0.023,0,2026-08-12,2026-08-13,False,False,5.0,2026-08-13T13:40:13+05:30
COROMANDEL,2086.23,TOUCHED,0.02,inside,2086.6,2086.23,2086.23,2086.75,2085.72,0.05,6.0,0.04,0,2026-08-11,2026-08-13,False,False,5.0,2026-08-13T13:40:13+05:30
GICRE,355.65,TOUCHED,-0.67,below,353.25,355.65,355.72,355.78,355.65,0.037,6.0,0.032,0,2026-08-12,2026-08-13,False,False,5.0,2026-08-13T13:40:13+05:30
CREDITACC,1539.90,TOUCHED,0.11,above,1541.6,1539.9,1539.5,1539.9,1539.1,0.052,6.3,0.035,0,2026-08-11,2026-08-13,False,False,5.0,2026-08-13T13:40:13+05:30
IOC,140.67,TOUCHED,0.33,above,141.14,140.67,140.65,140.67,140.62,0.033,6.6,0.021,0,2026-08-12,2026-08-13,False,False,5.0,2026-08-13T13:40:13+05:30
GODREJPROP,2014.33,TOUCHED,0.42,above,2022.7,2014.33,2013.67,2014.33,2013.0,0.066,7.4,0.045,0,2026-08-12,2026-08-13,False,False,5.0,2026-08-13T13:40:13+05:30
SWIGGY,279.23,TOUCHED,0.27,above,280.0,279.23,279.12,279.23,279.0,0.084,7.7,0.045,0,2026-08-12,2026-08-13,False,False,5.0,2026-08-13T13:40:13+05:30
PFIZER,5018.52,TOUCHED,-0.63,below,4987.1,5018.52,5019.43,5020.35,5018.52,0.037,7.9,0.021,0,2026-08-12,2026-08-13,False,False,5.0,2026-08-13T13:40:13+05:30
BLUEJET,591.45,TOUCHED,0.19,above,592.6,591.45,591.2,591.45,590.95,0.085,8.2,0.042,0,2026-08-11,2026-08-13,False,False,5.0,2026-08-13T13:40:13+05:30
NUVAMA,1698.10,TOUCHED,0.23,above,1702.0,1698.1,1697.63,1698.1,1697.17,0.055,8.5,0.025,0,2026-08-12,2026-08-13,False,False,5.0,2026-08-13T13:40:13+05:30
UCOBANK,26.18,TOUCHED,-0.13,below,26.14,26.18,26.18,26.19,26.18,0.038,8.5,0.013,0,2026-08-12,2026-08-13,False,False,5.0,2026-08-13T13:40:13+05:30
MANKIND,2422.55,TOUCHED,-1.12,below,2395.3,2422.55,2423.37,2424.18,2422.55,0.067,8.8,0.038,0,2026-08-11,2026-08-13,False,False,5.0,2026-08-13T13:40:13+05:30
OBEROIRLTY,1795.55,TOUCHED,1.52,above,1822.8,1795.55,1794.9,1795.55,1794.25,0.072,9.0,0.044,0,2026-08-11,2026-08-13,False,False,5.0,2026-08-13T13:40:13+05:30
CASTROLIND,188.28,TOUCHED,-0.46,below,187.42,188.28,188.31,188.35,188.28,0.035,9.3,0.014,0,2026-08-12,2026-08-13,False,False,5.0,2026-08-13T13:40:13+05:30
COFORGE,1800.92,TOUCHED,1.24,above,1823.2,1800.92,1800.33,1800.92,1799.75,0.065,9.3,0.032,0,2026-08-12,2026-08-13,False,False,5.0,2026-08-13T13:40:13+05:30
PAYTM,1609.17,TOUCHED,1.21,above,1628.7,1609.17,1608.33,1609.17,1607.5,0.104,9.3,0.053,0,2026-08-12,2026-08-13,False,False,5.0,2026-08-13T13:40:13+05:30
ZYDUSWELL,506.98,TOUCHED,-0.46,below,504.65,506.98,507.17,507.36,506.98,0.076,9.3,0.034,0,2026-08-12,2026-08-13,False,False,5.0,2026-08-13T13:40:13+05:30
DALBHARAT,1834.25,TOUCHED,-0.43,below,1826.3,1834.25,1834.7,1835.15,1834.25,0.049,9.9,0.028,0,2026-08-11,2026-08-13,False,False,5.0,2026-08-13T13:40:13+05:30
LT,4019.02,TOUCHED,0.51,above,4039.7,4019.02,4018.03,4019.02,4017.05,0.049,9.9,0.024,0,2026-08-12,2026-08-13,False,False,5.0,2026-08-13T13:40:13+05:30
OLECTRA,1393.30,TOUCHED,0.82,above,1404.7,1393.3,1392.73,1393.3,1392.17,0.081,9.9,0.034,0,2026-08-11,2026-08-13,False,False,5.0,2026-08-13T13:40:13+05:30
NESTLEIND,1505.50,TOUCHED,-0.46,below,1498.6,1505.5,1506.0,1506.5,1505.5,0.066,10.7,0.033,0,2026-08-12,2026-08-13,False,False,5.0,2026-08-13T13:40:13+05:30
ASIANPAINT,2734.93,TOUCHED,0.33,above,2743.9,2734.93,2734.37,2734.93,2733.8,0.041,11.0,0.021,0,2026-08-11,2026-08-13,False,False,5.0,2026-08-13T13:40:13+05:30
ASAHIINDIA,893.00,TOUCHED,0.01,above,893.1,893.0,892.5,893.0,892.0,0.112,11.2,0.045,0,2026-08-12,2026-08-13,False,False,5.0,2026-08-13T13:40:13+05:30
TMPV,342.91,TOUCHED,1.53,above,348.15,342.91,342.82,342.91,342.73,0.053,11.2,0.02,0,2026-08-12,2026-08-13,False,False,5.0,2026-08-13T13:40:13+05:30
UPL,567.45,TOUCHED,-0.47,below,564.8,567.45,567.63,567.82,567.45,0.065,11.2,0.02,0,2026-08-11,2026-08-13,False,False,5.0,2026-08-13T13:40:13+05:30
ANANDRATHI,2191.05,TOUCHED,0.18,above,2194.9,2191.05,2190.37,2191.05,2189.68,0.062,11.5,0.022,0,2026-08-12,2026-08-13,False,False,5.0,2026-08-13T13:40:13+05:30
KOTAKBANK,390.88,TOUCHED,0.06,above,391.1,390.88,390.75,390.88,390.62,0.064,12.1,0.024,0,2026-08-12,2026-08-13,False,False,5.0,2026-08-13T13:40:13+05:30
BELRISE,260.91,TOUCHED,-3.14,below,252.71,260.91,261.05,261.2,260.91,0.114,12.2,0.033,0,2026-08-12,2026-08-13,False,False,5.0,2026-08-13T13:40:13+05:30
JSWINFRA,346.73,TOUCHED,-1.31,below,342.2,346.73,346.87,347.0,346.73,0.077,12.6,0.029,0,2026-08-12,2026-08-13,False,False,5.0,2026-08-13T13:40:13+05:30
ADANIPOWER,207.11,TOUCHED,-1.02,below,205.0,207.11,207.23,207.36,207.11,0.117,12.9,0.053,0,2026-08-12,2026-08-13,False,False,5.0,2026-08-13T13:40:13+05:30
CUB,215.49,TOUCHED,-1.76,below,211.7,215.49,215.61,215.73,215.49,0.111,12.9,0.034,0,2026-08-12,2026-08-13,False,False,5.0,2026-08-13T13:40:13+05:30
SBILIFE,1828.65,TOUCHED,-0.64,below,1816.9,1828.65,1829.1,1829.55,1828.65,0.049,12.9,0.017,0,2026-08-12,2026-08-13,False,False,5.0,2026-08-13T13:40:13+05:30
EMMVEE,316.97,TOUCHED,2.31,above,324.3,316.97,316.73,316.97,316.5,0.147,13.0,0.041,0,2026-08-12,2026-08-13,False,False,5.0,2026-08-13T13:40:13+05:30
DCMSHRIRAM,1007.50,TOUCHED,-1.53,below,992.1,1007.5,1008.0,1008.5,1007.5,0.099,13.4,0.024,0,2026-08-11,2026-08-13,False,False,5.0,2026-08-13T13:40:13+05:30
ADANIENT,2981.50,TOUCHED,-0.78,below,2958.3,2981.5,2982.9,2984.3,2981.5,0.094,13.7,0.026,0,2026-08-12,2026-08-13,False,False,5.0,2026-08-13T13:40:13+05:30
IREDA,117.87,TOUCHED,-0.28,below,117.54,117.87,117.93,118.0,117.87,0.113,14.5,0.048,0,2026-08-12,2026-08-13,False,False,5.0,2026-08-13T13:40:13+05:30
HINDUNILVR,2062.37,TOUCHED,1.01,above,2083.1,2062.37,2061.73,2062.37,2061.1,0.061,14.8,0.015,0,2026-08-12,2026-08-13,False,False,5.0,2026-08-13T13:40:13+05:30
HINDPETRO,389.80,TOUCHED,0.42,above,391.45,389.8,389.6,389.8,389.4,0.103,15.1,0.034,0,2026-08-12,2026-08-13,False,False,5.0,2026-08-13T13:40:13+05:30
SJVN,67.15,TOUCHED,-0.22,below,67.0,67.15,67.18,67.22,67.15,0.104,15.1,0.027,0,2026-08-12,2026-08-13,False,False,5.0,2026-08-13T13:40:13+05:30
SUNPHARMA,1939.85,TOUCHED,-0.17,below,1936.5,1939.85,1940.57,1941.28,1939.85,0.074,15.3,0.02,0,2026-08-11,2026-08-13,False,False,5.0,2026-08-13T13:40:13+05:30
TIINDIA,2781.95,TOUCHED,-1.71,below,2734.5,2781.95,2783.9,2785.85,2781.95,0.14,15.3,0.038,0,2026-08-11,2026-08-13,False,False,5.0,2026-08-13T13:40:13+05:30
CIEINDIA,413.21,TOUCHED,-0.99,below,409.1,413.21,413.42,413.62,413.21,0.101,15.9,0.029,0,2026-08-11,2026-08-13,False,False,5.0,2026-08-13T13:40:13+05:30
DELHIVERY,470.52,TOUCHED,-0.62,below,467.6,470.52,470.78,471.05,470.52,0.113,16.4,0.019,0,2026-08-12,2026-08-13,False,False,5.0,2026-08-13T13:40:13+05:30
DRREDDY,1199.47,TOUCHED,0.53,above,1205.8,1199.47,1198.93,1199.47,1198.4,0.089,16.7,0.015,0,2026-08-12,2026-08-13,False,False,5.0,2026-08-13T13:40:13+05:30
JPPOWER,17.69,TOUCHED,-0.42,below,17.62,17.69,17.71,17.72,17.69,0.132,17.0,0.037,0,2026-08-12,2026-08-13,False,False,5.0,2026-08-13T13:40:13+05:30
SUPREMEIND,3442.55,TOUCHED,0.61,above,3463.5,3442.55,3440.03,3442.55,3437.52,0.146,17.0,0.043,0,2026-08-11,2026-08-13,False,False,5.0,2026-08-13T13:40:13+05:30
COCHINSHIP,1504.82,TOUCHED,0.28,above,1509.1,1504.82,1503.63,1504.82,1502.45,0.157,17.3,0.043,0,2026-08-12,2026-08-13,False,False,5.0,2026-08-13T13:40:13+05:30
TITAGARH,844.00,TOUCHED,1.31,above,855.05,844.0,843.2,844.0,842.4,0.19,17.3,0.051,0,2026-08-11,2026-08-13,False,False,5.0,2026-08-13T13:40:13+05:30
OIL,471.70,TOUCHED,1.24,above,477.55,471.7,471.4,471.7,471.1,0.127,17.5,0.021,0,2026-08-12,2026-08-13,False,False,5.0,2026-08-13T13:40:13+05:30
PETRONET,279.45,TOUCHED,-0.73,below,277.4,279.45,279.58,279.72,279.45,0.095,17.5,0.025,0,2026-08-12,2026-08-13,False,False,5.0,2026-08-13T13:40:13+05:30
SONACOMS,802.55,TOUCHED,-0.36,below,799.7,802.55,803.2,803.85,802.55,0.162,17.8,0.034,0,2026-08-12,2026-08-13,False,False,5.0,2026-08-13T13:40:13+05:30
TRITURBINE,599.05,TOUCHED,-1.73,below,588.7,599.05,599.48,599.92,599.05,0.145,18.4,0.021,0,2026-08-11,2026-08-13,False,False,5.0,2026-08-13T13:40:13+05:30
MEESHO,192.31,TOUCHED,1.16,above,194.53,192.31,192.17,192.31,192.03,0.144,18.5,0.026,0,2026-08-12,2026-08-13,False,False,5.0,2026-08-13T13:40:13+05:30
APLAPOLLO,2011.57,TOUCHED,2.39,above,2059.6,2011.57,2010.43,2011.57,2009.3,0.113,18.6,0.017,0,2026-08-11,2026-08-13,False,False,5.0,2026-08-13T13:40:13+05:30
INOXWIND,74.06,TOUCHED,-0.37,below,73.79,74.06,74.13,74.19,74.06,0.175,19.2,0.041,0,2026-08-12,2026-08-13,False,False,5.0,2026-08-13T13:40:13+05:30
GRANULES,861.71,TOUCHED,-0.53,below,857.15,861.71,862.42,863.12,861.71,0.164,19.5,0.037,0,2026-08-11,2026-08-13,False,False,5.0,2026-08-13T13:40:13+05:30
JSWENERGY,557.60,TOUCHED,-0.63,below,554.1,557.6,557.98,558.37,557.6,0.137,19.5,0.021,0,2026-08-12,2026-08-13,False,False,5.0,2026-08-13T13:40:13+05:30
RVNL,230.22,TOUCHED,-0.73,below,228.55,230.22,230.44,230.66,230.22,0.191,19.7,0.034,0,2026-08-12,2026-08-13,False,False,5.0,2026-08-13T13:40:13+05:30
COLPAL,2001.00,TOUCHED,-0.97,below,1981.5,2001.0,2002.33,2003.67,2001.0,0.133,20.0,0.024,0,2026-08-12,2026-08-13,False,False,5.0,2026-08-13T13:40:13+05:30
CEMPRO,1263.02,TOUCHED,-1.27,below,1247.0,1263.02,1264.33,1265.65,1263.02,0.208,20.3,0.053,0,2026-08-12,2026-08-13,False,False,5.0,2026-08-13T13:40:13+05:30
CHOLAFIN,1909.45,TOUCHED,-0.02,below,1909.1,1909.45,1911.1,1912.75,1909.45,0.173,20.3,0.041,0,2026-08-11,2026-08-13,False,False,5.0,2026-08-13T13:40:13+05:30
PGEL,612.52,TOUCHED,-0.55,below,609.15,612.52,613.23,613.94,612.52,0.231,20.3,0.054,0,2026-08-12,2026-08-13,False,False,5.0,2026-08-13T13:40:13+05:30
BAJAJFINSV,2027.95,TOUCHED,-0.07,below,2026.6,2027.95,2029.3,2030.65,2027.95,0.133,20.8,0.018,0,2026-08-11,2026-08-13,False,False,5.0,2026-08-13T13:40:13+05:30
NH,1844.45,TOUCHED,-0.7,below,1831.6,1844.45,1845.9,1847.35,1844.45,0.157,21.1,0.036,0,2026-08-11,2026-08-13,False,False,5.0,2026-08-13T13:40:13+05:30
SAIL,173.53,TOUCHED,-2.41,below,169.35,173.53,173.69,173.84,173.53,0.18,21.1,0.026,0,2026-08-12,2026-08-13,False,False,5.0,2026-08-13T13:40:13+05:30
ENRIN,3566.97,TOUCHED,-1.56,below,3511.2,3566.97,3570.13,3573.3,3566.97,0.177,21.7,0.027,0,2026-08-11,2026-08-13,False,False,5.0,2026-08-13T13:40:13+05:30
AADHARHFC,501.05,TOUCHED,-0.74,below,497.35,501.05,501.37,501.68,501.05,0.126,21.9,0.025,0,2026-08-12,2026-08-13,False,False,5.0,2026-08-13T13:40:13+05:30
TATACAP,367.25,TOUCHED,-0.67,below,364.8,367.25,367.45,367.65,367.25,0.109,22.0,0.016,0,2026-08-12,2026-08-13,False,False,5.0,2026-08-13T13:40:13+05:30
JWL,259.32,TOUCHED,-0.26,below,258.65,259.32,259.6,259.88,259.32,0.212,22.5,0.042,0,2026-08-12,2026-08-13,False,False,5.0,2026-08-13T13:40:13+05:30
URBANCO,139.55,TOUCHED,0.82,above,140.7,139.55,139.35,139.55,139.15,0.287,22.7,0.045,0,2026-08-11,2026-08-13,False,False,5.0,2026-08-13T13:40:13+05:30
ACMESOLAR,371.25,TOUCHED,-0.04,below,371.1,371.25,371.7,372.15,371.25,0.242,23.0,0.05,0,2026-08-12,2026-08-13,False,False,5.0,2026-08-13T13:40:13+05:30
TRENT,2992.97,TOUCHED,0.06,inside,2994.9,2992.97,2992.97,2995.95,2989.98,0.199,23.0,0.046,0,2026-08-12,2026-08-13,False,False,5.0,2026-08-13T13:40:13+05:30
OLAELEC,39.92,TOUCHED,-0.36,below,39.78,39.92,39.99,40.05,39.92,0.317,23.3,0.074,0,2026-08-12,2026-08-13,False,False,5.0,2026-08-13T13:40:13+05:30
HAVELLS,1267.30,TOUCHED,0.25,above,1270.5,1267.3,1266.53,1267.3,1265.77,0.121,23.6,0.019,0,2026-08-12,2026-08-13,False,False,5.0,2026-08-13T13:40:13+05:30
INDUSINDBK,1016.53,TOUCHED,0.34,above,1020.0,1016.53,1015.57,1016.53,1014.6,0.19,23.8,0.031,0,2026-08-12,2026-08-13,False,False,5.0,2026-08-13T13:40:13+05:30
SUZLON,47.30,TOUCHED,0.11,above,47.35,47.3,47.25,47.3,47.2,0.219,24.4,0.033,0,2026-08-12,2026-08-13,False,False,5.0,2026-08-13T13:40:13+05:30
HOMEFIRST,1178.57,TOUCHED,-0.01,inside,1178.5,1178.57,1178.57,1179.85,1177.28,0.218,24.7,0.044,0,2026-08-11,2026-08-13,False,False,5.0,2026-08-13T13:40:13+05:30
HEROMOTOCO,5885.00,TOUCHED,-0.05,inside,5882.0,5885.0,5885.0,5890.0,5880.0,0.17,25.2,0.017,0,2026-08-12,2026-08-13,False,False,5.0,2026-08-13T13:40:13+05:30
CDSL,1343.25,TOUCHED,0.53,above,1350.4,1343.25,1341.83,1343.25,1340.42,0.211,25.5,0.036,0,2026-08-12,2026-08-13,False,False,5.0,2026-08-13T13:40:13+05:30
EMCURE,2007.45,TOUCHED,0.03,above,2008.0,2007.45,2005.3,2007.45,2003.15,0.214,25.5,0.029,0,2026-08-12,2026-08-13,False,False,5.0,2026-08-13T13:40:13+05:30
DMART,4051.30,TOUCHED,0.18,above,4058.4,4051.3,4047.7,4051.3,4044.1,0.178,25.8,0.028,0,2026-08-11,2026-08-13,False,False,5.0,2026-08-13T13:40:13+05:30
HINDCOPPER,549.75,TOUCHED,0.04,above,549.95,549.75,549.07,549.75,548.38,0.249,26.0,0.032,0,2026-08-12,2026-08-13,False,False,5.0,2026-08-13T13:40:13+05:30
TRAVELFOOD,1392.23,TOUCHED,-0.06,inside,1391.4,1392.23,1392.23,1393.85,1390.62,0.232,26.0,0.032,0,2026-08-11,2026-08-13,False,False,5.0,2026-08-13T13:40:13+05:30
APTUS,255.03,TOUCHED,-0.25,below,254.4,255.03,255.32,255.6,255.03,0.222,26.3,0.026,0,2026-08-12,2026-08-13,False,False,5.0,2026-08-13T13:40:13+05:30
ZENSARTECH,496.40,TOUCHED,0.64,above,499.6,496.4,495.75,496.4,495.1,0.262,26.3,0.035,0,2026-08-12,2026-08-13,False,False,5.0,2026-08-13T13:40:13+05:30
JAINREC,302.00,TOUCHED,0.13,inside,302.4,302.0,302.0,302.5,301.5,0.331,26.6,0.059,0,2026-08-12,2026-08-13,False,False,5.0,2026-08-13T13:40:13+05:30
NBCC,92.40,TOUCHED,-0.11,inside,92.3,92.4,92.4,92.52,92.29,0.253,26.8,0.042,0,2026-08-12,2026-08-13,False,False,5.0,2026-08-13T13:40:13+05:30
ZENTEC,1829.13,TOUCHED,0.05,inside,1830.0,1829.13,1829.13,1831.55,1826.72,0.264,27.1,0.015,0,2026-08-12,2026-08-13,False,False,5.0,2026-08-13T13:40:13+05:30
GODFRYPHLP,2189.35,TOUCHED,-1.25,below,2161.9,2189.35,2192.57,2195.78,2189.35,0.293,27.4,0.041,0,2026-08-12,2026-08-13,False,False,5.0,2026-08-13T13:40:13+05:30
CLEAN,809.10,TOUCHED,2.36,above,828.2,809.1,808.2,809.1,807.3,0.223,27.7,0.026,0,2026-08-11,2026-08-13,False,False,5.0,2026-08-13T13:40:13+05:30
HCLTECH,1367.73,TOUCHED,0.03,inside,1368.1,1367.73,1367.73,1368.9,1366.57,0.171,27.9,0.024,0,2026-08-11,2026-08-13,False,False,5.0,2026-08-13T13:40:13+05:30
CAMS,778.18,TOUCHED,-0.54,below,774.0,778.18,778.97,779.75,778.18,0.201,28.2,0.041,0,2026-08-12,2026-08-13,False,False,5.0,2026-08-13T13:40:13+05:30
TVSMOTOR,4379.17,TOUCHED,-1.16,below,4328.3,4379.17,4383.33,4387.5,4379.17,0.19,28.2,0.019,0,2026-08-12,2026-08-13,False,False,5.0,2026-08-13T13:40:13+05:30
GESHIP,1283.60,TOUCHED,-0.77,below,1273.7,1283.6,1285.3,1287.0,1283.6,0.265,29.0,0.037,0,2026-08-12,2026-08-13,False,False,5.0,2026-08-13T13:40:13+05:30
HONASA,469.15,TOUCHED,1.89,above,478.0,469.15,468.57,469.15,467.98,0.249,29.6,0.054,0,2026-08-12,2026-08-13,False,False,5.0,2026-08-13T13:40:13+05:30
RADICO,4528.33,TOUCHED,1.87,above,4612.8,4528.33,4523.67,4528.33,4519.0,0.206,29.6,0.021,0,2026-08-12,2026-08-13,False,False,5.0,2026-08-13T13:40:13+05:30
MSUMI,40.88,TOUCHED,-1.37,below,40.32,40.88,40.93,40.99,40.88,0.261,29.9,0.031,0,2026-08-12,2026-08-13,False,False,5.0,2026-08-13T13:40:13+05:30
TENNIND,538.00,TOUCHED,-1.02,below,532.5,538.0,538.88,539.77,538.0,0.328,30.6,0.018,0,2026-08-12,2026-08-13,False,False,5.0,2026-08-13T13:40:13+05:30
BAJAJHLDNG,11505.50,TOUCHED,-0.06,below,11499.0,11505.5,11520.33,11535.17,11505.5,0.258,31.2,0.025,0,2026-08-11,2026-08-13,False,False,5.0,2026-08-13T13:40:13+05:30
PNBHOUSING,1145.60,TOUCHED,1.94,above,1167.8,1145.6,1144.43,1145.6,1143.27,0.204,31.2,0.027,0,2026-08-11,2026-08-13,False,False,5.0,2026-08-13T13:40:13+05:30
WIPRO,183.46,TOUCHED,-0.2,below,183.08,183.46,183.62,183.78,183.46,0.176,31.2,0.013,0,2026-08-12,2026-08-13,False,False,5.0,2026-08-13T13:40:13+05:30
WAAREEENER,2676.00,TOUCHED,0.13,inside,2679.6,2676.0,2676.0,2680.0,2672.0,0.299,31.5,0.043,0,2026-08-12,2026-08-13,False,False,5.0,2026-08-13T13:40:13+05:30
IDBI,82.82,TOUCHED,0.39,above,83.14,82.82,82.7,82.82,82.58,0.29,31.8,0.042,0,2026-08-12,2026-08-13,False,False,5.0,2026-08-13T13:40:13+05:30
SAPPHIRE,232.79,TOUCHED,0.68,above,234.38,232.79,232.44,232.79,232.09,0.303,31.8,0.05,0,2026-08-12,2026-08-13,False,False,5.0,2026-08-13T13:40:13+05:30
GMRAIRPORT,104.22,TOUCHED,-1.55,below,102.6,104.22,104.33,104.44,104.22,0.211,32.1,0.019,0,2026-08-12,2026-08-13,False,False,5.0,2026-08-13T13:40:13+05:30
SAGILITY,43.09,TOUCHED,-0.29,below,42.97,43.09,43.17,43.24,43.09,0.332,32.1,0.047,0,2026-08-12,2026-08-13,False,False,5.0,2026-08-13T13:40:13+05:30
BHARTIHEXA,1513.12,TOUCHED,3.36,above,1564.0,1513.12,1511.23,1513.12,1509.35,0.249,32.6,0.038,0,2026-08-11,2026-08-13,False,False,5.0,2026-08-13T13:40:13+05:30
ESCORTS,3114.25,TOUCHED,-0.77,below,3090.2,3114.25,3118.17,3122.08,3114.25,0.251,32.6,0.041,0,2026-08-12,2026-08-13,False,False,5.0,2026-08-13T13:40:13+05:30
IEX,125.55,TOUCHED,-0.2,below,125.29,125.55,125.68,125.81,125.55,0.215,32.6,0.029,0,2026-08-12,2026-08-13,False,False,5.0,2026-08-13T13:40:13+05:30
APOLLOTYRE,443.57,TOUCHED,-0.13,below,443.0,443.57,444.13,444.7,443.57,0.255,32.9,0.038,0,2026-08-11,2026-08-13,False,False,5.0,2026-08-13T13:40:13+05:30
LGEINDIA,1564.80,TOUCHED,0.7,above,1575.7,1564.8,1563.1,1564.8,1561.4,0.218,32.9,0.01,0,2026-08-11,2026-08-13,False,False,5.0,2026-08-13T13:40:13+05:30
GALLANTT,594.59,TOUCHED,-0.72,below,590.3,594.59,595.68,596.77,594.59,0.367,34.2,0.07,0,2026-08-11,2026-08-13,False,False,5.0,2026-08-13T13:40:13+05:30
GRSE,2591.75,TOUCHED,2.05,above,2645.0,2591.75,2586.3,2591.75,2580.85,0.421,34.2,0.067,0,2026-08-11,2026-08-13,False,False,5.0,2026-08-13T13:40:13+05:30
EXIDEIND,488.80,TOUCHED,-0.38,below,486.95,488.8,489.42,490.03,488.8,0.252,34.8,0.027,0,2026-08-12,2026-08-13,False,False,5.0,2026-08-13T13:40:13+05:30
MOTHERSON,169.74,TOUCHED,-1.12,below,167.84,169.74,169.98,170.22,169.74,0.284,35.1,0.033,0,2026-08-12,2026-08-13,False,False,5.0,2026-08-13T13:40:13+05:30
SCHAEFFLER,4136.60,TOUCHED,-0.44,below,4118.5,4136.6,4141.5,4146.4,4136.6,0.237,35.1,0.035,0,2026-08-11,2026-08-13,False,False,5.0,2026-08-13T13:40:13+05:30
TORNTPOWER,1321.05,TOUCHED,-0.31,below,1317.0,1321.05,1323.1,1325.15,1321.05,0.31,35.1,0.031,0,2026-08-12,2026-08-13,False,False,5.0,2026-08-13T13:40:13+05:30
WHIRLPOOL,796.24,TOUCHED,-0.52,below,792.1,796.24,797.43,798.62,796.24,0.299,35.1,0.045,0,2026-08-11,2026-08-13,False,False,5.0,2026-08-13T13:40:13+05:30
360ONE,1166.08,TOUCHED,0.57,above,1172.7,1166.08,1164.17,1166.08,1162.25,0.329,35.6,0.032,0,2026-08-11,2026-08-13,False,False,5.0,2026-08-13T13:40:13+05:30
AMBUJACEM,421.46,TOUCHED,-0.61,below,418.9,421.46,421.92,422.38,421.46,0.217,35.6,0.035,0,2026-08-12,2026-08-13,False,False,5.0,2026-08-13T13:40:13+05:30
VEDL,276.20,TOUCHED,-1.96,below,270.8,276.2,276.6,277.0,276.2,0.289,35.9,0.028,0,2026-08-12,2026-08-13,False,False,5.0,2026-08-13T13:40:13+05:30
ZFCVINDIA,2621.13,TOUCHED,-0.03,inside,2620.4,2621.13,2621.13,2625.0,2617.27,0.295,35.9,0.038,0,2026-08-12,2026-08-13,False,False,5.0,2026-08-13T13:40:13+05:30
HINDZINC,585.45,TOUCHED,-0.97,below,579.8,585.45,586.3,587.15,585.45,0.29,36.2,0.041,0,2026-08-12,2026-08-13,False,False,5.0,2026-08-13T13:40:13+05:30
LTFOODS,424.55,TOUCHED,-1.0,below,420.3,424.55,425.27,425.98,424.55,0.337,36.2,0.036,0,2026-08-12,2026-08-13,False,False,5.0,2026-08-13T13:40:13+05:30
IRFC,88.15,TOUCHED,0.21,above,88.33,88.15,88.03,88.15,87.92,0.257,36.4,0.033,0,2026-08-12,2026-08-13,False,False,5.0,2026-08-13T13:40:13+05:30
RPOWER,23.44,TOUCHED,-0.92,below,23.22,23.44,23.49,23.55,23.44,0.482,36.4,0.079,0,2026-08-12,2026-08-13,False,False,5.0,2026-08-13T13:40:13+05:30
SAMMAANCAP,161.42,TOUCHED,0.08,inside,161.55,161.42,161.42,161.73,161.1,0.388,36.4,0.041,0,2026-08-12,2026-08-13,False,False,5.0,2026-08-13T13:40:13+05:30
FEDERALBNK,355.72,TOUCHED,-0.85,below,352.7,355.72,356.1,356.48,355.72,0.211,37.0,0.026,0,2026-08-12,2026-08-13,False,False,5.0,2026-08-13T13:40:13+05:30
SBFC,93.70,TOUCHED,0.02,above,93.72,93.7,93.56,93.7,93.42,0.299,37.3,0.032,0,2026-08-11,2026-08-13,False,False,5.0,2026-08-13T13:40:13+05:30
CANHLIFE,149.59,TOUCHED,-0.02,below,149.56,149.59,149.82,150.06,149.59,0.314,37.9,0.017,0,2026-08-11,2026-08-13,False,False,5.0,2026-08-13T13:40:13+05:30
IKS,1779.83,TOUCHED,0.13,inside,1782.1,1779.83,1779.83,1782.72,1776.95,0.324,38.1,0.02,0,2026-08-12,2026-08-13,False,False,5.0,2026-08-13T13:40:13+05:30
SWANCORP,308.32,TOUCHED,-0.3,below,307.4,308.32,308.93,309.55,308.32,0.399,38.1,0.034,0,2026-08-12,2026-08-13,False,False,5.0,2026-08-13T13:40:13+05:30
ITCHOTELS,167.61,TOUCHED,-0.36,below,167.0,167.61,167.84,168.08,167.61,0.284,38.4,0.037,0,2026-08-12,2026-08-13,False,False,5.0,2026-08-13T13:40:13+05:30
KFINTECH,923.69,TOUCHED,-0.36,below,920.4,923.69,925.38,927.07,923.69,0.366,38.4,0.018,0,2026-08-12,2026-08-13,False,False,5.0,2026-08-13T13:40:13+05:30
J&KBANK,156.60,TOUCHED,-0.84,below,155.29,156.6,156.89,157.19,156.6,0.374,38.6,0.029,0,2026-08-12,2026-08-13,False,False,5.0,2026-08-13T13:40:13+05:30
AMBER,7028.50,TOUCHED,1.47,above,7132.0,7028.5,7014.0,7028.5,6999.5,0.413,38.9,0.031,0,2026-08-12,2026-08-13,False,False,5.0,2026-08-13T13:40:13+05:30
ATGL,661.31,TOUCHED,-0.61,below,657.25,661.31,662.27,663.23,661.31,0.289,39.2,0.031,0,2026-08-12,2026-08-13,False,False,5.0,2026-08-13T13:40:13+05:30
HBLENGINE,694.03,TOUCHED,0.14,inside,695.0,694.03,694.03,695.3,692.77,0.365,40.0,0.036,0,2026-08-12,2026-08-13,False,False,5.0,2026-08-13T13:40:13+05:30
IFCI,74.00,TOUCHED,3.69,above,76.73,74.0,73.84,74.0,73.67,0.442,40.0,0.102,0,2026-08-12,2026-08-13,False,False,5.0,2026-08-13T13:40:13+05:30
TATACONSUM,1066.15,TOUCHED,1.78,above,1085.1,1066.15,1064.73,1066.15,1063.32,0.266,40.0,0.027,0,2026-08-12,2026-08-13,False,False,5.0,2026-08-13T13:40:13+05:30
HDFCAMC,2497.43,TOUCHED,-0.11,inside,2494.6,2497.43,2497.43,2501.15,2493.72,0.298,40.3,0.024,0,2026-08-12,2026-08-13,False,False,5.0,2026-08-13T13:40:13+05:30
SRF,2581.55,TOUCHED,0.71,above,2599.8,2581.55,2577.7,2581.55,2573.85,0.299,40.3,0.028,0,2026-08-11,2026-08-13,False,False,5.0,2026-08-13T13:40:13+05:30
ETERNAL,315.78,TOUCHED,0.45,above,317.2,315.78,315.2,315.78,314.62,0.365,40.8,0.028,0,2026-08-12,2026-08-13,False,False,5.0,2026-08-13T13:40:13+05:30
GILLETTE,7610.33,TOUCHED,-0.09,inside,7603.5,7610.33,7610.33,7620.75,7599.92,0.274,40.8,0.029,0,2026-08-12,2026-08-13,False,False,5.0,2026-08-13T13:40:13+05:30
GLAND,2904.95,TOUCHED,1.88,above,2959.5,2904.95,2900.37,2904.95,2895.78,0.316,40.8,0.04,0,2026-08-12,2026-08-13,False,False,5.0,2026-08-13T13:40:13+05:30
HEG,678.70,TOUCHED,1.36,above,687.9,678.7,677.25,678.7,675.8,0.428,40.8,0.045,0,2026-08-12,2026-08-13,False,False,5.0,2026-08-13T13:40:13+05:30
PCBL,317.06,TOUCHED,-0.46,below,315.6,317.06,317.67,318.27,317.06,0.383,40.8,0.057,0,2026-08-12,2026-08-13,False,False,5.0,2026-08-13T13:40:13+05:30
TEJASNET,526.16,TOUCHED,1.21,above,532.5,526.16,525.07,526.16,523.98,0.416,40.8,0.046,0,2026-08-12,2026-08-13,False,False,5.0,2026-08-13T13:40:13+05:30
SARDAEN,498.98,TOUCHED,5.96,above,528.7,498.98,497.93,498.98,496.89,0.418,41.9,0.028,0,2026-08-11,2026-08-13,False,False,5.0,2026-08-13T13:40:13+05:30
DIXON,13880.00,TOUCHED,0.61,above,13964.0,13880.0,13853.33,13880.0,13826.67,0.385,42.2,0.056,0,2026-08-12,2026-08-13,False,False,5.0,2026-08-13T13:40:13+05:30
IIFL,623.10,TOUCHED,1.59,above,633.0,623.1,621.82,623.1,620.53,0.413,42.2,0.027,0,2026-08-11,2026-08-13,False,False,5.0,2026-08-13T13:40:13+05:30
NYKAA,324.51,TOUCHED,1.57,above,329.6,324.51,324.02,324.51,323.52,0.303,42.2,0.027,0,2026-08-11,2026-08-13,False,False,5.0,2026-08-13T13:40:13+05:30
MGL,1129.00,TOUCHED,-0.75,below,1120.5,1129.0,1130.77,1132.53,1129.0,0.312,42.5,0.039,0,2026-08-11,2026-08-13,False,False,5.0,2026-08-13T13:40:13+05:30
TRIDENT,24.73,TOUCHED,-0.07,inside,24.71,24.73,24.73,24.76,24.69,0.27,42.5,0.028,0,2026-08-12,2026-08-13,False,False,5.0,2026-08-13T13:40:13+05:30
DOMS,2235.08,TOUCHED,-0.09,below,2233.0,2235.08,2238.37,2241.65,2235.08,0.293,42.7,0.027,0,2026-08-11,2026-08-13,False,False,5.0,2026-08-13T13:40:13+05:30
NTPC,339.08,TOUCHED,0.54,above,340.9,339.08,338.72,339.08,338.35,0.217,43.0,0.015,0,2026-08-12,2026-08-13,False,False,5.0,2026-08-13T13:40:13+05:30
SOBHA,1338.57,TOUCHED,-0.14,inside,1336.7,1338.57,1338.57,1341.0,1336.13,0.364,43.0,0.029,0,2026-08-12,2026-08-13,False,False,5.0,2026-08-13T13:40:13+05:30
TARIL,293.25,TOUCHED,-0.15,below,292.8,293.25,294.05,294.85,293.25,0.544,43.0,0.054,0,2026-08-12,2026-08-13,False,False,5.0,2026-08-13T13:40:13+05:30
BSE,3535.82,TOUCHED,-1.06,below,3498.3,3535.82,3544.63,3553.45,3535.82,0.497,43.3,0.022,0,2026-08-12,2026-08-13,False,False,5.0,2026-08-13T13:40:13+05:30
CANBK,131.57,TOUCHED,-0.08,inside,131.46,131.57,131.57,131.79,131.36,0.327,43.8,0.023,0,2026-08-12,2026-08-13,False,False,5.0,2026-08-13T13:40:13+05:30
AUROPHARMA,1664.55,TOUCHED,0.49,above,1672.7,1664.55,1662.1,1664.55,1659.65,0.295,44.1,0.038,0,2026-08-12,2026-08-13,False,False,5.0,2026-08-13T13:40:13+05:30
CESC,162.16,TOUCHED,1.1,above,163.95,162.16,161.89,162.16,161.62,0.334,44.1,0.037,0,2026-08-12,2026-08-13,False,False,5.0,2026-08-13T13:40:13+05:30
TEGA,1641.47,TOUCHED,0.06,inside,1642.5,1641.47,1641.47,1644.28,1638.65,0.343,44.1,0.043,0,2026-08-11,2026-08-13,False,False,5.0,2026-08-13T13:40:13+05:30
EMAMILTD,397.90,TOUCHED,-0.19,below,397.15,397.9,398.55,399.2,397.9,0.326,44.4,0.022,0,2026-08-12,2026-08-13,False,False,5.0,2026-08-13T13:40:13+05:30
JKCEMENT,5364.25,TOUCHED,-0.31,below,5347.5,5364.25,5374.0,5383.75,5364.25,0.363,44.4,0.033,0,2026-08-12,2026-08-13,False,False,5.0,2026-08-13T13:40:13+05:30
TIMKEN,3229.85,TOUCHED,0.5,above,3246.0,3229.85,3223.77,3229.85,3217.68,0.377,44.9,0.05,0,2026-08-11,2026-08-13,False,False,5.0,2026-08-13T13:40:13+05:30
LODHA,1206.43,TOUCHED,2.3,above,1234.2,1206.43,1203.87,1206.43,1201.3,0.426,45.2,0.031,0,2026-08-12,2026-08-13,False,False,5.0,2026-08-13T13:40:13+05:30
NAUKRI,1346.80,TOUCHED,1.45,above,1366.3,1346.8,1344.2,1346.8,1341.6,0.387,45.2,0.023,0,2026-08-12,2026-08-13,False,False,5.0,2026-08-13T13:40:13+05:30
ECLERX,1790.90,TOUCHED,3.99,above,1862.4,1790.9,1786.2,1790.9,1781.5,0.526,46.0,0.038,0,2026-08-11,2026-08-13,False,False,5.0,2026-08-13T13:40:13+05:30
ELGIEQUIP,576.23,TOUCHED,-0.14,inside,575.4,576.23,576.23,577.43,575.04,0.414,46.0,0.045,0,2026-08-11,2026-08-13,False,False,5.0,2026-08-13T13:40:13+05:30
AWL,193.15,TOUCHED,-0.67,below,191.86,193.15,193.51,193.88,193.15,0.376,46.3,0.044,0,2026-08-12,2026-08-13,False,False,5.0,2026-08-13T13:40:13+05:30
NMDC,85.48,TOUCHED,-0.85,below,84.75,85.48,85.62,85.76,85.48,0.327,46.6,0.028,0,2026-08-12,2026-08-13,False,False,5.0,2026-08-13T13:40:13+05:30
CHAMBLFERT,445.18,TOUCHED,-0.23,below,444.15,445.18,446.02,446.85,445.18,0.374,46.8,0.035,0,2026-08-11,2026-08-13,False,False,5.0,2026-08-13T13:40:13+05:30
COALINDIA,409.85,TOUCHED,-0.46,below,407.95,409.85,410.4,410.95,409.85,0.268,46.8,0.022,0,2026-08-12,2026-08-13,False,False,5.0,2026-08-13T13:40:13+05:30
IGL,154.28,TOUCHED,0.34,above,154.8,154.28,154.02,154.28,153.76,0.335,46.8,0.046,0,2026-08-12,2026-08-13,False,False,5.0,2026-08-13T13:40:13+05:30
NCC,144.19,TOUCHED,0.13,above,144.38,144.19,143.93,144.19,143.67,0.364,47.1,0.027,0,2026-08-12,2026-08-13,False,False,5.0,2026-08-13T13:40:13+05:30
JSWCEMENT,131.32,TOUCHED,0.06,above,131.4,131.32,131.07,131.32,130.81,0.394,47.4,0.038,0,2026-08-12,2026-08-13,False,False,5.0,2026-08-13T13:40:13+05:30
ONGC,239.68,TOUCHED,-0.11,inside,239.41,239.68,239.68,239.99,239.36,0.261,47.4,0.028,0,2026-08-12,2026-08-13,False,False,5.0,2026-08-13T13:40:13+05:30
BAJAJ-AUTO,11716.17,TOUCHED,-0.14,below,11700.0,11716.17,11732.33,11748.5,11716.17,0.276,47.7,0.028,0,2026-08-12,2026-08-13,False,False,5.0,2026-08-13T13:40:13+05:30
BAYERCROP,4122.72,TOUCHED,-0.65,below,4096.0,4122.72,4129.33,4135.95,4122.72,0.32,47.9,0.031,0,2026-08-11,2026-08-13,False,False,5.0,2026-08-13T13:40:13+05:30
HDFCLIFE,536.19,TOUCHED,0.49,above,538.8,536.19,535.38,536.19,534.58,0.302,47.9,0.018,0,2026-08-12,2026-08-13,False,False,5.0,2026-08-13T13:40:13+05:30
CPPLUS,3867.55,TOUCHED,-4.22,below,3704.2,3867.55,3878.07,3888.58,3867.55,0.542,48.0,0.037,0,2026-08-12,2026-08-13,False,False,5.0,2026-08-13T13:40:13+05:30
EIHOTEL,299.57,TOUCHED,0.14,inside,300.0,299.57,299.57,300.1,299.03,0.356,48.5,0.03,0,2026-08-12,2026-08-13,False,False,5.0,2026-08-13T13:40:13+05:30
FSL,275.15,TOUCHED,-0.58,below,273.55,275.15,275.8,276.45,275.15,0.471,48.5,0.037,0,2026-08-12,2026-08-13,False,False,5.0,2026-08-13T13:40:13+05:30
GABRIEL,1483.98,TOUCHED,-2.28,below,1450.2,1483.98,1488.75,1493.53,1483.98,0.641,49.0,0.033,0,2026-08-11,2026-08-13,False,False,5.0,2026-08-13T13:40:13+05:30
HEXT,569.98,TOUCHED,0.82,above,574.65,569.98,568.37,569.98,566.76,0.566,49.0,0.046,0,2026-08-11,2026-08-13,False,False,5.0,2026-08-13T13:40:13+05:30
PFC,377.82,TOUCHED,0.01,inside,377.85,377.82,377.82,378.47,377.16,0.348,49.0,0.036,0,2026-08-12,2026-08-13,False,False,5.0,2026-08-13T13:40:13+05:30
RBLBANK,388.15,TOUCHED,-0.21,inside,387.35,388.15,388.15,388.97,387.33,0.425,49.0,0.032,0,2026-08-12,2026-08-13,False,False,5.0,2026-08-13T13:40:13+05:30
FACT,823.15,TOUCHED,-0.18,inside,821.7,823.15,823.15,824.95,821.35,0.437,49.3,0.058,0,2026-08-12,2026-08-13,False,False,5.0,2026-08-13T13:40:13+05:30
TTML,38.41,TOUCHED,1.6,above,39.02,38.41,38.33,38.41,38.25,0.409,49.3,0.046,0,2026-08-12,2026-08-13,False,False,5.0,2026-08-13T13:40:13+05:30
SYNGENE,405.00,TOUCHED,-1.11,below,400.5,405.0,405.75,406.5,405.0,0.37,49.6,0.025,0,2026-08-11,2026-08-13,False,False,5.0,2026-08-13T13:40:13+05:30
FIVESTAR,550.25,TOUCHED,-0.4,below,548.05,550.25,551.63,553.02,550.25,0.502,49.9,0.041,0,2026-08-12,2026-08-13,False,False,5.0,2026-08-13T13:40:13+05:30
GMDCLTD,605.08,TOUCHED,-1.8,below,594.2,605.08,606.95,608.83,605.08,0.618,49.9,0.068,0,2026-08-12,2026-08-13,False,False,5.0,2026-08-13T13:40:13+05:30
HUDCO,193.59,TOUCHED,0.21,inside,194.0,193.59,193.59,194.03,193.16,0.446,49.9,0.036,0,2026-08-12,2026-08-13,False,False,5.0,2026-08-13T13:40:13+05:30
LATENTVIEW,290.75,TOUCHED,-1.6,below,286.1,290.75,291.45,292.15,290.75,0.48,49.9,0.04,0,2026-08-12,2026-08-13,False,False,5.0,2026-08-13T13:40:13+05:30
CANFINHOME,822.63,TOUCHED,0.15,inside,823.9,822.63,822.63,824.27,821.0,0.397,50.4,0.023,0,2026-08-11,2026-08-13,False,False,5.0,2026-08-13T13:40:13+05:30
ICICIBANK,1426.80,TOUCHED,-1.2,below,1409.7,1426.8,1428.43,1430.07,1426.8,0.229,50.7,0.023,0,2026-08-12,2026-08-13,False,False,5.0,2026-08-13T13:40:13+05:30
INDIAMART,1790.63,TOUCHED,0.12,inside,1792.7,1790.63,1790.63,1793.8,1787.47,0.354,51.0,0.026,0,2026-08-11,2026-08-13,False,False,5.0,2026-08-13T13:40:13+05:30
SHYAMMETL,986.55,TOUCHED,-0.85,below,978.2,986.55,988.3,990.05,986.55,0.354,51.0,0.015,0,2026-08-11,2026-08-13,False,False,5.0,2026-08-13T13:40:13+05:30
RRKABEL,2809.95,TOUCHED,0.07,above,2812.0,2809.95,2803.17,2809.95,2796.38,0.484,51.2,0.045,0,2026-08-12,2026-08-13,False,False,5.0,2026-08-13T13:40:13+05:30
LAURUSLABS,1846.05,TOUCHED,-0.34,below,1839.7,1846.05,1850.03,1854.02,1846.05,0.431,51.8,0.017,0,2026-08-11,2026-08-13,False,False,5.0,2026-08-13T13:40:13+05:30
ADANIPORTS,1656.55,TOUCHED,-0.33,below,1651.1,1656.55,1659.37,1662.18,1656.55,0.339,52.1,0.021,0,2026-08-12,2026-08-13,False,False,5.0,2026-08-13T13:40:13+05:30
BAJAJHFL,84.88,TOUCHED,-0.47,below,84.48,84.88,85.0,85.12,84.88,0.282,52.3,0.025,0,2026-08-12,2026-08-13,False,False,5.0,2026-08-13T13:40:13+05:30
UBL,1393.90,TOUCHED,-0.34,below,1389.2,1393.9,1395.93,1397.97,1393.9,0.291,52.3,0.026,0,2026-08-11,2026-08-13,False,False,5.0,2026-08-13T13:40:13+05:30
ICICIAMC,3067.02,TOUCHED,1.41,above,3110.2,3067.02,3059.43,3067.02,3051.85,0.496,52.5,0.031,0,2026-08-12,2026-08-13,False,False,5.0,2026-08-13T13:40:13+05:30
NHPC,76.71,TOUCHED,1.29,above,77.7,76.71,76.57,76.71,76.42,0.37,52.9,0.035,0,2026-08-12,2026-08-13,False,False,5.0,2026-08-13T13:40:13+05:30
HDFCBANK,727.22,TOUCHED,-0.05,inside,726.85,727.22,727.22,728.11,726.33,0.245,53.7,0.019,0,2026-08-12,2026-08-13,False,False,5.0,2026-08-13T13:40:13+05:30
POWERGRID,268.15,TOUCHED,-0.43,below,267.0,268.15,268.58,269.02,268.15,0.323,54.2,0.017,0,2026-08-12,2026-08-13,False,False,5.0,2026-08-13T13:40:13+05:30
ADANIGREEN,1335.87,TOUCHED,-1.28,below,1318.8,1335.87,1339.43,1343.0,1335.87,0.533,54.5,0.045,0,2026-08-12,2026-08-13,False,False,5.0,2026-08-13T13:40:13+05:30
HDBFS,689.87,TOUCHED,-0.13,below,688.95,689.87,690.98,692.1,689.87,0.323,54.5,0.022,0,2026-08-12,2026-08-13,False,False,5.0,2026-08-13T13:40:13+05:30
BPCL,315.00,TOUCHED,-0.48,below,313.5,315.0,315.67,316.33,315.0,0.422,54.8,0.021,0,2026-08-12,2026-08-13,False,False,5.0,2026-08-13T13:40:13+05:30
HINDALCO,1072.42,TOUCHED,-2.29,below,1047.85,1072.42,1074.45,1076.47,1072.42,0.377,54.8,0.011,0,2026-08-12,2026-08-13,False,False,5.0,2026-08-13T13:40:13+05:30
MRF,131345.00,TOUCHED,-0.19,below,131100.0,131345.0,131565.0,131785.0,131345.0,0.334,54.8,0.035,0,2026-08-11,2026-08-13,False,False,5.0,2026-08-13T13:40:13+05:30
JKTYRE,387.75,TOUCHED,-0.58,below,385.5,387.75,388.78,389.82,387.75,0.532,55.1,0.047,0,2026-08-11,2026-08-13,False,False,5.0,2026-08-13T13:40:13+05:30
AEGISVOPAK,274.54,TOUCHED,-1.05,below,271.65,274.54,275.53,276.52,274.54,0.72,56.5,0.04,0,2026-08-12,2026-08-13,False,False,5.0,2026-08-13T13:40:13+05:30
PWL,124.37,TOUCHED,-4.36,below,118.95,124.37,124.84,125.31,124.37,0.75,56.5,0.072,0,2026-08-12,2026-08-13,False,False,5.0,2026-08-13T13:40:13+05:30
BALKRISIND,2504.18,TOUCHED,-2.32,below,2446.2,2504.18,2509.47,2514.75,2504.18,0.421,57.0,0.026,0,2026-08-11,2026-08-13,False,False,5.0,2026-08-13T13:40:13+05:30
NSLNISP,44.37,TOUCHED,0.05,inside,44.39,44.37,44.37,44.48,44.26,0.496,57.0,0.033,0,2026-08-11,2026-08-13,False,False,5.0,2026-08-13T13:40:13+05:30
ANGELONE,290.04,TOUCHED,0.26,above,290.8,290.04,289.08,290.04,288.12,0.663,57.3,0.029,0,2026-08-12,2026-08-13,False,False,5.0,2026-08-13T13:40:13+05:30
BIOCON,423.15,TOUCHED,-1.31,below,417.6,423.15,424.1,425.05,423.15,0.448,57.3,0.032,0,2026-08-11,2026-08-13,False,False,5.0,2026-08-13T13:40:13+05:30
BRITANNIA,5625.00,TOUCHED,0.44,above,5650.0,5625.0,5616.0,5625.0,5607.0,0.321,57.5,0.021,0,2026-08-11,2026-08-13,False,False,5.0,2026-08-13T13:40:13+05:30
ABB,7694.42,TOUCHED,0.4,above,7725.5,7694.42,7678.83,7694.42,7663.25,0.406,58.1,0.023,0,2026-08-12,2026-08-13,False,False,5.0,2026-08-13T13:40:13+05:30
BANDHANBNK,175.56,TOUCHED,0.12,above,175.77,175.56,175.12,175.56,174.68,0.503,58.4,0.027,0,2026-08-12,2026-08-13,False,False,5.0,2026-08-13T13:40:13+05:30
NIVABUPA,84.25,TOUCHED,-0.15,below,84.12,84.25,84.41,84.56,84.25,0.375,58.6,0.018,0,2026-08-12,2026-08-13,False,False,5.0,2026-08-13T13:40:13+05:30
HONAUT,37699.17,TOUCHED,-1.19,below,37250.0,37699.17,37778.33,37857.5,37699.17,0.419,58.9,0.022,0,2026-08-12,2026-08-13,False,False,5.0,2026-08-13T13:40:13+05:30
IRB,19.37,TOUCHED,-0.58,below,19.26,19.37,19.42,19.46,19.37,0.446,58.9,0.039,0,2026-08-12,2026-08-13,False,False,5.0,2026-08-13T13:40:13+05:30
TECHNOE,986.18,TOUCHED,-0.44,below,981.85,986.18,989.32,992.45,986.18,0.633,59.2,0.05,0,2026-08-12,2026-08-13,False,False,5.0,2026-08-13T13:40:13+05:30
NEWGEN,540.58,TOUCHED,0.22,above,541.75,540.58,538.78,540.58,536.99,0.665,59.5,0.034,0,2026-08-12,2026-08-13,False,False,5.0,2026-08-13T13:40:13+05:30
AIIL,577.62,TOUCHED,-0.25,inside,576.2,577.62,577.62,579.7,575.53,0.721,60.3,0.055,0,2026-08-11,2026-08-13,False,False,5.0,2026-08-13T13:40:13+05:30
LALPATHLAB,1945.30,TOUCHED,1.02,above,1965.2,1945.3,1940.7,1945.3,1936.1,0.474,60.5,0.043,0,2026-08-11,2026-08-13,False,False,5.0,2026-08-13T13:40:13+05:30
THELEELA,507.90,TOUCHED,-1.13,below,502.15,507.9,509.35,510.8,507.9,0.569,60.5,0.03,0,2026-08-11,2026-08-13,False,False,5.0,2026-08-13T13:40:13+05:30
APOLLOHOSP,8611.83,TOUCHED,-0.39,below,8578.5,8611.83,8626.67,8641.5,8611.83,0.344,60.8,0.017,0,2026-08-12,2026-08-13,False,False,5.0,2026-08-13T13:40:13+05:30
DABUR,409.80,TOUCHED,0.16,inside,410.45,409.8,409.8,410.52,409.07,0.354,61.1,0.033,0,2026-08-12,2026-08-13,False,False,5.0,2026-08-13T13:40:13+05:30
BAJFINANCE,1089.63,TOUCHED,-0.11,inside,1088.4,1089.63,1089.63,1091.92,1087.35,0.419,61.6,0.027,0,2026-08-12,2026-08-13,False,False,5.0,2026-08-13T13:40:13+05:30
LUPIN,2268.65,TOUCHED,-0.48,below,2257.8,2268.65,2272.77,2276.88,2268.65,0.362,61.6,0.028,0,2026-08-12,2026-08-13,False,False,5.0,2026-08-13T13:40:13+05:30
SYRMA,1478.72,TOUCHED,-1.42,below,1457.7,1478.72,1484.13,1489.55,1478.72,0.73,61.9,0.045,0,2026-08-12,2026-08-13,False,False,5.0,2026-08-13T13:40:13+05:30
MFSL,1495.58,TOUCHED,1.04,above,1511.2,1495.58,1492.17,1495.58,1488.75,0.458,62.2,0.019,0,2026-08-11,2026-08-13,False,False,5.0,2026-08-13T13:40:13+05:30
JINDALSAW,270.47,TOUCHED,-2.04,below,264.95,270.47,271.4,272.32,270.47,0.682,62.7,0.038,0,2026-08-12,2026-08-13,False,False,5.0,2026-08-13T13:40:13+05:30
PINELABS,167.78,TOUCHED,-0.46,below,167.0,167.78,168.5,169.21,167.78,0.851,63.1,0.056,0,2026-08-12,2026-08-13,False,False,5.0,2026-08-13T13:40:13+05:30
INTELLECT,705.89,TOUCHED,-0.74,below,700.65,705.89,708.53,711.17,705.89,0.746,63.3,0.042,0,2026-08-12,2026-08-13,False,False,5.0,2026-08-13T13:40:13+05:30
TBOTEK,1623.45,TOUCHED,-0.64,below,1613.0,1623.45,1628.87,1634.28,1623.45,0.665,63.3,0.033,0,2026-08-11,2026-08-13,False,False,5.0,2026-08-13T13:40:13+05:30
CCL,1129.90,TOUCHED,0.22,inside,1132.4,1129.9,1129.9,1133.05,1126.75,0.558,63.6,0.021,0,2026-08-11,2026-08-13,False,False,5.0,2026-08-13T13:40:13+05:30
GRAVITA,1797.20,TOUCHED,-0.04,below,1796.5,1797.2,1803.17,1809.13,1797.2,0.662,63.6,0.033,0,2026-08-12,2026-08-13,False,False,5.0,2026-08-13T13:40:13+05:30
PHOENIXLTD,1890.00,TOUCHED,-0.15,below,1887.1,1890.0,1895.0,1900.0,1890.0,0.528,63.6,0.048,0,2026-08-12,2026-08-13,False,False,5.0,2026-08-13T13:40:13+05:30
NEULANDLAB,22759.50,TOUCHED,1.21,above,23034.0,22759.5,22676.33,22759.5,22593.17,0.734,63.8,0.03,0,2026-08-12,2026-08-13,False,False,5.0,2026-08-13T13:40:13+05:30
TATAPOWER,378.65,TOUCHED,0.85,above,381.85,378.65,377.85,378.65,377.05,0.423,63.8,0.023,0,2026-08-12,2026-08-13,False,False,5.0,2026-08-13T13:40:13+05:30
BIKAJI,613.75,TOUCHED,0.77,above,618.45,613.75,612.37,613.75,610.98,0.452,64.1,0.019,0,2026-08-12,2026-08-13,False,False,5.0,2026-08-13T13:40:13+05:30
SHRIRAMFIN,1126.25,TOUCHED,0.15,above,1127.9,1126.25,1123.23,1126.25,1120.22,0.537,64.1,0.038,0,2026-08-12,2026-08-13,False,False,5.0,2026-08-13T13:40:13+05:30
TATACOMM,1741.43,TOUCHED,0.31,above,1746.8,1741.43,1736.77,1741.43,1732.1,0.537,64.1,0.022,0,2026-08-11,2026-08-13,False,False,5.0,2026-08-13T13:40:13+05:30
PERSISTENT,5503.50,TOUCHED,0.13,inside,5510.5,5503.5,5503.5,5519.75,5487.25,0.591,65.5,0.018,0,2026-08-11,2026-08-13,False,False,5.0,2026-08-13T13:40:13+05:30
IOB,33.93,TOUCHED,-0.29,below,33.83,33.93,34.02,34.11,33.93,0.529,66.8,0.034,0,2026-08-12,2026-08-13,False,False,5.0,2026-08-13T13:40:13+05:30
KAYNES,3780.25,TOUCHED,-0.17,below,3774.0,3780.25,3796.17,3812.08,3780.25,0.839,66.8,0.046,0,2026-08-12,2026-08-13,False,False,5.0,2026-08-13T13:40:13+05:30
POLYMED,1843.50,TOUCHED,-1.44,below,1817.0,1843.5,1850.3,1857.1,1843.5,0.735,66.8,0.047,0,2026-08-11,2026-08-13,False,False,5.0,2026-08-13T13:40:13+05:30
BEL,404.18,TOUCHED,1.29,above,409.4,404.18,403.2,404.18,402.23,0.483,67.4,0.025,0,2026-08-12,2026-08-13,False,False,5.0,2026-08-13T13:40:13+05:30
VOLTAS,1282.03,TOUCHED,0.18,inside,1284.3,1282.03,1282.03,1286.02,1278.05,0.621,67.4,0.038,0,2026-08-12,2026-08-13,False,False,5.0,2026-08-13T13:40:13+05:30
INDIACEM,384.99,TOUCHED,-0.65,below,382.5,384.99,386.18,387.38,384.99,0.617,67.7,0.035,0,2026-08-11,2026-08-13,False,False,5.0,2026-08-13T13:40:13+05:30
ANTHEM,881.21,TOUCHED,-0.91,below,873.2,881.21,884.02,886.83,881.21,0.635,67.9,0.043,0,2026-08-12,2026-08-13,False,False,5.0,2026-08-13T13:40:13+05:30
TATAELXSI,3742.45,TOUCHED,0.65,above,3766.9,3742.45,3732.27,3742.45,3722.08,0.546,67.9,0.034,0,2026-08-12,2026-08-13,False,False,5.0,2026-08-13T13:40:13+05:30
CGPOWER,882.67,TOUCHED,-0.01,inside,882.55,882.67,882.67,885.33,880.0,0.604,68.2,0.041,0,2026-08-12,2026-08-13,False,False,5.0,2026-08-13T13:40:13+05:30
POWERINDIA,35327.50,TOUCHED,-0.04,below,35315.0,35327.5,35485.0,35642.5,35327.5,0.888,68.2,0.055,0,2026-08-12,2026-08-13,False,False,5.0,2026-08-13T13:40:13+05:30
THERMAX,4045.80,TOUCHED,-1.55,below,3983.1,4045.8,4058.3,4070.8,4045.8,0.616,68.2,0.019,0,2026-08-12,2026-08-13,False,False,5.0,2026-08-13T13:40:13+05:30
ABCAPITAL,407.00,TOUCHED,-0.31,below,405.75,407.0,408.32,409.63,407.0,0.645,68.5,0.038,0,2026-08-12,2026-08-13,False,False,5.0,2026-08-13T13:40:13+05:30
ELECON,439.48,TOUCHED,0.08,above,439.85,439.48,437.52,439.48,435.55,0.899,68.5,0.036,0,2026-08-12,2026-08-13,False,False,5.0,2026-08-13T13:40:13+05:30
GPIL,231.63,TOUCHED,4.25,above,241.48,231.63,230.75,231.63,229.87,0.763,68.8,0.023,0,2026-08-12,2026-08-13,False,False,5.0,2026-08-13T13:40:13+05:30
JMFINANCIL,129.15,TOUCHED,0.31,above,129.55,129.15,128.63,129.15,128.12,0.806,69.0,0.046,0,2026-08-12,2026-08-13,False,False,5.0,2026-08-13T13:40:13+05:30
MMTC,64.66,TOUCHED,-1.01,below,64.0,64.66,64.88,65.1,64.66,0.694,69.3,0.053,0,2026-08-12,2026-08-13,False,False,5.0,2026-08-13T13:40:13+05:30
SBIN,1077.83,TOUCHED,0.15,inside,1079.4,1077.83,1077.83,1079.92,1075.75,0.387,69.3,0.011,0,2026-08-12,2026-08-13,False,False,5.0,2026-08-13T13:40:13+05:30
ABLBL,90.61,TOUCHED,-0.68,below,90.0,90.61,90.93,91.25,90.61,0.707,69.4,0.054,0,2026-08-12,2026-08-13,False,False,5.0,2026-08-13T13:40:13+05:30
ITC,277.03,TOUCHED,0.01,inside,277.05,277.03,277.03,277.47,276.59,0.319,69.6,0.021,0,2026-08-12,2026-08-13,False,False,5.0,2026-08-13T13:40:13+05:30
EICHERMOT,8030.83,TOUCHED,0.47,above,8068.5,8030.83,8012.67,8030.83,7994.5,0.453,69.9,0.024,0,2026-08-12,2026-08-13,False,False,5.0,2026-08-13T13:40:13+05:30
YESBANK,22.92,TOUCHED,0.09,above,22.94,22.92,22.86,22.92,22.8,0.525,70.4,0.04,0,2026-08-12,2026-08-13,False,False,5.0,2026-08-13T13:40:13+05:30
BLUESTARCO,1508.70,TOUCHED,-0.05,inside,1508.0,1508.7,1508.7,1514.1,1503.3,0.716,70.7,0.046,0,2026-08-11,2026-08-13,False,False,5.0,2026-08-13T13:40:13+05:30
JINDALSTEL,1102.60,TOUCHED,-0.57,below,1096.3,1102.6,1105.73,1108.87,1102.6,0.567,70.7,0.034,0,2026-08-12,2026-08-13,False,False,5.0,2026-08-13T13:40:13+05:30
RECLTD,344.07,TOUCHED,0.27,inside,345.0,344.07,344.07,345.03,343.1,0.562,70.7,0.016,0,2026-08-12,2026-08-13,False,False,5.0,2026-08-13T13:40:13+05:30
CONCORDBIO,1446.50,TOUCHED,0.06,above,1447.4,1446.5,1440.63,1446.5,1434.77,0.814,71.0,0.022,0,2026-08-11,2026-08-13,False,False,5.0,2026-08-13T13:40:13+05:30
JSWDULUX,3130.50,TOUCHED,-0.16,below,3125.6,3130.5,3139.33,3148.17,3130.5,0.563,71.2,0.022,0,2026-08-11,2026-08-13,False,False,5.0,2026-08-13T13:40:13+05:30
KEC,445.12,TOUCHED,-0.22,inside,444.15,445.12,445.12,446.78,443.46,0.745,71.2,0.023,0,2026-08-12,2026-08-13,False,False,5.0,2026-08-13T13:40:13+05:30
INDHOTEL,720.35,TOUCHED,0.05,inside,720.7,720.35,720.35,722.17,718.52,0.507,71.5,0.019,0,2026-08-12,2026-08-13,False,False,5.0,2026-08-13T13:40:13+05:30
MCX,2958.07,TOUCHED,0.29,above,2966.7,2958.07,2946.03,2958.07,2934.0,0.817,71.5,0.058,0,2026-08-12,2026-08-13,False,False,5.0,2026-08-13T13:40:13+05:30
SAREGAMA,521.77,TOUCHED,1.84,above,531.35,521.77,519.87,521.77,517.96,0.734,71.5,0.041,0,2026-08-12,2026-08-13,False,False,5.0,2026-08-13T13:40:13+05:30
IGIL,348.60,TOUCHED,-0.32,below,347.5,348.6,350.0,351.4,348.6,0.8,71.8,0.029,0,2026-08-11,2026-08-13,False,False,5.0,2026-08-13T13:40:13+05:30
BBTC,1494.75,TOUCHED,-1.17,below,1477.3,1494.75,1499.1,1503.45,1494.75,0.58,72.1,0.032,0,2026-08-11,2026-08-13,False,False,5.0,2026-08-13T13:40:13+05:30
MUTHOOTFIN,2884.70,TOUCHED,-0.52,below,2869.7,2884.7,2893.1,2901.5,2884.7,0.581,72.1,0.04,0,2026-08-12,2026-08-13,False,False,5.0,2026-08-13T13:40:13+05:30
NIACL,181.70,TOUCHED,-0.8,below,180.25,181.7,182.3,182.91,181.7,0.666,72.1,0.032,0,2026-08-12,2026-08-13,False,False,5.0,2026-08-13T13:40:13+05:30
NUVOCO,332.77,TOUCHED,1.19,above,336.75,332.77,331.65,332.77,330.52,0.678,72.6,0.039,0,2026-08-12,2026-08-13,False,False,5.0,2026-08-13T13:40:13+05:30
AJANTPHARM,3541.40,TOUCHED,2.02,above,3613.0,3541.4,3529.93,3541.4,3518.47,0.65,72.9,0.04,0,2026-08-11,2026-08-13,False,False,5.0,2026-08-13T13:40:13+05:30
BDL,1334.67,TOUCHED,2.23,above,1364.4,1334.67,1329.33,1334.67,1324.0,0.802,72.9,0.049,0,2026-08-12,2026-08-13,False,False,5.0,2026-08-13T13:40:13+05:30
HYUNDAI,2225.90,TOUCHED,-0.02,inside,2225.4,2225.9,2225.9,2232.95,2218.85,0.633,72.9,0.026,0,2026-08-12,2026-08-13,False,False,5.0,2026-08-13T13:40:13+05:30
BANKINDIA,144.51,TOUCHED,0.18,inside,144.77,144.51,144.51,145.0,144.01,0.687,73.2,0.032,0,2026-08-12,2026-08-13,False,False,5.0,2026-08-13T13:40:13+05:30
MAXHEALTH,1014.63,TOUCHED,0.27,inside,1017.4,1014.63,1014.63,1018.2,1011.07,0.703,75.1,0.037,0,2026-08-12,2026-08-13,False,False,5.0,2026-08-13T13:40:13+05:30
ATHERENERG,1545.55,TOUCHED,-1.48,below,1522.6,1545.55,1553.5,1561.45,1545.55,1.023,75.3,0.062,0,2026-08-12,2026-08-13,False,False,5.0,2026-08-13T13:40:13+05:30
ENGINERSIN,241.33,TOUCHED,-0.18,inside,240.9,241.33,241.33,242.4,240.27,0.884,75.3,0.04,0,2026-08-12,2026-08-13,False,False,5.0,2026-08-13T13:40:13+05:30
SCHNEIDER,1409.90,TOUCHED,-1.11,below,1394.3,1409.9,1417.23,1424.57,1409.9,1.035,75.6,0.027,0,2026-08-12,2026-08-13,False,False,5.0,2026-08-13T13:40:13+05:30
POONAWALLA,485.22,TOUCHED,0.84,above,489.3,485.22,483.23,485.22,481.25,0.821,75.9,0.033,0,2026-08-11,2026-08-13,False,False,5.0,2026-08-13T13:40:13+05:30
JSWSTEEL,1272.25,TOUCHED,-0.1,below,1271.0,1272.25,1275.4,1278.55,1272.25,0.494,76.2,0.024,0,2026-08-12,2026-08-13,False,False,5.0,2026-08-13T13:40:13+05:30
MARUTI,13907.00,TOUCHED,-0.17,below,13884.0,13907.0,13939.0,13971.0,13907.0,0.459,76.2,0.017,0,2026-08-12,2026-08-13,False,False,5.0,2026-08-13T13:40:13+05:30
ACE,1082.95,TOUCHED,-0.39,below,1078.7,1082.95,1087.33,1091.72,1082.95,0.806,76.7,0.049,0,2026-08-12,2026-08-13,False,False,5.0,2026-08-13T13:40:13+05:30
PIDILITIND,1690.25,TOUCHED,-0.03,below,1689.7,1690.25,1694.0,1697.75,1690.25,0.443,77.0,0.026,0,2026-08-12,2026-08-13,False,False,5.0,2026-08-13T13:40:13+05:30
PREMIERENE,1034.50,TOUCHED,0.18,inside,1036.4,1034.5,1034.5,1038.7,1030.3,0.812,77.0,0.029,0,2026-08-12,2026-08-13,False,False,5.0,2026-08-13T13:40:13+05:30
TECHM,1639.55,TOUCHED,0.51,above,1647.9,1639.55,1634.7,1639.55,1629.85,0.593,77.3,0.038,0,2026-08-12,2026-08-13,False,False,5.0,2026-08-13T13:40:13+05:30
INDGN,571.85,TOUCHED,-0.06,inside,571.5,571.85,571.85,573.97,569.72,0.743,77.5,0.022,0,2026-08-11,2026-08-13,False,False,5.0,2026-08-13T13:40:13+05:30
TITAN,5060.00,TOUCHED,-0.55,below,5032.4,5060.0,5073.0,5086.0,5060.0,0.513,77.5,0.015,0,2026-08-12,2026-08-13,False,False,5.0,2026-08-13T13:40:13+05:30
M&M,3426.33,TOUCHED,-0.33,inside,3415.0,3426.33,3426.33,3437.7,3414.97,0.663,79.2,0.026,0,2026-08-12,2026-08-13,False,False,5.0,2026-08-13T13:40:13+05:30
SONATSOFTW,325.08,TOUCHED,-0.36,below,323.9,325.08,326.7,328.32,325.08,0.995,79.2,0.033,0,2026-08-12,2026-08-13,False,False,5.0,2026-08-13T13:40:13+05:30
ERIS,1368.15,TOUCHED,0.41,above,1373.8,1368.15,1362.67,1368.15,1357.18,0.805,79.5,0.03,0,2026-08-12,2026-08-13,False,False,5.0,2026-08-13T13:40:13+05:30
LTF,314.72,TOUCHED,-0.12,inside,314.35,314.72,314.72,315.96,313.48,0.789,79.7,0.028,0,2026-08-12,2026-08-13,False,False,5.0,2026-08-13T13:40:13+05:30
PPLPHARMA,212.07,TOUCHED,0.25,inside,212.6,212.07,212.07,212.98,211.15,0.861,79.7,0.044,0,2026-08-12,2026-08-13,False,False,5.0,2026-08-13T13:40:13+05:30
RELIANCE,1319.10,TOUCHED,-0.31,below,1315.0,1319.1,1322.4,1325.7,1319.1,0.499,79.7,0.025,0,2026-08-12,2026-08-13,False,False,5.0,2026-08-13T13:40:13+05:30
VBL,440.30,TOUCHED,-0.27,inside,439.1,440.3,440.3,441.95,438.65,0.749,80.3,0.03,0,2026-08-11,2026-08-13,False,False,5.0,2026-08-13T13:40:13+05:30
M&MFIN,399.45,TOUCHED,0.34,inside,400.8,399.45,399.45,401.25,397.65,0.901,80.5,0.037,0,2026-08-12,2026-08-13,False,False,5.0,2026-08-13T13:40:13+05:30
SBICARD,650.50,TOUCHED,-0.61,below,646.5,650.5,652.53,654.57,650.5,0.623,80.5,0.029,0,2026-08-12,2026-08-13,False,False,5.0,2026-08-13T13:40:13+05:30
POLICYBZR,1731.03,TOUCHED,0.54,above,1740.4,1731.03,1723.07,1731.03,1715.1,0.925,80.8,0.038,0,2026-08-12,2026-08-13,False,False,5.0,2026-08-13T13:40:13+05:30
PTCIL,19082.67,TOUCHED,-0.27,inside,19032.0,19082.67,19082.67,19171.0,18994.33,0.926,80.8,0.028,0,2026-08-11,2026-08-13,False,False,5.0,2026-08-13T13:40:13+05:30
UNIONBANK,186.24,TOUCHED,0.37,above,186.93,186.24,185.47,186.24,184.71,0.823,80.8,0.048,0,2026-08-12,2026-08-13,False,False,5.0,2026-08-13T13:40:13+05:30
WOCKPHARMA,1877.50,TOUCHED,2.16,above,1918.0,1877.5,1867.47,1877.5,1857.43,1.075,80.8,0.06,0,2026-08-12,2026-08-13,False,False,5.0,2026-08-13T13:40:13+05:30
CONCOR,517.10,TOUCHED,3.05,above,532.85,517.1,515.42,517.1,513.73,0.653,81.1,0.034,0,2026-08-12,2026-08-13,False,False,5.0,2026-08-13T13:40:13+05:30
DEEPAKFERT,1470.10,TOUCHED,-0.34,inside,1465.1,1470.1,1470.1,1477.3,1462.9,0.98,81.1,0.044,0,2026-08-12,2026-08-13,False,False,5.0,2026-08-13T13:40:13+05:30
BANKBARODA,248.45,TOUCHED,-0.09,below,248.23,248.45,249.3,250.15,248.45,0.682,81.4,0.012,0,2026-08-12,2026-08-13,False,False,5.0,2026-08-13T13:40:13+05:30
SUNDARMFIN,4504.55,TOUCHED,0.23,above,4515.1,4504.55,4485.5,4504.55,4466.45,0.849,81.4,0.03,0,2026-08-11,2026-08-13,False,False,5.0,2026-08-13T13:40:13+05:30
CYIENT,850.80,TOUCHED,2.82,above,874.8,850.8,847.37,850.8,843.93,0.81,81.9,0.024,0,2026-08-12,2026-08-13,False,False,5.0,2026-08-13T13:40:13+05:30
ABREL,1395.25,TOUCHED,1.06,above,1410.0,1395.25,1388.63,1395.25,1382.02,0.953,82.5,0.025,0,2026-08-12,2026-08-13,False,False,5.0,2026-08-13T13:40:13+05:30
CGCL,229.81,TOUCHED,-0.05,below,229.69,229.81,230.88,231.94,229.81,0.921,82.5,0.049,0,2026-08-12,2026-08-13,False,False,5.0,2026-08-13T13:40:13+05:30
INDIANB,893.12,TOUCHED,0.39,above,896.6,893.12,889.25,893.12,885.38,0.872,82.5,0.027,0,2026-08-12,2026-08-13,False,False,5.0,2026-08-13T13:40:13+05:30
MPHASIS,2516.57,TOUCHED,0.27,inside,2523.4,2516.57,2516.57,2527.08,2506.05,0.836,82.5,0.024,0,2026-08-12,2026-08-13,False,False,5.0,2026-08-13T13:40:13+05:30
BLUEDART,5127.83,TOUCHED,-0.18,inside,5118.5,5127.83,5127.83,5145.5,5110.17,0.689,82.7,0.017,0,2026-08-11,2026-08-13,False,False,5.0,2026-08-13T13:40:13+05:30
MOTILALOFS,896.38,TOUCHED,0.96,above,905.0,896.38,891.77,896.38,887.15,1.035,82.7,0.045,0,2026-08-12,2026-08-13,False,False,5.0,2026-08-13T13:40:13+05:30
MARICO,852.68,TOUCHED,0.74,above,859.0,852.68,850.37,852.68,848.05,0.545,83.0,0.018,0,2026-08-12,2026-08-13,False,False,5.0,2026-08-13T13:40:13+05:30
CHALET,824.63,TOUCHED,-0.19,below,823.05,824.63,828.07,831.5,824.63,0.829,83.3,0.023,0,2026-08-11,2026-08-13,False,False,5.0,2026-08-13T13:40:13+05:30
PRESTIGE,1601.43,TOUCHED,-0.29,inside,1596.8,1601.43,1601.43,1609.2,1593.67,0.97,83.6,0.055,0,2026-08-11,2026-08-13,False,False,5.0,2026-08-13T13:40:13+05:30
TATATECH,852.27,TOUCHED,1.54,above,865.4,852.27,848.88,852.27,845.49,0.799,83.6,0.035,0,2026-08-12,2026-08-13,False,False,5.0,2026-08-13T13:40:13+05:30
STARHEALTH,582.28,TOUCHED,0.13,above,583.05,582.28,579.87,582.28,577.45,0.834,84.1,0.026,0,2026-08-11,2026-08-13,False,False,5.0,2026-08-13T13:40:13+05:30
ACUTAAS,3172.47,TOUCHED,-1.31,below,3130.9,3172.47,3191.53,3210.6,3172.47,1.195,84.4,0.036,0,2026-08-12,2026-08-13,False,False,5.0,2026-08-13T13:40:13+05:30
FORCEMOT,18873.00,TOUCHED,-1.45,below,18600.0,18873.0,19005.0,19137.0,18873.0,1.389,84.7,0.05,0,2026-08-12,2026-08-13,False,False,5.0,2026-08-13T13:40:13+05:30
TCS,2365.20,TOUCHED,0.16,inside,2369.0,2365.2,2365.2,2372.95,2357.45,0.655,84.7,0.029,0,2026-08-12,2026-08-13,False,False,5.0,2026-08-13T13:40:13+05:30
ABBOTINDIA,27732.50,TOUCHED,-0.78,below,27515.0,27732.5,27828.33,27924.17,27732.5,0.689,84.9,0.036,0,2026-08-11,2026-08-13,False,False,5.0,2026-08-13T13:40:13+05:30
ONESOURCE,1559.73,TOUCHED,0.54,inside,1568.1,1559.73,1559.73,1570.0,1549.47,1.316,84.9,0.052,0,2026-08-12,2026-08-13,False,False,5.0,2026-08-13T13:40:13+05:30
APARINDS,17657.50,TOUCHED,-2.66,below,17187.0,17657.5,17771.67,17885.83,17657.5,1.285,85.8,0.054,0,2026-08-12,2026-08-13,False,False,5.0,2026-08-13T13:40:13+05:30
CROMPTON,246.88,TOUCHED,0.51,above,248.15,246.88,245.92,246.88,244.95,0.786,86.0,0.025,0,2026-08-12,2026-08-13,False,False,5.0,2026-08-13T13:40:13+05:30
ULTRACEMCO,11816.83,TOUCHED,-1.12,below,11685.0,11816.83,11853.67,11890.5,11816.83,0.621,86.0,0.026,0,2026-08-11,2026-08-13,False,False,5.0,2026-08-13T13:40:13+05:30
KPITTECH,615.40,TOUCHED,0.39,inside,617.8,615.4,615.4,618.5,612.3,1.007,86.3,0.044,0,2026-08-12,2026-08-13,False,False,5.0,2026-08-13T13:40:13+05:30
MAPMYINDIA,997.15,TOUCHED,-0.24,below,994.8,997.15,1002.53,1007.92,997.15,1.074,86.3,0.027,0,2026-08-11,2026-08-13,False,False,5.0,2026-08-13T13:40:13+05:30
WELSPUNLIV,162.53,TOUCHED,-1.24,below,160.52,162.53,163.43,164.33,162.53,1.101,86.6,0.042,0,2026-08-12,2026-08-13,False,False,5.0,2026-08-13T13:40:13+05:30
MEDANTA,1400.12,TOUCHED,-0.09,below,1398.9,1400.12,1406.73,1413.35,1400.12,0.941,87.4,0.028,0,2026-08-12,2026-08-13,False,False,5.0,2026-08-13T13:40:13+05:30
AUBANK,1081.60,TOUCHED,0.27,inside,1084.5,1081.6,1081.6,1086.5,1076.7,0.906,87.7,0.016,0,2026-08-12,2026-08-13,False,False,5.0,2026-08-13T13:40:13+05:30
ABFRL,57.46,TOUCHED,-1.04,below,56.86,57.46,57.76,58.06,57.46,1.039,87.9,0.025,0,2026-08-12,2026-08-13,False,False,5.0,2026-08-13T13:40:13+05:30
ICICIPRULI,504.42,TOUCHED,0.4,above,506.45,504.42,502.43,504.42,500.45,0.789,87.9,0.023,0,2026-08-12,2026-08-13,False,False,5.0,2026-08-13T13:40:13+05:30
HAL,4951.13,TOUCHED,0.22,inside,4962.2,4951.13,4951.13,4973.07,4929.2,0.886,88.2,0.035,0,2026-08-12,2026-08-13,False,False,5.0,2026-08-13T13:40:13+05:30
GAIL,175.62,TOUCHED,-0.41,below,174.91,175.62,176.4,177.17,175.62,0.879,88.5,0.015,0,2026-08-12,2026-08-13,False,False,5.0,2026-08-13T13:40:13+05:30
AEGISLOG,1273.08,TOUCHED,-1.39,below,1255.4,1273.08,1281.67,1290.25,1273.08,1.339,89.0,0.033,0,2026-08-12,2026-08-13,False,False,5.0,2026-08-13T13:40:13+05:30
AFCONS,270.55,TOUCHED,0.22,inside,271.15,270.55,270.55,271.85,269.25,0.961,89.3,0.024,0,2026-08-12,2026-08-13,False,False,5.0,2026-08-13T13:40:13+05:30
REDINGTON,347.10,TOUCHED,0.1,above,347.45,347.1,344.53,347.1,341.97,1.49,90.4,0.038,0,2026-08-12,2026-08-13,False,False,5.0,2026-08-13T13:40:13+05:30
UNITDSPR,1530.95,TOUCHED,-0.09,below,1529.5,1530.95,1536.87,1542.78,1530.95,0.77,90.4,0.033,0,2026-08-11,2026-08-13,False,False,5.0,2026-08-13T13:40:13+05:30
IDFCFIRSTB,85.44,TOUCHED,1.04,above,86.32,85.44,85.07,85.44,84.71,0.858,91.0,0.033,0,2026-08-12,2026-08-13,False,False,5.0,2026-08-13T13:40:13+05:30
BHEL,414.48,TOUCHED,0.15,inside,415.1,414.48,414.48,417.24,411.73,1.331,92.1,0.048,0,2026-08-12,2026-08-13,False,False,5.0,2026-08-13T13:40:13+05:30
JIOFIN,254.87,TOUCHED,0.28,above,255.6,254.87,253.7,254.87,252.52,0.926,92.1,0.022,0,2026-08-12,2026-08-13,False,False,5.0,2026-08-13T13:40:13+05:30
ASTERDM,832.58,TOUCHED,-0.31,below,830.0,832.58,837.2,841.83,832.58,1.105,92.6,0.028,0,2026-08-12,2026-08-13,False,False,5.0,2026-08-13T13:40:13+05:30
AFFLE,1667.07,TOUCHED,0.11,above,1668.9,1667.07,1656.83,1667.07,1646.6,1.235,93.2,0.034,0,2026-08-11,2026-08-13,False,False,5.0,2026-08-13T13:40:13+05:30
INDUSTOWER,381.42,TOUCHED,0.57,above,383.6,381.42,379.45,381.42,377.48,1.041,93.4,0.022,0,2026-08-12,2026-08-13,False,False,5.0,2026-08-13T13:40:13+05:30
MAHABANK,81.37,TOUCHED,0.34,above,81.65,81.37,80.87,81.37,80.37,1.237,93.4,0.042,0,2026-08-12,2026-08-13,False,False,5.0,2026-08-13T13:40:13+05:30
LLOYDSME,1918.07,TOUCHED,-0.54,inside,1907.7,1918.07,1918.07,1930.3,1905.83,1.276,93.7,0.035,0,2026-08-12,2026-08-13,False,False,5.0,2026-08-13T13:40:13+05:30
PATANJALI,349.45,TOUCHED,0.21,inside,350.2,349.45,349.45,351.03,347.88,0.901,93.7,0.019,0,2026-08-12,2026-08-13,False,False,5.0,2026-08-13T13:40:13+05:30
DEEPAKNTR,1727.60,TOUCHED,-1.46,below,1702.3,1727.6,1736.8,1746.0,1727.6,1.059,94.0,0.029,0,2026-08-12,2026-08-13,False,False,5.0,2026-08-13T13:40:13+05:30
COHANCE,448.13,TOUCHED,-1.26,below,442.5,448.13,451.9,455.68,448.13,1.671,94.2,0.022,0,2026-08-12,2026-08-13,False,False,5.0,2026-08-13T13:40:13+05:30
BHARTIARTL,1937.72,TOUCHED,0.59,above,1949.1,1937.72,1930.43,1937.72,1923.15,0.755,94.5,0.014,0,2026-08-12,2026-08-13,False,False,5.0,2026-08-13T13:40:13+05:30
BHARATFORG,2086.20,TOUCHED,0.49,above,2096.4,2086.2,2074.47,2086.2,2062.73,1.131,94.8,0.031,0,2026-08-11,2026-08-13,False,False,5.0,2026-08-13T13:40:13+05:30
JUBLINGREA,738.57,TOUCHED,-0.31,below,736.3,738.57,744.05,749.52,738.57,1.472,94.8,0.034,0,2026-08-11,2026-08-13,False,False,5.0,2026-08-13T13:40:13+05:30
CRISIL,4507.20,TOUCHED,-0.83,below,4470.0,4507.2,4533.6,4560.0,4507.2,1.165,95.1,0.05,0,2026-08-11,2026-08-13,False,False,5.0,2026-08-13T13:40:13+05:30
BERGEPAINT,553.53,TOUCHED,0.17,inside,554.45,553.53,553.53,556.67,550.4,1.132,95.6,0.013,0,2026-08-12,2026-08-13,False,False,5.0,2026-08-13T13:40:13+05:30
NATIONALUM,410.35,TOUCHED,-1.35,below,404.8,410.35,413.57,416.78,410.35,1.556,95.6,0.04,0,2026-08-12,2026-08-13,False,False,5.0,2026-08-13T13:40:13+05:30
TATACHEM,677.42,TOUCHED,-0.7,below,672.7,677.42,681.68,685.95,677.42,1.252,95.9,0.02,0,2026-08-12,2026-08-13,False,False,5.0,2026-08-13T13:40:13+05:30
LICI,412.90,TOUCHED,0.27,inside,414.0,412.9,412.9,414.95,410.85,0.993,96.4,0.031,0,2026-08-12,2026-08-13,False,False,5.0,2026-08-13T13:40:13+05:30
