symbol,status,type,distance_pct,trend,ltp,virgin_level,pivot,tc,bc,width_pct,width_percentile,narrow_threshold_pct,days_virgin,source_date,session_date,is_virgin,is_narrow,narrow_percentile_used,scanned_at
DCMSHRIRAM,1005.78,V+N,7.07,above,1076.9,1005.78,1005.77,1005.78,1005.75,0.003,1.6,0.023,1,2026-07-24,2026-07-28,True,True,5.0,2026-07-28T12:58:49+05:30
SAILIFE,1233.05,V+N,5.02,above,1295.0,1233.05,1233.0,1233.05,1232.95,0.008,1.9,0.042,1,2026-07-24,2026-07-28,True,True,5.0,2026-07-28T12:58:49+05:30
DOMS,2221.3,V+N,2.38,above,2274.2,2221.3,2221.2,2221.3,2221.1,0.009,2.2,0.027,1,2026-07-24,2026-07-28,True,True,5.0,2026-07-28T12:58:49+05:30
EIDPARRY,758.2,V+N,0.96,above,765.5,758.2,758.13,758.2,758.07,0.018,2.5,0.032,1,2026-07-24,2026-07-28,True,True,5.0,2026-07-28T12:58:49+05:30
IIFL,556.62,V+N,5.44,above,586.9,556.62,556.6,556.62,556.57,0.009,2.5,0.031,1,2026-07-24,2026-07-28,True,True,5.0,2026-07-28T12:58:49+05:30
NAVA,554.77,V+N,1.02,above,560.4,554.77,554.73,554.77,554.7,0.012,2.5,0.037,1,2026-07-24,2026-07-28,True,True,5.0,2026-07-28T12:58:49+05:30
J&KBANK,172.57,V+N,2.98,above,177.7,172.57,172.56,172.57,172.56,0.006,2.7,0.029,1,2026-07-24,2026-07-28,True,True,5.0,2026-07-28T12:58:49+05:30
POLYCAB,8906.83,V+N,2.56,above,9134.5,8906.83,8906.17,8906.83,8905.5,0.015,2.7,0.04,1,2026-07-24,2026-07-28,True,True,5.0,2026-07-28T12:58:49+05:30
DELHIVERY,462.52,V+N,1.59,above,469.9,462.52,462.5,462.52,462.47,0.011,3.0,0.019,1,2026-07-24,2026-07-28,True,True,5.0,2026-07-28T12:58:49+05:30
BEML,1713.5,V+N,3.18,above,1768.0,1713.5,1713.4,1713.5,1713.3,0.012,3.3,0.028,1,2026-07-24,2026-07-28,True,True,5.0,2026-07-28T12:58:49+05:30
ASIANPAINT,2638.6,V+N,3.12,above,2721.0,2638.6,2638.37,2638.6,2638.13,0.018,3.6,0.021,1,2026-07-24,2026-07-28,True,True,5.0,2026-07-28T12:58:49+05:30
TATAELXSI,3510.42,V+W,2.46,above,3596.9,3510.42,3482.83,3510.42,3455.25,1.584,97.0,0.033,1,2026-07-24,2026-07-28,True,False,5.0,2026-07-28T12:58:49+05:30
LALPATHLAB,1746.52,V+W,2.67,above,1793.2,1746.52,1733.83,1746.52,1721.15,1.463,97.8,0.044,1,2026-07-24,2026-07-28,True,False,5.0,2026-07-28T12:58:49+05:30
ONGC,240.09,V+W,-0.79,below,238.2,240.09,241.62,243.15,240.09,1.268,97.8,0.03,1,2026-07-27,2026-07-28,True,False,5.0,2026-07-28T12:58:49+05:30
RRKABEL,2468.43,V+W,3.84,above,2563.3,2468.43,2443.27,2468.43,2418.1,2.06,98.1,0.055,1,2026-07-24,2026-07-28,True,False,5.0,2026-07-28T12:58:49+05:30
BANKINDIA,138.9,V+W,-1.58,below,136.71,138.9,139.94,140.97,138.9,1.477,98.6,0.032,1,2026-07-27,2026-07-28,True,False,5.0,2026-07-28T12:58:49+05:30
KFINTECH,935.72,V+W,4.04,above,973.5,935.72,922.18,935.72,908.65,2.935,99.2,0.019,1,2026-07-27,2026-07-28,True,False,5.0,2026-07-28T12:58:49+05:30
CONCOR,504.54,V+W,3.87,above,524.05,504.54,498.58,504.54,492.62,2.39,99.7,0.033,1,2026-07-27,2026-07-28,True,False,5.0,2026-07-28T12:58:49+05:30
AFFLE,1445.05,V,12.87,above,1631.0,1445.05,1444.8,1445.05,1444.55,0.035,5.5,0.032,1,2026-07-24,2026-07-28,True,False,5.0,2026-07-28T12:58:49+05:30
SBICARD,618.65,V,7.09,above,662.5,618.65,618.55,618.65,618.45,0.032,5.5,0.029,1,2026-07-24,2026-07-28,True,False,5.0,2026-07-28T12:58:49+05:30
MAZDOCK,2293.18,V,0.14,above,2296.4,2293.18,2292.57,2293.18,2291.95,0.054,5.8,0.045,1,2026-07-24,2026-07-28,True,False,5.0,2026-07-28T12:58:49+05:30
SUNTV,487.1,V,0.92,above,491.6,487.1,487.03,487.1,486.97,0.027,5.8,0.024,1,2026-07-24,2026-07-28,True,False,5.0,2026-07-28T12:58:49+05:30
ASTRAL,1464.8,V,-0.35,below,1459.7,1464.8,1465.13,1465.47,1464.8,0.046,6.3,0.034,1,2026-07-27,2026-07-28,True,False,5.0,2026-07-28T12:58:49+05:30
DEEPAKFERT,1574.35,V,3.05,above,1622.4,1574.35,1573.97,1574.35,1573.58,0.049,6.3,0.044,1,2026-07-24,2026-07-28,True,False,5.0,2026-07-28T12:58:49+05:30
COLPAL,2085.53,V,2.25,above,2132.4,2085.53,2084.97,2085.53,2084.4,0.054,6.8,0.024,1,2026-07-24,2026-07-28,True,False,5.0,2026-07-28T12:58:49+05:30
CHOICEIN,797.0,V,0.28,above,799.25,797.0,796.85,797.0,796.7,0.038,7.4,0.026,1,2026-07-24,2026-07-28,True,False,5.0,2026-07-28T12:58:49+05:30
HYUNDAI,1952.15,V,2.58,above,2002.6,1952.15,1951.7,1952.15,1951.25,0.046,7.9,0.027,1,2026-07-24,2026-07-28,True,False,5.0,2026-07-28T12:58:49+05:30
ESCORTS,2904.02,V,3.85,above,3015.7,2904.02,2902.93,2904.02,2901.85,0.075,8.2,0.042,1,2026-07-24,2026-07-28,True,False,5.0,2026-07-28T12:58:49+05:30
PTCIL,17750.5,V,1.02,above,17932.0,17750.5,17744.33,17750.5,17738.17,0.07,8.5,0.031,1,2026-07-24,2026-07-28,True,False,5.0,2026-07-28T12:58:49+05:30
CGPOWER,876.35,V,-4.21,below,839.45,876.35,876.67,876.98,876.35,0.072,8.8,0.039,1,2026-07-27,2026-07-28,True,False,5.0,2026-07-28T12:58:49+05:30
TCS,2294.97,V,4.8,above,2405.1,2294.97,2294.33,2294.97,2293.7,0.055,9.3,0.029,1,2026-07-27,2026-07-28,True,False,5.0,2026-07-28T12:58:49+05:30
POWERGRID,288.55,V,-1.18,below,285.15,288.55,288.65,288.75,288.55,0.069,11.2,0.018,1,2026-07-27,2026-07-28,True,False,5.0,2026-07-28T12:58:49+05:30
CEATLTD,3333.65,V,1.61,above,3387.2,3333.65,3331.97,3333.65,3330.28,0.101,11.5,0.039,1,2026-07-24,2026-07-28,True,False,5.0,2026-07-28T12:58:49+05:30
MRF,130895.0,V,1.62,above,133010.0,130895.0,130848.33,130895.0,130801.67,0.071,11.5,0.037,1,2026-07-24,2026-07-28,True,False,5.0,2026-07-28T12:58:49+05:30
ABREL,1376.8,V,2.2,above,1407.1,1376.8,1375.93,1376.8,1375.07,0.126,12.6,0.029,1,2026-07-24,2026-07-28,True,False,5.0,2026-07-28T12:58:49+05:30
CRISIL,4335.12,V,2.6,above,4447.8,4335.12,4333.04,4335.12,4330.96,0.096,12.9,0.049,1,2026-07-24,2026-07-28,True,False,5.0,2026-07-28T12:58:49+05:30
REDINGTON,259.67,V,7.29,above,278.6,259.67,259.47,259.67,259.26,0.161,13.7,0.039,1,2026-07-24,2026-07-28,True,False,5.0,2026-07-28T12:58:49+05:30
SHREECEM,26730.83,V,0.95,above,26985.0,26730.83,26721.67,26730.83,26712.5,0.069,13.7,0.013,1,2026-07-24,2026-07-28,True,False,5.0,2026-07-28T12:58:49+05:30
COHANCE,418.0,V,1.85,above,425.75,418.0,417.7,418.0,417.4,0.144,14.2,0.022,1,2026-07-24,2026-07-28,True,False,5.0,2026-07-28T12:58:49+05:30
NEWGEN,505.33,V,4.1,above,526.05,505.33,504.95,505.33,504.57,0.149,14.8,0.031,1,2026-07-24,2026-07-28,True,False,5.0,2026-07-28T12:58:49+05:30
PHOENIXLTD,2009.42,V,0.92,above,2027.9,2009.42,2008.13,2009.42,2006.85,0.128,15.1,0.047,1,2026-07-24,2026-07-28,True,False,5.0,2026-07-28T12:58:49+05:30
NTPC,350.4,V,-1.91,below,343.7,350.4,350.53,350.67,350.4,0.076,15.6,0.016,1,2026-07-27,2026-07-28,True,False,5.0,2026-07-28T12:58:49+05:30
BAJAJFINSV,1879.7,V,2.78,above,1932.0,1879.7,1878.7,1879.7,1877.7,0.106,16.7,0.02,1,2026-07-24,2026-07-28,True,False,5.0,2026-07-28T12:58:49+05:30
CHALET,816.32,V,4.18,above,850.45,816.32,815.68,816.32,815.04,0.157,17.8,0.023,1,2026-07-24,2026-07-28,True,False,5.0,2026-07-28T12:58:49+05:30
SIGNATURE,770.0,V,3.01,above,793.15,770.0,769.45,770.0,768.9,0.143,17.8,0.032,1,2026-07-24,2026-07-28,True,False,5.0,2026-07-28T12:58:49+05:30
BEL,406.53,V,-3.03,below,394.2,406.53,406.73,406.94,406.53,0.102,19.5,0.026,1,2026-07-27,2026-07-28,True,False,5.0,2026-07-28T12:58:49+05:30
PIRAMALFIN,2079.45,V,-3.3,below,2010.8,2079.45,2081.43,2083.42,2079.45,0.191,19.6,0.054,1,2026-07-24,2026-07-28,True,False,5.0,2026-07-28T12:58:49+05:30
BAJAJHLDNG,10670.17,V,1.24,above,10803.0,10670.17,10661.33,10670.17,10652.5,0.166,20.3,0.025,1,2026-07-24,2026-07-28,True,False,5.0,2026-07-28T12:58:49+05:30
GRAPHITE,670.7,V,-3.24,below,649.0,670.7,671.38,672.07,670.7,0.204,20.3,0.024,1,2026-07-24,2026-07-28,True,False,5.0,2026-07-28T12:58:49+05:30
FSL,254.3,V,5.1,above,267.28,254.3,254.06,254.3,253.82,0.189,20.8,0.033,1,2026-07-24,2026-07-28,True,False,5.0,2026-07-28T12:58:49+05:30
JSWENERGY,550.3,V,-1.35,below,542.85,550.3,550.75,551.2,550.3,0.163,21.1,0.025,1,2026-07-24,2026-07-28,True,False,5.0,2026-07-28T12:58:49+05:30
ANANTRAJ,585.64,V,4.46,above,611.75,585.64,584.73,585.64,583.83,0.311,23.6,0.086,1,2026-07-24,2026-07-28,True,False,5.0,2026-07-28T12:58:49+05:30
MAXHEALTH,1079.38,V,2.38,above,1105.1,1079.38,1078.37,1079.38,1077.35,0.189,23.6,0.037,1,2026-07-24,2026-07-28,True,False,5.0,2026-07-28T12:58:49+05:30
BIKAJI,632.1,V,0.64,above,636.15,632.1,631.63,632.1,631.17,0.148,23.8,0.02,1,2026-07-24,2026-07-28,True,False,5.0,2026-07-28T12:58:49+05:30
COALINDIA,427.79,V,-3.77,below,411.65,427.79,428.08,428.38,427.79,0.136,24.4,0.022,1,2026-07-27,2026-07-28,True,False,5.0,2026-07-28T12:58:49+05:30
GRASIM,3087.33,V,0.66,above,3107.8,3087.33,3085.27,3087.33,3083.2,0.134,24.4,0.017,1,2026-07-24,2026-07-28,True,False,5.0,2026-07-28T12:58:49+05:30
MOTILALOFS,870.43,V,-1.24,below,859.6,870.43,871.57,872.7,870.43,0.26,25.8,0.045,1,2026-07-27,2026-07-28,True,False,5.0,2026-07-28T12:58:49+05:30
ICICIPRULI,500.13,V,2.01,above,510.2,500.13,499.72,500.13,499.3,0.167,26.0,0.023,1,2026-07-24,2026-07-28,True,False,5.0,2026-07-28T12:58:49+05:30
LEMONTREE,109.25,V,1.69,above,111.09,109.25,109.14,109.25,109.03,0.205,26.3,0.029,1,2026-07-24,2026-07-28,True,False,5.0,2026-07-28T12:58:49+05:30
PWL,128.27,V,-2.74,below,124.75,128.27,128.49,128.71,128.27,0.34,26.7,0.07,1,2026-07-24,2026-07-28,True,False,5.0,2026-07-28T12:58:49+05:30
PREMIERENE,1018.13,V,0.55,above,1023.7,1018.13,1016.97,1018.13,1015.8,0.229,27.4,0.029,1,2026-07-24,2026-07-28,True,False,5.0,2026-07-28T12:58:49+05:30
PRESTIGE,1598.95,V,3.47,above,1654.5,1598.95,1596.9,1598.95,1594.85,0.257,27.7,0.055,1,2026-07-24,2026-07-28,True,False,5.0,2026-07-28T12:58:49+05:30
BOSCHLTD,41786.67,V,-1.3,below,41245.0,41786.67,41818.33,41850.0,41786.67,0.151,28.2,0.031,1,2026-07-24,2026-07-28,True,False,5.0,2026-07-28T12:58:49+05:30
MGL,1075.9,V,0.64,above,1082.8,1075.9,1074.8,1075.9,1073.7,0.205,28.8,0.039,1,2026-07-24,2026-07-28,True,False,5.0,2026-07-28T12:58:49+05:30
RADICO,4087.02,V,0.28,above,4098.6,4087.02,4082.73,4087.02,4078.45,0.21,29.3,0.021,1,2026-07-24,2026-07-28,True,False,5.0,2026-07-28T12:58:49+05:30
BHEL,416.52,V,-2.97,below,404.15,416.52,417.08,417.65,416.52,0.272,29.6,0.052,1,2026-07-27,2026-07-28,True,False,5.0,2026-07-28T12:58:49+05:30
FIRSTCRY,207.95,V,3.53,above,215.3,207.95,207.6,207.95,207.26,0.336,29.6,0.073,1,2026-07-24,2026-07-28,True,False,5.0,2026-07-28T12:58:49+05:30
LUPIN,2368.4,V,1.18,above,2396.4,2368.4,2366.3,2368.4,2364.2,0.177,31.5,0.028,1,2026-07-24,2026-07-28,True,False,5.0,2026-07-28T12:58:49+05:30
PNBHOUSING,1061.5,V,1.03,above,1072.4,1061.5,1060.33,1061.5,1059.17,0.22,31.8,0.027,1,2026-07-24,2026-07-28,True,False,5.0,2026-07-28T12:58:49+05:30
RAILTEL,284.32,V,1.89,above,289.7,284.32,283.88,284.32,283.45,0.305,31.8,0.049,1,2026-07-24,2026-07-28,True,False,5.0,2026-07-28T12:58:49+05:30
JSWCEMENT,131.94,V,1.9,above,134.45,131.94,131.76,131.94,131.58,0.273,31.9,0.04,1,2026-07-24,2026-07-28,True,False,5.0,2026-07-28T12:58:49+05:30
NEULANDLAB,18513.67,V,1.85,above,18857.0,18513.67,18481.33,18513.67,18449.0,0.35,32.1,0.03,1,2026-07-24,2026-07-28,True,False,5.0,2026-07-28T12:58:49+05:30
PERSISTENT,5288.25,V,3.41,above,5468.5,5288.25,5281.57,5288.25,5274.88,0.253,32.3,0.018,1,2026-07-27,2026-07-28,True,False,5.0,2026-07-28T12:58:49+05:30
CANBK,127.42,V,-2.12,below,124.72,127.42,127.58,127.74,127.42,0.251,32.9,0.023,1,2026-07-27,2026-07-28,True,False,5.0,2026-07-28T12:58:49+05:30
CASTROLIND,184.92,V,-0.51,below,183.97,184.92,185.05,185.18,184.92,0.139,33.2,0.014,1,2026-07-24,2026-07-28,True,False,5.0,2026-07-28T12:58:49+05:30
TBOTEK,1426.73,V,5.42,above,1504.1,1426.73,1424.47,1426.73,1422.2,0.318,33.2,0.034,1,2026-07-24,2026-07-28,True,False,5.0,2026-07-28T12:58:49+05:30
CHOLAHLDNG,1514.47,V,0.66,above,1524.4,1514.47,1512.23,1514.47,1510.0,0.295,33.7,0.026,1,2026-07-24,2026-07-28,True,False,5.0,2026-07-28T12:58:49+05:30
MUTHOOTFIN,3030.03,V,-0.31,below,3020.5,3030.03,3034.17,3038.3,3030.03,0.272,34.2,0.04,1,2026-07-27,2026-07-28,True,False,5.0,2026-07-28T12:58:49+05:30
USHAMART,501.37,V,0.94,above,506.1,501.37,500.63,501.37,499.9,0.293,34.2,0.04,1,2026-07-27,2026-07-28,True,False,5.0,2026-07-28T12:58:49+05:30
MPHASIS,2342.45,V,3.56,above,2425.9,2342.45,2339.2,2342.45,2335.95,0.278,35.3,0.024,1,2026-07-27,2026-07-28,True,False,5.0,2026-07-28T12:58:49+05:30
CENTRALBK,31.3,V,-0.94,below,31.0,31.3,31.34,31.39,31.3,0.287,36.2,0.042,1,2026-07-27,2026-07-28,True,False,5.0,2026-07-28T12:58:49+05:30
ANTHEM,773.38,V,1.07,above,781.65,773.38,772.22,773.38,771.06,0.3,36.8,0.042,1,2026-07-24,2026-07-28,True,False,5.0,2026-07-28T12:58:49+05:30
JKCEMENT,5640.83,V,1.39,above,5719.5,5640.83,5632.67,5640.83,5624.5,0.29,37.0,0.033,1,2026-07-24,2026-07-28,True,False,5.0,2026-07-28T12:58:49+05:30
PGEL,571.18,V,1.02,above,577.0,571.18,569.92,571.18,568.65,0.445,37.0,0.05,1,2026-07-24,2026-07-28,True,False,5.0,2026-07-28T12:58:49+05:30
DATAPATTNS,4590.27,V,-5.34,below,4345.0,4590.27,4601.63,4613.0,4590.27,0.494,37.5,0.075,1,2026-07-27,2026-07-28,True,False,5.0,2026-07-28T12:58:49+05:30
RBLBANK,352.34,V,2.81,above,362.25,352.34,351.78,352.34,351.23,0.317,37.5,0.032,1,2026-07-24,2026-07-28,True,False,5.0,2026-07-28T12:58:49+05:30
TATAINVEST,629.85,V,3.79,above,653.7,629.85,628.95,629.85,628.05,0.286,37.5,0.025,1,2026-07-24,2026-07-28,True,False,5.0,2026-07-28T12:58:49+05:30
INDGN,491.95,V,3.6,above,509.65,491.95,491.25,491.95,490.55,0.285,37.8,0.022,1,2026-07-24,2026-07-28,True,False,5.0,2026-07-28T12:58:49+05:30
JINDALSAW,255.83,V,-1.18,below,252.8,255.83,256.3,256.78,255.83,0.371,38.1,0.043,1,2026-07-24,2026-07-28,True,False,5.0,2026-07-28T12:58:49+05:30
SJVN,67.48,V,0.55,above,67.85,67.48,67.38,67.48,67.27,0.302,39.5,0.027,1,2026-07-24,2026-07-28,True,False,5.0,2026-07-28T12:58:49+05:30
BPCL,309.65,V,3.41,above,320.2,309.65,309.15,309.65,308.65,0.323,40.5,0.021,1,2026-07-24,2026-07-28,True,False,5.0,2026-07-28T12:58:49+05:30
RAINBOW,1455.75,V,1.14,above,1472.3,1455.75,1453.7,1455.75,1451.65,0.282,40.5,0.031,1,2026-07-24,2026-07-28,True,False,5.0,2026-07-28T12:58:49+05:30
BALKRISIND,2011.02,V,1.86,above,2048.4,2011.02,2008.53,2011.02,2006.05,0.247,40.8,0.026,1,2026-07-24,2026-07-28,True,False,5.0,2026-07-28T12:58:49+05:30
BBTC,1456.03,V,2.64,above,1494.4,1456.03,1453.87,1456.03,1451.7,0.298,41.1,0.032,1,2026-07-24,2026-07-28,True,False,5.0,2026-07-28T12:58:49+05:30
JSWSTEEL,1239.38,V,0.79,above,1249.2,1239.38,1237.97,1239.38,1236.55,0.229,41.4,0.024,1,2026-07-24,2026-07-28,True,False,5.0,2026-07-28T12:58:49+05:30
KEI,4881.17,V,-0.5,below,4857.0,4881.17,4889.33,4897.5,4881.17,0.334,41.9,0.029,1,2026-07-27,2026-07-28,True,False,5.0,2026-07-28T12:58:49+05:30
SUNPHARMA,1947.3,V,1.95,above,1985.2,1947.3,1945.23,1947.3,1943.17,0.212,41.9,0.02,1,2026-07-24,2026-07-28,True,False,5.0,2026-07-28T12:58:49+05:30
VIJAYA,1311.48,V,3.01,above,1351.0,1311.48,1309.07,1311.48,1306.65,0.369,41.9,0.037,1,2026-07-24,2026-07-28,True,False,5.0,2026-07-28T12:58:49+05:30
GILLETTE,7816.5,V,0.45,above,7851.5,7816.5,7804.5,7816.5,7792.5,0.308,42.2,0.036,1,2026-07-24,2026-07-28,True,False,5.0,2026-07-28T12:58:49+05:30
ABFRL,56.14,V,1.71,above,57.1,56.14,56.03,56.14,55.92,0.387,42.5,0.024,1,2026-07-24,2026-07-28,True,False,5.0,2026-07-28T12:58:49+05:30
M&M,3176.05,V,3.18,above,3277.0,3176.05,3171.17,3176.05,3166.28,0.308,42.5,0.026,1,2026-07-24,2026-07-28,True,False,5.0,2026-07-28T12:58:49+05:30
EMMVEE,334.58,V,-1.76,below,328.7,334.58,335.57,336.55,334.58,0.586,42.8,0.043,1,2026-07-27,2026-07-28,True,False,5.0,2026-07-28T12:58:49+05:30
ENDURANCE,2628.77,V,3.45,above,2719.4,2628.77,2623.53,2628.77,2618.3,0.399,43.3,0.046,1,2026-07-24,2026-07-28,True,False,5.0,2026-07-28T12:58:49+05:30
TARIL,294.12,V,1.25,above,297.8,294.12,293.23,294.12,292.35,0.602,45.2,0.054,1,2026-07-24,2026-07-28,True,False,5.0,2026-07-28T12:58:49+05:30
NAUKRI,1163.25,V,6.29,above,1236.45,1163.25,1161.0,1163.25,1158.75,0.388,45.5,0.023,1,2026-07-24,2026-07-28,True,False,5.0,2026-07-28T12:58:49+05:30
RITES,213.29,V,1.31,above,216.09,213.29,212.88,213.29,212.48,0.384,46.6,0.025,1,2026-07-24,2026-07-28,True,False,5.0,2026-07-28T12:58:49+05:30
ZENSARTECH,514.22,V,2.81,above,528.65,514.22,513.03,514.22,511.85,0.461,47.4,0.035,1,2026-07-27,2026-07-28,True,False,5.0,2026-07-28T12:58:49+05:30
ASTERDM,784.08,V,2.71,above,805.3,784.08,782.52,784.08,780.95,0.4,48.8,0.03,1,2026-07-24,2026-07-28,True,False,5.0,2026-07-28T12:58:49+05:30
HCLTECH,1293.98,V,2.57,above,1327.3,1293.98,1292.07,1293.98,1290.15,0.297,49.6,0.022,1,2026-07-27,2026-07-28,True,False,5.0,2026-07-28T12:58:49+05:30
NSLNISP,41.33,V,1.51,above,41.95,41.33,41.24,41.33,41.16,0.412,49.6,0.038,1,2026-07-24,2026-07-28,True,False,5.0,2026-07-28T12:58:49+05:30
PFIZER,4616.18,V,2.14,above,4715.0,4616.18,4608.77,4616.18,4601.35,0.322,49.9,0.023,1,2026-07-24,2026-07-28,True,False,5.0,2026-07-28T12:58:49+05:30
GAIL,169.76,V,3.08,above,174.98,169.76,169.49,169.76,169.22,0.313,50.1,0.015,1,2026-07-24,2026-07-28,True,False,5.0,2026-07-28T12:58:49+05:30
GMRAIRPORT,106.9,V,0.65,above,107.6,106.9,106.69,106.9,106.47,0.406,52.1,0.02,1,2026-07-24,2026-07-28,True,False,5.0,2026-07-28T12:58:49+05:30
JYOTICNC,792.87,V,2.43,above,812.15,792.87,790.68,792.87,788.5,0.552,52.1,0.025,1,2026-07-24,2026-07-28,True,False,5.0,2026-07-28T12:58:49+05:30
AFCONS,284.83,V,-1.42,below,280.8,284.83,285.42,286.0,284.83,0.409,52.3,0.024,1,2026-07-27,2026-07-28,True,False,5.0,2026-07-28T12:58:49+05:30
IKS,1772.75,V,3.13,above,1828.3,1772.75,1768.43,1772.75,1764.12,0.488,52.3,0.02,1,2026-07-24,2026-07-28,True,False,5.0,2026-07-28T12:58:49+05:30
LTM,4182.2,V,3.35,above,4322.1,4182.2,4173.6,4182.2,4165.0,0.412,53.2,0.033,1,2026-07-27,2026-07-28,True,False,5.0,2026-07-28T12:58:49+05:30
WHIRLPOOL,769.53,V,1.71,above,782.65,769.53,767.6,769.53,765.67,0.502,54.5,0.045,1,2026-07-24,2026-07-28,True,False,5.0,2026-07-28T12:58:49+05:30
RVNL,224.49,V,-1.15,below,221.92,224.49,225.04,225.58,224.49,0.483,54.8,0.034,1,2026-07-27,2026-07-28,True,False,5.0,2026-07-28T12:58:49+05:30
POLICYBZR,1532.92,V,2.93,above,1577.8,1532.92,1528.63,1532.92,1524.35,0.56,55.3,0.039,1,2026-07-24,2026-07-28,True,False,5.0,2026-07-28T12:58:49+05:30
SARDAEN,500.82,V,4.11,above,521.4,500.82,499.4,500.82,497.97,0.571,55.3,0.028,1,2026-07-24,2026-07-28,True,False,5.0,2026-07-28T12:58:49+05:30
LTTS,3409.65,V,5.14,above,3584.8,3409.65,3401.2,3409.65,3392.75,0.497,56.2,0.042,1,2026-07-24,2026-07-28,True,False,5.0,2026-07-28T12:58:49+05:30
NATIONALUM,340.3,V,-1.09,below,336.6,340.3,341.25,342.2,340.3,0.557,56.7,0.041,1,2026-07-27,2026-07-28,True,False,5.0,2026-07-28T12:58:49+05:30
UBL,1405.5,V,2.06,above,1434.5,1405.5,1403.2,1405.5,1400.9,0.328,57.0,0.028,1,2026-07-24,2026-07-28,True,False,5.0,2026-07-28T12:58:49+05:30
CARTRADE,2688.6,V,13.7,above,3057.0,2688.6,2677.87,2688.6,2667.13,0.802,57.8,0.043,1,2026-07-24,2026-07-28,True,False,5.0,2026-07-28T12:58:49+05:30
APOLLOTYRE,418.71,V,1.24,above,423.9,418.71,417.77,418.71,416.82,0.451,58.6,0.038,1,2026-07-24,2026-07-28,True,False,5.0,2026-07-28T12:58:49+05:30
BERGEPAINT,496.77,V,1.09,above,502.2,496.77,495.58,496.77,494.4,0.478,58.9,0.013,1,2026-07-24,2026-07-28,True,False,5.0,2026-07-28T12:58:49+05:30
JUBLFOOD,426.44,V,1.3,above,432.0,426.44,425.43,426.44,424.43,0.474,58.9,0.018,1,2026-07-27,2026-07-28,True,False,5.0,2026-07-28T12:58:49+05:30
TECHM,1585.3,V,2.69,above,1628.0,1585.3,1581.87,1585.3,1578.43,0.434,60.0,0.038,1,2026-07-27,2026-07-28,True,False,5.0,2026-07-28T12:58:49+05:30
VTL,612.74,V,0.77,above,617.45,612.74,610.88,612.74,609.02,0.608,62.5,0.032,1,2026-07-24,2026-07-28,True,False,5.0,2026-07-28T12:58:49+05:30
CIPLA,1417.45,V,1.42,above,1437.6,1417.45,1415.17,1417.45,1412.88,0.323,62.7,0.022,1,2026-07-24,2026-07-28,True,False,5.0,2026-07-28T12:58:49+05:30
INDIACEM,403.58,V,-3.33,below,390.15,403.58,404.72,405.86,403.58,0.564,63.0,0.03,1,2026-07-24,2026-07-28,True,False,5.0,2026-07-28T12:58:49+05:30
UNOMINDA,1123.57,V,4.03,above,1168.9,1123.57,1120.13,1123.57,1116.7,0.613,63.0,0.05,1,2026-07-24,2026-07-28,True,False,5.0,2026-07-28T12:58:49+05:30
COFORGE,1523.53,V,9.76,above,1672.3,1523.53,1518.67,1523.53,1513.8,0.641,64.1,0.028,1,2026-07-27,2026-07-28,True,False,5.0,2026-07-28T12:58:49+05:30
NCC,136.7,V,3.26,above,141.16,136.7,136.31,136.7,135.92,0.572,64.7,0.027,1,2026-07-24,2026-07-28,True,False,5.0,2026-07-28T12:58:49+05:30
GODFRYPHLP,2184.7,V,-7.49,below,2021.1,2184.7,2193.3,2201.9,2184.7,0.784,64.9,0.041,1,2026-07-27,2026-07-28,True,False,5.0,2026-07-28T12:58:49+05:30
IOB,33.79,V,0.35,above,33.91,33.79,33.7,33.79,33.61,0.524,64.9,0.034,1,2026-07-24,2026-07-28,True,False,5.0,2026-07-28T12:58:49+05:30
JMFINANCIL,121.6,V,0.87,above,122.66,121.6,121.15,121.6,120.7,0.74,64.9,0.045,1,2026-07-24,2026-07-28,True,False,5.0,2026-07-28T12:58:49+05:30
NYKAA,321.97,V,2.6,above,330.35,321.97,321.13,321.97,320.3,0.519,65.5,0.025,1,2026-07-24,2026-07-28,True,False,5.0,2026-07-28T12:58:49+05:30
OFSS,10739.5,V,5.35,above,11314.0,10739.5,10710.33,10739.5,10681.17,0.545,65.8,0.024,1,2026-07-24,2026-07-28,True,False,5.0,2026-07-28T12:58:49+05:30
ACC,1338.38,V,1.2,above,1354.4,1338.38,1335.87,1338.38,1333.35,0.377,66.3,0.033,1,2026-07-24,2026-07-28,True,False,5.0,2026-07-28T12:58:49+05:30
HDFCBANK,740.71,V,-0.3,below,738.45,740.71,741.87,743.02,740.71,0.312,66.3,0.019,1,2026-07-27,2026-07-28,True,False,5.0,2026-07-28T12:58:49+05:30
IRB,19.67,V,-1.13,below,19.45,19.67,19.72,19.78,19.67,0.524,66.3,0.038,1,2026-07-27,2026-07-28,True,False,5.0,2026-07-28T12:58:49+05:30
DLF,635.36,V,4.08,above,661.3,635.36,633.53,635.36,631.69,0.579,66.8,0.037,1,2026-07-24,2026-07-28,True,False,5.0,2026-07-28T12:58:49+05:30
FIVESTAR,533.22,V,5.02,above,560.0,533.22,531.23,533.22,529.25,0.747,67.9,0.036,1,2026-07-24,2026-07-28,True,False,5.0,2026-07-28T12:58:49+05:30
BSOFT,292.46,V,3.74,above,303.4,292.46,291.47,292.46,290.47,0.68,68.2,0.036,1,2026-07-27,2026-07-28,True,False,5.0,2026-07-28T12:58:49+05:30
GLAXO,2506.33,V,3.54,above,2595.0,2506.33,2498.37,2506.33,2490.4,0.638,69.0,0.026,1,2026-07-24,2026-07-28,True,False,5.0,2026-07-28T12:58:49+05:30
GESHIP,1403.45,V,-1.54,below,1381.8,1403.45,1408.3,1413.15,1403.45,0.689,69.9,0.043,1,2026-07-27,2026-07-28,True,False,5.0,2026-07-28T12:58:49+05:30
NAM-INDIA,1108.07,V,3.34,above,1145.1,1108.07,1103.63,1108.07,1099.2,0.803,69.9,0.035,1,2026-07-24,2026-07-28,True,False,5.0,2026-07-28T12:58:49+05:30
POLYMED,1657.18,V,0.38,above,1663.4,1657.18,1650.37,1657.18,1643.55,0.826,70.4,0.053,1,2026-07-24,2026-07-28,True,False,5.0,2026-07-28T12:58:49+05:30
NBCC,93.46,V,1.47,above,94.84,93.46,93.09,93.46,92.71,0.809,71.0,0.042,1,2026-07-24,2026-07-28,True,False,5.0,2026-07-28T12:58:49+05:30
JUBLINGREA,734.02,V,0.65,above,738.8,734.02,731.2,734.02,728.37,0.773,72.1,0.036,1,2026-07-24,2026-07-28,True,False,5.0,2026-07-28T12:58:49+05:30
KEC,466.41,V,-0.71,below,463.1,466.41,468.22,470.02,466.41,0.772,72.1,0.023,1,2026-07-27,2026-07-28,True,False,5.0,2026-07-28T12:58:49+05:30
MARICO,853.65,V,1.49,above,866.4,853.65,851.7,853.65,849.75,0.458,72.1,0.018,1,2026-07-24,2026-07-28,True,False,5.0,2026-07-28T12:58:49+05:30
SBFC,91.25,V,-1.21,below,90.14,91.25,91.56,91.87,91.25,0.681,72.3,0.032,1,2026-07-24,2026-07-28,True,False,5.0,2026-07-28T12:58:49+05:30
BLS,232.65,V,2.11,above,237.55,232.65,231.7,232.65,230.75,0.82,72.9,0.032,1,2026-07-24,2026-07-28,True,False,5.0,2026-07-28T12:58:49+05:30
THELEELA,472.99,V,0.97,above,477.6,472.99,471.28,472.99,469.57,0.725,73.5,0.033,1,2026-07-24,2026-07-28,True,False,5.0,2026-07-28T12:58:49+05:30
HINDZINC,531.37,V,-1.12,below,525.4,531.37,533.08,534.8,531.37,0.644,73.7,0.038,1,2026-07-27,2026-07-28,True,False,5.0,2026-07-28T12:58:49+05:30
PIDILITIND,1567.62,V,3.01,above,1614.8,1567.62,1564.33,1567.62,1561.05,0.42,73.7,0.025,1,2026-07-24,2026-07-28,True,False,5.0,2026-07-28T12:58:49+05:30
EIHOTEL,325.26,V,1.01,above,328.55,325.26,324.12,325.26,322.98,0.704,76.4,0.031,1,2026-07-24,2026-07-28,True,False,5.0,2026-07-28T12:58:49+05:30
INDHOTEL,725.28,V,1.65,above,737.25,725.28,723.1,725.28,720.92,0.602,76.4,0.019,1,2026-07-24,2026-07-28,True,False,5.0,2026-07-28T12:58:49+05:30
GVT&D,4179.87,V,-2.8,below,4063.0,4179.87,4202.33,4224.8,4179.87,1.069,77.3,0.025,1,2026-07-24,2026-07-28,True,False,5.0,2026-07-28T12:58:49+05:30
WIPRO,178.08,V,1.75,above,181.2,178.08,177.64,178.08,177.19,0.501,77.3,0.013,1,2026-07-27,2026-07-28,True,False,5.0,2026-07-28T12:58:49+05:30
ANURAS,1237.25,V,-1.94,below,1213.2,1237.25,1241.37,1245.48,1237.25,0.663,78.1,0.024,1,2026-07-24,2026-07-28,True,False,5.0,2026-07-28T12:58:49+05:30
JKTYRE,388.88,V,3.21,above,401.35,388.88,387.17,388.88,385.45,0.887,78.6,0.045,1,2026-07-24,2026-07-28,True,False,5.0,2026-07-28T12:58:49+05:30
MARUTI,13410.0,V,3.23,above,13843.0,13410.0,13378.0,13410.0,13346.0,0.478,78.9,0.017,1,2026-07-24,2026-07-28,True,False,5.0,2026-07-28T12:58:49+05:30
UTIAMC,891.48,V,0.18,above,893.05,891.48,888.12,891.48,884.76,0.756,79.5,0.043,1,2026-07-24,2026-07-28,True,False,5.0,2026-07-28T12:58:49+05:30
HFCL,193.69,V,-5.56,below,182.92,193.69,194.85,196.0,193.69,1.184,80.0,0.028,1,2026-07-27,2026-07-28,True,False,5.0,2026-07-28T12:58:49+05:30
CAMS,782.03,V,0.3,above,784.4,782.03,779.02,782.03,776.0,0.774,80.3,0.049,1,2026-07-27,2026-07-28,True,False,5.0,2026-07-28T12:58:49+05:30
HEXT,548.97,V,8.7,above,596.75,548.97,546.08,548.97,543.2,1.056,81.3,0.047,1,2026-07-24,2026-07-28,True,False,5.0,2026-07-28T12:58:49+05:30
INDIGO,5209.58,V,0.87,above,5255.0,5209.58,5189.17,5209.58,5168.75,0.787,82.7,0.023,1,2026-07-27,2026-07-28,True,False,5.0,2026-07-28T12:58:49+05:30
HDBFS,688.18,V,-0.48,below,684.85,688.18,690.07,691.95,688.18,0.546,82.8,0.021,1,2026-07-27,2026-07-28,True,False,5.0,2026-07-28T12:58:49+05:30
GALLANTT,531.5,V,8.11,above,574.6,531.5,528.07,531.5,524.63,1.3,83.0,0.073,1,2026-07-24,2026-07-28,True,False,5.0,2026-07-28T12:58:49+05:30
LLOYDSME,1931.18,V,3.05,above,1990.1,1931.18,1921.87,1931.18,1912.55,0.97,83.0,0.043,1,2026-07-24,2026-07-28,True,False,5.0,2026-07-28T12:58:49+05:30
BRIGADE,540.91,V,3.71,above,561.0,540.91,538.37,540.91,535.83,0.944,83.3,0.018,1,2026-07-27,2026-07-28,True,False,5.0,2026-07-28T12:58:49+05:30
INFY,1076.03,V,3.18,above,1110.3,1076.03,1072.87,1076.03,1069.7,0.59,84.9,0.029,1,2026-07-27,2026-07-28,True,False,5.0,2026-07-28T12:58:49+05:30
LODHA,1191.98,V,7.45,above,1280.75,1191.98,1185.27,1191.98,1178.55,1.133,86.0,0.031,1,2026-07-27,2026-07-28,True,False,5.0,2026-07-28T12:58:49+05:30
NIVABUPA,86.25,V,0.3,above,86.51,86.25,85.87,86.25,85.48,0.901,87.4,0.019,1,2026-07-24,2026-07-28,True,False,5.0,2026-07-28T12:58:49+05:30
360ONE,1096.53,V,3.21,above,1131.7,1096.53,1090.77,1096.53,1085.0,1.057,88.5,0.034,1,2026-07-24,2026-07-28,True,False,5.0,2026-07-28T12:58:49+05:30
NTPCGREEN,94.13,V,-2.21,below,92.05,94.13,94.57,95.01,94.13,0.927,89.0,0.018,1,2026-07-27,2026-07-28,True,False,5.0,2026-07-28T12:58:49+05:30
SHRIRAMFIN,1021.95,V,2.28,above,1045.2,1021.95,1016.33,1021.95,1010.72,1.105,89.6,0.038,1,2026-07-24,2026-07-28,True,False,5.0,2026-07-28T12:58:49+05:30
OIL,452.16,V,-2.64,below,440.2,452.16,454.57,456.98,452.16,1.06,90.4,0.025,1,2026-07-24,2026-07-28,True,False,5.0,2026-07-28T12:58:49+05:30
NUVAMA,1929.52,V,-5.06,below,1831.8,1929.52,1942.43,1955.35,1929.52,1.33,91.2,0.025,1,2026-07-27,2026-07-28,True,False,5.0,2026-07-28T12:58:49+05:30
BATAINDIA,686.88,V,1.65,above,698.2,686.88,683.8,686.88,680.73,0.899,91.8,0.022,1,2026-07-24,2026-07-28,True,False,5.0,2026-07-28T12:58:49+05:30
CEMPRO,1380.92,V,-5.82,below,1300.6,1380.92,1392.83,1404.75,1380.92,1.711,94.0,0.04,1,2026-07-27,2026-07-28,True,False,5.0,2026-07-28T12:58:49+05:30
SAREGAMA,492.45,V,5.29,above,518.5,492.45,488.4,492.45,484.35,1.658,95.1,0.038,1,2026-07-24,2026-07-28,True,False,5.0,2026-07-28T12:58:49+05:30
BLUEDART,5084.82,V,0.59,above,5114.7,5084.82,5055.43,5084.82,5026.05,1.162,95.9,0.017,1,2026-07-27,2026-07-28,True,False,5.0,2026-07-28T12:58:49+05:30
MINDACORP,672.46,V,2.48,above,689.15,672.46,668.47,672.46,664.48,1.194,95.9,0.038,1,2026-07-24,2026-07-28,True,False,5.0,2026-07-28T12:58:49+05:30
NH,2040.85,V,1.95,above,2080.6,2040.85,2027.7,2040.85,2014.55,1.297,96.2,0.036,1,2026-07-27,2026-07-28,True,False,5.0,2026-07-28T12:58:49+05:30
SUPREMEIND,3362.97,V,-0.78,below,3336.8,3362.97,3387.73,3412.5,3362.97,1.462,96.2,0.041,1,2026-07-27,2026-07-28,True,False,5.0,2026-07-28T12:58:49+05:30
MRPL,164.14,V,-1.98,below,160.9,164.14,166.0,167.86,164.14,2.235,96.4,0.056,1,2026-07-27,2026-07-28,True,False,5.0,2026-07-28T12:58:49+05:30
ETERNAL,293.64,V,4.06,above,305.55,293.64,291.43,293.64,289.23,1.515,96.7,0.028,1,2026-07-27,2026-07-28,True,False,5.0,2026-07-28T12:58:49+05:30
ICICIGI,1653.07,V,2.62,above,1696.4,1653.07,1644.33,1653.07,1635.6,1.062,96.7,0.024,1,2026-07-24,2026-07-28,True,False,5.0,2026-07-28T12:58:49+05:30
LAURUSLABS,1700.87,V,3.03,above,1752.4,1700.87,1688.33,1700.87,1675.8,1.485,96.7,0.017,1,2026-07-27,2026-07-28,True,False,5.0,2026-07-28T12:58:49+05:30
DEEPAKNTR,1678.9,NARROW,-0.96,below,1662.8,1678.9,1678.9,1678.9,1678.9,0.0,0.0,0.029,0,2026-07-27,2026-07-28,False,True,5.0,2026-07-28T12:58:49+05:30
ATHERENERG,1215.0,NARROW,-0.95,below,1203.4,1215.0,1215.1,1215.2,1215.0,0.016,2.3,0.053,0,2026-07-27,2026-07-28,False,True,5.0,2026-07-28T12:58:49+05:30
LINDEINDIA,6731.5,NARROW,-0.33,below,6709.5,6731.5,6732.0,6732.5,6731.5,0.015,2.7,0.025,0,2026-07-24,2026-07-28,False,True,5.0,2026-07-28T12:58:49+05:30
ABB,7328.17,NARROW,-1.05,below,7251.0,7328.17,7328.83,7329.5,7328.17,0.018,4.1,0.023,0,2026-07-27,2026-07-28,False,True,5.0,2026-07-28T12:58:49+05:30
HOMEFIRST,1174.2,NARROW,-0.12,below,1172.8,1174.2,1174.4,1174.6,1174.2,0.034,4.4,0.042,0,2026-07-24,2026-07-28,False,True,5.0,2026-07-28T12:58:49+05:30
SPLPETRO,760.48,NARROW,-1.02,below,752.75,760.48,760.62,760.76,760.48,0.037,4.7,0.039,0,2026-07-27,2026-07-28,False,True,5.0,2026-07-28T12:58:49+05:30
ABDL,614.95,WIDE,0.33,above,617.0,614.95,609.15,614.95,603.35,1.904,97.3,0.075,0,2026-07-24,2026-07-28,False,False,5.0,2026-07-28T12:58:49+05:30
IDFCFIRSTB,86.11,WIDE,-0.1,inside,86.03,86.11,86.11,86.73,85.5,1.432,97.5,0.033,0,2026-07-27,2026-07-28,False,False,5.0,2026-07-28T12:58:49+05:30
PPLPHARMA,190.27,WIDE,2.06,above,194.19,190.27,188.48,190.27,186.69,1.894,97.5,0.044,0,2026-07-27,2026-07-28,False,False,5.0,2026-07-28T12:58:49+05:30
AUROPHARMA,1549.73,TOUCHED,-0.4,below,1543.6,1549.73,1550.07,1550.4,1549.73,0.043,5.8,0.038,0,2026-07-27,2026-07-28,False,False,5.0,2026-07-28T12:58:49+05:30
TENNIND,540.3,TOUCHED,-1.91,below,530.0,540.3,540.35,540.4,540.3,0.019,5.8,0.014,0,2026-07-27,2026-07-28,False,False,5.0,2026-07-28T12:58:49+05:30
ULTRACEMCO,11879.33,TOUCHED,1.29,above,12032.0,11879.33,11877.67,11879.33,11876.0,0.028,5.8,0.023,0,2026-07-27,2026-07-28,False,False,5.0,2026-07-28T12:58:49+05:30
BSE,3537.6,TOUCHED,-1.51,below,3484.3,3537.6,3538.4,3539.2,3537.6,0.045,6.3,0.022,0,2026-07-27,2026-07-28,False,False,5.0,2026-07-28T12:58:49+05:30
CARBORUNIV,1072.55,TOUCHED,-0.94,below,1062.5,1072.55,1072.73,1072.92,1072.55,0.034,6.3,0.029,0,2026-07-27,2026-07-28,False,False,5.0,2026-07-28T12:58:49+05:30
FACT,819.27,TOUCHED,0.88,above,826.5,819.27,819.0,819.27,818.73,0.067,6.3,0.059,0,2026-07-27,2026-07-28,False,False,5.0,2026-07-28T12:58:49+05:30
SOLARINDS,18476.0,TOUCHED,-1.56,below,18188.0,18476.0,18482.0,18488.0,18476.0,0.065,6.3,0.057,0,2026-07-24,2026-07-28,False,False,5.0,2026-07-28T12:58:49+05:30
GRAVITA,1789.13,TOUCHED,-7.58,below,1653.6,1789.13,1789.47,1789.8,1789.13,0.037,6.6,0.031,0,2026-07-27,2026-07-28,False,False,5.0,2026-07-28T12:58:49+05:30
JBMA,665.17,TOUCHED,-0.36,below,662.75,665.17,665.33,665.5,665.17,0.05,6.6,0.033,0,2026-07-27,2026-07-28,False,False,5.0,2026-07-28T12:58:49+05:30
UCOBANK,26.66,TOUCHED,0.99,above,26.92,26.66,26.65,26.66,26.65,0.025,6.8,0.013,0,2026-07-27,2026-07-28,False,False,5.0,2026-07-28T12:58:49+05:30
PINELABS,148.88,TOUCHED,0.08,above,149.0,148.88,148.82,148.88,148.76,0.081,6.9,0.053,0,2026-07-27,2026-07-28,False,False,5.0,2026-07-28T12:58:49+05:30
NUVOCO,356.16,TOUCHED,-1.45,below,351.0,356.16,356.27,356.38,356.16,0.061,7.9,0.039,0,2026-07-24,2026-07-28,False,False,5.0,2026-07-28T12:58:49+05:30
SWANCORP,311.88,TOUCHED,-0.17,below,311.35,311.88,311.98,312.09,311.88,0.069,8.5,0.034,0,2026-07-27,2026-07-28,False,False,5.0,2026-07-28T12:58:49+05:30
WAAREEENER,2740.5,TOUCHED,0.61,above,2757.1,2740.5,2739.6,2740.5,2738.7,0.066,8.5,0.043,0,2026-07-27,2026-07-28,False,False,5.0,2026-07-28T12:58:49+05:30
BRITANNIA,5383.25,TOUCHED,1.61,above,5470.0,5383.25,5382.0,5383.25,5380.75,0.046,9.0,0.021,0,2026-07-24,2026-07-28,False,False,5.0,2026-07-28T12:58:49+05:30
JIOFIN,236.33,TOUCHED,0.28,above,236.99,236.33,236.28,236.33,236.22,0.045,9.3,0.02,0,2026-07-27,2026-07-28,False,False,5.0,2026-07-28T12:58:49+05:30
ABLBL,95.52,TOUCHED,-0.75,below,94.8,95.52,95.57,95.62,95.52,0.101,9.5,0.054,0,2026-07-27,2026-07-28,False,False,5.0,2026-07-28T12:58:49+05:30
LICI,424.73,TOUCHED,0.58,above,427.2,424.73,424.6,424.73,424.48,0.059,9.6,0.032,0,2026-07-27,2026-07-28,False,False,5.0,2026-07-28T12:58:49+05:30
BIOCON,435.8,TOUCHED,-1.06,below,431.2,435.8,435.95,436.1,435.8,0.069,9.9,0.034,0,2026-07-27,2026-07-28,False,False,5.0,2026-07-28T12:58:49+05:30
TATASTEEL,184.11,TOUCHED,-0.48,below,183.23,184.11,184.16,184.2,184.11,0.051,9.9,0.023,0,2026-07-27,2026-07-28,False,False,5.0,2026-07-28T12:58:49+05:30
PNB,111.58,TOUCHED,0.4,above,112.03,111.58,111.54,111.58,111.5,0.075,10.4,0.034,0,2026-07-27,2026-07-28,False,False,5.0,2026-07-28T12:58:49+05:30
OLAELEC,37.3,TOUCHED,-0.21,below,37.22,37.3,37.33,37.36,37.3,0.161,10.7,0.073,0,2026-07-27,2026-07-28,False,False,5.0,2026-07-28T12:58:49+05:30
BAJAJHFL,85.48,TOUCHED,0.37,above,85.79,85.48,85.45,85.48,85.43,0.055,11.2,0.025,0,2026-07-27,2026-07-28,False,False,5.0,2026-07-28T12:58:49+05:30
BHARATFORG,2150.58,TOUCHED,0.52,above,2161.7,2150.58,2149.57,2150.58,2148.55,0.095,11.2,0.034,0,2026-07-24,2026-07-28,False,False,5.0,2026-07-28T12:58:49+05:30
MCX,2750.0,TOUCHED,-1.2,below,2717.1,2750.0,2751.7,2753.4,2750.0,0.124,11.2,0.059,0,2026-07-27,2026-07-28,False,False,5.0,2026-07-28T12:58:49+05:30
ADANIPORTS,1769.78,TOUCHED,0.09,above,1771.3,1769.78,1769.17,1769.78,1768.55,0.07,11.5,0.021,0,2026-07-27,2026-07-28,False,False,5.0,2026-07-28T12:58:49+05:30
CCL,1183.23,TOUCHED,0.5,above,1189.2,1183.23,1182.87,1183.23,1182.5,0.062,12.1,0.015,0,2026-07-24,2026-07-28,False,False,5.0,2026-07-28T12:58:49+05:30
HAVELLS,1237.75,TOUCHED,-0.95,below,1226.0,1237.75,1238.1,1238.45,1237.75,0.057,12.6,0.019,0,2026-07-27,2026-07-28,False,False,5.0,2026-07-28T12:58:49+05:30
ADANIENT,3032.75,TOUCHED,-1.04,below,3001.1,3032.75,3034.03,3035.32,3032.75,0.085,12.9,0.026,0,2026-07-27,2026-07-28,False,False,5.0,2026-07-28T12:58:49+05:30
ECLERX,1815.5,TOUCHED,4.87,above,1903.9,1815.5,1814.23,1815.5,1812.97,0.14,13.2,0.039,0,2026-07-27,2026-07-28,False,False,5.0,2026-07-28T12:58:49+05:30
SBIN,1019.8,TOUCHED,-0.46,below,1015.1,1019.8,1020.07,1020.33,1019.8,0.052,13.2,0.011,0,2026-07-27,2026-07-28,False,False,5.0,2026-07-28T12:58:49+05:30
TMCV,411.75,TOUCHED,1.06,above,416.1,411.75,411.53,411.75,411.32,0.105,13.6,0.023,0,2026-07-27,2026-07-28,False,False,5.0,2026-07-28T12:58:49+05:30
ATGL,660.86,TOUCHED,-1.57,below,650.45,660.86,661.22,661.58,660.86,0.108,14.0,0.035,0,2026-07-27,2026-07-28,False,False,5.0,2026-07-28T12:58:49+05:30
IRFC,88.17,TOUCHED,-0.15,below,88.04,88.17,88.22,88.26,88.17,0.102,14.0,0.035,0,2026-07-27,2026-07-28,False,False,5.0,2026-07-28T12:58:49+05:30
INDIANB,832.35,TOUCHED,0.71,above,838.3,832.35,831.98,832.35,831.62,0.088,14.2,0.029,0,2026-07-27,2026-07-28,False,False,5.0,2026-07-28T12:58:49+05:30
STARHEALTH,580.47,TOUCHED,0.23,above,581.8,580.47,580.15,580.47,579.82,0.112,14.5,0.026,0,2026-07-24,2026-07-28,False,False,5.0,2026-07-28T12:58:49+05:30
CUMMINSIND,5592.75,TOUCHED,-2.28,below,5465.0,5592.75,5595.33,5597.92,5592.75,0.092,14.8,0.018,0,2026-07-24,2026-07-28,False,False,5.0,2026-07-28T12:58:49+05:30
ZFCVINDIA,2303.6,TOUCHED,0.75,above,2320.8,2303.6,2302.1,2303.6,2300.6,0.13,15.3,0.037,0,2026-07-27,2026-07-28,False,False,5.0,2026-07-28T12:58:49+05:30
GMDCLTD,562.78,TOUCHED,-1.03,below,557.0,562.78,563.42,564.05,562.78,0.225,15.9,0.063,0,2026-07-27,2026-07-28,False,False,5.0,2026-07-28T12:58:49+05:30
RPOWER,23.79,TOUCHED,-1.04,below,23.54,23.79,23.82,23.85,23.79,0.238,16.2,0.076,0,2026-07-27,2026-07-28,False,False,5.0,2026-07-28T12:58:49+05:30
ADANIPOWER,214.12,TOUCHED,-2.18,below,209.46,214.12,214.29,214.45,214.12,0.152,16.4,0.067,0,2026-07-27,2026-07-28,False,False,5.0,2026-07-28T12:58:49+05:30
BHARTIARTL,1903.5,TOUCHED,-0.11,below,1901.4,1903.5,1904.1,1904.7,1903.5,0.063,16.4,0.013,0,2026-07-27,2026-07-28,False,False,5.0,2026-07-28T12:58:49+05:30
ITI,274.47,TOUCHED,-0.01,below,274.45,274.47,274.7,274.92,274.47,0.164,16.4,0.035,0,2026-07-24,2026-07-28,False,False,5.0,2026-07-28T12:58:49+05:30
AMBER,7286.42,TOUCHED,-0.89,below,7221.5,7286.42,7292.33,7298.25,7286.42,0.162,17.8,0.036,0,2026-07-27,2026-07-28,False,False,5.0,2026-07-28T12:58:49+05:30
HAL,4610.9,TOUCHED,-0.15,below,4603.9,4610.9,4613.6,4616.3,4610.9,0.117,18.1,0.038,0,2026-07-27,2026-07-28,False,False,5.0,2026-07-28T12:58:49+05:30
SWIGGY,258.73,TOUCHED,3.56,above,267.93,258.73,258.48,258.73,258.23,0.193,18.1,0.047,0,2026-07-27,2026-07-28,False,False,5.0,2026-07-28T12:58:49+05:30
TECHNOE,994.7,TOUCHED,0.43,above,999.0,994.7,993.73,994.7,992.77,0.195,18.4,0.052,0,2026-07-24,2026-07-28,False,False,5.0,2026-07-28T12:58:49+05:30
FEDERALBNK,356.33,TOUCHED,0.33,above,357.5,356.33,356.17,356.33,356.0,0.094,18.6,0.026,0,2026-07-27,2026-07-28,False,False,5.0,2026-07-28T12:58:49+05:30
IEX,127.0,TOUCHED,2.92,above,130.7,127.0,126.92,127.0,126.84,0.118,18.9,0.031,0,2026-07-27,2026-07-28,False,False,5.0,2026-07-28T12:58:49+05:30
ACE,1060.85,TOUCHED,1.85,above,1080.5,1060.85,1059.9,1060.85,1058.95,0.179,19.2,0.049,0,2026-07-27,2026-07-28,False,False,5.0,2026-07-28T12:58:49+05:30
INDUSINDBK,995.28,TOUCHED,0.4,above,999.25,995.28,994.52,995.28,993.75,0.154,19.5,0.031,0,2026-07-24,2026-07-28,False,False,5.0,2026-07-28T12:58:49+05:30
POONAWALLA,459.35,TOUCHED,0.16,above,460.1,459.35,459.0,459.35,458.65,0.153,19.5,0.033,0,2026-07-24,2026-07-28,False,False,5.0,2026-07-28T12:58:49+05:30
NATCOPHARM,927.92,TOUCHED,-0.48,below,923.5,927.92,928.73,929.55,927.92,0.176,19.7,0.023,0,2026-07-27,2026-07-28,False,False,5.0,2026-07-28T12:58:49+05:30
GICRE,358.2,TOUCHED,0.57,above,360.25,358.2,357.97,358.2,357.73,0.13,20.5,0.032,0,2026-07-24,2026-07-28,False,False,5.0,2026-07-28T12:58:49+05:30
TRENT,2930.3,TOUCHED,-0.1,below,2927.5,2930.3,2932.97,2935.63,2930.3,0.182,20.5,0.046,0,2026-07-27,2026-07-28,False,False,5.0,2026-07-28T12:58:49+05:30
CLEAN,722.8,TOUCHED,0.64,above,727.45,722.8,722.2,722.8,721.6,0.166,20.8,0.026,0,2026-07-24,2026-07-28,False,False,5.0,2026-07-28T12:58:49+05:30
WOCKPHARMA,1846.92,TOUCHED,1.52,above,1874.9,1846.92,1844.63,1846.92,1842.35,0.248,20.8,0.059,0,2026-07-24,2026-07-28,False,False,5.0,2026-07-28T12:58:49+05:30
SCHNEIDER,1347.55,TOUCHED,-1.24,below,1330.9,1347.55,1349.23,1350.92,1347.55,0.25,21.1,0.028,0,2026-07-24,2026-07-28,False,False,5.0,2026-07-28T12:58:49+05:30
TATAPOWER,376.73,TOUCHED,-1.65,below,370.5,376.73,376.93,377.14,376.73,0.111,21.6,0.028,0,2026-07-27,2026-07-28,False,False,5.0,2026-07-28T12:58:49+05:30
TVSMOTOR,3867.33,TOUCHED,3.08,above,3986.4,3867.33,3864.47,3867.33,3861.6,0.148,21.6,0.019,0,2026-07-24,2026-07-28,False,False,5.0,2026-07-28T12:58:49+05:30
UPL,607.1,TOUCHED,-1.52,below,597.9,607.1,607.57,608.03,607.1,0.154,21.6,0.02,0,2026-07-27,2026-07-28,False,False,5.0,2026-07-28T12:58:49+05:30
ADANIGREEN,1401.18,TOUCHED,-1.71,below,1377.2,1401.18,1402.67,1404.15,1401.18,0.212,21.9,0.04,0,2026-07-27,2026-07-28,False,False,5.0,2026-07-28T12:58:49+05:30
SAPPHIRE,186.45,TOUCHED,-0.79,below,184.98,186.45,186.66,186.88,186.45,0.229,22.5,0.05,0,2026-07-27,2026-07-28,False,False,5.0,2026-07-28T12:58:49+05:30
AARTIIND,484.85,TOUCHED,-1.33,below,478.4,484.85,485.27,485.68,484.85,0.172,22.7,0.037,0,2026-07-27,2026-07-28,False,False,5.0,2026-07-28T12:58:49+05:30
GLENMARK,2197.85,TOUCHED,-0.18,below,2194.0,2197.85,2199.7,2201.55,2197.85,0.168,23.3,0.036,0,2026-07-27,2026-07-28,False,False,5.0,2026-07-28T12:58:49+05:30
APLAPOLLO,1821.42,TOUCHED,1.43,above,1847.5,1821.42,1820.03,1821.42,1818.65,0.152,23.6,0.017,0,2026-07-24,2026-07-28,False,False,5.0,2026-07-28T12:58:49+05:30
COROMANDEL,2001.53,TOUCHED,1.02,above,2022.0,2001.53,1999.27,2001.53,1997.0,0.227,23.6,0.04,0,2026-07-27,2026-07-28,False,False,5.0,2026-07-28T12:58:49+05:30
KIMS,798.02,TOUCHED,-0.59,below,793.35,798.02,798.83,799.64,798.02,0.202,24.1,0.041,0,2026-07-27,2026-07-28,False,False,5.0,2026-07-28T12:58:49+05:30
CUB,219.5,TOUCHED,1.23,above,222.19,219.5,219.25,219.5,219.0,0.228,24.4,0.034,0,2026-07-24,2026-07-28,False,False,5.0,2026-07-28T12:58:49+05:30
IPCALAB,1764.45,TOUCHED,-0.9,below,1748.5,1764.45,1766.2,1767.95,1764.45,0.198,24.4,0.032,0,2026-07-24,2026-07-28,False,False,5.0,2026-07-28T12:58:49+05:30
HINDALCO,945.88,TOUCHED,-0.69,below,939.4,945.88,946.52,947.15,945.88,0.134,25.2,0.011,0,2026-07-27,2026-07-28,False,False,5.0,2026-07-28T12:58:49+05:30
COCHINSHIP,1390.73,TOUCHED,0.36,above,1395.8,1390.73,1389.07,1390.73,1387.4,0.24,25.5,0.042,0,2026-07-24,2026-07-28,False,False,5.0,2026-07-28T12:58:49+05:30
LGEINDIA,1523.9,TOUCHED,-0.96,below,1509.3,1523.9,1525.0,1526.1,1523.9,0.144,25.6,0.008,0,2026-07-24,2026-07-28,False,False,5.0,2026-07-28T12:58:49+05:30
IREDA,120.43,TOUCHED,-0.35,below,120.0,120.43,120.56,120.69,120.43,0.224,25.8,0.053,0,2026-07-27,2026-07-28,False,False,5.0,2026-07-28T12:58:49+05:30
ARE&M,874.74,TOUCHED,-0.26,below,872.45,874.74,875.48,876.23,874.74,0.169,26.3,0.024,0,2026-07-27,2026-07-28,False,False,5.0,2026-07-28T12:58:49+05:30
ELGIEQUIP,575.02,TOUCHED,-0.5,below,572.15,575.02,575.78,576.54,575.02,0.263,26.6,0.045,0,2026-07-24,2026-07-28,False,False,5.0,2026-07-28T12:58:49+05:30
ONESOURCE,1686.53,TOUCHED,3.26,above,1741.5,1686.53,1684.17,1686.53,1681.8,0.281,27.1,0.052,0,2026-07-27,2026-07-28,False,False,5.0,2026-07-28T12:58:49+05:30
HEG,651.57,TOUCHED,0.57,above,655.3,651.57,650.63,651.57,649.7,0.287,27.4,0.051,0,2026-07-27,2026-07-28,False,False,5.0,2026-07-28T12:58:49+05:30
BDL,1254.68,TOUCHED,1.32,above,1271.2,1254.68,1252.97,1254.68,1251.25,0.274,27.9,0.047,0,2026-07-27,2026-07-28,False,False,5.0,2026-07-28T12:58:49+05:30
PAYTM,1287.62,TOUCHED,1.6,above,1308.2,1287.62,1285.83,1287.62,1284.05,0.277,27.9,0.058,0,2026-07-27,2026-07-28,False,False,5.0,2026-07-28T12:58:49+05:30
AAVAS,1376.3,TOUCHED,0.07,inside,1377.2,1376.3,1376.3,1377.65,1374.95,0.196,28.2,0.027,0,2026-07-24,2026-07-28,False,False,5.0,2026-07-28T12:58:49+05:30
DABUR,422.83,TOUCHED,0.48,above,424.85,422.83,422.47,422.83,422.1,0.174,29.0,0.035,0,2026-07-24,2026-07-28,False,False,5.0,2026-07-28T12:58:49+05:30
HONASA,449.16,TOUCHED,-0.74,below,445.85,449.16,449.72,450.27,449.16,0.248,29.0,0.054,0,2026-07-24,2026-07-28,False,False,5.0,2026-07-28T12:58:49+05:30
DRREDDY,1148.85,TOUCHED,-1.21,below,1135.0,1148.85,1149.8,1150.75,1148.85,0.165,29.6,0.021,0,2026-07-24,2026-07-28,False,False,5.0,2026-07-28T12:58:49+05:30
KAYNES,3198.95,TOUCHED,0.27,above,3207.5,3198.95,3193.07,3198.95,3187.18,0.369,29.6,0.046,0,2026-07-27,2026-07-28,False,False,5.0,2026-07-28T12:58:49+05:30
GODREJIND,1330.6,TOUCHED,0.36,above,1335.4,1330.6,1329.0,1330.6,1327.4,0.241,29.9,0.047,0,2026-07-24,2026-07-28,False,False,5.0,2026-07-28T12:58:49+05:30
NHPC,79.48,TOUCHED,-1.43,below,78.34,79.48,79.56,79.64,79.48,0.205,29.9,0.035,0,2026-07-27,2026-07-28,False,False,5.0,2026-07-28T12:58:49+05:30
KIRLOSENG,2178.9,TOUCHED,0.74,above,2195.0,2178.9,2175.3,2178.9,2171.7,0.331,30.1,0.035,0,2026-07-24,2026-07-28,False,False,5.0,2026-07-28T12:58:49+05:30
SONATSOFTW,294.88,TOUCHED,2.16,above,301.25,294.88,294.37,294.88,293.86,0.345,30.1,0.033,0,2026-07-27,2026-07-28,False,False,5.0,2026-07-28T12:58:49+05:30
ENGINERSIN,226.79,TOUCHED,-1.43,below,223.55,226.79,227.16,227.53,226.79,0.324,30.4,0.04,0,2026-07-27,2026-07-28,False,False,5.0,2026-07-28T12:58:49+05:30
BANKBARODA,244.27,TOUCHED,-1.66,below,240.2,244.27,244.53,244.8,244.27,0.218,30.7,0.012,0,2026-07-27,2026-07-28,False,False,5.0,2026-07-28T12:58:49+05:30
KPITTECH,587.4,TOUCHED,1.68,above,597.25,587.4,586.67,587.4,585.93,0.25,30.7,0.044,0,2026-07-27,2026-07-28,False,False,5.0,2026-07-28T12:58:49+05:30
URBANCO,130.93,TOUCHED,0.13,inside,131.1,130.93,130.93,131.19,130.68,0.39,31.8,0.045,0,2026-07-27,2026-07-28,False,False,5.0,2026-07-28T12:58:49+05:30
BANDHANBNK,168.73,TOUCHED,-0.72,below,167.52,168.73,168.96,169.2,168.73,0.276,32.1,0.027,0,2026-07-27,2026-07-28,False,False,5.0,2026-07-28T12:58:49+05:30
ICICIAMC,3115.7,TOUCHED,0.13,inside,3119.9,3115.7,3115.7,3120.65,3110.75,0.318,32.2,0.028,0,2026-07-24,2026-07-28,False,False,5.0,2026-07-28T12:58:49+05:30
EICHERMOT,7762.17,TOUCHED,0.85,above,7828.0,7762.17,7754.83,7762.17,7747.5,0.189,33.4,0.025,0,2026-07-27,2026-07-28,False,False,5.0,2026-07-28T12:58:49+05:30
PIIND,2745.32,TOUCHED,-0.83,below,2722.6,2745.32,2748.03,2750.75,2745.32,0.198,34.2,0.032,0,2026-07-27,2026-07-28,False,False,5.0,2026-07-28T12:58:49+05:30
HDFCLIFE,554.58,TOUCHED,0.27,above,556.05,554.58,554.0,554.58,553.42,0.208,34.5,0.018,0,2026-07-27,2026-07-28,False,False,5.0,2026-07-28T12:58:49+05:30
IDEA,13.09,TOUCHED,-0.36,below,13.04,13.09,13.11,13.14,13.09,0.407,35.1,0.046,0,2026-07-27,2026-07-28,False,False,5.0,2026-07-28T12:58:49+05:30
INOXWIND,77.85,TOUCHED,-0.25,below,77.66,77.85,77.98,78.11,77.85,0.321,35.1,0.041,0,2026-07-27,2026-07-28,False,False,5.0,2026-07-28T12:58:49+05:30
JUBLPHARMA,963.85,TOUCHED,0.92,above,972.75,963.85,962.35,963.85,960.85,0.312,35.3,0.023,0,2026-07-24,2026-07-28,False,False,5.0,2026-07-28T12:58:49+05:30
CONCORDBIO,1255.1,TOUCHED,0.01,above,1255.2,1255.1,1252.9,1255.1,1250.7,0.351,35.6,0.022,0,2026-07-24,2026-07-28,False,False,5.0,2026-07-28T12:58:49+05:30
HBLENGINE,697.42,TOUCHED,0.34,above,699.8,697.42,696.25,697.42,695.08,0.338,35.6,0.037,0,2026-07-24,2026-07-28,False,False,5.0,2026-07-28T12:58:49+05:30
ACMESOLAR,366.62,TOUCHED,-2.19,below,358.6,366.62,367.38,368.15,366.62,0.417,36.4,0.05,0,2026-07-24,2026-07-28,False,False,5.0,2026-07-28T12:58:49+05:30
HINDCOPPER,483.35,TOUCHED,-1.81,below,474.6,483.35,484.3,485.25,483.35,0.392,36.7,0.036,0,2026-07-27,2026-07-28,False,False,5.0,2026-07-28T12:58:49+05:30
PAGEIND,40178.33,TOUCHED,0.05,inside,40200.0,40178.33,40178.33,40226.67,40130.0,0.241,37.0,0.027,0,2026-07-24,2026-07-28,False,False,5.0,2026-07-28T12:58:49+05:30
CREDITACC,1582.05,TOUCHED,-0.88,below,1568.1,1582.05,1585.07,1588.08,1582.05,0.381,37.3,0.035,0,2026-07-27,2026-07-28,False,False,5.0,2026-07-28T12:58:49+05:30
VBL,455.32,TOUCHED,-3.14,below,441.05,455.32,455.95,456.58,455.32,0.274,37.3,0.03,0,2026-07-24,2026-07-28,False,False,5.0,2026-07-28T12:58:49+05:30
APOLLOHOSP,8831.0,TOUCHED,0.48,above,8873.5,8831.0,8822.5,8831.0,8814.0,0.193,37.5,0.017,0,2026-07-24,2026-07-28,False,False,5.0,2026-07-28T12:58:49+05:30
UNITDSPR,1487.6,TOUCHED,0.13,above,1489.5,1487.6,1485.73,1487.6,1483.87,0.251,37.8,0.035,0,2026-07-27,2026-07-28,False,False,5.0,2026-07-28T12:58:49+05:30
APARINDS,13920.5,TOUCHED,-2.55,below,13565.0,13920.5,13952.0,13983.5,13920.5,0.452,38.1,0.049,0,2026-07-24,2026-07-28,False,False,5.0,2026-07-28T12:58:49+05:30
ACUTAAS,3346.6,TOUCHED,-5.28,below,3170.0,3346.6,3353.67,3360.73,3346.6,0.421,38.4,0.036,0,2026-07-27,2026-07-28,False,False,5.0,2026-07-28T12:58:49+05:30
IFCI,70.54,TOUCHED,-2.09,below,69.07,70.54,70.7,70.85,70.54,0.438,38.6,0.102,0,2026-07-27,2026-07-28,False,False,5.0,2026-07-28T12:58:49+05:30
TORNTPOWER,1431.53,TOUCHED,0.5,above,1438.7,1431.53,1428.97,1431.53,1426.4,0.359,38.9,0.031,0,2026-07-24,2026-07-28,False,False,5.0,2026-07-28T12:58:49+05:30
PFOCUS,288.67,TOUCHED,-1.27,below,284.99,288.67,289.58,290.5,288.67,0.633,39.5,0.05,0,2026-07-27,2026-07-28,False,False,5.0,2026-07-28T12:58:49+05:30
LT,3818.0,TOUCHED,0.29,above,3829.0,3818.0,3814.0,3818.0,3810.0,0.21,39.7,0.024,0,2026-07-27,2026-07-28,False,False,5.0,2026-07-28T12:58:49+05:30
JAINREC,339.4,TOUCHED,-1.92,below,332.9,339.4,340.35,341.3,339.4,0.558,40.1,0.055,0,2026-07-27,2026-07-28,False,False,5.0,2026-07-28T12:58:49+05:30
HUDCO,201.05,TOUCHED,-0.62,below,199.81,201.05,201.42,201.79,201.05,0.367,40.5,0.036,0,2026-07-27,2026-07-28,False,False,5.0,2026-07-28T12:58:49+05:30
IOC,141.33,TOUCHED,0.15,above,141.54,141.33,141.14,141.33,140.96,0.267,40.5,0.021,0,2026-07-27,2026-07-28,False,False,5.0,2026-07-28T12:58:49+05:30
AWL,187.26,TOUCHED,-0.72,below,185.91,187.26,187.56,187.86,187.26,0.318,40.8,0.044,0,2026-07-24,2026-07-28,False,False,5.0,2026-07-28T12:58:49+05:30
DMART,4032.98,TOUCHED,-4.36,below,3857.0,4032.98,4038.27,4043.55,4032.98,0.262,41.6,0.028,0,2026-07-27,2026-07-28,False,False,5.0,2026-07-28T12:58:49+05:30
JPPOWER,17.05,TOUCHED,-0.63,below,16.94,17.05,17.08,17.12,17.05,0.429,41.6,0.037,0,2026-07-27,2026-07-28,False,False,5.0,2026-07-28T12:58:49+05:30
TATACHEM,682.25,TOUCHED,-0.35,below,679.85,682.25,683.28,684.32,682.25,0.302,41.6,0.021,0,2026-07-24,2026-07-28,False,False,5.0,2026-07-28T12:58:49+05:30
TIMKEN,3110.9,TOUCHED,-0.95,below,3081.3,3110.9,3116.27,3121.63,3110.9,0.344,41.6,0.05,0,2026-07-24,2026-07-28,False,False,5.0,2026-07-28T12:58:49+05:30
TRITURBINE,609.7,TOUCHED,0.05,inside,610.0,609.7,609.7,610.75,608.65,0.344,42.5,0.021,0,2026-07-24,2026-07-28,False,False,5.0,2026-07-28T12:58:49+05:30
YESBANK,22.97,TOUCHED,-0.71,below,22.81,22.97,23.01,23.04,22.97,0.29,42.5,0.04,0,2026-07-27,2026-07-28,False,False,5.0,2026-07-28T12:58:49+05:30
IGL,151.0,TOUCHED,0.03,above,151.04,151.0,150.76,151.0,150.51,0.323,42.7,0.046,0,2026-07-27,2026-07-28,False,False,5.0,2026-07-28T12:58:49+05:30
MANAPPURAM,359.26,TOUCHED,0.42,above,360.75,359.26,358.67,359.26,358.07,0.33,43.0,0.026,0,2026-07-27,2026-07-28,False,False,5.0,2026-07-28T12:58:49+05:30
ADANIENSOL,1691.35,TOUCHED,-1.85,below,1660.0,1691.35,1694.97,1698.58,1691.35,0.427,43.3,0.03,0,2026-07-24,2026-07-28,False,False,5.0,2026-07-28T12:58:49+05:30
VEDL,265.12,TOUCHED,-1.52,below,261.1,265.12,265.58,266.05,265.12,0.351,43.3,0.03,0,2026-07-27,2026-07-28,False,False,5.0,2026-07-28T12:58:49+05:30
3MINDIA,35352.5,TOUCHED,-1.05,below,34980.0,35352.5,35401.67,35450.83,35352.5,0.278,44.1,0.028,0,2026-07-24,2026-07-28,False,False,5.0,2026-07-28T12:58:49+05:30
ITC,286.13,TOUCHED,-0.97,below,283.35,286.13,286.42,286.7,286.13,0.198,44.7,0.021,0,2026-07-27,2026-07-28,False,False,5.0,2026-07-28T12:58:49+05:30
NESTLEIND,1449.4,TOUCHED,2.24,above,1481.9,1449.4,1447.43,1449.4,1445.47,0.272,44.9,0.032,0,2026-07-24,2026-07-28,False,False,5.0,2026-07-28T12:58:49+05:30
LTFOODS,374.81,TOUCHED,0.14,above,375.35,374.81,374.02,374.81,373.22,0.423,45.2,0.036,0,2026-07-24,2026-07-28,False,False,5.0,2026-07-28T12:58:49+05:30
IDBI,85.03,TOUCHED,2.46,above,87.12,85.03,84.85,85.03,84.66,0.432,45.5,0.047,0,2026-07-27,2026-07-28,False,False,5.0,2026-07-28T12:58:49+05:30
NIACL,165.86,TOUCHED,-1.35,below,163.63,165.86,166.15,166.44,165.86,0.351,46.3,0.032,0,2026-07-27,2026-07-28,False,False,5.0,2026-07-28T12:58:49+05:30
RAMCOCEM,913.2,TOUCHED,0.28,above,915.75,913.2,911.6,913.2,910.0,0.351,47.1,0.041,0,2026-07-24,2026-07-28,False,False,5.0,2026-07-28T12:58:49+05:30
HINDUNILVR,2166.85,TOUCHED,-5.39,below,2050.0,2166.85,2169.43,2172.02,2166.85,0.238,47.4,0.015,0,2026-07-27,2026-07-28,False,False,5.0,2026-07-28T12:58:49+05:30
THERMAX,4463.83,TOUCHED,-1.03,below,4418.0,4463.83,4473.17,4482.5,4463.83,0.417,47.4,0.019,0,2026-07-27,2026-07-28,False,False,5.0,2026-07-28T12:58:49+05:30
CDSL,1334.67,TOUCHED,-0.05,inside,1334.0,1334.67,1334.67,1337.5,1331.83,0.425,47.9,0.036,0,2026-07-27,2026-07-28,False,False,5.0,2026-07-28T12:58:49+05:30
RHIM,397.22,TOUCHED,-0.08,inside,396.9,397.22,397.22,398.08,396.35,0.436,47.9,0.029,0,2026-07-24,2026-07-28,False,False,5.0,2026-07-28T12:58:49+05:30
CANFINHOME,812.35,TOUCHED,0.71,above,818.1,812.35,810.8,812.35,809.25,0.382,48.2,0.021,0,2026-07-24,2026-07-28,False,False,5.0,2026-07-28T12:58:49+05:30
ELECON,425.0,TOUCHED,-1.96,below,416.65,425.0,426.3,427.6,425.0,0.61,48.2,0.036,0,2026-07-27,2026-07-28,False,False,5.0,2026-07-28T12:58:49+05:30
JWL,245.98,TOUCHED,0.34,above,246.8,245.98,245.4,245.98,244.83,0.469,48.5,0.042,0,2026-07-24,2026-07-28,False,False,5.0,2026-07-28T12:58:49+05:30
KOTAKBANK,386.15,TOUCHED,0.17,above,386.8,386.15,385.65,386.15,385.15,0.259,48.5,0.025,0,2026-07-27,2026-07-28,False,False,5.0,2026-07-28T12:58:49+05:30
AIAENG,4574.92,TOUCHED,0.52,above,4598.5,4574.92,4566.83,4574.92,4558.75,0.354,48.8,0.041,0,2026-07-24,2026-07-28,False,False,5.0,2026-07-28T12:58:49+05:30
SUMICHEM,534.93,TOUCHED,-1.39,below,527.5,534.93,536.23,537.54,534.93,0.488,48.8,0.041,0,2026-07-27,2026-07-28,False,False,5.0,2026-07-28T12:58:49+05:30
BALRAMCHIN,611.39,TOUCHED,-0.13,below,610.6,611.39,612.63,613.88,611.39,0.405,49.0,0.029,0,2026-07-24,2026-07-28,False,False,5.0,2026-07-28T12:58:49+05:30
KPIL,1291.25,TOUCHED,-0.59,below,1283.6,1291.25,1294.13,1297.02,1291.25,0.446,49.0,0.043,0,2026-07-24,2026-07-28,False,False,5.0,2026-07-28T12:58:49+05:30
BLUESTARCO,1646.7,TOUCHED,-1.22,below,1626.6,1646.7,1650.2,1653.7,1646.7,0.424,49.3,0.042,0,2026-07-27,2026-07-28,False,False,5.0,2026-07-28T12:58:49+05:30
NLCINDIA,297.73,TOUCHED,0.66,above,299.7,297.73,297.0,297.73,296.27,0.488,49.3,0.051,0,2026-07-27,2026-07-28,False,False,5.0,2026-07-28T12:58:49+05:30
SHYAMMETL,1025.65,TOUCHED,0.24,above,1028.15,1025.65,1023.85,1025.65,1022.05,0.352,49.3,0.015,0,2026-07-24,2026-07-28,False,False,5.0,2026-07-28T12:58:49+05:30
CHOLAFIN,1781.52,TOUCHED,1.28,above,1804.4,1781.52,1777.83,1781.52,1774.15,0.414,49.9,0.034,0,2026-07-27,2026-07-28,False,False,5.0,2026-07-28T12:58:49+05:30
TRIDENT,25.12,TOUCHED,-1.21,below,24.82,25.12,25.17,25.22,25.12,0.358,50.1,0.028,0,2026-07-27,2026-07-28,False,False,5.0,2026-07-28T12:58:49+05:30
ENRIN,3247.8,TOUCHED,-2.99,below,3150.8,3247.8,3255.4,3263.0,3247.8,0.467,50.2,0.025,0,2026-07-24,2026-07-28,False,False,5.0,2026-07-28T12:58:49+05:30
AIIL,550.02,TOUCHED,0.45,above,552.5,550.02,548.33,550.02,546.65,0.614,50.4,0.063,0,2026-07-27,2026-07-28,False,False,5.0,2026-07-28T12:58:49+05:30
CHAMBLFERT,438.84,TOUCHED,0.3,above,440.15,438.84,437.98,438.84,437.12,0.392,50.7,0.03,0,2026-07-27,2026-07-28,False,False,5.0,2026-07-28T12:58:49+05:30
JSWINFRA,320.88,TOUCHED,-0.35,below,319.75,320.88,321.48,322.09,320.88,0.378,50.7,0.029,0,2026-07-24,2026-07-28,False,False,5.0,2026-07-28T12:58:49+05:30
AXISBANK,1225.62,TOUCHED,0.13,above,1227.2,1225.62,1223.93,1225.62,1222.25,0.275,51.0,0.024,0,2026-07-24,2026-07-28,False,False,5.0,2026-07-28T12:58:49+05:30
HINDPETRO,393.13,TOUCHED,0.96,above,396.9,393.13,392.3,393.13,391.47,0.421,51.0,0.034,0,2026-07-27,2026-07-28,False,False,5.0,2026-07-28T12:58:49+05:30
EMCURE,1910.35,TOUCHED,-0.04,below,1909.5,1910.35,1915.17,1919.98,1910.35,0.503,51.2,0.031,0,2026-07-27,2026-07-28,False,False,5.0,2026-07-28T12:58:49+05:30
CPPLUS,3568.53,TOUCHED,-2.2,below,3490.0,3568.53,3579.27,3590.0,3568.53,0.6,51.4,0.037,0,2026-07-27,2026-07-28,False,False,5.0,2026-07-28T12:58:49+05:30
GROWW,200.0,TOUCHED,-1.57,below,196.86,200.0,200.62,201.25,200.0,0.62,51.4,0.033,0,2026-07-27,2026-07-28,False,False,5.0,2026-07-28T12:58:49+05:30
GODREJCP,1068.05,TOUCHED,-0.61,below,1061.5,1068.05,1069.93,1071.82,1068.05,0.352,51.8,0.037,0,2026-07-27,2026-07-28,False,False,5.0,2026-07-28T12:58:49+05:30
KPRMILL,1058.68,TOUCHED,-1.76,below,1040.0,1058.68,1061.37,1064.05,1058.68,0.506,51.8,0.054,0,2026-07-27,2026-07-28,False,False,5.0,2026-07-28T12:58:49+05:30
DIXON,13776.67,TOUCHED,-0.06,inside,13769.0,13776.67,13776.67,13811.33,13742.0,0.503,52.1,0.05,0,2026-07-24,2026-07-28,False,False,5.0,2026-07-28T12:58:49+05:30
AADHARHFC,497.73,TOUCHED,0.95,above,502.45,497.73,496.82,497.73,495.91,0.366,52.3,0.025,0,2026-07-24,2026-07-28,False,False,5.0,2026-07-28T12:58:49+05:30
ASHOKLEY,154.72,TOUCHED,2.01,above,157.84,154.72,154.39,154.72,154.05,0.436,52.3,0.027,0,2026-07-27,2026-07-28,False,False,5.0,2026-07-28T12:58:49+05:30
BAYERCROP,4225.33,TOUCHED,-0.06,below,4222.6,4225.33,4233.17,4241.0,4225.33,0.37,53.2,0.031,0,2026-07-24,2026-07-28,False,False,5.0,2026-07-28T12:58:49+05:30
IRCTC,494.82,TOUCHED,-1.12,below,489.25,494.82,495.63,496.45,494.82,0.33,53.2,0.034,0,2026-07-27,2026-07-28,False,False,5.0,2026-07-28T12:58:49+05:30
MOTHERSON,148.26,TOUCHED,-0.13,inside,148.06,148.26,148.26,148.61,147.9,0.481,53.2,0.033,0,2026-07-27,2026-07-28,False,False,5.0,2026-07-28T12:58:49+05:30
SCI,281.25,TOUCHED,-0.66,below,279.4,281.25,282.1,282.95,281.25,0.603,53.4,0.045,0,2026-07-27,2026-07-28,False,False,5.0,2026-07-28T12:58:49+05:30
TMPV,323.2,TOUCHED,0.76,above,325.65,323.2,322.6,323.2,322.0,0.372,53.4,0.021,0,2026-07-24,2026-07-28,False,False,5.0,2026-07-28T12:58:49+05:30
ERIS,1391.0,TOUCHED,-0.19,below,1388.3,1391.0,1394.2,1397.4,1391.0,0.459,54.0,0.033,0,2026-07-24,2026-07-28,False,False,5.0,2026-07-28T12:58:49+05:30
ABBOTINDIA,27901.67,TOUCHED,-0.01,inside,27900.0,27901.67,27901.67,27952.5,27850.83,0.364,54.5,0.036,0,2026-07-27,2026-07-28,False,False,5.0,2026-07-28T12:58:49+05:30
MANKIND,2546.4,TOUCHED,2.3,above,2605.0,2546.4,2541.2,2546.4,2536.0,0.409,54.5,0.038,0,2026-07-27,2026-07-28,False,False,5.0,2026-07-28T12:58:49+05:30
SIEMENS,3667.1,TOUCHED,-0.55,below,3646.8,3667.1,3674.67,3682.23,3667.1,0.412,54.5,0.026,0,2026-07-24,2026-07-28,False,False,5.0,2026-07-28T12:58:49+05:30
HDFCAMC,2536.95,TOUCHED,-0.4,below,2526.8,2536.95,2542.1,2547.25,2536.95,0.405,55.1,0.025,0,2026-07-27,2026-07-28,False,False,5.0,2026-07-28T12:58:49+05:30
ABSLAMC,996.85,TOUCHED,0.65,above,1003.3,996.85,994.3,996.85,991.75,0.513,55.6,0.033,0,2026-07-27,2026-07-28,False,False,5.0,2026-07-28T12:58:49+05:30
HONAUT,37421.67,TOUCHED,-0.12,below,37375.0,37421.67,37498.33,37575.0,37421.67,0.409,55.9,0.023,0,2026-07-24,2026-07-28,False,False,5.0,2026-07-28T12:58:49+05:30
CRAFTSMAN,9236.5,TOUCHED,-0.19,inside,9219.0,9236.5,9236.5,9260.25,9212.75,0.514,56.2,0.047,0,2026-07-24,2026-07-28,False,False,5.0,2026-07-28T12:58:49+05:30
INDUSTOWER,388.22,TOUCHED,-0.39,below,386.7,388.22,389.05,389.88,388.22,0.424,56.4,0.022,0,2026-07-27,2026-07-28,False,False,5.0,2026-07-28T12:58:49+05:30
CESC,163.49,TOUCHED,0.41,above,164.16,163.49,163.1,163.49,162.71,0.476,56.7,0.037,0,2026-07-27,2026-07-28,False,False,5.0,2026-07-28T12:58:49+05:30
TITAN,4732.73,TOUCHED,2.02,above,4828.2,4732.73,4725.37,4732.73,4718.0,0.312,57.0,0.018,0,2026-07-27,2026-07-28,False,False,5.0,2026-07-28T12:58:49+05:30
AMBUJACEM,430.14,TOUCHED,0.08,above,430.5,430.14,429.33,430.14,428.53,0.377,57.3,0.035,0,2026-07-27,2026-07-28,False,False,5.0,2026-07-28T12:58:49+05:30
EMAMILTD,408.79,TOUCHED,-0.34,below,407.4,408.79,409.68,410.57,408.79,0.435,57.3,0.021,0,2026-07-24,2026-07-28,False,False,5.0,2026-07-28T12:58:49+05:30
MMTC,61.0,TOUCHED,-0.22,below,60.87,61.0,61.18,61.35,61.0,0.561,57.3,0.051,0,2026-07-24,2026-07-28,False,False,5.0,2026-07-28T12:58:49+05:30
PCBL,323.65,TOUCHED,-0.77,below,321.15,323.65,324.48,325.32,323.65,0.514,57.3,0.05,0,2026-07-27,2026-07-28,False,False,5.0,2026-07-28T12:58:49+05:30
BELRISE,230.47,TOUCHED,-0.54,below,229.21,230.47,231.2,231.93,230.47,0.633,57.9,0.036,0,2026-07-27,2026-07-28,False,False,5.0,2026-07-28T12:58:49+05:30
GODIGIT,253.1,TOUCHED,-2.55,below,246.65,253.1,253.67,254.23,253.1,0.447,58.1,0.031,0,2026-07-27,2026-07-28,False,False,5.0,2026-07-28T12:58:49+05:30
ANANDRATHI,2029.45,TOUCHED,-0.04,below,2028.6,2029.45,2033.67,2037.88,2029.45,0.415,58.6,0.022,0,2026-07-24,2026-07-28,False,False,5.0,2026-07-28T12:58:49+05:30
SONACOMS,719.74,TOUCHED,-0.94,below,713.0,719.74,721.53,723.33,719.74,0.497,58.6,0.034,0,2026-07-24,2026-07-28,False,False,5.0,2026-07-28T12:58:49+05:30
HEROMOTOCO,5102.48,TOUCHED,0.89,above,5147.8,5102.48,5091.17,5102.48,5079.85,0.445,59.2,0.017,0,2026-07-27,2026-07-28,False,False,5.0,2026-07-28T12:58:49+05:30
IRCON,125.35,TOUCHED,-0.06,inside,125.28,125.35,125.35,125.71,125.0,0.572,59.2,0.044,0,2026-07-24,2026-07-28,False,False,5.0,2026-07-28T12:58:49+05:30
KAJARIACER,1211.87,TOUCHED,0.18,above,1214.1,1211.87,1208.83,1211.87,1205.8,0.502,59.7,0.029,0,2026-07-24,2026-07-28,False,False,5.0,2026-07-28T12:58:49+05:30
OBEROIRLTY,1816.73,TOUCHED,0.17,above,1819.9,1816.73,1812.27,1816.73,1807.8,0.493,59.7,0.045,0,2026-07-24,2026-07-28,False,False,5.0,2026-07-28T12:58:49+05:30
UNIONBANK,170.57,TOUCHED,-0.48,below,169.75,170.57,171.02,171.48,170.57,0.534,59.7,0.048,0,2026-07-27,2026-07-28,False,False,5.0,2026-07-28T12:58:49+05:30
SUZLON,52.71,TOUCHED,-1.27,below,52.04,52.71,52.86,53.0,52.71,0.555,60.5,0.033,0,2026-07-27,2026-07-28,False,False,5.0,2026-07-28T12:58:49+05:30
LENSKART,566.35,TOUCHED,-1.53,below,557.7,566.35,568.23,570.12,566.35,0.663,60.9,0.031,0,2026-07-27,2026-07-28,False,False,5.0,2026-07-28T12:58:49+05:30
SOBHA,1350.35,TOUCHED,-0.46,below,1344.1,1350.35,1354.33,1358.32,1350.35,0.588,61.9,0.028,0,2026-07-24,2026-07-28,False,False,5.0,2026-07-28T12:58:49+05:30
ANGELONE,305.38,TOUCHED,-1.38,below,301.15,305.38,306.55,307.73,305.38,0.767,64.4,0.036,0,2026-07-27,2026-07-28,False,False,5.0,2026-07-28T12:58:49+05:30
CGCL,242.02,TOUCHED,-3.23,below,234.2,242.02,242.77,243.52,242.02,0.616,64.4,0.049,0,2026-07-27,2026-07-28,False,False,5.0,2026-07-28T12:58:49+05:30
HSCL,782.52,TOUCHED,-3.6,below,754.35,782.52,785.17,787.81,782.52,0.673,64.4,0.035,0,2026-07-27,2026-07-28,False,False,5.0,2026-07-28T12:58:49+05:30
GRSE,2625.5,TOUCHED,-0.4,inside,2615.0,2625.5,2625.5,2636.5,2614.5,0.838,64.9,0.067,0,2026-07-27,2026-07-28,False,False,5.0,2026-07-28T12:58:49+05:30
WELSPUNLIV,164.12,TOUCHED,-1.68,below,161.37,164.12,164.71,165.3,164.12,0.716,65.5,0.042,0,2026-07-27,2026-07-28,False,False,5.0,2026-07-28T12:58:49+05:30
PARADEEP,136.5,TOUCHED,1.18,above,138.11,136.5,135.88,136.5,135.26,0.913,66.0,0.04,0,2026-07-27,2026-07-28,False,False,5.0,2026-07-28T12:58:49+05:30
MEESHO,182.87,TOUCHED,-0.3,below,182.33,182.87,183.64,184.42,182.87,0.84,66.9,0.029,0,2026-07-27,2026-07-28,False,False,5.0,2026-07-28T12:58:49+05:30
ICICIBANK,1438.9,TOUCHED,-0.74,below,1428.2,1438.9,1441.17,1443.43,1438.9,0.315,67.1,0.023,0,2026-07-27,2026-07-28,False,False,5.0,2026-07-28T12:58:49+05:30
ALKEM,5636.5,TOUCHED,0.11,inside,5642.5,5636.5,5636.5,5648.25,5624.75,0.417,67.4,0.026,0,2026-07-27,2026-07-28,False,False,5.0,2026-07-28T12:58:49+05:30
ZEEL,108.46,TOUCHED,0.69,above,109.21,108.46,108.05,108.46,107.65,0.747,67.4,0.045,0,2026-07-27,2026-07-28,False,False,5.0,2026-07-28T12:58:49+05:30
DEVYANI,114.85,TOUCHED,-0.12,below,114.72,114.85,115.26,115.66,114.85,0.697,68.2,0.04,0,2026-07-27,2026-07-28,False,False,5.0,2026-07-28T12:58:49+05:30
ZYDUSLIFE,1110.57,TOUCHED,-0.9,below,1100.6,1110.57,1112.93,1115.3,1110.57,0.425,68.2,0.024,0,2026-07-27,2026-07-28,False,False,5.0,2026-07-28T12:58:49+05:30
PATANJALI,344.55,TOUCHED,-0.32,below,343.45,344.55,345.32,346.08,344.55,0.444,68.8,0.019,0,2026-07-27,2026-07-28,False,False,5.0,2026-07-28T12:58:49+05:30
FLUOROCHEM,4535.05,TOUCHED,-0.86,below,4496.2,4535.05,4547.93,4560.82,4535.05,0.567,69.0,0.022,0,2026-07-24,2026-07-28,False,False,5.0,2026-07-28T12:58:49+05:30
GLAND,2411.1,TOUCHED,0.27,inside,2417.6,2411.1,2411.1,2419.1,2403.1,0.664,69.0,0.04,0,2026-07-27,2026-07-28,False,False,5.0,2026-07-28T12:58:49+05:30
GODREJPROP,2061.17,TOUCHED,2.79,above,2118.7,2061.17,2053.54,2061.17,2045.91,0.743,69.9,0.048,0,2026-07-27,2026-07-28,False,False,5.0,2026-07-28T12:58:49+05:30
LICHSGFIN,547.3,TOUCHED,-0.15,below,546.5,547.3,548.78,550.27,547.3,0.541,69.9,0.021,0,2026-07-27,2026-07-28,False,False,5.0,2026-07-28T12:58:49+05:30
BAJAJ-AUTO,11210.0,TOUCHED,0.95,above,11317.0,11210.0,11183.33,11210.0,11156.67,0.477,70.1,0.028,0,2026-07-24,2026-07-28,False,False,5.0,2026-07-28T12:58:49+05:30
CYIENT,833.45,TOUCHED,2.36,above,853.15,833.45,830.7,833.45,827.95,0.662,70.1,0.024,0,2026-07-27,2026-07-28,False,False,5.0,2026-07-28T12:58:49+05:30
KARURVYSYA,337.82,TOUCHED,0.48,above,339.45,337.82,336.73,337.82,335.65,0.643,70.1,0.038,0,2026-07-24,2026-07-28,False,False,5.0,2026-07-28T12:58:49+05:30
TRAVELFOOD,1281.95,TOUCHED,1.67,above,1303.3,1281.95,1277.6,1281.95,1273.25,0.681,70.2,0.031,0,2026-07-24,2026-07-28,False,False,5.0,2026-07-28T12:58:49+05:30
TATATECH,719.45,TOUCHED,3.18,above,742.3,719.45,717.4,719.45,715.35,0.572,70.4,0.033,0,2026-07-27,2026-07-28,False,False,5.0,2026-07-28T12:58:49+05:30
CANHLIFE,145.5,TOUCHED,-1.74,below,142.97,145.5,146.0,146.49,145.5,0.676,70.5,0.023,0,2026-07-27,2026-07-28,False,False,5.0,2026-07-28T12:58:49+05:30
ABCAPITAL,391.17,TOUCHED,0.05,inside,391.35,391.17,391.17,392.51,389.82,0.686,70.7,0.038,0,2026-07-24,2026-07-28,False,False,5.0,2026-07-28T12:58:49+05:30
OLECTRA,1325.73,TOUCHED,-0.2,inside,1323.1,1325.73,1325.73,1331.02,1320.45,0.797,70.7,0.034,0,2026-07-24,2026-07-28,False,False,5.0,2026-07-28T12:58:49+05:30
SAIL,164.3,TOUCHED,1.27,above,166.38,164.3,163.74,164.3,163.18,0.684,71.0,0.026,0,2026-07-27,2026-07-28,False,False,5.0,2026-07-28T12:58:49+05:30
SUNDARMFIN,4417.93,TOUCHED,0.27,inside,4430.0,4417.93,4417.93,4432.87,4403.0,0.676,71.2,0.029,0,2026-07-24,2026-07-28,False,False,5.0,2026-07-28T12:58:49+05:30
SAMMAANCAP,163.51,TOUCHED,-0.31,inside,163.0,163.51,163.51,164.24,162.78,0.887,71.8,0.04,0,2026-07-27,2026-07-28,False,False,5.0,2026-07-28T12:58:49+05:30
FORCEMOT,17456.0,TOUCHED,-0.46,inside,17376.0,17456.0,17456.0,17550.0,17362.0,1.077,72.1,0.052,0,2026-07-27,2026-07-28,False,False,5.0,2026-07-28T12:58:49+05:30
MFSL,1507.03,TOUCHED,-0.13,inside,1505.1,1507.03,1507.03,1511.27,1502.8,0.562,72.1,0.019,0,2026-07-24,2026-07-28,False,False,5.0,2026-07-28T12:58:49+05:30
TATACAP,349.52,TOUCHED,1.55,above,354.95,349.52,348.5,349.52,347.47,0.588,72.1,0.016,0,2026-07-27,2026-07-28,False,False,5.0,2026-07-28T12:58:49+05:30
BHARTIHEXA,1602.35,TOUCHED,0.56,above,1611.4,1602.35,1597.1,1602.35,1591.85,0.657,73.2,0.037,0,2026-07-24,2026-07-28,False,False,5.0,2026-07-28T12:58:49+05:30
LTF,310.03,TOUCHED,0.26,inside,310.85,310.03,310.03,311.14,308.93,0.715,73.2,0.03,0,2026-07-27,2026-07-28,False,False,5.0,2026-07-28T12:58:49+05:30
ASAHIINDIA,877.98,TOUCHED,-0.28,below,875.5,877.98,881.42,884.86,877.98,0.781,73.7,0.042,0,2026-07-24,2026-07-28,False,False,5.0,2026-07-28T12:58:49+05:30
GPIL,236.74,TOUCHED,4.16,above,246.6,236.74,235.73,236.74,234.72,0.855,73.7,0.022,0,2026-07-27,2026-07-28,False,False,5.0,2026-07-28T12:58:49+05:30
IGIL,331.16,TOUCHED,-0.47,below,329.6,331.16,332.62,334.07,331.16,0.877,73.7,0.028,0,2026-07-27,2026-07-28,False,False,5.0,2026-07-28T12:58:49+05:30
PFC,418.68,TOUCHED,0.72,above,421.7,418.68,417.27,418.68,415.85,0.679,74.0,0.04,0,2026-07-27,2026-07-28,False,False,5.0,2026-07-28T12:58:49+05:30
SYNGENE,409.88,TOUCHED,-0.76,below,406.75,409.88,411.2,412.53,409.88,0.644,74.2,0.025,0,2026-07-27,2026-07-28,False,False,5.0,2026-07-28T12:58:49+05:30
DALBHARAT,1821.23,TOUCHED,-0.24,inside,1816.9,1821.23,1821.23,1826.45,1816.02,0.573,74.5,0.028,0,2026-07-24,2026-07-28,False,False,5.0,2026-07-28T12:58:49+05:30
ITCHOTELS,163.72,TOUCHED,-1.74,below,160.88,163.72,164.29,164.86,163.72,0.692,74.5,0.037,0,2026-07-27,2026-07-28,False,False,5.0,2026-07-28T12:58:49+05:30
ZENTEC,1665.55,TOUCHED,-1.68,below,1637.6,1665.55,1673.1,1680.65,1665.55,0.903,74.5,0.015,0,2026-07-27,2026-07-28,False,False,5.0,2026-07-28T12:58:49+05:30
NAVINFLUOR,7577.67,TOUCHED,-0.37,inside,7550.0,7577.67,7577.67,7606.5,7548.83,0.761,75.1,0.046,0,2026-07-24,2026-07-28,False,False,5.0,2026-07-28T12:58:49+05:30
NMDC,83.28,TOUCHED,0.32,above,83.55,83.28,83.01,83.28,82.73,0.667,75.3,0.028,0,2026-07-24,2026-07-28,False,False,5.0,2026-07-28T12:58:49+05:30
JSL,722.28,TOUCHED,0.93,above,729.0,722.28,719.6,722.28,716.93,0.743,75.9,0.041,0,2026-07-24,2026-07-28,False,False,5.0,2026-07-28T12:58:49+05:30
SBILIFE,1862.35,TOUCHED,0.5,above,1871.7,1862.35,1857.9,1862.35,1853.45,0.479,75.9,0.017,0,2026-07-27,2026-07-28,False,False,5.0,2026-07-28T12:58:49+05:30
FORTIS,942.48,TOUCHED,-0.26,inside,940.0,942.48,942.48,945.59,939.38,0.66,76.4,0.034,0,2026-07-24,2026-07-28,False,False,5.0,2026-07-28T12:58:49+05:30
INDIAMART,1765.1,TOUCHED,-0.97,below,1748.0,1765.1,1770.3,1775.5,1765.1,0.587,76.4,0.025,0,2026-07-24,2026-07-28,False,False,5.0,2026-07-28T12:58:49+05:30
LATENTVIEW,312.58,TOUCHED,1.09,above,316.0,312.58,311.32,312.58,310.05,0.814,76.7,0.032,0,2026-07-27,2026-07-28,False,False,5.0,2026-07-28T12:58:49+05:30
ZYDUSWELL,556.0,TOUCHED,-0.92,below,550.9,556.0,558.35,560.7,556.0,0.842,76.7,0.034,0,2026-07-24,2026-07-28,False,False,5.0,2026-07-28T12:58:49+05:30
AUBANK,1045.07,TOUCHED,0.32,inside,1048.4,1045.07,1045.07,1048.63,1041.5,0.683,77.0,0.016,0,2026-07-27,2026-07-28,False,False,5.0,2026-07-28T12:58:49+05:30
AEGISVOPAK,298.89,TOUCHED,-1.58,below,294.15,298.89,300.42,301.95,298.89,1.022,77.5,0.038,0,2026-07-27,2026-07-28,False,False,5.0,2026-07-28T12:58:49+05:30
AJANTPHARM,3382.05,TOUCHED,-1.73,below,3323.6,3382.05,3394.6,3407.15,3382.05,0.739,77.5,0.036,0,2026-07-24,2026-07-28,False,False,5.0,2026-07-28T12:58:49+05:30
TTML,39.63,TOUCHED,-1.38,below,39.09,39.63,39.79,39.94,39.63,0.779,77.8,0.046,0,2026-07-27,2026-07-28,False,False,5.0,2026-07-28T12:58:49+05:30
TEJASNET,504.85,TOUCHED,-1.45,below,497.55,504.85,507.58,510.32,504.85,1.077,78.4,0.042,0,2026-07-27,2026-07-28,False,False,5.0,2026-07-28T12:58:49+05:30
TORNTPHARM,4974.6,TOUCHED,-1.59,below,4895.7,4974.6,4987.7,5000.8,4974.6,0.525,78.4,0.025,0,2026-07-24,2026-07-28,False,False,5.0,2026-07-28T12:58:49+05:30
MEDANTA,1390.65,TOUCHED,-0.01,below,1390.5,1390.65,1396.17,1401.68,1390.65,0.79,78.6,0.028,0,2026-07-27,2026-07-28,False,False,5.0,2026-07-28T12:58:49+05:30
TATACOMM,1754.95,TOUCHED,0.65,above,1766.3,1754.95,1748.37,1754.95,1741.78,0.753,78.9,0.022,0,2026-07-27,2026-07-28,False,False,5.0,2026-07-28T12:58:49+05:30
VOLTAS,1312.1,TOUCHED,-0.84,below,1301.1,1312.1,1317.17,1322.23,1312.1,0.769,78.9,0.038,0,2026-07-24,2026-07-28,False,False,5.0,2026-07-28T12:58:49+05:30
APTUS,280.5,TOUCHED,0.61,above,282.2,280.5,279.38,280.5,278.27,0.799,79.2,0.024,0,2026-07-24,2026-07-28,False,False,5.0,2026-07-28T12:58:49+05:30
TIINDIA,2810.2,TOUCHED,-0.36,below,2800.1,2810.2,2823.23,2836.27,2810.2,0.923,79.2,0.038,0,2026-07-27,2026-07-28,False,False,5.0,2026-07-28T12:58:49+05:30
CIEINDIA,410.82,TOUCHED,-0.17,inside,410.1,410.82,410.82,412.28,409.35,0.714,79.7,0.029,0,2026-07-24,2026-07-28,False,False,5.0,2026-07-28T12:58:49+05:30
SRF,2640.32,TOUCHED,-1.01,below,2613.6,2640.32,2649.13,2657.95,2640.32,0.666,80.0,0.031,0,2026-07-27,2026-07-28,False,False,5.0,2026-07-28T12:58:49+05:30
GRANULES,840.4,TOUCHED,0.13,inside,841.5,840.4,840.4,843.83,836.97,0.815,80.5,0.037,0,2026-07-24,2026-07-28,False,False,5.0,2026-07-28T12:58:49+05:30
BAJFINANCE,1044.97,TOUCHED,0.49,above,1050.1,1044.97,1041.63,1044.97,1038.3,0.64,80.8,0.027,0,2026-07-27,2026-07-28,False,False,5.0,2026-07-28T12:58:49+05:30
MAPMYINDIA,1137.39,TOUCHED,-1.03,below,1125.65,1137.39,1142.68,1147.97,1137.39,0.926,81.6,0.027,0,2026-07-27,2026-07-28,False,False,5.0,2026-07-28T12:58:49+05:30
TITAGARH,811.45,TOUCHED,0.1,inside,812.3,811.45,811.45,815.45,807.45,0.986,81.9,0.051,0,2026-07-24,2026-07-28,False,False,5.0,2026-07-28T12:58:49+05:30
JSWDULUX,2920.3,TOUCHED,0.24,inside,2927.4,2920.3,2920.3,2932.1,2908.5,0.808,82.5,0.022,0,2026-07-24,2026-07-28,False,False,5.0,2026-07-28T12:58:49+05:30
DIVISLAB,7389.25,TOUCHED,0.05,above,7393.0,7389.25,7364.5,7389.25,7339.75,0.672,83.3,0.024,0,2026-07-27,2026-07-28,False,False,5.0,2026-07-28T12:58:49+05:30
M&MFIN,361.77,TOUCHED,3.23,above,373.45,361.77,360.02,361.77,358.26,0.977,84.1,0.046,0,2026-07-24,2026-07-28,False,False,5.0,2026-07-28T12:58:49+05:30
TATACONSUM,1094.7,TOUCHED,-0.27,inside,1091.7,1094.7,1094.7,1098.05,1091.35,0.612,84.1,0.029,0,2026-07-24,2026-07-28,False,False,5.0,2026-07-28T12:58:49+05:30
VMM,108.84,TOUCHED,-0.11,below,108.72,108.84,109.33,109.82,108.84,0.896,84.1,0.026,0,2026-07-27,2026-07-28,False,False,5.0,2026-07-28T12:58:49+05:30
INTELLECT,730.77,TOUCHED,0.06,above,731.2,730.77,726.42,730.77,722.06,1.2,84.7,0.042,0,2026-07-27,2026-07-28,False,False,5.0,2026-07-28T12:58:49+05:30
POWERINDIA,31275.83,TOUCHED,-2.08,below,30625.0,31275.83,31481.67,31687.5,31275.83,1.308,86.0,0.051,0,2026-07-24,2026-07-28,False,False,5.0,2026-07-28T12:58:49+05:30
KALYANKJIL,574.0,TOUCHED,2.9,above,590.65,574.0,570.87,574.0,567.73,1.098,86.6,0.039,0,2026-07-27,2026-07-28,False,False,5.0,2026-07-28T12:58:49+05:30
RELIANCE,1270.4,TOUCHED,0.14,inside,1272.2,1270.4,1270.4,1274.2,1266.6,0.598,86.6,0.028,0,2026-07-24,2026-07-28,False,False,5.0,2026-07-28T12:58:49+05:30
PETRONET,273.64,TOUCHED,0.83,above,275.9,273.64,272.58,273.64,271.52,0.777,86.8,0.025,0,2026-07-24,2026-07-28,False,False,5.0,2026-07-28T12:58:49+05:30
NETWEB,4292.2,TOUCHED,0.62,inside,4318.9,4292.2,4292.2,4327.2,4257.2,1.631,87.1,0.054,0,2026-07-27,2026-07-28,False,False,5.0,2026-07-28T12:58:49+05:30
JINDALSTEL,1056.63,TOUCHED,0.24,inside,1059.2,1056.63,1056.63,1061.17,1052.1,0.858,87.7,0.034,0,2026-07-27,2026-07-28,False,False,5.0,2026-07-28T12:58:49+05:30
GABRIEL,1418.6,TOUCHED,-0.22,inside,1415.5,1418.6,1418.6,1428.2,1409.0,1.353,87.9,0.033,0,2026-07-27,2026-07-28,False,False,5.0,2026-07-28T12:58:49+05:30
RECLTD,366.39,TOUCHED,0.93,above,369.8,366.39,364.63,366.39,362.88,0.964,87.9,0.016,0,2026-07-27,2026-07-28,False,False,5.0,2026-07-28T12:58:49+05:30
BLUEJET,575.45,TOUCHED,-0.1,inside,574.9,575.45,575.45,579.73,571.18,1.486,88.2,0.042,0,2026-07-24,2026-07-28,False,False,5.0,2026-07-28T12:58:49+05:30
RKFORGE,622.06,TOUCHED,1.18,above,629.4,622.06,618.67,622.06,615.27,1.096,88.5,0.048,0,2026-07-27,2026-07-28,False,False,5.0,2026-07-28T12:58:49+05:30
ATUL,6725.83,TOUCHED,-0.46,inside,6695.0,6725.83,6725.83,6757.67,6694.0,0.947,88.8,0.016,0,2026-07-27,2026-07-28,False,False,5.0,2026-07-28T12:58:49+05:30
CHENNPETRO,1187.87,TOUCHED,-0.07,inside,1187.0,1187.87,1187.87,1197.4,1178.33,1.605,90.1,0.027,0,2026-07-27,2026-07-28,False,False,5.0,2026-07-28T12:58:49+05:30
MAHABANK,80.18,TOUCHED,0.16,inside,80.31,80.18,80.18,80.6,79.75,1.06,90.1,0.034,0,2026-07-24,2026-07-28,False,False,5.0,2026-07-28T12:58:49+05:30
TEGA,1527.33,TOUCHED,0.12,inside,1529.1,1527.33,1527.33,1535.75,1518.92,1.102,90.4,0.043,0,2026-07-27,2026-07-28,False,False,5.0,2026-07-28T12:58:49+05:30
WELCORP,1621.23,TOUCHED,0.6,inside,1631.0,1621.23,1621.23,1631.95,1610.52,1.322,91.2,0.051,0,2026-07-27,2026-07-28,False,False,5.0,2026-07-28T12:58:49+05:30
EXIDEIND,433.77,TOUCHED,1.16,above,438.8,433.77,431.52,433.77,429.26,1.047,91.5,0.027,0,2026-07-27,2026-07-28,False,False,5.0,2026-07-28T12:58:49+05:30
AEGISLOG,1301.2,TOUCHED,-2.58,below,1267.6,1301.2,1311.1,1321.0,1301.2,1.51,91.8,0.033,0,2026-07-27,2026-07-28,False,False,5.0,2026-07-28T12:58:49+05:30
FINCABLES,980.6,TOUCHED,-0.06,below,980.0,980.6,986.7,992.8,980.6,1.236,92.1,0.019,0,2026-07-24,2026-07-28,False,False,5.0,2026-07-28T12:58:49+05:30
PVRINOX,1116.78,TOUCHED,1.58,above,1134.4,1116.78,1110.37,1116.78,1103.95,1.156,92.1,0.03,0,2026-07-27,2026-07-28,False,False,5.0,2026-07-28T12:58:49+05:30
SYRMA,1298.88,TOUCHED,-0.48,below,1292.6,1298.88,1309.47,1320.05,1298.88,1.616,93.4,0.045,0,2026-07-24,2026-07-28,False,False,5.0,2026-07-28T12:58:49+05:30
MSUMI,41.25,TOUCHED,0.02,inside,41.26,41.25,41.25,41.5,41.01,1.18,94.0,0.031,0,2026-07-27,2026-07-28,False,False,5.0,2026-07-28T12:58:49+05:30
SAGILITY,42.95,TOUCHED,1.52,above,43.6,42.95,42.61,42.95,42.27,1.604,95.1,0.045,0,2026-07-27,2026-07-28,False,False,5.0,2026-07-28T12:58:49+05:30
CROMPTON,247.27,TOUCHED,-0.41,inside,246.25,247.27,247.27,248.71,245.82,1.166,95.6,0.025,0,2026-07-24,2026-07-28,False,False,5.0,2026-07-28T12:58:49+05:30
CAPLIPOINT,2601.27,TOUCHED,0.21,above,2606.6,2601.27,2581.13,2601.27,2561.0,1.56,95.9,0.037,0,2026-07-27,2026-07-28,False,False,5.0,2026-07-28T12:58:49+05:30
SCHAEFFLER,4084.32,TOUCHED,1.06,above,4127.8,4084.32,4060.93,4084.32,4037.55,1.152,96.2,0.037,0,2026-07-24,2026-07-28,False,False,5.0,2026-07-28T12:58:49+05:30
SIEMENS,3717.50,V+N,-0.98,below,3681.0,3717.5,3717.67,3717.83,3717.5,0.009,2.7,0.024,1,2026-07-27,2026-07-28,True,True,5.0,2026-07-28T15:54:29+05:30
TMPV,327.57,V+N,-0.97,below,324.4,327.57,327.6,327.62,327.57,0.015,4.1,0.02,1,2026-07-27,2026-07-28,True,True,5.0,2026-07-28T15:54:29+05:30
ONGC,240.09,V+W,-0.49,below,238.91,240.09,241.62,243.15,240.09,1.268,97.8,0.03,1,2026-07-27,2026-07-28,True,False,5.0,2026-07-28T15:54:29+05:30
BANKINDIA,138.90,V+W,-1.86,below,136.32,138.9,139.94,140.97,138.9,1.477,98.6,0.032,1,2026-07-27,2026-07-28,True,False,5.0,2026-07-28T15:54:29+05:30
KFINTECH,935.72,V+W,4.06,above,973.75,935.72,922.18,935.72,908.65,2.935,99.2,0.019,1,2026-07-27,2026-07-28,True,False,5.0,2026-07-28T15:54:29+05:30
CONCOR,504.54,V+W,3.54,above,522.4,504.54,498.58,504.54,492.62,2.39,99.7,0.033,1,2026-07-27,2026-07-28,True,False,5.0,2026-07-28T15:54:29+05:30
DALBHARAT,1803.48,V+W,0.43,above,1811.2,1803.48,1780.47,1803.48,1757.45,2.585,99.7,0.028,1,2026-07-27,2026-07-28,True,False,5.0,2026-07-28T15:54:29+05:30
TATAELXSI,3553.55,V,0.79,above,3581.8,3553.55,3552.7,3553.55,3551.85,0.048,7.4,0.033,1,2026-07-27,2026-07-28,True,False,5.0,2026-07-28T15:54:29+05:30
CGPOWER,876.35,V,-3.68,below,844.1,876.35,876.67,876.98,876.35,0.072,8.8,0.039,1,2026-07-27,2026-07-28,True,False,5.0,2026-07-28T15:54:29+05:30
TCS,2294.97,V,4.49,above,2398.0,2294.97,2294.33,2294.97,2293.7,0.055,9.3,0.029,1,2026-07-27,2026-07-28,True,False,5.0,2026-07-28T15:54:29+05:30
AAVAS,1389.15,V,-0.94,below,1376.1,1389.15,1389.63,1390.12,1389.15,0.07,10.4,0.027,1,2026-07-27,2026-07-28,True,False,5.0,2026-07-28T15:54:29+05:30
INDUSINDBK,1007.05,V,-1.5,below,991.95,1007.05,1007.45,1007.85,1007.05,0.079,10.7,0.031,1,2026-07-27,2026-07-28,True,False,5.0,2026-07-28T15:54:29+05:30
POWERGRID,288.55,V,-1.13,below,285.3,288.55,288.65,288.75,288.55,0.069,11.2,0.018,1,2026-07-27,2026-07-28,True,False,5.0,2026-07-28T15:54:29+05:30
ELGIEQUIP,579.13,V,-1.67,below,569.45,579.13,579.42,579.7,579.13,0.098,12.1,0.045,1,2026-07-27,2026-07-28,True,False,5.0,2026-07-28T15:54:29+05:30
NTPC,350.40,V,-1.9,below,343.75,350.4,350.53,350.67,350.4,0.076,15.6,0.016,1,2026-07-27,2026-07-28,True,False,5.0,2026-07-28T15:54:29+05:30
NESTLEIND,1448.40,V,3.0,above,1491.8,1448.4,1447.63,1448.4,1446.87,0.106,17.8,0.032,1,2026-07-27,2026-07-28,True,False,5.0,2026-07-28T15:54:29+05:30
SIGNATURE,790.24,V,1.27,above,800.3,790.24,789.68,790.24,789.12,0.141,17.8,0.032,1,2026-07-27,2026-07-28,True,False,5.0,2026-07-28T15:54:29+05:30
BEL,406.53,V,-4.31,below,389.0,406.53,406.73,406.94,406.53,0.102,19.5,0.026,1,2026-07-27,2026-07-28,True,False,5.0,2026-07-28T15:54:29+05:30
MRF,131930.83,V,0.92,above,133140.0,131930.83,131841.67,131930.83,131752.5,0.135,20.8,0.037,1,2026-07-27,2026-07-28,True,False,5.0,2026-07-28T15:54:29+05:30
COALINDIA,427.79,V,-4.12,below,410.15,427.79,428.08,428.38,427.79,0.136,24.4,0.022,1,2026-07-27,2026-07-28,True,False,5.0,2026-07-28T15:54:29+05:30
DRREDDY,1151.62,V,-1.39,below,1135.6,1151.62,1152.43,1153.25,1151.62,0.142,25.5,0.021,1,2026-07-27,2026-07-28,True,False,5.0,2026-07-28T15:54:29+05:30
MOTILALOFS,870.43,V,-1.64,below,856.15,870.43,871.57,872.7,870.43,0.26,25.8,0.045,1,2026-07-27,2026-07-28,True,False,5.0,2026-07-28T15:54:29+05:30
BHEL,416.52,V,-2.58,below,405.75,416.52,417.08,417.65,416.52,0.272,29.6,0.052,1,2026-07-27,2026-07-28,True,False,5.0,2026-07-28T15:54:29+05:30
GRAPHITE,663.65,V,-2.28,below,648.55,663.65,664.65,665.65,663.65,0.301,30.7,0.024,1,2026-07-27,2026-07-28,True,False,5.0,2026-07-28T15:54:29+05:30
PERSISTENT,5288.25,V,2.65,above,5428.4,5288.25,5281.57,5288.25,5274.88,0.253,32.3,0.018,1,2026-07-27,2026-07-28,True,False,5.0,2026-07-28T15:54:29+05:30
CANBK,127.42,V,-2.5,below,124.24,127.42,127.58,127.74,127.42,0.251,32.9,0.023,1,2026-07-27,2026-07-28,True,False,5.0,2026-07-28T15:54:29+05:30
USHAMART,501.37,V,2.18,above,512.3,501.37,500.63,501.37,499.9,0.293,34.2,0.04,1,2026-07-27,2026-07-28,True,False,5.0,2026-07-28T15:54:29+05:30
RELIANCE,1281.12,V,-1.05,below,1267.7,1281.12,1282.23,1283.35,1281.12,0.174,34.8,0.028,1,2026-07-27,2026-07-28,True,False,5.0,2026-07-28T15:54:29+05:30
MPHASIS,2342.45,V,3.03,above,2413.5,2342.45,2339.2,2342.45,2335.95,0.278,35.3,0.024,1,2026-07-27,2026-07-28,True,False,5.0,2026-07-28T15:54:29+05:30
CENTRALBK,31.30,V,-1.29,below,30.89,31.3,31.34,31.39,31.3,0.287,36.2,0.042,1,2026-07-27,2026-07-28,True,False,5.0,2026-07-28T15:54:29+05:30
IRCON,126.71,V,-1.73,below,124.52,126.71,126.93,127.16,126.71,0.357,36.7,0.044,1,2026-07-27,2026-07-28,True,False,5.0,2026-07-28T15:54:29+05:30
DATAPATTNS,4590.27,V,-4.54,below,4381.7,4590.27,4601.63,4613.0,4590.27,0.494,37.5,0.075,1,2026-07-27,2026-07-28,True,False,5.0,2026-07-28T15:54:29+05:30
JSWENERGY,550.53,V,-1.14,below,544.25,550.53,551.35,552.18,550.53,0.299,37.5,0.025,1,2026-07-27,2026-07-28,True,False,5.0,2026-07-28T15:54:29+05:30
CIPLA,1408.08,V,2.59,above,1444.6,1408.08,1406.77,1408.08,1405.45,0.187,38.1,0.022,1,2026-07-27,2026-07-28,True,False,5.0,2026-07-28T15:54:29+05:30
DOMS,2260.62,V,0.58,above,2273.7,2260.62,2257.73,2260.62,2254.85,0.255,38.1,0.027,1,2026-07-27,2026-07-28,True,False,5.0,2026-07-28T15:54:29+05:30
VOLTAS,1321.30,V,-0.77,below,1311.1,1321.3,1323.3,1325.3,1321.3,0.302,38.1,0.038,1,2026-07-27,2026-07-28,True,False,5.0,2026-07-28T15:54:29+05:30
LTTS,3492.58,V,3.06,above,3599.3,3492.58,3487.07,3492.58,3481.55,0.316,38.6,0.042,1,2026-07-27,2026-07-28,True,False,5.0,2026-07-28T15:54:29+05:30
MMTC,61.79,V,-1.94,below,60.59,61.79,61.91,62.04,61.79,0.409,38.9,0.051,1,2026-07-27,2026-07-28,True,False,5.0,2026-07-28T15:54:29+05:30
KEI,4881.17,V,-0.78,below,4843.0,4881.17,4889.33,4897.5,4881.17,0.334,41.9,0.029,1,2026-07-27,2026-07-28,True,False,5.0,2026-07-28T15:54:29+05:30
EMMVEE,334.58,V,-1.71,below,328.85,334.58,335.57,336.55,334.58,0.586,42.8,0.043,1,2026-07-27,2026-07-28,True,False,5.0,2026-07-28T15:54:29+05:30
HEXT,561.58,V,5.62,above,593.15,561.58,560.22,561.58,558.85,0.488,43.8,0.047,1,2026-07-27,2026-07-28,True,False,5.0,2026-07-28T15:54:29+05:30
ESCORTS,2948.63,V,2.08,above,3009.9,2948.63,2943.17,2948.63,2937.7,0.371,44.4,0.042,1,2026-07-27,2026-07-28,True,False,5.0,2026-07-28T15:54:29+05:30
NAUKRI,1191.94,V,3.71,above,1236.15,1191.94,1189.58,1191.94,1187.22,0.397,46.3,0.023,1,2026-07-27,2026-07-28,True,False,5.0,2026-07-28T15:54:29+05:30
ZENSARTECH,514.22,V,2.03,above,524.65,514.22,513.03,514.22,511.85,0.461,47.4,0.035,1,2026-07-27,2026-07-28,True,False,5.0,2026-07-28T15:54:29+05:30
GVT&D,4213.77,V,-2.13,below,4124.0,4213.77,4225.23,4236.7,4213.77,0.543,48.5,0.025,1,2026-07-27,2026-07-28,True,False,5.0,2026-07-28T15:54:29+05:30
HCLTECH,1293.98,V,1.9,above,1318.6,1293.98,1292.07,1293.98,1290.15,0.297,49.6,0.022,1,2026-07-27,2026-07-28,True,False,5.0,2026-07-28T15:54:29+05:30
AFCONS,284.83,V,-1.61,below,280.25,284.83,285.42,286.0,284.83,0.409,52.3,0.024,1,2026-07-27,2026-07-28,True,False,5.0,2026-07-28T15:54:29+05:30
LTM,4182.20,V,3.04,above,4309.2,4182.2,4173.6,4182.2,4165.0,0.412,53.2,0.033,1,2026-07-27,2026-07-28,True,False,5.0,2026-07-28T15:54:29+05:30
RVNL,224.49,V,-1.4,below,221.34,224.49,225.04,225.58,224.49,0.483,54.8,0.034,1,2026-07-27,2026-07-28,True,False,5.0,2026-07-28T15:54:29+05:30
APOLLOHOSP,8829.75,V,0.83,above,8903.0,8829.75,8816.0,8829.75,8802.25,0.312,56.2,0.017,1,2026-07-27,2026-07-28,True,False,5.0,2026-07-28T15:54:29+05:30
FSL,261.47,V,0.61,above,263.06,261.47,260.71,261.47,259.95,0.583,56.7,0.033,1,2026-07-27,2026-07-28,True,False,5.0,2026-07-28T15:54:29+05:30
NATIONALUM,340.30,V,-1.69,below,334.55,340.3,341.25,342.2,340.3,0.557,56.7,0.041,1,2026-07-27,2026-07-28,True,False,5.0,2026-07-28T15:54:29+05:30
BAJAJFINSV,1909.50,V,0.96,above,1927.9,1909.5,1906.0,1909.5,1902.5,0.367,58.6,0.02,1,2026-07-27,2026-07-28,True,False,5.0,2026-07-28T15:54:29+05:30
JUBLFOOD,426.44,V,1.35,above,432.2,426.44,425.43,426.44,424.43,0.474,58.9,0.018,1,2026-07-27,2026-07-28,True,False,5.0,2026-07-28T15:54:29+05:30
TECHM,1585.30,V,3.15,above,1635.2,1585.3,1581.87,1585.3,1578.43,0.434,60.0,0.038,1,2026-07-27,2026-07-28,True,False,5.0,2026-07-28T15:54:29+05:30
DCMSHRIRAM,1030.02,V,1.93,above,1049.9,1030.02,1027.13,1030.02,1024.25,0.561,61.4,0.023,1,2026-07-27,2026-07-28,True,False,5.0,2026-07-28T15:54:29+05:30
ABDL,626.72,V,-1.02,below,620.3,626.72,629.13,631.55,626.72,0.768,63.3,0.075,1,2026-07-27,2026-07-28,True,False,5.0,2026-07-28T15:54:29+05:30
COFORGE,1523.53,V,10.66,above,1686.0,1523.53,1518.67,1523.53,1513.8,0.641,64.1,0.028,1,2026-07-27,2026-07-28,True,False,5.0,2026-07-28T15:54:29+05:30
GODFRYPHLP,2184.70,V,-7.02,below,2031.3,2184.7,2193.3,2201.9,2184.7,0.784,64.9,0.041,1,2026-07-27,2026-07-28,True,False,5.0,2026-07-28T15:54:29+05:30
HDFCBANK,740.71,V,-0.72,below,735.4,740.71,741.87,743.02,740.71,0.312,66.3,0.019,1,2026-07-27,2026-07-28,True,False,5.0,2026-07-28T15:54:29+05:30
IRB,19.67,V,-1.13,below,19.45,19.67,19.72,19.78,19.67,0.524,66.3,0.038,1,2026-07-27,2026-07-28,True,False,5.0,2026-07-28T15:54:29+05:30
IIFL,571.13,V,1.96,above,582.35,571.13,569.07,571.13,567.0,0.726,66.6,0.031,1,2026-07-27,2026-07-28,True,False,5.0,2026-07-28T15:54:29+05:30
BSOFT,292.46,V,2.54,above,299.9,292.46,291.47,292.46,290.47,0.68,68.2,0.036,1,2026-07-27,2026-07-28,True,False,5.0,2026-07-28T15:54:29+05:30
ASIANPAINT,2704.83,V,1.16,above,2736.2,2704.83,2699.47,2704.83,2694.1,0.398,69.9,0.021,1,2026-07-27,2026-07-28,True,False,5.0,2026-07-28T15:54:29+05:30
GESHIP,1403.45,V,-1.86,below,1377.4,1403.45,1408.3,1413.15,1403.45,0.689,69.9,0.043,1,2026-07-27,2026-07-28,True,False,5.0,2026-07-28T15:54:29+05:30
AFFLE,1487.65,V,9.69,above,1631.8,1487.65,1482.5,1487.65,1477.35,0.695,72.6,0.032,1,2026-07-27,2026-07-28,True,False,5.0,2026-07-28T15:54:29+05:30
HINDZINC,531.37,V,-0.84,below,526.9,531.37,533.08,534.8,531.37,0.644,73.7,0.038,1,2026-07-27,2026-07-28,True,False,5.0,2026-07-28T15:54:29+05:30
PIDILITIND,1607.88,V,0.73,above,1619.6,1607.88,1604.47,1607.88,1601.05,0.426,74.8,0.025,1,2026-07-27,2026-07-28,True,False,5.0,2026-07-28T15:54:29+05:30
WIPRO,178.08,V,1.7,above,181.12,178.08,177.64,178.08,177.19,0.501,77.3,0.013,1,2026-07-27,2026-07-28,True,False,5.0,2026-07-28T15:54:29+05:30
TATAINVEST,647.47,V,1.06,above,654.3,647.47,644.98,647.47,642.5,0.77,80.0,0.025,1,2026-07-27,2026-07-28,True,False,5.0,2026-07-28T15:54:29+05:30
CAMS,782.03,V,2.34,above,800.3,782.03,779.02,782.03,776.0,0.774,80.3,0.049,1,2026-07-27,2026-07-28,True,False,5.0,2026-07-28T15:54:29+05:30
INDIACEM,400.07,V,-2.53,below,389.95,400.07,401.78,403.5,400.07,0.855,81.9,0.03,1,2026-07-27,2026-07-28,True,False,5.0,2026-07-28T15:54:29+05:30
INDIGO,5209.58,V,1.17,above,5270.5,5209.58,5189.17,5209.58,5168.75,0.787,82.7,0.023,1,2026-07-27,2026-07-28,True,False,5.0,2026-07-28T15:54:29+05:30
HDBFS,688.18,V,-0.83,below,682.5,688.18,690.07,691.95,688.18,0.546,82.8,0.021,1,2026-07-27,2026-07-28,True,False,5.0,2026-07-28T15:54:29+05:30
BRIGADE,540.91,V,3.57,above,560.2,540.91,538.37,540.91,535.83,0.944,83.3,0.018,1,2026-07-27,2026-07-28,True,False,5.0,2026-07-28T15:54:29+05:30
INFY,1076.03,V,2.76,above,1105.7,1076.03,1072.87,1076.03,1069.7,0.59,84.9,0.029,1,2026-07-27,2026-07-28,True,False,5.0,2026-07-28T15:54:29+05:30
LODHA,1191.98,V,9.18,above,1301.4,1191.98,1185.27,1191.98,1178.55,1.133,86.0,0.031,1,2026-07-27,2026-07-28,True,False,5.0,2026-07-28T15:54:29+05:30
SBICARD,642.53,V,1.92,above,654.9,642.53,640.07,642.53,637.6,0.771,86.3,0.029,1,2026-07-27,2026-07-28,True,False,5.0,2026-07-28T15:54:29+05:30
OFSS,11035.00,V,2.71,above,11334.0,11035.0,10981.0,11035.0,10927.0,0.984,87.7,0.024,1,2026-07-27,2026-07-28,True,False,5.0,2026-07-28T15:54:29+05:30
GALLANTT,543.04,V,5.81,above,574.6,543.04,538.83,543.04,534.62,1.562,88.8,0.073,1,2026-07-27,2026-07-28,True,False,5.0,2026-07-28T15:54:29+05:30
NTPCGREEN,94.13,V,-1.97,below,92.27,94.13,94.57,95.01,94.13,0.927,89.0,0.018,1,2026-07-27,2026-07-28,True,False,5.0,2026-07-28T15:54:29+05:30
SHRIRAMFIN,1032.50,V,0.81,above,1040.9,1032.5,1026.8,1032.5,1021.1,1.11,90.1,0.038,1,2026-07-27,2026-07-28,True,False,5.0,2026-07-28T15:54:29+05:30
SUNPHARMA,1967.47,V,0.47,above,1976.7,1967.47,1961.23,1967.47,1955.0,0.636,90.4,0.02,1,2026-07-27,2026-07-28,True,False,5.0,2026-07-28T15:54:29+05:30
NUVAMA,1929.52,V,-6.26,below,1808.8,1929.52,1942.43,1955.35,1929.52,1.33,91.2,0.025,1,2026-07-27,2026-07-28,True,False,5.0,2026-07-28T15:54:29+05:30
POLYMED,1693.63,V,-2.71,below,1647.7,1693.63,1706.57,1719.5,1693.63,1.516,92.9,0.053,1,2026-07-27,2026-07-28,True,False,5.0,2026-07-28T15:54:29+05:30
BLUEDART,5084.82,V,0.37,above,5103.5,5084.82,5055.43,5084.82,5026.05,1.162,95.9,0.017,1,2026-07-27,2026-07-28,True,False,5.0,2026-07-28T15:54:29+05:30
SBFC,91.03,V,-0.84,below,90.26,91.03,91.67,92.32,91.03,1.411,95.9,0.032,1,2026-07-27,2026-07-28,True,False,5.0,2026-07-28T15:54:29+05:30
NH,2040.85,V,1.57,above,2072.8,2040.85,2027.7,2040.85,2014.55,1.297,96.2,0.036,1,2026-07-27,2026-07-28,True,False,5.0,2026-07-28T15:54:29+05:30
MRPL,164.14,V,-2.51,below,160.03,164.14,166.0,167.86,164.14,2.235,96.4,0.056,1,2026-07-27,2026-07-28,True,False,5.0,2026-07-28T15:54:29+05:30
ETERNAL,293.64,V,5.01,above,308.35,293.64,291.43,293.64,289.23,1.515,96.7,0.028,1,2026-07-27,2026-07-28,True,False,5.0,2026-07-28T15:54:29+05:30
LAURUSLABS,1700.87,V,3.41,above,1758.9,1700.87,1688.33,1700.87,1675.8,1.485,96.7,0.017,1,2026-07-27,2026-07-28,True,False,5.0,2026-07-28T15:54:29+05:30
DEEPAKNTR,1678.90,NARROW,-1.64,below,1651.3,1678.9,1678.9,1678.9,1678.9,0.0,0.0,0.029,0,2026-07-27,2026-07-28,False,True,5.0,2026-07-28T15:54:29+05:30
TECHNOE,997.00,NARROW,-0.51,below,991.9,997.0,997.07,997.13,997.0,0.013,1.9,0.051,0,2026-07-27,2026-07-28,False,True,5.0,2026-07-28T15:54:29+05:30
ATHERENERG,1215.00,NARROW,-1.07,below,1202.0,1215.0,1215.1,1215.2,1215.0,0.016,2.3,0.053,0,2026-07-27,2026-07-28,False,True,5.0,2026-07-28T15:54:29+05:30
LINDEINDIA,6767.00,NARROW,-1.47,below,6667.5,6767.0,6767.5,6768.0,6767.0,0.015,2.7,0.024,0,2026-07-27,2026-07-28,False,True,5.0,2026-07-28T15:54:29+05:30
MINDACORP,692.30,NARROW,-1.26,below,683.6,692.3,692.38,692.47,692.3,0.024,3.3,0.035,0,2026-07-27,2026-07-28,False,True,5.0,2026-07-28T15:54:29+05:30
ABB,7328.17,NARROW,-1.16,below,7243.5,7328.17,7328.83,7329.5,7328.17,0.018,4.1,0.023,0,2026-07-27,2026-07-28,False,True,5.0,2026-07-28T15:54:29+05:30
OIL,442.10,NARROW,0.57,above,444.6,442.1,442.07,442.1,442.03,0.015,4.4,0.021,0,2026-07-27,2026-07-28,False,True,5.0,2026-07-28T15:54:29+05:30
M&MFIN,362.93,NARROW,2.91,above,373.5,362.93,362.87,362.93,362.8,0.037,4.7,0.039,0,2026-07-27,2026-07-28,False,True,5.0,2026-07-28T15:54:29+05:30
SPLPETRO,760.48,NARROW,-2.64,below,740.4,760.48,760.62,760.76,760.48,0.037,4.7,0.039,0,2026-07-27,2026-07-28,False,True,5.0,2026-07-28T15:54:29+05:30
CEATLTD,3371.55,NARROW,0.89,above,3401.4,3371.55,3370.93,3371.55,3370.32,0.037,4.9,0.037,0,2026-07-27,2026-07-28,False,True,5.0,2026-07-28T15:54:29+05:30
NSLNISP,42.16,NARROW,-0.25,below,42.05,42.16,42.16,42.17,42.16,0.032,4.9,0.032,0,2026-07-27,2026-07-28,False,True,5.0,2026-07-28T15:54:29+05:30
IDFCFIRSTB,86.11,WIDE,-0.42,inside,85.75,86.11,86.11,86.73,85.5,1.432,97.5,0.033,0,2026-07-27,2026-07-28,False,False,5.0,2026-07-28T15:54:29+05:30
PPLPHARMA,190.27,WIDE,1.66,above,193.43,190.27,188.48,190.27,186.69,1.894,97.5,0.044,0,2026-07-27,2026-07-28,False,False,5.0,2026-07-28T15:54:29+05:30
CARTRADE,2934.33,WIDE,0.97,above,2962.7,2934.33,2890.17,2934.33,2846.0,3.056,98.6,0.043,0,2026-07-27,2026-07-28,False,False,5.0,2026-07-28T15:54:29+05:30
TVSMOTOR,3877.55,TOUCHED,2.99,above,3993.5,3877.55,3877.17,3877.55,3876.78,0.02,5.5,0.019,0,2026-07-27,2026-07-28,False,False,5.0,2026-07-28T15:54:29+05:30
AUROPHARMA,1549.73,TOUCHED,-0.03,below,1549.2,1549.73,1550.07,1550.4,1549.73,0.043,5.8,0.038,0,2026-07-27,2026-07-28,False,False,5.0,2026-07-28T15:54:29+05:30
COHANCE,427.82,TOUCHED,-0.49,below,425.75,427.82,427.88,427.94,427.82,0.027,5.8,0.022,0,2026-07-27,2026-07-28,False,False,5.0,2026-07-28T15:54:29+05:30
TENNIND,540.30,TOUCHED,-2.48,below,526.9,540.3,540.35,540.4,540.3,0.019,5.8,0.014,0,2026-07-27,2026-07-28,False,False,5.0,2026-07-28T15:54:29+05:30
ULTRACEMCO,11879.33,TOUCHED,0.65,above,11956.0,11879.33,11877.67,11879.33,11876.0,0.028,5.8,0.023,0,2026-07-27,2026-07-28,False,False,5.0,2026-07-28T15:54:29+05:30
ASTRAL,1465.47,TOUCHED,0.4,above,1471.4,1465.47,1465.13,1465.47,1464.8,0.046,6.3,0.034,0,2026-07-27,2026-07-28,False,False,5.0,2026-07-28T15:54:29+05:30
BSE,3537.60,TOUCHED,-2.26,below,3457.8,3537.6,3538.4,3539.2,3537.6,0.045,6.3,0.022,0,2026-07-27,2026-07-28,False,False,5.0,2026-07-28T15:54:29+05:30
CARBORUNIV,1072.55,TOUCHED,-1.03,below,1061.5,1072.55,1072.73,1072.92,1072.55,0.034,6.3,0.029,0,2026-07-27,2026-07-28,False,False,5.0,2026-07-28T15:54:29+05:30
FACT,818.73,TOUCHED,-0.21,below,817.0,818.73,819.0,819.27,818.73,0.067,6.3,0.059,0,2026-07-27,2026-07-28,False,False,5.0,2026-07-28T15:54:29+05:30
GRAVITA,1789.13,TOUCHED,-8.42,below,1638.5,1789.13,1789.47,1789.8,1789.13,0.037,6.6,0.031,0,2026-07-27,2026-07-28,False,False,5.0,2026-07-28T15:54:29+05:30
JBMA,665.17,TOUCHED,-0.92,below,659.05,665.17,665.33,665.5,665.17,0.05,6.6,0.033,0,2026-07-27,2026-07-28,False,False,5.0,2026-07-28T15:54:29+05:30
POLYCAB,9007.67,TOUCHED,1.26,above,9121.5,9007.67,9005.33,9007.67,9003.0,0.052,6.6,0.04,0,2026-07-27,2026-07-28,False,False,5.0,2026-07-28T15:54:29+05:30
MARICO,858.53,TOUCHED,2.88,above,883.25,858.53,858.42,858.53,858.3,0.027,6.8,0.018,0,2026-07-27,2026-07-28,False,False,5.0,2026-07-28T15:54:29+05:30
UCOBANK,26.66,TOUCHED,0.05,above,26.67,26.66,26.65,26.66,26.65,0.025,6.8,0.013,0,2026-07-27,2026-07-28,False,False,5.0,2026-07-28T15:54:29+05:30
PINELABS,148.88,TOUCHED,2.73,above,152.94,148.88,148.82,148.88,148.76,0.081,6.9,0.053,0,2026-07-27,2026-07-28,False,False,5.0,2026-07-28T15:54:29+05:30
SJVN,68.00,TOUCHED,-0.51,below,67.65,68.0,68.01,68.03,68.0,0.044,7.4,0.027,0,2026-07-27,2026-07-28,False,False,5.0,2026-07-28T15:54:29+05:30
WOCKPHARMA,1867.60,TOUCHED,1.2,above,1890.1,1867.6,1866.8,1867.6,1866.0,0.086,7.4,0.059,0,2026-07-27,2026-07-28,False,False,5.0,2026-07-28T15:54:29+05:30
BHARTIHEXA,1614.72,TOUCHED,-0.63,below,1604.6,1614.72,1615.13,1615.55,1614.72,0.052,7.7,0.037,0,2026-07-27,2026-07-28,False,False,5.0,2026-07-28T15:54:29+05:30
SWANCORP,311.88,TOUCHED,-0.92,below,309.0,311.88,311.98,312.09,311.88,0.069,8.5,0.034,0,2026-07-27,2026-07-28,False,False,5.0,2026-07-28T15:54:29+05:30
WAAREEENER,2738.70,TOUCHED,-1.62,below,2694.3,2738.7,2739.6,2740.5,2738.7,0.066,8.5,0.043,0,2026-07-27,2026-07-28,False,False,5.0,2026-07-28T15:54:29+05:30
INDHOTEL,733.59,TOUCHED,0.15,above,734.7,733.59,733.43,733.59,733.27,0.043,8.8,0.019,0,2026-07-27,2026-07-28,False,False,5.0,2026-07-28T15:54:29+05:30
JUBLPHARMA,980.01,TOUCHED,-1.69,below,963.45,980.01,980.32,980.62,980.01,0.063,8.8,0.023,0,2026-07-27,2026-07-28,False,False,5.0,2026-07-28T15:54:29+05:30
AADHARHFC,502.15,TOUCHED,-0.86,below,497.85,502.15,502.3,502.45,502.15,0.06,9.0,0.025,0,2026-07-27,2026-07-28,False,False,5.0,2026-07-28T15:54:29+05:30
JYOTICNC,804.55,TOUCHED,0.24,above,806.45,804.55,804.28,804.55,804.02,0.066,9.0,0.025,0,2026-07-27,2026-07-28,False,False,5.0,2026-07-28T15:54:29+05:30
JIOFIN,236.33,TOUCHED,0.32,above,237.08,236.33,236.28,236.33,236.22,0.045,9.3,0.02,0,2026-07-27,2026-07-28,False,False,5.0,2026-07-28T15:54:29+05:30
JSWCEMENT,134.46,TOUCHED,-0.18,below,134.22,134.46,134.52,134.57,134.46,0.079,9.3,0.04,0,2026-07-27,2026-07-28,False,False,5.0,2026-07-28T15:54:29+05:30
TORNTPHARM,5015.90,TOUCHED,-2.34,below,4898.3,5015.9,5017.1,5018.3,5015.9,0.048,9.3,0.025,0,2026-07-27,2026-07-28,False,False,5.0,2026-07-28T15:54:29+05:30
ABLBL,95.52,TOUCHED,-1.73,below,93.87,95.52,95.57,95.62,95.52,0.101,9.5,0.054,0,2026-07-27,2026-07-28,False,False,5.0,2026-07-28T15:54:29+05:30
JMFINANCIL,124.20,TOUCHED,-1.21,below,122.7,124.2,124.25,124.31,124.2,0.086,9.6,0.045,0,2026-07-27,2026-07-28,False,False,5.0,2026-07-28T15:54:29+05:30
LICI,424.73,TOUCHED,0.57,above,427.15,424.73,424.6,424.73,424.48,0.059,9.6,0.032,0,2026-07-27,2026-07-28,False,False,5.0,2026-07-28T15:54:29+05:30
SONACOMS,721.15,TOUCHED,-1.13,below,713.0,721.15,721.4,721.65,721.15,0.069,9.6,0.034,0,2026-07-27,2026-07-28,False,False,5.0,2026-07-28T15:54:29+05:30
BIOCON,435.80,TOUCHED,-0.77,below,432.45,435.8,435.95,436.1,435.8,0.069,9.9,0.034,0,2026-07-27,2026-07-28,False,False,5.0,2026-07-28T15:54:29+05:30
TATASTEEL,184.11,TOUCHED,-0.8,below,182.63,184.11,184.16,184.2,184.11,0.051,9.9,0.023,0,2026-07-27,2026-07-28,False,False,5.0,2026-07-28T15:54:29+05:30
GICRE,358.85,TOUCHED,-0.32,below,357.7,358.85,358.97,359.08,358.85,0.065,10.4,0.032,0,2026-07-27,2026-07-28,False,False,5.0,2026-07-28T15:54:29+05:30
PNB,111.58,TOUCHED,0.06,above,111.65,111.58,111.54,111.58,111.5,0.075,10.4,0.034,0,2026-07-27,2026-07-28,False,False,5.0,2026-07-28T15:54:29+05:30
OLAELEC,37.30,TOUCHED,-0.51,below,37.11,37.3,37.33,37.36,37.3,0.161,10.7,0.073,0,2026-07-27,2026-07-28,False,False,5.0,2026-07-28T15:54:29+05:30
BAJAJHFL,85.48,TOUCHED,0.21,above,85.66,85.48,85.45,85.48,85.43,0.055,11.2,0.025,0,2026-07-27,2026-07-28,False,False,5.0,2026-07-28T15:54:29+05:30
MCX,2750.00,TOUCHED,-1.33,below,2713.4,2750.0,2751.7,2753.4,2750.0,0.124,11.2,0.059,0,2026-07-27,2026-07-28,False,False,5.0,2026-07-28T15:54:29+05:30
ADANIPORTS,1769.78,TOUCHED,0.28,above,1774.7,1769.78,1769.17,1769.78,1768.55,0.07,11.5,0.021,0,2026-07-27,2026-07-28,False,False,5.0,2026-07-28T15:54:29+05:30
BAJAJ-AUTO,11179.83,TOUCHED,1.74,above,11374.0,11179.83,11176.17,11179.83,11172.5,0.066,12.6,0.028,0,2026-07-27,2026-07-28,False,False,5.0,2026-07-28T15:54:29+05:30
HAVELLS,1237.75,TOUCHED,-0.86,below,1227.1,1237.75,1238.1,1238.45,1237.75,0.057,12.6,0.019,0,2026-07-27,2026-07-28,False,False,5.0,2026-07-28T15:54:29+05:30
ADANIENT,3032.75,TOUCHED,-1.0,below,3002.3,3032.75,3034.03,3035.32,3032.75,0.085,12.9,0.026,0,2026-07-27,2026-07-28,False,False,5.0,2026-07-28T15:54:29+05:30
SUNTV,489.38,TOUCHED,0.22,above,490.45,489.38,489.15,489.38,488.93,0.092,12.9,0.024,0,2026-07-27,2026-07-28,False,False,5.0,2026-07-28T15:54:29+05:30
BPCL,316.12,TOUCHED,1.24,above,320.05,316.12,316.0,316.12,315.88,0.079,13.2,0.021,0,2026-07-27,2026-07-28,False,False,5.0,2026-07-28T15:54:29+05:30
BRITANNIA,5389.75,TOUCHED,1.65,above,5478.5,5389.75,5388.0,5389.75,5386.25,0.065,13.2,0.021,0,2026-07-27,2026-07-28,False,False,5.0,2026-07-28T15:54:29+05:30
ECLERX,1815.50,TOUCHED,4.53,above,1897.7,1815.5,1814.23,1815.5,1812.97,0.14,13.2,0.039,0,2026-07-27,2026-07-28,False,False,5.0,2026-07-28T15:54:29+05:30
KARURVYSYA,339.84,TOUCHED,-0.42,below,338.4,339.84,340.03,340.23,339.84,0.113,13.2,0.038,0,2026-07-27,2026-07-28,False,False,5.0,2026-07-28T15:54:29+05:30
SBIN,1019.80,TOUCHED,-0.65,below,1013.2,1019.8,1020.07,1020.33,1019.8,0.052,13.2,0.011,0,2026-07-27,2026-07-28,False,False,5.0,2026-07-28T15:54:29+05:30
TMCV,411.75,TOUCHED,1.2,above,416.7,411.75,411.53,411.75,411.32,0.105,13.6,0.023,0,2026-07-27,2026-07-28,False,False,5.0,2026-07-28T15:54:29+05:30
ATGL,660.86,TOUCHED,-2.32,below,645.55,660.86,661.22,661.58,660.86,0.108,14.0,0.035,0,2026-07-27,2026-07-28,False,False,5.0,2026-07-28T15:54:29+05:30
IPCALAB,1776.67,TOUCHED,0.69,above,1789.0,1776.67,1775.73,1776.67,1774.8,0.105,14.0,0.032,0,2026-07-27,2026-07-28,False,False,5.0,2026-07-28T15:54:29+05:30
IRFC,88.17,TOUCHED,-1.16,below,87.15,88.17,88.22,88.26,88.17,0.102,14.0,0.035,0,2026-07-27,2026-07-28,False,False,5.0,2026-07-28T15:54:29+05:30
JSWINFRA,321.35,TOUCHED,-0.98,below,318.2,321.35,321.5,321.65,321.35,0.093,14.0,0.029,0,2026-07-27,2026-07-28,False,False,5.0,2026-07-28T15:54:29+05:30
DABUR,426.77,TOUCHED,-0.51,below,424.6,426.77,426.97,427.16,426.77,0.09,14.2,0.035,0,2026-07-27,2026-07-28,False,False,5.0,2026-07-28T15:54:29+05:30
INDIANB,832.35,TOUCHED,0.23,above,834.25,832.35,831.98,832.35,831.62,0.088,14.2,0.029,0,2026-07-27,2026-07-28,False,False,5.0,2026-07-28T15:54:29+05:30
RAILTEL,288.77,TOUCHED,-0.77,below,286.55,288.77,288.98,289.2,288.77,0.15,14.8,0.049,0,2026-07-27,2026-07-28,False,False,5.0,2026-07-28T15:54:29+05:30
BERGEPAINT,503.22,TOUCHED,-0.77,below,499.35,503.22,503.48,503.74,503.22,0.103,15.3,0.013,0,2026-07-27,2026-07-28,False,False,5.0,2026-07-28T15:54:29+05:30
LEMONTREE,111.63,TOUCHED,-1.18,below,110.31,111.63,111.69,111.76,111.63,0.113,15.3,0.029,0,2026-07-27,2026-07-28,False,False,5.0,2026-07-28T15:54:29+05:30
ZFCVINDIA,2303.60,TOUCHED,3.18,above,2376.9,2303.6,2302.1,2303.6,2300.6,0.13,15.3,0.037,0,2026-07-27,2026-07-28,False,False,5.0,2026-07-28T15:54:29+05:30
JSWDULUX,2940.05,TOUCHED,-0.37,below,2929.2,2940.05,2941.37,2942.68,2940.05,0.09,15.6,0.022,0,2026-07-27,2026-07-28,False,False,5.0,2026-07-28T15:54:29+05:30
SHREECEM,26850.00,TOUCHED,0.09,above,26875.0,26850.0,26840.0,26850.0,26830.0,0.075,15.6,0.013,0,2026-07-27,2026-07-28,False,False,5.0,2026-07-28T15:54:29+05:30
GMDCLTD,562.78,TOUCHED,-1.6,below,553.8,562.78,563.42,564.05,562.78,0.225,15.9,0.063,0,2026-07-27,2026-07-28,False,False,5.0,2026-07-28T15:54:29+05:30
RPOWER,23.79,TOUCHED,-1.38,below,23.46,23.79,23.82,23.85,23.79,0.238,16.2,0.076,0,2026-07-27,2026-07-28,False,False,5.0,2026-07-28T15:54:29+05:30
ADANIPOWER,214.12,TOUCHED,-2.74,below,208.25,214.12,214.29,214.45,214.12,0.152,16.4,0.067,0,2026-07-27,2026-07-28,False,False,5.0,2026-07-28T15:54:29+05:30
ANANDRATHI,2049.10,TOUCHED,-0.55,below,2037.9,2049.1,2050.1,2051.1,2049.1,0.098,16.4,0.022,0,2026-07-27,2026-07-28,False,False,5.0,2026-07-28T15:54:29+05:30
AXISBANK,1228.10,TOUCHED,-0.37,below,1223.5,1228.1,1228.7,1229.3,1228.1,0.098,16.4,0.024,0,2026-07-27,2026-07-28,False,False,5.0,2026-07-28T15:54:29+05:30
BHARTIARTL,1903.50,TOUCHED,-0.09,below,1901.8,1903.5,1904.1,1904.7,1903.5,0.063,16.4,0.013,0,2026-07-27,2026-07-28,False,False,5.0,2026-07-28T15:54:29+05:30
PHOENIXLTD,2032.45,TOUCHED,-0.46,below,2023.2,2032.45,2033.83,2035.22,2032.45,0.136,16.4,0.047,0,2026-07-27,2026-07-28,False,False,5.0,2026-07-28T15:54:29+05:30
TORNTPOWER,1437.15,TOUCHED,-0.37,below,1431.8,1437.15,1438.1,1439.05,1437.15,0.132,16.4,0.031,0,2026-07-27,2026-07-28,False,False,5.0,2026-07-28T15:54:29+05:30
JSWSTEEL,1243.95,TOUCHED,0.24,above,1246.9,1243.95,1243.3,1243.95,1242.65,0.105,17.3,0.024,0,2026-07-27,2026-07-28,False,False,5.0,2026-07-28T15:54:29+05:30
ADANIENSOL,1698.85,TOUCHED,-2.9,below,1649.5,1698.85,1700.33,1701.82,1698.85,0.174,17.8,0.03,0,2026-07-27,2026-07-28,False,False,5.0,2026-07-28T15:54:29+05:30
AMBER,7286.42,TOUCHED,-1.06,below,7209.0,7286.42,7292.33,7298.25,7286.42,0.162,17.8,0.036,0,2026-07-27,2026-07-28,False,False,5.0,2026-07-28T15:54:29+05:30
POONAWALLA,464.77,TOUCHED,0.23,above,465.85,464.77,464.43,464.77,464.1,0.144,17.8,0.033,0,2026-07-27,2026-07-28,False,False,5.0,2026-07-28T15:54:29+05:30
CUMMINSIND,5619.50,TOUCHED,-2.92,below,5455.5,5619.5,5622.83,5626.17,5619.5,0.119,18.1,0.018,0,2026-07-27,2026-07-28,False,False,5.0,2026-07-28T15:54:29+05:30
HAL,4610.90,TOUCHED,-0.23,below,4600.1,4610.9,4613.6,4616.3,4610.9,0.117,18.1,0.038,0,2026-07-27,2026-07-28,False,False,5.0,2026-07-28T15:54:29+05:30
SWIGGY,258.73,TOUCHED,3.76,above,268.47,258.73,258.48,258.73,258.23,0.193,18.1,0.047,0,2026-07-27,2026-07-28,False,False,5.0,2026-07-28T15:54:29+05:30
CONCORDBIO,1257.57,TOUCHED,-0.12,below,1256.1,1257.57,1258.73,1259.9,1257.57,0.185,18.4,0.022,0,2026-07-27,2026-07-28,False,False,5.0,2026-07-28T15:54:29+05:30
FEDERALBNK,356.33,TOUCHED,0.26,above,357.25,356.33,356.17,356.33,356.0,0.094,18.6,0.026,0,2026-07-27,2026-07-28,False,False,5.0,2026-07-28T15:54:29+05:30
GMRAIRPORT,107.95,TOUCHED,0.01,above,107.96,107.95,107.9,107.95,107.85,0.093,18.6,0.02,0,2026-07-27,2026-07-28,False,False,5.0,2026-07-28T15:54:29+05:30
IEX,127.00,TOUCHED,4.03,above,132.11,127.0,126.92,127.0,126.84,0.118,18.9,0.031,0,2026-07-27,2026-07-28,False,False,5.0,2026-07-28T15:54:29+05:30
ACE,1060.85,TOUCHED,1.58,above,1077.6,1060.85,1059.9,1060.85,1058.95,0.179,19.2,0.049,0,2026-07-27,2026-07-28,False,False,5.0,2026-07-28T15:54:29+05:30
HONASA,453.15,TOUCHED,-0.23,below,452.1,453.15,453.55,453.95,453.15,0.176,19.2,0.054,0,2026-07-27,2026-07-28,False,False,5.0,2026-07-28T15:54:29+05:30
BALKRISIND,2026.30,TOUCHED,-0.65,below,2013.2,2026.3,2027.4,2028.5,2026.3,0.109,19.7,0.026,0,2026-07-27,2026-07-28,False,False,5.0,2026-07-28T15:54:29+05:30
KPIL,1295.00,TOUCHED,-2.28,below,1265.5,1295.0,1296.13,1297.27,1295.0,0.175,19.7,0.043,0,2026-07-27,2026-07-28,False,False,5.0,2026-07-28T15:54:29+05:30
NATCOPHARM,927.92,TOUCHED,-0.31,below,925.05,927.92,928.73,929.55,927.92,0.176,19.7,0.023,0,2026-07-27,2026-07-28,False,False,5.0,2026-07-28T15:54:29+05:30
RRKABEL,2523.03,TOUCHED,2.13,above,2576.9,2523.03,2520.77,2523.03,2518.5,0.18,19.7,0.055,0,2026-07-27,2026-07-28,False,False,5.0,2026-07-28T15:54:29+05:30
TIMKEN,3129.38,TOUCHED,-1.72,below,3075.6,3129.38,3131.87,3134.35,3129.38,0.159,20.3,0.05,0,2026-07-27,2026-07-28,False,False,5.0,2026-07-28T15:54:29+05:30
BLS,237.75,TOUCHED,-0.86,below,235.7,237.75,238.0,238.25,237.75,0.21,20.5,0.032,0,2026-07-27,2026-07-28,False,False,5.0,2026-07-28T15:54:29+05:30
ERIS,1400.05,TOUCHED,-0.66,below,1390.8,1400.05,1401.2,1402.35,1400.05,0.164,20.5,0.033,0,2026-07-27,2026-07-28,False,False,5.0,2026-07-28T15:54:29+05:30
TRENT,2932.97,TOUCHED,-0.08,inside,2930.7,2932.97,2932.97,2935.63,2930.3,0.182,20.5,0.046,0,2026-07-27,2026-07-28,False,False,5.0,2026-07-28T15:54:29+05:30
NBCC,95.01,TOUCHED,-0.52,below,94.51,95.01,95.12,95.22,95.01,0.228,21.4,0.042,0,2026-07-27,2026-07-28,False,False,5.0,2026-07-28T15:54:29+05:30
TATAPOWER,376.73,TOUCHED,-1.43,below,371.35,376.73,376.93,377.14,376.73,0.111,21.6,0.028,0,2026-07-27,2026-07-28,False,False,5.0,2026-07-28T15:54:29+05:30
UPL,607.10,TOUCHED,-1.23,below,599.65,607.1,607.57,608.03,607.1,0.154,21.6,0.02,0,2026-07-27,2026-07-28,False,False,5.0,2026-07-28T15:54:29+05:30
ADANIGREEN,1401.18,TOUCHED,-1.67,below,1377.8,1401.18,1402.67,1404.15,1401.18,0.212,21.9,0.04,0,2026-07-27,2026-07-28,False,False,5.0,2026-07-28T15:54:29+05:30
JKTYRE,399.15,TOUCHED,0.41,above,400.8,399.15,398.7,399.15,398.25,0.226,21.9,0.045,0,2026-07-27,2026-07-28,False,False,5.0,2026-07-28T15:54:29+05:30
SAPPHIRE,186.45,TOUCHED,-1.19,below,184.23,186.45,186.66,186.88,186.45,0.229,22.5,0.05,0,2026-07-27,2026-07-28,False,False,5.0,2026-07-28T15:54:29+05:30
AARTIIND,484.85,TOUCHED,-1.67,below,476.75,484.85,485.27,485.68,484.85,0.172,22.7,0.037,0,2026-07-27,2026-07-28,False,False,5.0,2026-07-28T15:54:29+05:30
EMAMILTD,413.07,TOUCHED,-1.45,below,407.1,413.07,413.42,413.76,413.07,0.165,22.7,0.021,0,2026-07-27,2026-07-28,False,False,5.0,2026-07-28T15:54:29+05:30
LTFOODS,376.79,TOUCHED,-1.76,below,370.15,376.79,377.18,377.57,376.79,0.208,23.0,0.036,0,2026-07-27,2026-07-28,False,False,5.0,2026-07-28T15:54:29+05:30
GLENMARK,2197.85,TOUCHED,-0.6,below,2184.6,2197.85,2199.7,2201.55,2197.85,0.168,23.3,0.036,0,2026-07-27,2026-07-28,False,False,5.0,2026-07-28T15:54:29+05:30
PGEL,581.90,TOUCHED,0.61,above,585.45,581.9,581.17,581.9,580.43,0.252,23.3,0.054,0,2026-07-27,2026-07-28,False,False,5.0,2026-07-28T15:54:29+05:30
POLICYBZR,1551.35,TOUCHED,2.06,above,1583.3,1551.35,1549.5,1551.35,1547.65,0.239,23.3,0.039,0,2026-07-27,2026-07-28,False,False,5.0,2026-07-28T15:54:29+05:30
COROMANDEL,2001.53,TOUCHED,1.26,above,2026.8,2001.53,1999.27,2001.53,1997.0,0.227,23.6,0.04,0,2026-07-27,2026-07-28,False,False,5.0,2026-07-28T15:54:29+05:30
KIMS,798.83,TOUCHED,-0.06,inside,798.35,798.83,798.83,799.64,798.02,0.202,24.1,0.041,0,2026-07-27,2026-07-28,False,False,5.0,2026-07-28T15:54:29+05:30
BATAINDIA,698.00,TOUCHED,-0.44,below,694.95,698.0,698.55,699.1,698.0,0.157,24.7,0.022,0,2026-07-27,2026-07-28,False,False,5.0,2026-07-28T15:54:29+05:30
RADICO,4159.35,TOUCHED,3.13,above,4289.7,4159.35,4156.07,4159.35,4152.78,0.158,24.7,0.021,0,2026-07-27,2026-07-28,False,False,5.0,2026-07-28T15:54:29+05:30
CRAFTSMAN,9336.00,TOUCHED,-0.49,below,9290.0,9336.0,9345.0,9354.0,9336.0,0.193,25.2,0.047,0,2026-07-27,2026-07-28,False,False,5.0,2026-07-28T15:54:29+05:30
HINDALCO,945.88,TOUCHED,-1.0,below,936.4,945.88,946.52,947.15,945.88,0.134,25.2,0.011,0,2026-07-27,2026-07-28,False,False,5.0,2026-07-28T15:54:29+05:30
ABREL,1401.90,TOUCHED,-0.73,below,1391.7,1401.9,1403.6,1405.3,1401.9,0.242,25.5,0.029,0,2026-07-27,2026-07-28,False,False,5.0,2026-07-28T15:54:29+05:30
IREDA,120.56,TOUCHED,-0.06,inside,120.49,120.56,120.56,120.69,120.43,0.224,25.8,0.053,0,2026-07-27,2026-07-28,False,False,5.0,2026-07-28T15:54:29+05:30
ICICIAMC,3132.55,TOUCHED,-0.6,below,3113.7,3132.55,3136.33,3140.12,3132.55,0.241,26.0,0.028,0,2026-07-27,2026-07-28,False,False,5.0,2026-07-28T15:54:29+05:30
NIVABUPA,86.99,TOUCHED,-0.47,below,86.58,86.99,87.06,87.13,86.99,0.161,26.0,0.019,0,2026-07-27,2026-07-28,False,False,5.0,2026-07-28T15:54:29+05:30
ARE&M,874.74,TOUCHED,-1.47,below,861.85,874.74,875.48,876.23,874.74,0.169,26.3,0.024,0,2026-07-27,2026-07-28,False,False,5.0,2026-07-28T15:54:29+05:30
BAYERCROP,4241.98,TOUCHED,-0.53,below,4219.4,4241.98,4245.47,4248.95,4241.98,0.164,26.3,0.031,0,2026-07-27,2026-07-28,False,False,5.0,2026-07-28T15:54:29+05:30
FIRSTCRY,212.55,TOUCHED,-0.09,below,212.36,212.55,212.87,213.19,212.55,0.301,26.3,0.073,0,2026-07-27,2026-07-28,False,False,5.0,2026-07-28T15:54:29+05:30
COCHINSHIP,1396.95,TOUCHED,-1.03,below,1382.6,1396.95,1398.73,1400.52,1396.95,0.255,26.8,0.042,0,2026-07-27,2026-07-28,False,False,5.0,2026-07-28T15:54:29+05:30
ONESOURCE,1686.53,TOUCHED,2.65,above,1731.3,1686.53,1684.17,1686.53,1681.8,0.281,27.1,0.052,0,2026-07-27,2026-07-28,False,False,5.0,2026-07-28T15:54:29+05:30
TATACONSUM,1108.27,TOUCHED,-2.36,below,1082.1,1108.27,1109.13,1110.0,1108.27,0.156,27.1,0.029,0,2026-07-27,2026-07-28,False,False,5.0,2026-07-28T15:54:29+05:30
HEG,650.63,TOUCHED,0.06,inside,651.05,650.63,650.63,651.57,649.7,0.287,27.4,0.051,0,2026-07-27,2026-07-28,False,False,5.0,2026-07-28T15:54:29+05:30
BALRAMCHIN,612.27,TOUCHED,-1.15,below,605.25,612.27,612.88,613.5,612.27,0.201,27.7,0.029,0,2026-07-27,2026-07-28,False,False,5.0,2026-07-28T15:54:29+05:30
BDL,1254.68,TOUCHED,1.3,above,1271.0,1254.68,1252.97,1254.68,1251.25,0.274,27.9,0.047,0,2026-07-27,2026-07-28,False,False,5.0,2026-07-28T15:54:29+05:30
PAYTM,1287.62,TOUCHED,1.58,above,1307.9,1287.62,1285.83,1287.62,1284.05,0.277,27.9,0.058,0,2026-07-27,2026-07-28,False,False,5.0,2026-07-28T15:54:29+05:30
GILLETTE,7948.50,TOUCHED,-1.99,below,7790.0,7948.5,7956.5,7964.5,7948.5,0.201,28.5,0.036,0,2026-07-27,2026-07-28,False,False,5.0,2026-07-28T15:54:29+05:30
APOLLOTYRE,421.38,TOUCHED,0.59,above,423.85,421.38,420.9,421.38,420.43,0.226,28.8,0.038,0,2026-07-27,2026-07-28,False,False,5.0,2026-07-28T15:54:29+05:30
PTCIL,17945.67,TOUCHED,-0.4,below,17874.0,17945.67,17968.33,17991.0,17945.67,0.252,29.0,0.031,0,2026-07-27,2026-07-28,False,False,5.0,2026-07-28T15:54:29+05:30
ZYDUSWELL,560.12,TOUCHED,-1.91,below,549.45,560.12,560.9,561.67,560.12,0.276,29.0,0.034,0,2026-07-27,2026-07-28,False,False,5.0,2026-07-28T15:54:29+05:30
JWL,247.93,TOUCHED,-0.92,below,245.65,247.93,248.27,248.6,247.93,0.269,29.3,0.042,0,2026-07-27,2026-07-28,False,False,5.0,2026-07-28T15:54:29+05:30
KAYNES,3198.95,TOUCHED,0.9,above,3227.7,3198.95,3193.07,3198.95,3187.18,0.369,29.6,0.046,0,2026-07-27,2026-07-28,False,False,5.0,2026-07-28T15:54:29+05:30
SCHNEIDER,1344.40,TOUCHED,-0.87,below,1332.7,1344.4,1346.93,1349.47,1344.4,0.376,29.6,0.028,0,2026-07-27,2026-07-28,False,False,5.0,2026-07-28T15:54:29+05:30
NHPC,79.48,TOUCHED,-1.5,below,78.28,79.48,79.56,79.64,79.48,0.205,29.9,0.035,0,2026-07-27,2026-07-28,False,False,5.0,2026-07-28T15:54:29+05:30
RITES,216.38,TOUCHED,-0.96,below,214.29,216.38,216.63,216.89,216.38,0.238,29.9,0.025,0,2026-07-27,2026-07-28,False,False,5.0,2026-07-28T15:54:29+05:30
LGEINDIA,1528.18,TOUCHED,-1.18,below,1510.2,1528.18,1529.57,1530.95,1528.18,0.181,30.1,0.008,0,2026-07-27,2026-07-28,False,False,5.0,2026-07-28T15:54:29+05:30
NYKAA,326.42,TOUCHED,0.98,above,329.6,326.42,326.08,326.42,325.75,0.204,30.1,0.027,0,2026-07-27,2026-07-28,False,False,5.0,2026-07-28T15:54:29+05:30
SONATSOFTW,294.88,TOUCHED,0.94,above,297.65,294.88,294.37,294.88,293.86,0.345,30.1,0.033,0,2026-07-27,2026-07-28,False,False,5.0,2026-07-28T15:54:29+05:30
ENGINERSIN,226.79,TOUCHED,-1.85,below,222.59,226.79,227.16,227.53,226.79,0.324,30.4,0.04,0,2026-07-27,2026-07-28,False,False,5.0,2026-07-28T15:54:29+05:30
RAMCOCEM,916.50,TOUCHED,-0.87,below,908.5,916.5,917.58,918.67,916.5,0.236,30.4,0.041,0,2026-07-27,2026-07-28,False,False,5.0,2026-07-28T15:54:29+05:30
BANKBARODA,244.27,TOUCHED,-2.07,below,239.2,244.27,244.53,244.8,244.27,0.218,30.7,0.012,0,2026-07-27,2026-07-28,False,False,5.0,2026-07-28T15:54:29+05:30
KPITTECH,587.40,TOUCHED,2.56,above,602.45,587.4,586.67,587.4,585.93,0.25,30.7,0.044,0,2026-07-27,2026-07-28,False,False,5.0,2026-07-28T15:54:29+05:30
OBEROIRLTY,1834.63,TOUCHED,-0.28,below,1829.5,1834.63,1836.67,1838.7,1834.63,0.221,31.2,0.045,0,2026-07-27,2026-07-28,False,False,5.0,2026-07-28T15:54:29+05:30
URBANCO,130.68,TOUCHED,-0.29,below,130.3,130.68,130.93,131.19,130.68,0.39,31.8,0.045,0,2026-07-27,2026-07-28,False,False,5.0,2026-07-28T15:54:29+05:30
BANDHANBNK,168.96,TOUCHED,-0.07,inside,168.84,168.96,168.96,169.2,168.73,0.276,32.1,0.027,0,2026-07-27,2026-07-28,False,False,5.0,2026-07-28T15:54:29+05:30
EICHERMOT,7762.17,TOUCHED,0.95,above,7836.0,7762.17,7754.83,7762.17,7747.5,0.189,33.4,0.025,0,2026-07-27,2026-07-28,False,False,5.0,2026-07-28T15:54:29+05:30
MFSL,1512.98,TOUCHED,-0.42,below,1506.7,1512.98,1514.87,1516.75,1512.98,0.249,34.0,0.019,0,2026-07-27,2026-07-28,False,False,5.0,2026-07-28T15:54:29+05:30
MUTHOOTFIN,3030.03,TOUCHED,-0.52,below,3014.4,3030.03,3034.17,3038.3,3030.03,0.272,34.2,0.04,0,2026-07-27,2026-07-28,False,False,5.0,2026-07-28T15:54:29+05:30
PIIND,2745.32,TOUCHED,-1.41,below,2706.6,2745.32,2748.03,2750.75,2745.32,0.198,34.2,0.032,0,2026-07-27,2026-07-28,False,False,5.0,2026-07-28T15:54:29+05:30
HDFCLIFE,554.58,TOUCHED,0.75,above,558.75,554.58,554.0,554.58,553.42,0.208,34.5,0.018,0,2026-07-27,2026-07-28,False,False,5.0,2026-07-28T15:54:29+05:30
ABCAPITAL,398.52,TOUCHED,-1.8,below,391.35,398.52,399.17,399.81,398.52,0.322,34.8,0.038,0,2026-07-27,2026-07-28,False,False,5.0,2026-07-28T15:54:29+05:30
IDEA,13.09,TOUCHED,-1.04,below,12.95,13.09,13.11,13.14,13.09,0.407,35.1,0.046,0,2026-07-27,2026-07-28,False,False,5.0,2026-07-28T15:54:29+05:30
INOXWIND,77.85,TOUCHED,-2.46,below,75.94,77.85,77.98,78.11,77.85,0.321,35.1,0.041,0,2026-07-27,2026-07-28,False,False,5.0,2026-07-28T15:54:29+05:30
CLEAN,730.62,TOUCHED,-0.07,inside,730.1,730.62,730.62,731.77,729.46,0.317,35.9,0.026,0,2026-07-27,2026-07-28,False,False,5.0,2026-07-28T15:54:29+05:30
DIXON,13881.00,TOUCHED,0.16,above,13903.0,13881.0,13857.33,13881.0,13833.67,0.342,36.2,0.05,0,2026-07-27,2026-07-28,False,False,5.0,2026-07-28T15:54:29+05:30
ACMESOLAR,363.17,TOUCHED,-2.11,below,355.5,363.17,363.93,364.7,363.17,0.421,36.4,0.05,0,2026-07-27,2026-07-28,False,False,5.0,2026-07-28T15:54:29+05:30
APLAPOLLO,1845.30,TOUCHED,0.08,inside,1846.7,1845.3,1845.3,1847.6,1843.0,0.249,36.7,0.017,0,2026-07-27,2026-07-28,False,False,5.0,2026-07-28T15:54:29+05:30
HINDCOPPER,483.35,TOUCHED,-2.11,below,473.15,483.35,484.3,485.25,483.35,0.392,36.7,0.036,0,2026-07-27,2026-07-28,False,False,5.0,2026-07-28T15:54:29+05:30
MGL,1093.60,TOUCHED,-1.36,below,1078.7,1093.6,1095.07,1096.53,1093.6,0.268,36.7,0.042,0,2026-07-27,2026-07-28,False,False,5.0,2026-07-28T15:54:29+05:30
NMDC,83.86,TOUCHED,0.07,above,83.92,83.86,83.75,83.86,83.63,0.271,36.7,0.028,0,2026-07-27,2026-07-28,False,False,5.0,2026-07-28T15:54:29+05:30
SUNDARMFIN,4422.70,TOUCHED,-0.01,below,4422.1,4422.7,4428.6,4434.5,4422.7,0.266,36.7,0.029,0,2026-07-27,2026-07-28,False,False,5.0,2026-07-28T15:54:29+05:30
EIHOTEL,329.40,TOUCHED,-1.18,below,325.5,329.4,329.82,330.23,329.4,0.253,37.0,0.031,0,2026-07-27,2026-07-28,False,False,5.0,2026-07-28T15:54:29+05:30
GRASIM,3109.28,TOUCHED,0.22,above,3116.2,3109.28,3106.17,3109.28,3103.05,0.201,37.0,0.017,0,2026-07-27,2026-07-28,False,False,5.0,2026-07-28T15:54:29+05:30
CREDITACC,1582.05,TOUCHED,-0.34,below,1576.6,1582.05,1585.07,1588.08,1582.05,0.381,37.3,0.035,0,2026-07-27,2026-07-28,False,False,5.0,2026-07-28T15:54:29+05:30
HYUNDAI,1981.98,TOUCHED,1.0,above,2001.9,1981.98,1979.37,1981.98,1976.75,0.264,37.5,0.027,0,2026-07-27,2026-07-28,False,False,5.0,2026-07-28T15:54:29+05:30
JUBLINGREA,740.27,TOUCHED,-1.88,below,726.35,740.27,741.55,742.82,740.27,0.344,37.5,0.036,0,2026-07-27,2026-07-28,False,False,5.0,2026-07-28T15:54:29+05:30
MAZDOCK,2317.60,TOUCHED,-0.94,below,2295.8,2317.6,2321.83,2326.07,2317.6,0.365,37.8,0.045,0,2026-07-27,2026-07-28,False,False,5.0,2026-07-28T15:54:29+05:30
UNITDSPR,1487.60,TOUCHED,1.43,above,1508.8,1487.6,1485.73,1487.6,1483.87,0.251,37.8,0.035,0,2026-07-27,2026-07-28,False,False,5.0,2026-07-28T15:54:29+05:30
BLUEJET,577.50,TOUCHED,-0.96,below,571.95,577.5,578.95,580.4,577.5,0.501,38.1,0.042,0,2026-07-27,2026-07-28,False,False,5.0,2026-07-28T15:54:29+05:30
POWERINDIA,31327.50,TOUCHED,-0.63,below,31130.0,31327.5,31401.67,31475.83,31327.5,0.472,38.1,0.051,0,2026-07-27,2026-07-28,False,False,5.0,2026-07-28T15:54:29+05:30
ACUTAAS,3346.60,TOUCHED,-1.46,below,3297.7,3346.6,3353.67,3360.73,3346.6,0.421,38.4,0.036,0,2026-07-27,2026-07-28,False,False,5.0,2026-07-28T15:54:29+05:30
IFCI,70.54,TOUCHED,-2.87,below,68.52,70.54,70.7,70.85,70.54,0.438,38.6,0.102,0,2026-07-27,2026-07-28,False,False,5.0,2026-07-28T15:54:29+05:30
SARDAEN,510.32,TOUCHED,-0.02,inside,510.2,510.32,510.32,511.31,509.33,0.389,38.6,0.028,0,2026-07-27,2026-07-28,False,False,5.0,2026-07-28T15:54:29+05:30
VTL,624.88,TOUCHED,-1.98,below,612.5,624.88,626.0,627.12,624.88,0.359,39.2,0.032,0,2026-07-27,2026-07-28,False,False,5.0,2026-07-28T15:54:29+05:30
PFOCUS,289.58,TOUCHED,-0.12,inside,289.23,289.58,289.58,290.5,288.67,0.633,39.5,0.05,0,2026-07-27,2026-07-28,False,False,5.0,2026-07-28T15:54:29+05:30
CROMPTON,249.43,TOUCHED,-0.82,below,247.4,249.43,249.77,250.1,249.43,0.267,39.7,0.025,0,2026-07-27,2026-07-28,False,False,5.0,2026-07-28T15:54:29+05:30
LT,3818.00,TOUCHED,0.37,above,3832.0,3818.0,3814.0,3818.0,3810.0,0.21,39.7,0.024,0,2026-07-27,2026-07-28,False,False,5.0,2026-07-28T15:54:29+05:30
JAINREC,339.40,TOUCHED,-0.43,below,337.95,339.4,340.35,341.3,339.4,0.558,40.1,0.055,0,2026-07-27,2026-07-28,False,False,5.0,2026-07-28T15:54:29+05:30
FINCABLES,1000.30,TOUCHED,-2.72,below,973.1,1000.3,1002.0,1003.7,1000.3,0.339,40.3,0.019,0,2026-07-27,2026-07-28,False,False,5.0,2026-07-28T15:54:29+05:30
BHARATFORG,2170.30,TOUCHED,-0.35,below,2162.7,2170.3,2173.97,2177.63,2170.3,0.337,40.5,0.034,0,2026-07-27,2026-07-28,False,False,5.0,2026-07-28T15:54:29+05:30
HUDCO,201.05,TOUCHED,-3.28,below,194.45,201.05,201.42,201.79,201.05,0.367,40.5,0.036,0,2026-07-27,2026-07-28,False,False,5.0,2026-07-28T15:54:29+05:30
IOC,141.14,TOUCHED,0.1,inside,141.28,141.14,141.14,141.33,140.96,0.267,40.5,0.021,0,2026-07-27,2026-07-28,False,False,5.0,2026-07-28T15:54:29+05:30
NAVA,565.86,TOUCHED,-2.4,below,552.3,565.86,567.07,568.27,565.86,0.426,41.1,0.037,0,2026-07-27,2026-07-28,False,False,5.0,2026-07-28T15:54:29+05:30
SOLARINDS,18517.06,TOUCHED,-1.47,below,18244.0,18517.06,18550.37,18583.69,18517.06,0.359,41.1,0.057,0,2026-07-27,2026-07-28,False,False,5.0,2026-07-28T15:54:29+05:30
ITI,276.63,TOUCHED,-1.17,below,273.4,276.63,277.17,277.7,276.63,0.385,41.4,0.035,0,2026-07-27,2026-07-28,False,False,5.0,2026-07-28T15:54:29+05:30
DMART,4032.98,TOUCHED,-4.62,below,3846.6,4032.98,4038.27,4043.55,4032.98,0.262,41.6,0.028,0,2026-07-27,2026-07-28,False,False,5.0,2026-07-28T15:54:29+05:30
JPPOWER,17.05,TOUCHED,-0.74,below,16.92,17.05,17.08,17.12,17.05,0.429,41.6,0.037,0,2026-07-27,2026-07-28,False,False,5.0,2026-07-28T15:54:29+05:30
IOB,34.17,TOUCHED,-0.97,below,33.84,34.17,34.22,34.27,34.17,0.302,42.2,0.034,0,2026-07-27,2026-07-28,False,False,5.0,2026-07-28T15:54:29+05:30
YESBANK,22.97,TOUCHED,-0.71,below,22.81,22.97,23.01,23.04,22.97,0.29,42.5,0.04,0,2026-07-27,2026-07-28,False,False,5.0,2026-07-28T15:54:29+05:30
GRANULES,841.31,TOUCHED,0.49,above,845.4,841.31,839.82,841.31,838.33,0.355,42.7,0.037,0,2026-07-27,2026-07-28,False,False,5.0,2026-07-28T15:54:29+05:30
IGL,150.76,TOUCHED,-0.04,inside,150.7,150.76,150.76,151.0,150.51,0.323,42.7,0.046,0,2026-07-27,2026-07-28,False,False,5.0,2026-07-28T15:54:29+05:30
MANAPPURAM,359.26,TOUCHED,0.55,above,361.25,359.26,358.67,359.26,358.07,0.33,43.0,0.026,0,2026-07-27,2026-07-28,False,False,5.0,2026-07-28T15:54:29+05:30
UBL,1433.55,TOUCHED,0.08,above,1434.7,1433.55,1431.93,1433.55,1430.32,0.226,43.0,0.028,0,2026-07-27,2026-07-28,False,False,5.0,2026-07-28T15:54:29+05:30
GODREJIND,1335.35,TOUCHED,-1.96,below,1309.2,1335.35,1337.8,1340.25,1335.35,0.366,43.3,0.047,0,2026-07-27,2026-07-28,False,False,5.0,2026-07-28T15:54:29+05:30
VEDL,265.12,TOUCHED,-2.18,below,259.35,265.12,265.58,266.05,265.12,0.351,43.3,0.03,0,2026-07-27,2026-07-28,False,False,5.0,2026-07-28T15:54:29+05:30
HBLENGINE,708.42,TOUCHED,-1.9,below,694.95,708.42,710.2,711.97,708.42,0.5,44.1,0.037,0,2026-07-27,2026-07-28,False,False,5.0,2026-07-28T15:54:29+05:30
NAVINFLUOR,7663.50,TOUCHED,-1.97,below,7512.5,7663.5,7679.33,7695.17,7663.5,0.412,44.4,0.046,0,2026-07-27,2026-07-28,False,False,5.0,2026-07-28T15:54:29+05:30
ITC,286.13,TOUCHED,-0.52,below,284.65,286.13,286.42,286.7,286.13,0.198,44.7,0.021,0,2026-07-27,2026-07-28,False,False,5.0,2026-07-28T15:54:29+05:30
CASTROLIND,184.50,TOUCHED,-0.24,below,184.06,184.5,184.67,184.85,184.5,0.19,44.9,0.014,0,2026-07-27,2026-07-28,False,False,5.0,2026-07-28T15:54:29+05:30
IDBI,85.03,TOUCHED,0.4,above,85.37,85.03,84.85,85.03,84.66,0.432,45.5,0.047,0,2026-07-27,2026-07-28,False,False,5.0,2026-07-28T15:54:29+05:30
PETRONET,274.23,TOUCHED,1.3,above,277.8,274.23,273.78,274.23,273.34,0.323,45.5,0.025,0,2026-07-27,2026-07-28,False,False,5.0,2026-07-28T15:54:29+05:30
SHYAMMETL,1030.28,TOUCHED,-0.32,below,1027.0,1030.28,1031.88,1033.49,1030.28,0.312,45.5,0.015,0,2026-07-27,2026-07-28,False,False,5.0,2026-07-28T15:54:29+05:30
SOBHA,1363.97,TOUCHED,-1.43,below,1344.4,1363.97,1366.73,1369.5,1363.97,0.405,46.0,0.028,0,2026-07-27,2026-07-28,False,False,5.0,2026-07-28T15:54:29+05:30
NIACL,165.86,TOUCHED,-1.68,below,163.07,165.86,166.15,166.44,165.86,0.351,46.3,0.032,0,2026-07-27,2026-07-28,False,False,5.0,2026-07-28T15:54:29+05:30
HINDUNILVR,2166.85,TOUCHED,-6.65,below,2022.7,2166.85,2169.43,2172.02,2166.85,0.238,47.4,0.015,0,2026-07-27,2026-07-28,False,False,5.0,2026-07-28T15:54:29+05:30
THERMAX,4463.83,TOUCHED,-1.06,below,4416.5,4463.83,4473.17,4482.5,4463.83,0.417,47.4,0.019,0,2026-07-27,2026-07-28,False,False,5.0,2026-07-28T15:54:29+05:30
FLUOROCHEM,4571.43,TOUCHED,-1.84,below,4487.5,4571.43,4579.37,4587.3,4571.43,0.346,47.7,0.022,0,2026-07-27,2026-07-28,False,False,5.0,2026-07-28T15:54:29+05:30
CDSL,1337.50,TOUCHED,0.57,above,1345.1,1337.5,1334.67,1337.5,1331.83,0.425,47.9,0.036,0,2026-07-27,2026-07-28,False,False,5.0,2026-07-28T15:54:29+05:30
ELECON,425.00,TOUCHED,-2.39,below,414.85,425.0,426.3,427.6,425.0,0.61,48.2,0.036,0,2026-07-27,2026-07-28,False,False,5.0,2026-07-28T15:54:29+05:30
KOTAKBANK,385.65,TOUCHED,-0.09,inside,385.3,385.65,385.65,386.15,385.15,0.259,48.5,0.025,0,2026-07-27,2026-07-28,False,False,5.0,2026-07-28T15:54:29+05:30
LUPIN,2400.10,TOUCHED,-0.18,below,2395.8,2400.1,2403.4,2406.7,2400.1,0.275,48.8,0.028,0,2026-07-27,2026-07-28,False,False,5.0,2026-07-28T15:54:29+05:30
SUMICHEM,534.93,TOUCHED,-1.22,below,528.4,534.93,536.23,537.54,534.93,0.488,48.8,0.041,0,2026-07-27,2026-07-28,False,False,5.0,2026-07-28T15:54:29+05:30
ASTERDM,799.89,TOUCHED,1.7,above,813.5,799.89,798.28,799.89,796.67,0.403,49.0,0.03,0,2026-07-27,2026-07-28,False,False,5.0,2026-07-28T15:54:29+05:30
BLUESTARCO,1646.70,TOUCHED,-0.09,below,1645.2,1646.7,1650.2,1653.7,1646.7,0.424,49.3,0.042,0,2026-07-27,2026-07-28,False,False,5.0,2026-07-28T15:54:29+05:30
NLCINDIA,297.73,TOUCHED,0.45,above,299.05,297.73,297.0,297.73,296.27,0.488,49.3,0.051,0,2026-07-27,2026-07-28,False,False,5.0,2026-07-28T15:54:29+05:30
RAINBOW,1475.70,TOUCHED,-0.42,below,1469.5,1475.7,1478.3,1480.9,1475.7,0.352,49.6,0.031,0,2026-07-27,2026-07-28,False,False,5.0,2026-07-28T15:54:29+05:30
CHOLAFIN,1774.15,TOUCHED,-1.19,below,1753.0,1774.15,1777.83,1781.52,1774.15,0.414,49.9,0.034,0,2026-07-27,2026-07-28,False,False,5.0,2026-07-28T15:54:29+05:30
TITAGARH,818.33,TOUCHED,-0.97,below,810.4,818.33,820.57,822.8,818.33,0.544,49.9,0.051,0,2026-07-27,2026-07-28,False,False,5.0,2026-07-28T15:54:29+05:30
WHIRLPOOL,789.40,TOUCHED,-1.14,below,780.4,789.4,791.2,793.0,789.4,0.455,49.9,0.045,0,2026-07-27,2026-07-28,False,False,5.0,2026-07-28T15:54:29+05:30
ABFRL,57.18,TOUCHED,-0.84,below,56.7,57.18,57.31,57.44,57.18,0.459,50.1,0.024,0,2026-07-27,2026-07-28,False,False,5.0,2026-07-28T15:54:29+05:30
TRIDENT,25.12,TOUCHED,-1.37,below,24.78,25.12,25.17,25.22,25.12,0.358,50.1,0.028,0,2026-07-27,2026-07-28,False,False,5.0,2026-07-28T15:54:29+05:30
AIIL,550.02,TOUCHED,1.4,above,557.7,550.02,548.33,550.02,546.65,0.614,50.4,0.063,0,2026-07-27,2026-07-28,False,False,5.0,2026-07-28T15:54:29+05:30
CHAMBLFERT,437.98,TOUCHED,0.1,inside,438.4,437.98,437.98,438.84,437.12,0.392,50.7,0.03,0,2026-07-27,2026-07-28,False,False,5.0,2026-07-28T15:54:29+05:30
TATACHEM,695.00,TOUCHED,-2.98,below,674.3,695.0,696.3,697.6,695.0,0.373,50.7,0.021,0,2026-07-27,2026-07-28,False,False,5.0,2026-07-28T15:54:29+05:30
HINDPETRO,393.13,TOUCHED,1.76,above,400.05,393.13,392.3,393.13,391.47,0.421,51.0,0.034,0,2026-07-27,2026-07-28,False,False,5.0,2026-07-28T15:54:29+05:30
EMCURE,1910.35,TOUCHED,-0.95,below,1892.2,1910.35,1915.17,1919.98,1910.35,0.503,51.2,0.031,0,2026-07-27,2026-07-28,False,False,5.0,2026-07-28T15:54:29+05:30
MAHABANK,80.79,TOUCHED,-0.73,below,80.2,80.79,80.95,81.12,80.79,0.399,51.2,0.034,0,2026-07-27,2026-07-28,False,False,5.0,2026-07-28T15:54:29+05:30
CPPLUS,3568.53,TOUCHED,-3.85,below,3431.2,3568.53,3579.27,3590.0,3568.53,0.6,51.4,0.037,0,2026-07-27,2026-07-28,False,False,5.0,2026-07-28T15:54:29+05:30
GROWW,200.00,TOUCHED,-2.35,below,195.3,200.0,200.62,201.25,200.0,0.62,51.4,0.033,0,2026-07-27,2026-07-28,False,False,5.0,2026-07-28T15:54:29+05:30
GODREJCP,1068.05,TOUCHED,-0.11,below,1066.9,1068.05,1069.93,1071.82,1068.05,0.352,51.8,0.037,0,2026-07-27,2026-07-28,False,False,5.0,2026-07-28T15:54:29+05:30
KPRMILL,1058.68,TOUCHED,-1.45,below,1043.3,1058.68,1061.37,1064.05,1058.68,0.506,51.8,0.054,0,2026-07-27,2026-07-28,False,False,5.0,2026-07-28T15:54:29+05:30
PAGEIND,40177.50,TOUCHED,0.48,above,40370.0,40177.5,40108.33,40177.5,40039.17,0.345,51.8,0.027,0,2026-07-27,2026-07-28,False,False,5.0,2026-07-28T15:54:29+05:30
ICICIGI,1678.18,TOUCHED,0.33,above,1683.8,1678.18,1675.37,1678.18,1672.55,0.336,52.1,0.024,0,2026-07-27,2026-07-28,False,False,5.0,2026-07-28T15:54:29+05:30
ASHOKLEY,154.72,TOUCHED,1.79,above,157.5,154.72,154.39,154.72,154.05,0.436,52.3,0.027,0,2026-07-27,2026-07-28,False,False,5.0,2026-07-28T15:54:29+05:30
DLF,649.58,TOUCHED,2.07,above,663.05,649.58,648.25,649.58,646.93,0.409,52.9,0.037,0,2026-07-27,2026-07-28,False,False,5.0,2026-07-28T15:54:29+05:30
INDIAMART,1762.93,TOUCHED,-1.13,below,1743.0,1762.93,1766.17,1769.4,1762.93,0.366,52.9,0.025,0,2026-07-27,2026-07-28,False,False,5.0,2026-07-28T15:54:29+05:30
IRCTC,494.82,TOUCHED,-1.79,below,485.95,494.82,495.63,496.45,494.82,0.33,53.2,0.034,0,2026-07-27,2026-07-28,False,False,5.0,2026-07-28T15:54:29+05:30
MOTHERSON,147.90,TOUCHED,-0.03,below,147.86,147.9,148.26,148.61,147.9,0.481,53.2,0.033,0,2026-07-27,2026-07-28,False,False,5.0,2026-07-28T15:54:29+05:30
JKCEMENT,5690.00,TOUCHED,-0.83,below,5642.5,5690.0,5703.33,5716.67,5690.0,0.468,53.4,0.033,0,2026-07-27,2026-07-28,False,False,5.0,2026-07-28T15:54:29+05:30
SCI,281.25,TOUCHED,-0.84,below,278.9,281.25,282.1,282.95,281.25,0.603,53.4,0.045,0,2026-07-27,2026-07-28,False,False,5.0,2026-07-28T15:54:29+05:30
HONAUT,37596.67,TOUCHED,-0.23,below,37510.0,37596.67,37668.33,37740.0,37596.67,0.381,53.7,0.023,0,2026-07-27,2026-07-28,False,False,5.0,2026-07-28T15:54:29+05:30
JSL,722.14,TOUCHED,0.3,above,724.3,722.14,720.28,722.14,718.42,0.516,54.0,0.041,0,2026-07-27,2026-07-28,False,False,5.0,2026-07-28T15:54:29+05:30
ABBOTINDIA,27901.67,TOUCHED,0.01,inside,27905.0,27901.67,27901.67,27952.5,27850.83,0.364,54.5,0.036,0,2026-07-27,2026-07-28,False,False,5.0,2026-07-28T15:54:29+05:30
MANKIND,2546.40,TOUCHED,2.81,above,2617.9,2546.4,2541.2,2546.4,2536.0,0.409,54.5,0.038,0,2026-07-27,2026-07-28,False,False,5.0,2026-07-28T15:54:29+05:30
HDFCAMC,2536.95,TOUCHED,-0.23,below,2531.2,2536.95,2542.1,2547.25,2536.95,0.405,55.1,0.025,0,2026-07-27,2026-07-28,False,False,5.0,2026-07-28T15:54:29+05:30
APTUS,281.15,TOUCHED,0.05,above,281.3,281.15,280.45,281.15,279.75,0.499,55.3,0.024,0,2026-07-27,2026-07-28,False,False,5.0,2026-07-28T15:54:29+05:30
ABSLAMC,996.85,TOUCHED,0.24,above,999.2,996.85,994.3,996.85,991.75,0.513,55.6,0.033,0,2026-07-27,2026-07-28,False,False,5.0,2026-07-28T15:54:29+05:30
INDUSTOWER,388.22,TOUCHED,-1.71,below,381.6,388.22,389.05,389.88,388.22,0.424,56.4,0.022,0,2026-07-27,2026-07-28,False,False,5.0,2026-07-28T15:54:29+05:30
BAJAJHLDNG,10783.33,TOUCHED,0.44,above,10831.0,10783.33,10756.67,10783.33,10730.0,0.496,56.7,0.025,0,2026-07-27,2026-07-28,False,False,5.0,2026-07-28T15:54:29+05:30
CESC,163.49,TOUCHED,0.24,above,163.88,163.49,163.1,163.49,162.71,0.476,56.7,0.037,0,2026-07-27,2026-07-28,False,False,5.0,2026-07-28T15:54:29+05:30
AWL,188.06,TOUCHED,-1.01,below,186.17,188.06,188.49,188.92,188.06,0.451,57.0,0.044,0,2026-07-27,2026-07-28,False,False,5.0,2026-07-28T15:54:29+05:30
TITAN,4732.73,TOUCHED,2.47,above,4849.7,4732.73,4725.37,4732.73,4718.0,0.312,57.0,0.018,0,2026-07-27,2026-07-28,False,False,5.0,2026-07-28T15:54:29+05:30
AMBUJACEM,428.53,TOUCHED,-0.59,below,426.0,428.53,429.33,430.14,428.53,0.377,57.3,0.035,0,2026-07-27,2026-07-28,False,False,5.0,2026-07-28T15:54:29+05:30
CHOICEIN,801.61,TOUCHED,-0.63,below,796.55,801.61,803.22,804.83,801.61,0.4,57.3,0.026,0,2026-07-27,2026-07-28,False,False,5.0,2026-07-28T15:54:29+05:30
PCBL,323.65,TOUCHED,-1.62,below,318.4,323.65,324.48,325.32,323.65,0.514,57.3,0.05,0,2026-07-27,2026-07-28,False,False,5.0,2026-07-28T15:54:29+05:30
UTIAMC,899.43,TOUCHED,0.09,inside,900.25,899.43,899.43,901.72,897.15,0.508,57.8,0.043,0,2026-07-27,2026-07-28,False,False,5.0,2026-07-28T15:54:29+05:30
BELRISE,230.47,TOUCHED,-0.62,below,229.03,230.47,231.2,231.93,230.47,0.633,57.9,0.036,0,2026-07-27,2026-07-28,False,False,5.0,2026-07-28T15:54:29+05:30
GODIGIT,253.10,TOUCHED,-2.94,below,245.65,253.1,253.67,254.23,253.1,0.447,58.1,0.031,0,2026-07-27,2026-07-28,False,False,5.0,2026-07-28T15:54:29+05:30
NEULANDLAB,18870.00,TOUCHED,0.01,inside,18871.0,18870.0,18870.0,18932.0,18808.0,0.657,58.6,0.03,0,2026-07-27,2026-07-28,False,False,5.0,2026-07-28T15:54:29+05:30
DELHIVERY,468.79,TOUCHED,0.73,above,472.2,468.79,467.58,468.79,466.38,0.517,59.2,0.019,0,2026-07-27,2026-07-28,False,False,5.0,2026-07-28T15:54:29+05:30
HEROMOTOCO,5102.48,TOUCHED,1.02,above,5154.3,5102.48,5091.17,5102.48,5079.85,0.445,59.2,0.017,0,2026-07-27,2026-07-28,False,False,5.0,2026-07-28T15:54:29+05:30
OLECTRA,1332.07,TOUCHED,-1.45,below,1312.7,1332.07,1336.03,1340.0,1332.07,0.594,59.7,0.034,0,2026-07-27,2026-07-28,False,False,5.0,2026-07-28T15:54:29+05:30
UNIONBANK,170.57,TOUCHED,-1.36,below,168.24,170.57,171.02,171.48,170.57,0.534,59.7,0.048,0,2026-07-27,2026-07-28,False,False,5.0,2026-07-28T15:54:29+05:30
TRITURBINE,618.52,TOUCHED,-1.48,below,609.35,618.52,620.15,621.78,618.52,0.524,60.0,0.021,0,2026-07-27,2026-07-28,False,False,5.0,2026-07-28T15:54:29+05:30
SUZLON,52.71,TOUCHED,-8.9,below,48.02,52.71,52.86,53.0,52.71,0.555,60.5,0.033,0,2026-07-27,2026-07-28,False,False,5.0,2026-07-28T15:54:29+05:30
ASAHIINDIA,880.73,TOUCHED,-1.15,below,870.6,880.73,883.3,885.88,880.73,0.583,60.8,0.045,0,2026-07-27,2026-07-28,False,False,5.0,2026-07-28T15:54:29+05:30
EIDPARRY,766.88,TOUCHED,0.15,inside,768.05,766.88,766.88,769.02,764.75,0.556,60.8,0.032,0,2026-07-27,2026-07-28,False,False,5.0,2026-07-28T15:54:29+05:30
FORTIS,946.93,TOUCHED,-0.16,inside,945.45,946.93,946.93,949.25,944.62,0.489,60.8,0.034,0,2026-07-27,2026-07-28,False,False,5.0,2026-07-28T15:54:29+05:30
LENSKART,566.35,TOUCHED,-2.07,below,554.65,566.35,568.23,570.12,566.35,0.663,60.9,0.031,0,2026-07-27,2026-07-28,False,False,5.0,2026-07-28T15:54:29+05:30
AJANTPHARM,3395.47,TOUCHED,-1.56,below,3342.4,3395.47,3404.83,3414.2,3395.47,0.55,61.1,0.036,0,2026-07-27,2026-07-28,False,False,5.0,2026-07-28T15:54:29+05:30
TRAVELFOOD,1287.45,TOUCHED,0.07,above,1288.3,1287.45,1283.77,1287.45,1280.08,0.574,62.5,0.031,0,2026-07-27,2026-07-28,False,False,5.0,2026-07-28T15:54:29+05:30
ANURAS,1226.08,TOUCHED,-0.63,below,1218.4,1226.08,1228.87,1231.65,1226.08,0.453,63.8,0.024,0,2026-07-27,2026-07-28,False,False,5.0,2026-07-28T15:54:29+05:30
UNOMINDA,1158.77,TOUCHED,0.44,above,1163.9,1158.77,1155.13,1158.77,1151.5,0.629,63.8,0.05,0,2026-07-27,2026-07-28,False,False,5.0,2026-07-28T15:54:29+05:30
ANGELONE,305.38,TOUCHED,-0.91,below,302.6,305.38,306.55,307.73,305.38,0.767,64.4,0.036,0,2026-07-27,2026-07-28,False,False,5.0,2026-07-28T15:54:29+05:30
CGCL,242.02,TOUCHED,-5.7,below,228.22,242.02,242.77,243.52,242.02,0.616,64.4,0.049,0,2026-07-27,2026-07-28,False,False,5.0,2026-07-28T15:54:29+05:30
GLAXO,2543.78,TOUCHED,3.49,above,2632.6,2543.78,2536.37,2543.78,2528.95,0.585,64.4,0.026,0,2026-07-27,2026-07-28,False,False,5.0,2026-07-28T15:54:29+05:30
HSCL,782.52,TOUCHED,-4.2,below,749.65,782.52,785.17,787.81,782.52,0.673,64.4,0.035,0,2026-07-27,2026-07-28,False,False,5.0,2026-07-28T15:54:29+05:30
TARIL,298.47,TOUCHED,-0.96,below,295.6,298.47,299.82,301.16,298.47,0.895,64.7,0.054,0,2026-07-27,2026-07-28,False,False,5.0,2026-07-28T15:54:29+05:30
GRSE,2614.50,TOUCHED,-0.15,below,2610.7,2614.5,2625.5,2636.5,2614.5,0.838,64.9,0.067,0,2026-07-27,2026-07-28,False,False,5.0,2026-07-28T15:54:29+05:30
THELEELA,477.13,TOUCHED,-0.32,below,475.6,477.13,478.65,480.18,477.13,0.637,64.9,0.033,0,2026-07-27,2026-07-28,False,False,5.0,2026-07-28T15:54:29+05:30
PREMIERENE,1030.20,TOUCHED,-1.29,below,1016.9,1030.2,1033.43,1036.67,1030.2,0.626,65.2,0.029,0,2026-07-27,2026-07-28,False,False,5.0,2026-07-28T15:54:29+05:30
ICICIPRULI,508.62,TOUCHED,0.29,above,510.1,508.62,507.43,508.62,506.25,0.466,65.5,0.023,0,2026-07-27,2026-07-28,False,False,5.0,2026-07-28T15:54:29+05:30
WELSPUNLIV,164.12,TOUCHED,-2.37,below,160.23,164.12,164.71,165.3,164.12,0.716,65.5,0.042,0,2026-07-27,2026-07-28,False,False,5.0,2026-07-28T15:54:29+05:30
CIEINDIA,414.51,TOUCHED,-1.5,below,408.3,414.51,415.62,416.73,414.51,0.533,65.8,0.029,0,2026-07-27,2026-07-28,False,False,5.0,2026-07-28T15:54:29+05:30
PARADEEP,136.50,TOUCHED,1.99,above,139.21,136.5,135.88,136.5,135.26,0.913,66.0,0.04,0,2026-07-27,2026-07-28,False,False,5.0,2026-07-28T15:54:29+05:30
MEESHO,182.87,TOUCHED,-0.76,below,181.48,182.87,183.64,184.42,182.87,0.84,66.9,0.029,0,2026-07-27,2026-07-28,False,False,5.0,2026-07-28T15:54:29+05:30
ICICIBANK,1438.90,TOUCHED,-0.56,below,1430.8,1438.9,1441.17,1443.43,1438.9,0.315,67.1,0.023,0,2026-07-27,2026-07-28,False,False,5.0,2026-07-28T15:54:29+05:30
ALKEM,5648.25,TOUCHED,0.06,above,5651.5,5648.25,5636.5,5648.25,5624.75,0.417,67.4,0.026,0,2026-07-27,2026-07-28,False,False,5.0,2026-07-28T15:54:29+05:30
CUB,223.80,TOUCHED,6.41,above,238.14,223.8,223.01,223.8,222.23,0.701,67.4,0.034,0,2026-07-27,2026-07-28,False,False,5.0,2026-07-28T15:54:29+05:30
ENRIN,3233.50,TOUCHED,-1.63,below,3180.9,3233.5,3243.87,3254.23,3233.5,0.639,67.4,0.025,0,2026-07-27,2026-07-28,False,False,5.0,2026-07-28T15:54:29+05:30
ZEEL,107.65,TOUCHED,-0.07,below,107.57,107.65,108.05,108.46,107.65,0.747,67.4,0.045,0,2026-07-27,2026-07-28,False,False,5.0,2026-07-28T15:54:29+05:30
PNBHOUSING,1071.87,TOUCHED,-0.23,inside,1069.4,1071.87,1071.87,1075.18,1068.55,0.619,67.7,0.027,0,2026-07-27,2026-07-28,False,False,5.0,2026-07-28T15:54:29+05:30
CCL,1185.40,TOUCHED,0.24,above,1188.2,1185.4,1181.73,1185.4,1178.07,0.621,67.9,0.015,0,2026-07-27,2026-07-28,False,False,5.0,2026-07-28T15:54:29+05:30
DEVYANI,114.85,TOUCHED,-0.99,below,113.72,114.85,115.26,115.66,114.85,0.697,68.2,0.04,0,2026-07-27,2026-07-28,False,False,5.0,2026-07-28T15:54:29+05:30
M&M,3230.03,TOUCHED,1.27,above,3271.2,3230.03,3221.47,3230.03,3212.9,0.532,68.2,0.026,0,2026-07-27,2026-07-28,False,False,5.0,2026-07-28T15:54:29+05:30
ZYDUSLIFE,1110.57,TOUCHED,-1.02,below,1099.2,1110.57,1112.93,1115.3,1110.57,0.425,68.2,0.024,0,2026-07-27,2026-07-28,False,False,5.0,2026-07-28T15:54:29+05:30
COLPAL,2131.87,TOUCHED,0.29,above,2138.1,2131.87,2127.13,2131.87,2122.4,0.445,68.5,0.024,0,2026-07-27,2026-07-28,False,False,5.0,2026-07-28T15:54:29+05:30
PRESTIGE,1638.82,TOUCHED,2.65,above,1682.3,1638.82,1633.03,1638.82,1627.25,0.708,68.5,0.055,0,2026-07-27,2026-07-28,False,False,5.0,2026-07-28T15:54:29+05:30
PATANJALI,344.55,TOUCHED,-0.46,below,342.95,344.55,345.32,346.08,344.55,0.444,68.8,0.019,0,2026-07-27,2026-07-28,False,False,5.0,2026-07-28T15:54:29+05:30
GLAND,2419.10,TOUCHED,0.38,above,2428.3,2419.1,2411.1,2419.1,2403.1,0.664,69.0,0.04,0,2026-07-27,2026-07-28,False,False,5.0,2026-07-28T15:54:29+05:30
ANTHEM,785.48,TOUCHED,-0.2,inside,783.9,785.48,785.48,788.02,782.95,0.645,69.3,0.042,0,2026-07-27,2026-07-28,False,False,5.0,2026-07-28T15:54:29+05:30
CHOLAHLDNG,1531.90,TOUCHED,-1.1,below,1515.0,1531.9,1537.3,1542.7,1531.9,0.703,69.3,0.026,0,2026-07-27,2026-07-28,False,False,5.0,2026-07-28T15:54:29+05:30
GODREJPROP,2061.17,TOUCHED,3.66,above,2136.6,2061.17,2053.54,2061.17,2045.91,0.743,69.9,0.048,0,2026-07-27,2026-07-28,False,False,5.0,2026-07-28T15:54:29+05:30
LICHSGFIN,547.30,TOUCHED,-0.29,below,545.7,547.3,548.78,550.27,547.3,0.541,69.9,0.021,0,2026-07-27,2026-07-28,False,False,5.0,2026-07-28T15:54:29+05:30
CYIENT,833.45,TOUCHED,0.55,above,838.0,833.45,830.7,833.45,827.95,0.662,70.1,0.024,0,2026-07-27,2026-07-28,False,False,5.0,2026-07-28T15:54:29+05:30
RHIM,402.52,TOUCHED,-2.65,below,391.85,402.52,404.0,405.48,402.52,0.73,70.1,0.029,0,2026-07-27,2026-07-28,False,False,5.0,2026-07-28T15:54:29+05:30
TATATECH,719.45,TOUCHED,2.66,above,738.6,719.45,717.4,719.45,715.35,0.572,70.4,0.033,0,2026-07-27,2026-07-28,False,False,5.0,2026-07-28T15:54:29+05:30
CANHLIFE,145.50,TOUCHED,-2.63,below,141.67,145.5,146.0,146.49,145.5,0.676,70.5,0.023,0,2026-07-27,2026-07-28,False,False,5.0,2026-07-28T15:54:29+05:30
PFIZER,4680.92,TOUCHED,0.64,above,4710.7,4680.92,4669.23,4680.92,4657.55,0.5,71.0,0.023,0,2026-07-27,2026-07-28,False,False,5.0,2026-07-28T15:54:29+05:30
SAIL,164.30,TOUCHED,0.94,above,165.85,164.3,163.74,164.3,163.18,0.684,71.0,0.026,0,2026-07-27,2026-07-28,False,False,5.0,2026-07-28T15:54:29+05:30
BEML,1765.10,TOUCHED,-0.33,inside,1759.2,1765.1,1765.1,1772.6,1757.6,0.85,71.8,0.028,0,2026-07-27,2026-07-28,False,False,5.0,2026-07-28T15:54:29+05:30
NAM-INDIA,1149.12,TOUCHED,0.1,above,1150.3,1149.12,1144.33,1149.12,1139.55,0.836,71.8,0.035,0,2026-07-27,2026-07-28,False,False,5.0,2026-07-28T15:54:29+05:30
SAMMAANCAP,163.51,TOUCHED,-0.15,inside,163.27,163.51,163.51,164.24,162.78,0.887,71.8,0.04,0,2026-07-27,2026-07-28,False,False,5.0,2026-07-28T15:54:29+05:30
FORCEMOT,17362.00,TOUCHED,-0.95,below,17197.0,17362.0,17456.0,17550.0,17362.0,1.077,72.1,0.052,0,2026-07-27,2026-07-28,False,False,5.0,2026-07-28T15:54:29+05:30
KEC,466.41,TOUCHED,-0.09,below,466.0,466.41,468.22,470.02,466.41,0.772,72.1,0.023,0,2026-07-27,2026-07-28,False,False,5.0,2026-07-28T15:54:29+05:30
SCHAEFFLER,4147.65,TOUCHED,-0.07,below,4144.6,4147.65,4160.27,4172.88,4147.65,0.607,72.1,0.037,0,2026-07-27,2026-07-28,False,False,5.0,2026-07-28T15:54:29+05:30
TATACAP,349.52,TOUCHED,1.55,above,354.95,349.52,348.5,349.52,347.47,0.588,72.1,0.016,0,2026-07-27,2026-07-28,False,False,5.0,2026-07-28T15:54:29+05:30
3MINDIA,35293.33,TOUCHED,-0.58,below,35090.0,35293.33,35391.67,35490.0,35293.33,0.556,72.6,0.028,0,2026-07-27,2026-07-28,False,False,5.0,2026-07-28T15:54:29+05:30
360ONE,1124.23,TOUCHED,0.36,inside,1128.3,1124.23,1124.23,1128.47,1120.0,0.753,73.2,0.034,0,2026-07-27,2026-07-28,False,False,5.0,2026-07-28T15:54:29+05:30
LTF,310.03,TOUCHED,0.31,inside,311.0,310.03,310.03,311.14,308.93,0.715,73.2,0.03,0,2026-07-27,2026-07-28,False,False,5.0,2026-07-28T15:54:29+05:30
ACC,1348.50,TOUCHED,-0.5,below,1341.8,1348.5,1351.7,1354.9,1348.5,0.473,73.4,0.033,0,2026-07-27,2026-07-28,False,False,5.0,2026-07-28T15:54:29+05:30
LALPATHLAB,1832.78,TOUCHED,-1.5,below,1805.2,1832.78,1838.37,1843.95,1832.78,0.607,73.4,0.044,0,2026-07-27,2026-07-28,False,False,5.0,2026-07-28T15:54:29+05:30
GPIL,236.74,TOUCHED,3.7,above,245.5,236.74,235.73,236.74,234.72,0.855,73.7,0.022,0,2026-07-27,2026-07-28,False,False,5.0,2026-07-28T15:54:29+05:30
IGIL,331.16,TOUCHED,-0.73,below,328.75,331.16,332.62,334.07,331.16,0.877,73.7,0.028,0,2026-07-27,2026-07-28,False,False,5.0,2026-07-28T15:54:29+05:30
KAJARIACER,1224.00,TOUCHED,-1.22,below,1209.1,1224.0,1228.0,1232.0,1224.0,0.651,74.0,0.029,0,2026-07-27,2026-07-28,False,False,5.0,2026-07-28T15:54:29+05:30
PFC,418.68,TOUCHED,0.29,above,419.9,418.68,417.27,418.68,415.85,0.679,74.0,0.04,0,2026-07-27,2026-07-28,False,False,5.0,2026-07-28T15:54:29+05:30
SYNGENE,409.88,TOUCHED,-0.18,below,409.15,409.88,411.2,412.53,409.88,0.644,74.2,0.025,0,2026-07-27,2026-07-28,False,False,5.0,2026-07-28T15:54:29+05:30
ITCHOTELS,163.72,TOUCHED,-1.66,below,161.01,163.72,164.29,164.86,163.72,0.692,74.5,0.037,0,2026-07-27,2026-07-28,False,False,5.0,2026-07-28T15:54:29+05:30
ZENTEC,1665.55,TOUCHED,-1.5,below,1640.6,1665.55,1673.1,1680.65,1665.55,0.903,74.5,0.015,0,2026-07-27,2026-07-28,False,False,5.0,2026-07-28T15:54:29+05:30
VBL,459.70,TOUCHED,-6.46,below,430.0,459.7,461.3,462.9,459.7,0.694,75.1,0.03,0,2026-07-27,2026-07-28,False,False,5.0,2026-07-28T15:54:29+05:30
HOMEFIRST,1187.52,TOUCHED,-0.55,below,1181.0,1187.52,1192.53,1197.55,1187.52,0.841,75.6,0.042,0,2026-07-27,2026-07-28,False,False,5.0,2026-07-28T15:54:29+05:30
AIAENG,4605.67,TOUCHED,-0.06,inside,4603.0,4605.67,4605.67,4620.08,4591.25,0.626,75.9,0.041,0,2026-07-27,2026-07-28,False,False,5.0,2026-07-28T15:54:29+05:30
NUVOCO,352.46,TOUCHED,-0.57,below,350.45,352.46,353.77,355.08,352.46,0.74,75.9,0.039,0,2026-07-27,2026-07-28,False,False,5.0,2026-07-28T15:54:29+05:30
SBILIFE,1862.35,TOUCHED,1.44,above,1889.1,1862.35,1857.9,1862.35,1853.45,0.479,75.9,0.017,0,2026-07-27,2026-07-28,False,False,5.0,2026-07-28T15:54:29+05:30
MAXHEALTH,1106.60,TOUCHED,-0.16,inside,1104.8,1106.6,1106.6,1110.6,1102.6,0.723,76.2,0.037,0,2026-07-27,2026-07-28,False,False,5.0,2026-07-28T15:54:29+05:30
STARHEALTH,585.60,TOUCHED,-0.27,below,584.0,585.6,587.75,589.9,585.6,0.732,76.4,0.026,0,2026-07-27,2026-07-28,False,False,5.0,2026-07-28T15:54:29+05:30
LATENTVIEW,311.32,TOUCHED,0.24,inside,312.05,311.32,311.32,312.58,310.05,0.814,76.7,0.032,0,2026-07-27,2026-07-28,False,False,5.0,2026-07-28T15:54:29+05:30
AUBANK,1045.07,TOUCHED,0.25,inside,1047.7,1045.07,1045.07,1048.63,1041.5,0.683,77.0,0.016,0,2026-07-27,2026-07-28,False,False,5.0,2026-07-28T15:54:29+05:30
PIRAMALFIN,2053.57,TOUCHED,-2.33,below,2005.8,2053.57,2062.33,2071.1,2053.57,0.85,77.2,0.055,0,2026-07-27,2026-07-28,False,False,5.0,2026-07-28T15:54:29+05:30
AEGISVOPAK,298.89,TOUCHED,-2.15,below,292.46,298.89,300.42,301.95,298.89,1.022,77.5,0.038,0,2026-07-27,2026-07-28,False,False,5.0,2026-07-28T15:54:29+05:30
RBLBANK,361.40,TOUCHED,0.97,above,364.9,361.4,359.95,361.4,358.5,0.806,77.5,0.032,0,2026-07-27,2026-07-28,False,False,5.0,2026-07-28T15:54:29+05:30
TTML,39.63,TOUCHED,-1.65,below,38.98,39.63,39.79,39.94,39.63,0.779,77.8,0.046,0,2026-07-27,2026-07-28,False,False,5.0,2026-07-28T15:54:29+05:30
TEJASNET,504.85,TOUCHED,-2.09,below,494.3,504.85,507.58,510.32,504.85,1.077,78.4,0.042,0,2026-07-27,2026-07-28,False,False,5.0,2026-07-28T15:54:29+05:30
BBTC,1491.58,TOUCHED,0.01,above,1491.7,1491.58,1486.57,1491.58,1481.55,0.675,78.6,0.032,0,2026-07-27,2026-07-28,False,False,5.0,2026-07-28T15:54:29+05:30
BIKAJI,634.68,TOUCHED,-0.11,below,633.95,634.68,636.87,639.06,634.68,0.688,78.6,0.02,0,2026-07-27,2026-07-28,False,False,5.0,2026-07-28T15:54:29+05:30
MEDANTA,1396.17,TOUCHED,0.37,inside,1401.3,1396.17,1396.17,1401.68,1390.65,0.79,78.6,0.028,0,2026-07-27,2026-07-28,False,False,5.0,2026-07-28T15:54:29+05:30
TATACOMM,1754.95,TOUCHED,0.54,above,1764.5,1754.95,1748.37,1754.95,1741.78,0.753,78.9,0.022,0,2026-07-27,2026-07-28,False,False,5.0,2026-07-28T15:54:29+05:30
TIINDIA,2823.23,TOUCHED,0.07,inside,2825.3,2823.23,2823.23,2836.27,2810.2,0.923,79.2,0.038,0,2026-07-27,2026-07-28,False,False,5.0,2026-07-28T15:54:29+05:30
MARUTI,13696.83,TOUCHED,0.77,above,13802.0,13696.83,13663.67,13696.83,13630.5,0.485,79.7,0.017,0,2026-07-27,2026-07-28,False,False,5.0,2026-07-28T15:54:29+05:30
HFCL,193.69,TOUCHED,-2.74,below,188.39,193.69,194.85,196.0,193.69,1.184,80.0,0.028,0,2026-07-27,2026-07-28,False,False,5.0,2026-07-28T15:54:29+05:30
SRF,2640.32,TOUCHED,-0.26,below,2633.4,2640.32,2649.13,2657.95,2640.32,0.666,80.0,0.031,0,2026-07-27,2026-07-28,False,False,5.0,2026-07-28T15:54:29+05:30
NEWGEN,514.08,TOUCHED,2.21,above,525.45,514.08,511.48,514.08,508.89,1.013,80.3,0.034,0,2026-07-27,2026-07-28,False,False,5.0,2026-07-28T15:54:29+05:30
BAJFINANCE,1044.97,TOUCHED,0.33,above,1048.4,1044.97,1041.63,1044.97,1038.3,0.64,80.8,0.027,0,2026-07-27,2026-07-28,False,False,5.0,2026-07-28T15:54:29+05:30
JINDALSAW,254.75,TOUCHED,0.94,above,257.15,254.75,253.45,254.75,252.15,1.026,81.6,0.043,0,2026-07-27,2026-07-28,False,False,5.0,2026-07-28T15:54:29+05:30
MAPMYINDIA,1137.39,TOUCHED,-0.11,below,1136.15,1137.39,1142.68,1147.97,1137.39,0.926,81.6,0.027,0,2026-07-27,2026-07-28,False,False,5.0,2026-07-28T15:54:29+05:30
VIJAYA,1344.87,TOUCHED,1.06,above,1359.1,1344.87,1338.93,1344.87,1333.0,0.886,81.6,0.037,0,2026-07-27,2026-07-28,False,False,5.0,2026-07-28T15:54:29+05:30
J&KBANK,176.68,TOUCHED,0.35,above,177.3,176.68,175.85,176.68,175.03,0.942,82.2,0.029,0,2026-07-27,2026-07-28,False,False,5.0,2026-07-28T15:54:29+05:30
GAIL,173.65,TOUCHED,0.86,above,175.15,173.65,173.08,173.65,172.5,0.666,82.7,0.015,0,2026-07-27,2026-07-28,False,False,5.0,2026-07-28T15:54:29+05:30
FIVESTAR,548.25,TOUCHED,2.38,above,561.3,548.25,545.58,548.25,542.92,0.978,83.0,0.036,0,2026-07-27,2026-07-28,False,False,5.0,2026-07-28T15:54:29+05:30
DIVISLAB,7389.25,TOUCHED,0.48,above,7425.0,7389.25,7364.5,7389.25,7339.75,0.672,83.3,0.024,0,2026-07-27,2026-07-28,False,False,5.0,2026-07-28T15:54:29+05:30
BOSCHLTD,41382.50,TOUCHED,-0.18,below,41310.0,41382.5,41515.0,41647.5,41382.5,0.638,83.8,0.031,0,2026-07-27,2026-07-28,False,False,5.0,2026-07-28T15:54:29+05:30
VMM,109.33,TOUCHED,0.23,inside,109.58,109.33,109.33,109.82,108.84,0.896,84.1,0.026,0,2026-07-27,2026-07-28,False,False,5.0,2026-07-28T15:54:29+05:30
NCC,140.41,TOUCHED,-1.93,below,137.7,140.41,140.99,141.56,140.41,0.818,84.4,0.027,0,2026-07-27,2026-07-28,False,False,5.0,2026-07-28T15:54:29+05:30
INTELLECT,726.42,TOUCHED,-0.3,inside,724.25,726.42,726.42,730.77,722.06,1.2,84.7,0.042,0,2026-07-27,2026-07-28,False,False,5.0,2026-07-28T15:54:29+05:30
CANFINHOME,819.95,TOUCHED,-0.35,inside,817.05,819.95,819.95,823.52,816.37,0.872,85.5,0.021,0,2026-07-27,2026-07-28,False,False,5.0,2026-07-28T15:54:29+05:30
LLOYDSME,1982.50,TOUCHED,-0.17,below,1979.1,1982.5,1993.3,2004.1,1982.5,1.084,85.5,0.043,0,2026-07-27,2026-07-28,False,False,5.0,2026-07-28T15:54:29+05:30
IKS,1818.67,TOUCHED,0.05,above,1819.6,1818.67,1808.33,1818.67,1798.0,1.143,85.8,0.02,0,2026-07-27,2026-07-28,False,False,5.0,2026-07-28T15:54:29+05:30
INDGN,505.77,TOUCHED,0.54,above,508.5,505.77,503.48,505.77,501.2,0.907,86.3,0.022,0,2026-07-27,2026-07-28,False,False,5.0,2026-07-28T15:54:29+05:30
KALYANKJIL,574.00,TOUCHED,5.98,above,608.35,574.0,570.87,574.0,567.73,1.098,86.6,0.039,0,2026-07-27,2026-07-28,False,False,5.0,2026-07-28T15:54:29+05:30
SAILIFE,1280.38,TOUCHED,1.57,above,1300.5,1280.38,1273.77,1280.38,1267.15,1.039,86.8,0.042,0,2026-07-27,2026-07-28,False,False,5.0,2026-07-28T15:54:29+05:30
NETWEB,4327.20,TOUCHED,1.58,above,4395.7,4327.2,4292.2,4327.2,4257.2,1.631,87.1,0.054,0,2026-07-27,2026-07-28,False,False,5.0,2026-07-28T15:54:29+05:30
PWL,125.00,TOUCHED,-0.64,inside,124.2,125.0,125.0,125.96,124.04,1.528,87.3,0.07,0,2026-07-27,2026-07-28,False,False,5.0,2026-07-28T15:54:29+05:30
CRISIL,4465.88,TOUCHED,0.54,above,4489.9,4465.88,4445.47,4465.88,4425.05,0.919,87.4,0.049,0,2026-07-27,2026-07-28,False,False,5.0,2026-07-28T15:54:29+05:30
JINDALSTEL,1056.63,TOUCHED,-0.21,inside,1054.4,1056.63,1056.63,1061.17,1052.1,0.858,87.7,0.034,0,2026-07-27,2026-07-28,False,False,5.0,2026-07-28T15:54:29+05:30
ANANTRAJ,607.60,TOUCHED,0.39,inside,609.95,607.6,607.6,612.25,602.95,1.531,87.9,0.086,0,2026-07-27,2026-07-28,False,False,5.0,2026-07-28T15:54:29+05:30
GABRIEL,1409.00,TOUCHED,-0.09,below,1407.8,1409.0,1418.6,1428.2,1409.0,1.353,87.9,0.033,0,2026-07-27,2026-07-28,False,False,5.0,2026-07-28T15:54:29+05:30
RECLTD,366.39,TOUCHED,0.56,above,368.45,366.39,364.63,366.39,362.88,0.964,87.9,0.016,0,2026-07-27,2026-07-28,False,False,5.0,2026-07-28T15:54:29+05:30
RKFORGE,622.06,TOUCHED,1.38,above,630.65,622.06,618.67,622.06,615.27,1.096,88.5,0.048,0,2026-07-27,2026-07-28,False,False,5.0,2026-07-28T15:54:29+05:30
ATUL,6694.00,TOUCHED,-0.66,below,6650.0,6694.0,6725.83,6757.67,6694.0,0.947,88.8,0.016,0,2026-07-27,2026-07-28,False,False,5.0,2026-07-28T15:54:29+05:30
SAREGAMA,511.93,TOUCHED,2.41,above,524.25,511.93,509.02,511.93,506.1,1.146,89.0,0.038,0,2026-07-27,2026-07-28,False,False,5.0,2026-07-28T15:54:29+05:30
CHALET,842.13,TOUCHED,0.24,above,844.15,842.13,837.77,842.13,833.4,1.042,89.3,0.023,0,2026-07-27,2026-07-28,False,False,5.0,2026-07-28T15:54:29+05:30
CHENNPETRO,1187.87,TOUCHED,-0.62,inside,1180.5,1187.87,1187.87,1197.4,1178.33,1.605,90.1,0.027,0,2026-07-27,2026-07-28,False,False,5.0,2026-07-28T15:54:29+05:30
TEGA,1518.92,TOUCHED,-1.18,below,1501.0,1518.92,1527.33,1535.75,1518.92,1.102,90.4,0.043,0,2026-07-27,2026-07-28,False,False,5.0,2026-07-28T15:54:29+05:30
WELCORP,1631.95,TOUCHED,0.68,above,1643.1,1631.95,1621.23,1631.95,1610.52,1.322,91.2,0.051,0,2026-07-27,2026-07-28,False,False,5.0,2026-07-28T15:54:29+05:30
EXIDEIND,429.26,TOUCHED,-1.36,below,423.4,429.26,431.52,433.77,429.26,1.047,91.5,0.027,0,2026-07-27,2026-07-28,False,False,5.0,2026-07-28T15:54:29+05:30
SYRMA,1297.23,TOUCHED,0.68,inside,1306.0,1297.23,1297.23,1306.72,1287.75,1.462,91.5,0.045,0,2026-07-27,2026-07-28,False,False,5.0,2026-07-28T15:54:29+05:30
AEGISLOG,1301.20,TOUCHED,-2.37,below,1270.4,1301.2,1311.1,1321.0,1301.2,1.51,91.8,0.033,0,2026-07-27,2026-07-28,False,False,5.0,2026-07-28T15:54:29+05:30
APARINDS,13719.00,TOUCHED,-1.74,below,13480.0,13719.0,13829.67,13940.33,13719.0,1.6,92.1,0.054,0,2026-07-27,2026-07-28,False,False,5.0,2026-07-28T15:54:29+05:30
PVRINOX,1116.78,TOUCHED,0.12,above,1118.15,1116.78,1110.37,1116.78,1103.95,1.156,92.1,0.03,0,2026-07-27,2026-07-28,False,False,5.0,2026-07-28T15:54:29+05:30
CEMPRO,1380.92,TOUCHED,-2.91,below,1340.8,1380.92,1392.83,1404.75,1380.92,1.711,94.0,0.04,0,2026-07-27,2026-07-28,False,False,5.0,2026-07-28T15:54:29+05:30
MSUMI,41.50,TOUCHED,0.06,above,41.52,41.5,41.25,41.5,41.01,1.18,94.0,0.031,0,2026-07-27,2026-07-28,False,False,5.0,2026-07-28T15:54:29+05:30
DEEPAKFERT,1622.83,TOUCHED,1.51,above,1647.4,1622.83,1611.17,1622.83,1599.5,1.448,94.2,0.044,0,2026-07-27,2026-07-28,False,False,5.0,2026-07-28T15:54:29+05:30
SAGILITY,42.95,TOUCHED,0.49,above,43.16,42.95,42.61,42.95,42.27,1.604,95.1,0.045,0,2026-07-27,2026-07-28,False,False,5.0,2026-07-28T15:54:29+05:30
ENDURANCE,2696.30,TOUCHED,0.4,inside,2707.1,2696.3,2696.3,2714.55,2678.05,1.354,95.6,0.046,0,2026-07-27,2026-07-28,False,False,5.0,2026-07-28T15:54:29+05:30
CAPLIPOINT,2581.13,TOUCHED,0.28,inside,2588.3,2581.13,2581.13,2601.27,2561.0,1.56,95.9,0.037,0,2026-07-27,2026-07-28,False,False,5.0,2026-07-28T15:54:29+05:30
KIRLOSENG,2219.50,TOUCHED,-1.23,below,2192.2,2219.5,2240.7,2261.9,2219.5,1.892,96.2,0.035,0,2026-07-27,2026-07-28,False,False,5.0,2026-07-28T15:54:29+05:30
REDINGTON,275.44,TOUCHED,0.95,above,278.05,275.44,272.73,275.44,270.03,1.986,96.2,0.039,0,2026-07-27,2026-07-28,False,False,5.0,2026-07-28T15:54:29+05:30
SUPREMEIND,3387.73,TOUCHED,0.23,inside,3395.4,3387.73,3387.73,3412.5,3362.97,1.462,96.2,0.041,0,2026-07-27,2026-07-28,False,False,5.0,2026-07-28T15:54:29+05:30
TBOTEK,1506.13,TOUCHED,0.16,above,1508.6,1506.13,1493.07,1506.13,1480.0,1.75,96.4,0.034,0,2026-07-27,2026-07-28,False,False,5.0,2026-07-28T15:54:29+05:30
