symbol,status,type,distance_pct,trend,ltp,virgin_level,pivot,tc,bc,width_pct,width_percentile,narrow_threshold_pct,days_virgin,source_date,session_date,is_virgin,is_narrow,narrow_percentile_used,scanned_at
BAJAJFINSV,1743.32,V+N,-2.03,below,1708.0,1743.32,1743.33,1743.35,1743.32,0.002,1.6,0.015,1,2026-10-07,2026-10-08,True,True,5.0,2026-10-08T17:14:25+05:30
ENDURANCE,2512.85,V+N,-3.16,below,2433.5,2512.85,2513.03,2513.22,2512.85,0.015,2.2,0.042,1,2026-10-07,2026-10-08,True,True,5.0,2026-10-08T17:14:25+05:30
SBILIFE,1726.12,V+N,-2.53,below,1682.5,1726.12,1726.13,1726.15,1726.12,0.002,2.2,0.013,1,2026-10-07,2026-10-08,True,True,5.0,2026-10-08T17:14:25+05:30
PARADEEP,155.39,V+N,-3.11,below,150.55,155.39,155.39,155.4,155.39,0.006,2.5,0.029,1,2026-10-07,2026-10-08,True,True,5.0,2026-10-08T17:14:25+05:30
BHARTIHEXA,1462.18,V+W,2.63,above,1500.7,1462.18,1446.47,1462.18,1430.75,2.173,99.7,0.037,1,2026-10-07,2026-10-08,True,False,5.0,2026-10-08T17:14:25+05:30
REDINGTON,406.25,V,-4.49,below,388.0,406.25,406.33,406.42,406.25,0.041,6.6,0.038,1,2026-10-07,2026-10-08,True,False,5.0,2026-10-08T17:14:25+05:30
APLAPOLLO,2135.27,V,-4.46,below,2040.0,2135.27,2135.53,2135.8,2135.27,0.025,8.2,0.016,1,2026-10-07,2026-10-08,True,False,5.0,2026-10-08T17:14:25+05:30
TORNTPOWER,1235.5,V,-1.69,below,1214.6,1235.5,1235.83,1236.17,1235.5,0.054,8.8,0.025,1,2026-10-07,2026-10-08,True,False,5.0,2026-10-08T17:14:25+05:30
NSLNISP,40.57,V,-3.62,below,39.1,40.57,40.59,40.6,40.57,0.09,10.1,0.032,1,2026-10-07,2026-10-08,True,False,5.0,2026-10-08T17:14:25+05:30
SANSERA,4264.0,V,-3.16,below,4129.4,4264.0,4266.3,4268.6,4264.0,0.108,11.2,0.042,1,2026-10-07,2026-10-08,True,False,5.0,2026-10-08T17:14:25+05:30
JUBLFOOD,460.83,V,-7.21,below,427.6,460.83,461.05,461.27,460.83,0.098,12.9,0.015,1,2026-10-07,2026-10-08,True,False,5.0,2026-10-08T17:14:25+05:30
PINELABS,177.82,V,-4.52,below,169.79,177.82,177.97,178.12,177.82,0.169,13.7,0.048,1,2026-10-07,2026-10-08,True,False,5.0,2026-10-08T17:14:25+05:30
BPCL,296.47,V,-3.45,below,286.25,296.47,296.58,296.7,296.47,0.079,14.0,0.021,1,2026-10-07,2026-10-08,True,False,5.0,2026-10-08T17:14:25+05:30
ICICIGI,1589.27,V,2.19,above,1624.0,1589.27,1588.53,1589.27,1587.8,0.092,15.6,0.02,1,2026-10-07,2026-10-08,True,False,5.0,2026-10-08T17:14:25+05:30
AUROPHARMA,1682.9,V,-2.25,below,1645.0,1682.9,1683.8,1684.7,1682.9,0.107,17.8,0.036,1,2026-10-07,2026-10-08,True,False,5.0,2026-10-08T17:14:25+05:30
VMM,100.56,V,-3.54,below,97.0,100.56,100.63,100.69,100.56,0.126,18.9,0.027,1,2026-10-07,2026-10-08,True,False,5.0,2026-10-08T17:14:25+05:30
PAGEIND,37591.67,V,-3.04,below,36450.0,37591.67,37613.33,37635.0,37591.67,0.115,20.5,0.024,1,2026-10-07,2026-10-08,True,False,5.0,2026-10-08T17:14:25+05:30
NUVAMA,1821.95,V,-4.64,below,1737.4,1821.95,1823.27,1824.58,1821.95,0.144,20.8,0.025,1,2026-10-07,2026-10-08,True,False,5.0,2026-10-08T17:14:25+05:30
PAYTM,1727.05,V,-4.95,below,1641.5,1727.05,1728.7,1730.35,1727.05,0.191,21.9,0.035,1,2026-10-07,2026-10-08,True,False,5.0,2026-10-08T17:14:25+05:30
GRSE,2105.02,V,-4.32,below,2014.0,2105.02,2108.03,2111.05,2105.02,0.286,22.2,0.067,1,2026-10-07,2026-10-08,True,False,5.0,2026-10-08T17:14:25+05:30
THERMAX,3233.13,V,-2.94,below,3138.1,3233.13,3235.87,3238.6,3233.13,0.169,23.0,0.022,1,2026-10-07,2026-10-08,True,False,5.0,2026-10-08T17:14:25+05:30
OBEROIRLTY,1737.37,V,-4.26,below,1663.3,1737.37,1738.73,1740.1,1737.37,0.157,23.3,0.041,1,2026-10-07,2026-10-08,True,False,5.0,2026-10-08T17:14:25+05:30
ITI,246.09,V,-3.62,below,237.18,246.09,246.33,246.58,246.09,0.2,23.6,0.028,1,2026-10-07,2026-10-08,True,False,5.0,2026-10-08T17:14:25+05:30
RVNL,196.06,V,-4.52,below,187.2,196.06,196.26,196.45,196.06,0.197,23.6,0.029,1,2026-10-07,2026-10-08,True,False,5.0,2026-10-08T17:14:25+05:30
TITAGARH,800.68,V,-2.83,below,778.0,800.68,801.62,802.55,800.68,0.233,23.8,0.034,1,2026-10-07,2026-10-08,True,False,5.0,2026-10-08T17:14:25+05:30
JWL,223.82,V,-3.3,below,216.43,223.82,224.09,224.35,223.82,0.235,24.9,0.038,1,2026-10-07,2026-10-08,True,False,5.0,2026-10-08T17:14:25+05:30
SAILIFE,1563.55,V,-3.71,below,1505.6,1563.55,1565.3,1567.05,1563.55,0.224,25.2,0.036,1,2026-10-07,2026-10-08,True,False,5.0,2026-10-08T17:14:25+05:30
NCC,127.0,V,-5.56,below,119.93,127.0,127.11,127.23,127.0,0.184,27.9,0.027,1,2026-10-07,2026-10-08,True,False,5.0,2026-10-08T17:14:25+05:30
JINDALSAW,280.77,V,-3.77,below,270.2,280.77,281.15,281.52,280.77,0.267,28.5,0.032,1,2026-10-07,2026-10-08,True,False,5.0,2026-10-08T17:14:25+05:30
OLAELEC,36.38,V,-4.82,below,34.63,36.38,36.45,36.51,36.38,0.357,29.0,0.063,1,2026-10-07,2026-10-08,True,False,5.0,2026-10-08T17:14:25+05:30
SBIN,954.6,V,-1.53,below,940.0,954.6,955.2,955.8,954.6,0.126,29.9,0.011,1,2026-10-07,2026-10-08,True,False,5.0,2026-10-08T17:14:25+05:30
SAMMAANCAP,133.14,V,-4.0,below,127.82,133.14,133.35,133.55,133.14,0.305,30.4,0.041,1,2026-10-07,2026-10-08,True,False,5.0,2026-10-08T17:14:25+05:30
DEEPAKNTR,1552.18,V,2.06,above,1584.1,1552.18,1550.47,1552.18,1548.75,0.221,31.5,0.028,1,2026-10-07,2026-10-08,True,False,5.0,2026-10-08T17:14:25+05:30
BHARATFORG,1844.18,V,-2.91,below,1790.6,1844.18,1846.57,1848.95,1844.18,0.258,31.8,0.031,1,2026-10-07,2026-10-08,True,False,5.0,2026-10-08T17:14:25+05:30
JIOFIN,216.68,V,-2.62,below,211.0,216.68,216.92,217.17,216.68,0.223,34.0,0.02,1,2026-10-07,2026-10-08,True,False,5.0,2026-10-08T17:14:25+05:30
GODREJPROP,1582.62,V,-3.07,below,1534.0,1582.62,1585.03,1587.45,1582.62,0.305,34.8,0.044,1,2026-10-07,2026-10-08,True,False,5.0,2026-10-08T17:14:25+05:30
GRASIM,2923.87,V,-2.29,below,2856.8,2923.87,2926.63,2929.4,2923.87,0.189,34.8,0.018,1,2026-10-07,2026-10-08,True,False,5.0,2026-10-08T17:14:25+05:30
RPOWER,20.37,V,-2.78,below,19.8,20.37,20.41,20.46,20.37,0.457,37.5,0.065,1,2026-10-07,2026-10-08,True,False,5.0,2026-10-08T17:14:25+05:30
HDFCAMC,2317.7,V,-3.14,below,2245.0,2317.7,2320.6,2323.5,2317.7,0.25,37.8,0.021,1,2026-10-07,2026-10-08,True,False,5.0,2026-10-08T17:14:25+05:30
DRREDDY,1205.03,V,-2.08,below,1180.0,1205.03,1206.27,1207.5,1205.03,0.204,40.0,0.015,1,2026-10-07,2026-10-08,True,False,5.0,2026-10-08T17:14:25+05:30
FACT,748.24,V,-4.08,below,717.75,748.24,749.53,750.82,748.24,0.345,40.8,0.055,1,2026-10-07,2026-10-08,True,False,5.0,2026-10-08T17:14:25+05:30
MARUTI,11463.33,V,-2.05,below,11228.0,11463.33,11476.67,11490.0,11463.33,0.232,41.9,0.015,1,2026-10-07,2026-10-08,True,False,5.0,2026-10-08T17:14:25+05:30
NMDC,72.91,V,-3.04,below,70.69,72.91,73.01,73.12,72.91,0.292,42.2,0.027,1,2026-10-07,2026-10-08,True,False,5.0,2026-10-08T17:14:25+05:30
MUTHOOTFIN,2658.68,V,-3.73,below,2559.6,2658.68,2662.97,2667.25,2658.68,0.322,43.3,0.037,1,2026-10-07,2026-10-08,True,False,5.0,2026-10-08T17:14:25+05:30
RITES,201.07,V,-2.59,below,195.85,201.07,201.39,201.72,201.07,0.324,43.6,0.022,1,2026-10-07,2026-10-08,True,False,5.0,2026-10-08T17:14:25+05:30
KIRLOSENG,2236.63,V,-3.29,below,2163.0,2236.63,2242.47,2248.3,2236.63,0.52,43.8,0.034,1,2026-10-07,2026-10-08,True,False,5.0,2026-10-08T17:14:25+05:30
FIVESTAR,510.47,V,-1.62,below,502.2,510.47,511.58,512.7,510.47,0.437,44.1,0.036,1,2026-10-07,2026-10-08,True,False,5.0,2026-10-08T17:14:25+05:30
GODFRYPHLP,1866.48,V,-5.12,below,1771.0,1866.48,1870.57,1874.65,1866.48,0.437,44.9,0.04,1,2026-10-07,2026-10-08,True,False,5.0,2026-10-08T17:14:25+05:30
HEROMOTOCO,5011.92,V,-3.1,below,4856.5,5011.92,5019.83,5027.75,5011.92,0.315,44.9,0.018,1,2026-10-07,2026-10-08,True,False,5.0,2026-10-08T17:14:25+05:30
MOTILALOFS,1070.26,V,-5.23,below,1014.3,1070.26,1072.62,1074.97,1070.26,0.44,45.2,0.045,1,2026-10-07,2026-10-08,True,False,5.0,2026-10-08T17:14:25+05:30
DLF,657.14,V,-3.07,below,636.95,657.14,658.28,659.43,657.14,0.347,45.8,0.028,1,2026-10-07,2026-10-08,True,False,5.0,2026-10-08T17:14:25+05:30
VOLTAS,1058.7,V,-2.52,below,1032.0,1058.7,1060.6,1062.5,1058.7,0.358,46.8,0.032,1,2026-10-07,2026-10-08,True,False,5.0,2026-10-08T17:14:25+05:30
JSWENERGY,486.36,V,-4.01,below,466.85,486.36,487.27,488.18,486.36,0.373,47.1,0.016,1,2026-10-07,2026-10-08,True,False,5.0,2026-10-08T17:14:25+05:30
AIAENG,3865.1,V,-3.16,below,3742.9,3865.1,3872.2,3879.3,3865.1,0.367,48.5,0.05,1,2026-10-07,2026-10-08,True,False,5.0,2026-10-08T17:14:25+05:30
MAZDOCK,2068.75,V,-3.81,below,1990.0,2068.75,2073.1,2077.45,2068.75,0.42,48.5,0.038,1,2026-10-07,2026-10-08,True,False,5.0,2026-10-08T17:14:25+05:30
IKS,1733.65,V,1.01,above,1751.1,1733.65,1729.9,1733.65,1726.15,0.434,49.9,0.02,1,2026-10-07,2026-10-08,True,False,5.0,2026-10-08T17:14:25+05:30
CAMS,695.87,V,-4.8,below,662.5,695.87,697.15,698.42,695.87,0.366,50.1,0.038,1,2026-10-07,2026-10-08,True,False,5.0,2026-10-08T17:14:25+05:30
ASIANPAINT,2375.3,V,-2.68,below,2311.6,2375.3,2378.5,2381.7,2375.3,0.269,50.4,0.022,1,2026-10-07,2026-10-08,True,False,5.0,2026-10-08T17:14:25+05:30
BAJFINANCE,965.35,V,-0.97,below,955.95,965.35,966.85,968.35,965.35,0.31,51.0,0.029,1,2026-10-07,2026-10-08,True,False,5.0,2026-10-08T17:14:25+05:30
COROMANDEL,1749.55,V,-4.34,below,1673.7,1749.55,1753.6,1757.65,1749.55,0.462,51.2,0.03,1,2026-10-07,2026-10-08,True,False,5.0,2026-10-08T17:14:25+05:30
ENGINERSIN,309.14,V,-6.52,below,289.0,309.14,309.98,310.82,309.14,0.543,51.2,0.037,1,2026-10-07,2026-10-08,True,False,5.0,2026-10-08T17:14:25+05:30
RELIANCE,1209.18,V,-2.58,below,1178.0,1209.18,1210.67,1212.15,1209.18,0.245,51.2,0.024,1,2026-10-07,2026-10-08,True,False,5.0,2026-10-08T17:14:25+05:30
COCHINSHIP,1258.13,V,-4.62,below,1200.0,1258.13,1261.17,1264.2,1258.13,0.481,51.8,0.041,1,2026-10-07,2026-10-08,True,False,5.0,2026-10-08T17:14:25+05:30
ITC,264.8,V,-3.7,below,255.0,264.8,265.1,265.4,264.8,0.226,52.1,0.017,1,2026-10-07,2026-10-08,True,False,5.0,2026-10-08T17:14:25+05:30
HINDPETRO,343.82,V,-5.01,below,326.6,343.82,344.5,345.17,343.82,0.392,52.3,0.03,1,2026-10-07,2026-10-08,True,False,5.0,2026-10-08T17:14:25+05:30
UNOMINDA,1107.18,V,-2.0,below,1085.0,1107.18,1109.57,1111.95,1107.18,0.43,52.6,0.043,1,2026-10-07,2026-10-08,True,False,5.0,2026-10-08T17:14:25+05:30
ULTRACEMCO,10673.17,V,-2.32,below,10426.0,10673.17,10688.33,10703.5,10673.17,0.284,54.0,0.023,1,2026-10-07,2026-10-08,True,False,5.0,2026-10-08T17:14:25+05:30
NAVA,571.87,V,-4.79,below,544.5,571.87,573.28,574.7,571.87,0.494,54.5,0.038,1,2026-10-07,2026-10-08,True,False,5.0,2026-10-08T17:14:25+05:30
VAML,395.14,V,-5.24,below,374.45,395.14,396.28,397.42,395.14,0.576,55.4,0.031,1,2026-10-07,2026-10-08,True,False,5.0,2026-10-08T17:14:25+05:30
EIHOTEL,297.13,V,-2.0,below,291.2,297.13,297.77,298.4,297.13,0.425,56.4,0.026,1,2026-10-07,2026-10-08,True,False,5.0,2026-10-08T17:14:25+05:30
ELECON,442.73,V,-5.82,below,416.95,442.73,444.2,445.68,442.73,0.664,56.7,0.033,1,2026-10-07,2026-10-08,True,False,5.0,2026-10-08T17:14:25+05:30
BOSCHLTD,44490.83,V,-3.0,below,43155.0,44490.83,44571.67,44652.5,44490.83,0.363,57.0,0.026,1,2026-10-07,2026-10-08,True,False,5.0,2026-10-08T17:14:25+05:30
VISL,29.62,V,-3.9,below,28.46,29.62,29.79,29.96,29.62,1.175,57.8,0.0,1,2026-10-07,2026-10-08,True,False,5.0,2026-10-08T17:14:25+05:30
INDHOTEL,732.78,V,-2.88,below,711.65,732.78,734.27,735.75,732.78,0.404,58.9,0.017,1,2026-10-07,2026-10-08,True,False,5.0,2026-10-08T17:14:25+05:30
INDIGO,5000.3,V,-3.74,below,4813.1,5000.3,5010.6,5020.9,5000.3,0.411,59.2,0.029,1,2026-10-07,2026-10-08,True,False,5.0,2026-10-08T17:14:25+05:30
ITCHOTELS,159.53,V,-3.07,below,154.63,159.53,159.89,160.25,159.53,0.45,59.7,0.038,1,2026-10-07,2026-10-08,True,False,5.0,2026-10-08T17:14:25+05:30
IRFC,76.31,V,-2.63,below,74.3,76.31,76.46,76.62,76.31,0.41,60.0,0.021,1,2026-10-07,2026-10-08,True,False,5.0,2026-10-08T17:14:25+05:30
TEJASNET,468.21,V,-3.64,below,451.15,468.21,469.72,471.23,468.21,0.642,60.3,0.046,1,2026-10-07,2026-10-08,True,False,5.0,2026-10-08T17:14:25+05:30
CUMMINSIND,4883.85,V,-2.93,below,4740.9,4883.85,4895.5,4907.15,4883.85,0.476,60.5,0.016,1,2026-10-07,2026-10-08,True,False,5.0,2026-10-08T17:14:25+05:30
CGPOWER,896.8,V,-3.87,below,862.05,896.8,899.1,901.4,896.8,0.512,61.4,0.025,1,2026-10-07,2026-10-08,True,False,5.0,2026-10-08T17:14:25+05:30
M&M,2806.32,V,-1.96,below,2751.2,2806.32,2812.63,2818.95,2806.32,0.449,61.4,0.026,1,2026-10-07,2026-10-08,True,False,5.0,2026-10-08T17:14:25+05:30
GRAPHITE,836.75,V,-4.14,below,802.15,836.75,839.45,842.15,836.75,0.643,61.6,0.023,1,2026-10-07,2026-10-08,True,False,5.0,2026-10-08T17:14:25+05:30
WHIRLPOOL,847.98,V,-2.93,below,823.15,847.98,850.47,852.95,847.98,0.584,62.7,0.043,1,2026-10-07,2026-10-08,True,False,5.0,2026-10-08T17:14:25+05:30
ACC,1167.47,V,-3.2,below,1130.1,1167.47,1169.43,1171.4,1167.47,0.336,64.1,0.026,1,2026-10-07,2026-10-08,True,False,5.0,2026-10-08T17:14:25+05:30
PNBHOUSING,1128.13,V,1.94,above,1150.0,1128.13,1125.27,1128.13,1122.4,0.51,64.1,0.024,1,2026-10-07,2026-10-08,True,False,5.0,2026-10-08T17:14:25+05:30
FRACTAL,724.03,V,-3.23,below,700.65,724.03,726.77,729.5,724.03,0.752,64.4,0.027,1,2026-10-07,2026-10-08,True,False,5.0,2026-10-08T17:14:25+05:30
BANDHANBNK,163.48,V,-4.86,below,155.54,163.48,163.97,164.46,163.48,0.598,64.9,0.026,1,2026-10-07,2026-10-08,True,False,5.0,2026-10-08T17:14:25+05:30
BLS,221.52,V,-2.91,below,215.08,221.52,222.2,222.88,221.52,0.612,65.8,0.032,1,2026-10-07,2026-10-08,True,False,5.0,2026-10-08T17:14:25+05:30
URBANCO,168.95,V,-5.15,below,160.25,168.95,169.66,170.38,168.95,0.845,66.2,0.044,1,2026-10-07,2026-10-08,True,False,5.0,2026-10-08T17:14:25+05:30
TRITURBINE,532.95,V,-3.1,below,516.45,532.95,534.45,535.95,532.95,0.561,66.3,0.022,1,2026-10-07,2026-10-08,True,False,5.0,2026-10-08T17:14:25+05:30
LT,3708.12,V,-2.24,below,3625.1,3708.12,3714.73,3721.35,3708.12,0.356,66.6,0.025,1,2026-10-07,2026-10-08,True,False,5.0,2026-10-08T17:14:25+05:30
GLENMARK,2288.4,V,-4.2,below,2192.2,2288.4,2294.5,2300.6,2288.4,0.532,67.1,0.033,1,2026-10-07,2026-10-08,True,False,5.0,2026-10-08T17:14:25+05:30
INOXINDIA,2089.07,V,-2.38,below,2039.3,2089.07,2096.13,2103.2,2089.07,0.674,67.1,0.028,1,2026-10-07,2026-10-08,True,False,5.0,2026-10-08T17:14:25+05:30
SUZLON,38.46,V,-5.27,below,36.43,38.46,38.58,38.69,38.46,0.613,67.7,0.025,1,2026-10-07,2026-10-08,True,False,5.0,2026-10-08T17:14:25+05:30
IDFCFIRSTB,79.73,V,-1.59,below,78.46,79.73,79.92,80.1,79.73,0.471,68.2,0.032,1,2026-10-07,2026-10-08,True,False,5.0,2026-10-08T17:14:25+05:30
ABB,7021.92,V,-3.59,below,6770.0,7021.92,7038.83,7055.75,7021.92,0.481,68.5,0.023,1,2026-10-07,2026-10-08,True,False,5.0,2026-10-08T17:14:25+05:30
ADANIPORTS,1754.3,V,-2.64,below,1708.0,1754.3,1758.5,1762.7,1754.3,0.478,68.8,0.02,1,2026-10-07,2026-10-08,True,False,5.0,2026-10-08T17:14:25+05:30
EICHERMOT,6975.0,V,-2.97,below,6767.5,6975.0,6990.0,7005.0,6975.0,0.429,69.6,0.023,1,2026-10-07,2026-10-08,True,False,5.0,2026-10-08T17:14:25+05:30
HYUNDAI,1950.67,V,-1.83,below,1915.0,1950.67,1956.33,1962.0,1950.67,0.579,69.6,0.026,1,2026-10-07,2026-10-08,True,False,5.0,2026-10-08T17:14:25+05:30
TRIDENT,22.36,V,-2.38,below,21.83,22.36,22.42,22.47,22.36,0.476,69.6,0.027,1,2026-10-07,2026-10-08,True,False,5.0,2026-10-08T17:14:25+05:30
CHAMBLFERT,397.45,V,-4.73,below,378.65,397.45,398.55,399.65,397.45,0.552,69.9,0.03,1,2026-10-07,2026-10-08,True,False,5.0,2026-10-08T17:14:25+05:30
AMBER,6846.25,V,-4.25,below,6555.0,6846.25,6872.5,6898.75,6846.25,0.764,71.5,0.024,1,2026-10-07,2026-10-08,True,False,5.0,2026-10-08T17:14:25+05:30
MANAPPURAM,309.92,V,-1.86,below,304.15,309.92,310.93,311.95,309.92,0.654,71.8,0.031,1,2026-10-07,2026-10-08,True,False,5.0,2026-10-08T17:14:25+05:30
POONAWALLA,450.52,V,-2.8,below,437.9,450.52,452.15,453.78,450.52,0.719,71.8,0.024,1,2026-10-07,2026-10-08,True,False,5.0,2026-10-08T17:14:25+05:30
RKFORGE,718.93,V,-2.53,below,700.75,718.93,721.47,724.0,718.93,0.702,72.3,0.05,1,2026-10-07,2026-10-08,True,False,5.0,2026-10-08T17:14:25+05:30
ACMESOLAR,438.0,V,-4.02,below,420.4,438.0,439.85,441.7,438.0,0.841,72.9,0.047,1,2026-10-07,2026-10-08,True,False,5.0,2026-10-08T17:14:25+05:30
PIIND,2216.13,V,-5.24,below,2100.0,2216.13,2222.27,2228.4,2216.13,0.552,73.4,0.016,1,2026-10-07,2026-10-08,True,False,5.0,2026-10-08T17:14:25+05:30
M&MFIN,322.98,V,-3.87,below,310.5,322.98,324.22,325.45,322.98,0.761,73.7,0.037,1,2026-10-07,2026-10-08,True,False,5.0,2026-10-08T17:14:25+05:30
NTPC,317.43,V,-2.44,below,309.7,317.43,318.12,318.8,317.43,0.43,73.7,0.015,1,2026-10-07,2026-10-08,True,False,5.0,2026-10-08T17:14:25+05:30
FIRSTCRY,173.0,V,-2.57,below,168.56,173.0,173.8,174.6,173.0,0.922,75.1,0.041,1,2026-10-07,2026-10-08,True,False,5.0,2026-10-08T17:14:25+05:30
JSWSTEEL,1233.15,V,-4.7,below,1175.2,1233.15,1236.3,1239.45,1233.15,0.51,76.2,0.024,1,2026-10-07,2026-10-08,True,False,5.0,2026-10-08T17:14:25+05:30
LODHA,1114.67,V,-4.4,below,1065.6,1114.67,1119.93,1125.2,1114.67,0.941,79.2,0.03,1,2026-10-07,2026-10-08,True,False,5.0,2026-10-08T17:14:25+05:30
RHIM,371.05,V,-1.06,below,367.1,371.05,372.65,374.25,371.05,0.859,80.3,0.026,1,2026-10-07,2026-10-08,True,False,5.0,2026-10-08T17:14:25+05:30
PHOENIXLTD,1852.22,V,-4.37,below,1771.2,1852.22,1858.93,1865.65,1852.22,0.723,80.8,0.045,1,2026-10-07,2026-10-08,True,False,5.0,2026-10-08T17:14:25+05:30
ADANIPOWER,197.87,V,-4.99,below,188.0,197.87,198.8,199.72,197.87,0.934,81.1,0.052,1,2026-10-07,2026-10-08,True,False,5.0,2026-10-08T17:14:25+05:30
TENNIND,482.79,V,-2.9,below,468.8,482.79,485.18,487.57,482.79,0.986,81.2,0.011,1,2026-10-07,2026-10-08,True,False,5.0,2026-10-08T17:14:25+05:30
GMRAIRPORT,91.54,V,-4.12,below,87.77,91.54,91.89,92.24,91.54,0.758,81.4,0.019,1,2026-10-07,2026-10-08,True,False,5.0,2026-10-08T17:14:25+05:30
MINDACORP,641.93,V,-1.06,below,635.15,641.93,644.42,646.9,641.93,0.771,81.6,0.035,1,2026-10-07,2026-10-08,True,False,5.0,2026-10-08T17:14:25+05:30
SWANCORP,273.25,V,-4.76,below,260.25,273.25,274.65,276.05,273.25,1.019,83.0,0.029,1,2026-10-07,2026-10-08,True,False,5.0,2026-10-08T17:14:25+05:30
ASHOKLEY,149.81,V,-3.2,below,145.02,149.81,150.42,151.03,149.81,0.809,83.6,0.021,1,2026-10-07,2026-10-08,True,False,5.0,2026-10-08T17:14:25+05:30
HOMEFIRST,1093.63,V,-1.99,below,1071.9,1093.63,1099.37,1105.1,1093.63,1.043,84.7,0.034,1,2026-10-07,2026-10-08,True,False,5.0,2026-10-08T17:14:25+05:30
JSL,735.54,V,-4.07,below,705.6,735.54,738.93,742.32,735.54,0.918,84.9,0.037,1,2026-10-07,2026-10-08,True,False,5.0,2026-10-08T17:14:25+05:30
BEL,379.62,V,-3.24,below,367.3,379.62,380.93,382.25,379.62,0.691,85.2,0.024,1,2026-10-07,2026-10-08,True,False,5.0,2026-10-08T17:14:25+05:30
JSWINFRA,355.4,V,-6.09,below,333.75,355.4,356.9,358.4,355.4,0.841,87.7,0.026,1,2026-10-07,2026-10-08,True,False,5.0,2026-10-08T17:14:25+05:30
CUPID,340.97,V,4.6,above,356.65,340.97,337.98,340.97,335.0,1.765,88.2,0.067,1,2026-10-07,2026-10-08,True,False,5.0,2026-10-08T17:14:25+05:30
KEC,364.52,V,-4.09,below,349.6,364.52,366.55,368.57,364.52,1.105,88.2,0.023,1,2026-10-07,2026-10-08,True,False,5.0,2026-10-08T17:14:25+05:30
INDUSINDBK,878.96,V,-1.7,below,864.0,878.96,883.02,887.08,878.96,0.919,89.6,0.025,1,2026-10-07,2026-10-08,True,False,5.0,2026-10-08T17:14:25+05:30
CHOLAFIN,1572.65,V,-1.82,below,1544.0,1572.65,1580.6,1588.55,1572.65,1.006,89.9,0.034,1,2026-10-07,2026-10-08,True,False,5.0,2026-10-08T17:14:25+05:30
COHANCE,458.42,V,-3.49,below,442.4,458.42,461.38,464.35,458.42,1.286,91.0,0.02,1,2026-10-07,2026-10-08,True,False,5.0,2026-10-08T17:14:25+05:30
AUBANK,998.15,V,-2.32,below,975.0,998.15,1002.9,1007.65,998.15,0.947,91.5,0.015,1,2026-10-07,2026-10-08,True,False,5.0,2026-10-08T17:14:25+05:30
ADANIENT,2758.72,V,-5.9,below,2596.0,2758.72,2774.43,2790.15,2758.72,1.133,92.1,0.026,1,2026-10-07,2026-10-08,True,False,5.0,2026-10-08T17:14:25+05:30
HINDALCO,915.35,V,-2.75,below,890.15,915.35,919.85,924.35,915.35,0.978,94.8,0.009,1,2026-10-07,2026-10-08,True,False,5.0,2026-10-08T17:14:25+05:30
LICHSGFIN,512.66,V,4.75,above,537.0,512.66,509.92,512.66,507.18,1.075,95.1,0.017,1,2026-10-07,2026-10-08,True,False,5.0,2026-10-08T17:14:25+05:30
GLAXO,2651.55,V,-4.42,below,2534.4,2651.55,2669.1,2686.65,2651.55,1.315,95.9,0.014,1,2026-10-07,2026-10-08,True,False,5.0,2026-10-08T17:14:25+05:30
NATIONALUM,323.92,V,-3.34,below,313.1,323.92,326.53,329.15,323.92,1.603,96.4,0.04,1,2026-10-07,2026-10-08,True,False,5.0,2026-10-08T17:14:25+05:30
AJANTPHARM,3569.92,NARROW,-3.76,below,3435.6,3569.92,3570.03,3570.15,3569.92,0.007,1.6,0.029,0,2026-10-07,2026-10-08,False,True,5.0,2026-10-08T17:14:25+05:30
KPRMILL,1101.45,NARROW,-4.37,below,1053.3,1101.45,1101.6,1101.75,1101.45,0.027,2.2,0.052,0,2026-10-07,2026-10-08,False,True,5.0,2026-10-08T17:14:25+05:30
ANANTRAJ,612.05,NARROW,-4.83,below,582.5,612.05,612.08,612.12,612.05,0.011,2.5,0.051,0,2026-10-07,2026-10-08,False,True,5.0,2026-10-08T17:14:25+05:30
NH,1722.85,NARROW,-1.6,below,1695.3,1722.85,1722.97,1723.08,1722.85,0.014,2.5,0.032,0,2026-10-07,2026-10-08,False,True,5.0,2026-10-08T17:14:25+05:30
CAPLIPOINT,2649.23,NARROW,-3.79,below,2548.8,2649.23,2649.37,2649.5,2649.23,0.01,2.7,0.028,0,2026-10-07,2026-10-08,False,True,5.0,2026-10-08T17:14:25+05:30
ANTHEM,887.07,NARROW,-1.64,below,872.55,887.07,887.08,887.1,887.07,0.004,2.9,0.033,0,2026-10-07,2026-10-08,False,True,5.0,2026-10-08T17:14:25+05:30
RUBICON,1575.25,NARROW,-2.53,below,1535.4,1575.25,1575.37,1575.48,1575.25,0.015,2.9,0.033,0,2026-10-07,2026-10-08,False,True,5.0,2026-10-08T17:14:25+05:30
ACE,1249.45,NARROW,-5.57,below,1179.8,1249.45,1249.6,1249.75,1249.45,0.024,3.8,0.036,0,2026-10-07,2026-10-08,False,True,5.0,2026-10-08T17:14:25+05:30
GABRIEL,1346.65,NARROW,-0.84,below,1335.4,1346.65,1346.73,1346.82,1346.65,0.012,3.8,0.024,0,2026-10-07,2026-10-08,False,True,5.0,2026-10-08T17:14:25+05:30
PETRONET,296.93,NARROW,-2.84,below,288.5,296.93,296.95,296.98,296.93,0.017,4.1,0.024,0,2026-10-07,2026-10-08,False,True,5.0,2026-10-08T17:14:25+05:30
TTML,34.01,NARROW,-3.13,below,32.95,34.01,34.02,34.02,34.01,0.02,4.1,0.028,0,2026-10-07,2026-10-08,False,True,5.0,2026-10-08T17:14:25+05:30
LINDEINDIA,6092.0,NARROW,-1.08,below,6026.0,6092.0,6092.67,6093.33,6092.0,0.022,4.4,0.023,0,2026-10-07,2026-10-08,False,True,5.0,2026-10-08T17:14:25+05:30
IRCTC,453.74,NARROW,-0.86,below,449.85,453.74,453.83,453.93,453.74,0.04,4.7,0.041,0,2026-10-07,2026-10-08,False,True,5.0,2026-10-08T17:14:25+05:30
ONESOURCE,1528.83,NARROW,-3.31,below,1478.2,1528.83,1529.07,1529.3,1528.83,0.031,4.7,0.033,0,2026-10-07,2026-10-08,False,True,5.0,2026-10-08T17:14:25+05:30
LTTS,3252.67,NARROW,-2.34,below,3176.6,3252.67,3253.23,3253.8,3252.67,0.035,4.9,0.035,0,2026-10-07,2026-10-08,False,True,5.0,2026-10-08T17:14:25+05:30
SCHAEFFLER,3795.1,NARROW,-1.54,below,3736.7,3795.1,3795.73,3796.37,3795.1,0.033,4.9,0.033,0,2026-10-07,2026-10-08,False,True,5.0,2026-10-08T17:14:25+05:30
ZFCVINDIA,2171.05,NARROW,-2.53,below,2116.2,2171.05,2171.43,2171.82,2171.05,0.035,4.9,0.035,0,2026-10-07,2026-10-08,False,True,5.0,2026-10-08T17:14:25+05:30
MAHABANK,82.19,WIDE,-0.18,below,82.05,82.19,82.85,83.5,82.19,1.573,97.3,0.035,0,2026-10-07,2026-10-08,False,False,5.0,2026-10-08T17:14:25+05:30
CANHLIFE,144.49,WIDE,0.74,above,145.56,144.49,142.92,144.49,141.35,2.195,98.0,0.016,0,2026-10-07,2026-10-08,False,False,5.0,2026-10-08T17:14:25+05:30
BBOX,864.6,WIDE,-0.93,inside,856.55,864.6,864.6,874.72,854.47,2.342,98.6,0.086,0,2026-10-07,2026-10-08,False,False,5.0,2026-10-08T17:14:25+05:30
RAINBOW,1243.35,WIDE,-1.02,below,1230.7,1243.35,1252.47,1261.58,1243.35,1.456,98.6,0.034,0,2026-10-07,2026-10-08,False,False,5.0,2026-10-08T17:14:25+05:30
CHENNPETRO,1550.33,WIDE,-1.25,inside,1531.0,1550.33,1550.33,1581.32,1519.35,3.997,99.2,0.025,0,2026-10-07,2026-10-08,False,False,5.0,2026-10-08T17:14:25+05:30
YESBANK,20.78,TOUCHED,-1.59,below,20.45,20.78,20.78,20.79,20.78,0.032,5.2,0.032,0,2026-10-07,2026-10-08,False,False,5.0,2026-10-08T17:14:25+05:30
CRAFTSMAN,10201.17,TOUCHED,-1.6,below,10038.0,10201.17,10204.33,10207.5,10201.17,0.062,5.5,0.057,0,2026-10-07,2026-10-08,False,False,5.0,2026-10-08T17:14:25+05:30
J&KBANK,139.34,TOUCHED,-2.75,below,135.5,139.34,139.36,139.38,139.34,0.031,5.5,0.027,0,2026-10-07,2026-10-08,False,False,5.0,2026-10-08T17:14:25+05:30
UBL,1185.2,TOUCHED,-1.9,below,1162.7,1185.2,1185.37,1185.53,1185.2,0.028,5.5,0.026,0,2026-10-07,2026-10-08,False,False,5.0,2026-10-08T17:14:25+05:30
CANFINHOME,727.09,TOUCHED,-0.46,below,723.75,727.09,727.18,727.27,727.09,0.025,5.8,0.02,0,2026-10-07,2026-10-08,False,False,5.0,2026-10-08T17:14:25+05:30
ALKEM,5348.25,TOUCHED,-1.85,below,5249.5,5348.25,5349.0,5349.75,5348.25,0.028,6.0,0.022,0,2026-10-07,2026-10-08,False,False,5.0,2026-10-08T17:14:25+05:30
BHARATCOAL,32.09,TOUCHED,-2.42,below,31.31,32.09,32.09,32.09,32.09,0.01,6.0,0.01,0,2026-10-07,2026-10-08,False,False,5.0,2026-10-08T17:14:25+05:30
FORCEMOT,16940.0,TOUCHED,-1.42,below,16700.0,16940.0,16945.33,16950.67,16940.0,0.063,6.0,0.049,0,2026-10-07,2026-10-08,False,False,5.0,2026-10-08T17:14:25+05:30
HUDCO,161.69,TOUCHED,-2.91,below,156.99,161.69,161.72,161.76,161.69,0.041,6.3,0.031,0,2026-10-07,2026-10-08,False,False,5.0,2026-10-08T17:14:25+05:30
HBLENGINE,762.0,TOUCHED,-4.84,below,725.15,762.0,762.15,762.3,762.0,0.039,6.6,0.032,0,2026-10-07,2026-10-08,False,False,5.0,2026-10-08T17:14:25+05:30
OFSS,10569.5,TOUCHED,-1.6,below,10400.0,10569.5,10571.67,10573.83,10569.5,0.041,6.6,0.027,0,2026-10-07,2026-10-08,False,False,5.0,2026-10-08T17:14:25+05:30
EMCURE,1917.05,TOUCHED,-3.42,below,1851.5,1917.05,1917.37,1917.68,1917.05,0.033,6.8,0.018,0,2026-10-07,2026-10-08,False,False,5.0,2026-10-08T17:14:25+05:30
MFSL,1344.65,TOUCHED,-1.65,below,1322.4,1344.65,1344.8,1344.95,1344.65,0.022,6.8,0.019,0,2026-10-07,2026-10-08,False,False,5.0,2026-10-08T17:14:25+05:30
ENRIN,3341.6,TOUCHED,-4.84,below,3180.0,3341.6,3342.4,3343.2,3341.6,0.048,7.0,0.024,0,2026-10-07,2026-10-08,False,False,5.0,2026-10-08T17:14:25+05:30
SUPREMEIND,3551.22,TOUCHED,-2.51,below,3462.0,3551.22,3552.43,3553.65,3551.22,0.068,7.1,0.031,0,2026-10-07,2026-10-08,False,False,5.0,2026-10-08T17:14:25+05:30
ESCORTS,2786.33,TOUCHED,-0.46,below,2773.6,2786.33,2787.17,2788.0,2786.33,0.06,7.4,0.041,0,2026-10-07,2026-10-08,False,False,5.0,2026-10-08T17:14:25+05:30
STLTECH,1016.3,TOUCHED,-0.47,below,1011.55,1016.3,1016.47,1016.63,1016.3,0.033,7.4,0.002,0,2026-10-07,2026-10-08,False,False,5.0,2026-10-08T17:14:25+05:30
NESTLEIND,1324.28,TOUCHED,-0.4,below,1319.0,1324.28,1324.57,1324.85,1324.28,0.043,7.7,0.031,0,2026-10-07,2026-10-08,False,False,5.0,2026-10-08T17:14:25+05:30
360ONE,1062.25,TOUCHED,-1.99,below,1041.1,1062.25,1062.5,1062.75,1062.25,0.047,7.9,0.029,0,2026-10-07,2026-10-08,False,False,5.0,2026-10-08T17:14:25+05:30
TRENT,2891.17,TOUCHED,-0.51,below,2876.3,2891.17,2892.03,2892.9,2891.17,0.06,7.9,0.038,0,2026-10-07,2026-10-08,False,False,5.0,2026-10-08T17:14:25+05:30
VOGL,31.06,TOUCHED,-3.85,below,29.87,31.06,31.08,31.1,31.06,0.097,8.4,0.071,0,2026-10-07,2026-10-08,False,False,5.0,2026-10-08T17:14:25+05:30
CARTRADE,2910.15,TOUCHED,-2.48,below,2837.9,2910.15,2911.67,2913.18,2910.15,0.104,8.5,0.052,0,2026-10-07,2026-10-08,False,False,5.0,2026-10-08T17:14:25+05:30
AETHER,1788.13,TOUCHED,-2.46,below,1744.1,1788.13,1788.67,1789.2,1788.13,0.06,8.8,0.023,0,2026-10-07,2026-10-08,False,False,5.0,2026-10-08T17:14:25+05:30
ABBOTINDIA,26075.0,TOUCHED,-1.9,below,25580.0,26075.0,26081.67,26088.33,26075.0,0.051,9.0,0.034,0,2026-10-07,2026-10-08,False,False,5.0,2026-10-08T17:14:25+05:30
ANURAS,1165.32,TOUCHED,-5.8,below,1097.7,1165.32,1165.53,1165.75,1165.32,0.037,9.6,0.023,0,2026-10-07,2026-10-08,False,False,5.0,2026-10-08T17:14:25+05:30
ECLERX,1893.15,TOUCHED,-2.45,below,1846.8,1893.15,1894.1,1895.05,1893.15,0.1,9.6,0.039,0,2026-10-07,2026-10-08,False,False,5.0,2026-10-08T17:14:25+05:30
SUMICHEM,421.43,TOUCHED,-2.38,below,411.4,421.43,421.6,421.78,421.43,0.083,9.6,0.039,0,2026-10-07,2026-10-08,False,False,5.0,2026-10-08T17:14:25+05:30
APARINDS,18134.0,TOUCHED,-1.75,below,17816.0,18134.0,18142.67,18151.33,18134.0,0.096,10.1,0.049,0,2026-10-07,2026-10-08,False,False,5.0,2026-10-08T17:14:25+05:30
NBCC,76.77,TOUCHED,-3.61,below,74.0,76.77,76.81,76.84,76.77,0.091,10.4,0.037,0,2026-10-07,2026-10-08,False,False,5.0,2026-10-08T17:14:25+05:30
POWERINDIA,31562.5,TOUCHED,-1.99,below,30935.0,31562.5,31578.33,31594.17,31562.5,0.1,10.7,0.051,0,2026-10-07,2026-10-08,False,False,5.0,2026-10-08T17:14:25+05:30
SCHNEIDER,1256.8,TOUCHED,-5.2,below,1191.4,1256.8,1257.4,1258.0,1256.8,0.095,10.7,0.027,0,2026-10-07,2026-10-08,False,False,5.0,2026-10-08T17:14:25+05:30
SYNGENE,359.9,TOUCHED,-3.86,below,346.0,359.9,360.03,360.17,359.9,0.074,10.7,0.026,0,2026-10-07,2026-10-08,False,False,5.0,2026-10-08T17:14:25+05:30
AIIL,550.3,TOUCHED,-0.04,inside,550.1,550.3,550.3,550.62,549.98,0.118,11.2,0.035,0,2026-10-07,2026-10-08,False,False,5.0,2026-10-08T17:14:25+05:30
TECHNOE,988.8,TOUCHED,-4.66,below,942.7,988.8,989.3,989.8,988.8,0.101,11.2,0.04,0,2026-10-07,2026-10-08,False,False,5.0,2026-10-08T17:14:25+05:30
BAJAJHLDNG,10665.83,TOUCHED,-0.62,below,10600.0,10665.83,10669.67,10673.5,10665.83,0.072,11.5,0.025,0,2026-10-07,2026-10-08,False,False,5.0,2026-10-08T17:14:25+05:30
LAURUSLABS,2050.4,TOUCHED,-2.56,below,1997.9,2050.4,2051.2,2052.0,2050.4,0.078,11.8,0.019,0,2026-10-07,2026-10-08,False,False,5.0,2026-10-08T17:14:25+05:30
SHRIPISTON,4413.68,TOUCHED,-3.25,below,4270.4,4413.68,4415.77,4417.85,4413.68,0.094,11.8,0.029,0,2026-10-07,2026-10-08,False,False,5.0,2026-10-08T17:14:25+05:30
TATACONSUM,967.58,TOUCHED,-1.62,below,951.9,967.58,967.88,968.19,967.58,0.064,11.8,0.021,0,2026-10-07,2026-10-08,False,False,5.0,2026-10-08T17:14:25+05:30
TDPOWERSYS,819.93,TOUCHED,-3.22,below,793.5,819.93,820.32,820.71,819.93,0.095,11.8,0.025,0,2026-10-07,2026-10-08,False,False,5.0,2026-10-08T17:14:25+05:30
TEGA,2124.53,TOUCHED,-7.83,below,1958.1,2124.53,2125.47,2126.4,2124.53,0.088,11.8,0.045,0,2026-10-07,2026-10-08,False,False,5.0,2026-10-08T17:14:25+05:30
CCL,1052.65,TOUCHED,-0.19,below,1050.6,1052.65,1053.0,1053.35,1052.65,0.066,12.6,0.015,0,2026-10-07,2026-10-08,False,False,5.0,2026-10-08T17:14:25+05:30
CEATLTD,3303.62,TOUCHED,-2.34,below,3226.2,3303.62,3305.33,3307.05,3303.62,0.104,12.9,0.035,0,2026-10-07,2026-10-08,False,False,5.0,2026-10-08T17:14:25+05:30
KAJARIACER,1226.75,TOUCHED,-1.32,below,1210.6,1226.75,1227.3,1227.85,1226.75,0.09,12.9,0.025,0,2026-10-07,2026-10-08,False,False,5.0,2026-10-08T17:14:25+05:30
BSOFT,278.2,TOUCHED,-2.3,below,271.8,278.2,278.35,278.5,278.2,0.108,13.7,0.042,0,2026-10-07,2026-10-08,False,False,5.0,2026-10-08T17:14:25+05:30
ICICIAMC,3063.85,TOUCHED,0.08,above,3066.4,3063.85,3062.07,3063.85,3060.28,0.116,13.9,0.026,0,2026-10-07,2026-10-08,False,False,5.0,2026-10-08T17:14:25+05:30
PCBL,326.32,TOUCHED,-2.17,below,319.25,326.32,326.52,326.71,326.32,0.117,14.0,0.044,0,2026-10-07,2026-10-08,False,False,5.0,2026-10-08T17:14:25+05:30
BHARTIARTL,1832.6,TOUCHED,-1.53,below,1804.6,1832.6,1833.03,1833.47,1832.6,0.047,14.2,0.013,0,2026-10-07,2026-10-08,False,False,5.0,2026-10-08T17:14:25+05:30
NYKAA,341.41,TOUCHED,-2.67,below,332.3,341.41,341.57,341.73,341.41,0.093,14.2,0.028,0,2026-10-07,2026-10-08,False,False,5.0,2026-10-08T17:14:25+05:30
IOB,31.04,TOUCHED,-1.81,below,30.48,31.04,31.06,31.07,31.04,0.086,14.8,0.028,0,2026-10-07,2026-10-08,False,False,5.0,2026-10-08T17:14:25+05:30
DIVISLAB,9577.0,TOUCHED,-2.26,below,9361.0,9577.0,9580.67,9584.33,9577.0,0.077,15.6,0.024,0,2026-10-07,2026-10-08,False,False,5.0,2026-10-08T17:14:25+05:30
GODREJCP,864.65,TOUCHED,0.04,inside,865.0,864.65,864.65,865.1,864.2,0.104,15.6,0.019,0,2026-10-07,2026-10-08,False,False,5.0,2026-10-08T17:14:25+05:30
PRIVISCL,3510.5,TOUCHED,-1.83,below,3446.3,3510.5,3513.4,3516.3,3510.5,0.165,15.9,0.036,0,2026-10-07,2026-10-08,False,False,5.0,2026-10-08T17:14:25+05:30
ADANIGREEN,1342.35,TOUCHED,-7.95,below,1235.7,1342.35,1343.3,1344.25,1342.35,0.141,16.2,0.035,0,2026-10-07,2026-10-08,False,False,5.0,2026-10-08T17:14:25+05:30
ETERNAL,328.22,TOUCHED,-2.79,below,319.05,328.22,328.43,328.65,328.22,0.132,16.2,0.028,0,2026-10-07,2026-10-08,False,False,5.0,2026-10-08T17:14:25+05:30
JYOTICNC,1068.5,TOUCHED,-5.48,below,1009.9,1068.5,1069.33,1070.17,1068.5,0.156,16.2,0.027,0,2026-10-07,2026-10-08,False,False,5.0,2026-10-08T17:14:25+05:30
TIMKEN,3133.8,TOUCHED,-3.77,below,3015.6,3133.8,3135.6,3137.4,3133.8,0.115,16.2,0.045,0,2026-10-07,2026-10-08,False,False,5.0,2026-10-08T17:14:25+05:30
TMCV,428.24,TOUCHED,-3.51,below,413.2,428.24,428.58,428.92,428.24,0.159,16.2,0.024,0,2026-10-07,2026-10-08,False,False,5.0,2026-10-08T17:14:25+05:30
KIMS,694.35,TOUCHED,-1.04,below,687.15,694.35,694.75,695.15,694.35,0.115,16.4,0.032,0,2026-10-07,2026-10-08,False,False,5.0,2026-10-08T17:14:25+05:30
LLOYDSME,1840.85,TOUCHED,-2.46,below,1795.6,1840.85,1842.07,1843.28,1840.85,0.132,17.0,0.031,0,2026-10-07,2026-10-08,False,False,5.0,2026-10-08T17:14:25+05:30
IGIL,317.29,TOUCHED,-3.23,below,307.05,317.29,317.53,317.78,317.29,0.152,17.3,0.026,0,2026-10-07,2026-10-08,False,False,5.0,2026-10-08T17:14:25+05:30
CHOICEIN,724.14,TOUCHED,-1.86,below,710.65,724.14,724.58,725.02,724.14,0.122,17.8,0.023,0,2026-10-07,2026-10-08,False,False,5.0,2026-10-08T17:14:25+05:30
MANKIND,2501.68,TOUCHED,-4.86,below,2380.0,2501.68,2503.37,2505.05,2501.68,0.134,17.8,0.038,0,2026-10-07,2026-10-08,False,False,5.0,2026-10-08T17:14:25+05:30
ACUTAAS,3165.1,TOUCHED,-3.42,below,3056.7,3165.1,3168.13,3171.17,3165.1,0.191,19.5,0.028,0,2026-10-07,2026-10-08,False,False,5.0,2026-10-08T17:14:25+05:30
DIXON,12984.5,TOUCHED,-2.58,below,12650.0,12984.5,12997.67,13010.83,12984.5,0.203,19.5,0.06,0,2026-10-07,2026-10-08,False,False,5.0,2026-10-08T17:14:25+05:30
LUPIN,2013.98,TOUCHED,-3.83,below,1936.9,2013.98,2015.07,2016.15,2013.98,0.108,19.7,0.024,0,2026-10-07,2026-10-08,False,False,5.0,2026-10-08T17:14:25+05:30
AXISBANK,1244.6,TOUCHED,0.03,above,1245.0,1244.6,1243.9,1244.6,1243.2,0.113,20.0,0.024,0,2026-10-07,2026-10-08,False,False,5.0,2026-10-08T17:14:25+05:30
TVSMOTOR,3928.3,TOUCHED,-2.26,below,3839.4,3928.3,3930.6,3932.9,3928.3,0.117,20.0,0.021,0,2026-10-07,2026-10-08,False,False,5.0,2026-10-08T17:14:25+05:30
UNITDSPR,1344.9,TOUCHED,-1.99,below,1318.2,1344.9,1345.8,1346.7,1344.9,0.134,20.0,0.032,0,2026-10-07,2026-10-08,False,False,5.0,2026-10-08T17:14:25+05:30
VEDL,261.6,TOUCHED,-3.25,below,253.1,261.6,261.8,262.0,261.6,0.153,20.8,0.024,0,2026-10-07,2026-10-08,False,False,5.0,2026-10-08T17:14:25+05:30
TATACAP,320.1,TOUCHED,-1.62,below,314.9,320.1,320.25,320.4,320.1,0.094,20.9,0.014,0,2026-10-07,2026-10-08,False,False,5.0,2026-10-08T17:14:25+05:30
AMBUJACEM,357.13,TOUCHED,-4.52,below,341.0,357.13,357.37,357.6,357.13,0.131,21.1,0.031,0,2026-10-07,2026-10-08,False,False,5.0,2026-10-08T17:14:25+05:30
MEESHO,236.74,TOUCHED,-1.92,below,232.19,236.74,236.95,237.17,236.74,0.183,21.1,0.026,0,2026-10-07,2026-10-08,False,False,5.0,2026-10-08T17:14:25+05:30
SRF,2458.32,TOUCHED,1.09,above,2485.2,2458.32,2456.63,2458.32,2454.95,0.137,21.4,0.027,0,2026-10-07,2026-10-08,False,False,5.0,2026-10-08T17:14:25+05:30
WAAREEENER,2394.15,TOUCHED,-3.22,below,2317.0,2394.15,2396.43,2398.72,2394.15,0.191,21.4,0.043,0,2026-10-07,2026-10-08,False,False,5.0,2026-10-08T17:14:25+05:30
JAINREC,294.02,TOUCHED,-4.41,below,281.05,294.02,294.4,294.77,294.02,0.255,21.7,0.059,0,2026-10-07,2026-10-08,False,False,5.0,2026-10-08T17:14:25+05:30
LALPATHLAB,1946.85,TOUCHED,-2.46,below,1898.9,1946.85,1948.6,1950.35,1946.85,0.18,21.9,0.039,0,2026-10-07,2026-10-08,False,False,5.0,2026-10-08T17:14:25+05:30
PPLPHARMA,202.55,TOUCHED,-3.02,below,196.43,202.55,202.7,202.85,202.55,0.153,21.9,0.038,0,2026-10-07,2026-10-08,False,False,5.0,2026-10-08T17:14:25+05:30
CUB,222.36,TOUCHED,-1.03,below,220.07,222.36,222.6,222.83,222.36,0.214,22.2,0.034,0,2026-10-07,2026-10-08,False,False,5.0,2026-10-08T17:14:25+05:30
CLEANMAX,1381.9,TOUCHED,-2.43,below,1348.3,1381.9,1384.1,1386.3,1381.9,0.318,22.5,0.068,0,2026-10-07,2026-10-08,False,False,5.0,2026-10-08T17:14:25+05:30
NHPC,72.54,TOUCHED,-1.23,below,71.65,72.54,72.59,72.63,72.54,0.124,22.5,0.026,0,2026-10-07,2026-10-08,False,False,5.0,2026-10-08T17:14:25+05:30
AFFLE,1437.5,TOUCHED,-2.51,below,1401.4,1437.5,1439.0,1440.5,1437.5,0.208,23.3,0.032,0,2026-10-07,2026-10-08,False,False,5.0,2026-10-08T17:14:25+05:30
HINDCOPPER,480.49,TOUCHED,-2.7,below,467.5,480.49,481.03,481.58,480.49,0.225,24.1,0.031,0,2026-10-07,2026-10-08,False,False,5.0,2026-10-08T17:14:25+05:30
NLCINDIA,250.65,TOUCHED,-3.67,below,241.45,250.65,250.95,251.25,250.65,0.239,24.1,0.037,0,2026-10-07,2026-10-08,False,False,5.0,2026-10-08T17:14:25+05:30
NAVINFLUOR,8500.0,TOUCHED,-0.97,below,8417.5,8500.0,8510.0,8520.0,8500.0,0.235,24.4,0.045,0,2026-10-07,2026-10-08,False,False,5.0,2026-10-08T17:14:25+05:30
HCLTECH,1185.9,TOUCHED,-0.76,below,1176.9,1185.9,1186.8,1187.7,1185.9,0.152,24.7,0.028,0,2026-10-07,2026-10-08,False,False,5.0,2026-10-08T17:14:25+05:30
HAVELLS,1058.5,TOUCHED,-3.29,below,1023.7,1058.5,1059.17,1059.83,1058.5,0.126,24.9,0.019,0,2026-10-07,2026-10-08,False,False,5.0,2026-10-08T17:14:25+05:30
TATACOMM,1658.07,TOUCHED,1.17,above,1677.4,1658.07,1656.53,1658.07,1655.0,0.185,24.9,0.022,0,2026-10-07,2026-10-08,False,False,5.0,2026-10-08T17:14:25+05:30
DABUR,383.85,TOUCHED,-1.84,below,376.8,383.85,384.15,384.45,383.85,0.156,25.2,0.03,0,2026-10-07,2026-10-08,False,False,5.0,2026-10-08T17:14:25+05:30
NUVOCO,325.11,TOUCHED,-0.99,below,321.9,325.11,325.47,325.82,325.11,0.22,25.5,0.036,0,2026-10-07,2026-10-08,False,False,5.0,2026-10-08T17:14:25+05:30
UTIAMC,890.02,TOUCHED,-1.44,below,877.2,890.02,890.78,891.54,890.02,0.17,25.5,0.031,0,2026-10-07,2026-10-08,False,False,5.0,2026-10-08T17:14:25+05:30
ICICIPRULI,456.73,TOUCHED,0.06,inside,457.0,456.73,456.73,457.12,456.35,0.168,25.8,0.021,0,2026-10-07,2026-10-08,False,False,5.0,2026-10-08T17:14:25+05:30
SCI,285.72,TOUCHED,-1.74,below,280.75,285.72,286.08,286.45,285.72,0.256,26.0,0.037,0,2026-10-07,2026-10-08,False,False,5.0,2026-10-08T17:14:25+05:30
SARDAEN,499.98,TOUCHED,-1.62,below,491.9,499.98,500.62,501.25,499.98,0.253,26.3,0.027,0,2026-10-07,2026-10-08,False,False,5.0,2026-10-08T17:14:25+05:30
POLYMED,1616.75,TOUCHED,-0.71,below,1605.2,1616.75,1618.5,1620.25,1616.75,0.216,26.6,0.039,0,2026-10-07,2026-10-08,False,False,5.0,2026-10-08T17:14:25+05:30
FINCABLES,1479.15,TOUCHED,-5.2,below,1402.2,1479.15,1480.6,1482.05,1479.15,0.196,27.1,0.019,0,2026-10-07,2026-10-08,False,False,5.0,2026-10-08T17:14:25+05:30
EMAMILTD,375.83,TOUCHED,-2.28,below,367.25,375.83,376.2,376.57,375.83,0.199,27.7,0.025,0,2026-10-07,2026-10-08,False,False,5.0,2026-10-08T17:14:25+05:30
DOMS,2060.58,TOUCHED,-0.15,below,2057.4,2060.58,2062.27,2063.95,2060.58,0.163,28.8,0.028,0,2026-10-07,2026-10-08,False,False,5.0,2026-10-08T17:14:25+05:30
TATAPOWER,345.42,TOUCHED,-2.83,below,335.65,345.42,345.68,345.95,345.42,0.154,28.8,0.022,0,2026-10-07,2026-10-08,False,False,5.0,2026-10-08T17:14:25+05:30
VBL,439.52,TOUCHED,-1.71,below,432.0,439.52,439.93,440.34,439.52,0.186,28.8,0.023,0,2026-10-07,2026-10-08,False,False,5.0,2026-10-08T17:14:25+05:30
JPPOWER,14.88,TOUCHED,-3.84,below,14.31,14.88,14.9,14.92,14.88,0.291,29.0,0.037,0,2026-10-07,2026-10-08,False,False,5.0,2026-10-08T17:14:25+05:30
MPHASIS,2296.15,TOUCHED,0.32,above,2303.4,2296.15,2293.77,2296.15,2291.38,0.208,29.0,0.024,0,2026-10-07,2026-10-08,False,False,5.0,2026-10-08T17:14:25+05:30
RAILTEL,254.99,TOUCHED,-2.7,below,248.1,254.99,255.33,255.68,254.99,0.268,29.3,0.038,0,2026-10-07,2026-10-08,False,False,5.0,2026-10-08T17:14:25+05:30
BAJAJ-AUTO,9862.0,TOUCHED,-2.28,below,9637.0,9862.0,9869.33,9876.67,9862.0,0.149,29.6,0.028,0,2026-10-07,2026-10-08,False,False,5.0,2026-10-08T17:14:25+05:30
TMPV,283.24,TOUCHED,-3.62,below,273.0,283.24,283.48,283.72,283.24,0.17,30.4,0.018,0,2026-10-07,2026-10-08,False,False,5.0,2026-10-08T17:14:25+05:30
AVANTIFEED,718.5,TOUCHED,-2.76,below,698.65,718.5,719.77,721.03,718.5,0.352,30.7,0.042,0,2026-10-07,2026-10-08,False,False,5.0,2026-10-08T17:14:25+05:30
SHRIRAMFIN,945.0,TOUCHED,-2.94,below,917.25,945.0,946.0,947.0,945.0,0.211,31.0,0.023,0,2026-10-07,2026-10-08,False,False,5.0,2026-10-08T17:14:25+05:30
VEDPOWER,32.25,TOUCHED,-1.12,below,31.89,32.25,32.31,32.36,32.25,0.351,31.3,0.011,0,2026-10-07,2026-10-08,False,False,5.0,2026-10-08T17:14:25+05:30
MRF,123187.5,TOUCHED,-0.59,below,122465.0,123187.5,123300.0,123412.5,123187.5,0.182,31.5,0.037,0,2026-10-07,2026-10-08,False,False,5.0,2026-10-08T17:14:25+05:30
NETWEB,4712.1,TOUCHED,0.06,above,4715.1,4712.1,4703.2,4712.1,4694.3,0.378,31.5,0.06,0,2026-10-07,2026-10-08,False,False,5.0,2026-10-08T17:14:25+05:30
CARBORUNIV,1258.42,TOUCHED,-3.9,below,1209.4,1258.42,1260.13,1261.85,1258.42,0.272,31.8,0.029,0,2026-10-07,2026-10-08,False,False,5.0,2026-10-08T17:14:25+05:30
TITAN,4380.6,TOUCHED,-0.48,below,4359.5,4380.6,4384.2,4387.8,4380.6,0.164,31.8,0.015,0,2026-10-07,2026-10-08,False,False,5.0,2026-10-08T17:14:25+05:30
IDEA,13.2,TOUCHED,-3.04,below,12.8,13.2,13.22,13.24,13.2,0.328,32.1,0.039,0,2026-10-07,2026-10-08,False,False,5.0,2026-10-08T17:14:25+05:30
PERSISTENT,5488.25,TOUCHED,-0.37,below,5468.0,5488.25,5494.5,5500.75,5488.25,0.228,32.3,0.015,0,2026-10-07,2026-10-08,False,False,5.0,2026-10-08T17:14:25+05:30
RBLBANK,412.52,TOUCHED,-2.86,below,400.7,412.52,413.03,413.55,412.52,0.25,32.3,0.031,0,2026-10-07,2026-10-08,False,False,5.0,2026-10-08T17:14:25+05:30
IRCON,106.82,TOUCHED,-3.31,below,103.29,106.82,106.99,107.15,106.82,0.305,32.6,0.035,0,2026-10-07,2026-10-08,False,False,5.0,2026-10-08T17:14:25+05:30
ZENSARTECH,441.35,TOUCHED,0.1,above,441.8,441.35,440.67,441.35,439.98,0.31,32.6,0.033,0,2026-10-07,2026-10-08,False,False,5.0,2026-10-08T17:14:25+05:30
IPCALAB,1940.95,TOUCHED,-0.13,below,1938.4,1940.95,1943.4,1945.85,1940.95,0.252,32.9,0.032,0,2026-10-07,2026-10-08,False,False,5.0,2026-10-08T17:14:25+05:30
AEGISVOPAK,294.88,TOUCHED,-3.28,below,285.2,294.88,295.52,296.15,294.88,0.429,33.4,0.022,0,2026-10-07,2026-10-08,False,False,5.0,2026-10-08T17:14:25+05:30
HSCL,670.05,TOUCHED,-1.49,below,660.05,670.05,671.02,671.98,670.05,0.288,33.4,0.029,0,2026-10-07,2026-10-08,False,False,5.0,2026-10-08T17:14:25+05:30
VIJAYA,1464.25,TOUCHED,-2.26,below,1431.1,1464.25,1466.1,1467.95,1464.25,0.252,33.4,0.034,0,2026-10-07,2026-10-08,False,False,5.0,2026-10-08T17:14:25+05:30
WOCKPHARMA,2154.83,TOUCHED,-5.81,below,2029.6,2154.83,2159.27,2163.7,2154.83,0.411,33.4,0.057,0,2026-10-07,2026-10-08,False,False,5.0,2026-10-08T17:14:25+05:30
RADICO,4478.25,TOUCHED,-1.41,below,4415.0,4478.25,4483.83,4489.42,4478.25,0.249,33.7,0.023,0,2026-10-07,2026-10-08,False,False,5.0,2026-10-08T17:14:25+05:30
RAMCOCEM,841.88,TOUCHED,-2.85,below,817.9,841.88,842.92,843.96,841.88,0.247,34.0,0.04,0,2026-10-07,2026-10-08,False,False,5.0,2026-10-08T17:14:25+05:30
STARHEALTH,551.77,TOUCHED,-1.14,below,545.5,551.77,552.47,553.16,551.77,0.25,34.0,0.022,0,2026-10-07,2026-10-08,False,False,5.0,2026-10-08T17:14:25+05:30
SUNTV,637.32,TOUCHED,-3.63,below,614.2,637.32,638.13,638.95,637.32,0.256,34.0,0.024,0,2026-10-07,2026-10-08,False,False,5.0,2026-10-08T17:14:25+05:30
CMPDI,209.5,TOUCHED,-1.36,below,206.65,209.5,209.95,210.4,209.5,0.429,34.1,0.03,0,2026-10-07,2026-10-08,False,False,5.0,2026-10-08T17:14:25+05:30
SOBHA,1193.4,TOUCHED,-0.8,below,1183.9,1193.4,1194.9,1196.4,1193.4,0.251,34.5,0.029,0,2026-10-07,2026-10-08,False,False,5.0,2026-10-08T17:14:25+05:30
MARICO,788.03,TOUCHED,-1.37,below,777.25,788.03,788.82,789.6,788.03,0.199,34.8,0.019,0,2026-10-07,2026-10-08,False,False,5.0,2026-10-08T17:14:25+05:30
PREMIERENE,906.02,TOUCHED,-2.36,below,884.65,906.02,907.35,908.67,906.02,0.292,34.8,0.031,0,2026-10-07,2026-10-08,False,False,5.0,2026-10-08T17:14:25+05:30
RRKABEL,2727.05,TOUCHED,-1.12,below,2696.4,2727.05,2731.6,2736.15,2727.05,0.333,34.8,0.041,0,2026-10-07,2026-10-08,False,False,5.0,2026-10-08T17:14:25+05:30
PGEL,523.03,TOUCHED,-2.38,below,510.6,523.03,524.07,525.1,523.03,0.394,35.1,0.046,0,2026-10-07,2026-10-08,False,False,5.0,2026-10-08T17:14:25+05:30
EIDPARRY,696.38,TOUCHED,-2.76,below,677.15,696.38,697.43,698.49,696.38,0.303,35.3,0.027,0,2026-10-07,2026-10-08,False,False,5.0,2026-10-08T17:14:25+05:30
ASTERDM,681.26,TOUCHED,-0.6,below,677.15,681.26,682.22,683.17,681.26,0.281,35.6,0.023,0,2026-10-07,2026-10-08,False,False,5.0,2026-10-08T17:14:25+05:30
BEML,2009.92,TOUCHED,-4.91,below,1911.2,2009.92,2013.63,2017.35,2009.92,0.369,35.6,0.022,0,2026-10-07,2026-10-08,False,False,5.0,2026-10-08T17:14:25+05:30
SOLARINDS,19960.0,TOUCHED,-0.45,below,19870.0,19960.0,19990.0,20020.0,19960.0,0.3,35.6,0.055,0,2026-10-07,2026-10-08,False,False,5.0,2026-10-08T17:14:25+05:30
HONAUT,33384.17,TOUCHED,-2.75,below,32465.0,33384.17,33423.33,33462.5,33384.17,0.234,35.9,0.027,0,2026-10-07,2026-10-08,False,False,5.0,2026-10-08T17:14:25+05:30
NAUKRI,1226.98,TOUCHED,-3.6,below,1182.8,1226.98,1228.67,1230.35,1226.98,0.274,35.9,0.021,0,2026-10-07,2026-10-08,False,False,5.0,2026-10-08T17:14:25+05:30
INDIAMART,1601.23,TOUCHED,0.09,inside,1602.7,1601.23,1601.23,1603.27,1599.2,0.254,36.4,0.021,0,2026-10-07,2026-10-08,False,False,5.0,2026-10-08T17:14:25+05:30
DATAPATTNS,4243.53,TOUCHED,-3.45,below,4097.1,4243.53,4253.67,4263.8,4243.53,0.476,36.7,0.066,0,2026-10-07,2026-10-08,False,False,5.0,2026-10-08T17:14:25+05:30
MOTHERSON,158.49,TOUCHED,-3.41,below,153.08,158.49,158.72,158.96,158.49,0.3,36.7,0.035,0,2026-10-07,2026-10-08,False,False,5.0,2026-10-08T17:14:25+05:30
COALINDIA,413.32,TOUCHED,-0.96,below,409.35,413.32,413.72,414.11,413.32,0.189,37.5,0.021,0,2026-10-07,2026-10-08,False,False,5.0,2026-10-08T17:14:25+05:30
HFCL,269.96,TOUCHED,-4.31,below,258.31,269.96,270.6,271.25,269.96,0.479,37.5,0.031,0,2026-10-07,2026-10-08,False,False,5.0,2026-10-08T17:14:25+05:30
IOC,130.15,TOUCHED,-3.0,below,126.25,130.15,130.3,130.44,130.15,0.228,37.8,0.021,0,2026-10-07,2026-10-08,False,False,5.0,2026-10-08T17:14:25+05:30
JMFINANCIL,124.07,TOUCHED,-2.8,below,120.6,124.07,124.35,124.64,124.07,0.456,37.8,0.052,0,2026-10-07,2026-10-08,False,False,5.0,2026-10-08T17:14:25+05:30
CLEAN,814.96,TOUCHED,-2.23,below,796.8,814.96,816.22,817.48,814.96,0.308,38.4,0.026,0,2026-10-07,2026-10-08,False,False,5.0,2026-10-08T17:14:25+05:30
CONCORDBIO,1362.38,TOUCHED,-2.32,below,1330.8,1362.38,1365.07,1367.75,1362.38,0.393,39.5,0.022,0,2026-10-07,2026-10-08,False,False,5.0,2026-10-08T17:14:25+05:30
CEMPRO,1143.6,TOUCHED,-0.24,inside,1140.8,1143.6,1143.6,1146.5,1140.7,0.507,39.7,0.066,0,2026-10-07,2026-10-08,False,False,5.0,2026-10-08T17:14:25+05:30
ELGIEQUIP,598.93,TOUCHED,-3.33,below,579.0,598.93,599.97,601.01,598.93,0.347,39.7,0.04,0,2026-10-07,2026-10-08,False,False,5.0,2026-10-08T17:14:25+05:30
GPIL,214.7,TOUCHED,-4.22,below,205.63,214.7,215.09,215.47,214.7,0.361,40.0,0.023,0,2026-10-07,2026-10-08,False,False,5.0,2026-10-08T17:14:25+05:30
AZAD,3030.7,TOUCHED,-4.85,below,2883.7,3030.7,3036.53,3042.37,3030.7,0.384,40.5,0.036,0,2026-10-07,2026-10-08,False,False,5.0,2026-10-08T17:14:25+05:30
CROMPTON,211.0,TOUCHED,-3.16,below,204.34,211.0,211.31,211.61,211.0,0.287,40.8,0.024,0,2026-10-07,2026-10-08,False,False,5.0,2026-10-08T17:14:25+05:30
IIFL,589.72,TOUCHED,-1.79,below,579.15,589.72,590.9,592.08,589.72,0.398,41.1,0.025,0,2026-10-07,2026-10-08,False,False,5.0,2026-10-08T17:14:25+05:30
OLECTRA,1086.07,TOUCHED,-4.1,below,1041.5,1086.07,1088.03,1090.0,1086.07,0.362,41.4,0.036,0,2026-10-07,2026-10-08,False,False,5.0,2026-10-08T17:14:25+05:30
KSB,802.81,TOUCHED,-3.25,below,776.7,802.81,804.12,805.42,802.81,0.325,41.6,0.034,0,2026-10-07,2026-10-08,False,False,5.0,2026-10-08T17:14:25+05:30
INDUSTOWER,385.58,TOUCHED,-3.26,below,373.0,385.58,386.12,386.65,385.58,0.276,42.2,0.015,0,2026-10-07,2026-10-08,False,False,5.0,2026-10-08T17:14:25+05:30
SIEMENS,3798.67,TOUCHED,-4.2,below,3639.0,3798.67,3804.33,3810.0,3798.67,0.298,42.5,0.018,0,2026-10-07,2026-10-08,False,False,5.0,2026-10-08T17:14:25+05:30
ZYDUSLIFE,1154.5,TOUCHED,-3.68,below,1112.0,1154.5,1156.0,1157.5,1154.5,0.26,42.5,0.021,0,2026-10-07,2026-10-08,False,False,5.0,2026-10-08T17:14:25+05:30
BDL,1087.25,TOUCHED,-3.38,below,1050.5,1087.25,1089.5,1091.75,1087.25,0.413,42.7,0.048,0,2026-10-07,2026-10-08,False,False,5.0,2026-10-08T17:14:25+05:30
CRISIL,4485.95,TOUCHED,-1.83,below,4404.0,4485.95,4493.67,4501.38,4485.95,0.343,42.7,0.048,0,2026-10-07,2026-10-08,False,False,5.0,2026-10-08T17:14:25+05:30
AWL,186.19,TOUCHED,-1.82,below,182.81,186.19,186.5,186.8,186.19,0.329,43.0,0.044,0,2026-10-07,2026-10-08,False,False,5.0,2026-10-08T17:14:25+05:30
ATUL,5971.0,TOUCHED,-0.8,below,5923.0,5971.0,5980.5,5990.0,5971.0,0.318,43.3,0.011,0,2026-10-07,2026-10-08,False,False,5.0,2026-10-08T17:14:25+05:30
TATATECH,698.71,TOUCHED,-0.58,below,694.65,698.71,699.82,700.92,698.71,0.317,43.3,0.034,0,2026-10-07,2026-10-08,False,False,5.0,2026-10-08T17:14:25+05:30
THANGAMAYL,4791.33,TOUCHED,0.4,above,4810.5,4791.33,4779.67,4791.33,4768.0,0.488,43.3,0.044,0,2026-10-07,2026-10-08,False,False,5.0,2026-10-08T17:14:25+05:30
ZENTEC,1583.47,TOUCHED,-4.37,below,1514.2,1583.47,1586.73,1590.0,1583.47,0.412,43.3,0.014,0,2026-10-07,2026-10-08,False,False,5.0,2026-10-08T17:14:25+05:30
NIACL,159.53,TOUCHED,-0.87,below,158.14,159.53,159.77,160.01,159.53,0.303,43.8,0.027,0,2026-10-07,2026-10-08,False,False,5.0,2026-10-08T17:14:25+05:30
TORNTPHARM,4722.52,TOUCHED,-2.23,below,4617.1,4722.52,4728.83,4735.15,4722.52,0.267,43.8,0.023,0,2026-10-07,2026-10-08,False,False,5.0,2026-10-08T17:14:25+05:30
SIGNATURE,713.75,TOUCHED,-0.35,below,711.25,713.75,715.0,716.25,713.75,0.35,44.7,0.026,0,2026-10-07,2026-10-08,False,False,5.0,2026-10-08T17:14:25+05:30
PFC,326.07,TOUCHED,-0.73,below,323.7,326.07,326.58,327.1,326.07,0.316,44.9,0.029,0,2026-10-07,2026-10-08,False,False,5.0,2026-10-08T17:14:25+05:30
IDBI,85.84,TOUCHED,-3.1,below,83.18,85.84,86.01,86.18,85.84,0.395,45.2,0.033,0,2026-10-07,2026-10-08,False,False,5.0,2026-10-08T17:14:25+05:30
KPIL,1450.15,TOUCHED,-3.35,below,1401.5,1450.15,1452.9,1455.65,1450.15,0.379,45.2,0.043,0,2026-10-07,2026-10-08,False,False,5.0,2026-10-08T17:14:25+05:30
MGL,1045.13,TOUCHED,-0.12,inside,1043.9,1045.13,1045.13,1046.9,1043.37,0.338,46.0,0.033,0,2026-10-07,2026-10-08,False,False,5.0,2026-10-08T17:14:25+05:30
LENSKART,682.77,TOUCHED,-4.22,below,653.95,682.77,684.25,685.73,682.77,0.431,47.2,0.022,0,2026-10-07,2026-10-08,False,False,5.0,2026-10-08T17:14:25+05:30
CIEINDIA,376.78,TOUCHED,-1.36,below,371.65,376.78,377.42,378.06,376.78,0.34,47.4,0.025,0,2026-10-07,2026-10-08,False,False,5.0,2026-10-08T17:14:25+05:30
BHEL,449.43,TOUCHED,-4.41,below,429.6,449.43,450.35,451.28,449.43,0.411,47.7,0.033,0,2026-10-07,2026-10-08,False,False,5.0,2026-10-08T17:14:25+05:30
INOXWIND,67.25,TOUCHED,-7.17,below,62.43,67.25,67.4,67.56,67.25,0.45,47.7,0.041,0,2026-10-07,2026-10-08,False,False,5.0,2026-10-08T17:14:25+05:30
JKCEMENT,5016.75,TOUCHED,-1.0,below,4966.5,5016.75,5026.83,5036.92,5016.75,0.401,47.7,0.03,0,2026-10-07,2026-10-08,False,False,5.0,2026-10-08T17:14:25+05:30
APTUS,219.94,TOUCHED,-1.37,below,216.92,219.94,220.42,220.89,219.94,0.434,47.9,0.026,0,2026-10-07,2026-10-08,False,False,5.0,2026-10-08T17:14:25+05:30
KAYNES,3375.0,TOUCHED,-4.21,below,3233.0,3375.0,3385.0,3395.0,3375.0,0.591,48.8,0.046,0,2026-10-07,2026-10-08,False,False,5.0,2026-10-08T17:14:25+05:30
ATHERENERG,1442.2,TOUCHED,-2.51,below,1406.0,1442.2,1446.47,1450.73,1442.2,0.59,48.9,0.047,0,2026-10-07,2026-10-08,False,False,5.0,2026-10-08T17:14:25+05:30
GICRE,314.93,TOUCHED,-1.85,below,309.1,314.93,315.47,316.01,314.93,0.343,49.9,0.028,0,2026-10-07,2026-10-08,False,False,5.0,2026-10-08T17:14:25+05:30
PFOCUS,280.55,TOUCHED,-3.07,below,271.95,280.55,281.7,282.85,280.55,0.816,49.9,0.049,0,2026-10-07,2026-10-08,False,False,5.0,2026-10-08T17:14:25+05:30
SWIGGY,246.7,TOUCHED,-4.76,below,234.95,246.7,247.4,248.1,246.7,0.566,50.1,0.042,0,2026-10-07,2026-10-08,False,False,5.0,2026-10-08T17:14:25+05:30
ONGC,222.18,TOUCHED,-1.07,below,219.8,222.18,222.48,222.78,222.18,0.268,50.4,0.026,0,2026-10-07,2026-10-08,False,False,5.0,2026-10-08T17:14:25+05:30
INTELLECT,592.9,TOUCHED,-4.31,below,567.35,592.9,594.45,596.0,592.9,0.521,50.7,0.036,0,2026-10-07,2026-10-08,False,False,5.0,2026-10-08T17:14:25+05:30
TATASTEEL,175.9,TOUCHED,-2.24,below,171.96,175.9,176.16,176.43,175.9,0.297,51.0,0.018,0,2026-10-07,2026-10-08,False,False,5.0,2026-10-08T17:14:25+05:30
CENTRALBK,30.28,TOUCHED,-0.96,below,29.99,30.28,30.33,30.39,30.28,0.352,51.5,0.029,0,2026-10-07,2026-10-08,False,False,5.0,2026-10-08T17:14:25+05:30
HEXT,504.09,TOUCHED,1.45,above,511.4,504.09,502.68,504.09,501.28,0.56,51.5,0.045,0,2026-10-07,2026-10-08,False,False,5.0,2026-10-08T17:14:25+05:30
SAIL,174.7,TOUCHED,-4.84,below,166.25,174.7,175.09,175.49,174.7,0.447,51.8,0.024,0,2026-10-07,2026-10-08,False,False,5.0,2026-10-08T17:14:25+05:30
USHAMART,516.7,TOUCHED,-2.47,below,503.95,516.7,517.88,519.07,516.7,0.457,52.1,0.031,0,2026-10-07,2026-10-08,False,False,5.0,2026-10-08T17:14:25+05:30
ASTRAL,1419.1,TOUCHED,-0.75,below,1408.5,1419.1,1421.97,1424.83,1419.1,0.403,52.3,0.032,0,2026-10-07,2026-10-08,False,False,5.0,2026-10-08T17:14:25+05:30
LGEINDIA,1770.75,TOUCHED,-2.7,below,1723.0,1770.75,1773.93,1777.12,1770.75,0.359,52.4,0.01,0,2026-10-07,2026-10-08,False,False,5.0,2026-10-08T17:14:25+05:30
ARE&M,734.62,TOUCHED,-1.95,below,720.3,734.62,736.0,737.38,734.62,0.374,53.2,0.022,0,2026-10-07,2026-10-08,False,False,5.0,2026-10-08T17:14:25+05:30
BANKINDIA,132.72,TOUCHED,-0.28,below,132.35,132.72,133.0,133.28,132.72,0.414,53.2,0.029,0,2026-10-07,2026-10-08,False,False,5.0,2026-10-08T17:14:25+05:30
DEVYANI,129.31,TOUCHED,-4.71,below,123.23,129.31,129.65,129.99,129.31,0.517,53.2,0.031,0,2026-10-07,2026-10-08,False,False,5.0,2026-10-08T17:14:25+05:30
EMBASSY,430.73,TOUCHED,1.06,above,435.3,430.73,430.26,430.73,429.78,0.222,53.2,0.017,0,2026-10-06,2026-10-07,False,False,5.0,2026-10-08T17:14:25+05:30
PIRAMALFIN,1986.48,TOUCHED,-1.51,below,1956.4,1986.48,1991.47,1996.45,1986.48,0.5,53.2,0.043,0,2026-10-07,2026-10-08,False,False,5.0,2026-10-08T17:14:25+05:30
SUNPHARMA,1783.38,TOUCHED,-1.32,below,1759.8,1783.38,1785.77,1788.15,1783.38,0.267,53.2,0.017,0,2026-10-07,2026-10-08,False,False,5.0,2026-10-08T17:14:25+05:30
AFCONS,242.93,TOUCHED,-0.34,below,242.11,242.93,243.42,243.9,242.93,0.396,53.4,0.024,0,2026-10-07,2026-10-08,False,False,5.0,2026-10-08T17:14:25+05:30
TECHM,1496.77,TOUCHED,-0.04,inside,1496.2,1496.77,1496.77,1499.6,1493.93,0.379,53.4,0.024,0,2026-10-07,2026-10-08,False,False,5.0,2026-10-08T17:14:25+05:30
BANKBARODA,233.7,TOUCHED,0.13,inside,234.0,233.7,233.7,234.13,233.28,0.362,53.7,0.012,0,2026-10-07,2026-10-08,False,False,5.0,2026-10-08T17:14:25+05:30
CDSL,1266.75,TOUCHED,-0.69,below,1258.0,1266.75,1269.5,1272.25,1266.75,0.433,53.7,0.033,0,2026-10-07,2026-10-08,False,False,5.0,2026-10-08T17:14:25+05:30
HDFCLIFE,544.25,TOUCHED,0.05,inside,544.5,544.25,544.25,545.15,543.35,0.331,53.7,0.018,0,2026-10-07,2026-10-08,False,False,5.0,2026-10-08T17:14:25+05:30
IFCI,64.58,TOUCHED,2.86,above,66.43,64.58,64.4,64.58,64.21,0.569,54.0,0.1,0,2026-10-07,2026-10-08,False,False,5.0,2026-10-08T17:14:25+05:30
LICI,386.84,TOUCHED,-1.96,below,379.25,386.84,387.38,387.93,386.84,0.28,54.0,0.028,0,2026-10-07,2026-10-08,False,False,5.0,2026-10-08T17:14:25+05:30
BERGEPAINT,466.85,TOUCHED,0.24,above,467.95,466.85,465.87,466.85,464.88,0.422,54.2,0.013,0,2026-10-07,2026-10-08,False,False,5.0,2026-10-08T17:14:25+05:30
IEX,106.05,TOUCHED,-2.17,below,103.75,106.05,106.26,106.46,106.05,0.383,54.8,0.029,0,2026-10-07,2026-10-08,False,False,5.0,2026-10-08T17:14:25+05:30
SUNDARMFIN,4310.3,TOUCHED,-4.63,below,4110.6,4310.3,4319.4,4328.5,4310.3,0.421,54.8,0.021,0,2026-10-07,2026-10-08,False,False,5.0,2026-10-08T17:14:25+05:30
SYRMA,1730.1,TOUCHED,-2.84,below,1680.9,1730.1,1735.63,1741.17,1730.1,0.638,54.8,0.042,0,2026-10-07,2026-10-08,False,False,5.0,2026-10-08T17:14:25+05:30
GAIL,169.89,TOUCHED,-1.29,below,167.7,169.89,170.16,170.44,169.89,0.321,55.1,0.014,0,2026-10-07,2026-10-08,False,False,5.0,2026-10-08T17:14:25+05:30
MSUMI,33.32,TOUCHED,-1.07,below,32.97,33.32,33.41,33.49,33.32,0.489,55.6,0.027,0,2026-10-07,2026-10-08,False,False,5.0,2026-10-08T17:14:25+05:30
EXIDEIND,403.73,TOUCHED,-2.19,below,394.9,403.73,404.5,405.27,403.73,0.383,56.2,0.026,0,2026-10-07,2026-10-08,False,False,5.0,2026-10-08T17:14:25+05:30
JBMA,548.33,TOUCHED,-3.96,below,526.6,548.33,549.67,551.0,548.33,0.485,56.2,0.021,0,2026-10-07,2026-10-08,False,False,5.0,2026-10-08T17:14:25+05:30
CPPLUS,4022.0,TOUCHED,-1.24,below,3972.2,4022.0,4036.3,4050.6,4022.0,0.709,56.6,0.029,0,2026-10-07,2026-10-08,False,False,5.0,2026-10-08T17:14:25+05:30
CANBK,118.38,TOUCHED,-0.87,below,117.35,118.38,118.64,118.89,118.38,0.433,56.7,0.023,0,2026-10-07,2026-10-08,False,False,5.0,2026-10-08T17:14:25+05:30
BATAINDIA,616.33,TOUCHED,-2.11,below,603.35,616.33,617.57,618.8,616.33,0.399,57.3,0.022,0,2026-10-07,2026-10-08,False,False,5.0,2026-10-08T17:14:25+05:30
TARIL,286.25,TOUCHED,-1.22,below,282.75,286.25,287.22,288.18,286.25,0.673,57.8,0.054,0,2026-10-07,2026-10-08,False,False,5.0,2026-10-08T17:14:25+05:30
GRAVITA,1483.7,TOUCHED,-0.09,below,1482.3,1483.7,1487.8,1491.9,1483.7,0.551,58.1,0.028,0,2026-10-07,2026-10-08,False,False,5.0,2026-10-08T17:14:25+05:30
TCS,2083.7,TOUCHED,-0.37,below,2076.0,2083.7,2087.1,2090.5,2083.7,0.326,58.4,0.029,0,2026-10-07,2026-10-08,False,False,5.0,2026-10-08T17:14:25+05:30
KFINTECH,860.28,TOUCHED,-2.57,below,838.2,860.28,862.57,864.85,860.28,0.529,58.9,0.016,0,2026-10-07,2026-10-08,False,False,5.0,2026-10-08T17:14:25+05:30
KIRLOSBROS,1717.65,TOUCHED,-2.94,below,1667.2,1717.65,1722.5,1727.35,1717.65,0.563,58.9,0.032,0,2026-10-07,2026-10-08,False,False,5.0,2026-10-08T17:14:25+05:30
TATACHEM,611.13,TOUCHED,-2.98,below,592.95,611.13,612.47,613.8,611.13,0.435,58.9,0.021,0,2026-10-07,2026-10-08,False,False,5.0,2026-10-08T17:14:25+05:30
JUBLINGREA,637.05,TOUCHED,-2.63,below,620.3,637.05,638.88,640.72,637.05,0.574,59.2,0.03,0,2026-10-07,2026-10-08,False,False,5.0,2026-10-08T17:14:25+05:30
WIPRO,159.88,TOUCHED,-0.94,below,158.38,159.88,160.17,160.45,159.88,0.354,59.2,0.012,0,2026-10-07,2026-10-08,False,False,5.0,2026-10-08T17:14:25+05:30
BIRET,330.21,TOUCHED,-0.18,below,329.6,330.21,330.52,330.84,330.21,0.192,59.5,0.011,0,2026-10-06,2026-10-07,False,False,5.0,2026-10-08T17:14:25+05:30
GODREJIND,1031.67,TOUCHED,-2.84,below,1002.4,1031.67,1034.33,1037.0,1031.67,0.516,59.5,0.035,0,2026-10-07,2026-10-08,False,False,5.0,2026-10-08T17:14:25+05:30
NEULANDLAB,21725.83,TOUCHED,-3.27,below,21015.0,21725.83,21796.67,21867.5,21725.83,0.65,59.7,0.032,0,2026-10-07,2026-10-08,False,False,5.0,2026-10-08T17:14:25+05:30
LTM,3938.93,TOUCHED,-0.61,below,3915.0,3938.93,3947.87,3956.8,3938.93,0.453,60.5,0.031,0,2026-10-07,2026-10-08,False,False,5.0,2026-10-08T17:14:25+05:30
NATCOPHARM,812.41,TOUCHED,-2.09,below,795.4,812.41,814.72,817.02,812.41,0.567,60.5,0.016,0,2026-10-07,2026-10-08,False,False,5.0,2026-10-08T17:14:25+05:30
CYIENT,1117.87,TOUCHED,-2.97,below,1084.7,1117.87,1120.73,1123.6,1117.87,0.512,60.8,0.022,0,2026-10-07,2026-10-08,False,False,5.0,2026-10-08T17:14:25+05:30
ABCAPITAL,373.11,TOUCHED,-1.19,below,368.65,373.11,374.12,375.12,373.11,0.539,61.1,0.031,0,2026-10-07,2026-10-08,False,False,5.0,2026-10-08T17:14:25+05:30
FEDERALBNK,321.6,TOUCHED,-0.19,below,321.0,321.6,322.23,322.87,321.6,0.393,61.1,0.026,0,2026-10-07,2026-10-08,False,False,5.0,2026-10-08T17:14:25+05:30
MAXHEALTH,901.42,TOUCHED,-3.11,below,873.4,901.42,903.62,905.81,901.42,0.485,61.9,0.037,0,2026-10-07,2026-10-08,False,False,5.0,2026-10-08T17:14:25+05:30
FSL,261.73,TOUCHED,1.77,above,266.35,261.73,260.88,261.73,260.04,0.645,62.2,0.037,0,2026-10-07,2026-10-08,False,False,5.0,2026-10-08T17:14:25+05:30
OIL,450.57,TOUCHED,-0.79,below,447.0,450.57,451.63,452.69,450.57,0.469,62.2,0.016,0,2026-10-07,2026-10-08,False,False,5.0,2026-10-08T17:14:25+05:30
HONASA,472.95,TOUCHED,-1.15,below,467.5,472.95,474.32,475.68,472.95,0.576,62.5,0.051,0,2026-10-07,2026-10-08,False,False,5.0,2026-10-08T17:14:25+05:30
LTFOODS,414.62,TOUCHED,-2.21,below,405.45,414.62,415.82,417.01,414.62,0.573,63.0,0.038,0,2026-10-07,2026-10-08,False,False,5.0,2026-10-08T17:14:25+05:30
UCOBANK,23.24,TOUCHED,-1.2,below,22.96,23.24,23.29,23.35,23.24,0.458,63.0,0.013,0,2026-10-07,2026-10-08,False,False,5.0,2026-10-08T17:14:25+05:30
TATAINVEST,616.81,TOUCHED,-1.22,below,609.3,616.81,618.32,619.83,616.81,0.488,63.3,0.022,0,2026-10-07,2026-10-08,False,False,5.0,2026-10-08T17:14:25+05:30
GVT&D,4270.7,TOUCHED,-1.66,below,4200.0,4270.7,4285.9,4301.1,4270.7,0.709,63.6,0.025,0,2026-10-07,2026-10-08,False,False,5.0,2026-10-08T17:14:25+05:30
NAM-INDIA,1050.67,TOUCHED,-1.07,below,1039.4,1050.67,1054.13,1057.6,1050.67,0.658,64.4,0.026,0,2026-10-07,2026-10-08,False,False,5.0,2026-10-08T17:14:25+05:30
EMMVEE,303.13,TOUCHED,-0.37,inside,302.0,303.13,303.13,304.47,301.8,0.88,64.9,0.034,0,2026-10-07,2026-10-08,False,False,5.0,2026-10-08T17:14:25+05:30
HAL,4758.12,TOUCHED,-2.33,below,4647.4,4758.12,4769.93,4781.75,4758.12,0.495,64.9,0.037,0,2026-10-07,2026-10-08,False,False,5.0,2026-10-08T17:14:25+05:30
MMTC,56.37,TOUCHED,-3.73,below,54.27,56.37,56.54,56.71,56.37,0.601,65.2,0.054,0,2026-10-07,2026-10-08,False,False,5.0,2026-10-08T17:14:25+05:30
JINDALSTEL,1063.7,TOUCHED,-5.05,below,1010.0,1063.7,1066.4,1069.1,1063.7,0.506,65.5,0.034,0,2026-10-07,2026-10-08,False,False,5.0,2026-10-08T17:14:25+05:30
ANGELONE,298.75,TOUCHED,-1.26,below,295.0,298.75,299.83,300.92,298.75,0.723,65.8,0.025,0,2026-10-07,2026-10-08,False,False,5.0,2026-10-08T17:14:25+05:30
FLUOROCHEM,4568.0,TOUCHED,-2.8,below,4440.1,4568.0,4580.1,4592.2,4568.0,0.528,65.8,0.016,0,2026-10-07,2026-10-08,False,False,5.0,2026-10-08T17:14:25+05:30
TATAELXSI,3090.22,TOUCHED,-3.05,below,2996.0,3090.22,3097.93,3105.65,3090.22,0.498,65.8,0.033,0,2026-10-07,2026-10-08,False,False,5.0,2026-10-08T17:14:25+05:30
AADHARHFC,451.7,TOUCHED,-0.25,below,450.55,451.7,452.82,453.93,451.7,0.493,66.3,0.024,0,2026-10-07,2026-10-08,False,False,5.0,2026-10-08T17:14:25+05:30
CHOLAHLDNG,1407.02,TOUCHED,-2.6,below,1370.4,1407.02,1411.33,1415.65,1407.02,0.612,66.3,0.025,0,2026-10-07,2026-10-08,False,False,5.0,2026-10-08T17:14:25+05:30
COFORGE,1828.15,TOUCHED,-0.76,below,1814.3,1828.15,1834.1,1840.05,1828.15,0.649,66.6,0.032,0,2026-10-07,2026-10-08,False,False,5.0,2026-10-08T17:14:25+05:30
GMDCLTD,478.99,TOUCHED,-3.27,below,463.35,478.99,480.88,482.77,478.99,0.787,66.6,0.068,0,2026-10-07,2026-10-08,False,False,5.0,2026-10-08T17:14:25+05:30
SONACOMS,812.86,TOUCHED,-2.44,below,793.0,812.86,815.22,817.57,812.86,0.579,66.8,0.029,0,2026-10-07,2026-10-08,False,False,5.0,2026-10-08T17:14:25+05:30
ABSLAMC,1018.68,TOUCHED,-1.35,below,1004.9,1018.68,1021.85,1025.03,1018.68,0.621,67.1,0.03,0,2026-10-07,2026-10-08,False,False,5.0,2026-10-08T17:14:25+05:30
GALLANTT,516.7,TOUCHED,-2.62,below,503.15,516.7,518.85,521.0,516.7,0.829,67.1,0.061,0,2026-10-07,2026-10-08,False,False,5.0,2026-10-08T17:14:25+05:30
IRB,17.52,TOUCHED,0.04,inside,17.53,17.52,17.52,17.56,17.48,0.476,67.1,0.034,0,2026-10-07,2026-10-08,False,False,5.0,2026-10-08T17:14:25+05:30
NTPCGREEN,89.16,TOUCHED,1.84,above,90.8,89.16,88.94,89.16,88.73,0.487,67.7,0.012,0,2026-10-07,2026-10-08,False,False,5.0,2026-10-08T17:14:25+05:30
HDFCBANK,703.95,TOUCHED,-1.66,below,692.25,703.95,705.15,706.35,703.95,0.34,69.0,0.019,0,2026-10-07,2026-10-08,False,False,5.0,2026-10-08T17:14:25+05:30
CESC,131.56,TOUCHED,-2.15,below,128.73,131.56,131.94,132.33,131.56,0.579,69.3,0.033,0,2026-10-07,2026-10-08,False,False,5.0,2026-10-08T17:14:25+05:30
MTARTECH,7825.67,TOUCHED,0.3,above,7849.5,7825.67,7786.83,7825.67,7748.0,0.997,69.3,0.024,0,2026-10-07,2026-10-08,False,False,5.0,2026-10-08T17:14:25+05:30
CREDITACC,1252.85,TOUCHED,0.84,above,1263.4,1252.85,1248.43,1252.85,1244.02,0.708,69.6,0.035,0,2026-10-07,2026-10-08,False,False,5.0,2026-10-08T17:14:25+05:30
SHREECEM,21828.33,TOUCHED,-1.05,below,21600.0,21828.33,21876.67,21925.0,21828.33,0.442,69.6,0.014,0,2026-10-07,2026-10-08,False,False,5.0,2026-10-08T17:14:25+05:30
PATANJALI,358.5,TOUCHED,-0.98,below,355.0,358.5,359.32,360.13,358.5,0.455,69.9,0.014,0,2026-10-07,2026-10-08,False,False,5.0,2026-10-08T17:14:25+05:30
HINDZINC,552.59,TOUCHED,-3.77,below,531.75,552.59,554.18,555.77,552.59,0.574,70.4,0.038,0,2026-10-07,2026-10-08,False,False,5.0,2026-10-08T17:14:25+05:30
ASAHIINDIA,965.75,TOUCHED,-2.79,below,938.8,965.75,969.25,972.75,965.75,0.722,70.7,0.027,0,2026-10-07,2026-10-08,False,False,5.0,2026-10-08T17:14:25+05:30
CONCOR,440.87,TOUCHED,-1.56,below,434.0,440.87,441.98,443.1,440.87,0.505,70.7,0.034,0,2026-10-07,2026-10-08,False,False,5.0,2026-10-08T17:14:25+05:30
HINDUNILVR,1868.98,TOUCHED,-1.31,below,1844.5,1868.98,1872.57,1876.15,1868.98,0.383,70.7,0.014,0,2026-10-07,2026-10-08,False,False,5.0,2026-10-08T17:14:25+05:30
LTF,261.1,TOUCHED,-1.42,below,257.4,261.1,261.95,262.8,261.1,0.649,70.7,0.028,0,2026-10-07,2026-10-08,False,False,5.0,2026-10-08T17:14:25+05:30
SJVN,56.51,TOUCHED,-4.02,below,54.24,56.51,56.66,56.81,56.51,0.529,71.0,0.027,0,2026-10-07,2026-10-08,False,False,5.0,2026-10-08T17:14:25+05:30
HEGAM,247.98,TOUCHED,-4.36,below,237.17,247.98,248.96,249.95,247.98,0.793,71.2,0.041,0,2026-10-07,2026-10-08,False,False,5.0,2026-10-08T17:14:25+05:30
POWERGRID,253.62,TOUCHED,-3.54,below,244.65,253.62,254.18,254.75,253.62,0.446,71.5,0.017,0,2026-10-07,2026-10-08,False,False,5.0,2026-10-08T17:14:25+05:30
TBOTEK,1711.15,TOUCHED,-2.61,below,1666.5,1711.15,1717.8,1724.45,1711.15,0.774,71.5,0.034,0,2026-10-07,2026-10-08,False,False,5.0,2026-10-08T17:14:25+05:30
APOLLOHOSP,7869.5,TOUCHED,-2.59,below,7666.0,7869.5,7885.33,7901.17,7869.5,0.402,71.8,0.013,0,2026-10-07,2026-10-08,False,False,5.0,2026-10-08T17:14:25+05:30
MCX,3321.2,TOUCHED,-1.98,below,3255.6,3321.2,3335.0,3348.8,3321.2,0.828,72.1,0.057,0,2026-10-07,2026-10-08,False,False,5.0,2026-10-08T17:14:25+05:30
TIINDIA,2396.58,TOUCHED,-6.49,below,2241.0,2396.58,2405.17,2413.75,2396.58,0.714,72.3,0.038,0,2026-10-07,2026-10-08,False,False,5.0,2026-10-08T17:14:25+05:30
IREDA,107.64,TOUCHED,-3.57,below,103.8,107.64,107.96,108.27,107.64,0.58,72.9,0.031,0,2026-10-07,2026-10-08,False,False,5.0,2026-10-08T17:14:25+05:30
CASTROLIND,197.49,TOUCHED,-0.71,below,196.08,197.49,197.83,198.17,197.49,0.342,74.0,0.013,0,2026-10-07,2026-10-08,False,False,5.0,2026-10-08T17:14:25+05:30
GESHIP,1551.3,TOUCHED,-1.39,below,1529.7,1551.3,1556.83,1562.37,1551.3,0.711,74.2,0.031,0,2026-10-07,2026-10-08,False,False,5.0,2026-10-08T17:14:25+05:30
JKTYRE,334.66,TOUCHED,-1.32,below,330.25,334.66,335.92,337.17,334.66,0.749,74.5,0.031,0,2026-10-07,2026-10-08,False,False,5.0,2026-10-08T17:14:25+05:30
ANANDRATHI,2138.53,TOUCHED,0.02,inside,2138.9,2138.53,2138.53,2144.2,2132.87,0.53,74.8,0.021,0,2026-10-07,2026-10-08,False,False,5.0,2026-10-08T17:14:25+05:30
SHYAMMETL,1064.15,TOUCHED,0.25,above,1066.8,1064.15,1061.0,1064.15,1057.85,0.594,75.9,0.013,0,2026-10-07,2026-10-08,False,False,5.0,2026-10-08T17:14:25+05:30
WELCORP,2672.65,TOUCHED,-0.8,below,2651.3,2672.65,2683.3,2693.95,2672.65,0.794,75.9,0.051,0,2026-10-07,2026-10-08,False,False,5.0,2026-10-08T17:14:25+05:30
GRANULES,836.45,TOUCHED,-2.56,below,815.05,836.45,839.4,842.35,836.45,0.703,76.2,0.037,0,2026-10-07,2026-10-08,False,False,5.0,2026-10-08T17:14:25+05:30
INFY,997.03,TOUCHED,-0.0,inside,997.0,997.03,997.03,999.55,994.52,0.505,76.7,0.029,0,2026-10-07,2026-10-08,False,False,5.0,2026-10-08T17:14:25+05:30
VTL,538.46,TOUCHED,-2.06,below,527.35,538.46,540.52,542.58,538.46,0.762,76.7,0.028,0,2026-10-07,2026-10-08,False,False,5.0,2026-10-08T17:14:25+05:30
WELSPUNLIV,236.89,TOUCHED,-4.99,below,225.07,236.89,237.93,238.96,236.89,0.87,77.0,0.042,0,2026-10-07,2026-10-08,False,False,5.0,2026-10-08T17:14:25+05:30
PRESTIGE,1435.03,TOUCHED,-1.67,below,1411.0,1435.03,1440.77,1446.5,1435.03,0.796,77.5,0.047,0,2026-10-07,2026-10-08,False,False,5.0,2026-10-08T17:14:25+05:30
BIOCON,361.13,TOUCHED,-3.08,below,350.0,361.13,362.27,363.4,361.13,0.626,77.8,0.027,0,2026-10-07,2026-10-08,False,False,5.0,2026-10-08T17:14:25+05:30
ABDL,697.82,TOUCHED,-0.63,below,693.45,697.82,701.38,704.95,697.82,1.017,78.1,0.066,0,2026-10-07,2026-10-08,False,False,5.0,2026-10-08T17:14:25+05:30
BALRAMCHIN,698.8,TOUCHED,-1.34,below,689.45,698.8,701.4,704.0,698.8,0.741,78.1,0.025,0,2026-10-07,2026-10-08,False,False,5.0,2026-10-08T17:14:25+05:30
BSE,3325.03,TOUCHED,0.29,inside,3334.8,3325.03,3325.03,3340.52,3309.55,0.931,78.4,0.024,0,2026-10-07,2026-10-08,False,False,5.0,2026-10-08T17:14:25+05:30
KALYANKJIL,561.88,TOUCHED,-1.49,below,553.5,561.88,564.25,566.62,561.88,0.842,78.6,0.038,0,2026-10-07,2026-10-08,False,False,5.0,2026-10-08T17:14:25+05:30
SBICARD,559.2,TOUCHED,-2.07,below,547.65,559.2,561.0,562.8,559.2,0.642,78.6,0.03,0,2026-10-07,2026-10-08,False,False,5.0,2026-10-08T17:14:25+05:30
ATGL,583.88,TOUCHED,-3.71,below,562.2,583.88,585.85,587.83,583.88,0.674,78.9,0.024,0,2026-10-07,2026-10-08,False,False,5.0,2026-10-08T17:14:25+05:30
MEDANTA,1279.45,TOUCHED,-0.23,below,1276.5,1279.45,1284.33,1289.22,1279.45,0.76,78.9,0.028,0,2026-10-07,2026-10-08,False,False,5.0,2026-10-08T17:14:25+05:30
POLICYBZR,1026.6,TOUCHED,-2.98,below,996.0,1026.6,1031.07,1035.53,1026.6,0.866,78.9,0.035,0,2026-10-07,2026-10-08,False,False,5.0,2026-10-08T17:14:25+05:30
PIDILITIND,1492.02,TOUCHED,-2.14,below,1460.1,1492.02,1495.53,1499.05,1492.02,0.47,79.2,0.026,0,2026-10-07,2026-10-08,False,False,5.0,2026-10-08T17:14:25+05:30
SAGILITY,43.49,TOUCHED,-0.31,inside,43.35,43.49,43.49,43.67,43.3,0.866,79.2,0.043,0,2026-10-07,2026-10-08,False,False,5.0,2026-10-08T17:14:25+05:30
KPITTECH,486.23,TOUCHED,-3.13,below,471.0,486.23,488.2,490.18,486.23,0.809,79.5,0.044,0,2026-10-07,2026-10-08,False,False,5.0,2026-10-08T17:14:25+05:30
AARTIIND,485.65,TOUCHED,-1.56,below,478.05,485.65,487.52,489.38,485.65,0.766,80.5,0.029,0,2026-10-07,2026-10-08,False,False,5.0,2026-10-08T17:14:25+05:30
DELHIVERY,399.71,TOUCHED,-0.68,below,397.0,399.71,401.27,402.82,399.71,0.777,81.6,0.018,0,2026-10-07,2026-10-08,False,False,5.0,2026-10-08T17:14:25+05:30
LEMONTREE,111.18,TOUCHED,-1.02,below,110.05,111.18,111.63,112.07,111.18,0.8,81.6,0.022,0,2026-10-07,2026-10-08,False,False,5.0,2026-10-08T17:14:25+05:30
INDIANB,818.17,TOUCHED,-1.27,below,807.8,818.17,821.55,824.92,818.17,0.822,81.9,0.024,0,2026-10-07,2026-10-08,False,False,5.0,2026-10-08T17:14:25+05:30
RECLTD,299.98,TOUCHED,-1.66,below,295.0,299.98,301.07,302.15,299.98,0.72,82.2,0.014,0,2026-10-07,2026-10-08,False,False,5.0,2026-10-08T17:14:25+05:30
KARURVYSYA,328.78,TOUCHED,0.13,above,329.2,328.78,327.45,328.78,326.12,0.809,82.5,0.039,0,2026-10-07,2026-10-08,False,False,5.0,2026-10-08T17:14:25+05:30
CGCL,247.26,TOUCHED,-2.31,below,241.54,247.26,248.42,249.58,247.26,0.934,82.7,0.062,0,2026-10-07,2026-10-08,False,False,5.0,2026-10-08T17:14:25+05:30
ADANIENSOL,1325.13,TOUCHED,-5.56,below,1251.5,1325.13,1331.47,1337.8,1325.13,0.951,83.3,0.03,0,2026-10-07,2026-10-08,False,False,5.0,2026-10-08T17:14:25+05:30
ZEEL,70.5,TOUCHED,-3.02,below,68.37,70.5,70.88,71.26,70.5,1.072,83.6,0.031,0,2026-10-07,2026-10-08,False,False,5.0,2026-10-08T17:14:25+05:30
JSWCEMENT,113.12,TOUCHED,-0.13,inside,112.97,113.12,113.12,113.6,112.63,0.863,83.7,0.027,0,2026-10-07,2026-10-08,False,False,5.0,2026-10-08T17:14:25+05:30
BLUESTARCO,1537.58,TOUCHED,-1.21,below,1519.0,1537.58,1545.07,1552.55,1537.58,0.969,84.7,0.046,0,2026-10-07,2026-10-08,False,False,5.0,2026-10-08T17:14:25+05:30
BRITANNIA,4794.72,TOUCHED,-1.02,below,4745.6,4794.72,4809.43,4824.15,4794.72,0.612,84.9,0.018,0,2026-10-07,2026-10-08,False,False,5.0,2026-10-08T17:14:25+05:30
PTCIL,24413.33,TOUCHED,0.23,inside,24470.0,24413.33,24413.33,24549.17,24277.5,1.113,85.5,0.028,0,2026-10-07,2026-10-08,False,False,5.0,2026-10-08T17:14:25+05:30
DMART,3598.1,TOUCHED,-0.36,below,3585.0,3598.1,3610.73,3623.37,3598.1,0.7,85.8,0.025,0,2026-10-07,2026-10-08,False,False,5.0,2026-10-08T17:14:25+05:30
AAVAS,1215.3,TOUCHED,-2.04,below,1190.5,1215.3,1220.77,1226.23,1215.3,0.896,86.0,0.026,0,2026-10-07,2026-10-08,False,False,5.0,2026-10-08T17:14:25+05:30
ABREL,1054.63,TOUCHED,-3.47,below,1018.0,1054.63,1059.87,1065.1,1054.63,0.988,86.3,0.024,0,2026-10-07,2026-10-08,False,False,5.0,2026-10-08T17:14:25+05:30
CIPLA,1330.75,TOUCHED,-1.8,below,1306.8,1330.75,1334.3,1337.85,1330.75,0.532,86.6,0.022,0,2026-10-07,2026-10-08,False,False,5.0,2026-10-08T17:14:25+05:30
AEGISLOG,1432.2,TOUCHED,-3.48,below,1382.3,1432.2,1441.53,1450.87,1432.2,1.295,86.8,0.033,0,2026-10-07,2026-10-08,False,False,5.0,2026-10-08T17:14:25+05:30
GILLETTE,7197.33,TOUCHED,0.92,above,7263.5,7197.33,7171.17,7197.33,7145.0,0.73,86.8,0.025,0,2026-10-07,2026-10-08,False,False,5.0,2026-10-08T17:14:25+05:30
MRPL,179.32,TOUCHED,-3.05,below,173.85,179.32,180.5,181.68,179.32,1.306,86.8,0.04,0,2026-10-07,2026-10-08,False,False,5.0,2026-10-08T17:14:25+05:30
PVRINOX,1325.4,TOUCHED,-1.22,below,1309.2,1325.4,1331.53,1337.67,1325.4,0.921,87.1,0.027,0,2026-10-07,2026-10-08,False,False,5.0,2026-10-08T17:14:25+05:30
APOLLOTYRE,402.6,TOUCHED,-0.22,below,401.7,402.6,404.27,405.93,402.6,0.825,87.4,0.038,0,2026-10-07,2026-10-08,False,False,5.0,2026-10-08T17:14:25+05:30
BRIGADE,557.18,TOUCHED,-1.79,below,547.2,557.18,560.15,563.12,557.18,1.062,87.7,0.018,0,2026-10-07,2026-10-08,False,False,5.0,2026-10-08T17:14:25+05:30
GROWW,193.86,TOUCHED,-0.65,below,192.6,193.86,195.16,196.45,193.86,1.329,88.6,0.029,0,2026-10-07,2026-10-08,False,False,5.0,2026-10-08T17:14:25+05:30
DEEPAKFERT,1391.45,TOUCHED,-0.09,below,1390.2,1391.45,1399.43,1407.42,1391.45,1.141,89.0,0.043,0,2026-10-07,2026-10-08,False,False,5.0,2026-10-08T17:14:25+05:30
COLPAL,1764.65,TOUCHED,-1.64,below,1735.7,1764.65,1771.9,1779.15,1764.65,0.818,89.9,0.024,0,2026-10-07,2026-10-08,False,False,5.0,2026-10-08T17:14:25+05:30
UPL,497.43,TOUCHED,-3.29,below,481.05,497.43,499.87,502.3,497.43,0.974,92.3,0.018,0,2026-10-07,2026-10-08,False,False,5.0,2026-10-08T17:14:25+05:30
ICICIBANK,1349.13,TOUCHED,-0.01,inside,1349.0,1349.13,1349.13,1353.32,1344.95,0.62,92.6,0.021,0,2026-10-07,2026-10-08,False,False,5.0,2026-10-08T17:14:25+05:30
POLYCAB,8186.75,TOUCHED,-0.44,below,8151.0,8186.75,8227.83,8268.92,8186.75,0.999,92.6,0.027,0,2026-10-07,2026-10-08,False,False,5.0,2026-10-08T17:14:25+05:30
PWL,138.2,TOUCHED,1.65,above,140.48,138.2,136.82,138.2,135.45,2.007,92.9,0.069,0,2026-10-07,2026-10-08,False,False,5.0,2026-10-08T17:14:25+05:30
FORTIS,767.95,TOUCHED,-0.64,below,763.0,767.95,771.67,775.38,767.95,0.963,93.2,0.028,0,2026-10-07,2026-10-08,False,False,5.0,2026-10-08T17:14:25+05:30
HDBFS,602.68,TOUCHED,-2.7,below,586.4,602.68,605.27,607.85,602.68,0.854,93.4,0.022,0,2026-10-07,2026-10-08,False,False,5.0,2026-10-08T17:14:25+05:30
IGL,144.06,TOUCHED,-1.41,below,142.03,144.06,144.82,145.59,144.06,1.056,93.4,0.029,0,2026-10-07,2026-10-08,False,False,5.0,2026-10-08T17:14:25+05:30
BAJAJHFL,83.06,TOUCHED,-1.1,below,82.14,83.06,83.4,83.74,83.06,0.819,93.7,0.024,0,2026-10-07,2026-10-08,False,False,5.0,2026-10-08T17:14:25+05:30
PNB,114.0,TOUCHED,1.13,above,115.29,114.0,113.41,114.0,112.83,1.038,94.0,0.026,0,2026-10-07,2026-10-08,False,False,5.0,2026-10-08T17:14:25+05:30
BALKRISIND,2017.9,TOUCHED,-1.04,below,1996.9,2017.9,2029.2,2040.5,2017.9,1.114,94.2,0.026,0,2026-10-07,2026-10-08,False,False,5.0,2026-10-08T17:14:25+05:30
INDIACEM,297.1,TOUCHED,-0.84,below,294.6,297.1,299.08,301.07,297.1,1.326,94.2,0.027,0,2026-10-07,2026-10-08,False,False,5.0,2026-10-08T17:14:25+05:30
UNIONBANK,171.16,TOUCHED,0.2,inside,171.51,171.16,171.16,172.16,170.17,1.161,94.2,0.04,0,2026-10-07,2026-10-08,False,False,5.0,2026-10-08T17:14:25+05:30
DALBHARAT,1649.2,TOUCHED,-3.41,below,1592.9,1649.2,1658.3,1667.4,1649.2,1.098,95.1,0.025,0,2026-10-07,2026-10-08,False,False,5.0,2026-10-08T17:14:25+05:30
KEI,4591.95,TOUCHED,-0.26,below,4580.0,4591.95,4620.53,4649.12,4591.95,1.237,95.3,0.024,0,2026-10-07,2026-10-08,False,False,5.0,2026-10-08T17:14:25+05:30
BELRISE,240.46,TOUCHED,-2.35,below,234.8,240.46,242.41,244.36,240.46,1.61,95.6,0.033,0,2026-10-07,2026-10-08,False,False,5.0,2026-10-08T17:14:25+05:30
KOTAKBANK,435.25,TOUCHED,-0.06,below,435.0,435.25,436.83,438.42,435.25,0.725,95.6,0.022,0,2026-10-07,2026-10-08,False,False,5.0,2026-10-08T17:14:25+05:30
GLAND,3095.0,TOUCHED,-0.51,below,3079.1,3095.0,3113.53,3132.07,3095.0,1.191,96.2,0.039,0,2026-10-07,2026-10-08,False,False,5.0,2026-10-08T17:14:25+05:30
BAJAJFINSV,1743.32,V+N,-2.03,below,1708.0,1743.32,1743.33,1743.35,1743.32,0.002,1.6,0.015,1,2026-10-07,2026-10-08,True,True,5.0,2026-10-08T23:02:41+05:30
ENDURANCE,2512.85,V+N,-3.16,below,2433.5,2512.85,2513.03,2513.22,2512.85,0.015,2.2,0.042,1,2026-10-07,2026-10-08,True,True,5.0,2026-10-08T23:02:41+05:30
SBILIFE,1726.12,V+N,-2.53,below,1682.5,1726.12,1726.13,1726.15,1726.12,0.002,2.2,0.013,1,2026-10-07,2026-10-08,True,True,5.0,2026-10-08T23:02:41+05:30
PARADEEP,155.39,V+N,-3.11,below,150.55,155.39,155.39,155.4,155.39,0.006,2.5,0.029,1,2026-10-07,2026-10-08,True,True,5.0,2026-10-08T23:02:41+05:30
BHARTIHEXA,1462.18,V+W,2.63,above,1500.7,1462.18,1446.47,1462.18,1430.75,2.173,99.7,0.037,1,2026-10-07,2026-10-08,True,False,5.0,2026-10-08T23:02:41+05:30
REDINGTON,406.25,V,-4.49,below,388.0,406.25,406.33,406.42,406.25,0.041,6.6,0.038,1,2026-10-07,2026-10-08,True,False,5.0,2026-10-08T23:02:41+05:30
APLAPOLLO,2135.27,V,-4.46,below,2040.0,2135.27,2135.53,2135.8,2135.27,0.025,8.2,0.016,1,2026-10-07,2026-10-08,True,False,5.0,2026-10-08T23:02:41+05:30
TORNTPOWER,1235.50,V,-1.69,below,1214.6,1235.5,1235.83,1236.17,1235.5,0.054,8.8,0.025,1,2026-10-07,2026-10-08,True,False,5.0,2026-10-08T23:02:41+05:30
NSLNISP,40.57,V,-3.62,below,39.1,40.57,40.59,40.6,40.57,0.09,10.1,0.032,1,2026-10-07,2026-10-08,True,False,5.0,2026-10-08T23:02:41+05:30
SANSERA,4264.00,V,-3.16,below,4129.4,4264.0,4266.3,4268.6,4264.0,0.108,11.2,0.042,1,2026-10-07,2026-10-08,True,False,5.0,2026-10-08T23:02:41+05:30
JUBLFOOD,460.83,V,-7.21,below,427.6,460.83,461.05,461.27,460.83,0.098,12.9,0.015,1,2026-10-07,2026-10-08,True,False,5.0,2026-10-08T23:02:41+05:30
PINELABS,177.82,V,-4.52,below,169.79,177.82,177.97,178.12,177.82,0.169,13.7,0.048,1,2026-10-07,2026-10-08,True,False,5.0,2026-10-08T23:02:41+05:30
BPCL,296.47,V,-3.45,below,286.25,296.47,296.58,296.7,296.47,0.079,14.0,0.021,1,2026-10-07,2026-10-08,True,False,5.0,2026-10-08T23:02:41+05:30
ICICIGI,1589.27,V,2.19,above,1624.0,1589.27,1588.53,1589.27,1587.8,0.092,15.6,0.02,1,2026-10-07,2026-10-08,True,False,5.0,2026-10-08T23:02:41+05:30
AUROPHARMA,1682.90,V,-2.25,below,1645.0,1682.9,1683.8,1684.7,1682.9,0.107,17.8,0.036,1,2026-10-07,2026-10-08,True,False,5.0,2026-10-08T23:02:41+05:30
VMM,100.56,V,-3.54,below,97.0,100.56,100.63,100.69,100.56,0.126,18.9,0.027,1,2026-10-07,2026-10-08,True,False,5.0,2026-10-08T23:02:41+05:30
PAGEIND,37591.67,V,-3.04,below,36450.0,37591.67,37613.33,37635.0,37591.67,0.115,20.5,0.024,1,2026-10-07,2026-10-08,True,False,5.0,2026-10-08T23:02:41+05:30
NUVAMA,1821.95,V,-4.64,below,1737.4,1821.95,1823.27,1824.58,1821.95,0.144,20.8,0.025,1,2026-10-07,2026-10-08,True,False,5.0,2026-10-08T23:02:41+05:30
PAYTM,1727.05,V,-4.95,below,1641.5,1727.05,1728.7,1730.35,1727.05,0.191,21.9,0.035,1,2026-10-07,2026-10-08,True,False,5.0,2026-10-08T23:02:41+05:30
GRSE,2105.02,V,-4.32,below,2014.0,2105.02,2108.03,2111.05,2105.02,0.286,22.2,0.067,1,2026-10-07,2026-10-08,True,False,5.0,2026-10-08T23:02:41+05:30
THERMAX,3233.13,V,-2.94,below,3138.1,3233.13,3235.87,3238.6,3233.13,0.169,23.0,0.022,1,2026-10-07,2026-10-08,True,False,5.0,2026-10-08T23:02:41+05:30
OBEROIRLTY,1737.37,V,-4.26,below,1663.3,1737.37,1738.73,1740.1,1737.37,0.157,23.3,0.041,1,2026-10-07,2026-10-08,True,False,5.0,2026-10-08T23:02:41+05:30
ITI,246.09,V,-3.62,below,237.18,246.09,246.33,246.58,246.09,0.2,23.6,0.028,1,2026-10-07,2026-10-08,True,False,5.0,2026-10-08T23:02:41+05:30
RVNL,196.06,V,-4.52,below,187.2,196.06,196.26,196.45,196.06,0.197,23.6,0.029,1,2026-10-07,2026-10-08,True,False,5.0,2026-10-08T23:02:41+05:30
TITAGARH,800.68,V,-2.83,below,778.0,800.68,801.62,802.55,800.68,0.233,23.8,0.034,1,2026-10-07,2026-10-08,True,False,5.0,2026-10-08T23:02:41+05:30
JWL,223.82,V,-3.3,below,216.43,223.82,224.09,224.35,223.82,0.235,24.9,0.038,1,2026-10-07,2026-10-08,True,False,5.0,2026-10-08T23:02:41+05:30
SAILIFE,1563.55,V,-3.71,below,1505.6,1563.55,1565.3,1567.05,1563.55,0.224,25.2,0.036,1,2026-10-07,2026-10-08,True,False,5.0,2026-10-08T23:02:41+05:30
NCC,127.00,V,-5.56,below,119.93,127.0,127.11,127.23,127.0,0.184,27.9,0.027,1,2026-10-07,2026-10-08,True,False,5.0,2026-10-08T23:02:41+05:30
JINDALSAW,280.77,V,-3.77,below,270.2,280.77,281.15,281.52,280.77,0.267,28.5,0.032,1,2026-10-07,2026-10-08,True,False,5.0,2026-10-08T23:02:41+05:30
OLAELEC,36.38,V,-4.82,below,34.63,36.38,36.45,36.51,36.38,0.357,29.0,0.063,1,2026-10-07,2026-10-08,True,False,5.0,2026-10-08T23:02:41+05:30
SBIN,954.60,V,-1.53,below,940.0,954.6,955.2,955.8,954.6,0.126,29.9,0.011,1,2026-10-07,2026-10-08,True,False,5.0,2026-10-08T23:02:41+05:30
SAMMAANCAP,133.14,V,-4.0,below,127.82,133.14,133.35,133.55,133.14,0.305,30.4,0.041,1,2026-10-07,2026-10-08,True,False,5.0,2026-10-08T23:02:41+05:30
DEEPAKNTR,1552.18,V,2.06,above,1584.1,1552.18,1550.47,1552.18,1548.75,0.221,31.5,0.028,1,2026-10-07,2026-10-08,True,False,5.0,2026-10-08T23:02:41+05:30
BHARATFORG,1844.18,V,-2.91,below,1790.6,1844.18,1846.57,1848.95,1844.18,0.258,31.8,0.031,1,2026-10-07,2026-10-08,True,False,5.0,2026-10-08T23:02:41+05:30
JIOFIN,216.68,V,-2.62,below,211.0,216.68,216.92,217.17,216.68,0.223,34.0,0.02,1,2026-10-07,2026-10-08,True,False,5.0,2026-10-08T23:02:41+05:30
GODREJPROP,1582.62,V,-3.07,below,1534.0,1582.62,1585.03,1587.45,1582.62,0.305,34.8,0.044,1,2026-10-07,2026-10-08,True,False,5.0,2026-10-08T23:02:41+05:30
GRASIM,2923.87,V,-2.29,below,2856.8,2923.87,2926.63,2929.4,2923.87,0.189,34.8,0.018,1,2026-10-07,2026-10-08,True,False,5.0,2026-10-08T23:02:41+05:30
RPOWER,20.37,V,-2.78,below,19.8,20.37,20.41,20.46,20.37,0.457,37.5,0.065,1,2026-10-07,2026-10-08,True,False,5.0,2026-10-08T23:02:41+05:30
HDFCAMC,2317.70,V,-3.14,below,2245.0,2317.7,2320.6,2323.5,2317.7,0.25,37.8,0.021,1,2026-10-07,2026-10-08,True,False,5.0,2026-10-08T23:02:41+05:30
DRREDDY,1205.03,V,-2.08,below,1180.0,1205.03,1206.27,1207.5,1205.03,0.204,40.0,0.015,1,2026-10-07,2026-10-08,True,False,5.0,2026-10-08T23:02:41+05:30
FACT,748.24,V,-4.08,below,717.75,748.24,749.53,750.82,748.24,0.345,40.8,0.055,1,2026-10-07,2026-10-08,True,False,5.0,2026-10-08T23:02:41+05:30
MARUTI,11463.33,V,-2.05,below,11228.0,11463.33,11476.67,11490.0,11463.33,0.232,41.9,0.015,1,2026-10-07,2026-10-08,True,False,5.0,2026-10-08T23:02:41+05:30
NMDC,72.91,V,-3.04,below,70.69,72.91,73.01,73.12,72.91,0.292,42.2,0.027,1,2026-10-07,2026-10-08,True,False,5.0,2026-10-08T23:02:41+05:30
MUTHOOTFIN,2658.68,V,-3.73,below,2559.6,2658.68,2662.97,2667.25,2658.68,0.322,43.3,0.037,1,2026-10-07,2026-10-08,True,False,5.0,2026-10-08T23:02:41+05:30
RITES,201.07,V,-2.59,below,195.85,201.07,201.39,201.72,201.07,0.324,43.6,0.022,1,2026-10-07,2026-10-08,True,False,5.0,2026-10-08T23:02:41+05:30
KIRLOSENG,2236.63,V,-3.29,below,2163.0,2236.63,2242.47,2248.3,2236.63,0.52,43.8,0.034,1,2026-10-07,2026-10-08,True,False,5.0,2026-10-08T23:02:41+05:30
FIVESTAR,510.47,V,-1.62,below,502.2,510.47,511.58,512.7,510.47,0.437,44.1,0.036,1,2026-10-07,2026-10-08,True,False,5.0,2026-10-08T23:02:41+05:30
GODFRYPHLP,1866.48,V,-5.12,below,1771.0,1866.48,1870.57,1874.65,1866.48,0.437,44.9,0.04,1,2026-10-07,2026-10-08,True,False,5.0,2026-10-08T23:02:41+05:30
HEROMOTOCO,5011.92,V,-3.1,below,4856.5,5011.92,5019.83,5027.75,5011.92,0.315,44.9,0.018,1,2026-10-07,2026-10-08,True,False,5.0,2026-10-08T23:02:41+05:30
MOTILALOFS,1070.26,V,-5.23,below,1014.3,1070.26,1072.62,1074.97,1070.26,0.44,45.2,0.045,1,2026-10-07,2026-10-08,True,False,5.0,2026-10-08T23:02:41+05:30
DLF,657.14,V,-3.07,below,636.95,657.14,658.28,659.43,657.14,0.347,45.8,0.028,1,2026-10-07,2026-10-08,True,False,5.0,2026-10-08T23:02:41+05:30
VOLTAS,1058.70,V,-2.52,below,1032.0,1058.7,1060.6,1062.5,1058.7,0.358,46.8,0.032,1,2026-10-07,2026-10-08,True,False,5.0,2026-10-08T23:02:41+05:30
JSWENERGY,486.36,V,-4.01,below,466.85,486.36,487.27,488.18,486.36,0.373,47.1,0.016,1,2026-10-07,2026-10-08,True,False,5.0,2026-10-08T23:02:41+05:30
AIAENG,3865.10,V,-3.16,below,3742.9,3865.1,3872.2,3879.3,3865.1,0.367,48.5,0.05,1,2026-10-07,2026-10-08,True,False,5.0,2026-10-08T23:02:41+05:30
MAZDOCK,2068.75,V,-3.81,below,1990.0,2068.75,2073.1,2077.45,2068.75,0.42,48.5,0.038,1,2026-10-07,2026-10-08,True,False,5.0,2026-10-08T23:02:41+05:30
IKS,1733.65,V,1.01,above,1751.1,1733.65,1729.9,1733.65,1726.15,0.434,49.9,0.02,1,2026-10-07,2026-10-08,True,False,5.0,2026-10-08T23:02:41+05:30
CAMS,695.87,V,-4.8,below,662.5,695.87,697.15,698.42,695.87,0.366,50.1,0.038,1,2026-10-07,2026-10-08,True,False,5.0,2026-10-08T23:02:41+05:30
ASIANPAINT,2375.30,V,-2.68,below,2311.6,2375.3,2378.5,2381.7,2375.3,0.269,50.4,0.022,1,2026-10-07,2026-10-08,True,False,5.0,2026-10-08T23:02:41+05:30
BAJFINANCE,965.35,V,-0.97,below,955.95,965.35,966.85,968.35,965.35,0.31,51.0,0.029,1,2026-10-07,2026-10-08,True,False,5.0,2026-10-08T23:02:41+05:30
COROMANDEL,1749.55,V,-4.34,below,1673.7,1749.55,1753.6,1757.65,1749.55,0.462,51.2,0.03,1,2026-10-07,2026-10-08,True,False,5.0,2026-10-08T23:02:41+05:30
ENGINERSIN,309.14,V,-6.52,below,289.0,309.14,309.98,310.82,309.14,0.543,51.2,0.037,1,2026-10-07,2026-10-08,True,False,5.0,2026-10-08T23:02:41+05:30
RELIANCE,1209.18,V,-2.58,below,1178.0,1209.18,1210.67,1212.15,1209.18,0.245,51.2,0.024,1,2026-10-07,2026-10-08,True,False,5.0,2026-10-08T23:02:41+05:30
COCHINSHIP,1258.13,V,-4.62,below,1200.0,1258.13,1261.17,1264.2,1258.13,0.481,51.8,0.041,1,2026-10-07,2026-10-08,True,False,5.0,2026-10-08T23:02:41+05:30
ITC,264.80,V,-3.7,below,255.0,264.8,265.1,265.4,264.8,0.226,52.1,0.017,1,2026-10-07,2026-10-08,True,False,5.0,2026-10-08T23:02:41+05:30
HINDPETRO,343.82,V,-5.01,below,326.6,343.82,344.5,345.17,343.82,0.392,52.3,0.03,1,2026-10-07,2026-10-08,True,False,5.0,2026-10-08T23:02:41+05:30
UNOMINDA,1107.18,V,-2.0,below,1085.0,1107.18,1109.57,1111.95,1107.18,0.43,52.6,0.043,1,2026-10-07,2026-10-08,True,False,5.0,2026-10-08T23:02:41+05:30
ULTRACEMCO,10673.17,V,-2.32,below,10426.0,10673.17,10688.33,10703.5,10673.17,0.284,54.0,0.023,1,2026-10-07,2026-10-08,True,False,5.0,2026-10-08T23:02:41+05:30
NAVA,571.87,V,-4.79,below,544.5,571.87,573.28,574.7,571.87,0.494,54.5,0.038,1,2026-10-07,2026-10-08,True,False,5.0,2026-10-08T23:02:41+05:30
VAML,395.14,V,-5.24,below,374.45,395.14,396.28,397.42,395.14,0.576,55.4,0.031,1,2026-10-07,2026-10-08,True,False,5.0,2026-10-08T23:02:41+05:30
EIHOTEL,297.13,V,-2.0,below,291.2,297.13,297.77,298.4,297.13,0.425,56.4,0.026,1,2026-10-07,2026-10-08,True,False,5.0,2026-10-08T23:02:41+05:30
ELECON,442.73,V,-5.82,below,416.95,442.73,444.2,445.68,442.73,0.664,56.7,0.033,1,2026-10-07,2026-10-08,True,False,5.0,2026-10-08T23:02:41+05:30
BOSCHLTD,44490.83,V,-3.0,below,43155.0,44490.83,44571.67,44652.5,44490.83,0.363,57.0,0.026,1,2026-10-07,2026-10-08,True,False,5.0,2026-10-08T23:02:41+05:30
VISL,29.62,V,-3.9,below,28.46,29.62,29.79,29.96,29.62,1.175,57.8,0.0,1,2026-10-07,2026-10-08,True,False,5.0,2026-10-08T23:02:41+05:30
INDHOTEL,732.78,V,-2.88,below,711.65,732.78,734.27,735.75,732.78,0.404,58.9,0.017,1,2026-10-07,2026-10-08,True,False,5.0,2026-10-08T23:02:41+05:30
INDIGO,5000.30,V,-3.74,below,4813.1,5000.3,5010.6,5020.9,5000.3,0.411,59.2,0.029,1,2026-10-07,2026-10-08,True,False,5.0,2026-10-08T23:02:41+05:30
ITCHOTELS,159.53,V,-3.07,below,154.63,159.53,159.89,160.25,159.53,0.45,59.7,0.038,1,2026-10-07,2026-10-08,True,False,5.0,2026-10-08T23:02:41+05:30
IRFC,76.31,V,-2.63,below,74.3,76.31,76.46,76.62,76.31,0.41,60.0,0.021,1,2026-10-07,2026-10-08,True,False,5.0,2026-10-08T23:02:41+05:30
TEJASNET,468.21,V,-3.64,below,451.15,468.21,469.72,471.23,468.21,0.642,60.3,0.046,1,2026-10-07,2026-10-08,True,False,5.0,2026-10-08T23:02:41+05:30
CUMMINSIND,4883.85,V,-2.93,below,4740.9,4883.85,4895.5,4907.15,4883.85,0.476,60.5,0.016,1,2026-10-07,2026-10-08,True,False,5.0,2026-10-08T23:02:41+05:30
CGPOWER,896.80,V,-3.87,below,862.05,896.8,899.1,901.4,896.8,0.512,61.4,0.025,1,2026-10-07,2026-10-08,True,False,5.0,2026-10-08T23:02:41+05:30
M&M,2806.32,V,-1.96,below,2751.2,2806.32,2812.63,2818.95,2806.32,0.449,61.4,0.026,1,2026-10-07,2026-10-08,True,False,5.0,2026-10-08T23:02:41+05:30
GRAPHITE,836.75,V,-4.14,below,802.15,836.75,839.45,842.15,836.75,0.643,61.6,0.023,1,2026-10-07,2026-10-08,True,False,5.0,2026-10-08T23:02:41+05:30
WHIRLPOOL,847.98,V,-2.93,below,823.15,847.98,850.47,852.95,847.98,0.584,62.7,0.043,1,2026-10-07,2026-10-08,True,False,5.0,2026-10-08T23:02:41+05:30
ACC,1167.47,V,-3.2,below,1130.1,1167.47,1169.43,1171.4,1167.47,0.336,64.1,0.026,1,2026-10-07,2026-10-08,True,False,5.0,2026-10-08T23:02:41+05:30
PNBHOUSING,1128.13,V,1.94,above,1150.0,1128.13,1125.27,1128.13,1122.4,0.51,64.1,0.024,1,2026-10-07,2026-10-08,True,False,5.0,2026-10-08T23:02:41+05:30
FRACTAL,724.03,V,-3.23,below,700.65,724.03,726.77,729.5,724.03,0.752,64.4,0.027,1,2026-10-07,2026-10-08,True,False,5.0,2026-10-08T23:02:41+05:30
BANDHANBNK,163.48,V,-4.86,below,155.54,163.48,163.97,164.46,163.48,0.598,64.9,0.026,1,2026-10-07,2026-10-08,True,False,5.0,2026-10-08T23:02:41+05:30
BLS,221.52,V,-2.91,below,215.08,221.52,222.2,222.88,221.52,0.612,65.8,0.032,1,2026-10-07,2026-10-08,True,False,5.0,2026-10-08T23:02:41+05:30
URBANCO,168.95,V,-5.15,below,160.25,168.95,169.66,170.38,168.95,0.845,66.2,0.044,1,2026-10-07,2026-10-08,True,False,5.0,2026-10-08T23:02:41+05:30
TRITURBINE,532.95,V,-3.1,below,516.45,532.95,534.45,535.95,532.95,0.561,66.3,0.022,1,2026-10-07,2026-10-08,True,False,5.0,2026-10-08T23:02:41+05:30
LT,3708.12,V,-2.24,below,3625.1,3708.12,3714.73,3721.35,3708.12,0.356,66.6,0.025,1,2026-10-07,2026-10-08,True,False,5.0,2026-10-08T23:02:41+05:30
GLENMARK,2288.40,V,-4.2,below,2192.2,2288.4,2294.5,2300.6,2288.4,0.532,67.1,0.033,1,2026-10-07,2026-10-08,True,False,5.0,2026-10-08T23:02:41+05:30
INOXINDIA,2089.07,V,-2.38,below,2039.3,2089.07,2096.13,2103.2,2089.07,0.674,67.1,0.028,1,2026-10-07,2026-10-08,True,False,5.0,2026-10-08T23:02:41+05:30
SUZLON,38.46,V,-5.27,below,36.43,38.46,38.58,38.69,38.46,0.613,67.7,0.025,1,2026-10-07,2026-10-08,True,False,5.0,2026-10-08T23:02:41+05:30
IDFCFIRSTB,79.73,V,-1.59,below,78.46,79.73,79.92,80.1,79.73,0.471,68.2,0.032,1,2026-10-07,2026-10-08,True,False,5.0,2026-10-08T23:02:41+05:30
ABB,7021.92,V,-3.59,below,6770.0,7021.92,7038.83,7055.75,7021.92,0.481,68.5,0.023,1,2026-10-07,2026-10-08,True,False,5.0,2026-10-08T23:02:41+05:30
ADANIPORTS,1754.30,V,-2.64,below,1708.0,1754.3,1758.5,1762.7,1754.3,0.478,68.8,0.02,1,2026-10-07,2026-10-08,True,False,5.0,2026-10-08T23:02:41+05:30
EICHERMOT,6975.00,V,-2.97,below,6767.5,6975.0,6990.0,7005.0,6975.0,0.429,69.6,0.023,1,2026-10-07,2026-10-08,True,False,5.0,2026-10-08T23:02:41+05:30
HYUNDAI,1950.67,V,-1.83,below,1915.0,1950.67,1956.33,1962.0,1950.67,0.579,69.6,0.026,1,2026-10-07,2026-10-08,True,False,5.0,2026-10-08T23:02:41+05:30
TRIDENT,22.36,V,-2.38,below,21.83,22.36,22.42,22.47,22.36,0.476,69.6,0.027,1,2026-10-07,2026-10-08,True,False,5.0,2026-10-08T23:02:41+05:30
CHAMBLFERT,397.45,V,-4.73,below,378.65,397.45,398.55,399.65,397.45,0.552,69.9,0.03,1,2026-10-07,2026-10-08,True,False,5.0,2026-10-08T23:02:41+05:30
AMBER,6846.25,V,-4.25,below,6555.0,6846.25,6872.5,6898.75,6846.25,0.764,71.5,0.024,1,2026-10-07,2026-10-08,True,False,5.0,2026-10-08T23:02:41+05:30
MANAPPURAM,309.92,V,-1.86,below,304.15,309.92,310.93,311.95,309.92,0.654,71.8,0.031,1,2026-10-07,2026-10-08,True,False,5.0,2026-10-08T23:02:41+05:30
POONAWALLA,450.52,V,-2.8,below,437.9,450.52,452.15,453.78,450.52,0.719,71.8,0.024,1,2026-10-07,2026-10-08,True,False,5.0,2026-10-08T23:02:41+05:30
RKFORGE,718.93,V,-2.53,below,700.75,718.93,721.47,724.0,718.93,0.702,72.3,0.05,1,2026-10-07,2026-10-08,True,False,5.0,2026-10-08T23:02:41+05:30
ACMESOLAR,438.00,V,-4.02,below,420.4,438.0,439.85,441.7,438.0,0.841,72.9,0.047,1,2026-10-07,2026-10-08,True,False,5.0,2026-10-08T23:02:41+05:30
PIIND,2216.13,V,-5.24,below,2100.0,2216.13,2222.27,2228.4,2216.13,0.552,73.4,0.016,1,2026-10-07,2026-10-08,True,False,5.0,2026-10-08T23:02:41+05:30
M&MFIN,322.98,V,-3.87,below,310.5,322.98,324.22,325.45,322.98,0.761,73.7,0.037,1,2026-10-07,2026-10-08,True,False,5.0,2026-10-08T23:02:41+05:30
NTPC,317.43,V,-2.44,below,309.7,317.43,318.12,318.8,317.43,0.43,73.7,0.015,1,2026-10-07,2026-10-08,True,False,5.0,2026-10-08T23:02:41+05:30
FIRSTCRY,173.00,V,-2.57,below,168.56,173.0,173.8,174.6,173.0,0.922,75.1,0.041,1,2026-10-07,2026-10-08,True,False,5.0,2026-10-08T23:02:41+05:30
JSWSTEEL,1233.15,V,-4.7,below,1175.2,1233.15,1236.3,1239.45,1233.15,0.51,76.2,0.024,1,2026-10-07,2026-10-08,True,False,5.0,2026-10-08T23:02:41+05:30
LODHA,1114.67,V,-4.4,below,1065.6,1114.67,1119.93,1125.2,1114.67,0.941,79.2,0.03,1,2026-10-07,2026-10-08,True,False,5.0,2026-10-08T23:02:41+05:30
RHIM,371.05,V,-1.06,below,367.1,371.05,372.65,374.25,371.05,0.859,80.3,0.026,1,2026-10-07,2026-10-08,True,False,5.0,2026-10-08T23:02:41+05:30
PHOENIXLTD,1852.22,V,-4.37,below,1771.2,1852.22,1858.93,1865.65,1852.22,0.723,80.8,0.045,1,2026-10-07,2026-10-08,True,False,5.0,2026-10-08T23:02:41+05:30
ADANIPOWER,197.87,V,-4.99,below,188.0,197.87,198.8,199.72,197.87,0.934,81.1,0.052,1,2026-10-07,2026-10-08,True,False,5.0,2026-10-08T23:02:41+05:30
TENNIND,482.79,V,-2.9,below,468.8,482.79,485.18,487.57,482.79,0.986,81.2,0.011,1,2026-10-07,2026-10-08,True,False,5.0,2026-10-08T23:02:41+05:30
GMRAIRPORT,91.54,V,-4.12,below,87.77,91.54,91.89,92.24,91.54,0.758,81.4,0.019,1,2026-10-07,2026-10-08,True,False,5.0,2026-10-08T23:02:41+05:30
MINDACORP,641.93,V,-1.06,below,635.15,641.93,644.42,646.9,641.93,0.771,81.6,0.035,1,2026-10-07,2026-10-08,True,False,5.0,2026-10-08T23:02:41+05:30
SWANCORP,273.25,V,-4.76,below,260.25,273.25,274.65,276.05,273.25,1.019,83.0,0.029,1,2026-10-07,2026-10-08,True,False,5.0,2026-10-08T23:02:41+05:30
ASHOKLEY,149.81,V,-3.2,below,145.02,149.81,150.42,151.03,149.81,0.809,83.6,0.021,1,2026-10-07,2026-10-08,True,False,5.0,2026-10-08T23:02:41+05:30
HOMEFIRST,1093.63,V,-1.99,below,1071.9,1093.63,1099.37,1105.1,1093.63,1.043,84.7,0.034,1,2026-10-07,2026-10-08,True,False,5.0,2026-10-08T23:02:41+05:30
JSL,735.54,V,-4.07,below,705.6,735.54,738.93,742.32,735.54,0.918,84.9,0.037,1,2026-10-07,2026-10-08,True,False,5.0,2026-10-08T23:02:41+05:30
BEL,379.62,V,-3.24,below,367.3,379.62,380.93,382.25,379.62,0.691,85.2,0.024,1,2026-10-07,2026-10-08,True,False,5.0,2026-10-08T23:02:41+05:30
JSWINFRA,355.40,V,-6.09,below,333.75,355.4,356.9,358.4,355.4,0.841,87.7,0.026,1,2026-10-07,2026-10-08,True,False,5.0,2026-10-08T23:02:41+05:30
CUPID,340.97,V,4.6,above,356.65,340.97,337.98,340.97,335.0,1.765,88.2,0.067,1,2026-10-07,2026-10-08,True,False,5.0,2026-10-08T23:02:41+05:30
KEC,364.52,V,-4.09,below,349.6,364.52,366.55,368.57,364.52,1.105,88.2,0.023,1,2026-10-07,2026-10-08,True,False,5.0,2026-10-08T23:02:41+05:30
INDUSINDBK,878.96,V,-1.7,below,864.0,878.96,883.02,887.08,878.96,0.919,89.6,0.025,1,2026-10-07,2026-10-08,True,False,5.0,2026-10-08T23:02:41+05:30
CHOLAFIN,1572.65,V,-1.82,below,1544.0,1572.65,1580.6,1588.55,1572.65,1.006,89.9,0.034,1,2026-10-07,2026-10-08,True,False,5.0,2026-10-08T23:02:41+05:30
COHANCE,458.42,V,-3.49,below,442.4,458.42,461.38,464.35,458.42,1.286,91.0,0.02,1,2026-10-07,2026-10-08,True,False,5.0,2026-10-08T23:02:41+05:30
AUBANK,998.15,V,-2.32,below,975.0,998.15,1002.9,1007.65,998.15,0.947,91.5,0.015,1,2026-10-07,2026-10-08,True,False,5.0,2026-10-08T23:02:41+05:30
ADANIENT,2758.72,V,-5.9,below,2596.0,2758.72,2774.43,2790.15,2758.72,1.133,92.1,0.026,1,2026-10-07,2026-10-08,True,False,5.0,2026-10-08T23:02:41+05:30
HINDALCO,915.35,V,-2.75,below,890.15,915.35,919.85,924.35,915.35,0.978,94.8,0.009,1,2026-10-07,2026-10-08,True,False,5.0,2026-10-08T23:02:41+05:30
LICHSGFIN,512.66,V,4.75,above,537.0,512.66,509.92,512.66,507.18,1.075,95.1,0.017,1,2026-10-07,2026-10-08,True,False,5.0,2026-10-08T23:02:41+05:30
GLAXO,2651.55,V,-4.42,below,2534.4,2651.55,2669.1,2686.65,2651.55,1.315,95.9,0.014,1,2026-10-07,2026-10-08,True,False,5.0,2026-10-08T23:02:41+05:30
NATIONALUM,323.92,V,-3.34,below,313.1,323.92,326.53,329.15,323.92,1.603,96.4,0.04,1,2026-10-07,2026-10-08,True,False,5.0,2026-10-08T23:02:41+05:30
AJANTPHARM,3569.92,NARROW,-3.76,below,3435.6,3569.92,3570.03,3570.15,3569.92,0.007,1.6,0.029,0,2026-10-07,2026-10-08,False,True,5.0,2026-10-08T23:02:41+05:30
KPRMILL,1101.45,NARROW,-4.37,below,1053.3,1101.45,1101.6,1101.75,1101.45,0.027,2.2,0.052,0,2026-10-07,2026-10-08,False,True,5.0,2026-10-08T23:02:41+05:30
ANANTRAJ,612.05,NARROW,-4.83,below,582.5,612.05,612.08,612.12,612.05,0.011,2.5,0.051,0,2026-10-07,2026-10-08,False,True,5.0,2026-10-08T23:02:41+05:30
NH,1722.85,NARROW,-1.6,below,1695.3,1722.85,1722.97,1723.08,1722.85,0.014,2.5,0.032,0,2026-10-07,2026-10-08,False,True,5.0,2026-10-08T23:02:41+05:30
CAPLIPOINT,2649.23,NARROW,-3.79,below,2548.8,2649.23,2649.37,2649.5,2649.23,0.01,2.7,0.028,0,2026-10-07,2026-10-08,False,True,5.0,2026-10-08T23:02:41+05:30
ANTHEM,887.07,NARROW,-1.64,below,872.55,887.07,887.08,887.1,887.07,0.004,2.9,0.033,0,2026-10-07,2026-10-08,False,True,5.0,2026-10-08T23:02:41+05:30
RUBICON,1575.25,NARROW,-2.53,below,1535.4,1575.25,1575.37,1575.48,1575.25,0.015,2.9,0.033,0,2026-10-07,2026-10-08,False,True,5.0,2026-10-08T23:02:41+05:30
ACE,1249.45,NARROW,-5.57,below,1179.8,1249.45,1249.6,1249.75,1249.45,0.024,3.8,0.036,0,2026-10-07,2026-10-08,False,True,5.0,2026-10-08T23:02:41+05:30
GABRIEL,1346.65,NARROW,-0.84,below,1335.4,1346.65,1346.73,1346.82,1346.65,0.012,3.8,0.024,0,2026-10-07,2026-10-08,False,True,5.0,2026-10-08T23:02:41+05:30
PETRONET,296.93,NARROW,-2.84,below,288.5,296.93,296.95,296.98,296.93,0.017,4.1,0.024,0,2026-10-07,2026-10-08,False,True,5.0,2026-10-08T23:02:41+05:30
TTML,34.01,NARROW,-3.13,below,32.95,34.01,34.02,34.02,34.01,0.02,4.1,0.028,0,2026-10-07,2026-10-08,False,True,5.0,2026-10-08T23:02:41+05:30
LINDEINDIA,6092.00,NARROW,-1.08,below,6026.0,6092.0,6092.67,6093.33,6092.0,0.022,4.4,0.023,0,2026-10-07,2026-10-08,False,True,5.0,2026-10-08T23:02:41+05:30
IRCTC,453.74,NARROW,-0.86,below,449.85,453.74,453.83,453.93,453.74,0.04,4.7,0.041,0,2026-10-07,2026-10-08,False,True,5.0,2026-10-08T23:02:41+05:30
ONESOURCE,1528.83,NARROW,-3.31,below,1478.2,1528.83,1529.07,1529.3,1528.83,0.031,4.7,0.033,0,2026-10-07,2026-10-08,False,True,5.0,2026-10-08T23:02:41+05:30
LTTS,3252.67,NARROW,-2.34,below,3176.6,3252.67,3253.23,3253.8,3252.67,0.035,4.9,0.035,0,2026-10-07,2026-10-08,False,True,5.0,2026-10-08T23:02:41+05:30
SCHAEFFLER,3795.10,NARROW,-1.54,below,3736.7,3795.1,3795.73,3796.37,3795.1,0.033,4.9,0.033,0,2026-10-07,2026-10-08,False,True,5.0,2026-10-08T23:02:41+05:30
ZFCVINDIA,2171.05,NARROW,-2.53,below,2116.2,2171.05,2171.43,2171.82,2171.05,0.035,4.9,0.035,0,2026-10-07,2026-10-08,False,True,5.0,2026-10-08T23:02:41+05:30
MAHABANK,82.19,WIDE,-0.18,below,82.05,82.19,82.85,83.5,82.19,1.573,97.3,0.035,0,2026-10-07,2026-10-08,False,False,5.0,2026-10-08T23:02:41+05:30
CANHLIFE,144.49,WIDE,0.74,above,145.56,144.49,142.92,144.49,141.35,2.195,98.0,0.016,0,2026-10-07,2026-10-08,False,False,5.0,2026-10-08T23:02:41+05:30
BBOX,864.60,WIDE,-0.93,inside,856.55,864.6,864.6,874.72,854.47,2.342,98.6,0.086,0,2026-10-07,2026-10-08,False,False,5.0,2026-10-08T23:02:41+05:30
RAINBOW,1243.35,WIDE,-1.02,below,1230.7,1243.35,1252.47,1261.58,1243.35,1.456,98.6,0.034,0,2026-10-07,2026-10-08,False,False,5.0,2026-10-08T23:02:41+05:30
CHENNPETRO,1550.33,WIDE,-1.25,inside,1531.0,1550.33,1550.33,1581.32,1519.35,3.997,99.2,0.025,0,2026-10-07,2026-10-08,False,False,5.0,2026-10-08T23:02:41+05:30
YESBANK,20.78,TOUCHED,-1.59,below,20.45,20.78,20.78,20.79,20.78,0.032,5.2,0.032,0,2026-10-07,2026-10-08,False,False,5.0,2026-10-08T23:02:41+05:30
CRAFTSMAN,10201.17,TOUCHED,-1.6,below,10038.0,10201.17,10204.33,10207.5,10201.17,0.062,5.5,0.057,0,2026-10-07,2026-10-08,False,False,5.0,2026-10-08T23:02:41+05:30
J&KBANK,139.34,TOUCHED,-2.75,below,135.5,139.34,139.36,139.38,139.34,0.031,5.5,0.027,0,2026-10-07,2026-10-08,False,False,5.0,2026-10-08T23:02:41+05:30
UBL,1185.20,TOUCHED,-1.9,below,1162.7,1185.2,1185.37,1185.53,1185.2,0.028,5.5,0.026,0,2026-10-07,2026-10-08,False,False,5.0,2026-10-08T23:02:41+05:30
CANFINHOME,727.09,TOUCHED,-0.46,below,723.75,727.09,727.18,727.27,727.09,0.025,5.8,0.02,0,2026-10-07,2026-10-08,False,False,5.0,2026-10-08T23:02:41+05:30
ALKEM,5348.25,TOUCHED,-1.85,below,5249.5,5348.25,5349.0,5349.75,5348.25,0.028,6.0,0.022,0,2026-10-07,2026-10-08,False,False,5.0,2026-10-08T23:02:41+05:30
BHARATCOAL,32.09,TOUCHED,-2.42,below,31.31,32.09,32.09,32.09,32.09,0.01,6.0,0.01,0,2026-10-07,2026-10-08,False,False,5.0,2026-10-08T23:02:41+05:30
FORCEMOT,16940.00,TOUCHED,-1.42,below,16700.0,16940.0,16945.33,16950.67,16940.0,0.063,6.0,0.049,0,2026-10-07,2026-10-08,False,False,5.0,2026-10-08T23:02:41+05:30
HUDCO,161.69,TOUCHED,-2.91,below,156.99,161.69,161.72,161.76,161.69,0.041,6.3,0.031,0,2026-10-07,2026-10-08,False,False,5.0,2026-10-08T23:02:41+05:30
HBLENGINE,762.00,TOUCHED,-4.84,below,725.15,762.0,762.15,762.3,762.0,0.039,6.6,0.032,0,2026-10-07,2026-10-08,False,False,5.0,2026-10-08T23:02:41+05:30
OFSS,10569.50,TOUCHED,-1.6,below,10400.0,10569.5,10571.67,10573.83,10569.5,0.041,6.6,0.027,0,2026-10-07,2026-10-08,False,False,5.0,2026-10-08T23:02:41+05:30
EMCURE,1917.05,TOUCHED,-3.42,below,1851.5,1917.05,1917.37,1917.68,1917.05,0.033,6.8,0.018,0,2026-10-07,2026-10-08,False,False,5.0,2026-10-08T23:02:41+05:30
MFSL,1344.65,TOUCHED,-1.65,below,1322.4,1344.65,1344.8,1344.95,1344.65,0.022,6.8,0.019,0,2026-10-07,2026-10-08,False,False,5.0,2026-10-08T23:02:41+05:30
ENRIN,3341.60,TOUCHED,-4.84,below,3180.0,3341.6,3342.4,3343.2,3341.6,0.048,7.0,0.024,0,2026-10-07,2026-10-08,False,False,5.0,2026-10-08T23:02:41+05:30
SUPREMEIND,3551.22,TOUCHED,-2.51,below,3462.0,3551.22,3552.43,3553.65,3551.22,0.068,7.1,0.031,0,2026-10-07,2026-10-08,False,False,5.0,2026-10-08T23:02:41+05:30
ESCORTS,2786.33,TOUCHED,-0.46,below,2773.6,2786.33,2787.17,2788.0,2786.33,0.06,7.4,0.041,0,2026-10-07,2026-10-08,False,False,5.0,2026-10-08T23:02:41+05:30
STLTECH,1016.30,TOUCHED,-0.47,below,1011.55,1016.3,1016.47,1016.63,1016.3,0.033,7.4,0.002,0,2026-10-07,2026-10-08,False,False,5.0,2026-10-08T23:02:41+05:30
NESTLEIND,1324.28,TOUCHED,-0.4,below,1319.0,1324.28,1324.57,1324.85,1324.28,0.043,7.7,0.031,0,2026-10-07,2026-10-08,False,False,5.0,2026-10-08T23:02:41+05:30
360ONE,1062.25,TOUCHED,-1.99,below,1041.1,1062.25,1062.5,1062.75,1062.25,0.047,7.9,0.029,0,2026-10-07,2026-10-08,False,False,5.0,2026-10-08T23:02:41+05:30
TRENT,2891.17,TOUCHED,-0.51,below,2876.3,2891.17,2892.03,2892.9,2891.17,0.06,7.9,0.038,0,2026-10-07,2026-10-08,False,False,5.0,2026-10-08T23:02:41+05:30
VOGL,31.06,TOUCHED,-3.85,below,29.87,31.06,31.08,31.1,31.06,0.097,8.4,0.071,0,2026-10-07,2026-10-08,False,False,5.0,2026-10-08T23:02:41+05:30
CARTRADE,2910.15,TOUCHED,-2.48,below,2837.9,2910.15,2911.67,2913.18,2910.15,0.104,8.5,0.052,0,2026-10-07,2026-10-08,False,False,5.0,2026-10-08T23:02:41+05:30
AETHER,1788.13,TOUCHED,-2.46,below,1744.1,1788.13,1788.67,1789.2,1788.13,0.06,8.8,0.023,0,2026-10-07,2026-10-08,False,False,5.0,2026-10-08T23:02:41+05:30
ABBOTINDIA,26075.00,TOUCHED,-1.9,below,25580.0,26075.0,26081.67,26088.33,26075.0,0.051,9.0,0.034,0,2026-10-07,2026-10-08,False,False,5.0,2026-10-08T23:02:41+05:30
ANURAS,1165.32,TOUCHED,-5.8,below,1097.7,1165.32,1165.53,1165.75,1165.32,0.037,9.6,0.023,0,2026-10-07,2026-10-08,False,False,5.0,2026-10-08T23:02:41+05:30
ECLERX,1893.15,TOUCHED,-2.45,below,1846.8,1893.15,1894.1,1895.05,1893.15,0.1,9.6,0.039,0,2026-10-07,2026-10-08,False,False,5.0,2026-10-08T23:02:41+05:30
SUMICHEM,421.43,TOUCHED,-2.38,below,411.4,421.43,421.6,421.78,421.43,0.083,9.6,0.039,0,2026-10-07,2026-10-08,False,False,5.0,2026-10-08T23:02:41+05:30
APARINDS,18134.00,TOUCHED,-1.75,below,17816.0,18134.0,18142.67,18151.33,18134.0,0.096,10.1,0.049,0,2026-10-07,2026-10-08,False,False,5.0,2026-10-08T23:02:41+05:30
NBCC,76.77,TOUCHED,-3.61,below,74.0,76.77,76.81,76.84,76.77,0.091,10.4,0.037,0,2026-10-07,2026-10-08,False,False,5.0,2026-10-08T23:02:41+05:30
POWERINDIA,31562.50,TOUCHED,-1.99,below,30935.0,31562.5,31578.33,31594.17,31562.5,0.1,10.7,0.051,0,2026-10-07,2026-10-08,False,False,5.0,2026-10-08T23:02:41+05:30
SCHNEIDER,1256.80,TOUCHED,-5.2,below,1191.4,1256.8,1257.4,1258.0,1256.8,0.095,10.7,0.027,0,2026-10-07,2026-10-08,False,False,5.0,2026-10-08T23:02:41+05:30
SYNGENE,359.90,TOUCHED,-3.86,below,346.0,359.9,360.03,360.17,359.9,0.074,10.7,0.026,0,2026-10-07,2026-10-08,False,False,5.0,2026-10-08T23:02:41+05:30
AIIL,550.30,TOUCHED,-0.04,inside,550.1,550.3,550.3,550.62,549.98,0.118,11.2,0.035,0,2026-10-07,2026-10-08,False,False,5.0,2026-10-08T23:02:41+05:30
TECHNOE,988.80,TOUCHED,-4.66,below,942.7,988.8,989.3,989.8,988.8,0.101,11.2,0.04,0,2026-10-07,2026-10-08,False,False,5.0,2026-10-08T23:02:41+05:30
BAJAJHLDNG,10665.83,TOUCHED,-0.62,below,10600.0,10665.83,10669.67,10673.5,10665.83,0.072,11.5,0.025,0,2026-10-07,2026-10-08,False,False,5.0,2026-10-08T23:02:41+05:30
LAURUSLABS,2050.40,TOUCHED,-2.56,below,1997.9,2050.4,2051.2,2052.0,2050.4,0.078,11.8,0.019,0,2026-10-07,2026-10-08,False,False,5.0,2026-10-08T23:02:41+05:30
SHRIPISTON,4413.68,TOUCHED,-3.25,below,4270.4,4413.68,4415.77,4417.85,4413.68,0.094,11.8,0.029,0,2026-10-07,2026-10-08,False,False,5.0,2026-10-08T23:02:41+05:30
TATACONSUM,967.58,TOUCHED,-1.62,below,951.9,967.58,967.88,968.19,967.58,0.064,11.8,0.021,0,2026-10-07,2026-10-08,False,False,5.0,2026-10-08T23:02:41+05:30
TDPOWERSYS,819.93,TOUCHED,-3.22,below,793.5,819.93,820.32,820.71,819.93,0.095,11.8,0.025,0,2026-10-07,2026-10-08,False,False,5.0,2026-10-08T23:02:41+05:30
TEGA,2124.53,TOUCHED,-7.83,below,1958.1,2124.53,2125.47,2126.4,2124.53,0.088,11.8,0.045,0,2026-10-07,2026-10-08,False,False,5.0,2026-10-08T23:02:41+05:30
CCL,1052.65,TOUCHED,-0.19,below,1050.6,1052.65,1053.0,1053.35,1052.65,0.066,12.6,0.015,0,2026-10-07,2026-10-08,False,False,5.0,2026-10-08T23:02:41+05:30
CEATLTD,3303.62,TOUCHED,-2.34,below,3226.2,3303.62,3305.33,3307.05,3303.62,0.104,12.9,0.035,0,2026-10-07,2026-10-08,False,False,5.0,2026-10-08T23:02:41+05:30
KAJARIACER,1226.75,TOUCHED,-1.32,below,1210.6,1226.75,1227.3,1227.85,1226.75,0.09,12.9,0.025,0,2026-10-07,2026-10-08,False,False,5.0,2026-10-08T23:02:41+05:30
BSOFT,278.20,TOUCHED,-2.3,below,271.8,278.2,278.35,278.5,278.2,0.108,13.7,0.042,0,2026-10-07,2026-10-08,False,False,5.0,2026-10-08T23:02:41+05:30
ICICIAMC,3063.85,TOUCHED,0.08,above,3066.4,3063.85,3062.07,3063.85,3060.28,0.116,13.9,0.026,0,2026-10-07,2026-10-08,False,False,5.0,2026-10-08T23:02:41+05:30
PCBL,326.32,TOUCHED,-2.17,below,319.25,326.32,326.52,326.71,326.32,0.117,14.0,0.044,0,2026-10-07,2026-10-08,False,False,5.0,2026-10-08T23:02:41+05:30
BHARTIARTL,1832.60,TOUCHED,-1.53,below,1804.6,1832.6,1833.03,1833.47,1832.6,0.047,14.2,0.013,0,2026-10-07,2026-10-08,False,False,5.0,2026-10-08T23:02:41+05:30
NYKAA,341.41,TOUCHED,-2.67,below,332.3,341.41,341.57,341.73,341.41,0.093,14.2,0.028,0,2026-10-07,2026-10-08,False,False,5.0,2026-10-08T23:02:41+05:30
IOB,31.04,TOUCHED,-1.81,below,30.48,31.04,31.06,31.07,31.04,0.086,14.8,0.028,0,2026-10-07,2026-10-08,False,False,5.0,2026-10-08T23:02:41+05:30
DIVISLAB,9577.00,TOUCHED,-2.26,below,9361.0,9577.0,9580.67,9584.33,9577.0,0.077,15.6,0.024,0,2026-10-07,2026-10-08,False,False,5.0,2026-10-08T23:02:41+05:30
GODREJCP,864.65,TOUCHED,0.04,inside,865.0,864.65,864.65,865.1,864.2,0.104,15.6,0.019,0,2026-10-07,2026-10-08,False,False,5.0,2026-10-08T23:02:41+05:30
PRIVISCL,3510.50,TOUCHED,-1.83,below,3446.3,3510.5,3513.4,3516.3,3510.5,0.165,15.9,0.036,0,2026-10-07,2026-10-08,False,False,5.0,2026-10-08T23:02:41+05:30
ADANIGREEN,1342.35,TOUCHED,-7.95,below,1235.7,1342.35,1343.3,1344.25,1342.35,0.141,16.2,0.035,0,2026-10-07,2026-10-08,False,False,5.0,2026-10-08T23:02:41+05:30
ETERNAL,328.22,TOUCHED,-2.79,below,319.05,328.22,328.43,328.65,328.22,0.132,16.2,0.028,0,2026-10-07,2026-10-08,False,False,5.0,2026-10-08T23:02:41+05:30
JYOTICNC,1068.50,TOUCHED,-5.48,below,1009.9,1068.5,1069.33,1070.17,1068.5,0.156,16.2,0.027,0,2026-10-07,2026-10-08,False,False,5.0,2026-10-08T23:02:41+05:30
TIMKEN,3133.80,TOUCHED,-3.77,below,3015.6,3133.8,3135.6,3137.4,3133.8,0.115,16.2,0.045,0,2026-10-07,2026-10-08,False,False,5.0,2026-10-08T23:02:41+05:30
TMCV,428.24,TOUCHED,-3.51,below,413.2,428.24,428.58,428.92,428.24,0.159,16.2,0.024,0,2026-10-07,2026-10-08,False,False,5.0,2026-10-08T23:02:41+05:30
KIMS,694.35,TOUCHED,-1.04,below,687.15,694.35,694.75,695.15,694.35,0.115,16.4,0.032,0,2026-10-07,2026-10-08,False,False,5.0,2026-10-08T23:02:41+05:30
LLOYDSME,1840.85,TOUCHED,-2.46,below,1795.6,1840.85,1842.07,1843.28,1840.85,0.132,17.0,0.031,0,2026-10-07,2026-10-08,False,False,5.0,2026-10-08T23:02:41+05:30
IGIL,317.29,TOUCHED,-3.23,below,307.05,317.29,317.53,317.78,317.29,0.152,17.3,0.026,0,2026-10-07,2026-10-08,False,False,5.0,2026-10-08T23:02:41+05:30
CHOICEIN,724.14,TOUCHED,-1.86,below,710.65,724.14,724.58,725.02,724.14,0.122,17.8,0.023,0,2026-10-07,2026-10-08,False,False,5.0,2026-10-08T23:02:41+05:30
MANKIND,2501.68,TOUCHED,-4.86,below,2380.0,2501.68,2503.37,2505.05,2501.68,0.134,17.8,0.038,0,2026-10-07,2026-10-08,False,False,5.0,2026-10-08T23:02:41+05:30
ACUTAAS,3165.10,TOUCHED,-3.42,below,3056.7,3165.1,3168.13,3171.17,3165.1,0.191,19.5,0.028,0,2026-10-07,2026-10-08,False,False,5.0,2026-10-08T23:02:41+05:30
DIXON,12984.50,TOUCHED,-2.58,below,12650.0,12984.5,12997.67,13010.83,12984.5,0.203,19.5,0.06,0,2026-10-07,2026-10-08,False,False,5.0,2026-10-08T23:02:41+05:30
LUPIN,2013.98,TOUCHED,-3.83,below,1936.9,2013.98,2015.07,2016.15,2013.98,0.108,19.7,0.024,0,2026-10-07,2026-10-08,False,False,5.0,2026-10-08T23:02:41+05:30
AXISBANK,1244.60,TOUCHED,0.03,above,1245.0,1244.6,1243.9,1244.6,1243.2,0.113,20.0,0.024,0,2026-10-07,2026-10-08,False,False,5.0,2026-10-08T23:02:41+05:30
TVSMOTOR,3928.30,TOUCHED,-2.26,below,3839.4,3928.3,3930.6,3932.9,3928.3,0.117,20.0,0.021,0,2026-10-07,2026-10-08,False,False,5.0,2026-10-08T23:02:41+05:30
UNITDSPR,1344.90,TOUCHED,-1.99,below,1318.2,1344.9,1345.8,1346.7,1344.9,0.134,20.0,0.032,0,2026-10-07,2026-10-08,False,False,5.0,2026-10-08T23:02:41+05:30
VEDL,261.60,TOUCHED,-3.25,below,253.1,261.6,261.8,262.0,261.6,0.153,20.8,0.024,0,2026-10-07,2026-10-08,False,False,5.0,2026-10-08T23:02:41+05:30
TATACAP,320.10,TOUCHED,-1.62,below,314.9,320.1,320.25,320.4,320.1,0.094,20.9,0.014,0,2026-10-07,2026-10-08,False,False,5.0,2026-10-08T23:02:41+05:30
AMBUJACEM,357.13,TOUCHED,-4.52,below,341.0,357.13,357.37,357.6,357.13,0.131,21.1,0.031,0,2026-10-07,2026-10-08,False,False,5.0,2026-10-08T23:02:41+05:30
MEESHO,236.74,TOUCHED,-1.92,below,232.19,236.74,236.95,237.17,236.74,0.183,21.1,0.026,0,2026-10-07,2026-10-08,False,False,5.0,2026-10-08T23:02:41+05:30
SRF,2458.32,TOUCHED,1.09,above,2485.2,2458.32,2456.63,2458.32,2454.95,0.137,21.4,0.027,0,2026-10-07,2026-10-08,False,False,5.0,2026-10-08T23:02:41+05:30
WAAREEENER,2394.15,TOUCHED,-3.22,below,2317.0,2394.15,2396.43,2398.72,2394.15,0.191,21.4,0.043,0,2026-10-07,2026-10-08,False,False,5.0,2026-10-08T23:02:41+05:30
JAINREC,294.02,TOUCHED,-4.41,below,281.05,294.02,294.4,294.77,294.02,0.255,21.7,0.059,0,2026-10-07,2026-10-08,False,False,5.0,2026-10-08T23:02:41+05:30
LALPATHLAB,1946.85,TOUCHED,-2.46,below,1898.9,1946.85,1948.6,1950.35,1946.85,0.18,21.9,0.039,0,2026-10-07,2026-10-08,False,False,5.0,2026-10-08T23:02:41+05:30
PPLPHARMA,202.55,TOUCHED,-3.02,below,196.43,202.55,202.7,202.85,202.55,0.153,21.9,0.038,0,2026-10-07,2026-10-08,False,False,5.0,2026-10-08T23:02:41+05:30
CUB,222.36,TOUCHED,-1.03,below,220.07,222.36,222.6,222.83,222.36,0.214,22.2,0.034,0,2026-10-07,2026-10-08,False,False,5.0,2026-10-08T23:02:41+05:30
CLEANMAX,1381.90,TOUCHED,-2.43,below,1348.3,1381.9,1384.1,1386.3,1381.9,0.318,22.5,0.068,0,2026-10-07,2026-10-08,False,False,5.0,2026-10-08T23:02:41+05:30
NHPC,72.54,TOUCHED,-1.23,below,71.65,72.54,72.59,72.63,72.54,0.124,22.5,0.026,0,2026-10-07,2026-10-08,False,False,5.0,2026-10-08T23:02:41+05:30
AFFLE,1437.50,TOUCHED,-2.51,below,1401.4,1437.5,1439.0,1440.5,1437.5,0.208,23.3,0.032,0,2026-10-07,2026-10-08,False,False,5.0,2026-10-08T23:02:41+05:30
HINDCOPPER,480.49,TOUCHED,-2.7,below,467.5,480.49,481.03,481.58,480.49,0.225,24.1,0.031,0,2026-10-07,2026-10-08,False,False,5.0,2026-10-08T23:02:41+05:30
NLCINDIA,250.65,TOUCHED,-3.67,below,241.45,250.65,250.95,251.25,250.65,0.239,24.1,0.037,0,2026-10-07,2026-10-08,False,False,5.0,2026-10-08T23:02:41+05:30
NAVINFLUOR,8500.00,TOUCHED,-0.97,below,8417.5,8500.0,8510.0,8520.0,8500.0,0.235,24.4,0.045,0,2026-10-07,2026-10-08,False,False,5.0,2026-10-08T23:02:41+05:30
HCLTECH,1185.90,TOUCHED,-0.76,below,1176.9,1185.9,1186.8,1187.7,1185.9,0.152,24.7,0.028,0,2026-10-07,2026-10-08,False,False,5.0,2026-10-08T23:02:41+05:30
HAVELLS,1058.50,TOUCHED,-3.29,below,1023.7,1058.5,1059.17,1059.83,1058.5,0.126,24.9,0.019,0,2026-10-07,2026-10-08,False,False,5.0,2026-10-08T23:02:41+05:30
TATACOMM,1658.07,TOUCHED,1.17,above,1677.4,1658.07,1656.53,1658.07,1655.0,0.185,24.9,0.022,0,2026-10-07,2026-10-08,False,False,5.0,2026-10-08T23:02:41+05:30
DABUR,383.85,TOUCHED,-1.84,below,376.8,383.85,384.15,384.45,383.85,0.156,25.2,0.03,0,2026-10-07,2026-10-08,False,False,5.0,2026-10-08T23:02:41+05:30
NUVOCO,325.11,TOUCHED,-0.99,below,321.9,325.11,325.47,325.82,325.11,0.22,25.5,0.036,0,2026-10-07,2026-10-08,False,False,5.0,2026-10-08T23:02:41+05:30
UTIAMC,890.02,TOUCHED,-1.44,below,877.2,890.02,890.78,891.54,890.02,0.17,25.5,0.031,0,2026-10-07,2026-10-08,False,False,5.0,2026-10-08T23:02:41+05:30
ICICIPRULI,456.73,TOUCHED,0.06,inside,457.0,456.73,456.73,457.12,456.35,0.168,25.8,0.021,0,2026-10-07,2026-10-08,False,False,5.0,2026-10-08T23:02:41+05:30
SCI,285.72,TOUCHED,-1.74,below,280.75,285.72,286.08,286.45,285.72,0.256,26.0,0.037,0,2026-10-07,2026-10-08,False,False,5.0,2026-10-08T23:02:41+05:30
SARDAEN,499.98,TOUCHED,-1.62,below,491.9,499.98,500.62,501.25,499.98,0.253,26.3,0.027,0,2026-10-07,2026-10-08,False,False,5.0,2026-10-08T23:02:41+05:30
POLYMED,1616.75,TOUCHED,-0.71,below,1605.2,1616.75,1618.5,1620.25,1616.75,0.216,26.6,0.039,0,2026-10-07,2026-10-08,False,False,5.0,2026-10-08T23:02:41+05:30
FINCABLES,1479.15,TOUCHED,-5.2,below,1402.2,1479.15,1480.6,1482.05,1479.15,0.196,27.1,0.019,0,2026-10-07,2026-10-08,False,False,5.0,2026-10-08T23:02:41+05:30
EMAMILTD,375.83,TOUCHED,-2.28,below,367.25,375.83,376.2,376.57,375.83,0.199,27.7,0.025,0,2026-10-07,2026-10-08,False,False,5.0,2026-10-08T23:02:41+05:30
DOMS,2060.58,TOUCHED,-0.15,below,2057.4,2060.58,2062.27,2063.95,2060.58,0.163,28.8,0.028,0,2026-10-07,2026-10-08,False,False,5.0,2026-10-08T23:02:41+05:30
TATAPOWER,345.42,TOUCHED,-2.83,below,335.65,345.42,345.68,345.95,345.42,0.154,28.8,0.022,0,2026-10-07,2026-10-08,False,False,5.0,2026-10-08T23:02:41+05:30
VBL,439.52,TOUCHED,-1.71,below,432.0,439.52,439.93,440.34,439.52,0.186,28.8,0.023,0,2026-10-07,2026-10-08,False,False,5.0,2026-10-08T23:02:41+05:30
JPPOWER,14.88,TOUCHED,-3.84,below,14.31,14.88,14.9,14.92,14.88,0.291,29.0,0.037,0,2026-10-07,2026-10-08,False,False,5.0,2026-10-08T23:02:41+05:30
MPHASIS,2296.15,TOUCHED,0.32,above,2303.4,2296.15,2293.77,2296.15,2291.38,0.208,29.0,0.024,0,2026-10-07,2026-10-08,False,False,5.0,2026-10-08T23:02:41+05:30
RAILTEL,254.99,TOUCHED,-2.7,below,248.1,254.99,255.33,255.68,254.99,0.268,29.3,0.038,0,2026-10-07,2026-10-08,False,False,5.0,2026-10-08T23:02:41+05:30
BAJAJ-AUTO,9862.00,TOUCHED,-2.28,below,9637.0,9862.0,9869.33,9876.67,9862.0,0.149,29.6,0.028,0,2026-10-07,2026-10-08,False,False,5.0,2026-10-08T23:02:41+05:30
TMPV,283.24,TOUCHED,-3.62,below,273.0,283.24,283.48,283.72,283.24,0.17,30.4,0.018,0,2026-10-07,2026-10-08,False,False,5.0,2026-10-08T23:02:41+05:30
AVANTIFEED,718.50,TOUCHED,-2.76,below,698.65,718.5,719.77,721.03,718.5,0.352,30.7,0.042,0,2026-10-07,2026-10-08,False,False,5.0,2026-10-08T23:02:41+05:30
SHRIRAMFIN,945.00,TOUCHED,-2.94,below,917.25,945.0,946.0,947.0,945.0,0.211,31.0,0.023,0,2026-10-07,2026-10-08,False,False,5.0,2026-10-08T23:02:41+05:30
VEDPOWER,32.25,TOUCHED,-1.12,below,31.89,32.25,32.31,32.36,32.25,0.351,31.3,0.011,0,2026-10-07,2026-10-08,False,False,5.0,2026-10-08T23:02:41+05:30
MRF,123187.50,TOUCHED,-0.59,below,122465.0,123187.5,123300.0,123412.5,123187.5,0.182,31.5,0.037,0,2026-10-07,2026-10-08,False,False,5.0,2026-10-08T23:02:41+05:30
NETWEB,4712.10,TOUCHED,0.06,above,4715.1,4712.1,4703.2,4712.1,4694.3,0.378,31.5,0.06,0,2026-10-07,2026-10-08,False,False,5.0,2026-10-08T23:02:41+05:30
CARBORUNIV,1258.42,TOUCHED,-3.9,below,1209.4,1258.42,1260.13,1261.85,1258.42,0.272,31.8,0.029,0,2026-10-07,2026-10-08,False,False,5.0,2026-10-08T23:02:41+05:30
TITAN,4380.60,TOUCHED,-0.48,below,4359.5,4380.6,4384.2,4387.8,4380.6,0.164,31.8,0.015,0,2026-10-07,2026-10-08,False,False,5.0,2026-10-08T23:02:41+05:30
IDEA,13.20,TOUCHED,-3.04,below,12.8,13.2,13.22,13.24,13.2,0.328,32.1,0.039,0,2026-10-07,2026-10-08,False,False,5.0,2026-10-08T23:02:41+05:30
PERSISTENT,5488.25,TOUCHED,-0.37,below,5468.0,5488.25,5494.5,5500.75,5488.25,0.228,32.3,0.015,0,2026-10-07,2026-10-08,False,False,5.0,2026-10-08T23:02:41+05:30
RBLBANK,412.52,TOUCHED,-2.86,below,400.7,412.52,413.03,413.55,412.52,0.25,32.3,0.031,0,2026-10-07,2026-10-08,False,False,5.0,2026-10-08T23:02:41+05:30
IRCON,106.82,TOUCHED,-3.31,below,103.29,106.82,106.99,107.15,106.82,0.305,32.6,0.035,0,2026-10-07,2026-10-08,False,False,5.0,2026-10-08T23:02:41+05:30
ZENSARTECH,441.35,TOUCHED,0.1,above,441.8,441.35,440.67,441.35,439.98,0.31,32.6,0.033,0,2026-10-07,2026-10-08,False,False,5.0,2026-10-08T23:02:41+05:30
IPCALAB,1940.95,TOUCHED,-0.13,below,1938.4,1940.95,1943.4,1945.85,1940.95,0.252,32.9,0.032,0,2026-10-07,2026-10-08,False,False,5.0,2026-10-08T23:02:41+05:30
AEGISVOPAK,294.88,TOUCHED,-3.28,below,285.2,294.88,295.52,296.15,294.88,0.429,33.4,0.022,0,2026-10-07,2026-10-08,False,False,5.0,2026-10-08T23:02:41+05:30
HSCL,670.05,TOUCHED,-1.49,below,660.05,670.05,671.02,671.98,670.05,0.288,33.4,0.029,0,2026-10-07,2026-10-08,False,False,5.0,2026-10-08T23:02:41+05:30
VIJAYA,1464.25,TOUCHED,-2.26,below,1431.1,1464.25,1466.1,1467.95,1464.25,0.252,33.4,0.034,0,2026-10-07,2026-10-08,False,False,5.0,2026-10-08T23:02:41+05:30
WOCKPHARMA,2154.83,TOUCHED,-5.81,below,2029.6,2154.83,2159.27,2163.7,2154.83,0.411,33.4,0.057,0,2026-10-07,2026-10-08,False,False,5.0,2026-10-08T23:02:41+05:30
RADICO,4478.25,TOUCHED,-1.41,below,4415.0,4478.25,4483.83,4489.42,4478.25,0.249,33.7,0.023,0,2026-10-07,2026-10-08,False,False,5.0,2026-10-08T23:02:41+05:30
RAMCOCEM,841.88,TOUCHED,-2.85,below,817.9,841.88,842.92,843.96,841.88,0.247,34.0,0.04,0,2026-10-07,2026-10-08,False,False,5.0,2026-10-08T23:02:41+05:30
STARHEALTH,551.77,TOUCHED,-1.14,below,545.5,551.77,552.47,553.16,551.77,0.25,34.0,0.022,0,2026-10-07,2026-10-08,False,False,5.0,2026-10-08T23:02:41+05:30
SUNTV,637.32,TOUCHED,-3.63,below,614.2,637.32,638.13,638.95,637.32,0.256,34.0,0.024,0,2026-10-07,2026-10-08,False,False,5.0,2026-10-08T23:02:41+05:30
CMPDI,209.50,TOUCHED,-1.36,below,206.65,209.5,209.95,210.4,209.5,0.429,34.1,0.03,0,2026-10-07,2026-10-08,False,False,5.0,2026-10-08T23:02:41+05:30
SOBHA,1193.40,TOUCHED,-0.8,below,1183.9,1193.4,1194.9,1196.4,1193.4,0.251,34.5,0.029,0,2026-10-07,2026-10-08,False,False,5.0,2026-10-08T23:02:41+05:30
MARICO,788.03,TOUCHED,-1.37,below,777.25,788.03,788.82,789.6,788.03,0.199,34.8,0.019,0,2026-10-07,2026-10-08,False,False,5.0,2026-10-08T23:02:41+05:30
PREMIERENE,906.02,TOUCHED,-2.36,below,884.65,906.02,907.35,908.67,906.02,0.292,34.8,0.031,0,2026-10-07,2026-10-08,False,False,5.0,2026-10-08T23:02:41+05:30
RRKABEL,2727.05,TOUCHED,-1.12,below,2696.4,2727.05,2731.6,2736.15,2727.05,0.333,34.8,0.041,0,2026-10-07,2026-10-08,False,False,5.0,2026-10-08T23:02:41+05:30
PGEL,523.03,TOUCHED,-2.38,below,510.6,523.03,524.07,525.1,523.03,0.394,35.1,0.046,0,2026-10-07,2026-10-08,False,False,5.0,2026-10-08T23:02:41+05:30
EIDPARRY,696.38,TOUCHED,-2.76,below,677.15,696.38,697.43,698.49,696.38,0.303,35.3,0.027,0,2026-10-07,2026-10-08,False,False,5.0,2026-10-08T23:02:41+05:30
ASTERDM,681.26,TOUCHED,-0.6,below,677.15,681.26,682.22,683.17,681.26,0.281,35.6,0.023,0,2026-10-07,2026-10-08,False,False,5.0,2026-10-08T23:02:41+05:30
BEML,2009.92,TOUCHED,-4.91,below,1911.2,2009.92,2013.63,2017.35,2009.92,0.369,35.6,0.022,0,2026-10-07,2026-10-08,False,False,5.0,2026-10-08T23:02:41+05:30
SOLARINDS,19960.00,TOUCHED,-0.45,below,19870.0,19960.0,19990.0,20020.0,19960.0,0.3,35.6,0.055,0,2026-10-07,2026-10-08,False,False,5.0,2026-10-08T23:02:41+05:30
HONAUT,33384.17,TOUCHED,-2.75,below,32465.0,33384.17,33423.33,33462.5,33384.17,0.234,35.9,0.027,0,2026-10-07,2026-10-08,False,False,5.0,2026-10-08T23:02:41+05:30
NAUKRI,1226.98,TOUCHED,-3.6,below,1182.8,1226.98,1228.67,1230.35,1226.98,0.274,35.9,0.021,0,2026-10-07,2026-10-08,False,False,5.0,2026-10-08T23:02:41+05:30
INDIAMART,1601.23,TOUCHED,0.09,inside,1602.7,1601.23,1601.23,1603.27,1599.2,0.254,36.4,0.021,0,2026-10-07,2026-10-08,False,False,5.0,2026-10-08T23:02:41+05:30
DATAPATTNS,4243.53,TOUCHED,-3.45,below,4097.1,4243.53,4253.67,4263.8,4243.53,0.476,36.7,0.066,0,2026-10-07,2026-10-08,False,False,5.0,2026-10-08T23:02:41+05:30
MOTHERSON,158.49,TOUCHED,-3.41,below,153.08,158.49,158.72,158.96,158.49,0.3,36.7,0.035,0,2026-10-07,2026-10-08,False,False,5.0,2026-10-08T23:02:41+05:30
COALINDIA,413.32,TOUCHED,-0.96,below,409.35,413.32,413.72,414.11,413.32,0.189,37.5,0.021,0,2026-10-07,2026-10-08,False,False,5.0,2026-10-08T23:02:41+05:30
HFCL,269.96,TOUCHED,-4.31,below,258.31,269.96,270.6,271.25,269.96,0.479,37.5,0.031,0,2026-10-07,2026-10-08,False,False,5.0,2026-10-08T23:02:41+05:30
IOC,130.15,TOUCHED,-3.0,below,126.25,130.15,130.3,130.44,130.15,0.228,37.8,0.021,0,2026-10-07,2026-10-08,False,False,5.0,2026-10-08T23:02:41+05:30
JMFINANCIL,124.07,TOUCHED,-2.8,below,120.6,124.07,124.35,124.64,124.07,0.456,37.8,0.052,0,2026-10-07,2026-10-08,False,False,5.0,2026-10-08T23:02:41+05:30
CLEAN,814.96,TOUCHED,-2.23,below,796.8,814.96,816.22,817.48,814.96,0.308,38.4,0.026,0,2026-10-07,2026-10-08,False,False,5.0,2026-10-08T23:02:41+05:30
CONCORDBIO,1362.38,TOUCHED,-2.32,below,1330.8,1362.38,1365.07,1367.75,1362.38,0.393,39.5,0.022,0,2026-10-07,2026-10-08,False,False,5.0,2026-10-08T23:02:41+05:30
CEMPRO,1143.60,TOUCHED,-0.24,inside,1140.8,1143.6,1143.6,1146.5,1140.7,0.507,39.7,0.066,0,2026-10-07,2026-10-08,False,False,5.0,2026-10-08T23:02:41+05:30
ELGIEQUIP,598.93,TOUCHED,-3.33,below,579.0,598.93,599.97,601.01,598.93,0.347,39.7,0.04,0,2026-10-07,2026-10-08,False,False,5.0,2026-10-08T23:02:41+05:30
GPIL,214.70,TOUCHED,-4.22,below,205.63,214.7,215.09,215.47,214.7,0.361,40.0,0.023,0,2026-10-07,2026-10-08,False,False,5.0,2026-10-08T23:02:41+05:30
AZAD,3030.70,TOUCHED,-4.85,below,2883.7,3030.7,3036.53,3042.37,3030.7,0.384,40.5,0.036,0,2026-10-07,2026-10-08,False,False,5.0,2026-10-08T23:02:41+05:30
CROMPTON,211.00,TOUCHED,-3.16,below,204.34,211.0,211.31,211.61,211.0,0.287,40.8,0.024,0,2026-10-07,2026-10-08,False,False,5.0,2026-10-08T23:02:41+05:30
IIFL,589.72,TOUCHED,-1.79,below,579.15,589.72,590.9,592.08,589.72,0.398,41.1,0.025,0,2026-10-07,2026-10-08,False,False,5.0,2026-10-08T23:02:41+05:30
OLECTRA,1086.07,TOUCHED,-4.1,below,1041.5,1086.07,1088.03,1090.0,1086.07,0.362,41.4,0.036,0,2026-10-07,2026-10-08,False,False,5.0,2026-10-08T23:02:41+05:30
KSB,802.81,TOUCHED,-3.25,below,776.7,802.81,804.12,805.42,802.81,0.325,41.6,0.034,0,2026-10-07,2026-10-08,False,False,5.0,2026-10-08T23:02:41+05:30
INDUSTOWER,385.58,TOUCHED,-3.26,below,373.0,385.58,386.12,386.65,385.58,0.276,42.2,0.015,0,2026-10-07,2026-10-08,False,False,5.0,2026-10-08T23:02:41+05:30
SIEMENS,3798.67,TOUCHED,-4.2,below,3639.0,3798.67,3804.33,3810.0,3798.67,0.298,42.5,0.018,0,2026-10-07,2026-10-08,False,False,5.0,2026-10-08T23:02:41+05:30
ZYDUSLIFE,1154.50,TOUCHED,-3.68,below,1112.0,1154.5,1156.0,1157.5,1154.5,0.26,42.5,0.021,0,2026-10-07,2026-10-08,False,False,5.0,2026-10-08T23:02:41+05:30
BDL,1087.25,TOUCHED,-3.38,below,1050.5,1087.25,1089.5,1091.75,1087.25,0.413,42.7,0.048,0,2026-10-07,2026-10-08,False,False,5.0,2026-10-08T23:02:41+05:30
CRISIL,4485.95,TOUCHED,-1.83,below,4404.0,4485.95,4493.67,4501.38,4485.95,0.343,42.7,0.048,0,2026-10-07,2026-10-08,False,False,5.0,2026-10-08T23:02:41+05:30
AWL,186.19,TOUCHED,-1.82,below,182.81,186.19,186.5,186.8,186.19,0.329,43.0,0.044,0,2026-10-07,2026-10-08,False,False,5.0,2026-10-08T23:02:41+05:30
ATUL,5971.00,TOUCHED,-0.8,below,5923.0,5971.0,5980.5,5990.0,5971.0,0.318,43.3,0.011,0,2026-10-07,2026-10-08,False,False,5.0,2026-10-08T23:02:41+05:30
TATATECH,698.71,TOUCHED,-0.58,below,694.65,698.71,699.82,700.92,698.71,0.317,43.3,0.034,0,2026-10-07,2026-10-08,False,False,5.0,2026-10-08T23:02:41+05:30
THANGAMAYL,4791.33,TOUCHED,0.4,above,4810.5,4791.33,4779.67,4791.33,4768.0,0.488,43.3,0.044,0,2026-10-07,2026-10-08,False,False,5.0,2026-10-08T23:02:41+05:30
ZENTEC,1583.47,TOUCHED,-4.37,below,1514.2,1583.47,1586.73,1590.0,1583.47,0.412,43.3,0.014,0,2026-10-07,2026-10-08,False,False,5.0,2026-10-08T23:02:41+05:30
NIACL,159.53,TOUCHED,-0.87,below,158.14,159.53,159.77,160.01,159.53,0.303,43.8,0.027,0,2026-10-07,2026-10-08,False,False,5.0,2026-10-08T23:02:41+05:30
TORNTPHARM,4722.52,TOUCHED,-2.23,below,4617.1,4722.52,4728.83,4735.15,4722.52,0.267,43.8,0.023,0,2026-10-07,2026-10-08,False,False,5.0,2026-10-08T23:02:41+05:30
SIGNATURE,713.75,TOUCHED,-0.35,below,711.25,713.75,715.0,716.25,713.75,0.35,44.7,0.026,0,2026-10-07,2026-10-08,False,False,5.0,2026-10-08T23:02:41+05:30
PFC,326.07,TOUCHED,-0.73,below,323.7,326.07,326.58,327.1,326.07,0.316,44.9,0.029,0,2026-10-07,2026-10-08,False,False,5.0,2026-10-08T23:02:41+05:30
IDBI,85.84,TOUCHED,-3.1,below,83.18,85.84,86.01,86.18,85.84,0.395,45.2,0.033,0,2026-10-07,2026-10-08,False,False,5.0,2026-10-08T23:02:41+05:30
KPIL,1450.15,TOUCHED,-3.35,below,1401.5,1450.15,1452.9,1455.65,1450.15,0.379,45.2,0.043,0,2026-10-07,2026-10-08,False,False,5.0,2026-10-08T23:02:41+05:30
MGL,1045.13,TOUCHED,-0.12,inside,1043.9,1045.13,1045.13,1046.9,1043.37,0.338,46.0,0.033,0,2026-10-07,2026-10-08,False,False,5.0,2026-10-08T23:02:41+05:30
LENSKART,682.77,TOUCHED,-4.22,below,653.95,682.77,684.25,685.73,682.77,0.431,47.2,0.022,0,2026-10-07,2026-10-08,False,False,5.0,2026-10-08T23:02:41+05:30
CIEINDIA,376.78,TOUCHED,-1.36,below,371.65,376.78,377.42,378.06,376.78,0.34,47.4,0.025,0,2026-10-07,2026-10-08,False,False,5.0,2026-10-08T23:02:41+05:30
BHEL,449.43,TOUCHED,-4.41,below,429.6,449.43,450.35,451.28,449.43,0.411,47.7,0.033,0,2026-10-07,2026-10-08,False,False,5.0,2026-10-08T23:02:41+05:30
INOXWIND,67.25,TOUCHED,-7.17,below,62.43,67.25,67.4,67.56,67.25,0.45,47.7,0.041,0,2026-10-07,2026-10-08,False,False,5.0,2026-10-08T23:02:41+05:30
JKCEMENT,5016.75,TOUCHED,-1.0,below,4966.5,5016.75,5026.83,5036.92,5016.75,0.401,47.7,0.03,0,2026-10-07,2026-10-08,False,False,5.0,2026-10-08T23:02:41+05:30
APTUS,219.94,TOUCHED,-1.37,below,216.92,219.94,220.42,220.89,219.94,0.434,47.9,0.026,0,2026-10-07,2026-10-08,False,False,5.0,2026-10-08T23:02:41+05:30
KAYNES,3375.00,TOUCHED,-4.21,below,3233.0,3375.0,3385.0,3395.0,3375.0,0.591,48.8,0.046,0,2026-10-07,2026-10-08,False,False,5.0,2026-10-08T23:02:41+05:30
ATHERENERG,1442.20,TOUCHED,-2.51,below,1406.0,1442.2,1446.47,1450.73,1442.2,0.59,48.9,0.047,0,2026-10-07,2026-10-08,False,False,5.0,2026-10-08T23:02:41+05:30
GICRE,314.93,TOUCHED,-1.85,below,309.1,314.93,315.47,316.01,314.93,0.343,49.9,0.028,0,2026-10-07,2026-10-08,False,False,5.0,2026-10-08T23:02:41+05:30
PFOCUS,280.55,TOUCHED,-3.07,below,271.95,280.55,281.7,282.85,280.55,0.816,49.9,0.049,0,2026-10-07,2026-10-08,False,False,5.0,2026-10-08T23:02:41+05:30
SWIGGY,246.70,TOUCHED,-4.76,below,234.95,246.7,247.4,248.1,246.7,0.566,50.1,0.042,0,2026-10-07,2026-10-08,False,False,5.0,2026-10-08T23:02:41+05:30
ONGC,222.18,TOUCHED,-1.07,below,219.8,222.18,222.48,222.78,222.18,0.268,50.4,0.026,0,2026-10-07,2026-10-08,False,False,5.0,2026-10-08T23:02:41+05:30
INTELLECT,592.90,TOUCHED,-4.31,below,567.35,592.9,594.45,596.0,592.9,0.521,50.7,0.036,0,2026-10-07,2026-10-08,False,False,5.0,2026-10-08T23:02:41+05:30
TATASTEEL,175.90,TOUCHED,-2.24,below,171.96,175.9,176.16,176.43,175.9,0.297,51.0,0.018,0,2026-10-07,2026-10-08,False,False,5.0,2026-10-08T23:02:41+05:30
CENTRALBK,30.28,TOUCHED,-0.96,below,29.99,30.28,30.33,30.39,30.28,0.352,51.5,0.029,0,2026-10-07,2026-10-08,False,False,5.0,2026-10-08T23:02:41+05:30
HEXT,504.09,TOUCHED,1.45,above,511.4,504.09,502.68,504.09,501.28,0.56,51.5,0.045,0,2026-10-07,2026-10-08,False,False,5.0,2026-10-08T23:02:41+05:30
SAIL,174.70,TOUCHED,-4.84,below,166.25,174.7,175.09,175.49,174.7,0.447,51.8,0.024,0,2026-10-07,2026-10-08,False,False,5.0,2026-10-08T23:02:41+05:30
USHAMART,516.70,TOUCHED,-2.47,below,503.95,516.7,517.88,519.07,516.7,0.457,52.1,0.031,0,2026-10-07,2026-10-08,False,False,5.0,2026-10-08T23:02:41+05:30
ASTRAL,1419.10,TOUCHED,-0.75,below,1408.5,1419.1,1421.97,1424.83,1419.1,0.403,52.3,0.032,0,2026-10-07,2026-10-08,False,False,5.0,2026-10-08T23:02:41+05:30
LGEINDIA,1770.75,TOUCHED,-2.7,below,1723.0,1770.75,1773.93,1777.12,1770.75,0.359,52.4,0.01,0,2026-10-07,2026-10-08,False,False,5.0,2026-10-08T23:02:41+05:30
ARE&M,734.62,TOUCHED,-1.95,below,720.3,734.62,736.0,737.38,734.62,0.374,53.2,0.022,0,2026-10-07,2026-10-08,False,False,5.0,2026-10-08T23:02:41+05:30
BANKINDIA,132.72,TOUCHED,-0.28,below,132.35,132.72,133.0,133.28,132.72,0.414,53.2,0.029,0,2026-10-07,2026-10-08,False,False,5.0,2026-10-08T23:02:41+05:30
DEVYANI,129.31,TOUCHED,-4.71,below,123.23,129.31,129.65,129.99,129.31,0.517,53.2,0.031,0,2026-10-07,2026-10-08,False,False,5.0,2026-10-08T23:02:41+05:30
EMBASSY,430.73,TOUCHED,1.06,above,435.3,430.73,430.26,430.73,429.78,0.222,53.2,0.017,0,2026-10-06,2026-10-07,False,False,5.0,2026-10-08T23:02:41+05:30
PIRAMALFIN,1986.48,TOUCHED,-1.51,below,1956.4,1986.48,1991.47,1996.45,1986.48,0.5,53.2,0.043,0,2026-10-07,2026-10-08,False,False,5.0,2026-10-08T23:02:41+05:30
SUNPHARMA,1783.38,TOUCHED,-1.32,below,1759.8,1783.38,1785.77,1788.15,1783.38,0.267,53.2,0.017,0,2026-10-07,2026-10-08,False,False,5.0,2026-10-08T23:02:41+05:30
AFCONS,242.93,TOUCHED,-0.34,below,242.11,242.93,243.42,243.9,242.93,0.396,53.4,0.024,0,2026-10-07,2026-10-08,False,False,5.0,2026-10-08T23:02:41+05:30
TECHM,1496.77,TOUCHED,-0.04,inside,1496.2,1496.77,1496.77,1499.6,1493.93,0.379,53.4,0.024,0,2026-10-07,2026-10-08,False,False,5.0,2026-10-08T23:02:41+05:30
BANKBARODA,233.70,TOUCHED,0.13,inside,234.0,233.7,233.7,234.13,233.28,0.362,53.7,0.012,0,2026-10-07,2026-10-08,False,False,5.0,2026-10-08T23:02:41+05:30
CDSL,1266.75,TOUCHED,-0.69,below,1258.0,1266.75,1269.5,1272.25,1266.75,0.433,53.7,0.033,0,2026-10-07,2026-10-08,False,False,5.0,2026-10-08T23:02:41+05:30
HDFCLIFE,544.25,TOUCHED,0.05,inside,544.5,544.25,544.25,545.15,543.35,0.331,53.7,0.018,0,2026-10-07,2026-10-08,False,False,5.0,2026-10-08T23:02:41+05:30
IFCI,64.58,TOUCHED,2.86,above,66.43,64.58,64.4,64.58,64.21,0.569,54.0,0.1,0,2026-10-07,2026-10-08,False,False,5.0,2026-10-08T23:02:41+05:30
LICI,386.84,TOUCHED,-1.96,below,379.25,386.84,387.38,387.93,386.84,0.28,54.0,0.028,0,2026-10-07,2026-10-08,False,False,5.0,2026-10-08T23:02:41+05:30
BERGEPAINT,466.85,TOUCHED,0.24,above,467.95,466.85,465.87,466.85,464.88,0.422,54.2,0.013,0,2026-10-07,2026-10-08,False,False,5.0,2026-10-08T23:02:41+05:30
IEX,106.05,TOUCHED,-2.17,below,103.75,106.05,106.26,106.46,106.05,0.383,54.8,0.029,0,2026-10-07,2026-10-08,False,False,5.0,2026-10-08T23:02:41+05:30
SUNDARMFIN,4310.30,TOUCHED,-4.63,below,4110.6,4310.3,4319.4,4328.5,4310.3,0.421,54.8,0.021,0,2026-10-07,2026-10-08,False,False,5.0,2026-10-08T23:02:41+05:30
SYRMA,1730.10,TOUCHED,-2.84,below,1680.9,1730.1,1735.63,1741.17,1730.1,0.638,54.8,0.042,0,2026-10-07,2026-10-08,False,False,5.0,2026-10-08T23:02:41+05:30
GAIL,169.89,TOUCHED,-1.29,below,167.7,169.89,170.16,170.44,169.89,0.321,55.1,0.014,0,2026-10-07,2026-10-08,False,False,5.0,2026-10-08T23:02:41+05:30
MSUMI,33.32,TOUCHED,-1.07,below,32.97,33.32,33.41,33.49,33.32,0.489,55.6,0.027,0,2026-10-07,2026-10-08,False,False,5.0,2026-10-08T23:02:41+05:30
EXIDEIND,403.73,TOUCHED,-2.19,below,394.9,403.73,404.5,405.27,403.73,0.383,56.2,0.026,0,2026-10-07,2026-10-08,False,False,5.0,2026-10-08T23:02:41+05:30
JBMA,548.33,TOUCHED,-3.96,below,526.6,548.33,549.67,551.0,548.33,0.485,56.2,0.021,0,2026-10-07,2026-10-08,False,False,5.0,2026-10-08T23:02:41+05:30
CPPLUS,4022.00,TOUCHED,-1.24,below,3972.2,4022.0,4036.3,4050.6,4022.0,0.709,56.6,0.029,0,2026-10-07,2026-10-08,False,False,5.0,2026-10-08T23:02:41+05:30
CANBK,118.38,TOUCHED,-0.87,below,117.35,118.38,118.64,118.89,118.38,0.433,56.7,0.023,0,2026-10-07,2026-10-08,False,False,5.0,2026-10-08T23:02:41+05:30
BATAINDIA,616.33,TOUCHED,-2.11,below,603.35,616.33,617.57,618.8,616.33,0.399,57.3,0.022,0,2026-10-07,2026-10-08,False,False,5.0,2026-10-08T23:02:41+05:30
TARIL,286.25,TOUCHED,-1.22,below,282.75,286.25,287.22,288.18,286.25,0.673,57.8,0.054,0,2026-10-07,2026-10-08,False,False,5.0,2026-10-08T23:02:41+05:30
GRAVITA,1483.70,TOUCHED,-0.09,below,1482.3,1483.7,1487.8,1491.9,1483.7,0.551,58.1,0.028,0,2026-10-07,2026-10-08,False,False,5.0,2026-10-08T23:02:41+05:30
TCS,2083.70,TOUCHED,-0.37,below,2076.0,2083.7,2087.1,2090.5,2083.7,0.326,58.4,0.029,0,2026-10-07,2026-10-08,False,False,5.0,2026-10-08T23:02:41+05:30
KFINTECH,860.28,TOUCHED,-2.57,below,838.2,860.28,862.57,864.85,860.28,0.529,58.9,0.016,0,2026-10-07,2026-10-08,False,False,5.0,2026-10-08T23:02:41+05:30
KIRLOSBROS,1717.65,TOUCHED,-2.94,below,1667.2,1717.65,1722.5,1727.35,1717.65,0.563,58.9,0.032,0,2026-10-07,2026-10-08,False,False,5.0,2026-10-08T23:02:41+05:30
TATACHEM,611.13,TOUCHED,-2.98,below,592.95,611.13,612.47,613.8,611.13,0.435,58.9,0.021,0,2026-10-07,2026-10-08,False,False,5.0,2026-10-08T23:02:41+05:30
JUBLINGREA,637.05,TOUCHED,-2.63,below,620.3,637.05,638.88,640.72,637.05,0.574,59.2,0.03,0,2026-10-07,2026-10-08,False,False,5.0,2026-10-08T23:02:41+05:30
WIPRO,159.88,TOUCHED,-0.94,below,158.38,159.88,160.17,160.45,159.88,0.354,59.2,0.012,0,2026-10-07,2026-10-08,False,False,5.0,2026-10-08T23:02:41+05:30
BIRET,330.21,TOUCHED,-0.18,below,329.6,330.21,330.52,330.84,330.21,0.192,59.5,0.011,0,2026-10-06,2026-10-07,False,False,5.0,2026-10-08T23:02:41+05:30
GODREJIND,1031.67,TOUCHED,-2.84,below,1002.4,1031.67,1034.33,1037.0,1031.67,0.516,59.5,0.035,0,2026-10-07,2026-10-08,False,False,5.0,2026-10-08T23:02:41+05:30
NEULANDLAB,21725.83,TOUCHED,-3.27,below,21015.0,21725.83,21796.67,21867.5,21725.83,0.65,59.7,0.032,0,2026-10-07,2026-10-08,False,False,5.0,2026-10-08T23:02:41+05:30
LTM,3938.93,TOUCHED,-0.61,below,3915.0,3938.93,3947.87,3956.8,3938.93,0.453,60.5,0.031,0,2026-10-07,2026-10-08,False,False,5.0,2026-10-08T23:02:41+05:30
NATCOPHARM,812.41,TOUCHED,-2.09,below,795.4,812.41,814.72,817.02,812.41,0.567,60.5,0.016,0,2026-10-07,2026-10-08,False,False,5.0,2026-10-08T23:02:41+05:30
CYIENT,1117.87,TOUCHED,-2.97,below,1084.7,1117.87,1120.73,1123.6,1117.87,0.512,60.8,0.022,0,2026-10-07,2026-10-08,False,False,5.0,2026-10-08T23:02:41+05:30
ABCAPITAL,373.11,TOUCHED,-1.19,below,368.65,373.11,374.12,375.12,373.11,0.539,61.1,0.031,0,2026-10-07,2026-10-08,False,False,5.0,2026-10-08T23:02:41+05:30
FEDERALBNK,321.60,TOUCHED,-0.19,below,321.0,321.6,322.23,322.87,321.6,0.393,61.1,0.026,0,2026-10-07,2026-10-08,False,False,5.0,2026-10-08T23:02:41+05:30
MAXHEALTH,901.42,TOUCHED,-3.11,below,873.4,901.42,903.62,905.81,901.42,0.485,61.9,0.037,0,2026-10-07,2026-10-08,False,False,5.0,2026-10-08T23:02:41+05:30
FSL,261.73,TOUCHED,1.77,above,266.35,261.73,260.88,261.73,260.04,0.645,62.2,0.037,0,2026-10-07,2026-10-08,False,False,5.0,2026-10-08T23:02:41+05:30
OIL,450.57,TOUCHED,-0.79,below,447.0,450.57,451.63,452.69,450.57,0.469,62.2,0.016,0,2026-10-07,2026-10-08,False,False,5.0,2026-10-08T23:02:41+05:30
HONASA,472.95,TOUCHED,-1.15,below,467.5,472.95,474.32,475.68,472.95,0.576,62.5,0.051,0,2026-10-07,2026-10-08,False,False,5.0,2026-10-08T23:02:41+05:30
LTFOODS,414.62,TOUCHED,-2.21,below,405.45,414.62,415.82,417.01,414.62,0.573,63.0,0.038,0,2026-10-07,2026-10-08,False,False,5.0,2026-10-08T23:02:41+05:30
UCOBANK,23.24,TOUCHED,-1.2,below,22.96,23.24,23.29,23.35,23.24,0.458,63.0,0.013,0,2026-10-07,2026-10-08,False,False,5.0,2026-10-08T23:02:41+05:30
TATAINVEST,616.81,TOUCHED,-1.22,below,609.3,616.81,618.32,619.83,616.81,0.488,63.3,0.022,0,2026-10-07,2026-10-08,False,False,5.0,2026-10-08T23:02:41+05:30
GVT&D,4270.70,TOUCHED,-1.66,below,4200.0,4270.7,4285.9,4301.1,4270.7,0.709,63.6,0.025,0,2026-10-07,2026-10-08,False,False,5.0,2026-10-08T23:02:41+05:30
NAM-INDIA,1050.67,TOUCHED,-1.07,below,1039.4,1050.67,1054.13,1057.6,1050.67,0.658,64.4,0.026,0,2026-10-07,2026-10-08,False,False,5.0,2026-10-08T23:02:41+05:30
EMMVEE,303.13,TOUCHED,-0.37,inside,302.0,303.13,303.13,304.47,301.8,0.88,64.9,0.034,0,2026-10-07,2026-10-08,False,False,5.0,2026-10-08T23:02:41+05:30
HAL,4758.12,TOUCHED,-2.33,below,4647.4,4758.12,4769.93,4781.75,4758.12,0.495,64.9,0.037,0,2026-10-07,2026-10-08,False,False,5.0,2026-10-08T23:02:41+05:30
MMTC,56.37,TOUCHED,-3.73,below,54.27,56.37,56.54,56.71,56.37,0.601,65.2,0.054,0,2026-10-07,2026-10-08,False,False,5.0,2026-10-08T23:02:41+05:30
JINDALSTEL,1063.70,TOUCHED,-5.05,below,1010.0,1063.7,1066.4,1069.1,1063.7,0.506,65.5,0.034,0,2026-10-07,2026-10-08,False,False,5.0,2026-10-08T23:02:41+05:30
ANGELONE,298.75,TOUCHED,-1.26,below,295.0,298.75,299.83,300.92,298.75,0.723,65.8,0.025,0,2026-10-07,2026-10-08,False,False,5.0,2026-10-08T23:02:41+05:30
FLUOROCHEM,4568.00,TOUCHED,-2.8,below,4440.1,4568.0,4580.1,4592.2,4568.0,0.528,65.8,0.016,0,2026-10-07,2026-10-08,False,False,5.0,2026-10-08T23:02:41+05:30
TATAELXSI,3090.22,TOUCHED,-3.05,below,2996.0,3090.22,3097.93,3105.65,3090.22,0.498,65.8,0.033,0,2026-10-07,2026-10-08,False,False,5.0,2026-10-08T23:02:41+05:30
AADHARHFC,451.70,TOUCHED,-0.25,below,450.55,451.7,452.82,453.93,451.7,0.493,66.3,0.024,0,2026-10-07,2026-10-08,False,False,5.0,2026-10-08T23:02:41+05:30
CHOLAHLDNG,1407.02,TOUCHED,-2.6,below,1370.4,1407.02,1411.33,1415.65,1407.02,0.612,66.3,0.025,0,2026-10-07,2026-10-08,False,False,5.0,2026-10-08T23:02:41+05:30
COFORGE,1828.15,TOUCHED,-0.76,below,1814.3,1828.15,1834.1,1840.05,1828.15,0.649,66.6,0.032,0,2026-10-07,2026-10-08,False,False,5.0,2026-10-08T23:02:41+05:30
GMDCLTD,478.99,TOUCHED,-3.27,below,463.35,478.99,480.88,482.77,478.99,0.787,66.6,0.068,0,2026-10-07,2026-10-08,False,False,5.0,2026-10-08T23:02:41+05:30
SONACOMS,812.86,TOUCHED,-2.44,below,793.0,812.86,815.22,817.57,812.86,0.579,66.8,0.029,0,2026-10-07,2026-10-08,False,False,5.0,2026-10-08T23:02:41+05:30
ABSLAMC,1018.68,TOUCHED,-1.35,below,1004.9,1018.68,1021.85,1025.03,1018.68,0.621,67.1,0.03,0,2026-10-07,2026-10-08,False,False,5.0,2026-10-08T23:02:41+05:30
GALLANTT,516.70,TOUCHED,-2.62,below,503.15,516.7,518.85,521.0,516.7,0.829,67.1,0.061,0,2026-10-07,2026-10-08,False,False,5.0,2026-10-08T23:02:41+05:30
IRB,17.52,TOUCHED,0.04,inside,17.53,17.52,17.52,17.56,17.48,0.476,67.1,0.034,0,2026-10-07,2026-10-08,False,False,5.0,2026-10-08T23:02:41+05:30
NTPCGREEN,89.16,TOUCHED,1.84,above,90.8,89.16,88.94,89.16,88.73,0.487,67.7,0.012,0,2026-10-07,2026-10-08,False,False,5.0,2026-10-08T23:02:41+05:30
HDFCBANK,703.95,TOUCHED,-1.66,below,692.25,703.95,705.15,706.35,703.95,0.34,69.0,0.019,0,2026-10-07,2026-10-08,False,False,5.0,2026-10-08T23:02:41+05:30
CESC,131.56,TOUCHED,-2.15,below,128.73,131.56,131.94,132.33,131.56,0.579,69.3,0.033,0,2026-10-07,2026-10-08,False,False,5.0,2026-10-08T23:02:41+05:30
MTARTECH,7825.67,TOUCHED,0.3,above,7849.5,7825.67,7786.83,7825.67,7748.0,0.997,69.3,0.024,0,2026-10-07,2026-10-08,False,False,5.0,2026-10-08T23:02:41+05:30
CREDITACC,1252.85,TOUCHED,0.84,above,1263.4,1252.85,1248.43,1252.85,1244.02,0.708,69.6,0.035,0,2026-10-07,2026-10-08,False,False,5.0,2026-10-08T23:02:41+05:30
SHREECEM,21828.33,TOUCHED,-1.05,below,21600.0,21828.33,21876.67,21925.0,21828.33,0.442,69.6,0.014,0,2026-10-07,2026-10-08,False,False,5.0,2026-10-08T23:02:41+05:30
PATANJALI,358.50,TOUCHED,-0.98,below,355.0,358.5,359.32,360.13,358.5,0.455,69.9,0.014,0,2026-10-07,2026-10-08,False,False,5.0,2026-10-08T23:02:41+05:30
HINDZINC,552.59,TOUCHED,-3.77,below,531.75,552.59,554.18,555.77,552.59,0.574,70.4,0.038,0,2026-10-07,2026-10-08,False,False,5.0,2026-10-08T23:02:41+05:30
ASAHIINDIA,965.75,TOUCHED,-2.79,below,938.8,965.75,969.25,972.75,965.75,0.722,70.7,0.027,0,2026-10-07,2026-10-08,False,False,5.0,2026-10-08T23:02:41+05:30
CONCOR,440.87,TOUCHED,-1.56,below,434.0,440.87,441.98,443.1,440.87,0.505,70.7,0.034,0,2026-10-07,2026-10-08,False,False,5.0,2026-10-08T23:02:41+05:30
HINDUNILVR,1868.98,TOUCHED,-1.31,below,1844.5,1868.98,1872.57,1876.15,1868.98,0.383,70.7,0.014,0,2026-10-07,2026-10-08,False,False,5.0,2026-10-08T23:02:41+05:30
LTF,261.10,TOUCHED,-1.42,below,257.4,261.1,261.95,262.8,261.1,0.649,70.7,0.028,0,2026-10-07,2026-10-08,False,False,5.0,2026-10-08T23:02:41+05:30
SJVN,56.51,TOUCHED,-4.02,below,54.24,56.51,56.66,56.81,56.51,0.529,71.0,0.027,0,2026-10-07,2026-10-08,False,False,5.0,2026-10-08T23:02:41+05:30
HEGAM,247.98,TOUCHED,-4.36,below,237.17,247.98,248.96,249.95,247.98,0.793,71.2,0.041,0,2026-10-07,2026-10-08,False,False,5.0,2026-10-08T23:02:41+05:30
POWERGRID,253.62,TOUCHED,-3.54,below,244.65,253.62,254.18,254.75,253.62,0.446,71.5,0.017,0,2026-10-07,2026-10-08,False,False,5.0,2026-10-08T23:02:41+05:30
TBOTEK,1711.15,TOUCHED,-2.61,below,1666.5,1711.15,1717.8,1724.45,1711.15,0.774,71.5,0.034,0,2026-10-07,2026-10-08,False,False,5.0,2026-10-08T23:02:41+05:30
APOLLOHOSP,7869.50,TOUCHED,-2.59,below,7666.0,7869.5,7885.33,7901.17,7869.5,0.402,71.8,0.013,0,2026-10-07,2026-10-08,False,False,5.0,2026-10-08T23:02:41+05:30
MCX,3321.20,TOUCHED,-1.98,below,3255.6,3321.2,3335.0,3348.8,3321.2,0.828,72.1,0.057,0,2026-10-07,2026-10-08,False,False,5.0,2026-10-08T23:02:41+05:30
TIINDIA,2396.58,TOUCHED,-6.49,below,2241.0,2396.58,2405.17,2413.75,2396.58,0.714,72.3,0.038,0,2026-10-07,2026-10-08,False,False,5.0,2026-10-08T23:02:41+05:30
IREDA,107.64,TOUCHED,-3.57,below,103.8,107.64,107.96,108.27,107.64,0.58,72.9,0.031,0,2026-10-07,2026-10-08,False,False,5.0,2026-10-08T23:02:41+05:30
CASTROLIND,197.49,TOUCHED,-0.71,below,196.08,197.49,197.83,198.17,197.49,0.342,74.0,0.013,0,2026-10-07,2026-10-08,False,False,5.0,2026-10-08T23:02:41+05:30
GESHIP,1551.30,TOUCHED,-1.39,below,1529.7,1551.3,1556.83,1562.37,1551.3,0.711,74.2,0.031,0,2026-10-07,2026-10-08,False,False,5.0,2026-10-08T23:02:41+05:30
JKTYRE,334.66,TOUCHED,-1.32,below,330.25,334.66,335.92,337.17,334.66,0.749,74.5,0.031,0,2026-10-07,2026-10-08,False,False,5.0,2026-10-08T23:02:41+05:30
ANANDRATHI,2138.53,TOUCHED,0.02,inside,2138.9,2138.53,2138.53,2144.2,2132.87,0.53,74.8,0.021,0,2026-10-07,2026-10-08,False,False,5.0,2026-10-08T23:02:41+05:30
SHYAMMETL,1064.15,TOUCHED,0.25,above,1066.8,1064.15,1061.0,1064.15,1057.85,0.594,75.9,0.013,0,2026-10-07,2026-10-08,False,False,5.0,2026-10-08T23:02:41+05:30
WELCORP,2672.65,TOUCHED,-0.8,below,2651.3,2672.65,2683.3,2693.95,2672.65,0.794,75.9,0.051,0,2026-10-07,2026-10-08,False,False,5.0,2026-10-08T23:02:41+05:30
GRANULES,836.45,TOUCHED,-2.56,below,815.05,836.45,839.4,842.35,836.45,0.703,76.2,0.037,0,2026-10-07,2026-10-08,False,False,5.0,2026-10-08T23:02:41+05:30
INFY,997.03,TOUCHED,-0.0,inside,997.0,997.03,997.03,999.55,994.52,0.505,76.7,0.029,0,2026-10-07,2026-10-08,False,False,5.0,2026-10-08T23:02:41+05:30
VTL,538.46,TOUCHED,-2.06,below,527.35,538.46,540.52,542.58,538.46,0.762,76.7,0.028,0,2026-10-07,2026-10-08,False,False,5.0,2026-10-08T23:02:41+05:30
WELSPUNLIV,236.89,TOUCHED,-4.99,below,225.07,236.89,237.93,238.96,236.89,0.87,77.0,0.042,0,2026-10-07,2026-10-08,False,False,5.0,2026-10-08T23:02:41+05:30
PRESTIGE,1435.03,TOUCHED,-1.67,below,1411.0,1435.03,1440.77,1446.5,1435.03,0.796,77.5,0.047,0,2026-10-07,2026-10-08,False,False,5.0,2026-10-08T23:02:41+05:30
BIOCON,361.13,TOUCHED,-3.08,below,350.0,361.13,362.27,363.4,361.13,0.626,77.8,0.027,0,2026-10-07,2026-10-08,False,False,5.0,2026-10-08T23:02:41+05:30
ABDL,697.82,TOUCHED,-0.63,below,693.45,697.82,701.38,704.95,697.82,1.017,78.1,0.066,0,2026-10-07,2026-10-08,False,False,5.0,2026-10-08T23:02:41+05:30
BALRAMCHIN,698.80,TOUCHED,-1.34,below,689.45,698.8,701.4,704.0,698.8,0.741,78.1,0.025,0,2026-10-07,2026-10-08,False,False,5.0,2026-10-08T23:02:41+05:30
BSE,3325.03,TOUCHED,0.29,inside,3334.8,3325.03,3325.03,3340.52,3309.55,0.931,78.4,0.024,0,2026-10-07,2026-10-08,False,False,5.0,2026-10-08T23:02:41+05:30
KALYANKJIL,561.88,TOUCHED,-1.49,below,553.5,561.88,564.25,566.62,561.88,0.842,78.6,0.038,0,2026-10-07,2026-10-08,False,False,5.0,2026-10-08T23:02:41+05:30
SBICARD,559.20,TOUCHED,-2.07,below,547.65,559.2,561.0,562.8,559.2,0.642,78.6,0.03,0,2026-10-07,2026-10-08,False,False,5.0,2026-10-08T23:02:41+05:30
ATGL,583.88,TOUCHED,-3.71,below,562.2,583.88,585.85,587.83,583.88,0.674,78.9,0.024,0,2026-10-07,2026-10-08,False,False,5.0,2026-10-08T23:02:41+05:30
MEDANTA,1279.45,TOUCHED,-0.23,below,1276.5,1279.45,1284.33,1289.22,1279.45,0.76,78.9,0.028,0,2026-10-07,2026-10-08,False,False,5.0,2026-10-08T23:02:41+05:30
POLICYBZR,1026.60,TOUCHED,-2.98,below,996.0,1026.6,1031.07,1035.53,1026.6,0.866,78.9,0.035,0,2026-10-07,2026-10-08,False,False,5.0,2026-10-08T23:02:41+05:30
PIDILITIND,1492.02,TOUCHED,-2.14,below,1460.1,1492.02,1495.53,1499.05,1492.02,0.47,79.2,0.026,0,2026-10-07,2026-10-08,False,False,5.0,2026-10-08T23:02:41+05:30
SAGILITY,43.49,TOUCHED,-0.31,inside,43.35,43.49,43.49,43.67,43.3,0.866,79.2,0.043,0,2026-10-07,2026-10-08,False,False,5.0,2026-10-08T23:02:41+05:30
KPITTECH,486.23,TOUCHED,-3.13,below,471.0,486.23,488.2,490.18,486.23,0.809,79.5,0.044,0,2026-10-07,2026-10-08,False,False,5.0,2026-10-08T23:02:41+05:30
AARTIIND,485.65,TOUCHED,-1.56,below,478.05,485.65,487.52,489.38,485.65,0.766,80.5,0.029,0,2026-10-07,2026-10-08,False,False,5.0,2026-10-08T23:02:41+05:30
DELHIVERY,399.71,TOUCHED,-0.68,below,397.0,399.71,401.27,402.82,399.71,0.777,81.6,0.018,0,2026-10-07,2026-10-08,False,False,5.0,2026-10-08T23:02:41+05:30
LEMONTREE,111.18,TOUCHED,-1.02,below,110.05,111.18,111.63,112.07,111.18,0.8,81.6,0.022,0,2026-10-07,2026-10-08,False,False,5.0,2026-10-08T23:02:41+05:30
INDIANB,818.17,TOUCHED,-1.27,below,807.8,818.17,821.55,824.92,818.17,0.822,81.9,0.024,0,2026-10-07,2026-10-08,False,False,5.0,2026-10-08T23:02:41+05:30
RECLTD,299.98,TOUCHED,-1.66,below,295.0,299.98,301.07,302.15,299.98,0.72,82.2,0.014,0,2026-10-07,2026-10-08,False,False,5.0,2026-10-08T23:02:41+05:30
KARURVYSYA,328.78,TOUCHED,0.13,above,329.2,328.78,327.45,328.78,326.12,0.809,82.5,0.039,0,2026-10-07,2026-10-08,False,False,5.0,2026-10-08T23:02:41+05:30
CGCL,247.26,TOUCHED,-2.31,below,241.54,247.26,248.42,249.58,247.26,0.934,82.7,0.062,0,2026-10-07,2026-10-08,False,False,5.0,2026-10-08T23:02:41+05:30
ADANIENSOL,1325.13,TOUCHED,-5.56,below,1251.5,1325.13,1331.47,1337.8,1325.13,0.951,83.3,0.03,0,2026-10-07,2026-10-08,False,False,5.0,2026-10-08T23:02:41+05:30
ZEEL,70.50,TOUCHED,-3.02,below,68.37,70.5,70.88,71.26,70.5,1.072,83.6,0.031,0,2026-10-07,2026-10-08,False,False,5.0,2026-10-08T23:02:41+05:30
JSWCEMENT,113.12,TOUCHED,-0.13,inside,112.97,113.12,113.12,113.6,112.63,0.863,83.7,0.027,0,2026-10-07,2026-10-08,False,False,5.0,2026-10-08T23:02:41+05:30
BLUESTARCO,1537.58,TOUCHED,-1.21,below,1519.0,1537.58,1545.07,1552.55,1537.58,0.969,84.7,0.046,0,2026-10-07,2026-10-08,False,False,5.0,2026-10-08T23:02:41+05:30
BRITANNIA,4794.72,TOUCHED,-1.02,below,4745.6,4794.72,4809.43,4824.15,4794.72,0.612,84.9,0.018,0,2026-10-07,2026-10-08,False,False,5.0,2026-10-08T23:02:41+05:30
PTCIL,24413.33,TOUCHED,0.23,inside,24470.0,24413.33,24413.33,24549.17,24277.5,1.113,85.5,0.028,0,2026-10-07,2026-10-08,False,False,5.0,2026-10-08T23:02:41+05:30
DMART,3598.10,TOUCHED,-0.36,below,3585.0,3598.1,3610.73,3623.37,3598.1,0.7,85.8,0.025,0,2026-10-07,2026-10-08,False,False,5.0,2026-10-08T23:02:41+05:30
AAVAS,1215.30,TOUCHED,-2.04,below,1190.5,1215.3,1220.77,1226.23,1215.3,0.896,86.0,0.026,0,2026-10-07,2026-10-08,False,False,5.0,2026-10-08T23:02:41+05:30
ABREL,1054.63,TOUCHED,-3.47,below,1018.0,1054.63,1059.87,1065.1,1054.63,0.988,86.3,0.024,0,2026-10-07,2026-10-08,False,False,5.0,2026-10-08T23:02:41+05:30
CIPLA,1330.75,TOUCHED,-1.8,below,1306.8,1330.75,1334.3,1337.85,1330.75,0.532,86.6,0.022,0,2026-10-07,2026-10-08,False,False,5.0,2026-10-08T23:02:41+05:30
AEGISLOG,1432.20,TOUCHED,-3.48,below,1382.3,1432.2,1441.53,1450.87,1432.2,1.295,86.8,0.033,0,2026-10-07,2026-10-08,False,False,5.0,2026-10-08T23:02:41+05:30
GILLETTE,7197.33,TOUCHED,0.92,above,7263.5,7197.33,7171.17,7197.33,7145.0,0.73,86.8,0.025,0,2026-10-07,2026-10-08,False,False,5.0,2026-10-08T23:02:41+05:30
MRPL,179.32,TOUCHED,-3.05,below,173.85,179.32,180.5,181.68,179.32,1.306,86.8,0.04,0,2026-10-07,2026-10-08,False,False,5.0,2026-10-08T23:02:41+05:30
PVRINOX,1325.40,TOUCHED,-1.22,below,1309.2,1325.4,1331.53,1337.67,1325.4,0.921,87.1,0.027,0,2026-10-07,2026-10-08,False,False,5.0,2026-10-08T23:02:41+05:30
APOLLOTYRE,402.60,TOUCHED,-0.22,below,401.7,402.6,404.27,405.93,402.6,0.825,87.4,0.038,0,2026-10-07,2026-10-08,False,False,5.0,2026-10-08T23:02:41+05:30
BRIGADE,557.18,TOUCHED,-1.79,below,547.2,557.18,560.15,563.12,557.18,1.062,87.7,0.018,0,2026-10-07,2026-10-08,False,False,5.0,2026-10-08T23:02:41+05:30
GROWW,193.86,TOUCHED,-0.65,below,192.6,193.86,195.16,196.45,193.86,1.329,88.6,0.029,0,2026-10-07,2026-10-08,False,False,5.0,2026-10-08T23:02:41+05:30
DEEPAKFERT,1391.45,TOUCHED,-0.09,below,1390.2,1391.45,1399.43,1407.42,1391.45,1.141,89.0,0.043,0,2026-10-07,2026-10-08,False,False,5.0,2026-10-08T23:02:41+05:30
COLPAL,1764.65,TOUCHED,-1.64,below,1735.7,1764.65,1771.9,1779.15,1764.65,0.818,89.9,0.024,0,2026-10-07,2026-10-08,False,False,5.0,2026-10-08T23:02:41+05:30
UPL,497.43,TOUCHED,-3.29,below,481.05,497.43,499.87,502.3,497.43,0.974,92.3,0.018,0,2026-10-07,2026-10-08,False,False,5.0,2026-10-08T23:02:41+05:30
ICICIBANK,1349.13,TOUCHED,-0.01,inside,1349.0,1349.13,1349.13,1353.32,1344.95,0.62,92.6,0.021,0,2026-10-07,2026-10-08,False,False,5.0,2026-10-08T23:02:41+05:30
POLYCAB,8186.75,TOUCHED,-0.44,below,8151.0,8186.75,8227.83,8268.92,8186.75,0.999,92.6,0.027,0,2026-10-07,2026-10-08,False,False,5.0,2026-10-08T23:02:41+05:30
PWL,138.20,TOUCHED,1.65,above,140.48,138.2,136.82,138.2,135.45,2.007,92.9,0.069,0,2026-10-07,2026-10-08,False,False,5.0,2026-10-08T23:02:41+05:30
FORTIS,767.95,TOUCHED,-0.64,below,763.0,767.95,771.67,775.38,767.95,0.963,93.2,0.028,0,2026-10-07,2026-10-08,False,False,5.0,2026-10-08T23:02:41+05:30
HDBFS,602.68,TOUCHED,-2.7,below,586.4,602.68,605.27,607.85,602.68,0.854,93.4,0.022,0,2026-10-07,2026-10-08,False,False,5.0,2026-10-08T23:02:41+05:30
IGL,144.06,TOUCHED,-1.41,below,142.03,144.06,144.82,145.59,144.06,1.056,93.4,0.029,0,2026-10-07,2026-10-08,False,False,5.0,2026-10-08T23:02:41+05:30
BAJAJHFL,83.06,TOUCHED,-1.1,below,82.14,83.06,83.4,83.74,83.06,0.819,93.7,0.024,0,2026-10-07,2026-10-08,False,False,5.0,2026-10-08T23:02:41+05:30
PNB,114.00,TOUCHED,1.13,above,115.29,114.0,113.41,114.0,112.83,1.038,94.0,0.026,0,2026-10-07,2026-10-08,False,False,5.0,2026-10-08T23:02:41+05:30
BALKRISIND,2017.90,TOUCHED,-1.04,below,1996.9,2017.9,2029.2,2040.5,2017.9,1.114,94.2,0.026,0,2026-10-07,2026-10-08,False,False,5.0,2026-10-08T23:02:41+05:30
INDIACEM,297.10,TOUCHED,-0.84,below,294.6,297.1,299.08,301.07,297.1,1.326,94.2,0.027,0,2026-10-07,2026-10-08,False,False,5.0,2026-10-08T23:02:41+05:30
UNIONBANK,171.16,TOUCHED,0.2,inside,171.51,171.16,171.16,172.16,170.17,1.161,94.2,0.04,0,2026-10-07,2026-10-08,False,False,5.0,2026-10-08T23:02:41+05:30
DALBHARAT,1649.20,TOUCHED,-3.41,below,1592.9,1649.2,1658.3,1667.4,1649.2,1.098,95.1,0.025,0,2026-10-07,2026-10-08,False,False,5.0,2026-10-08T23:02:41+05:30
KEI,4591.95,TOUCHED,-0.26,below,4580.0,4591.95,4620.53,4649.12,4591.95,1.237,95.3,0.024,0,2026-10-07,2026-10-08,False,False,5.0,2026-10-08T23:02:41+05:30
BELRISE,240.46,TOUCHED,-2.35,below,234.8,240.46,242.41,244.36,240.46,1.61,95.6,0.033,0,2026-10-07,2026-10-08,False,False,5.0,2026-10-08T23:02:41+05:30
KOTAKBANK,435.25,TOUCHED,-0.06,below,435.0,435.25,436.83,438.42,435.25,0.725,95.6,0.022,0,2026-10-07,2026-10-08,False,False,5.0,2026-10-08T23:02:41+05:30
GLAND,3095.00,TOUCHED,-0.51,below,3079.1,3095.0,3113.53,3132.07,3095.0,1.191,96.2,0.039,0,2026-10-07,2026-10-08,False,False,5.0,2026-10-08T23:02:41+05:30
