symbol,status,type,distance_pct,trend,ltp,virgin_level,pivot,tc,bc,width_pct,width_percentile,narrow_threshold_pct,days_virgin,source_date,session_date,is_virgin,is_narrow,narrow_percentile_used,scanned_at
COCHINSHIP,1463.0,V+N,1.67,above,1487.5,1463.0,1463.0,1463.0,1463.0,0.0,0.0,0.041,1,2026-09-02,2026-09-03,True,True,5.0,2026-09-03T14:46:19+05:30
PERSISTENT,5689.25,V+N,-1.0,below,5632.5,5689.25,5689.5,5689.75,5689.25,0.009,2.5,0.016,1,2026-09-02,2026-09-03,True,True,5.0,2026-09-03T14:46:19+05:30
SBFC,99.22,V+N,0.91,above,100.12,99.22,99.21,99.22,99.19,0.024,4.1,0.03,1,2026-09-02,2026-09-03,True,True,5.0,2026-09-03T14:46:19+05:30
JSWENERGY,535.22,V+W,0.61,above,538.5,535.22,530.65,535.22,526.07,1.724,99.5,0.024,1,2026-09-02,2026-09-03,True,False,5.0,2026-09-03T14:46:19+05:30
TATAPOWER,361.19,V+W,1.14,above,365.3,361.19,358.38,361.19,355.57,1.567,99.7,0.023,1,2026-09-02,2026-09-03,True,False,5.0,2026-09-03T14:46:19+05:30
LT,3980.5,V,0.33,above,3993.6,3980.5,3980.0,3980.5,3979.5,0.025,5.2,0.024,1,2026-09-02,2026-09-03,True,False,5.0,2026-09-03T14:46:19+05:30
BRIGADE,640.3,V,7.43,above,687.9,640.3,640.2,640.3,640.1,0.031,6.8,0.024,1,2026-09-02,2026-09-03,True,False,5.0,2026-09-03T14:46:19+05:30
OLECTRA,1238.58,V,1.0,above,1251.0,1238.58,1238.27,1238.58,1237.95,0.051,7.1,0.033,1,2026-09-02,2026-09-03,True,False,5.0,2026-09-03T14:46:19+05:30
NATIONALUM,370.5,V,0.42,above,372.05,370.5,370.33,370.5,370.17,0.09,9.0,0.041,1,2026-09-02,2026-09-03,True,False,5.0,2026-09-03T14:46:19+05:30
JWL,239.7,V,0.68,above,241.34,239.7,239.59,239.7,239.48,0.092,9.9,0.042,1,2026-09-02,2026-09-03,True,False,5.0,2026-09-03T14:46:19+05:30
ATHERENERG,1687.07,V,-2.98,below,1636.8,1687.07,1688.03,1689.0,1687.07,0.115,10.7,0.065,1,2026-09-02,2026-09-03,True,False,5.0,2026-09-03T14:46:19+05:30
CHAMBLFERT,411.28,V,1.5,above,417.45,411.28,411.12,411.28,410.95,0.081,11.0,0.035,1,2026-09-02,2026-09-03,True,False,5.0,2026-09-03T14:46:19+05:30
TATACAP,364.64,V,1.61,above,370.5,364.64,364.53,364.64,364.43,0.059,11.2,0.016,1,2026-09-02,2026-09-03,True,False,5.0,2026-09-03T14:46:19+05:30
DEEPAKFERT,1417.45,V,-4.17,below,1358.4,1417.45,1418.2,1418.95,1417.45,0.106,11.8,0.044,1,2026-09-02,2026-09-03,True,False,5.0,2026-09-03T14:46:19+05:30
ITCHOTELS,158.55,V,1.07,above,160.25,158.55,158.48,158.55,158.4,0.097,12.3,0.038,1,2026-09-02,2026-09-03,True,False,5.0,2026-09-03T14:46:19+05:30
GMDCLTD,559.2,V,1.28,above,566.35,559.2,558.68,559.2,558.17,0.185,13.7,0.073,1,2026-09-02,2026-09-03,True,False,5.0,2026-09-03T14:46:19+05:30
GVT&D,4237.62,V,2.57,above,4346.4,4237.62,4235.23,4237.62,4232.85,0.113,14.2,0.025,1,2026-09-02,2026-09-03,True,False,5.0,2026-09-03T14:46:19+05:30
AAVAS,1260.9,V,2.13,above,1287.7,1260.9,1260.17,1260.9,1259.43,0.116,15.3,0.027,1,2026-09-02,2026-09-03,True,False,5.0,2026-09-03T14:46:19+05:30
ICICIBANK,1428.35,V,0.52,above,1435.8,1428.35,1427.73,1428.35,1427.12,0.086,17.3,0.024,1,2026-09-02,2026-09-03,True,False,5.0,2026-09-03T14:46:19+05:30
DATAPATTNS,4510.73,V,1.7,above,4587.6,4510.73,4504.77,4510.73,4498.8,0.265,17.5,0.075,1,2026-09-02,2026-09-03,True,False,5.0,2026-09-03T14:46:19+05:30
MMTC,62.04,V,0.61,above,62.42,62.04,61.99,62.04,61.93,0.183,17.5,0.051,1,2026-09-02,2026-09-03,True,False,5.0,2026-09-03T14:46:19+05:30
KARURVYSYA,347.43,V,1.04,above,351.05,347.43,347.15,347.43,346.88,0.158,18.4,0.041,1,2026-09-02,2026-09-03,True,False,5.0,2026-09-03T14:46:19+05:30
ITI,267.48,V,0.66,above,269.25,267.48,267.25,267.48,267.02,0.168,18.6,0.033,1,2026-09-02,2026-09-03,True,False,5.0,2026-09-03T14:46:19+05:30
COROMANDEL,1912.98,V,0.63,above,1925.0,1912.98,1911.37,1912.98,1909.75,0.169,19.2,0.033,1,2026-09-02,2026-09-03,True,False,5.0,2026-09-03T14:46:19+05:30
ABREL,1334.5,V,3.3,above,1378.5,1334.5,1333.37,1334.5,1332.23,0.17,19.7,0.024,1,2026-09-02,2026-09-03,True,False,5.0,2026-09-03T14:46:19+05:30
RVNL,205.81,V,1.79,above,209.48,205.81,205.61,205.81,205.42,0.19,20.5,0.034,1,2026-09-02,2026-09-03,True,False,5.0,2026-09-03T14:46:19+05:30
INDUSINDBK,977.15,V,2.37,above,1000.3,977.15,976.3,977.15,975.45,0.174,23.3,0.027,1,2026-09-02,2026-09-03,True,False,5.0,2026-09-03T14:46:19+05:30
IREDA,112.87,V,0.38,above,113.29,112.87,112.76,112.87,112.66,0.186,23.8,0.047,1,2026-09-02,2026-09-03,True,False,5.0,2026-09-03T14:46:19+05:30
MAZDOCK,2456.5,V,0.61,above,2471.5,2456.5,2454.0,2456.5,2451.5,0.204,24.9,0.042,1,2026-09-02,2026-09-03,True,False,5.0,2026-09-03T14:46:19+05:30
ANGELONE,278.85,V,2.21,above,285.0,278.85,278.45,278.85,278.05,0.287,25.2,0.029,1,2026-09-02,2026-09-03,True,False,5.0,2026-09-03T14:46:19+05:30
USHAMART,503.2,V,1.91,above,512.8,503.2,502.67,503.2,502.13,0.212,26.6,0.035,1,2026-09-02,2026-09-03,True,False,5.0,2026-09-03T14:46:19+05:30
ACE,1087.55,V,4.89,above,1140.7,1087.55,1086.2,1087.55,1084.86,0.248,28.2,0.049,1,2026-09-02,2026-09-03,True,False,5.0,2026-09-03T14:46:19+05:30
JUBLINGREA,686.25,V,0.61,above,690.45,686.25,685.37,686.25,684.48,0.258,28.5,0.034,1,2026-09-02,2026-09-03,True,False,5.0,2026-09-03T14:46:19+05:30
NHPC,75.86,V,0.18,above,76.0,75.86,75.79,75.86,75.72,0.189,28.5,0.031,1,2026-09-02,2026-09-03,True,False,5.0,2026-09-03T14:46:19+05:30
HUDCO,178.13,V,1.54,above,180.88,178.13,177.92,178.13,177.7,0.244,28.8,0.035,1,2026-09-02,2026-09-03,True,False,5.0,2026-09-03T14:46:19+05:30
SUNTV,460.07,V,1.07,above,465.0,460.07,459.53,460.07,459.0,0.232,29.0,0.024,1,2026-09-02,2026-09-03,True,False,5.0,2026-09-03T14:46:19+05:30
IRCON,118.08,V,0.49,above,118.65,118.08,117.9,118.08,117.73,0.294,29.9,0.042,1,2026-09-02,2026-09-03,True,False,5.0,2026-09-03T14:46:19+05:30
HEXT,544.47,V,-2.29,below,532.0,544.47,545.33,546.2,544.47,0.318,31.0,0.046,1,2026-09-02,2026-09-03,True,False,5.0,2026-09-03T14:46:19+05:30
KPIL,1408.62,V,0.72,above,1418.8,1408.62,1406.73,1408.62,1404.85,0.268,31.0,0.041,1,2026-09-02,2026-09-03,True,False,5.0,2026-09-03T14:46:19+05:30
GALLANTT,554.46,V,3.33,above,572.9,554.46,553.52,554.46,552.58,0.34,32.3,0.062,1,2026-09-02,2026-09-03,True,False,5.0,2026-09-03T14:46:19+05:30
IEX,118.73,V,0.42,above,119.23,118.73,118.6,118.73,118.47,0.216,34.2,0.028,1,2026-09-02,2026-09-03,True,False,5.0,2026-09-03T14:46:19+05:30
NBCC,84.84,V,1.61,above,86.21,84.84,84.69,84.84,84.53,0.37,35.6,0.047,1,2026-09-02,2026-09-03,True,False,5.0,2026-09-03T14:46:19+05:30
ONESOURCE,1541.77,V,2.47,above,1579.8,1541.77,1539.13,1541.77,1536.5,0.342,36.2,0.047,1,2026-09-02,2026-09-03,True,False,5.0,2026-09-03T14:46:19+05:30
PNBHOUSING,1139.57,V,0.89,above,1149.7,1139.57,1138.13,1139.57,1136.7,0.252,36.2,0.027,1,2026-09-02,2026-09-03,True,False,5.0,2026-09-03T14:46:19+05:30
SOBHA,1235.45,V,1.49,above,1253.9,1235.45,1233.67,1235.45,1231.88,0.289,36.2,0.029,1,2026-09-02,2026-09-03,True,False,5.0,2026-09-03T14:46:19+05:30
BANDHANBNK,161.27,V,2.06,above,164.6,161.27,161.03,161.27,160.78,0.306,37.3,0.026,1,2026-09-02,2026-09-03,True,False,5.0,2026-09-03T14:46:19+05:30
ABFRL,50.75,V,0.29,above,50.89,50.75,50.65,50.75,50.56,0.362,40.3,0.027,1,2026-09-02,2026-09-03,True,False,5.0,2026-09-03T14:46:19+05:30
TORNTPOWER,1246.75,V,3.92,above,1295.6,1246.75,1244.6,1246.75,1242.45,0.345,40.3,0.035,1,2026-09-02,2026-09-03,True,False,5.0,2026-09-03T14:46:19+05:30
INDIANB,877.6,V,1.55,above,891.2,877.6,876.4,877.6,875.2,0.274,41.1,0.025,1,2026-09-02,2026-09-03,True,False,5.0,2026-09-03T14:46:19+05:30
SAGILITY,46.6,V,0.82,above,46.98,46.6,46.5,46.6,46.4,0.43,41.9,0.045,1,2026-09-02,2026-09-03,True,False,5.0,2026-09-03T14:46:19+05:30
CUB,230.12,V,2.71,above,236.35,230.12,229.64,230.12,229.15,0.424,42.2,0.034,1,2026-09-02,2026-09-03,True,False,5.0,2026-09-03T14:46:19+05:30
CESC,146.21,V,1.18,above,147.94,146.21,145.98,146.21,145.75,0.317,42.5,0.037,1,2026-09-02,2026-09-03,True,False,5.0,2026-09-03T14:46:19+05:30
HDFCBANK,702.83,V,0.95,above,709.5,702.83,702.15,702.83,701.47,0.192,42.5,0.02,1,2026-09-02,2026-09-03,True,False,5.0,2026-09-03T14:46:19+05:30
MAHABANK,82.81,V,4.46,above,86.5,82.81,82.67,82.81,82.54,0.327,42.5,0.042,1,2026-09-02,2026-09-03,True,False,5.0,2026-09-03T14:46:19+05:30
ACC,1265.25,V,0.85,above,1276.0,1265.25,1263.9,1265.25,1262.55,0.214,43.0,0.035,1,2026-09-02,2026-09-03,True,False,5.0,2026-09-03T14:46:19+05:30
LICI,409.65,V,1.33,above,415.1,409.65,409.18,409.65,408.72,0.228,43.3,0.031,1,2026-09-02,2026-09-03,True,False,5.0,2026-09-03T14:46:19+05:30
CHENNPETRO,1410.33,V,1.88,above,1436.9,1410.33,1406.67,1410.33,1403.0,0.521,44.1,0.026,1,2026-09-02,2026-09-03,True,False,5.0,2026-09-03T14:46:19+05:30
CANBK,126.1,V,0.49,above,126.71,126.1,125.89,126.1,125.68,0.326,44.9,0.023,1,2026-09-02,2026-09-03,True,False,5.0,2026-09-03T14:46:19+05:30
AXISBANK,1258.45,V,1.09,above,1272.2,1258.45,1256.93,1258.45,1255.42,0.241,45.2,0.024,1,2026-09-02,2026-09-03,True,False,5.0,2026-09-03T14:46:19+05:30
SBICARD,634.18,V,4.15,above,660.5,634.18,633.22,634.18,632.25,0.305,45.2,0.03,1,2026-09-02,2026-09-03,True,False,5.0,2026-09-03T14:46:19+05:30
HBLENGINE,658.63,V,1.01,above,665.3,658.63,657.07,658.63,655.5,0.477,46.8,0.035,1,2026-09-02,2026-09-03,True,False,5.0,2026-09-03T14:46:19+05:30
GRANULES,830.17,V,2.79,above,853.35,830.17,828.58,830.17,827.0,0.382,47.1,0.038,1,2026-09-02,2026-09-03,True,False,5.0,2026-09-03T14:46:19+05:30
CENTRALBK,30.32,V,1.46,above,30.76,30.32,30.26,30.32,30.21,0.352,48.2,0.032,1,2026-09-02,2026-09-03,True,False,5.0,2026-09-03T14:46:19+05:30
BDL,1250.63,V,0.42,above,1255.9,1250.63,1247.57,1250.63,1244.5,0.492,49.0,0.053,1,2026-09-02,2026-09-03,True,False,5.0,2026-09-03T14:46:19+05:30
EMMVEE,323.69,V,0.91,above,326.65,323.69,322.68,323.69,321.68,0.625,49.0,0.045,1,2026-09-02,2026-09-03,True,False,5.0,2026-09-03T14:46:19+05:30
HDBFS,674.17,V,2.96,above,694.1,674.17,673.13,674.17,672.1,0.307,51.0,0.023,1,2026-09-02,2026-09-03,True,False,5.0,2026-09-03T14:46:19+05:30
JKTYRE,369.27,V,0.6,above,371.5,369.27,368.38,369.27,367.5,0.48,51.0,0.031,1,2026-09-02,2026-09-03,True,False,5.0,2026-09-03T14:46:19+05:30
PWL,115.09,V,4.27,above,120.0,115.09,114.7,115.09,114.31,0.671,53.0,0.07,1,2026-09-02,2026-09-03,True,False,5.0,2026-09-03T14:46:19+05:30
AFCONS,284.53,V,3.73,above,295.15,284.53,283.95,284.53,283.38,0.405,54.5,0.023,1,2026-09-02,2026-09-03,True,False,5.0,2026-09-03T14:46:19+05:30
GMRAIRPORT,93.79,V,2.73,above,96.36,93.79,93.6,93.79,93.4,0.417,54.8,0.02,1,2026-09-02,2026-09-03,True,False,5.0,2026-09-03T14:46:19+05:30
URBANCO,171.27,V,3.76,above,177.7,171.27,170.69,171.27,170.12,0.672,55.2,0.045,1,2026-09-02,2026-09-03,True,False,5.0,2026-09-03T14:46:19+05:30
BSE,3198.25,V,3.36,above,3305.7,3198.25,3188.17,3198.25,3178.08,0.633,56.4,0.024,1,2026-09-02,2026-09-03,True,False,5.0,2026-09-03T14:46:19+05:30
ELECON,415.16,V,5.04,above,436.1,415.16,413.72,415.16,412.28,0.697,56.4,0.036,1,2026-09-02,2026-09-03,True,False,5.0,2026-09-03T14:46:19+05:30
ANANTRAJ,586.93,V,7.18,above,629.05,586.93,585.02,586.93,583.1,0.655,57.0,0.07,1,2026-09-02,2026-09-03,True,False,5.0,2026-09-03T14:46:19+05:30
POWERGRID,266.32,V,0.14,above,266.7,266.32,265.85,266.32,265.38,0.357,60.5,0.017,1,2026-09-02,2026-09-03,True,False,5.0,2026-09-03T14:46:19+05:30
IRFC,82.29,V,0.51,above,82.71,82.29,82.09,82.29,81.9,0.471,64.9,0.033,1,2026-09-02,2026-09-03,True,False,5.0,2026-09-03T14:46:19+05:30
TEJASNET,546.82,V,3.82,above,567.7,546.82,544.78,546.82,542.75,0.746,66.8,0.041,1,2026-09-02,2026-09-03,True,False,5.0,2026-09-03T14:46:19+05:30
LLOYDSME,1806.83,V,1.53,above,1834.5,1806.83,1800.67,1806.83,1794.5,0.685,67.7,0.033,1,2026-09-02,2026-09-03,True,False,5.0,2026-09-03T14:46:19+05:30
IDFCFIRSTB,84.88,V,3.48,above,87.84,84.88,84.68,84.88,84.47,0.484,68.2,0.033,1,2026-09-02,2026-09-03,True,False,5.0,2026-09-03T14:46:19+05:30
ADANIENT,2883.78,V,0.34,above,2893.6,2883.78,2875.77,2883.78,2867.75,0.558,68.5,0.027,1,2026-09-02,2026-09-03,True,False,5.0,2026-09-03T14:46:19+05:30
J&KBANK,145.94,V,2.78,above,150.0,145.94,145.44,145.94,144.94,0.688,69.0,0.029,1,2026-09-02,2026-09-03,True,False,5.0,2026-09-03T14:46:19+05:30
YESBANK,22.09,V,1.65,above,22.46,22.09,22.04,22.09,21.98,0.499,69.3,0.04,1,2026-09-02,2026-09-03,True,False,5.0,2026-09-03T14:46:19+05:30
SRF,2591.52,V,0.81,above,2612.6,2591.52,2584.63,2591.52,2577.75,0.533,69.9,0.031,1,2026-09-02,2026-09-03,True,False,5.0,2026-09-03T14:46:19+05:30
WELCORP,2551.0,V,3.83,above,2648.7,2551.0,2541.83,2551.0,2532.67,0.721,71.2,0.058,1,2026-09-02,2026-09-03,True,False,5.0,2026-09-03T14:46:19+05:30
JIOFIN,236.22,V,0.7,above,237.87,236.22,235.53,236.22,234.85,0.58,71.8,0.022,1,2026-09-02,2026-09-03,True,False,5.0,2026-09-03T14:46:19+05:30
JMFINANCIL,128.86,V,4.0,above,134.01,128.86,128.33,128.86,127.81,0.823,72.1,0.052,1,2026-09-02,2026-09-03,True,False,5.0,2026-09-03T14:46:19+05:30
GODREJCP,898.25,V,-2.45,below,876.25,898.25,900.5,902.75,898.25,0.5,72.6,0.023,1,2026-09-02,2026-09-03,True,False,5.0,2026-09-03T14:46:19+05:30
OBEROIRLTY,1860.32,V,2.07,above,1898.9,1860.32,1854.63,1860.32,1848.95,0.613,74.5,0.044,1,2026-09-02,2026-09-03,True,False,5.0,2026-09-03T14:46:19+05:30
CREDITACC,1397.78,V,2.66,above,1435.0,1397.78,1392.17,1397.78,1386.55,0.807,74.8,0.039,1,2026-09-02,2026-09-03,True,False,5.0,2026-09-03T14:46:19+05:30
MRPL,174.39,V,1.38,above,176.8,174.39,173.56,174.39,172.73,0.956,76.2,0.054,1,2026-09-02,2026-09-03,True,False,5.0,2026-09-03T14:46:19+05:30
HYUNDAI,2146.9,V,0.51,above,2157.8,2146.9,2139.4,2146.9,2131.9,0.701,76.4,0.027,1,2026-09-02,2026-09-03,True,False,5.0,2026-09-03T14:46:19+05:30
BELRISE,233.33,V,1.72,above,237.34,233.33,232.35,233.33,231.37,0.844,76.5,0.039,1,2026-09-02,2026-09-03,True,False,5.0,2026-09-03T14:46:19+05:30
INOXWIND,70.28,V,3.7,above,72.88,70.28,69.97,70.28,69.65,0.891,78.1,0.041,1,2026-09-02,2026-09-03,True,False,5.0,2026-09-03T14:46:19+05:30
NUVOCO,326.92,V,3.31,above,337.75,326.92,325.7,326.92,324.47,0.752,78.4,0.037,1,2026-09-02,2026-09-03,True,False,5.0,2026-09-03T14:46:19+05:30
UNIONBANK,186.13,V,1.41,above,188.76,186.13,185.41,186.13,184.68,0.784,78.4,0.043,1,2026-09-02,2026-09-03,True,False,5.0,2026-09-03T14:46:19+05:30
AMBUJACEM,401.43,V,0.35,above,402.85,401.43,400.15,401.43,398.88,0.637,79.7,0.035,1,2026-09-02,2026-09-03,True,False,5.0,2026-09-03T14:46:19+05:30
BEML,2022.08,V,2.6,above,2074.6,2022.08,2011.77,2022.08,2001.45,1.026,82.7,0.025,1,2026-09-02,2026-09-03,True,False,5.0,2026-09-03T14:46:19+05:30
IOB,32.57,V,2.01,above,33.22,32.57,32.45,32.57,32.34,0.709,83.0,0.033,1,2026-09-02,2026-09-03,True,False,5.0,2026-09-03T14:46:19+05:30
COALINDIA,416.72,V,0.46,above,418.65,416.72,415.58,416.72,414.45,0.545,84.4,0.022,1,2026-09-02,2026-09-03,True,False,5.0,2026-09-03T14:46:19+05:30
PHOENIXLTD,1911.85,V,2.19,above,1953.8,1911.85,1903.6,1911.85,1895.35,0.867,85.5,0.045,1,2026-09-02,2026-09-03,True,False,5.0,2026-09-03T14:46:19+05:30
HOMEFIRST,1189.95,V,0.81,above,1199.6,1189.95,1183.2,1189.95,1176.45,1.141,86.0,0.042,1,2026-09-02,2026-09-03,True,False,5.0,2026-09-03T14:46:19+05:30
BANKBARODA,240.31,V,0.2,above,240.8,240.31,239.43,240.31,238.54,0.739,86.3,0.012,1,2026-09-02,2026-09-03,True,False,5.0,2026-09-03T14:46:19+05:30
CHOLAFIN,1817.17,V,1.47,above,1843.9,1817.17,1808.43,1817.17,1799.7,0.966,87.1,0.034,1,2026-09-02,2026-09-03,True,False,5.0,2026-09-03T14:46:19+05:30
RBLBANK,387.55,V,5.74,above,409.8,387.55,385.7,387.55,383.85,0.959,87.4,0.032,1,2026-09-02,2026-09-03,True,False,5.0,2026-09-03T14:46:19+05:30
LODHA,1201.32,V,1.34,above,1217.4,1201.32,1194.33,1201.32,1187.35,1.169,87.7,0.035,1,2026-09-02,2026-09-03,True,False,5.0,2026-09-03T14:46:19+05:30
ADANIPORTS,1666.6,V,2.26,above,1704.3,1666.6,1660.5,1666.6,1654.4,0.735,87.9,0.021,1,2026-09-02,2026-09-03,True,False,5.0,2026-09-03T14:46:19+05:30
LTF,311.21,V,1.75,above,316.65,311.21,309.62,311.21,308.03,1.028,88.5,0.028,1,2026-09-02,2026-09-03,True,False,5.0,2026-09-03T14:46:19+05:30
PNB,116.53,V,0.23,above,116.8,116.53,116.06,116.53,115.58,0.813,88.5,0.033,1,2026-09-02,2026-09-03,True,False,5.0,2026-09-03T14:46:19+05:30
ABCAPITAL,395.06,V,1.45,above,400.8,395.06,393.07,395.06,391.07,1.013,89.3,0.038,1,2026-09-02,2026-09-03,True,False,5.0,2026-09-03T14:46:19+05:30
ADANIPOWER,206.44,V,0.33,above,207.11,206.44,205.17,206.44,203.91,1.231,89.9,0.05,1,2026-09-02,2026-09-03,True,False,5.0,2026-09-03T14:46:19+05:30
UPL,575.79,V,1.35,above,583.55,575.79,573.13,575.79,570.48,0.928,91.0,0.02,1,2026-09-02,2026-09-03,True,False,5.0,2026-09-03T14:46:19+05:30
REDINGTON,360.53,V,2.71,above,370.3,360.53,357.87,360.53,355.2,1.49,91.2,0.039,1,2026-09-02,2026-09-03,True,False,5.0,2026-09-03T14:46:19+05:30
PRESTIGE,1571.97,V,2.84,above,1616.6,1571.97,1561.93,1571.97,1551.9,1.285,92.9,0.055,1,2026-09-02,2026-09-03,True,False,5.0,2026-09-03T14:46:19+05:30
SOLARINDS,20470.0,V,4.59,above,21410.0,20470.0,20340.0,20470.0,20210.0,1.278,93.2,0.057,1,2026-09-02,2026-09-03,True,False,5.0,2026-09-03T14:46:19+05:30
MUTHOOTFIN,2921.42,V,0.62,above,2939.5,2921.42,2905.13,2921.42,2888.85,1.121,93.4,0.04,1,2026-09-02,2026-09-03,True,False,5.0,2026-09-03T14:46:19+05:30
NTPC,328.68,V,0.37,above,329.9,328.68,327.37,328.68,326.05,0.804,93.7,0.015,1,2026-09-02,2026-09-03,True,False,5.0,2026-09-03T14:46:19+05:30
DLF,669.84,V,1.41,above,679.3,669.84,666.13,669.84,662.42,1.113,94.0,0.028,1,2026-09-02,2026-09-03,True,False,5.0,2026-09-03T14:46:19+05:30
SAMMAANCAP,151.19,V,1.52,above,153.49,151.19,150.07,151.19,148.95,1.493,94.0,0.041,1,2026-09-02,2026-09-03,True,False,5.0,2026-09-03T14:46:19+05:30
BOSCHLTD,47250.0,NARROW,-0.73,below,46905.0,47250.0,47250.0,47250.0,47250.0,0.0,0.0,0.029,0,2026-09-02,2026-09-03,False,True,5.0,2026-09-03T14:46:19+05:30
ABSLAMC,1021.98,NARROW,2.25,above,1045.0,1021.98,1021.97,1021.98,1021.95,0.003,1.4,0.032,0,2026-09-02,2026-09-03,False,True,5.0,2026-09-03T14:46:19+05:30
JBMA,621.52,NARROW,1.59,above,631.4,621.52,621.52,621.52,621.51,0.003,1.9,0.032,0,2026-09-02,2026-09-03,False,True,5.0,2026-09-03T14:46:19+05:30
ANTHEM,934.41,NARROW,1.25,above,946.05,934.41,934.32,934.41,934.23,0.02,3.2,0.041,0,2026-09-02,2026-09-03,False,True,5.0,2026-09-03T14:46:19+05:30
GICRE,355.42,NARROW,0.14,above,355.9,355.42,355.38,355.42,355.35,0.019,3.3,0.031,0,2026-09-02,2026-09-03,False,True,5.0,2026-09-03T14:46:19+05:30
FORCEMOT,17591.5,NARROW,-0.18,below,17560.0,17591.5,17594.33,17597.17,17591.5,0.032,3.6,0.049,0,2026-09-02,2026-09-03,False,True,5.0,2026-09-03T14:46:19+05:30
ABBOTINDIA,26037.5,NARROW,-0.3,below,25960.0,26037.5,26040.0,26042.5,26037.5,0.019,3.8,0.033,0,2026-09-02,2026-09-03,False,True,5.0,2026-09-03T14:46:19+05:30
HINDPETRO,359.05,NARROW,-0.14,below,358.55,359.05,359.1,359.15,359.05,0.028,3.8,0.033,0,2026-09-02,2026-09-03,False,True,5.0,2026-09-03T14:46:19+05:30
ONGC,237.43,NARROW,-0.61,below,235.97,237.43,237.45,237.48,237.43,0.021,3.8,0.027,0,2026-09-02,2026-09-03,False,True,5.0,2026-09-03T14:46:19+05:30
GLAXO,2949.7,NARROW,0.07,above,2951.9,2949.7,2949.5,2949.7,2949.3,0.014,4.4,0.014,0,2026-09-02,2026-09-03,False,True,5.0,2026-09-03T14:46:19+05:30
POWERINDIA,32172.5,NARROW,-0.6,below,31980.0,32172.5,32181.67,32190.83,32172.5,0.057,4.9,0.057,0,2026-09-02,2026-09-03,False,True,5.0,2026-09-03T14:46:19+05:30
CLEAN,849.25,WIDE,0.68,inside,855.0,849.25,849.25,856.2,842.3,1.637,98.1,0.027,0,2026-09-02,2026-09-03,False,False,5.0,2026-09-03T14:46:19+05:30
IFCI,94.94,WIDE,1.07,inside,95.96,94.94,94.94,96.63,93.25,3.56,98.6,0.1,0,2026-09-02,2026-09-03,False,False,5.0,2026-09-03T14:46:19+05:30
NIACL,194.31,WIDE,0.2,inside,194.7,194.31,194.31,196.71,191.9,2.472,98.6,0.029,0,2026-09-02,2026-09-03,False,False,5.0,2026-09-03T14:46:19+05:30
RRKABEL,2668.18,WIDE,-2.46,below,2602.5,2668.18,2705.97,2743.75,2668.18,2.793,98.9,0.054,0,2026-09-02,2026-09-03,False,False,5.0,2026-09-03T14:46:19+05:30
ATGL,614.84,TOUCHED,0.26,above,616.45,614.84,614.73,614.84,614.62,0.035,5.8,0.03,0,2026-09-02,2026-09-03,False,False,5.0,2026-09-03T14:46:19+05:30
GLAND,2867.77,TOUCHED,1.08,above,2898.8,2867.77,2867.13,2867.77,2866.5,0.044,5.8,0.04,0,2026-09-02,2026-09-03,False,False,5.0,2026-09-03T14:46:19+05:30
ASAHIINDIA,950.82,TOUCHED,1.04,above,960.7,950.82,950.6,950.82,950.38,0.047,6.0,0.036,0,2026-09-02,2026-09-03,False,False,5.0,2026-09-03T14:46:19+05:30
ICICIGI,1537.25,TOUCHED,-1.41,below,1515.5,1537.25,1537.5,1537.75,1537.25,0.033,6.3,0.021,0,2026-09-02,2026-09-03,False,False,5.0,2026-09-03T14:46:19+05:30
CAMS,741.66,TOUCHED,0.45,above,745.0,741.66,741.47,741.66,741.27,0.052,7.4,0.04,0,2026-09-02,2026-09-03,False,False,5.0,2026-09-03T14:46:19+05:30
EMCURE,1858.93,TOUCHED,-0.61,below,1847.6,1858.93,1859.47,1860.0,1858.93,0.057,7.4,0.029,0,2026-09-02,2026-09-03,False,False,5.0,2026-09-03T14:46:19+05:30
ANANDRATHI,2197.0,TOUCHED,-0.02,below,2196.5,2197.0,2197.43,2197.87,2197.0,0.039,7.7,0.022,0,2026-09-02,2026-09-03,False,False,5.0,2026-09-03T14:46:19+05:30
HONAUT,35161.67,TOUCHED,0.18,above,35225.0,35161.67,35153.33,35161.67,35145.0,0.047,7.7,0.027,0,2026-09-02,2026-09-03,False,False,5.0,2026-09-03T14:46:19+05:30
MRF,131782.5,TOUCHED,-0.85,below,130660.0,131782.5,131815.0,131847.5,131782.5,0.049,7.7,0.035,0,2026-09-02,2026-09-03,False,False,5.0,2026-09-03T14:46:19+05:30
AJANTPHARM,3484.5,TOUCHED,1.13,above,3524.0,3484.5,3483.57,3484.5,3482.63,0.054,7.9,0.035,0,2026-09-02,2026-09-03,False,False,5.0,2026-09-03T14:46:19+05:30
SWIGGY,267.58,TOUCHED,2.18,above,273.4,267.58,267.45,267.58,267.32,0.093,8.2,0.047,0,2026-09-02,2026-09-03,False,False,5.0,2026-09-03T14:46:19+05:30
CPPLUS,3726.4,TOUCHED,0.63,above,3750.0,3726.4,3724.73,3726.4,3723.07,0.089,8.9,0.037,0,2026-09-02,2026-09-03,False,False,5.0,2026-09-03T14:46:19+05:30
HINDCOPPER,520.4,TOUCHED,-0.31,below,518.8,520.4,520.58,520.77,520.4,0.07,9.0,0.032,0,2026-09-02,2026-09-03,False,False,5.0,2026-09-03T14:46:19+05:30
JINDALSAW,309.02,TOUCHED,0.85,above,311.65,309.02,308.9,309.02,308.78,0.081,9.0,0.034,0,2026-09-02,2026-09-03,False,False,5.0,2026-09-03T14:46:19+05:30
TBOTEK,1699.38,TOUCHED,1.94,above,1732.4,1699.38,1698.77,1699.38,1698.15,0.073,9.9,0.034,0,2026-09-02,2026-09-03,False,False,5.0,2026-09-03T14:46:19+05:30
SHYAMMETL,1073.5,TOUCHED,0.33,above,1077.0,1073.5,1073.2,1073.5,1072.9,0.056,11.0,0.015,0,2026-09-02,2026-09-03,False,False,5.0,2026-09-03T14:46:19+05:30
JSWSTEEL,1304.6,TOUCHED,-0.22,below,1301.7,1304.6,1305.07,1305.53,1304.6,0.072,11.2,0.024,0,2026-09-02,2026-09-03,False,False,5.0,2026-09-03T14:46:19+05:30
ASIANPAINT,2529.35,TOUCHED,0.36,above,2538.5,2529.35,2528.73,2529.35,2528.12,0.049,11.5,0.021,0,2026-09-02,2026-09-03,False,False,5.0,2026-09-03T14:46:19+05:30
BEL,405.65,TOUCHED,0.6,above,408.1,405.65,405.55,405.65,405.45,0.049,11.5,0.024,0,2026-09-02,2026-09-03,False,False,5.0,2026-09-03T14:46:19+05:30
BLUEJET,581.05,TOUCHED,-0.04,inside,580.8,581.05,581.05,581.4,580.7,0.12,11.5,0.042,0,2026-09-02,2026-09-03,False,False,5.0,2026-09-03T14:46:19+05:30
LALPATHLAB,1915.18,TOUCHED,0.23,above,1919.5,1915.18,1914.27,1915.18,1913.35,0.096,11.5,0.043,0,2026-09-02,2026-09-03,False,False,5.0,2026-09-03T14:46:19+05:30
SCHNEIDER,1168.83,TOUCHED,2.08,above,1193.2,1168.83,1168.17,1168.83,1167.5,0.114,11.5,0.028,0,2026-09-02,2026-09-03,False,False,5.0,2026-09-03T14:46:19+05:30
NLCINDIA,275.0,TOUCHED,-0.29,below,274.2,275.0,275.17,275.33,275.0,0.121,11.8,0.048,0,2026-09-02,2026-09-03,False,False,5.0,2026-09-03T14:46:19+05:30
BHARTIARTL,1863.18,TOUCHED,-0.03,below,1862.7,1863.18,1863.57,1863.95,1863.18,0.041,12.3,0.014,0,2026-09-02,2026-09-03,False,False,5.0,2026-09-03T14:46:19+05:30
GODIGIT,258.6,TOUCHED,-0.04,inside,258.5,258.6,258.6,258.7,258.5,0.077,12.9,0.028,0,2026-09-02,2026-09-03,False,False,5.0,2026-09-03T14:46:19+05:30
RPOWER,22.03,TOUCHED,0.05,above,22.04,22.03,22.01,22.03,21.99,0.182,12.9,0.076,0,2026-09-02,2026-09-03,False,False,5.0,2026-09-03T14:46:19+05:30
WAAREEENER,2582.35,TOUCHED,-0.11,below,2579.4,2582.35,2583.6,2584.85,2582.35,0.097,12.9,0.043,0,2026-09-02,2026-09-03,False,False,5.0,2026-09-03T14:46:19+05:30
SWANCORP,284.95,TOUCHED,-0.46,below,283.65,284.95,285.1,285.25,284.95,0.105,13.4,0.029,0,2026-09-02,2026-09-03,False,False,5.0,2026-09-03T14:46:19+05:30
TATACOMM,1710.87,TOUCHED,-1.09,below,1692.3,1710.87,1711.73,1712.6,1710.87,0.101,13.4,0.022,0,2026-09-02,2026-09-03,False,False,5.0,2026-09-03T14:46:19+05:30
TECHM,1620.85,TOUCHED,-1.43,below,1597.7,1620.85,1621.57,1622.28,1620.85,0.088,13.4,0.033,0,2026-09-02,2026-09-03,False,False,5.0,2026-09-03T14:46:19+05:30
TECHNOE,968.07,TOUCHED,-0.11,below,967.0,968.07,968.7,969.33,968.07,0.129,14.0,0.049,0,2026-09-02,2026-09-03,False,False,5.0,2026-09-03T14:46:19+05:30
RAINBOW,1432.17,TOUCHED,0.3,above,1436.5,1432.17,1431.33,1432.17,1430.5,0.116,14.2,0.037,0,2026-09-02,2026-09-03,False,False,5.0,2026-09-03T14:46:19+05:30
M&M,3186.05,TOUCHED,-0.86,below,3158.6,3186.05,3187.37,3188.68,3186.05,0.083,14.5,0.026,0,2026-09-02,2026-09-03,False,False,5.0,2026-09-03T14:46:19+05:30
HCLTECH,1332.12,TOUCHED,-1.33,below,1314.4,1332.12,1332.73,1333.35,1332.12,0.093,14.8,0.028,0,2026-09-02,2026-09-03,False,False,5.0,2026-09-03T14:46:19+05:30
APLAPOLLO,2207.6,TOUCHED,-2.67,below,2148.6,2207.6,2208.4,2209.2,2207.6,0.072,15.1,0.017,0,2026-09-02,2026-09-03,False,False,5.0,2026-09-03T14:46:19+05:30
HINDUNILVR,1973.05,TOUCHED,-0.53,below,1962.5,1973.05,1973.7,1974.35,1973.05,0.066,15.1,0.015,0,2026-09-02,2026-09-03,False,False,5.0,2026-09-03T14:46:19+05:30
TIINDIA,2714.4,TOUCHED,-0.07,below,2712.4,2714.4,2716.27,2718.13,2714.4,0.137,15.1,0.039,0,2026-09-02,2026-09-03,False,False,5.0,2026-09-03T14:46:19+05:30
NAVA,559.6,TOUCHED,-0.51,below,556.75,559.6,559.98,560.37,559.6,0.137,15.3,0.038,0,2026-09-02,2026-09-03,False,False,5.0,2026-09-03T14:46:19+05:30
LATENTVIEW,270.5,TOUCHED,-1.68,below,265.95,270.5,270.67,270.83,270.5,0.123,15.9,0.024,0,2026-09-02,2026-09-03,False,False,5.0,2026-09-03T14:46:19+05:30
SIGNATURE,766.62,TOUCHED,3.16,above,790.85,766.62,766.18,766.62,765.74,0.115,15.9,0.029,0,2026-09-02,2026-09-03,False,False,5.0,2026-09-03T14:46:19+05:30
CDSL,1367.8,TOUCHED,1.99,above,1395.0,1367.8,1366.93,1367.8,1366.07,0.127,16.2,0.034,0,2026-09-02,2026-09-03,False,False,5.0,2026-09-03T14:46:19+05:30
UTIAMC,876.48,TOUCHED,0.29,above,879.05,876.48,875.97,876.48,875.45,0.118,16.2,0.043,0,2026-09-02,2026-09-03,False,False,5.0,2026-09-03T14:46:19+05:30
KAYNES,3570.1,TOUCHED,-1.8,below,3505.7,3570.1,3574.4,3578.7,3570.1,0.241,17.0,0.049,0,2026-09-02,2026-09-03,False,False,5.0,2026-09-03T14:46:19+05:30
TATAINVEST,629.18,TOUCHED,1.22,above,636.85,629.18,628.82,629.18,628.46,0.114,17.3,0.023,0,2026-09-02,2026-09-03,False,False,5.0,2026-09-03T14:46:19+05:30
LGEINDIA,1655.7,TOUCHED,0.39,above,1662.2,1655.7,1654.87,1655.7,1654.03,0.101,17.5,0.012,0,2026-09-02,2026-09-03,False,False,5.0,2026-09-03T14:46:19+05:30
MCX,3289.17,TOUCHED,-3.22,below,3183.2,3289.17,3292.33,3295.5,3289.17,0.192,17.5,0.057,0,2026-09-02,2026-09-03,False,False,5.0,2026-09-03T14:46:19+05:30
PFIZER,4634.95,TOUCHED,0.24,above,4646.0,4634.95,4632.5,4634.95,4630.05,0.106,18.1,0.024,0,2026-09-02,2026-09-03,False,False,5.0,2026-09-03T14:46:19+05:30
NH,1923.83,TOUCHED,-1.71,below,1890.9,1923.83,1924.97,1926.1,1923.83,0.118,18.4,0.034,0,2026-09-02,2026-09-03,False,False,5.0,2026-09-03T14:46:19+05:30
DOMS,2207.58,TOUCHED,-0.08,below,2205.9,2207.58,2208.87,2210.15,2207.58,0.116,18.6,0.027,0,2026-09-02,2026-09-03,False,False,5.0,2026-09-03T14:46:19+05:30
MAXHEALTH,994.7,TOUCHED,-0.21,below,992.6,994.7,995.4,996.1,994.7,0.141,18.6,0.037,0,2026-09-02,2026-09-03,False,False,5.0,2026-09-03T14:46:19+05:30
EICHERMOT,7700.25,TOUCHED,-0.52,below,7660.5,7700.25,7704.0,7707.75,7700.25,0.097,18.9,0.024,0,2026-09-02,2026-09-03,False,False,5.0,2026-09-03T14:46:19+05:30
SUNPHARMA,1929.25,TOUCHED,-0.68,below,1916.2,1929.25,1930.07,1930.88,1929.25,0.085,18.9,0.02,0,2026-09-02,2026-09-03,False,False,5.0,2026-09-03T14:46:19+05:30
JPPOWER,16.39,TOUCHED,-0.95,below,16.23,16.39,16.4,16.41,16.39,0.183,19.5,0.037,0,2026-09-02,2026-09-03,False,False,5.0,2026-09-03T14:46:19+05:30
SUMICHEM,505.67,TOUCHED,-1.21,below,499.55,505.67,506.18,506.7,505.67,0.204,19.7,0.039,0,2026-09-02,2026-09-03,False,False,5.0,2026-09-03T14:46:19+05:30
HINDZINC,587.53,TOUCHED,0.0,inside,587.55,587.53,587.53,587.97,587.1,0.148,20.3,0.041,0,2026-09-02,2026-09-03,False,False,5.0,2026-09-03T14:46:19+05:30
MARICO,829.79,TOUCHED,-0.93,below,822.05,829.79,830.23,830.67,829.79,0.106,20.3,0.018,0,2026-09-02,2026-09-03,False,False,5.0,2026-09-03T14:46:19+05:30
PIRAMALFIN,2192.75,TOUCHED,2.2,above,2241.0,2192.75,2190.67,2192.75,2188.58,0.19,20.3,0.046,0,2026-09-02,2026-09-03,False,False,5.0,2026-09-03T14:46:19+05:30
PARADEEP,155.6,TOUCHED,-1.29,below,153.6,155.6,155.8,155.99,155.6,0.252,20.8,0.036,0,2026-09-02,2026-09-03,False,False,5.0,2026-09-03T14:46:19+05:30
BHARATFORG,2026.2,TOUCHED,-1.98,below,1986.0,2026.2,2028.07,2029.93,2026.2,0.184,21.1,0.031,0,2026-09-02,2026-09-03,False,False,5.0,2026-09-03T14:46:19+05:30
NATCOPHARM,843.97,TOUCHED,-0.59,below,839.0,843.97,844.7,845.42,843.97,0.172,21.1,0.019,0,2026-09-02,2026-09-03,False,False,5.0,2026-09-03T14:46:19+05:30
PTCIL,22695.83,TOUCHED,4.51,above,23720.0,22695.83,22676.67,22695.83,22657.5,0.169,21.1,0.028,0,2026-09-02,2026-09-03,False,False,5.0,2026-09-03T14:46:19+05:30
JSWCEMENT,123.71,TOUCHED,-0.57,below,123.01,123.71,123.82,123.93,123.71,0.18,21.7,0.037,0,2026-09-02,2026-09-03,False,False,5.0,2026-09-03T14:46:19+05:30
LENSKART,670.73,TOUCHED,0.18,above,671.95,670.73,670.12,670.73,669.51,0.182,21.8,0.032,0,2026-09-02,2026-09-03,False,False,5.0,2026-09-03T14:46:19+05:30
ARE&M,871.91,TOUCHED,-0.96,below,863.55,871.91,872.57,873.23,871.91,0.151,22.5,0.022,0,2026-09-02,2026-09-03,False,False,5.0,2026-09-03T14:46:19+05:30
CGPOWER,877.07,TOUCHED,1.89,above,893.65,877.07,876.38,877.07,875.7,0.156,22.5,0.035,0,2026-09-02,2026-09-03,False,False,5.0,2026-09-03T14:46:19+05:30
BIOCON,400.72,TOUCHED,0.41,above,402.35,400.72,400.43,400.72,400.15,0.142,22.7,0.028,0,2026-09-02,2026-09-03,False,False,5.0,2026-09-03T14:46:19+05:30
PAYTM,1617.25,TOUCHED,0.52,above,1625.6,1617.25,1615.5,1617.25,1613.75,0.217,22.7,0.053,0,2026-09-02,2026-09-03,False,False,5.0,2026-09-03T14:46:19+05:30
DIVISLAB,9207.83,TOUCHED,0.02,inside,9210.0,9207.83,9207.83,9213.92,9201.75,0.132,23.0,0.021,0,2026-09-02,2026-09-03,False,False,5.0,2026-09-03T14:46:19+05:30
GRAPHITE,727.41,TOUCHED,-0.8,below,721.6,727.41,728.22,729.02,727.41,0.222,23.3,0.023,0,2026-09-02,2026-09-03,False,False,5.0,2026-09-03T14:46:19+05:30
ITC,265.9,TOUCHED,-0.98,below,263.3,265.9,266.03,266.17,265.9,0.1,23.8,0.021,0,2026-09-02,2026-09-03,False,False,5.0,2026-09-03T14:46:19+05:30
SARDAEN,492.8,TOUCHED,2.84,above,506.8,492.8,492.22,492.8,491.63,0.237,23.8,0.027,0,2026-09-02,2026-09-03,False,False,5.0,2026-09-03T14:46:19+05:30
ESCORTS,3011.5,TOUCHED,-1.21,below,2975.0,3011.5,3014.13,3016.77,3011.5,0.175,24.1,0.041,0,2026-09-02,2026-09-03,False,False,5.0,2026-09-03T14:46:19+05:30
JUBLPHARMA,902.65,TOUCHED,0.21,above,904.55,902.65,901.87,902.65,901.08,0.174,24.1,0.018,0,2026-09-02,2026-09-03,False,False,5.0,2026-09-03T14:46:19+05:30
BLS,236.04,TOUCHED,1.41,above,239.38,236.04,235.77,236.04,235.5,0.233,24.9,0.032,0,2026-09-02,2026-09-03,False,False,5.0,2026-09-03T14:46:19+05:30
SUNDARMFIN,4569.95,TOUCHED,0.18,above,4578.4,4569.95,4565.7,4569.95,4561.45,0.186,25.2,0.029,0,2026-09-02,2026-09-03,False,False,5.0,2026-09-03T14:46:19+05:30
COFORGE,1960.9,TOUCHED,0.09,inside,1962.7,1960.9,1960.9,1963.3,1958.5,0.245,25.5,0.032,0,2026-09-02,2026-09-03,False,False,5.0,2026-09-03T14:46:19+05:30
FIVESTAR,526.75,TOUCHED,1.21,above,533.1,526.75,526.12,526.75,525.48,0.241,25.5,0.041,0,2026-09-02,2026-09-03,False,False,5.0,2026-09-03T14:46:19+05:30
CANHLIFE,153.27,TOUCHED,0.87,above,154.61,153.27,153.12,153.27,152.96,0.2,25.9,0.016,0,2026-09-02,2026-09-03,False,False,5.0,2026-09-03T14:46:19+05:30
CEATLTD,3351.75,TOUCHED,-0.82,below,3324.3,3351.75,3355.7,3359.65,3351.75,0.235,26.0,0.035,0,2026-09-02,2026-09-03,False,False,5.0,2026-09-03T14:46:19+05:30
GPIL,240.21,TOUCHED,0.1,above,240.45,240.21,239.94,240.21,239.66,0.228,26.0,0.029,0,2026-09-02,2026-09-03,False,False,5.0,2026-09-03T14:46:19+05:30
AWL,191.46,TOUCHED,-0.14,below,191.19,191.46,191.66,191.87,191.46,0.214,26.6,0.044,0,2026-09-02,2026-09-03,False,False,5.0,2026-09-03T14:46:19+05:30
TRAVELFOOD,1276.53,TOUCHED,0.08,inside,1277.5,1276.53,1276.53,1278.05,1275.02,0.238,26.6,0.032,0,2026-09-02,2026-09-03,False,False,5.0,2026-09-03T14:46:19+05:30
INDIACEM,357.92,TOUCHED,0.01,above,357.95,357.92,357.55,357.92,357.18,0.21,26.8,0.031,0,2026-09-02,2026-09-03,False,False,5.0,2026-09-03T14:46:19+05:30
DELHIVERY,456.1,TOUCHED,1.05,above,460.9,456.1,455.67,456.1,455.23,0.19,27.1,0.019,0,2026-09-02,2026-09-03,False,False,5.0,2026-09-03T14:46:19+05:30
PINELABS,161.33,TOUCHED,-1.45,below,159.0,161.33,161.66,161.99,161.33,0.406,27.2,0.054,0,2026-09-02,2026-09-03,False,False,5.0,2026-09-03T14:46:19+05:30
ENRIN,3130.2,TOUCHED,1.27,above,3170.0,3130.2,3126.57,3130.2,3122.93,0.232,27.7,0.026,0,2026-09-02,2026-09-03,False,False,5.0,2026-09-03T14:46:19+05:30
VEDL,269.88,TOUCHED,-0.31,below,269.05,269.88,270.15,270.43,269.88,0.204,27.7,0.026,0,2026-09-02,2026-09-03,False,False,5.0,2026-09-03T14:46:19+05:30
POLYCAB,8832.5,TOUCHED,0.13,above,8844.0,8832.5,8823.0,8832.5,8813.5,0.215,27.9,0.033,0,2026-09-02,2026-09-03,False,False,5.0,2026-09-03T14:46:19+05:30
WHIRLPOOL,799.29,TOUCHED,0.48,above,803.1,799.29,798.38,799.29,797.48,0.228,27.9,0.045,0,2026-09-02,2026-09-03,False,False,5.0,2026-09-03T14:46:19+05:30
CEMPRO,1233.45,TOUCHED,5.19,above,1297.5,1233.45,1231.1,1233.45,1228.75,0.382,28.5,0.055,0,2026-09-02,2026-09-03,False,False,5.0,2026-09-03T14:46:19+05:30
PFOCUS,282.25,TOUCHED,3.54,above,292.25,282.25,281.62,282.25,280.98,0.45,28.5,0.053,0,2026-09-02,2026-09-03,False,False,5.0,2026-09-03T14:46:19+05:30
MPHASIS,2471.5,TOUCHED,-0.49,below,2459.4,2471.5,2474.33,2477.17,2471.5,0.229,29.0,0.028,0,2026-09-02,2026-09-03,False,False,5.0,2026-09-03T14:46:19+05:30
IDBI,91.93,TOUCHED,0.45,above,92.34,91.93,91.8,91.93,91.68,0.276,29.3,0.033,0,2026-09-02,2026-09-03,False,False,5.0,2026-09-03T14:46:19+05:30
BSOFT,294.81,TOUCHED,-0.73,below,292.65,294.81,295.22,295.62,294.81,0.277,29.6,0.04,0,2026-09-02,2026-09-03,False,False,5.0,2026-09-03T14:46:19+05:30
SAPPHIRE,227.9,TOUCHED,0.36,above,228.72,227.9,227.59,227.9,227.28,0.272,30.1,0.05,0,2026-09-02,2026-09-03,False,False,5.0,2026-09-03T14:46:19+05:30
AMBER,7404.0,TOUCHED,0.01,above,7404.5,7404.0,7393.0,7404.0,7382.0,0.298,30.4,0.027,0,2026-09-02,2026-09-03,False,False,5.0,2026-09-03T14:46:19+05:30
BATAINDIA,672.4,TOUCHED,0.38,above,674.95,672.4,671.75,672.4,671.1,0.194,30.4,0.022,0,2026-09-02,2026-09-03,False,False,5.0,2026-09-03T14:46:19+05:30
CHALET,894.6,TOUCHED,-0.27,below,892.15,894.6,895.72,896.83,894.6,0.249,30.7,0.024,0,2026-09-02,2026-09-03,False,False,5.0,2026-09-03T14:46:19+05:30
SCHAEFFLER,3971.08,TOUCHED,-0.53,below,3950.0,3971.08,3975.07,3979.05,3971.08,0.2,30.7,0.034,0,2026-09-02,2026-09-03,False,False,5.0,2026-09-03T14:46:19+05:30
BAJAJ-AUTO,12100.0,TOUCHED,-0.9,below,11991.0,12100.0,12110.0,12120.0,12100.0,0.165,31.0,0.028,0,2026-09-02,2026-09-03,False,False,5.0,2026-09-03T14:46:19+05:30
PPLPHARMA,214.32,TOUCHED,0.08,inside,214.49,214.32,214.32,214.59,214.05,0.252,31.2,0.038,0,2026-09-02,2026-09-03,False,False,5.0,2026-09-03T14:46:19+05:30
RAMCOCEM,867.5,TOUCHED,0.86,above,875.0,867.5,866.45,867.5,865.4,0.242,31.2,0.045,0,2026-09-02,2026-09-03,False,False,5.0,2026-09-03T14:46:19+05:30
TRENT,2841.5,TOUCHED,-0.52,below,2826.6,2841.5,2845.1,2848.7,2841.5,0.253,31.2,0.046,0,2026-09-02,2026-09-03,False,False,5.0,2026-09-03T14:46:19+05:30
SPLPETRO,720.84,TOUCHED,0.49,above,724.35,720.84,719.83,720.84,718.83,0.28,31.8,0.038,0,2026-09-02,2026-09-03,False,False,5.0,2026-09-03T14:46:19+05:30
CROMPTON,227.97,TOUCHED,-0.51,below,226.82,227.97,228.22,228.47,227.97,0.221,32.1,0.025,0,2026-09-02,2026-09-03,False,False,5.0,2026-09-03T14:46:19+05:30
FLUOROCHEM,4713.05,TOUCHED,-0.34,below,4696.9,4713.05,4717.93,4722.82,4713.05,0.207,32.3,0.022,0,2026-09-02,2026-09-03,False,False,5.0,2026-09-03T14:46:19+05:30
RAILTEL,271.96,TOUCHED,-0.09,below,271.7,271.96,272.37,272.77,271.96,0.3,32.6,0.041,0,2026-09-02,2026-09-03,False,False,5.0,2026-09-03T14:46:19+05:30
INDIAMART,1742.75,TOUCHED,-0.65,below,1731.4,1742.75,1744.7,1746.65,1742.75,0.224,32.9,0.025,0,2026-09-02,2026-09-03,False,False,5.0,2026-09-03T14:46:19+05:30
NETWEB,5140.25,TOUCHED,2.72,above,5280.0,5140.25,5130.17,5140.25,5120.08,0.393,33.2,0.06,0,2026-09-02,2026-09-03,False,False,5.0,2026-09-03T14:46:19+05:30
THELEELA,567.52,TOUCHED,-0.3,below,565.8,567.52,568.32,569.11,567.52,0.279,33.3,0.031,0,2026-09-02,2026-09-03,False,False,5.0,2026-09-03T14:46:19+05:30
SYRMA,1442.6,TOUCHED,0.24,above,1446.1,1442.6,1439.73,1442.6,1436.87,0.398,34.0,0.045,0,2026-09-02,2026-09-03,False,False,5.0,2026-09-03T14:46:19+05:30
TRIDENT,24.01,TOUCHED,-0.07,inside,23.99,24.01,24.01,24.03,23.98,0.222,34.0,0.027,0,2026-09-02,2026-09-03,False,False,5.0,2026-09-03T14:46:19+05:30
CARTRADE,2952.3,TOUCHED,0.99,above,2981.4,2952.3,2945.63,2952.3,2938.97,0.453,34.2,0.061,0,2026-09-02,2026-09-03,False,False,5.0,2026-09-03T14:46:19+05:30
KOTAKBANK,423.12,TOUCHED,0.07,above,423.4,423.12,422.73,423.12,422.35,0.181,34.8,0.022,0,2026-09-02,2026-09-03,False,False,5.0,2026-09-03T14:46:19+05:30
PCBL,314.78,TOUCHED,0.15,above,315.25,314.78,314.27,314.78,313.75,0.329,34.8,0.05,0,2026-09-02,2026-09-03,False,False,5.0,2026-09-03T14:46:19+05:30
TITAGARH,829.45,TOUCHED,1.49,above,841.85,829.45,827.95,829.45,826.45,0.362,35.3,0.046,0,2026-09-02,2026-09-03,False,False,5.0,2026-09-03T14:46:19+05:30
CIPLA,1409.1,TOUCHED,-0.94,below,1395.9,1409.1,1410.33,1411.57,1409.1,0.175,35.6,0.023,0,2026-09-02,2026-09-03,False,False,5.0,2026-09-03T14:46:19+05:30
KFINTECH,925.95,TOUCHED,0.02,inside,926.15,925.95,925.95,927.47,924.42,0.329,35.9,0.018,0,2026-09-02,2026-09-03,False,False,5.0,2026-09-03T14:46:19+05:30
SUPREMEIND,3535.42,TOUCHED,-1.08,below,3497.3,3535.42,3540.23,3545.05,3535.42,0.272,35.9,0.034,0,2026-09-02,2026-09-03,False,False,5.0,2026-09-03T14:46:19+05:30
CCL,1090.55,TOUCHED,1.59,above,1107.9,1090.55,1089.07,1090.55,1087.58,0.272,36.2,0.021,0,2026-09-02,2026-09-03,False,False,5.0,2026-09-03T14:46:19+05:30
GRSE,2505.7,TOUCHED,0.06,inside,2507.2,2505.7,2505.7,2511.0,2500.4,0.423,36.2,0.074,0,2026-09-02,2026-09-03,False,False,5.0,2026-09-03T14:46:19+05:30
GODREJIND,1143.95,TOUCHED,1.01,above,1155.5,1143.95,1142.23,1143.95,1140.52,0.301,36.7,0.044,0,2026-09-02,2026-09-03,False,False,5.0,2026-09-03T14:46:19+05:30
NEULANDLAB,23006.67,TOUCHED,-0.46,below,22900.0,23006.67,23053.33,23100.0,23006.67,0.405,37.5,0.032,0,2026-09-02,2026-09-03,False,False,5.0,2026-09-03T14:46:19+05:30
ASTERDM,758.78,TOUCHED,3.75,above,787.2,758.78,757.65,758.78,756.52,0.297,37.8,0.023,0,2026-09-02,2026-09-03,False,False,5.0,2026-09-03T14:46:19+05:30
COHANCE,460.9,TOUCHED,0.1,above,461.35,460.9,460.03,460.9,459.17,0.377,37.8,0.022,0,2026-09-02,2026-09-03,False,False,5.0,2026-09-03T14:46:19+05:30
TARIL,302.7,TOUCHED,-0.18,below,302.15,302.7,303.4,304.1,302.7,0.461,38.1,0.054,0,2026-09-02,2026-09-03,False,False,5.0,2026-09-03T14:46:19+05:30
LINDEINDIA,6361.0,TOUCHED,-0.04,below,6358.5,6361.0,6369.5,6378.0,6361.0,0.267,38.4,0.025,0,2026-09-02,2026-09-03,False,False,5.0,2026-09-03T14:46:19+05:30
MSUMI,36.79,TOUCHED,0.65,above,37.03,36.79,36.73,36.79,36.66,0.345,38.6,0.031,0,2026-09-02,2026-09-03,False,False,5.0,2026-09-03T14:46:19+05:30
APTUS,253.82,TOUCHED,1.79,above,258.36,253.82,253.36,253.82,252.9,0.362,39.7,0.026,0,2026-09-02,2026-09-03,False,False,5.0,2026-09-03T14:46:19+05:30
ASHOKLEY,167.65,TOUCHED,0.36,above,168.25,167.65,167.4,167.65,167.15,0.297,39.7,0.027,0,2026-09-02,2026-09-03,False,False,5.0,2026-09-03T14:46:19+05:30
BAJAJHLDNG,11135.33,TOUCHED,-0.08,inside,11126.0,11135.33,11135.33,11153.0,11117.67,0.317,39.7,0.025,0,2026-09-02,2026-09-03,False,False,5.0,2026-09-03T14:46:19+05:30
APOLLOHOSP,8701.83,TOUCHED,0.07,inside,8708.0,8701.83,8701.83,8710.42,8693.25,0.197,40.0,0.014,0,2026-09-02,2026-09-03,False,False,5.0,2026-09-03T14:46:19+05:30
ENGINERSIN,278.25,TOUCHED,1.65,above,282.85,278.25,277.7,278.25,277.15,0.396,40.0,0.038,0,2026-09-02,2026-09-03,False,False,5.0,2026-09-03T14:46:19+05:30
MINDACORP,705.5,TOUCHED,0.1,inside,706.2,705.5,705.5,706.67,704.32,0.333,40.0,0.04,0,2026-09-02,2026-09-03,False,False,5.0,2026-09-03T14:46:19+05:30
BAYERCROP,3964.95,TOUCHED,-0.18,below,3957.9,3964.95,3969.8,3974.65,3964.95,0.244,40.3,0.031,0,2026-09-02,2026-09-03,False,False,5.0,2026-09-03T14:46:19+05:30
PREMIERENE,1003.63,TOUCHED,0.15,inside,1005.1,1003.63,1003.63,1005.45,1001.82,0.362,40.8,0.031,0,2026-09-02,2026-09-03,False,False,5.0,2026-09-03T14:46:19+05:30
NESTLEIND,1419.5,TOUCHED,-0.49,below,1412.6,1419.5,1421.33,1423.17,1419.5,0.258,41.4,0.033,0,2026-09-02,2026-09-03,False,False,5.0,2026-09-03T14:46:19+05:30
PIDILITIND,1633.53,TOUCHED,0.03,inside,1634.0,1633.53,1633.53,1635.27,1631.8,0.212,41.4,0.026,0,2026-09-02,2026-09-03,False,False,5.0,2026-09-03T14:46:19+05:30
IGL,148.6,TOUCHED,0.6,above,149.49,148.6,148.38,148.6,148.16,0.299,41.6,0.046,0,2026-09-02,2026-09-03,False,False,5.0,2026-09-03T14:46:19+05:30
PGEL,561.83,TOUCHED,-1.29,below,554.6,561.83,563.22,564.61,561.83,0.494,41.6,0.05,0,2026-09-02,2026-09-03,False,False,5.0,2026-09-03T14:46:19+05:30
GLENMARK,2448.45,TOUCHED,-0.47,below,2436.9,2448.45,2452.3,2456.15,2448.45,0.314,41.9,0.035,0,2026-09-02,2026-09-03,False,False,5.0,2026-09-03T14:46:19+05:30
ZYDUSWELL,532.5,TOUCHED,0.15,inside,533.3,532.5,532.5,533.55,531.45,0.394,42.2,0.035,0,2026-09-02,2026-09-03,False,False,5.0,2026-09-03T14:46:19+05:30
FACT,805.82,TOUCHED,-0.63,below,800.75,805.82,807.35,808.88,805.82,0.378,43.0,0.056,0,2026-09-02,2026-09-03,False,False,5.0,2026-09-03T14:46:19+05:30
HDFCLIFE,533.67,TOUCHED,-0.49,below,531.05,533.67,534.35,535.02,533.67,0.253,43.0,0.018,0,2026-09-02,2026-09-03,False,False,5.0,2026-09-03T14:46:19+05:30
BIKAJI,591.0,TOUCHED,-0.68,below,587.0,591.0,591.8,592.6,591.0,0.27,43.3,0.018,0,2026-09-02,2026-09-03,False,False,5.0,2026-09-03T14:46:19+05:30
ELGIEQUIP,620.48,TOUCHED,1.87,above,632.05,620.48,619.23,620.48,617.99,0.401,43.6,0.045,0,2026-09-02,2026-09-03,False,False,5.0,2026-09-03T14:46:19+05:30
LEMONTREE,105.69,TOUCHED,-0.68,below,104.97,105.69,105.85,106.02,105.69,0.312,43.6,0.023,0,2026-09-02,2026-09-03,False,False,5.0,2026-09-03T14:46:19+05:30
DALBHARAT,1775.77,TOUCHED,-0.1,below,1774.0,1775.77,1778.43,1781.1,1775.77,0.3,43.8,0.025,0,2026-09-02,2026-09-03,False,False,5.0,2026-09-03T14:46:19+05:30
KIMS,757.65,TOUCHED,1.26,above,767.2,757.65,756.32,757.65,754.98,0.353,43.8,0.04,0,2026-09-02,2026-09-03,False,False,5.0,2026-09-03T14:46:19+05:30
ACMESOLAR,401.12,TOUCHED,0.06,above,401.35,401.12,400.17,401.12,399.21,0.479,44.1,0.053,0,2026-09-02,2026-09-03,False,False,5.0,2026-09-03T14:46:19+05:30
SYNGENE,400.53,TOUCHED,0.02,above,400.6,400.53,399.88,400.53,399.24,0.321,44.1,0.026,0,2026-09-02,2026-09-03,False,False,5.0,2026-09-03T14:46:19+05:30
ACUTAAS,3157.8,TOUCHED,0.63,above,3177.8,3157.8,3150.17,3157.8,3142.53,0.485,44.4,0.036,0,2026-09-02,2026-09-03,False,False,5.0,2026-09-03T14:46:19+05:30
JSWINFRA,333.7,TOUCHED,0.39,above,335.0,333.7,333.17,333.7,332.63,0.32,44.4,0.029,0,2026-09-02,2026-09-03,False,False,5.0,2026-09-03T14:46:19+05:30
GAIL,172.77,TOUCHED,0.42,above,173.49,172.77,172.54,172.77,172.31,0.267,45.8,0.015,0,2026-09-02,2026-09-03,False,False,5.0,2026-09-03T14:46:19+05:30
KPITTECH,584.5,TOUCHED,-0.3,below,582.75,584.5,585.67,586.83,584.5,0.398,45.8,0.044,0,2026-09-02,2026-09-03,False,False,5.0,2026-09-03T14:46:19+05:30
HEROMOTOCO,5308.67,TOUCHED,-0.38,below,5288.5,5308.67,5317.33,5326.0,5308.67,0.326,46.3,0.017,0,2026-09-02,2026-09-03,False,False,5.0,2026-09-03T14:46:19+05:30
ICICIAMC,2986.4,TOUCHED,-0.16,inside,2981.5,2986.4,2986.4,2992.95,2979.85,0.439,46.3,0.036,0,2026-09-02,2026-09-03,False,False,5.0,2026-09-03T14:46:19+05:30
ABDL,607.55,TOUCHED,0.12,inside,608.25,607.55,607.55,609.12,605.98,0.518,46.6,0.074,0,2026-09-02,2026-09-03,False,False,5.0,2026-09-03T14:46:19+05:30
BHARTIHEXA,1522.75,TOUCHED,-0.93,below,1508.6,1522.75,1525.53,1528.32,1522.75,0.365,46.6,0.038,0,2026-09-02,2026-09-03,False,False,5.0,2026-09-03T14:46:19+05:30
JINDALSTEL,1153.15,TOUCHED,-0.78,below,1144.2,1153.15,1155.23,1157.32,1153.15,0.361,47.4,0.034,0,2026-09-02,2026-09-03,False,False,5.0,2026-09-03T14:46:19+05:30
NTPCGREEN,88.56,TOUCHED,0.5,above,89.0,88.56,88.41,88.56,88.27,0.332,47.4,0.015,0,2026-09-02,2026-09-03,False,False,5.0,2026-09-03T14:46:19+05:30
APOLLOTYRE,434.92,TOUCHED,-0.14,below,434.3,434.92,435.7,436.48,434.92,0.356,48.2,0.038,0,2026-09-02,2026-09-03,False,False,5.0,2026-09-03T14:46:19+05:30
MFSL,1512.75,TOUCHED,1.61,above,1537.1,1512.75,1510.17,1512.75,1507.58,0.342,48.2,0.019,0,2026-09-02,2026-09-03,False,False,5.0,2026-09-03T14:46:19+05:30
GILLETTE,7358.33,TOUCHED,-0.34,below,7333.0,7358.33,7370.67,7383.0,7358.33,0.335,48.8,0.026,0,2026-09-02,2026-09-03,False,False,5.0,2026-09-03T14:46:19+05:30
SIEMENS,4011.8,TOUCHED,0.31,above,4024.4,4011.8,4004.7,4011.8,3997.6,0.355,48.8,0.018,0,2026-09-02,2026-09-03,False,False,5.0,2026-09-03T14:46:19+05:30
CRAFTSMAN,11071.0,TOUCHED,0.51,above,11127.0,11071.0,11047.0,11071.0,11023.0,0.435,49.3,0.053,0,2026-09-02,2026-09-03,False,False,5.0,2026-09-03T14:46:19+05:30
HONASA,473.05,TOUCHED,0.8,above,476.85,473.05,472.02,473.05,470.98,0.438,49.3,0.054,0,2026-09-02,2026-09-03,False,False,5.0,2026-09-03T14:46:19+05:30
ANURAS,1242.22,TOUCHED,-0.14,below,1240.5,1242.22,1244.13,1246.05,1242.22,0.308,49.6,0.025,0,2026-09-02,2026-09-03,False,False,5.0,2026-09-03T14:46:19+05:30
3MINDIA,32945.83,TOUCHED,-0.29,below,32850.0,32945.83,32996.67,33047.5,32945.83,0.308,49.9,0.025,0,2026-09-02,2026-09-03,False,False,5.0,2026-09-03T14:46:19+05:30
SBILIFE,1722.33,TOUCHED,-0.52,below,1713.4,1722.33,1724.77,1727.2,1722.33,0.282,51.0,0.015,0,2026-09-02,2026-09-03,False,False,5.0,2026-09-03T14:46:19+05:30
TATACHEM,632.78,TOUCHED,0.64,above,636.8,632.78,631.6,632.78,630.42,0.372,51.2,0.02,0,2026-09-02,2026-09-03,False,False,5.0,2026-09-03T14:46:19+05:30
CHOICEIN,767.38,TOUCHED,0.37,above,770.2,767.38,766.05,767.38,764.73,0.346,51.5,0.023,0,2026-09-02,2026-09-03,False,False,5.0,2026-09-03T14:46:19+05:30
IIFL,638.12,TOUCHED,0.77,above,643.05,638.12,636.5,638.12,634.88,0.511,51.5,0.026,0,2026-09-02,2026-09-03,False,False,5.0,2026-09-03T14:46:19+05:30
CANFINHOME,793.7,TOUCHED,1.18,above,803.1,793.7,792.1,793.7,790.5,0.404,51.8,0.02,0,2026-09-02,2026-09-03,False,False,5.0,2026-09-03T14:46:19+05:30
DABUR,379.55,TOUCHED,-0.36,below,378.2,379.55,380.1,380.65,379.55,0.289,51.8,0.032,0,2026-09-02,2026-09-03,False,False,5.0,2026-09-03T14:46:19+05:30
RITES,213.47,TOUCHED,-0.03,inside,213.4,213.47,213.47,213.91,213.04,0.409,51.8,0.025,0,2026-09-02,2026-09-03,False,False,5.0,2026-09-03T14:46:19+05:30
SCI,290.68,TOUCHED,1.13,above,293.95,290.68,289.85,290.68,289.03,0.569,51.8,0.045,0,2026-09-02,2026-09-03,False,False,5.0,2026-09-03T14:46:19+05:30
NUVAMA,1827.8,TOUCHED,-0.15,below,1825.0,1827.8,1832.2,1836.6,1827.8,0.48,52.1,0.025,0,2026-09-02,2026-09-03,False,False,5.0,2026-09-03T14:46:19+05:30
NEWGEN,520.77,TOUCHED,-0.73,below,516.95,520.77,522.25,523.73,520.77,0.565,52.6,0.031,0,2026-09-02,2026-09-03,False,False,5.0,2026-09-03T14:46:19+05:30
DMART,3794.2,TOUCHED,-0.64,below,3770.0,3794.2,3800.6,3807.0,3794.2,0.337,52.9,0.028,0,2026-09-02,2026-09-03,False,False,5.0,2026-09-03T14:46:19+05:30
HINDALCO,1006.37,TOUCHED,-0.04,inside,1006.0,1006.37,1006.37,1008.03,1004.7,0.331,52.9,0.011,0,2026-09-02,2026-09-03,False,False,5.0,2026-09-03T14:46:19+05:30
HAL,4760.17,TOUCHED,0.11,inside,4765.4,4760.17,4760.17,4770.08,4750.25,0.417,53.2,0.037,0,2026-09-02,2026-09-03,False,False,5.0,2026-09-03T14:46:19+05:30
INDGN,601.33,TOUCHED,-0.15,below,600.4,601.33,602.5,603.67,601.33,0.39,53.4,0.023,0,2026-09-02,2026-09-03,False,False,5.0,2026-09-03T14:46:19+05:30
APARINDS,16972.0,TOUCHED,3.88,above,17630.0,16972.0,16919.0,16972.0,16866.0,0.627,54.0,0.054,0,2026-09-02,2026-09-03,False,False,5.0,2026-09-03T14:46:19+05:30
ASTRAL,1490.18,TOUCHED,-0.45,below,1483.5,1490.18,1493.37,1496.55,1490.18,0.426,54.0,0.034,0,2026-09-02,2026-09-03,False,False,5.0,2026-09-03T14:46:19+05:30
GESHIP,1315.5,TOUCHED,2.39,above,1347.0,1315.5,1312.2,1315.5,1308.9,0.503,54.0,0.034,0,2026-09-02,2026-09-03,False,False,5.0,2026-09-03T14:46:19+05:30
TEGA,1550.3,TOUCHED,0.11,above,1552.0,1550.3,1546.77,1550.3,1543.23,0.457,54.2,0.043,0,2026-09-02,2026-09-03,False,False,5.0,2026-09-03T14:46:19+05:30
MOTILALOFS,1014.77,TOUCHED,0.1,above,1015.8,1014.77,1011.93,1014.77,1009.1,0.56,54.5,0.045,0,2026-09-02,2026-09-03,False,False,5.0,2026-09-03T14:46:19+05:30
CRISIL,4732.6,TOUCHED,0.31,above,4747.1,4732.6,4722.3,4732.6,4712.0,0.436,54.8,0.049,0,2026-09-02,2026-09-03,False,False,5.0,2026-09-03T14:46:19+05:30
LUPIN,2145.1,TOUCHED,-0.14,below,2142.2,2145.1,2148.47,2151.83,2145.1,0.313,54.8,0.027,0,2026-09-02,2026-09-03,False,False,5.0,2026-09-03T14:46:19+05:30
JKCEMENT,5015.5,TOUCHED,0.58,above,5044.5,5015.5,5003.5,5015.5,4991.5,0.48,55.3,0.035,0,2026-09-02,2026-09-03,False,False,5.0,2026-09-03T14:46:19+05:30
DEVYANI,137.7,TOUCHED,0.0,above,137.7,137.7,137.32,137.7,136.95,0.544,55.6,0.04,0,2026-09-02,2026-09-03,False,False,5.0,2026-09-03T14:46:19+05:30
MAPMYINDIA,984.83,TOUCHED,-1.3,below,972.0,984.83,987.07,989.3,984.83,0.453,55.9,0.031,0,2026-09-02,2026-09-03,False,False,5.0,2026-09-03T14:46:19+05:30
MGL,1067.6,TOUCHED,-0.04,below,1067.2,1067.6,1070.0,1072.4,1067.6,0.449,56.2,0.034,0,2026-09-02,2026-09-03,False,False,5.0,2026-09-03T14:46:19+05:30
RELIANCE,1309.37,TOUCHED,-0.07,inside,1308.5,1309.37,1309.37,1311.23,1307.5,0.285,56.2,0.024,0,2026-09-02,2026-09-03,False,False,5.0,2026-09-03T14:46:19+05:30
KPRMILL,1161.2,TOUCHED,0.03,inside,1161.6,1161.2,1161.2,1164.3,1158.1,0.534,56.4,0.052,0,2026-09-02,2026-09-03,False,False,5.0,2026-09-03T14:46:19+05:30
WELSPUNLIV,199.43,TOUCHED,0.63,above,200.68,199.43,198.86,199.43,198.28,0.58,56.4,0.042,0,2026-09-02,2026-09-03,False,False,5.0,2026-09-03T14:46:19+05:30
SONACOMS,788.2,TOUCHED,1.73,above,801.85,788.2,786.35,788.2,784.5,0.471,56.7,0.031,0,2026-09-02,2026-09-03,False,False,5.0,2026-09-03T14:46:19+05:30
TATACONSUM,1015.9,TOUCHED,0.03,inside,1016.2,1015.9,1015.9,1017.85,1013.95,0.384,56.7,0.027,0,2026-09-02,2026-09-03,False,False,5.0,2026-09-03T14:46:19+05:30
UCOBANK,24.55,TOUCHED,1.0,above,24.79,24.55,24.49,24.55,24.44,0.422,56.7,0.013,0,2026-09-02,2026-09-03,False,False,5.0,2026-09-03T14:46:19+05:30
RECLTD,314.45,TOUCHED,-0.45,below,313.05,314.45,315.12,315.78,314.45,0.423,57.0,0.015,0,2026-09-02,2026-09-03,False,False,5.0,2026-09-03T14:46:19+05:30
POLYMED,1788.8,TOUCHED,-1.0,below,1770.9,1788.8,1793.8,1798.8,1788.8,0.557,57.3,0.043,0,2026-09-02,2026-09-03,False,False,5.0,2026-09-03T14:46:19+05:30
OFSS,12102.67,TOUCHED,-0.15,inside,12084.0,12102.67,12102.67,12130.33,12075.0,0.457,57.5,0.029,0,2026-09-02,2026-09-03,False,False,5.0,2026-09-03T14:46:19+05:30
PVRINOX,1219.35,TOUCHED,2.05,above,1244.3,1219.35,1216.23,1219.35,1213.12,0.513,57.8,0.028,0,2026-09-02,2026-09-03,False,False,5.0,2026-09-03T14:46:19+05:30
SJVN,64.32,TOUCHED,1.24,above,65.12,64.32,64.19,64.32,64.05,0.415,58.1,0.027,0,2026-09-02,2026-09-03,False,False,5.0,2026-09-03T14:46:19+05:30
TTML,38.09,TOUCHED,-0.4,below,37.94,38.09,38.18,38.28,38.09,0.48,58.1,0.046,0,2026-09-02,2026-09-03,False,False,5.0,2026-09-03T14:46:19+05:30
AUBANK,1073.07,TOUCHED,-0.05,inside,1072.5,1073.07,1073.07,1075.48,1070.65,0.45,58.4,0.018,0,2026-09-02,2026-09-03,False,False,5.0,2026-09-03T14:46:19+05:30
BAJAJHFL,82.65,TOUCHED,0.45,above,83.02,82.65,82.52,82.65,82.38,0.319,58.4,0.024,0,2026-09-02,2026-09-03,False,False,5.0,2026-09-03T14:46:19+05:30
STARHEALTH,560.4,TOUCHED,-0.03,inside,560.25,560.4,560.4,561.68,559.12,0.455,58.4,0.023,0,2026-09-02,2026-09-03,False,False,5.0,2026-09-03T14:46:19+05:30
POONAWALLA,458.4,TOUCHED,1.3,above,464.35,458.4,457.15,458.4,455.9,0.547,58.6,0.031,0,2026-09-02,2026-09-03,False,False,5.0,2026-09-03T14:46:19+05:30
ZYDUSLIFE,1156.28,TOUCHED,-1.52,below,1138.7,1156.28,1158.37,1160.45,1156.28,0.36,58.6,0.023,0,2026-09-02,2026-09-03,False,False,5.0,2026-09-03T14:46:19+05:30
NAUKRI,1336.97,TOUCHED,0.02,inside,1337.2,1336.97,1336.97,1340.33,1333.6,0.504,58.9,0.023,0,2026-09-02,2026-09-03,False,False,5.0,2026-09-03T14:46:19+05:30
SONATSOFTW,286.48,TOUCHED,-0.51,below,285.0,286.48,287.42,288.36,286.48,0.655,59.2,0.026,0,2026-09-02,2026-09-03,False,False,5.0,2026-09-03T14:46:19+05:30
IKS,1734.73,TOUCHED,-0.26,inside,1730.3,1734.73,1734.73,1739.42,1730.05,0.54,59.5,0.02,0,2026-09-02,2026-09-03,False,False,5.0,2026-09-03T14:46:19+05:30
JSL,732.83,TOUCHED,0.85,above,739.05,732.83,730.77,732.83,728.7,0.566,59.5,0.043,0,2026-09-02,2026-09-03,False,False,5.0,2026-09-03T14:46:19+05:30
TATASTEEL,183.48,TOUCHED,0.3,above,184.04,183.48,183.12,183.48,182.75,0.4,60.3,0.021,0,2026-09-02,2026-09-03,False,False,5.0,2026-09-03T14:46:19+05:30
DIXON,14467.5,TOUCHED,-0.16,below,14444.0,14467.5,14508.33,14549.17,14467.5,0.563,60.5,0.057,0,2026-09-02,2026-09-03,False,False,5.0,2026-09-03T14:46:19+05:30
FIRSTCRY,172.56,TOUCHED,3.09,above,177.9,172.56,171.98,172.56,171.4,0.676,60.8,0.06,0,2026-09-02,2026-09-03,False,False,5.0,2026-09-03T14:46:19+05:30
KEC,408.95,TOUCHED,-0.54,below,406.75,408.95,410.1,411.25,408.95,0.561,60.8,0.023,0,2026-09-02,2026-09-03,False,False,5.0,2026-09-03T14:46:19+05:30
ALKEM,5219.5,TOUCHED,-0.72,below,5182.0,5219.5,5229.0,5238.5,5219.5,0.363,61.4,0.024,0,2026-09-02,2026-09-03,False,False,5.0,2026-09-03T14:46:19+05:30
POLICYBZR,1846.27,TOUCHED,0.03,above,1846.8,1846.27,1840.63,1846.27,1835.0,0.612,61.9,0.037,0,2026-09-02,2026-09-03,False,False,5.0,2026-09-03T14:46:19+05:30
BERGEPAINT,486.81,TOUCHED,0.24,above,488.0,486.81,485.57,486.81,484.32,0.511,62.2,0.013,0,2026-09-02,2026-09-03,False,False,5.0,2026-09-03T14:46:19+05:30
CASTROLIND,185.82,TOUCHED,0.12,above,186.05,185.82,185.56,185.82,185.3,0.28,62.5,0.014,0,2026-09-02,2026-09-03,False,False,5.0,2026-09-03T14:46:19+05:30
FORTIS,912.72,TOUCHED,0.13,above,913.9,912.72,910.45,912.72,908.17,0.5,62.7,0.03,0,2026-09-02,2026-09-03,False,False,5.0,2026-09-03T14:46:19+05:30
NAM-INDIA,1163.6,TOUCHED,-0.22,inside,1161.0,1163.6,1163.6,1167.55,1159.65,0.679,63.0,0.032,0,2026-09-02,2026-09-03,False,False,5.0,2026-09-03T14:46:19+05:30
MEESHO,210.05,TOUCHED,0.2,inside,210.46,210.05,210.05,210.83,209.28,0.738,63.6,0.031,0,2026-09-02,2026-09-03,False,False,5.0,2026-09-03T14:46:19+05:30
TIMKEN,3143.23,TOUCHED,-0.5,below,3127.5,3143.23,3151.97,3160.7,3143.23,0.554,63.6,0.047,0,2026-09-02,2026-09-03,False,False,5.0,2026-09-03T14:46:19+05:30
DCMSHRIRAM,1030.92,TOUCHED,-0.84,below,1022.3,1030.92,1033.83,1036.75,1030.92,0.564,63.8,0.024,0,2026-09-02,2026-09-03,False,False,5.0,2026-09-03T14:46:19+05:30
EIDPARRY,793.8,TOUCHED,-1.11,below,784.95,793.8,796.08,798.37,793.8,0.574,63.8,0.034,0,2026-09-02,2026-09-03,False,False,5.0,2026-09-03T14:46:19+05:30
SBIN,1024.5,TOUCHED,0.02,inside,1024.7,1024.5,1024.5,1026.3,1022.7,0.351,63.8,0.011,0,2026-09-02,2026-09-03,False,False,5.0,2026-09-03T14:46:19+05:30
CIEINDIA,385.98,TOUCHED,-0.5,below,384.05,385.98,386.95,387.93,385.98,0.504,64.1,0.025,0,2026-09-02,2026-09-03,False,False,5.0,2026-09-03T14:46:19+05:30
INFY,1133.2,TOUCHED,-0.11,below,1132.0,1133.2,1135.47,1137.73,1133.2,0.399,64.1,0.029,0,2026-09-02,2026-09-03,False,False,5.0,2026-09-03T14:46:19+05:30
GROWW,189.18,TOUCHED,0.38,above,189.9,189.18,188.49,189.18,187.79,0.739,64.2,0.035,0,2026-09-02,2026-09-03,False,False,5.0,2026-09-03T14:46:19+05:30
MOTHERSON,162.34,TOUCHED,-0.3,inside,161.86,162.34,162.34,162.82,161.86,0.591,64.7,0.038,0,2026-09-02,2026-09-03,False,False,5.0,2026-09-03T14:46:19+05:30
OLAELEC,39.16,TOUCHED,-3.43,below,37.82,39.16,39.34,39.52,39.16,0.923,64.7,0.066,0,2026-09-02,2026-09-03,False,False,5.0,2026-09-03T14:46:19+05:30
PFC,343.9,TOUCHED,-0.01,below,343.85,343.9,344.77,345.63,343.9,0.503,64.9,0.032,0,2026-09-02,2026-09-03,False,False,5.0,2026-09-03T14:46:19+05:30
TATAELXSI,3599.68,TOUCHED,0.02,above,3600.4,3599.68,3590.37,3599.68,3581.05,0.519,65.2,0.034,0,2026-09-02,2026-09-03,False,False,5.0,2026-09-03T14:46:19+05:30
ZENSARTECH,463.57,TOUCHED,0.17,inside,464.35,463.57,463.57,465.07,462.06,0.651,65.5,0.035,0,2026-09-02,2026-09-03,False,False,5.0,2026-09-03T14:46:19+05:30
JAINREC,279.72,TOUCHED,0.01,inside,279.75,279.72,279.72,280.93,278.5,0.87,65.9,0.064,0,2026-09-02,2026-09-03,False,False,5.0,2026-09-03T14:46:19+05:30
M&MFIN,367.72,TOUCHED,1.68,above,373.9,367.72,366.58,367.72,365.45,0.618,66.0,0.037,0,2026-09-02,2026-09-03,False,False,5.0,2026-09-03T14:46:19+05:30
KIRLOSENG,2152.57,TOUCHED,5.24,above,2265.3,2152.57,2144.23,2152.57,2135.9,0.777,66.3,0.035,0,2026-09-02,2026-09-03,False,False,5.0,2026-09-03T14:46:19+05:30
PETRONET,290.52,TOUCHED,0.17,inside,291.0,290.52,290.52,291.18,289.86,0.453,66.3,0.025,0,2026-09-02,2026-09-03,False,False,5.0,2026-09-03T14:46:19+05:30
BANKINDIA,142.67,TOUCHED,1.71,above,145.1,142.67,142.23,142.67,141.79,0.612,66.8,0.029,0,2026-09-02,2026-09-03,False,False,5.0,2026-09-03T14:46:19+05:30
AADHARHFC,474.18,TOUCHED,1.08,above,479.3,474.18,472.97,474.18,471.75,0.514,67.1,0.025,0,2026-09-02,2026-09-03,False,False,5.0,2026-09-03T14:46:19+05:30
INTELLECT,681.95,TOUCHED,-0.48,below,678.65,681.95,684.65,687.35,681.95,0.789,67.1,0.042,0,2026-09-02,2026-09-03,False,False,5.0,2026-09-03T14:46:19+05:30
CYIENT,1125.55,TOUCHED,-1.29,below,1111.0,1125.55,1128.9,1132.25,1125.55,0.594,67.4,0.029,0,2026-09-02,2026-09-03,False,False,5.0,2026-09-03T14:46:19+05:30
INDUSTOWER,375.98,TOUCHED,-0.46,below,374.25,375.98,376.98,377.99,375.98,0.535,67.7,0.022,0,2026-09-02,2026-09-03,False,False,5.0,2026-09-03T14:46:19+05:30
GABRIEL,1391.12,TOUCHED,-2.78,below,1352.4,1391.12,1397.33,1403.55,1391.12,0.89,67.9,0.033,0,2026-09-02,2026-09-03,False,False,5.0,2026-09-03T14:46:19+05:30
GRAVITA,1755.32,TOUCHED,-3.38,below,1696.0,1755.32,1761.53,1767.75,1755.32,0.706,67.9,0.033,0,2026-09-02,2026-09-03,False,False,5.0,2026-09-03T14:46:19+05:30
TATATECH,806.85,TOUCHED,-0.42,below,803.5,806.85,808.98,811.12,806.85,0.527,67.9,0.033,0,2026-09-02,2026-09-03,False,False,5.0,2026-09-03T14:46:19+05:30
CGCL,255.73,TOUCHED,6.44,above,272.2,255.73,254.87,255.73,254.0,0.68,68.2,0.053,0,2026-09-02,2026-09-03,False,False,5.0,2026-09-03T14:46:19+05:30
NAVINFLUOR,8515.08,TOUCHED,1.58,above,8650.0,8515.08,8487.67,8515.08,8460.25,0.646,68.2,0.045,0,2026-09-02,2026-09-03,False,False,5.0,2026-09-03T14:46:19+05:30
HDFCAMC,2502.75,TOUCHED,-0.54,below,2489.2,2502.75,2510.4,2518.05,2502.75,0.609,69.3,0.022,0,2026-09-02,2026-09-03,False,False,5.0,2026-09-03T14:46:19+05:30
RHIM,369.23,TOUCHED,0.44,above,370.85,369.23,367.95,369.23,366.68,0.693,69.3,0.031,0,2026-09-02,2026-09-03,False,False,5.0,2026-09-03T14:46:19+05:30
EMAMILTD,370.03,TOUCHED,-0.09,inside,369.7,370.03,370.03,371.03,369.04,0.536,69.6,0.023,0,2026-09-02,2026-09-03,False,False,5.0,2026-09-03T14:46:19+05:30
TCS,2338.17,TOUCHED,-0.2,inside,2333.5,2338.17,2338.17,2343.08,2333.25,0.421,69.6,0.029,0,2026-09-02,2026-09-03,False,False,5.0,2026-09-03T14:46:19+05:30
ABLBL,83.36,TOUCHED,0.26,inside,83.58,83.36,83.36,83.65,83.07,0.7,69.7,0.054,0,2026-09-02,2026-09-03,False,False,5.0,2026-09-03T14:46:19+05:30
CUMMINSIND,5074.0,TOUCHED,0.41,above,5095.0,5074.0,5059.5,5074.0,5045.0,0.573,69.9,0.018,0,2026-09-02,2026-09-03,False,False,5.0,2026-09-03T14:46:19+05:30
BAJFINANCE,1050.57,TOUCHED,-0.12,inside,1049.3,1050.57,1050.57,1053.23,1047.9,0.508,70.1,0.027,0,2026-09-02,2026-09-03,False,False,5.0,2026-09-03T14:46:19+05:30
CAPLIPOINT,2711.3,TOUCHED,4.45,above,2831.9,2711.3,2702.1,2711.3,2692.9,0.681,70.1,0.032,0,2026-09-02,2026-09-03,False,False,5.0,2026-09-03T14:46:19+05:30
SUZLON,45.92,TOUCHED,0.45,above,46.13,45.92,45.77,45.92,45.61,0.677,70.1,0.028,0,2026-09-02,2026-09-03,False,False,5.0,2026-09-03T14:46:19+05:30
GODFRYPHLP,2041.87,TOUCHED,0.03,inside,2042.5,2041.87,2041.87,2050.1,2033.63,0.806,70.4,0.04,0,2026-09-02,2026-09-03,False,False,5.0,2026-09-03T14:46:19+05:30
LTM,4550.0,TOUCHED,-0.53,below,4525.8,4550.0,4562.67,4575.33,4550.0,0.555,70.4,0.032,0,2026-09-02,2026-09-03,False,False,5.0,2026-09-03T14:46:19+05:30
ETERNAL,326.17,TOUCHED,0.04,above,326.3,326.17,325.03,326.17,323.9,0.697,70.7,0.024,0,2026-09-02,2026-09-03,False,False,5.0,2026-09-03T14:46:19+05:30
IPCALAB,1962.73,TOUCHED,-0.6,below,1951.0,1962.73,1968.97,1975.2,1962.73,0.633,71.0,0.032,0,2026-09-02,2026-09-03,False,False,5.0,2026-09-03T14:46:19+05:30
DRREDDY,1158.9,TOUCHED,-0.06,below,1158.2,1158.9,1161.3,1163.7,1158.9,0.413,71.2,0.017,0,2026-09-02,2026-09-03,False,False,5.0,2026-09-03T14:46:19+05:30
HEG,709.14,TOUCHED,-0.65,below,704.55,709.14,711.88,714.62,709.14,0.77,71.5,0.043,0,2026-09-02,2026-09-03,False,False,5.0,2026-09-03T14:46:19+05:30
RADICO,4461.83,TOUCHED,1.66,above,4535.9,4461.83,4447.47,4461.83,4433.1,0.646,71.5,0.023,0,2026-09-02,2026-09-03,False,False,5.0,2026-09-03T14:46:19+05:30
HAVELLS,1198.67,TOUCHED,-0.17,inside,1196.6,1198.67,1198.67,1201.5,1195.83,0.473,71.8,0.019,0,2026-09-02,2026-09-03,False,False,5.0,2026-09-03T14:46:19+05:30
LTTS,3516.55,TOUCHED,-0.31,below,3505.7,3516.55,3528.1,3539.65,3516.55,0.655,71.8,0.037,0,2026-09-02,2026-09-03,False,False,5.0,2026-09-03T14:46:19+05:30
SHRIRAMFIN,1043.68,TOUCHED,0.05,above,1044.2,1043.68,1040.37,1043.68,1037.05,0.638,71.8,0.033,0,2026-09-02,2026-09-03,False,False,5.0,2026-09-03T14:46:19+05:30
IDEA,14.46,TOUCHED,0.4,above,14.52,14.46,14.39,14.46,14.33,0.95,72.1,0.044,0,2026-09-02,2026-09-03,False,False,5.0,2026-09-03T14:46:19+05:30
ATUL,6447.5,TOUCHED,0.21,inside,6461.0,6447.5,6447.5,6466.5,6428.5,0.589,72.3,0.013,0,2026-09-02,2026-09-03,False,False,5.0,2026-09-03T14:46:19+05:30
VTL,589.49,TOUCHED,-0.47,below,586.7,589.49,591.53,593.58,589.49,0.69,72.3,0.029,0,2026-09-02,2026-09-03,False,False,5.0,2026-09-03T14:46:19+05:30
FSL,268.2,TOUCHED,-0.37,inside,267.2,268.2,268.2,269.3,267.1,0.82,72.6,0.034,0,2026-09-02,2026-09-03,False,False,5.0,2026-09-03T14:46:19+05:30
MARUTI,12820.67,TOUCHED,0.28,above,12856.0,12820.67,12792.33,12820.67,12764.0,0.443,72.6,0.015,0,2026-09-02,2026-09-03,False,False,5.0,2026-09-03T14:46:19+05:30
PIIND,2386.52,TOUCHED,1.33,above,2418.2,2386.52,2380.03,2386.52,2373.55,0.545,72.9,0.017,0,2026-09-02,2026-09-03,False,False,5.0,2026-09-03T14:46:19+05:30
AEGISLOG,1236.68,TOUCHED,4.17,above,1288.2,1236.68,1231.57,1236.68,1226.45,0.831,73.2,0.033,0,2026-09-02,2026-09-03,False,False,5.0,2026-09-03T14:46:19+05:30
IRCTC,474.88,TOUCHED,0.08,inside,475.25,474.88,474.88,476.03,473.74,0.481,73.4,0.043,0,2026-09-02,2026-09-03,False,False,5.0,2026-09-03T14:46:19+05:30
ZEEL,91.37,TOUCHED,0.27,inside,91.62,91.37,91.37,91.77,90.97,0.876,73.4,0.045,0,2026-09-02,2026-09-03,False,False,5.0,2026-09-03T14:46:19+05:30
UNOMINDA,1250.15,TOUCHED,0.09,above,1251.3,1250.15,1245.43,1250.15,1240.72,0.757,74.0,0.047,0,2026-09-02,2026-09-03,False,False,5.0,2026-09-03T14:46:19+05:30
ECLERX,1974.7,TOUCHED,-1.61,below,1942.9,1974.7,1984.63,1994.57,1974.7,1.001,74.2,0.042,0,2026-09-02,2026-09-03,False,False,5.0,2026-09-03T14:46:19+05:30
NMDC,85.0,TOUCHED,-0.24,below,84.8,85.0,85.25,85.5,85.0,0.587,74.2,0.028,0,2026-09-02,2026-09-03,False,False,5.0,2026-09-03T14:46:19+05:30
COLPAL,1852.0,TOUCHED,-0.11,inside,1849.9,1852.0,1852.0,1856.75,1847.25,0.513,74.5,0.025,0,2026-09-02,2026-09-03,False,False,5.0,2026-09-03T14:46:19+05:30
IRB,19.35,TOUCHED,2.48,above,19.83,19.35,19.29,19.35,19.24,0.587,74.5,0.038,0,2026-09-02,2026-09-03,False,False,5.0,2026-09-03T14:46:19+05:30
UNITDSPR,1465.72,TOUCHED,1.33,above,1485.2,1465.72,1461.93,1465.72,1458.15,0.518,74.5,0.033,0,2026-09-02,2026-09-03,False,False,5.0,2026-09-03T14:46:19+05:30
TMCV,452.88,TOUCHED,1.05,above,457.65,452.88,451.07,452.88,449.26,0.802,75.0,0.024,0,2026-09-02,2026-09-03,False,False,5.0,2026-09-03T14:46:19+05:30
NSLNISP,45.85,TOUCHED,-0.88,below,45.45,45.85,46.01,46.18,45.85,0.703,75.1,0.033,0,2026-09-02,2026-09-03,False,False,5.0,2026-09-03T14:46:19+05:30
BLUESTARCO,1461.75,TOUCHED,1.98,above,1490.7,1461.75,1456.27,1461.75,1450.78,0.753,75.6,0.05,0,2026-09-02,2026-09-03,False,False,5.0,2026-09-03T14:46:19+05:30
CONCOR,511.5,TOUCHED,-0.72,below,507.8,511.5,513.0,514.5,511.5,0.585,76.4,0.034,0,2026-09-02,2026-09-03,False,False,5.0,2026-09-03T14:46:19+05:30
BHEL,425.81,TOUCHED,1.28,above,431.25,425.81,424.12,425.81,422.43,0.798,76.7,0.042,0,2026-09-02,2026-09-03,False,False,5.0,2026-09-03T14:46:19+05:30
JSWDULUX,3153.13,TOUCHED,0.05,above,3154.7,3153.13,3142.97,3153.13,3132.8,0.647,76.7,0.022,0,2026-09-02,2026-09-03,False,False,5.0,2026-09-03T14:46:19+05:30
AIAENG,4200.5,TOUCHED,2.1,above,4288.6,4200.5,4186.9,4200.5,4173.3,0.65,77.0,0.047,0,2026-09-02,2026-09-03,False,False,5.0,2026-09-03T14:46:19+05:30
SAIL,195.78,TOUCHED,1.07,above,197.87,195.78,195.05,195.78,194.33,0.742,77.0,0.024,0,2026-09-02,2026-09-03,False,False,5.0,2026-09-03T14:46:19+05:30
JUBLFOOD,483.32,TOUCHED,0.07,inside,483.65,483.32,483.32,484.91,481.73,0.659,77.3,0.018,0,2026-09-02,2026-09-03,False,False,5.0,2026-09-03T14:46:19+05:30
VMM,107.35,TOUCHED,-0.7,below,106.6,107.35,107.76,108.16,107.35,0.755,77.5,0.026,0,2026-09-02,2026-09-03,False,False,5.0,2026-09-03T14:46:19+05:30
ICICIPRULI,496.28,TOUCHED,-0.27,inside,494.95,496.28,496.28,497.89,494.68,0.648,77.8,0.023,0,2026-09-02,2026-09-03,False,False,5.0,2026-09-03T14:46:19+05:30
JYOTICNC,969.02,TOUCHED,5.3,above,1020.35,969.02,964.57,969.02,960.11,0.924,77.8,0.031,0,2026-09-02,2026-09-03,False,False,5.0,2026-09-03T14:46:19+05:30
AFFLE,1523.6,TOUCHED,-0.18,below,1520.8,1523.6,1529.3,1535.0,1523.6,0.745,78.4,0.032,0,2026-09-02,2026-09-03,False,False,5.0,2026-09-03T14:46:19+05:30
BLUEDART,5032.48,TOUCHED,-0.08,below,5028.7,5032.48,5047.47,5062.45,5032.48,0.594,78.4,0.017,0,2026-09-02,2026-09-03,False,False,5.0,2026-09-03T14:46:19+05:30
MEDANTA,1450.37,TOUCHED,-2.35,below,1416.3,1450.37,1455.83,1461.3,1450.37,0.751,78.4,0.028,0,2026-09-02,2026-09-03,False,False,5.0,2026-09-03T14:46:19+05:30
EIHOTEL,288.9,TOUCHED,0.62,above,290.7,288.9,287.87,288.9,286.83,0.718,78.6,0.03,0,2026-09-02,2026-09-03,False,False,5.0,2026-09-03T14:46:19+05:30
BALKRISIND,2313.53,TOUCHED,0.01,inside,2313.8,2313.53,2313.53,2321.32,2305.75,0.673,78.9,0.027,0,2026-09-02,2026-09-03,False,False,5.0,2026-09-03T14:46:19+05:30
TORNTPHARM,4972.25,TOUCHED,-0.5,below,4947.5,4972.25,4985.5,4998.75,4972.25,0.532,79.2,0.023,0,2026-09-02,2026-09-03,False,False,5.0,2026-09-03T14:46:19+05:30
CHOLAHLDNG,1482.33,TOUCHED,1.35,above,1502.3,1482.33,1475.67,1482.33,1469.0,0.904,79.5,0.025,0,2026-09-02,2026-09-03,False,False,5.0,2026-09-03T14:46:19+05:30
WOCKPHARMA,1894.37,TOUCHED,3.08,above,1952.8,1894.37,1884.43,1894.37,1874.5,1.054,79.5,0.059,0,2026-09-02,2026-09-03,False,False,5.0,2026-09-03T14:46:19+05:30
KEI,5233.5,TOUCHED,1.4,above,5307.0,5233.5,5212.33,5233.5,5191.17,0.812,79.7,0.025,0,2026-09-02,2026-09-03,False,False,5.0,2026-09-03T14:46:19+05:30
PATANJALI,342.05,TOUCHED,-0.37,below,340.8,342.05,343.03,344.02,342.05,0.573,79.7,0.015,0,2026-09-02,2026-09-03,False,False,5.0,2026-09-03T14:46:19+05:30
ENDURANCE,2766.65,TOUCHED,-0.18,below,2761.8,2766.65,2777.4,2788.15,2766.65,0.774,80.0,0.043,0,2026-09-02,2026-09-03,False,False,5.0,2026-09-03T14:46:19+05:30
SAREGAMA,483.75,TOUCHED,0.26,above,485.0,483.75,481.6,483.75,479.45,0.893,80.0,0.044,0,2026-09-02,2026-09-03,False,False,5.0,2026-09-03T14:46:19+05:30
MANKIND,2366.35,TOUCHED,-0.17,below,2362.4,2366.35,2374.73,2383.12,2366.35,0.706,80.3,0.038,0,2026-09-02,2026-09-03,False,False,5.0,2026-09-03T14:46:19+05:30
NCC,144.14,TOUCHED,2.16,above,147.26,144.14,143.6,144.14,143.07,0.747,80.3,0.027,0,2026-09-02,2026-09-03,False,False,5.0,2026-09-03T14:46:19+05:30
TRITURBINE,569.75,TOUCHED,0.27,inside,571.3,569.75,569.75,572.02,567.48,0.799,80.3,0.021,0,2026-09-02,2026-09-03,False,False,5.0,2026-09-03T14:46:19+05:30
DEEPAKNTR,1740.62,TOUCHED,-0.68,below,1728.7,1740.62,1747.13,1753.65,1740.62,0.746,80.5,0.028,0,2026-09-02,2026-09-03,False,False,5.0,2026-09-03T14:46:19+05:30
ZFCVINDIA,2544.0,TOUCHED,-0.53,below,2530.6,2544.0,2553.4,2562.8,2544.0,0.736,80.5,0.036,0,2026-09-02,2026-09-03,False,False,5.0,2026-09-03T14:46:19+05:30
BRITANNIA,5124.0,TOUCHED,0.06,inside,5127.0,5124.0,5124.0,5139.0,5109.0,0.585,80.8,0.021,0,2026-09-02,2026-09-03,False,False,5.0,2026-09-03T14:46:19+05:30
HSCL,662.7,TOUCHED,-0.38,below,660.2,662.7,665.8,668.9,662.7,0.931,80.8,0.039,0,2026-09-02,2026-09-03,False,False,5.0,2026-09-03T14:46:19+05:30
IOC,136.56,TOUCHED,0.18,above,136.8,136.56,136.12,136.56,135.68,0.649,81.1,0.02,0,2026-09-02,2026-09-03,False,False,5.0,2026-09-03T14:46:19+05:30
TITAN,5031.75,TOUCHED,-0.54,below,5004.5,5031.75,5045.83,5059.92,5031.75,0.558,81.1,0.015,0,2026-09-02,2026-09-03,False,False,5.0,2026-09-03T14:46:19+05:30
EXIDEIND,427.13,TOUCHED,-0.92,below,423.2,427.13,428.62,430.1,427.13,0.692,81.4,0.027,0,2026-09-02,2026-09-03,False,False,5.0,2026-09-03T14:46:19+05:30
CONCORDBIO,1452.15,TOUCHED,-0.28,below,1448.1,1452.15,1459.5,1466.85,1452.15,1.007,81.6,0.022,0,2026-09-02,2026-09-03,False,False,5.0,2026-09-03T14:46:19+05:30
INDIGO,5001.42,TOUCHED,0.0,above,5001.5,5001.42,4982.83,5001.42,4964.25,0.746,81.9,0.024,0,2026-09-02,2026-09-03,False,False,5.0,2026-09-03T14:46:19+05:30
UBL,1286.13,TOUCHED,-0.29,below,1282.4,1286.13,1289.67,1293.2,1286.13,0.548,81.9,0.026,0,2026-09-02,2026-09-03,False,False,5.0,2026-09-03T14:46:19+05:30
TENNIND,514.65,TOUCHED,0.35,inside,516.45,514.65,514.65,517.22,512.07,1.001,82.4,0.018,0,2026-09-02,2026-09-03,False,False,5.0,2026-09-03T14:46:19+05:30
LTFOODS,440.56,TOUCHED,0.52,above,442.85,440.56,438.67,440.56,436.77,0.862,82.7,0.036,0,2026-09-02,2026-09-03,False,False,5.0,2026-09-03T14:46:19+05:30
TMPV,310.45,TOUCHED,0.16,inside,310.95,310.45,310.45,311.6,309.3,0.741,83.0,0.02,0,2026-09-02,2026-09-03,False,False,5.0,2026-09-03T14:46:19+05:30
NYKAA,333.57,TOUCHED,-0.22,below,332.85,333.57,334.85,336.12,333.57,0.762,83.3,0.028,0,2026-09-02,2026-09-03,False,False,5.0,2026-09-03T14:46:19+05:30
RKFORGE,729.4,TOUCHED,-0.26,below,727.5,729.4,732.7,736.0,729.4,0.901,83.3,0.044,0,2026-09-02,2026-09-03,False,False,5.0,2026-09-03T14:46:19+05:30
WIPRO,177.59,TOUCHED,-0.47,below,176.75,177.59,178.09,178.6,177.59,0.563,83.3,0.013,0,2026-09-02,2026-09-03,False,False,5.0,2026-09-03T14:46:19+05:30
BPCL,318.35,TOUCHED,0.41,above,319.65,318.35,317.1,318.35,315.85,0.788,83.6,0.021,0,2026-09-02,2026-09-03,False,False,5.0,2026-09-03T14:46:19+05:30
GRASIM,3285.57,TOUCHED,0.17,above,3291.0,3285.57,3276.23,3285.57,3266.9,0.57,83.8,0.017,0,2026-09-02,2026-09-03,False,False,5.0,2026-09-03T14:46:19+05:30
IGIL,328.95,TOUCHED,-1.37,below,324.45,328.95,330.7,332.45,328.95,1.058,84.4,0.029,0,2026-09-02,2026-09-03,False,False,5.0,2026-09-03T14:46:19+05:30
ULTRACEMCO,11323.67,TOUCHED,-0.05,inside,11318.0,11323.67,11323.67,11358.33,11289.0,0.612,86.0,0.023,0,2026-09-02,2026-09-03,False,False,5.0,2026-09-03T14:46:19+05:30
AUROPHARMA,1654.57,TOUCHED,-1.24,below,1634.0,1654.57,1660.93,1667.3,1654.57,0.767,86.3,0.039,0,2026-09-02,2026-09-03,False,False,5.0,2026-09-03T14:46:19+05:30
ADANIENSOL,1381.87,TOUCHED,0.09,inside,1383.1,1381.87,1381.87,1389.23,1374.5,1.066,86.6,0.031,0,2026-09-02,2026-09-03,False,False,5.0,2026-09-03T14:46:19+05:30
AARTIIND,507.46,TOUCHED,-0.86,below,503.1,507.46,509.72,511.98,507.46,0.886,87.1,0.03,0,2026-09-02,2026-09-03,False,False,5.0,2026-09-03T14:46:19+05:30
ERIS,1301.3,TOUCHED,-0.18,inside,1298.9,1301.3,1301.3,1307.5,1295.1,0.953,87.4,0.031,0,2026-09-02,2026-09-03,False,False,5.0,2026-09-03T14:46:19+05:30
FEDERALBNK,349.35,TOUCHED,-0.96,below,346.0,349.35,350.68,352.02,349.35,0.76,87.4,0.027,0,2026-09-02,2026-09-03,False,False,5.0,2026-09-03T14:46:19+05:30
OIL,491.82,TOUCHED,-0.39,below,489.9,491.82,493.93,496.04,491.82,0.854,87.4,0.021,0,2026-09-02,2026-09-03,False,False,5.0,2026-09-03T14:46:19+05:30
PAGEIND,35915.0,TOUCHED,0.22,inside,35995.0,35915.0,35915.0,36057.5,35772.5,0.794,87.7,0.025,0,2026-09-02,2026-09-03,False,False,5.0,2026-09-03T14:46:19+05:30
ZENTEC,1806.87,TOUCHED,0.6,inside,1817.7,1806.87,1806.87,1817.98,1795.75,1.23,87.7,0.017,0,2026-09-02,2026-09-03,False,False,5.0,2026-09-03T14:46:19+05:30
GODREJPROP,1960.4,TOUCHED,1.5,above,1989.9,1960.4,1950.1,1960.4,1939.8,1.056,87.9,0.048,0,2026-09-02,2026-09-03,False,False,5.0,2026-09-03T14:46:19+05:30
LAURUSLABS,1855.35,TOUCHED,0.42,above,1863.2,1855.35,1846.7,1855.35,1838.05,0.937,87.9,0.018,0,2026-09-02,2026-09-03,False,False,5.0,2026-09-03T14:46:19+05:30
VIJAYA,1495.37,TOUCHED,0.47,inside,1502.4,1495.37,1495.37,1502.5,1488.23,0.954,88.5,0.036,0,2026-09-02,2026-09-03,False,False,5.0,2026-09-03T14:46:19+05:30
FINCABLES,1211.0,TOUCHED,4.0,above,1259.5,1211.0,1204.4,1211.0,1197.8,1.096,89.3,0.019,0,2026-09-02,2026-09-03,False,False,5.0,2026-09-03T14:46:19+05:30
BBTC,1507.07,TOUCHED,-0.38,inside,1501.4,1507.07,1507.07,1514.25,1499.88,0.953,89.6,0.029,0,2026-09-02,2026-09-03,False,False,5.0,2026-09-03T14:46:19+05:30
ABB,7415.92,TOUCHED,0.44,above,7448.5,7415.92,7384.33,7415.92,7352.75,0.855,89.9,0.029,0,2026-09-02,2026-09-03,False,False,5.0,2026-09-03T14:46:19+05:30
CARBORUNIV,1082.53,TOUCHED,0.23,inside,1085.0,1082.53,1082.53,1088.05,1077.02,1.019,90.1,0.029,0,2026-09-02,2026-09-03,False,False,5.0,2026-09-03T14:46:19+05:30
MANAPPURAM,339.17,TOUCHED,0.07,above,339.4,339.17,337.43,339.17,335.7,1.027,91.0,0.027,0,2026-09-02,2026-09-03,False,False,5.0,2026-09-03T14:46:19+05:30
VBL,410.82,TOUCHED,-0.14,inside,410.25,410.82,410.82,412.91,408.73,1.018,91.5,0.03,0,2026-09-02,2026-09-03,False,False,5.0,2026-09-03T14:46:19+05:30
LICHSGFIN,538.73,TOUCHED,2.52,above,552.3,538.73,536.22,538.73,533.7,0.939,92.1,0.018,0,2026-09-02,2026-09-03,False,False,5.0,2026-09-03T14:46:19+05:30
ADANIGREEN,1278.47,TOUCHED,0.61,inside,1286.3,1278.47,1278.47,1287.23,1269.7,1.371,92.6,0.04,0,2026-09-02,2026-09-03,False,False,5.0,2026-09-03T14:46:19+05:30
HFCL,228.16,TOUCHED,-3.57,below,220.01,228.16,230.06,231.95,228.16,1.646,93.2,0.031,0,2026-09-02,2026-09-03,False,False,5.0,2026-09-03T14:46:19+05:30
NIVABUPA,81.15,TOUCHED,-0.69,below,80.59,81.15,81.57,81.99,81.15,1.03,93.2,0.018,0,2026-09-02,2026-09-03,False,False,5.0,2026-09-03T14:46:19+05:30
THERMAX,3776.43,TOUCHED,-0.81,below,3745.8,3776.43,3800.37,3824.3,3776.43,1.26,93.2,0.023,0,2026-09-02,2026-09-03,False,False,5.0,2026-09-03T14:46:19+05:30
BALRAMCHIN,665.43,TOUCHED,6.42,above,708.15,665.43,661.12,665.43,656.8,1.306,93.7,0.025,0,2026-09-02,2026-09-03,False,False,5.0,2026-09-03T14:46:19+05:30
KALYANKJIL,585.33,TOUCHED,0.33,above,587.25,585.33,580.65,585.33,575.98,1.61,93.7,0.039,0,2026-09-02,2026-09-03,False,False,5.0,2026-09-03T14:46:19+05:30
INDHOTEL,724.09,TOUCHED,0.56,above,728.15,724.09,720.48,724.09,716.88,1.002,94.0,0.018,0,2026-09-02,2026-09-03,False,False,5.0,2026-09-03T14:46:19+05:30
BAJAJFINSV,1981.53,TOUCHED,0.08,above,1983.1,1981.53,1973.07,1981.53,1964.6,0.858,94.5,0.02,0,2026-09-02,2026-09-03,False,False,5.0,2026-09-03T14:46:19+05:30
KAJARIACER,1253.27,TOUCHED,0.37,above,1257.9,1253.27,1245.43,1253.27,1237.6,1.258,94.8,0.028,0,2026-09-02,2026-09-03,False,False,5.0,2026-09-03T14:46:19+05:30
360ONE,1163.73,TOUCHED,-0.55,inside,1157.3,1163.73,1163.73,1172.52,1154.95,1.51,95.9,0.031,0,2026-09-02,2026-09-03,False,False,5.0,2026-09-03T14:46:19+05:30
AIIL,517.78,TOUCHED,-0.42,inside,515.6,517.78,517.78,522.95,512.62,1.996,95.9,0.044,0,2026-09-02,2026-09-03,False,False,5.0,2026-09-03T14:46:19+05:30
SHREECEM,23576.67,TOUCHED,1.01,above,23815.0,23576.67,23473.33,23576.67,23370.0,0.88,95.9,0.013,0,2026-09-02,2026-09-03,False,False,5.0,2026-09-03T14:46:19+05:30
VOLTAS,1167.67,TOUCHED,0.49,inside,1173.4,1167.67,1167.67,1175.45,1159.88,1.333,95.9,0.037,0,2026-09-02,2026-09-03,False,False,5.0,2026-09-03T14:46:19+05:30
AEGISVOPAK,283.3,TOUCHED,2.17,above,289.45,283.3,280.3,283.3,277.3,2.141,96.2,0.041,0,2026-09-02,2026-09-03,False,False,5.0,2026-09-03T14:46:19+05:30
SAILIFE,1563.67,TOUCHED,0.58,inside,1572.7,1563.67,1563.67,1575.33,1552.0,1.492,96.2,0.04,0,2026-09-02,2026-09-03,False,False,5.0,2026-09-03T14:46:19+05:30
TVSMOTOR,4154.97,TOUCHED,0.42,inside,4172.3,4154.97,4154.97,4177.48,4132.45,1.084,96.7,0.021,0,2026-09-02,2026-09-03,False,False,5.0,2026-09-03T14:46:19+05:30
COCHINSHIP,1463.0,V+N,1.62,above,1486.7,1463.0,1463.0,1463.0,1463.0,0.0,0.0,0.041,1,2026-09-02,2026-09-03,True,True,5.0,2026-09-03T19:27:45+05:30
PERSISTENT,5689.25,V+N,-0.57,below,5657.0,5689.25,5689.5,5689.75,5689.25,0.009,2.5,0.016,1,2026-09-02,2026-09-03,True,True,5.0,2026-09-03T19:27:45+05:30
SBFC,99.22,V+N,0.69,above,99.9,99.22,99.21,99.22,99.19,0.024,4.1,0.03,1,2026-09-02,2026-09-03,True,True,5.0,2026-09-03T19:27:45+05:30
TATAPOWER,361.19,V+W,1.25,above,365.7,361.19,358.38,361.19,355.57,1.567,99.7,0.023,1,2026-09-02,2026-09-03,True,False,5.0,2026-09-03T19:27:45+05:30
BRIGADE,640.3,V,11.24,above,712.3,640.3,640.2,640.3,640.1,0.031,6.8,0.024,1,2026-09-02,2026-09-03,True,False,5.0,2026-09-03T19:27:45+05:30
OLECTRA,1238.58,V,0.5,above,1244.8,1238.58,1238.27,1238.58,1237.95,0.051,7.1,0.033,1,2026-09-02,2026-09-03,True,False,5.0,2026-09-03T19:27:45+05:30
NATIONALUM,370.5,V,0.94,above,374.0,370.5,370.33,370.5,370.17,0.09,9.0,0.041,1,2026-09-02,2026-09-03,True,False,5.0,2026-09-03T19:27:45+05:30
JWL,239.7,V,0.58,above,241.09,239.7,239.59,239.7,239.48,0.092,9.9,0.042,1,2026-09-02,2026-09-03,True,False,5.0,2026-09-03T19:27:45+05:30
ATHERENERG,1687.07,V,-2.86,below,1638.9,1687.07,1688.03,1689.0,1687.07,0.115,10.7,0.065,1,2026-09-02,2026-09-03,True,False,5.0,2026-09-03T19:27:45+05:30
CHAMBLFERT,411.28,V,1.71,above,418.3,411.28,411.12,411.28,410.95,0.081,11.0,0.035,1,2026-09-02,2026-09-03,True,False,5.0,2026-09-03T19:27:45+05:30
TATACAP,364.64,V,1.98,above,371.85,364.64,364.53,364.64,364.43,0.059,11.2,0.016,1,2026-09-02,2026-09-03,True,False,5.0,2026-09-03T19:27:45+05:30
DEEPAKFERT,1417.45,V,-4.34,below,1355.9,1417.45,1418.2,1418.95,1417.45,0.106,11.8,0.044,1,2026-09-02,2026-09-03,True,False,5.0,2026-09-03T19:27:45+05:30
ITCHOTELS,158.55,V,1.07,above,160.25,158.55,158.48,158.55,158.4,0.097,12.3,0.038,1,2026-09-02,2026-09-03,True,False,5.0,2026-09-03T19:27:45+05:30
GMDCLTD,559.2,V,1.19,above,565.85,559.2,558.68,559.2,558.17,0.185,13.7,0.073,1,2026-09-02,2026-09-03,True,False,5.0,2026-09-03T19:27:45+05:30
GVT&D,4237.62,V,2.94,above,4362.0,4237.62,4235.23,4237.62,4232.85,0.113,14.2,0.025,1,2026-09-02,2026-09-03,True,False,5.0,2026-09-03T19:27:45+05:30
AAVAS,1260.9,V,2.93,above,1297.8,1260.9,1260.17,1260.9,1259.43,0.116,15.3,0.027,1,2026-09-02,2026-09-03,True,False,5.0,2026-09-03T19:27:45+05:30
ICICIBANK,1428.35,V,0.12,above,1430.0,1428.35,1427.73,1428.35,1427.12,0.086,17.3,0.024,1,2026-09-02,2026-09-03,True,False,5.0,2026-09-03T19:27:45+05:30
DATAPATTNS,4510.73,V,1.7,above,4587.3,4510.73,4504.77,4510.73,4498.8,0.265,17.5,0.075,1,2026-09-02,2026-09-03,True,False,5.0,2026-09-03T19:27:45+05:30
MMTC,62.04,V,0.45,above,62.32,62.04,61.99,62.04,61.93,0.183,17.5,0.051,1,2026-09-02,2026-09-03,True,False,5.0,2026-09-03T19:27:45+05:30
KARURVYSYA,347.43,V,0.74,above,350.0,347.43,347.15,347.43,346.88,0.158,18.4,0.041,1,2026-09-02,2026-09-03,True,False,5.0,2026-09-03T19:27:45+05:30
ITI,267.48,V,0.36,above,268.45,267.48,267.25,267.48,267.02,0.168,18.6,0.033,1,2026-09-02,2026-09-03,True,False,5.0,2026-09-03T19:27:45+05:30
COROMANDEL,1912.98,V,0.96,above,1931.3,1912.98,1911.37,1912.98,1909.75,0.169,19.2,0.033,1,2026-09-02,2026-09-03,True,False,5.0,2026-09-03T19:27:45+05:30
ABREL,1334.5,V,3.18,above,1376.9,1334.5,1333.37,1334.5,1332.23,0.17,19.7,0.024,1,2026-09-02,2026-09-03,True,False,5.0,2026-09-03T19:27:45+05:30
RVNL,205.81,V,1.7,above,209.3,205.81,205.61,205.81,205.42,0.19,20.5,0.034,1,2026-09-02,2026-09-03,True,False,5.0,2026-09-03T19:27:45+05:30
INDUSINDBK,977.15,V,2.83,above,1004.8,977.15,976.3,977.15,975.45,0.174,23.3,0.027,1,2026-09-02,2026-09-03,True,False,5.0,2026-09-03T19:27:45+05:30
IREDA,112.87,V,0.12,above,113.0,112.87,112.76,112.87,112.66,0.186,23.8,0.047,1,2026-09-02,2026-09-03,True,False,5.0,2026-09-03T19:27:45+05:30
MAZDOCK,2456.5,V,0.71,above,2474.0,2456.5,2454.0,2456.5,2451.5,0.204,24.9,0.042,1,2026-09-02,2026-09-03,True,False,5.0,2026-09-03T19:27:45+05:30
ANGELONE,278.85,V,2.56,above,286.0,278.85,278.45,278.85,278.05,0.287,25.2,0.029,1,2026-09-02,2026-09-03,True,False,5.0,2026-09-03T19:27:45+05:30
USHAMART,503.2,V,2.47,above,515.65,503.2,502.67,503.2,502.13,0.212,26.6,0.035,1,2026-09-02,2026-09-03,True,False,5.0,2026-09-03T19:27:45+05:30
ACE,1087.55,V,5.33,above,1145.5,1087.55,1086.2,1087.55,1084.86,0.248,28.2,0.049,1,2026-09-02,2026-09-03,True,False,5.0,2026-09-03T19:27:45+05:30
JUBLINGREA,686.25,V,0.63,above,690.55,686.25,685.37,686.25,684.48,0.258,28.5,0.034,1,2026-09-02,2026-09-03,True,False,5.0,2026-09-03T19:27:45+05:30
NHPC,75.86,V,0.77,above,76.45,75.86,75.79,75.86,75.72,0.189,28.5,0.031,1,2026-09-02,2026-09-03,True,False,5.0,2026-09-03T19:27:45+05:30
HUDCO,178.13,V,1.65,above,181.07,178.13,177.92,178.13,177.7,0.244,28.8,0.035,1,2026-09-02,2026-09-03,True,False,5.0,2026-09-03T19:27:45+05:30
SUNTV,460.07,V,1.27,above,465.9,460.07,459.53,460.07,459.0,0.232,29.0,0.024,1,2026-09-02,2026-09-03,True,False,5.0,2026-09-03T19:27:45+05:30
IRCON,118.08,V,0.52,above,118.69,118.08,117.9,118.08,117.73,0.294,29.9,0.042,1,2026-09-02,2026-09-03,True,False,5.0,2026-09-03T19:27:45+05:30
HEXT,544.47,V,-2.82,below,529.1,544.47,545.33,546.2,544.47,0.318,31.0,0.046,1,2026-09-02,2026-09-03,True,False,5.0,2026-09-03T19:27:45+05:30
KPIL,1408.62,V,0.64,above,1417.7,1408.62,1406.73,1408.62,1404.85,0.268,31.0,0.041,1,2026-09-02,2026-09-03,True,False,5.0,2026-09-03T19:27:45+05:30
GALLANTT,554.46,V,3.28,above,572.65,554.46,553.52,554.46,552.58,0.34,32.3,0.062,1,2026-09-02,2026-09-03,True,False,5.0,2026-09-03T19:27:45+05:30
IEX,118.73,V,0.35,above,119.15,118.73,118.6,118.73,118.47,0.216,34.2,0.028,1,2026-09-02,2026-09-03,True,False,5.0,2026-09-03T19:27:45+05:30
NBCC,84.84,V,1.95,above,86.5,84.84,84.69,84.84,84.53,0.37,35.6,0.047,1,2026-09-02,2026-09-03,True,False,5.0,2026-09-03T19:27:45+05:30
ONESOURCE,1541.77,V,2.2,above,1575.7,1541.77,1539.13,1541.77,1536.5,0.342,36.2,0.047,1,2026-09-02,2026-09-03,True,False,5.0,2026-09-03T19:27:45+05:30
PNBHOUSING,1139.57,V,0.52,above,1145.5,1139.57,1138.13,1139.57,1136.7,0.252,36.2,0.027,1,2026-09-02,2026-09-03,True,False,5.0,2026-09-03T19:27:45+05:30
SOBHA,1235.45,V,1.91,above,1259.1,1235.45,1233.67,1235.45,1231.88,0.289,36.2,0.029,1,2026-09-02,2026-09-03,True,False,5.0,2026-09-03T19:27:45+05:30
BANDHANBNK,161.27,V,1.83,above,164.23,161.27,161.03,161.27,160.78,0.306,37.3,0.026,1,2026-09-02,2026-09-03,True,False,5.0,2026-09-03T19:27:45+05:30
TORNTPOWER,1246.75,V,3.41,above,1289.3,1246.75,1244.6,1246.75,1242.45,0.345,40.3,0.035,1,2026-09-02,2026-09-03,True,False,5.0,2026-09-03T19:27:45+05:30
INDIANB,877.6,V,1.27,above,888.75,877.6,876.4,877.6,875.2,0.274,41.1,0.025,1,2026-09-02,2026-09-03,True,False,5.0,2026-09-03T19:27:45+05:30
SAGILITY,46.6,V,0.43,above,46.8,46.6,46.5,46.6,46.4,0.43,41.9,0.045,1,2026-09-02,2026-09-03,True,False,5.0,2026-09-03T19:27:45+05:30
CUB,230.12,V,1.84,above,234.36,230.12,229.64,230.12,229.15,0.424,42.2,0.034,1,2026-09-02,2026-09-03,True,False,5.0,2026-09-03T19:27:45+05:30
CESC,146.21,V,1.2,above,147.96,146.21,145.98,146.21,145.75,0.317,42.5,0.037,1,2026-09-02,2026-09-03,True,False,5.0,2026-09-03T19:27:45+05:30
HDFCBANK,702.83,V,0.54,above,706.65,702.83,702.15,702.83,701.47,0.192,42.5,0.02,1,2026-09-02,2026-09-03,True,False,5.0,2026-09-03T19:27:45+05:30
MAHABANK,82.81,V,4.24,above,86.32,82.81,82.67,82.81,82.54,0.327,42.5,0.042,1,2026-09-02,2026-09-03,True,False,5.0,2026-09-03T19:27:45+05:30
ACC,1265.25,V,0.53,above,1272.0,1265.25,1263.9,1265.25,1262.55,0.214,43.0,0.035,1,2026-09-02,2026-09-03,True,False,5.0,2026-09-03T19:27:45+05:30
LICI,409.65,V,1.77,above,416.9,409.65,409.18,409.65,408.72,0.228,43.3,0.031,1,2026-09-02,2026-09-03,True,False,5.0,2026-09-03T19:27:45+05:30
CHENNPETRO,1410.33,V,2.1,above,1440.0,1410.33,1406.67,1410.33,1403.0,0.521,44.1,0.026,1,2026-09-02,2026-09-03,True,False,5.0,2026-09-03T19:27:45+05:30
AXISBANK,1258.45,V,0.68,above,1267.0,1258.45,1256.93,1258.45,1255.42,0.241,45.2,0.024,1,2026-09-02,2026-09-03,True,False,5.0,2026-09-03T19:27:45+05:30
SBICARD,634.18,V,4.23,above,661.0,634.18,633.22,634.18,632.25,0.305,45.2,0.03,1,2026-09-02,2026-09-03,True,False,5.0,2026-09-03T19:27:45+05:30
HBLENGINE,658.63,V,1.05,above,665.55,658.63,657.07,658.63,655.5,0.477,46.8,0.035,1,2026-09-02,2026-09-03,True,False,5.0,2026-09-03T19:27:45+05:30
GRANULES,830.17,V,2.85,above,853.85,830.17,828.58,830.17,827.0,0.382,47.1,0.038,1,2026-09-02,2026-09-03,True,False,5.0,2026-09-03T19:27:45+05:30
CENTRALBK,30.32,V,1.5,above,30.77,30.32,30.26,30.32,30.21,0.352,48.2,0.032,1,2026-09-02,2026-09-03,True,False,5.0,2026-09-03T19:27:45+05:30
EMMVEE,323.69,V,0.84,above,326.4,323.69,322.68,323.69,321.68,0.625,49.0,0.045,1,2026-09-02,2026-09-03,True,False,5.0,2026-09-03T19:27:45+05:30
HDBFS,674.17,V,2.86,above,693.45,674.17,673.13,674.17,672.1,0.307,51.0,0.023,1,2026-09-02,2026-09-03,True,False,5.0,2026-09-03T19:27:45+05:30
PWL,115.09,V,4.79,above,120.6,115.09,114.7,115.09,114.31,0.671,53.0,0.07,1,2026-09-02,2026-09-03,True,False,5.0,2026-09-03T19:27:45+05:30
AFCONS,284.53,V,3.58,above,294.7,284.53,283.95,284.53,283.38,0.405,54.5,0.023,1,2026-09-02,2026-09-03,True,False,5.0,2026-09-03T19:27:45+05:30
GMRAIRPORT,93.79,V,3.28,above,96.87,93.79,93.6,93.79,93.4,0.417,54.8,0.02,1,2026-09-02,2026-09-03,True,False,5.0,2026-09-03T19:27:45+05:30
URBANCO,171.27,V,3.62,above,177.46,171.27,170.69,171.27,170.12,0.672,55.2,0.045,1,2026-09-02,2026-09-03,True,False,5.0,2026-09-03T19:27:45+05:30
BSE,3198.25,V,3.37,above,3306.1,3198.25,3188.17,3198.25,3178.08,0.633,56.4,0.024,1,2026-09-02,2026-09-03,True,False,5.0,2026-09-03T19:27:45+05:30
ELECON,415.16,V,5.01,above,435.95,415.16,413.72,415.16,412.28,0.697,56.4,0.036,1,2026-09-02,2026-09-03,True,False,5.0,2026-09-03T19:27:45+05:30
ANANTRAJ,586.93,V,7.05,above,628.3,586.93,585.02,586.93,583.1,0.655,57.0,0.07,1,2026-09-02,2026-09-03,True,False,5.0,2026-09-03T19:27:45+05:30
TEJASNET,546.82,V,3.77,above,567.45,546.82,544.78,546.82,542.75,0.746,66.8,0.041,1,2026-09-02,2026-09-03,True,False,5.0,2026-09-03T19:27:45+05:30
LLOYDSME,1806.83,V,2.32,above,1848.7,1806.83,1800.67,1806.83,1794.5,0.685,67.7,0.033,1,2026-09-02,2026-09-03,True,False,5.0,2026-09-03T19:27:45+05:30
IDFCFIRSTB,84.88,V,3.08,above,87.5,84.88,84.68,84.88,84.47,0.484,68.2,0.033,1,2026-09-02,2026-09-03,True,False,5.0,2026-09-03T19:27:45+05:30
ADANIENT,2883.78,V,0.6,above,2901.0,2883.78,2875.77,2883.78,2867.75,0.558,68.5,0.027,1,2026-09-02,2026-09-03,True,False,5.0,2026-09-03T19:27:45+05:30
J&KBANK,145.94,V,2.69,above,149.86,145.94,145.44,145.94,144.94,0.688,69.0,0.029,1,2026-09-02,2026-09-03,True,False,5.0,2026-09-03T19:27:45+05:30
YESBANK,22.09,V,2.01,above,22.54,22.09,22.04,22.09,21.98,0.499,69.3,0.04,1,2026-09-02,2026-09-03,True,False,5.0,2026-09-03T19:27:45+05:30
SRF,2591.52,V,0.98,above,2617.0,2591.52,2584.63,2591.52,2577.75,0.533,69.9,0.031,1,2026-09-02,2026-09-03,True,False,5.0,2026-09-03T19:27:45+05:30
WELCORP,2551.0,V,3.55,above,2641.6,2551.0,2541.83,2551.0,2532.67,0.721,71.2,0.058,1,2026-09-02,2026-09-03,True,False,5.0,2026-09-03T19:27:45+05:30
JIOFIN,236.22,V,0.52,above,237.45,236.22,235.53,236.22,234.85,0.58,71.8,0.022,1,2026-09-02,2026-09-03,True,False,5.0,2026-09-03T19:27:45+05:30
JMFINANCIL,128.86,V,4.4,above,134.53,128.86,128.33,128.86,127.81,0.823,72.1,0.052,1,2026-09-02,2026-09-03,True,False,5.0,2026-09-03T19:27:45+05:30
GODREJCP,898.25,V,-2.03,below,880.0,898.25,900.5,902.75,898.25,0.5,72.6,0.023,1,2026-09-02,2026-09-03,True,False,5.0,2026-09-03T19:27:45+05:30
OBEROIRLTY,1860.32,V,2.24,above,1902.0,1860.32,1854.63,1860.32,1848.95,0.613,74.5,0.044,1,2026-09-02,2026-09-03,True,False,5.0,2026-09-03T19:27:45+05:30
CREDITACC,1397.78,V,2.83,above,1437.4,1397.78,1392.17,1397.78,1386.55,0.807,74.8,0.039,1,2026-09-02,2026-09-03,True,False,5.0,2026-09-03T19:27:45+05:30
MRPL,174.39,V,0.92,above,175.99,174.39,173.56,174.39,172.73,0.956,76.2,0.054,1,2026-09-02,2026-09-03,True,False,5.0,2026-09-03T19:27:45+05:30
HYUNDAI,2146.9,V,0.24,above,2152.0,2146.9,2139.4,2146.9,2131.9,0.701,76.4,0.027,1,2026-09-02,2026-09-03,True,False,5.0,2026-09-03T19:27:45+05:30
BELRISE,233.33,V,2.05,above,238.11,233.33,232.35,233.33,231.37,0.844,76.5,0.039,1,2026-09-02,2026-09-03,True,False,5.0,2026-09-03T19:27:45+05:30
INOXWIND,70.28,V,5.3,above,74.0,70.28,69.97,70.28,69.65,0.891,78.1,0.041,1,2026-09-02,2026-09-03,True,False,5.0,2026-09-03T19:27:45+05:30
NUVOCO,326.92,V,3.42,above,338.1,326.92,325.7,326.92,324.47,0.752,78.4,0.037,1,2026-09-02,2026-09-03,True,False,5.0,2026-09-03T19:27:45+05:30
UNIONBANK,186.13,V,1.54,above,189.0,186.13,185.41,186.13,184.68,0.784,78.4,0.043,1,2026-09-02,2026-09-03,True,False,5.0,2026-09-03T19:27:45+05:30
AMBUJACEM,401.43,V,0.89,above,405.0,401.43,400.15,401.43,398.88,0.637,79.7,0.035,1,2026-09-02,2026-09-03,True,False,5.0,2026-09-03T19:27:45+05:30
BEML,2022.08,V,2.83,above,2079.4,2022.08,2011.77,2022.08,2001.45,1.026,82.7,0.025,1,2026-09-02,2026-09-03,True,False,5.0,2026-09-03T19:27:45+05:30
IOB,32.57,V,2.04,above,33.23,32.57,32.45,32.57,32.34,0.709,83.0,0.033,1,2026-09-02,2026-09-03,True,False,5.0,2026-09-03T19:27:45+05:30
COALINDIA,416.72,V,0.8,above,420.05,416.72,415.58,416.72,414.45,0.545,84.4,0.022,1,2026-09-02,2026-09-03,True,False,5.0,2026-09-03T19:27:45+05:30
PHOENIXLTD,1911.85,V,2.52,above,1960.0,1911.85,1903.6,1911.85,1895.35,0.867,85.5,0.045,1,2026-09-02,2026-09-03,True,False,5.0,2026-09-03T19:27:45+05:30
CHOLAFIN,1817.17,V,1.77,above,1849.3,1817.17,1808.43,1817.17,1799.7,0.966,87.1,0.034,1,2026-09-02,2026-09-03,True,False,5.0,2026-09-03T19:27:45+05:30
RBLBANK,387.55,V,5.3,above,408.1,387.55,385.7,387.55,383.85,0.959,87.4,0.032,1,2026-09-02,2026-09-03,True,False,5.0,2026-09-03T19:27:45+05:30
LODHA,1201.32,V,2.72,above,1234.0,1201.32,1194.33,1201.32,1187.35,1.169,87.7,0.035,1,2026-09-02,2026-09-03,True,False,5.0,2026-09-03T19:27:45+05:30
ADANIPORTS,1666.6,V,2.39,above,1706.5,1666.6,1660.5,1666.6,1654.4,0.735,87.9,0.021,1,2026-09-02,2026-09-03,True,False,5.0,2026-09-03T19:27:45+05:30
LTF,311.21,V,1.83,above,316.9,311.21,309.62,311.21,308.03,1.028,88.5,0.028,1,2026-09-02,2026-09-03,True,False,5.0,2026-09-03T19:27:45+05:30
ABCAPITAL,395.06,V,1.76,above,402.0,395.06,393.07,395.06,391.07,1.013,89.3,0.038,1,2026-09-02,2026-09-03,True,False,5.0,2026-09-03T19:27:45+05:30
ADANIPOWER,206.44,V,0.9,above,208.29,206.44,205.17,206.44,203.91,1.231,89.9,0.05,1,2026-09-02,2026-09-03,True,False,5.0,2026-09-03T19:27:45+05:30
UPL,575.79,V,1.66,above,585.35,575.79,573.13,575.79,570.48,0.928,91.0,0.02,1,2026-09-02,2026-09-03,True,False,5.0,2026-09-03T19:27:45+05:30
REDINGTON,360.53,V,3.31,above,372.45,360.53,357.87,360.53,355.2,1.49,91.2,0.039,1,2026-09-02,2026-09-03,True,False,5.0,2026-09-03T19:27:45+05:30
PRESTIGE,1571.97,V,2.75,above,1615.2,1571.97,1561.93,1571.97,1551.9,1.285,92.9,0.055,1,2026-09-02,2026-09-03,True,False,5.0,2026-09-03T19:27:45+05:30
SOLARINDS,20470.0,V,5.03,above,21500.0,20470.0,20340.0,20470.0,20210.0,1.278,93.2,0.057,1,2026-09-02,2026-09-03,True,False,5.0,2026-09-03T19:27:45+05:30
MUTHOOTFIN,2921.42,V,0.17,above,2926.5,2921.42,2905.13,2921.42,2888.85,1.121,93.4,0.04,1,2026-09-02,2026-09-03,True,False,5.0,2026-09-03T19:27:45+05:30
NTPC,328.68,V,0.67,above,330.9,328.68,327.37,328.68,326.05,0.804,93.7,0.015,1,2026-09-02,2026-09-03,True,False,5.0,2026-09-03T19:27:45+05:30
DLF,669.84,V,1.76,above,681.65,669.84,666.13,669.84,662.42,1.113,94.0,0.028,1,2026-09-02,2026-09-03,True,False,5.0,2026-09-03T19:27:45+05:30
SAMMAANCAP,151.19,V,1.66,above,153.7,151.19,150.07,151.19,148.95,1.493,94.0,0.041,1,2026-09-02,2026-09-03,True,False,5.0,2026-09-03T19:27:45+05:30
BOSCHLTD,47250.0,NARROW,-0.53,below,47000.0,47250.0,47250.0,47250.0,47250.0,0.0,0.0,0.029,0,2026-09-02,2026-09-03,False,True,5.0,2026-09-03T19:27:45+05:30
ABSLAMC,1021.98,NARROW,2.27,above,1045.2,1021.98,1021.97,1021.98,1021.95,0.003,1.4,0.032,0,2026-09-02,2026-09-03,False,True,5.0,2026-09-03T19:27:45+05:30
JBMA,621.52,NARROW,1.22,above,629.1,621.52,621.52,621.52,621.51,0.003,1.9,0.032,0,2026-09-02,2026-09-03,False,True,5.0,2026-09-03T19:27:45+05:30
ANTHEM,934.41,NARROW,1.74,above,950.7,934.41,934.32,934.41,934.23,0.02,3.2,0.041,0,2026-09-02,2026-09-03,False,True,5.0,2026-09-03T19:27:45+05:30
GICRE,355.42,NARROW,0.21,above,356.15,355.42,355.38,355.42,355.35,0.019,3.3,0.031,0,2026-09-02,2026-09-03,False,True,5.0,2026-09-03T19:27:45+05:30
FORCEMOT,17591.5,NARROW,-0.52,below,17500.0,17591.5,17594.33,17597.17,17591.5,0.032,3.6,0.049,0,2026-09-02,2026-09-03,False,True,5.0,2026-09-03T19:27:45+05:30
ABBOTINDIA,26037.5,NARROW,-0.36,below,25945.0,26037.5,26040.0,26042.5,26037.5,0.019,3.8,0.033,0,2026-09-02,2026-09-03,False,True,5.0,2026-09-03T19:27:45+05:30
HINDPETRO,359.15,NARROW,0.61,above,361.35,359.15,359.1,359.15,359.05,0.028,3.8,0.033,0,2026-09-02,2026-09-03,False,True,5.0,2026-09-03T19:27:45+05:30
ONGC,237.43,NARROW,-0.6,below,236.0,237.43,237.45,237.48,237.43,0.021,3.8,0.027,0,2026-09-02,2026-09-03,False,True,5.0,2026-09-03T19:27:45+05:30
GLAXO,2949.3,NARROW,-0.4,below,2937.5,2949.3,2949.5,2949.7,2949.3,0.014,4.4,0.014,0,2026-09-02,2026-09-03,False,True,5.0,2026-09-03T19:27:45+05:30
POWERINDIA,32172.5,NARROW,-0.54,below,32000.0,32172.5,32181.67,32190.83,32172.5,0.057,4.9,0.057,0,2026-09-02,2026-09-03,False,True,5.0,2026-09-03T19:27:45+05:30
CLEAN,849.25,WIDE,0.44,inside,852.95,849.25,849.25,856.2,842.3,1.637,98.1,0.027,0,2026-09-02,2026-09-03,False,False,5.0,2026-09-03T19:27:45+05:30
IFCI,94.94,WIDE,1.02,inside,95.91,94.94,94.94,96.63,93.25,3.56,98.6,0.1,0,2026-09-02,2026-09-03,False,False,5.0,2026-09-03T19:27:45+05:30
NIACL,194.31,WIDE,0.53,inside,195.33,194.31,194.31,196.71,191.9,2.472,98.6,0.029,0,2026-09-02,2026-09-03,False,False,5.0,2026-09-03T19:27:45+05:30
RRKABEL,2668.18,WIDE,-1.89,below,2617.7,2668.18,2705.97,2743.75,2668.18,2.793,98.9,0.054,0,2026-09-02,2026-09-03,False,False,5.0,2026-09-03T19:27:45+05:30
JSWENERGY,535.22,WIDE,0.8,above,539.5,535.22,530.65,535.22,526.07,1.724,99.5,0.024,0,2026-09-02,2026-09-03,False,False,5.0,2026-09-03T19:27:45+05:30
LT,3979.5,TOUCHED,-0.11,below,3975.0,3979.5,3980.0,3980.5,3979.5,0.025,5.2,0.024,0,2026-09-02,2026-09-03,False,False,5.0,2026-09-03T19:27:45+05:30
ATGL,614.62,TOUCHED,-0.09,below,614.05,614.62,614.73,614.84,614.62,0.035,5.8,0.03,0,2026-09-02,2026-09-03,False,False,5.0,2026-09-03T19:27:45+05:30
GLAND,2867.77,TOUCHED,1.4,above,2907.9,2867.77,2867.13,2867.77,2866.5,0.044,5.8,0.04,0,2026-09-02,2026-09-03,False,False,5.0,2026-09-03T19:27:45+05:30
ASAHIINDIA,950.82,TOUCHED,1.2,above,962.25,950.82,950.6,950.82,950.38,0.047,6.0,0.036,0,2026-09-02,2026-09-03,False,False,5.0,2026-09-03T19:27:45+05:30
ICICIGI,1537.25,TOUCHED,-1.01,below,1521.7,1537.25,1537.5,1537.75,1537.25,0.033,6.3,0.021,0,2026-09-02,2026-09-03,False,False,5.0,2026-09-03T19:27:45+05:30
CAMS,741.66,TOUCHED,0.77,above,747.4,741.66,741.47,741.66,741.27,0.052,7.4,0.04,0,2026-09-02,2026-09-03,False,False,5.0,2026-09-03T19:27:45+05:30
EMCURE,1858.93,TOUCHED,-0.23,below,1854.7,1858.93,1859.47,1860.0,1858.93,0.057,7.4,0.029,0,2026-09-02,2026-09-03,False,False,5.0,2026-09-03T19:27:45+05:30
ANANDRATHI,2197.87,TOUCHED,0.34,above,2205.3,2197.87,2197.43,2197.87,2197.0,0.039,7.7,0.022,0,2026-09-02,2026-09-03,False,False,5.0,2026-09-03T19:27:45+05:30
HONAUT,35161.67,TOUCHED,0.29,above,35265.0,35161.67,35153.33,35161.67,35145.0,0.047,7.7,0.027,0,2026-09-02,2026-09-03,False,False,5.0,2026-09-03T19:27:45+05:30
MRF,131782.5,TOUCHED,-0.97,below,130510.0,131782.5,131815.0,131847.5,131782.5,0.049,7.7,0.035,0,2026-09-02,2026-09-03,False,False,5.0,2026-09-03T19:27:45+05:30
AJANTPHARM,3484.5,TOUCHED,1.05,above,3521.1,3484.5,3483.57,3484.5,3482.63,0.054,7.9,0.035,0,2026-09-02,2026-09-03,False,False,5.0,2026-09-03T19:27:45+05:30
SWIGGY,267.58,TOUCHED,0.64,above,269.3,267.58,267.45,267.58,267.32,0.093,8.2,0.047,0,2026-09-02,2026-09-03,False,False,5.0,2026-09-03T19:27:45+05:30
CPPLUS,3726.4,TOUCHED,0.67,above,3751.3,3726.4,3724.73,3726.4,3723.07,0.089,8.9,0.037,0,2026-09-02,2026-09-03,False,False,5.0,2026-09-03T19:27:45+05:30
HINDCOPPER,520.4,TOUCHED,-0.37,below,518.5,520.4,520.58,520.77,520.4,0.07,9.0,0.032,0,2026-09-02,2026-09-03,False,False,5.0,2026-09-03T19:27:45+05:30
JINDALSAW,309.02,TOUCHED,0.59,above,310.85,309.02,308.9,309.02,308.78,0.081,9.0,0.034,0,2026-09-02,2026-09-03,False,False,5.0,2026-09-03T19:27:45+05:30
TBOTEK,1699.38,TOUCHED,2.02,above,1733.7,1699.38,1698.77,1699.38,1698.15,0.073,9.9,0.034,0,2026-09-02,2026-09-03,False,False,5.0,2026-09-03T19:27:45+05:30
SHYAMMETL,1073.5,TOUCHED,0.27,above,1076.4,1073.5,1073.2,1073.5,1072.9,0.056,11.0,0.015,0,2026-09-02,2026-09-03,False,False,5.0,2026-09-03T19:27:45+05:30
JSWSTEEL,1305.53,TOUCHED,0.19,above,1308.0,1305.53,1305.07,1305.53,1304.6,0.072,11.2,0.024,0,2026-09-02,2026-09-03,False,False,5.0,2026-09-03T19:27:45+05:30
ASIANPAINT,2529.35,TOUCHED,0.48,above,2541.6,2529.35,2528.73,2529.35,2528.12,0.049,11.5,0.021,0,2026-09-02,2026-09-03,False,False,5.0,2026-09-03T19:27:45+05:30
BEL,405.65,TOUCHED,0.73,above,408.6,405.65,405.55,405.65,405.45,0.049,11.5,0.024,0,2026-09-02,2026-09-03,False,False,5.0,2026-09-03T19:27:45+05:30
BLUEJET,580.7,TOUCHED,-0.29,below,579.0,580.7,581.05,581.4,580.7,0.12,11.5,0.042,0,2026-09-02,2026-09-03,False,False,5.0,2026-09-03T19:27:45+05:30
LALPATHLAB,1915.18,TOUCHED,0.52,above,1925.2,1915.18,1914.27,1915.18,1913.35,0.096,11.5,0.043,0,2026-09-02,2026-09-03,False,False,5.0,2026-09-03T19:27:45+05:30
SCHNEIDER,1168.83,TOUCHED,1.9,above,1191.0,1168.83,1168.17,1168.83,1167.5,0.114,11.5,0.028,0,2026-09-02,2026-09-03,False,False,5.0,2026-09-03T19:27:45+05:30
NLCINDIA,275.0,TOUCHED,-0.04,below,274.9,275.0,275.17,275.33,275.0,0.121,11.8,0.048,0,2026-09-02,2026-09-03,False,False,5.0,2026-09-03T19:27:45+05:30
BHARTIARTL,1863.95,TOUCHED,0.27,above,1869.0,1863.95,1863.57,1863.95,1863.18,0.041,12.3,0.014,0,2026-09-02,2026-09-03,False,False,5.0,2026-09-03T19:27:45+05:30
GODIGIT,258.5,TOUCHED,-0.25,below,257.85,258.5,258.6,258.7,258.5,0.077,12.9,0.028,0,2026-09-02,2026-09-03,False,False,5.0,2026-09-03T19:27:45+05:30
RPOWER,22.03,TOUCHED,0.0,above,22.03,22.03,22.01,22.03,21.99,0.182,12.9,0.076,0,2026-09-02,2026-09-03,False,False,5.0,2026-09-03T19:27:45+05:30
WAAREEENER,2582.35,TOUCHED,-0.09,below,2579.9,2582.35,2583.6,2584.85,2582.35,0.097,12.9,0.043,0,2026-09-02,2026-09-03,False,False,5.0,2026-09-03T19:27:45+05:30
SWANCORP,284.95,TOUCHED,-0.3,below,284.1,284.95,285.1,285.25,284.95,0.105,13.4,0.029,0,2026-09-02,2026-09-03,False,False,5.0,2026-09-03T19:27:45+05:30
TATACOMM,1710.87,TOUCHED,-0.85,below,1696.4,1710.87,1711.73,1712.6,1710.87,0.101,13.4,0.022,0,2026-09-02,2026-09-03,False,False,5.0,2026-09-03T19:27:45+05:30
TECHM,1620.85,TOUCHED,-1.41,below,1598.0,1620.85,1621.57,1622.28,1620.85,0.088,13.4,0.033,0,2026-09-02,2026-09-03,False,False,5.0,2026-09-03T19:27:45+05:30
TECHNOE,969.33,TOUCHED,0.45,above,973.65,969.33,968.7,969.33,968.07,0.129,14.0,0.049,0,2026-09-02,2026-09-03,False,False,5.0,2026-09-03T19:27:45+05:30
RAINBOW,1432.17,TOUCHED,0.6,above,1440.8,1432.17,1431.33,1432.17,1430.5,0.116,14.2,0.037,0,2026-09-02,2026-09-03,False,False,5.0,2026-09-03T19:27:45+05:30
M&M,3186.05,TOUCHED,-1.13,below,3150.0,3186.05,3187.37,3188.68,3186.05,0.083,14.5,0.026,0,2026-09-02,2026-09-03,False,False,5.0,2026-09-03T19:27:45+05:30
HCLTECH,1332.12,TOUCHED,-0.98,below,1319.0,1332.12,1332.73,1333.35,1332.12,0.093,14.8,0.028,0,2026-09-02,2026-09-03,False,False,5.0,2026-09-03T19:27:45+05:30
APLAPOLLO,2207.6,TOUCHED,-2.18,below,2159.4,2207.6,2208.4,2209.2,2207.6,0.072,15.1,0.017,0,2026-09-02,2026-09-03,False,False,5.0,2026-09-03T19:27:45+05:30
HINDUNILVR,1973.05,TOUCHED,-0.56,below,1962.0,1973.05,1973.7,1974.35,1973.05,0.066,15.1,0.015,0,2026-09-02,2026-09-03,False,False,5.0,2026-09-03T19:27:45+05:30
TIINDIA,2718.13,TOUCHED,0.64,above,2735.4,2718.13,2716.27,2718.13,2714.4,0.137,15.1,0.039,0,2026-09-02,2026-09-03,False,False,5.0,2026-09-03T19:27:45+05:30
NAVA,559.6,TOUCHED,-0.43,below,557.2,559.6,559.98,560.37,559.6,0.137,15.3,0.038,0,2026-09-02,2026-09-03,False,False,5.0,2026-09-03T19:27:45+05:30
LATENTVIEW,270.5,TOUCHED,-1.66,below,266.0,270.5,270.67,270.83,270.5,0.123,15.9,0.024,0,2026-09-02,2026-09-03,False,False,5.0,2026-09-03T19:27:45+05:30
SIGNATURE,766.62,TOUCHED,3.6,above,794.2,766.62,766.18,766.62,765.74,0.115,15.9,0.029,0,2026-09-02,2026-09-03,False,False,5.0,2026-09-03T19:27:45+05:30
CDSL,1367.8,TOUCHED,1.92,above,1394.0,1367.8,1366.93,1367.8,1366.07,0.127,16.2,0.034,0,2026-09-02,2026-09-03,False,False,5.0,2026-09-03T19:27:45+05:30
UTIAMC,876.48,TOUCHED,0.45,above,880.4,876.48,875.97,876.48,875.45,0.118,16.2,0.043,0,2026-09-02,2026-09-03,False,False,5.0,2026-09-03T19:27:45+05:30
KAYNES,3570.1,TOUCHED,-2.38,below,3485.0,3570.1,3574.4,3578.7,3570.1,0.241,17.0,0.049,0,2026-09-02,2026-09-03,False,False,5.0,2026-09-03T19:27:45+05:30
TATAINVEST,629.18,TOUCHED,1.39,above,637.95,629.18,628.82,629.18,628.46,0.114,17.3,0.023,0,2026-09-02,2026-09-03,False,False,5.0,2026-09-03T19:27:45+05:30
LGEINDIA,1655.7,TOUCHED,0.4,above,1662.3,1655.7,1654.87,1655.7,1654.03,0.101,17.5,0.012,0,2026-09-02,2026-09-03,False,False,5.0,2026-09-03T19:27:45+05:30
MCX,3289.17,TOUCHED,-3.62,below,3170.2,3289.17,3292.33,3295.5,3289.17,0.192,17.5,0.057,0,2026-09-02,2026-09-03,False,False,5.0,2026-09-03T19:27:45+05:30
PFIZER,4634.95,TOUCHED,0.19,above,4643.7,4634.95,4632.5,4634.95,4630.05,0.106,18.1,0.024,0,2026-09-02,2026-09-03,False,False,5.0,2026-09-03T19:27:45+05:30
NH,1923.83,TOUCHED,-2.16,below,1882.2,1923.83,1924.97,1926.1,1923.83,0.118,18.4,0.034,0,2026-09-02,2026-09-03,False,False,5.0,2026-09-03T19:27:45+05:30
DOMS,2208.87,TOUCHED,-0.06,inside,2207.6,2208.87,2208.87,2210.15,2207.58,0.116,18.6,0.027,0,2026-09-02,2026-09-03,False,False,5.0,2026-09-03T19:27:45+05:30
MAXHEALTH,995.4,TOUCHED,-0.05,inside,994.9,995.4,995.4,996.1,994.7,0.141,18.6,0.037,0,2026-09-02,2026-09-03,False,False,5.0,2026-09-03T19:27:45+05:30
EICHERMOT,7700.25,TOUCHED,-0.13,below,7690.0,7700.25,7704.0,7707.75,7700.25,0.097,18.9,0.024,0,2026-09-02,2026-09-03,False,False,5.0,2026-09-03T19:27:45+05:30
SUNPHARMA,1929.25,TOUCHED,-0.69,below,1916.0,1929.25,1930.07,1930.88,1929.25,0.085,18.9,0.02,0,2026-09-02,2026-09-03,False,False,5.0,2026-09-03T19:27:45+05:30
JPPOWER,16.39,TOUCHED,-1.5,below,16.14,16.39,16.4,16.41,16.39,0.183,19.5,0.037,0,2026-09-02,2026-09-03,False,False,5.0,2026-09-03T19:27:45+05:30
SUMICHEM,505.67,TOUCHED,-1.45,below,498.35,505.67,506.18,506.7,505.67,0.204,19.7,0.039,0,2026-09-02,2026-09-03,False,False,5.0,2026-09-03T19:27:45+05:30
HINDZINC,587.53,TOUCHED,0.07,inside,587.95,587.53,587.53,587.97,587.1,0.148,20.3,0.041,0,2026-09-02,2026-09-03,False,False,5.0,2026-09-03T19:27:45+05:30
MARICO,829.79,TOUCHED,-0.29,below,827.4,829.79,830.23,830.67,829.79,0.106,20.3,0.018,0,2026-09-02,2026-09-03,False,False,5.0,2026-09-03T19:27:45+05:30
PIRAMALFIN,2192.75,TOUCHED,1.83,above,2232.9,2192.75,2190.67,2192.75,2188.58,0.19,20.3,0.046,0,2026-09-02,2026-09-03,False,False,5.0,2026-09-03T19:27:45+05:30
PARADEEP,155.6,TOUCHED,-1.33,below,153.53,155.6,155.8,155.99,155.6,0.252,20.8,0.036,0,2026-09-02,2026-09-03,False,False,5.0,2026-09-03T19:27:45+05:30
BHARATFORG,2026.2,TOUCHED,-2.23,below,1981.0,2026.2,2028.07,2029.93,2026.2,0.184,21.1,0.031,0,2026-09-02,2026-09-03,False,False,5.0,2026-09-03T19:27:45+05:30
NATCOPHARM,843.97,TOUCHED,-0.67,below,838.3,843.97,844.7,845.42,843.97,0.172,21.1,0.019,0,2026-09-02,2026-09-03,False,False,5.0,2026-09-03T19:27:45+05:30
PTCIL,22695.83,TOUCHED,4.95,above,23820.0,22695.83,22676.67,22695.83,22657.5,0.169,21.1,0.028,0,2026-09-02,2026-09-03,False,False,5.0,2026-09-03T19:27:45+05:30
JSWCEMENT,123.71,TOUCHED,-0.28,below,123.37,123.71,123.82,123.93,123.71,0.18,21.7,0.037,0,2026-09-02,2026-09-03,False,False,5.0,2026-09-03T19:27:45+05:30
LENSKART,670.73,TOUCHED,0.26,above,672.45,670.73,670.12,670.73,669.51,0.182,21.8,0.032,0,2026-09-02,2026-09-03,False,False,5.0,2026-09-03T19:27:45+05:30
ARE&M,871.91,TOUCHED,-1.32,below,860.4,871.91,872.57,873.23,871.91,0.151,22.5,0.022,0,2026-09-02,2026-09-03,False,False,5.0,2026-09-03T19:27:45+05:30
CGPOWER,877.07,TOUCHED,2.04,above,895.0,877.07,876.38,877.07,875.7,0.156,22.5,0.035,0,2026-09-02,2026-09-03,False,False,5.0,2026-09-03T19:27:45+05:30
BIOCON,400.72,TOUCHED,0.32,above,402.0,400.72,400.43,400.72,400.15,0.142,22.7,0.028,0,2026-09-02,2026-09-03,False,False,5.0,2026-09-03T19:27:45+05:30
PAYTM,1617.25,TOUCHED,1.22,above,1637.0,1617.25,1615.5,1617.25,1613.75,0.217,22.7,0.053,0,2026-09-02,2026-09-03,False,False,5.0,2026-09-03T19:27:45+05:30
DIVISLAB,9213.92,TOUCHED,0.39,above,9250.0,9213.92,9207.83,9213.92,9201.75,0.132,23.0,0.021,0,2026-09-02,2026-09-03,False,False,5.0,2026-09-03T19:27:45+05:30
GRAPHITE,727.41,TOUCHED,-0.84,below,721.3,727.41,728.22,729.02,727.41,0.222,23.3,0.023,0,2026-09-02,2026-09-03,False,False,5.0,2026-09-03T19:27:45+05:30
ITC,265.9,TOUCHED,-1.09,below,263.0,265.9,266.03,266.17,265.9,0.1,23.8,0.021,0,2026-09-02,2026-09-03,False,False,5.0,2026-09-03T19:27:45+05:30
SARDAEN,492.8,TOUCHED,2.79,above,506.55,492.8,492.22,492.8,491.63,0.237,23.8,0.027,0,2026-09-02,2026-09-03,False,False,5.0,2026-09-03T19:27:45+05:30
ESCORTS,3011.5,TOUCHED,-1.11,below,2978.2,3011.5,3014.13,3016.77,3011.5,0.175,24.1,0.041,0,2026-09-02,2026-09-03,False,False,5.0,2026-09-03T19:27:45+05:30
JUBLPHARMA,902.65,TOUCHED,0.58,above,907.9,902.65,901.87,902.65,901.08,0.174,24.1,0.018,0,2026-09-02,2026-09-03,False,False,5.0,2026-09-03T19:27:45+05:30
BLS,236.04,TOUCHED,1.74,above,240.15,236.04,235.77,236.04,235.5,0.233,24.9,0.032,0,2026-09-02,2026-09-03,False,False,5.0,2026-09-03T19:27:45+05:30
SUNDARMFIN,4569.95,TOUCHED,0.18,above,4578.0,4569.95,4565.7,4569.95,4561.45,0.186,25.2,0.029,0,2026-09-02,2026-09-03,False,False,5.0,2026-09-03T19:27:45+05:30
COFORGE,1963.3,TOUCHED,0.43,above,1971.8,1963.3,1960.9,1963.3,1958.5,0.245,25.5,0.032,0,2026-09-02,2026-09-03,False,False,5.0,2026-09-03T19:27:45+05:30
FIVESTAR,526.75,TOUCHED,1.49,above,534.6,526.75,526.12,526.75,525.48,0.241,25.5,0.041,0,2026-09-02,2026-09-03,False,False,5.0,2026-09-03T19:27:45+05:30
CANHLIFE,153.27,TOUCHED,0.68,above,154.31,153.27,153.12,153.27,152.96,0.2,25.9,0.016,0,2026-09-02,2026-09-03,False,False,5.0,2026-09-03T19:27:45+05:30
CEATLTD,3351.75,TOUCHED,-1.09,below,3315.3,3351.75,3355.7,3359.65,3351.75,0.235,26.0,0.035,0,2026-09-02,2026-09-03,False,False,5.0,2026-09-03T19:27:45+05:30
GPIL,239.94,TOUCHED,-0.02,inside,239.9,239.94,239.94,240.21,239.66,0.228,26.0,0.029,0,2026-09-02,2026-09-03,False,False,5.0,2026-09-03T19:27:45+05:30
AWL,191.46,TOUCHED,-0.35,below,190.79,191.46,191.66,191.87,191.46,0.214,26.6,0.044,0,2026-09-02,2026-09-03,False,False,5.0,2026-09-03T19:27:45+05:30
TRAVELFOOD,1278.05,TOUCHED,0.03,above,1278.4,1278.05,1276.53,1278.05,1275.02,0.238,26.6,0.032,0,2026-09-02,2026-09-03,False,False,5.0,2026-09-03T19:27:45+05:30
INDIACEM,357.92,TOUCHED,0.24,above,358.8,357.92,357.55,357.92,357.18,0.21,26.8,0.031,0,2026-09-02,2026-09-03,False,False,5.0,2026-09-03T19:27:45+05:30
DELHIVERY,456.1,TOUCHED,1.81,above,464.35,456.1,455.67,456.1,455.23,0.19,27.1,0.019,0,2026-09-02,2026-09-03,False,False,5.0,2026-09-03T19:27:45+05:30
PINELABS,161.33,TOUCHED,-3.0,below,156.5,161.33,161.66,161.99,161.33,0.406,27.2,0.054,0,2026-09-02,2026-09-03,False,False,5.0,2026-09-03T19:27:45+05:30
ENRIN,3130.2,TOUCHED,0.8,above,3155.2,3130.2,3126.57,3130.2,3122.93,0.232,27.7,0.026,0,2026-09-02,2026-09-03,False,False,5.0,2026-09-03T19:27:45+05:30
VEDL,270.43,TOUCHED,0.03,above,270.5,270.43,270.15,270.43,269.88,0.204,27.7,0.026,0,2026-09-02,2026-09-03,False,False,5.0,2026-09-03T19:27:45+05:30
POLYCAB,8813.5,TOUCHED,-0.07,below,8807.5,8813.5,8823.0,8832.5,8813.5,0.215,27.9,0.033,0,2026-09-02,2026-09-03,False,False,5.0,2026-09-03T19:27:45+05:30
WHIRLPOOL,799.29,TOUCHED,0.64,above,804.4,799.29,798.38,799.29,797.48,0.228,27.9,0.045,0,2026-09-02,2026-09-03,False,False,5.0,2026-09-03T19:27:45+05:30
CEMPRO,1233.45,TOUCHED,5.14,above,1296.9,1233.45,1231.1,1233.45,1228.75,0.382,28.5,0.055,0,2026-09-02,2026-09-03,False,False,5.0,2026-09-03T19:27:45+05:30
PFOCUS,282.25,TOUCHED,3.33,above,291.65,282.25,281.62,282.25,280.98,0.45,28.5,0.053,0,2026-09-02,2026-09-03,False,False,5.0,2026-09-03T19:27:45+05:30
MPHASIS,2471.5,TOUCHED,-0.02,below,2471.0,2471.5,2474.33,2477.17,2471.5,0.229,29.0,0.028,0,2026-09-02,2026-09-03,False,False,5.0,2026-09-03T19:27:45+05:30
IDBI,91.93,TOUCHED,0.04,above,91.97,91.93,91.8,91.93,91.68,0.276,29.3,0.033,0,2026-09-02,2026-09-03,False,False,5.0,2026-09-03T19:27:45+05:30
BSOFT,294.81,TOUCHED,-0.53,below,293.25,294.81,295.22,295.62,294.81,0.277,29.6,0.04,0,2026-09-02,2026-09-03,False,False,5.0,2026-09-03T19:27:45+05:30
SAPPHIRE,227.9,TOUCHED,0.38,above,228.76,227.9,227.59,227.9,227.28,0.272,30.1,0.05,0,2026-09-02,2026-09-03,False,False,5.0,2026-09-03T19:27:45+05:30
AMBER,7404.0,TOUCHED,0.08,above,7410.0,7404.0,7393.0,7404.0,7382.0,0.298,30.4,0.027,0,2026-09-02,2026-09-03,False,False,5.0,2026-09-03T19:27:45+05:30
BATAINDIA,672.4,TOUCHED,0.74,above,677.4,672.4,671.75,672.4,671.1,0.194,30.4,0.022,0,2026-09-02,2026-09-03,False,False,5.0,2026-09-03T19:27:45+05:30
CHALET,894.6,TOUCHED,-0.43,below,890.75,894.6,895.72,896.83,894.6,0.249,30.7,0.024,0,2026-09-02,2026-09-03,False,False,5.0,2026-09-03T19:27:45+05:30
SCHAEFFLER,3971.08,TOUCHED,-0.52,below,3950.6,3971.08,3975.07,3979.05,3971.08,0.2,30.7,0.034,0,2026-09-02,2026-09-03,False,False,5.0,2026-09-03T19:27:45+05:30
BAJAJ-AUTO,12100.0,TOUCHED,-1.49,below,11920.0,12100.0,12110.0,12120.0,12100.0,0.165,31.0,0.028,0,2026-09-02,2026-09-03,False,False,5.0,2026-09-03T19:27:45+05:30
PPLPHARMA,214.32,TOUCHED,0.08,inside,214.49,214.32,214.32,214.59,214.05,0.252,31.2,0.038,0,2026-09-02,2026-09-03,False,False,5.0,2026-09-03T19:27:45+05:30
RAMCOCEM,867.5,TOUCHED,1.34,above,879.15,867.5,866.45,867.5,865.4,0.242,31.2,0.045,0,2026-09-02,2026-09-03,False,False,5.0,2026-09-03T19:27:45+05:30
TRENT,2841.5,TOUCHED,-0.91,below,2815.6,2841.5,2845.1,2848.7,2841.5,0.253,31.2,0.046,0,2026-09-02,2026-09-03,False,False,5.0,2026-09-03T19:27:45+05:30
SPLPETRO,720.84,TOUCHED,0.69,above,725.8,720.84,719.83,720.84,718.83,0.28,31.8,0.038,0,2026-09-02,2026-09-03,False,False,5.0,2026-09-03T19:27:45+05:30
CROMPTON,227.97,TOUCHED,-0.64,below,226.51,227.97,228.22,228.47,227.97,0.221,32.1,0.025,0,2026-09-02,2026-09-03,False,False,5.0,2026-09-03T19:27:45+05:30
FLUOROCHEM,4713.05,TOUCHED,-0.39,below,4694.6,4713.05,4717.93,4722.82,4713.05,0.207,32.3,0.022,0,2026-09-02,2026-09-03,False,False,5.0,2026-09-03T19:27:45+05:30
RAILTEL,271.96,TOUCHED,-0.39,below,270.9,271.96,272.37,272.77,271.96,0.3,32.6,0.041,0,2026-09-02,2026-09-03,False,False,5.0,2026-09-03T19:27:45+05:30
INDIAMART,1742.75,TOUCHED,-0.76,below,1729.5,1742.75,1744.7,1746.65,1742.75,0.224,32.9,0.025,0,2026-09-02,2026-09-03,False,False,5.0,2026-09-03T19:27:45+05:30
NETWEB,5140.25,TOUCHED,2.52,above,5270.0,5140.25,5130.17,5140.25,5120.08,0.393,33.2,0.06,0,2026-09-02,2026-09-03,False,False,5.0,2026-09-03T19:27:45+05:30
THELEELA,567.52,TOUCHED,-0.26,below,566.05,567.52,568.32,569.11,567.52,0.279,33.3,0.031,0,2026-09-02,2026-09-03,False,False,5.0,2026-09-03T19:27:45+05:30
SYRMA,1442.6,TOUCHED,0.71,above,1452.8,1442.6,1439.73,1442.6,1436.87,0.398,34.0,0.045,0,2026-09-02,2026-09-03,False,False,5.0,2026-09-03T19:27:45+05:30
TRIDENT,24.01,TOUCHED,-0.07,inside,23.99,24.01,24.01,24.03,23.98,0.222,34.0,0.027,0,2026-09-02,2026-09-03,False,False,5.0,2026-09-03T19:27:45+05:30
CARTRADE,2952.3,TOUCHED,1.35,above,2992.2,2952.3,2945.63,2952.3,2938.97,0.453,34.2,0.061,0,2026-09-02,2026-09-03,False,False,5.0,2026-09-03T19:27:45+05:30
KOTAKBANK,422.35,TOUCHED,-0.28,below,421.15,422.35,422.73,423.12,422.35,0.181,34.8,0.022,0,2026-09-02,2026-09-03,False,False,5.0,2026-09-03T19:27:45+05:30
PCBL,314.27,TOUCHED,-0.01,inside,314.25,314.27,314.27,314.78,313.75,0.329,34.8,0.05,0,2026-09-02,2026-09-03,False,False,5.0,2026-09-03T19:27:45+05:30
TITAGARH,829.45,TOUCHED,1.78,above,844.2,829.45,827.95,829.45,826.45,0.362,35.3,0.046,0,2026-09-02,2026-09-03,False,False,5.0,2026-09-03T19:27:45+05:30
CIPLA,1409.1,TOUCHED,-1.02,below,1394.7,1409.1,1410.33,1411.57,1409.1,0.175,35.6,0.023,0,2026-09-02,2026-09-03,False,False,5.0,2026-09-03T19:27:45+05:30
KFINTECH,927.47,TOUCHED,0.02,above,927.7,927.47,925.95,927.47,924.42,0.329,35.9,0.018,0,2026-09-02,2026-09-03,False,False,5.0,2026-09-03T19:27:45+05:30
SUPREMEIND,3535.42,TOUCHED,-0.77,below,3508.1,3535.42,3540.23,3545.05,3535.42,0.272,35.9,0.034,0,2026-09-02,2026-09-03,False,False,5.0,2026-09-03T19:27:45+05:30
CCL,1090.55,TOUCHED,1.54,above,1107.3,1090.55,1089.07,1090.55,1087.58,0.272,36.2,0.021,0,2026-09-02,2026-09-03,False,False,5.0,2026-09-03T19:27:45+05:30
GRSE,2505.7,TOUCHED,0.16,inside,2509.8,2505.7,2505.7,2511.0,2500.4,0.423,36.2,0.074,0,2026-09-02,2026-09-03,False,False,5.0,2026-09-03T19:27:45+05:30
GODREJIND,1143.95,TOUCHED,0.9,above,1154.3,1143.95,1142.23,1143.95,1140.52,0.301,36.7,0.044,0,2026-09-02,2026-09-03,False,False,5.0,2026-09-03T19:27:45+05:30
NEULANDLAB,23006.67,TOUCHED,-0.51,below,22890.0,23006.67,23053.33,23100.0,23006.67,0.405,37.5,0.032,0,2026-09-02,2026-09-03,False,False,5.0,2026-09-03T19:27:45+05:30
ASTERDM,758.78,TOUCHED,3.72,above,787.0,758.78,757.65,758.78,756.52,0.297,37.8,0.023,0,2026-09-02,2026-09-03,False,False,5.0,2026-09-03T19:27:45+05:30
COHANCE,460.03,TOUCHED,0.18,inside,460.85,460.03,460.03,460.9,459.17,0.377,37.8,0.022,0,2026-09-02,2026-09-03,False,False,5.0,2026-09-03T19:27:45+05:30
TARIL,302.7,TOUCHED,-0.69,below,300.6,302.7,303.4,304.1,302.7,0.461,38.1,0.054,0,2026-09-02,2026-09-03,False,False,5.0,2026-09-03T19:27:45+05:30
LINDEINDIA,6369.5,TOUCHED,0.05,inside,6373.0,6369.5,6369.5,6378.0,6361.0,0.267,38.4,0.025,0,2026-09-02,2026-09-03,False,False,5.0,2026-09-03T19:27:45+05:30
MSUMI,36.79,TOUCHED,0.65,above,37.03,36.79,36.73,36.79,36.66,0.345,38.6,0.031,0,2026-09-02,2026-09-03,False,False,5.0,2026-09-03T19:27:45+05:30
APTUS,253.82,TOUCHED,1.37,above,257.31,253.82,253.36,253.82,252.9,0.362,39.7,0.026,0,2026-09-02,2026-09-03,False,False,5.0,2026-09-03T19:27:45+05:30
ASHOKLEY,167.65,TOUCHED,1.01,above,169.35,167.65,167.4,167.65,167.15,0.297,39.7,0.027,0,2026-09-02,2026-09-03,False,False,5.0,2026-09-03T19:27:45+05:30
BAJAJHLDNG,11153.0,TOUCHED,0.11,above,11165.0,11153.0,11135.33,11153.0,11117.67,0.317,39.7,0.025,0,2026-09-02,2026-09-03,False,False,5.0,2026-09-03T19:27:45+05:30
APOLLOHOSP,8693.25,TOUCHED,-0.01,below,8692.0,8693.25,8701.83,8710.42,8693.25,0.197,40.0,0.014,0,2026-09-02,2026-09-03,False,False,5.0,2026-09-03T19:27:45+05:30
ENGINERSIN,278.25,TOUCHED,1.33,above,281.95,278.25,277.7,278.25,277.15,0.396,40.0,0.038,0,2026-09-02,2026-09-03,False,False,5.0,2026-09-03T19:27:45+05:30
MINDACORP,705.5,TOUCHED,0.14,inside,706.5,705.5,705.5,706.67,704.32,0.333,40.0,0.04,0,2026-09-02,2026-09-03,False,False,5.0,2026-09-03T19:27:45+05:30
ABFRL,50.56,TOUCHED,-0.3,below,50.41,50.56,50.65,50.75,50.56,0.362,40.3,0.027,0,2026-09-02,2026-09-03,False,False,5.0,2026-09-03T19:27:45+05:30
BAYERCROP,3964.95,TOUCHED,-0.1,below,3960.8,3964.95,3969.8,3974.65,3964.95,0.244,40.3,0.031,0,2026-09-02,2026-09-03,False,False,5.0,2026-09-03T19:27:45+05:30
PREMIERENE,1005.45,TOUCHED,0.25,above,1008.0,1005.45,1003.63,1005.45,1001.82,0.362,40.8,0.031,0,2026-09-02,2026-09-03,False,False,5.0,2026-09-03T19:27:45+05:30
NESTLEIND,1419.5,TOUCHED,-0.25,below,1416.0,1419.5,1421.33,1423.17,1419.5,0.258,41.4,0.033,0,2026-09-02,2026-09-03,False,False,5.0,2026-09-03T19:27:45+05:30
PIDILITIND,1635.27,TOUCHED,0.19,above,1638.3,1635.27,1633.53,1635.27,1631.8,0.212,41.4,0.026,0,2026-09-02,2026-09-03,False,False,5.0,2026-09-03T19:27:45+05:30
IGL,148.6,TOUCHED,0.55,above,149.42,148.6,148.38,148.6,148.16,0.299,41.6,0.046,0,2026-09-02,2026-09-03,False,False,5.0,2026-09-03T19:27:45+05:30
PGEL,561.83,TOUCHED,-1.41,below,553.9,561.83,563.22,564.61,561.83,0.494,41.6,0.05,0,2026-09-02,2026-09-03,False,False,5.0,2026-09-03T19:27:45+05:30
GLENMARK,2456.15,TOUCHED,0.12,above,2459.0,2456.15,2452.3,2456.15,2448.45,0.314,41.9,0.035,0,2026-09-02,2026-09-03,False,False,5.0,2026-09-03T19:27:45+05:30
ZYDUSWELL,533.55,TOUCHED,0.87,above,538.2,533.55,532.5,533.55,531.45,0.394,42.2,0.035,0,2026-09-02,2026-09-03,False,False,5.0,2026-09-03T19:27:45+05:30
FACT,805.82,TOUCHED,-0.7,below,800.2,805.82,807.35,808.88,805.82,0.378,43.0,0.056,0,2026-09-02,2026-09-03,False,False,5.0,2026-09-03T19:27:45+05:30
HDFCLIFE,533.67,TOUCHED,-0.03,below,533.5,533.67,534.35,535.02,533.67,0.253,43.0,0.018,0,2026-09-02,2026-09-03,False,False,5.0,2026-09-03T19:27:45+05:30
BIKAJI,591.0,TOUCHED,-0.65,below,587.15,591.0,591.8,592.6,591.0,0.27,43.3,0.018,0,2026-09-02,2026-09-03,False,False,5.0,2026-09-03T19:27:45+05:30
ELGIEQUIP,620.48,TOUCHED,1.59,above,630.35,620.48,619.23,620.48,617.99,0.401,43.6,0.045,0,2026-09-02,2026-09-03,False,False,5.0,2026-09-03T19:27:45+05:30
LEMONTREE,105.69,TOUCHED,-0.75,below,104.89,105.69,105.85,106.02,105.69,0.312,43.6,0.023,0,2026-09-02,2026-09-03,False,False,5.0,2026-09-03T19:27:45+05:30
DALBHARAT,1775.77,TOUCHED,-0.26,below,1771.2,1775.77,1778.43,1781.1,1775.77,0.3,43.8,0.025,0,2026-09-02,2026-09-03,False,False,5.0,2026-09-03T19:27:45+05:30
KIMS,757.65,TOUCHED,1.35,above,767.85,757.65,756.32,757.65,754.98,0.353,43.8,0.04,0,2026-09-02,2026-09-03,False,False,5.0,2026-09-03T19:27:45+05:30
ACMESOLAR,401.12,TOUCHED,0.19,above,401.9,401.12,400.17,401.12,399.21,0.479,44.1,0.053,0,2026-09-02,2026-09-03,False,False,5.0,2026-09-03T19:27:45+05:30
SYNGENE,400.53,TOUCHED,0.07,above,400.8,400.53,399.88,400.53,399.24,0.321,44.1,0.026,0,2026-09-02,2026-09-03,False,False,5.0,2026-09-03T19:27:45+05:30
ACUTAAS,3157.8,TOUCHED,1.37,above,3201.0,3157.8,3150.17,3157.8,3142.53,0.485,44.4,0.036,0,2026-09-02,2026-09-03,False,False,5.0,2026-09-03T19:27:45+05:30
JSWINFRA,333.7,TOUCHED,0.12,above,334.1,333.7,333.17,333.7,332.63,0.32,44.4,0.029,0,2026-09-02,2026-09-03,False,False,5.0,2026-09-03T19:27:45+05:30
CANBK,125.89,TOUCHED,-0.07,inside,125.8,125.89,125.89,126.1,125.68,0.326,44.9,0.023,0,2026-09-02,2026-09-03,False,False,5.0,2026-09-03T19:27:45+05:30
GAIL,172.77,TOUCHED,1.1,above,174.67,172.77,172.54,172.77,172.31,0.267,45.8,0.015,0,2026-09-02,2026-09-03,False,False,5.0,2026-09-03T19:27:45+05:30
KPITTECH,584.5,TOUCHED,-0.17,below,583.5,584.5,585.67,586.83,584.5,0.398,45.8,0.044,0,2026-09-02,2026-09-03,False,False,5.0,2026-09-03T19:27:45+05:30
HEROMOTOCO,5308.67,TOUCHED,-0.0,below,5308.5,5308.67,5317.33,5326.0,5308.67,0.326,46.3,0.017,0,2026-09-02,2026-09-03,False,False,5.0,2026-09-03T19:27:45+05:30
ICICIAMC,2986.4,TOUCHED,-0.21,inside,2980.0,2986.4,2986.4,2992.95,2979.85,0.439,46.3,0.036,0,2026-09-02,2026-09-03,False,False,5.0,2026-09-03T19:27:45+05:30
ABDL,609.12,TOUCHED,0.05,above,609.4,609.12,607.55,609.12,605.98,0.518,46.6,0.074,0,2026-09-02,2026-09-03,False,False,5.0,2026-09-03T19:27:45+05:30
BHARTIHEXA,1522.75,TOUCHED,-1.13,below,1505.6,1522.75,1525.53,1528.32,1522.75,0.365,46.6,0.038,0,2026-09-02,2026-09-03,False,False,5.0,2026-09-03T19:27:45+05:30
JINDALSTEL,1153.15,TOUCHED,-0.71,below,1145.0,1153.15,1155.23,1157.32,1153.15,0.361,47.4,0.034,0,2026-09-02,2026-09-03,False,False,5.0,2026-09-03T19:27:45+05:30
NTPCGREEN,88.56,TOUCHED,0.19,above,88.73,88.56,88.41,88.56,88.27,0.332,47.4,0.015,0,2026-09-02,2026-09-03,False,False,5.0,2026-09-03T19:27:45+05:30
APOLLOTYRE,434.92,TOUCHED,-0.25,below,433.85,434.92,435.7,436.48,434.92,0.356,48.2,0.038,0,2026-09-02,2026-09-03,False,False,5.0,2026-09-03T19:27:45+05:30
MFSL,1512.75,TOUCHED,1.6,above,1537.0,1512.75,1510.17,1512.75,1507.58,0.342,48.2,0.019,0,2026-09-02,2026-09-03,False,False,5.0,2026-09-03T19:27:45+05:30
GILLETTE,7358.33,TOUCHED,-0.24,below,7341.0,7358.33,7370.67,7383.0,7358.33,0.335,48.8,0.026,0,2026-09-02,2026-09-03,False,False,5.0,2026-09-03T19:27:45+05:30
SIEMENS,4011.8,TOUCHED,0.45,above,4030.0,4011.8,4004.7,4011.8,3997.6,0.355,48.8,0.018,0,2026-09-02,2026-09-03,False,False,5.0,2026-09-03T19:27:45+05:30
BDL,1250.63,TOUCHED,0.57,above,1257.7,1250.63,1247.57,1250.63,1244.5,0.492,49.0,0.053,0,2026-09-02,2026-09-03,False,False,5.0,2026-09-03T19:27:45+05:30
CRAFTSMAN,11071.0,TOUCHED,1.35,above,11220.0,11071.0,11047.0,11071.0,11023.0,0.435,49.3,0.053,0,2026-09-02,2026-09-03,False,False,5.0,2026-09-03T19:27:45+05:30
HONASA,473.05,TOUCHED,0.85,above,477.05,473.05,472.02,473.05,470.98,0.438,49.3,0.054,0,2026-09-02,2026-09-03,False,False,5.0,2026-09-03T19:27:45+05:30
ANURAS,1242.22,TOUCHED,-0.16,below,1240.2,1242.22,1244.13,1246.05,1242.22,0.308,49.6,0.025,0,2026-09-02,2026-09-03,False,False,5.0,2026-09-03T19:27:45+05:30
3MINDIA,32945.83,TOUCHED,-0.38,below,32820.0,32945.83,32996.67,33047.5,32945.83,0.308,49.9,0.025,0,2026-09-02,2026-09-03,False,False,5.0,2026-09-03T19:27:45+05:30
JKTYRE,369.27,TOUCHED,0.05,above,369.45,369.27,368.38,369.27,367.5,0.48,51.0,0.031,0,2026-09-02,2026-09-03,False,False,5.0,2026-09-03T19:27:45+05:30
SBILIFE,1722.33,TOUCHED,-0.43,below,1715.0,1722.33,1724.77,1727.2,1722.33,0.282,51.0,0.015,0,2026-09-02,2026-09-03,False,False,5.0,2026-09-03T19:27:45+05:30
TATACHEM,632.78,TOUCHED,1.36,above,641.35,632.78,631.6,632.78,630.42,0.372,51.2,0.02,0,2026-09-02,2026-09-03,False,False,5.0,2026-09-03T19:27:45+05:30
CHOICEIN,767.38,TOUCHED,0.14,above,768.45,767.38,766.05,767.38,764.73,0.346,51.5,0.023,0,2026-09-02,2026-09-03,False,False,5.0,2026-09-03T19:27:45+05:30
IIFL,638.12,TOUCHED,0.83,above,643.4,638.12,636.5,638.12,634.88,0.511,51.5,0.026,0,2026-09-02,2026-09-03,False,False,5.0,2026-09-03T19:27:45+05:30
CANFINHOME,793.7,TOUCHED,1.42,above,804.95,793.7,792.1,793.7,790.5,0.404,51.8,0.02,0,2026-09-02,2026-09-03,False,False,5.0,2026-09-03T19:27:45+05:30
DABUR,380.65,TOUCHED,0.01,above,380.7,380.65,380.1,380.65,379.55,0.289,51.8,0.032,0,2026-09-02,2026-09-03,False,False,5.0,2026-09-03T19:27:45+05:30
RITES,213.47,TOUCHED,0.14,inside,213.78,213.47,213.47,213.91,213.04,0.409,51.8,0.025,0,2026-09-02,2026-09-03,False,False,5.0,2026-09-03T19:27:45+05:30
SCI,290.68,TOUCHED,1.47,above,294.95,290.68,289.85,290.68,289.03,0.569,51.8,0.045,0,2026-09-02,2026-09-03,False,False,5.0,2026-09-03T19:27:45+05:30
NUVAMA,1836.6,TOUCHED,0.14,above,1839.2,1836.6,1832.2,1836.6,1827.8,0.48,52.1,0.025,0,2026-09-02,2026-09-03,False,False,5.0,2026-09-03T19:27:45+05:30
NEWGEN,520.77,TOUCHED,-0.6,below,517.65,520.77,522.25,523.73,520.77,0.565,52.6,0.031,0,2026-09-02,2026-09-03,False,False,5.0,2026-09-03T19:27:45+05:30
DMART,3794.2,TOUCHED,-0.82,below,3763.0,3794.2,3800.6,3807.0,3794.2,0.337,52.9,0.028,0,2026-09-02,2026-09-03,False,False,5.0,2026-09-03T19:27:45+05:30
HINDALCO,1008.03,TOUCHED,0.2,above,1010.0,1008.03,1006.37,1008.03,1004.7,0.331,52.9,0.011,0,2026-09-02,2026-09-03,False,False,5.0,2026-09-03T19:27:45+05:30
HAL,4760.17,TOUCHED,0.11,inside,4765.6,4760.17,4760.17,4770.08,4750.25,0.417,53.2,0.037,0,2026-09-02,2026-09-03,False,False,5.0,2026-09-03T19:27:45+05:30
INDGN,601.33,TOUCHED,-0.2,below,600.15,601.33,602.5,603.67,601.33,0.39,53.4,0.023,0,2026-09-02,2026-09-03,False,False,5.0,2026-09-03T19:27:45+05:30
APARINDS,16972.0,TOUCHED,4.31,above,17704.0,16972.0,16919.0,16972.0,16866.0,0.627,54.0,0.054,0,2026-09-02,2026-09-03,False,False,5.0,2026-09-03T19:27:45+05:30
ASTRAL,1493.37,TOUCHED,0.12,inside,1495.2,1493.37,1493.37,1496.55,1490.18,0.426,54.0,0.034,0,2026-09-02,2026-09-03,False,False,5.0,2026-09-03T19:27:45+05:30
GESHIP,1315.5,TOUCHED,2.9,above,1353.6,1315.5,1312.2,1315.5,1308.9,0.503,54.0,0.034,0,2026-09-02,2026-09-03,False,False,5.0,2026-09-03T19:27:45+05:30
TEGA,1550.3,TOUCHED,0.16,above,1552.8,1550.3,1546.77,1550.3,1543.23,0.457,54.2,0.043,0,2026-09-02,2026-09-03,False,False,5.0,2026-09-03T19:27:45+05:30
MOTILALOFS,1011.93,TOUCHED,0.09,inside,1012.8,1011.93,1011.93,1014.77,1009.1,0.56,54.5,0.045,0,2026-09-02,2026-09-03,False,False,5.0,2026-09-03T19:27:45+05:30
CRISIL,4732.6,TOUCHED,0.57,above,4759.7,4732.6,4722.3,4732.6,4712.0,0.436,54.8,0.049,0,2026-09-02,2026-09-03,False,False,5.0,2026-09-03T19:27:45+05:30
LUPIN,2145.1,TOUCHED,-0.61,below,2132.0,2145.1,2148.47,2151.83,2145.1,0.313,54.8,0.027,0,2026-09-02,2026-09-03,False,False,5.0,2026-09-03T19:27:45+05:30
JKCEMENT,5015.5,TOUCHED,0.48,above,5039.5,5015.5,5003.5,5015.5,4991.5,0.48,55.3,0.035,0,2026-09-02,2026-09-03,False,False,5.0,2026-09-03T19:27:45+05:30
DEVYANI,137.7,TOUCHED,0.26,above,138.05,137.7,137.32,137.7,136.95,0.544,55.6,0.04,0,2026-09-02,2026-09-03,False,False,5.0,2026-09-03T19:27:45+05:30
MAPMYINDIA,984.83,TOUCHED,-1.65,below,968.6,984.83,987.07,989.3,984.83,0.453,55.9,0.031,0,2026-09-02,2026-09-03,False,False,5.0,2026-09-03T19:27:45+05:30
MGL,1067.6,TOUCHED,-0.11,below,1066.4,1067.6,1070.0,1072.4,1067.6,0.449,56.2,0.034,0,2026-09-02,2026-09-03,False,False,5.0,2026-09-03T19:27:45+05:30
RELIANCE,1307.5,TOUCHED,-0.38,below,1302.5,1307.5,1309.37,1311.23,1307.5,0.285,56.2,0.024,0,2026-09-02,2026-09-03,False,False,5.0,2026-09-03T19:27:45+05:30
KPRMILL,1164.3,TOUCHED,0.95,above,1175.4,1164.3,1161.2,1164.3,1158.1,0.534,56.4,0.052,0,2026-09-02,2026-09-03,False,False,5.0,2026-09-03T19:27:45+05:30
WELSPUNLIV,199.43,TOUCHED,0.59,above,200.61,199.43,198.86,199.43,198.28,0.58,56.4,0.042,0,2026-09-02,2026-09-03,False,False,5.0,2026-09-03T19:27:45+05:30
SONACOMS,788.2,TOUCHED,1.5,above,800.0,788.2,786.35,788.2,784.5,0.471,56.7,0.031,0,2026-09-02,2026-09-03,False,False,5.0,2026-09-03T19:27:45+05:30
TATACONSUM,1017.85,TOUCHED,0.13,above,1019.2,1017.85,1015.9,1017.85,1013.95,0.384,56.7,0.027,0,2026-09-02,2026-09-03,False,False,5.0,2026-09-03T19:27:45+05:30
UCOBANK,24.55,TOUCHED,0.39,above,24.64,24.55,24.49,24.55,24.44,0.422,56.7,0.013,0,2026-09-02,2026-09-03,False,False,5.0,2026-09-03T19:27:45+05:30
RECLTD,314.45,TOUCHED,-0.27,below,313.6,314.45,315.12,315.78,314.45,0.423,57.0,0.015,0,2026-09-02,2026-09-03,False,False,5.0,2026-09-03T19:27:45+05:30
POLYMED,1788.8,TOUCHED,-1.12,below,1768.7,1788.8,1793.8,1798.8,1788.8,0.557,57.3,0.043,0,2026-09-02,2026-09-03,False,False,5.0,2026-09-03T19:27:45+05:30
OFSS,12130.33,TOUCHED,0.15,above,12149.0,12130.33,12102.67,12130.33,12075.0,0.457,57.5,0.029,0,2026-09-02,2026-09-03,False,False,5.0,2026-09-03T19:27:45+05:30
PVRINOX,1219.35,TOUCHED,2.31,above,1247.5,1219.35,1216.23,1219.35,1213.12,0.513,57.8,0.028,0,2026-09-02,2026-09-03,False,False,5.0,2026-09-03T19:27:45+05:30
SJVN,64.32,TOUCHED,1.03,above,64.98,64.32,64.19,64.32,64.05,0.415,58.1,0.027,0,2026-09-02,2026-09-03,False,False,5.0,2026-09-03T19:27:45+05:30
TTML,38.09,TOUCHED,-0.21,below,38.01,38.09,38.18,38.28,38.09,0.48,58.1,0.046,0,2026-09-02,2026-09-03,False,False,5.0,2026-09-03T19:27:45+05:30
AUBANK,1073.07,TOUCHED,-0.1,inside,1072.0,1073.07,1073.07,1075.48,1070.65,0.45,58.4,0.018,0,2026-09-02,2026-09-03,False,False,5.0,2026-09-03T19:27:45+05:30
BAJAJHFL,82.65,TOUCHED,0.36,above,82.95,82.65,82.52,82.65,82.38,0.319,58.4,0.024,0,2026-09-02,2026-09-03,False,False,5.0,2026-09-03T19:27:45+05:30
STARHEALTH,560.4,TOUCHED,-0.19,inside,559.35,560.4,560.4,561.68,559.12,0.455,58.4,0.023,0,2026-09-02,2026-09-03,False,False,5.0,2026-09-03T19:27:45+05:30
POONAWALLA,458.4,TOUCHED,1.46,above,465.1,458.4,457.15,458.4,455.9,0.547,58.6,0.031,0,2026-09-02,2026-09-03,False,False,5.0,2026-09-03T19:27:45+05:30
ZYDUSLIFE,1156.28,TOUCHED,-1.15,below,1143.0,1156.28,1158.37,1160.45,1156.28,0.36,58.6,0.023,0,2026-09-02,2026-09-03,False,False,5.0,2026-09-03T19:27:45+05:30
NAUKRI,1333.6,TOUCHED,-0.27,below,1330.0,1333.6,1336.97,1340.33,1333.6,0.504,58.9,0.023,0,2026-09-02,2026-09-03,False,False,5.0,2026-09-03T19:27:45+05:30
SONATSOFTW,286.48,TOUCHED,-0.86,below,284.0,286.48,287.42,288.36,286.48,0.655,59.2,0.026,0,2026-09-02,2026-09-03,False,False,5.0,2026-09-03T19:27:45+05:30
IKS,1734.73,TOUCHED,-0.13,inside,1732.4,1734.73,1734.73,1739.42,1730.05,0.54,59.5,0.02,0,2026-09-02,2026-09-03,False,False,5.0,2026-09-03T19:27:45+05:30
JSL,732.83,TOUCHED,0.76,above,738.4,732.83,730.77,732.83,728.7,0.566,59.5,0.043,0,2026-09-02,2026-09-03,False,False,5.0,2026-09-03T19:27:45+05:30
TATASTEEL,183.48,TOUCHED,0.39,above,184.2,183.48,183.12,183.48,182.75,0.4,60.3,0.021,0,2026-09-02,2026-09-03,False,False,5.0,2026-09-03T19:27:45+05:30
DIXON,14467.5,TOUCHED,-0.16,below,14445.0,14467.5,14508.33,14549.17,14467.5,0.563,60.5,0.057,0,2026-09-02,2026-09-03,False,False,5.0,2026-09-03T19:27:45+05:30
POWERGRID,265.85,TOUCHED,-0.09,inside,265.6,265.85,265.85,266.32,265.38,0.357,60.5,0.017,0,2026-09-02,2026-09-03,False,False,5.0,2026-09-03T19:27:45+05:30
FIRSTCRY,172.56,TOUCHED,3.54,above,178.67,172.56,171.98,172.56,171.4,0.676,60.8,0.06,0,2026-09-02,2026-09-03,False,False,5.0,2026-09-03T19:27:45+05:30
KEC,408.95,TOUCHED,-0.68,below,406.15,408.95,410.1,411.25,408.95,0.561,60.8,0.023,0,2026-09-02,2026-09-03,False,False,5.0,2026-09-03T19:27:45+05:30
ALKEM,5219.5,TOUCHED,-0.51,below,5193.0,5219.5,5229.0,5238.5,5219.5,0.363,61.4,0.024,0,2026-09-02,2026-09-03,False,False,5.0,2026-09-03T19:27:45+05:30
POLICYBZR,1846.27,TOUCHED,1.29,above,1870.0,1846.27,1840.63,1846.27,1835.0,0.612,61.9,0.037,0,2026-09-02,2026-09-03,False,False,5.0,2026-09-03T19:27:45+05:30
BERGEPAINT,486.81,TOUCHED,0.94,above,491.4,486.81,485.57,486.81,484.32,0.511,62.2,0.013,0,2026-09-02,2026-09-03,False,False,5.0,2026-09-03T19:27:45+05:30
CASTROLIND,185.82,TOUCHED,0.32,above,186.42,185.82,185.56,185.82,185.3,0.28,62.5,0.014,0,2026-09-02,2026-09-03,False,False,5.0,2026-09-03T19:27:45+05:30
FORTIS,912.72,TOUCHED,0.52,above,917.5,912.72,910.45,912.72,908.17,0.5,62.7,0.03,0,2026-09-02,2026-09-03,False,False,5.0,2026-09-03T19:27:45+05:30
NAM-INDIA,1163.6,TOUCHED,0.11,inside,1164.9,1163.6,1163.6,1167.55,1159.65,0.679,63.0,0.032,0,2026-09-02,2026-09-03,False,False,5.0,2026-09-03T19:27:45+05:30
MEESHO,210.05,TOUCHED,-0.15,inside,209.74,210.05,210.05,210.83,209.28,0.738,63.6,0.031,0,2026-09-02,2026-09-03,False,False,5.0,2026-09-03T19:27:45+05:30
TIMKEN,3143.23,TOUCHED,-0.59,below,3124.8,3143.23,3151.97,3160.7,3143.23,0.554,63.6,0.047,0,2026-09-02,2026-09-03,False,False,5.0,2026-09-03T19:27:45+05:30
DCMSHRIRAM,1030.92,TOUCHED,-1.14,below,1019.2,1030.92,1033.83,1036.75,1030.92,0.564,63.8,0.024,0,2026-09-02,2026-09-03,False,False,5.0,2026-09-03T19:27:45+05:30
EIDPARRY,793.8,TOUCHED,-1.96,below,778.25,793.8,796.08,798.37,793.8,0.574,63.8,0.034,0,2026-09-02,2026-09-03,False,False,5.0,2026-09-03T19:27:45+05:30
SBIN,1024.5,TOUCHED,-0.11,inside,1023.4,1024.5,1024.5,1026.3,1022.7,0.351,63.8,0.011,0,2026-09-02,2026-09-03,False,False,5.0,2026-09-03T19:27:45+05:30
CIEINDIA,385.98,TOUCHED,-0.52,below,383.95,385.98,386.95,387.93,385.98,0.504,64.1,0.025,0,2026-09-02,2026-09-03,False,False,5.0,2026-09-03T19:27:45+05:30
INFY,1133.2,TOUCHED,-0.26,below,1130.3,1133.2,1135.47,1137.73,1133.2,0.399,64.1,0.029,0,2026-09-02,2026-09-03,False,False,5.0,2026-09-03T19:27:45+05:30
GROWW,189.18,TOUCHED,0.56,above,190.24,189.18,188.49,189.18,187.79,0.739,64.2,0.035,0,2026-09-02,2026-09-03,False,False,5.0,2026-09-03T19:27:45+05:30
MOTHERSON,162.34,TOUCHED,-0.21,inside,162.0,162.34,162.34,162.82,161.86,0.591,64.7,0.038,0,2026-09-02,2026-09-03,False,False,5.0,2026-09-03T19:27:45+05:30
OLAELEC,39.16,TOUCHED,-4.32,below,37.47,39.16,39.34,39.52,39.16,0.923,64.7,0.066,0,2026-09-02,2026-09-03,False,False,5.0,2026-09-03T19:27:45+05:30
IRFC,82.29,TOUCHED,0.44,above,82.65,82.29,82.09,82.29,81.9,0.471,64.9,0.033,0,2026-09-02,2026-09-03,False,False,5.0,2026-09-03T19:27:45+05:30
PFC,344.77,TOUCHED,0.21,inside,345.5,344.77,344.77,345.63,343.9,0.503,64.9,0.032,0,2026-09-02,2026-09-03,False,False,5.0,2026-09-03T19:27:45+05:30
TATAELXSI,3581.05,TOUCHED,-0.03,below,3580.0,3581.05,3590.37,3599.68,3581.05,0.519,65.2,0.034,0,2026-09-02,2026-09-03,False,False,5.0,2026-09-03T19:27:45+05:30
ZENSARTECH,465.07,TOUCHED,0.08,above,465.45,465.07,463.57,465.07,462.06,0.651,65.5,0.035,0,2026-09-02,2026-09-03,False,False,5.0,2026-09-03T19:27:45+05:30
JAINREC,279.72,TOUCHED,0.03,inside,279.8,279.72,279.72,280.93,278.5,0.87,65.9,0.064,0,2026-09-02,2026-09-03,False,False,5.0,2026-09-03T19:27:45+05:30
M&MFIN,367.72,TOUCHED,2.27,above,376.05,367.72,366.58,367.72,365.45,0.618,66.0,0.037,0,2026-09-02,2026-09-03,False,False,5.0,2026-09-03T19:27:45+05:30
KIRLOSENG,2152.57,TOUCHED,5.34,above,2267.6,2152.57,2144.23,2152.57,2135.9,0.777,66.3,0.035,0,2026-09-02,2026-09-03,False,False,5.0,2026-09-03T19:27:45+05:30
PETRONET,289.86,TOUCHED,-0.12,below,289.5,289.86,290.52,291.18,289.86,0.453,66.3,0.025,0,2026-09-02,2026-09-03,False,False,5.0,2026-09-03T19:27:45+05:30
BANKINDIA,142.67,TOUCHED,1.64,above,145.0,142.67,142.23,142.67,141.79,0.612,66.8,0.029,0,2026-09-02,2026-09-03,False,False,5.0,2026-09-03T19:27:45+05:30
AADHARHFC,474.18,TOUCHED,0.94,above,478.65,474.18,472.97,474.18,471.75,0.514,67.1,0.025,0,2026-09-02,2026-09-03,False,False,5.0,2026-09-03T19:27:45+05:30
INTELLECT,681.95,TOUCHED,-0.54,below,678.3,681.95,684.65,687.35,681.95,0.789,67.1,0.042,0,2026-09-02,2026-09-03,False,False,5.0,2026-09-03T19:27:45+05:30
CYIENT,1125.55,TOUCHED,-1.27,below,1111.3,1125.55,1128.9,1132.25,1125.55,0.594,67.4,0.029,0,2026-09-02,2026-09-03,False,False,5.0,2026-09-03T19:27:45+05:30
INDUSTOWER,375.98,TOUCHED,-0.27,below,374.95,375.98,376.98,377.99,375.98,0.535,67.7,0.022,0,2026-09-02,2026-09-03,False,False,5.0,2026-09-03T19:27:45+05:30
GABRIEL,1391.12,TOUCHED,-3.26,below,1345.8,1391.12,1397.33,1403.55,1391.12,0.89,67.9,0.033,0,2026-09-02,2026-09-03,False,False,5.0,2026-09-03T19:27:45+05:30
GRAVITA,1755.32,TOUCHED,-4.02,below,1684.8,1755.32,1761.53,1767.75,1755.32,0.706,67.9,0.033,0,2026-09-02,2026-09-03,False,False,5.0,2026-09-03T19:27:45+05:30
TATATECH,806.85,TOUCHED,-0.22,below,805.1,806.85,808.98,811.12,806.85,0.527,67.9,0.033,0,2026-09-02,2026-09-03,False,False,5.0,2026-09-03T19:27:45+05:30
CGCL,255.73,TOUCHED,6.24,above,271.7,255.73,254.87,255.73,254.0,0.68,68.2,0.053,0,2026-09-02,2026-09-03,False,False,5.0,2026-09-03T19:27:45+05:30
NAVINFLUOR,8515.08,TOUCHED,2.14,above,8697.0,8515.08,8487.67,8515.08,8460.25,0.646,68.2,0.045,0,2026-09-02,2026-09-03,False,False,5.0,2026-09-03T19:27:45+05:30
HDFCAMC,2510.4,TOUCHED,0.02,inside,2510.8,2510.4,2510.4,2518.05,2502.75,0.609,69.3,0.022,0,2026-09-02,2026-09-03,False,False,5.0,2026-09-03T19:27:45+05:30
RHIM,369.23,TOUCHED,0.14,above,369.75,369.23,367.95,369.23,366.68,0.693,69.3,0.031,0,2026-09-02,2026-09-03,False,False,5.0,2026-09-03T19:27:45+05:30
EMAMILTD,369.04,TOUCHED,-0.23,below,368.2,369.04,370.03,371.03,369.04,0.536,69.6,0.023,0,2026-09-02,2026-09-03,False,False,5.0,2026-09-03T19:27:45+05:30
TCS,2333.25,TOUCHED,-0.56,below,2320.1,2333.25,2338.17,2343.08,2333.25,0.421,69.6,0.029,0,2026-09-02,2026-09-03,False,False,5.0,2026-09-03T19:27:45+05:30
ABLBL,83.36,TOUCHED,0.15,inside,83.49,83.36,83.36,83.65,83.07,0.7,69.7,0.054,0,2026-09-02,2026-09-03,False,False,5.0,2026-09-03T19:27:45+05:30
CUMMINSIND,5059.5,TOUCHED,0.23,inside,5071.0,5059.5,5059.5,5074.0,5045.0,0.573,69.9,0.018,0,2026-09-02,2026-09-03,False,False,5.0,2026-09-03T19:27:45+05:30
BAJFINANCE,1050.57,TOUCHED,-0.15,inside,1049.0,1050.57,1050.57,1053.23,1047.9,0.508,70.1,0.027,0,2026-09-02,2026-09-03,False,False,5.0,2026-09-03T19:27:45+05:30
CAPLIPOINT,2711.3,TOUCHED,4.93,above,2845.0,2711.3,2702.1,2711.3,2692.9,0.681,70.1,0.032,0,2026-09-02,2026-09-03,False,False,5.0,2026-09-03T19:27:45+05:30
SUZLON,45.92,TOUCHED,0.23,above,46.03,45.92,45.77,45.92,45.61,0.677,70.1,0.028,0,2026-09-02,2026-09-03,False,False,5.0,2026-09-03T19:27:45+05:30
GODFRYPHLP,2041.87,TOUCHED,0.15,inside,2045.0,2041.87,2041.87,2050.1,2033.63,0.806,70.4,0.04,0,2026-09-02,2026-09-03,False,False,5.0,2026-09-03T19:27:45+05:30
LTM,4562.67,TOUCHED,-0.06,inside,4560.0,4562.67,4562.67,4575.33,4550.0,0.555,70.4,0.032,0,2026-09-02,2026-09-03,False,False,5.0,2026-09-03T19:27:45+05:30
ETERNAL,325.03,TOUCHED,-0.07,inside,324.8,325.03,325.03,326.17,323.9,0.697,70.7,0.024,0,2026-09-02,2026-09-03,False,False,5.0,2026-09-03T19:27:45+05:30
IPCALAB,1962.73,TOUCHED,-0.34,below,1956.1,1962.73,1968.97,1975.2,1962.73,0.633,71.0,0.032,0,2026-09-02,2026-09-03,False,False,5.0,2026-09-03T19:27:45+05:30
DRREDDY,1158.9,TOUCHED,-0.34,below,1155.0,1158.9,1161.3,1163.7,1158.9,0.413,71.2,0.017,0,2026-09-02,2026-09-03,False,False,5.0,2026-09-03T19:27:45+05:30
HEG,709.14,TOUCHED,-0.24,below,707.45,709.14,711.88,714.62,709.14,0.77,71.5,0.043,0,2026-09-02,2026-09-03,False,False,5.0,2026-09-03T19:27:45+05:30
RADICO,4461.83,TOUCHED,2.18,above,4559.0,4461.83,4447.47,4461.83,4433.1,0.646,71.5,0.023,0,2026-09-02,2026-09-03,False,False,5.0,2026-09-03T19:27:45+05:30
HAVELLS,1198.67,TOUCHED,0.11,inside,1200.0,1198.67,1198.67,1201.5,1195.83,0.473,71.8,0.019,0,2026-09-02,2026-09-03,False,False,5.0,2026-09-03T19:27:45+05:30
LTTS,3516.55,TOUCHED,-0.44,below,3501.2,3516.55,3528.1,3539.65,3516.55,0.655,71.8,0.037,0,2026-09-02,2026-09-03,False,False,5.0,2026-09-03T19:27:45+05:30
SHRIRAMFIN,1043.68,TOUCHED,0.05,above,1044.2,1043.68,1040.37,1043.68,1037.05,0.638,71.8,0.033,0,2026-09-02,2026-09-03,False,False,5.0,2026-09-03T19:27:45+05:30
IDEA,14.46,TOUCHED,0.13,above,14.48,14.46,14.39,14.46,14.33,0.95,72.1,0.044,0,2026-09-02,2026-09-03,False,False,5.0,2026-09-03T19:27:45+05:30
ATUL,6466.5,TOUCHED,0.04,above,6469.0,6466.5,6447.5,6466.5,6428.5,0.589,72.3,0.013,0,2026-09-02,2026-09-03,False,False,5.0,2026-09-03T19:27:45+05:30
VTL,589.49,TOUCHED,-0.14,below,588.65,589.49,591.53,593.58,589.49,0.69,72.3,0.029,0,2026-09-02,2026-09-03,False,False,5.0,2026-09-03T19:27:45+05:30
FSL,267.1,TOUCHED,-0.67,below,265.3,267.1,268.2,269.3,267.1,0.82,72.6,0.034,0,2026-09-02,2026-09-03,False,False,5.0,2026-09-03T19:27:45+05:30
MARUTI,12820.67,TOUCHED,0.28,above,12857.0,12820.67,12792.33,12820.67,12764.0,0.443,72.6,0.015,0,2026-09-02,2026-09-03,False,False,5.0,2026-09-03T19:27:45+05:30
PIIND,2386.52,TOUCHED,1.4,above,2419.9,2386.52,2380.03,2386.52,2373.55,0.545,72.9,0.017,0,2026-09-02,2026-09-03,False,False,5.0,2026-09-03T19:27:45+05:30
AEGISLOG,1236.68,TOUCHED,4.08,above,1287.2,1236.68,1231.57,1236.68,1226.45,0.831,73.2,0.033,0,2026-09-02,2026-09-03,False,False,5.0,2026-09-03T19:27:45+05:30
IRCTC,474.88,TOUCHED,-0.06,inside,474.6,474.88,474.88,476.03,473.74,0.481,73.4,0.043,0,2026-09-02,2026-09-03,False,False,5.0,2026-09-03T19:27:45+05:30
ZEEL,91.37,TOUCHED,0.3,inside,91.64,91.37,91.37,91.77,90.97,0.876,73.4,0.045,0,2026-09-02,2026-09-03,False,False,5.0,2026-09-03T19:27:45+05:30
UNOMINDA,1250.15,TOUCHED,1.51,above,1269.0,1250.15,1245.43,1250.15,1240.72,0.757,74.0,0.047,0,2026-09-02,2026-09-03,False,False,5.0,2026-09-03T19:27:45+05:30
ECLERX,1974.7,TOUCHED,-0.15,below,1971.7,1974.7,1984.63,1994.57,1974.7,1.001,74.2,0.042,0,2026-09-02,2026-09-03,False,False,5.0,2026-09-03T19:27:45+05:30
NMDC,85.0,TOUCHED,-0.95,below,84.19,85.0,85.25,85.5,85.0,0.587,74.2,0.028,0,2026-09-02,2026-09-03,False,False,5.0,2026-09-03T19:27:45+05:30
COLPAL,1852.0,TOUCHED,-0.11,inside,1850.0,1852.0,1852.0,1856.75,1847.25,0.513,74.5,0.025,0,2026-09-02,2026-09-03,False,False,5.0,2026-09-03T19:27:45+05:30
IRB,19.35,TOUCHED,1.65,above,19.67,19.35,19.29,19.35,19.24,0.587,74.5,0.038,0,2026-09-02,2026-09-03,False,False,5.0,2026-09-03T19:27:45+05:30
UNITDSPR,1465.72,TOUCHED,1.58,above,1488.9,1465.72,1461.93,1465.72,1458.15,0.518,74.5,0.033,0,2026-09-02,2026-09-03,False,False,5.0,2026-09-03T19:27:45+05:30
TMCV,452.88,TOUCHED,1.65,above,460.35,452.88,451.07,452.88,449.26,0.802,75.0,0.024,0,2026-09-02,2026-09-03,False,False,5.0,2026-09-03T19:27:45+05:30
NSLNISP,45.85,TOUCHED,-0.99,below,45.4,45.85,46.01,46.18,45.85,0.703,75.1,0.033,0,2026-09-02,2026-09-03,False,False,5.0,2026-09-03T19:27:45+05:30
BLUESTARCO,1461.75,TOUCHED,1.64,above,1485.7,1461.75,1456.27,1461.75,1450.78,0.753,75.6,0.05,0,2026-09-02,2026-09-03,False,False,5.0,2026-09-03T19:27:45+05:30
CONCOR,511.5,TOUCHED,-0.52,below,508.85,511.5,513.0,514.5,511.5,0.585,76.4,0.034,0,2026-09-02,2026-09-03,False,False,5.0,2026-09-03T19:27:45+05:30
BHEL,425.81,TOUCHED,1.41,above,431.8,425.81,424.12,425.81,422.43,0.798,76.7,0.042,0,2026-09-02,2026-09-03,False,False,5.0,2026-09-03T19:27:45+05:30
JSWDULUX,3153.13,TOUCHED,0.46,above,3167.6,3153.13,3142.97,3153.13,3132.8,0.647,76.7,0.022,0,2026-09-02,2026-09-03,False,False,5.0,2026-09-03T19:27:45+05:30
AIAENG,4200.5,TOUCHED,1.71,above,4272.4,4200.5,4186.9,4200.5,4173.3,0.65,77.0,0.047,0,2026-09-02,2026-09-03,False,False,5.0,2026-09-03T19:27:45+05:30
SAIL,195.78,TOUCHED,0.62,above,197.0,195.78,195.05,195.78,194.33,0.742,77.0,0.024,0,2026-09-02,2026-09-03,False,False,5.0,2026-09-03T19:27:45+05:30
JUBLFOOD,483.32,TOUCHED,-0.09,inside,482.9,483.32,483.32,484.91,481.73,0.659,77.3,0.018,0,2026-09-02,2026-09-03,False,False,5.0,2026-09-03T19:27:45+05:30
VMM,107.76,TOUCHED,0.04,inside,107.8,107.76,107.76,108.16,107.35,0.755,77.5,0.026,0,2026-09-02,2026-09-03,False,False,5.0,2026-09-03T19:27:45+05:30
ICICIPRULI,496.28,TOUCHED,-0.25,inside,495.05,496.28,496.28,497.89,494.68,0.648,77.8,0.023,0,2026-09-02,2026-09-03,False,False,5.0,2026-09-03T19:27:45+05:30
JYOTICNC,969.02,TOUCHED,5.97,above,1026.85,969.02,964.57,969.02,960.11,0.924,77.8,0.031,0,2026-09-02,2026-09-03,False,False,5.0,2026-09-03T19:27:45+05:30
AFFLE,1523.6,TOUCHED,-0.29,below,1519.2,1523.6,1529.3,1535.0,1523.6,0.745,78.4,0.032,0,2026-09-02,2026-09-03,False,False,5.0,2026-09-03T19:27:45+05:30
BLUEDART,5032.48,TOUCHED,-0.07,below,5028.8,5032.48,5047.47,5062.45,5032.48,0.594,78.4,0.017,0,2026-09-02,2026-09-03,False,False,5.0,2026-09-03T19:27:45+05:30
MEDANTA,1450.37,TOUCHED,-2.28,below,1417.3,1450.37,1455.83,1461.3,1450.37,0.751,78.4,0.028,0,2026-09-02,2026-09-03,False,False,5.0,2026-09-03T19:27:45+05:30
EIHOTEL,288.9,TOUCHED,0.64,above,290.75,288.9,287.87,288.9,286.83,0.718,78.6,0.03,0,2026-09-02,2026-09-03,False,False,5.0,2026-09-03T19:27:45+05:30
BALKRISIND,2321.32,TOUCHED,0.26,above,2327.3,2321.32,2313.53,2321.32,2305.75,0.673,78.9,0.027,0,2026-09-02,2026-09-03,False,False,5.0,2026-09-03T19:27:45+05:30
TORNTPHARM,4972.25,TOUCHED,-1.34,below,4905.5,4972.25,4985.5,4998.75,4972.25,0.532,79.2,0.023,0,2026-09-02,2026-09-03,False,False,5.0,2026-09-03T19:27:45+05:30
CHOLAHLDNG,1482.33,TOUCHED,1.38,above,1502.8,1482.33,1475.67,1482.33,1469.0,0.904,79.5,0.025,0,2026-09-02,2026-09-03,False,False,5.0,2026-09-03T19:27:45+05:30
WOCKPHARMA,1894.37,TOUCHED,2.97,above,1950.6,1894.37,1884.43,1894.37,1874.5,1.054,79.5,0.059,0,2026-09-02,2026-09-03,False,False,5.0,2026-09-03T19:27:45+05:30
KEI,5233.5,TOUCHED,1.79,above,5327.0,5233.5,5212.33,5233.5,5191.17,0.812,79.7,0.025,0,2026-09-02,2026-09-03,False,False,5.0,2026-09-03T19:27:45+05:30
PATANJALI,343.03,TOUCHED,-0.04,inside,342.9,343.03,343.03,344.02,342.05,0.573,79.7,0.015,0,2026-09-02,2026-09-03,False,False,5.0,2026-09-03T19:27:45+05:30
ENDURANCE,2766.65,TOUCHED,-0.43,below,2754.7,2766.65,2777.4,2788.15,2766.65,0.774,80.0,0.043,0,2026-09-02,2026-09-03,False,False,5.0,2026-09-03T19:27:45+05:30
SAREGAMA,483.75,TOUCHED,2.05,above,493.65,483.75,481.6,483.75,479.45,0.893,80.0,0.044,0,2026-09-02,2026-09-03,False,False,5.0,2026-09-03T19:27:45+05:30
MANKIND,2374.73,TOUCHED,-0.25,inside,2368.8,2374.73,2374.73,2383.12,2366.35,0.706,80.3,0.038,0,2026-09-02,2026-09-03,False,False,5.0,2026-09-03T19:27:45+05:30
NCC,144.14,TOUCHED,2.15,above,147.24,144.14,143.6,144.14,143.07,0.747,80.3,0.027,0,2026-09-02,2026-09-03,False,False,5.0,2026-09-03T19:27:45+05:30
TRITURBINE,569.75,TOUCHED,0.34,inside,571.7,569.75,569.75,572.02,567.48,0.799,80.3,0.021,0,2026-09-02,2026-09-03,False,False,5.0,2026-09-03T19:27:45+05:30
DEEPAKNTR,1740.62,TOUCHED,-0.88,below,1725.3,1740.62,1747.13,1753.65,1740.62,0.746,80.5,0.028,0,2026-09-02,2026-09-03,False,False,5.0,2026-09-03T19:27:45+05:30
ZFCVINDIA,2544.0,TOUCHED,-0.75,below,2524.8,2544.0,2553.4,2562.8,2544.0,0.736,80.5,0.036,0,2026-09-02,2026-09-03,False,False,5.0,2026-09-03T19:27:45+05:30
BRITANNIA,5124.0,TOUCHED,0.12,inside,5130.0,5124.0,5124.0,5139.0,5109.0,0.585,80.8,0.021,0,2026-09-02,2026-09-03,False,False,5.0,2026-09-03T19:27:45+05:30
HSCL,662.7,TOUCHED,-0.11,below,662.0,662.7,665.8,668.9,662.7,0.931,80.8,0.039,0,2026-09-02,2026-09-03,False,False,5.0,2026-09-03T19:27:45+05:30
IOC,136.56,TOUCHED,0.91,above,137.8,136.56,136.12,136.56,135.68,0.649,81.1,0.02,0,2026-09-02,2026-09-03,False,False,5.0,2026-09-03T19:27:45+05:30
TITAN,5031.75,TOUCHED,-0.09,below,5027.0,5031.75,5045.83,5059.92,5031.75,0.558,81.1,0.015,0,2026-09-02,2026-09-03,False,False,5.0,2026-09-03T19:27:45+05:30
EXIDEIND,427.13,TOUCHED,-0.97,below,423.0,427.13,428.62,430.1,427.13,0.692,81.4,0.027,0,2026-09-02,2026-09-03,False,False,5.0,2026-09-03T19:27:45+05:30
CONCORDBIO,1452.15,TOUCHED,-0.31,below,1447.7,1452.15,1459.5,1466.85,1452.15,1.007,81.6,0.022,0,2026-09-02,2026-09-03,False,False,5.0,2026-09-03T19:27:45+05:30
INDIGO,4982.83,TOUCHED,-0.06,inside,4980.0,4982.83,4982.83,5001.42,4964.25,0.746,81.9,0.024,0,2026-09-02,2026-09-03,False,False,5.0,2026-09-03T19:27:45+05:30
UBL,1286.13,TOUCHED,-0.15,below,1284.2,1286.13,1289.67,1293.2,1286.13,0.548,81.9,0.026,0,2026-09-02,2026-09-03,False,False,5.0,2026-09-03T19:27:45+05:30
TENNIND,514.65,TOUCHED,0.2,inside,515.7,514.65,514.65,517.22,512.07,1.001,82.4,0.018,0,2026-09-02,2026-09-03,False,False,5.0,2026-09-03T19:27:45+05:30
LTFOODS,440.56,TOUCHED,0.45,above,442.55,440.56,438.67,440.56,436.77,0.862,82.7,0.036,0,2026-09-02,2026-09-03,False,False,5.0,2026-09-03T19:27:45+05:30
TMPV,311.6,TOUCHED,0.13,above,312.0,311.6,310.45,311.6,309.3,0.741,83.0,0.02,0,2026-09-02,2026-09-03,False,False,5.0,2026-09-03T19:27:45+05:30
NYKAA,334.85,TOUCHED,-0.19,inside,334.2,334.85,334.85,336.12,333.57,0.762,83.3,0.028,0,2026-09-02,2026-09-03,False,False,5.0,2026-09-03T19:27:45+05:30
RKFORGE,729.4,TOUCHED,-0.35,below,726.85,729.4,732.7,736.0,729.4,0.901,83.3,0.044,0,2026-09-02,2026-09-03,False,False,5.0,2026-09-03T19:27:45+05:30
WIPRO,177.59,TOUCHED,-1.05,below,175.72,177.59,178.09,178.6,177.59,0.563,83.3,0.013,0,2026-09-02,2026-09-03,False,False,5.0,2026-09-03T19:27:45+05:30
BPCL,318.35,TOUCHED,0.53,above,320.05,318.35,317.1,318.35,315.85,0.788,83.6,0.021,0,2026-09-02,2026-09-03,False,False,5.0,2026-09-03T19:27:45+05:30
GRASIM,3285.57,TOUCHED,0.74,above,3310.0,3285.57,3276.23,3285.57,3266.9,0.57,83.8,0.017,0,2026-09-02,2026-09-03,False,False,5.0,2026-09-03T19:27:45+05:30
IGIL,328.95,TOUCHED,-0.91,below,325.95,328.95,330.7,332.45,328.95,1.058,84.4,0.029,0,2026-09-02,2026-09-03,False,False,5.0,2026-09-03T19:27:45+05:30
HOMEFIRST,1189.95,TOUCHED,0.96,above,1201.4,1189.95,1183.2,1189.95,1176.45,1.141,86.0,0.042,0,2026-09-02,2026-09-03,False,False,5.0,2026-09-03T19:27:45+05:30
ULTRACEMCO,11289.0,TOUCHED,-0.12,below,11275.0,11289.0,11323.67,11358.33,11289.0,0.612,86.0,0.023,0,2026-09-02,2026-09-03,False,False,5.0,2026-09-03T19:27:45+05:30
AUROPHARMA,1654.57,TOUCHED,-1.04,below,1637.3,1654.57,1660.93,1667.3,1654.57,0.767,86.3,0.039,0,2026-09-02,2026-09-03,False,False,5.0,2026-09-03T19:27:45+05:30
BANKBARODA,240.31,TOUCHED,0.05,above,240.44,240.31,239.43,240.31,238.54,0.739,86.3,0.012,0,2026-09-02,2026-09-03,False,False,5.0,2026-09-03T19:27:45+05:30
ADANIENSOL,1381.87,TOUCHED,0.28,inside,1385.7,1381.87,1381.87,1389.23,1374.5,1.066,86.6,0.031,0,2026-09-02,2026-09-03,False,False,5.0,2026-09-03T19:27:45+05:30
AARTIIND,507.46,TOUCHED,-1.1,below,501.9,507.46,509.72,511.98,507.46,0.886,87.1,0.03,0,2026-09-02,2026-09-03,False,False,5.0,2026-09-03T19:27:45+05:30
ERIS,1301.3,TOUCHED,0.17,inside,1303.5,1301.3,1301.3,1307.5,1295.1,0.953,87.4,0.031,0,2026-09-02,2026-09-03,False,False,5.0,2026-09-03T19:27:45+05:30
FEDERALBNK,349.35,TOUCHED,-1.36,below,344.6,349.35,350.68,352.02,349.35,0.76,87.4,0.027,0,2026-09-02,2026-09-03,False,False,5.0,2026-09-03T19:27:45+05:30
OIL,491.82,TOUCHED,-0.37,below,490.0,491.82,493.93,496.04,491.82,0.854,87.4,0.021,0,2026-09-02,2026-09-03,False,False,5.0,2026-09-03T19:27:45+05:30
PAGEIND,35915.0,TOUCHED,-0.14,inside,35865.0,35915.0,35915.0,36057.5,35772.5,0.794,87.7,0.025,0,2026-09-02,2026-09-03,False,False,5.0,2026-09-03T19:27:45+05:30
ZENTEC,1806.87,TOUCHED,0.19,inside,1810.3,1806.87,1806.87,1817.98,1795.75,1.23,87.7,0.017,0,2026-09-02,2026-09-03,False,False,5.0,2026-09-03T19:27:45+05:30
GODREJPROP,1960.4,TOUCHED,2.1,above,2001.5,1960.4,1950.1,1960.4,1939.8,1.056,87.9,0.048,0,2026-09-02,2026-09-03,False,False,5.0,2026-09-03T19:27:45+05:30
LAURUSLABS,1855.35,TOUCHED,0.71,above,1868.5,1855.35,1846.7,1855.35,1838.05,0.937,87.9,0.018,0,2026-09-02,2026-09-03,False,False,5.0,2026-09-03T19:27:45+05:30
PNB,116.06,TOUCHED,0.23,inside,116.32,116.06,116.06,116.53,115.58,0.813,88.5,0.033,0,2026-09-02,2026-09-03,False,False,5.0,2026-09-03T19:27:45+05:30
VIJAYA,1502.5,TOUCHED,0.2,above,1505.5,1502.5,1495.37,1502.5,1488.23,0.954,88.5,0.036,0,2026-09-02,2026-09-03,False,False,5.0,2026-09-03T19:27:45+05:30
FINCABLES,1211.0,TOUCHED,5.11,above,1272.9,1211.0,1204.4,1211.0,1197.8,1.096,89.3,0.019,0,2026-09-02,2026-09-03,False,False,5.0,2026-09-03T19:27:45+05:30
BBTC,1507.07,TOUCHED,-0.36,inside,1501.6,1507.07,1507.07,1514.25,1499.88,0.953,89.6,0.029,0,2026-09-02,2026-09-03,False,False,5.0,2026-09-03T19:27:45+05:30
ABB,7415.92,TOUCHED,0.22,above,7432.0,7415.92,7384.33,7415.92,7352.75,0.855,89.9,0.029,0,2026-09-02,2026-09-03,False,False,5.0,2026-09-03T19:27:45+05:30
CARBORUNIV,1082.53,TOUCHED,-0.42,inside,1078.0,1082.53,1082.53,1088.05,1077.02,1.019,90.1,0.029,0,2026-09-02,2026-09-03,False,False,5.0,2026-09-03T19:27:45+05:30
MANAPPURAM,339.17,TOUCHED,0.54,above,341.0,339.17,337.43,339.17,335.7,1.027,91.0,0.027,0,2026-09-02,2026-09-03,False,False,5.0,2026-09-03T19:27:45+05:30
VBL,408.73,TOUCHED,-0.39,below,407.15,408.73,410.82,412.91,408.73,1.018,91.5,0.03,0,2026-09-02,2026-09-03,False,False,5.0,2026-09-03T19:27:45+05:30
LICHSGFIN,538.73,TOUCHED,2.83,above,554.0,538.73,536.22,538.73,533.7,0.939,92.1,0.018,0,2026-09-02,2026-09-03,False,False,5.0,2026-09-03T19:27:45+05:30
ADANIGREEN,1278.47,TOUCHED,0.39,inside,1283.4,1278.47,1278.47,1287.23,1269.7,1.371,92.6,0.04,0,2026-09-02,2026-09-03,False,False,5.0,2026-09-03T19:27:45+05:30
HFCL,228.16,TOUCHED,-3.39,below,220.42,228.16,230.06,231.95,228.16,1.646,93.2,0.031,0,2026-09-02,2026-09-03,False,False,5.0,2026-09-03T19:27:45+05:30
NIVABUPA,81.15,TOUCHED,-0.52,below,80.73,81.15,81.57,81.99,81.15,1.03,93.2,0.018,0,2026-09-02,2026-09-03,False,False,5.0,2026-09-03T19:27:45+05:30
THERMAX,3776.43,TOUCHED,-1.13,below,3733.9,3776.43,3800.37,3824.3,3776.43,1.26,93.2,0.023,0,2026-09-02,2026-09-03,False,False,5.0,2026-09-03T19:27:45+05:30
BALRAMCHIN,665.43,TOUCHED,5.85,above,704.35,665.43,661.12,665.43,656.8,1.306,93.7,0.025,0,2026-09-02,2026-09-03,False,False,5.0,2026-09-03T19:27:45+05:30
KALYANKJIL,580.65,TOUCHED,0.8,inside,585.3,580.65,580.65,585.33,575.98,1.61,93.7,0.039,0,2026-09-02,2026-09-03,False,False,5.0,2026-09-03T19:27:45+05:30
INDHOTEL,724.09,TOUCHED,1.09,above,732.0,724.09,720.48,724.09,716.88,1.002,94.0,0.018,0,2026-09-02,2026-09-03,False,False,5.0,2026-09-03T19:27:45+05:30
BAJAJFINSV,1981.53,TOUCHED,0.53,above,1992.1,1981.53,1973.07,1981.53,1964.6,0.858,94.5,0.02,0,2026-09-02,2026-09-03,False,False,5.0,2026-09-03T19:27:45+05:30
KAJARIACER,1253.27,TOUCHED,0.59,above,1260.6,1253.27,1245.43,1253.27,1237.6,1.258,94.8,0.028,0,2026-09-02,2026-09-03,False,False,5.0,2026-09-03T19:27:45+05:30
360ONE,1163.73,TOUCHED,-0.75,inside,1155.0,1163.73,1163.73,1172.52,1154.95,1.51,95.9,0.031,0,2026-09-02,2026-09-03,False,False,5.0,2026-09-03T19:27:45+05:30
AIIL,517.78,TOUCHED,0.24,inside,519.05,517.78,517.78,522.95,512.62,1.996,95.9,0.044,0,2026-09-02,2026-09-03,False,False,5.0,2026-09-03T19:27:45+05:30
SHREECEM,23576.67,TOUCHED,1.41,above,23910.0,23576.67,23473.33,23576.67,23370.0,0.88,95.9,0.013,0,2026-09-02,2026-09-03,False,False,5.0,2026-09-03T19:27:45+05:30
VOLTAS,1175.45,TOUCHED,0.22,above,1178.0,1175.45,1167.67,1175.45,1159.88,1.333,95.9,0.037,0,2026-09-02,2026-09-03,False,False,5.0,2026-09-03T19:27:45+05:30
AEGISVOPAK,283.3,TOUCHED,1.25,above,286.85,283.3,280.3,283.3,277.3,2.141,96.2,0.041,0,2026-09-02,2026-09-03,False,False,5.0,2026-09-03T19:27:45+05:30
SAILIFE,1563.67,TOUCHED,0.71,inside,1574.8,1563.67,1563.67,1575.33,1552.0,1.492,96.2,0.04,0,2026-09-02,2026-09-03,False,False,5.0,2026-09-03T19:27:45+05:30
TVSMOTOR,4177.48,TOUCHED,0.54,above,4200.0,4177.48,4154.97,4177.48,4132.45,1.084,96.7,0.021,0,2026-09-02,2026-09-03,False,False,5.0,2026-09-03T19:27:45+05:30
COCHINSHIP,1463.00,V+N,1.62,above,1486.7,1463.0,1463.0,1463.0,1463.0,0.0,0.0,0.041,1,2026-09-02,2026-09-03,True,True,5.0,2026-09-03T20:12:24+05:30
PERSISTENT,5689.25,V+N,-0.57,below,5657.0,5689.25,5689.5,5689.75,5689.25,0.009,2.5,0.016,1,2026-09-02,2026-09-03,True,True,5.0,2026-09-03T20:12:24+05:30
SBFC,99.22,V+N,0.69,above,99.9,99.22,99.21,99.22,99.19,0.024,4.1,0.03,1,2026-09-02,2026-09-03,True,True,5.0,2026-09-03T20:12:24+05:30
TATAPOWER,361.19,V+W,1.25,above,365.7,361.19,358.38,361.19,355.57,1.567,99.7,0.023,1,2026-09-02,2026-09-03,True,False,5.0,2026-09-03T20:12:24+05:30
BRIGADE,640.30,V,11.24,above,712.3,640.3,640.2,640.3,640.1,0.031,6.8,0.024,1,2026-09-02,2026-09-03,True,False,5.0,2026-09-03T20:12:24+05:30
OLECTRA,1238.58,V,0.5,above,1244.8,1238.58,1238.27,1238.58,1237.95,0.051,7.1,0.033,1,2026-09-02,2026-09-03,True,False,5.0,2026-09-03T20:12:24+05:30
NATIONALUM,370.50,V,0.94,above,374.0,370.5,370.33,370.5,370.17,0.09,9.0,0.041,1,2026-09-02,2026-09-03,True,False,5.0,2026-09-03T20:12:24+05:30
JWL,239.70,V,0.58,above,241.09,239.7,239.59,239.7,239.48,0.092,9.9,0.042,1,2026-09-02,2026-09-03,True,False,5.0,2026-09-03T20:12:24+05:30
ATHERENERG,1687.07,V,-2.86,below,1638.9,1687.07,1688.03,1689.0,1687.07,0.115,10.7,0.065,1,2026-09-02,2026-09-03,True,False,5.0,2026-09-03T20:12:24+05:30
CHAMBLFERT,411.28,V,1.71,above,418.3,411.28,411.12,411.28,410.95,0.081,11.0,0.035,1,2026-09-02,2026-09-03,True,False,5.0,2026-09-03T20:12:24+05:30
TATACAP,364.64,V,1.98,above,371.85,364.64,364.53,364.64,364.43,0.059,11.2,0.016,1,2026-09-02,2026-09-03,True,False,5.0,2026-09-03T20:12:24+05:30
DEEPAKFERT,1417.45,V,-4.34,below,1355.9,1417.45,1418.2,1418.95,1417.45,0.106,11.8,0.044,1,2026-09-02,2026-09-03,True,False,5.0,2026-09-03T20:12:24+05:30
ITCHOTELS,158.55,V,1.07,above,160.25,158.55,158.48,158.55,158.4,0.097,12.3,0.038,1,2026-09-02,2026-09-03,True,False,5.0,2026-09-03T20:12:24+05:30
GMDCLTD,559.20,V,1.19,above,565.85,559.2,558.68,559.2,558.17,0.185,13.7,0.073,1,2026-09-02,2026-09-03,True,False,5.0,2026-09-03T20:12:24+05:30
GVT&D,4237.62,V,2.94,above,4362.0,4237.62,4235.23,4237.62,4232.85,0.113,14.2,0.025,1,2026-09-02,2026-09-03,True,False,5.0,2026-09-03T20:12:24+05:30
AAVAS,1260.90,V,2.93,above,1297.8,1260.9,1260.17,1260.9,1259.43,0.116,15.3,0.027,1,2026-09-02,2026-09-03,True,False,5.0,2026-09-03T20:12:24+05:30
ICICIBANK,1428.35,V,0.12,above,1430.0,1428.35,1427.73,1428.35,1427.12,0.086,17.3,0.024,1,2026-09-02,2026-09-03,True,False,5.0,2026-09-03T20:12:24+05:30
DATAPATTNS,4510.73,V,1.7,above,4587.3,4510.73,4504.77,4510.73,4498.8,0.265,17.5,0.075,1,2026-09-02,2026-09-03,True,False,5.0,2026-09-03T20:12:24+05:30
MMTC,62.04,V,0.45,above,62.32,62.04,61.99,62.04,61.93,0.183,17.5,0.051,1,2026-09-02,2026-09-03,True,False,5.0,2026-09-03T20:12:24+05:30
KARURVYSYA,347.43,V,0.74,above,350.0,347.43,347.15,347.43,346.88,0.158,18.4,0.041,1,2026-09-02,2026-09-03,True,False,5.0,2026-09-03T20:12:24+05:30
ITI,267.48,V,0.36,above,268.45,267.48,267.25,267.48,267.02,0.168,18.6,0.033,1,2026-09-02,2026-09-03,True,False,5.0,2026-09-03T20:12:24+05:30
COROMANDEL,1912.98,V,0.96,above,1931.3,1912.98,1911.37,1912.98,1909.75,0.169,19.2,0.033,1,2026-09-02,2026-09-03,True,False,5.0,2026-09-03T20:12:24+05:30
ABREL,1334.50,V,3.18,above,1376.9,1334.5,1333.37,1334.5,1332.23,0.17,19.7,0.024,1,2026-09-02,2026-09-03,True,False,5.0,2026-09-03T20:12:24+05:30
RVNL,205.81,V,1.7,above,209.3,205.81,205.61,205.81,205.42,0.19,20.5,0.034,1,2026-09-02,2026-09-03,True,False,5.0,2026-09-03T20:12:24+05:30
INDUSINDBK,977.15,V,2.83,above,1004.8,977.15,976.3,977.15,975.45,0.174,23.3,0.027,1,2026-09-02,2026-09-03,True,False,5.0,2026-09-03T20:12:24+05:30
IREDA,112.87,V,0.12,above,113.0,112.87,112.76,112.87,112.66,0.186,23.8,0.047,1,2026-09-02,2026-09-03,True,False,5.0,2026-09-03T20:12:24+05:30
MAZDOCK,2456.50,V,0.71,above,2474.0,2456.5,2454.0,2456.5,2451.5,0.204,24.9,0.042,1,2026-09-02,2026-09-03,True,False,5.0,2026-09-03T20:12:24+05:30
ANGELONE,278.85,V,2.56,above,286.0,278.85,278.45,278.85,278.05,0.287,25.2,0.029,1,2026-09-02,2026-09-03,True,False,5.0,2026-09-03T20:12:24+05:30
USHAMART,503.20,V,2.47,above,515.65,503.2,502.67,503.2,502.13,0.212,26.6,0.035,1,2026-09-02,2026-09-03,True,False,5.0,2026-09-03T20:12:24+05:30
ACE,1087.55,V,5.33,above,1145.5,1087.55,1086.2,1087.55,1084.86,0.248,28.2,0.049,1,2026-09-02,2026-09-03,True,False,5.0,2026-09-03T20:12:24+05:30
JUBLINGREA,686.25,V,0.63,above,690.55,686.25,685.37,686.25,684.48,0.258,28.5,0.034,1,2026-09-02,2026-09-03,True,False,5.0,2026-09-03T20:12:24+05:30
NHPC,75.86,V,0.77,above,76.45,75.86,75.79,75.86,75.72,0.189,28.5,0.031,1,2026-09-02,2026-09-03,True,False,5.0,2026-09-03T20:12:24+05:30
HUDCO,178.13,V,1.65,above,181.07,178.13,177.92,178.13,177.7,0.244,28.8,0.035,1,2026-09-02,2026-09-03,True,False,5.0,2026-09-03T20:12:24+05:30
SUNTV,460.07,V,1.27,above,465.9,460.07,459.53,460.07,459.0,0.232,29.0,0.024,1,2026-09-02,2026-09-03,True,False,5.0,2026-09-03T20:12:24+05:30
IRCON,118.08,V,0.52,above,118.69,118.08,117.9,118.08,117.73,0.294,29.9,0.042,1,2026-09-02,2026-09-03,True,False,5.0,2026-09-03T20:12:24+05:30
HEXT,544.47,V,-2.82,below,529.1,544.47,545.33,546.2,544.47,0.318,31.0,0.046,1,2026-09-02,2026-09-03,True,False,5.0,2026-09-03T20:12:24+05:30
KPIL,1408.62,V,0.64,above,1417.7,1408.62,1406.73,1408.62,1404.85,0.268,31.0,0.041,1,2026-09-02,2026-09-03,True,False,5.0,2026-09-03T20:12:24+05:30
GALLANTT,554.46,V,3.28,above,572.65,554.46,553.52,554.46,552.58,0.34,32.3,0.062,1,2026-09-02,2026-09-03,True,False,5.0,2026-09-03T20:12:24+05:30
IEX,118.73,V,0.35,above,119.15,118.73,118.6,118.73,118.47,0.216,34.2,0.028,1,2026-09-02,2026-09-03,True,False,5.0,2026-09-03T20:12:24+05:30
NBCC,84.84,V,1.95,above,86.5,84.84,84.69,84.84,84.53,0.37,35.6,0.047,1,2026-09-02,2026-09-03,True,False,5.0,2026-09-03T20:12:24+05:30
ONESOURCE,1541.77,V,2.2,above,1575.7,1541.77,1539.13,1541.77,1536.5,0.342,36.2,0.047,1,2026-09-02,2026-09-03,True,False,5.0,2026-09-03T20:12:24+05:30
PNBHOUSING,1139.57,V,0.52,above,1145.5,1139.57,1138.13,1139.57,1136.7,0.252,36.2,0.027,1,2026-09-02,2026-09-03,True,False,5.0,2026-09-03T20:12:24+05:30
SOBHA,1235.45,V,1.91,above,1259.1,1235.45,1233.67,1235.45,1231.88,0.289,36.2,0.029,1,2026-09-02,2026-09-03,True,False,5.0,2026-09-03T20:12:24+05:30
BANDHANBNK,161.27,V,1.83,above,164.23,161.27,161.03,161.27,160.78,0.306,37.3,0.026,1,2026-09-02,2026-09-03,True,False,5.0,2026-09-03T20:12:24+05:30
TORNTPOWER,1246.75,V,3.41,above,1289.3,1246.75,1244.6,1246.75,1242.45,0.345,40.3,0.035,1,2026-09-02,2026-09-03,True,False,5.0,2026-09-03T20:12:24+05:30
INDIANB,877.60,V,1.27,above,888.75,877.6,876.4,877.6,875.2,0.274,41.1,0.025,1,2026-09-02,2026-09-03,True,False,5.0,2026-09-03T20:12:24+05:30
SAGILITY,46.60,V,0.43,above,46.8,46.6,46.5,46.6,46.4,0.43,41.9,0.045,1,2026-09-02,2026-09-03,True,False,5.0,2026-09-03T20:12:24+05:30
CUB,230.12,V,1.84,above,234.36,230.12,229.64,230.12,229.15,0.424,42.2,0.034,1,2026-09-02,2026-09-03,True,False,5.0,2026-09-03T20:12:24+05:30
CESC,146.21,V,1.2,above,147.96,146.21,145.98,146.21,145.75,0.317,42.5,0.037,1,2026-09-02,2026-09-03,True,False,5.0,2026-09-03T20:12:24+05:30
HDFCBANK,702.83,V,0.54,above,706.65,702.83,702.15,702.83,701.47,0.192,42.5,0.02,1,2026-09-02,2026-09-03,True,False,5.0,2026-09-03T20:12:24+05:30
MAHABANK,82.81,V,4.24,above,86.32,82.81,82.67,82.81,82.54,0.327,42.5,0.042,1,2026-09-02,2026-09-03,True,False,5.0,2026-09-03T20:12:24+05:30
ACC,1265.25,V,0.53,above,1272.0,1265.25,1263.9,1265.25,1262.55,0.214,43.0,0.035,1,2026-09-02,2026-09-03,True,False,5.0,2026-09-03T20:12:24+05:30
LICI,409.65,V,1.77,above,416.9,409.65,409.18,409.65,408.72,0.228,43.3,0.031,1,2026-09-02,2026-09-03,True,False,5.0,2026-09-03T20:12:24+05:30
CHENNPETRO,1410.33,V,2.1,above,1440.0,1410.33,1406.67,1410.33,1403.0,0.521,44.1,0.026,1,2026-09-02,2026-09-03,True,False,5.0,2026-09-03T20:12:24+05:30
AXISBANK,1258.45,V,0.68,above,1267.0,1258.45,1256.93,1258.45,1255.42,0.241,45.2,0.024,1,2026-09-02,2026-09-03,True,False,5.0,2026-09-03T20:12:24+05:30
SBICARD,634.18,V,4.23,above,661.0,634.18,633.22,634.18,632.25,0.305,45.2,0.03,1,2026-09-02,2026-09-03,True,False,5.0,2026-09-03T20:12:24+05:30
HBLENGINE,658.63,V,1.05,above,665.55,658.63,657.07,658.63,655.5,0.477,46.8,0.035,1,2026-09-02,2026-09-03,True,False,5.0,2026-09-03T20:12:24+05:30
GRANULES,830.17,V,2.85,above,853.85,830.17,828.58,830.17,827.0,0.382,47.1,0.038,1,2026-09-02,2026-09-03,True,False,5.0,2026-09-03T20:12:24+05:30
CENTRALBK,30.32,V,1.5,above,30.77,30.32,30.26,30.32,30.21,0.352,48.2,0.032,1,2026-09-02,2026-09-03,True,False,5.0,2026-09-03T20:12:24+05:30
EMMVEE,323.69,V,0.84,above,326.4,323.69,322.68,323.69,321.68,0.625,49.0,0.045,1,2026-09-02,2026-09-03,True,False,5.0,2026-09-03T20:12:24+05:30
HDBFS,674.17,V,2.86,above,693.45,674.17,673.13,674.17,672.1,0.307,51.0,0.023,1,2026-09-02,2026-09-03,True,False,5.0,2026-09-03T20:12:24+05:30
PWL,115.09,V,4.79,above,120.6,115.09,114.7,115.09,114.31,0.671,53.0,0.07,1,2026-09-02,2026-09-03,True,False,5.0,2026-09-03T20:12:24+05:30
AFCONS,284.53,V,3.58,above,294.7,284.53,283.95,284.53,283.38,0.405,54.5,0.023,1,2026-09-02,2026-09-03,True,False,5.0,2026-09-03T20:12:24+05:30
GMRAIRPORT,93.79,V,3.28,above,96.87,93.79,93.6,93.79,93.4,0.417,54.8,0.02,1,2026-09-02,2026-09-03,True,False,5.0,2026-09-03T20:12:24+05:30
URBANCO,171.27,V,3.62,above,177.46,171.27,170.69,171.27,170.12,0.672,55.2,0.045,1,2026-09-02,2026-09-03,True,False,5.0,2026-09-03T20:12:24+05:30
BSE,3198.25,V,3.37,above,3306.1,3198.25,3188.17,3198.25,3178.08,0.633,56.4,0.024,1,2026-09-02,2026-09-03,True,False,5.0,2026-09-03T20:12:24+05:30
ELECON,415.16,V,5.01,above,435.95,415.16,413.72,415.16,412.28,0.697,56.4,0.036,1,2026-09-02,2026-09-03,True,False,5.0,2026-09-03T20:12:24+05:30
ANANTRAJ,586.93,V,7.05,above,628.3,586.93,585.02,586.93,583.1,0.655,57.0,0.07,1,2026-09-02,2026-09-03,True,False,5.0,2026-09-03T20:12:24+05:30
TEJASNET,546.82,V,3.77,above,567.45,546.82,544.78,546.82,542.75,0.746,66.8,0.041,1,2026-09-02,2026-09-03,True,False,5.0,2026-09-03T20:12:24+05:30
LLOYDSME,1806.83,V,2.32,above,1848.7,1806.83,1800.67,1806.83,1794.5,0.685,67.7,0.033,1,2026-09-02,2026-09-03,True,False,5.0,2026-09-03T20:12:24+05:30
IDFCFIRSTB,84.88,V,3.08,above,87.5,84.88,84.68,84.88,84.47,0.484,68.2,0.033,1,2026-09-02,2026-09-03,True,False,5.0,2026-09-03T20:12:24+05:30
ADANIENT,2883.78,V,0.6,above,2901.0,2883.78,2875.77,2883.78,2867.75,0.558,68.5,0.027,1,2026-09-02,2026-09-03,True,False,5.0,2026-09-03T20:12:24+05:30
J&KBANK,145.94,V,2.69,above,149.86,145.94,145.44,145.94,144.94,0.688,69.0,0.029,1,2026-09-02,2026-09-03,True,False,5.0,2026-09-03T20:12:24+05:30
YESBANK,22.09,V,2.01,above,22.54,22.09,22.04,22.09,21.98,0.499,69.3,0.04,1,2026-09-02,2026-09-03,True,False,5.0,2026-09-03T20:12:24+05:30
SRF,2591.52,V,0.98,above,2617.0,2591.52,2584.63,2591.52,2577.75,0.533,69.9,0.031,1,2026-09-02,2026-09-03,True,False,5.0,2026-09-03T20:12:24+05:30
WELCORP,2551.00,V,3.55,above,2641.6,2551.0,2541.83,2551.0,2532.67,0.721,71.2,0.058,1,2026-09-02,2026-09-03,True,False,5.0,2026-09-03T20:12:24+05:30
JIOFIN,236.22,V,0.52,above,237.45,236.22,235.53,236.22,234.85,0.58,71.8,0.022,1,2026-09-02,2026-09-03,True,False,5.0,2026-09-03T20:12:24+05:30
JMFINANCIL,128.86,V,4.4,above,134.53,128.86,128.33,128.86,127.81,0.823,72.1,0.052,1,2026-09-02,2026-09-03,True,False,5.0,2026-09-03T20:12:24+05:30
GODREJCP,898.25,V,-2.03,below,880.0,898.25,900.5,902.75,898.25,0.5,72.6,0.023,1,2026-09-02,2026-09-03,True,False,5.0,2026-09-03T20:12:24+05:30
OBEROIRLTY,1860.32,V,2.24,above,1902.0,1860.32,1854.63,1860.32,1848.95,0.613,74.5,0.044,1,2026-09-02,2026-09-03,True,False,5.0,2026-09-03T20:12:24+05:30
CREDITACC,1397.78,V,2.83,above,1437.4,1397.78,1392.17,1397.78,1386.55,0.807,74.8,0.039,1,2026-09-02,2026-09-03,True,False,5.0,2026-09-03T20:12:24+05:30
MRPL,174.39,V,0.92,above,175.99,174.39,173.56,174.39,172.73,0.956,76.2,0.054,1,2026-09-02,2026-09-03,True,False,5.0,2026-09-03T20:12:24+05:30
HYUNDAI,2146.90,V,0.24,above,2152.0,2146.9,2139.4,2146.9,2131.9,0.701,76.4,0.027,1,2026-09-02,2026-09-03,True,False,5.0,2026-09-03T20:12:24+05:30
BELRISE,233.33,V,2.05,above,238.11,233.33,232.35,233.33,231.37,0.844,76.5,0.039,1,2026-09-02,2026-09-03,True,False,5.0,2026-09-03T20:12:24+05:30
INOXWIND,70.28,V,5.3,above,74.0,70.28,69.97,70.28,69.65,0.891,78.1,0.041,1,2026-09-02,2026-09-03,True,False,5.0,2026-09-03T20:12:24+05:30
NUVOCO,326.92,V,3.42,above,338.1,326.92,325.7,326.92,324.47,0.752,78.4,0.037,1,2026-09-02,2026-09-03,True,False,5.0,2026-09-03T20:12:24+05:30
UNIONBANK,186.13,V,1.54,above,189.0,186.13,185.41,186.13,184.68,0.784,78.4,0.043,1,2026-09-02,2026-09-03,True,False,5.0,2026-09-03T20:12:24+05:30
AMBUJACEM,401.43,V,0.89,above,405.0,401.43,400.15,401.43,398.88,0.637,79.7,0.035,1,2026-09-02,2026-09-03,True,False,5.0,2026-09-03T20:12:24+05:30
BEML,2022.08,V,2.83,above,2079.4,2022.08,2011.77,2022.08,2001.45,1.026,82.7,0.025,1,2026-09-02,2026-09-03,True,False,5.0,2026-09-03T20:12:24+05:30
IOB,32.57,V,2.04,above,33.23,32.57,32.45,32.57,32.34,0.709,83.0,0.033,1,2026-09-02,2026-09-03,True,False,5.0,2026-09-03T20:12:24+05:30
COALINDIA,416.72,V,0.8,above,420.05,416.72,415.58,416.72,414.45,0.545,84.4,0.022,1,2026-09-02,2026-09-03,True,False,5.0,2026-09-03T20:12:24+05:30
PHOENIXLTD,1911.85,V,2.52,above,1960.0,1911.85,1903.6,1911.85,1895.35,0.867,85.5,0.045,1,2026-09-02,2026-09-03,True,False,5.0,2026-09-03T20:12:24+05:30
CHOLAFIN,1817.17,V,1.77,above,1849.3,1817.17,1808.43,1817.17,1799.7,0.966,87.1,0.034,1,2026-09-02,2026-09-03,True,False,5.0,2026-09-03T20:12:24+05:30
RBLBANK,387.55,V,5.3,above,408.1,387.55,385.7,387.55,383.85,0.959,87.4,0.032,1,2026-09-02,2026-09-03,True,False,5.0,2026-09-03T20:12:24+05:30
LODHA,1201.32,V,2.72,above,1234.0,1201.32,1194.33,1201.32,1187.35,1.169,87.7,0.035,1,2026-09-02,2026-09-03,True,False,5.0,2026-09-03T20:12:24+05:30
ADANIPORTS,1666.60,V,2.39,above,1706.5,1666.6,1660.5,1666.6,1654.4,0.735,87.9,0.021,1,2026-09-02,2026-09-03,True,False,5.0,2026-09-03T20:12:24+05:30
LTF,311.21,V,1.83,above,316.9,311.21,309.62,311.21,308.03,1.028,88.5,0.028,1,2026-09-02,2026-09-03,True,False,5.0,2026-09-03T20:12:24+05:30
ABCAPITAL,395.06,V,1.76,above,402.0,395.06,393.07,395.06,391.07,1.013,89.3,0.038,1,2026-09-02,2026-09-03,True,False,5.0,2026-09-03T20:12:24+05:30
ADANIPOWER,206.44,V,0.9,above,208.29,206.44,205.17,206.44,203.91,1.231,89.9,0.05,1,2026-09-02,2026-09-03,True,False,5.0,2026-09-03T20:12:24+05:30
UPL,575.79,V,1.66,above,585.35,575.79,573.13,575.79,570.48,0.928,91.0,0.02,1,2026-09-02,2026-09-03,True,False,5.0,2026-09-03T20:12:24+05:30
REDINGTON,360.53,V,3.31,above,372.45,360.53,357.87,360.53,355.2,1.49,91.2,0.039,1,2026-09-02,2026-09-03,True,False,5.0,2026-09-03T20:12:24+05:30
PRESTIGE,1571.97,V,2.75,above,1615.2,1571.97,1561.93,1571.97,1551.9,1.285,92.9,0.055,1,2026-09-02,2026-09-03,True,False,5.0,2026-09-03T20:12:24+05:30
SOLARINDS,20470.00,V,5.03,above,21500.0,20470.0,20340.0,20470.0,20210.0,1.278,93.2,0.057,1,2026-09-02,2026-09-03,True,False,5.0,2026-09-03T20:12:24+05:30
MUTHOOTFIN,2921.42,V,0.17,above,2926.5,2921.42,2905.13,2921.42,2888.85,1.121,93.4,0.04,1,2026-09-02,2026-09-03,True,False,5.0,2026-09-03T20:12:24+05:30
NTPC,328.68,V,0.67,above,330.9,328.68,327.37,328.68,326.05,0.804,93.7,0.015,1,2026-09-02,2026-09-03,True,False,5.0,2026-09-03T20:12:24+05:30
DLF,669.84,V,1.76,above,681.65,669.84,666.13,669.84,662.42,1.113,94.0,0.028,1,2026-09-02,2026-09-03,True,False,5.0,2026-09-03T20:12:24+05:30
SAMMAANCAP,151.19,V,1.66,above,153.7,151.19,150.07,151.19,148.95,1.493,94.0,0.041,1,2026-09-02,2026-09-03,True,False,5.0,2026-09-03T20:12:24+05:30
BOSCHLTD,47250.00,NARROW,-0.53,below,47000.0,47250.0,47250.0,47250.0,47250.0,0.0,0.0,0.029,0,2026-09-02,2026-09-03,False,True,5.0,2026-09-03T20:12:24+05:30
ABSLAMC,1021.98,NARROW,2.27,above,1045.2,1021.98,1021.97,1021.98,1021.95,0.003,1.4,0.032,0,2026-09-02,2026-09-03,False,True,5.0,2026-09-03T20:12:24+05:30
JBMA,621.52,NARROW,1.22,above,629.1,621.52,621.52,621.52,621.51,0.003,1.9,0.032,0,2026-09-02,2026-09-03,False,True,5.0,2026-09-03T20:12:24+05:30
ANTHEM,934.41,NARROW,1.74,above,950.7,934.41,934.32,934.41,934.23,0.02,3.2,0.041,0,2026-09-02,2026-09-03,False,True,5.0,2026-09-03T20:12:24+05:30
GICRE,355.42,NARROW,0.21,above,356.15,355.42,355.38,355.42,355.35,0.019,3.3,0.031,0,2026-09-02,2026-09-03,False,True,5.0,2026-09-03T20:12:24+05:30
FORCEMOT,17591.50,NARROW,-0.52,below,17500.0,17591.5,17594.33,17597.17,17591.5,0.032,3.6,0.049,0,2026-09-02,2026-09-03,False,True,5.0,2026-09-03T20:12:24+05:30
ABBOTINDIA,26037.50,NARROW,-0.36,below,25945.0,26037.5,26040.0,26042.5,26037.5,0.019,3.8,0.033,0,2026-09-02,2026-09-03,False,True,5.0,2026-09-03T20:12:24+05:30
HINDPETRO,359.15,NARROW,0.61,above,361.35,359.15,359.1,359.15,359.05,0.028,3.8,0.033,0,2026-09-02,2026-09-03,False,True,5.0,2026-09-03T20:12:24+05:30
ONGC,237.43,NARROW,-0.6,below,236.0,237.43,237.45,237.48,237.43,0.021,3.8,0.027,0,2026-09-02,2026-09-03,False,True,5.0,2026-09-03T20:12:24+05:30
GLAXO,2949.30,NARROW,-0.4,below,2937.5,2949.3,2949.5,2949.7,2949.3,0.014,4.4,0.014,0,2026-09-02,2026-09-03,False,True,5.0,2026-09-03T20:12:24+05:30
POWERINDIA,32172.50,NARROW,-0.54,below,32000.0,32172.5,32181.67,32190.83,32172.5,0.057,4.9,0.057,0,2026-09-02,2026-09-03,False,True,5.0,2026-09-03T20:12:24+05:30
CLEAN,849.25,WIDE,0.44,inside,852.95,849.25,849.25,856.2,842.3,1.637,98.1,0.027,0,2026-09-02,2026-09-03,False,False,5.0,2026-09-03T20:12:24+05:30
IFCI,94.94,WIDE,1.02,inside,95.91,94.94,94.94,96.63,93.25,3.56,98.6,0.1,0,2026-09-02,2026-09-03,False,False,5.0,2026-09-03T20:12:24+05:30
NIACL,194.31,WIDE,0.53,inside,195.33,194.31,194.31,196.71,191.9,2.472,98.6,0.029,0,2026-09-02,2026-09-03,False,False,5.0,2026-09-03T20:12:24+05:30
RRKABEL,2668.18,WIDE,-1.89,below,2617.7,2668.18,2705.97,2743.75,2668.18,2.793,98.9,0.054,0,2026-09-02,2026-09-03,False,False,5.0,2026-09-03T20:12:24+05:30
JSWENERGY,535.22,WIDE,0.8,above,539.5,535.22,530.65,535.22,526.07,1.724,99.5,0.024,0,2026-09-02,2026-09-03,False,False,5.0,2026-09-03T20:12:24+05:30
LT,3979.50,TOUCHED,-0.11,below,3975.0,3979.5,3980.0,3980.5,3979.5,0.025,5.2,0.024,0,2026-09-02,2026-09-03,False,False,5.0,2026-09-03T20:12:24+05:30
ATGL,614.62,TOUCHED,-0.09,below,614.05,614.62,614.73,614.84,614.62,0.035,5.8,0.03,0,2026-09-02,2026-09-03,False,False,5.0,2026-09-03T20:12:24+05:30
GLAND,2867.77,TOUCHED,1.4,above,2907.9,2867.77,2867.13,2867.77,2866.5,0.044,5.8,0.04,0,2026-09-02,2026-09-03,False,False,5.0,2026-09-03T20:12:24+05:30
ASAHIINDIA,950.82,TOUCHED,1.2,above,962.25,950.82,950.6,950.82,950.38,0.047,6.0,0.036,0,2026-09-02,2026-09-03,False,False,5.0,2026-09-03T20:12:24+05:30
ICICIGI,1537.25,TOUCHED,-1.01,below,1521.7,1537.25,1537.5,1537.75,1537.25,0.033,6.3,0.021,0,2026-09-02,2026-09-03,False,False,5.0,2026-09-03T20:12:24+05:30
CAMS,741.66,TOUCHED,0.77,above,747.4,741.66,741.47,741.66,741.27,0.052,7.4,0.04,0,2026-09-02,2026-09-03,False,False,5.0,2026-09-03T20:12:24+05:30
EMCURE,1858.93,TOUCHED,-0.23,below,1854.7,1858.93,1859.47,1860.0,1858.93,0.057,7.4,0.029,0,2026-09-02,2026-09-03,False,False,5.0,2026-09-03T20:12:24+05:30
ANANDRATHI,2197.87,TOUCHED,0.34,above,2205.3,2197.87,2197.43,2197.87,2197.0,0.039,7.7,0.022,0,2026-09-02,2026-09-03,False,False,5.0,2026-09-03T20:12:24+05:30
HONAUT,35161.67,TOUCHED,0.29,above,35265.0,35161.67,35153.33,35161.67,35145.0,0.047,7.7,0.027,0,2026-09-02,2026-09-03,False,False,5.0,2026-09-03T20:12:24+05:30
MRF,131782.50,TOUCHED,-0.97,below,130510.0,131782.5,131815.0,131847.5,131782.5,0.049,7.7,0.035,0,2026-09-02,2026-09-03,False,False,5.0,2026-09-03T20:12:24+05:30
AJANTPHARM,3484.50,TOUCHED,1.05,above,3521.1,3484.5,3483.57,3484.5,3482.63,0.054,7.9,0.035,0,2026-09-02,2026-09-03,False,False,5.0,2026-09-03T20:12:24+05:30
SWIGGY,267.58,TOUCHED,0.64,above,269.3,267.58,267.45,267.58,267.32,0.093,8.2,0.047,0,2026-09-02,2026-09-03,False,False,5.0,2026-09-03T20:12:24+05:30
CPPLUS,3726.40,TOUCHED,0.67,above,3751.3,3726.4,3724.73,3726.4,3723.07,0.089,8.9,0.037,0,2026-09-02,2026-09-03,False,False,5.0,2026-09-03T20:12:24+05:30
HINDCOPPER,520.40,TOUCHED,-0.37,below,518.5,520.4,520.58,520.77,520.4,0.07,9.0,0.032,0,2026-09-02,2026-09-03,False,False,5.0,2026-09-03T20:12:24+05:30
JINDALSAW,309.02,TOUCHED,0.59,above,310.85,309.02,308.9,309.02,308.78,0.081,9.0,0.034,0,2026-09-02,2026-09-03,False,False,5.0,2026-09-03T20:12:24+05:30
TBOTEK,1699.38,TOUCHED,2.02,above,1733.7,1699.38,1698.77,1699.38,1698.15,0.073,9.9,0.034,0,2026-09-02,2026-09-03,False,False,5.0,2026-09-03T20:12:24+05:30
SHYAMMETL,1073.50,TOUCHED,0.27,above,1076.4,1073.5,1073.2,1073.5,1072.9,0.056,11.0,0.015,0,2026-09-02,2026-09-03,False,False,5.0,2026-09-03T20:12:24+05:30
JSWSTEEL,1305.53,TOUCHED,0.19,above,1308.0,1305.53,1305.07,1305.53,1304.6,0.072,11.2,0.024,0,2026-09-02,2026-09-03,False,False,5.0,2026-09-03T20:12:24+05:30
ASIANPAINT,2529.35,TOUCHED,0.48,above,2541.6,2529.35,2528.73,2529.35,2528.12,0.049,11.5,0.021,0,2026-09-02,2026-09-03,False,False,5.0,2026-09-03T20:12:24+05:30
BEL,405.65,TOUCHED,0.73,above,408.6,405.65,405.55,405.65,405.45,0.049,11.5,0.024,0,2026-09-02,2026-09-03,False,False,5.0,2026-09-03T20:12:24+05:30
BLUEJET,580.70,TOUCHED,-0.29,below,579.0,580.7,581.05,581.4,580.7,0.12,11.5,0.042,0,2026-09-02,2026-09-03,False,False,5.0,2026-09-03T20:12:24+05:30
LALPATHLAB,1915.18,TOUCHED,0.52,above,1925.2,1915.18,1914.27,1915.18,1913.35,0.096,11.5,0.043,0,2026-09-02,2026-09-03,False,False,5.0,2026-09-03T20:12:24+05:30
SCHNEIDER,1168.83,TOUCHED,1.9,above,1191.0,1168.83,1168.17,1168.83,1167.5,0.114,11.5,0.028,0,2026-09-02,2026-09-03,False,False,5.0,2026-09-03T20:12:24+05:30
NLCINDIA,275.00,TOUCHED,-0.04,below,274.9,275.0,275.17,275.33,275.0,0.121,11.8,0.048,0,2026-09-02,2026-09-03,False,False,5.0,2026-09-03T20:12:24+05:30
BHARTIARTL,1863.95,TOUCHED,0.27,above,1869.0,1863.95,1863.57,1863.95,1863.18,0.041,12.3,0.014,0,2026-09-02,2026-09-03,False,False,5.0,2026-09-03T20:12:24+05:30
GODIGIT,258.50,TOUCHED,-0.25,below,257.85,258.5,258.6,258.7,258.5,0.077,12.9,0.028,0,2026-09-02,2026-09-03,False,False,5.0,2026-09-03T20:12:24+05:30
RPOWER,22.03,TOUCHED,0.0,above,22.03,22.03,22.01,22.03,21.99,0.182,12.9,0.076,0,2026-09-02,2026-09-03,False,False,5.0,2026-09-03T20:12:24+05:30
WAAREEENER,2582.35,TOUCHED,-0.09,below,2579.9,2582.35,2583.6,2584.85,2582.35,0.097,12.9,0.043,0,2026-09-02,2026-09-03,False,False,5.0,2026-09-03T20:12:24+05:30
SWANCORP,284.95,TOUCHED,-0.3,below,284.1,284.95,285.1,285.25,284.95,0.105,13.4,0.029,0,2026-09-02,2026-09-03,False,False,5.0,2026-09-03T20:12:24+05:30
TATACOMM,1710.87,TOUCHED,-0.85,below,1696.4,1710.87,1711.73,1712.6,1710.87,0.101,13.4,0.022,0,2026-09-02,2026-09-03,False,False,5.0,2026-09-03T20:12:24+05:30
TECHM,1620.85,TOUCHED,-1.41,below,1598.0,1620.85,1621.57,1622.28,1620.85,0.088,13.4,0.033,0,2026-09-02,2026-09-03,False,False,5.0,2026-09-03T20:12:24+05:30
TECHNOE,969.33,TOUCHED,0.45,above,973.65,969.33,968.7,969.33,968.07,0.129,14.0,0.049,0,2026-09-02,2026-09-03,False,False,5.0,2026-09-03T20:12:24+05:30
RAINBOW,1432.17,TOUCHED,0.6,above,1440.8,1432.17,1431.33,1432.17,1430.5,0.116,14.2,0.037,0,2026-09-02,2026-09-03,False,False,5.0,2026-09-03T20:12:24+05:30
M&M,3186.05,TOUCHED,-1.13,below,3150.0,3186.05,3187.37,3188.68,3186.05,0.083,14.5,0.026,0,2026-09-02,2026-09-03,False,False,5.0,2026-09-03T20:12:24+05:30
HCLTECH,1332.12,TOUCHED,-0.98,below,1319.0,1332.12,1332.73,1333.35,1332.12,0.093,14.8,0.028,0,2026-09-02,2026-09-03,False,False,5.0,2026-09-03T20:12:24+05:30
APLAPOLLO,2207.60,TOUCHED,-2.18,below,2159.4,2207.6,2208.4,2209.2,2207.6,0.072,15.1,0.017,0,2026-09-02,2026-09-03,False,False,5.0,2026-09-03T20:12:24+05:30
HINDUNILVR,1973.05,TOUCHED,-0.56,below,1962.0,1973.05,1973.7,1974.35,1973.05,0.066,15.1,0.015,0,2026-09-02,2026-09-03,False,False,5.0,2026-09-03T20:12:24+05:30
TIINDIA,2718.13,TOUCHED,0.64,above,2735.4,2718.13,2716.27,2718.13,2714.4,0.137,15.1,0.039,0,2026-09-02,2026-09-03,False,False,5.0,2026-09-03T20:12:24+05:30
NAVA,559.60,TOUCHED,-0.43,below,557.2,559.6,559.98,560.37,559.6,0.137,15.3,0.038,0,2026-09-02,2026-09-03,False,False,5.0,2026-09-03T20:12:24+05:30
LATENTVIEW,270.50,TOUCHED,-1.66,below,266.0,270.5,270.67,270.83,270.5,0.123,15.9,0.024,0,2026-09-02,2026-09-03,False,False,5.0,2026-09-03T20:12:24+05:30
SIGNATURE,766.62,TOUCHED,3.6,above,794.2,766.62,766.18,766.62,765.74,0.115,15.9,0.029,0,2026-09-02,2026-09-03,False,False,5.0,2026-09-03T20:12:24+05:30
CDSL,1367.80,TOUCHED,1.92,above,1394.0,1367.8,1366.93,1367.8,1366.07,0.127,16.2,0.034,0,2026-09-02,2026-09-03,False,False,5.0,2026-09-03T20:12:24+05:30
UTIAMC,876.48,TOUCHED,0.45,above,880.4,876.48,875.97,876.48,875.45,0.118,16.2,0.043,0,2026-09-02,2026-09-03,False,False,5.0,2026-09-03T20:12:24+05:30
KAYNES,3570.10,TOUCHED,-2.38,below,3485.0,3570.1,3574.4,3578.7,3570.1,0.241,17.0,0.049,0,2026-09-02,2026-09-03,False,False,5.0,2026-09-03T20:12:24+05:30
TATAINVEST,629.18,TOUCHED,1.39,above,637.95,629.18,628.82,629.18,628.46,0.114,17.3,0.023,0,2026-09-02,2026-09-03,False,False,5.0,2026-09-03T20:12:24+05:30
LGEINDIA,1655.70,TOUCHED,0.4,above,1662.3,1655.7,1654.87,1655.7,1654.03,0.101,17.5,0.012,0,2026-09-02,2026-09-03,False,False,5.0,2026-09-03T20:12:24+05:30
MCX,3289.17,TOUCHED,-3.62,below,3170.2,3289.17,3292.33,3295.5,3289.17,0.192,17.5,0.057,0,2026-09-02,2026-09-03,False,False,5.0,2026-09-03T20:12:24+05:30
PFIZER,4634.95,TOUCHED,0.19,above,4643.7,4634.95,4632.5,4634.95,4630.05,0.106,18.1,0.024,0,2026-09-02,2026-09-03,False,False,5.0,2026-09-03T20:12:24+05:30
NH,1923.83,TOUCHED,-2.16,below,1882.2,1923.83,1924.97,1926.1,1923.83,0.118,18.4,0.034,0,2026-09-02,2026-09-03,False,False,5.0,2026-09-03T20:12:24+05:30
DOMS,2208.87,TOUCHED,-0.06,inside,2207.6,2208.87,2208.87,2210.15,2207.58,0.116,18.6,0.027,0,2026-09-02,2026-09-03,False,False,5.0,2026-09-03T20:12:24+05:30
MAXHEALTH,995.40,TOUCHED,-0.05,inside,994.9,995.4,995.4,996.1,994.7,0.141,18.6,0.037,0,2026-09-02,2026-09-03,False,False,5.0,2026-09-03T20:12:24+05:30
EICHERMOT,7700.25,TOUCHED,-0.13,below,7690.0,7700.25,7704.0,7707.75,7700.25,0.097,18.9,0.024,0,2026-09-02,2026-09-03,False,False,5.0,2026-09-03T20:12:24+05:30
SUNPHARMA,1929.25,TOUCHED,-0.69,below,1916.0,1929.25,1930.07,1930.88,1929.25,0.085,18.9,0.02,0,2026-09-02,2026-09-03,False,False,5.0,2026-09-03T20:12:24+05:30
JPPOWER,16.39,TOUCHED,-1.5,below,16.14,16.39,16.4,16.41,16.39,0.183,19.5,0.037,0,2026-09-02,2026-09-03,False,False,5.0,2026-09-03T20:12:24+05:30
SUMICHEM,505.67,TOUCHED,-1.45,below,498.35,505.67,506.18,506.7,505.67,0.204,19.7,0.039,0,2026-09-02,2026-09-03,False,False,5.0,2026-09-03T20:12:24+05:30
HINDZINC,587.53,TOUCHED,0.07,inside,587.95,587.53,587.53,587.97,587.1,0.148,20.3,0.041,0,2026-09-02,2026-09-03,False,False,5.0,2026-09-03T20:12:24+05:30
MARICO,829.79,TOUCHED,-0.29,below,827.4,829.79,830.23,830.67,829.79,0.106,20.3,0.018,0,2026-09-02,2026-09-03,False,False,5.0,2026-09-03T20:12:24+05:30
PIRAMALFIN,2192.75,TOUCHED,1.83,above,2232.9,2192.75,2190.67,2192.75,2188.58,0.19,20.3,0.046,0,2026-09-02,2026-09-03,False,False,5.0,2026-09-03T20:12:24+05:30
PARADEEP,155.60,TOUCHED,-1.33,below,153.53,155.6,155.8,155.99,155.6,0.252,20.8,0.036,0,2026-09-02,2026-09-03,False,False,5.0,2026-09-03T20:12:24+05:30
BHARATFORG,2026.20,TOUCHED,-2.23,below,1981.0,2026.2,2028.07,2029.93,2026.2,0.184,21.1,0.031,0,2026-09-02,2026-09-03,False,False,5.0,2026-09-03T20:12:24+05:30
NATCOPHARM,843.97,TOUCHED,-0.67,below,838.3,843.97,844.7,845.42,843.97,0.172,21.1,0.019,0,2026-09-02,2026-09-03,False,False,5.0,2026-09-03T20:12:24+05:30
PTCIL,22695.83,TOUCHED,4.95,above,23820.0,22695.83,22676.67,22695.83,22657.5,0.169,21.1,0.028,0,2026-09-02,2026-09-03,False,False,5.0,2026-09-03T20:12:24+05:30
JSWCEMENT,123.71,TOUCHED,-0.28,below,123.37,123.71,123.82,123.93,123.71,0.18,21.7,0.037,0,2026-09-02,2026-09-03,False,False,5.0,2026-09-03T20:12:24+05:30
LENSKART,670.73,TOUCHED,0.26,above,672.45,670.73,670.12,670.73,669.51,0.182,21.8,0.032,0,2026-09-02,2026-09-03,False,False,5.0,2026-09-03T20:12:24+05:30
ARE&M,871.91,TOUCHED,-1.32,below,860.4,871.91,872.57,873.23,871.91,0.151,22.5,0.022,0,2026-09-02,2026-09-03,False,False,5.0,2026-09-03T20:12:24+05:30
CGPOWER,877.07,TOUCHED,2.04,above,895.0,877.07,876.38,877.07,875.7,0.156,22.5,0.035,0,2026-09-02,2026-09-03,False,False,5.0,2026-09-03T20:12:24+05:30
BIOCON,400.72,TOUCHED,0.32,above,402.0,400.72,400.43,400.72,400.15,0.142,22.7,0.028,0,2026-09-02,2026-09-03,False,False,5.0,2026-09-03T20:12:24+05:30
PAYTM,1617.25,TOUCHED,1.22,above,1637.0,1617.25,1615.5,1617.25,1613.75,0.217,22.7,0.053,0,2026-09-02,2026-09-03,False,False,5.0,2026-09-03T20:12:24+05:30
DIVISLAB,9213.92,TOUCHED,0.39,above,9250.0,9213.92,9207.83,9213.92,9201.75,0.132,23.0,0.021,0,2026-09-02,2026-09-03,False,False,5.0,2026-09-03T20:12:24+05:30
GRAPHITE,727.41,TOUCHED,-0.84,below,721.3,727.41,728.22,729.02,727.41,0.222,23.3,0.023,0,2026-09-02,2026-09-03,False,False,5.0,2026-09-03T20:12:24+05:30
ITC,265.90,TOUCHED,-1.09,below,263.0,265.9,266.03,266.17,265.9,0.1,23.8,0.021,0,2026-09-02,2026-09-03,False,False,5.0,2026-09-03T20:12:24+05:30
SARDAEN,492.80,TOUCHED,2.79,above,506.55,492.8,492.22,492.8,491.63,0.237,23.8,0.027,0,2026-09-02,2026-09-03,False,False,5.0,2026-09-03T20:12:24+05:30
ESCORTS,3011.50,TOUCHED,-1.11,below,2978.2,3011.5,3014.13,3016.77,3011.5,0.175,24.1,0.041,0,2026-09-02,2026-09-03,False,False,5.0,2026-09-03T20:12:24+05:30
JUBLPHARMA,902.65,TOUCHED,0.58,above,907.9,902.65,901.87,902.65,901.08,0.174,24.1,0.018,0,2026-09-02,2026-09-03,False,False,5.0,2026-09-03T20:12:24+05:30
BLS,236.04,TOUCHED,1.74,above,240.15,236.04,235.77,236.04,235.5,0.233,24.9,0.032,0,2026-09-02,2026-09-03,False,False,5.0,2026-09-03T20:12:24+05:30
SUNDARMFIN,4569.95,TOUCHED,0.18,above,4578.0,4569.95,4565.7,4569.95,4561.45,0.186,25.2,0.029,0,2026-09-02,2026-09-03,False,False,5.0,2026-09-03T20:12:24+05:30
COFORGE,1963.30,TOUCHED,0.43,above,1971.8,1963.3,1960.9,1963.3,1958.5,0.245,25.5,0.032,0,2026-09-02,2026-09-03,False,False,5.0,2026-09-03T20:12:24+05:30
FIVESTAR,526.75,TOUCHED,1.49,above,534.6,526.75,526.12,526.75,525.48,0.241,25.5,0.041,0,2026-09-02,2026-09-03,False,False,5.0,2026-09-03T20:12:24+05:30
CANHLIFE,153.27,TOUCHED,0.68,above,154.31,153.27,153.12,153.27,152.96,0.2,25.9,0.016,0,2026-09-02,2026-09-03,False,False,5.0,2026-09-03T20:12:24+05:30
CEATLTD,3351.75,TOUCHED,-1.09,below,3315.3,3351.75,3355.7,3359.65,3351.75,0.235,26.0,0.035,0,2026-09-02,2026-09-03,False,False,5.0,2026-09-03T20:12:24+05:30
GPIL,239.94,TOUCHED,-0.02,inside,239.9,239.94,239.94,240.21,239.66,0.228,26.0,0.029,0,2026-09-02,2026-09-03,False,False,5.0,2026-09-03T20:12:24+05:30
AWL,191.46,TOUCHED,-0.35,below,190.79,191.46,191.66,191.87,191.46,0.214,26.6,0.044,0,2026-09-02,2026-09-03,False,False,5.0,2026-09-03T20:12:24+05:30
TRAVELFOOD,1278.05,TOUCHED,0.03,above,1278.4,1278.05,1276.53,1278.05,1275.02,0.238,26.6,0.032,0,2026-09-02,2026-09-03,False,False,5.0,2026-09-03T20:12:24+05:30
INDIACEM,357.92,TOUCHED,0.24,above,358.8,357.92,357.55,357.92,357.18,0.21,26.8,0.031,0,2026-09-02,2026-09-03,False,False,5.0,2026-09-03T20:12:24+05:30
DELHIVERY,456.10,TOUCHED,1.81,above,464.35,456.1,455.67,456.1,455.23,0.19,27.1,0.019,0,2026-09-02,2026-09-03,False,False,5.0,2026-09-03T20:12:24+05:30
PINELABS,161.33,TOUCHED,-3.0,below,156.5,161.33,161.66,161.99,161.33,0.406,27.2,0.054,0,2026-09-02,2026-09-03,False,False,5.0,2026-09-03T20:12:24+05:30
ENRIN,3130.20,TOUCHED,0.8,above,3155.2,3130.2,3126.57,3130.2,3122.93,0.232,27.7,0.026,0,2026-09-02,2026-09-03,False,False,5.0,2026-09-03T20:12:24+05:30
VEDL,270.43,TOUCHED,0.03,above,270.5,270.43,270.15,270.43,269.88,0.204,27.7,0.026,0,2026-09-02,2026-09-03,False,False,5.0,2026-09-03T20:12:24+05:30
POLYCAB,8813.50,TOUCHED,-0.07,below,8807.5,8813.5,8823.0,8832.5,8813.5,0.215,27.9,0.033,0,2026-09-02,2026-09-03,False,False,5.0,2026-09-03T20:12:24+05:30
WHIRLPOOL,799.29,TOUCHED,0.64,above,804.4,799.29,798.38,799.29,797.48,0.228,27.9,0.045,0,2026-09-02,2026-09-03,False,False,5.0,2026-09-03T20:12:24+05:30
CEMPRO,1233.45,TOUCHED,5.14,above,1296.9,1233.45,1231.1,1233.45,1228.75,0.382,28.5,0.055,0,2026-09-02,2026-09-03,False,False,5.0,2026-09-03T20:12:24+05:30
PFOCUS,282.25,TOUCHED,3.33,above,291.65,282.25,281.62,282.25,280.98,0.45,28.5,0.053,0,2026-09-02,2026-09-03,False,False,5.0,2026-09-03T20:12:24+05:30
MPHASIS,2471.50,TOUCHED,-0.02,below,2471.0,2471.5,2474.33,2477.17,2471.5,0.229,29.0,0.028,0,2026-09-02,2026-09-03,False,False,5.0,2026-09-03T20:12:24+05:30
IDBI,91.93,TOUCHED,0.04,above,91.97,91.93,91.8,91.93,91.68,0.276,29.3,0.033,0,2026-09-02,2026-09-03,False,False,5.0,2026-09-03T20:12:24+05:30
BSOFT,294.81,TOUCHED,-0.53,below,293.25,294.81,295.22,295.62,294.81,0.277,29.6,0.04,0,2026-09-02,2026-09-03,False,False,5.0,2026-09-03T20:12:24+05:30
SAPPHIRE,227.90,TOUCHED,0.38,above,228.76,227.9,227.59,227.9,227.28,0.272,30.1,0.05,0,2026-09-02,2026-09-03,False,False,5.0,2026-09-03T20:12:24+05:30
AMBER,7404.00,TOUCHED,0.08,above,7410.0,7404.0,7393.0,7404.0,7382.0,0.298,30.4,0.027,0,2026-09-02,2026-09-03,False,False,5.0,2026-09-03T20:12:24+05:30
BATAINDIA,672.40,TOUCHED,0.74,above,677.4,672.4,671.75,672.4,671.1,0.194,30.4,0.022,0,2026-09-02,2026-09-03,False,False,5.0,2026-09-03T20:12:24+05:30
CHALET,894.60,TOUCHED,-0.43,below,890.75,894.6,895.72,896.83,894.6,0.249,30.7,0.024,0,2026-09-02,2026-09-03,False,False,5.0,2026-09-03T20:12:24+05:30
SCHAEFFLER,3971.08,TOUCHED,-0.52,below,3950.6,3971.08,3975.07,3979.05,3971.08,0.2,30.7,0.034,0,2026-09-02,2026-09-03,False,False,5.0,2026-09-03T20:12:24+05:30
BAJAJ-AUTO,12100.00,TOUCHED,-1.49,below,11920.0,12100.0,12110.0,12120.0,12100.0,0.165,31.0,0.028,0,2026-09-02,2026-09-03,False,False,5.0,2026-09-03T20:12:24+05:30
PPLPHARMA,214.32,TOUCHED,0.08,inside,214.49,214.32,214.32,214.59,214.05,0.252,31.2,0.038,0,2026-09-02,2026-09-03,False,False,5.0,2026-09-03T20:12:24+05:30
RAMCOCEM,867.50,TOUCHED,1.34,above,879.15,867.5,866.45,867.5,865.4,0.242,31.2,0.045,0,2026-09-02,2026-09-03,False,False,5.0,2026-09-03T20:12:24+05:30
TRENT,2841.50,TOUCHED,-0.91,below,2815.6,2841.5,2845.1,2848.7,2841.5,0.253,31.2,0.046,0,2026-09-02,2026-09-03,False,False,5.0,2026-09-03T20:12:24+05:30
SPLPETRO,720.84,TOUCHED,0.69,above,725.8,720.84,719.83,720.84,718.83,0.28,31.8,0.038,0,2026-09-02,2026-09-03,False,False,5.0,2026-09-03T20:12:24+05:30
CROMPTON,227.97,TOUCHED,-0.64,below,226.51,227.97,228.22,228.47,227.97,0.221,32.1,0.025,0,2026-09-02,2026-09-03,False,False,5.0,2026-09-03T20:12:24+05:30
FLUOROCHEM,4713.05,TOUCHED,-0.39,below,4694.6,4713.05,4717.93,4722.82,4713.05,0.207,32.3,0.022,0,2026-09-02,2026-09-03,False,False,5.0,2026-09-03T20:12:24+05:30
RAILTEL,271.96,TOUCHED,-0.39,below,270.9,271.96,272.37,272.77,271.96,0.3,32.6,0.041,0,2026-09-02,2026-09-03,False,False,5.0,2026-09-03T20:12:24+05:30
INDIAMART,1742.75,TOUCHED,-0.76,below,1729.5,1742.75,1744.7,1746.65,1742.75,0.224,32.9,0.025,0,2026-09-02,2026-09-03,False,False,5.0,2026-09-03T20:12:24+05:30
NETWEB,5140.25,TOUCHED,2.52,above,5270.0,5140.25,5130.17,5140.25,5120.08,0.393,33.2,0.06,0,2026-09-02,2026-09-03,False,False,5.0,2026-09-03T20:12:24+05:30
THELEELA,567.52,TOUCHED,-0.26,below,566.05,567.52,568.32,569.11,567.52,0.279,33.3,0.031,0,2026-09-02,2026-09-03,False,False,5.0,2026-09-03T20:12:24+05:30
SYRMA,1442.60,TOUCHED,0.71,above,1452.8,1442.6,1439.73,1442.6,1436.87,0.398,34.0,0.045,0,2026-09-02,2026-09-03,False,False,5.0,2026-09-03T20:12:24+05:30
TRIDENT,24.01,TOUCHED,-0.07,inside,23.99,24.01,24.01,24.03,23.98,0.222,34.0,0.027,0,2026-09-02,2026-09-03,False,False,5.0,2026-09-03T20:12:24+05:30
CARTRADE,2952.30,TOUCHED,1.35,above,2992.2,2952.3,2945.63,2952.3,2938.97,0.453,34.2,0.061,0,2026-09-02,2026-09-03,False,False,5.0,2026-09-03T20:12:24+05:30
KOTAKBANK,422.35,TOUCHED,-0.28,below,421.15,422.35,422.73,423.12,422.35,0.181,34.8,0.022,0,2026-09-02,2026-09-03,False,False,5.0,2026-09-03T20:12:24+05:30
PCBL,314.27,TOUCHED,-0.01,inside,314.25,314.27,314.27,314.78,313.75,0.329,34.8,0.05,0,2026-09-02,2026-09-03,False,False,5.0,2026-09-03T20:12:24+05:30
TITAGARH,829.45,TOUCHED,1.78,above,844.2,829.45,827.95,829.45,826.45,0.362,35.3,0.046,0,2026-09-02,2026-09-03,False,False,5.0,2026-09-03T20:12:24+05:30
CIPLA,1409.10,TOUCHED,-1.02,below,1394.7,1409.1,1410.33,1411.57,1409.1,0.175,35.6,0.023,0,2026-09-02,2026-09-03,False,False,5.0,2026-09-03T20:12:24+05:30
KFINTECH,927.47,TOUCHED,0.02,above,927.7,927.47,925.95,927.47,924.42,0.329,35.9,0.018,0,2026-09-02,2026-09-03,False,False,5.0,2026-09-03T20:12:24+05:30
SUPREMEIND,3535.42,TOUCHED,-0.77,below,3508.1,3535.42,3540.23,3545.05,3535.42,0.272,35.9,0.034,0,2026-09-02,2026-09-03,False,False,5.0,2026-09-03T20:12:24+05:30
CCL,1090.55,TOUCHED,1.54,above,1107.3,1090.55,1089.07,1090.55,1087.58,0.272,36.2,0.021,0,2026-09-02,2026-09-03,False,False,5.0,2026-09-03T20:12:24+05:30
GRSE,2505.70,TOUCHED,0.16,inside,2509.8,2505.7,2505.7,2511.0,2500.4,0.423,36.2,0.074,0,2026-09-02,2026-09-03,False,False,5.0,2026-09-03T20:12:24+05:30
GODREJIND,1143.95,TOUCHED,0.9,above,1154.3,1143.95,1142.23,1143.95,1140.52,0.301,36.7,0.044,0,2026-09-02,2026-09-03,False,False,5.0,2026-09-03T20:12:24+05:30
NEULANDLAB,23006.67,TOUCHED,-0.51,below,22890.0,23006.67,23053.33,23100.0,23006.67,0.405,37.5,0.032,0,2026-09-02,2026-09-03,False,False,5.0,2026-09-03T20:12:24+05:30
ASTERDM,758.78,TOUCHED,3.72,above,787.0,758.78,757.65,758.78,756.52,0.297,37.8,0.023,0,2026-09-02,2026-09-03,False,False,5.0,2026-09-03T20:12:24+05:30
COHANCE,460.03,TOUCHED,0.18,inside,460.85,460.03,460.03,460.9,459.17,0.377,37.8,0.022,0,2026-09-02,2026-09-03,False,False,5.0,2026-09-03T20:12:24+05:30
TARIL,302.70,TOUCHED,-0.69,below,300.6,302.7,303.4,304.1,302.7,0.461,38.1,0.054,0,2026-09-02,2026-09-03,False,False,5.0,2026-09-03T20:12:24+05:30
LINDEINDIA,6369.50,TOUCHED,0.05,inside,6373.0,6369.5,6369.5,6378.0,6361.0,0.267,38.4,0.025,0,2026-09-02,2026-09-03,False,False,5.0,2026-09-03T20:12:24+05:30
MSUMI,36.79,TOUCHED,0.65,above,37.03,36.79,36.73,36.79,36.66,0.345,38.6,0.031,0,2026-09-02,2026-09-03,False,False,5.0,2026-09-03T20:12:24+05:30
APTUS,253.82,TOUCHED,1.37,above,257.31,253.82,253.36,253.82,252.9,0.362,39.7,0.026,0,2026-09-02,2026-09-03,False,False,5.0,2026-09-03T20:12:24+05:30
ASHOKLEY,167.65,TOUCHED,1.01,above,169.35,167.65,167.4,167.65,167.15,0.297,39.7,0.027,0,2026-09-02,2026-09-03,False,False,5.0,2026-09-03T20:12:24+05:30
BAJAJHLDNG,11153.00,TOUCHED,0.11,above,11165.0,11153.0,11135.33,11153.0,11117.67,0.317,39.7,0.025,0,2026-09-02,2026-09-03,False,False,5.0,2026-09-03T20:12:24+05:30
APOLLOHOSP,8693.25,TOUCHED,-0.01,below,8692.0,8693.25,8701.83,8710.42,8693.25,0.197,40.0,0.014,0,2026-09-02,2026-09-03,False,False,5.0,2026-09-03T20:12:24+05:30
ENGINERSIN,278.25,TOUCHED,1.33,above,281.95,278.25,277.7,278.25,277.15,0.396,40.0,0.038,0,2026-09-02,2026-09-03,False,False,5.0,2026-09-03T20:12:24+05:30
MINDACORP,705.50,TOUCHED,0.14,inside,706.5,705.5,705.5,706.67,704.32,0.333,40.0,0.04,0,2026-09-02,2026-09-03,False,False,5.0,2026-09-03T20:12:24+05:30
ABFRL,50.56,TOUCHED,-0.3,below,50.41,50.56,50.65,50.75,50.56,0.362,40.3,0.027,0,2026-09-02,2026-09-03,False,False,5.0,2026-09-03T20:12:24+05:30
BAYERCROP,3964.95,TOUCHED,-0.1,below,3960.8,3964.95,3969.8,3974.65,3964.95,0.244,40.3,0.031,0,2026-09-02,2026-09-03,False,False,5.0,2026-09-03T20:12:24+05:30
PREMIERENE,1005.45,TOUCHED,0.25,above,1008.0,1005.45,1003.63,1005.45,1001.82,0.362,40.8,0.031,0,2026-09-02,2026-09-03,False,False,5.0,2026-09-03T20:12:24+05:30
NESTLEIND,1419.50,TOUCHED,-0.25,below,1416.0,1419.5,1421.33,1423.17,1419.5,0.258,41.4,0.033,0,2026-09-02,2026-09-03,False,False,5.0,2026-09-03T20:12:24+05:30
PIDILITIND,1635.27,TOUCHED,0.19,above,1638.3,1635.27,1633.53,1635.27,1631.8,0.212,41.4,0.026,0,2026-09-02,2026-09-03,False,False,5.0,2026-09-03T20:12:24+05:30
IGL,148.60,TOUCHED,0.55,above,149.42,148.6,148.38,148.6,148.16,0.299,41.6,0.046,0,2026-09-02,2026-09-03,False,False,5.0,2026-09-03T20:12:24+05:30
PGEL,561.83,TOUCHED,-1.41,below,553.9,561.83,563.22,564.61,561.83,0.494,41.6,0.05,0,2026-09-02,2026-09-03,False,False,5.0,2026-09-03T20:12:24+05:30
GLENMARK,2456.15,TOUCHED,0.12,above,2459.0,2456.15,2452.3,2456.15,2448.45,0.314,41.9,0.035,0,2026-09-02,2026-09-03,False,False,5.0,2026-09-03T20:12:24+05:30
ZYDUSWELL,533.55,TOUCHED,0.87,above,538.2,533.55,532.5,533.55,531.45,0.394,42.2,0.035,0,2026-09-02,2026-09-03,False,False,5.0,2026-09-03T20:12:24+05:30
FACT,805.82,TOUCHED,-0.7,below,800.2,805.82,807.35,808.88,805.82,0.378,43.0,0.056,0,2026-09-02,2026-09-03,False,False,5.0,2026-09-03T20:12:24+05:30
HDFCLIFE,533.67,TOUCHED,-0.03,below,533.5,533.67,534.35,535.02,533.67,0.253,43.0,0.018,0,2026-09-02,2026-09-03,False,False,5.0,2026-09-03T20:12:24+05:30
BIKAJI,591.00,TOUCHED,-0.65,below,587.15,591.0,591.8,592.6,591.0,0.27,43.3,0.018,0,2026-09-02,2026-09-03,False,False,5.0,2026-09-03T20:12:24+05:30
ELGIEQUIP,620.48,TOUCHED,1.59,above,630.35,620.48,619.23,620.48,617.99,0.401,43.6,0.045,0,2026-09-02,2026-09-03,False,False,5.0,2026-09-03T20:12:24+05:30
LEMONTREE,105.69,TOUCHED,-0.75,below,104.89,105.69,105.85,106.02,105.69,0.312,43.6,0.023,0,2026-09-02,2026-09-03,False,False,5.0,2026-09-03T20:12:24+05:30
DALBHARAT,1775.77,TOUCHED,-0.26,below,1771.2,1775.77,1778.43,1781.1,1775.77,0.3,43.8,0.025,0,2026-09-02,2026-09-03,False,False,5.0,2026-09-03T20:12:24+05:30
KIMS,757.65,TOUCHED,1.35,above,767.85,757.65,756.32,757.65,754.98,0.353,43.8,0.04,0,2026-09-02,2026-09-03,False,False,5.0,2026-09-03T20:12:24+05:30
ACMESOLAR,401.12,TOUCHED,0.19,above,401.9,401.12,400.17,401.12,399.21,0.479,44.1,0.053,0,2026-09-02,2026-09-03,False,False,5.0,2026-09-03T20:12:24+05:30
SYNGENE,400.53,TOUCHED,0.07,above,400.8,400.53,399.88,400.53,399.24,0.321,44.1,0.026,0,2026-09-02,2026-09-03,False,False,5.0,2026-09-03T20:12:24+05:30
ACUTAAS,3157.80,TOUCHED,1.37,above,3201.0,3157.8,3150.17,3157.8,3142.53,0.485,44.4,0.036,0,2026-09-02,2026-09-03,False,False,5.0,2026-09-03T20:12:24+05:30
JSWINFRA,333.70,TOUCHED,0.12,above,334.1,333.7,333.17,333.7,332.63,0.32,44.4,0.029,0,2026-09-02,2026-09-03,False,False,5.0,2026-09-03T20:12:24+05:30
CANBK,125.89,TOUCHED,-0.07,inside,125.8,125.89,125.89,126.1,125.68,0.326,44.9,0.023,0,2026-09-02,2026-09-03,False,False,5.0,2026-09-03T20:12:24+05:30
GAIL,172.77,TOUCHED,1.1,above,174.67,172.77,172.54,172.77,172.31,0.267,45.8,0.015,0,2026-09-02,2026-09-03,False,False,5.0,2026-09-03T20:12:24+05:30
KPITTECH,584.50,TOUCHED,-0.17,below,583.5,584.5,585.67,586.83,584.5,0.398,45.8,0.044,0,2026-09-02,2026-09-03,False,False,5.0,2026-09-03T20:12:24+05:30
HEROMOTOCO,5308.67,TOUCHED,-0.0,below,5308.5,5308.67,5317.33,5326.0,5308.67,0.326,46.3,0.017,0,2026-09-02,2026-09-03,False,False,5.0,2026-09-03T20:12:24+05:30
ICICIAMC,2986.40,TOUCHED,-0.21,inside,2980.0,2986.4,2986.4,2992.95,2979.85,0.439,46.3,0.036,0,2026-09-02,2026-09-03,False,False,5.0,2026-09-03T20:12:24+05:30
ABDL,609.12,TOUCHED,0.05,above,609.4,609.12,607.55,609.12,605.98,0.518,46.6,0.074,0,2026-09-02,2026-09-03,False,False,5.0,2026-09-03T20:12:24+05:30
BHARTIHEXA,1522.75,TOUCHED,-1.13,below,1505.6,1522.75,1525.53,1528.32,1522.75,0.365,46.6,0.038,0,2026-09-02,2026-09-03,False,False,5.0,2026-09-03T20:12:24+05:30
JINDALSTEL,1153.15,TOUCHED,-0.71,below,1145.0,1153.15,1155.23,1157.32,1153.15,0.361,47.4,0.034,0,2026-09-02,2026-09-03,False,False,5.0,2026-09-03T20:12:24+05:30
NTPCGREEN,88.56,TOUCHED,0.19,above,88.73,88.56,88.41,88.56,88.27,0.332,47.4,0.015,0,2026-09-02,2026-09-03,False,False,5.0,2026-09-03T20:12:24+05:30
APOLLOTYRE,434.92,TOUCHED,-0.25,below,433.85,434.92,435.7,436.48,434.92,0.356,48.2,0.038,0,2026-09-02,2026-09-03,False,False,5.0,2026-09-03T20:12:24+05:30
MFSL,1512.75,TOUCHED,1.6,above,1537.0,1512.75,1510.17,1512.75,1507.58,0.342,48.2,0.019,0,2026-09-02,2026-09-03,False,False,5.0,2026-09-03T20:12:24+05:30
GILLETTE,7358.33,TOUCHED,-0.24,below,7341.0,7358.33,7370.67,7383.0,7358.33,0.335,48.8,0.026,0,2026-09-02,2026-09-03,False,False,5.0,2026-09-03T20:12:24+05:30
SIEMENS,4011.80,TOUCHED,0.45,above,4030.0,4011.8,4004.7,4011.8,3997.6,0.355,48.8,0.018,0,2026-09-02,2026-09-03,False,False,5.0,2026-09-03T20:12:24+05:30
BDL,1250.63,TOUCHED,0.57,above,1257.7,1250.63,1247.57,1250.63,1244.5,0.492,49.0,0.053,0,2026-09-02,2026-09-03,False,False,5.0,2026-09-03T20:12:24+05:30
CRAFTSMAN,11071.00,TOUCHED,1.35,above,11220.0,11071.0,11047.0,11071.0,11023.0,0.435,49.3,0.053,0,2026-09-02,2026-09-03,False,False,5.0,2026-09-03T20:12:24+05:30
HONASA,473.05,TOUCHED,0.85,above,477.05,473.05,472.02,473.05,470.98,0.438,49.3,0.054,0,2026-09-02,2026-09-03,False,False,5.0,2026-09-03T20:12:24+05:30
ANURAS,1242.22,TOUCHED,-0.16,below,1240.2,1242.22,1244.13,1246.05,1242.22,0.308,49.6,0.025,0,2026-09-02,2026-09-03,False,False,5.0,2026-09-03T20:12:24+05:30
3MINDIA,32945.83,TOUCHED,-0.38,below,32820.0,32945.83,32996.67,33047.5,32945.83,0.308,49.9,0.025,0,2026-09-02,2026-09-03,False,False,5.0,2026-09-03T20:12:24+05:30
JKTYRE,369.27,TOUCHED,0.05,above,369.45,369.27,368.38,369.27,367.5,0.48,51.0,0.031,0,2026-09-02,2026-09-03,False,False,5.0,2026-09-03T20:12:24+05:30
SBILIFE,1722.33,TOUCHED,-0.43,below,1715.0,1722.33,1724.77,1727.2,1722.33,0.282,51.0,0.015,0,2026-09-02,2026-09-03,False,False,5.0,2026-09-03T20:12:24+05:30
TATACHEM,632.78,TOUCHED,1.36,above,641.35,632.78,631.6,632.78,630.42,0.372,51.2,0.02,0,2026-09-02,2026-09-03,False,False,5.0,2026-09-03T20:12:24+05:30
CHOICEIN,767.38,TOUCHED,0.14,above,768.45,767.38,766.05,767.38,764.73,0.346,51.5,0.023,0,2026-09-02,2026-09-03,False,False,5.0,2026-09-03T20:12:24+05:30
IIFL,638.12,TOUCHED,0.83,above,643.4,638.12,636.5,638.12,634.88,0.511,51.5,0.026,0,2026-09-02,2026-09-03,False,False,5.0,2026-09-03T20:12:24+05:30
CANFINHOME,793.70,TOUCHED,1.42,above,804.95,793.7,792.1,793.7,790.5,0.404,51.8,0.02,0,2026-09-02,2026-09-03,False,False,5.0,2026-09-03T20:12:24+05:30
DABUR,380.65,TOUCHED,0.01,above,380.7,380.65,380.1,380.65,379.55,0.289,51.8,0.032,0,2026-09-02,2026-09-03,False,False,5.0,2026-09-03T20:12:24+05:30
RITES,213.47,TOUCHED,0.14,inside,213.78,213.47,213.47,213.91,213.04,0.409,51.8,0.025,0,2026-09-02,2026-09-03,False,False,5.0,2026-09-03T20:12:24+05:30
SCI,290.68,TOUCHED,1.47,above,294.95,290.68,289.85,290.68,289.03,0.569,51.8,0.045,0,2026-09-02,2026-09-03,False,False,5.0,2026-09-03T20:12:24+05:30
NUVAMA,1836.60,TOUCHED,0.14,above,1839.2,1836.6,1832.2,1836.6,1827.8,0.48,52.1,0.025,0,2026-09-02,2026-09-03,False,False,5.0,2026-09-03T20:12:24+05:30
NEWGEN,520.77,TOUCHED,-0.6,below,517.65,520.77,522.25,523.73,520.77,0.565,52.6,0.031,0,2026-09-02,2026-09-03,False,False,5.0,2026-09-03T20:12:24+05:30
DMART,3794.20,TOUCHED,-0.82,below,3763.0,3794.2,3800.6,3807.0,3794.2,0.337,52.9,0.028,0,2026-09-02,2026-09-03,False,False,5.0,2026-09-03T20:12:24+05:30
HINDALCO,1008.03,TOUCHED,0.2,above,1010.0,1008.03,1006.37,1008.03,1004.7,0.331,52.9,0.011,0,2026-09-02,2026-09-03,False,False,5.0,2026-09-03T20:12:24+05:30
HAL,4760.17,TOUCHED,0.11,inside,4765.6,4760.17,4760.17,4770.08,4750.25,0.417,53.2,0.037,0,2026-09-02,2026-09-03,False,False,5.0,2026-09-03T20:12:24+05:30
INDGN,601.33,TOUCHED,-0.2,below,600.15,601.33,602.5,603.67,601.33,0.39,53.4,0.023,0,2026-09-02,2026-09-03,False,False,5.0,2026-09-03T20:12:24+05:30
APARINDS,16972.00,TOUCHED,4.31,above,17704.0,16972.0,16919.0,16972.0,16866.0,0.627,54.0,0.054,0,2026-09-02,2026-09-03,False,False,5.0,2026-09-03T20:12:24+05:30
ASTRAL,1493.37,TOUCHED,0.12,inside,1495.2,1493.37,1493.37,1496.55,1490.18,0.426,54.0,0.034,0,2026-09-02,2026-09-03,False,False,5.0,2026-09-03T20:12:24+05:30
GESHIP,1315.50,TOUCHED,2.9,above,1353.6,1315.5,1312.2,1315.5,1308.9,0.503,54.0,0.034,0,2026-09-02,2026-09-03,False,False,5.0,2026-09-03T20:12:24+05:30
TEGA,1550.30,TOUCHED,0.16,above,1552.8,1550.3,1546.77,1550.3,1543.23,0.457,54.2,0.043,0,2026-09-02,2026-09-03,False,False,5.0,2026-09-03T20:12:24+05:30
MOTILALOFS,1011.93,TOUCHED,0.09,inside,1012.8,1011.93,1011.93,1014.77,1009.1,0.56,54.5,0.045,0,2026-09-02,2026-09-03,False,False,5.0,2026-09-03T20:12:24+05:30
CRISIL,4732.60,TOUCHED,0.57,above,4759.7,4732.6,4722.3,4732.6,4712.0,0.436,54.8,0.049,0,2026-09-02,2026-09-03,False,False,5.0,2026-09-03T20:12:24+05:30
LUPIN,2145.10,TOUCHED,-0.61,below,2132.0,2145.1,2148.47,2151.83,2145.1,0.313,54.8,0.027,0,2026-09-02,2026-09-03,False,False,5.0,2026-09-03T20:12:24+05:30
JKCEMENT,5015.50,TOUCHED,0.48,above,5039.5,5015.5,5003.5,5015.5,4991.5,0.48,55.3,0.035,0,2026-09-02,2026-09-03,False,False,5.0,2026-09-03T20:12:24+05:30
DEVYANI,137.70,TOUCHED,0.26,above,138.05,137.7,137.32,137.7,136.95,0.544,55.6,0.04,0,2026-09-02,2026-09-03,False,False,5.0,2026-09-03T20:12:24+05:30
MAPMYINDIA,984.83,TOUCHED,-1.65,below,968.6,984.83,987.07,989.3,984.83,0.453,55.9,0.031,0,2026-09-02,2026-09-03,False,False,5.0,2026-09-03T20:12:24+05:30
MGL,1067.60,TOUCHED,-0.11,below,1066.4,1067.6,1070.0,1072.4,1067.6,0.449,56.2,0.034,0,2026-09-02,2026-09-03,False,False,5.0,2026-09-03T20:12:24+05:30
RELIANCE,1307.50,TOUCHED,-0.38,below,1302.5,1307.5,1309.37,1311.23,1307.5,0.285,56.2,0.024,0,2026-09-02,2026-09-03,False,False,5.0,2026-09-03T20:12:24+05:30
KPRMILL,1164.30,TOUCHED,0.95,above,1175.4,1164.3,1161.2,1164.3,1158.1,0.534,56.4,0.052,0,2026-09-02,2026-09-03,False,False,5.0,2026-09-03T20:12:24+05:30
WELSPUNLIV,199.43,TOUCHED,0.59,above,200.61,199.43,198.86,199.43,198.28,0.58,56.4,0.042,0,2026-09-02,2026-09-03,False,False,5.0,2026-09-03T20:12:24+05:30
SONACOMS,788.20,TOUCHED,1.5,above,800.0,788.2,786.35,788.2,784.5,0.471,56.7,0.031,0,2026-09-02,2026-09-03,False,False,5.0,2026-09-03T20:12:24+05:30
TATACONSUM,1017.85,TOUCHED,0.13,above,1019.2,1017.85,1015.9,1017.85,1013.95,0.384,56.7,0.027,0,2026-09-02,2026-09-03,False,False,5.0,2026-09-03T20:12:24+05:30
UCOBANK,24.55,TOUCHED,0.39,above,24.64,24.55,24.49,24.55,24.44,0.422,56.7,0.013,0,2026-09-02,2026-09-03,False,False,5.0,2026-09-03T20:12:24+05:30
RECLTD,314.45,TOUCHED,-0.27,below,313.6,314.45,315.12,315.78,314.45,0.423,57.0,0.015,0,2026-09-02,2026-09-03,False,False,5.0,2026-09-03T20:12:24+05:30
POLYMED,1788.80,TOUCHED,-1.12,below,1768.7,1788.8,1793.8,1798.8,1788.8,0.557,57.3,0.043,0,2026-09-02,2026-09-03,False,False,5.0,2026-09-03T20:12:24+05:30
OFSS,12130.33,TOUCHED,0.15,above,12149.0,12130.33,12102.67,12130.33,12075.0,0.457,57.5,0.029,0,2026-09-02,2026-09-03,False,False,5.0,2026-09-03T20:12:24+05:30
PVRINOX,1219.35,TOUCHED,2.31,above,1247.5,1219.35,1216.23,1219.35,1213.12,0.513,57.8,0.028,0,2026-09-02,2026-09-03,False,False,5.0,2026-09-03T20:12:24+05:30
SJVN,64.32,TOUCHED,1.03,above,64.98,64.32,64.19,64.32,64.05,0.415,58.1,0.027,0,2026-09-02,2026-09-03,False,False,5.0,2026-09-03T20:12:24+05:30
TTML,38.09,TOUCHED,-0.21,below,38.01,38.09,38.18,38.28,38.09,0.48,58.1,0.046,0,2026-09-02,2026-09-03,False,False,5.0,2026-09-03T20:12:24+05:30
AUBANK,1073.07,TOUCHED,-0.1,inside,1072.0,1073.07,1073.07,1075.48,1070.65,0.45,58.4,0.018,0,2026-09-02,2026-09-03,False,False,5.0,2026-09-03T20:12:24+05:30
BAJAJHFL,82.65,TOUCHED,0.36,above,82.95,82.65,82.52,82.65,82.38,0.319,58.4,0.024,0,2026-09-02,2026-09-03,False,False,5.0,2026-09-03T20:12:24+05:30
STARHEALTH,560.40,TOUCHED,-0.19,inside,559.35,560.4,560.4,561.68,559.12,0.455,58.4,0.023,0,2026-09-02,2026-09-03,False,False,5.0,2026-09-03T20:12:24+05:30
POONAWALLA,458.40,TOUCHED,1.46,above,465.1,458.4,457.15,458.4,455.9,0.547,58.6,0.031,0,2026-09-02,2026-09-03,False,False,5.0,2026-09-03T20:12:24+05:30
ZYDUSLIFE,1156.28,TOUCHED,-1.15,below,1143.0,1156.28,1158.37,1160.45,1156.28,0.36,58.6,0.023,0,2026-09-02,2026-09-03,False,False,5.0,2026-09-03T20:12:24+05:30
NAUKRI,1333.60,TOUCHED,-0.27,below,1330.0,1333.6,1336.97,1340.33,1333.6,0.504,58.9,0.023,0,2026-09-02,2026-09-03,False,False,5.0,2026-09-03T20:12:24+05:30
SONATSOFTW,286.48,TOUCHED,-0.86,below,284.0,286.48,287.42,288.36,286.48,0.655,59.2,0.026,0,2026-09-02,2026-09-03,False,False,5.0,2026-09-03T20:12:24+05:30
IKS,1734.73,TOUCHED,-0.13,inside,1732.4,1734.73,1734.73,1739.42,1730.05,0.54,59.5,0.02,0,2026-09-02,2026-09-03,False,False,5.0,2026-09-03T20:12:24+05:30
JSL,732.83,TOUCHED,0.76,above,738.4,732.83,730.77,732.83,728.7,0.566,59.5,0.043,0,2026-09-02,2026-09-03,False,False,5.0,2026-09-03T20:12:24+05:30
TATASTEEL,183.48,TOUCHED,0.39,above,184.2,183.48,183.12,183.48,182.75,0.4,60.3,0.021,0,2026-09-02,2026-09-03,False,False,5.0,2026-09-03T20:12:24+05:30
DIXON,14467.50,TOUCHED,-0.16,below,14445.0,14467.5,14508.33,14549.17,14467.5,0.563,60.5,0.057,0,2026-09-02,2026-09-03,False,False,5.0,2026-09-03T20:12:24+05:30
POWERGRID,265.85,TOUCHED,-0.09,inside,265.6,265.85,265.85,266.32,265.38,0.357,60.5,0.017,0,2026-09-02,2026-09-03,False,False,5.0,2026-09-03T20:12:24+05:30
FIRSTCRY,172.56,TOUCHED,3.54,above,178.67,172.56,171.98,172.56,171.4,0.676,60.8,0.06,0,2026-09-02,2026-09-03,False,False,5.0,2026-09-03T20:12:24+05:30
KEC,408.95,TOUCHED,-0.68,below,406.15,408.95,410.1,411.25,408.95,0.561,60.8,0.023,0,2026-09-02,2026-09-03,False,False,5.0,2026-09-03T20:12:24+05:30
ALKEM,5219.50,TOUCHED,-0.51,below,5193.0,5219.5,5229.0,5238.5,5219.5,0.363,61.4,0.024,0,2026-09-02,2026-09-03,False,False,5.0,2026-09-03T20:12:24+05:30
POLICYBZR,1846.27,TOUCHED,1.29,above,1870.0,1846.27,1840.63,1846.27,1835.0,0.612,61.9,0.037,0,2026-09-02,2026-09-03,False,False,5.0,2026-09-03T20:12:24+05:30
BERGEPAINT,486.81,TOUCHED,0.94,above,491.4,486.81,485.57,486.81,484.32,0.511,62.2,0.013,0,2026-09-02,2026-09-03,False,False,5.0,2026-09-03T20:12:24+05:30
CASTROLIND,185.82,TOUCHED,0.32,above,186.42,185.82,185.56,185.82,185.3,0.28,62.5,0.014,0,2026-09-02,2026-09-03,False,False,5.0,2026-09-03T20:12:24+05:30
FORTIS,912.72,TOUCHED,0.52,above,917.5,912.72,910.45,912.72,908.17,0.5,62.7,0.03,0,2026-09-02,2026-09-03,False,False,5.0,2026-09-03T20:12:24+05:30
NAM-INDIA,1163.60,TOUCHED,0.11,inside,1164.9,1163.6,1163.6,1167.55,1159.65,0.679,63.0,0.032,0,2026-09-02,2026-09-03,False,False,5.0,2026-09-03T20:12:24+05:30
MEESHO,210.05,TOUCHED,-0.15,inside,209.74,210.05,210.05,210.83,209.28,0.738,63.6,0.031,0,2026-09-02,2026-09-03,False,False,5.0,2026-09-03T20:12:24+05:30
TIMKEN,3143.23,TOUCHED,-0.59,below,3124.8,3143.23,3151.97,3160.7,3143.23,0.554,63.6,0.047,0,2026-09-02,2026-09-03,False,False,5.0,2026-09-03T20:12:24+05:30
DCMSHRIRAM,1030.92,TOUCHED,-1.14,below,1019.2,1030.92,1033.83,1036.75,1030.92,0.564,63.8,0.024,0,2026-09-02,2026-09-03,False,False,5.0,2026-09-03T20:12:24+05:30
EIDPARRY,793.80,TOUCHED,-1.96,below,778.25,793.8,796.08,798.37,793.8,0.574,63.8,0.034,0,2026-09-02,2026-09-03,False,False,5.0,2026-09-03T20:12:24+05:30
SBIN,1024.50,TOUCHED,-0.11,inside,1023.4,1024.5,1024.5,1026.3,1022.7,0.351,63.8,0.011,0,2026-09-02,2026-09-03,False,False,5.0,2026-09-03T20:12:24+05:30
CIEINDIA,385.98,TOUCHED,-0.52,below,383.95,385.98,386.95,387.93,385.98,0.504,64.1,0.025,0,2026-09-02,2026-09-03,False,False,5.0,2026-09-03T20:12:24+05:30
INFY,1133.20,TOUCHED,-0.26,below,1130.3,1133.2,1135.47,1137.73,1133.2,0.399,64.1,0.029,0,2026-09-02,2026-09-03,False,False,5.0,2026-09-03T20:12:24+05:30
GROWW,189.18,TOUCHED,0.56,above,190.24,189.18,188.49,189.18,187.79,0.739,64.2,0.035,0,2026-09-02,2026-09-03,False,False,5.0,2026-09-03T20:12:24+05:30
MOTHERSON,162.34,TOUCHED,-0.21,inside,162.0,162.34,162.34,162.82,161.86,0.591,64.7,0.038,0,2026-09-02,2026-09-03,False,False,5.0,2026-09-03T20:12:24+05:30
OLAELEC,39.16,TOUCHED,-4.32,below,37.47,39.16,39.34,39.52,39.16,0.923,64.7,0.066,0,2026-09-02,2026-09-03,False,False,5.0,2026-09-03T20:12:24+05:30
IRFC,82.29,TOUCHED,0.44,above,82.65,82.29,82.09,82.29,81.9,0.471,64.9,0.033,0,2026-09-02,2026-09-03,False,False,5.0,2026-09-03T20:12:24+05:30
PFC,344.77,TOUCHED,0.21,inside,345.5,344.77,344.77,345.63,343.9,0.503,64.9,0.032,0,2026-09-02,2026-09-03,False,False,5.0,2026-09-03T20:12:24+05:30
TATAELXSI,3581.05,TOUCHED,-0.03,below,3580.0,3581.05,3590.37,3599.68,3581.05,0.519,65.2,0.034,0,2026-09-02,2026-09-03,False,False,5.0,2026-09-03T20:12:24+05:30
ZENSARTECH,465.07,TOUCHED,0.08,above,465.45,465.07,463.57,465.07,462.06,0.651,65.5,0.035,0,2026-09-02,2026-09-03,False,False,5.0,2026-09-03T20:12:24+05:30
JAINREC,279.72,TOUCHED,0.03,inside,279.8,279.72,279.72,280.93,278.5,0.87,65.9,0.064,0,2026-09-02,2026-09-03,False,False,5.0,2026-09-03T20:12:24+05:30
M&MFIN,367.72,TOUCHED,2.27,above,376.05,367.72,366.58,367.72,365.45,0.618,66.0,0.037,0,2026-09-02,2026-09-03,False,False,5.0,2026-09-03T20:12:24+05:30
KIRLOSENG,2152.57,TOUCHED,5.34,above,2267.6,2152.57,2144.23,2152.57,2135.9,0.777,66.3,0.035,0,2026-09-02,2026-09-03,False,False,5.0,2026-09-03T20:12:24+05:30
PETRONET,289.86,TOUCHED,-0.12,below,289.5,289.86,290.52,291.18,289.86,0.453,66.3,0.025,0,2026-09-02,2026-09-03,False,False,5.0,2026-09-03T20:12:24+05:30
BANKINDIA,142.67,TOUCHED,1.64,above,145.0,142.67,142.23,142.67,141.79,0.612,66.8,0.029,0,2026-09-02,2026-09-03,False,False,5.0,2026-09-03T20:12:24+05:30
AADHARHFC,474.18,TOUCHED,0.94,above,478.65,474.18,472.97,474.18,471.75,0.514,67.1,0.025,0,2026-09-02,2026-09-03,False,False,5.0,2026-09-03T20:12:24+05:30
INTELLECT,681.95,TOUCHED,-0.54,below,678.3,681.95,684.65,687.35,681.95,0.789,67.1,0.042,0,2026-09-02,2026-09-03,False,False,5.0,2026-09-03T20:12:24+05:30
CYIENT,1125.55,TOUCHED,-1.27,below,1111.3,1125.55,1128.9,1132.25,1125.55,0.594,67.4,0.029,0,2026-09-02,2026-09-03,False,False,5.0,2026-09-03T20:12:24+05:30
INDUSTOWER,375.98,TOUCHED,-0.27,below,374.95,375.98,376.98,377.99,375.98,0.535,67.7,0.022,0,2026-09-02,2026-09-03,False,False,5.0,2026-09-03T20:12:24+05:30
GABRIEL,1391.12,TOUCHED,-3.26,below,1345.8,1391.12,1397.33,1403.55,1391.12,0.89,67.9,0.033,0,2026-09-02,2026-09-03,False,False,5.0,2026-09-03T20:12:24+05:30
GRAVITA,1755.32,TOUCHED,-4.02,below,1684.8,1755.32,1761.53,1767.75,1755.32,0.706,67.9,0.033,0,2026-09-02,2026-09-03,False,False,5.0,2026-09-03T20:12:24+05:30
TATATECH,806.85,TOUCHED,-0.22,below,805.1,806.85,808.98,811.12,806.85,0.527,67.9,0.033,0,2026-09-02,2026-09-03,False,False,5.0,2026-09-03T20:12:24+05:30
CGCL,255.73,TOUCHED,6.24,above,271.7,255.73,254.87,255.73,254.0,0.68,68.2,0.053,0,2026-09-02,2026-09-03,False,False,5.0,2026-09-03T20:12:24+05:30
NAVINFLUOR,8515.08,TOUCHED,2.14,above,8697.0,8515.08,8487.67,8515.08,8460.25,0.646,68.2,0.045,0,2026-09-02,2026-09-03,False,False,5.0,2026-09-03T20:12:24+05:30
HDFCAMC,2510.40,TOUCHED,0.02,inside,2510.8,2510.4,2510.4,2518.05,2502.75,0.609,69.3,0.022,0,2026-09-02,2026-09-03,False,False,5.0,2026-09-03T20:12:24+05:30
RHIM,369.23,TOUCHED,0.14,above,369.75,369.23,367.95,369.23,366.68,0.693,69.3,0.031,0,2026-09-02,2026-09-03,False,False,5.0,2026-09-03T20:12:24+05:30
EMAMILTD,369.04,TOUCHED,-0.23,below,368.2,369.04,370.03,371.03,369.04,0.536,69.6,0.023,0,2026-09-02,2026-09-03,False,False,5.0,2026-09-03T20:12:24+05:30
TCS,2333.25,TOUCHED,-0.56,below,2320.1,2333.25,2338.17,2343.08,2333.25,0.421,69.6,0.029,0,2026-09-02,2026-09-03,False,False,5.0,2026-09-03T20:12:24+05:30
ABLBL,83.36,TOUCHED,0.15,inside,83.49,83.36,83.36,83.65,83.07,0.7,69.7,0.054,0,2026-09-02,2026-09-03,False,False,5.0,2026-09-03T20:12:24+05:30
CUMMINSIND,5059.50,TOUCHED,0.23,inside,5071.0,5059.5,5059.5,5074.0,5045.0,0.573,69.9,0.018,0,2026-09-02,2026-09-03,False,False,5.0,2026-09-03T20:12:24+05:30
BAJFINANCE,1050.57,TOUCHED,-0.15,inside,1049.0,1050.57,1050.57,1053.23,1047.9,0.508,70.1,0.027,0,2026-09-02,2026-09-03,False,False,5.0,2026-09-03T20:12:24+05:30
CAPLIPOINT,2711.30,TOUCHED,4.93,above,2845.0,2711.3,2702.1,2711.3,2692.9,0.681,70.1,0.032,0,2026-09-02,2026-09-03,False,False,5.0,2026-09-03T20:12:24+05:30
SUZLON,45.92,TOUCHED,0.23,above,46.03,45.92,45.77,45.92,45.61,0.677,70.1,0.028,0,2026-09-02,2026-09-03,False,False,5.0,2026-09-03T20:12:24+05:30
GODFRYPHLP,2041.87,TOUCHED,0.15,inside,2045.0,2041.87,2041.87,2050.1,2033.63,0.806,70.4,0.04,0,2026-09-02,2026-09-03,False,False,5.0,2026-09-03T20:12:24+05:30
LTM,4562.67,TOUCHED,-0.06,inside,4560.0,4562.67,4562.67,4575.33,4550.0,0.555,70.4,0.032,0,2026-09-02,2026-09-03,False,False,5.0,2026-09-03T20:12:24+05:30
ETERNAL,325.03,TOUCHED,-0.07,inside,324.8,325.03,325.03,326.17,323.9,0.697,70.7,0.024,0,2026-09-02,2026-09-03,False,False,5.0,2026-09-03T20:12:24+05:30
IPCALAB,1962.73,TOUCHED,-0.34,below,1956.1,1962.73,1968.97,1975.2,1962.73,0.633,71.0,0.032,0,2026-09-02,2026-09-03,False,False,5.0,2026-09-03T20:12:24+05:30
DRREDDY,1158.90,TOUCHED,-0.34,below,1155.0,1158.9,1161.3,1163.7,1158.9,0.413,71.2,0.017,0,2026-09-02,2026-09-03,False,False,5.0,2026-09-03T20:12:24+05:30
HEG,709.14,TOUCHED,-0.24,below,707.45,709.14,711.88,714.62,709.14,0.77,71.5,0.043,0,2026-09-02,2026-09-03,False,False,5.0,2026-09-03T20:12:24+05:30
RADICO,4461.83,TOUCHED,2.18,above,4559.0,4461.83,4447.47,4461.83,4433.1,0.646,71.5,0.023,0,2026-09-02,2026-09-03,False,False,5.0,2026-09-03T20:12:24+05:30
HAVELLS,1198.67,TOUCHED,0.11,inside,1200.0,1198.67,1198.67,1201.5,1195.83,0.473,71.8,0.019,0,2026-09-02,2026-09-03,False,False,5.0,2026-09-03T20:12:24+05:30
LTTS,3516.55,TOUCHED,-0.44,below,3501.2,3516.55,3528.1,3539.65,3516.55,0.655,71.8,0.037,0,2026-09-02,2026-09-03,False,False,5.0,2026-09-03T20:12:24+05:30
SHRIRAMFIN,1043.68,TOUCHED,0.05,above,1044.2,1043.68,1040.37,1043.68,1037.05,0.638,71.8,0.033,0,2026-09-02,2026-09-03,False,False,5.0,2026-09-03T20:12:24+05:30
IDEA,14.46,TOUCHED,0.13,above,14.48,14.46,14.39,14.46,14.33,0.95,72.1,0.044,0,2026-09-02,2026-09-03,False,False,5.0,2026-09-03T20:12:24+05:30
ATUL,6466.50,TOUCHED,0.04,above,6469.0,6466.5,6447.5,6466.5,6428.5,0.589,72.3,0.013,0,2026-09-02,2026-09-03,False,False,5.0,2026-09-03T20:12:24+05:30
VTL,589.49,TOUCHED,-0.14,below,588.65,589.49,591.53,593.58,589.49,0.69,72.3,0.029,0,2026-09-02,2026-09-03,False,False,5.0,2026-09-03T20:12:24+05:30
FSL,267.10,TOUCHED,-0.67,below,265.3,267.1,268.2,269.3,267.1,0.82,72.6,0.034,0,2026-09-02,2026-09-03,False,False,5.0,2026-09-03T20:12:24+05:30
MARUTI,12820.67,TOUCHED,0.28,above,12857.0,12820.67,12792.33,12820.67,12764.0,0.443,72.6,0.015,0,2026-09-02,2026-09-03,False,False,5.0,2026-09-03T20:12:24+05:30
PIIND,2386.52,TOUCHED,1.4,above,2419.9,2386.52,2380.03,2386.52,2373.55,0.545,72.9,0.017,0,2026-09-02,2026-09-03,False,False,5.0,2026-09-03T20:12:24+05:30
AEGISLOG,1236.68,TOUCHED,4.08,above,1287.2,1236.68,1231.57,1236.68,1226.45,0.831,73.2,0.033,0,2026-09-02,2026-09-03,False,False,5.0,2026-09-03T20:12:24+05:30
IRCTC,474.88,TOUCHED,-0.06,inside,474.6,474.88,474.88,476.03,473.74,0.481,73.4,0.043,0,2026-09-02,2026-09-03,False,False,5.0,2026-09-03T20:12:24+05:30
ZEEL,91.37,TOUCHED,0.3,inside,91.64,91.37,91.37,91.77,90.97,0.876,73.4,0.045,0,2026-09-02,2026-09-03,False,False,5.0,2026-09-03T20:12:24+05:30
UNOMINDA,1250.15,TOUCHED,1.51,above,1269.0,1250.15,1245.43,1250.15,1240.72,0.757,74.0,0.047,0,2026-09-02,2026-09-03,False,False,5.0,2026-09-03T20:12:24+05:30
ECLERX,1974.70,TOUCHED,-0.15,below,1971.7,1974.7,1984.63,1994.57,1974.7,1.001,74.2,0.042,0,2026-09-02,2026-09-03,False,False,5.0,2026-09-03T20:12:24+05:30
NMDC,85.00,TOUCHED,-0.95,below,84.19,85.0,85.25,85.5,85.0,0.587,74.2,0.028,0,2026-09-02,2026-09-03,False,False,5.0,2026-09-03T20:12:24+05:30
COLPAL,1852.00,TOUCHED,-0.11,inside,1850.0,1852.0,1852.0,1856.75,1847.25,0.513,74.5,0.025,0,2026-09-02,2026-09-03,False,False,5.0,2026-09-03T20:12:24+05:30
IRB,19.35,TOUCHED,1.65,above,19.67,19.35,19.29,19.35,19.24,0.587,74.5,0.038,0,2026-09-02,2026-09-03,False,False,5.0,2026-09-03T20:12:24+05:30
UNITDSPR,1465.72,TOUCHED,1.58,above,1488.9,1465.72,1461.93,1465.72,1458.15,0.518,74.5,0.033,0,2026-09-02,2026-09-03,False,False,5.0,2026-09-03T20:12:24+05:30
TMCV,452.88,TOUCHED,1.65,above,460.35,452.88,451.07,452.88,449.26,0.802,75.0,0.024,0,2026-09-02,2026-09-03,False,False,5.0,2026-09-03T20:12:24+05:30
NSLNISP,45.85,TOUCHED,-0.99,below,45.4,45.85,46.01,46.18,45.85,0.703,75.1,0.033,0,2026-09-02,2026-09-03,False,False,5.0,2026-09-03T20:12:24+05:30
BLUESTARCO,1461.75,TOUCHED,1.64,above,1485.7,1461.75,1456.27,1461.75,1450.78,0.753,75.6,0.05,0,2026-09-02,2026-09-03,False,False,5.0,2026-09-03T20:12:24+05:30
CONCOR,511.50,TOUCHED,-0.52,below,508.85,511.5,513.0,514.5,511.5,0.585,76.4,0.034,0,2026-09-02,2026-09-03,False,False,5.0,2026-09-03T20:12:24+05:30
BHEL,425.81,TOUCHED,1.41,above,431.8,425.81,424.12,425.81,422.43,0.798,76.7,0.042,0,2026-09-02,2026-09-03,False,False,5.0,2026-09-03T20:12:24+05:30
JSWDULUX,3153.13,TOUCHED,0.46,above,3167.6,3153.13,3142.97,3153.13,3132.8,0.647,76.7,0.022,0,2026-09-02,2026-09-03,False,False,5.0,2026-09-03T20:12:24+05:30
AIAENG,4200.50,TOUCHED,1.71,above,4272.4,4200.5,4186.9,4200.5,4173.3,0.65,77.0,0.047,0,2026-09-02,2026-09-03,False,False,5.0,2026-09-03T20:12:24+05:30
SAIL,195.78,TOUCHED,0.62,above,197.0,195.78,195.05,195.78,194.33,0.742,77.0,0.024,0,2026-09-02,2026-09-03,False,False,5.0,2026-09-03T20:12:24+05:30
JUBLFOOD,483.32,TOUCHED,-0.09,inside,482.9,483.32,483.32,484.91,481.73,0.659,77.3,0.018,0,2026-09-02,2026-09-03,False,False,5.0,2026-09-03T20:12:24+05:30
VMM,107.76,TOUCHED,0.04,inside,107.8,107.76,107.76,108.16,107.35,0.755,77.5,0.026,0,2026-09-02,2026-09-03,False,False,5.0,2026-09-03T20:12:24+05:30
ICICIPRULI,496.28,TOUCHED,-0.25,inside,495.05,496.28,496.28,497.89,494.68,0.648,77.8,0.023,0,2026-09-02,2026-09-03,False,False,5.0,2026-09-03T20:12:24+05:30
JYOTICNC,969.02,TOUCHED,5.97,above,1026.85,969.02,964.57,969.02,960.11,0.924,77.8,0.031,0,2026-09-02,2026-09-03,False,False,5.0,2026-09-03T20:12:24+05:30
AFFLE,1523.60,TOUCHED,-0.29,below,1519.2,1523.6,1529.3,1535.0,1523.6,0.745,78.4,0.032,0,2026-09-02,2026-09-03,False,False,5.0,2026-09-03T20:12:24+05:30
BLUEDART,5032.48,TOUCHED,-0.07,below,5028.8,5032.48,5047.47,5062.45,5032.48,0.594,78.4,0.017,0,2026-09-02,2026-09-03,False,False,5.0,2026-09-03T20:12:24+05:30
MEDANTA,1450.37,TOUCHED,-2.28,below,1417.3,1450.37,1455.83,1461.3,1450.37,0.751,78.4,0.028,0,2026-09-02,2026-09-03,False,False,5.0,2026-09-03T20:12:24+05:30
EIHOTEL,288.90,TOUCHED,0.64,above,290.75,288.9,287.87,288.9,286.83,0.718,78.6,0.03,0,2026-09-02,2026-09-03,False,False,5.0,2026-09-03T20:12:24+05:30
BALKRISIND,2321.32,TOUCHED,0.26,above,2327.3,2321.32,2313.53,2321.32,2305.75,0.673,78.9,0.027,0,2026-09-02,2026-09-03,False,False,5.0,2026-09-03T20:12:24+05:30
TORNTPHARM,4972.25,TOUCHED,-1.34,below,4905.5,4972.25,4985.5,4998.75,4972.25,0.532,79.2,0.023,0,2026-09-02,2026-09-03,False,False,5.0,2026-09-03T20:12:24+05:30
CHOLAHLDNG,1482.33,TOUCHED,1.38,above,1502.8,1482.33,1475.67,1482.33,1469.0,0.904,79.5,0.025,0,2026-09-02,2026-09-03,False,False,5.0,2026-09-03T20:12:24+05:30
WOCKPHARMA,1894.37,TOUCHED,2.97,above,1950.6,1894.37,1884.43,1894.37,1874.5,1.054,79.5,0.059,0,2026-09-02,2026-09-03,False,False,5.0,2026-09-03T20:12:24+05:30
KEI,5233.50,TOUCHED,1.79,above,5327.0,5233.5,5212.33,5233.5,5191.17,0.812,79.7,0.025,0,2026-09-02,2026-09-03,False,False,5.0,2026-09-03T20:12:24+05:30
PATANJALI,343.03,TOUCHED,-0.04,inside,342.9,343.03,343.03,344.02,342.05,0.573,79.7,0.015,0,2026-09-02,2026-09-03,False,False,5.0,2026-09-03T20:12:24+05:30
ENDURANCE,2766.65,TOUCHED,-0.43,below,2754.7,2766.65,2777.4,2788.15,2766.65,0.774,80.0,0.043,0,2026-09-02,2026-09-03,False,False,5.0,2026-09-03T20:12:24+05:30
SAREGAMA,483.75,TOUCHED,2.05,above,493.65,483.75,481.6,483.75,479.45,0.893,80.0,0.044,0,2026-09-02,2026-09-03,False,False,5.0,2026-09-03T20:12:24+05:30
MANKIND,2374.73,TOUCHED,-0.25,inside,2368.8,2374.73,2374.73,2383.12,2366.35,0.706,80.3,0.038,0,2026-09-02,2026-09-03,False,False,5.0,2026-09-03T20:12:24+05:30
NCC,144.14,TOUCHED,2.15,above,147.24,144.14,143.6,144.14,143.07,0.747,80.3,0.027,0,2026-09-02,2026-09-03,False,False,5.0,2026-09-03T20:12:24+05:30
TRITURBINE,569.75,TOUCHED,0.34,inside,571.7,569.75,569.75,572.02,567.48,0.799,80.3,0.021,0,2026-09-02,2026-09-03,False,False,5.0,2026-09-03T20:12:24+05:30
DEEPAKNTR,1740.62,TOUCHED,-0.88,below,1725.3,1740.62,1747.13,1753.65,1740.62,0.746,80.5,0.028,0,2026-09-02,2026-09-03,False,False,5.0,2026-09-03T20:12:24+05:30
ZFCVINDIA,2544.00,TOUCHED,-0.75,below,2524.8,2544.0,2553.4,2562.8,2544.0,0.736,80.5,0.036,0,2026-09-02,2026-09-03,False,False,5.0,2026-09-03T20:12:24+05:30
BRITANNIA,5124.00,TOUCHED,0.12,inside,5130.0,5124.0,5124.0,5139.0,5109.0,0.585,80.8,0.021,0,2026-09-02,2026-09-03,False,False,5.0,2026-09-03T20:12:24+05:30
HSCL,662.70,TOUCHED,-0.11,below,662.0,662.7,665.8,668.9,662.7,0.931,80.8,0.039,0,2026-09-02,2026-09-03,False,False,5.0,2026-09-03T20:12:24+05:30
IOC,136.56,TOUCHED,0.91,above,137.8,136.56,136.12,136.56,135.68,0.649,81.1,0.02,0,2026-09-02,2026-09-03,False,False,5.0,2026-09-03T20:12:24+05:30
TITAN,5031.75,TOUCHED,-0.09,below,5027.0,5031.75,5045.83,5059.92,5031.75,0.558,81.1,0.015,0,2026-09-02,2026-09-03,False,False,5.0,2026-09-03T20:12:24+05:30
EXIDEIND,427.13,TOUCHED,-0.97,below,423.0,427.13,428.62,430.1,427.13,0.692,81.4,0.027,0,2026-09-02,2026-09-03,False,False,5.0,2026-09-03T20:12:24+05:30
CONCORDBIO,1452.15,TOUCHED,-0.31,below,1447.7,1452.15,1459.5,1466.85,1452.15,1.007,81.6,0.022,0,2026-09-02,2026-09-03,False,False,5.0,2026-09-03T20:12:24+05:30
INDIGO,4982.83,TOUCHED,-0.06,inside,4980.0,4982.83,4982.83,5001.42,4964.25,0.746,81.9,0.024,0,2026-09-02,2026-09-03,False,False,5.0,2026-09-03T20:12:24+05:30
UBL,1286.13,TOUCHED,-0.15,below,1284.2,1286.13,1289.67,1293.2,1286.13,0.548,81.9,0.026,0,2026-09-02,2026-09-03,False,False,5.0,2026-09-03T20:12:24+05:30
TENNIND,514.65,TOUCHED,0.2,inside,515.7,514.65,514.65,517.22,512.07,1.001,82.4,0.018,0,2026-09-02,2026-09-03,False,False,5.0,2026-09-03T20:12:24+05:30
LTFOODS,440.56,TOUCHED,0.45,above,442.55,440.56,438.67,440.56,436.77,0.862,82.7,0.036,0,2026-09-02,2026-09-03,False,False,5.0,2026-09-03T20:12:24+05:30
TMPV,311.60,TOUCHED,0.13,above,312.0,311.6,310.45,311.6,309.3,0.741,83.0,0.02,0,2026-09-02,2026-09-03,False,False,5.0,2026-09-03T20:12:24+05:30
NYKAA,334.85,TOUCHED,-0.19,inside,334.2,334.85,334.85,336.12,333.57,0.762,83.3,0.028,0,2026-09-02,2026-09-03,False,False,5.0,2026-09-03T20:12:24+05:30
RKFORGE,729.40,TOUCHED,-0.35,below,726.85,729.4,732.7,736.0,729.4,0.901,83.3,0.044,0,2026-09-02,2026-09-03,False,False,5.0,2026-09-03T20:12:24+05:30
WIPRO,177.59,TOUCHED,-1.05,below,175.72,177.59,178.09,178.6,177.59,0.563,83.3,0.013,0,2026-09-02,2026-09-03,False,False,5.0,2026-09-03T20:12:24+05:30
BPCL,318.35,TOUCHED,0.53,above,320.05,318.35,317.1,318.35,315.85,0.788,83.6,0.021,0,2026-09-02,2026-09-03,False,False,5.0,2026-09-03T20:12:24+05:30
GRASIM,3285.57,TOUCHED,0.74,above,3310.0,3285.57,3276.23,3285.57,3266.9,0.57,83.8,0.017,0,2026-09-02,2026-09-03,False,False,5.0,2026-09-03T20:12:24+05:30
IGIL,328.95,TOUCHED,-0.91,below,325.95,328.95,330.7,332.45,328.95,1.058,84.4,0.029,0,2026-09-02,2026-09-03,False,False,5.0,2026-09-03T20:12:24+05:30
HOMEFIRST,1189.95,TOUCHED,0.96,above,1201.4,1189.95,1183.2,1189.95,1176.45,1.141,86.0,0.042,0,2026-09-02,2026-09-03,False,False,5.0,2026-09-03T20:12:24+05:30
ULTRACEMCO,11289.00,TOUCHED,-0.12,below,11275.0,11289.0,11323.67,11358.33,11289.0,0.612,86.0,0.023,0,2026-09-02,2026-09-03,False,False,5.0,2026-09-03T20:12:24+05:30
AUROPHARMA,1654.57,TOUCHED,-1.04,below,1637.3,1654.57,1660.93,1667.3,1654.57,0.767,86.3,0.039,0,2026-09-02,2026-09-03,False,False,5.0,2026-09-03T20:12:24+05:30
BANKBARODA,240.31,TOUCHED,0.05,above,240.44,240.31,239.43,240.31,238.54,0.739,86.3,0.012,0,2026-09-02,2026-09-03,False,False,5.0,2026-09-03T20:12:24+05:30
ADANIENSOL,1381.87,TOUCHED,0.28,inside,1385.7,1381.87,1381.87,1389.23,1374.5,1.066,86.6,0.031,0,2026-09-02,2026-09-03,False,False,5.0,2026-09-03T20:12:24+05:30
AARTIIND,507.46,TOUCHED,-1.1,below,501.9,507.46,509.72,511.98,507.46,0.886,87.1,0.03,0,2026-09-02,2026-09-03,False,False,5.0,2026-09-03T20:12:24+05:30
ERIS,1301.30,TOUCHED,0.17,inside,1303.5,1301.3,1301.3,1307.5,1295.1,0.953,87.4,0.031,0,2026-09-02,2026-09-03,False,False,5.0,2026-09-03T20:12:24+05:30
FEDERALBNK,349.35,TOUCHED,-1.36,below,344.6,349.35,350.68,352.02,349.35,0.76,87.4,0.027,0,2026-09-02,2026-09-03,False,False,5.0,2026-09-03T20:12:24+05:30
OIL,491.82,TOUCHED,-0.37,below,490.0,491.82,493.93,496.04,491.82,0.854,87.4,0.021,0,2026-09-02,2026-09-03,False,False,5.0,2026-09-03T20:12:24+05:30
PAGEIND,35915.00,TOUCHED,-0.14,inside,35865.0,35915.0,35915.0,36057.5,35772.5,0.794,87.7,0.025,0,2026-09-02,2026-09-03,False,False,5.0,2026-09-03T20:12:24+05:30
ZENTEC,1806.87,TOUCHED,0.19,inside,1810.3,1806.87,1806.87,1817.98,1795.75,1.23,87.7,0.017,0,2026-09-02,2026-09-03,False,False,5.0,2026-09-03T20:12:24+05:30
GODREJPROP,1960.40,TOUCHED,2.1,above,2001.5,1960.4,1950.1,1960.4,1939.8,1.056,87.9,0.048,0,2026-09-02,2026-09-03,False,False,5.0,2026-09-03T20:12:24+05:30
LAURUSLABS,1855.35,TOUCHED,0.71,above,1868.5,1855.35,1846.7,1855.35,1838.05,0.937,87.9,0.018,0,2026-09-02,2026-09-03,False,False,5.0,2026-09-03T20:12:24+05:30
PNB,116.06,TOUCHED,0.23,inside,116.32,116.06,116.06,116.53,115.58,0.813,88.5,0.033,0,2026-09-02,2026-09-03,False,False,5.0,2026-09-03T20:12:24+05:30
VIJAYA,1502.50,TOUCHED,0.2,above,1505.5,1502.5,1495.37,1502.5,1488.23,0.954,88.5,0.036,0,2026-09-02,2026-09-03,False,False,5.0,2026-09-03T20:12:24+05:30
FINCABLES,1211.00,TOUCHED,5.11,above,1272.9,1211.0,1204.4,1211.0,1197.8,1.096,89.3,0.019,0,2026-09-02,2026-09-03,False,False,5.0,2026-09-03T20:12:24+05:30
BBTC,1507.07,TOUCHED,-0.36,inside,1501.6,1507.07,1507.07,1514.25,1499.88,0.953,89.6,0.029,0,2026-09-02,2026-09-03,False,False,5.0,2026-09-03T20:12:24+05:30
ABB,7415.92,TOUCHED,0.22,above,7432.0,7415.92,7384.33,7415.92,7352.75,0.855,89.9,0.029,0,2026-09-02,2026-09-03,False,False,5.0,2026-09-03T20:12:24+05:30
CARBORUNIV,1082.53,TOUCHED,-0.42,inside,1078.0,1082.53,1082.53,1088.05,1077.02,1.019,90.1,0.029,0,2026-09-02,2026-09-03,False,False,5.0,2026-09-03T20:12:24+05:30
MANAPPURAM,339.17,TOUCHED,0.54,above,341.0,339.17,337.43,339.17,335.7,1.027,91.0,0.027,0,2026-09-02,2026-09-03,False,False,5.0,2026-09-03T20:12:24+05:30
VBL,408.73,TOUCHED,-0.39,below,407.15,408.73,410.82,412.91,408.73,1.018,91.5,0.03,0,2026-09-02,2026-09-03,False,False,5.0,2026-09-03T20:12:24+05:30
LICHSGFIN,538.73,TOUCHED,2.83,above,554.0,538.73,536.22,538.73,533.7,0.939,92.1,0.018,0,2026-09-02,2026-09-03,False,False,5.0,2026-09-03T20:12:24+05:30
ADANIGREEN,1278.47,TOUCHED,0.39,inside,1283.4,1278.47,1278.47,1287.23,1269.7,1.371,92.6,0.04,0,2026-09-02,2026-09-03,False,False,5.0,2026-09-03T20:12:24+05:30
HFCL,228.16,TOUCHED,-3.39,below,220.42,228.16,230.06,231.95,228.16,1.646,93.2,0.031,0,2026-09-02,2026-09-03,False,False,5.0,2026-09-03T20:12:24+05:30
NIVABUPA,81.15,TOUCHED,-0.52,below,80.73,81.15,81.57,81.99,81.15,1.03,93.2,0.018,0,2026-09-02,2026-09-03,False,False,5.0,2026-09-03T20:12:24+05:30
THERMAX,3776.43,TOUCHED,-1.13,below,3733.9,3776.43,3800.37,3824.3,3776.43,1.26,93.2,0.023,0,2026-09-02,2026-09-03,False,False,5.0,2026-09-03T20:12:24+05:30
BALRAMCHIN,665.43,TOUCHED,5.85,above,704.35,665.43,661.12,665.43,656.8,1.306,93.7,0.025,0,2026-09-02,2026-09-03,False,False,5.0,2026-09-03T20:12:24+05:30
KALYANKJIL,580.65,TOUCHED,0.8,inside,585.3,580.65,580.65,585.33,575.98,1.61,93.7,0.039,0,2026-09-02,2026-09-03,False,False,5.0,2026-09-03T20:12:24+05:30
INDHOTEL,724.09,TOUCHED,1.09,above,732.0,724.09,720.48,724.09,716.88,1.002,94.0,0.018,0,2026-09-02,2026-09-03,False,False,5.0,2026-09-03T20:12:24+05:30
BAJAJFINSV,1981.53,TOUCHED,0.53,above,1992.1,1981.53,1973.07,1981.53,1964.6,0.858,94.5,0.02,0,2026-09-02,2026-09-03,False,False,5.0,2026-09-03T20:12:24+05:30
KAJARIACER,1253.27,TOUCHED,0.59,above,1260.6,1253.27,1245.43,1253.27,1237.6,1.258,94.8,0.028,0,2026-09-02,2026-09-03,False,False,5.0,2026-09-03T20:12:24+05:30
360ONE,1163.73,TOUCHED,-0.75,inside,1155.0,1163.73,1163.73,1172.52,1154.95,1.51,95.9,0.031,0,2026-09-02,2026-09-03,False,False,5.0,2026-09-03T20:12:24+05:30
AIIL,517.78,TOUCHED,0.24,inside,519.05,517.78,517.78,522.95,512.62,1.996,95.9,0.044,0,2026-09-02,2026-09-03,False,False,5.0,2026-09-03T20:12:24+05:30
SHREECEM,23576.67,TOUCHED,1.41,above,23910.0,23576.67,23473.33,23576.67,23370.0,0.88,95.9,0.013,0,2026-09-02,2026-09-03,False,False,5.0,2026-09-03T20:12:24+05:30
VOLTAS,1175.45,TOUCHED,0.22,above,1178.0,1175.45,1167.67,1175.45,1159.88,1.333,95.9,0.037,0,2026-09-02,2026-09-03,False,False,5.0,2026-09-03T20:12:24+05:30
AEGISVOPAK,283.30,TOUCHED,1.25,above,286.85,283.3,280.3,283.3,277.3,2.141,96.2,0.041,0,2026-09-02,2026-09-03,False,False,5.0,2026-09-03T20:12:24+05:30
SAILIFE,1563.67,TOUCHED,0.71,inside,1574.8,1563.67,1563.67,1575.33,1552.0,1.492,96.2,0.04,0,2026-09-02,2026-09-03,False,False,5.0,2026-09-03T20:12:24+05:30
TVSMOTOR,4177.48,TOUCHED,0.54,above,4200.0,4177.48,4154.97,4177.48,4132.45,1.084,96.7,0.021,0,2026-09-02,2026-09-03,False,False,5.0,2026-09-03T20:12:24+05:30
