symbol,status,type,distance_pct,trend,ltp,virgin_level,pivot,tc,bc,width_pct,width_percentile,narrow_threshold_pct,days_virgin,source_date,session_date,is_virgin,is_narrow,narrow_percentile_used,scanned_at
BIOCON,416.97,V+N,-1.53,below,410.6,416.97,416.98,416.99,416.97,0.004,1.6,0.03,1,2026-08-14,2026-08-17,True,True,5.0,2026-08-17T10:55:35+05:30
BALRAMCHIN,624.84,V+N,2.07,above,637.8,624.84,624.83,624.84,624.83,0.003,1.9,0.025,1,2026-08-14,2026-08-17,True,True,5.0,2026-08-17T10:55:35+05:30
SONATSOFTW,325.82,V+N,-2.03,below,319.2,325.82,325.85,325.87,325.82,0.015,3.8,0.026,1,2026-08-14,2026-08-17,True,True,5.0,2026-08-17T10:55:35+05:30
TCS,2361.23,V+N,-1.95,below,2315.2,2361.23,2361.47,2361.7,2361.23,0.02,3.8,0.029,1,2026-08-14,2026-08-17,True,True,5.0,2026-08-17T10:55:35+05:30
INDUSINDBK,1020.4,V+N,-1.34,below,1006.7,1020.4,1020.53,1020.67,1020.4,0.026,4.1,0.031,1,2026-08-14,2026-08-17,True,True,5.0,2026-08-17T10:55:35+05:30
BALKRISIND,2428.2,V+W,-2.09,below,2377.4,2428.2,2446.4,2464.6,2428.2,1.488,97.3,0.026,1,2026-08-13,2026-08-17,True,False,5.0,2026-08-17T10:55:35+05:30
3MINDIA,35610.0,V+W,-1.42,below,35105.0,35610.0,35880.0,36150.0,35610.0,1.505,98.1,0.025,1,2026-08-14,2026-08-17,True,False,5.0,2026-08-17T10:55:35+05:30
SAIL,168.06,V+W,0.92,above,169.6,168.06,166.61,168.06,165.17,1.739,98.6,0.026,1,2026-08-14,2026-08-17,True,False,5.0,2026-08-17T10:55:35+05:30
APOLLOHOSP,8865.92,V+W,0.38,above,8899.5,8865.92,8811.33,8865.92,8756.75,1.239,99.2,0.017,1,2026-08-14,2026-08-17,True,False,5.0,2026-08-17T10:55:35+05:30
360ONE,1179.25,V,-2.13,below,1154.1,1179.25,1179.5,1179.75,1179.25,0.042,6.6,0.032,1,2026-08-14,2026-08-17,True,False,5.0,2026-08-17T10:55:35+05:30
IDBI,82.81,V,-1.45,below,81.61,82.81,82.83,82.86,82.81,0.056,6.6,0.042,1,2026-08-13,2026-08-17,True,False,5.0,2026-08-17T10:55:35+05:30
DEEPAKNTR,1722.78,V,1.09,above,1741.5,1722.78,1722.37,1722.78,1721.95,0.048,6.8,0.03,1,2026-08-14,2026-08-17,True,False,5.0,2026-08-17T10:55:35+05:30
RBLBANK,385.09,V,-0.65,below,382.6,385.09,385.18,385.27,385.09,0.048,7.4,0.032,1,2026-08-14,2026-08-17,True,False,5.0,2026-08-17T10:55:35+05:30
HINDALCO,1029.36,V,0.82,above,1037.75,1029.36,1029.22,1029.36,1029.08,0.028,7.9,0.011,1,2026-08-14,2026-08-17,True,False,5.0,2026-08-17T10:55:35+05:30
GRANULES,858.7,V,-0.98,below,850.25,858.7,859.0,859.3,858.7,0.07,8.5,0.037,1,2026-08-14,2026-08-17,True,False,5.0,2026-08-17T10:55:35+05:30
AMBUJACEM,417.64,V,-1.09,below,413.1,417.64,417.78,417.93,417.64,0.068,8.8,0.035,1,2026-08-14,2026-08-17,True,False,5.0,2026-08-17T10:55:35+05:30
INDIANB,894.05,V,-2.11,below,875.2,894.05,894.35,894.65,894.05,0.067,11.0,0.027,1,2026-08-14,2026-08-17,True,False,5.0,2026-08-17T10:55:35+05:30
ECLERX,1893.75,V,-1.64,below,1862.7,1893.75,1894.83,1895.92,1893.75,0.114,11.2,0.039,1,2026-08-14,2026-08-17,True,False,5.0,2026-08-17T10:55:35+05:30
HINDUNILVR,2077.55,V,-0.8,below,2061.0,2077.55,2078.1,2078.65,2077.55,0.053,11.8,0.015,1,2026-08-14,2026-08-17,True,False,5.0,2026-08-17T10:55:35+05:30
DIXON,14121.33,V,0.51,above,14193.0,14121.33,14112.67,14121.33,14104.0,0.123,12.1,0.056,1,2026-08-14,2026-08-17,True,False,5.0,2026-08-17T10:55:35+05:30
PNB,118.05,V,-1.56,below,116.21,118.05,118.1,118.15,118.05,0.085,12.6,0.035,1,2026-08-14,2026-08-17,True,False,5.0,2026-08-17T10:55:35+05:30
HEXT,570.17,V,-1.33,below,562.6,570.17,570.5,570.82,570.17,0.114,13.2,0.045,1,2026-08-14,2026-08-17,True,False,5.0,2026-08-17T10:55:35+05:30
LT,4052.8,V,-0.53,below,4031.5,4052.8,4054.2,4055.6,4052.8,0.069,13.2,0.024,1,2026-08-14,2026-08-17,True,False,5.0,2026-08-17T10:55:35+05:30
NMDC,84.24,V,-3.25,below,81.51,84.24,84.3,84.35,84.24,0.123,15.6,0.028,1,2026-08-14,2026-08-17,True,False,5.0,2026-08-17T10:55:35+05:30
GODFRYPHLP,2150.88,V,-0.67,below,2136.4,2150.88,2152.77,2154.65,2150.88,0.175,17.3,0.041,1,2026-08-14,2026-08-17,True,False,5.0,2026-08-17T10:55:35+05:30
J&KBANK,155.61,V,-3.61,below,150.0,155.61,155.74,155.87,155.61,0.167,18.4,0.029,1,2026-08-14,2026-08-17,True,False,5.0,2026-08-17T10:55:35+05:30
AMBER,7215.5,V,1.13,above,7297.0,7215.5,7209.0,7215.5,7202.5,0.18,19.2,0.031,1,2026-08-14,2026-08-17,True,False,5.0,2026-08-17T10:55:35+05:30
IGL,151.81,V,-1.65,below,149.3,151.81,151.92,152.03,151.81,0.145,19.5,0.047,1,2026-08-14,2026-08-17,True,False,5.0,2026-08-17T10:55:35+05:30
UTIAMC,908.69,V,-0.32,below,905.75,908.69,909.33,909.98,908.69,0.141,19.7,0.043,1,2026-08-14,2026-08-17,True,False,5.0,2026-08-17T10:55:35+05:30
UNIONBANK,187.54,V,-1.16,below,185.36,187.54,187.7,187.86,187.54,0.172,20.3,0.047,1,2026-08-14,2026-08-17,True,False,5.0,2026-08-17T10:55:35+05:30
CHOLAFIN,1896.05,V,-0.53,below,1886.0,1896.05,1897.7,1899.35,1896.05,0.174,20.8,0.041,1,2026-08-14,2026-08-17,True,False,5.0,2026-08-17T10:55:35+05:30
BELRISE,255.6,V,-6.75,below,238.34,255.6,255.84,256.08,255.6,0.192,20.9,0.034,1,2026-08-14,2026-08-17,True,False,5.0,2026-08-17T10:55:35+05:30
MAPMYINDIA,990.47,V,-0.55,below,985.0,990.47,991.23,992.0,990.47,0.155,21.1,0.031,1,2026-08-14,2026-08-17,True,False,5.0,2026-08-17T10:55:35+05:30
DMART,4062.82,V,-1.0,below,4022.0,4062.82,4065.63,4068.45,4062.82,0.139,21.6,0.028,1,2026-08-14,2026-08-17,True,False,5.0,2026-08-17T10:55:35+05:30
TATAELXSI,3775.33,V,-1.51,below,3718.2,3775.33,3777.97,3780.6,3775.33,0.139,21.6,0.034,1,2026-08-14,2026-08-17,True,False,5.0,2026-08-17T10:55:35+05:30
TEJASNET,539.14,V,-3.01,below,522.9,539.14,539.78,540.42,539.14,0.238,22.2,0.046,1,2026-08-14,2026-08-17,True,False,5.0,2026-08-17T10:55:35+05:30
SONACOMS,794.4,V,1.45,above,805.9,794.4,793.6,794.4,792.8,0.202,23.3,0.034,1,2026-08-14,2026-08-17,True,False,5.0,2026-08-17T10:55:35+05:30
TATAINVEST,667.9,V,-1.71,below,656.45,667.9,668.5,669.1,667.9,0.18,23.3,0.023,1,2026-08-14,2026-08-17,True,False,5.0,2026-08-17T10:55:35+05:30
CDSL,1345.7,V,-1.03,below,1331.9,1345.7,1347.0,1348.3,1345.7,0.193,23.6,0.036,1,2026-08-14,2026-08-17,True,False,5.0,2026-08-17T10:55:35+05:30
HINDCOPPER,530.85,V,4.26,above,553.45,530.85,530.25,530.85,529.65,0.226,23.8,0.032,1,2026-08-14,2026-08-17,True,False,5.0,2026-08-17T10:55:35+05:30
TATACHEM,671.28,V,-0.64,below,667.0,671.28,671.9,672.52,671.28,0.186,24.4,0.02,1,2026-08-14,2026-08-17,True,False,5.0,2026-08-17T10:55:35+05:30
ACMESOLAR,374.59,V,-1.39,below,369.4,374.59,375.08,375.57,374.59,0.262,24.9,0.05,1,2026-08-14,2026-08-17,True,False,5.0,2026-08-17T10:55:35+05:30
GODIGIT,259.94,V,-1.65,below,255.65,259.94,260.23,260.53,259.94,0.224,28.5,0.028,1,2026-08-14,2026-08-17,True,False,5.0,2026-08-17T10:55:35+05:30
WIPRO,184.16,V,-1.37,below,181.63,184.16,184.31,184.47,184.16,0.17,29.6,0.013,1,2026-08-14,2026-08-17,True,False,5.0,2026-08-17T10:55:35+05:30
IRCON,124.99,V,-1.01,below,123.72,124.99,125.18,125.38,124.99,0.312,32.1,0.042,1,2026-08-14,2026-08-17,True,False,5.0,2026-08-17T10:55:35+05:30
GAIL,174.42,V,-1.16,below,172.4,174.42,174.58,174.74,174.42,0.181,32.6,0.015,1,2026-08-14,2026-08-17,True,False,5.0,2026-08-17T10:55:35+05:30
JWL,256.91,V,-2.07,below,251.6,256.91,257.32,257.73,256.91,0.317,34.8,0.044,1,2026-08-14,2026-08-17,True,False,5.0,2026-08-17T10:55:35+05:30
MANKIND,2428.55,V,-1.36,below,2395.5,2428.55,2431.9,2435.25,2428.55,0.276,34.8,0.039,1,2026-08-14,2026-08-17,True,False,5.0,2026-08-17T10:55:35+05:30
BSE,3454.17,V,-4.39,below,3302.7,3454.17,3461.33,3468.5,3454.17,0.414,35.3,0.022,1,2026-08-14,2026-08-17,True,False,5.0,2026-08-17T10:55:35+05:30
BANKBARODA,248.53,V,-1.55,below,244.68,248.53,248.84,249.14,248.53,0.248,35.9,0.012,1,2026-08-14,2026-08-17,True,False,5.0,2026-08-17T10:55:35+05:30
IDFCFIRSTB,85.8,V,-1.35,below,84.64,85.8,85.91,86.02,85.8,0.26,37.3,0.033,1,2026-08-14,2026-08-17,True,False,5.0,2026-08-17T10:55:35+05:30
NUVOCO,332.07,V,-1.02,below,328.7,332.07,332.6,333.12,332.07,0.316,38.1,0.042,1,2026-08-14,2026-08-17,True,False,5.0,2026-08-17T10:55:35+05:30
ESCORTS,3108.97,V,0.63,above,3128.7,3108.97,3104.23,3108.97,3099.5,0.305,38.9,0.041,1,2026-08-14,2026-08-17,True,False,5.0,2026-08-17T10:55:35+05:30
COCHINSHIP,1499.2,V,-1.85,below,1471.5,1499.2,1501.9,1504.6,1499.2,0.36,39.2,0.043,1,2026-08-14,2026-08-17,True,False,5.0,2026-08-17T10:55:35+05:30
JMFINANCIL,129.69,V,-2.04,below,127.04,129.69,130.0,130.32,129.69,0.487,39.7,0.046,1,2026-08-13,2026-08-17,True,False,5.0,2026-08-17T10:55:35+05:30
RAILTEL,282.68,V,-1.09,below,279.6,282.68,283.22,283.75,282.68,0.377,40.0,0.046,1,2026-08-14,2026-08-17,True,False,5.0,2026-08-17T10:55:35+05:30
LTFOODS,420.58,V,-0.48,below,418.55,420.58,421.37,422.15,420.58,0.372,40.5,0.036,1,2026-08-14,2026-08-17,True,False,5.0,2026-08-17T10:55:35+05:30
ACC,1322.77,V,-0.98,below,1309.8,1322.77,1324.13,1325.5,1322.77,0.206,41.6,0.033,1,2026-08-14,2026-08-17,True,False,5.0,2026-08-17T10:55:35+05:30
AEGISVOPAK,269.82,V,-1.64,below,265.4,269.82,270.53,271.25,269.82,0.53,42.6,0.04,1,2026-08-14,2026-08-17,True,False,5.0,2026-08-17T10:55:35+05:30
JKCEMENT,5315.83,V,-1.77,below,5221.5,5315.83,5325.17,5334.5,5315.83,0.351,43.0,0.033,1,2026-08-14,2026-08-17,True,False,5.0,2026-08-17T10:55:35+05:30
PNBHOUSING,1152.45,V,-0.9,below,1142.1,1152.45,1154.4,1156.35,1152.45,0.338,44.1,0.027,1,2026-08-14,2026-08-17,True,False,5.0,2026-08-17T10:55:35+05:30
CGPOWER,888.56,V,0.87,above,896.3,888.56,886.97,888.56,885.38,0.359,44.4,0.039,1,2026-08-14,2026-08-17,True,False,5.0,2026-08-17T10:55:35+05:30
BRIGADE,592.87,V,-1.1,below,586.35,592.87,594.18,595.5,592.87,0.443,46.0,0.024,1,2026-08-14,2026-08-17,True,False,5.0,2026-08-17T10:55:35+05:30
BOSCHLTD,47032.5,V,0.72,above,47370.0,47032.5,46965.0,47032.5,46897.5,0.287,46.3,0.029,1,2026-08-14,2026-08-17,True,False,5.0,2026-08-17T10:55:35+05:30
SWIGGY,277.04,V,-0.9,below,274.55,277.04,277.78,278.52,277.04,0.534,47.7,0.045,1,2026-08-14,2026-08-17,True,False,5.0,2026-08-17T10:55:35+05:30
IRFC,87.71,V,-1.38,below,86.5,87.71,87.86,88.0,87.71,0.326,49.3,0.033,1,2026-08-14,2026-08-17,True,False,5.0,2026-08-17T10:55:35+05:30
FACT,809.49,V,-1.73,below,795.5,809.49,811.28,813.07,809.49,0.442,50.7,0.058,1,2026-08-14,2026-08-17,True,False,5.0,2026-08-17T10:55:35+05:30
LTM,4724.55,V,-1.72,below,4643.2,4724.55,4734.1,4743.65,4724.55,0.403,51.8,0.032,1,2026-08-14,2026-08-17,True,False,5.0,2026-08-17T10:55:35+05:30
CYIENT,869.03,V,-2.31,below,849.0,869.03,871.02,873.0,869.03,0.455,54.2,0.024,1,2026-08-14,2026-08-17,True,False,5.0,2026-08-17T10:55:35+05:30
SUNDARMFIN,4514.55,V,-1.03,below,4468.1,4514.55,4525.03,4535.52,4514.55,0.463,56.4,0.034,1,2026-08-13,2026-08-17,True,False,5.0,2026-08-17T10:55:35+05:30
NHPC,77.06,V,-0.95,below,76.33,77.06,77.22,77.38,77.06,0.41,56.7,0.035,1,2026-08-14,2026-08-17,True,False,5.0,2026-08-17T10:55:35+05:30
ANGELONE,288.29,V,-0.29,below,287.45,288.29,289.28,290.27,288.29,0.686,60.8,0.029,1,2026-08-14,2026-08-17,True,False,5.0,2026-08-17T10:55:35+05:30
ABCAPITAL,402.2,V,-1.38,below,396.65,402.2,403.4,404.6,402.2,0.595,63.6,0.038,1,2026-08-14,2026-08-17,True,False,5.0,2026-08-17T10:55:35+05:30
ABFRL,56.15,V,-1.96,below,55.05,56.15,56.32,56.5,56.15,0.61,63.8,0.025,1,2026-08-14,2026-08-17,True,False,5.0,2026-08-17T10:55:35+05:30
BLUEDART,5152.33,V,-0.98,below,5102.0,5152.33,5163.67,5175.0,5152.33,0.439,64.9,0.017,1,2026-08-14,2026-08-17,True,False,5.0,2026-08-17T10:55:35+05:30
BRITANNIA,5568.67,V,-1.19,below,5502.5,5568.67,5579.33,5590.0,5568.67,0.382,65.2,0.021,1,2026-08-14,2026-08-17,True,False,5.0,2026-08-17T10:55:35+05:30
SBIN,1069.65,V,-1.42,below,1054.5,1069.65,1071.6,1073.55,1069.65,0.364,65.5,0.011,1,2026-08-14,2026-08-17,True,False,5.0,2026-08-17T10:55:35+05:30
SHREECEM,24846.67,V,-1.44,below,24490.0,24846.67,24898.33,24950.0,24846.67,0.415,67.1,0.013,1,2026-08-14,2026-08-17,True,False,5.0,2026-08-17T10:55:35+05:30
CPPLUS,3535.27,V,-5.44,below,3343.1,3535.27,3551.53,3567.8,3535.27,0.916,68.2,0.037,1,2026-08-14,2026-08-17,True,False,5.0,2026-08-17T10:55:35+05:30
JPPOWER,17.46,V,-0.92,below,17.3,17.46,17.53,17.6,17.46,0.799,69.9,0.037,1,2026-08-14,2026-08-17,True,False,5.0,2026-08-17T10:55:35+05:30
AAVAS,1401.78,V,-1.08,below,1386.7,1401.78,1406.17,1410.55,1401.78,0.623,70.1,0.027,1,2026-08-14,2026-08-17,True,False,5.0,2026-08-17T10:55:35+05:30
ITI,277.66,V,-1.14,below,274.5,277.66,278.57,279.48,277.66,0.652,70.4,0.035,1,2026-08-14,2026-08-17,True,False,5.0,2026-08-17T10:55:35+05:30
SCHNEIDER,1375.78,V,-11.61,below,1216.1,1375.78,1382.37,1388.95,1375.78,0.952,70.7,0.027,1,2026-08-14,2026-08-17,True,False,5.0,2026-08-17T10:55:35+05:30
HAL,5015.13,V,1.79,above,5105.0,5015.13,5000.37,5015.13,4985.6,0.591,71.0,0.035,1,2026-08-14,2026-08-17,True,False,5.0,2026-08-17T10:55:35+05:30
AIAENG,4495.97,V,-1.89,below,4411.0,4495.97,4509.13,4522.3,4495.97,0.584,71.5,0.041,1,2026-08-14,2026-08-17,True,False,5.0,2026-08-17T10:55:35+05:30
TATAPOWER,383.03,V,-0.94,below,379.45,383.03,384.02,385.0,383.03,0.512,71.8,0.023,1,2026-08-14,2026-08-17,True,False,5.0,2026-08-17T10:55:35+05:30
BSOFT,313.27,V,-2.06,below,306.8,313.27,314.48,315.7,313.27,0.774,72.9,0.037,1,2026-08-14,2026-08-17,True,False,5.0,2026-08-17T10:55:35+05:30
NCC,141.13,V,-1.67,below,138.77,141.13,141.61,142.09,141.13,0.678,74.5,0.027,1,2026-08-14,2026-08-17,True,False,5.0,2026-08-17T10:55:35+05:30
DELHIVERY,461.35,V,-1.02,below,456.65,461.35,463.0,464.65,461.35,0.713,76.7,0.019,1,2026-08-14,2026-08-17,True,False,5.0,2026-08-17T10:55:35+05:30
THERMAX,4029.22,V,4.52,above,4211.3,4029.22,4013.53,4029.22,3997.85,0.782,77.0,0.022,1,2026-08-14,2026-08-17,True,False,5.0,2026-08-17T10:55:35+05:30
SUPREMEIND,3544.52,V,2.54,above,3634.6,3544.52,3530.13,3544.52,3515.75,0.815,79.7,0.043,1,2026-08-14,2026-08-17,True,False,5.0,2026-08-17T10:55:35+05:30
NSLNISP,44.7,V,-7.58,below,41.31,44.7,44.9,45.09,44.7,0.884,81.1,0.033,1,2026-08-14,2026-08-17,True,False,5.0,2026-08-17T10:55:35+05:30
ANTHEM,886.46,V,0.2,above,888.2,886.46,882.82,886.46,879.18,0.825,81.3,0.043,1,2026-08-14,2026-08-17,True,False,5.0,2026-08-17T10:55:35+05:30
SIEMENS,3956.0,V,-0.62,below,3931.3,3956.0,3972.0,3988.0,3956.0,0.806,81.4,0.02,1,2026-08-14,2026-08-17,True,False,5.0,2026-08-17T10:55:35+05:30
ASTRAL,1562.4,V,-0.99,below,1547.0,1562.4,1568.5,1574.6,1562.4,0.778,81.6,0.032,1,2026-08-14,2026-08-17,True,False,5.0,2026-08-17T10:55:35+05:30
JUBLPHARMA,869.69,V,-1.99,below,852.35,869.69,873.58,877.48,869.69,0.891,83.0,0.019,1,2026-08-14,2026-08-17,True,False,5.0,2026-08-17T10:55:35+05:30
CGCL,227.63,V,-2.13,below,222.78,227.63,228.73,229.84,227.63,0.968,83.3,0.049,1,2026-08-14,2026-08-17,True,False,5.0,2026-08-17T10:55:35+05:30
NATIONALUM,402.61,V,-4.61,below,384.05,402.61,404.72,406.82,402.61,1.042,83.6,0.04,1,2026-08-13,2026-08-17,True,False,5.0,2026-08-17T10:55:35+05:30
CIPLA,1453.92,V,-1.8,below,1427.7,1453.92,1457.83,1461.75,1453.92,0.537,85.5,0.023,1,2026-08-14,2026-08-17,True,False,5.0,2026-08-17T10:55:35+05:30
NTPC,341.12,V,-0.68,below,338.8,341.12,342.17,343.21,341.12,0.609,86.6,0.015,1,2026-08-13,2026-08-17,True,False,5.0,2026-08-17T10:55:35+05:30
CEMPRO,1289.53,V,5.12,above,1355.6,1289.53,1280.27,1289.53,1271.0,1.448,87.7,0.053,1,2026-08-14,2026-08-17,True,False,5.0,2026-08-17T10:55:35+05:30
RHIM,382.0,V,-1.53,below,376.15,382.0,384.15,386.3,382.0,1.119,88.5,0.029,1,2026-08-14,2026-08-17,True,False,5.0,2026-08-17T10:55:35+05:30
ABBOTINDIA,27173.33,V,-1.76,below,26695.0,27173.33,27286.67,27400.0,27173.33,0.831,90.1,0.036,1,2026-08-14,2026-08-17,True,False,5.0,2026-08-17T10:55:35+05:30
ZEEL,101.55,V,0.88,above,102.45,101.55,100.83,101.55,100.1,1.441,90.4,0.045,1,2026-08-14,2026-08-17,True,False,5.0,2026-08-17T10:55:35+05:30
EMCURE,1944.37,V,-1.92,below,1907.0,1944.37,1956.43,1968.5,1944.37,1.234,90.7,0.029,1,2026-08-14,2026-08-17,True,False,5.0,2026-08-17T10:55:35+05:30
JIOFIN,250.14,V,-1.44,below,246.55,250.14,251.23,252.33,250.14,0.869,90.7,0.022,1,2026-08-14,2026-08-17,True,False,5.0,2026-08-17T10:55:35+05:30
IPCALAB,1762.5,V,4.23,above,1837.1,1762.5,1753.07,1762.5,1743.63,1.076,91.0,0.032,1,2026-08-14,2026-08-17,True,False,5.0,2026-08-17T10:55:35+05:30
ASAHIINDIA,932.83,V,0.76,above,939.95,932.83,926.45,932.83,920.08,1.376,93.7,0.045,1,2026-08-14,2026-08-17,True,False,5.0,2026-08-17T10:55:35+05:30
PFIZER,4899.87,V,-0.33,below,4883.6,4899.87,4924.93,4950.0,4899.87,1.018,94.5,0.025,1,2026-08-14,2026-08-17,True,False,5.0,2026-08-17T10:55:35+05:30
NATCOPHARM,910.63,V,-2.63,below,886.65,910.63,918.12,925.6,910.63,1.63,96.7,0.019,1,2026-08-14,2026-08-17,True,False,5.0,2026-08-17T10:55:35+05:30
IEX,124.75,NARROW,-0.4,below,124.25,124.75,124.75,124.75,124.75,0.0,0.0,0.028,0,2026-08-14,2026-08-17,False,True,5.0,2026-08-17T10:55:35+05:30
WAAREEENER,2682.0,NARROW,-0.26,below,2675.0,2682.0,2682.0,2682.0,2682.0,0.0,0.0,0.043,0,2026-08-14,2026-08-17,False,True,5.0,2026-08-17T10:55:35+05:30
PHOENIXLTD,1890.02,NARROW,-0.35,below,1883.4,1890.02,1890.03,1890.05,1890.02,0.002,0.8,0.047,0,2026-08-14,2026-08-17,False,True,5.0,2026-08-17T10:55:35+05:30
GALLANTT,582.02,NARROW,-0.56,below,578.75,582.02,582.03,582.04,582.02,0.003,1.1,0.069,0,2026-08-14,2026-08-17,False,True,5.0,2026-08-17T10:55:35+05:30
LICHSGFIN,500.02,NARROW,-0.4,below,498.0,500.02,500.03,500.05,500.02,0.007,1.9,0.021,0,2026-08-14,2026-08-17,False,True,5.0,2026-08-17T10:55:35+05:30
CEATLTD,3689.02,NARROW,-0.74,below,3661.9,3689.02,3689.23,3689.45,3689.02,0.012,3.0,0.033,0,2026-08-14,2026-08-17,False,True,5.0,2026-08-17T10:55:35+05:30
CENTRALBK,31.39,NARROW,-0.57,below,31.21,31.39,31.39,31.4,31.39,0.021,3.0,0.041,0,2026-08-14,2026-08-17,False,True,5.0,2026-08-17T10:55:35+05:30
BAJAJHFL,84.31,NARROW,-0.57,below,83.83,84.31,84.32,84.32,84.31,0.016,3.3,0.024,0,2026-08-14,2026-08-17,False,True,5.0,2026-08-17T10:55:35+05:30
BANKINDIA,144.06,NARROW,-1.43,below,142.0,144.06,144.07,144.09,144.06,0.021,3.3,0.031,0,2026-08-14,2026-08-17,False,True,5.0,2026-08-17T10:55:35+05:30
IFCI,76.95,NARROW,-1.18,below,76.04,76.95,76.96,76.97,76.95,0.026,3.3,0.1,0,2026-08-14,2026-08-17,False,True,5.0,2026-08-17T10:55:35+05:30
MAZDOCK,2578.85,NARROW,-0.07,below,2577.0,2578.85,2579.23,2579.62,2578.85,0.03,3.3,0.043,0,2026-08-14,2026-08-17,False,True,5.0,2026-08-17T10:55:35+05:30
JSL,737.73,NARROW,0.16,above,738.9,737.73,737.62,737.73,737.5,0.032,3.6,0.041,0,2026-08-14,2026-08-17,False,True,5.0,2026-08-17T10:55:35+05:30
TECHM,1632.93,NARROW,-1.28,below,1612.1,1632.93,1633.07,1633.2,1632.93,0.016,3.6,0.034,0,2026-08-14,2026-08-17,False,True,5.0,2026-08-17T10:55:35+05:30
SIGNATURE,809.35,NARROW,-0.25,below,807.35,809.35,809.45,809.55,809.35,0.025,3.8,0.028,0,2026-08-14,2026-08-17,False,True,5.0,2026-08-17T10:55:35+05:30
WOCKPHARMA,1933.03,NARROW,-1.67,below,1900.8,1933.03,1933.37,1933.7,1933.03,0.034,3.8,0.059,0,2026-08-14,2026-08-17,False,True,5.0,2026-08-17T10:55:35+05:30
JKTYRE,383.95,NARROW,-0.51,below,382.0,383.95,384.0,384.05,383.95,0.026,4.1,0.045,0,2026-08-14,2026-08-17,False,True,5.0,2026-08-17T10:55:35+05:30
UPL,563.12,NARROW,0.48,above,565.8,563.12,563.08,563.12,563.04,0.015,4.1,0.018,0,2026-08-14,2026-08-17,False,True,5.0,2026-08-17T10:55:35+05:30
AEGISLOG,1266.0,NARROW,1.41,above,1283.8,1266.0,1265.8,1266.0,1265.6,0.032,4.7,0.033,0,2026-08-14,2026-08-17,False,True,5.0,2026-08-17T10:55:35+05:30
DLF,664.72,NARROW,-0.49,below,661.5,664.72,664.82,664.91,664.72,0.028,4.9,0.029,0,2026-08-14,2026-08-17,False,True,5.0,2026-08-17T10:55:35+05:30
ZYDUSLIFE,1141.55,WIDE,-0.11,below,1140.3,1141.55,1147.9,1154.25,1141.55,1.106,97.0,0.024,0,2026-08-14,2026-08-17,False,False,5.0,2026-08-17T10:55:35+05:30
FIRSTCRY,208.6,WIDE,-0.43,below,207.7,208.6,211.11,213.62,208.6,2.379,97.3,0.066,0,2026-08-14,2026-08-17,False,False,5.0,2026-08-17T10:55:35+05:30
PAGEIND,37220.0,WIDE,-0.54,inside,37020.0,37220.0,37220.0,37455.0,36985.0,1.263,97.8,0.027,0,2026-08-14,2026-08-17,False,False,5.0,2026-08-17T10:55:35+05:30
SAMMAANCAP,154.08,WIDE,-0.11,below,153.9,154.08,155.76,157.45,154.08,2.166,98.1,0.041,0,2026-08-14,2026-08-17,False,False,5.0,2026-08-17T10:55:35+05:30
WELSPUNLIV,168.3,WIDE,0.02,inside,168.33,168.3,168.3,170.42,166.18,2.519,98.6,0.042,0,2026-08-14,2026-08-17,False,False,5.0,2026-08-17T10:55:35+05:30
LGEINDIA,1692.27,WIDE,-1.05,inside,1674.5,1692.27,1692.27,1710.98,1673.55,2.212,99.5,0.01,0,2026-08-14,2026-08-17,False,False,5.0,2026-08-17T10:55:35+05:30
MINDACORP,727.65,WIDE,-0.2,below,726.2,727.65,735.25,742.85,727.65,2.067,99.5,0.038,0,2026-08-14,2026-08-17,False,False,5.0,2026-08-17T10:55:35+05:30
COLPAL,1980.25,TOUCHED,-0.62,below,1968.0,1980.25,1980.5,1980.75,1980.25,0.025,5.2,0.024,0,2026-08-14,2026-08-17,False,False,5.0,2026-08-17T10:55:35+05:30
RVNL,227.24,TOUCHED,-0.59,below,225.89,227.24,227.27,227.31,227.24,0.034,5.2,0.034,0,2026-08-14,2026-08-17,False,False,5.0,2026-08-17T10:55:35+05:30
NAM-INDIA,1168.5,TOUCHED,1.27,above,1183.3,1168.5,1168.3,1168.5,1168.1,0.034,5.5,0.032,0,2026-08-14,2026-08-17,False,False,5.0,2026-08-17T10:55:35+05:30
RELIANCE,1309.5,TOUCHED,-0.73,below,1299.9,1309.5,1309.67,1309.83,1309.5,0.025,5.5,0.024,0,2026-08-14,2026-08-17,False,False,5.0,2026-08-17T10:55:35+05:30
UCOBANK,26.0,TOUCHED,-0.43,below,25.89,26.0,26.0,26.01,26.0,0.013,5.5,0.013,0,2026-08-14,2026-08-17,False,False,5.0,2026-08-17T10:55:35+05:30
CHAMBLFERT,442.83,TOUCHED,-1.15,below,437.75,442.83,442.95,443.07,442.83,0.056,6.3,0.035,0,2026-08-14,2026-08-17,False,False,5.0,2026-08-17T10:55:35+05:30
NIACL,178.98,TOUCHED,-0.86,below,177.44,178.98,179.01,179.05,178.98,0.039,6.3,0.032,0,2026-08-14,2026-08-17,False,False,5.0,2026-08-17T10:55:35+05:30
PARADEEP,147.74,TOUCHED,-0.79,below,146.57,147.74,147.77,147.81,147.74,0.052,6.3,0.036,0,2026-08-14,2026-08-17,False,False,5.0,2026-08-17T10:55:35+05:30
SBFC,93.99,TOUCHED,-0.77,below,93.27,93.99,94.01,94.03,93.99,0.043,6.3,0.032,0,2026-08-14,2026-08-17,False,False,5.0,2026-08-17T10:55:35+05:30
WELCORP,1873.92,TOUCHED,-0.87,below,1857.7,1873.92,1874.53,1875.15,1873.92,0.066,6.6,0.051,0,2026-08-14,2026-08-17,False,False,5.0,2026-08-17T10:55:35+05:30
EIHOTEL,300.17,TOUCHED,-1.06,below,297.0,300.17,300.23,300.29,300.17,0.039,6.8,0.03,0,2026-08-14,2026-08-17,False,False,5.0,2026-08-17T10:55:35+05:30
NEULANDLAB,23340.0,TOUCHED,1.58,above,23709.0,23340.0,23333.33,23340.0,23326.67,0.057,6.8,0.032,0,2026-08-14,2026-08-17,False,False,5.0,2026-08-17T10:55:35+05:30
SWANCORP,304.68,TOUCHED,-0.26,below,303.9,304.68,304.77,304.85,304.68,0.055,6.8,0.034,0,2026-08-14,2026-08-17,False,False,5.0,2026-08-17T10:55:35+05:30
HCLTECH,1360.23,TOUCHED,-1.88,below,1334.6,1360.23,1360.47,1360.7,1360.23,0.034,7.1,0.024,0,2026-08-14,2026-08-17,False,False,5.0,2026-08-17T10:55:35+05:30
SJVN,67.22,TOUCHED,-0.94,below,66.59,67.22,67.24,67.25,67.22,0.04,7.1,0.027,0,2026-08-14,2026-08-17,False,False,5.0,2026-08-17T10:55:35+05:30
ACE,1085.23,TOUCHED,0.99,above,1096.0,1085.23,1084.87,1085.23,1084.5,0.068,7.4,0.049,0,2026-08-14,2026-08-17,False,False,5.0,2026-08-17T10:55:35+05:30
HOMEFIRST,1176.12,TOUCHED,0.43,above,1181.2,1176.12,1175.73,1176.12,1175.35,0.065,7.7,0.044,0,2026-08-14,2026-08-17,False,False,5.0,2026-08-17T10:55:35+05:30
APOLLOTYRE,443.19,TOUCHED,-0.58,below,440.6,443.19,443.33,443.48,443.19,0.064,7.9,0.04,0,2026-08-13,2026-08-17,False,False,5.0,2026-08-17T10:55:35+05:30
STARHEALTH,584.98,TOUCHED,0.21,above,586.2,584.98,584.8,584.98,584.62,0.06,7.9,0.026,0,2026-08-14,2026-08-17,False,False,5.0,2026-08-17T10:55:35+05:30
TARIL,298.21,TOUCHED,-0.77,below,295.9,298.21,298.37,298.52,298.21,0.106,9.0,0.054,0,2026-08-14,2026-08-17,False,False,5.0,2026-08-17T10:55:35+05:30
ABREL,1403.45,TOUCHED,-0.3,below,1399.3,1403.45,1404.0,1404.55,1403.45,0.078,9.3,0.025,0,2026-08-14,2026-08-17,False,False,5.0,2026-08-17T10:55:35+05:30
BAJAJHLDNG,11464.0,TOUCHED,-0.3,below,11430.0,11464.0,11467.67,11471.33,11464.0,0.064,9.3,0.025,0,2026-08-14,2026-08-17,False,False,5.0,2026-08-17T10:55:35+05:30
TIINDIA,2734.5,TOUCHED,-0.97,below,2708.1,2734.5,2735.5,2736.5,2734.5,0.073,9.3,0.038,0,2026-08-14,2026-08-17,False,False,5.0,2026-08-17T10:55:35+05:30
GROWW,196.43,TOUCHED,0.69,above,197.78,196.43,196.34,196.43,196.25,0.087,9.4,0.03,0,2026-08-14,2026-08-17,False,False,5.0,2026-08-17T10:55:35+05:30
IOB,33.6,TOUCHED,-0.95,below,33.28,33.6,33.61,33.62,33.6,0.06,9.9,0.034,0,2026-08-14,2026-08-17,False,False,5.0,2026-08-17T10:55:35+05:30
LINDEINDIA,6690.0,TOUCHED,-0.9,below,6630.0,6690.0,6692.0,6694.0,6690.0,0.06,9.9,0.025,0,2026-08-14,2026-08-17,False,False,5.0,2026-08-17T10:55:35+05:30
CREDITACC,1550.25,TOUCHED,-1.34,below,1529.5,1550.25,1551.1,1551.95,1550.25,0.11,10.4,0.035,0,2026-08-14,2026-08-17,False,False,5.0,2026-08-17T10:55:35+05:30
DRREDDY,1199.15,TOUCHED,-0.73,below,1190.4,1199.15,1199.43,1199.72,1199.15,0.047,10.4,0.015,0,2026-08-14,2026-08-17,False,False,5.0,2026-08-17T10:55:35+05:30
UNOMINDA,1239.5,TOUCHED,2.04,above,1264.8,1239.5,1239.0,1239.5,1238.5,0.081,10.4,0.05,0,2026-08-14,2026-08-17,False,False,5.0,2026-08-17T10:55:35+05:30
ZENTEC,1856.52,TOUCHED,0.23,above,1860.8,1856.52,1855.83,1856.52,1855.15,0.074,10.4,0.016,0,2026-08-14,2026-08-17,False,False,5.0,2026-08-17T10:55:35+05:30
TBOTEK,1632.03,TOUCHED,-0.01,inside,1631.8,1632.03,1632.03,1632.67,1631.4,0.078,10.7,0.033,0,2026-08-14,2026-08-17,False,False,5.0,2026-08-17T10:55:35+05:30
NYKAA,330.72,TOUCHED,-0.72,below,328.35,330.72,330.82,330.91,330.72,0.055,11.0,0.027,0,2026-08-14,2026-08-17,False,False,5.0,2026-08-17T10:55:35+05:30
POLICYBZR,1743.35,TOUCHED,0.54,above,1752.8,1743.35,1742.57,1743.35,1741.78,0.09,11.0,0.038,0,2026-08-14,2026-08-17,False,False,5.0,2026-08-17T10:55:35+05:30
POWERINDIA,35736.67,TOUCHED,-0.02,inside,35730.0,35736.67,35736.67,35755.0,35718.33,0.103,11.0,0.055,0,2026-08-14,2026-08-17,False,False,5.0,2026-08-17T10:55:35+05:30
HDFCBANK,726.55,TOUCHED,-0.18,below,725.25,726.55,726.7,726.85,726.55,0.041,11.2,0.019,0,2026-08-14,2026-08-17,False,False,5.0,2026-08-17T10:55:35+05:30
INDUSTOWER,384.0,TOUCHED,-0.91,below,380.5,384.0,384.12,384.23,384.0,0.061,11.2,0.022,0,2026-08-14,2026-08-17,False,False,5.0,2026-08-17T10:55:35+05:30
INTELLECT,699.4,TOUCHED,-1.17,below,691.2,699.4,699.8,700.2,699.4,0.114,11.5,0.042,0,2026-08-14,2026-08-17,False,False,5.0,2026-08-17T10:55:35+05:30
VOLTAS,1318.75,TOUCHED,-2.62,below,1284.2,1318.75,1319.33,1319.92,1318.75,0.088,12.1,0.038,0,2026-08-14,2026-08-17,False,False,5.0,2026-08-17T10:55:35+05:30
ONESOURCE,1556.0,TOUCHED,-0.15,below,1553.6,1556.0,1557.07,1558.13,1556.0,0.137,12.9,0.052,0,2026-08-14,2026-08-17,False,False,5.0,2026-08-17T10:55:35+05:30
TIMKEN,3277.32,TOUCHED,-0.57,below,3258.7,3277.32,3278.83,3280.35,3277.32,0.093,12.9,0.05,0,2026-08-14,2026-08-17,False,False,5.0,2026-08-17T10:55:35+05:30
HINDPETRO,372.98,TOUCHED,-0.8,below,370.0,372.98,373.15,373.33,372.98,0.094,13.4,0.034,0,2026-08-14,2026-08-17,False,False,5.0,2026-08-17T10:55:35+05:30
JSWINFRA,338.7,TOUCHED,-1.09,below,335.0,338.7,338.85,339.0,338.7,0.089,13.4,0.029,0,2026-08-14,2026-08-17,False,False,5.0,2026-08-17T10:55:35+05:30
KAJARIACER,1254.02,TOUCHED,-0.72,below,1245.0,1254.02,1254.63,1255.25,1254.02,0.098,13.4,0.028,0,2026-08-14,2026-08-17,False,False,5.0,2026-08-17T10:55:35+05:30
MMTC,64.4,TOUCHED,-0.85,below,63.85,64.4,64.45,64.49,64.4,0.15,14.0,0.053,0,2026-08-14,2026-08-17,False,False,5.0,2026-08-17T10:55:35+05:30
OBEROIRLTY,1849.05,TOUCHED,0.04,above,1849.7,1849.05,1848.03,1849.05,1847.02,0.11,14.0,0.044,0,2026-08-14,2026-08-17,False,False,5.0,2026-08-17T10:55:35+05:30
TATACAP,363.77,TOUCHED,-0.64,below,361.45,363.77,363.92,364.06,363.77,0.078,14.2,0.016,0,2026-08-14,2026-08-17,False,False,5.0,2026-08-17T10:55:35+05:30
HDFCAMC,2488.7,TOUCHED,0.97,above,2512.8,2488.7,2487.47,2488.7,2486.23,0.099,14.5,0.024,0,2026-08-14,2026-08-17,False,False,5.0,2026-08-17T10:55:35+05:30
TTML,38.61,TOUCHED,-1.15,below,38.17,38.61,38.64,38.66,38.61,0.121,14.5,0.046,0,2026-08-14,2026-08-17,False,False,5.0,2026-08-17T10:55:35+05:30
BEL,410.66,TOUCHED,0.51,above,412.75,410.66,410.52,410.66,410.38,0.069,14.8,0.025,0,2026-08-14,2026-08-17,False,False,5.0,2026-08-17T10:55:35+05:30
GABRIEL,1455.6,TOUCHED,-0.98,below,1441.3,1455.6,1456.73,1457.87,1455.6,0.156,14.8,0.033,0,2026-08-14,2026-08-17,False,False,5.0,2026-08-17T10:55:35+05:30
TRENT,2979.6,TOUCHED,-0.32,below,2970.0,2979.6,2981.2,2982.8,2979.6,0.107,14.8,0.046,0,2026-08-14,2026-08-17,False,False,5.0,2026-08-17T10:55:35+05:30
JSWCEMENT,129.78,TOUCHED,-1.37,below,128.0,129.78,129.86,129.94,129.78,0.123,14.9,0.036,0,2026-08-14,2026-08-17,False,False,5.0,2026-08-17T10:55:35+05:30
SRF,2604.72,TOUCHED,0.7,above,2622.9,2604.72,2603.43,2604.72,2602.15,0.099,15.1,0.028,0,2026-08-14,2026-08-17,False,False,5.0,2026-08-17T10:55:35+05:30
MOTHERSON,168.2,TOUCHED,0.04,above,168.26,168.2,168.1,168.2,168.0,0.121,15.3,0.035,0,2026-08-14,2026-08-17,False,False,5.0,2026-08-17T10:55:35+05:30
COROMANDEL,2093.72,TOUCHED,0.22,above,2098.4,2093.72,2092.13,2093.72,2090.55,0.151,16.2,0.04,0,2026-08-14,2026-08-17,False,False,5.0,2026-08-17T10:55:35+05:30
MARUTI,13851.5,TOUCHED,0.25,above,13886.0,13851.5,13845.67,13851.5,13839.83,0.084,16.4,0.015,0,2026-08-14,2026-08-17,False,False,5.0,2026-08-17T10:55:35+05:30
TRAVELFOOD,1362.5,TOUCHED,-0.88,below,1350.5,1362.5,1363.3,1364.1,1362.5,0.117,16.8,0.032,0,2026-08-14,2026-08-17,False,False,5.0,2026-08-17T10:55:35+05:30
BANDHANBNK,173.17,TOUCHED,-0.21,below,172.8,173.17,173.28,173.4,173.17,0.135,17.3,0.026,0,2026-08-14,2026-08-17,False,False,5.0,2026-08-17T10:55:35+05:30
LODHA,1240.8,TOUCHED,-1.11,below,1227.0,1240.8,1241.83,1242.87,1240.8,0.166,17.3,0.031,0,2026-08-14,2026-08-17,False,False,5.0,2026-08-17T10:55:35+05:30
TENNIND,537.78,TOUCHED,2.15,above,549.35,537.78,537.3,537.78,536.83,0.177,17.9,0.018,0,2026-08-14,2026-08-17,False,False,5.0,2026-08-17T10:55:35+05:30
LEMONTREE,109.13,TOUCHED,0.04,above,109.18,109.13,109.06,109.13,108.99,0.131,18.4,0.027,0,2026-08-14,2026-08-17,False,False,5.0,2026-08-17T10:55:35+05:30
NH,1829.15,TOUCHED,-0.43,below,1821.2,1829.15,1830.3,1831.45,1829.15,0.126,18.6,0.036,0,2026-08-14,2026-08-17,False,False,5.0,2026-08-17T10:55:35+05:30
PIRAMALFIN,2063.0,TOUCHED,0.48,above,2072.9,2063.0,2061.23,2063.0,2059.47,0.171,18.6,0.051,0,2026-08-14,2026-08-17,False,False,5.0,2026-08-17T10:55:35+05:30
SUZLON,47.22,TOUCHED,0.64,above,47.52,47.22,47.18,47.22,47.14,0.17,18.9,0.033,0,2026-08-14,2026-08-17,False,False,5.0,2026-08-17T10:55:35+05:30
MANAPPURAM,347.28,TOUCHED,-0.58,below,345.25,347.28,347.52,347.76,347.28,0.139,19.5,0.027,0,2026-08-14,2026-08-17,False,False,5.0,2026-08-17T10:55:35+05:30
JUBLINGREA,734.73,TOUCHED,-0.34,below,732.25,734.73,735.47,736.21,734.73,0.202,20.0,0.034,0,2026-08-14,2026-08-17,False,False,5.0,2026-08-17T10:55:35+05:30
GRASIM,3246.77,TOUCHED,0.05,above,3248.3,3246.77,3244.83,3246.77,3242.9,0.119,20.3,0.017,0,2026-08-14,2026-08-17,False,False,5.0,2026-08-17T10:55:35+05:30
EMAMILTD,403.62,TOUCHED,-0.44,below,401.85,403.62,403.95,404.27,403.62,0.161,21.1,0.022,0,2026-08-14,2026-08-17,False,False,5.0,2026-08-17T10:55:35+05:30
MEESHO,191.72,TOUCHED,0.75,above,193.15,191.72,191.53,191.72,191.35,0.195,21.1,0.027,0,2026-08-14,2026-08-17,False,False,5.0,2026-08-17T10:55:35+05:30
CANFINHOME,819.12,TOUCHED,-0.52,below,814.9,819.12,819.68,820.24,819.12,0.136,21.4,0.02,0,2026-08-14,2026-08-17,False,False,5.0,2026-08-17T10:55:35+05:30
CHOLAHLDNG,1598.65,TOUCHED,-2.54,below,1558.0,1598.65,1600.1,1601.55,1598.65,0.181,21.4,0.026,0,2026-08-14,2026-08-17,False,False,5.0,2026-08-17T10:55:35+05:30
SAILIFE,1451.38,TOUCHED,-1.2,below,1434.0,1451.38,1452.87,1454.35,1451.38,0.204,21.6,0.04,0,2026-08-14,2026-08-17,False,False,5.0,2026-08-17T10:55:35+05:30
AWL,191.82,TOUCHED,-0.08,inside,191.67,191.82,191.82,191.99,191.65,0.177,21.9,0.044,0,2026-08-14,2026-08-17,False,False,5.0,2026-08-17T10:55:35+05:30
GODREJCP,934.97,TOUCHED,-0.7,below,928.4,934.97,935.63,936.3,934.97,0.143,21.9,0.023,0,2026-08-14,2026-08-17,False,False,5.0,2026-08-17T10:55:35+05:30
PWL,117.61,TOUCHED,8.06,above,127.09,117.61,117.45,117.61,117.28,0.278,21.9,0.074,0,2026-08-14,2026-08-17,False,False,5.0,2026-08-17T10:55:35+05:30
BLUESTARCO,1509.43,TOUCHED,-0.13,below,1507.4,1509.43,1510.87,1512.3,1509.43,0.19,22.2,0.042,0,2026-08-14,2026-08-17,False,False,5.0,2026-08-17T10:55:35+05:30
NAVA,573.25,TOUCHED,-2.34,below,559.85,573.25,573.85,574.45,573.25,0.209,22.5,0.037,0,2026-08-14,2026-08-17,False,False,5.0,2026-08-17T10:55:35+05:30
SAGILITY,42.33,TOUCHED,-0.3,below,42.2,42.33,42.38,42.42,42.33,0.228,22.5,0.047,0,2026-08-14,2026-08-17,False,False,5.0,2026-08-17T10:55:35+05:30
TRITURBINE,591.88,TOUCHED,0.36,above,594.0,591.88,591.37,591.88,590.85,0.175,22.5,0.021,0,2026-08-14,2026-08-17,False,False,5.0,2026-08-17T10:55:35+05:30
EMMVEE,320.5,TOUCHED,0.0,inside,320.5,320.5,320.5,321.0,320.0,0.312,23.0,0.042,0,2026-08-14,2026-08-17,False,False,5.0,2026-08-17T10:55:35+05:30
NLCINDIA,274.47,TOUCHED,-1.14,below,271.35,274.47,274.78,275.09,274.47,0.224,23.0,0.049,0,2026-08-14,2026-08-17,False,False,5.0,2026-08-17T10:55:35+05:30
SAPPHIRE,234.99,TOUCHED,-0.52,below,233.78,234.99,235.26,235.54,234.99,0.231,23.3,0.05,0,2026-08-14,2026-08-17,False,False,5.0,2026-08-17T10:55:35+05:30
PVRINOX,1177.45,TOUCHED,1.41,above,1194.1,1177.45,1176.3,1177.45,1175.15,0.196,23.8,0.029,0,2026-08-14,2026-08-17,False,False,5.0,2026-08-17T10:55:35+05:30
GLENMARK,2320.4,TOUCHED,-0.65,below,2305.4,2320.4,2322.4,2324.4,2320.4,0.172,24.1,0.035,0,2026-08-14,2026-08-17,False,False,5.0,2026-08-17T10:55:35+05:30
ZYDUSWELL,508.5,TOUCHED,-0.95,below,503.65,508.5,509.1,509.7,508.5,0.236,24.1,0.034,0,2026-08-14,2026-08-17,False,False,5.0,2026-08-17T10:55:35+05:30
PIDILITIND,1693.98,TOUCHED,-0.81,below,1680.2,1693.98,1694.97,1695.95,1693.98,0.116,24.4,0.026,0,2026-08-14,2026-08-17,False,False,5.0,2026-08-17T10:55:35+05:30
IGIL,347.15,TOUCHED,2.02,above,354.15,347.15,346.73,347.15,346.32,0.24,24.7,0.029,0,2026-08-14,2026-08-17,False,False,5.0,2026-08-17T10:55:35+05:30
RKFORGE,735.07,TOUCHED,1.49,above,746.0,735.07,734.25,735.07,733.42,0.225,24.9,0.048,0,2026-08-14,2026-08-17,False,False,5.0,2026-08-17T10:55:35+05:30
BHARATFORG,2071.65,TOUCHED,0.57,above,2083.4,2071.65,2069.43,2071.65,2067.22,0.214,25.2,0.031,0,2026-08-14,2026-08-17,False,False,5.0,2026-08-17T10:55:35+05:30
HEG,700.08,TOUCHED,0.39,above,702.8,700.08,699.17,700.08,698.25,0.262,25.2,0.043,0,2026-08-14,2026-08-17,False,False,5.0,2026-08-17T10:55:35+05:30
POLYMED,1788.17,TOUCHED,-1.24,below,1766.0,1788.17,1790.13,1792.1,1788.17,0.22,25.2,0.047,0,2026-08-14,2026-08-17,False,False,5.0,2026-08-17T10:55:35+05:30
VBL,436.1,TOUCHED,0.09,above,436.5,436.1,435.73,436.1,435.37,0.168,25.5,0.03,0,2026-08-14,2026-08-17,False,False,5.0,2026-08-17T10:55:35+05:30
TEGA,1701.97,TOUCHED,0.82,above,1715.9,1701.97,1700.13,1701.97,1698.3,0.216,26.0,0.043,0,2026-08-14,2026-08-17,False,False,5.0,2026-08-17T10:55:35+05:30
ULTRACEMCO,11626.83,TOUCHED,-0.09,below,11616.0,11626.83,11634.67,11642.5,11626.83,0.135,26.3,0.027,0,2026-08-14,2026-08-17,False,False,5.0,2026-08-17T10:55:35+05:30
BHEL,423.27,TOUCHED,1.81,above,430.95,423.27,422.75,423.27,422.23,0.248,26.6,0.051,0,2026-08-14,2026-08-17,False,False,5.0,2026-08-17T10:55:35+05:30
COALINDIA,407.4,TOUCHED,-0.06,below,407.15,407.4,407.7,408.0,407.4,0.147,26.6,0.023,0,2026-08-14,2026-08-17,False,False,5.0,2026-08-17T10:55:35+05:30
BAJAJ-AUTO,11708.33,TOUCHED,-0.29,below,11674.0,11708.33,11716.67,11725.0,11708.33,0.142,26.8,0.028,0,2026-08-14,2026-08-17,False,False,5.0,2026-08-17T10:55:35+05:30
KIRLOSENG,2097.03,TOUCHED,0.15,above,2100.1,2097.03,2093.97,2097.03,2090.9,0.293,26.8,0.035,0,2026-08-14,2026-08-17,False,False,5.0,2026-08-17T10:55:35+05:30
SAREGAMA,526.17,TOUCHED,-0.03,inside,526.0,526.17,526.17,526.73,525.6,0.215,26.8,0.041,0,2026-08-14,2026-08-17,False,False,5.0,2026-08-17T10:55:35+05:30
JSWENERGY,558.35,TOUCHED,-0.73,below,554.3,558.35,558.9,559.45,558.35,0.197,27.1,0.021,0,2026-08-14,2026-08-17,False,False,5.0,2026-08-17T10:55:35+05:30
TVSMOTOR,4318.55,TOUCHED,1.24,above,4372.0,4318.55,4314.7,4318.55,4310.85,0.178,27.4,0.019,0,2026-08-14,2026-08-17,False,False,5.0,2026-08-17T10:55:35+05:30
SOLARINDS,19945.0,TOUCHED,1.19,above,20182.0,19945.0,19921.0,19945.0,19897.0,0.241,27.7,0.057,0,2026-08-14,2026-08-17,False,False,5.0,2026-08-17T10:55:35+05:30
SUNPHARMA,1925.85,TOUCHED,-0.73,below,1911.8,1925.85,1927.23,1928.62,1925.85,0.144,27.7,0.02,0,2026-08-14,2026-08-17,False,False,5.0,2026-08-17T10:55:35+05:30
HEROMOTOCO,5795.67,TOUCHED,-0.85,below,5746.5,5795.67,5801.33,5807.0,5795.67,0.195,27.9,0.017,0,2026-08-14,2026-08-17,False,False,5.0,2026-08-17T10:55:35+05:30
INFY,1166.5,TOUCHED,-1.97,below,1143.5,1166.5,1167.4,1168.3,1166.5,0.154,28.2,0.029,0,2026-08-14,2026-08-17,False,False,5.0,2026-08-17T10:55:35+05:30
APTUS,251.12,TOUCHED,-0.09,inside,250.9,251.12,251.12,251.43,250.81,0.246,28.5,0.026,0,2026-08-14,2026-08-17,False,False,5.0,2026-08-17T10:55:35+05:30
ZFCVINDIA,2627.8,TOUCHED,-0.55,below,2613.3,2627.8,2630.77,2633.73,2627.8,0.226,28.5,0.038,0,2026-08-14,2026-08-17,False,False,5.0,2026-08-17T10:55:35+05:30
IRB,19.2,TOUCHED,-0.44,below,19.12,19.2,19.22,19.24,19.2,0.191,29.0,0.039,0,2026-08-14,2026-08-17,False,False,5.0,2026-08-17T10:55:35+05:30
KOTAKBANK,392.1,TOUCHED,0.06,above,392.35,392.1,391.78,392.1,391.47,0.162,29.3,0.025,0,2026-08-14,2026-08-17,False,False,5.0,2026-08-17T10:55:35+05:30
CARBORUNIV,1152.98,TOUCHED,-1.41,below,1136.7,1152.98,1154.37,1155.75,1152.98,0.24,29.9,0.029,0,2026-08-14,2026-08-17,False,False,5.0,2026-08-17T10:55:35+05:30
EICHERMOT,8073.17,TOUCHED,-0.1,below,8065.0,8073.17,8079.83,8086.5,8073.17,0.165,29.9,0.024,0,2026-08-14,2026-08-17,False,False,5.0,2026-08-17T10:55:35+05:30
BIKAJI,613.86,TOUCHED,-0.34,below,611.8,613.86,614.42,614.98,613.86,0.182,30.1,0.019,0,2026-08-14,2026-08-17,False,False,5.0,2026-08-17T10:55:35+05:30
CUMMINSIND,5394.25,TOUCHED,0.97,above,5446.5,5394.25,5388.5,5394.25,5382.75,0.213,30.1,0.018,0,2026-08-14,2026-08-17,False,False,5.0,2026-08-17T10:55:35+05:30
INDHOTEL,719.55,TOUCHED,-0.38,below,716.8,719.55,720.28,721.02,719.55,0.204,30.1,0.019,0,2026-08-13,2026-08-17,False,False,5.0,2026-08-17T10:55:35+05:30
TITAN,5068.45,TOUCHED,0.07,above,5071.9,5068.45,5064.37,5068.45,5060.28,0.161,30.4,0.015,0,2026-08-14,2026-08-17,False,False,5.0,2026-08-17T10:55:35+05:30
CONCORDBIO,1449.13,TOUCHED,3.68,above,1502.4,1449.13,1446.97,1449.13,1444.8,0.299,30.7,0.022,0,2026-08-14,2026-08-17,False,False,5.0,2026-08-17T10:55:35+05:30
PFC,376.46,TOUCHED,-0.37,below,375.05,376.46,376.92,377.38,376.46,0.243,31.0,0.036,0,2026-08-14,2026-08-17,False,False,5.0,2026-08-17T10:55:35+05:30
CAPLIPOINT,2483.72,TOUCHED,-0.8,below,2463.8,2483.72,2486.93,2490.15,2483.72,0.259,31.5,0.032,0,2026-08-14,2026-08-17,False,False,5.0,2026-08-17T10:55:35+05:30
MFSL,1543.05,TOUCHED,0.56,above,1551.7,1543.05,1541.4,1543.05,1539.75,0.214,31.5,0.019,0,2026-08-14,2026-08-17,False,False,5.0,2026-08-17T10:55:35+05:30
PTCIL,19124.5,TOUCHED,1.13,above,19340.0,19124.5,19099.67,19124.5,19074.83,0.26,31.5,0.025,0,2026-08-14,2026-08-17,False,False,5.0,2026-08-17T10:55:35+05:30
THELEELA,508.12,TOUCHED,-0.71,below,504.5,508.12,508.77,509.41,508.12,0.252,31.5,0.03,0,2026-08-14,2026-08-17,False,False,5.0,2026-08-17T10:55:35+05:30
DOMS,2218.13,TOUCHED,-0.3,below,2211.4,2218.13,2220.37,2222.6,2218.13,0.201,32.1,0.027,0,2026-08-14,2026-08-17,False,False,5.0,2026-08-17T10:55:35+05:30
CCL,1134.58,TOUCHED,-0.07,below,1133.8,1134.58,1135.77,1136.95,1134.58,0.208,32.3,0.021,0,2026-08-14,2026-08-17,False,False,5.0,2026-08-17T10:55:35+05:30
ICICIGI,1624.9,TOUCHED,-0.09,below,1623.5,1624.9,1626.6,1628.3,1624.9,0.209,32.3,0.022,0,2026-08-14,2026-08-17,False,False,5.0,2026-08-17T10:55:35+05:30
FORCEMOT,18448.33,TOUCHED,0.2,inside,18485.0,18448.33,18448.33,18492.0,18404.67,0.473,32.6,0.05,0,2026-08-14,2026-08-17,False,False,5.0,2026-08-17T10:55:35+05:30
GRAVITA,1799.57,TOUCHED,-0.08,inside,1798.1,1799.57,1799.57,1802.2,1796.93,0.293,32.6,0.033,0,2026-08-14,2026-08-17,False,False,5.0,2026-08-17T10:55:35+05:30
COFORGE,1814.77,TOUCHED,-0.49,below,1805.8,1814.77,1817.53,1820.3,1814.77,0.304,32.9,0.032,0,2026-08-14,2026-08-17,False,False,5.0,2026-08-17T10:55:35+05:30
GRSE,2623.97,TOUCHED,-0.57,below,2609.0,2623.97,2629.33,2634.7,2623.97,0.408,32.9,0.074,0,2026-08-14,2026-08-17,False,False,5.0,2026-08-17T10:55:35+05:30
VTL,593.17,TOUCHED,0.75,above,597.6,593.17,592.32,593.17,591.46,0.29,32.9,0.031,0,2026-08-14,2026-08-17,False,False,5.0,2026-08-17T10:55:35+05:30
IOC,139.54,TOUCHED,-0.66,below,138.63,139.54,139.69,139.84,139.54,0.208,33.4,0.021,0,2026-08-14,2026-08-17,False,False,5.0,2026-08-17T10:55:35+05:30
CANHLIFE,148.92,TOUCHED,-0.14,below,148.72,148.92,149.14,149.35,148.92,0.286,33.8,0.019,0,2026-08-14,2026-08-17,False,False,5.0,2026-08-17T10:55:35+05:30
SHRIRAMFIN,1124.97,TOUCHED,-0.09,inside,1123.9,1124.97,1124.97,1126.45,1123.48,0.264,34.0,0.038,0,2026-08-14,2026-08-17,False,False,5.0,2026-08-17T10:55:35+05:30
LLOYDSME,1915.33,TOUCHED,0.62,above,1927.2,1915.33,1912.07,1915.33,1908.8,0.342,34.2,0.035,0,2026-08-14,2026-08-17,False,False,5.0,2026-08-17T10:55:35+05:30
NTPCGREEN,92.03,TOUCHED,-0.16,below,91.89,92.03,92.14,92.24,92.03,0.228,34.2,0.015,0,2026-08-14,2026-08-17,False,False,5.0,2026-08-17T10:55:35+05:30
HSCL,782.31,TOUCHED,-0.17,below,781.0,782.31,783.57,784.83,782.31,0.321,34.5,0.035,0,2026-08-14,2026-08-17,False,False,5.0,2026-08-17T10:55:35+05:30
PIIND,2483.0,TOUCHED,-0.08,below,2481.1,2483.0,2485.37,2487.73,2483.0,0.19,34.5,0.03,0,2026-08-14,2026-08-17,False,False,5.0,2026-08-17T10:55:35+05:30
SYNGENE,400.12,TOUCHED,-0.43,below,398.4,400.12,400.57,401.01,400.12,0.221,34.5,0.025,0,2026-08-14,2026-08-17,False,False,5.0,2026-08-17T10:55:35+05:30
GILLETTE,7609.08,TOUCHED,-0.11,below,7600.5,7609.08,7618.17,7627.25,7609.08,0.238,35.1,0.029,0,2026-08-14,2026-08-17,False,False,5.0,2026-08-17T10:55:35+05:30
JINDALSTEL,1094.37,TOUCHED,-0.01,inside,1094.3,1094.37,1094.37,1095.8,1092.93,0.262,35.9,0.034,0,2026-08-14,2026-08-17,False,False,5.0,2026-08-17T10:55:35+05:30
POLYCAB,9277.0,TOUCHED,0.91,above,9361.5,9277.0,9264.67,9277.0,9252.33,0.266,35.9,0.035,0,2026-08-14,2026-08-17,False,False,5.0,2026-08-17T10:55:35+05:30
NAVINFLUOR,8249.75,TOUCHED,-0.47,below,8211.0,8249.75,8264.5,8279.25,8249.75,0.357,36.2,0.045,0,2026-08-14,2026-08-17,False,False,5.0,2026-08-17T10:55:35+05:30
JINDALSAW,265.77,TOUCHED,-0.14,below,265.4,265.77,266.22,266.66,265.77,0.332,36.4,0.038,0,2026-08-14,2026-08-17,False,False,5.0,2026-08-17T10:55:35+05:30
ATGL,654.91,TOUCHED,-0.98,below,648.5,654.91,655.77,656.62,654.91,0.262,36.7,0.031,0,2026-08-14,2026-08-17,False,False,5.0,2026-08-17T10:55:35+05:30
ATHERENERG,1514.82,TOUCHED,-1.3,below,1495.1,1514.82,1518.13,1521.45,1514.82,0.437,37.0,0.062,0,2026-08-14,2026-08-17,False,False,5.0,2026-08-17T10:55:35+05:30
KEC,440.64,TOUCHED,-0.94,below,436.5,440.64,441.38,442.12,440.64,0.336,37.0,0.023,0,2026-08-14,2026-08-17,False,False,5.0,2026-08-17T10:55:35+05:30
LATENTVIEW,285.68,TOUCHED,-1.11,below,282.5,285.68,286.17,286.65,285.68,0.338,37.3,0.04,0,2026-08-14,2026-08-17,False,False,5.0,2026-08-17T10:55:35+05:30
DALBHARAT,1839.88,TOUCHED,0.39,above,1847.0,1839.88,1837.77,1839.88,1835.65,0.23,37.5,0.028,0,2026-08-14,2026-08-17,False,False,5.0,2026-08-17T10:55:35+05:30
ELECON,434.25,TOUCHED,0.21,inside,435.15,434.25,434.25,435.2,433.3,0.438,37.8,0.036,0,2026-08-14,2026-08-17,False,False,5.0,2026-08-17T10:55:35+05:30
MARICO,862.35,TOUCHED,-0.35,below,859.35,862.35,863.3,864.25,862.35,0.22,37.8,0.018,0,2026-08-14,2026-08-17,False,False,5.0,2026-08-17T10:55:35+05:30
AXISBANK,1214.9,TOUCHED,0.09,inside,1216.0,1214.9,1214.9,1216.15,1213.65,0.206,38.1,0.024,0,2026-08-14,2026-08-17,False,False,5.0,2026-08-17T10:55:35+05:30
RPOWER,23.04,TOUCHED,-2.25,below,22.52,23.04,23.1,23.15,23.04,0.505,38.1,0.079,0,2026-08-14,2026-08-17,False,False,5.0,2026-08-17T10:55:35+05:30
IIFL,633.28,TOUCHED,0.09,inside,633.85,633.28,633.28,634.35,632.22,0.337,38.4,0.027,0,2026-08-14,2026-08-17,False,False,5.0,2026-08-17T10:55:35+05:30
AADHARHFC,498.82,TOUCHED,-2.17,below,488.0,498.82,499.43,500.05,498.82,0.247,38.6,0.025,0,2026-08-14,2026-08-17,False,False,5.0,2026-08-17T10:55:35+05:30
CHALET,823.79,TOUCHED,1.88,above,839.25,823.79,822.48,823.79,821.17,0.318,38.6,0.023,0,2026-08-14,2026-08-17,False,False,5.0,2026-08-17T10:55:35+05:30
JYOTICNC,831.7,TOUCHED,2.06,above,848.8,831.7,830.1,831.7,828.5,0.385,38.6,0.027,0,2026-08-14,2026-08-17,False,False,5.0,2026-08-17T10:55:35+05:30
TMPV,333.38,TOUCHED,-0.91,below,330.35,333.38,333.75,334.12,333.38,0.225,38.9,0.02,0,2026-08-14,2026-08-17,False,False,5.0,2026-08-17T10:55:35+05:30
CASTROLIND,187.11,TOUCHED,-0.01,inside,187.09,187.11,187.11,187.26,186.97,0.157,39.5,0.014,0,2026-08-14,2026-08-17,False,False,5.0,2026-08-17T10:55:35+05:30
CRISIL,4455.5,TOUCHED,-0.15,below,4449.0,4455.5,4462.3,4469.1,4455.5,0.305,39.5,0.05,0,2026-08-14,2026-08-17,False,False,5.0,2026-08-17T10:55:35+05:30
HONAUT,37060.0,TOUCHED,-1.24,below,36600.0,37060.0,37108.33,37156.67,37060.0,0.26,39.5,0.023,0,2026-08-14,2026-08-17,False,False,5.0,2026-08-17T10:55:35+05:30
INDIAMART,1792.43,TOUCHED,-1.02,below,1774.2,1792.43,1794.97,1797.5,1792.43,0.282,39.7,0.026,0,2026-08-14,2026-08-17,False,False,5.0,2026-08-17T10:55:35+05:30
NUVAMA,1679.05,TOUCHED,0.29,above,1684.0,1679.05,1676.07,1679.05,1673.08,0.356,39.7,0.025,0,2026-08-14,2026-08-17,False,False,5.0,2026-08-17T10:55:35+05:30
VEDL,268.82,TOUCHED,0.18,above,269.3,268.82,268.38,268.82,267.94,0.329,39.7,0.028,0,2026-08-14,2026-08-17,False,False,5.0,2026-08-17T10:55:35+05:30
GVT&D,4339.95,TOUCHED,0.01,above,4340.5,4339.95,4329.9,4339.95,4319.85,0.464,40.8,0.025,0,2026-08-14,2026-08-17,False,False,5.0,2026-08-17T10:55:35+05:30
POWERGRID,266.36,TOUCHED,-0.13,below,266.0,266.36,266.67,266.98,266.36,0.231,40.8,0.017,0,2026-08-14,2026-08-17,False,False,5.0,2026-08-17T10:55:35+05:30
MOTILALOFS,901.79,TOUCHED,2.86,above,927.6,901.79,899.88,901.79,897.98,0.424,41.6,0.045,0,2026-08-14,2026-08-17,False,False,5.0,2026-08-17T10:55:35+05:30
HDFCLIFE,537.8,TOUCHED,0.73,above,541.75,537.8,537.15,537.8,536.5,0.242,41.9,0.018,0,2026-08-14,2026-08-17,False,False,5.0,2026-08-17T10:55:35+05:30
SOBHA,1330.57,TOUCHED,-1.68,below,1308.2,1330.57,1332.93,1335.3,1330.57,0.355,41.9,0.029,0,2026-08-14,2026-08-17,False,False,5.0,2026-08-17T10:55:35+05:30
INDIACEM,375.97,TOUCHED,-0.0,below,375.95,375.97,376.63,377.3,375.97,0.354,42.2,0.035,0,2026-08-14,2026-08-17,False,False,5.0,2026-08-17T10:55:35+05:30
TATATECH,863.85,TOUCHED,-1.45,below,851.3,863.85,865.2,866.55,863.85,0.312,43.3,0.035,0,2026-08-14,2026-08-17,False,False,5.0,2026-08-17T10:55:35+05:30
ASTERDM,826.77,TOUCHED,0.16,above,828.1,826.77,825.3,826.77,823.82,0.357,44.1,0.028,0,2026-08-14,2026-08-17,False,False,5.0,2026-08-17T10:55:35+05:30
CUB,210.0,TOUCHED,0.15,above,210.32,210.0,209.55,210.0,209.09,0.434,44.1,0.034,0,2026-08-14,2026-08-17,False,False,5.0,2026-08-17T10:55:35+05:30
ANANTRAJ,626.63,TOUCHED,-0.16,inside,625.65,626.63,626.63,628.29,624.98,0.529,45.2,0.078,0,2026-08-14,2026-08-17,False,False,5.0,2026-08-17T10:55:35+05:30
COHANCE,443.6,TOUCHED,2.05,above,452.7,443.6,442.62,443.6,441.63,0.444,45.2,0.022,0,2026-08-14,2026-08-17,False,False,5.0,2026-08-17T10:55:35+05:30
KARURVYSYA,332.38,TOUCHED,-0.31,below,331.35,332.38,333.02,333.65,332.38,0.38,45.5,0.038,0,2026-08-14,2026-08-17,False,False,5.0,2026-08-17T10:55:35+05:30
ARE&M,947.48,TOUCHED,-0.63,below,941.5,947.48,949.0,950.52,947.48,0.321,46.0,0.023,0,2026-08-14,2026-08-17,False,False,5.0,2026-08-17T10:55:35+05:30
BAJFINANCE,1090.23,TOUCHED,0.01,inside,1090.3,1090.23,1090.23,1091.85,1088.62,0.297,46.0,0.029,0,2026-08-14,2026-08-17,False,False,5.0,2026-08-17T10:55:35+05:30
PRESTIGE,1596.05,TOUCHED,-1.69,below,1569.0,1596.05,1599.6,1603.15,1596.05,0.444,46.3,0.055,0,2026-08-14,2026-08-17,False,False,5.0,2026-08-17T10:55:35+05:30
JBMA,624.29,TOUCHED,-0.39,below,621.85,624.29,625.63,626.98,624.29,0.429,46.8,0.033,0,2026-08-14,2026-08-17,False,False,5.0,2026-08-17T10:55:35+05:30
JSWSTEEL,1269.85,TOUCHED,-0.85,below,1259.0,1269.85,1271.57,1273.28,1269.85,0.27,47.1,0.025,0,2026-08-13,2026-08-17,False,False,5.0,2026-08-17T10:55:35+05:30
KALYANKJIL,612.35,TOUCHED,0.48,above,615.3,612.35,610.98,612.35,609.62,0.447,47.4,0.038,0,2026-08-14,2026-08-17,False,False,5.0,2026-08-17T10:55:35+05:30
FEDERALBNK,352.82,TOUCHED,0.01,above,352.85,352.82,352.32,352.82,351.81,0.289,47.7,0.027,0,2026-08-14,2026-08-17,False,False,5.0,2026-08-17T10:55:35+05:30
IREDA,116.47,TOUCHED,-0.87,below,115.46,116.47,116.7,116.92,116.47,0.386,47.7,0.048,0,2026-08-14,2026-08-17,False,False,5.0,2026-08-17T10:55:35+05:30
KEI,5733.6,TOUCHED,1.86,above,5840.1,5733.6,5722.4,5733.6,5711.2,0.391,47.7,0.026,0,2026-08-14,2026-08-17,False,False,5.0,2026-08-17T10:55:35+05:30
SBICARD,633.99,TOUCHED,-0.03,below,633.8,633.99,634.98,635.98,633.99,0.312,47.9,0.029,0,2026-08-14,2026-08-17,False,False,5.0,2026-08-17T10:55:35+05:30
MSUMI,40.44,TOUCHED,-0.14,below,40.38,40.44,40.53,40.61,40.44,0.436,48.2,0.031,0,2026-08-14,2026-08-17,False,False,5.0,2026-08-17T10:55:35+05:30
AJANTPHARM,3665.82,TOUCHED,1.37,above,3716.0,3665.82,3658.83,3665.82,3651.85,0.382,48.5,0.04,0,2026-08-14,2026-08-17,False,False,5.0,2026-08-17T10:55:35+05:30
MGL,1140.8,TOUCHED,-0.78,below,1131.9,1140.8,1142.9,1145.0,1140.8,0.367,48.8,0.034,0,2026-08-14,2026-08-17,False,False,5.0,2026-08-17T10:55:35+05:30
RADICO,4632.03,TOUCHED,-0.04,inside,4630.0,4632.03,4632.03,4641.02,4623.05,0.388,48.8,0.021,0,2026-08-14,2026-08-17,False,False,5.0,2026-08-17T10:55:35+05:30
SUNTV,487.53,TOUCHED,0.26,above,488.8,487.53,486.55,487.53,485.58,0.401,48.8,0.024,0,2026-08-14,2026-08-17,False,False,5.0,2026-08-17T10:55:35+05:30
RRKABEL,2792.13,TOUCHED,-0.9,below,2767.0,2792.13,2798.67,2805.2,2792.13,0.467,49.3,0.045,0,2026-08-14,2026-08-17,False,False,5.0,2026-08-17T10:55:35+05:30
CESC,168.8,TOUCHED,0.11,above,168.99,168.8,168.48,168.8,168.15,0.384,49.6,0.037,0,2026-08-14,2026-08-17,False,False,5.0,2026-08-17T10:55:35+05:30
KPITTECH,615.38,TOUCHED,-1.39,below,606.85,615.38,616.75,618.12,615.38,0.446,49.9,0.044,0,2026-08-14,2026-08-17,False,False,5.0,2026-08-17T10:55:35+05:30
ICICIAMC,3105.27,TOUCHED,-0.17,below,3100.0,3105.27,3112.63,3120.0,3105.27,0.473,50.0,0.031,0,2026-08-14,2026-08-17,False,False,5.0,2026-08-17T10:55:35+05:30
INOXWIND,74.2,TOUCHED,0.58,above,74.63,74.2,74.02,74.2,73.85,0.477,50.1,0.041,0,2026-08-14,2026-08-17,False,False,5.0,2026-08-17T10:55:35+05:30
SCI,293.07,TOUCHED,-1.66,below,288.2,293.07,293.88,294.7,293.07,0.556,50.4,0.045,0,2026-08-14,2026-08-17,False,False,5.0,2026-08-17T10:55:35+05:30
OLAELEC,39.12,TOUCHED,0.06,above,39.15,39.12,38.99,39.12,38.86,0.675,50.7,0.074,0,2026-08-14,2026-08-17,False,False,5.0,2026-08-17T10:55:35+05:30
ONGC,237.08,TOUCHED,0.05,inside,237.2,237.08,237.08,237.43,236.74,0.288,50.7,0.028,0,2026-08-14,2026-08-17,False,False,5.0,2026-08-17T10:55:35+05:30
MPHASIS,2528.95,TOUCHED,-1.4,below,2493.5,2528.95,2534.3,2539.65,2528.95,0.422,51.0,0.024,0,2026-08-14,2026-08-17,False,False,5.0,2026-08-17T10:55:35+05:30
SPLPETRO,722.85,TOUCHED,-0.24,inside,721.1,722.85,722.85,724.7,721.0,0.512,51.0,0.039,0,2026-08-14,2026-08-17,False,False,5.0,2026-08-17T10:55:35+05:30
GLAXO,2683.37,TOUCHED,0.62,above,2700.1,2683.37,2677.93,2683.37,2672.5,0.406,51.8,0.026,0,2026-08-14,2026-08-17,False,False,5.0,2026-08-17T10:55:35+05:30
ITCHOTELS,165.58,TOUCHED,-0.18,inside,165.28,165.58,165.58,165.9,165.25,0.393,52.1,0.038,0,2026-08-14,2026-08-17,False,False,5.0,2026-08-17T10:55:35+05:30
GESHIP,1289.0,TOUCHED,-1.84,below,1265.3,1289.0,1292.27,1295.53,1289.0,0.506,52.9,0.037,0,2026-08-13,2026-08-17,False,False,5.0,2026-08-17T10:55:35+05:30
ICICIPRULI,507.38,TOUCHED,-0.08,inside,507.0,507.38,507.38,508.27,506.5,0.348,52.9,0.023,0,2026-08-14,2026-08-17,False,False,5.0,2026-08-17T10:55:35+05:30
NESTLEIND,1501.38,TOUCHED,-1.18,below,1483.7,1501.38,1503.67,1505.95,1501.38,0.304,52.9,0.033,0,2026-08-14,2026-08-17,False,False,5.0,2026-08-17T10:55:35+05:30
PATANJALI,351.51,TOUCHED,0.25,above,352.4,351.51,351.02,351.51,350.53,0.28,52.9,0.019,0,2026-08-14,2026-08-17,False,False,5.0,2026-08-17T10:55:35+05:30
NAUKRI,1352.05,TOUCHED,0.62,above,1360.5,1352.05,1349.03,1352.05,1346.02,0.447,53.2,0.023,0,2026-08-14,2026-08-17,False,False,5.0,2026-08-17T10:55:35+05:30
GICRE,351.43,TOUCHED,0.84,above,354.4,351.43,350.77,351.43,350.1,0.38,53.4,0.032,0,2026-08-14,2026-08-17,False,False,5.0,2026-08-17T10:55:35+05:30
ADANIPOWER,205.69,TOUCHED,-1.38,below,202.86,205.69,206.13,206.57,205.69,0.427,54.2,0.053,0,2026-08-14,2026-08-17,False,False,5.0,2026-08-17T10:55:35+05:30
INDIGO,5320.0,TOUCHED,-0.08,below,5316.0,5320.0,5330.0,5340.0,5320.0,0.375,54.5,0.024,0,2026-08-14,2026-08-17,False,False,5.0,2026-08-17T10:55:35+05:30
TORNTPOWER,1312.3,TOUCHED,-0.65,below,1303.8,1312.3,1315.5,1318.7,1312.3,0.487,54.5,0.031,0,2026-08-14,2026-08-17,False,False,5.0,2026-08-17T10:55:35+05:30
UNITDSPR,1533.27,TOUCHED,0.31,above,1538.0,1533.27,1530.53,1533.27,1527.8,0.357,54.5,0.033,0,2026-08-14,2026-08-17,False,False,5.0,2026-08-17T10:55:35+05:30
WHIRLPOOL,780.84,TOUCHED,-0.62,below,776.0,780.84,782.78,784.73,780.84,0.496,54.5,0.045,0,2026-08-14,2026-08-17,False,False,5.0,2026-08-17T10:55:35+05:30
ETERNAL,319.3,TOUCHED,-0.13,below,318.9,319.3,320.1,320.9,319.3,0.5,54.8,0.028,0,2026-08-14,2026-08-17,False,False,5.0,2026-08-17T10:55:35+05:30
LENSKART,608.53,TOUCHED,0.07,inside,608.95,608.53,608.53,610.19,606.88,0.545,54.9,0.03,0,2026-08-14,2026-08-17,False,False,5.0,2026-08-17T10:55:35+05:30
SYRMA,1474.63,TOUCHED,-0.19,inside,1471.9,1474.63,1474.63,1479.35,1469.92,0.64,55.1,0.045,0,2026-08-14,2026-08-17,False,False,5.0,2026-08-17T10:55:35+05:30
AUBANK,1084.03,TOUCHED,-0.34,below,1080.4,1084.03,1086.17,1088.3,1084.03,0.393,55.3,0.016,0,2026-08-14,2026-08-17,False,False,5.0,2026-08-17T10:55:35+05:30
AFCONS,269.98,TOUCHED,0.02,inside,270.05,269.98,269.98,270.58,269.39,0.438,55.6,0.024,0,2026-08-14,2026-08-17,False,False,5.0,2026-08-17T10:55:35+05:30
DIVISLAB,8505.67,TOUCHED,-0.1,inside,8497.5,8505.67,8505.67,8520.0,8491.33,0.337,55.6,0.021,0,2026-08-14,2026-08-17,False,False,5.0,2026-08-17T10:55:35+05:30
PFOCUS,270.87,TOUCHED,-0.95,below,268.3,270.87,272.13,273.4,270.87,0.931,55.6,0.05,0,2026-08-14,2026-08-17,False,False,5.0,2026-08-17T10:55:35+05:30
ABLBL,88.99,TOUCHED,-0.16,below,88.85,88.99,89.22,89.44,88.99,0.504,55.7,0.055,0,2026-08-14,2026-08-17,False,False,5.0,2026-08-17T10:55:35+05:30
CARTRADE,2776.3,TOUCHED,0.18,inside,2781.4,2776.3,2776.3,2787.05,2765.55,0.774,56.7,0.061,0,2026-08-14,2026-08-17,False,False,5.0,2026-08-17T10:55:35+05:30
GODREJIND,1255.68,TOUCHED,-2.99,below,1218.1,1255.68,1258.87,1262.05,1255.68,0.506,56.7,0.047,0,2026-08-14,2026-08-17,False,False,5.0,2026-08-17T10:55:35+05:30
BLUEJET,591.1,TOUCHED,0.41,above,593.55,591.1,588.9,591.1,586.7,0.747,57.0,0.042,0,2026-08-14,2026-08-17,False,False,5.0,2026-08-17T10:55:35+05:30
USHAMART,490.33,TOUCHED,-0.22,inside,489.25,490.33,490.33,491.53,489.14,0.486,57.0,0.035,0,2026-08-14,2026-08-17,False,False,5.0,2026-08-17T10:55:35+05:30
PINELABS,165.47,TOUCHED,-1.01,below,163.8,165.47,166.09,166.7,165.47,0.739,57.1,0.057,0,2026-08-14,2026-08-17,False,False,5.0,2026-08-17T10:55:35+05:30
TMCV,475.66,TOUCHED,-1.16,below,470.15,475.66,477.02,478.38,475.66,0.57,57.1,0.024,0,2026-08-14,2026-08-17,False,False,5.0,2026-08-17T10:55:35+05:30
CIEINDIA,409.54,TOUCHED,-0.4,below,407.9,409.54,410.48,411.43,409.54,0.459,57.3,0.029,0,2026-08-13,2026-08-17,False,False,5.0,2026-08-17T10:55:35+05:30
HDBFS,685.78,TOUCHED,0.11,above,686.5,685.78,684.6,685.78,683.43,0.343,57.3,0.023,0,2026-08-14,2026-08-17,False,False,5.0,2026-08-17T10:55:35+05:30
ITC,277.15,TOUCHED,-0.6,below,275.5,277.15,277.5,277.85,277.15,0.252,57.5,0.021,0,2026-08-14,2026-08-17,False,False,5.0,2026-08-17T10:55:35+05:30
GLAND,2977.87,TOUCHED,-0.44,below,2964.7,2977.87,2985.53,2993.2,2977.87,0.514,58.1,0.04,0,2026-08-14,2026-08-17,False,False,5.0,2026-08-17T10:55:35+05:30
JSWDULUX,3154.23,TOUCHED,0.05,inside,3155.8,3154.23,3154.23,3160.82,3147.65,0.417,58.4,0.022,0,2026-08-14,2026-08-17,False,False,5.0,2026-08-17T10:55:35+05:30
VIJAYA,1482.37,TOUCHED,0.21,inside,1485.5,1482.37,1482.37,1486.5,1478.23,0.558,58.4,0.036,0,2026-08-14,2026-08-17,False,False,5.0,2026-08-17T10:55:35+05:30
GMDCLTD,582.95,TOUCHED,-0.29,below,581.25,582.95,585.1,587.25,582.95,0.735,58.9,0.068,0,2026-08-14,2026-08-17,False,False,5.0,2026-08-17T10:55:35+05:30
HFCL,223.97,TOUCHED,-0.51,below,222.82,223.97,224.84,225.7,223.97,0.768,58.9,0.028,0,2026-08-14,2026-08-17,False,False,5.0,2026-08-17T10:55:35+05:30
ERIS,1361.87,TOUCHED,-1.19,below,1345.6,1361.87,1365.23,1368.6,1361.87,0.493,59.2,0.03,0,2026-08-14,2026-08-17,False,False,5.0,2026-08-17T10:55:35+05:30
LUPIN,2238.87,TOUCHED,-0.78,below,2221.4,2238.87,2242.73,2246.6,2238.87,0.345,59.2,0.028,0,2026-08-14,2026-08-17,False,False,5.0,2026-08-17T10:55:35+05:30
NEWGEN,536.94,TOUCHED,-1.45,below,529.15,536.94,538.73,540.52,536.94,0.665,59.7,0.034,0,2026-08-14,2026-08-17,False,False,5.0,2026-08-17T10:55:35+05:30
PGEL,603.23,TOUCHED,-0.49,below,600.25,603.23,605.47,607.7,603.23,0.738,60.3,0.054,0,2026-08-14,2026-08-17,False,False,5.0,2026-08-17T10:55:35+05:30
APARINDS,16755.33,TOUCHED,-0.71,below,16636.0,16755.33,16819.67,16884.0,16755.33,0.765,60.5,0.055,0,2026-08-14,2026-08-17,False,False,5.0,2026-08-17T10:55:35+05:30
BBTC,1471.52,TOUCHED,-0.86,below,1458.9,1471.52,1474.83,1478.15,1471.52,0.45,60.8,0.032,0,2026-08-14,2026-08-17,False,False,5.0,2026-08-17T10:55:35+05:30
MUTHOOTFIN,2862.15,TOUCHED,0.27,above,2869.9,2862.15,2855.43,2862.15,2848.72,0.47,60.8,0.04,0,2026-08-14,2026-08-17,False,False,5.0,2026-08-17T10:55:35+05:30
KIMS,811.41,TOUCHED,-0.67,below,806.0,811.41,813.72,816.02,811.41,0.567,61.1,0.04,0,2026-08-14,2026-08-17,False,False,5.0,2026-08-17T10:55:35+05:30
POONAWALLA,500.85,TOUCHED,0.12,inside,501.45,500.85,500.85,502.32,499.37,0.589,61.1,0.033,0,2026-08-14,2026-08-17,False,False,5.0,2026-08-17T10:55:35+05:30
GPIL,237.0,TOUCHED,-0.33,inside,236.22,237.0,237.0,237.79,236.21,0.662,61.4,0.029,0,2026-08-14,2026-08-17,False,False,5.0,2026-08-17T10:55:35+05:30
URBANCO,143.29,TOUCHED,-0.03,inside,143.24,143.29,143.29,143.84,142.74,0.768,61.4,0.045,0,2026-08-14,2026-08-17,False,False,5.0,2026-08-17T10:55:35+05:30
CRAFTSMAN,10339.5,TOUCHED,0.99,above,10441.5,10339.5,10310.0,10339.5,10280.5,0.572,62.2,0.057,0,2026-08-14,2026-08-17,False,False,5.0,2026-08-17T10:55:35+05:30
TATACONSUM,1081.82,TOUCHED,-0.58,below,1075.5,1081.82,1084.13,1086.45,1081.82,0.427,62.5,0.027,0,2026-08-14,2026-08-17,False,False,5.0,2026-08-17T10:55:35+05:30
CHOICEIN,807.95,TOUCHED,-0.14,inside,806.8,807.95,807.95,809.75,806.15,0.446,62.7,0.023,0,2026-08-14,2026-08-17,False,False,5.0,2026-08-17T10:55:35+05:30
DCMSHRIRAM,1018.93,TOUCHED,0.03,inside,1019.2,1018.93,1018.93,1021.82,1016.05,0.566,62.7,0.024,0,2026-08-14,2026-08-17,False,False,5.0,2026-08-17T10:55:35+05:30
HUDCO,189.06,TOUCHED,-1.41,below,186.4,189.06,189.62,190.19,189.06,0.598,62.7,0.036,0,2026-08-14,2026-08-17,False,False,5.0,2026-08-17T10:55:35+05:30
OIL,471.9,TOUCHED,0.68,above,475.1,471.9,470.77,471.9,469.63,0.481,62.7,0.021,0,2026-08-14,2026-08-17,False,False,5.0,2026-08-17T10:55:35+05:30
BAJAJFINSV,2016.17,TOUCHED,-0.07,inside,2014.7,2016.17,2016.17,2020.1,2012.23,0.39,63.0,0.02,0,2026-08-14,2026-08-17,False,False,5.0,2026-08-17T10:55:35+05:30
FINCABLES,1257.8,TOUCHED,4.66,above,1316.45,1257.8,1254.15,1257.8,1250.5,0.582,63.3,0.019,0,2026-08-14,2026-08-17,False,False,5.0,2026-08-17T10:55:35+05:30
TRIDENT,24.45,TOUCHED,-0.1,inside,24.43,24.45,24.45,24.51,24.4,0.463,63.3,0.028,0,2026-08-14,2026-08-17,False,False,5.0,2026-08-17T10:55:35+05:30
AFFLE,1664.0,TOUCHED,0.13,above,1666.1,1664.0,1659.2,1664.0,1654.4,0.579,63.6,0.032,0,2026-08-14,2026-08-17,False,False,5.0,2026-08-17T10:55:35+05:30
DEEPAKFERT,1491.25,TOUCHED,0.6,above,1500.2,1491.25,1486.1,1491.25,1480.95,0.693,63.6,0.044,0,2026-08-14,2026-08-17,False,False,5.0,2026-08-17T10:55:35+05:30
M&M,3404.15,TOUCHED,-0.22,below,3396.5,3404.15,3412.2,3420.25,3404.15,0.472,63.6,0.026,0,2026-08-14,2026-08-17,False,False,5.0,2026-08-17T10:55:35+05:30
RITES,221.67,TOUCHED,-0.85,below,219.79,221.67,222.28,222.89,221.67,0.549,63.8,0.025,0,2026-08-14,2026-08-17,False,False,5.0,2026-08-17T10:55:35+05:30
FSL,268.03,TOUCHED,-0.01,below,268.0,268.03,268.95,269.88,268.03,0.688,64.1,0.037,0,2026-08-14,2026-08-17,False,False,5.0,2026-08-17T10:55:35+05:30
MEDANTA,1418.45,TOUCHED,0.5,above,1425.5,1418.45,1414.3,1418.45,1410.15,0.587,64.1,0.028,0,2026-08-14,2026-08-17,False,False,5.0,2026-08-17T10:55:35+05:30
SBILIFE,1798.38,TOUCHED,-0.66,below,1786.6,1798.38,1801.77,1805.15,1798.38,0.376,64.1,0.017,0,2026-08-14,2026-08-17,False,False,5.0,2026-08-17T10:55:35+05:30
ABSLAMC,1014.13,TOUCHED,-0.62,below,1007.8,1014.13,1017.07,1020.0,1014.13,0.577,64.4,0.033,0,2026-08-14,2026-08-17,False,False,5.0,2026-08-17T10:55:35+05:30
HINDZINC,566.4,TOUCHED,0.96,above,571.85,566.4,564.9,566.4,563.4,0.531,64.4,0.041,0,2026-08-14,2026-08-17,False,False,5.0,2026-08-17T10:55:35+05:30
NIVABUPA,83.1,TOUCHED,0.19,inside,83.26,83.1,83.1,83.29,82.91,0.457,64.4,0.018,0,2026-08-14,2026-08-17,False,False,5.0,2026-08-17T10:55:35+05:30
PERSISTENT,5548.5,TOUCHED,-0.1,inside,5543.0,5548.5,5548.5,5564.25,5532.75,0.568,64.4,0.018,0,2026-08-14,2026-08-17,False,False,5.0,2026-08-17T10:55:35+05:30
LICI,412.73,TOUCHED,0.05,above,412.95,412.73,411.97,412.73,411.2,0.372,64.9,0.031,0,2026-08-14,2026-08-17,False,False,5.0,2026-08-17T10:55:35+05:30
BDL,1388.37,TOUCHED,0.23,inside,1391.6,1388.37,1388.37,1393.18,1383.55,0.694,65.5,0.049,0,2026-08-14,2026-08-17,False,False,5.0,2026-08-17T10:55:35+05:30
JUBLFOOD,508.0,TOUCHED,0.15,above,508.75,508.0,506.7,508.0,505.4,0.513,65.5,0.018,0,2026-08-14,2026-08-17,False,False,5.0,2026-08-17T10:55:35+05:30
CAMS,764.38,TOUCHED,-0.31,below,762.0,764.38,766.52,768.65,764.38,0.557,65.8,0.041,0,2026-08-14,2026-08-17,False,False,5.0,2026-08-17T10:55:35+05:30
GODREJPROP,1996.73,TOUCHED,-1.1,below,1974.8,1996.73,2003.47,2010.2,1996.73,0.672,66.0,0.045,0,2026-08-14,2026-08-17,False,False,5.0,2026-08-17T10:55:35+05:30
APLAPOLLO,2078.2,TOUCHED,0.09,above,2080.0,2078.2,2073.1,2078.2,2068.0,0.492,66.3,0.017,0,2026-08-14,2026-08-17,False,False,5.0,2026-08-17T10:55:35+05:30
PREMIERENE,1020.5,TOUCHED,-0.29,below,1017.5,1020.5,1023.7,1026.9,1020.5,0.625,66.3,0.029,0,2026-08-14,2026-08-17,False,False,5.0,2026-08-17T10:55:35+05:30
ZENSARTECH,492.48,TOUCHED,-1.13,below,486.9,492.48,494.17,495.85,492.48,0.681,66.6,0.035,0,2026-08-14,2026-08-17,False,False,5.0,2026-08-17T10:55:35+05:30
SCHAEFFLER,4054.15,TOUCHED,-0.01,below,4053.8,4054.15,4065.1,4076.05,4054.15,0.539,67.4,0.035,0,2026-08-14,2026-08-17,False,False,5.0,2026-08-17T10:55:35+05:30
TECHNOE,972.02,TOUCHED,-2.48,below,947.95,972.02,975.63,979.25,972.02,0.741,67.4,0.05,0,2026-08-14,2026-08-17,False,False,5.0,2026-08-17T10:55:35+05:30
YESBANK,22.73,TOUCHED,-0.42,below,22.63,22.73,22.78,22.84,22.73,0.483,67.4,0.04,0,2026-08-14,2026-08-17,False,False,5.0,2026-08-17T10:55:35+05:30
BPCL,316.75,TOUCHED,-0.27,below,315.9,316.75,317.65,318.55,316.75,0.567,67.7,0.021,0,2026-08-14,2026-08-17,False,False,5.0,2026-08-17T10:55:35+05:30
CHENNPETRO,1339.9,TOUCHED,0.37,above,1344.8,1339.9,1333.9,1339.9,1327.9,0.9,67.9,0.026,0,2026-08-14,2026-08-17,False,False,5.0,2026-08-17T10:55:35+05:30
KPIL,1360.97,TOUCHED,0.08,inside,1362.1,1360.97,1360.97,1365.35,1356.58,0.644,67.9,0.043,0,2026-08-14,2026-08-17,False,False,5.0,2026-08-17T10:55:35+05:30
ENRIN,3559.37,TOUCHED,0.02,inside,3560.0,3559.37,3559.37,3570.9,3547.83,0.648,68.2,0.027,0,2026-08-14,2026-08-17,False,False,5.0,2026-08-17T10:55:35+05:30
BAYERCROP,4055.83,TOUCHED,-0.49,below,4036.0,4055.83,4065.87,4075.9,4055.83,0.494,68.5,0.031,0,2026-08-14,2026-08-17,False,False,5.0,2026-08-17T10:55:35+05:30
HONASA,498.2,TOUCHED,-1.52,below,490.65,498.2,499.73,501.27,498.2,0.614,68.5,0.054,0,2026-08-14,2026-08-17,False,False,5.0,2026-08-17T10:55:35+05:30
MAXHEALTH,1002.53,TOUCHED,0.03,inside,1002.8,1002.53,1002.53,1005.57,999.5,0.605,68.5,0.037,0,2026-08-14,2026-08-17,False,False,5.0,2026-08-17T10:55:35+05:30
MCX,2944.45,TOUCHED,0.05,above,2946.0,2944.45,2933.47,2944.45,2922.48,0.749,68.5,0.058,0,2026-08-14,2026-08-17,False,False,5.0,2026-08-17T10:55:35+05:30
UBL,1379.48,TOUCHED,-1.19,below,1363.0,1379.48,1382.37,1385.25,1379.48,0.417,68.5,0.026,0,2026-08-14,2026-08-17,False,False,5.0,2026-08-17T10:55:35+05:30
ADANIENSOL,1605.0,TOUCHED,0.22,inside,1608.6,1605.0,1605.0,1610.5,1599.5,0.685,69.0,0.031,0,2026-08-14,2026-08-17,False,False,5.0,2026-08-17T10:55:35+05:30
DABUR,406.12,TOUCHED,-0.19,below,405.35,406.12,406.98,407.85,406.12,0.426,69.0,0.033,0,2026-08-14,2026-08-17,False,False,5.0,2026-08-17T10:55:35+05:30
VMM,105.84,TOUCHED,-0.21,inside,105.62,105.84,105.84,106.17,105.52,0.608,69.6,0.026,0,2026-08-14,2026-08-17,False,False,5.0,2026-08-17T10:55:35+05:30
FIVESTAR,544.02,TOUCHED,-0.54,below,541.1,544.02,546.08,548.14,544.02,0.754,69.9,0.041,0,2026-08-14,2026-08-17,False,False,5.0,2026-08-17T10:55:35+05:30
AIIL,567.38,TOUCHED,-2.25,below,554.6,567.38,569.85,572.33,567.38,0.869,70.4,0.055,0,2026-08-14,2026-08-17,False,False,5.0,2026-08-17T10:55:35+05:30
MAHABANK,80.37,TOUCHED,-0.25,below,80.17,80.37,80.62,80.88,80.37,0.624,70.7,0.042,0,2026-08-14,2026-08-17,False,False,5.0,2026-08-17T10:55:35+05:30
ICICIBANK,1411.93,TOUCHED,-0.16,inside,1409.7,1411.93,1411.93,1414.47,1409.4,0.359,71.5,0.023,0,2026-08-14,2026-08-17,False,False,5.0,2026-08-17T10:55:35+05:30
BEML,1897.4,TOUCHED,1.16,above,1919.5,1897.4,1889.73,1897.4,1882.07,0.811,71.8,0.028,0,2026-08-14,2026-08-17,False,False,5.0,2026-08-17T10:55:35+05:30
HBLENGINE,681.36,TOUCHED,-1.34,below,672.2,681.36,684.22,687.07,681.36,0.836,71.8,0.036,0,2026-08-14,2026-08-17,False,False,5.0,2026-08-17T10:55:35+05:30
PCBL,310.86,TOUCHED,-0.5,below,309.3,310.86,311.92,312.98,310.86,0.679,72.1,0.057,0,2026-08-14,2026-08-17,False,False,5.0,2026-08-17T10:55:35+05:30
PPLPHARMA,207.4,TOUCHED,-0.72,below,205.91,207.4,208.17,208.93,207.4,0.733,72.6,0.044,0,2026-08-14,2026-08-17,False,False,5.0,2026-08-17T10:55:35+05:30
KFINTECH,936.37,TOUCHED,0.56,above,941.6,936.37,932.73,936.37,929.1,0.779,73.2,0.019,0,2026-08-14,2026-08-17,False,False,5.0,2026-08-17T10:55:35+05:30
TATASTEEL,182.56,TOUCHED,0.12,inside,182.79,182.56,182.56,183.03,182.1,0.513,73.2,0.019,0,2026-08-14,2026-08-17,False,False,5.0,2026-08-17T10:55:35+05:30
ADANIGREEN,1331.55,TOUCHED,-0.15,below,1329.6,1331.55,1337.03,1342.52,1331.55,0.82,73.4,0.045,0,2026-08-14,2026-08-17,False,False,5.0,2026-08-17T10:55:35+05:30
PETRONET,281.84,TOUCHED,0.46,above,283.15,281.84,281.08,281.84,280.32,0.54,73.4,0.025,0,2026-08-14,2026-08-17,False,False,5.0,2026-08-17T10:55:35+05:30
ANURAS,1216.07,TOUCHED,-0.11,inside,1214.7,1216.07,1216.07,1219.4,1212.73,0.548,73.7,0.025,0,2026-08-14,2026-08-17,False,False,5.0,2026-08-17T10:55:35+05:30
KPRMILL,1105.8,TOUCHED,0.41,above,1110.3,1105.8,1101.6,1105.8,1097.4,0.763,73.7,0.054,0,2026-08-14,2026-08-17,False,False,5.0,2026-08-17T10:55:35+05:30
DATAPATTNS,4506.37,TOUCHED,0.11,inside,4511.5,4506.37,4506.37,4531.65,4481.08,1.122,74.2,0.075,0,2026-08-14,2026-08-17,False,False,5.0,2026-08-17T10:55:35+05:30
IRCTC,500.02,TOUCHED,-0.09,inside,499.55,500.02,500.02,501.27,498.76,0.503,74.2,0.037,0,2026-08-14,2026-08-17,False,False,5.0,2026-08-17T10:55:35+05:30
GMRAIRPORT,102.16,TOUCHED,-0.16,inside,102.0,102.16,102.16,102.49,101.84,0.639,74.8,0.019,0,2026-08-14,2026-08-17,False,False,5.0,2026-08-17T10:55:35+05:30
M&MFIN,391.63,TOUCHED,-0.11,below,391.2,391.63,393.15,394.68,391.63,0.776,75.1,0.037,0,2026-08-14,2026-08-17,False,False,5.0,2026-08-17T10:55:35+05:30
TITAGARH,834.89,TOUCHED,-2.45,below,814.4,834.89,838.43,841.98,834.89,0.845,75.1,0.051,0,2026-08-14,2026-08-17,False,False,5.0,2026-08-17T10:55:35+05:30
KAYNES,3699.7,TOUCHED,-0.04,inside,3698.1,3699.7,3699.7,3719.45,3679.95,1.068,77.0,0.046,0,2026-08-14,2026-08-17,False,False,5.0,2026-08-17T10:55:35+05:30
INDGN,557.85,TOUCHED,-0.64,below,554.3,557.85,559.9,561.95,557.85,0.732,77.3,0.023,0,2026-08-14,2026-08-17,False,False,5.0,2026-08-17T10:55:35+05:30
ANANDRATHI,2181.8,TOUCHED,-0.18,below,2177.9,2181.8,2188.9,2196.0,2181.8,0.649,77.5,0.022,0,2026-08-14,2026-08-17,False,False,5.0,2026-08-17T10:55:35+05:30
CLEAN,831.0,TOUCHED,0.46,above,834.8,831.0,827.83,831.0,824.67,0.765,77.5,0.026,0,2026-08-14,2026-08-17,False,False,5.0,2026-08-17T10:55:35+05:30
ENDURANCE,2931.75,TOUCHED,2.51,above,3005.3,2931.75,2920.83,2931.75,2909.92,0.748,77.5,0.044,0,2026-08-14,2026-08-17,False,False,5.0,2026-08-17T10:55:35+05:30
CROMPTON,245.82,TOUCHED,-0.05,below,245.7,245.82,246.65,247.48,245.82,0.669,78.4,0.025,0,2026-08-14,2026-08-17,False,False,5.0,2026-08-17T10:55:35+05:30
HYUNDAI,2207.1,TOUCHED,-1.22,below,2180.2,2207.1,2215.2,2223.3,2207.1,0.731,78.9,0.026,0,2026-08-14,2026-08-17,False,False,5.0,2026-08-17T10:55:35+05:30
CANBK,130.27,TOUCHED,-0.36,inside,129.8,130.27,130.27,130.76,129.78,0.75,79.2,0.023,0,2026-08-14,2026-08-17,False,False,5.0,2026-08-17T10:55:35+05:30
ELGIEQUIP,607.0,TOUCHED,2.68,above,623.25,607.0,604.5,607.0,602.0,0.827,79.2,0.04,0,2026-08-14,2026-08-17,False,False,5.0,2026-08-17T10:55:35+05:30
MRPL,171.47,TOUCHED,-0.34,below,170.9,171.47,172.41,173.35,171.47,1.085,79.2,0.056,0,2026-08-14,2026-08-17,False,False,5.0,2026-08-17T10:55:35+05:30
OLECTRA,1323.17,TOUCHED,-0.32,below,1318.9,1323.17,1329.43,1335.7,1323.17,0.943,79.7,0.034,0,2026-08-14,2026-08-17,False,False,5.0,2026-08-17T10:55:35+05:30
IKS,1831.6,TOUCHED,0.12,above,1833.8,1831.6,1823.2,1831.6,1814.8,0.921,80.0,0.02,0,2026-08-14,2026-08-17,False,False,5.0,2026-08-17T10:55:35+05:30
ENGINERSIN,244.9,TOUCHED,-1.8,below,240.5,244.9,246.13,247.35,244.9,0.994,80.3,0.038,0,2026-08-14,2026-08-17,False,False,5.0,2026-08-17T10:55:35+05:30
EXIDEIND,477.75,TOUCHED,-1.02,below,472.9,477.75,479.4,481.05,477.75,0.688,80.3,0.027,0,2026-08-14,2026-08-17,False,False,5.0,2026-08-17T10:55:35+05:30
SARDAEN,523.38,TOUCHED,-0.5,below,520.75,523.38,525.97,528.56,523.38,0.985,80.3,0.028,0,2026-08-14,2026-08-17,False,False,5.0,2026-08-17T10:55:35+05:30
ADANIENT,3011.03,TOUCHED,0.22,inside,3017.7,3011.03,3011.03,3023.07,2999.0,0.799,81.9,0.026,0,2026-08-14,2026-08-17,False,False,5.0,2026-08-17T10:55:35+05:30
ABB,7704.33,TOUCHED,0.35,inside,7731.5,7704.33,7704.33,7732.0,7676.67,0.718,82.5,0.023,0,2026-08-14,2026-08-17,False,False,5.0,2026-08-17T10:55:35+05:30
ACUTAAS,3200.53,TOUCHED,0.4,inside,3213.2,3200.53,3200.53,3218.07,3183.0,1.096,82.5,0.036,0,2026-08-14,2026-08-17,False,False,5.0,2026-08-17T10:55:35+05:30
TATACOMM,1725.3,TOUCHED,-1.91,below,1692.3,1725.3,1732.5,1739.7,1725.3,0.831,82.5,0.022,0,2026-08-14,2026-08-17,False,False,5.0,2026-08-17T10:55:35+05:30
LALPATHLAB,1923.58,TOUCHED,-1.28,below,1898.9,1923.58,1930.87,1938.15,1923.58,0.754,82.7,0.043,0,2026-08-14,2026-08-17,False,False,5.0,2026-08-17T10:55:35+05:30
BLS,275.26,TOUCHED,-0.43,inside,274.08,275.26,275.26,276.69,273.83,1.039,83.0,0.032,0,2026-08-14,2026-08-17,False,False,5.0,2026-08-17T10:55:35+05:30
GRAPHITE,729.52,TOUCHED,-0.43,inside,726.4,729.52,729.52,733.48,725.56,1.085,83.3,0.023,0,2026-08-14,2026-08-17,False,False,5.0,2026-08-17T10:55:35+05:30
JAINREC,297.32,TOUCHED,0.35,inside,298.35,297.32,297.32,299.27,295.36,1.317,83.3,0.06,0,2026-08-14,2026-08-17,False,False,5.0,2026-08-17T10:55:35+05:30
TORNTPHARM,4860.5,TOUCHED,-0.09,inside,4856.0,4860.5,4860.5,4874.25,4846.75,0.566,83.3,0.025,0,2026-08-14,2026-08-17,False,False,5.0,2026-08-17T10:55:35+05:30
DEVYANI,143.05,TOUCHED,0.09,above,143.18,143.05,142.34,143.05,141.62,1.0,84.4,0.04,0,2026-08-14,2026-08-17,False,False,5.0,2026-08-17T10:55:35+05:30
REDINGTON,336.09,TOUCHED,-0.43,below,334.65,336.09,338.13,340.18,336.09,1.208,85.2,0.038,0,2026-08-14,2026-08-17,False,False,5.0,2026-08-17T10:55:35+05:30
LTF,309.2,TOUCHED,0.08,inside,309.45,309.2,309.2,310.65,307.75,0.938,85.5,0.03,0,2026-08-14,2026-08-17,False,False,5.0,2026-08-17T10:55:35+05:30
ASIANPAINT,2704.42,TOUCHED,-0.29,below,2696.6,2704.42,2712.53,2720.65,2704.42,0.598,85.8,0.021,0,2026-08-14,2026-08-17,False,False,5.0,2026-08-17T10:55:35+05:30
MRF,132635.0,TOUCHED,0.27,inside,132995.0,132635.0,132635.0,133062.5,132207.5,0.645,86.6,0.034,0,2026-08-14,2026-08-17,False,False,5.0,2026-08-17T10:55:35+05:30
PAYTM,1612.1,TOUCHED,-0.56,below,1603.0,1612.1,1621.2,1630.3,1612.1,1.123,86.8,0.053,0,2026-08-14,2026-08-17,False,False,5.0,2026-08-17T10:55:35+05:30
IDEA,13.93,TOUCHED,-0.43,inside,13.87,13.93,13.93,14.02,13.84,1.292,87.1,0.046,0,2026-08-14,2026-08-17,False,False,5.0,2026-08-17T10:55:35+05:30
RECLTD,336.5,TOUCHED,-0.12,below,336.1,336.5,338.0,339.5,336.5,0.888,87.1,0.016,0,2026-08-14,2026-08-17,False,False,5.0,2026-08-17T10:55:35+05:30
BATAINDIA,749.68,TOUCHED,-0.36,inside,746.95,749.68,749.68,752.69,746.68,0.803,87.9,0.022,0,2026-08-14,2026-08-17,False,False,5.0,2026-08-17T10:55:35+05:30
NETWEB,5130.15,TOUCHED,0.41,above,5151.3,5130.15,5089.17,5130.15,5048.18,1.611,87.9,0.054,0,2026-08-14,2026-08-17,False,False,5.0,2026-08-17T10:55:35+05:30
FLUOROCHEM,4760.45,TOUCHED,-1.43,below,4692.5,4760.45,4783.1,4805.75,4760.45,0.947,88.2,0.022,0,2026-08-14,2026-08-17,False,False,5.0,2026-08-17T10:55:35+05:30
ATUL,6793.33,TOUCHED,-0.45,inside,6762.5,6793.33,6793.33,6825.5,6761.17,0.947,88.8,0.015,0,2026-08-14,2026-08-17,False,False,5.0,2026-08-17T10:55:35+05:30
SHYAMMETL,986.4,TOUCHED,-0.03,below,986.1,986.4,990.8,995.2,986.4,0.888,88.8,0.016,0,2026-08-14,2026-08-17,False,False,5.0,2026-08-17T10:55:35+05:30
BERGEPAINT,551.55,TOUCHED,-0.34,inside,549.65,551.55,551.55,554.15,548.95,0.943,89.0,0.013,0,2026-08-13,2026-08-17,False,False,5.0,2026-08-17T10:55:35+05:30
ABDL,603.48,TOUCHED,-1.5,below,594.45,603.48,607.5,611.52,603.48,1.325,89.6,0.076,0,2026-08-14,2026-08-17,False,False,5.0,2026-08-17T10:55:35+05:30
HAVELLS,1292.93,TOUCHED,0.39,above,1298.0,1292.93,1287.87,1292.93,1282.8,0.787,89.6,0.019,0,2026-08-14,2026-08-17,False,False,5.0,2026-08-17T10:55:35+05:30
LTTS,3495.32,TOUCHED,-0.57,below,3475.5,3495.32,3513.83,3532.35,3495.32,1.054,89.9,0.042,0,2026-08-14,2026-08-17,False,False,5.0,2026-08-17T10:55:35+05:30
SUMICHEM,558.4,TOUCHED,-0.19,inside,557.35,558.4,558.4,561.68,555.12,1.173,89.9,0.039,0,2026-08-14,2026-08-17,False,False,5.0,2026-08-17T10:55:35+05:30
LAURUSLABS,1806.07,TOUCHED,-0.46,inside,1797.8,1806.07,1806.07,1815.45,1796.68,1.039,90.4,0.017,0,2026-08-14,2026-08-17,False,False,5.0,2026-08-17T10:55:35+05:30
AARTIIND,528.27,TOUCHED,-0.27,inside,526.85,528.27,528.27,531.18,525.35,1.104,90.7,0.033,0,2026-08-14,2026-08-17,False,False,5.0,2026-08-17T10:55:35+05:30
EIDPARRY,786.98,TOUCHED,0.24,above,788.9,786.98,783.05,786.98,779.13,1.002,91.0,0.032,0,2026-08-14,2026-08-17,False,False,5.0,2026-08-17T10:55:35+05:30
AUROPHARMA,1638.0,TOUCHED,0.45,inside,1645.4,1638.0,1638.0,1645.95,1630.05,0.971,91.2,0.038,0,2026-08-14,2026-08-17,False,False,5.0,2026-08-17T10:55:35+05:30
RAMCOCEM,915.75,TOUCHED,0.43,inside,919.7,915.75,915.75,920.02,911.48,0.934,91.2,0.045,0,2026-08-14,2026-08-17,False,False,5.0,2026-08-17T10:55:35+05:30
ALKEM,5349.17,TOUCHED,1.44,above,5426.0,5349.17,5330.33,5349.17,5311.5,0.707,91.5,0.026,0,2026-08-14,2026-08-17,False,False,5.0,2026-08-17T10:55:35+05:30
ADANIPORTS,1685.73,TOUCHED,0.18,inside,1688.8,1685.73,1685.73,1692.87,1678.6,0.846,91.8,0.021,0,2026-08-14,2026-08-17,False,False,5.0,2026-08-17T10:55:35+05:30
ASHOKLEY,174.62,TOUCHED,0.34,above,175.22,174.62,173.63,174.62,172.63,1.146,91.8,0.027,0,2026-08-14,2026-08-17,False,False,5.0,2026-08-17T10:55:35+05:30
NBCC,89.54,TOUCHED,-0.23,below,89.34,89.54,90.08,90.63,89.54,1.204,91.8,0.044,0,2026-08-14,2026-08-17,False,False,5.0,2026-08-17T10:55:35+05:30
RAINBOW,1454.95,TOUCHED,0.44,above,1461.4,1454.95,1448.1,1454.95,1441.25,0.946,92.3,0.034,0,2026-08-14,2026-08-17,False,False,5.0,2026-08-17T10:55:35+05:30
BHARTIHEXA,1611.87,TOUCHED,1.56,above,1637.0,1611.87,1602.63,1611.87,1593.4,1.152,92.9,0.038,0,2026-08-14,2026-08-17,False,False,5.0,2026-08-17T10:55:35+05:30
CONCOR,529.78,TOUCHED,-1.5,below,521.85,529.78,532.57,535.35,529.78,1.045,93.7,0.034,0,2026-08-14,2026-08-17,False,False,5.0,2026-08-17T10:55:35+05:30
FORTIS,918.53,TOUCHED,-0.1,inside,917.6,918.53,918.53,923.77,913.3,1.139,94.2,0.031,0,2026-08-14,2026-08-17,False,False,5.0,2026-08-17T10:55:35+05:30
BHARTIARTL,1984.37,TOUCHED,0.08,above,1985.9,1984.37,1976.63,1984.37,1968.9,0.782,94.8,0.014,0,2026-08-14,2026-08-17,False,False,5.0,2026-08-17T10:55:35+05:30
OFSS,11746.67,TOUCHED,0.49,above,11804.0,11746.67,11665.33,11746.67,11584.0,1.394,95.3,0.029,0,2026-08-14,2026-08-17,False,False,5.0,2026-08-17T10:55:35+05:30
BIOCON,416.97,V+N,-1.46,below,410.9,416.97,416.98,416.99,416.97,0.004,1.6,0.03,1,2026-08-14,2026-08-17,True,True,5.0,2026-08-17T11:40:57+05:30
BALRAMCHIN,624.84,V+N,3.51,above,646.8,624.84,624.83,624.84,624.83,0.003,1.9,0.025,1,2026-08-14,2026-08-17,True,True,5.0,2026-08-17T11:40:57+05:30
SONATSOFTW,325.82,V+N,-1.45,below,321.1,325.82,325.85,325.87,325.82,0.015,3.8,0.026,1,2026-08-14,2026-08-17,True,True,5.0,2026-08-17T11:40:57+05:30
TCS,2361.23,V+N,-1.86,below,2317.4,2361.23,2361.47,2361.7,2361.23,0.02,3.8,0.029,1,2026-08-14,2026-08-17,True,True,5.0,2026-08-17T11:40:57+05:30
BALKRISIND,2428.2,V+W,-1.43,below,2393.4,2428.2,2446.4,2464.6,2428.2,1.488,97.3,0.026,1,2026-08-13,2026-08-17,True,False,5.0,2026-08-17T11:40:57+05:30
3MINDIA,35610.0,V+W,-1.7,below,35005.0,35610.0,35880.0,36150.0,35610.0,1.505,98.1,0.025,1,2026-08-14,2026-08-17,True,False,5.0,2026-08-17T11:40:57+05:30
SAIL,168.06,V+W,0.74,above,169.3,168.06,166.61,168.06,165.17,1.739,98.6,0.026,1,2026-08-14,2026-08-17,True,False,5.0,2026-08-17T11:40:57+05:30
360ONE,1179.25,V,-2.18,below,1153.5,1179.25,1179.5,1179.75,1179.25,0.042,6.6,0.032,1,2026-08-14,2026-08-17,True,False,5.0,2026-08-17T11:40:57+05:30
DEEPAKNTR,1722.78,V,1.61,above,1750.6,1722.78,1722.37,1722.78,1721.95,0.048,6.8,0.03,1,2026-08-14,2026-08-17,True,False,5.0,2026-08-17T11:40:57+05:30
RBLBANK,385.09,V,-0.72,below,382.3,385.09,385.18,385.27,385.09,0.048,7.4,0.032,1,2026-08-14,2026-08-17,True,False,5.0,2026-08-17T11:40:57+05:30
HINDALCO,1029.36,V,0.85,above,1038.1,1029.36,1029.22,1029.36,1029.08,0.028,7.9,0.011,1,2026-08-14,2026-08-17,True,False,5.0,2026-08-17T11:40:57+05:30
GRANULES,858.7,V,-0.82,below,851.65,858.7,859.0,859.3,858.7,0.07,8.5,0.037,1,2026-08-14,2026-08-17,True,False,5.0,2026-08-17T11:40:57+05:30
AMBUJACEM,417.64,V,-1.93,below,409.6,417.64,417.78,417.93,417.64,0.068,8.8,0.035,1,2026-08-14,2026-08-17,True,False,5.0,2026-08-17T11:40:57+05:30
INDIANB,894.05,V,-2.47,below,871.95,894.05,894.35,894.65,894.05,0.067,11.0,0.027,1,2026-08-14,2026-08-17,True,False,5.0,2026-08-17T11:40:57+05:30
ECLERX,1893.75,V,-1.87,below,1858.3,1893.75,1894.83,1895.92,1893.75,0.114,11.2,0.039,1,2026-08-14,2026-08-17,True,False,5.0,2026-08-17T11:40:57+05:30
HINDUNILVR,2077.55,V,-0.84,below,2060.0,2077.55,2078.1,2078.65,2077.55,0.053,11.8,0.015,1,2026-08-14,2026-08-17,True,False,5.0,2026-08-17T11:40:57+05:30
DIXON,14121.33,V,0.14,above,14141.0,14121.33,14112.67,14121.33,14104.0,0.123,12.1,0.056,1,2026-08-14,2026-08-17,True,False,5.0,2026-08-17T11:40:57+05:30
PNB,118.05,V,-1.74,below,116.0,118.05,118.1,118.15,118.05,0.085,12.6,0.035,1,2026-08-14,2026-08-17,True,False,5.0,2026-08-17T11:40:57+05:30
HEXT,570.17,V,-1.46,below,561.85,570.17,570.5,570.82,570.17,0.114,13.2,0.045,1,2026-08-14,2026-08-17,True,False,5.0,2026-08-17T11:40:57+05:30
LT,4052.8,V,-0.43,below,4035.3,4052.8,4054.2,4055.6,4052.8,0.069,13.2,0.024,1,2026-08-14,2026-08-17,True,False,5.0,2026-08-17T11:40:57+05:30
DEEPAKFERT,1459.5,V,2.29,above,1492.9,1459.5,1458.5,1459.5,1457.5,0.137,13.4,0.044,1,2026-08-13,2026-08-17,True,False,5.0,2026-08-17T11:40:57+05:30
IDBI,82.51,V,-1.15,below,81.56,82.51,82.56,82.62,82.51,0.137,14.8,0.042,1,2026-08-14,2026-08-17,True,False,5.0,2026-08-17T11:40:57+05:30
NMDC,84.24,V,-3.25,below,81.51,84.24,84.3,84.35,84.24,0.123,15.6,0.028,1,2026-08-14,2026-08-17,True,False,5.0,2026-08-17T11:40:57+05:30
GODFRYPHLP,2150.88,V,-1.11,below,2127.0,2150.88,2152.77,2154.65,2150.88,0.175,17.3,0.041,1,2026-08-14,2026-08-17,True,False,5.0,2026-08-17T11:40:57+05:30
J&KBANK,155.61,V,-3.84,below,149.64,155.61,155.74,155.87,155.61,0.167,18.4,0.029,1,2026-08-14,2026-08-17,True,False,5.0,2026-08-17T11:40:57+05:30
AMBER,7215.5,V,0.82,above,7274.5,7215.5,7209.0,7215.5,7202.5,0.18,19.2,0.031,1,2026-08-14,2026-08-17,True,False,5.0,2026-08-17T11:40:57+05:30
UTIAMC,908.69,V,-0.57,below,903.55,908.69,909.33,909.98,908.69,0.141,19.5,0.043,1,2026-08-14,2026-08-17,True,False,5.0,2026-08-17T11:40:57+05:30
IGL,151.81,V,-1.73,below,149.19,151.81,151.92,152.03,151.81,0.145,19.7,0.046,1,2026-08-14,2026-08-17,True,False,5.0,2026-08-17T11:40:57+05:30
UNIONBANK,187.54,V,-1.15,below,185.38,187.54,187.7,187.86,187.54,0.172,20.3,0.047,1,2026-08-14,2026-08-17,True,False,5.0,2026-08-17T11:40:57+05:30
CHOLAFIN,1896.05,V,-0.51,below,1886.3,1896.05,1897.7,1899.35,1896.05,0.174,20.8,0.041,1,2026-08-14,2026-08-17,True,False,5.0,2026-08-17T11:40:57+05:30
BELRISE,255.6,V,-6.15,below,239.88,255.6,255.84,256.08,255.6,0.192,20.9,0.034,1,2026-08-14,2026-08-17,True,False,5.0,2026-08-17T11:40:57+05:30
MAPMYINDIA,990.47,V,-0.51,below,985.4,990.47,991.23,992.0,990.47,0.155,21.1,0.031,1,2026-08-14,2026-08-17,True,False,5.0,2026-08-17T11:40:57+05:30
DMART,4062.82,V,-1.47,below,4003.0,4062.82,4065.63,4068.45,4062.82,0.139,21.6,0.028,1,2026-08-14,2026-08-17,True,False,5.0,2026-08-17T11:40:57+05:30
TATAELXSI,3775.33,V,-1.05,below,3735.8,3775.33,3777.97,3780.6,3775.33,0.139,21.6,0.034,1,2026-08-14,2026-08-17,True,False,5.0,2026-08-17T11:40:57+05:30
TEJASNET,539.14,V,-3.0,below,522.95,539.14,539.78,540.42,539.14,0.238,22.2,0.046,1,2026-08-14,2026-08-17,True,False,5.0,2026-08-17T11:40:57+05:30
SONACOMS,794.4,V,2.01,above,810.35,794.4,793.6,794.4,792.8,0.202,23.3,0.034,1,2026-08-14,2026-08-17,True,False,5.0,2026-08-17T11:40:57+05:30
TATAINVEST,667.9,V,-1.81,below,655.8,667.9,668.5,669.1,667.9,0.18,23.3,0.023,1,2026-08-14,2026-08-17,True,False,5.0,2026-08-17T11:40:57+05:30
CDSL,1345.7,V,-1.03,below,1331.8,1345.7,1347.0,1348.3,1345.7,0.193,23.6,0.036,1,2026-08-14,2026-08-17,True,False,5.0,2026-08-17T11:40:57+05:30
HINDCOPPER,530.85,V,5.47,above,559.9,530.85,530.25,530.85,529.65,0.226,23.8,0.032,1,2026-08-14,2026-08-17,True,False,5.0,2026-08-17T11:40:57+05:30
TATACHEM,671.28,V,-0.88,below,665.35,671.28,671.9,672.52,671.28,0.186,24.4,0.02,1,2026-08-14,2026-08-17,True,False,5.0,2026-08-17T11:40:57+05:30
ACMESOLAR,374.59,V,-2.47,below,365.35,374.59,375.08,375.57,374.59,0.262,24.9,0.05,1,2026-08-14,2026-08-17,True,False,5.0,2026-08-17T11:40:57+05:30
GODIGIT,259.94,V,-1.57,below,255.85,259.94,260.23,260.53,259.94,0.224,28.5,0.028,1,2026-08-14,2026-08-17,True,False,5.0,2026-08-17T11:40:57+05:30
HEROMOTOCO,5856.0,V,-1.53,below,5766.5,5856.0,5862.0,5868.0,5856.0,0.205,29.0,0.017,1,2026-08-13,2026-08-17,True,False,5.0,2026-08-17T11:40:57+05:30
WIPRO,184.16,V,-1.3,below,181.77,184.16,184.31,184.47,184.16,0.17,29.6,0.013,1,2026-08-14,2026-08-17,True,False,5.0,2026-08-17T11:40:57+05:30
IRCON,124.99,V,-1.21,below,123.47,124.99,125.18,125.38,124.99,0.312,32.1,0.042,1,2026-08-14,2026-08-17,True,False,5.0,2026-08-17T11:40:57+05:30
GAIL,174.42,V,-1.33,below,172.11,174.42,174.58,174.74,174.42,0.181,32.6,0.015,1,2026-08-14,2026-08-17,True,False,5.0,2026-08-17T11:40:57+05:30
SHRIRAMFIN,1133.75,V,-0.61,below,1126.8,1133.75,1135.2,1136.65,1133.75,0.255,33.4,0.038,1,2026-08-13,2026-08-17,True,False,5.0,2026-08-17T11:40:57+05:30
JWL,256.91,V,-2.94,below,249.35,256.91,257.32,257.73,256.91,0.317,34.8,0.044,1,2026-08-14,2026-08-17,True,False,5.0,2026-08-17T11:40:57+05:30
MANKIND,2428.55,V,-1.39,below,2394.7,2428.55,2431.9,2435.25,2428.55,0.276,34.8,0.039,1,2026-08-14,2026-08-17,True,False,5.0,2026-08-17T11:40:57+05:30
BSE,3454.17,V,-4.32,below,3305.0,3454.17,3461.33,3468.5,3454.17,0.414,35.6,0.022,1,2026-08-14,2026-08-17,True,False,5.0,2026-08-17T11:40:57+05:30
BANKBARODA,248.53,V,-1.86,below,243.9,248.53,248.84,249.14,248.53,0.248,35.9,0.012,1,2026-08-14,2026-08-17,True,False,5.0,2026-08-17T11:40:57+05:30
IDFCFIRSTB,85.8,V,-1.35,below,84.64,85.8,85.91,86.02,85.8,0.26,37.3,0.033,1,2026-08-14,2026-08-17,True,False,5.0,2026-08-17T11:40:57+05:30
NUVOCO,332.07,V,-1.17,below,328.2,332.07,332.6,333.12,332.07,0.316,38.1,0.042,1,2026-08-14,2026-08-17,True,False,5.0,2026-08-17T11:40:57+05:30
ESCORTS,3108.97,V,0.58,above,3126.9,3108.97,3104.23,3108.97,3099.5,0.305,38.9,0.041,1,2026-08-14,2026-08-17,True,False,5.0,2026-08-17T11:40:57+05:30
COCHINSHIP,1499.2,V,-1.84,below,1471.6,1499.2,1501.9,1504.6,1499.2,0.36,39.5,0.043,1,2026-08-14,2026-08-17,True,False,5.0,2026-08-17T11:40:57+05:30
RAILTEL,282.68,V,-1.59,below,278.2,282.68,283.22,283.75,282.68,0.377,39.7,0.046,1,2026-08-14,2026-08-17,True,False,5.0,2026-08-17T11:40:57+05:30
LTFOODS,420.58,V,-0.26,below,419.5,420.58,421.37,422.15,420.58,0.372,40.5,0.036,1,2026-08-14,2026-08-17,True,False,5.0,2026-08-17T11:40:57+05:30
ACC,1322.77,V,-1.62,below,1301.4,1322.77,1324.13,1325.5,1322.77,0.206,41.4,0.035,1,2026-08-14,2026-08-17,True,False,5.0,2026-08-17T11:40:57+05:30
AEGISVOPAK,269.82,V,-1.41,below,266.0,269.82,270.53,271.25,269.82,0.53,42.6,0.04,1,2026-08-14,2026-08-17,True,False,5.0,2026-08-17T11:40:57+05:30
JKCEMENT,5315.83,V,-0.55,below,5286.5,5315.83,5325.17,5334.5,5315.83,0.351,43.3,0.033,1,2026-08-14,2026-08-17,True,False,5.0,2026-08-17T11:40:57+05:30
PNBHOUSING,1152.45,V,-0.92,below,1141.8,1152.45,1154.4,1156.35,1152.45,0.338,44.1,0.027,1,2026-08-14,2026-08-17,True,False,5.0,2026-08-17T11:40:57+05:30
CGPOWER,888.56,V,0.5,above,893.0,888.56,886.97,888.56,885.38,0.359,44.4,0.039,1,2026-08-14,2026-08-17,True,False,5.0,2026-08-17T11:40:57+05:30
BRIGADE,592.87,V,-1.21,below,585.7,592.87,594.18,595.5,592.87,0.443,46.0,0.024,1,2026-08-14,2026-08-17,True,False,5.0,2026-08-17T11:40:57+05:30
BOSCHLTD,47032.5,V,0.75,above,47385.0,47032.5,46965.0,47032.5,46897.5,0.287,46.3,0.029,1,2026-08-14,2026-08-17,True,False,5.0,2026-08-17T11:40:57+05:30
SWIGGY,277.04,V,-1.04,below,274.15,277.04,277.78,278.52,277.04,0.534,47.7,0.045,1,2026-08-14,2026-08-17,True,False,5.0,2026-08-17T11:40:57+05:30
IRFC,87.71,V,-1.63,below,86.28,87.71,87.86,88.0,87.71,0.326,49.3,0.033,1,2026-08-14,2026-08-17,True,False,5.0,2026-08-17T11:40:57+05:30
FACT,809.49,V,-1.8,below,794.95,809.49,811.28,813.07,809.49,0.442,50.7,0.058,1,2026-08-14,2026-08-17,True,False,5.0,2026-08-17T11:40:57+05:30
LTM,4724.55,V,-1.55,below,4651.1,4724.55,4734.1,4743.65,4724.55,0.403,51.5,0.032,1,2026-08-14,2026-08-17,True,False,5.0,2026-08-17T11:40:57+05:30
CYIENT,869.03,V,-2.12,below,850.6,869.03,871.02,873.0,869.03,0.455,54.2,0.024,1,2026-08-14,2026-08-17,True,False,5.0,2026-08-17T11:40:57+05:30
NHPC,77.06,V,-1.07,below,76.23,77.06,77.22,77.38,77.06,0.41,56.7,0.035,1,2026-08-14,2026-08-17,True,False,5.0,2026-08-17T11:40:57+05:30
ANGELONE,288.29,V,-0.4,below,287.15,288.29,289.28,290.27,288.29,0.686,60.8,0.029,1,2026-08-14,2026-08-17,True,False,5.0,2026-08-17T11:40:57+05:30
ABCAPITAL,402.2,V,-1.04,below,398.0,402.2,403.4,404.6,402.2,0.595,63.6,0.038,1,2026-08-14,2026-08-17,True,False,5.0,2026-08-17T11:40:57+05:30
ABFRL,56.15,V,-2.07,below,54.99,56.15,56.32,56.5,56.15,0.61,63.8,0.025,1,2026-08-14,2026-08-17,True,False,5.0,2026-08-17T11:40:57+05:30
BLUEDART,5152.33,V,-1.12,below,5094.5,5152.33,5163.67,5175.0,5152.33,0.439,64.9,0.017,1,2026-08-14,2026-08-17,True,False,5.0,2026-08-17T11:40:57+05:30
BRITANNIA,5568.67,V,-0.87,below,5520.0,5568.67,5579.33,5590.0,5568.67,0.382,65.2,0.021,1,2026-08-14,2026-08-17,True,False,5.0,2026-08-17T11:40:57+05:30
SBIN,1069.65,V,-1.54,below,1053.2,1069.65,1071.6,1073.55,1069.65,0.364,65.5,0.011,1,2026-08-14,2026-08-17,True,False,5.0,2026-08-17T11:40:57+05:30
SHREECEM,24846.67,V,-1.72,below,24420.0,24846.67,24898.33,24950.0,24846.67,0.415,67.1,0.013,1,2026-08-14,2026-08-17,True,False,5.0,2026-08-17T11:40:57+05:30
CPPLUS,3535.27,V,-5.44,below,3343.1,3535.27,3551.53,3567.8,3535.27,0.916,68.1,0.037,1,2026-08-14,2026-08-17,True,False,5.0,2026-08-17T11:40:57+05:30
JPPOWER,17.46,V,-0.8,below,17.32,17.46,17.53,17.6,17.46,0.799,69.9,0.037,1,2026-08-14,2026-08-17,True,False,5.0,2026-08-17T11:40:57+05:30
AAVAS,1401.78,V,-1.0,below,1387.8,1401.78,1406.17,1410.55,1401.78,0.623,70.1,0.027,1,2026-08-14,2026-08-17,True,False,5.0,2026-08-17T11:40:57+05:30
ITI,277.66,V,-0.9,below,275.15,277.66,278.57,279.48,277.66,0.652,70.7,0.035,1,2026-08-14,2026-08-17,True,False,5.0,2026-08-17T11:40:57+05:30
SCHNEIDER,1375.78,V,-12.33,below,1206.1,1375.78,1382.37,1388.95,1375.78,0.952,70.7,0.027,1,2026-08-14,2026-08-17,True,False,5.0,2026-08-17T11:40:57+05:30
HAL,5015.13,V,1.67,above,5099.0,5015.13,5000.37,5015.13,4985.6,0.591,71.0,0.035,1,2026-08-14,2026-08-17,True,False,5.0,2026-08-17T11:40:57+05:30
AIAENG,4495.97,V,-2.15,below,4399.4,4495.97,4509.13,4522.3,4495.97,0.584,71.5,0.041,1,2026-08-14,2026-08-17,True,False,5.0,2026-08-17T11:40:57+05:30
TATAPOWER,383.03,V,-1.21,below,378.4,383.03,384.02,385.0,383.03,0.512,71.8,0.023,1,2026-08-14,2026-08-17,True,False,5.0,2026-08-17T11:40:57+05:30
BSOFT,313.27,V,-2.1,below,306.7,313.27,314.48,315.7,313.27,0.774,72.9,0.037,1,2026-08-14,2026-08-17,True,False,5.0,2026-08-17T11:40:57+05:30
NCC,141.13,V,-1.59,below,138.89,141.13,141.61,142.09,141.13,0.678,74.2,0.027,1,2026-08-14,2026-08-17,True,False,5.0,2026-08-17T11:40:57+05:30
DELHIVERY,461.35,V,-1.25,below,455.6,461.35,463.0,464.65,461.35,0.713,76.7,0.019,1,2026-08-14,2026-08-17,True,False,5.0,2026-08-17T11:40:57+05:30
THERMAX,4029.22,V,3.83,above,4183.4,4029.22,4013.53,4029.22,3997.85,0.782,77.0,0.022,1,2026-08-14,2026-08-17,True,False,5.0,2026-08-17T11:40:57+05:30
FORTIS,903.07,V,0.65,above,908.9,903.07,899.98,903.07,896.9,0.685,77.8,0.031,1,2026-08-13,2026-08-17,True,False,5.0,2026-08-17T11:40:57+05:30
SUPREMEIND,3544.52,V,1.79,above,3608.0,3544.52,3530.13,3544.52,3515.75,0.815,80.0,0.043,1,2026-08-14,2026-08-17,True,False,5.0,2026-08-17T11:40:57+05:30
NSLNISP,44.7,V,-7.89,below,41.17,44.7,44.9,45.09,44.7,0.884,81.1,0.033,1,2026-08-14,2026-08-17,True,False,5.0,2026-08-17T11:40:57+05:30
SIEMENS,3956.0,V,-0.82,below,3923.4,3956.0,3972.0,3988.0,3956.0,0.806,81.4,0.02,1,2026-08-14,2026-08-17,True,False,5.0,2026-08-17T11:40:57+05:30
ASTRAL,1562.4,V,-1.31,below,1542.0,1562.4,1568.5,1574.6,1562.4,0.778,81.6,0.032,1,2026-08-14,2026-08-17,True,False,5.0,2026-08-17T11:40:57+05:30
JUBLPHARMA,869.69,V,-2.2,below,850.55,869.69,873.58,877.48,869.69,0.891,83.0,0.019,1,2026-08-14,2026-08-17,True,False,5.0,2026-08-17T11:40:57+05:30
CGCL,227.63,V,-1.73,below,223.69,227.63,228.73,229.84,227.63,0.968,83.3,0.049,1,2026-08-14,2026-08-17,True,False,5.0,2026-08-17T11:40:57+05:30
CIPLA,1453.92,V,-1.82,below,1427.5,1453.92,1457.83,1461.75,1453.92,0.537,85.5,0.023,1,2026-08-14,2026-08-17,True,False,5.0,2026-08-17T11:40:57+05:30
NTPC,341.12,V,-1.02,below,337.65,341.12,342.17,343.21,341.12,0.609,86.6,0.015,1,2026-08-13,2026-08-17,True,False,5.0,2026-08-17T11:40:57+05:30
CEMPRO,1289.53,V,4.42,above,1346.5,1289.53,1280.27,1289.53,1271.0,1.448,87.7,0.053,1,2026-08-14,2026-08-17,True,False,5.0,2026-08-17T11:40:57+05:30
RHIM,382.0,V,-1.54,below,376.1,382.0,384.15,386.3,382.0,1.119,88.5,0.029,1,2026-08-14,2026-08-17,True,False,5.0,2026-08-17T11:40:57+05:30
ABBOTINDIA,27173.33,V,-1.59,below,26740.0,27173.33,27286.67,27400.0,27173.33,0.831,90.1,0.036,1,2026-08-14,2026-08-17,True,False,5.0,2026-08-17T11:40:57+05:30
EMCURE,1944.37,V,-2.53,below,1895.1,1944.37,1956.43,1968.5,1944.37,1.234,90.4,0.029,1,2026-08-14,2026-08-17,True,False,5.0,2026-08-17T11:40:57+05:30
ZEEL,101.55,V,0.57,above,102.13,101.55,100.83,101.55,100.1,1.441,90.4,0.045,1,2026-08-14,2026-08-17,True,False,5.0,2026-08-17T11:40:57+05:30
IPCALAB,1762.5,V,5.62,above,1861.5,1762.5,1753.07,1762.5,1743.63,1.076,90.7,0.032,1,2026-08-14,2026-08-17,True,False,5.0,2026-08-17T11:40:57+05:30
JIOFIN,250.14,V,-1.14,below,247.3,250.14,251.23,252.33,250.14,0.869,90.7,0.022,1,2026-08-14,2026-08-17,True,False,5.0,2026-08-17T11:40:57+05:30
ASAHIINDIA,932.83,V,0.39,above,936.45,932.83,926.45,932.83,920.08,1.376,93.4,0.045,1,2026-08-14,2026-08-17,True,False,5.0,2026-08-17T11:40:57+05:30
NATCOPHARM,910.63,V,-3.13,below,882.1,910.63,918.12,925.6,910.63,1.63,96.7,0.019,1,2026-08-14,2026-08-17,True,False,5.0,2026-08-17T11:40:57+05:30
IEX,124.75,NARROW,-0.5,below,124.13,124.75,124.75,124.75,124.75,0.0,0.0,0.028,0,2026-08-14,2026-08-17,False,True,5.0,2026-08-17T11:40:57+05:30
WAAREEENER,2682.0,NARROW,-0.21,below,2676.4,2682.0,2682.0,2682.0,2682.0,0.0,0.0,0.043,0,2026-08-14,2026-08-17,False,True,5.0,2026-08-17T11:40:57+05:30
PHOENIXLTD,1890.02,NARROW,-0.47,below,1881.1,1890.02,1890.03,1890.05,1890.02,0.002,0.8,0.047,0,2026-08-14,2026-08-17,False,True,5.0,2026-08-17T11:40:57+05:30
GALLANTT,582.02,NARROW,-0.4,below,579.7,582.02,582.03,582.04,582.02,0.003,1.1,0.069,0,2026-08-14,2026-08-17,False,True,5.0,2026-08-17T11:40:57+05:30
LICHSGFIN,500.02,NARROW,-0.42,below,497.9,500.02,500.03,500.05,500.02,0.007,1.9,0.021,0,2026-08-14,2026-08-17,False,True,5.0,2026-08-17T11:40:57+05:30
CEATLTD,3689.02,NARROW,-0.96,below,3653.5,3689.02,3689.23,3689.45,3689.02,0.012,3.0,0.033,0,2026-08-14,2026-08-17,False,True,5.0,2026-08-17T11:40:57+05:30
CENTRALBK,31.39,NARROW,-0.67,below,31.18,31.39,31.39,31.4,31.39,0.021,3.0,0.041,0,2026-08-14,2026-08-17,False,True,5.0,2026-08-17T11:40:57+05:30
BAJAJHFL,84.31,NARROW,-0.59,below,83.81,84.31,84.32,84.32,84.31,0.016,3.3,0.024,0,2026-08-14,2026-08-17,False,True,5.0,2026-08-17T11:40:57+05:30
BANKINDIA,144.06,NARROW,-1.94,below,141.26,144.06,144.07,144.09,144.06,0.021,3.3,0.031,0,2026-08-14,2026-08-17,False,True,5.0,2026-08-17T11:40:57+05:30
IFCI,76.95,NARROW,-0.78,below,76.35,76.95,76.96,76.97,76.95,0.026,3.3,0.1,0,2026-08-14,2026-08-17,False,True,5.0,2026-08-17T11:40:57+05:30
MAZDOCK,2578.85,NARROW,-0.19,below,2574.0,2578.85,2579.23,2579.62,2578.85,0.03,3.3,0.043,0,2026-08-14,2026-08-17,False,True,5.0,2026-08-17T11:40:57+05:30
JSL,737.73,NARROW,0.05,above,738.1,737.73,737.62,737.73,737.5,0.032,3.6,0.041,0,2026-08-14,2026-08-17,False,True,5.0,2026-08-17T11:40:57+05:30
TECHM,1632.93,NARROW,-1.54,below,1607.8,1632.93,1633.07,1633.2,1632.93,0.016,3.6,0.034,0,2026-08-14,2026-08-17,False,True,5.0,2026-08-17T11:40:57+05:30
SIGNATURE,809.35,NARROW,-0.47,below,805.55,809.35,809.45,809.55,809.35,0.025,3.8,0.028,0,2026-08-14,2026-08-17,False,True,5.0,2026-08-17T11:40:57+05:30
WOCKPHARMA,1933.03,NARROW,-1.35,below,1907.0,1933.03,1933.37,1933.7,1933.03,0.034,3.8,0.059,0,2026-08-14,2026-08-17,False,True,5.0,2026-08-17T11:40:57+05:30
JKTYRE,383.95,NARROW,-0.59,below,381.7,383.95,384.0,384.05,383.95,0.026,4.1,0.045,0,2026-08-14,2026-08-17,False,True,5.0,2026-08-17T11:40:57+05:30
UPL,563.12,NARROW,0.21,above,564.3,563.12,563.08,563.12,563.04,0.015,4.1,0.018,0,2026-08-14,2026-08-17,False,True,5.0,2026-08-17T11:40:57+05:30
AEGISLOG,1266.0,NARROW,1.9,above,1290.0,1266.0,1265.8,1266.0,1265.6,0.032,4.7,0.033,0,2026-08-14,2026-08-17,False,True,5.0,2026-08-17T11:40:57+05:30
DLF,664.72,NARROW,-0.33,below,662.55,664.72,664.82,664.91,664.72,0.028,4.9,0.029,0,2026-08-14,2026-08-17,False,True,5.0,2026-08-17T11:40:57+05:30
RVNL,227.24,NARROW,-0.53,below,226.04,227.24,227.27,227.31,227.24,0.034,4.9,0.034,0,2026-08-14,2026-08-17,False,True,5.0,2026-08-17T11:40:57+05:30
ZYDUSLIFE,1147.9,WIDE,-0.11,inside,1146.6,1147.9,1147.9,1154.25,1141.55,1.106,97.0,0.024,0,2026-08-14,2026-08-17,False,False,5.0,2026-08-17T11:40:57+05:30
FIRSTCRY,208.6,WIDE,-0.31,below,207.96,208.6,211.11,213.62,208.6,2.379,97.3,0.06,0,2026-08-14,2026-08-17,False,False,5.0,2026-08-17T11:40:57+05:30
PAGEIND,37220.0,WIDE,-0.51,inside,37030.0,37220.0,37220.0,37455.0,36985.0,1.263,97.8,0.027,0,2026-08-14,2026-08-17,False,False,5.0,2026-08-17T11:40:57+05:30
SAMMAANCAP,155.76,WIDE,-0.81,inside,154.5,155.76,155.76,157.45,154.08,2.166,98.1,0.041,0,2026-08-14,2026-08-17,False,False,5.0,2026-08-17T11:40:57+05:30
WELSPUNLIV,168.3,WIDE,0.26,inside,168.73,168.3,168.3,170.42,166.18,2.519,98.6,0.042,0,2026-08-14,2026-08-17,False,False,5.0,2026-08-17T11:40:57+05:30
APOLLOHOSP,8865.92,WIDE,0.03,above,8869.0,8865.92,8811.33,8865.92,8756.75,1.239,99.2,0.017,0,2026-08-14,2026-08-17,False,False,5.0,2026-08-17T11:40:57+05:30
LGEINDIA,1692.27,WIDE,-0.72,inside,1680.0,1692.27,1692.27,1710.98,1673.55,2.212,99.5,0.01,0,2026-08-14,2026-08-17,False,False,5.0,2026-08-17T11:40:57+05:30
MINDACORP,727.65,WIDE,-0.23,below,726.0,727.65,735.25,742.85,727.65,2.067,99.5,0.038,0,2026-08-14,2026-08-17,False,False,5.0,2026-08-17T11:40:57+05:30
COLPAL,1980.25,TOUCHED,-0.67,below,1967.0,1980.25,1980.5,1980.75,1980.25,0.025,5.2,0.024,0,2026-08-14,2026-08-17,False,False,5.0,2026-08-17T11:40:57+05:30
NAM-INDIA,1168.5,TOUCHED,1.94,above,1191.2,1168.5,1168.3,1168.5,1168.1,0.034,5.5,0.032,0,2026-08-14,2026-08-17,False,False,5.0,2026-08-17T11:40:57+05:30
RELIANCE,1309.5,TOUCHED,-0.73,below,1300.0,1309.5,1309.67,1309.83,1309.5,0.025,5.5,0.024,0,2026-08-14,2026-08-17,False,False,5.0,2026-08-17T11:40:57+05:30
UCOBANK,26.0,TOUCHED,-0.47,below,25.88,26.0,26.0,26.01,26.0,0.013,5.5,0.013,0,2026-08-14,2026-08-17,False,False,5.0,2026-08-17T11:40:57+05:30
CHAMBLFERT,442.83,TOUCHED,-0.89,below,438.9,442.83,442.95,443.07,442.83,0.056,6.3,0.035,0,2026-08-14,2026-08-17,False,False,5.0,2026-08-17T11:40:57+05:30
NIACL,178.98,TOUCHED,-1.08,below,177.05,178.98,179.01,179.05,178.98,0.039,6.3,0.032,0,2026-08-14,2026-08-17,False,False,5.0,2026-08-17T11:40:57+05:30
PARADEEP,147.74,TOUCHED,-1.05,below,146.18,147.74,147.77,147.81,147.74,0.052,6.3,0.036,0,2026-08-14,2026-08-17,False,False,5.0,2026-08-17T11:40:57+05:30
SBFC,93.99,TOUCHED,-1.12,below,92.94,93.99,94.01,94.03,93.99,0.043,6.3,0.032,0,2026-08-14,2026-08-17,False,False,5.0,2026-08-17T11:40:57+05:30
WELCORP,1873.92,TOUCHED,-1.14,below,1852.5,1873.92,1874.53,1875.15,1873.92,0.066,6.6,0.051,0,2026-08-14,2026-08-17,False,False,5.0,2026-08-17T11:40:57+05:30
EIHOTEL,300.17,TOUCHED,-1.21,below,296.55,300.17,300.23,300.29,300.17,0.039,6.8,0.03,0,2026-08-14,2026-08-17,False,False,5.0,2026-08-17T11:40:57+05:30
NEULANDLAB,23340.0,TOUCHED,1.74,above,23746.0,23340.0,23333.33,23340.0,23326.67,0.057,6.8,0.032,0,2026-08-14,2026-08-17,False,False,5.0,2026-08-17T11:40:57+05:30
SWANCORP,304.68,TOUCHED,-0.22,below,304.0,304.68,304.77,304.85,304.68,0.055,6.8,0.034,0,2026-08-14,2026-08-17,False,False,5.0,2026-08-17T11:40:57+05:30
ABB,7711.83,TOUCHED,-0.24,below,7693.0,7711.83,7713.67,7715.5,7711.83,0.048,7.1,0.023,0,2026-08-13,2026-08-17,False,False,5.0,2026-08-17T11:40:57+05:30
HCLTECH,1360.23,TOUCHED,-2.09,below,1331.8,1360.23,1360.47,1360.7,1360.23,0.034,7.1,0.024,0,2026-08-14,2026-08-17,False,False,5.0,2026-08-17T11:40:57+05:30
SJVN,67.22,TOUCHED,-1.0,below,66.55,67.22,67.24,67.25,67.22,0.04,7.1,0.027,0,2026-08-14,2026-08-17,False,False,5.0,2026-08-17T11:40:57+05:30
ACE,1085.23,TOUCHED,1.44,above,1100.9,1085.23,1084.87,1085.23,1084.5,0.068,7.4,0.049,0,2026-08-14,2026-08-17,False,False,5.0,2026-08-17T11:40:57+05:30
HOMEFIRST,1176.12,TOUCHED,0.16,above,1178.0,1176.12,1175.73,1176.12,1175.35,0.065,7.7,0.044,0,2026-08-14,2026-08-17,False,False,5.0,2026-08-17T11:40:57+05:30
APOLLOTYRE,443.19,TOUCHED,-0.77,below,439.8,443.19,443.33,443.48,443.19,0.064,7.9,0.04,0,2026-08-13,2026-08-17,False,False,5.0,2026-08-17T11:40:57+05:30
STARHEALTH,584.8,TOUCHED,0.01,inside,584.85,584.8,584.8,584.98,584.62,0.06,7.9,0.026,0,2026-08-14,2026-08-17,False,False,5.0,2026-08-17T11:40:57+05:30
TARIL,298.21,TOUCHED,-0.92,below,295.45,298.21,298.37,298.52,298.21,0.106,9.0,0.054,0,2026-08-14,2026-08-17,False,False,5.0,2026-08-17T11:40:57+05:30
ABREL,1403.45,TOUCHED,-0.26,below,1399.8,1403.45,1404.0,1404.55,1403.45,0.078,9.3,0.025,0,2026-08-14,2026-08-17,False,False,5.0,2026-08-17T11:40:57+05:30
BAJAJHLDNG,11471.33,TOUCHED,0.08,above,11480.0,11471.33,11467.67,11471.33,11464.0,0.064,9.3,0.025,0,2026-08-14,2026-08-17,False,False,5.0,2026-08-17T11:40:57+05:30
TIINDIA,2734.5,TOUCHED,-1.58,below,2691.4,2734.5,2735.5,2736.5,2734.5,0.073,9.3,0.038,0,2026-08-14,2026-08-17,False,False,5.0,2026-08-17T11:40:57+05:30
GROWW,196.43,TOUCHED,0.54,above,197.48,196.43,196.34,196.43,196.25,0.087,9.4,0.03,0,2026-08-14,2026-08-17,False,False,5.0,2026-08-17T11:40:57+05:30
IOB,33.6,TOUCHED,-0.92,below,33.29,33.6,33.61,33.62,33.6,0.06,9.9,0.034,0,2026-08-14,2026-08-17,False,False,5.0,2026-08-17T11:40:57+05:30
LINDEINDIA,6690.0,TOUCHED,-1.14,below,6613.5,6690.0,6692.0,6694.0,6690.0,0.06,9.9,0.025,0,2026-08-14,2026-08-17,False,False,5.0,2026-08-17T11:40:57+05:30
CREDITACC,1550.25,TOUCHED,-1.11,below,1533.0,1550.25,1551.1,1551.95,1550.25,0.11,10.4,0.035,0,2026-08-14,2026-08-17,False,False,5.0,2026-08-17T11:40:57+05:30
DRREDDY,1199.15,TOUCHED,-0.71,below,1190.6,1199.15,1199.43,1199.72,1199.15,0.047,10.4,0.015,0,2026-08-14,2026-08-17,False,False,5.0,2026-08-17T11:40:57+05:30
UNOMINDA,1239.5,TOUCHED,1.66,above,1260.1,1239.5,1239.0,1239.5,1238.5,0.081,10.4,0.05,0,2026-08-14,2026-08-17,False,False,5.0,2026-08-17T11:40:57+05:30
ZENTEC,1856.52,TOUCHED,0.64,above,1868.4,1856.52,1855.83,1856.52,1855.15,0.074,10.4,0.016,0,2026-08-14,2026-08-17,False,False,5.0,2026-08-17T11:40:57+05:30
TBOTEK,1632.67,TOUCHED,1.12,above,1651.0,1632.67,1632.03,1632.67,1631.4,0.078,10.7,0.033,0,2026-08-14,2026-08-17,False,False,5.0,2026-08-17T11:40:57+05:30
NYKAA,330.72,TOUCHED,-1.04,below,327.3,330.72,330.82,330.91,330.72,0.055,11.0,0.027,0,2026-08-14,2026-08-17,False,False,5.0,2026-08-17T11:40:57+05:30
POLICYBZR,1743.35,TOUCHED,0.42,above,1750.7,1743.35,1742.57,1743.35,1741.78,0.09,11.0,0.038,0,2026-08-14,2026-08-17,False,False,5.0,2026-08-17T11:40:57+05:30
POWERINDIA,35718.33,TOUCHED,-0.14,below,35670.0,35718.33,35736.67,35755.0,35718.33,0.103,11.0,0.055,0,2026-08-14,2026-08-17,False,False,5.0,2026-08-17T11:40:57+05:30
HDFCBANK,726.55,TOUCHED,-0.21,below,725.0,726.55,726.7,726.85,726.55,0.041,11.2,0.019,0,2026-08-14,2026-08-17,False,False,5.0,2026-08-17T11:40:57+05:30
INDUSTOWER,384.0,TOUCHED,-1.26,below,379.15,384.0,384.12,384.23,384.0,0.061,11.2,0.022,0,2026-08-14,2026-08-17,False,False,5.0,2026-08-17T11:40:57+05:30
INDHOTEL,719.38,TOUCHED,-0.59,below,715.1,719.38,719.58,719.79,719.38,0.058,11.5,0.019,0,2026-08-14,2026-08-17,False,False,5.0,2026-08-17T11:40:57+05:30
INTELLECT,699.4,TOUCHED,-1.44,below,689.3,699.4,699.8,700.2,699.4,0.114,11.5,0.042,0,2026-08-14,2026-08-17,False,False,5.0,2026-08-17T11:40:57+05:30
VOLTAS,1318.75,TOUCHED,-3.35,below,1274.6,1318.75,1319.33,1319.92,1318.75,0.088,12.1,0.038,0,2026-08-14,2026-08-17,False,False,5.0,2026-08-17T11:40:57+05:30
ONESOURCE,1558.13,TOUCHED,0.64,above,1568.1,1558.13,1557.07,1558.13,1556.0,0.137,12.9,0.052,0,2026-08-14,2026-08-17,False,False,5.0,2026-08-17T11:40:57+05:30
TIMKEN,3257.27,TOUCHED,-0.04,inside,3256.1,3257.27,3257.27,3258.78,3255.75,0.093,12.9,0.05,0,2026-08-13,2026-08-17,False,False,5.0,2026-08-17T11:40:57+05:30
HINDPETRO,372.98,TOUCHED,-0.72,below,370.3,372.98,373.15,373.33,372.98,0.094,13.4,0.034,0,2026-08-14,2026-08-17,False,False,5.0,2026-08-17T11:40:57+05:30
JSWINFRA,338.7,TOUCHED,-1.83,below,332.5,338.7,338.85,339.0,338.7,0.089,13.4,0.029,0,2026-08-14,2026-08-17,False,False,5.0,2026-08-17T11:40:57+05:30
KAJARIACER,1254.02,TOUCHED,-0.76,below,1244.5,1254.02,1254.63,1255.25,1254.02,0.098,13.4,0.028,0,2026-08-14,2026-08-17,False,False,5.0,2026-08-17T11:40:57+05:30
MMTC,64.4,TOUCHED,-1.01,below,63.75,64.4,64.45,64.49,64.4,0.15,14.0,0.053,0,2026-08-14,2026-08-17,False,False,5.0,2026-08-17T11:40:57+05:30
OBEROIRLTY,1847.02,TOUCHED,-0.1,below,1845.1,1847.02,1848.03,1849.05,1847.02,0.11,14.0,0.044,0,2026-08-14,2026-08-17,False,False,5.0,2026-08-17T11:40:57+05:30
TATACAP,363.77,TOUCHED,-0.67,below,361.35,363.77,363.92,364.06,363.77,0.078,14.3,0.016,0,2026-08-14,2026-08-17,False,False,5.0,2026-08-17T11:40:57+05:30
HDFCAMC,2488.7,TOUCHED,1.46,above,2525.0,2488.7,2487.47,2488.7,2486.23,0.099,14.5,0.024,0,2026-08-14,2026-08-17,False,False,5.0,2026-08-17T11:40:57+05:30
TTML,38.61,TOUCHED,-1.38,below,38.08,38.61,38.64,38.66,38.61,0.121,14.5,0.046,0,2026-08-14,2026-08-17,False,False,5.0,2026-08-17T11:40:57+05:30
BEL,410.66,TOUCHED,0.42,above,412.4,410.66,410.52,410.66,410.38,0.069,14.8,0.025,0,2026-08-14,2026-08-17,False,False,5.0,2026-08-17T11:40:57+05:30
GABRIEL,1455.6,TOUCHED,-1.57,below,1432.7,1455.6,1456.73,1457.87,1455.6,0.156,14.8,0.033,0,2026-08-14,2026-08-17,False,False,5.0,2026-08-17T11:40:57+05:30
JSWCEMENT,129.78,TOUCHED,-1.43,below,127.93,129.78,129.86,129.94,129.78,0.123,14.8,0.036,0,2026-08-14,2026-08-17,False,False,5.0,2026-08-17T11:40:57+05:30
SRF,2604.72,TOUCHED,0.68,above,2622.5,2604.72,2603.43,2604.72,2602.15,0.099,15.1,0.028,0,2026-08-14,2026-08-17,False,False,5.0,2026-08-17T11:40:57+05:30
TRENT,2979.6,TOUCHED,-0.76,below,2957.0,2979.6,2981.2,2982.8,2979.6,0.107,15.1,0.046,0,2026-08-14,2026-08-17,False,False,5.0,2026-08-17T11:40:57+05:30
MOTHERSON,168.2,TOUCHED,0.55,above,169.13,168.2,168.1,168.2,168.0,0.121,15.3,0.035,0,2026-08-14,2026-08-17,False,False,5.0,2026-08-17T11:40:57+05:30
COROMANDEL,2093.72,TOUCHED,0.13,above,2096.5,2093.72,2092.13,2093.72,2090.55,0.151,16.2,0.04,0,2026-08-14,2026-08-17,False,False,5.0,2026-08-17T11:40:57+05:30
MARUTI,13851.5,TOUCHED,0.21,above,13880.0,13851.5,13845.67,13851.5,13839.83,0.084,16.4,0.015,0,2026-08-14,2026-08-17,False,False,5.0,2026-08-17T11:40:57+05:30
TRAVELFOOD,1362.5,TOUCHED,-0.9,below,1350.2,1362.5,1363.3,1364.1,1362.5,0.117,16.8,0.032,0,2026-08-14,2026-08-17,False,False,5.0,2026-08-17T11:40:57+05:30
LODHA,1240.8,TOUCHED,-0.93,below,1229.3,1240.8,1241.83,1242.87,1240.8,0.166,17.3,0.031,0,2026-08-14,2026-08-17,False,False,5.0,2026-08-17T11:40:57+05:30
BANDHANBNK,173.17,TOUCHED,-0.44,below,172.4,173.17,173.28,173.4,173.17,0.135,17.5,0.026,0,2026-08-14,2026-08-17,False,False,5.0,2026-08-17T11:40:57+05:30
TENNIND,537.78,TOUCHED,1.98,above,548.4,537.78,537.3,537.78,536.83,0.177,17.7,0.018,0,2026-08-14,2026-08-17,False,False,5.0,2026-08-17T11:40:57+05:30
LEMONTREE,109.13,TOUCHED,0.06,above,109.2,109.13,109.06,109.13,108.99,0.131,18.4,0.027,0,2026-08-14,2026-08-17,False,False,5.0,2026-08-17T11:40:57+05:30
NH,1829.15,TOUCHED,-0.52,below,1819.7,1829.15,1830.3,1831.45,1829.15,0.126,18.6,0.036,0,2026-08-14,2026-08-17,False,False,5.0,2026-08-17T11:40:57+05:30
PIRAMALFIN,2061.23,TOUCHED,-0.01,inside,2061.0,2061.23,2061.23,2063.0,2059.47,0.171,18.6,0.051,0,2026-08-14,2026-08-17,False,False,5.0,2026-08-17T11:40:57+05:30
SUZLON,47.22,TOUCHED,1.25,above,47.81,47.22,47.18,47.22,47.14,0.17,18.9,0.033,0,2026-08-14,2026-08-17,False,False,5.0,2026-08-17T11:40:57+05:30
MANAPPURAM,347.28,TOUCHED,-0.02,below,347.2,347.28,347.52,347.76,347.28,0.139,19.5,0.027,0,2026-08-14,2026-08-17,False,False,5.0,2026-08-17T11:40:57+05:30
GRASIM,3244.83,TOUCHED,0.06,inside,3246.7,3244.83,3244.83,3246.77,3242.9,0.119,20.3,0.017,0,2026-08-14,2026-08-17,False,False,5.0,2026-08-17T11:40:57+05:30
JUBLINGREA,734.73,TOUCHED,-1.07,below,726.85,734.73,735.47,736.21,734.73,0.202,20.3,0.034,0,2026-08-14,2026-08-17,False,False,5.0,2026-08-17T11:40:57+05:30
MEESHO,191.72,TOUCHED,1.01,above,193.65,191.72,191.53,191.72,191.35,0.195,20.6,0.027,0,2026-08-14,2026-08-17,False,False,5.0,2026-08-17T11:40:57+05:30
EMAMILTD,403.62,TOUCHED,-0.4,below,402.0,403.62,403.95,404.27,403.62,0.161,21.1,0.022,0,2026-08-14,2026-08-17,False,False,5.0,2026-08-17T11:40:57+05:30
CANFINHOME,819.12,TOUCHED,-1.27,below,808.75,819.12,819.68,820.24,819.12,0.136,21.4,0.02,0,2026-08-14,2026-08-17,False,False,5.0,2026-08-17T11:40:57+05:30
CHOLAHLDNG,1598.65,TOUCHED,-2.53,below,1558.2,1598.65,1600.1,1601.55,1598.65,0.181,21.4,0.026,0,2026-08-14,2026-08-17,False,False,5.0,2026-08-17T11:40:57+05:30
SAILIFE,1451.38,TOUCHED,-2.16,below,1420.1,1451.38,1452.87,1454.35,1451.38,0.204,21.6,0.04,0,2026-08-14,2026-08-17,False,False,5.0,2026-08-17T11:40:57+05:30
AWL,191.65,TOUCHED,-0.03,below,191.6,191.65,191.82,191.99,191.65,0.177,21.9,0.044,0,2026-08-14,2026-08-17,False,False,5.0,2026-08-17T11:40:57+05:30
GODREJCP,934.97,TOUCHED,-0.94,below,926.2,934.97,935.63,936.3,934.97,0.143,21.9,0.023,0,2026-08-14,2026-08-17,False,False,5.0,2026-08-17T11:40:57+05:30
PWL,117.61,TOUCHED,5.14,above,123.66,117.61,117.45,117.61,117.28,0.278,21.9,0.074,0,2026-08-14,2026-08-17,False,False,5.0,2026-08-17T11:40:57+05:30
BLUESTARCO,1509.43,TOUCHED,-0.47,below,1502.3,1509.43,1510.87,1512.3,1509.43,0.19,22.2,0.042,0,2026-08-14,2026-08-17,False,False,5.0,2026-08-17T11:40:57+05:30
NAVA,573.25,TOUCHED,-2.61,below,558.3,573.25,573.85,574.45,573.25,0.209,22.2,0.038,0,2026-08-14,2026-08-17,False,False,5.0,2026-08-17T11:40:57+05:30
SAGILITY,42.33,TOUCHED,-0.11,below,42.28,42.33,42.38,42.42,42.33,0.228,22.5,0.047,0,2026-08-14,2026-08-17,False,False,5.0,2026-08-17T11:40:57+05:30
TRITURBINE,591.88,TOUCHED,0.61,above,595.5,591.88,591.37,591.88,590.85,0.175,22.5,0.021,0,2026-08-14,2026-08-17,False,False,5.0,2026-08-17T11:40:57+05:30
EMMVEE,320.5,TOUCHED,0.08,inside,320.75,320.5,320.5,321.0,320.0,0.312,23.0,0.042,0,2026-08-14,2026-08-17,False,False,5.0,2026-08-17T11:40:57+05:30
NLCINDIA,274.47,TOUCHED,-1.1,below,271.45,274.47,274.78,275.09,274.47,0.224,23.0,0.049,0,2026-08-14,2026-08-17,False,False,5.0,2026-08-17T11:40:57+05:30
SAPPHIRE,234.99,TOUCHED,-0.24,below,234.43,234.99,235.26,235.54,234.99,0.231,23.3,0.05,0,2026-08-14,2026-08-17,False,False,5.0,2026-08-17T11:40:57+05:30
PVRINOX,1177.45,TOUCHED,1.66,above,1197.0,1177.45,1176.3,1177.45,1175.15,0.196,23.6,0.029,0,2026-08-14,2026-08-17,False,False,5.0,2026-08-17T11:40:57+05:30
ZYDUSWELL,508.5,TOUCHED,-0.78,below,504.55,508.5,509.1,509.7,508.5,0.236,24.1,0.034,0,2026-08-14,2026-08-17,False,False,5.0,2026-08-17T11:40:57+05:30
GLENMARK,2320.4,TOUCHED,-0.48,below,2309.3,2320.4,2322.4,2324.4,2320.4,0.172,24.4,0.035,0,2026-08-14,2026-08-17,False,False,5.0,2026-08-17T11:40:57+05:30
IGIL,347.15,TOUCHED,1.77,above,353.3,347.15,346.73,347.15,346.32,0.24,24.7,0.029,0,2026-08-14,2026-08-17,False,False,5.0,2026-08-17T11:40:57+05:30
PIDILITIND,1693.98,TOUCHED,-0.75,below,1681.2,1693.98,1694.97,1695.95,1693.98,0.116,24.7,0.026,0,2026-08-14,2026-08-17,False,False,5.0,2026-08-17T11:40:57+05:30
RKFORGE,735.07,TOUCHED,1.08,above,743.0,735.07,734.25,735.07,733.42,0.225,24.9,0.048,0,2026-08-14,2026-08-17,False,False,5.0,2026-08-17T11:40:57+05:30
BHARATFORG,2071.65,TOUCHED,0.54,above,2082.9,2071.65,2069.43,2071.65,2067.22,0.214,25.2,0.031,0,2026-08-14,2026-08-17,False,False,5.0,2026-08-17T11:40:57+05:30
HEG,698.25,TOUCHED,-0.03,below,698.05,698.25,699.17,700.08,698.25,0.262,25.2,0.043,0,2026-08-14,2026-08-17,False,False,5.0,2026-08-17T11:40:57+05:30
POLYMED,1788.17,TOUCHED,-1.36,below,1763.8,1788.17,1790.13,1792.1,1788.17,0.22,25.2,0.047,0,2026-08-14,2026-08-17,False,False,5.0,2026-08-17T11:40:57+05:30
SAREGAMA,529.98,TOUCHED,-1.01,below,524.6,529.98,530.53,531.09,529.98,0.21,25.2,0.041,0,2026-08-13,2026-08-17,False,False,5.0,2026-08-17T11:40:57+05:30
VBL,435.73,TOUCHED,0.03,inside,435.85,435.73,435.73,436.1,435.37,0.168,25.5,0.03,0,2026-08-14,2026-08-17,False,False,5.0,2026-08-17T11:40:57+05:30
TEGA,1701.97,TOUCHED,0.11,above,1703.9,1701.97,1700.13,1701.97,1698.3,0.216,25.8,0.043,0,2026-08-14,2026-08-17,False,False,5.0,2026-08-17T11:40:57+05:30
ULTRACEMCO,11634.67,TOUCHED,-0.03,inside,11631.0,11634.67,11634.67,11642.5,11626.83,0.135,26.3,0.027,0,2026-08-14,2026-08-17,False,False,5.0,2026-08-17T11:40:57+05:30
COALINDIA,407.4,TOUCHED,-0.1,below,407.0,407.4,407.7,408.0,407.4,0.147,26.6,0.023,0,2026-08-14,2026-08-17,False,False,5.0,2026-08-17T11:40:57+05:30
BAJAJ-AUTO,11725.0,TOUCHED,0.43,above,11775.0,11725.0,11716.67,11725.0,11708.33,0.142,26.8,0.028,0,2026-08-14,2026-08-17,False,False,5.0,2026-08-17T11:40:57+05:30
BHEL,423.27,TOUCHED,0.93,above,427.2,423.27,422.75,423.27,422.23,0.248,26.8,0.048,0,2026-08-14,2026-08-17,False,False,5.0,2026-08-17T11:40:57+05:30
JSWENERGY,558.35,TOUCHED,-1.21,below,551.6,558.35,558.9,559.45,558.35,0.197,27.1,0.021,0,2026-08-14,2026-08-17,False,False,5.0,2026-08-17T11:40:57+05:30
KIRLOSENG,2090.9,TOUCHED,-0.32,below,2084.2,2090.9,2093.97,2097.03,2090.9,0.293,27.1,0.035,0,2026-08-14,2026-08-17,False,False,5.0,2026-08-17T11:40:57+05:30
TVSMOTOR,4318.55,TOUCHED,1.27,above,4373.5,4318.55,4314.7,4318.55,4310.85,0.178,27.4,0.019,0,2026-08-14,2026-08-17,False,False,5.0,2026-08-17T11:40:57+05:30
SOLARINDS,19945.0,TOUCHED,0.81,above,20107.0,19945.0,19921.0,19945.0,19897.0,0.241,27.7,0.057,0,2026-08-14,2026-08-17,False,False,5.0,2026-08-17T11:40:57+05:30
SUNPHARMA,1925.85,TOUCHED,-1.02,below,1906.2,1925.85,1927.23,1928.62,1925.85,0.144,27.7,0.02,0,2026-08-14,2026-08-17,False,False,5.0,2026-08-17T11:40:57+05:30
INFY,1166.5,TOUCHED,-2.33,below,1139.3,1166.5,1167.4,1168.3,1166.5,0.154,28.2,0.029,0,2026-08-14,2026-08-17,False,False,5.0,2026-08-17T11:40:57+05:30
APTUS,251.43,TOUCHED,0.69,above,253.15,251.43,251.12,251.43,250.81,0.246,28.5,0.026,0,2026-08-14,2026-08-17,False,False,5.0,2026-08-17T11:40:57+05:30
ZFCVINDIA,2627.8,TOUCHED,-0.08,below,2625.6,2627.8,2630.77,2633.73,2627.8,0.226,28.5,0.038,0,2026-08-14,2026-08-17,False,False,5.0,2026-08-17T11:40:57+05:30
KOTAKBANK,392.1,TOUCHED,0.01,above,392.15,392.1,391.78,392.1,391.47,0.162,29.3,0.025,0,2026-08-14,2026-08-17,False,False,5.0,2026-08-17T11:40:57+05:30
IRB,19.2,TOUCHED,-0.6,below,19.09,19.2,19.22,19.24,19.2,0.191,29.6,0.039,0,2026-08-14,2026-08-17,False,False,5.0,2026-08-17T11:40:57+05:30
CARBORUNIV,1152.98,TOUCHED,-1.83,below,1131.9,1152.98,1154.37,1155.75,1152.98,0.24,29.9,0.029,0,2026-08-14,2026-08-17,False,False,5.0,2026-08-17T11:40:57+05:30
EICHERMOT,8073.17,TOUCHED,-0.01,below,8072.0,8073.17,8079.83,8086.5,8073.17,0.165,29.9,0.024,0,2026-08-14,2026-08-17,False,False,5.0,2026-08-17T11:40:57+05:30
BIKAJI,613.86,TOUCHED,-0.08,below,613.35,613.86,614.42,614.98,613.86,0.182,30.1,0.019,0,2026-08-14,2026-08-17,False,False,5.0,2026-08-17T11:40:57+05:30
CUMMINSIND,5394.25,TOUCHED,0.94,above,5445.0,5394.25,5388.5,5394.25,5382.75,0.213,30.1,0.018,0,2026-08-14,2026-08-17,False,False,5.0,2026-08-17T11:40:57+05:30
HSCL,777.08,TOUCHED,0.09,above,777.8,777.08,776.0,777.08,774.92,0.277,30.1,0.035,0,2026-08-13,2026-08-17,False,False,5.0,2026-08-17T11:40:57+05:30
TITAN,5068.45,TOUCHED,0.47,above,5092.5,5068.45,5064.37,5068.45,5060.28,0.161,30.4,0.015,0,2026-08-14,2026-08-17,False,False,5.0,2026-08-17T11:40:57+05:30
CONCORDBIO,1449.13,TOUCHED,3.75,above,1503.5,1449.13,1446.97,1449.13,1444.8,0.299,30.7,0.022,0,2026-08-14,2026-08-17,False,False,5.0,2026-08-17T11:40:57+05:30
PFC,376.46,TOUCHED,-0.68,below,373.9,376.46,376.92,377.38,376.46,0.243,31.0,0.036,0,2026-08-14,2026-08-17,False,False,5.0,2026-08-17T11:40:57+05:30
MFSL,1543.05,TOUCHED,0.79,above,1555.3,1543.05,1541.4,1543.05,1539.75,0.214,31.5,0.019,0,2026-08-14,2026-08-17,False,False,5.0,2026-08-17T11:40:57+05:30
THELEELA,508.12,TOUCHED,-0.51,below,505.55,508.12,508.77,509.41,508.12,0.252,31.5,0.03,0,2026-08-14,2026-08-17,False,False,5.0,2026-08-17T11:40:57+05:30
CAPLIPOINT,2483.72,TOUCHED,-1.59,below,2444.3,2483.72,2486.93,2490.15,2483.72,0.259,31.8,0.032,0,2026-08-14,2026-08-17,False,False,5.0,2026-08-17T11:40:57+05:30
PTCIL,19124.5,TOUCHED,6.46,above,20360.0,19124.5,19099.67,19124.5,19074.83,0.26,31.8,0.025,0,2026-08-14,2026-08-17,False,False,5.0,2026-08-17T11:40:57+05:30
DOMS,2218.13,TOUCHED,-0.4,below,2209.2,2218.13,2220.37,2222.6,2218.13,0.201,32.1,0.027,0,2026-08-14,2026-08-17,False,False,5.0,2026-08-17T11:40:57+05:30
ICICIGI,1624.9,TOUCHED,-0.04,below,1624.2,1624.9,1626.6,1628.3,1624.9,0.209,32.1,0.022,0,2026-08-14,2026-08-17,False,False,5.0,2026-08-17T11:40:57+05:30
CCL,1134.58,TOUCHED,-0.01,below,1134.5,1134.58,1135.77,1136.95,1134.58,0.208,32.3,0.021,0,2026-08-14,2026-08-17,False,False,5.0,2026-08-17T11:40:57+05:30
FORCEMOT,18448.33,TOUCHED,0.06,inside,18460.0,18448.33,18448.33,18492.0,18404.67,0.473,32.6,0.05,0,2026-08-14,2026-08-17,False,False,5.0,2026-08-17T11:40:57+05:30
GRAVITA,1796.93,TOUCHED,-0.19,below,1793.6,1796.93,1799.57,1802.2,1796.93,0.293,32.6,0.033,0,2026-08-14,2026-08-17,False,False,5.0,2026-08-17T11:40:57+05:30
COFORGE,1814.77,TOUCHED,-0.31,below,1809.2,1814.77,1817.53,1820.3,1814.77,0.304,32.9,0.032,0,2026-08-14,2026-08-17,False,False,5.0,2026-08-17T11:40:57+05:30
GRSE,2623.97,TOUCHED,-1.07,below,2596.0,2623.97,2629.33,2634.7,2623.97,0.408,32.9,0.074,0,2026-08-14,2026-08-17,False,False,5.0,2026-08-17T11:40:57+05:30
VTL,593.17,TOUCHED,0.54,above,596.35,593.17,592.32,593.17,591.46,0.29,32.9,0.031,0,2026-08-14,2026-08-17,False,False,5.0,2026-08-17T11:40:57+05:30
IOC,139.54,TOUCHED,-0.88,below,138.32,139.54,139.69,139.84,139.54,0.208,33.4,0.021,0,2026-08-14,2026-08-17,False,False,5.0,2026-08-17T11:40:57+05:30
CANHLIFE,148.92,TOUCHED,-0.15,below,148.7,148.92,149.14,149.35,148.92,0.286,33.8,0.019,0,2026-08-14,2026-08-17,False,False,5.0,2026-08-17T11:40:57+05:30
LLOYDSME,1915.33,TOUCHED,0.61,above,1927.0,1915.33,1912.07,1915.33,1908.8,0.342,34.2,0.035,0,2026-08-14,2026-08-17,False,False,5.0,2026-08-17T11:40:57+05:30
NTPCGREEN,92.03,TOUCHED,-0.37,below,91.69,92.03,92.14,92.24,92.03,0.228,34.2,0.015,0,2026-08-14,2026-08-17,False,False,5.0,2026-08-17T11:40:57+05:30
SYNGENE,400.12,TOUCHED,-0.06,below,399.9,400.12,400.57,401.01,400.12,0.221,34.2,0.026,0,2026-08-14,2026-08-17,False,False,5.0,2026-08-17T11:40:57+05:30
PIIND,2483.0,TOUCHED,-0.12,below,2480.0,2483.0,2485.37,2487.73,2483.0,0.19,34.5,0.03,0,2026-08-14,2026-08-17,False,False,5.0,2026-08-17T11:40:57+05:30
GILLETTE,7609.08,TOUCHED,-0.61,below,7562.5,7609.08,7618.17,7627.25,7609.08,0.238,35.1,0.029,0,2026-08-14,2026-08-17,False,False,5.0,2026-08-17T11:40:57+05:30
JINDALSTEL,1095.8,TOUCHED,0.78,above,1104.3,1095.8,1094.37,1095.8,1092.93,0.262,35.3,0.034,0,2026-08-14,2026-08-17,False,False,5.0,2026-08-17T11:40:57+05:30
CIEINDIA,408.27,TOUCHED,-0.07,below,408.0,408.27,408.78,409.3,408.27,0.253,35.9,0.029,0,2026-08-14,2026-08-17,False,False,5.0,2026-08-17T11:40:57+05:30
NAVINFLUOR,8249.75,TOUCHED,-0.69,below,8193.0,8249.75,8264.5,8279.25,8249.75,0.357,35.9,0.046,0,2026-08-14,2026-08-17,False,False,5.0,2026-08-17T11:40:57+05:30
POLYCAB,9277.0,TOUCHED,1.06,above,9375.0,9277.0,9264.67,9277.0,9252.33,0.266,35.9,0.035,0,2026-08-14,2026-08-17,False,False,5.0,2026-08-17T11:40:57+05:30
JINDALSAW,265.77,TOUCHED,-0.1,below,265.5,265.77,266.22,266.66,265.77,0.332,36.4,0.038,0,2026-08-14,2026-08-17,False,False,5.0,2026-08-17T11:40:57+05:30
ATGL,654.91,TOUCHED,-1.02,below,648.2,654.91,655.77,656.62,654.91,0.262,37.0,0.031,0,2026-08-14,2026-08-17,False,False,5.0,2026-08-17T11:40:57+05:30
ATHERENERG,1514.82,TOUCHED,-0.75,below,1503.4,1514.82,1518.13,1521.45,1514.82,0.437,37.0,0.062,0,2026-08-14,2026-08-17,False,False,5.0,2026-08-17T11:40:57+05:30
KEC,440.64,TOUCHED,-1.17,below,435.5,440.64,441.38,442.12,440.64,0.336,37.0,0.023,0,2026-08-14,2026-08-17,False,False,5.0,2026-08-17T11:40:57+05:30
LATENTVIEW,285.68,TOUCHED,-0.71,below,283.65,285.68,286.17,286.65,285.68,0.338,37.3,0.04,0,2026-08-14,2026-08-17,False,False,5.0,2026-08-17T11:40:57+05:30
DALBHARAT,1839.88,TOUCHED,0.44,above,1847.9,1839.88,1837.77,1839.88,1835.65,0.23,37.8,0.028,0,2026-08-14,2026-08-17,False,False,5.0,2026-08-17T11:40:57+05:30
ELECON,433.3,TOUCHED,-0.13,below,432.75,433.3,434.25,435.2,433.3,0.438,37.8,0.036,0,2026-08-14,2026-08-17,False,False,5.0,2026-08-17T11:40:57+05:30
MARICO,862.35,TOUCHED,-0.17,below,860.85,862.35,863.3,864.25,862.35,0.22,37.8,0.018,0,2026-08-14,2026-08-17,False,False,5.0,2026-08-17T11:40:57+05:30
RPOWER,23.04,TOUCHED,-2.47,below,22.47,23.04,23.1,23.15,23.04,0.505,37.8,0.079,0,2026-08-14,2026-08-17,False,False,5.0,2026-08-17T11:40:57+05:30
AXISBANK,1214.9,TOUCHED,-0.07,inside,1214.0,1214.9,1214.9,1216.15,1213.65,0.206,38.1,0.024,0,2026-08-14,2026-08-17,False,False,5.0,2026-08-17T11:40:57+05:30
AADHARHFC,498.82,TOUCHED,-2.17,below,488.0,498.82,499.43,500.05,498.82,0.247,38.6,0.025,0,2026-08-14,2026-08-17,False,False,5.0,2026-08-17T11:40:57+05:30
CHALET,823.79,TOUCHED,1.81,above,838.7,823.79,822.48,823.79,821.17,0.318,38.6,0.023,0,2026-08-14,2026-08-17,False,False,5.0,2026-08-17T11:40:57+05:30
IIFL,632.22,TOUCHED,-0.02,below,632.1,632.22,633.28,634.35,632.22,0.337,38.6,0.027,0,2026-08-14,2026-08-17,False,False,5.0,2026-08-17T11:40:57+05:30
JYOTICNC,831.7,TOUCHED,2.2,above,850.0,831.7,830.1,831.7,828.5,0.385,38.6,0.027,0,2026-08-14,2026-08-17,False,False,5.0,2026-08-17T11:40:57+05:30
TMPV,333.38,TOUCHED,-0.73,below,330.95,333.38,333.75,334.12,333.38,0.225,38.9,0.02,0,2026-08-14,2026-08-17,False,False,5.0,2026-08-17T11:40:57+05:30
CASTROLIND,187.11,TOUCHED,-0.02,inside,187.07,187.11,187.11,187.26,186.97,0.157,39.5,0.014,0,2026-08-14,2026-08-17,False,False,5.0,2026-08-17T11:40:57+05:30
CRISIL,4455.5,TOUCHED,-0.19,below,4447.1,4455.5,4462.3,4469.1,4455.5,0.305,39.5,0.05,0,2026-08-14,2026-08-17,False,False,5.0,2026-08-17T11:40:57+05:30
HONAUT,37060.0,TOUCHED,-1.39,below,36545.0,37060.0,37108.33,37156.67,37060.0,0.26,39.5,0.023,0,2026-08-14,2026-08-17,False,False,5.0,2026-08-17T11:40:57+05:30
INDIAMART,1792.43,TOUCHED,-1.25,below,1770.0,1792.43,1794.97,1797.5,1792.43,0.282,39.7,0.026,0,2026-08-14,2026-08-17,False,False,5.0,2026-08-17T11:40:57+05:30
NUVAMA,1679.05,TOUCHED,0.35,above,1685.0,1679.05,1676.07,1679.05,1673.08,0.356,39.7,0.025,0,2026-08-14,2026-08-17,False,False,5.0,2026-08-17T11:40:57+05:30
VEDL,268.82,TOUCHED,0.16,above,269.25,268.82,268.38,268.82,267.94,0.329,39.7,0.028,0,2026-08-14,2026-08-17,False,False,5.0,2026-08-17T11:40:57+05:30
SUNDARMFIN,4483.5,TOUCHED,0.09,inside,4487.5,4483.5,4483.5,4490.0,4477.0,0.29,40.3,0.03,0,2026-08-14,2026-08-17,False,False,5.0,2026-08-17T11:40:57+05:30
GVT&D,4339.95,TOUCHED,0.08,above,4343.3,4339.95,4329.9,4339.95,4319.85,0.464,40.8,0.025,0,2026-08-14,2026-08-17,False,False,5.0,2026-08-17T11:40:57+05:30
POWERGRID,266.36,TOUCHED,-0.04,below,266.25,266.36,266.67,266.98,266.36,0.231,40.8,0.017,0,2026-08-14,2026-08-17,False,False,5.0,2026-08-17T11:40:57+05:30
MOTILALOFS,901.79,TOUCHED,3.85,above,936.5,901.79,899.88,901.79,897.98,0.424,41.4,0.045,0,2026-08-14,2026-08-17,False,False,5.0,2026-08-17T11:40:57+05:30
HDFCLIFE,537.8,TOUCHED,1.03,above,543.35,537.8,537.15,537.8,536.5,0.242,41.9,0.018,0,2026-08-14,2026-08-17,False,False,5.0,2026-08-17T11:40:57+05:30
SOBHA,1330.57,TOUCHED,-1.67,below,1308.3,1330.57,1332.93,1335.3,1330.57,0.355,41.9,0.029,0,2026-08-14,2026-08-17,False,False,5.0,2026-08-17T11:40:57+05:30
INDIACEM,376.63,TOUCHED,-0.13,inside,376.15,376.63,376.63,377.3,375.97,0.354,42.2,0.035,0,2026-08-14,2026-08-17,False,False,5.0,2026-08-17T11:40:57+05:30
TATATECH,863.85,TOUCHED,-1.6,below,850.05,863.85,865.2,866.55,863.85,0.312,43.3,0.035,0,2026-08-14,2026-08-17,False,False,5.0,2026-08-17T11:40:57+05:30
ASTERDM,826.77,TOUCHED,0.06,above,827.25,826.77,825.3,826.77,823.82,0.357,44.1,0.028,0,2026-08-14,2026-08-17,False,False,5.0,2026-08-17T11:40:57+05:30
CUB,209.55,TOUCHED,-0.02,inside,209.5,209.55,209.55,210.0,209.09,0.434,44.1,0.034,0,2026-08-14,2026-08-17,False,False,5.0,2026-08-17T11:40:57+05:30
ANANTRAJ,626.63,TOUCHED,-0.07,inside,626.2,626.63,626.63,628.29,624.98,0.529,44.9,0.086,0,2026-08-14,2026-08-17,False,False,5.0,2026-08-17T11:40:57+05:30
COHANCE,441.63,TOUCHED,-0.08,below,441.3,441.63,442.62,443.6,441.63,0.444,44.9,0.022,0,2026-08-14,2026-08-17,False,False,5.0,2026-08-17T11:40:57+05:30
KARURVYSYA,332.38,TOUCHED,-0.42,below,331.0,332.38,333.02,333.65,332.38,0.38,45.5,0.038,0,2026-08-14,2026-08-17,False,False,5.0,2026-08-17T11:40:57+05:30
ARE&M,947.48,TOUCHED,-0.78,below,940.05,947.48,949.0,950.52,947.48,0.321,46.0,0.024,0,2026-08-14,2026-08-17,False,False,5.0,2026-08-17T11:40:57+05:30
BAJFINANCE,1091.85,TOUCHED,0.01,above,1092.0,1091.85,1090.23,1091.85,1088.62,0.297,46.0,0.029,0,2026-08-14,2026-08-17,False,False,5.0,2026-08-17T11:40:57+05:30
PRESTIGE,1596.05,TOUCHED,-1.92,below,1565.4,1596.05,1599.6,1603.15,1596.05,0.444,46.3,0.056,0,2026-08-14,2026-08-17,False,False,5.0,2026-08-17T11:40:57+05:30
ENGINERSIN,241.19,TOUCHED,-0.39,below,240.24,241.19,241.79,242.4,241.19,0.502,46.6,0.04,0,2026-08-13,2026-08-17,False,False,5.0,2026-08-17T11:40:57+05:30
JBMA,624.29,TOUCHED,-0.29,below,622.5,624.29,625.63,626.98,624.29,0.429,47.1,0.032,0,2026-08-14,2026-08-17,False,False,5.0,2026-08-17T11:40:57+05:30
JSWSTEEL,1269.85,TOUCHED,-0.56,below,1262.8,1269.85,1271.57,1273.28,1269.85,0.27,47.1,0.025,0,2026-08-13,2026-08-17,False,False,5.0,2026-08-17T11:40:57+05:30
IREDA,116.47,TOUCHED,-1.02,below,115.29,116.47,116.7,116.92,116.47,0.386,47.4,0.048,0,2026-08-14,2026-08-17,False,False,5.0,2026-08-17T11:40:57+05:30
KALYANKJIL,612.35,TOUCHED,0.91,above,617.9,612.35,610.98,612.35,609.62,0.447,47.4,0.038,0,2026-08-14,2026-08-17,False,False,5.0,2026-08-17T11:40:57+05:30
FEDERALBNK,351.81,TOUCHED,-0.0,below,351.8,351.81,352.32,352.82,351.81,0.289,47.7,0.027,0,2026-08-14,2026-08-17,False,False,5.0,2026-08-17T11:40:57+05:30
KEI,5733.6,TOUCHED,2.34,above,5867.5,5733.6,5722.4,5733.6,5711.2,0.391,47.7,0.026,0,2026-08-14,2026-08-17,False,False,5.0,2026-08-17T11:40:57+05:30
SBICARD,633.99,TOUCHED,-0.27,below,632.25,633.99,634.98,635.98,633.99,0.312,47.9,0.029,0,2026-08-14,2026-08-17,False,False,5.0,2026-08-17T11:40:57+05:30
MSUMI,40.44,TOUCHED,-0.59,below,40.2,40.44,40.53,40.61,40.44,0.436,48.2,0.031,0,2026-08-14,2026-08-17,False,False,5.0,2026-08-17T11:40:57+05:30
AJANTPHARM,3665.82,TOUCHED,0.93,above,3700.0,3665.82,3658.83,3665.82,3651.85,0.382,48.5,0.04,0,2026-08-14,2026-08-17,False,False,5.0,2026-08-17T11:40:57+05:30
MGL,1140.8,TOUCHED,-0.95,below,1130.0,1140.8,1142.9,1145.0,1140.8,0.367,48.5,0.034,0,2026-08-14,2026-08-17,False,False,5.0,2026-08-17T11:40:57+05:30
SUNTV,487.53,TOUCHED,0.3,above,489.0,487.53,486.55,487.53,485.58,0.401,49.0,0.024,0,2026-08-14,2026-08-17,False,False,5.0,2026-08-17T11:40:57+05:30
RRKABEL,2792.13,TOUCHED,-1.64,below,2746.3,2792.13,2798.67,2805.2,2792.13,0.467,49.3,0.045,0,2026-08-14,2026-08-17,False,False,5.0,2026-08-17T11:40:57+05:30
CESC,168.8,TOUCHED,0.12,above,169.01,168.8,168.48,168.8,168.15,0.384,49.6,0.037,0,2026-08-14,2026-08-17,False,False,5.0,2026-08-17T11:40:57+05:30
KPITTECH,615.38,TOUCHED,-1.5,below,606.15,615.38,616.75,618.12,615.38,0.446,49.9,0.044,0,2026-08-14,2026-08-17,False,False,5.0,2026-08-17T11:40:57+05:30
ICICIAMC,3105.27,TOUCHED,-0.04,below,3104.0,3105.27,3112.63,3120.0,3105.27,0.473,50.0,0.031,0,2026-08-14,2026-08-17,False,False,5.0,2026-08-17T11:40:57+05:30
INOXWIND,74.2,TOUCHED,0.61,above,74.65,74.2,74.02,74.2,73.85,0.477,50.1,0.041,0,2026-08-14,2026-08-17,False,False,5.0,2026-08-17T11:40:57+05:30
SCI,293.07,TOUCHED,-1.83,below,287.7,293.07,293.88,294.7,293.07,0.556,50.4,0.045,0,2026-08-14,2026-08-17,False,False,5.0,2026-08-17T11:40:57+05:30
OLAELEC,39.12,TOUCHED,0.17,above,39.19,39.12,38.99,39.12,38.86,0.675,50.7,0.074,0,2026-08-14,2026-08-17,False,False,5.0,2026-08-17T11:40:57+05:30
ONGC,237.43,TOUCHED,0.09,above,237.64,237.43,237.08,237.43,236.74,0.288,50.7,0.028,0,2026-08-14,2026-08-17,False,False,5.0,2026-08-17T11:40:57+05:30
SPLPETRO,721.0,TOUCHED,-0.92,below,714.4,721.0,722.85,724.7,721.0,0.512,51.0,0.039,0,2026-08-14,2026-08-17,False,False,5.0,2026-08-17T11:40:57+05:30
MPHASIS,2528.95,TOUCHED,-0.96,below,2504.7,2528.95,2534.3,2539.65,2528.95,0.422,51.2,0.024,0,2026-08-14,2026-08-17,False,False,5.0,2026-08-17T11:40:57+05:30
GLAXO,2683.37,TOUCHED,0.66,above,2701.0,2683.37,2677.93,2683.37,2672.5,0.406,51.8,0.026,0,2026-08-14,2026-08-17,False,False,5.0,2026-08-17T11:40:57+05:30
ITCHOTELS,165.58,TOUCHED,-0.14,inside,165.34,165.58,165.58,165.9,165.25,0.393,52.1,0.038,0,2026-08-14,2026-08-17,False,False,5.0,2026-08-17T11:40:57+05:30
GESHIP,1289.0,TOUCHED,-2.03,below,1262.8,1289.0,1292.27,1295.53,1289.0,0.506,52.9,0.037,0,2026-08-13,2026-08-17,False,False,5.0,2026-08-17T11:40:57+05:30
GICRE,351.43,TOUCHED,0.59,above,353.5,351.43,350.77,351.43,350.1,0.38,52.9,0.032,0,2026-08-14,2026-08-17,False,False,5.0,2026-08-17T11:40:57+05:30
ICICIPRULI,507.38,TOUCHED,-0.16,inside,506.55,507.38,507.38,508.27,506.5,0.348,52.9,0.023,0,2026-08-14,2026-08-17,False,False,5.0,2026-08-17T11:40:57+05:30
NESTLEIND,1501.38,TOUCHED,-1.62,below,1477.0,1501.38,1503.67,1505.95,1501.38,0.304,52.9,0.033,0,2026-08-14,2026-08-17,False,False,5.0,2026-08-17T11:40:57+05:30
PATANJALI,351.51,TOUCHED,0.11,above,351.9,351.51,351.02,351.51,350.53,0.28,52.9,0.019,0,2026-08-14,2026-08-17,False,False,5.0,2026-08-17T11:40:57+05:30
NAUKRI,1352.05,TOUCHED,0.92,above,1364.5,1352.05,1349.03,1352.05,1346.02,0.447,53.2,0.023,0,2026-08-14,2026-08-17,False,False,5.0,2026-08-17T11:40:57+05:30
ADANIPOWER,205.69,TOUCHED,-1.59,below,202.41,205.69,206.13,206.57,205.69,0.427,54.2,0.053,0,2026-08-14,2026-08-17,False,False,5.0,2026-08-17T11:40:57+05:30
UNITDSPR,1533.27,TOUCHED,0.05,above,1534.0,1533.27,1530.53,1533.27,1527.8,0.357,54.2,0.033,0,2026-08-14,2026-08-17,False,False,5.0,2026-08-17T11:40:57+05:30
INDIGO,5320.0,TOUCHED,-0.28,below,5305.0,5320.0,5330.0,5340.0,5320.0,0.375,54.5,0.024,0,2026-08-14,2026-08-17,False,False,5.0,2026-08-17T11:40:57+05:30
WHIRLPOOL,780.84,TOUCHED,-0.72,below,775.25,780.84,782.78,784.73,780.84,0.496,54.5,0.045,0,2026-08-14,2026-08-17,False,False,5.0,2026-08-17T11:40:57+05:30
ETERNAL,319.3,TOUCHED,-0.23,below,318.55,319.3,320.1,320.9,319.3,0.5,54.8,0.028,0,2026-08-14,2026-08-17,False,False,5.0,2026-08-17T11:40:57+05:30
TORNTPOWER,1312.3,TOUCHED,-0.67,below,1303.5,1312.3,1315.5,1318.7,1312.3,0.487,54.8,0.031,0,2026-08-14,2026-08-17,False,False,5.0,2026-08-17T11:40:57+05:30
LENSKART,608.53,TOUCHED,0.1,inside,609.15,608.53,608.53,610.19,606.88,0.545,54.9,0.03,0,2026-08-14,2026-08-17,False,False,5.0,2026-08-17T11:40:57+05:30
SYRMA,1469.92,TOUCHED,-0.2,below,1467.0,1469.92,1474.63,1479.35,1469.92,0.64,55.1,0.045,0,2026-08-14,2026-08-17,False,False,5.0,2026-08-17T11:40:57+05:30
AUBANK,1084.03,TOUCHED,-0.65,below,1077.0,1084.03,1086.17,1088.3,1084.03,0.393,55.3,0.016,0,2026-08-14,2026-08-17,False,False,5.0,2026-08-17T11:40:57+05:30
ABLBL,89.22,TOUCHED,0.2,inside,89.4,89.22,89.22,89.44,88.99,0.504,55.4,0.055,0,2026-08-14,2026-08-17,False,False,5.0,2026-08-17T11:40:57+05:30
AFCONS,269.98,TOUCHED,0.04,inside,270.1,269.98,269.98,270.58,269.39,0.438,55.6,0.024,0,2026-08-14,2026-08-17,False,False,5.0,2026-08-17T11:40:57+05:30
DIVISLAB,8491.33,TOUCHED,-0.03,below,8489.0,8491.33,8505.67,8520.0,8491.33,0.337,55.6,0.021,0,2026-08-14,2026-08-17,False,False,5.0,2026-08-17T11:40:57+05:30
PFOCUS,270.87,TOUCHED,-0.49,below,269.55,270.87,272.13,273.4,270.87,0.931,55.6,0.05,0,2026-08-14,2026-08-17,False,False,5.0,2026-08-17T11:40:57+05:30
GODREJIND,1255.68,TOUCHED,-2.99,below,1218.2,1255.68,1258.87,1262.05,1255.68,0.506,56.7,0.047,0,2026-08-14,2026-08-17,False,False,5.0,2026-08-17T11:40:57+05:30
USHAMART,489.14,TOUCHED,-0.14,below,488.45,489.14,490.33,491.53,489.14,0.486,56.7,0.035,0,2026-08-14,2026-08-17,False,False,5.0,2026-08-17T11:40:57+05:30
BLUEJET,591.1,TOUCHED,0.49,above,594.0,591.1,588.9,591.1,586.7,0.747,57.0,0.042,0,2026-08-14,2026-08-17,False,False,5.0,2026-08-17T11:40:57+05:30
PINELABS,165.47,TOUCHED,-1.01,below,163.8,165.47,166.09,166.7,165.47,0.739,57.1,0.057,0,2026-08-14,2026-08-17,False,False,5.0,2026-08-17T11:40:57+05:30
TMCV,475.66,TOUCHED,-1.66,below,467.75,475.66,477.02,478.38,475.66,0.57,57.1,0.024,0,2026-08-14,2026-08-17,False,False,5.0,2026-08-17T11:40:57+05:30
CARTRADE,2776.3,TOUCHED,0.19,inside,2781.6,2776.3,2776.3,2787.05,2765.55,0.774,57.3,0.061,0,2026-08-14,2026-08-17,False,False,5.0,2026-08-17T11:40:57+05:30
HDBFS,683.43,TOUCHED,-0.25,below,681.7,683.43,684.6,685.78,683.43,0.343,57.3,0.023,0,2026-08-14,2026-08-17,False,False,5.0,2026-08-17T11:40:57+05:30
ITC,277.15,TOUCHED,-1.12,below,274.05,277.15,277.5,277.85,277.15,0.252,57.5,0.021,0,2026-08-14,2026-08-17,False,False,5.0,2026-08-17T11:40:57+05:30
GLAND,2977.87,TOUCHED,-1.69,below,2927.4,2977.87,2985.53,2993.2,2977.87,0.514,57.8,0.04,0,2026-08-14,2026-08-17,False,False,5.0,2026-08-17T11:40:57+05:30
JSWDULUX,3147.65,TOUCHED,-0.07,below,3145.4,3147.65,3154.23,3160.82,3147.65,0.417,58.4,0.022,0,2026-08-14,2026-08-17,False,False,5.0,2026-08-17T11:40:57+05:30
VIJAYA,1486.5,TOUCHED,0.05,above,1487.3,1486.5,1482.37,1486.5,1478.23,0.558,58.4,0.036,0,2026-08-14,2026-08-17,False,False,5.0,2026-08-17T11:40:57+05:30
ERIS,1361.87,TOUCHED,-1.42,below,1342.5,1361.87,1365.23,1368.6,1361.87,0.493,58.9,0.03,0,2026-08-14,2026-08-17,False,False,5.0,2026-08-17T11:40:57+05:30
GMDCLTD,582.95,TOUCHED,-0.31,below,581.15,582.95,585.1,587.25,582.95,0.735,58.9,0.068,0,2026-08-14,2026-08-17,False,False,5.0,2026-08-17T11:40:57+05:30
HFCL,223.97,TOUCHED,-0.68,below,222.45,223.97,224.84,225.7,223.97,0.768,58.9,0.028,0,2026-08-14,2026-08-17,False,False,5.0,2026-08-17T11:40:57+05:30
LUPIN,2238.87,TOUCHED,-0.77,below,2221.6,2238.87,2242.73,2246.6,2238.87,0.345,59.2,0.028,0,2026-08-14,2026-08-17,False,False,5.0,2026-08-17T11:40:57+05:30
NEWGEN,536.94,TOUCHED,-1.94,below,526.5,536.94,538.73,540.52,536.94,0.665,59.5,0.034,0,2026-08-14,2026-08-17,False,False,5.0,2026-08-17T11:40:57+05:30
EIDPARRY,778.2,TOUCHED,1.05,above,786.4,778.2,776.1,778.2,774.0,0.541,60.3,0.032,0,2026-08-13,2026-08-17,False,False,5.0,2026-08-17T11:40:57+05:30
APARINDS,16755.33,TOUCHED,-1.29,below,16539.0,16755.33,16819.67,16884.0,16755.33,0.765,60.5,0.055,0,2026-08-14,2026-08-17,False,False,5.0,2026-08-17T11:40:57+05:30
PGEL,603.23,TOUCHED,-0.83,below,598.25,603.23,605.47,607.7,603.23,0.738,60.5,0.054,0,2026-08-14,2026-08-17,False,False,5.0,2026-08-17T11:40:57+05:30
BBTC,1471.52,TOUCHED,-0.58,below,1463.0,1471.52,1474.83,1478.15,1471.52,0.45,60.8,0.032,0,2026-08-14,2026-08-17,False,False,5.0,2026-08-17T11:40:57+05:30
MUTHOOTFIN,2862.15,TOUCHED,0.42,above,2874.1,2862.15,2855.43,2862.15,2848.72,0.47,60.8,0.04,0,2026-08-14,2026-08-17,False,False,5.0,2026-08-17T11:40:57+05:30
KIMS,811.41,TOUCHED,-0.44,below,807.8,811.41,813.72,816.02,811.41,0.567,61.1,0.04,0,2026-08-14,2026-08-17,False,False,5.0,2026-08-17T11:40:57+05:30
POONAWALLA,500.85,TOUCHED,-0.09,inside,500.4,500.85,500.85,502.32,499.37,0.589,61.1,0.033,0,2026-08-14,2026-08-17,False,False,5.0,2026-08-17T11:40:57+05:30
GPIL,237.0,TOUCHED,0.08,inside,237.2,237.0,237.0,237.79,236.21,0.662,61.4,0.029,0,2026-08-14,2026-08-17,False,False,5.0,2026-08-17T11:40:57+05:30
URBANCO,143.84,TOUCHED,0.04,above,143.9,143.84,143.29,143.84,142.74,0.768,61.4,0.045,0,2026-08-14,2026-08-17,False,False,5.0,2026-08-17T11:40:57+05:30
CRAFTSMAN,10339.5,TOUCHED,0.71,above,10413.0,10339.5,10310.0,10339.5,10280.5,0.572,62.2,0.057,0,2026-08-14,2026-08-17,False,False,5.0,2026-08-17T11:40:57+05:30
TATACONSUM,1081.82,TOUCHED,-0.73,below,1073.9,1081.82,1084.13,1086.45,1081.82,0.427,62.5,0.027,0,2026-08-14,2026-08-17,False,False,5.0,2026-08-17T11:40:57+05:30
CHOICEIN,806.15,TOUCHED,-0.27,below,804.0,806.15,807.95,809.75,806.15,0.446,62.7,0.023,0,2026-08-14,2026-08-17,False,False,5.0,2026-08-17T11:40:57+05:30
DCMSHRIRAM,1018.93,TOUCHED,0.11,inside,1020.1,1018.93,1018.93,1021.82,1016.05,0.566,62.7,0.024,0,2026-08-14,2026-08-17,False,False,5.0,2026-08-17T11:40:57+05:30
OIL,471.9,TOUCHED,0.71,above,475.25,471.9,470.77,471.9,469.63,0.481,62.7,0.021,0,2026-08-14,2026-08-17,False,False,5.0,2026-08-17T11:40:57+05:30
BAJAJFINSV,2016.17,TOUCHED,-0.13,inside,2013.6,2016.17,2016.17,2020.1,2012.23,0.39,63.0,0.02,0,2026-08-14,2026-08-17,False,False,5.0,2026-08-17T11:40:57+05:30
HUDCO,189.06,TOUCHED,-1.18,below,186.82,189.06,189.62,190.19,189.06,0.598,63.3,0.036,0,2026-08-14,2026-08-17,False,False,5.0,2026-08-17T11:40:57+05:30
TRIDENT,24.45,TOUCHED,-0.05,inside,24.44,24.45,24.45,24.51,24.4,0.463,63.3,0.028,0,2026-08-14,2026-08-17,False,False,5.0,2026-08-17T11:40:57+05:30
AFFLE,1664.0,TOUCHED,0.62,above,1674.3,1664.0,1659.2,1664.0,1654.4,0.579,63.6,0.032,0,2026-08-14,2026-08-17,False,False,5.0,2026-08-17T11:40:57+05:30
FINCABLES,1257.8,TOUCHED,4.55,above,1315.0,1257.8,1254.15,1257.8,1250.5,0.582,63.6,0.019,0,2026-08-14,2026-08-17,False,False,5.0,2026-08-17T11:40:57+05:30
M&M,3404.15,TOUCHED,-0.09,below,3401.0,3404.15,3412.2,3420.25,3404.15,0.472,63.6,0.026,0,2026-08-14,2026-08-17,False,False,5.0,2026-08-17T11:40:57+05:30
FSL,268.03,TOUCHED,-0.2,below,267.5,268.03,268.95,269.88,268.03,0.688,64.1,0.037,0,2026-08-14,2026-08-17,False,False,5.0,2026-08-17T11:40:57+05:30
MEDANTA,1418.45,TOUCHED,0.42,above,1424.4,1418.45,1414.3,1418.45,1410.15,0.587,64.1,0.028,0,2026-08-14,2026-08-17,False,False,5.0,2026-08-17T11:40:57+05:30
RITES,221.67,TOUCHED,-1.3,below,218.78,221.67,222.28,222.89,221.67,0.549,64.1,0.025,0,2026-08-14,2026-08-17,False,False,5.0,2026-08-17T11:40:57+05:30
ABSLAMC,1014.13,TOUCHED,-0.04,below,1013.7,1014.13,1017.07,1020.0,1014.13,0.577,64.4,0.033,0,2026-08-14,2026-08-17,False,False,5.0,2026-08-17T11:40:57+05:30
HINDZINC,566.4,TOUCHED,1.27,above,573.6,566.4,564.9,566.4,563.4,0.531,64.4,0.041,0,2026-08-14,2026-08-17,False,False,5.0,2026-08-17T11:40:57+05:30
NIVABUPA,83.1,TOUCHED,0.02,inside,83.12,83.1,83.1,83.29,82.91,0.457,64.4,0.018,0,2026-08-14,2026-08-17,False,False,5.0,2026-08-17T11:40:57+05:30
PERSISTENT,5564.25,TOUCHED,0.05,above,5567.0,5564.25,5548.5,5564.25,5532.75,0.568,64.4,0.018,0,2026-08-14,2026-08-17,False,False,5.0,2026-08-17T11:40:57+05:30
SBILIFE,1798.38,TOUCHED,-0.4,below,1791.2,1798.38,1801.77,1805.15,1798.38,0.376,64.4,0.017,0,2026-08-14,2026-08-17,False,False,5.0,2026-08-17T11:40:57+05:30
INDUSINDBK,1016.85,TOUCHED,-1.15,below,1005.2,1016.85,1019.47,1022.08,1016.85,0.513,64.7,0.031,0,2026-08-13,2026-08-17,False,False,5.0,2026-08-17T11:40:57+05:30
LICI,412.73,TOUCHED,0.06,above,413.0,412.73,411.97,412.73,411.2,0.372,64.9,0.031,0,2026-08-14,2026-08-17,False,False,5.0,2026-08-17T11:40:57+05:30
BDL,1388.37,TOUCHED,-0.15,inside,1386.3,1388.37,1388.37,1393.18,1383.55,0.694,65.5,0.049,0,2026-08-14,2026-08-17,False,False,5.0,2026-08-17T11:40:57+05:30
JUBLFOOD,508.0,TOUCHED,0.17,above,508.85,508.0,506.7,508.0,505.4,0.513,65.5,0.018,0,2026-08-14,2026-08-17,False,False,5.0,2026-08-17T11:40:57+05:30
CAMS,764.38,TOUCHED,-0.46,below,760.9,764.38,766.52,768.65,764.38,0.557,65.8,0.041,0,2026-08-14,2026-08-17,False,False,5.0,2026-08-17T11:40:57+05:30
GODREJPROP,1996.73,TOUCHED,-1.1,below,1974.8,1996.73,2003.47,2010.2,1996.73,0.672,66.0,0.045,0,2026-08-14,2026-08-17,False,False,5.0,2026-08-17T11:40:57+05:30
JMFINANCIL,126.92,TOUCHED,-0.42,below,126.39,126.92,127.41,127.9,126.92,0.769,66.3,0.046,0,2026-08-14,2026-08-17,False,False,5.0,2026-08-17T11:40:57+05:30
PREMIERENE,1020.5,TOUCHED,-0.14,below,1019.1,1020.5,1023.7,1026.9,1020.5,0.625,66.3,0.029,0,2026-08-14,2026-08-17,False,False,5.0,2026-08-17T11:40:57+05:30
ZENSARTECH,492.48,TOUCHED,-1.44,below,485.4,492.48,494.17,495.85,492.48,0.681,66.3,0.035,0,2026-08-14,2026-08-17,False,False,5.0,2026-08-17T11:40:57+05:30
APLAPOLLO,2078.2,TOUCHED,0.08,above,2079.8,2078.2,2073.1,2078.2,2068.0,0.492,66.6,0.017,0,2026-08-14,2026-08-17,False,False,5.0,2026-08-17T11:40:57+05:30
SCHAEFFLER,4054.15,TOUCHED,-0.53,below,4032.6,4054.15,4065.1,4076.05,4054.15,0.539,66.8,0.035,0,2026-08-14,2026-08-17,False,False,5.0,2026-08-17T11:40:57+05:30
TECHNOE,972.02,TOUCHED,-2.99,below,943.0,972.02,975.63,979.25,972.02,0.741,67.4,0.05,0,2026-08-14,2026-08-17,False,False,5.0,2026-08-17T11:40:57+05:30
YESBANK,22.78,TOUCHED,-0.18,inside,22.74,22.78,22.78,22.84,22.73,0.483,67.4,0.04,0,2026-08-14,2026-08-17,False,False,5.0,2026-08-17T11:40:57+05:30
BPCL,316.75,TOUCHED,-0.46,below,315.3,316.75,317.65,318.55,316.75,0.567,67.7,0.021,0,2026-08-14,2026-08-17,False,False,5.0,2026-08-17T11:40:57+05:30
CHENNPETRO,1339.9,TOUCHED,0.66,above,1348.7,1339.9,1333.9,1339.9,1327.9,0.9,67.9,0.026,0,2026-08-14,2026-08-17,False,False,5.0,2026-08-17T11:40:57+05:30
KPIL,1360.97,TOUCHED,0.16,inside,1363.1,1360.97,1360.97,1365.35,1356.58,0.644,67.9,0.043,0,2026-08-14,2026-08-17,False,False,5.0,2026-08-17T11:40:57+05:30
ENRIN,3559.37,TOUCHED,0.02,inside,3560.0,3559.37,3559.37,3570.9,3547.83,0.648,68.3,0.028,0,2026-08-14,2026-08-17,False,False,5.0,2026-08-17T11:40:57+05:30
BAYERCROP,4055.83,TOUCHED,-0.27,below,4045.0,4055.83,4065.87,4075.9,4055.83,0.494,68.5,0.031,0,2026-08-14,2026-08-17,False,False,5.0,2026-08-17T11:40:57+05:30
HONASA,498.2,TOUCHED,-1.87,below,488.9,498.2,499.73,501.27,498.2,0.614,68.5,0.054,0,2026-08-14,2026-08-17,False,False,5.0,2026-08-17T11:40:57+05:30
MAXHEALTH,999.5,TOUCHED,-0.19,below,997.6,999.5,1002.53,1005.57,999.5,0.605,68.5,0.037,0,2026-08-14,2026-08-17,False,False,5.0,2026-08-17T11:40:57+05:30
MCX,2944.45,TOUCHED,0.02,above,2945.0,2944.45,2933.47,2944.45,2922.48,0.749,68.5,0.058,0,2026-08-14,2026-08-17,False,False,5.0,2026-08-17T11:40:57+05:30
UBL,1379.48,TOUCHED,-0.54,below,1372.0,1379.48,1382.37,1385.25,1379.48,0.417,68.5,0.026,0,2026-08-14,2026-08-17,False,False,5.0,2026-08-17T11:40:57+05:30
ADANIENSOL,1605.0,TOUCHED,-0.12,inside,1603.1,1605.0,1605.0,1610.5,1599.5,0.685,69.0,0.031,0,2026-08-14,2026-08-17,False,False,5.0,2026-08-17T11:40:57+05:30
DABUR,406.12,TOUCHED,-0.15,below,405.5,406.12,406.98,407.85,406.12,0.426,69.0,0.033,0,2026-08-14,2026-08-17,False,False,5.0,2026-08-17T11:40:57+05:30
NATIONALUM,379.98,TOUCHED,2.13,above,388.05,379.98,378.65,379.98,377.33,0.7,69.3,0.04,0,2026-08-14,2026-08-17,False,False,5.0,2026-08-17T11:40:57+05:30
VMM,105.84,TOUCHED,-0.17,inside,105.66,105.84,105.84,106.17,105.52,0.608,69.6,0.026,0,2026-08-14,2026-08-17,False,False,5.0,2026-08-17T11:40:57+05:30
FIVESTAR,544.02,TOUCHED,-1.0,below,538.6,544.02,546.08,548.14,544.02,0.754,69.9,0.041,0,2026-08-14,2026-08-17,False,False,5.0,2026-08-17T11:40:57+05:30
AIIL,567.38,TOUCHED,-2.06,below,555.7,567.38,569.85,572.33,567.38,0.869,70.1,0.055,0,2026-08-14,2026-08-17,False,False,5.0,2026-08-17T11:40:57+05:30
MAHABANK,80.37,TOUCHED,-0.26,below,80.16,80.37,80.62,80.88,80.37,0.624,70.7,0.042,0,2026-08-14,2026-08-17,False,False,5.0,2026-08-17T11:40:57+05:30
BEML,1897.4,TOUCHED,0.95,above,1915.5,1897.4,1889.73,1897.4,1882.07,0.811,71.8,0.028,0,2026-08-14,2026-08-17,False,False,5.0,2026-08-17T11:40:57+05:30
HBLENGINE,681.36,TOUCHED,-1.99,below,667.8,681.36,684.22,687.07,681.36,0.836,71.8,0.036,0,2026-08-14,2026-08-17,False,False,5.0,2026-08-17T11:40:57+05:30
ICICIBANK,1411.93,TOUCHED,-0.14,inside,1409.9,1411.93,1411.93,1414.47,1409.4,0.359,71.8,0.023,0,2026-08-14,2026-08-17,False,False,5.0,2026-08-17T11:40:57+05:30
PCBL,310.86,TOUCHED,-0.65,below,308.85,310.86,311.92,312.98,310.86,0.679,71.8,0.057,0,2026-08-14,2026-08-17,False,False,5.0,2026-08-17T11:40:57+05:30
PPLPHARMA,207.4,TOUCHED,-0.93,below,205.47,207.4,208.17,208.93,207.4,0.733,72.6,0.044,0,2026-08-14,2026-08-17,False,False,5.0,2026-08-17T11:40:57+05:30
TATASTEEL,182.56,TOUCHED,-0.16,inside,182.28,182.56,182.56,183.03,182.1,0.513,73.2,0.019,0,2026-08-14,2026-08-17,False,False,5.0,2026-08-17T11:40:57+05:30
ADANIGREEN,1331.55,TOUCHED,-0.23,below,1328.5,1331.55,1337.03,1342.52,1331.55,0.82,73.4,0.045,0,2026-08-14,2026-08-17,False,False,5.0,2026-08-17T11:40:57+05:30
KFINTECH,936.37,TOUCHED,0.96,above,945.4,936.37,932.73,936.37,929.1,0.779,73.4,0.018,0,2026-08-14,2026-08-17,False,False,5.0,2026-08-17T11:40:57+05:30
PETRONET,281.84,TOUCHED,0.14,above,282.25,281.84,281.08,281.84,280.32,0.54,73.4,0.025,0,2026-08-14,2026-08-17,False,False,5.0,2026-08-17T11:40:57+05:30
ANURAS,1212.73,TOUCHED,-0.28,below,1209.3,1212.73,1216.07,1219.4,1212.73,0.548,73.7,0.025,0,2026-08-14,2026-08-17,False,False,5.0,2026-08-17T11:40:57+05:30
KPRMILL,1105.8,TOUCHED,1.76,above,1125.3,1105.8,1101.6,1105.8,1097.4,0.763,73.7,0.054,0,2026-08-14,2026-08-17,False,False,5.0,2026-08-17T11:40:57+05:30
DATAPATTNS,4506.37,TOUCHED,-0.1,inside,4501.7,4506.37,4506.37,4531.65,4481.08,1.122,74.2,0.075,0,2026-08-14,2026-08-17,False,False,5.0,2026-08-17T11:40:57+05:30
IRCTC,498.76,TOUCHED,-0.05,below,498.5,498.76,500.02,501.27,498.76,0.503,74.2,0.037,0,2026-08-14,2026-08-17,False,False,5.0,2026-08-17T11:40:57+05:30
GMRAIRPORT,101.84,TOUCHED,-0.34,below,101.49,101.84,102.16,102.49,101.84,0.639,74.5,0.019,0,2026-08-14,2026-08-17,False,False,5.0,2026-08-17T11:40:57+05:30
M&MFIN,391.63,TOUCHED,-0.33,below,390.35,391.63,393.15,394.68,391.63,0.776,75.1,0.037,0,2026-08-14,2026-08-17,False,False,5.0,2026-08-17T11:40:57+05:30
TITAGARH,834.89,TOUCHED,-2.31,below,815.6,834.89,838.43,841.98,834.89,0.845,75.3,0.052,0,2026-08-14,2026-08-17,False,False,5.0,2026-08-17T11:40:57+05:30
INDGN,559.9,TOUCHED,0.3,inside,561.6,559.9,559.9,561.95,557.85,0.732,77.0,0.023,0,2026-08-14,2026-08-17,False,False,5.0,2026-08-17T11:40:57+05:30
KAYNES,3699.7,TOUCHED,-0.4,inside,3684.8,3699.7,3699.7,3719.45,3679.95,1.068,77.0,0.049,0,2026-08-14,2026-08-17,False,False,5.0,2026-08-17T11:40:57+05:30
CLEAN,831.0,TOUCHED,0.1,above,831.85,831.0,827.83,831.0,824.67,0.765,77.5,0.026,0,2026-08-14,2026-08-17,False,False,5.0,2026-08-17T11:40:57+05:30
ENDURANCE,2931.75,TOUCHED,2.31,above,2999.6,2931.75,2920.83,2931.75,2909.92,0.748,77.5,0.044,0,2026-08-14,2026-08-17,False,False,5.0,2026-08-17T11:40:57+05:30
ANANDRATHI,2188.9,TOUCHED,-0.21,inside,2184.4,2188.9,2188.9,2196.0,2181.8,0.649,77.8,0.022,0,2026-08-14,2026-08-17,False,False,5.0,2026-08-17T11:40:57+05:30
CROMPTON,245.82,TOUCHED,-0.23,below,245.25,245.82,246.65,247.48,245.82,0.669,78.4,0.025,0,2026-08-14,2026-08-17,False,False,5.0,2026-08-17T11:40:57+05:30
HYUNDAI,2207.1,TOUCHED,-1.1,below,2182.9,2207.1,2215.2,2223.3,2207.1,0.731,78.9,0.026,0,2026-08-14,2026-08-17,False,False,5.0,2026-08-17T11:40:57+05:30
CANBK,129.78,TOUCHED,-0.3,below,129.4,129.78,130.27,130.76,129.78,0.75,79.2,0.023,0,2026-08-14,2026-08-17,False,False,5.0,2026-08-17T11:40:57+05:30
ELGIEQUIP,607.0,TOUCHED,2.31,above,621.05,607.0,604.5,607.0,602.0,0.827,79.2,0.04,0,2026-08-14,2026-08-17,False,False,5.0,2026-08-17T11:40:57+05:30
MRPL,171.47,TOUCHED,-0.42,below,170.76,171.47,172.41,173.35,171.47,1.085,79.2,0.056,0,2026-08-14,2026-08-17,False,False,5.0,2026-08-17T11:40:57+05:30
OLECTRA,1323.17,TOUCHED,-0.16,below,1321.0,1323.17,1329.43,1335.7,1323.17,0.943,79.7,0.034,0,2026-08-14,2026-08-17,False,False,5.0,2026-08-17T11:40:57+05:30
IKS,1831.6,TOUCHED,0.28,above,1836.8,1831.6,1823.2,1831.6,1814.8,0.921,80.0,0.02,0,2026-08-14,2026-08-17,False,False,5.0,2026-08-17T11:40:57+05:30
EXIDEIND,477.75,TOUCHED,-1.02,below,472.9,477.75,479.4,481.05,477.75,0.688,80.3,0.027,0,2026-08-14,2026-08-17,False,False,5.0,2026-08-17T11:40:57+05:30
SARDAEN,523.38,TOUCHED,-0.77,below,519.35,523.38,525.97,528.56,523.38,0.985,80.3,0.028,0,2026-08-14,2026-08-17,False,False,5.0,2026-08-17T11:40:57+05:30
ANTHEM,886.46,TOUCHED,0.43,above,890.3,886.46,882.82,886.46,879.18,0.825,81.3,0.043,0,2026-08-14,2026-08-17,False,False,5.0,2026-08-17T11:40:57+05:30
ADANIENT,3011.03,TOUCHED,0.14,inside,3015.2,3011.03,3011.03,3023.07,2999.0,0.799,81.9,0.026,0,2026-08-14,2026-08-17,False,False,5.0,2026-08-17T11:40:57+05:30
ACUTAAS,3200.53,TOUCHED,-0.4,inside,3187.7,3200.53,3200.53,3218.07,3183.0,1.096,82.5,0.036,0,2026-08-14,2026-08-17,False,False,5.0,2026-08-17T11:40:57+05:30
TATACOMM,1725.3,TOUCHED,-1.97,below,1691.3,1725.3,1732.5,1739.7,1725.3,0.831,82.5,0.022,0,2026-08-14,2026-08-17,False,False,5.0,2026-08-17T11:40:57+05:30
BLS,273.83,TOUCHED,-0.12,below,273.51,273.83,275.26,276.69,273.83,1.039,82.7,0.032,0,2026-08-14,2026-08-17,False,False,5.0,2026-08-17T11:40:57+05:30
LALPATHLAB,1923.58,TOUCHED,-1.25,below,1899.6,1923.58,1930.87,1938.15,1923.58,0.754,82.7,0.043,0,2026-08-14,2026-08-17,False,False,5.0,2026-08-17T11:40:57+05:30
GRAPHITE,725.56,TOUCHED,-0.2,below,724.1,725.56,729.52,733.48,725.56,1.085,83.3,0.023,0,2026-08-14,2026-08-17,False,False,5.0,2026-08-17T11:40:57+05:30
JAINREC,297.32,TOUCHED,0.36,inside,298.4,297.32,297.32,299.27,295.36,1.317,83.3,0.06,0,2026-08-14,2026-08-17,False,False,5.0,2026-08-17T11:40:57+05:30
TORNTPHARM,4860.5,TOUCHED,0.07,inside,4864.0,4860.5,4860.5,4874.25,4846.75,0.566,83.3,0.025,0,2026-08-14,2026-08-17,False,False,5.0,2026-08-17T11:40:57+05:30
DEVYANI,143.05,TOUCHED,0.35,above,143.55,143.05,142.34,143.05,141.62,1.0,84.4,0.04,0,2026-08-14,2026-08-17,False,False,5.0,2026-08-17T11:40:57+05:30
BERGEPAINT,549.7,TOUCHED,0.04,inside,549.9,549.7,549.7,552.0,547.4,0.837,84.7,0.013,0,2026-08-14,2026-08-17,False,False,5.0,2026-08-17T11:40:57+05:30
REDINGTON,336.09,TOUCHED,-0.25,below,335.25,336.09,338.13,340.18,336.09,1.208,85.2,0.038,0,2026-08-14,2026-08-17,False,False,5.0,2026-08-17T11:40:57+05:30
LTF,309.2,TOUCHED,0.34,inside,310.25,309.2,309.2,310.65,307.75,0.938,85.5,0.028,0,2026-08-14,2026-08-17,False,False,5.0,2026-08-17T11:40:57+05:30
ASIANPAINT,2704.42,TOUCHED,-0.12,below,2701.3,2704.42,2712.53,2720.65,2704.42,0.598,85.8,0.021,0,2026-08-14,2026-08-17,False,False,5.0,2026-08-17T11:40:57+05:30
MRF,132635.0,TOUCHED,0.29,inside,133025.0,132635.0,132635.0,133062.5,132207.5,0.645,86.6,0.034,0,2026-08-14,2026-08-17,False,False,5.0,2026-08-17T11:40:57+05:30
PAYTM,1612.1,TOUCHED,-0.66,below,1601.5,1612.1,1621.2,1630.3,1612.1,1.123,86.8,0.057,0,2026-08-14,2026-08-17,False,False,5.0,2026-08-17T11:40:57+05:30
IDEA,13.84,TOUCHED,-0.22,below,13.81,13.84,13.93,14.02,13.84,1.292,87.1,0.046,0,2026-08-14,2026-08-17,False,False,5.0,2026-08-17T11:40:57+05:30
RECLTD,336.5,TOUCHED,-0.15,below,336.0,336.5,338.0,339.5,336.5,0.888,87.1,0.016,0,2026-08-14,2026-08-17,False,False,5.0,2026-08-17T11:40:57+05:30
BATAINDIA,749.68,TOUCHED,-0.26,inside,747.7,749.68,749.68,752.69,746.68,0.803,87.9,0.022,0,2026-08-14,2026-08-17,False,False,5.0,2026-08-17T11:40:57+05:30
NETWEB,5130.15,TOUCHED,1.51,above,5207.8,5130.15,5089.17,5130.15,5048.18,1.611,87.9,0.054,0,2026-08-14,2026-08-17,False,False,5.0,2026-08-17T11:40:57+05:30
FLUOROCHEM,4760.45,TOUCHED,-1.97,below,4666.5,4760.45,4783.1,4805.75,4760.45,0.947,88.2,0.022,0,2026-08-14,2026-08-17,False,False,5.0,2026-08-17T11:40:57+05:30
ATUL,6761.17,TOUCHED,-0.28,below,6742.0,6761.17,6793.33,6825.5,6761.17,0.947,88.8,0.015,0,2026-08-14,2026-08-17,False,False,5.0,2026-08-17T11:40:57+05:30
SHYAMMETL,986.4,TOUCHED,-0.12,below,985.2,986.4,990.8,995.2,986.4,0.888,88.8,0.015,0,2026-08-14,2026-08-17,False,False,5.0,2026-08-17T11:40:57+05:30
RADICO,4625.2,TOUCHED,0.5,inside,4648.1,4625.2,4625.2,4650.2,4600.2,1.081,89.0,0.021,0,2026-08-13,2026-08-17,False,False,5.0,2026-08-17T11:40:57+05:30
ABDL,603.48,TOUCHED,-1.25,below,595.95,603.48,607.5,611.52,603.48,1.325,89.6,0.076,0,2026-08-14,2026-08-17,False,False,5.0,2026-08-17T11:40:57+05:30
HAVELLS,1292.93,TOUCHED,0.39,above,1298.0,1292.93,1287.87,1292.93,1282.8,0.787,89.6,0.019,0,2026-08-14,2026-08-17,False,False,5.0,2026-08-17T11:40:57+05:30
LTTS,3513.83,TOUCHED,-0.48,inside,3497.0,3513.83,3513.83,3532.35,3495.32,1.054,89.9,0.042,0,2026-08-14,2026-08-17,False,False,5.0,2026-08-17T11:40:57+05:30
SUMICHEM,558.4,TOUCHED,-0.41,inside,556.1,558.4,558.4,561.68,555.12,1.173,89.9,0.039,0,2026-08-14,2026-08-17,False,False,5.0,2026-08-17T11:40:57+05:30
LAURUSLABS,1796.68,TOUCHED,-0.63,below,1785.4,1796.68,1806.07,1815.45,1796.68,1.039,90.4,0.017,0,2026-08-14,2026-08-17,False,False,5.0,2026-08-17T11:40:57+05:30
AARTIIND,525.35,TOUCHED,-0.1,below,524.8,525.35,528.27,531.18,525.35,1.104,90.7,0.033,0,2026-08-14,2026-08-17,False,False,5.0,2026-08-17T11:40:57+05:30
AUROPHARMA,1630.05,TOUCHED,-0.08,below,1628.7,1630.05,1638.0,1645.95,1630.05,0.971,91.2,0.038,0,2026-08-14,2026-08-17,False,False,5.0,2026-08-17T11:40:57+05:30
RAMCOCEM,915.75,TOUCHED,-0.27,inside,913.3,915.75,915.75,920.02,911.48,0.934,91.2,0.045,0,2026-08-14,2026-08-17,False,False,5.0,2026-08-17T11:40:57+05:30
ALKEM,5349.17,TOUCHED,1.27,above,5417.0,5349.17,5330.33,5349.17,5311.5,0.707,91.5,0.026,0,2026-08-14,2026-08-17,False,False,5.0,2026-08-17T11:40:57+05:30
ADANIPORTS,1685.73,TOUCHED,-0.18,inside,1682.7,1685.73,1685.73,1692.87,1678.6,0.846,91.8,0.021,0,2026-08-14,2026-08-17,False,False,5.0,2026-08-17T11:40:57+05:30
ASHOKLEY,174.62,TOUCHED,0.1,above,174.8,174.62,173.63,174.62,172.63,1.146,91.8,0.027,0,2026-08-14,2026-08-17,False,False,5.0,2026-08-17T11:40:57+05:30
NBCC,89.54,TOUCHED,-0.36,below,89.22,89.54,90.08,90.63,89.54,1.204,91.8,0.042,0,2026-08-14,2026-08-17,False,False,5.0,2026-08-17T11:40:57+05:30
RAINBOW,1454.95,TOUCHED,0.09,above,1456.3,1454.95,1448.1,1454.95,1441.25,0.946,92.3,0.034,0,2026-08-14,2026-08-17,False,False,5.0,2026-08-17T11:40:57+05:30
BHARTIHEXA,1611.87,TOUCHED,1.75,above,1640.1,1611.87,1602.63,1611.87,1593.4,1.152,92.9,0.038,0,2026-08-14,2026-08-17,False,False,5.0,2026-08-17T11:40:57+05:30
CONCOR,529.78,TOUCHED,-1.99,below,519.25,529.78,532.57,535.35,529.78,1.045,93.7,0.034,0,2026-08-14,2026-08-17,False,False,5.0,2026-08-17T11:40:57+05:30
PFIZER,4924.93,TOUCHED,0.09,inside,4929.6,4924.93,4924.93,4950.0,4899.87,1.018,94.5,0.025,0,2026-08-14,2026-08-17,False,False,5.0,2026-08-17T11:40:57+05:30
BHARTIARTL,1984.37,TOUCHED,0.18,above,1987.9,1984.37,1976.63,1984.37,1968.9,0.782,94.8,0.014,0,2026-08-14,2026-08-17,False,False,5.0,2026-08-17T11:40:57+05:30
OFSS,11746.67,TOUCHED,1.31,above,11900.0,11746.67,11665.33,11746.67,11584.0,1.394,95.3,0.029,0,2026-08-14,2026-08-17,False,False,5.0,2026-08-17T11:40:57+05:30
BALRAMCHIN,624.84,V+N,4.35,above,652.0,624.84,624.83,624.84,624.83,0.003,1.9,0.025,1,2026-08-14,2026-08-17,True,True,5.0,2026-08-17T13:14:42+05:30
SONATSOFTW,325.82,V+N,-1.24,below,321.8,325.82,325.85,325.87,325.82,0.015,3.8,0.026,1,2026-08-14,2026-08-17,True,True,5.0,2026-08-17T13:14:42+05:30
TCS,2361.23,V+N,-1.64,below,2322.6,2361.23,2361.47,2361.7,2361.23,0.02,3.8,0.029,1,2026-08-14,2026-08-17,True,True,5.0,2026-08-17T13:14:42+05:30
INDUSINDBK,1020.4,V+N,-0.52,below,1015.1,1020.4,1020.53,1020.67,1020.4,0.026,4.1,0.031,1,2026-08-14,2026-08-17,True,True,5.0,2026-08-17T13:14:42+05:30
3MINDIA,35610.0,V+W,-1.77,below,34980.0,35610.0,35880.0,36150.0,35610.0,1.505,98.1,0.025,1,2026-08-14,2026-08-17,True,False,5.0,2026-08-17T13:14:42+05:30
SAIL,168.06,V+W,1.53,above,170.64,168.06,166.61,168.06,165.17,1.739,98.6,0.026,1,2026-08-14,2026-08-17,True,False,5.0,2026-08-17T13:14:42+05:30
IDBI,82.81,V,-0.93,below,82.04,82.81,82.83,82.86,82.81,0.056,6.6,0.042,1,2026-08-13,2026-08-17,True,False,5.0,2026-08-17T13:14:42+05:30
360ONE,1179.25,V,-1.0,below,1167.4,1179.25,1179.5,1179.75,1179.25,0.042,6.8,0.032,1,2026-08-14,2026-08-17,True,False,5.0,2026-08-17T13:14:42+05:30
DEEPAKNTR,1722.78,V,2.29,above,1762.2,1722.78,1722.37,1722.78,1721.95,0.048,6.8,0.03,1,2026-08-14,2026-08-17,True,False,5.0,2026-08-17T13:14:42+05:30
HINDALCO,1029.36,V,1.73,above,1047.2,1029.36,1029.22,1029.36,1029.08,0.028,7.9,0.011,1,2026-08-14,2026-08-17,True,False,5.0,2026-08-17T13:14:42+05:30
GRANULES,858.7,V,-0.26,below,856.5,858.7,859.0,859.3,858.7,0.07,8.5,0.037,1,2026-08-14,2026-08-17,True,False,5.0,2026-08-17T13:14:42+05:30
AMBUJACEM,417.64,V,-0.86,below,414.05,417.64,417.78,417.93,417.64,0.068,8.8,0.035,1,2026-08-14,2026-08-17,True,False,5.0,2026-08-17T13:14:42+05:30
INDIANB,894.05,V,-1.02,below,884.9,894.05,894.35,894.65,894.05,0.067,11.0,0.027,1,2026-08-14,2026-08-17,True,False,5.0,2026-08-17T13:14:42+05:30
ECLERX,1893.75,V,-2.5,below,1846.4,1893.75,1894.83,1895.92,1893.75,0.114,11.2,0.039,1,2026-08-14,2026-08-17,True,False,5.0,2026-08-17T13:14:42+05:30
HINDUNILVR,2077.55,V,-0.63,below,2064.5,2077.55,2078.1,2078.65,2077.55,0.053,11.8,0.015,1,2026-08-14,2026-08-17,True,False,5.0,2026-08-17T13:14:42+05:30
PNB,118.05,V,-0.34,below,117.65,118.05,118.1,118.15,118.05,0.085,12.6,0.035,1,2026-08-14,2026-08-17,True,False,5.0,2026-08-17T13:14:42+05:30
HEXT,570.17,V,-1.33,below,562.6,570.17,570.5,570.82,570.17,0.114,13.2,0.045,1,2026-08-14,2026-08-17,True,False,5.0,2026-08-17T13:14:42+05:30
NMDC,84.24,V,-0.92,below,83.47,84.24,84.3,84.35,84.24,0.123,15.6,0.028,1,2026-08-14,2026-08-17,True,False,5.0,2026-08-17T13:14:42+05:30
BIOCON,420.25,V,-2.06,below,411.6,420.25,420.5,420.75,420.25,0.119,16.4,0.032,1,2026-08-13,2026-08-17,True,False,5.0,2026-08-17T13:14:42+05:30
GODFRYPHLP,2150.88,V,-0.56,below,2138.9,2150.88,2152.77,2154.65,2150.88,0.175,17.3,0.041,1,2026-08-14,2026-08-17,True,False,5.0,2026-08-17T13:14:42+05:30
J&KBANK,155.61,V,-4.57,below,148.5,155.61,155.74,155.87,155.61,0.167,18.6,0.029,1,2026-08-14,2026-08-17,True,False,5.0,2026-08-17T13:14:42+05:30
AMBER,7215.5,V,1.21,above,7303.0,7215.5,7209.0,7215.5,7202.5,0.18,19.2,0.031,1,2026-08-14,2026-08-17,True,False,5.0,2026-08-17T13:14:42+05:30
IGL,151.81,V,-1.27,below,149.88,151.81,151.92,152.03,151.81,0.145,19.7,0.046,1,2026-08-14,2026-08-17,True,False,5.0,2026-08-17T13:14:42+05:30
CHOLAFIN,1896.05,V,-0.28,below,1890.7,1896.05,1897.7,1899.35,1896.05,0.174,20.8,0.041,1,2026-08-14,2026-08-17,True,False,5.0,2026-08-17T13:14:42+05:30
BELRISE,255.6,V,-7.18,below,237.25,255.6,255.84,256.08,255.6,0.192,20.9,0.034,1,2026-08-14,2026-08-17,True,False,5.0,2026-08-17T13:14:42+05:30
DMART,4062.82,V,-1.18,below,4014.7,4062.82,4065.63,4068.45,4062.82,0.139,21.4,0.028,1,2026-08-14,2026-08-17,True,False,5.0,2026-08-17T13:14:42+05:30
TATAELXSI,3775.33,V,-0.27,below,3765.1,3775.33,3777.97,3780.6,3775.33,0.139,21.6,0.034,1,2026-08-14,2026-08-17,True,False,5.0,2026-08-17T13:14:42+05:30
TEJASNET,539.14,V,-2.36,below,526.4,539.14,539.78,540.42,539.14,0.238,22.2,0.046,1,2026-08-14,2026-08-17,True,False,5.0,2026-08-17T13:14:42+05:30
TATAINVEST,667.9,V,-1.78,below,656.0,667.9,668.5,669.1,667.9,0.18,23.0,0.023,1,2026-08-14,2026-08-17,True,False,5.0,2026-08-17T13:14:42+05:30
SONACOMS,794.4,V,2.04,above,810.6,794.4,793.6,794.4,792.8,0.202,23.6,0.034,1,2026-08-14,2026-08-17,True,False,5.0,2026-08-17T13:14:42+05:30
HINDCOPPER,530.85,V,6.73,above,566.55,530.85,530.25,530.85,529.65,0.226,23.8,0.032,1,2026-08-14,2026-08-17,True,False,5.0,2026-08-17T13:14:42+05:30
TATACHEM,671.28,V,-0.9,below,665.2,671.28,671.9,672.52,671.28,0.186,24.4,0.02,1,2026-08-14,2026-08-17,True,False,5.0,2026-08-17T13:14:42+05:30
ACMESOLAR,374.59,V,-2.29,below,366.0,374.59,375.08,375.57,374.59,0.262,24.9,0.05,1,2026-08-14,2026-08-17,True,False,5.0,2026-08-17T13:14:42+05:30
GODIGIT,259.94,V,-1.61,below,255.75,259.94,260.23,260.53,259.94,0.224,28.5,0.028,1,2026-08-14,2026-08-17,True,False,5.0,2026-08-17T13:14:42+05:30
HBLENGINE,693.95,V,-2.73,below,675.0,693.95,694.85,695.75,693.95,0.259,29.3,0.036,1,2026-08-13,2026-08-17,True,False,5.0,2026-08-17T13:14:42+05:30
WIPRO,184.16,V,-1.23,below,181.9,184.16,184.31,184.47,184.16,0.17,29.6,0.013,1,2026-08-14,2026-08-17,True,False,5.0,2026-08-17T13:14:42+05:30
IRCON,124.99,V,-0.32,below,124.58,124.99,125.18,125.38,124.99,0.312,32.1,0.042,1,2026-08-14,2026-08-17,True,False,5.0,2026-08-17T13:14:42+05:30
GAIL,174.42,V,-0.79,below,173.05,174.42,174.58,174.74,174.42,0.181,32.6,0.015,1,2026-08-14,2026-08-17,True,False,5.0,2026-08-17T13:14:42+05:30
MANKIND,2428.55,V,-1.76,below,2385.7,2428.55,2431.9,2435.25,2428.55,0.276,34.8,0.039,1,2026-08-14,2026-08-17,True,False,5.0,2026-08-17T13:14:42+05:30
JWL,256.91,V,-1.85,below,252.15,256.91,257.32,257.73,256.91,0.317,35.1,0.042,1,2026-08-14,2026-08-17,True,False,5.0,2026-08-17T13:14:42+05:30
BSE,3454.17,V,-3.29,below,3340.6,3454.17,3461.33,3468.5,3454.17,0.414,35.6,0.022,1,2026-08-14,2026-08-17,True,False,5.0,2026-08-17T13:14:42+05:30
BANKBARODA,248.53,V,-0.54,below,247.18,248.53,248.84,249.14,248.53,0.248,35.9,0.012,1,2026-08-14,2026-08-17,True,False,5.0,2026-08-17T13:14:42+05:30
IDFCFIRSTB,85.8,V,-0.37,below,85.48,85.8,85.91,86.02,85.8,0.26,37.3,0.033,1,2026-08-14,2026-08-17,True,False,5.0,2026-08-17T13:14:42+05:30
NUVOCO,332.07,V,-0.58,below,330.15,332.07,332.6,333.12,332.07,0.316,38.1,0.042,1,2026-08-14,2026-08-17,True,False,5.0,2026-08-17T13:14:42+05:30
ESCORTS,3108.97,V,0.74,above,3131.9,3108.97,3104.23,3108.97,3099.5,0.305,38.4,0.041,1,2026-08-14,2026-08-17,True,False,5.0,2026-08-17T13:14:42+05:30
COCHINSHIP,1499.2,V,-2.09,below,1467.9,1499.2,1501.9,1504.6,1499.2,0.36,39.5,0.043,1,2026-08-14,2026-08-17,True,False,5.0,2026-08-17T13:14:42+05:30
RAILTEL,282.68,V,-1.06,below,279.7,282.68,283.22,283.75,282.68,0.377,39.7,0.046,1,2026-08-14,2026-08-17,True,False,5.0,2026-08-17T13:14:42+05:30
ACC,1322.77,V,-0.73,below,1313.1,1322.77,1324.13,1325.5,1322.77,0.206,41.4,0.035,1,2026-08-14,2026-08-17,True,False,5.0,2026-08-17T13:14:42+05:30
INDIACEM,382.71,V,-1.44,below,377.2,382.71,383.42,384.12,382.71,0.369,43.6,0.035,1,2026-08-13,2026-08-17,True,False,5.0,2026-08-17T13:14:42+05:30
SWIGGY,277.04,V,-0.11,below,276.75,277.04,277.78,278.52,277.04,0.534,47.7,0.045,1,2026-08-14,2026-08-17,True,False,5.0,2026-08-17T13:14:42+05:30
IRFC,87.71,V,-0.6,below,87.19,87.71,87.86,88.0,87.71,0.326,49.3,0.033,1,2026-08-14,2026-08-17,True,False,5.0,2026-08-17T13:14:42+05:30
FACT,809.49,V,-1.69,below,795.85,809.49,811.28,813.07,809.49,0.442,50.4,0.058,1,2026-08-14,2026-08-17,True,False,5.0,2026-08-17T13:14:42+05:30
LTM,4724.55,V,-1.19,below,4668.4,4724.55,4734.1,4743.65,4724.55,0.403,51.8,0.032,1,2026-08-14,2026-08-17,True,False,5.0,2026-08-17T13:14:42+05:30
CYIENT,869.03,V,-0.53,below,864.4,869.03,871.02,873.0,869.03,0.455,54.2,0.024,1,2026-08-14,2026-08-17,True,False,5.0,2026-08-17T13:14:42+05:30
NHPC,77.06,V,-0.85,below,76.4,77.06,77.22,77.38,77.06,0.41,56.4,0.035,1,2026-08-14,2026-08-17,True,False,5.0,2026-08-17T13:14:42+05:30
ABCAPITAL,402.2,V,-0.7,below,399.4,402.2,403.4,404.6,402.2,0.595,63.6,0.038,1,2026-08-14,2026-08-17,True,False,5.0,2026-08-17T13:14:42+05:30
JPPOWER,17.6,V,-0.56,below,17.5,17.6,17.66,17.72,17.6,0.661,63.6,0.037,1,2026-08-13,2026-08-17,True,False,5.0,2026-08-17T13:14:42+05:30
ABFRL,56.15,V,-1.5,below,55.31,56.15,56.32,56.5,56.15,0.61,64.1,0.025,1,2026-08-14,2026-08-17,True,False,5.0,2026-08-17T13:14:42+05:30
BLUEDART,5152.33,V,-0.45,below,5129.0,5152.33,5163.67,5175.0,5152.33,0.439,64.9,0.017,1,2026-08-14,2026-08-17,True,False,5.0,2026-08-17T13:14:42+05:30
BRITANNIA,5568.67,V,-0.48,below,5542.0,5568.67,5579.33,5590.0,5568.67,0.382,65.2,0.021,1,2026-08-14,2026-08-17,True,False,5.0,2026-08-17T13:14:42+05:30
SBIN,1069.65,V,-0.3,below,1066.4,1069.65,1071.6,1073.55,1069.65,0.364,65.8,0.011,1,2026-08-14,2026-08-17,True,False,5.0,2026-08-17T13:14:42+05:30
SHREECEM,24846.67,V,-1.15,below,24560.0,24846.67,24898.33,24950.0,24846.67,0.415,67.1,0.013,1,2026-08-14,2026-08-17,True,False,5.0,2026-08-17T13:14:42+05:30
CPPLUS,3535.27,V,-5.44,below,3343.1,3535.27,3551.53,3567.8,3535.27,0.916,68.1,0.037,1,2026-08-14,2026-08-17,True,False,5.0,2026-08-17T13:14:42+05:30
AAVAS,1401.78,V,-1.11,below,1386.2,1401.78,1406.17,1410.55,1401.78,0.623,70.1,0.027,1,2026-08-14,2026-08-17,True,False,5.0,2026-08-17T13:14:42+05:30
ITI,277.66,V,-0.45,below,276.4,277.66,278.57,279.48,277.66,0.652,70.4,0.035,1,2026-08-14,2026-08-17,True,False,5.0,2026-08-17T13:14:42+05:30
HAL,5015.13,V,1.16,above,5073.5,5015.13,5000.37,5015.13,4985.6,0.591,71.0,0.035,1,2026-08-14,2026-08-17,True,False,5.0,2026-08-17T13:14:42+05:30
SCHNEIDER,1375.78,V,-11.34,below,1219.8,1375.78,1382.37,1388.95,1375.78,0.952,71.0,0.027,1,2026-08-14,2026-08-17,True,False,5.0,2026-08-17T13:14:42+05:30
AIAENG,4495.97,V,-1.98,below,4406.9,4495.97,4509.13,4522.3,4495.97,0.584,71.5,0.041,1,2026-08-14,2026-08-17,True,False,5.0,2026-08-17T13:14:42+05:30
TATAPOWER,383.03,V,-0.47,below,381.25,383.03,384.02,385.0,383.03,0.512,71.8,0.023,1,2026-08-14,2026-08-17,True,False,5.0,2026-08-17T13:14:42+05:30
BSOFT,313.27,V,-1.57,below,308.35,313.27,314.48,315.7,313.27,0.774,72.9,0.037,1,2026-08-14,2026-08-17,True,False,5.0,2026-08-17T13:14:42+05:30
NCC,141.13,V,-1.24,below,139.38,141.13,141.61,142.09,141.13,0.678,74.5,0.027,1,2026-08-14,2026-08-17,True,False,5.0,2026-08-17T13:14:42+05:30
DELHIVERY,461.35,V,-0.88,below,457.3,461.35,463.0,464.65,461.35,0.713,76.7,0.019,1,2026-08-14,2026-08-17,True,False,5.0,2026-08-17T13:14:42+05:30
THERMAX,4029.22,V,3.06,above,4152.5,4029.22,4013.53,4029.22,3997.85,0.782,77.0,0.022,1,2026-08-14,2026-08-17,True,False,5.0,2026-08-17T13:14:42+05:30
FORTIS,903.07,V,1.73,above,918.65,903.07,899.98,903.07,896.9,0.685,77.8,0.031,1,2026-08-13,2026-08-17,True,False,5.0,2026-08-17T13:14:42+05:30
SUPREMEIND,3544.52,V,1.69,above,3604.3,3544.52,3530.13,3544.52,3515.75,0.815,80.0,0.043,1,2026-08-14,2026-08-17,True,False,5.0,2026-08-17T13:14:42+05:30
NSLNISP,44.7,V,-7.58,below,41.31,44.7,44.9,45.09,44.7,0.884,81.1,0.033,1,2026-08-14,2026-08-17,True,False,5.0,2026-08-17T13:14:42+05:30
SIEMENS,3956.0,V,-0.46,below,3938.0,3956.0,3972.0,3988.0,3956.0,0.806,81.4,0.02,1,2026-08-14,2026-08-17,True,False,5.0,2026-08-17T13:14:42+05:30
ASTRAL,1562.4,V,-1.39,below,1540.7,1562.4,1568.5,1574.6,1562.4,0.778,81.6,0.032,1,2026-08-14,2026-08-17,True,False,5.0,2026-08-17T13:14:42+05:30
CGCL,227.63,V,-0.95,below,225.46,227.63,228.73,229.84,227.63,0.968,83.3,0.049,1,2026-08-14,2026-08-17,True,False,5.0,2026-08-17T13:14:42+05:30
CIPLA,1453.92,V,-1.84,below,1427.1,1453.92,1457.83,1461.75,1453.92,0.537,85.5,0.023,1,2026-08-14,2026-08-17,True,False,5.0,2026-08-17T13:14:42+05:30
CEMPRO,1289.53,V,5.01,above,1354.2,1289.53,1280.27,1289.53,1271.0,1.448,87.7,0.053,1,2026-08-14,2026-08-17,True,False,5.0,2026-08-17T13:14:42+05:30
RHIM,382.0,V,-2.21,below,373.55,382.0,384.15,386.3,382.0,1.119,88.5,0.029,1,2026-08-14,2026-08-17,True,False,5.0,2026-08-17T13:14:42+05:30
ABBOTINDIA,27173.33,V,-1.01,below,26900.0,27173.33,27286.67,27400.0,27173.33,0.831,90.1,0.036,1,2026-08-14,2026-08-17,True,False,5.0,2026-08-17T13:14:42+05:30
EMCURE,1944.37,V,-3.47,below,1876.9,1944.37,1956.43,1968.5,1944.37,1.234,90.7,0.029,1,2026-08-14,2026-08-17,True,False,5.0,2026-08-17T13:14:42+05:30
IPCALAB,1762.5,V,5.75,above,1863.9,1762.5,1753.07,1762.5,1743.63,1.076,90.7,0.032,1,2026-08-14,2026-08-17,True,False,5.0,2026-08-17T13:14:42+05:30
JIOFIN,250.14,V,-0.3,below,249.4,250.14,251.23,252.33,250.14,0.869,90.7,0.022,1,2026-08-14,2026-08-17,True,False,5.0,2026-08-17T13:14:42+05:30
NATCOPHARM,910.63,V,-2.36,below,889.15,910.63,918.12,925.6,910.63,1.63,96.7,0.019,1,2026-08-14,2026-08-17,True,False,5.0,2026-08-17T13:14:42+05:30
IEX,124.75,NARROW,0.4,above,125.25,124.75,124.75,124.75,124.75,0.0,0.0,0.028,0,2026-08-14,2026-08-17,False,True,5.0,2026-08-17T13:14:42+05:30
WAAREEENER,2682.0,NARROW,0.41,above,2692.9,2682.0,2682.0,2682.0,2682.0,0.0,0.0,0.043,0,2026-08-14,2026-08-17,False,True,5.0,2026-08-17T13:14:42+05:30
PHOENIXLTD,1890.05,NARROW,1.21,above,1913.0,1890.05,1890.03,1890.05,1890.02,0.002,0.8,0.047,0,2026-08-14,2026-08-17,False,True,5.0,2026-08-17T13:14:42+05:30
GALLANTT,582.02,NARROW,-0.09,below,581.5,582.02,582.03,582.04,582.02,0.003,1.1,0.069,0,2026-08-14,2026-08-17,False,True,5.0,2026-08-17T13:14:42+05:30
LICHSGFIN,500.02,NARROW,-0.12,below,499.4,500.02,500.03,500.05,500.02,0.007,1.9,0.021,0,2026-08-14,2026-08-17,False,True,5.0,2026-08-17T13:14:42+05:30
CEATLTD,3689.02,NARROW,-1.9,below,3619.1,3689.02,3689.23,3689.45,3689.02,0.012,3.0,0.033,0,2026-08-14,2026-08-17,False,True,5.0,2026-08-17T13:14:42+05:30
CENTRALBK,31.39,NARROW,-0.29,below,31.3,31.39,31.39,31.4,31.39,0.021,3.0,0.041,0,2026-08-14,2026-08-17,False,True,5.0,2026-08-17T13:14:42+05:30
BAJAJHFL,84.31,NARROW,-0.36,below,84.01,84.31,84.32,84.32,84.31,0.016,3.3,0.024,0,2026-08-14,2026-08-17,False,True,5.0,2026-08-17T13:14:42+05:30
BANKINDIA,144.06,NARROW,-0.36,below,143.54,144.06,144.07,144.09,144.06,0.021,3.3,0.031,0,2026-08-14,2026-08-17,False,True,5.0,2026-08-17T13:14:42+05:30
IFCI,76.97,NARROW,3.22,above,79.45,76.97,76.96,76.97,76.95,0.026,3.3,0.1,0,2026-08-14,2026-08-17,False,True,5.0,2026-08-17T13:14:42+05:30
MAZDOCK,2578.85,NARROW,-0.15,below,2574.9,2578.85,2579.23,2579.62,2578.85,0.03,3.3,0.043,0,2026-08-14,2026-08-17,False,True,5.0,2026-08-17T13:14:42+05:30
JSL,737.73,NARROW,0.04,above,738.0,737.73,737.62,737.73,737.5,0.032,3.6,0.041,0,2026-08-14,2026-08-17,False,True,5.0,2026-08-17T13:14:42+05:30
TECHM,1632.93,NARROW,-1.39,below,1610.3,1632.93,1633.07,1633.2,1632.93,0.016,3.6,0.034,0,2026-08-14,2026-08-17,False,True,5.0,2026-08-17T13:14:42+05:30
SIGNATURE,809.35,NARROW,-0.48,below,805.5,809.35,809.45,809.55,809.35,0.025,3.8,0.028,0,2026-08-14,2026-08-17,False,True,5.0,2026-08-17T13:14:42+05:30
WOCKPHARMA,1933.03,NARROW,-1.67,below,1900.7,1933.03,1933.37,1933.7,1933.03,0.034,3.8,0.059,0,2026-08-14,2026-08-17,False,True,5.0,2026-08-17T13:14:42+05:30
JKTYRE,383.95,NARROW,-0.35,below,382.6,383.95,384.0,384.05,383.95,0.026,4.1,0.045,0,2026-08-14,2026-08-17,False,True,5.0,2026-08-17T13:14:42+05:30
UPL,563.12,NARROW,0.6,above,566.5,563.12,563.08,563.12,563.04,0.015,4.1,0.018,0,2026-08-14,2026-08-17,False,True,5.0,2026-08-17T13:14:42+05:30
AEGISLOG,1266.0,NARROW,2.13,above,1293.0,1266.0,1265.8,1266.0,1265.6,0.032,4.7,0.033,0,2026-08-14,2026-08-17,False,True,5.0,2026-08-17T13:14:42+05:30
DLF,664.91,NARROW,1.1,above,672.2,664.91,664.82,664.91,664.72,0.028,4.9,0.029,0,2026-08-14,2026-08-17,False,True,5.0,2026-08-17T13:14:42+05:30
RVNL,227.31,NARROW,0.77,above,229.06,227.31,227.27,227.31,227.24,0.034,4.9,0.034,0,2026-08-14,2026-08-17,False,True,5.0,2026-08-17T13:14:42+05:30
ZYDUSLIFE,1141.55,WIDE,-0.75,below,1133.0,1141.55,1147.9,1154.25,1141.55,1.106,97.0,0.024,0,2026-08-14,2026-08-17,False,False,5.0,2026-08-17T13:14:42+05:30
FIRSTCRY,208.6,WIDE,-0.28,below,208.02,208.6,211.11,213.62,208.6,2.379,97.3,0.06,0,2026-08-14,2026-08-17,False,False,5.0,2026-08-17T13:14:42+05:30
PAGEIND,37220.0,WIDE,0.58,inside,37435.0,37220.0,37220.0,37455.0,36985.0,1.263,97.8,0.027,0,2026-08-14,2026-08-17,False,False,5.0,2026-08-17T13:14:42+05:30
SAMMAANCAP,155.76,WIDE,-0.65,inside,154.75,155.76,155.76,157.45,154.08,2.166,98.1,0.041,0,2026-08-14,2026-08-17,False,False,5.0,2026-08-17T13:14:42+05:30
WELSPUNLIV,168.3,WIDE,-0.98,inside,166.65,168.3,168.3,170.42,166.18,2.519,98.6,0.042,0,2026-08-14,2026-08-17,False,False,5.0,2026-08-17T13:14:42+05:30
APOLLOHOSP,8865.92,WIDE,0.1,above,8875.0,8865.92,8811.33,8865.92,8756.75,1.239,99.2,0.017,0,2026-08-14,2026-08-17,False,False,5.0,2026-08-17T13:14:42+05:30
LGEINDIA,1692.27,WIDE,-0.91,inside,1676.9,1692.27,1692.27,1710.98,1673.55,2.212,99.5,0.01,0,2026-08-14,2026-08-17,False,False,5.0,2026-08-17T13:14:42+05:30
MINDACORP,727.65,WIDE,-0.13,below,726.7,727.65,735.25,742.85,727.65,2.067,99.5,0.038,0,2026-08-14,2026-08-17,False,False,5.0,2026-08-17T13:14:42+05:30
COLPAL,1980.25,TOUCHED,-0.43,below,1971.7,1980.25,1980.5,1980.75,1980.25,0.025,5.2,0.024,0,2026-08-14,2026-08-17,False,False,5.0,2026-08-17T13:14:42+05:30
UCOBANK,26.01,TOUCHED,0.25,above,26.07,26.01,26.0,26.01,26.0,0.013,5.2,0.013,0,2026-08-14,2026-08-17,False,False,5.0,2026-08-17T13:14:42+05:30
NAM-INDIA,1168.5,TOUCHED,2.52,above,1198.0,1168.5,1168.3,1168.5,1168.1,0.034,5.5,0.032,0,2026-08-14,2026-08-17,False,False,5.0,2026-08-17T13:14:42+05:30
RELIANCE,1309.83,TOUCHED,0.46,above,1315.8,1309.83,1309.67,1309.83,1309.5,0.025,5.5,0.024,0,2026-08-14,2026-08-17,False,False,5.0,2026-08-17T13:14:42+05:30
PARADEEP,147.74,TOUCHED,-1.03,below,146.21,147.74,147.77,147.81,147.74,0.052,6.0,0.04,0,2026-08-14,2026-08-17,False,False,5.0,2026-08-17T13:14:42+05:30
CHAMBLFERT,442.83,TOUCHED,-0.82,below,439.2,442.83,442.95,443.07,442.83,0.056,6.3,0.035,0,2026-08-14,2026-08-17,False,False,5.0,2026-08-17T13:14:42+05:30
NIACL,179.05,TOUCHED,1.59,above,181.9,179.05,179.01,179.05,178.98,0.039,6.3,0.032,0,2026-08-14,2026-08-17,False,False,5.0,2026-08-17T13:14:42+05:30
SBFC,93.99,TOUCHED,-0.9,below,93.14,93.99,94.01,94.03,93.99,0.043,6.3,0.032,0,2026-08-14,2026-08-17,False,False,5.0,2026-08-17T13:14:42+05:30
WELCORP,1873.92,TOUCHED,-0.67,below,1861.3,1873.92,1874.53,1875.15,1873.92,0.066,6.6,0.051,0,2026-08-14,2026-08-17,False,False,5.0,2026-08-17T13:14:42+05:30
APOLLOTYRE,443.77,TOUCHED,-1.01,below,439.3,443.77,443.88,443.99,443.77,0.049,6.8,0.038,0,2026-08-14,2026-08-17,False,False,5.0,2026-08-17T13:14:42+05:30
EIHOTEL,300.17,TOUCHED,-0.91,below,297.45,300.17,300.23,300.29,300.17,0.039,6.8,0.03,0,2026-08-14,2026-08-17,False,False,5.0,2026-08-17T13:14:42+05:30
NEULANDLAB,23340.0,TOUCHED,1.83,above,23767.0,23340.0,23333.33,23340.0,23326.67,0.057,6.8,0.032,0,2026-08-14,2026-08-17,False,False,5.0,2026-08-17T13:14:42+05:30
SWANCORP,304.77,TOUCHED,-0.02,inside,304.7,304.77,304.77,304.85,304.68,0.055,6.8,0.034,0,2026-08-14,2026-08-17,False,False,5.0,2026-08-17T13:14:42+05:30
ABB,7711.83,TOUCHED,-0.39,below,7681.5,7711.83,7713.67,7715.5,7711.83,0.048,7.1,0.023,0,2026-08-13,2026-08-17,False,False,5.0,2026-08-17T13:14:42+05:30
HCLTECH,1360.23,TOUCHED,-2.08,below,1332.0,1360.23,1360.47,1360.7,1360.23,0.034,7.1,0.024,0,2026-08-14,2026-08-17,False,False,5.0,2026-08-17T13:14:42+05:30
SJVN,67.22,TOUCHED,-0.64,below,66.79,67.22,67.24,67.25,67.22,0.04,7.1,0.027,0,2026-08-14,2026-08-17,False,False,5.0,2026-08-17T13:14:42+05:30
ACE,1085.23,TOUCHED,2.01,above,1107.0,1085.23,1084.87,1085.23,1084.5,0.068,7.4,0.049,0,2026-08-14,2026-08-17,False,False,5.0,2026-08-17T13:14:42+05:30
RBLBANK,385.09,TOUCHED,-0.01,below,385.05,385.09,385.18,385.27,385.09,0.048,7.4,0.032,0,2026-08-14,2026-08-17,False,False,5.0,2026-08-17T13:14:42+05:30
HOMEFIRST,1176.12,TOUCHED,0.24,above,1178.9,1176.12,1175.73,1176.12,1175.35,0.065,7.7,0.044,0,2026-08-14,2026-08-17,False,False,5.0,2026-08-17T13:14:42+05:30
STARHEALTH,584.62,TOUCHED,-0.4,below,582.3,584.62,584.8,584.98,584.62,0.06,7.9,0.026,0,2026-08-14,2026-08-17,False,False,5.0,2026-08-17T13:14:42+05:30
TARIL,298.21,TOUCHED,-0.61,below,296.4,298.21,298.37,298.52,298.21,0.106,9.0,0.054,0,2026-08-14,2026-08-17,False,False,5.0,2026-08-17T13:14:42+05:30
ABREL,1403.45,TOUCHED,-0.45,below,1397.1,1403.45,1404.0,1404.55,1403.45,0.078,9.3,0.025,0,2026-08-14,2026-08-17,False,False,5.0,2026-08-17T13:14:42+05:30
BAJAJHLDNG,11471.33,TOUCHED,0.42,above,11519.0,11471.33,11467.67,11471.33,11464.0,0.064,9.3,0.025,0,2026-08-14,2026-08-17,False,False,5.0,2026-08-17T13:14:42+05:30
TIINDIA,2736.5,TOUCHED,0.58,above,2752.5,2736.5,2735.5,2736.5,2734.5,0.073,9.3,0.038,0,2026-08-14,2026-08-17,False,False,5.0,2026-08-17T13:14:42+05:30
GROWW,196.43,TOUCHED,0.88,above,198.15,196.43,196.34,196.43,196.25,0.087,9.4,0.03,0,2026-08-14,2026-08-17,False,False,5.0,2026-08-17T13:14:42+05:30
IOB,33.6,TOUCHED,-0.27,below,33.51,33.6,33.61,33.62,33.6,0.06,9.6,0.034,0,2026-08-14,2026-08-17,False,False,5.0,2026-08-17T13:14:42+05:30
LINDEINDIA,6690.0,TOUCHED,-0.19,below,6677.0,6690.0,6692.0,6694.0,6690.0,0.06,9.9,0.025,0,2026-08-14,2026-08-17,False,False,5.0,2026-08-17T13:14:42+05:30
CREDITACC,1550.25,TOUCHED,-0.93,below,1535.8,1550.25,1551.1,1551.95,1550.25,0.11,10.4,0.035,0,2026-08-14,2026-08-17,False,False,5.0,2026-08-17T13:14:42+05:30
DRREDDY,1199.15,TOUCHED,-0.55,below,1192.5,1199.15,1199.43,1199.72,1199.15,0.047,10.4,0.015,0,2026-08-14,2026-08-17,False,False,5.0,2026-08-17T13:14:42+05:30
UNOMINDA,1239.5,TOUCHED,2.33,above,1268.4,1239.5,1239.0,1239.5,1238.5,0.081,10.4,0.05,0,2026-08-14,2026-08-17,False,False,5.0,2026-08-17T13:14:42+05:30
ZENTEC,1856.52,TOUCHED,0.61,above,1867.8,1856.52,1855.83,1856.52,1855.15,0.074,10.4,0.016,0,2026-08-14,2026-08-17,False,False,5.0,2026-08-17T13:14:42+05:30
TBOTEK,1632.67,TOUCHED,3.06,above,1682.7,1632.67,1632.03,1632.67,1631.4,0.078,10.7,0.033,0,2026-08-14,2026-08-17,False,False,5.0,2026-08-17T13:14:42+05:30
NYKAA,330.72,TOUCHED,-1.05,below,327.25,330.72,330.82,330.91,330.72,0.055,11.0,0.027,0,2026-08-14,2026-08-17,False,False,5.0,2026-08-17T13:14:42+05:30
POLICYBZR,1743.35,TOUCHED,0.16,above,1746.1,1743.35,1742.57,1743.35,1741.78,0.09,11.0,0.038,0,2026-08-14,2026-08-17,False,False,5.0,2026-08-17T13:14:42+05:30
POWERINDIA,35718.33,TOUCHED,-0.37,below,35585.0,35718.33,35736.67,35755.0,35718.33,0.103,11.0,0.055,0,2026-08-14,2026-08-17,False,False,5.0,2026-08-17T13:14:42+05:30
HDFCBANK,726.85,TOUCHED,0.27,above,728.8,726.85,726.7,726.85,726.55,0.041,11.2,0.019,0,2026-08-14,2026-08-17,False,False,5.0,2026-08-17T13:14:42+05:30
INDHOTEL,719.38,TOUCHED,-0.02,below,719.2,719.38,719.58,719.79,719.38,0.058,11.5,0.019,0,2026-08-14,2026-08-17,False,False,5.0,2026-08-17T13:14:42+05:30
INDUSTOWER,384.0,TOUCHED,-0.68,below,381.4,384.0,384.12,384.23,384.0,0.061,11.5,0.022,0,2026-08-14,2026-08-17,False,False,5.0,2026-08-17T13:14:42+05:30
INTELLECT,699.4,TOUCHED,-1.02,below,692.3,699.4,699.8,700.2,699.4,0.114,11.5,0.042,0,2026-08-14,2026-08-17,False,False,5.0,2026-08-17T13:14:42+05:30
CANFINHOME,820.75,TOUCHED,-1.15,below,811.35,820.75,821.12,821.48,820.75,0.089,12.1,0.021,0,2026-08-13,2026-08-17,False,False,5.0,2026-08-17T13:14:42+05:30
DIXON,14121.33,TOUCHED,0.22,above,14153.0,14121.33,14112.67,14121.33,14104.0,0.123,12.1,0.056,0,2026-08-14,2026-08-17,False,False,5.0,2026-08-17T13:14:42+05:30
VOLTAS,1318.75,TOUCHED,-3.67,below,1270.3,1318.75,1319.33,1319.92,1318.75,0.088,12.1,0.038,0,2026-08-14,2026-08-17,False,False,5.0,2026-08-17T13:14:42+05:30
JSWSTEEL,1269.5,TOUCHED,0.19,above,1271.9,1269.5,1269.0,1269.5,1268.5,0.079,12.6,0.024,0,2026-08-14,2026-08-17,False,False,5.0,2026-08-17T13:14:42+05:30
ONESOURCE,1558.13,TOUCHED,0.13,above,1560.2,1558.13,1557.07,1558.13,1556.0,0.137,12.9,0.052,0,2026-08-14,2026-08-17,False,False,5.0,2026-08-17T13:14:42+05:30
TIMKEN,3258.78,TOUCHED,0.16,above,3264.0,3258.78,3257.27,3258.78,3255.75,0.093,12.9,0.05,0,2026-08-13,2026-08-17,False,False,5.0,2026-08-17T13:14:42+05:30
LT,4055.6,TOUCHED,0.09,above,4059.4,4055.6,4054.2,4055.6,4052.8,0.069,13.2,0.024,0,2026-08-14,2026-08-17,False,False,5.0,2026-08-17T13:14:42+05:30
HINDPETRO,372.98,TOUCHED,-0.3,below,371.85,372.98,373.15,373.33,372.98,0.094,13.4,0.034,0,2026-08-14,2026-08-17,False,False,5.0,2026-08-17T13:14:42+05:30
JSWINFRA,338.7,TOUCHED,-1.09,below,335.0,338.7,338.85,339.0,338.7,0.089,13.4,0.029,0,2026-08-14,2026-08-17,False,False,5.0,2026-08-17T13:14:42+05:30
KAJARIACER,1254.02,TOUCHED,-0.22,below,1251.2,1254.02,1254.63,1255.25,1254.02,0.098,13.4,0.028,0,2026-08-14,2026-08-17,False,False,5.0,2026-08-17T13:14:42+05:30
MMTC,64.4,TOUCHED,-0.93,below,63.8,64.4,64.45,64.49,64.4,0.15,14.0,0.053,0,2026-08-14,2026-08-17,False,False,5.0,2026-08-17T13:14:42+05:30
OBEROIRLTY,1849.05,TOUCHED,4.2,above,1926.8,1849.05,1848.03,1849.05,1847.02,0.11,14.0,0.044,0,2026-08-14,2026-08-17,False,False,5.0,2026-08-17T13:14:42+05:30
TATACAP,363.77,TOUCHED,-0.69,below,361.25,363.77,363.92,364.06,363.77,0.078,14.2,0.016,0,2026-08-14,2026-08-17,False,False,5.0,2026-08-17T13:14:42+05:30
HDFCAMC,2488.7,TOUCHED,1.97,above,2537.8,2488.7,2487.47,2488.7,2486.23,0.099,14.5,0.024,0,2026-08-14,2026-08-17,False,False,5.0,2026-08-17T13:14:42+05:30
BEL,410.66,TOUCHED,0.2,above,411.5,410.66,410.52,410.66,410.38,0.069,14.8,0.025,0,2026-08-14,2026-08-17,False,False,5.0,2026-08-17T13:14:42+05:30
GABRIEL,1455.6,TOUCHED,-1.22,below,1437.9,1455.6,1456.73,1457.87,1455.6,0.156,14.8,0.033,0,2026-08-14,2026-08-17,False,False,5.0,2026-08-17T13:14:42+05:30
JSWCEMENT,129.78,TOUCHED,-1.37,below,128.0,129.78,129.86,129.94,129.78,0.123,14.8,0.036,0,2026-08-14,2026-08-17,False,False,5.0,2026-08-17T13:14:42+05:30
SRF,2604.72,TOUCHED,1.15,above,2634.8,2604.72,2603.43,2604.72,2602.15,0.099,15.1,0.028,0,2026-08-14,2026-08-17,False,False,5.0,2026-08-17T13:14:42+05:30
TRENT,2979.6,TOUCHED,-0.32,below,2970.0,2979.6,2981.2,2982.8,2979.6,0.107,15.1,0.046,0,2026-08-14,2026-08-17,False,False,5.0,2026-08-17T13:14:42+05:30
MOTHERSON,168.2,TOUCHED,0.35,above,168.78,168.2,168.1,168.2,168.0,0.121,15.3,0.035,0,2026-08-14,2026-08-17,False,False,5.0,2026-08-17T13:14:42+05:30
COROMANDEL,2092.13,TOUCHED,-0.01,inside,2092.0,2092.13,2092.13,2093.72,2090.55,0.151,16.2,0.04,0,2026-08-14,2026-08-17,False,False,5.0,2026-08-17T13:14:42+05:30
MARUTI,13851.5,TOUCHED,0.26,above,13887.0,13851.5,13845.67,13851.5,13839.83,0.084,16.4,0.015,0,2026-08-14,2026-08-17,False,False,5.0,2026-08-17T13:14:42+05:30
TRAVELFOOD,1362.5,TOUCHED,-1.26,below,1345.4,1362.5,1363.3,1364.1,1362.5,0.117,16.8,0.032,0,2026-08-14,2026-08-17,False,False,5.0,2026-08-17T13:14:42+05:30
LODHA,1242.87,TOUCHED,0.49,above,1248.9,1242.87,1241.83,1242.87,1240.8,0.166,17.0,0.031,0,2026-08-14,2026-08-17,False,False,5.0,2026-08-17T13:14:42+05:30
BANDHANBNK,173.17,TOUCHED,-0.17,below,172.88,173.17,173.28,173.4,173.17,0.135,17.3,0.026,0,2026-08-14,2026-08-17,False,False,5.0,2026-08-17T13:14:42+05:30
TENNIND,537.78,TOUCHED,2.05,above,548.8,537.78,537.3,537.78,536.83,0.177,17.7,0.018,0,2026-08-14,2026-08-17,False,False,5.0,2026-08-17T13:14:42+05:30
LEMONTREE,109.13,TOUCHED,0.02,above,109.16,109.13,109.06,109.13,108.99,0.131,18.4,0.027,0,2026-08-14,2026-08-17,False,False,5.0,2026-08-17T13:14:42+05:30
NH,1829.15,TOUCHED,-0.69,below,1816.6,1829.15,1830.3,1831.45,1829.15,0.126,18.6,0.036,0,2026-08-14,2026-08-17,False,False,5.0,2026-08-17T13:14:42+05:30
PIRAMALFIN,2063.0,TOUCHED,0.33,above,2069.8,2063.0,2061.23,2063.0,2059.47,0.171,18.8,0.05,0,2026-08-14,2026-08-17,False,False,5.0,2026-08-17T13:14:42+05:30
SUZLON,47.22,TOUCHED,3.24,above,48.75,47.22,47.18,47.22,47.14,0.17,18.9,0.033,0,2026-08-14,2026-08-17,False,False,5.0,2026-08-17T13:14:42+05:30
MANAPPURAM,347.76,TOUCHED,0.31,above,348.85,347.76,347.52,347.76,347.28,0.139,19.5,0.027,0,2026-08-14,2026-08-17,False,False,5.0,2026-08-17T13:14:42+05:30
UTIAMC,909.33,TOUCHED,-0.05,inside,908.85,909.33,909.33,909.98,908.69,0.141,19.5,0.043,0,2026-08-14,2026-08-17,False,False,5.0,2026-08-17T13:14:42+05:30
GRASIM,3246.77,TOUCHED,0.33,above,3257.6,3246.77,3244.83,3246.77,3242.9,0.119,20.3,0.017,0,2026-08-14,2026-08-17,False,False,5.0,2026-08-17T13:14:42+05:30
JUBLINGREA,734.73,TOUCHED,-0.39,below,731.85,734.73,735.47,736.21,734.73,0.202,20.3,0.034,0,2026-08-14,2026-08-17,False,False,5.0,2026-08-17T13:14:42+05:30
UNIONBANK,187.01,TOUCHED,1.5,above,189.81,187.01,186.84,187.01,186.67,0.182,20.5,0.048,0,2026-08-13,2026-08-17,False,False,5.0,2026-08-17T13:14:42+05:30
EMAMILTD,404.27,TOUCHED,0.33,above,405.6,404.27,403.95,404.27,403.62,0.161,21.1,0.022,0,2026-08-14,2026-08-17,False,False,5.0,2026-08-17T13:14:42+05:30
MEESHO,191.72,TOUCHED,1.16,above,193.94,191.72,191.53,191.72,191.35,0.195,21.1,0.027,0,2026-08-14,2026-08-17,False,False,5.0,2026-08-17T13:14:42+05:30
CHOLAHLDNG,1598.65,TOUCHED,-1.05,below,1581.9,1598.65,1600.1,1601.55,1598.65,0.181,21.4,0.026,0,2026-08-14,2026-08-17,False,False,5.0,2026-08-17T13:14:42+05:30
MAPMYINDIA,990.47,TOUCHED,-0.1,below,989.5,990.47,991.23,992.0,990.47,0.155,21.4,0.028,0,2026-08-14,2026-08-17,False,False,5.0,2026-08-17T13:14:42+05:30
SAILIFE,1451.38,TOUCHED,-2.2,below,1419.4,1451.38,1452.87,1454.35,1451.38,0.204,21.6,0.04,0,2026-08-14,2026-08-17,False,False,5.0,2026-08-17T13:14:42+05:30
AWL,191.99,TOUCHED,0.04,above,192.07,191.99,191.82,191.99,191.65,0.177,21.9,0.044,0,2026-08-14,2026-08-17,False,False,5.0,2026-08-17T13:14:42+05:30
GODREJCP,934.97,TOUCHED,-0.43,below,930.9,934.97,935.63,936.3,934.97,0.143,21.9,0.023,0,2026-08-14,2026-08-17,False,False,5.0,2026-08-17T13:14:42+05:30
PWL,117.61,TOUCHED,6.04,above,124.71,117.61,117.45,117.61,117.28,0.278,22.0,0.073,0,2026-08-14,2026-08-17,False,False,5.0,2026-08-17T13:14:42+05:30
BLUESTARCO,1512.3,TOUCHED,0.05,above,1513.1,1512.3,1510.87,1512.3,1509.43,0.19,22.2,0.042,0,2026-08-14,2026-08-17,False,False,5.0,2026-08-17T13:14:42+05:30
NAVA,573.25,TOUCHED,-2.37,below,559.65,573.25,573.85,574.45,573.25,0.209,22.5,0.037,0,2026-08-14,2026-08-17,False,False,5.0,2026-08-17T13:14:42+05:30
SAGILITY,42.42,TOUCHED,0.41,above,42.6,42.42,42.38,42.42,42.33,0.228,22.5,0.047,0,2026-08-14,2026-08-17,False,False,5.0,2026-08-17T13:14:42+05:30
TRITURBINE,591.88,TOUCHED,0.3,above,593.65,591.88,591.37,591.88,590.85,0.175,22.5,0.021,0,2026-08-14,2026-08-17,False,False,5.0,2026-08-17T13:14:42+05:30
EMMVEE,321.0,TOUCHED,0.73,above,323.35,321.0,320.5,321.0,320.0,0.312,23.0,0.042,0,2026-08-14,2026-08-17,False,False,5.0,2026-08-17T13:14:42+05:30
NLCINDIA,274.78,TOUCHED,0.08,inside,275.0,274.78,274.78,275.09,274.47,0.224,23.0,0.049,0,2026-08-14,2026-08-17,False,False,5.0,2026-08-17T13:14:42+05:30
SAPPHIRE,235.26,TOUCHED,-0.08,inside,235.07,235.26,235.26,235.54,234.99,0.231,23.3,0.05,0,2026-08-14,2026-08-17,False,False,5.0,2026-08-17T13:14:42+05:30
CDSL,1348.3,TOUCHED,0.47,above,1354.7,1348.3,1347.0,1348.3,1345.7,0.193,23.6,0.036,0,2026-08-14,2026-08-17,False,False,5.0,2026-08-17T13:14:42+05:30
NTPC,340.19,TOUCHED,-0.47,below,338.6,340.19,340.38,340.57,340.19,0.113,23.8,0.015,0,2026-08-14,2026-08-17,False,False,5.0,2026-08-17T13:14:42+05:30
PVRINOX,1177.45,TOUCHED,1.26,above,1192.3,1177.45,1176.3,1177.45,1175.15,0.196,23.8,0.029,0,2026-08-14,2026-08-17,False,False,5.0,2026-08-17T13:14:42+05:30
GLENMARK,2320.4,TOUCHED,-0.18,below,2316.2,2320.4,2322.4,2324.4,2320.4,0.172,24.1,0.035,0,2026-08-14,2026-08-17,False,False,5.0,2026-08-17T13:14:42+05:30
ZYDUSWELL,508.5,TOUCHED,-0.05,below,508.25,508.5,509.1,509.7,508.5,0.236,24.1,0.034,0,2026-08-14,2026-08-17,False,False,5.0,2026-08-17T13:14:42+05:30
IGIL,347.15,TOUCHED,1.73,above,353.15,347.15,346.73,347.15,346.32,0.24,24.7,0.029,0,2026-08-14,2026-08-17,False,False,5.0,2026-08-17T13:14:42+05:30
PIDILITIND,1693.98,TOUCHED,-0.74,below,1681.4,1693.98,1694.97,1695.95,1693.98,0.116,24.7,0.026,0,2026-08-14,2026-08-17,False,False,5.0,2026-08-17T13:14:42+05:30
RKFORGE,735.07,TOUCHED,1.36,above,745.1,735.07,734.25,735.07,733.42,0.225,24.9,0.048,0,2026-08-14,2026-08-17,False,False,5.0,2026-08-17T13:14:42+05:30
BHARATFORG,2071.65,TOUCHED,1.07,above,2093.9,2071.65,2069.43,2071.65,2067.22,0.214,25.2,0.031,0,2026-08-14,2026-08-17,False,False,5.0,2026-08-17T13:14:42+05:30
HEG,700.08,TOUCHED,0.63,above,704.5,700.08,699.17,700.08,698.25,0.262,25.2,0.045,0,2026-08-14,2026-08-17,False,False,5.0,2026-08-17T13:14:42+05:30
POLYMED,1788.17,TOUCHED,-2.51,below,1743.3,1788.17,1790.13,1792.1,1788.17,0.22,25.2,0.047,0,2026-08-14,2026-08-17,False,False,5.0,2026-08-17T13:14:42+05:30
VBL,436.1,TOUCHED,0.34,above,437.6,436.1,435.73,436.1,435.37,0.168,25.5,0.03,0,2026-08-14,2026-08-17,False,False,5.0,2026-08-17T13:14:42+05:30
TEGA,1701.97,TOUCHED,0.6,above,1712.1,1701.97,1700.13,1701.97,1698.3,0.216,26.0,0.043,0,2026-08-14,2026-08-17,False,False,5.0,2026-08-17T13:14:42+05:30
COALINDIA,407.7,TOUCHED,0.06,inside,407.95,407.7,407.7,408.0,407.4,0.147,26.6,0.023,0,2026-08-14,2026-08-17,False,False,5.0,2026-08-17T13:14:42+05:30
ULTRACEMCO,11642.5,TOUCHED,0.32,above,11680.0,11642.5,11634.67,11642.5,11626.83,0.135,26.6,0.026,0,2026-08-14,2026-08-17,False,False,5.0,2026-08-17T13:14:42+05:30
BAJAJ-AUTO,11725.0,TOUCHED,0.21,above,11750.0,11725.0,11716.67,11725.0,11708.33,0.142,26.8,0.028,0,2026-08-14,2026-08-17,False,False,5.0,2026-08-17T13:14:42+05:30
BHEL,423.27,TOUCHED,1.93,above,431.45,423.27,422.75,423.27,422.23,0.248,26.8,0.048,0,2026-08-14,2026-08-17,False,False,5.0,2026-08-17T13:14:42+05:30
KIRLOSENG,2090.9,TOUCHED,-0.28,below,2085.1,2090.9,2093.97,2097.03,2090.9,0.293,26.8,0.035,0,2026-08-14,2026-08-17,False,False,5.0,2026-08-17T13:14:42+05:30
SAREGAMA,525.6,TOUCHED,-1.12,below,519.7,525.6,526.17,526.73,525.6,0.215,26.8,0.041,0,2026-08-14,2026-08-17,False,False,5.0,2026-08-17T13:14:42+05:30
JSWENERGY,558.35,TOUCHED,-0.62,below,554.9,558.35,558.9,559.45,558.35,0.197,27.1,0.021,0,2026-08-14,2026-08-17,False,False,5.0,2026-08-17T13:14:42+05:30
TVSMOTOR,4318.55,TOUCHED,1.21,above,4370.9,4318.55,4314.7,4318.55,4310.85,0.178,27.1,0.019,0,2026-08-14,2026-08-17,False,False,5.0,2026-08-17T13:14:42+05:30
SOLARINDS,19945.0,TOUCHED,0.37,above,20018.0,19945.0,19921.0,19945.0,19897.0,0.241,27.7,0.057,0,2026-08-14,2026-08-17,False,False,5.0,2026-08-17T13:14:42+05:30
SUNPHARMA,1925.85,TOUCHED,-1.39,below,1899.0,1925.85,1927.23,1928.62,1925.85,0.144,27.7,0.02,0,2026-08-14,2026-08-17,False,False,5.0,2026-08-17T13:14:42+05:30
HEROMOTOCO,5795.67,TOUCHED,-0.3,below,5778.5,5795.67,5801.33,5807.0,5795.67,0.195,27.9,0.017,0,2026-08-14,2026-08-17,False,False,5.0,2026-08-17T13:14:42+05:30
INFY,1166.5,TOUCHED,-1.9,below,1144.3,1166.5,1167.4,1168.3,1166.5,0.154,28.2,0.029,0,2026-08-14,2026-08-17,False,False,5.0,2026-08-17T13:14:42+05:30
APTUS,251.43,TOUCHED,0.45,above,252.55,251.43,251.12,251.43,250.81,0.246,28.5,0.026,0,2026-08-14,2026-08-17,False,False,5.0,2026-08-17T13:14:42+05:30
ZFCVINDIA,2627.8,TOUCHED,-0.44,below,2616.3,2627.8,2630.77,2633.73,2627.8,0.226,28.5,0.038,0,2026-08-14,2026-08-17,False,False,5.0,2026-08-17T13:14:42+05:30
KOTAKBANK,392.1,TOUCHED,0.74,above,395.0,392.1,391.78,392.1,391.47,0.162,29.3,0.025,0,2026-08-14,2026-08-17,False,False,5.0,2026-08-17T13:14:42+05:30
IRB,19.2,TOUCHED,-0.34,below,19.14,19.2,19.22,19.24,19.2,0.191,29.6,0.039,0,2026-08-14,2026-08-17,False,False,5.0,2026-08-17T13:14:42+05:30
CARBORUNIV,1152.98,TOUCHED,-2.6,below,1123.0,1152.98,1154.37,1155.75,1152.98,0.24,29.9,0.029,0,2026-08-14,2026-08-17,False,False,5.0,2026-08-17T13:14:42+05:30
EICHERMOT,8073.17,TOUCHED,-0.01,below,8072.5,8073.17,8079.83,8086.5,8073.17,0.165,29.9,0.024,0,2026-08-14,2026-08-17,False,False,5.0,2026-08-17T13:14:42+05:30
BIKAJI,613.86,TOUCHED,-0.29,below,612.05,613.86,614.42,614.98,613.86,0.182,30.1,0.019,0,2026-08-14,2026-08-17,False,False,5.0,2026-08-17T13:14:42+05:30
CUMMINSIND,5394.25,TOUCHED,0.84,above,5439.5,5394.25,5388.5,5394.25,5382.75,0.213,30.1,0.018,0,2026-08-14,2026-08-17,False,False,5.0,2026-08-17T13:14:42+05:30
TITAN,5068.45,TOUCHED,0.62,above,5100.0,5068.45,5064.37,5068.45,5060.28,0.161,30.1,0.018,0,2026-08-14,2026-08-17,False,False,5.0,2026-08-17T13:14:42+05:30
CONCORDBIO,1449.13,TOUCHED,3.78,above,1503.9,1449.13,1446.97,1449.13,1444.8,0.299,30.7,0.022,0,2026-08-14,2026-08-17,False,False,5.0,2026-08-17T13:14:42+05:30
PFC,376.46,TOUCHED,-0.45,below,374.75,376.46,376.92,377.38,376.46,0.243,31.0,0.036,0,2026-08-14,2026-08-17,False,False,5.0,2026-08-17T13:14:42+05:30
CAPLIPOINT,2486.93,TOUCHED,-0.08,inside,2484.9,2486.93,2486.93,2490.15,2483.72,0.259,31.5,0.032,0,2026-08-14,2026-08-17,False,False,5.0,2026-08-17T13:14:42+05:30
MFSL,1543.05,TOUCHED,1.33,above,1563.5,1543.05,1541.4,1543.05,1539.75,0.214,31.5,0.019,0,2026-08-14,2026-08-17,False,False,5.0,2026-08-17T13:14:42+05:30
THELEELA,508.12,TOUCHED,-0.84,below,503.85,508.12,508.77,509.41,508.12,0.252,31.6,0.03,0,2026-08-14,2026-08-17,False,False,5.0,2026-08-17T13:14:42+05:30
PTCIL,19124.5,TOUCHED,6.25,above,20320.0,19124.5,19099.67,19124.5,19074.83,0.26,31.8,0.025,0,2026-08-14,2026-08-17,False,False,5.0,2026-08-17T13:14:42+05:30
ICICIGI,1626.6,TOUCHED,-0.01,inside,1626.5,1626.6,1626.6,1628.3,1624.9,0.209,32.1,0.022,0,2026-08-14,2026-08-17,False,False,5.0,2026-08-17T13:14:42+05:30
CCL,1134.58,TOUCHED,-0.05,below,1134.0,1134.58,1135.77,1136.95,1134.58,0.208,32.3,0.021,0,2026-08-14,2026-08-17,False,False,5.0,2026-08-17T13:14:42+05:30
DOMS,2220.37,TOUCHED,0.08,inside,2222.1,2220.37,2220.37,2222.6,2218.13,0.201,32.3,0.027,0,2026-08-14,2026-08-17,False,False,5.0,2026-08-17T13:14:42+05:30
GRAVITA,1802.2,TOUCHED,0.88,above,1818.1,1802.2,1799.57,1802.2,1796.93,0.293,32.6,0.033,0,2026-08-14,2026-08-17,False,False,5.0,2026-08-17T13:14:42+05:30
COFORGE,1814.77,TOUCHED,-0.47,below,1806.2,1814.77,1817.53,1820.3,1814.77,0.304,32.9,0.032,0,2026-08-14,2026-08-17,False,False,5.0,2026-08-17T13:14:42+05:30
GRSE,2623.97,TOUCHED,-0.62,below,2607.7,2623.97,2629.33,2634.7,2623.97,0.408,32.9,0.074,0,2026-08-14,2026-08-17,False,False,5.0,2026-08-17T13:14:42+05:30
VTL,593.17,TOUCHED,0.64,above,597.0,593.17,592.32,593.17,591.46,0.29,32.9,0.031,0,2026-08-14,2026-08-17,False,False,5.0,2026-08-17T13:14:42+05:30
FORCEMOT,18492.0,TOUCHED,0.37,above,18561.0,18492.0,18448.33,18492.0,18404.67,0.473,33.2,0.05,0,2026-08-14,2026-08-17,False,False,5.0,2026-08-17T13:14:42+05:30
IOC,139.54,TOUCHED,-0.44,below,138.93,139.54,139.69,139.84,139.54,0.208,33.4,0.021,0,2026-08-14,2026-08-17,False,False,5.0,2026-08-17T13:14:42+05:30
CANHLIFE,148.92,TOUCHED,-0.02,below,148.9,148.92,149.14,149.35,148.92,0.286,33.8,0.019,0,2026-08-14,2026-08-17,False,False,5.0,2026-08-17T13:14:42+05:30
SHRIRAMFIN,1126.45,TOUCHED,0.08,above,1127.3,1126.45,1124.97,1126.45,1123.48,0.264,34.0,0.038,0,2026-08-14,2026-08-17,False,False,5.0,2026-08-17T13:14:42+05:30
LLOYDSME,1915.33,TOUCHED,0.61,above,1927.0,1915.33,1912.07,1915.33,1908.8,0.342,34.2,0.035,0,2026-08-14,2026-08-17,False,False,5.0,2026-08-17T13:14:42+05:30
NTPCGREEN,92.03,TOUCHED,-0.2,below,91.85,92.03,92.14,92.24,92.03,0.228,34.2,0.015,0,2026-08-14,2026-08-17,False,False,5.0,2026-08-17T13:14:42+05:30
SYNGENE,401.01,TOUCHED,0.21,above,401.85,401.01,400.57,401.01,400.12,0.221,34.2,0.026,0,2026-08-14,2026-08-17,False,False,5.0,2026-08-17T13:14:42+05:30
HSCL,782.31,TOUCHED,-0.13,below,781.3,782.31,783.57,784.83,782.31,0.321,34.5,0.035,0,2026-08-14,2026-08-17,False,False,5.0,2026-08-17T13:14:42+05:30
PIIND,2485.37,TOUCHED,0.05,inside,2486.5,2485.37,2485.37,2487.73,2483.0,0.19,34.5,0.03,0,2026-08-14,2026-08-17,False,False,5.0,2026-08-17T13:14:42+05:30
GILLETTE,7609.08,TOUCHED,-0.51,below,7570.0,7609.08,7618.17,7627.25,7609.08,0.238,34.8,0.029,0,2026-08-14,2026-08-17,False,False,5.0,2026-08-17T13:14:42+05:30
JINDALSTEL,1095.8,TOUCHED,0.69,above,1103.4,1095.8,1094.37,1095.8,1092.93,0.262,35.3,0.034,0,2026-08-14,2026-08-17,False,False,5.0,2026-08-17T13:14:42+05:30
POLYCAB,9277.0,TOUCHED,0.88,above,9359.0,9277.0,9264.67,9277.0,9252.33,0.266,35.6,0.035,0,2026-08-14,2026-08-17,False,False,5.0,2026-08-17T13:14:42+05:30
NAVINFLUOR,8249.75,TOUCHED,-0.94,below,8172.0,8249.75,8264.5,8279.25,8249.75,0.357,36.2,0.045,0,2026-08-14,2026-08-17,False,False,5.0,2026-08-17T13:14:42+05:30
JINDALSAW,266.66,TOUCHED,0.03,above,266.75,266.66,266.22,266.66,265.77,0.332,36.4,0.038,0,2026-08-14,2026-08-17,False,False,5.0,2026-08-17T13:14:42+05:30
ATGL,654.91,TOUCHED,-0.84,below,649.4,654.91,655.77,656.62,654.91,0.262,37.0,0.031,0,2026-08-14,2026-08-17,False,False,5.0,2026-08-17T13:14:42+05:30
ATHERENERG,1514.82,TOUCHED,-1.28,below,1495.4,1514.82,1518.13,1521.45,1514.82,0.437,37.0,0.062,0,2026-08-14,2026-08-17,False,False,5.0,2026-08-17T13:14:42+05:30
KEC,440.64,TOUCHED,-1.51,below,434.0,440.64,441.38,442.12,440.64,0.336,37.0,0.023,0,2026-08-14,2026-08-17,False,False,5.0,2026-08-17T13:14:42+05:30
LATENTVIEW,285.68,TOUCHED,-0.24,below,285.0,285.68,286.17,286.65,285.68,0.338,37.3,0.04,0,2026-08-14,2026-08-17,False,False,5.0,2026-08-17T13:14:42+05:30
DALBHARAT,1839.88,TOUCHED,0.54,above,1849.9,1839.88,1837.77,1839.88,1835.65,0.23,37.8,0.028,0,2026-08-14,2026-08-17,False,False,5.0,2026-08-17T13:14:42+05:30
ELECON,434.25,TOUCHED,-0.06,inside,434.0,434.25,434.25,435.2,433.3,0.438,37.8,0.036,0,2026-08-14,2026-08-17,False,False,5.0,2026-08-17T13:14:42+05:30
MARICO,862.35,TOUCHED,-0.18,below,860.8,862.35,863.3,864.25,862.35,0.22,37.8,0.018,0,2026-08-14,2026-08-17,False,False,5.0,2026-08-17T13:14:42+05:30
RPOWER,23.04,TOUCHED,-1.86,below,22.61,23.04,23.1,23.15,23.04,0.505,37.8,0.079,0,2026-08-14,2026-08-17,False,False,5.0,2026-08-17T13:14:42+05:30
AXISBANK,1216.15,TOUCHED,0.97,above,1227.9,1216.15,1214.9,1216.15,1213.65,0.206,38.1,0.024,0,2026-08-14,2026-08-17,False,False,5.0,2026-08-17T13:14:42+05:30
AADHARHFC,498.82,TOUCHED,-1.99,below,488.9,498.82,499.43,500.05,498.82,0.247,38.4,0.025,0,2026-08-14,2026-08-17,False,False,5.0,2026-08-17T13:14:42+05:30
IIFL,632.22,TOUCHED,-0.44,below,629.45,632.22,633.28,634.35,632.22,0.337,38.4,0.027,0,2026-08-14,2026-08-17,False,False,5.0,2026-08-17T13:14:42+05:30
CHALET,823.79,TOUCHED,1.95,above,839.85,823.79,822.48,823.79,821.17,0.318,38.6,0.023,0,2026-08-14,2026-08-17,False,False,5.0,2026-08-17T13:14:42+05:30
JYOTICNC,831.7,TOUCHED,2.98,above,856.5,831.7,830.1,831.7,828.5,0.385,38.6,0.027,0,2026-08-14,2026-08-17,False,False,5.0,2026-08-17T13:14:42+05:30
TMPV,333.38,TOUCHED,-0.23,below,332.6,333.38,333.75,334.12,333.38,0.225,38.9,0.02,0,2026-08-14,2026-08-17,False,False,5.0,2026-08-17T13:14:42+05:30
CASTROLIND,187.26,TOUCHED,0.25,above,187.73,187.26,187.11,187.26,186.97,0.157,39.5,0.014,0,2026-08-14,2026-08-17,False,False,5.0,2026-08-17T13:14:42+05:30
CRISIL,4455.5,TOUCHED,-0.05,below,4453.2,4455.5,4462.3,4469.1,4455.5,0.305,39.5,0.05,0,2026-08-14,2026-08-17,False,False,5.0,2026-08-17T13:14:42+05:30
INDIAMART,1792.43,TOUCHED,-1.3,below,1769.1,1792.43,1794.97,1797.5,1792.43,0.282,39.7,0.026,0,2026-08-14,2026-08-17,False,False,5.0,2026-08-17T13:14:42+05:30
NUVAMA,1679.05,TOUCHED,2.9,above,1727.8,1679.05,1676.07,1679.05,1673.08,0.356,39.7,0.025,0,2026-08-14,2026-08-17,False,False,5.0,2026-08-17T13:14:42+05:30
VEDL,268.82,TOUCHED,0.44,above,270.0,268.82,268.38,268.82,267.94,0.329,39.7,0.028,0,2026-08-14,2026-08-17,False,False,5.0,2026-08-17T13:14:42+05:30
HONAUT,37060.0,TOUCHED,-1.42,below,36535.0,37060.0,37108.33,37156.67,37060.0,0.26,40.0,0.022,0,2026-08-14,2026-08-17,False,False,5.0,2026-08-17T13:14:42+05:30
SUNDARMFIN,4490.0,TOUCHED,0.04,above,4491.8,4490.0,4483.5,4490.0,4477.0,0.29,40.3,0.03,0,2026-08-14,2026-08-17,False,False,5.0,2026-08-17T13:14:42+05:30
LTFOODS,420.58,TOUCHED,-0.17,below,419.85,420.58,421.37,422.15,420.58,0.372,40.5,0.036,0,2026-08-14,2026-08-17,False,False,5.0,2026-08-17T13:14:42+05:30
GVT&D,4329.9,TOUCHED,-0.01,inside,4329.5,4329.9,4329.9,4339.95,4319.85,0.464,40.8,0.025,0,2026-08-14,2026-08-17,False,False,5.0,2026-08-17T13:14:42+05:30
POWERGRID,266.98,TOUCHED,0.12,above,267.3,266.98,266.67,266.98,266.36,0.231,40.8,0.017,0,2026-08-14,2026-08-17,False,False,5.0,2026-08-17T13:14:42+05:30
MOTILALOFS,901.79,TOUCHED,5.56,above,951.95,901.79,899.88,901.79,897.98,0.424,41.4,0.045,0,2026-08-14,2026-08-17,False,False,5.0,2026-08-17T13:14:42+05:30
HDFCLIFE,537.8,TOUCHED,0.86,above,542.4,537.8,537.15,537.8,536.5,0.242,41.9,0.018,0,2026-08-14,2026-08-17,False,False,5.0,2026-08-17T13:14:42+05:30
SOBHA,1330.57,TOUCHED,-1.43,below,1311.5,1330.57,1332.93,1335.3,1330.57,0.355,41.9,0.029,0,2026-08-14,2026-08-17,False,False,5.0,2026-08-17T13:14:42+05:30
AEGISVOPAK,269.82,TOUCHED,-0.12,below,269.5,269.82,270.53,271.25,269.82,0.53,42.6,0.04,0,2026-08-14,2026-08-17,False,False,5.0,2026-08-17T13:14:42+05:30
JKCEMENT,5315.83,TOUCHED,-0.26,below,5302.0,5315.83,5325.17,5334.5,5315.83,0.351,43.0,0.033,0,2026-08-14,2026-08-17,False,False,5.0,2026-08-17T13:14:42+05:30
TATATECH,863.85,TOUCHED,-1.54,below,850.55,863.85,865.2,866.55,863.85,0.312,43.3,0.035,0,2026-08-14,2026-08-17,False,False,5.0,2026-08-17T13:14:42+05:30
GESHIP,1287.02,TOUCHED,-1.17,below,1272.0,1287.02,1289.53,1292.05,1287.02,0.39,43.8,0.037,0,2026-08-14,2026-08-17,False,False,5.0,2026-08-17T13:14:42+05:30
ASTERDM,825.3,TOUCHED,0.02,inside,825.5,825.3,825.3,826.77,823.82,0.357,44.1,0.028,0,2026-08-14,2026-08-17,False,False,5.0,2026-08-17T13:14:42+05:30
CUB,210.0,TOUCHED,0.61,above,211.29,210.0,209.55,210.0,209.09,0.434,44.1,0.034,0,2026-08-14,2026-08-17,False,False,5.0,2026-08-17T13:14:42+05:30
PNBHOUSING,1154.4,TOUCHED,-0.16,inside,1152.5,1154.4,1154.4,1156.35,1152.45,0.338,44.1,0.027,0,2026-08-14,2026-08-17,False,False,5.0,2026-08-17T13:14:42+05:30
CGPOWER,888.56,TOUCHED,0.72,above,895.0,888.56,886.97,888.56,885.38,0.359,44.4,0.039,0,2026-08-14,2026-08-17,False,False,5.0,2026-08-17T13:14:42+05:30
ANANTRAJ,626.63,TOUCHED,0.09,inside,627.2,626.63,626.63,628.29,624.98,0.529,45.2,0.078,0,2026-08-14,2026-08-17,False,False,5.0,2026-08-17T13:14:42+05:30
COHANCE,441.63,TOUCHED,-0.3,below,440.3,441.63,442.62,443.6,441.63,0.444,45.2,0.022,0,2026-08-14,2026-08-17,False,False,5.0,2026-08-17T13:14:42+05:30
KARURVYSYA,333.65,TOUCHED,0.04,above,333.8,333.65,333.02,333.65,332.38,0.38,45.5,0.038,0,2026-08-14,2026-08-17,False,False,5.0,2026-08-17T13:14:42+05:30
ARE&M,947.48,TOUCHED,-0.36,below,944.1,947.48,949.0,950.52,947.48,0.321,46.0,0.023,0,2026-08-14,2026-08-17,False,False,5.0,2026-08-17T13:14:42+05:30
BAJFINANCE,1091.85,TOUCHED,0.61,above,1098.5,1091.85,1090.23,1091.85,1088.62,0.297,46.0,0.029,0,2026-08-14,2026-08-17,False,False,5.0,2026-08-17T13:14:42+05:30
BRIGADE,595.5,TOUCHED,0.18,above,596.6,595.5,594.18,595.5,592.87,0.443,46.0,0.024,0,2026-08-14,2026-08-17,False,False,5.0,2026-08-17T13:14:42+05:30
PRESTIGE,1596.05,TOUCHED,-0.49,below,1588.3,1596.05,1599.6,1603.15,1596.05,0.444,46.3,0.055,0,2026-08-14,2026-08-17,False,False,5.0,2026-08-17T13:14:42+05:30
BOSCHLTD,47032.5,TOUCHED,0.04,above,47050.0,47032.5,46965.0,47032.5,46897.5,0.287,46.8,0.029,0,2026-08-14,2026-08-17,False,False,5.0,2026-08-17T13:14:42+05:30
JBMA,625.63,TOUCHED,0.21,inside,626.95,625.63,625.63,626.98,624.29,0.429,46.8,0.033,0,2026-08-14,2026-08-17,False,False,5.0,2026-08-17T13:14:42+05:30
KALYANKJIL,610.98,TOUCHED,-0.16,inside,610.0,610.98,610.98,612.35,609.62,0.447,47.1,0.038,0,2026-08-14,2026-08-17,False,False,5.0,2026-08-17T13:14:42+05:30
IREDA,116.47,TOUCHED,-0.03,below,116.44,116.47,116.7,116.92,116.47,0.386,47.4,0.048,0,2026-08-14,2026-08-17,False,False,5.0,2026-08-17T13:14:42+05:30
FEDERALBNK,352.82,TOUCHED,0.62,above,355.0,352.82,352.32,352.82,351.81,0.289,47.7,0.027,0,2026-08-14,2026-08-17,False,False,5.0,2026-08-17T13:14:42+05:30
KEI,5733.6,TOUCHED,1.84,above,5839.1,5733.6,5722.4,5733.6,5711.2,0.391,47.7,0.026,0,2026-08-14,2026-08-17,False,False,5.0,2026-08-17T13:14:42+05:30
SBICARD,635.98,TOUCHED,0.03,above,636.15,635.98,634.98,635.98,633.99,0.312,47.9,0.029,0,2026-08-14,2026-08-17,False,False,5.0,2026-08-17T13:14:42+05:30
AJANTPHARM,3665.82,TOUCHED,1.01,above,3703.0,3665.82,3658.83,3665.82,3651.85,0.382,48.5,0.04,0,2026-08-14,2026-08-17,False,False,5.0,2026-08-17T13:14:42+05:30
MSUMI,40.44,TOUCHED,-0.42,below,40.27,40.44,40.53,40.61,40.44,0.436,48.5,0.031,0,2026-08-14,2026-08-17,False,False,5.0,2026-08-17T13:14:42+05:30
MGL,1140.8,TOUCHED,-1.39,below,1124.9,1140.8,1142.9,1145.0,1140.8,0.367,48.8,0.034,0,2026-08-14,2026-08-17,False,False,5.0,2026-08-17T13:14:42+05:30
RADICO,4641.02,TOUCHED,0.09,above,4645.4,4641.02,4632.03,4641.02,4623.05,0.388,48.8,0.021,0,2026-08-14,2026-08-17,False,False,5.0,2026-08-17T13:14:42+05:30
SUNTV,487.53,TOUCHED,0.54,above,490.15,487.53,486.55,487.53,485.58,0.401,49.0,0.024,0,2026-08-14,2026-08-17,False,False,5.0,2026-08-17T13:14:42+05:30
CESC,168.8,TOUCHED,0.47,above,169.6,168.8,168.48,168.8,168.15,0.384,49.6,0.037,0,2026-08-14,2026-08-17,False,False,5.0,2026-08-17T13:14:42+05:30
RRKABEL,2792.13,TOUCHED,-2.05,below,2735.0,2792.13,2798.67,2805.2,2792.13,0.467,49.6,0.045,0,2026-08-14,2026-08-17,False,False,5.0,2026-08-17T13:14:42+05:30
KPITTECH,615.38,TOUCHED,-0.91,below,609.8,615.38,616.75,618.12,615.38,0.446,49.9,0.044,0,2026-08-14,2026-08-17,False,False,5.0,2026-08-17T13:14:42+05:30
ICICIAMC,3112.63,TOUCHED,-0.15,inside,3107.9,3112.63,3112.63,3120.0,3105.27,0.473,50.0,0.031,0,2026-08-14,2026-08-17,False,False,5.0,2026-08-17T13:14:42+05:30
INOXWIND,74.2,TOUCHED,3.79,above,77.01,74.2,74.02,74.2,73.85,0.477,50.1,0.041,0,2026-08-14,2026-08-17,False,False,5.0,2026-08-17T13:14:42+05:30
SCI,293.07,TOUCHED,-1.64,below,288.25,293.07,293.88,294.7,293.07,0.556,50.4,0.045,0,2026-08-14,2026-08-17,False,False,5.0,2026-08-17T13:14:42+05:30
MPHASIS,2528.95,TOUCHED,-1.17,below,2499.3,2528.95,2534.3,2539.65,2528.95,0.422,51.0,0.024,0,2026-08-14,2026-08-17,False,False,5.0,2026-08-17T13:14:42+05:30
OLAELEC,39.12,TOUCHED,0.63,above,39.37,39.12,38.99,39.12,38.86,0.675,51.0,0.074,0,2026-08-14,2026-08-17,False,False,5.0,2026-08-17T13:14:42+05:30
ONGC,237.43,TOUCHED,0.69,above,239.06,237.43,237.08,237.43,236.74,0.288,51.0,0.028,0,2026-08-14,2026-08-17,False,False,5.0,2026-08-17T13:14:42+05:30
SPLPETRO,722.85,TOUCHED,0.01,inside,722.9,722.85,722.85,724.7,721.0,0.512,51.0,0.039,0,2026-08-14,2026-08-17,False,False,5.0,2026-08-17T13:14:42+05:30
GLAXO,2683.37,TOUCHED,0.62,above,2700.0,2683.37,2677.93,2683.37,2672.5,0.406,51.8,0.026,0,2026-08-14,2026-08-17,False,False,5.0,2026-08-17T13:14:42+05:30
ITCHOTELS,165.9,TOUCHED,0.39,above,166.55,165.9,165.58,165.9,165.25,0.393,52.1,0.038,0,2026-08-14,2026-08-17,False,False,5.0,2026-08-17T13:14:42+05:30
ICICIPRULI,507.38,TOUCHED,-0.15,inside,506.6,507.38,507.38,508.27,506.5,0.348,52.9,0.023,0,2026-08-14,2026-08-17,False,False,5.0,2026-08-17T13:14:42+05:30
PATANJALI,351.51,TOUCHED,1.01,above,355.05,351.51,351.02,351.51,350.53,0.28,52.9,0.019,0,2026-08-14,2026-08-17,False,False,5.0,2026-08-17T13:14:42+05:30
NAUKRI,1352.05,TOUCHED,1.22,above,1368.5,1352.05,1349.03,1352.05,1346.02,0.447,53.2,0.023,0,2026-08-14,2026-08-17,False,False,5.0,2026-08-17T13:14:42+05:30
NESTLEIND,1501.38,TOUCHED,-1.66,below,1476.4,1501.38,1503.67,1505.95,1501.38,0.304,53.2,0.033,0,2026-08-14,2026-08-17,False,False,5.0,2026-08-17T13:14:42+05:30
GICRE,351.43,TOUCHED,0.82,above,354.3,351.43,350.77,351.43,350.1,0.38,53.4,0.032,0,2026-08-14,2026-08-17,False,False,5.0,2026-08-17T13:14:42+05:30
ADANIPOWER,205.69,TOUCHED,-1.01,below,203.61,205.69,206.13,206.57,205.69,0.427,54.2,0.053,0,2026-08-14,2026-08-17,False,False,5.0,2026-08-17T13:14:42+05:30
UNITDSPR,1533.27,TOUCHED,0.21,above,1536.5,1533.27,1530.53,1533.27,1527.8,0.357,54.2,0.033,0,2026-08-14,2026-08-17,False,False,5.0,2026-08-17T13:14:42+05:30
WHIRLPOOL,780.84,TOUCHED,-0.13,below,779.8,780.84,782.78,784.73,780.84,0.496,54.5,0.045,0,2026-08-14,2026-08-17,False,False,5.0,2026-08-17T13:14:42+05:30
ETERNAL,320.1,TOUCHED,-0.03,inside,320.0,320.1,320.1,320.9,319.3,0.5,54.8,0.028,0,2026-08-14,2026-08-17,False,False,5.0,2026-08-17T13:14:42+05:30
INDIGO,5320.0,TOUCHED,-0.02,below,5319.0,5320.0,5330.0,5340.0,5320.0,0.375,54.8,0.024,0,2026-08-14,2026-08-17,False,False,5.0,2026-08-17T13:14:42+05:30
TORNTPOWER,1318.7,TOUCHED,0.36,above,1323.5,1318.7,1315.5,1318.7,1312.3,0.487,54.8,0.031,0,2026-08-14,2026-08-17,False,False,5.0,2026-08-17T13:14:42+05:30
LENSKART,608.53,TOUCHED,-0.2,inside,607.3,608.53,608.53,610.19,606.88,0.545,54.9,0.03,0,2026-08-14,2026-08-17,False,False,5.0,2026-08-17T13:14:42+05:30
PFOCUS,270.87,TOUCHED,-1.82,below,265.95,270.87,272.13,273.4,270.87,0.931,55.1,0.053,0,2026-08-14,2026-08-17,False,False,5.0,2026-08-17T13:14:42+05:30
SYRMA,1474.63,TOUCHED,-0.18,inside,1472.0,1474.63,1474.63,1479.35,1469.92,0.64,55.1,0.045,0,2026-08-14,2026-08-17,False,False,5.0,2026-08-17T13:14:42+05:30
AFCONS,270.58,TOUCHED,0.06,above,270.75,270.58,269.98,270.58,269.39,0.438,55.6,0.024,0,2026-08-14,2026-08-17,False,False,5.0,2026-08-17T13:14:42+05:30
AUBANK,1084.03,TOUCHED,-0.33,below,1080.5,1084.03,1086.17,1088.3,1084.03,0.393,55.6,0.016,0,2026-08-14,2026-08-17,False,False,5.0,2026-08-17T13:14:42+05:30
DIVISLAB,8491.33,TOUCHED,-0.06,below,8486.5,8491.33,8505.67,8520.0,8491.33,0.337,55.6,0.021,0,2026-08-14,2026-08-17,False,False,5.0,2026-08-17T13:14:42+05:30
ABLBL,89.44,TOUCHED,0.43,above,89.83,89.44,89.22,89.44,88.99,0.504,55.7,0.055,0,2026-08-14,2026-08-17,False,False,5.0,2026-08-17T13:14:42+05:30
BLUEJET,591.1,TOUCHED,0.43,above,593.65,591.1,588.9,591.1,586.7,0.747,56.7,0.042,0,2026-08-14,2026-08-17,False,False,5.0,2026-08-17T13:14:42+05:30
CARTRADE,2776.3,TOUCHED,0.31,inside,2784.9,2776.3,2776.3,2787.05,2765.55,0.774,56.7,0.061,0,2026-08-14,2026-08-17,False,False,5.0,2026-08-17T13:14:42+05:30
GODREJIND,1255.68,TOUCHED,-3.38,below,1213.3,1255.68,1258.87,1262.05,1255.68,0.506,56.7,0.047,0,2026-08-14,2026-08-17,False,False,5.0,2026-08-17T13:14:42+05:30
USHAMART,491.53,TOUCHED,0.61,above,494.5,491.53,490.33,491.53,489.14,0.486,56.7,0.035,0,2026-08-14,2026-08-17,False,False,5.0,2026-08-17T13:14:42+05:30
PINELABS,166.09,TOUCHED,-0.29,inside,165.6,166.09,166.09,166.7,165.47,0.739,57.1,0.057,0,2026-08-14,2026-08-17,False,False,5.0,2026-08-17T13:14:42+05:30
TMCV,475.66,TOUCHED,-1.53,below,468.4,475.66,477.02,478.38,475.66,0.57,57.1,0.024,0,2026-08-14,2026-08-17,False,False,5.0,2026-08-17T13:14:42+05:30
CIEINDIA,410.48,TOUCHED,0.2,inside,411.3,410.48,410.48,411.43,409.54,0.459,57.3,0.029,0,2026-08-13,2026-08-17,False,False,5.0,2026-08-17T13:14:42+05:30
HDBFS,684.6,TOUCHED,-0.12,inside,683.75,684.6,684.6,685.78,683.43,0.343,57.3,0.023,0,2026-08-14,2026-08-17,False,False,5.0,2026-08-17T13:14:42+05:30
ITC,277.15,TOUCHED,-1.26,below,273.65,277.15,277.5,277.85,277.15,0.252,57.5,0.021,0,2026-08-14,2026-08-17,False,False,5.0,2026-08-17T13:14:42+05:30
GLAND,2977.87,TOUCHED,-2.43,below,2905.6,2977.87,2985.53,2993.2,2977.87,0.514,58.1,0.04,0,2026-08-14,2026-08-17,False,False,5.0,2026-08-17T13:14:42+05:30
JSWDULUX,3154.23,TOUCHED,0.06,inside,3156.0,3154.23,3154.23,3160.82,3147.65,0.417,58.4,0.022,0,2026-08-14,2026-08-17,False,False,5.0,2026-08-17T13:14:42+05:30
VIJAYA,1482.37,TOUCHED,-0.07,inside,1481.4,1482.37,1482.37,1486.5,1478.23,0.558,58.4,0.037,0,2026-08-14,2026-08-17,False,False,5.0,2026-08-17T13:14:42+05:30
ERIS,1361.87,TOUCHED,-1.22,below,1345.2,1361.87,1365.23,1368.6,1361.87,0.493,58.9,0.03,0,2026-08-14,2026-08-17,False,False,5.0,2026-08-17T13:14:42+05:30
GMDCLTD,582.95,TOUCHED,-0.16,below,582.0,582.95,585.1,587.25,582.95,0.735,58.9,0.068,0,2026-08-14,2026-08-17,False,False,5.0,2026-08-17T13:14:42+05:30
HFCL,223.97,TOUCHED,-1.38,below,220.88,223.97,224.84,225.7,223.97,0.768,58.9,0.028,0,2026-08-14,2026-08-17,False,False,5.0,2026-08-17T13:14:42+05:30
LUPIN,2238.87,TOUCHED,-0.57,below,2226.2,2238.87,2242.73,2246.6,2238.87,0.345,59.2,0.028,0,2026-08-14,2026-08-17,False,False,5.0,2026-08-17T13:14:42+05:30
NEWGEN,536.94,TOUCHED,-0.74,below,532.95,536.94,538.73,540.52,536.94,0.665,59.7,0.034,0,2026-08-14,2026-08-17,False,False,5.0,2026-08-17T13:14:42+05:30
PGEL,605.47,TOUCHED,-0.24,inside,604.0,605.47,605.47,607.7,603.23,0.738,60.3,0.054,0,2026-08-14,2026-08-17,False,False,5.0,2026-08-17T13:14:42+05:30
APARINDS,16755.33,TOUCHED,-1.11,below,16570.0,16755.33,16819.67,16884.0,16755.33,0.765,60.5,0.055,0,2026-08-14,2026-08-17,False,False,5.0,2026-08-17T13:14:42+05:30
ANGELONE,290.27,TOUCHED,1.13,above,293.55,290.27,289.28,290.27,288.29,0.686,60.8,0.029,0,2026-08-14,2026-08-17,False,False,5.0,2026-08-17T13:14:42+05:30
BBTC,1471.52,TOUCHED,-0.37,below,1466.0,1471.52,1474.83,1478.15,1471.52,0.45,60.8,0.032,0,2026-08-14,2026-08-17,False,False,5.0,2026-08-17T13:14:42+05:30
MUTHOOTFIN,2862.15,TOUCHED,0.92,above,2888.4,2862.15,2855.43,2862.15,2848.72,0.47,60.8,0.04,0,2026-08-14,2026-08-17,False,False,5.0,2026-08-17T13:14:42+05:30
KIMS,811.41,TOUCHED,-1.21,below,801.55,811.41,813.72,816.02,811.41,0.567,61.1,0.04,0,2026-08-14,2026-08-17,False,False,5.0,2026-08-17T13:14:42+05:30
POONAWALLA,500.85,TOUCHED,-0.11,inside,500.3,500.85,500.85,502.32,499.37,0.589,61.1,0.033,0,2026-08-14,2026-08-17,False,False,5.0,2026-08-17T13:14:42+05:30
GPIL,237.79,TOUCHED,1.0,above,240.16,237.79,237.0,237.79,236.21,0.662,61.4,0.029,0,2026-08-14,2026-08-17,False,False,5.0,2026-08-17T13:14:42+05:30
URBANCO,143.84,TOUCHED,0.25,above,144.2,143.84,143.29,143.84,142.74,0.768,61.4,0.045,0,2026-08-14,2026-08-17,False,False,5.0,2026-08-17T13:14:42+05:30
CRAFTSMAN,10339.5,TOUCHED,1.06,above,10449.0,10339.5,10310.0,10339.5,10280.5,0.572,62.2,0.057,0,2026-08-14,2026-08-17,False,False,5.0,2026-08-17T13:14:42+05:30
CHOICEIN,807.95,TOUCHED,-0.06,inside,807.5,807.95,807.95,809.75,806.15,0.446,62.5,0.023,0,2026-08-14,2026-08-17,False,False,5.0,2026-08-17T13:14:42+05:30
TATACONSUM,1081.82,TOUCHED,-0.81,below,1073.0,1081.82,1084.13,1086.45,1081.82,0.427,62.5,0.027,0,2026-08-14,2026-08-17,False,False,5.0,2026-08-17T13:14:42+05:30
DCMSHRIRAM,1018.93,TOUCHED,0.09,inside,1019.9,1018.93,1018.93,1021.82,1016.05,0.566,62.7,0.024,0,2026-08-14,2026-08-17,False,False,5.0,2026-08-17T13:14:42+05:30
BAJAJFINSV,2020.1,TOUCHED,0.23,above,2024.7,2020.1,2016.17,2020.1,2012.23,0.39,63.0,0.02,0,2026-08-14,2026-08-17,False,False,5.0,2026-08-17T13:14:42+05:30
OIL,471.9,TOUCHED,0.91,above,476.2,471.9,470.77,471.9,469.63,0.481,63.0,0.021,0,2026-08-14,2026-08-17,False,False,5.0,2026-08-17T13:14:42+05:30
HUDCO,189.06,TOUCHED,-1.06,below,187.06,189.06,189.62,190.19,189.06,0.598,63.3,0.036,0,2026-08-14,2026-08-17,False,False,5.0,2026-08-17T13:14:42+05:30
TRIDENT,24.45,TOUCHED,0.19,inside,24.5,24.45,24.45,24.51,24.4,0.463,63.3,0.028,0,2026-08-14,2026-08-17,False,False,5.0,2026-08-17T13:14:42+05:30
AFFLE,1664.0,TOUCHED,0.82,above,1677.6,1664.0,1659.2,1664.0,1654.4,0.579,63.6,0.032,0,2026-08-14,2026-08-17,False,False,5.0,2026-08-17T13:14:42+05:30
DEEPAKFERT,1491.25,TOUCHED,0.57,above,1499.8,1491.25,1486.1,1491.25,1480.95,0.693,63.6,0.044,0,2026-08-14,2026-08-17,False,False,5.0,2026-08-17T13:14:42+05:30
FINCABLES,1257.8,TOUCHED,4.27,above,1311.45,1257.8,1254.15,1257.8,1250.5,0.582,63.6,0.019,0,2026-08-14,2026-08-17,False,False,5.0,2026-08-17T13:14:42+05:30
M&M,3412.2,TOUCHED,-0.12,inside,3408.0,3412.2,3412.2,3420.25,3404.15,0.472,63.6,0.026,0,2026-08-14,2026-08-17,False,False,5.0,2026-08-17T13:14:42+05:30
RITES,221.67,TOUCHED,-0.64,below,220.26,221.67,222.28,222.89,221.67,0.549,63.8,0.025,0,2026-08-14,2026-08-17,False,False,5.0,2026-08-17T13:14:42+05:30
FSL,268.95,TOUCHED,-0.07,inside,268.75,268.95,268.95,269.88,268.03,0.688,64.1,0.037,0,2026-08-14,2026-08-17,False,False,5.0,2026-08-17T13:14:42+05:30
PERSISTENT,5564.25,TOUCHED,0.5,above,5592.0,5564.25,5548.5,5564.25,5532.75,0.568,64.1,0.018,0,2026-08-14,2026-08-17,False,False,5.0,2026-08-17T13:14:42+05:30
HINDZINC,566.4,TOUCHED,0.95,above,571.8,566.4,564.9,566.4,563.4,0.531,64.4,0.041,0,2026-08-14,2026-08-17,False,False,5.0,2026-08-17T13:14:42+05:30
MEDANTA,1414.3,TOUCHED,0.11,inside,1415.9,1414.3,1414.3,1418.45,1410.15,0.587,64.4,0.028,0,2026-08-14,2026-08-17,False,False,5.0,2026-08-17T13:14:42+05:30
NIVABUPA,83.1,TOUCHED,0.16,inside,83.23,83.1,83.1,83.29,82.91,0.457,64.4,0.018,0,2026-08-14,2026-08-17,False,False,5.0,2026-08-17T13:14:42+05:30
SBILIFE,1798.38,TOUCHED,-0.51,below,1789.3,1798.38,1801.77,1805.15,1798.38,0.376,64.4,0.017,0,2026-08-14,2026-08-17,False,False,5.0,2026-08-17T13:14:42+05:30
ABSLAMC,1020.0,TOUCHED,0.32,above,1023.3,1020.0,1017.07,1020.0,1014.13,0.577,64.7,0.033,0,2026-08-14,2026-08-17,False,False,5.0,2026-08-17T13:14:42+05:30
LICI,412.73,TOUCHED,0.27,above,413.85,412.73,411.97,412.73,411.2,0.372,64.9,0.031,0,2026-08-14,2026-08-17,False,False,5.0,2026-08-17T13:14:42+05:30
BDL,1388.37,TOUCHED,-0.08,inside,1387.2,1388.37,1388.37,1393.18,1383.55,0.694,65.5,0.049,0,2026-08-14,2026-08-17,False,False,5.0,2026-08-17T13:14:42+05:30
JUBLFOOD,508.0,TOUCHED,0.52,above,510.65,508.0,506.7,508.0,505.4,0.513,65.5,0.018,0,2026-08-14,2026-08-17,False,False,5.0,2026-08-17T13:14:42+05:30
CAMS,768.65,TOUCHED,0.18,above,770.05,768.65,766.52,768.65,764.38,0.557,65.8,0.041,0,2026-08-14,2026-08-17,False,False,5.0,2026-08-17T13:14:42+05:30
GODREJPROP,2010.2,TOUCHED,0.11,above,2012.5,2010.2,2003.47,2010.2,1996.73,0.672,66.0,0.045,0,2026-08-14,2026-08-17,False,False,5.0,2026-08-17T13:14:42+05:30
APLAPOLLO,2078.2,TOUCHED,0.74,above,2093.5,2078.2,2073.1,2078.2,2068.0,0.492,66.3,0.017,0,2026-08-14,2026-08-17,False,False,5.0,2026-08-17T13:14:42+05:30
JMFINANCIL,127.41,TOUCHED,0.37,inside,127.88,127.41,127.41,127.9,126.92,0.769,66.3,0.046,0,2026-08-14,2026-08-17,False,False,5.0,2026-08-17T13:14:42+05:30
PREMIERENE,1020.5,TOUCHED,-0.11,below,1019.4,1020.5,1023.7,1026.9,1020.5,0.625,66.3,0.029,0,2026-08-14,2026-08-17,False,False,5.0,2026-08-17T13:14:42+05:30
ZENSARTECH,492.48,TOUCHED,-0.89,below,488.1,492.48,494.17,495.85,492.48,0.681,66.6,0.035,0,2026-08-14,2026-08-17,False,False,5.0,2026-08-17T13:14:42+05:30
SCHAEFFLER,4054.15,TOUCHED,-0.33,below,4040.9,4054.15,4065.1,4076.05,4054.15,0.539,66.8,0.035,0,2026-08-14,2026-08-17,False,False,5.0,2026-08-17T13:14:42+05:30
TECHNOE,972.02,TOUCHED,-0.96,below,962.7,972.02,975.63,979.25,972.02,0.741,67.4,0.05,0,2026-08-14,2026-08-17,False,False,5.0,2026-08-17T13:14:42+05:30
YESBANK,22.84,TOUCHED,0.55,above,22.96,22.84,22.78,22.84,22.73,0.483,67.4,0.04,0,2026-08-14,2026-08-17,False,False,5.0,2026-08-17T13:14:42+05:30
BPCL,317.65,TOUCHED,-0.0,inside,317.65,317.65,317.65,318.55,316.75,0.567,67.7,0.021,0,2026-08-14,2026-08-17,False,False,5.0,2026-08-17T13:14:42+05:30
BAYERCROP,4075.9,TOUCHED,0.35,above,4090.0,4075.9,4065.87,4075.9,4055.83,0.494,68.2,0.031,0,2026-08-14,2026-08-17,False,False,5.0,2026-08-17T13:14:42+05:30
CHENNPETRO,1339.9,TOUCHED,2.37,above,1371.7,1339.9,1333.9,1339.9,1327.9,0.9,68.2,0.026,0,2026-08-14,2026-08-17,False,False,5.0,2026-08-17T13:14:42+05:30
KPIL,1365.35,TOUCHED,2.16,above,1394.9,1365.35,1360.97,1365.35,1356.58,0.644,68.2,0.043,0,2026-08-14,2026-08-17,False,False,5.0,2026-08-17T13:14:42+05:30
ENRIN,3570.9,TOUCHED,0.33,above,3582.6,3570.9,3559.37,3570.9,3547.83,0.648,68.3,0.028,0,2026-08-14,2026-08-17,False,False,5.0,2026-08-17T13:14:42+05:30
HONASA,498.2,TOUCHED,-1.69,below,489.8,498.2,499.73,501.27,498.2,0.614,68.5,0.054,0,2026-08-14,2026-08-17,False,False,5.0,2026-08-17T13:14:42+05:30
MAXHEALTH,999.5,TOUCHED,-0.35,below,996.0,999.5,1002.53,1005.57,999.5,0.605,68.5,0.037,0,2026-08-14,2026-08-17,False,False,5.0,2026-08-17T13:14:42+05:30
MCX,2944.45,TOUCHED,1.04,above,2975.0,2944.45,2933.47,2944.45,2922.48,0.749,68.5,0.058,0,2026-08-14,2026-08-17,False,False,5.0,2026-08-17T13:14:42+05:30
UBL,1379.48,TOUCHED,-0.44,below,1373.4,1379.48,1382.37,1385.25,1379.48,0.417,68.5,0.026,0,2026-08-14,2026-08-17,False,False,5.0,2026-08-17T13:14:42+05:30
ADANIENSOL,1599.5,TOUCHED,-0.21,below,1596.2,1599.5,1605.0,1610.5,1599.5,0.685,69.0,0.031,0,2026-08-14,2026-08-17,False,False,5.0,2026-08-17T13:14:42+05:30
DABUR,406.12,TOUCHED,-0.03,below,406.0,406.12,406.98,407.85,406.12,0.426,69.0,0.033,0,2026-08-14,2026-08-17,False,False,5.0,2026-08-17T13:14:42+05:30
NATIONALUM,379.98,TOUCHED,2.31,above,388.75,379.98,378.65,379.98,377.33,0.7,69.3,0.04,0,2026-08-14,2026-08-17,False,False,5.0,2026-08-17T13:14:42+05:30
VMM,105.52,TOUCHED,-0.05,below,105.47,105.52,105.84,106.17,105.52,0.608,69.6,0.026,0,2026-08-14,2026-08-17,False,False,5.0,2026-08-17T13:14:42+05:30
FIVESTAR,544.02,TOUCHED,-0.7,below,540.2,544.02,546.08,548.14,544.02,0.754,69.9,0.041,0,2026-08-14,2026-08-17,False,False,5.0,2026-08-17T13:14:42+05:30
AIIL,567.38,TOUCHED,-1.81,below,557.1,567.38,569.85,572.33,567.38,0.869,70.1,0.055,0,2026-08-14,2026-08-17,False,False,5.0,2026-08-17T13:14:42+05:30
MAHABANK,80.62,TOUCHED,0.07,inside,80.68,80.62,80.62,80.88,80.37,0.624,70.7,0.042,0,2026-08-14,2026-08-17,False,False,5.0,2026-08-17T13:14:42+05:30
ICICIBANK,1414.47,TOUCHED,0.36,above,1419.6,1414.47,1411.93,1414.47,1409.4,0.359,71.5,0.023,0,2026-08-14,2026-08-17,False,False,5.0,2026-08-17T13:14:42+05:30
BEML,1897.4,TOUCHED,0.08,above,1899.0,1897.4,1889.73,1897.4,1882.07,0.811,71.8,0.028,0,2026-08-14,2026-08-17,False,False,5.0,2026-08-17T13:14:42+05:30
PCBL,312.98,TOUCHED,0.22,above,313.65,312.98,311.92,312.98,310.86,0.679,72.1,0.057,0,2026-08-14,2026-08-17,False,False,5.0,2026-08-17T13:14:42+05:30
PPLPHARMA,207.4,TOUCHED,-1.24,below,204.83,207.4,208.17,208.93,207.4,0.733,72.6,0.044,0,2026-08-14,2026-08-17,False,False,5.0,2026-08-17T13:14:42+05:30
KFINTECH,936.37,TOUCHED,2.79,above,962.5,936.37,932.73,936.37,929.1,0.779,73.2,0.019,0,2026-08-14,2026-08-17,False,False,5.0,2026-08-17T13:14:42+05:30
TATASTEEL,183.03,TOUCHED,0.9,above,184.67,183.03,182.56,183.03,182.1,0.513,73.2,0.019,0,2026-08-14,2026-08-17,False,False,5.0,2026-08-17T13:14:42+05:30
ADANIGREEN,1337.03,TOUCHED,-0.39,inside,1331.8,1337.03,1337.03,1342.52,1331.55,0.82,73.4,0.045,0,2026-08-14,2026-08-17,False,False,5.0,2026-08-17T13:14:42+05:30
PETRONET,281.84,TOUCHED,0.64,above,283.65,281.84,281.08,281.84,280.32,0.54,73.4,0.025,0,2026-08-14,2026-08-17,False,False,5.0,2026-08-17T13:14:42+05:30
ANURAS,1212.73,TOUCHED,-0.67,below,1204.6,1212.73,1216.07,1219.4,1212.73,0.548,73.7,0.025,0,2026-08-14,2026-08-17,False,False,5.0,2026-08-17T13:14:42+05:30
KPRMILL,1105.8,TOUCHED,2.22,above,1130.3,1105.8,1101.6,1105.8,1097.4,0.763,73.7,0.054,0,2026-08-14,2026-08-17,False,False,5.0,2026-08-17T13:14:42+05:30
DATAPATTNS,4506.37,TOUCHED,0.22,inside,4516.2,4506.37,4506.37,4531.65,4481.08,1.122,74.2,0.075,0,2026-08-14,2026-08-17,False,False,5.0,2026-08-17T13:14:42+05:30
IRCTC,500.02,TOUCHED,-0.01,inside,499.95,500.02,500.02,501.27,498.76,0.503,74.2,0.037,0,2026-08-14,2026-08-17,False,False,5.0,2026-08-17T13:14:42+05:30
GMRAIRPORT,102.16,TOUCHED,0.18,inside,102.35,102.16,102.16,102.49,101.84,0.639,74.8,0.019,0,2026-08-14,2026-08-17,False,False,5.0,2026-08-17T13:14:42+05:30
M&MFIN,391.63,TOUCHED,-0.67,below,389.0,391.63,393.15,394.68,391.63,0.776,75.1,0.037,0,2026-08-14,2026-08-17,False,False,5.0,2026-08-17T13:14:42+05:30
TITAGARH,834.89,TOUCHED,-1.4,below,823.2,834.89,838.43,841.98,834.89,0.845,75.1,0.051,0,2026-08-14,2026-08-17,False,False,5.0,2026-08-17T13:14:42+05:30
TTML,38.88,TOUCHED,-1.88,below,38.15,38.88,39.02,39.16,38.88,0.726,75.9,0.046,0,2026-08-13,2026-08-17,False,False,5.0,2026-08-17T13:14:42+05:30
BALKRISIND,2386.65,TOUCHED,0.2,above,2391.5,2386.65,2378.97,2386.65,2371.28,0.646,77.0,0.027,0,2026-08-14,2026-08-17,False,False,5.0,2026-08-17T13:14:42+05:30
INDGN,559.9,TOUCHED,0.01,inside,559.95,559.9,559.9,561.95,557.85,0.732,77.0,0.023,0,2026-08-14,2026-08-17,False,False,5.0,2026-08-17T13:14:42+05:30
KAYNES,3699.7,TOUCHED,-0.18,inside,3692.9,3699.7,3699.7,3719.45,3679.95,1.068,77.0,0.046,0,2026-08-14,2026-08-17,False,False,5.0,2026-08-17T13:14:42+05:30
CLEAN,831.0,TOUCHED,0.05,above,831.45,831.0,827.83,831.0,824.67,0.765,77.5,0.026,0,2026-08-14,2026-08-17,False,False,5.0,2026-08-17T13:14:42+05:30
ENDURANCE,2931.75,TOUCHED,2.99,above,3019.5,2931.75,2920.83,2931.75,2909.92,0.748,77.5,0.044,0,2026-08-14,2026-08-17,False,False,5.0,2026-08-17T13:14:42+05:30
ANANDRATHI,2181.8,TOUCHED,-0.09,below,2179.9,2181.8,2188.9,2196.0,2181.8,0.649,77.8,0.022,0,2026-08-14,2026-08-17,False,False,5.0,2026-08-17T13:14:42+05:30
CROMPTON,246.65,TOUCHED,-0.08,inside,246.45,246.65,246.65,247.48,245.82,0.669,78.4,0.025,0,2026-08-14,2026-08-17,False,False,5.0,2026-08-17T13:14:42+05:30
HYUNDAI,2207.1,TOUCHED,-1.21,below,2180.5,2207.1,2215.2,2223.3,2207.1,0.731,78.9,0.026,0,2026-08-14,2026-08-17,False,False,5.0,2026-08-17T13:14:42+05:30
CANBK,130.76,TOUCHED,0.07,above,130.85,130.76,130.27,130.76,129.78,0.75,79.2,0.023,0,2026-08-14,2026-08-17,False,False,5.0,2026-08-17T13:14:42+05:30
ELGIEQUIP,607.0,TOUCHED,2.8,above,624.0,607.0,604.5,607.0,602.0,0.827,79.2,0.04,0,2026-08-14,2026-08-17,False,False,5.0,2026-08-17T13:14:42+05:30
MRPL,173.35,TOUCHED,0.57,above,174.34,173.35,172.41,173.35,171.47,1.085,79.2,0.056,0,2026-08-14,2026-08-17,False,False,5.0,2026-08-17T13:14:42+05:30
OLECTRA,1323.17,TOUCHED,-0.37,below,1318.3,1323.17,1329.43,1335.7,1323.17,0.943,79.7,0.034,0,2026-08-14,2026-08-17,False,False,5.0,2026-08-17T13:14:42+05:30
IKS,1831.6,TOUCHED,0.19,above,1835.0,1831.6,1823.2,1831.6,1814.8,0.921,80.0,0.02,0,2026-08-14,2026-08-17,False,False,5.0,2026-08-17T13:14:42+05:30
ENGINERSIN,244.9,TOUCHED,-1.92,below,240.19,244.9,246.13,247.35,244.9,0.994,80.3,0.038,0,2026-08-14,2026-08-17,False,False,5.0,2026-08-17T13:14:42+05:30
EXIDEIND,477.75,TOUCHED,-0.83,below,473.8,477.75,479.4,481.05,477.75,0.688,80.3,0.027,0,2026-08-14,2026-08-17,False,False,5.0,2026-08-17T13:14:42+05:30
SARDAEN,523.38,TOUCHED,-0.42,below,521.2,523.38,525.97,528.56,523.38,0.985,80.3,0.028,0,2026-08-14,2026-08-17,False,False,5.0,2026-08-17T13:14:42+05:30
ANTHEM,886.46,TOUCHED,0.19,above,888.1,886.46,882.82,886.46,879.18,0.825,81.3,0.043,0,2026-08-14,2026-08-17,False,False,5.0,2026-08-17T13:14:42+05:30
ADANIENT,3011.03,TOUCHED,0.36,inside,3022.0,3011.03,3011.03,3023.07,2999.0,0.799,81.9,0.026,0,2026-08-14,2026-08-17,False,False,5.0,2026-08-17T13:14:42+05:30
ACUTAAS,3183.0,TOUCHED,-0.34,below,3172.3,3183.0,3200.53,3218.07,3183.0,1.096,82.5,0.036,0,2026-08-14,2026-08-17,False,False,5.0,2026-08-17T13:14:42+05:30
TATACOMM,1725.3,TOUCHED,-0.76,below,1712.2,1725.3,1732.5,1739.7,1725.3,0.831,82.5,0.022,0,2026-08-14,2026-08-17,False,False,5.0,2026-08-17T13:14:42+05:30
BLS,273.83,TOUCHED,-0.37,below,272.81,273.83,275.26,276.69,273.83,1.039,82.7,0.032,0,2026-08-14,2026-08-17,False,False,5.0,2026-08-17T13:14:42+05:30
LALPATHLAB,1923.58,TOUCHED,-1.75,below,1889.9,1923.58,1930.87,1938.15,1923.58,0.754,82.7,0.043,0,2026-08-14,2026-08-17,False,False,5.0,2026-08-17T13:14:42+05:30
JUBLPHARMA,873.58,TOUCHED,-0.35,inside,870.55,873.58,873.58,877.48,869.69,0.891,83.0,0.019,0,2026-08-14,2026-08-17,False,False,5.0,2026-08-17T13:14:42+05:30
GRAPHITE,729.52,TOUCHED,0.28,inside,731.55,729.52,729.52,733.48,725.56,1.085,83.3,0.023,0,2026-08-14,2026-08-17,False,False,5.0,2026-08-17T13:14:42+05:30
JAINREC,299.27,TOUCHED,0.08,above,299.5,299.27,297.32,299.27,295.36,1.317,83.3,0.06,0,2026-08-14,2026-08-17,False,False,5.0,2026-08-17T13:14:42+05:30
TORNTPHARM,4860.5,TOUCHED,0.2,inside,4870.0,4860.5,4860.5,4874.25,4846.75,0.566,83.3,0.025,0,2026-08-14,2026-08-17,False,False,5.0,2026-08-17T13:14:42+05:30
DEVYANI,143.05,TOUCHED,0.55,above,143.83,143.05,142.34,143.05,141.62,1.0,84.4,0.04,0,2026-08-14,2026-08-17,False,False,5.0,2026-08-17T13:14:42+05:30
REDINGTON,336.09,TOUCHED,-0.37,below,334.85,336.09,338.13,340.18,336.09,1.208,85.2,0.038,0,2026-08-14,2026-08-17,False,False,5.0,2026-08-17T13:14:42+05:30
LTF,310.65,TOUCHED,1.0,above,313.75,310.65,309.2,310.65,307.75,0.938,85.5,0.028,0,2026-08-14,2026-08-17,False,False,5.0,2026-08-17T13:14:42+05:30
ASIANPAINT,2712.53,TOUCHED,-0.24,inside,2705.9,2712.53,2712.53,2720.65,2704.42,0.598,85.8,0.021,0,2026-08-14,2026-08-17,False,False,5.0,2026-08-17T13:14:42+05:30
MRF,133062.5,TOUCHED,0.07,above,133150.0,133062.5,132635.0,133062.5,132207.5,0.645,86.6,0.034,0,2026-08-14,2026-08-17,False,False,5.0,2026-08-17T13:14:42+05:30
PAYTM,1612.1,TOUCHED,-0.66,below,1601.5,1612.1,1621.2,1630.3,1612.1,1.123,86.8,0.053,0,2026-08-14,2026-08-17,False,False,5.0,2026-08-17T13:14:42+05:30
IDEA,13.84,TOUCHED,-0.14,below,13.82,13.84,13.93,14.02,13.84,1.292,87.1,0.046,0,2026-08-14,2026-08-17,False,False,5.0,2026-08-17T13:14:42+05:30
RECLTD,338.0,TOUCHED,0.04,inside,338.15,338.0,338.0,339.5,336.5,0.888,87.1,0.016,0,2026-08-14,2026-08-17,False,False,5.0,2026-08-17T13:14:42+05:30
BATAINDIA,752.69,TOUCHED,0.56,above,756.9,752.69,749.68,752.69,746.68,0.803,87.7,0.022,0,2026-08-14,2026-08-17,False,False,5.0,2026-08-17T13:14:42+05:30
NETWEB,5130.15,TOUCHED,1.58,above,5211.0,5130.15,5089.17,5130.15,5048.18,1.611,87.9,0.055,0,2026-08-14,2026-08-17,False,False,5.0,2026-08-17T13:14:42+05:30
FLUOROCHEM,4760.45,TOUCHED,-1.61,below,4683.6,4760.45,4783.1,4805.75,4760.45,0.947,88.2,0.022,0,2026-08-14,2026-08-17,False,False,5.0,2026-08-17T13:14:42+05:30
ATUL,6761.17,TOUCHED,-0.13,below,6752.5,6761.17,6793.33,6825.5,6761.17,0.947,88.8,0.015,0,2026-08-14,2026-08-17,False,False,5.0,2026-08-17T13:14:42+05:30
SHYAMMETL,986.4,TOUCHED,-0.06,below,985.8,986.4,990.8,995.2,986.4,0.888,88.8,0.016,0,2026-08-14,2026-08-17,False,False,5.0,2026-08-17T13:14:42+05:30
BERGEPAINT,551.55,TOUCHED,-0.42,inside,549.25,551.55,551.55,554.15,548.95,0.943,89.0,0.013,0,2026-08-13,2026-08-17,False,False,5.0,2026-08-17T13:14:42+05:30
ABDL,607.5,TOUCHED,-0.08,inside,607.0,607.5,607.5,611.52,603.48,1.325,89.6,0.076,0,2026-08-14,2026-08-17,False,False,5.0,2026-08-17T13:14:42+05:30
HAVELLS,1292.93,TOUCHED,1.1,above,1307.2,1292.93,1287.87,1292.93,1282.8,0.787,89.6,0.019,0,2026-08-14,2026-08-17,False,False,5.0,2026-08-17T13:14:42+05:30
LTTS,3513.83,TOUCHED,0.23,inside,3521.9,3513.83,3513.83,3532.35,3495.32,1.054,89.9,0.042,0,2026-08-14,2026-08-17,False,False,5.0,2026-08-17T13:14:42+05:30
SUMICHEM,558.4,TOUCHED,0.21,inside,559.55,558.4,558.4,561.68,555.12,1.173,89.9,0.039,0,2026-08-14,2026-08-17,False,False,5.0,2026-08-17T13:14:42+05:30
LAURUSLABS,1796.68,TOUCHED,-0.41,below,1789.4,1796.68,1806.07,1815.45,1796.68,1.039,90.4,0.017,0,2026-08-14,2026-08-17,False,False,5.0,2026-08-17T13:14:42+05:30
ZEEL,101.55,TOUCHED,1.18,above,102.75,101.55,100.83,101.55,100.1,1.441,90.4,0.045,0,2026-08-14,2026-08-17,False,False,5.0,2026-08-17T13:14:42+05:30
AARTIIND,528.27,TOUCHED,0.18,inside,529.2,528.27,528.27,531.18,525.35,1.104,90.7,0.033,0,2026-08-14,2026-08-17,False,False,5.0,2026-08-17T13:14:42+05:30
EIDPARRY,786.98,TOUCHED,0.7,above,792.45,786.98,783.05,786.98,779.13,1.002,91.0,0.032,0,2026-08-14,2026-08-17,False,False,5.0,2026-08-17T13:14:42+05:30
AUROPHARMA,1630.05,TOUCHED,-0.57,below,1620.8,1630.05,1638.0,1645.95,1630.05,0.971,91.2,0.038,0,2026-08-14,2026-08-17,False,False,5.0,2026-08-17T13:14:42+05:30
RAMCOCEM,915.75,TOUCHED,-0.08,inside,915.0,915.75,915.75,920.02,911.48,0.934,91.2,0.041,0,2026-08-14,2026-08-17,False,False,5.0,2026-08-17T13:14:42+05:30
ALKEM,5349.17,TOUCHED,1.75,above,5443.0,5349.17,5330.33,5349.17,5311.5,0.707,91.5,0.026,0,2026-08-14,2026-08-17,False,False,5.0,2026-08-17T13:14:42+05:30
ADANIPORTS,1685.73,TOUCHED,0.13,inside,1688.0,1685.73,1685.73,1692.87,1678.6,0.846,91.8,0.021,0,2026-08-14,2026-08-17,False,False,5.0,2026-08-17T13:14:42+05:30
ASHOKLEY,173.63,TOUCHED,0.03,inside,173.69,173.63,173.63,174.62,172.63,1.146,91.8,0.027,0,2026-08-14,2026-08-17,False,False,5.0,2026-08-17T13:14:42+05:30
NBCC,90.08,TOUCHED,0.01,inside,90.09,90.08,90.08,90.63,89.54,1.204,91.8,0.042,0,2026-08-14,2026-08-17,False,False,5.0,2026-08-17T13:14:42+05:30
RAINBOW,1454.95,TOUCHED,0.23,above,1458.3,1454.95,1448.1,1454.95,1441.25,0.946,92.3,0.034,0,2026-08-14,2026-08-17,False,False,5.0,2026-08-17T13:14:42+05:30
BHARTIHEXA,1611.87,TOUCHED,1.8,above,1640.9,1611.87,1602.63,1611.87,1593.4,1.152,92.9,0.038,0,2026-08-14,2026-08-17,False,False,5.0,2026-08-17T13:14:42+05:30
ASAHIINDIA,926.45,TOUCHED,0.24,inside,928.7,926.45,926.45,932.83,920.08,1.376,93.7,0.045,0,2026-08-14,2026-08-17,False,False,5.0,2026-08-17T13:14:42+05:30
CONCOR,529.78,TOUCHED,-1.37,below,522.5,529.78,532.57,535.35,529.78,1.045,93.7,0.034,0,2026-08-14,2026-08-17,False,False,5.0,2026-08-17T13:14:42+05:30
PFIZER,4899.87,TOUCHED,-1.02,below,4850.0,4899.87,4924.93,4950.0,4899.87,1.018,94.5,0.025,0,2026-08-14,2026-08-17,False,False,5.0,2026-08-17T13:14:42+05:30
BHARTIARTL,1976.63,TOUCHED,0.34,inside,1983.4,1976.63,1976.63,1984.37,1968.9,0.782,94.8,0.014,0,2026-08-14,2026-08-17,False,False,5.0,2026-08-17T13:14:42+05:30
OFSS,11746.67,TOUCHED,0.88,above,11850.0,11746.67,11665.33,11746.67,11584.0,1.394,95.3,0.029,0,2026-08-14,2026-08-17,False,False,5.0,2026-08-17T13:14:42+05:30
ELGIEQUIP,576.6,V+N,7.55,above,620.15,576.6,576.58,576.6,576.57,0.006,2.5,0.04,1,2026-08-13,2026-08-17,True,True,5.0,2026-08-17T14:02:42+05:30
SONATSOFTW,325.82,V+N,-1.33,below,321.5,325.82,325.85,325.87,325.82,0.015,3.8,0.026,1,2026-08-14,2026-08-17,True,True,5.0,2026-08-17T14:02:42+05:30
TCS,2361.23,V+N,-1.7,below,2321.1,2361.23,2361.47,2361.7,2361.23,0.02,3.8,0.029,1,2026-08-14,2026-08-17,True,True,5.0,2026-08-17T14:02:42+05:30
BALKRISIND,2428.2,V+W,-2.0,below,2379.7,2428.2,2446.4,2464.6,2428.2,1.488,97.3,0.026,1,2026-08-13,2026-08-17,True,False,5.0,2026-08-17T14:02:42+05:30
3MINDIA,35610.0,V+W,-1.81,below,34965.0,35610.0,35880.0,36150.0,35610.0,1.505,98.1,0.025,1,2026-08-14,2026-08-17,True,False,5.0,2026-08-17T14:02:42+05:30
SAIL,168.06,V+W,1.97,above,171.38,168.06,166.61,168.06,165.17,1.739,98.6,0.026,1,2026-08-14,2026-08-17,True,False,5.0,2026-08-17T14:02:42+05:30
IDBI,82.81,V,-0.88,below,82.08,82.81,82.83,82.86,82.81,0.056,6.6,0.042,1,2026-08-13,2026-08-17,True,False,5.0,2026-08-17T14:02:42+05:30
360ONE,1179.25,V,-1.0,below,1167.5,1179.25,1179.5,1179.75,1179.25,0.042,6.8,0.032,1,2026-08-14,2026-08-17,True,False,5.0,2026-08-17T14:02:42+05:30
DEEPAKNTR,1722.78,V,3.05,above,1775.4,1722.78,1722.37,1722.78,1721.95,0.048,6.8,0.03,1,2026-08-14,2026-08-17,True,False,5.0,2026-08-17T14:02:42+05:30
HINDALCO,1029.36,V,1.91,above,1049.05,1029.36,1029.22,1029.36,1029.08,0.028,8.2,0.011,1,2026-08-14,2026-08-17,True,False,5.0,2026-08-17T14:02:42+05:30
AMBUJACEM,417.64,V,-0.39,below,416.0,417.64,417.78,417.93,417.64,0.068,8.8,0.035,1,2026-08-14,2026-08-17,True,False,5.0,2026-08-17T14:02:42+05:30
INDIANB,894.05,V,-1.22,below,883.1,894.05,894.35,894.65,894.05,0.067,11.0,0.027,1,2026-08-14,2026-08-17,True,False,5.0,2026-08-17T14:02:42+05:30
ECLERX,1893.75,V,-2.54,below,1845.6,1893.75,1894.83,1895.92,1893.75,0.114,11.2,0.039,1,2026-08-14,2026-08-17,True,False,5.0,2026-08-17T14:02:42+05:30
HINDUNILVR,2077.55,V,-0.57,below,2065.8,2077.55,2078.1,2078.65,2077.55,0.053,11.8,0.015,1,2026-08-14,2026-08-17,True,False,5.0,2026-08-17T14:02:42+05:30
PNB,118.05,V,-0.32,below,117.67,118.05,118.1,118.15,118.05,0.085,12.6,0.035,1,2026-08-14,2026-08-17,True,False,5.0,2026-08-17T14:02:42+05:30
HEXT,570.17,V,-1.34,below,562.55,570.17,570.5,570.82,570.17,0.114,13.2,0.045,1,2026-08-14,2026-08-17,True,False,5.0,2026-08-17T14:02:42+05:30
DEEPAKFERT,1459.5,V,2.6,above,1497.4,1459.5,1458.5,1459.5,1457.5,0.137,13.4,0.044,1,2026-08-13,2026-08-17,True,False,5.0,2026-08-17T14:02:42+05:30
BIOCON,420.25,V,-1.8,below,412.7,420.25,420.5,420.75,420.25,0.119,16.4,0.032,1,2026-08-13,2026-08-17,True,False,5.0,2026-08-17T14:02:42+05:30
ADANIPORTS,1657.17,V,1.8,above,1687.0,1657.17,1656.33,1657.17,1655.5,0.101,17.3,0.021,1,2026-08-13,2026-08-17,True,False,5.0,2026-08-17T14:02:42+05:30
GODFRYPHLP,2150.88,V,-0.77,below,2134.3,2150.88,2152.77,2154.65,2150.88,0.175,17.3,0.041,1,2026-08-14,2026-08-17,True,False,5.0,2026-08-17T14:02:42+05:30
J&KBANK,155.61,V,-4.6,below,148.45,155.61,155.74,155.87,155.61,0.167,18.6,0.029,1,2026-08-14,2026-08-17,True,False,5.0,2026-08-17T14:02:42+05:30
AMBER,7215.5,V,1.26,above,7306.5,7215.5,7209.0,7215.5,7202.5,0.18,19.2,0.031,1,2026-08-14,2026-08-17,True,False,5.0,2026-08-17T14:02:42+05:30
IGL,151.81,V,-1.23,below,149.95,151.81,151.92,152.03,151.81,0.145,19.7,0.046,1,2026-08-14,2026-08-17,True,False,5.0,2026-08-17T14:02:42+05:30
CHOLAFIN,1896.05,V,-0.33,below,1889.8,1896.05,1897.7,1899.35,1896.05,0.174,20.8,0.041,1,2026-08-14,2026-08-17,True,False,5.0,2026-08-17T14:02:42+05:30
BELRISE,255.6,V,-8.38,below,234.17,255.6,255.84,256.08,255.6,0.192,20.9,0.034,1,2026-08-14,2026-08-17,True,False,5.0,2026-08-17T14:02:42+05:30
DMART,4062.82,V,-1.13,below,4017.1,4062.82,4065.63,4068.45,4062.82,0.139,21.4,0.028,1,2026-08-14,2026-08-17,True,False,5.0,2026-08-17T14:02:42+05:30
TEJASNET,539.14,V,-2.58,below,525.25,539.14,539.78,540.42,539.14,0.238,22.2,0.046,1,2026-08-14,2026-08-17,True,False,5.0,2026-08-17T14:02:42+05:30
TATAINVEST,667.9,V,-1.86,below,655.5,667.9,668.5,669.1,667.9,0.18,23.0,0.023,1,2026-08-14,2026-08-17,True,False,5.0,2026-08-17T14:02:42+05:30
SONACOMS,794.4,V,1.63,above,807.35,794.4,793.6,794.4,792.8,0.202,23.6,0.034,1,2026-08-14,2026-08-17,True,False,5.0,2026-08-17T14:02:42+05:30
HINDCOPPER,530.85,V,6.87,above,567.3,530.85,530.25,530.85,529.65,0.226,24.1,0.032,1,2026-08-14,2026-08-17,True,False,5.0,2026-08-17T14:02:42+05:30
ACMESOLAR,374.59,V,-2.56,below,365.0,374.59,375.08,375.57,374.59,0.262,24.9,0.05,1,2026-08-14,2026-08-17,True,False,5.0,2026-08-17T14:02:42+05:30
GODIGIT,259.94,V,-1.73,below,255.45,259.94,260.23,260.53,259.94,0.224,28.2,0.028,1,2026-08-14,2026-08-17,True,False,5.0,2026-08-17T14:02:42+05:30
HEROMOTOCO,5856.0,V,-1.66,below,5759.0,5856.0,5862.0,5868.0,5856.0,0.205,29.0,0.017,1,2026-08-13,2026-08-17,True,False,5.0,2026-08-17T14:02:42+05:30
HBLENGINE,693.95,V,-2.33,below,677.8,693.95,694.85,695.75,693.95,0.259,29.3,0.036,1,2026-08-13,2026-08-17,True,False,5.0,2026-08-17T14:02:42+05:30
WIPRO,184.16,V,-1.04,below,182.25,184.16,184.31,184.47,184.16,0.17,29.6,0.013,1,2026-08-14,2026-08-17,True,False,5.0,2026-08-17T14:02:42+05:30
IRCON,124.99,V,-0.48,below,124.39,124.99,125.18,125.38,124.99,0.312,32.1,0.042,1,2026-08-14,2026-08-17,True,False,5.0,2026-08-17T14:02:42+05:30
GAIL,174.42,V,-0.86,below,172.92,174.42,174.58,174.74,174.42,0.181,32.6,0.015,1,2026-08-14,2026-08-17,True,False,5.0,2026-08-17T14:02:42+05:30
SHRIRAMFIN,1133.75,V,-0.6,below,1127.0,1133.75,1135.2,1136.65,1133.75,0.255,33.4,0.038,1,2026-08-13,2026-08-17,True,False,5.0,2026-08-17T14:02:42+05:30
TATACHEM,672.85,V,-1.2,below,664.8,672.85,673.65,674.45,672.85,0.238,34.5,0.02,1,2026-08-13,2026-08-17,True,False,5.0,2026-08-17T14:02:42+05:30
JWL,256.91,V,-1.87,below,252.1,256.91,257.32,257.73,256.91,0.317,34.8,0.044,1,2026-08-14,2026-08-17,True,False,5.0,2026-08-17T14:02:42+05:30
MANKIND,2428.55,V,-1.59,below,2390.0,2428.55,2431.9,2435.25,2428.55,0.276,35.1,0.039,1,2026-08-14,2026-08-17,True,False,5.0,2026-08-17T14:02:42+05:30
BSE,3454.17,V,-3.59,below,3330.1,3454.17,3461.33,3468.5,3454.17,0.414,35.3,0.022,1,2026-08-14,2026-08-17,True,False,5.0,2026-08-17T14:02:42+05:30
BANKBARODA,248.53,V,-0.72,below,246.74,248.53,248.84,249.14,248.53,0.248,35.9,0.012,1,2026-08-14,2026-08-17,True,False,5.0,2026-08-17T14:02:42+05:30
IDFCFIRSTB,85.8,V,-0.58,below,85.3,85.8,85.91,86.02,85.8,0.26,37.3,0.033,1,2026-08-14,2026-08-17,True,False,5.0,2026-08-17T14:02:42+05:30
ESCORTS,3108.97,V,0.68,above,3130.0,3108.97,3104.23,3108.97,3099.5,0.305,38.4,0.041,1,2026-08-14,2026-08-17,True,False,5.0,2026-08-17T14:02:42+05:30
NUVOCO,332.07,V,-0.46,below,330.55,332.07,332.6,333.12,332.07,0.316,38.4,0.042,1,2026-08-14,2026-08-17,True,False,5.0,2026-08-17T14:02:42+05:30
COCHINSHIP,1499.2,V,-2.51,below,1461.6,1499.2,1501.9,1504.6,1499.2,0.36,39.2,0.043,1,2026-08-14,2026-08-17,True,False,5.0,2026-08-17T14:02:42+05:30
JMFINANCIL,129.69,V,-1.57,below,127.65,129.69,130.0,130.32,129.69,0.487,39.7,0.046,1,2026-08-13,2026-08-17,True,False,5.0,2026-08-17T14:02:42+05:30
RAILTEL,282.68,V,-1.09,below,279.6,282.68,283.22,283.75,282.68,0.377,39.7,0.046,1,2026-08-14,2026-08-17,True,False,5.0,2026-08-17T14:02:42+05:30
ACC,1322.77,V,-0.59,below,1315.0,1322.77,1324.13,1325.5,1322.77,0.206,41.6,0.033,1,2026-08-14,2026-08-17,True,False,5.0,2026-08-17T14:02:42+05:30
EXIDEIND,486.26,V,-2.65,below,473.35,486.26,487.02,487.77,486.26,0.311,42.7,0.027,1,2026-08-13,2026-08-17,True,False,5.0,2026-08-17T14:02:42+05:30
INDIACEM,382.71,V,-1.49,below,377.0,382.71,383.42,384.12,382.71,0.369,43.6,0.035,1,2026-08-13,2026-08-17,True,False,5.0,2026-08-17T14:02:42+05:30
IRFC,87.71,V,-0.62,below,87.17,87.71,87.86,88.0,87.71,0.326,49.3,0.033,1,2026-08-14,2026-08-17,True,False,5.0,2026-08-17T14:02:42+05:30
FACT,809.49,V,-1.83,below,794.65,809.49,811.28,813.07,809.49,0.442,50.4,0.058,1,2026-08-14,2026-08-17,True,False,5.0,2026-08-17T14:02:42+05:30
LTM,4724.55,V,-0.79,below,4687.1,4724.55,4734.1,4743.65,4724.55,0.403,51.5,0.032,1,2026-08-14,2026-08-17,True,False,5.0,2026-08-17T14:02:42+05:30
CYIENT,869.03,V,-0.12,below,867.95,869.03,871.02,873.0,869.03,0.455,54.2,0.024,1,2026-08-14,2026-08-17,True,False,5.0,2026-08-17T14:02:42+05:30
NHPC,77.06,V,-1.1,below,76.21,77.06,77.22,77.38,77.06,0.41,56.4,0.035,1,2026-08-14,2026-08-17,True,False,5.0,2026-08-17T14:02:42+05:30
ABCAPITAL,402.2,V,-0.67,below,399.5,402.2,403.4,404.6,402.2,0.595,63.6,0.038,1,2026-08-14,2026-08-17,True,False,5.0,2026-08-17T14:02:42+05:30
JPPOWER,17.6,V,-0.5,below,17.51,17.6,17.66,17.72,17.6,0.661,63.6,0.037,1,2026-08-13,2026-08-17,True,False,5.0,2026-08-17T14:02:42+05:30
ABFRL,56.15,V,-1.37,below,55.38,56.15,56.32,56.5,56.15,0.61,63.8,0.025,1,2026-08-14,2026-08-17,True,False,5.0,2026-08-17T14:02:42+05:30
BALRAMCHIN,617.97,V,5.35,above,651.0,617.97,616.28,617.97,614.6,0.546,64.9,0.039,1,2026-08-13,2026-08-17,True,False,5.0,2026-08-17T14:02:42+05:30
BLUEDART,5152.33,V,-0.67,below,5118.0,5152.33,5163.67,5175.0,5152.33,0.439,64.9,0.017,1,2026-08-14,2026-08-17,True,False,5.0,2026-08-17T14:02:42+05:30
BRITANNIA,5568.67,V,-0.85,below,5521.5,5568.67,5579.33,5590.0,5568.67,0.382,65.2,0.021,1,2026-08-14,2026-08-17,True,False,5.0,2026-08-17T14:02:42+05:30
SBIN,1069.65,V,-0.62,below,1063.0,1069.65,1071.6,1073.55,1069.65,0.364,65.8,0.011,1,2026-08-14,2026-08-17,True,False,5.0,2026-08-17T14:02:42+05:30
LUPIN,2254.92,V,-0.32,below,2247.8,2254.92,2259.53,2264.15,2254.92,0.409,67.1,0.028,1,2026-08-13,2026-08-17,True,False,5.0,2026-08-17T14:02:42+05:30
SHREECEM,24846.67,V,-1.21,below,24545.0,24846.67,24898.33,24950.0,24846.67,0.415,67.1,0.013,1,2026-08-14,2026-08-17,True,False,5.0,2026-08-17T14:02:42+05:30
BBTC,1475.68,V,-1.19,below,1458.1,1475.68,1479.57,1483.45,1475.68,0.525,67.4,0.032,1,2026-08-13,2026-08-17,True,False,5.0,2026-08-17T14:02:42+05:30
CPPLUS,3535.27,V,-5.44,below,3343.1,3535.27,3551.53,3567.8,3535.27,0.916,68.2,0.037,1,2026-08-14,2026-08-17,True,False,5.0,2026-08-17T14:02:42+05:30
AAVAS,1401.78,V,-1.45,below,1381.4,1401.78,1406.17,1410.55,1401.78,0.623,70.1,0.027,1,2026-08-14,2026-08-17,True,False,5.0,2026-08-17T14:02:42+05:30
ITI,277.66,V,-0.44,below,276.45,277.66,278.57,279.48,277.66,0.652,70.4,0.035,1,2026-08-14,2026-08-17,True,False,5.0,2026-08-17T14:02:42+05:30
SCHNEIDER,1375.78,V,-11.67,below,1215.2,1375.78,1382.37,1388.95,1375.78,0.952,70.7,0.027,1,2026-08-14,2026-08-17,True,False,5.0,2026-08-17T14:02:42+05:30
HAL,5015.13,V,1.27,above,5078.9,5015.13,5000.37,5015.13,4985.6,0.591,71.0,0.035,1,2026-08-14,2026-08-17,True,False,5.0,2026-08-17T14:02:42+05:30
AIAENG,4495.97,V,-2.47,below,4384.7,4495.97,4509.13,4522.3,4495.97,0.584,71.5,0.041,1,2026-08-14,2026-08-17,True,False,5.0,2026-08-17T14:02:42+05:30
TATAPOWER,383.03,V,-0.3,below,381.9,383.03,384.02,385.0,383.03,0.512,71.8,0.023,1,2026-08-14,2026-08-17,True,False,5.0,2026-08-17T14:02:42+05:30
BSOFT,313.27,V,-1.35,below,309.05,313.27,314.48,315.7,313.27,0.774,72.9,0.037,1,2026-08-14,2026-08-17,True,False,5.0,2026-08-17T14:02:42+05:30
NCC,141.13,V,-1.57,below,138.92,141.13,141.61,142.09,141.13,0.678,74.2,0.027,1,2026-08-14,2026-08-17,True,False,5.0,2026-08-17T14:02:42+05:30
DELHIVERY,461.35,V,-1.0,below,456.75,461.35,463.0,464.65,461.35,0.713,76.7,0.019,1,2026-08-14,2026-08-17,True,False,5.0,2026-08-17T14:02:42+05:30
THERMAX,4029.22,V,3.0,above,4150.0,4029.22,4013.53,4029.22,3997.85,0.782,77.0,0.022,1,2026-08-14,2026-08-17,True,False,5.0,2026-08-17T14:02:42+05:30
FORTIS,903.07,V,1.85,above,919.8,903.07,899.98,903.07,896.9,0.685,77.8,0.031,1,2026-08-13,2026-08-17,True,False,5.0,2026-08-17T14:02:42+05:30
NATCOPHARM,939.6,V,-5.47,below,888.2,939.6,943.63,947.67,939.6,0.855,79.2,0.019,1,2026-08-13,2026-08-17,True,False,5.0,2026-08-17T14:02:42+05:30
SUPREMEIND,3544.52,V,1.62,above,3602.0,3544.52,3530.13,3544.52,3515.75,0.815,79.7,0.043,1,2026-08-14,2026-08-17,True,False,5.0,2026-08-17T14:02:42+05:30
NSLNISP,44.7,V,-7.07,below,41.54,44.7,44.9,45.09,44.7,0.884,81.1,0.04,1,2026-08-14,2026-08-17,True,False,5.0,2026-08-17T14:02:42+05:30
ASTRAL,1562.4,V,-1.43,below,1540.1,1562.4,1568.5,1574.6,1562.4,0.778,81.4,0.032,1,2026-08-14,2026-08-17,True,False,5.0,2026-08-17T14:02:42+05:30
SIEMENS,3956.0,V,-0.55,below,3934.1,3956.0,3972.0,3988.0,3956.0,0.806,81.4,0.02,1,2026-08-14,2026-08-17,True,False,5.0,2026-08-17T14:02:42+05:30
CGCL,227.63,V,-1.03,below,225.28,227.63,228.73,229.84,227.63,0.968,83.3,0.049,1,2026-08-14,2026-08-17,True,False,5.0,2026-08-17T14:02:42+05:30
NATIONALUM,402.61,V,-3.5,below,388.5,402.61,404.72,406.82,402.61,1.042,83.6,0.04,1,2026-08-13,2026-08-17,True,False,5.0,2026-08-17T14:02:42+05:30
CIPLA,1453.92,V,-1.66,below,1429.8,1453.92,1457.83,1461.75,1453.92,0.537,85.5,0.023,1,2026-08-14,2026-08-17,True,False,5.0,2026-08-17T14:02:42+05:30
NTPC,341.12,V,-0.97,below,337.8,341.12,342.17,343.21,341.12,0.609,86.6,0.015,1,2026-08-13,2026-08-17,True,False,5.0,2026-08-17T14:02:42+05:30
CEMPRO,1289.53,V,4.88,above,1352.5,1289.53,1280.27,1289.53,1271.0,1.448,87.7,0.053,1,2026-08-14,2026-08-17,True,False,5.0,2026-08-17T14:02:42+05:30
RHIM,382.0,V,-2.13,below,373.85,382.0,384.15,386.3,382.0,1.119,88.5,0.029,1,2026-08-14,2026-08-17,True,False,5.0,2026-08-17T14:02:42+05:30
ABBOTINDIA,27173.33,V,-1.45,below,26780.0,27173.33,27286.67,27400.0,27173.33,0.831,89.9,0.036,1,2026-08-14,2026-08-17,True,False,5.0,2026-08-17T14:02:42+05:30
EMCURE,1944.37,V,-2.67,below,1892.5,1944.37,1956.43,1968.5,1944.37,1.234,90.7,0.029,1,2026-08-14,2026-08-17,True,False,5.0,2026-08-17T14:02:42+05:30
JIOFIN,250.14,V,-0.42,below,249.1,250.14,251.23,252.33,250.14,0.869,90.7,0.022,1,2026-08-14,2026-08-17,True,False,5.0,2026-08-17T14:02:42+05:30
IPCALAB,1762.5,V,7.17,above,1888.9,1762.5,1753.07,1762.5,1743.63,1.076,91.0,0.032,1,2026-08-14,2026-08-17,True,False,5.0,2026-08-17T14:02:42+05:30
IEX,124.75,NARROW,0.26,above,125.07,124.75,124.75,124.75,124.75,0.0,0.0,0.028,0,2026-08-14,2026-08-17,False,True,5.0,2026-08-17T14:02:42+05:30
WAAREEENER,2682.0,NARROW,1.01,above,2709.2,2682.0,2682.0,2682.0,2682.0,0.0,0.0,0.043,0,2026-08-14,2026-08-17,False,True,5.0,2026-08-17T14:02:42+05:30
PHOENIXLTD,1890.05,NARROW,1.26,above,1913.8,1890.05,1890.03,1890.05,1890.02,0.002,0.8,0.047,0,2026-08-14,2026-08-17,False,True,5.0,2026-08-17T14:02:42+05:30
GALLANTT,582.02,NARROW,-0.02,below,581.9,582.02,582.03,582.04,582.02,0.003,1.1,0.069,0,2026-08-14,2026-08-17,False,True,5.0,2026-08-17T14:02:42+05:30
LICHSGFIN,500.02,NARROW,-0.2,below,499.0,500.02,500.03,500.05,500.02,0.007,1.9,0.021,0,2026-08-14,2026-08-17,False,True,5.0,2026-08-17T14:02:42+05:30
CEATLTD,3689.02,NARROW,-2.0,below,3615.3,3689.02,3689.23,3689.45,3689.02,0.012,3.0,0.033,0,2026-08-14,2026-08-17,False,True,5.0,2026-08-17T14:02:42+05:30
CENTRALBK,31.39,NARROW,-0.48,below,31.24,31.39,31.39,31.4,31.39,0.021,3.0,0.041,0,2026-08-14,2026-08-17,False,True,5.0,2026-08-17T14:02:42+05:30
BAJAJHFL,84.31,NARROW,-0.31,below,84.05,84.31,84.32,84.32,84.31,0.016,3.3,0.024,0,2026-08-14,2026-08-17,False,True,5.0,2026-08-17T14:02:42+05:30
BANKINDIA,144.06,NARROW,-0.57,below,143.23,144.06,144.07,144.09,144.06,0.021,3.3,0.031,0,2026-08-14,2026-08-17,False,True,5.0,2026-08-17T14:02:42+05:30
IFCI,76.97,NARROW,2.51,above,78.9,76.97,76.96,76.97,76.95,0.026,3.3,0.1,0,2026-08-14,2026-08-17,False,True,5.0,2026-08-17T14:02:42+05:30
MAZDOCK,2578.85,NARROW,-0.38,below,2569.1,2578.85,2579.23,2579.62,2578.85,0.03,3.3,0.043,0,2026-08-14,2026-08-17,False,True,5.0,2026-08-17T14:02:42+05:30
JSL,737.73,NARROW,0.32,above,740.1,737.73,737.62,737.73,737.5,0.032,3.6,0.041,0,2026-08-14,2026-08-17,False,True,5.0,2026-08-17T14:02:42+05:30
TECHM,1632.93,NARROW,-1.51,below,1608.2,1632.93,1633.07,1633.2,1632.93,0.016,3.6,0.034,0,2026-08-14,2026-08-17,False,True,5.0,2026-08-17T14:02:42+05:30
SIGNATURE,809.35,NARROW,-0.35,below,806.55,809.35,809.45,809.55,809.35,0.025,3.8,0.028,0,2026-08-14,2026-08-17,False,True,5.0,2026-08-17T14:02:42+05:30
WOCKPHARMA,1933.03,NARROW,-1.65,below,1901.1,1933.03,1933.37,1933.7,1933.03,0.034,3.8,0.059,0,2026-08-14,2026-08-17,False,True,5.0,2026-08-17T14:02:42+05:30
JKTYRE,383.95,NARROW,-0.38,below,382.5,383.95,384.0,384.05,383.95,0.026,4.1,0.045,0,2026-08-14,2026-08-17,False,True,5.0,2026-08-17T14:02:42+05:30
UPL,563.12,NARROW,0.73,above,567.25,563.12,563.08,563.12,563.04,0.015,4.1,0.018,0,2026-08-14,2026-08-17,False,True,5.0,2026-08-17T14:02:42+05:30
AEGISLOG,1266.0,NARROW,1.9,above,1290.0,1266.0,1265.8,1266.0,1265.6,0.032,4.7,0.033,0,2026-08-14,2026-08-17,False,True,5.0,2026-08-17T14:02:42+05:30
DLF,664.91,NARROW,0.73,above,669.75,664.91,664.82,664.91,664.72,0.028,4.9,0.029,0,2026-08-14,2026-08-17,False,True,5.0,2026-08-17T14:02:42+05:30
ZYDUSLIFE,1141.55,WIDE,-0.3,below,1138.1,1141.55,1147.9,1154.25,1141.55,1.106,97.0,0.024,0,2026-08-14,2026-08-17,False,False,5.0,2026-08-17T14:02:42+05:30
FIRSTCRY,208.6,WIDE,-0.53,below,207.49,208.6,211.11,213.62,208.6,2.379,97.3,0.066,0,2026-08-14,2026-08-17,False,False,5.0,2026-08-17T14:02:42+05:30
PAGEIND,37220.0,WIDE,0.44,inside,37385.0,37220.0,37220.0,37455.0,36985.0,1.263,97.8,0.027,0,2026-08-14,2026-08-17,False,False,5.0,2026-08-17T14:02:42+05:30
SAMMAANCAP,155.76,WIDE,-1.06,inside,154.12,155.76,155.76,157.45,154.08,2.166,98.1,0.041,0,2026-08-14,2026-08-17,False,False,5.0,2026-08-17T14:02:42+05:30
WELSPUNLIV,168.3,WIDE,-0.27,inside,167.85,168.3,168.3,170.42,166.18,2.519,98.6,0.042,0,2026-08-14,2026-08-17,False,False,5.0,2026-08-17T14:02:42+05:30
APOLLOHOSP,8811.33,WIDE,0.51,inside,8856.0,8811.33,8811.33,8865.92,8756.75,1.239,99.2,0.017,0,2026-08-14,2026-08-17,False,False,5.0,2026-08-17T14:02:42+05:30
LGEINDIA,1692.27,WIDE,-0.52,inside,1683.5,1692.27,1692.27,1710.98,1673.55,2.212,99.5,0.01,0,2026-08-14,2026-08-17,False,False,5.0,2026-08-17T14:02:42+05:30
MINDACORP,727.65,WIDE,-0.03,below,727.4,727.65,735.25,742.85,727.65,2.067,99.5,0.035,0,2026-08-14,2026-08-17,False,False,5.0,2026-08-17T14:02:42+05:30
COLPAL,1980.25,TOUCHED,-0.56,below,1969.1,1980.25,1980.5,1980.75,1980.25,0.025,5.2,0.024,0,2026-08-14,2026-08-17,False,False,5.0,2026-08-17T14:02:42+05:30
RVNL,227.31,TOUCHED,0.65,above,228.78,227.31,227.27,227.31,227.24,0.034,5.2,0.034,0,2026-08-14,2026-08-17,False,False,5.0,2026-08-17T14:02:42+05:30
NAM-INDIA,1168.5,TOUCHED,2.58,above,1198.7,1168.5,1168.3,1168.5,1168.1,0.034,5.5,0.032,0,2026-08-14,2026-08-17,False,False,5.0,2026-08-17T14:02:42+05:30
RELIANCE,1309.83,TOUCHED,0.52,above,1316.7,1309.83,1309.67,1309.83,1309.5,0.025,5.5,0.024,0,2026-08-14,2026-08-17,False,False,5.0,2026-08-17T14:02:42+05:30
UCOBANK,26.01,TOUCHED,0.56,above,26.15,26.01,26.0,26.01,26.0,0.013,5.5,0.013,0,2026-08-14,2026-08-17,False,False,5.0,2026-08-17T14:02:42+05:30
SBFC,93.99,TOUCHED,-0.26,below,93.75,93.99,94.01,94.03,93.99,0.043,5.8,0.033,0,2026-08-14,2026-08-17,False,False,5.0,2026-08-17T14:02:42+05:30
PARADEEP,147.74,TOUCHED,-1.12,below,146.08,147.74,147.77,147.81,147.74,0.052,6.0,0.04,0,2026-08-14,2026-08-17,False,False,5.0,2026-08-17T14:02:42+05:30
CHAMBLFERT,442.83,TOUCHED,-1.09,below,438.0,442.83,442.95,443.07,442.83,0.056,6.3,0.035,0,2026-08-14,2026-08-17,False,False,5.0,2026-08-17T14:02:42+05:30
NIACL,179.05,TOUCHED,1.45,above,181.65,179.05,179.01,179.05,178.98,0.039,6.3,0.032,0,2026-08-14,2026-08-17,False,False,5.0,2026-08-17T14:02:42+05:30
WELCORP,1875.15,TOUCHED,0.47,above,1883.9,1875.15,1874.53,1875.15,1873.92,0.066,6.6,0.051,0,2026-08-14,2026-08-17,False,False,5.0,2026-08-17T14:02:42+05:30
EIHOTEL,300.17,TOUCHED,-0.59,below,298.4,300.17,300.23,300.29,300.17,0.039,6.8,0.03,0,2026-08-14,2026-08-17,False,False,5.0,2026-08-17T14:02:42+05:30
SWANCORP,304.68,TOUCHED,-0.08,below,304.45,304.68,304.77,304.85,304.68,0.055,6.8,0.034,0,2026-08-14,2026-08-17,False,False,5.0,2026-08-17T14:02:42+05:30
ABB,7711.83,TOUCHED,-0.28,below,7690.0,7711.83,7713.67,7715.5,7711.83,0.048,7.1,0.023,0,2026-08-13,2026-08-17,False,False,5.0,2026-08-17T14:02:42+05:30
ACE,1085.23,TOUCHED,2.28,above,1110.0,1085.23,1084.87,1085.23,1084.5,0.068,7.1,0.049,0,2026-08-14,2026-08-17,False,False,5.0,2026-08-17T14:02:42+05:30
HCLTECH,1360.23,TOUCHED,-2.07,below,1332.1,1360.23,1360.47,1360.7,1360.23,0.034,7.1,0.024,0,2026-08-14,2026-08-17,False,False,5.0,2026-08-17T14:02:42+05:30
NEULANDLAB,23340.0,TOUCHED,1.24,above,23629.0,23340.0,23333.33,23340.0,23326.67,0.057,7.1,0.03,0,2026-08-14,2026-08-17,False,False,5.0,2026-08-17T14:02:42+05:30
SJVN,67.22,TOUCHED,-0.7,below,66.75,67.22,67.24,67.25,67.22,0.04,7.1,0.027,0,2026-08-14,2026-08-17,False,False,5.0,2026-08-17T14:02:42+05:30
RBLBANK,385.09,TOUCHED,-0.1,below,384.7,385.09,385.18,385.27,385.09,0.048,7.4,0.032,0,2026-08-14,2026-08-17,False,False,5.0,2026-08-17T14:02:42+05:30
HOMEFIRST,1176.12,TOUCHED,0.36,above,1180.4,1176.12,1175.73,1176.12,1175.35,0.065,7.7,0.044,0,2026-08-14,2026-08-17,False,False,5.0,2026-08-17T14:02:42+05:30
APOLLOTYRE,443.19,TOUCHED,-1.04,below,438.6,443.19,443.33,443.48,443.19,0.064,7.9,0.04,0,2026-08-13,2026-08-17,False,False,5.0,2026-08-17T14:02:42+05:30
STARHEALTH,584.62,TOUCHED,-0.68,below,580.65,584.62,584.8,584.98,584.62,0.06,7.9,0.026,0,2026-08-14,2026-08-17,False,False,5.0,2026-08-17T14:02:42+05:30
GRANULES,859.0,TOUCHED,0.01,inside,859.05,859.0,859.0,859.3,858.7,0.07,8.5,0.037,0,2026-08-14,2026-08-17,False,False,5.0,2026-08-17T14:02:42+05:30
TARIL,298.21,TOUCHED,-0.61,below,296.4,298.21,298.37,298.52,298.21,0.106,9.0,0.054,0,2026-08-14,2026-08-17,False,False,5.0,2026-08-17T14:02:42+05:30
ABREL,1403.45,TOUCHED,-0.46,below,1397.0,1403.45,1404.0,1404.55,1403.45,0.078,9.3,0.025,0,2026-08-14,2026-08-17,False,False,5.0,2026-08-17T14:02:42+05:30
BAJAJHLDNG,11464.0,TOUCHED,-0.25,below,11435.0,11464.0,11467.67,11471.33,11464.0,0.064,9.3,0.025,0,2026-08-14,2026-08-17,False,False,5.0,2026-08-17T14:02:42+05:30
TIINDIA,2736.5,TOUCHED,0.56,above,2751.7,2736.5,2735.5,2736.5,2734.5,0.073,9.3,0.038,0,2026-08-14,2026-08-17,False,False,5.0,2026-08-17T14:02:42+05:30
GROWW,196.43,TOUCHED,1.37,above,199.12,196.43,196.34,196.43,196.25,0.087,9.4,0.03,0,2026-08-14,2026-08-17,False,False,5.0,2026-08-17T14:02:42+05:30
IOB,33.62,TOUCHED,0.09,above,33.65,33.62,33.61,33.62,33.6,0.06,9.6,0.034,0,2026-08-14,2026-08-17,False,False,5.0,2026-08-17T14:02:42+05:30
LINDEINDIA,6692.0,TOUCHED,-0.01,inside,6691.0,6692.0,6692.0,6694.0,6690.0,0.06,9.9,0.025,0,2026-08-14,2026-08-17,False,False,5.0,2026-08-17T14:02:42+05:30
CREDITACC,1550.25,TOUCHED,-0.75,below,1538.7,1550.25,1551.1,1551.95,1550.25,0.11,10.4,0.035,0,2026-08-14,2026-08-17,False,False,5.0,2026-08-17T14:02:42+05:30
DRREDDY,1199.15,TOUCHED,-0.38,below,1194.6,1199.15,1199.43,1199.72,1199.15,0.047,10.4,0.015,0,2026-08-14,2026-08-17,False,False,5.0,2026-08-17T14:02:42+05:30
ZENTEC,1856.52,TOUCHED,0.31,above,1862.3,1856.52,1855.83,1856.52,1855.15,0.074,10.4,0.016,0,2026-08-14,2026-08-17,False,False,5.0,2026-08-17T14:02:42+05:30
TBOTEK,1632.67,TOUCHED,4.07,above,1699.1,1632.67,1632.03,1632.67,1631.4,0.078,10.7,0.033,0,2026-08-14,2026-08-17,False,False,5.0,2026-08-17T14:02:42+05:30
UNOMINDA,1239.5,TOUCHED,2.13,above,1265.9,1239.5,1239.0,1239.5,1238.5,0.081,10.7,0.05,0,2026-08-14,2026-08-17,False,False,5.0,2026-08-17T14:02:42+05:30
NYKAA,330.72,TOUCHED,-0.76,below,328.2,330.72,330.82,330.91,330.72,0.055,11.0,0.027,0,2026-08-14,2026-08-17,False,False,5.0,2026-08-17T14:02:42+05:30
POLICYBZR,1741.78,TOUCHED,-0.56,below,1732.0,1741.78,1742.57,1743.35,1741.78,0.09,11.0,0.038,0,2026-08-14,2026-08-17,False,False,5.0,2026-08-17T14:02:42+05:30
POWERINDIA,35718.33,TOUCHED,-0.3,below,35610.0,35718.33,35736.67,35755.0,35718.33,0.103,11.0,0.055,0,2026-08-14,2026-08-17,False,False,5.0,2026-08-17T14:02:42+05:30
HDFCBANK,726.85,TOUCHED,0.2,above,728.3,726.85,726.7,726.85,726.55,0.041,11.2,0.019,0,2026-08-14,2026-08-17,False,False,5.0,2026-08-17T14:02:42+05:30
INDUSTOWER,384.0,TOUCHED,-0.82,below,380.85,384.0,384.12,384.23,384.0,0.061,11.5,0.022,0,2026-08-14,2026-08-17,False,False,5.0,2026-08-17T14:02:42+05:30
INTELLECT,699.4,TOUCHED,-0.84,below,693.5,699.4,699.8,700.2,699.4,0.114,11.5,0.042,0,2026-08-14,2026-08-17,False,False,5.0,2026-08-17T14:02:42+05:30
CANFINHOME,820.75,TOUCHED,-1.01,below,812.45,820.75,821.12,821.48,820.75,0.089,12.1,0.021,0,2026-08-13,2026-08-17,False,False,5.0,2026-08-17T14:02:42+05:30
DIXON,14121.33,TOUCHED,0.27,above,14160.0,14121.33,14112.67,14121.33,14104.0,0.123,12.1,0.056,0,2026-08-14,2026-08-17,False,False,5.0,2026-08-17T14:02:42+05:30
VOLTAS,1318.75,TOUCHED,-3.8,below,1268.7,1318.75,1319.33,1319.92,1318.75,0.088,12.1,0.038,0,2026-08-14,2026-08-17,False,False,5.0,2026-08-17T14:02:42+05:30
ONESOURCE,1557.07,TOUCHED,-0.04,inside,1556.4,1557.07,1557.07,1558.13,1556.0,0.137,12.9,0.052,0,2026-08-14,2026-08-17,False,False,5.0,2026-08-17T14:02:42+05:30
TIMKEN,3258.78,TOUCHED,0.42,above,3272.4,3258.78,3257.27,3258.78,3255.75,0.093,12.9,0.05,0,2026-08-13,2026-08-17,False,False,5.0,2026-08-17T14:02:42+05:30
LT,4055.6,TOUCHED,0.12,above,4060.5,4055.6,4054.2,4055.6,4052.8,0.069,13.2,0.024,0,2026-08-14,2026-08-17,False,False,5.0,2026-08-17T14:02:42+05:30
HINDPETRO,372.98,TOUCHED,-0.52,below,371.05,372.98,373.15,373.33,372.98,0.094,13.4,0.034,0,2026-08-14,2026-08-17,False,False,5.0,2026-08-17T14:02:42+05:30
JSWINFRA,338.7,TOUCHED,-0.69,below,336.35,338.7,338.85,339.0,338.7,0.089,13.4,0.029,0,2026-08-14,2026-08-17,False,False,5.0,2026-08-17T14:02:42+05:30
KAJARIACER,1254.02,TOUCHED,-0.36,below,1249.5,1254.02,1254.63,1255.25,1254.02,0.098,13.7,0.028,0,2026-08-14,2026-08-17,False,False,5.0,2026-08-17T14:02:42+05:30
MMTC,64.4,TOUCHED,-0.79,below,63.89,64.4,64.45,64.49,64.4,0.15,14.0,0.053,0,2026-08-14,2026-08-17,False,False,5.0,2026-08-17T14:02:42+05:30
OBEROIRLTY,1849.05,TOUCHED,3.08,above,1906.0,1849.05,1848.03,1849.05,1847.02,0.11,14.0,0.044,0,2026-08-14,2026-08-17,False,False,5.0,2026-08-17T14:02:42+05:30
TATACAP,363.77,TOUCHED,-1.15,below,359.6,363.77,363.92,364.06,363.77,0.078,14.3,0.016,0,2026-08-14,2026-08-17,False,False,5.0,2026-08-17T14:02:42+05:30
HDFCAMC,2488.7,TOUCHED,1.74,above,2532.1,2488.7,2487.47,2488.7,2486.23,0.099,14.5,0.024,0,2026-08-14,2026-08-17,False,False,5.0,2026-08-17T14:02:42+05:30
BEL,410.66,TOUCHED,0.11,above,411.1,410.66,410.52,410.66,410.38,0.069,14.8,0.025,0,2026-08-14,2026-08-17,False,False,5.0,2026-08-17T14:02:42+05:30
GABRIEL,1455.6,TOUCHED,-1.23,below,1437.7,1455.6,1456.73,1457.87,1455.6,0.156,14.8,0.033,0,2026-08-14,2026-08-17,False,False,5.0,2026-08-17T14:02:42+05:30
TRENT,2979.6,TOUCHED,-0.56,below,2963.0,2979.6,2981.2,2982.8,2979.6,0.107,14.8,0.046,0,2026-08-14,2026-08-17,False,False,5.0,2026-08-17T14:02:42+05:30
JSWCEMENT,129.78,TOUCHED,-1.6,below,127.71,129.78,129.86,129.94,129.78,0.123,14.9,0.036,0,2026-08-14,2026-08-17,False,False,5.0,2026-08-17T14:02:42+05:30
BAJFINANCE,1090.25,TOUCHED,0.46,above,1095.3,1090.25,1089.7,1090.25,1089.15,0.101,15.3,0.025,0,2026-08-13,2026-08-17,False,False,5.0,2026-08-17T14:02:42+05:30
MOTHERSON,168.2,TOUCHED,0.18,above,168.5,168.2,168.1,168.2,168.0,0.121,15.3,0.035,0,2026-08-14,2026-08-17,False,False,5.0,2026-08-17T14:02:42+05:30
NMDC,84.35,TOUCHED,0.33,above,84.63,84.35,84.3,84.35,84.24,0.123,15.6,0.028,0,2026-08-14,2026-08-17,False,False,5.0,2026-08-17T14:02:42+05:30
COROMANDEL,2093.72,TOUCHED,0.29,above,2099.7,2093.72,2092.13,2093.72,2090.55,0.151,16.2,0.04,0,2026-08-14,2026-08-17,False,False,5.0,2026-08-17T14:02:42+05:30
MARUTI,13851.5,TOUCHED,0.08,above,13862.0,13851.5,13845.67,13851.5,13839.83,0.084,16.2,0.017,0,2026-08-14,2026-08-17,False,False,5.0,2026-08-17T14:02:42+05:30
TATASTEEL,185.06,TOUCHED,0.59,above,186.15,185.06,184.99,185.06,184.92,0.076,16.4,0.019,0,2026-08-13,2026-08-17,False,False,5.0,2026-08-17T14:02:42+05:30
LODHA,1242.87,TOUCHED,0.21,above,1245.5,1242.87,1241.83,1242.87,1240.8,0.166,17.0,0.031,0,2026-08-14,2026-08-17,False,False,5.0,2026-08-17T14:02:42+05:30
TRAVELFOOD,1362.5,TOUCHED,-0.9,below,1350.2,1362.5,1363.3,1364.1,1362.5,0.117,17.0,0.032,0,2026-08-14,2026-08-17,False,False,5.0,2026-08-17T14:02:42+05:30
BANDHANBNK,173.17,TOUCHED,-0.44,below,172.4,173.17,173.28,173.4,173.17,0.135,17.3,0.026,0,2026-08-14,2026-08-17,False,False,5.0,2026-08-17T14:02:42+05:30
TENNIND,537.78,TOUCHED,2.03,above,548.7,537.78,537.3,537.78,536.83,0.177,17.9,0.018,0,2026-08-14,2026-08-17,False,False,5.0,2026-08-17T14:02:42+05:30
LEMONTREE,108.99,TOUCHED,-0.12,below,108.86,108.99,109.06,109.13,108.99,0.131,18.4,0.027,0,2026-08-14,2026-08-17,False,False,5.0,2026-08-17T14:02:42+05:30
NH,1829.15,TOUCHED,-0.64,below,1817.4,1829.15,1830.3,1831.45,1829.15,0.126,18.6,0.036,0,2026-08-14,2026-08-17,False,False,5.0,2026-08-17T14:02:42+05:30
SUZLON,47.22,TOUCHED,3.26,above,48.76,47.22,47.18,47.22,47.14,0.17,18.6,0.037,0,2026-08-14,2026-08-17,False,False,5.0,2026-08-17T14:02:42+05:30
PIRAMALFIN,2063.0,TOUCHED,0.12,above,2065.5,2063.0,2061.23,2063.0,2059.47,0.171,18.8,0.05,0,2026-08-14,2026-08-17,False,False,5.0,2026-08-17T14:02:42+05:30
MANAPPURAM,347.76,TOUCHED,0.52,above,349.55,347.76,347.52,347.76,347.28,0.139,19.2,0.027,0,2026-08-14,2026-08-17,False,False,5.0,2026-08-17T14:02:42+05:30
UTIAMC,908.69,TOUCHED,-0.14,below,907.4,908.69,909.33,909.98,908.69,0.141,19.7,0.043,0,2026-08-14,2026-08-17,False,False,5.0,2026-08-17T14:02:42+05:30
GRASIM,3246.77,TOUCHED,0.32,above,3257.3,3246.77,3244.83,3246.77,3242.9,0.119,20.3,0.017,0,2026-08-14,2026-08-17,False,False,5.0,2026-08-17T14:02:42+05:30
JUBLINGREA,734.73,TOUCHED,-0.02,below,734.55,734.73,735.47,736.21,734.73,0.202,20.3,0.034,0,2026-08-14,2026-08-17,False,False,5.0,2026-08-17T14:02:42+05:30
UNIONBANK,187.01,TOUCHED,0.85,above,188.6,187.01,186.84,187.01,186.67,0.182,20.5,0.048,0,2026-08-13,2026-08-17,False,False,5.0,2026-08-17T14:02:42+05:30
MEESHO,191.72,TOUCHED,1.15,above,193.92,191.72,191.53,191.72,191.35,0.195,20.6,0.027,0,2026-08-14,2026-08-17,False,False,5.0,2026-08-17T14:02:42+05:30
EMAMILTD,404.27,TOUCHED,0.34,above,405.65,404.27,403.95,404.27,403.62,0.161,21.1,0.022,0,2026-08-14,2026-08-17,False,False,5.0,2026-08-17T14:02:42+05:30
CHOLAHLDNG,1598.65,TOUCHED,-1.52,below,1574.3,1598.65,1600.1,1601.55,1598.65,0.181,21.4,0.026,0,2026-08-14,2026-08-17,False,False,5.0,2026-08-17T14:02:42+05:30
MAPMYINDIA,992.0,TOUCHED,0.03,above,992.3,992.0,991.23,992.0,990.47,0.155,21.4,0.028,0,2026-08-14,2026-08-17,False,False,5.0,2026-08-17T14:02:42+05:30
SAILIFE,1451.38,TOUCHED,-2.36,below,1417.1,1451.38,1452.87,1454.35,1451.38,0.204,21.6,0.04,0,2026-08-14,2026-08-17,False,False,5.0,2026-08-17T14:02:42+05:30
AWL,191.99,TOUCHED,0.44,above,192.84,191.99,191.82,191.99,191.65,0.177,21.9,0.044,0,2026-08-14,2026-08-17,False,False,5.0,2026-08-17T14:02:42+05:30
GODREJCP,935.63,TOUCHED,0.06,inside,936.2,935.63,935.63,936.3,934.97,0.143,21.9,0.023,0,2026-08-14,2026-08-17,False,False,5.0,2026-08-17T14:02:42+05:30
PWL,117.61,TOUCHED,5.4,above,123.96,117.61,117.45,117.61,117.28,0.278,22.0,0.073,0,2026-08-14,2026-08-17,False,False,5.0,2026-08-17T14:02:42+05:30
BLUESTARCO,1510.87,TOUCHED,0.06,inside,1511.7,1510.87,1510.87,1512.3,1509.43,0.19,22.2,0.042,0,2026-08-14,2026-08-17,False,False,5.0,2026-08-17T14:02:42+05:30
NAVA,573.25,TOUCHED,-2.45,below,559.2,573.25,573.85,574.45,573.25,0.209,22.5,0.037,0,2026-08-14,2026-08-17,False,False,5.0,2026-08-17T14:02:42+05:30
SAGILITY,42.38,TOUCHED,0.06,inside,42.4,42.38,42.38,42.42,42.33,0.228,22.5,0.047,0,2026-08-14,2026-08-17,False,False,5.0,2026-08-17T14:02:42+05:30
TRITURBINE,591.88,TOUCHED,0.55,above,595.15,591.88,591.37,591.88,590.85,0.175,22.5,0.021,0,2026-08-14,2026-08-17,False,False,5.0,2026-08-17T14:02:42+05:30
EMMVEE,321.0,TOUCHED,1.07,above,324.45,321.0,320.5,321.0,320.0,0.312,23.0,0.042,0,2026-08-14,2026-08-17,False,False,5.0,2026-08-17T14:02:42+05:30
NLCINDIA,275.09,TOUCHED,0.26,above,275.8,275.09,274.78,275.09,274.47,0.224,23.0,0.049,0,2026-08-14,2026-08-17,False,False,5.0,2026-08-17T14:02:42+05:30
SAPPHIRE,235.26,TOUCHED,0.04,inside,235.35,235.26,235.26,235.54,234.99,0.231,23.3,0.05,0,2026-08-14,2026-08-17,False,False,5.0,2026-08-17T14:02:42+05:30
CDSL,1348.3,TOUCHED,0.16,above,1350.4,1348.3,1347.0,1348.3,1345.7,0.193,23.6,0.036,0,2026-08-14,2026-08-17,False,False,5.0,2026-08-17T14:02:42+05:30
PVRINOX,1177.45,TOUCHED,1.5,above,1195.1,1177.45,1176.3,1177.45,1175.15,0.196,23.6,0.029,0,2026-08-14,2026-08-17,False,False,5.0,2026-08-17T14:02:42+05:30
GLENMARK,2324.4,TOUCHED,0.03,above,2325.1,2324.4,2322.4,2324.4,2320.4,0.172,24.1,0.035,0,2026-08-14,2026-08-17,False,False,5.0,2026-08-17T14:02:42+05:30
ZYDUSWELL,509.7,TOUCHED,0.42,above,511.85,509.7,509.1,509.7,508.5,0.236,24.4,0.034,0,2026-08-14,2026-08-17,False,False,5.0,2026-08-17T14:02:42+05:30
IGIL,347.15,TOUCHED,1.8,above,353.4,347.15,346.73,347.15,346.32,0.24,24.7,0.029,0,2026-08-14,2026-08-17,False,False,5.0,2026-08-17T14:02:42+05:30
PIDILITIND,1693.98,TOUCHED,-1.17,below,1674.1,1693.98,1694.97,1695.95,1693.98,0.116,24.7,0.026,0,2026-08-14,2026-08-17,False,False,5.0,2026-08-17T14:02:42+05:30
RKFORGE,735.07,TOUCHED,1.98,above,749.65,735.07,734.25,735.07,733.42,0.225,24.9,0.048,0,2026-08-14,2026-08-17,False,False,5.0,2026-08-17T14:02:42+05:30
BHARATFORG,2071.65,TOUCHED,1.06,above,2093.6,2071.65,2069.43,2071.65,2067.22,0.214,25.2,0.031,0,2026-08-14,2026-08-17,False,False,5.0,2026-08-17T14:02:42+05:30
HEG,698.25,TOUCHED,-0.01,below,698.15,698.25,699.17,700.08,698.25,0.262,25.2,0.045,0,2026-08-14,2026-08-17,False,False,5.0,2026-08-17T14:02:42+05:30
POLYMED,1788.17,TOUCHED,-2.87,below,1736.9,1788.17,1790.13,1792.1,1788.17,0.22,25.2,0.047,0,2026-08-14,2026-08-17,False,False,5.0,2026-08-17T14:02:42+05:30
SAREGAMA,529.98,TOUCHED,-1.7,below,520.95,529.98,530.53,531.09,529.98,0.21,25.2,0.041,0,2026-08-13,2026-08-17,False,False,5.0,2026-08-17T14:02:42+05:30
VBL,436.1,TOUCHED,0.28,above,437.3,436.1,435.73,436.1,435.37,0.168,25.5,0.03,0,2026-08-14,2026-08-17,False,False,5.0,2026-08-17T14:02:42+05:30
TEGA,1701.97,TOUCHED,0.58,above,1711.8,1701.97,1700.13,1701.97,1698.3,0.216,25.8,0.043,0,2026-08-14,2026-08-17,False,False,5.0,2026-08-17T14:02:42+05:30
ULTRACEMCO,11642.5,TOUCHED,0.23,above,11669.0,11642.5,11634.67,11642.5,11626.83,0.135,26.3,0.027,0,2026-08-14,2026-08-17,False,False,5.0,2026-08-17T14:02:42+05:30
BHEL,423.27,TOUCHED,2.38,above,433.35,423.27,422.75,423.27,422.23,0.248,26.6,0.051,0,2026-08-14,2026-08-17,False,False,5.0,2026-08-17T14:02:42+05:30
BAJAJ-AUTO,11716.67,TOUCHED,0.0,inside,11717.0,11716.67,11716.67,11725.0,11708.33,0.142,26.8,0.028,0,2026-08-14,2026-08-17,False,False,5.0,2026-08-17T14:02:42+05:30
COALINDIA,407.4,TOUCHED,-0.07,below,407.1,407.4,407.7,408.0,407.4,0.147,26.8,0.022,0,2026-08-14,2026-08-17,False,False,5.0,2026-08-17T14:02:42+05:30
KIRLOSENG,2097.03,TOUCHED,0.27,above,2102.6,2097.03,2093.97,2097.03,2090.9,0.293,26.8,0.035,0,2026-08-14,2026-08-17,False,False,5.0,2026-08-17T14:02:42+05:30
JSWENERGY,558.35,TOUCHED,-0.7,below,554.45,558.35,558.9,559.45,558.35,0.197,27.1,0.021,0,2026-08-14,2026-08-17,False,False,5.0,2026-08-17T14:02:42+05:30
TVSMOTOR,4318.55,TOUCHED,1.18,above,4369.7,4318.55,4314.7,4318.55,4310.85,0.178,27.1,0.019,0,2026-08-14,2026-08-17,False,False,5.0,2026-08-17T14:02:42+05:30
SOLARINDS,19945.0,TOUCHED,0.06,above,19956.0,19945.0,19921.0,19945.0,19897.0,0.241,27.7,0.057,0,2026-08-14,2026-08-17,False,False,5.0,2026-08-17T14:02:42+05:30
SUNPHARMA,1925.85,TOUCHED,-1.31,below,1900.7,1925.85,1927.23,1928.62,1925.85,0.144,27.7,0.02,0,2026-08-14,2026-08-17,False,False,5.0,2026-08-17T14:02:42+05:30
APTUS,251.43,TOUCHED,0.69,above,253.15,251.43,251.12,251.43,250.81,0.246,28.5,0.026,0,2026-08-14,2026-08-17,False,False,5.0,2026-08-17T14:02:42+05:30
ZFCVINDIA,2627.8,TOUCHED,-0.2,below,2622.6,2627.8,2630.77,2633.73,2627.8,0.226,28.5,0.038,0,2026-08-14,2026-08-17,False,False,5.0,2026-08-17T14:02:42+05:30
IRB,19.2,TOUCHED,-0.34,below,19.14,19.2,19.22,19.24,19.2,0.191,29.0,0.039,0,2026-08-14,2026-08-17,False,False,5.0,2026-08-17T14:02:42+05:30
KOTAKBANK,392.1,TOUCHED,0.6,above,394.45,392.1,391.78,392.1,391.47,0.162,29.3,0.025,0,2026-08-14,2026-08-17,False,False,5.0,2026-08-17T14:02:42+05:30
BIKAJI,613.86,TOUCHED,-0.3,below,612.0,613.86,614.42,614.98,613.86,0.182,29.6,0.019,0,2026-08-14,2026-08-17,False,False,5.0,2026-08-17T14:02:42+05:30
CARBORUNIV,1152.98,TOUCHED,-2.78,below,1120.9,1152.98,1154.37,1155.75,1152.98,0.24,29.9,0.029,0,2026-08-14,2026-08-17,False,False,5.0,2026-08-17T14:02:42+05:30
EICHERMOT,8073.17,TOUCHED,-0.03,below,8070.5,8073.17,8079.83,8086.5,8073.17,0.165,29.9,0.024,0,2026-08-14,2026-08-17,False,False,5.0,2026-08-17T14:02:42+05:30
CUMMINSIND,5394.25,TOUCHED,1.08,above,5452.5,5394.25,5388.5,5394.25,5382.75,0.213,30.1,0.018,0,2026-08-14,2026-08-17,False,False,5.0,2026-08-17T14:02:42+05:30
HSCL,777.08,TOUCHED,0.51,above,781.05,777.08,776.0,777.08,774.92,0.277,30.1,0.035,0,2026-08-13,2026-08-17,False,False,5.0,2026-08-17T14:02:42+05:30
INDHOTEL,721.02,TOUCHED,0.0,above,721.05,721.02,720.28,721.02,719.55,0.204,30.1,0.019,0,2026-08-13,2026-08-17,False,False,5.0,2026-08-17T14:02:42+05:30
TITAN,5068.45,TOUCHED,0.59,above,5098.2,5068.45,5064.37,5068.45,5060.28,0.161,30.1,0.018,0,2026-08-14,2026-08-17,False,False,5.0,2026-08-17T14:02:42+05:30
CONCORDBIO,1449.13,TOUCHED,3.95,above,1506.4,1449.13,1446.97,1449.13,1444.8,0.299,30.7,0.022,0,2026-08-14,2026-08-17,False,False,5.0,2026-08-17T14:02:42+05:30
CAPLIPOINT,2490.15,TOUCHED,0.61,above,2505.3,2490.15,2486.93,2490.15,2483.72,0.259,31.5,0.032,0,2026-08-14,2026-08-17,False,False,5.0,2026-08-17T14:02:42+05:30
MFSL,1543.05,TOUCHED,1.07,above,1559.5,1543.05,1541.4,1543.05,1539.75,0.214,31.5,0.019,0,2026-08-14,2026-08-17,False,False,5.0,2026-08-17T14:02:42+05:30
THELEELA,508.12,TOUCHED,-1.23,below,501.9,508.12,508.77,509.41,508.12,0.252,31.6,0.03,0,2026-08-14,2026-08-17,False,False,5.0,2026-08-17T14:02:42+05:30
PTCIL,19124.5,TOUCHED,7.35,above,20530.0,19124.5,19099.67,19124.5,19074.83,0.26,31.8,0.025,0,2026-08-14,2026-08-17,False,False,5.0,2026-08-17T14:02:42+05:30
DOMS,2222.6,TOUCHED,0.04,above,2223.6,2222.6,2220.37,2222.6,2218.13,0.201,32.1,0.027,0,2026-08-14,2026-08-17,False,False,5.0,2026-08-17T14:02:42+05:30
CCL,1134.58,TOUCHED,-0.02,below,1134.3,1134.58,1135.77,1136.95,1134.58,0.208,32.3,0.021,0,2026-08-14,2026-08-17,False,False,5.0,2026-08-17T14:02:42+05:30
ICICIGI,1626.6,TOUCHED,0.06,inside,1627.6,1626.6,1626.6,1628.3,1624.9,0.209,32.3,0.022,0,2026-08-14,2026-08-17,False,False,5.0,2026-08-17T14:02:42+05:30
GRAVITA,1802.2,TOUCHED,0.73,above,1815.4,1802.2,1799.57,1802.2,1796.93,0.293,32.6,0.033,0,2026-08-14,2026-08-17,False,False,5.0,2026-08-17T14:02:42+05:30
GRSE,2623.97,TOUCHED,-0.7,below,2605.5,2623.97,2629.33,2634.7,2623.97,0.408,32.9,0.074,0,2026-08-14,2026-08-17,False,False,5.0,2026-08-17T14:02:42+05:30
VTL,593.17,TOUCHED,0.58,above,596.6,593.17,592.32,593.17,591.46,0.29,32.9,0.031,0,2026-08-14,2026-08-17,False,False,5.0,2026-08-17T14:02:42+05:30
FORCEMOT,18492.0,TOUCHED,0.71,above,18624.0,18492.0,18448.33,18492.0,18404.67,0.473,33.2,0.05,0,2026-08-14,2026-08-17,False,False,5.0,2026-08-17T14:02:42+05:30
IOC,139.54,TOUCHED,-0.46,below,138.91,139.54,139.69,139.84,139.54,0.208,33.4,0.021,0,2026-08-14,2026-08-17,False,False,5.0,2026-08-17T14:02:42+05:30
CANHLIFE,149.14,TOUCHED,0.02,inside,149.17,149.14,149.14,149.35,148.92,0.286,33.7,0.018,0,2026-08-14,2026-08-17,False,False,5.0,2026-08-17T14:02:42+05:30
LLOYDSME,1915.33,TOUCHED,0.87,above,1932.0,1915.33,1912.07,1915.33,1908.8,0.342,34.2,0.035,0,2026-08-14,2026-08-17,False,False,5.0,2026-08-17T14:02:42+05:30
NTPCGREEN,92.24,TOUCHED,0.05,above,92.29,92.24,92.14,92.24,92.03,0.228,34.2,0.015,0,2026-08-14,2026-08-17,False,False,5.0,2026-08-17T14:02:42+05:30
PIIND,2483.0,TOUCHED,-0.04,below,2482.0,2483.0,2485.37,2487.73,2483.0,0.19,34.2,0.03,0,2026-08-14,2026-08-17,False,False,5.0,2026-08-17T14:02:42+05:30
SYNGENE,401.01,TOUCHED,0.43,above,402.75,401.01,400.57,401.01,400.12,0.221,34.5,0.025,0,2026-08-14,2026-08-17,False,False,5.0,2026-08-17T14:02:42+05:30
GILLETTE,7609.08,TOUCHED,-0.51,below,7570.0,7609.08,7618.17,7627.25,7609.08,0.238,34.8,0.029,0,2026-08-14,2026-08-17,False,False,5.0,2026-08-17T14:02:42+05:30
JINDALSTEL,1095.8,TOUCHED,1.16,above,1108.5,1095.8,1094.37,1095.8,1092.93,0.262,35.3,0.034,0,2026-08-14,2026-08-17,False,False,5.0,2026-08-17T14:02:42+05:30
POLYCAB,9277.0,TOUCHED,0.83,above,9354.0,9277.0,9264.67,9277.0,9252.33,0.266,35.6,0.035,0,2026-08-14,2026-08-17,False,False,5.0,2026-08-17T14:02:42+05:30
JINDALSAW,266.66,TOUCHED,0.88,above,269.0,266.66,266.22,266.66,265.77,0.332,35.9,0.038,0,2026-08-14,2026-08-17,False,False,5.0,2026-08-17T14:02:42+05:30
NAVINFLUOR,8249.75,TOUCHED,-1.01,below,8166.5,8249.75,8264.5,8279.25,8249.75,0.357,35.9,0.046,0,2026-08-14,2026-08-17,False,False,5.0,2026-08-17T14:02:42+05:30
ATGL,654.91,TOUCHED,-0.79,below,649.75,654.91,655.77,656.62,654.91,0.262,37.0,0.031,0,2026-08-14,2026-08-17,False,False,5.0,2026-08-17T14:02:42+05:30
ATHERENERG,1514.82,TOUCHED,-1.37,below,1494.0,1514.82,1518.13,1521.45,1514.82,0.437,37.0,0.062,0,2026-08-14,2026-08-17,False,False,5.0,2026-08-17T14:02:42+05:30
KEC,440.64,TOUCHED,-1.23,below,435.2,440.64,441.38,442.12,440.64,0.336,37.0,0.023,0,2026-08-14,2026-08-17,False,False,5.0,2026-08-17T14:02:42+05:30
LATENTVIEW,286.17,TOUCHED,-0.06,inside,286.0,286.17,286.17,286.65,285.68,0.338,37.3,0.04,0,2026-08-14,2026-08-17,False,False,5.0,2026-08-17T14:02:42+05:30
DALBHARAT,1839.88,TOUCHED,0.52,above,1849.4,1839.88,1837.77,1839.88,1835.65,0.23,37.5,0.028,0,2026-08-14,2026-08-17,False,False,5.0,2026-08-17T14:02:42+05:30
ELECON,435.2,TOUCHED,0.32,above,436.6,435.2,434.25,435.2,433.3,0.438,37.8,0.036,0,2026-08-14,2026-08-17,False,False,5.0,2026-08-17T14:02:42+05:30
RPOWER,23.04,TOUCHED,-1.51,below,22.69,23.04,23.1,23.15,23.04,0.505,37.8,0.079,0,2026-08-14,2026-08-17,False,False,5.0,2026-08-17T14:02:42+05:30
AXISBANK,1216.15,TOUCHED,1.09,above,1229.4,1216.15,1214.9,1216.15,1213.65,0.206,38.1,0.024,0,2026-08-14,2026-08-17,False,False,5.0,2026-08-17T14:02:42+05:30
AADHARHFC,498.82,TOUCHED,-1.97,below,489.0,498.82,499.43,500.05,498.82,0.247,38.4,0.025,0,2026-08-14,2026-08-17,False,False,5.0,2026-08-17T14:02:42+05:30
CHALET,823.79,TOUCHED,2.6,above,845.25,823.79,822.48,823.79,821.17,0.318,38.4,0.023,0,2026-08-14,2026-08-17,False,False,5.0,2026-08-17T14:02:42+05:30
IIFL,632.22,TOUCHED,-0.44,below,629.45,632.22,633.28,634.35,632.22,0.337,38.4,0.027,0,2026-08-14,2026-08-17,False,False,5.0,2026-08-17T14:02:42+05:30
JYOTICNC,831.7,TOUCHED,2.19,above,849.9,831.7,830.1,831.7,828.5,0.385,38.6,0.027,0,2026-08-14,2026-08-17,False,False,5.0,2026-08-17T14:02:42+05:30
TMPV,333.38,TOUCHED,-0.38,below,332.1,333.38,333.75,334.12,333.38,0.225,38.9,0.02,0,2026-08-14,2026-08-17,False,False,5.0,2026-08-17T14:02:42+05:30
CASTROLIND,187.26,TOUCHED,0.21,above,187.65,187.26,187.11,187.26,186.97,0.157,39.2,0.014,0,2026-08-14,2026-08-17,False,False,5.0,2026-08-17T14:02:42+05:30
CRISIL,4455.5,TOUCHED,-0.01,below,4455.0,4455.5,4462.3,4469.1,4455.5,0.305,39.5,0.05,0,2026-08-14,2026-08-17,False,False,5.0,2026-08-17T14:02:42+05:30
INDIAMART,1792.43,TOUCHED,-1.26,below,1769.8,1792.43,1794.97,1797.5,1792.43,0.282,39.7,0.026,0,2026-08-14,2026-08-17,False,False,5.0,2026-08-17T14:02:42+05:30
NUVAMA,1679.05,TOUCHED,2.44,above,1720.1,1679.05,1676.07,1679.05,1673.08,0.356,39.7,0.025,0,2026-08-14,2026-08-17,False,False,5.0,2026-08-17T14:02:42+05:30
VEDL,268.82,TOUCHED,0.42,above,269.95,268.82,268.38,268.82,267.94,0.329,39.7,0.028,0,2026-08-14,2026-08-17,False,False,5.0,2026-08-17T14:02:42+05:30
HONAUT,37060.0,TOUCHED,-1.59,below,36470.0,37060.0,37108.33,37156.67,37060.0,0.26,40.0,0.022,0,2026-08-14,2026-08-17,False,False,5.0,2026-08-17T14:02:42+05:30
LTFOODS,420.58,TOUCHED,-0.51,below,418.45,420.58,421.37,422.15,420.58,0.372,40.5,0.036,0,2026-08-14,2026-08-17,False,False,5.0,2026-08-17T14:02:42+05:30
GVT&D,4329.9,TOUCHED,-0.22,inside,4320.2,4329.9,4329.9,4339.95,4319.85,0.464,40.8,0.025,0,2026-08-14,2026-08-17,False,False,5.0,2026-08-17T14:02:42+05:30
POWERGRID,266.98,TOUCHED,0.03,above,267.05,266.98,266.67,266.98,266.36,0.231,41.1,0.017,0,2026-08-14,2026-08-17,False,False,5.0,2026-08-17T14:02:42+05:30
MOTILALOFS,901.79,TOUCHED,6.28,above,958.45,901.79,899.88,901.79,897.98,0.424,41.6,0.045,0,2026-08-14,2026-08-17,False,False,5.0,2026-08-17T14:02:42+05:30
HDFCLIFE,537.8,TOUCHED,0.93,above,542.8,537.8,537.15,537.8,536.5,0.242,41.9,0.018,0,2026-08-14,2026-08-17,False,False,5.0,2026-08-17T14:02:42+05:30
SOBHA,1330.57,TOUCHED,-1.52,below,1310.4,1330.57,1332.93,1335.3,1330.57,0.355,41.9,0.029,0,2026-08-14,2026-08-17,False,False,5.0,2026-08-17T14:02:42+05:30
AEGISVOPAK,269.82,TOUCHED,-0.04,below,269.7,269.82,270.53,271.25,269.82,0.53,42.6,0.04,0,2026-08-14,2026-08-17,False,False,5.0,2026-08-17T14:02:42+05:30
JKCEMENT,5334.5,TOUCHED,0.42,above,5357.0,5334.5,5325.17,5334.5,5315.83,0.351,43.3,0.033,0,2026-08-14,2026-08-17,False,False,5.0,2026-08-17T14:02:42+05:30
TATATECH,863.85,TOUCHED,-1.58,below,850.2,863.85,865.2,866.55,863.85,0.312,43.6,0.035,0,2026-08-14,2026-08-17,False,False,5.0,2026-08-17T14:02:42+05:30
CUB,210.0,TOUCHED,2.03,above,214.27,210.0,209.55,210.0,209.09,0.434,43.8,0.034,0,2026-08-14,2026-08-17,False,False,5.0,2026-08-17T14:02:42+05:30
ASTERDM,823.82,TOUCHED,-0.25,below,821.8,823.82,825.3,826.77,823.82,0.357,44.1,0.028,0,2026-08-14,2026-08-17,False,False,5.0,2026-08-17T14:02:42+05:30
PNBHOUSING,1152.45,TOUCHED,-0.58,below,1145.8,1152.45,1154.4,1156.35,1152.45,0.338,44.1,0.027,0,2026-08-14,2026-08-17,False,False,5.0,2026-08-17T14:02:42+05:30
CGPOWER,888.56,TOUCHED,0.79,above,895.6,888.56,886.97,888.56,885.38,0.359,44.4,0.039,0,2026-08-14,2026-08-17,False,False,5.0,2026-08-17T14:02:42+05:30
ANANTRAJ,626.63,TOUCHED,-0.2,inside,625.35,626.63,626.63,628.29,624.98,0.529,44.9,0.086,0,2026-08-14,2026-08-17,False,False,5.0,2026-08-17T14:02:42+05:30
COHANCE,443.6,TOUCHED,0.09,above,444.0,443.6,442.62,443.6,441.63,0.444,44.9,0.022,0,2026-08-14,2026-08-17,False,False,5.0,2026-08-17T14:02:42+05:30
KARURVYSYA,333.02,TOUCHED,0.19,inside,333.65,333.02,333.02,333.65,332.38,0.38,45.5,0.038,0,2026-08-14,2026-08-17,False,False,5.0,2026-08-17T14:02:42+05:30
ARE&M,947.48,TOUCHED,-0.67,below,941.15,947.48,949.0,950.52,947.48,0.321,46.0,0.024,0,2026-08-14,2026-08-17,False,False,5.0,2026-08-17T14:02:42+05:30
BRIGADE,592.87,TOUCHED,-0.1,below,592.3,592.87,594.18,595.5,592.87,0.443,46.0,0.024,0,2026-08-14,2026-08-17,False,False,5.0,2026-08-17T14:02:42+05:30
PRESTIGE,1596.05,TOUCHED,-0.8,below,1583.3,1596.05,1599.6,1603.15,1596.05,0.444,46.3,0.055,0,2026-08-14,2026-08-17,False,False,5.0,2026-08-17T14:02:42+05:30
ENGINERSIN,241.19,TOUCHED,-0.57,below,239.82,241.19,241.79,242.4,241.19,0.502,46.6,0.04,0,2026-08-13,2026-08-17,False,False,5.0,2026-08-17T14:02:42+05:30
BOSCHLTD,46965.0,TOUCHED,-0.04,inside,46945.0,46965.0,46965.0,47032.5,46897.5,0.287,46.8,0.029,0,2026-08-14,2026-08-17,False,False,5.0,2026-08-17T14:02:42+05:30
JBMA,626.98,TOUCHED,0.34,above,629.1,626.98,625.63,626.98,624.29,0.429,47.1,0.032,0,2026-08-14,2026-08-17,False,False,5.0,2026-08-17T14:02:42+05:30
JSWSTEEL,1273.28,TOUCHED,0.21,above,1276.0,1273.28,1271.57,1273.28,1269.85,0.27,47.1,0.025,0,2026-08-13,2026-08-17,False,False,5.0,2026-08-17T14:02:42+05:30
IREDA,116.47,TOUCHED,-0.07,below,116.39,116.47,116.7,116.92,116.47,0.386,47.4,0.048,0,2026-08-14,2026-08-17,False,False,5.0,2026-08-17T14:02:42+05:30
KALYANKJIL,609.62,TOUCHED,-0.04,below,609.4,609.62,610.98,612.35,609.62,0.447,47.4,0.038,0,2026-08-14,2026-08-17,False,False,5.0,2026-08-17T14:02:42+05:30
KEI,5733.6,TOUCHED,1.72,above,5832.5,5733.6,5722.4,5733.6,5711.2,0.391,47.4,0.026,0,2026-08-14,2026-08-17,False,False,5.0,2026-08-17T14:02:42+05:30
FEDERALBNK,352.82,TOUCHED,0.49,above,354.55,352.82,352.32,352.82,351.81,0.289,47.7,0.026,0,2026-08-14,2026-08-17,False,False,5.0,2026-08-17T14:02:42+05:30
SWIGGY,277.04,TOUCHED,-0.18,below,276.55,277.04,277.78,278.52,277.04,0.534,47.7,0.045,0,2026-08-14,2026-08-17,False,False,5.0,2026-08-17T14:02:42+05:30
SBICARD,635.98,TOUCHED,0.18,above,637.1,635.98,634.98,635.98,633.99,0.312,47.9,0.029,0,2026-08-14,2026-08-17,False,False,5.0,2026-08-17T14:02:42+05:30
MSUMI,40.44,TOUCHED,-0.52,below,40.23,40.44,40.53,40.61,40.44,0.436,48.2,0.031,0,2026-08-14,2026-08-17,False,False,5.0,2026-08-17T14:02:42+05:30
AJANTPHARM,3665.82,TOUCHED,1.09,above,3705.6,3665.82,3658.83,3665.82,3651.85,0.382,48.5,0.04,0,2026-08-14,2026-08-17,False,False,5.0,2026-08-17T14:02:42+05:30
MGL,1140.8,TOUCHED,-1.38,below,1125.0,1140.8,1142.9,1145.0,1140.8,0.367,48.5,0.034,0,2026-08-14,2026-08-17,False,False,5.0,2026-08-17T14:02:42+05:30
SUNTV,487.53,TOUCHED,0.58,above,490.35,487.53,486.55,487.53,485.58,0.401,49.0,0.024,0,2026-08-14,2026-08-17,False,False,5.0,2026-08-17T14:02:42+05:30
CESC,168.8,TOUCHED,0.56,above,169.75,168.8,168.48,168.8,168.15,0.384,49.3,0.037,0,2026-08-14,2026-08-17,False,False,5.0,2026-08-17T14:02:42+05:30
RRKABEL,2792.13,TOUCHED,-2.09,below,2733.8,2792.13,2798.67,2805.2,2792.13,0.467,49.6,0.045,0,2026-08-14,2026-08-17,False,False,5.0,2026-08-17T14:02:42+05:30
KPITTECH,615.38,TOUCHED,-0.82,below,610.35,615.38,616.75,618.12,615.38,0.446,49.9,0.044,0,2026-08-14,2026-08-17,False,False,5.0,2026-08-17T14:02:42+05:30
ICICIAMC,3112.63,TOUCHED,-0.18,inside,3107.0,3112.63,3112.63,3120.0,3105.27,0.473,50.0,0.031,0,2026-08-14,2026-08-17,False,False,5.0,2026-08-17T14:02:42+05:30
INOXWIND,74.2,TOUCHED,4.43,above,77.49,74.2,74.02,74.2,73.85,0.477,50.1,0.041,0,2026-08-14,2026-08-17,False,False,5.0,2026-08-17T14:02:42+05:30
SCI,293.07,TOUCHED,-1.9,below,287.5,293.07,293.88,294.7,293.07,0.556,50.4,0.045,0,2026-08-14,2026-08-17,False,False,5.0,2026-08-17T14:02:42+05:30
ONGC,237.43,TOUCHED,0.81,above,239.35,237.43,237.08,237.43,236.74,0.288,50.7,0.028,0,2026-08-14,2026-08-17,False,False,5.0,2026-08-17T14:02:42+05:30
OLAELEC,39.12,TOUCHED,0.86,above,39.46,39.12,38.99,39.12,38.86,0.675,51.0,0.074,0,2026-08-14,2026-08-17,False,False,5.0,2026-08-17T14:02:42+05:30
SPLPETRO,722.85,TOUCHED,0.04,inside,723.15,722.85,722.85,724.7,721.0,0.512,51.0,0.039,0,2026-08-14,2026-08-17,False,False,5.0,2026-08-17T14:02:42+05:30
MPHASIS,2528.95,TOUCHED,-0.86,below,2507.3,2528.95,2534.3,2539.65,2528.95,0.422,51.2,0.024,0,2026-08-14,2026-08-17,False,False,5.0,2026-08-17T14:02:42+05:30
GLAXO,2683.37,TOUCHED,0.84,above,2706.0,2683.37,2677.93,2683.37,2672.5,0.406,51.5,0.026,0,2026-08-14,2026-08-17,False,False,5.0,2026-08-17T14:02:42+05:30
ITCHOTELS,165.9,TOUCHED,0.44,above,166.63,165.9,165.58,165.9,165.25,0.393,52.1,0.038,0,2026-08-14,2026-08-17,False,False,5.0,2026-08-17T14:02:42+05:30
NAUKRI,1352.05,TOUCHED,1.1,above,1366.9,1352.05,1349.03,1352.05,1346.02,0.447,52.6,0.023,0,2026-08-14,2026-08-17,False,False,5.0,2026-08-17T14:02:42+05:30
GESHIP,1289.0,TOUCHED,-1.23,below,1273.2,1289.0,1292.27,1295.53,1289.0,0.506,52.9,0.037,0,2026-08-13,2026-08-17,False,False,5.0,2026-08-17T14:02:42+05:30
GICRE,351.43,TOUCHED,0.97,above,354.85,351.43,350.77,351.43,350.1,0.38,52.9,0.032,0,2026-08-14,2026-08-17,False,False,5.0,2026-08-17T14:02:42+05:30
ICICIPRULI,507.38,TOUCHED,-0.11,inside,506.85,507.38,507.38,508.27,506.5,0.348,53.2,0.023,0,2026-08-14,2026-08-17,False,False,5.0,2026-08-17T14:02:42+05:30
NESTLEIND,1501.38,TOUCHED,-1.82,below,1474.0,1501.38,1503.67,1505.95,1501.38,0.304,53.2,0.033,0,2026-08-14,2026-08-17,False,False,5.0,2026-08-17T14:02:42+05:30
PATANJALI,351.51,TOUCHED,0.78,above,354.25,351.51,351.02,351.51,350.53,0.28,53.4,0.019,0,2026-08-14,2026-08-17,False,False,5.0,2026-08-17T14:02:42+05:30
ADANIPOWER,205.69,TOUCHED,-0.7,below,204.25,205.69,206.13,206.57,205.69,0.427,54.0,0.056,0,2026-08-14,2026-08-17,False,False,5.0,2026-08-17T14:02:42+05:30
UNITDSPR,1533.27,TOUCHED,0.45,above,1540.1,1533.27,1530.53,1533.27,1527.8,0.357,54.2,0.033,0,2026-08-14,2026-08-17,False,False,5.0,2026-08-17T14:02:42+05:30
WHIRLPOOL,780.84,TOUCHED,-0.07,below,780.3,780.84,782.78,784.73,780.84,0.496,54.2,0.045,0,2026-08-14,2026-08-17,False,False,5.0,2026-08-17T14:02:42+05:30
ETERNAL,320.1,TOUCHED,-0.09,inside,319.8,320.1,320.1,320.9,319.3,0.5,54.5,0.028,0,2026-08-14,2026-08-17,False,False,5.0,2026-08-17T14:02:42+05:30
TORNTPOWER,1318.7,TOUCHED,0.15,above,1320.7,1318.7,1315.5,1318.7,1312.3,0.487,54.5,0.031,0,2026-08-14,2026-08-17,False,False,5.0,2026-08-17T14:02:42+05:30
INDIGO,5320.0,TOUCHED,-0.39,below,5299.5,5320.0,5330.0,5340.0,5320.0,0.375,54.8,0.024,0,2026-08-14,2026-08-17,False,False,5.0,2026-08-17T14:02:42+05:30
LENSKART,608.53,TOUCHED,-0.19,inside,607.35,608.53,608.53,610.19,606.88,0.545,54.9,0.03,0,2026-08-14,2026-08-17,False,False,5.0,2026-08-17T14:02:42+05:30
SYRMA,1469.92,TOUCHED,-0.27,below,1466.0,1469.92,1474.63,1479.35,1469.92,0.64,55.1,0.045,0,2026-08-14,2026-08-17,False,False,5.0,2026-08-17T14:02:42+05:30
ABLBL,89.44,TOUCHED,0.55,above,89.94,89.44,89.22,89.44,88.99,0.504,55.4,0.055,0,2026-08-14,2026-08-17,False,False,5.0,2026-08-17T14:02:42+05:30
AFCONS,270.58,TOUCHED,0.36,above,271.55,270.58,269.98,270.58,269.39,0.438,55.6,0.024,0,2026-08-14,2026-08-17,False,False,5.0,2026-08-17T14:02:42+05:30
AUBANK,1084.03,TOUCHED,-0.56,below,1078.0,1084.03,1086.17,1088.3,1084.03,0.393,55.6,0.016,0,2026-08-14,2026-08-17,False,False,5.0,2026-08-17T14:02:42+05:30
DIVISLAB,8505.67,TOUCHED,0.0,inside,8506.0,8505.67,8505.67,8520.0,8491.33,0.337,55.6,0.021,0,2026-08-14,2026-08-17,False,False,5.0,2026-08-17T14:02:42+05:30
PFOCUS,270.87,TOUCHED,-1.28,below,267.4,270.87,272.13,273.4,270.87,0.931,55.6,0.05,0,2026-08-14,2026-08-17,False,False,5.0,2026-08-17T14:02:42+05:30
SUNDARMFIN,4514.55,TOUCHED,-0.01,below,4513.9,4514.55,4525.03,4535.52,4514.55,0.463,56.4,0.034,0,2026-08-13,2026-08-17,False,False,5.0,2026-08-17T14:02:42+05:30
BLUEJET,591.1,TOUCHED,0.33,above,593.05,591.1,588.9,591.1,586.7,0.747,56.7,0.042,0,2026-08-14,2026-08-17,False,False,5.0,2026-08-17T14:02:42+05:30
CARTRADE,2787.05,TOUCHED,0.07,above,2789.0,2787.05,2776.3,2787.05,2765.55,0.774,56.7,0.061,0,2026-08-14,2026-08-17,False,False,5.0,2026-08-17T14:02:42+05:30
GODREJIND,1255.68,TOUCHED,-2.01,below,1230.4,1255.68,1258.87,1262.05,1255.68,0.506,56.7,0.047,0,2026-08-14,2026-08-17,False,False,5.0,2026-08-17T14:02:42+05:30
TMCV,475.66,TOUCHED,-1.62,below,467.95,475.66,477.02,478.38,475.66,0.57,56.8,0.024,0,2026-08-14,2026-08-17,False,False,5.0,2026-08-17T14:02:42+05:30
USHAMART,491.53,TOUCHED,0.5,above,494.0,491.53,490.33,491.53,489.14,0.486,57.0,0.035,0,2026-08-14,2026-08-17,False,False,5.0,2026-08-17T14:02:42+05:30
HDBFS,684.6,TOUCHED,0.04,inside,684.85,684.6,684.6,685.78,683.43,0.343,57.1,0.022,0,2026-08-14,2026-08-17,False,False,5.0,2026-08-17T14:02:42+05:30
PINELABS,165.47,TOUCHED,-1.32,below,163.29,165.47,166.09,166.7,165.47,0.739,57.1,0.057,0,2026-08-14,2026-08-17,False,False,5.0,2026-08-17T14:02:42+05:30
CIEINDIA,410.48,TOUCHED,-0.08,inside,410.15,410.48,410.48,411.43,409.54,0.459,57.3,0.029,0,2026-08-13,2026-08-17,False,False,5.0,2026-08-17T14:02:42+05:30
ITC,277.15,TOUCHED,-1.43,below,273.2,277.15,277.5,277.85,277.15,0.252,57.5,0.021,0,2026-08-14,2026-08-17,False,False,5.0,2026-08-17T14:02:42+05:30
GLAND,2977.87,TOUCHED,-2.78,below,2895.0,2977.87,2985.53,2993.2,2977.87,0.514,57.8,0.04,0,2026-08-14,2026-08-17,False,False,5.0,2026-08-17T14:02:42+05:30
JSWDULUX,3154.23,TOUCHED,-0.19,inside,3148.1,3154.23,3154.23,3160.82,3147.65,0.417,58.1,0.022,0,2026-08-14,2026-08-17,False,False,5.0,2026-08-17T14:02:42+05:30
VIJAYA,1482.37,TOUCHED,0.11,inside,1484.0,1482.37,1482.37,1486.5,1478.23,0.558,58.4,0.037,0,2026-08-14,2026-08-17,False,False,5.0,2026-08-17T14:02:42+05:30
PFC,376.48,TOUCHED,-0.42,below,374.9,376.48,377.3,378.13,376.48,0.437,58.6,0.036,0,2026-08-13,2026-08-17,False,False,5.0,2026-08-17T14:02:42+05:30
GMDCLTD,582.95,TOUCHED,-0.57,below,579.65,582.95,585.1,587.25,582.95,0.735,58.9,0.068,0,2026-08-14,2026-08-17,False,False,5.0,2026-08-17T14:02:42+05:30
HFCL,223.97,TOUCHED,-1.95,below,219.6,223.97,224.84,225.7,223.97,0.768,58.9,0.028,0,2026-08-14,2026-08-17,False,False,5.0,2026-08-17T14:02:42+05:30
ERIS,1361.87,TOUCHED,-1.22,below,1345.3,1361.87,1365.23,1368.6,1361.87,0.493,59.2,0.03,0,2026-08-14,2026-08-17,False,False,5.0,2026-08-17T14:02:42+05:30
NEWGEN,536.94,TOUCHED,-0.21,below,535.8,536.94,538.73,540.52,536.94,0.665,59.5,0.034,0,2026-08-14,2026-08-17,False,False,5.0,2026-08-17T14:02:42+05:30
EIDPARRY,778.2,TOUCHED,1.86,above,792.7,778.2,776.1,778.2,774.0,0.541,60.3,0.032,0,2026-08-13,2026-08-17,False,False,5.0,2026-08-17T14:02:42+05:30
PGEL,605.47,TOUCHED,-0.16,inside,604.5,605.47,605.47,607.7,603.23,0.738,60.5,0.054,0,2026-08-14,2026-08-17,False,False,5.0,2026-08-17T14:02:42+05:30
ANGELONE,290.27,TOUCHED,1.27,above,293.95,290.27,289.28,290.27,288.29,0.686,60.8,0.029,0,2026-08-14,2026-08-17,False,False,5.0,2026-08-17T14:02:42+05:30
APARINDS,16755.33,TOUCHED,-2.0,below,16420.0,16755.33,16819.67,16884.0,16755.33,0.765,60.8,0.055,0,2026-08-14,2026-08-17,False,False,5.0,2026-08-17T14:02:42+05:30
MUTHOOTFIN,2862.15,TOUCHED,1.61,above,2908.2,2862.15,2855.43,2862.15,2848.72,0.47,60.8,0.04,0,2026-08-14,2026-08-17,False,False,5.0,2026-08-17T14:02:42+05:30
KIMS,811.41,TOUCHED,-1.12,below,802.3,811.41,813.72,816.02,811.41,0.567,61.1,0.04,0,2026-08-14,2026-08-17,False,False,5.0,2026-08-17T14:02:42+05:30
POONAWALLA,499.37,TOUCHED,-0.2,below,498.4,499.37,500.85,502.32,499.37,0.589,61.1,0.033,0,2026-08-14,2026-08-17,False,False,5.0,2026-08-17T14:02:42+05:30
GPIL,237.79,TOUCHED,1.92,above,242.36,237.79,237.0,237.79,236.21,0.662,61.6,0.023,0,2026-08-14,2026-08-17,False,False,5.0,2026-08-17T14:02:42+05:30
URBANCO,143.84,TOUCHED,0.82,above,145.02,143.84,143.29,143.84,142.74,0.768,61.7,0.045,0,2026-08-14,2026-08-17,False,False,5.0,2026-08-17T14:02:42+05:30
CRAFTSMAN,10339.5,TOUCHED,0.53,above,10394.5,10339.5,10310.0,10339.5,10280.5,0.572,62.2,0.057,0,2026-08-14,2026-08-17,False,False,5.0,2026-08-17T14:02:42+05:30
DCMSHRIRAM,1018.93,TOUCHED,0.1,inside,1020.0,1018.93,1018.93,1021.82,1016.05,0.566,62.5,0.024,0,2026-08-14,2026-08-17,False,False,5.0,2026-08-17T14:02:42+05:30
TATACONSUM,1081.82,TOUCHED,-0.8,below,1073.2,1081.82,1084.13,1086.45,1081.82,0.427,62.5,0.027,0,2026-08-14,2026-08-17,False,False,5.0,2026-08-17T14:02:42+05:30
CHOICEIN,806.15,TOUCHED,-0.17,below,804.8,806.15,807.95,809.75,806.15,0.446,62.7,0.023,0,2026-08-14,2026-08-17,False,False,5.0,2026-08-17T14:02:42+05:30
HUDCO,189.06,TOUCHED,-1.17,below,186.85,189.06,189.62,190.19,189.06,0.598,62.7,0.036,0,2026-08-14,2026-08-17,False,False,5.0,2026-08-17T14:02:42+05:30
OIL,471.9,TOUCHED,0.49,above,474.2,471.9,470.77,471.9,469.63,0.481,62.7,0.021,0,2026-08-14,2026-08-17,False,False,5.0,2026-08-17T14:02:42+05:30
BAJAJFINSV,2020.1,TOUCHED,0.01,above,2020.4,2020.1,2016.17,2020.1,2012.23,0.39,63.0,0.02,0,2026-08-14,2026-08-17,False,False,5.0,2026-08-17T14:02:42+05:30
AFFLE,1664.0,TOUCHED,1.36,above,1686.7,1664.0,1659.2,1664.0,1654.4,0.579,63.3,0.032,0,2026-08-14,2026-08-17,False,False,5.0,2026-08-17T14:02:42+05:30
FINCABLES,1257.8,TOUCHED,4.47,above,1314.05,1257.8,1254.15,1257.8,1250.5,0.582,63.3,0.019,0,2026-08-14,2026-08-17,False,False,5.0,2026-08-17T14:02:42+05:30
M&M,3412.2,TOUCHED,-0.06,inside,3410.0,3412.2,3412.2,3420.25,3404.15,0.472,63.6,0.026,0,2026-08-14,2026-08-17,False,False,5.0,2026-08-17T14:02:42+05:30
TRIDENT,24.45,TOUCHED,0.11,inside,24.48,24.45,24.45,24.51,24.4,0.463,63.6,0.028,0,2026-08-14,2026-08-17,False,False,5.0,2026-08-17T14:02:42+05:30
RITES,221.67,TOUCHED,-0.47,below,220.62,221.67,222.28,222.89,221.67,0.549,63.8,0.025,0,2026-08-14,2026-08-17,False,False,5.0,2026-08-17T14:02:42+05:30
FSL,268.95,TOUCHED,-0.11,inside,268.65,268.95,268.95,269.88,268.03,0.688,64.1,0.037,0,2026-08-14,2026-08-17,False,False,5.0,2026-08-17T14:02:42+05:30
HINDZINC,566.4,TOUCHED,0.69,above,570.3,566.4,564.9,566.4,563.4,0.531,64.1,0.041,0,2026-08-14,2026-08-17,False,False,5.0,2026-08-17T14:02:42+05:30
MEDANTA,1414.3,TOUCHED,0.01,inside,1414.5,1414.3,1414.3,1418.45,1410.15,0.587,64.1,0.028,0,2026-08-14,2026-08-17,False,False,5.0,2026-08-17T14:02:42+05:30
PERSISTENT,5564.25,TOUCHED,0.35,above,5583.5,5564.25,5548.5,5564.25,5532.75,0.568,64.1,0.018,0,2026-08-14,2026-08-17,False,False,5.0,2026-08-17T14:02:42+05:30
SBILIFE,1798.38,TOUCHED,-0.5,below,1789.4,1798.38,1801.77,1805.15,1798.38,0.376,64.1,0.017,0,2026-08-14,2026-08-17,False,False,5.0,2026-08-17T14:02:42+05:30
NIVABUPA,82.91,TOUCHED,-0.25,below,82.7,82.91,83.1,83.29,82.91,0.457,64.4,0.018,0,2026-08-14,2026-08-17,False,False,5.0,2026-08-17T14:02:42+05:30
ABSLAMC,1020.0,TOUCHED,0.4,above,1024.1,1020.0,1017.07,1020.0,1014.13,0.577,64.7,0.033,0,2026-08-14,2026-08-17,False,False,5.0,2026-08-17T14:02:42+05:30
INDUSINDBK,1016.85,TOUCHED,-0.49,below,1011.9,1016.85,1019.47,1022.08,1016.85,0.513,64.7,0.031,0,2026-08-13,2026-08-17,False,False,5.0,2026-08-17T14:02:42+05:30
LICI,412.73,TOUCHED,0.1,above,413.15,412.73,411.97,412.73,411.2,0.372,65.2,0.031,0,2026-08-14,2026-08-17,False,False,5.0,2026-08-17T14:02:42+05:30
BDL,1383.55,TOUCHED,-0.17,below,1381.2,1383.55,1388.37,1393.18,1383.55,0.694,65.5,0.049,0,2026-08-14,2026-08-17,False,False,5.0,2026-08-17T14:02:42+05:30
CAMS,768.65,TOUCHED,0.02,above,768.8,768.65,766.52,768.65,764.38,0.557,65.8,0.041,0,2026-08-14,2026-08-17,False,False,5.0,2026-08-17T14:02:42+05:30
JUBLFOOD,508.0,TOUCHED,0.5,above,510.55,508.0,506.7,508.0,505.4,0.513,65.8,0.018,0,2026-08-14,2026-08-17,False,False,5.0,2026-08-17T14:02:42+05:30
GODREJPROP,2003.47,TOUCHED,0.29,inside,2009.2,2003.47,2003.47,2010.2,1996.73,0.672,66.0,0.045,0,2026-08-14,2026-08-17,False,False,5.0,2026-08-17T14:02:42+05:30
APLAPOLLO,2078.2,TOUCHED,0.76,above,2094.0,2078.2,2073.1,2078.2,2068.0,0.492,66.3,0.017,0,2026-08-14,2026-08-17,False,False,5.0,2026-08-17T14:02:42+05:30
PREMIERENE,1023.7,TOUCHED,-0.17,inside,1022.0,1023.7,1023.7,1026.9,1020.5,0.625,66.3,0.029,0,2026-08-14,2026-08-17,False,False,5.0,2026-08-17T14:02:42+05:30
ZENSARTECH,492.48,TOUCHED,-0.18,below,491.6,492.48,494.17,495.85,492.48,0.681,66.6,0.035,0,2026-08-14,2026-08-17,False,False,5.0,2026-08-17T14:02:42+05:30
SCHAEFFLER,4054.15,TOUCHED,-0.41,below,4037.5,4054.15,4065.1,4076.05,4054.15,0.539,66.8,0.035,0,2026-08-14,2026-08-17,False,False,5.0,2026-08-17T14:02:42+05:30
TECHNOE,972.02,TOUCHED,-1.35,below,958.85,972.02,975.63,979.25,972.02,0.741,67.4,0.05,0,2026-08-14,2026-08-17,False,False,5.0,2026-08-17T14:02:42+05:30
YESBANK,22.84,TOUCHED,0.59,above,22.97,22.84,22.78,22.84,22.73,0.483,67.4,0.04,0,2026-08-14,2026-08-17,False,False,5.0,2026-08-17T14:02:42+05:30
BPCL,317.65,TOUCHED,-0.16,inside,317.15,317.65,317.65,318.55,316.75,0.567,67.7,0.021,0,2026-08-14,2026-08-17,False,False,5.0,2026-08-17T14:02:42+05:30
CHENNPETRO,1339.9,TOUCHED,2.47,above,1373.0,1339.9,1333.9,1339.9,1327.9,0.9,67.9,0.026,0,2026-08-14,2026-08-17,False,False,5.0,2026-08-17T14:02:42+05:30
KPIL,1365.35,TOUCHED,2.19,above,1395.2,1365.35,1360.97,1365.35,1356.58,0.644,67.9,0.043,0,2026-08-14,2026-08-17,False,False,5.0,2026-08-17T14:02:42+05:30
BAYERCROP,4075.9,TOUCHED,0.37,above,4090.9,4075.9,4065.87,4075.9,4055.83,0.494,68.2,0.031,0,2026-08-14,2026-08-17,False,False,5.0,2026-08-17T14:02:42+05:30
ENRIN,3570.9,TOUCHED,0.82,above,3600.3,3570.9,3559.37,3570.9,3547.83,0.648,68.2,0.027,0,2026-08-14,2026-08-17,False,False,5.0,2026-08-17T14:02:42+05:30
HONASA,498.2,TOUCHED,-2.05,below,488.0,498.2,499.73,501.27,498.2,0.614,68.5,0.054,0,2026-08-14,2026-08-17,False,False,5.0,2026-08-17T14:02:42+05:30
MAXHEALTH,999.5,TOUCHED,-0.17,below,997.8,999.5,1002.53,1005.57,999.5,0.605,68.5,0.037,0,2026-08-14,2026-08-17,False,False,5.0,2026-08-17T14:02:42+05:30
MCX,2944.45,TOUCHED,0.59,above,2961.9,2944.45,2933.47,2944.45,2922.48,0.749,68.5,0.058,0,2026-08-14,2026-08-17,False,False,5.0,2026-08-17T14:02:42+05:30
UBL,1379.48,TOUCHED,-0.65,below,1370.5,1379.48,1382.37,1385.25,1379.48,0.417,68.8,0.026,0,2026-08-14,2026-08-17,False,False,5.0,2026-08-17T14:02:42+05:30
ADANIENSOL,1599.5,TOUCHED,-0.28,below,1595.0,1599.5,1605.0,1610.5,1599.5,0.685,69.0,0.031,0,2026-08-14,2026-08-17,False,False,5.0,2026-08-17T14:02:42+05:30
DABUR,406.98,TOUCHED,-0.19,inside,406.2,406.98,406.98,407.85,406.12,0.426,69.3,0.033,0,2026-08-14,2026-08-17,False,False,5.0,2026-08-17T14:02:42+05:30
VMM,105.84,TOUCHED,-0.28,inside,105.55,105.84,105.84,106.17,105.52,0.608,69.6,0.026,0,2026-08-14,2026-08-17,False,False,5.0,2026-08-17T14:02:42+05:30
FIVESTAR,544.02,TOUCHED,-1.3,below,536.95,544.02,546.08,548.14,544.02,0.754,69.9,0.041,0,2026-08-14,2026-08-17,False,False,5.0,2026-08-17T14:02:42+05:30
AIIL,567.38,TOUCHED,-1.78,below,557.25,567.38,569.85,572.33,567.38,0.869,70.4,0.055,0,2026-08-14,2026-08-17,False,False,5.0,2026-08-17T14:02:42+05:30
MAHABANK,80.62,TOUCHED,0.27,inside,80.84,80.62,80.62,80.88,80.37,0.624,70.7,0.042,0,2026-08-14,2026-08-17,False,False,5.0,2026-08-17T14:02:42+05:30
COFORGE,1815.63,TOUCHED,-0.34,inside,1809.4,1815.63,1815.63,1822.32,1808.95,0.736,71.2,0.032,0,2026-08-13,2026-08-17,False,False,5.0,2026-08-17T14:02:42+05:30
BEML,1897.4,TOUCHED,0.76,above,1911.9,1897.4,1889.73,1897.4,1882.07,0.811,71.8,0.028,0,2026-08-14,2026-08-17,False,False,5.0,2026-08-17T14:02:42+05:30
ICICIBANK,1414.47,TOUCHED,0.31,above,1418.9,1414.47,1411.93,1414.47,1409.4,0.359,71.8,0.023,0,2026-08-14,2026-08-17,False,False,5.0,2026-08-17T14:02:42+05:30
PCBL,311.92,TOUCHED,0.12,inside,312.3,311.92,311.92,312.98,310.86,0.679,72.1,0.057,0,2026-08-14,2026-08-17,False,False,5.0,2026-08-17T14:02:42+05:30
SRF,2601.2,TOUCHED,1.21,above,2632.7,2601.2,2593.7,2601.2,2586.2,0.578,72.1,0.028,0,2026-08-13,2026-08-17,False,False,5.0,2026-08-17T14:02:42+05:30
PPLPHARMA,207.4,TOUCHED,-1.59,below,204.1,207.4,208.17,208.93,207.4,0.733,72.9,0.044,0,2026-08-14,2026-08-17,False,False,5.0,2026-08-17T14:02:42+05:30
KFINTECH,936.37,TOUCHED,2.68,above,961.5,936.37,932.73,936.37,929.1,0.779,73.2,0.019,0,2026-08-14,2026-08-17,False,False,5.0,2026-08-17T14:02:42+05:30
PETRONET,281.84,TOUCHED,0.61,above,283.55,281.84,281.08,281.84,280.32,0.54,73.2,0.025,0,2026-08-14,2026-08-17,False,False,5.0,2026-08-17T14:02:42+05:30
ADANIGREEN,1331.55,TOUCHED,-0.03,below,1331.1,1331.55,1337.03,1342.52,1331.55,0.82,73.7,0.045,0,2026-08-14,2026-08-17,False,False,5.0,2026-08-17T14:02:42+05:30
ANURAS,1212.73,TOUCHED,-1.12,below,1199.1,1212.73,1216.07,1219.4,1212.73,0.548,73.7,0.025,0,2026-08-14,2026-08-17,False,False,5.0,2026-08-17T14:02:42+05:30
KPRMILL,1105.8,TOUCHED,2.32,above,1131.5,1105.8,1101.6,1105.8,1097.4,0.763,73.7,0.054,0,2026-08-14,2026-08-17,False,False,5.0,2026-08-17T14:02:42+05:30
MARICO,858.27,TOUCHED,-0.09,below,857.5,858.27,860.33,862.39,858.27,0.478,74.0,0.018,0,2026-08-13,2026-08-17,False,False,5.0,2026-08-17T14:02:42+05:30
DATAPATTNS,4506.37,TOUCHED,-0.05,inside,4504.0,4506.37,4506.37,4531.65,4481.08,1.122,74.2,0.075,0,2026-08-14,2026-08-17,False,False,5.0,2026-08-17T14:02:42+05:30
IRCTC,500.02,TOUCHED,-0.01,inside,499.95,500.02,500.02,501.27,498.76,0.503,74.2,0.037,0,2026-08-14,2026-08-17,False,False,5.0,2026-08-17T14:02:42+05:30
GMRAIRPORT,102.16,TOUCHED,-0.15,inside,102.01,102.16,102.16,102.49,101.84,0.639,74.5,0.019,0,2026-08-14,2026-08-17,False,False,5.0,2026-08-17T14:02:42+05:30
TATAELXSI,3765.87,TOUCHED,0.05,above,3767.9,3765.87,3753.73,3765.87,3741.6,0.646,75.1,0.034,0,2026-08-13,2026-08-17,False,False,5.0,2026-08-17T14:02:42+05:30
TITAGARH,834.89,TOUCHED,-1.48,below,822.5,834.89,838.43,841.98,834.89,0.845,75.1,0.051,0,2026-08-14,2026-08-17,False,False,5.0,2026-08-17T14:02:42+05:30
M&MFIN,391.63,TOUCHED,-0.72,below,388.8,391.63,393.15,394.68,391.63,0.776,75.3,0.037,0,2026-08-14,2026-08-17,False,False,5.0,2026-08-17T14:02:42+05:30
TTML,38.88,TOUCHED,-1.88,below,38.15,38.88,39.02,39.16,38.88,0.726,75.9,0.046,0,2026-08-13,2026-08-17,False,False,5.0,2026-08-17T14:02:42+05:30
KAYNES,3699.7,TOUCHED,-0.42,inside,3684.2,3699.7,3699.7,3719.45,3679.95,1.068,77.0,0.049,0,2026-08-14,2026-08-17,False,False,5.0,2026-08-17T14:02:42+05:30
INDGN,559.9,TOUCHED,0.18,inside,560.9,559.9,559.9,561.95,557.85,0.732,77.3,0.023,0,2026-08-14,2026-08-17,False,False,5.0,2026-08-17T14:02:42+05:30
ANANDRATHI,2181.8,TOUCHED,-0.33,below,2174.7,2181.8,2188.9,2196.0,2181.8,0.649,77.5,0.022,0,2026-08-14,2026-08-17,False,False,5.0,2026-08-17T14:02:42+05:30
CLEAN,831.0,TOUCHED,0.98,above,839.15,831.0,827.83,831.0,824.67,0.765,77.5,0.026,0,2026-08-14,2026-08-17,False,False,5.0,2026-08-17T14:02:42+05:30
ENDURANCE,2931.75,TOUCHED,1.98,above,2989.9,2931.75,2920.83,2931.75,2909.92,0.748,77.5,0.044,0,2026-08-14,2026-08-17,False,False,5.0,2026-08-17T14:02:42+05:30
CROMPTON,246.65,TOUCHED,-0.22,inside,246.1,246.65,246.65,247.48,245.82,0.669,78.4,0.025,0,2026-08-14,2026-08-17,False,False,5.0,2026-08-17T14:02:42+05:30
INFY,1166.0,TOUCHED,-1.76,below,1145.5,1166.0,1169.0,1172.0,1166.0,0.513,78.4,0.029,0,2026-08-13,2026-08-17,False,False,5.0,2026-08-17T14:02:42+05:30
HYUNDAI,2207.1,TOUCHED,-0.92,below,2186.7,2207.1,2215.2,2223.3,2207.1,0.731,78.9,0.026,0,2026-08-14,2026-08-17,False,False,5.0,2026-08-17T14:02:42+05:30
CANBK,130.76,TOUCHED,0.16,above,130.97,130.76,130.27,130.76,129.78,0.75,79.2,0.023,0,2026-08-14,2026-08-17,False,False,5.0,2026-08-17T14:02:42+05:30
MRPL,172.41,TOUCHED,0.39,inside,173.08,172.41,172.41,173.35,171.47,1.085,79.2,0.056,0,2026-08-14,2026-08-17,False,False,5.0,2026-08-17T14:02:42+05:30
IKS,1823.2,TOUCHED,0.39,inside,1830.3,1823.2,1823.2,1831.6,1814.8,0.921,79.5,0.02,0,2026-08-14,2026-08-17,False,False,5.0,2026-08-17T14:02:42+05:30
OLECTRA,1323.17,TOUCHED,-0.16,below,1321.1,1323.17,1329.43,1335.7,1323.17,0.943,79.7,0.034,0,2026-08-14,2026-08-17,False,False,5.0,2026-08-17T14:02:42+05:30
SARDAEN,523.38,TOUCHED,-0.17,below,522.5,523.38,525.97,528.56,523.38,0.985,80.3,0.028,0,2026-08-14,2026-08-17,False,False,5.0,2026-08-17T14:02:42+05:30
ANTHEM,886.46,TOUCHED,0.85,above,894.0,886.46,882.82,886.46,879.18,0.825,81.3,0.043,0,2026-08-14,2026-08-17,False,False,5.0,2026-08-17T14:02:42+05:30
ADANIENT,3023.07,TOUCHED,0.07,above,3025.1,3023.07,3011.03,3023.07,2999.0,0.799,81.9,0.026,0,2026-08-14,2026-08-17,False,False,5.0,2026-08-17T14:02:42+05:30
ACUTAAS,3200.53,TOUCHED,-0.23,inside,3193.1,3200.53,3200.53,3218.07,3183.0,1.096,82.5,0.036,0,2026-08-14,2026-08-17,False,False,5.0,2026-08-17T14:02:42+05:30
TATACOMM,1725.3,TOUCHED,-1.03,below,1707.5,1725.3,1732.5,1739.7,1725.3,0.831,82.5,0.022,0,2026-08-14,2026-08-17,False,False,5.0,2026-08-17T14:02:42+05:30
BLS,273.83,TOUCHED,-0.53,below,272.39,273.83,275.26,276.69,273.83,1.039,82.7,0.032,0,2026-08-14,2026-08-17,False,False,5.0,2026-08-17T14:02:42+05:30
LALPATHLAB,1923.58,TOUCHED,-1.92,below,1886.6,1923.58,1930.87,1938.15,1923.58,0.754,82.7,0.043,0,2026-08-14,2026-08-17,False,False,5.0,2026-08-17T14:02:42+05:30
JUBLPHARMA,873.58,TOUCHED,0.28,inside,876.0,873.58,873.58,877.48,869.69,0.891,83.0,0.019,0,2026-08-14,2026-08-17,False,False,5.0,2026-08-17T14:02:42+05:30
GRAPHITE,729.52,TOUCHED,0.1,inside,730.25,729.52,729.52,733.48,725.56,1.085,83.3,0.023,0,2026-08-14,2026-08-17,False,False,5.0,2026-08-17T14:02:42+05:30
JAINREC,299.27,TOUCHED,0.86,above,301.85,299.27,297.32,299.27,295.36,1.317,83.3,0.06,0,2026-08-14,2026-08-17,False,False,5.0,2026-08-17T14:02:42+05:30
TORNTPHARM,4874.25,TOUCHED,0.3,above,4889.0,4874.25,4860.5,4874.25,4846.75,0.566,83.6,0.025,0,2026-08-14,2026-08-17,False,False,5.0,2026-08-17T14:02:42+05:30
DEVYANI,143.05,TOUCHED,0.48,above,143.73,143.05,142.34,143.05,141.62,1.0,84.4,0.04,0,2026-08-14,2026-08-17,False,False,5.0,2026-08-17T14:02:42+05:30
REDINGTON,336.09,TOUCHED,-0.77,below,333.5,336.09,338.13,340.18,336.09,1.208,85.2,0.038,0,2026-08-14,2026-08-17,False,False,5.0,2026-08-17T14:02:42+05:30
LTF,310.65,TOUCHED,0.95,above,313.6,310.65,309.2,310.65,307.75,0.938,85.5,0.028,0,2026-08-14,2026-08-17,False,False,5.0,2026-08-17T14:02:42+05:30
ASIANPAINT,2704.42,TOUCHED,-0.04,below,2703.3,2704.42,2712.53,2720.65,2704.42,0.598,85.8,0.021,0,2026-08-14,2026-08-17,False,False,5.0,2026-08-17T14:02:42+05:30
MRF,133062.5,TOUCHED,0.04,above,133115.0,133062.5,132635.0,133062.5,132207.5,0.645,86.6,0.034,0,2026-08-14,2026-08-17,False,False,5.0,2026-08-17T14:02:42+05:30
PAYTM,1612.1,TOUCHED,-1.3,below,1591.1,1612.1,1621.2,1630.3,1612.1,1.123,86.8,0.057,0,2026-08-14,2026-08-17,False,False,5.0,2026-08-17T14:02:42+05:30
IDEA,13.84,TOUCHED,-0.51,below,13.77,13.84,13.93,14.02,13.84,1.292,87.1,0.046,0,2026-08-14,2026-08-17,False,False,5.0,2026-08-17T14:02:42+05:30
RECLTD,338.0,TOUCHED,0.34,inside,339.15,338.0,338.0,339.5,336.5,0.888,87.1,0.016,0,2026-08-14,2026-08-17,False,False,5.0,2026-08-17T14:02:42+05:30
BATAINDIA,752.69,TOUCHED,0.58,above,757.05,752.69,749.68,752.69,746.68,0.803,87.7,0.022,0,2026-08-14,2026-08-17,False,False,5.0,2026-08-17T14:02:42+05:30
NETWEB,5130.15,TOUCHED,1.17,above,5190.3,5130.15,5089.17,5130.15,5048.18,1.611,87.9,0.055,0,2026-08-14,2026-08-17,False,False,5.0,2026-08-17T14:02:42+05:30
FLUOROCHEM,4760.45,TOUCHED,-1.49,below,4689.5,4760.45,4783.1,4805.75,4760.45,0.947,88.5,0.022,0,2026-08-14,2026-08-17,False,False,5.0,2026-08-17T14:02:42+05:30
ATUL,6761.17,TOUCHED,-0.28,below,6742.5,6761.17,6793.33,6825.5,6761.17,0.947,88.8,0.015,0,2026-08-14,2026-08-17,False,False,5.0,2026-08-17T14:02:42+05:30
SHYAMMETL,990.8,TOUCHED,-0.39,inside,986.9,990.8,990.8,995.2,986.4,0.888,88.8,0.016,0,2026-08-14,2026-08-17,False,False,5.0,2026-08-17T14:02:42+05:30
BERGEPAINT,551.55,TOUCHED,-0.24,inside,550.2,551.55,551.55,554.15,548.95,0.943,89.0,0.013,0,2026-08-13,2026-08-17,False,False,5.0,2026-08-17T14:02:42+05:30
RADICO,4625.2,TOUCHED,0.53,inside,4649.8,4625.2,4625.2,4650.2,4600.2,1.081,89.0,0.021,0,2026-08-13,2026-08-17,False,False,5.0,2026-08-17T14:02:42+05:30
ABDL,607.5,TOUCHED,-0.43,inside,604.9,607.5,607.5,611.52,603.48,1.325,89.6,0.076,0,2026-08-14,2026-08-17,False,False,5.0,2026-08-17T14:02:42+05:30
HAVELLS,1292.93,TOUCHED,0.84,above,1303.8,1292.93,1287.87,1292.93,1282.8,0.787,89.6,0.019,0,2026-08-14,2026-08-17,False,False,5.0,2026-08-17T14:02:42+05:30
LTTS,3513.83,TOUCHED,0.24,inside,3522.1,3513.83,3513.83,3532.35,3495.32,1.054,89.9,0.042,0,2026-08-14,2026-08-17,False,False,5.0,2026-08-17T14:02:42+05:30
SUMICHEM,558.4,TOUCHED,0.23,inside,559.7,558.4,558.4,561.68,555.12,1.173,89.9,0.039,0,2026-08-14,2026-08-17,False,False,5.0,2026-08-17T14:02:42+05:30
LAURUSLABS,1806.07,TOUCHED,-0.36,inside,1799.6,1806.07,1806.07,1815.45,1796.68,1.039,90.4,0.017,0,2026-08-14,2026-08-17,False,False,5.0,2026-08-17T14:02:42+05:30
ZEEL,101.55,TOUCHED,5.04,above,106.67,101.55,100.83,101.55,100.1,1.441,90.4,0.045,0,2026-08-14,2026-08-17,False,False,5.0,2026-08-17T14:02:42+05:30
AARTIIND,528.27,TOUCHED,-0.15,inside,527.5,528.27,528.27,531.18,525.35,1.104,90.7,0.033,0,2026-08-14,2026-08-17,False,False,5.0,2026-08-17T14:02:42+05:30
AUROPHARMA,1630.05,TOUCHED,-0.27,below,1625.6,1630.05,1638.0,1645.95,1630.05,0.971,91.0,0.038,0,2026-08-14,2026-08-17,False,False,5.0,2026-08-17T14:02:42+05:30
ALKEM,5349.17,TOUCHED,1.67,above,5438.5,5349.17,5330.33,5349.17,5311.5,0.707,91.2,0.026,0,2026-08-14,2026-08-17,False,False,5.0,2026-08-17T14:02:42+05:30
RAMCOCEM,915.75,TOUCHED,0.14,inside,917.0,915.75,915.75,920.02,911.48,0.934,91.2,0.041,0,2026-08-14,2026-08-17,False,False,5.0,2026-08-17T14:02:42+05:30
ASHOKLEY,174.62,TOUCHED,1.15,above,176.64,174.62,173.63,174.62,172.63,1.146,91.8,0.027,0,2026-08-14,2026-08-17,False,False,5.0,2026-08-17T14:02:42+05:30
NBCC,90.08,TOUCHED,-0.09,inside,90.0,90.08,90.08,90.63,89.54,1.204,91.8,0.042,0,2026-08-14,2026-08-17,False,False,5.0,2026-08-17T14:02:42+05:30
RAINBOW,1454.95,TOUCHED,0.12,above,1456.7,1454.95,1448.1,1454.95,1441.25,0.946,92.3,0.034,0,2026-08-14,2026-08-17,False,False,5.0,2026-08-17T14:02:42+05:30
BHARTIHEXA,1611.87,TOUCHED,1.39,above,1634.2,1611.87,1602.63,1611.87,1593.4,1.152,92.9,0.038,0,2026-08-14,2026-08-17,False,False,5.0,2026-08-17T14:02:42+05:30
ASAHIINDIA,926.45,TOUCHED,0.32,inside,929.4,926.45,926.45,932.83,920.08,1.376,93.4,0.045,0,2026-08-14,2026-08-17,False,False,5.0,2026-08-17T14:02:42+05:30
CONCOR,529.78,TOUCHED,-1.49,below,521.9,529.78,532.57,535.35,529.78,1.045,93.7,0.034,0,2026-08-14,2026-08-17,False,False,5.0,2026-08-17T14:02:42+05:30
PFIZER,4899.87,TOUCHED,-0.54,below,4873.6,4899.87,4924.93,4950.0,4899.87,1.018,94.5,0.023,0,2026-08-14,2026-08-17,False,False,5.0,2026-08-17T14:02:42+05:30
BHARTIARTL,1976.63,TOUCHED,0.27,inside,1982.0,1976.63,1976.63,1984.37,1968.9,0.782,94.8,0.014,0,2026-08-14,2026-08-17,False,False,5.0,2026-08-17T14:02:42+05:30
OFSS,11746.67,TOUCHED,0.86,above,11848.0,11746.67,11665.33,11746.67,11584.0,1.394,95.6,0.029,0,2026-08-14,2026-08-17,False,False,5.0,2026-08-17T14:02:42+05:30
BIOCON,416.97,V+N,-0.71,below,414.0,416.97,416.98,416.99,416.97,0.004,1.6,0.031,1,2026-08-14,2026-08-17,True,True,5.0,2026-08-17T15:00:34+05:30
BALRAMCHIN,624.84,V+N,4.87,above,655.25,624.84,624.83,624.84,624.83,0.003,1.9,0.025,1,2026-08-14,2026-08-17,True,True,5.0,2026-08-17T15:00:34+05:30
SONATSOFTW,325.82,V+N,-1.7,below,320.3,325.82,325.85,325.87,325.82,0.015,3.8,0.026,1,2026-08-14,2026-08-17,True,True,5.0,2026-08-17T15:00:34+05:30
TCS,2361.23,V+N,-1.94,below,2315.4,2361.23,2361.47,2361.7,2361.23,0.02,3.8,0.029,1,2026-08-14,2026-08-17,True,True,5.0,2026-08-17T15:00:34+05:30
INDUSINDBK,1020.4,V+N,-0.47,below,1015.6,1020.4,1020.53,1020.67,1020.4,0.026,4.1,0.031,1,2026-08-14,2026-08-17,True,True,5.0,2026-08-17T15:00:34+05:30
3MINDIA,35610.0,V+W,-2.01,below,34895.0,35610.0,35880.0,36150.0,35610.0,1.505,98.1,0.025,1,2026-08-14,2026-08-17,True,False,5.0,2026-08-17T15:00:34+05:30
SAIL,168.06,V+W,2.41,above,172.11,168.06,166.61,168.06,165.17,1.739,98.6,0.026,1,2026-08-14,2026-08-17,True,False,5.0,2026-08-17T15:00:34+05:30
360ONE,1179.25,V,-0.86,below,1169.1,1179.25,1179.5,1179.75,1179.25,0.042,6.6,0.032,1,2026-08-14,2026-08-17,True,False,5.0,2026-08-17T15:00:34+05:30
DEEPAKNTR,1722.78,V,3.38,above,1781.0,1722.78,1722.37,1722.78,1721.95,0.048,6.8,0.03,1,2026-08-14,2026-08-17,True,False,5.0,2026-08-17T15:00:34+05:30
HINDALCO,1029.36,V,2.06,above,1050.6,1029.36,1029.22,1029.36,1029.08,0.028,8.2,0.011,1,2026-08-14,2026-08-17,True,False,5.0,2026-08-17T15:00:34+05:30
AMBUJACEM,417.64,V,-0.49,below,415.6,417.64,417.78,417.93,417.64,0.068,8.8,0.035,1,2026-08-14,2026-08-17,True,False,5.0,2026-08-17T15:00:34+05:30
INDIANB,894.05,V,-1.05,below,884.65,894.05,894.35,894.65,894.05,0.067,11.0,0.027,1,2026-08-14,2026-08-17,True,False,5.0,2026-08-17T15:00:34+05:30
ECLERX,1893.75,V,-3.3,below,1831.3,1893.75,1894.83,1895.92,1893.75,0.114,11.2,0.039,1,2026-08-14,2026-08-17,True,False,5.0,2026-08-17T15:00:34+05:30
HINDUNILVR,2077.55,V,-0.45,below,2068.2,2077.55,2078.1,2078.65,2077.55,0.053,11.8,0.015,1,2026-08-14,2026-08-17,True,False,5.0,2026-08-17T15:00:34+05:30
HEXT,570.17,V,-1.27,below,562.95,570.17,570.5,570.82,570.17,0.114,13.2,0.045,1,2026-08-14,2026-08-17,True,False,5.0,2026-08-17T15:00:34+05:30
IDBI,82.51,V,-0.51,below,82.09,82.51,82.56,82.62,82.51,0.137,14.8,0.042,1,2026-08-14,2026-08-17,True,False,5.0,2026-08-17T15:00:34+05:30
GODFRYPHLP,2150.88,V,-1.0,below,2129.4,2150.88,2152.77,2154.65,2150.88,0.175,17.3,0.041,1,2026-08-14,2026-08-17,True,False,5.0,2026-08-17T15:00:34+05:30
J&KBANK,155.61,V,-4.59,below,148.47,155.61,155.74,155.87,155.61,0.167,18.6,0.029,1,2026-08-14,2026-08-17,True,False,5.0,2026-08-17T15:00:34+05:30
AMBER,7215.5,V,0.82,above,7275.0,7215.5,7209.0,7215.5,7202.5,0.18,19.2,0.031,1,2026-08-14,2026-08-17,True,False,5.0,2026-08-17T15:00:34+05:30
IGL,151.81,V,-1.19,below,150.0,151.81,151.92,152.03,151.81,0.145,19.5,0.047,1,2026-08-14,2026-08-17,True,False,5.0,2026-08-17T15:00:34+05:30
CHOLAFIN,1896.05,V,-0.53,below,1886.0,1896.05,1897.7,1899.35,1896.05,0.174,20.8,0.041,1,2026-08-14,2026-08-17,True,False,5.0,2026-08-17T15:00:34+05:30
BELRISE,255.6,V,-7.33,below,236.86,255.6,255.84,256.08,255.6,0.192,20.9,0.034,1,2026-08-14,2026-08-17,True,False,5.0,2026-08-17T15:00:34+05:30
DMART,4062.82,V,-1.06,below,4019.8,4062.82,4065.63,4068.45,4062.82,0.139,21.4,0.028,1,2026-08-14,2026-08-17,True,False,5.0,2026-08-17T15:00:34+05:30
TATAELXSI,3775.33,V,-0.42,below,3759.6,3775.33,3777.97,3780.6,3775.33,0.139,21.6,0.034,1,2026-08-14,2026-08-17,True,False,5.0,2026-08-17T15:00:34+05:30
TEJASNET,539.14,V,-2.84,below,523.85,539.14,539.78,540.42,539.14,0.238,22.2,0.046,1,2026-08-14,2026-08-17,True,False,5.0,2026-08-17T15:00:34+05:30
SONACOMS,794.4,V,1.47,above,806.05,794.4,793.6,794.4,792.8,0.202,23.3,0.034,1,2026-08-14,2026-08-17,True,False,5.0,2026-08-17T15:00:34+05:30
TATAINVEST,667.9,V,-1.85,below,655.55,667.9,668.5,669.1,667.9,0.18,23.3,0.023,1,2026-08-14,2026-08-17,True,False,5.0,2026-08-17T15:00:34+05:30
HINDCOPPER,530.85,V,7.75,above,572.0,530.85,530.25,530.85,529.65,0.226,23.8,0.032,1,2026-08-14,2026-08-17,True,False,5.0,2026-08-17T15:00:34+05:30
TATACHEM,671.28,V,-1.25,below,662.9,671.28,671.9,672.52,671.28,0.186,24.1,0.02,1,2026-08-14,2026-08-17,True,False,5.0,2026-08-17T15:00:34+05:30
ACMESOLAR,374.59,V,-2.57,below,364.95,374.59,375.08,375.57,374.59,0.262,24.9,0.05,1,2026-08-14,2026-08-17,True,False,5.0,2026-08-17T15:00:34+05:30
GODIGIT,259.94,V,-1.65,below,255.65,259.94,260.23,260.53,259.94,0.224,28.2,0.028,1,2026-08-14,2026-08-17,True,False,5.0,2026-08-17T15:00:34+05:30
WIPRO,184.16,V,-1.2,below,181.95,184.16,184.31,184.47,184.16,0.17,29.9,0.013,1,2026-08-14,2026-08-17,True,False,5.0,2026-08-17T15:00:34+05:30
IRCON,124.99,V,-0.6,below,124.24,124.99,125.18,125.38,124.99,0.312,32.1,0.042,1,2026-08-14,2026-08-17,True,False,5.0,2026-08-17T15:00:34+05:30
GAIL,174.42,V,-0.89,below,172.87,174.42,174.58,174.74,174.42,0.181,32.6,0.015,1,2026-08-14,2026-08-17,True,False,5.0,2026-08-17T15:00:34+05:30
MANKIND,2428.55,V,-1.74,below,2386.3,2428.55,2431.9,2435.25,2428.55,0.276,34.8,0.039,1,2026-08-14,2026-08-17,True,False,5.0,2026-08-17T15:00:34+05:30
JWL,256.91,V,-1.91,below,252.0,256.91,257.32,257.73,256.91,0.317,35.1,0.042,1,2026-08-14,2026-08-17,True,False,5.0,2026-08-17T15:00:34+05:30
BSE,3454.17,V,-3.28,below,3340.9,3454.17,3461.33,3468.5,3454.17,0.414,35.6,0.022,1,2026-08-14,2026-08-17,True,False,5.0,2026-08-17T15:00:34+05:30
BANKBARODA,248.53,V,-0.29,below,247.8,248.53,248.84,249.14,248.53,0.248,35.9,0.012,1,2026-08-14,2026-08-17,True,False,5.0,2026-08-17T15:00:34+05:30
IDFCFIRSTB,85.8,V,-0.41,below,85.45,85.8,85.91,86.02,85.8,0.26,37.3,0.033,1,2026-08-14,2026-08-17,True,False,5.0,2026-08-17T15:00:34+05:30
NUVOCO,332.07,V,-0.35,below,330.9,332.07,332.6,333.12,332.07,0.316,38.1,0.042,1,2026-08-14,2026-08-17,True,False,5.0,2026-08-17T15:00:34+05:30
ESCORTS,3108.97,V,0.54,above,3125.7,3108.97,3104.23,3108.97,3099.5,0.305,38.9,0.041,1,2026-08-14,2026-08-17,True,False,5.0,2026-08-17T15:00:34+05:30
COCHINSHIP,1499.2,V,-3.06,below,1453.3,1499.2,1501.9,1504.6,1499.2,0.36,39.5,0.043,1,2026-08-14,2026-08-17,True,False,5.0,2026-08-17T15:00:34+05:30
RAILTEL,282.68,V,-1.16,below,279.4,282.68,283.22,283.75,282.68,0.377,40.0,0.046,1,2026-08-14,2026-08-17,True,False,5.0,2026-08-17T15:00:34+05:30
ACC,1322.77,V,-0.62,below,1314.6,1322.77,1324.13,1325.5,1322.77,0.206,41.4,0.035,1,2026-08-14,2026-08-17,True,False,5.0,2026-08-17T15:00:34+05:30
IRFC,87.71,V,-0.64,below,87.15,87.71,87.86,88.0,87.71,0.326,49.3,0.033,1,2026-08-14,2026-08-17,True,False,5.0,2026-08-17T15:00:34+05:30
FACT,809.49,V,-2.1,below,792.5,809.49,811.28,813.07,809.49,0.442,50.7,0.058,1,2026-08-14,2026-08-17,True,False,5.0,2026-08-17T15:00:34+05:30
LTM,4724.55,V,-0.48,below,4701.8,4724.55,4734.1,4743.65,4724.55,0.403,51.8,0.032,1,2026-08-14,2026-08-17,True,False,5.0,2026-08-17T15:00:34+05:30
NHPC,77.06,V,-0.8,below,76.44,77.06,77.22,77.38,77.06,0.41,56.7,0.035,1,2026-08-14,2026-08-17,True,False,5.0,2026-08-17T15:00:34+05:30
ABCAPITAL,402.2,V,-1.16,below,397.55,402.2,403.4,404.6,402.2,0.595,63.6,0.038,1,2026-08-14,2026-08-17,True,False,5.0,2026-08-17T15:00:34+05:30
ABFRL,56.15,V,-1.53,below,55.29,56.15,56.32,56.5,56.15,0.61,63.8,0.025,1,2026-08-14,2026-08-17,True,False,5.0,2026-08-17T15:00:34+05:30
BLUEDART,5152.33,V,-0.41,below,5131.0,5152.33,5163.67,5175.0,5152.33,0.439,65.2,0.017,1,2026-08-14,2026-08-17,True,False,5.0,2026-08-17T15:00:34+05:30
SBIN,1069.65,V,-0.6,below,1063.2,1069.65,1071.6,1073.55,1069.65,0.364,65.5,0.011,1,2026-08-14,2026-08-17,True,False,5.0,2026-08-17T15:00:34+05:30
SHREECEM,24846.67,V,-1.03,below,24590.0,24846.67,24898.33,24950.0,24846.67,0.415,67.1,0.013,1,2026-08-14,2026-08-17,True,False,5.0,2026-08-17T15:00:34+05:30
CPPLUS,3535.27,V,-5.44,below,3343.1,3535.27,3551.53,3567.8,3535.27,0.916,68.4,0.037,1,2026-08-14,2026-08-17,True,False,5.0,2026-08-17T15:00:34+05:30
AAVAS,1401.78,V,-0.9,below,1389.2,1401.78,1406.17,1410.55,1401.78,0.623,70.1,0.027,1,2026-08-14,2026-08-17,True,False,5.0,2026-08-17T15:00:34+05:30
ITI,277.66,V,-0.74,below,275.6,277.66,278.57,279.48,277.66,0.652,70.4,0.035,1,2026-08-14,2026-08-17,True,False,5.0,2026-08-17T15:00:34+05:30
SCHNEIDER,1375.78,V,-12.2,below,1208.0,1375.78,1382.37,1388.95,1375.78,0.952,70.7,0.027,1,2026-08-14,2026-08-17,True,False,5.0,2026-08-17T15:00:34+05:30
HAL,5015.13,V,0.99,above,5064.7,5015.13,5000.37,5015.13,4985.6,0.591,71.0,0.035,1,2026-08-14,2026-08-17,True,False,5.0,2026-08-17T15:00:34+05:30
AIAENG,4495.97,V,-2.44,below,4386.4,4495.97,4509.13,4522.3,4495.97,0.584,71.5,0.041,1,2026-08-14,2026-08-17,True,False,5.0,2026-08-17T15:00:34+05:30
BSOFT,313.27,V,-0.77,below,310.85,313.27,314.48,315.7,313.27,0.774,72.9,0.037,1,2026-08-14,2026-08-17,True,False,5.0,2026-08-17T15:00:34+05:30
NCC,141.13,V,-1.41,below,139.14,141.13,141.61,142.09,141.13,0.678,74.5,0.027,1,2026-08-14,2026-08-17,True,False,5.0,2026-08-17T15:00:34+05:30
DELHIVERY,461.35,V,-1.19,below,455.85,461.35,463.0,464.65,461.35,0.713,76.7,0.019,1,2026-08-14,2026-08-17,True,False,5.0,2026-08-17T15:00:34+05:30
THERMAX,4029.22,V,2.9,above,4145.9,4029.22,4013.53,4029.22,3997.85,0.782,77.0,0.022,1,2026-08-14,2026-08-17,True,False,5.0,2026-08-17T15:00:34+05:30
SUPREMEIND,3544.52,V,1.65,above,3603.1,3544.52,3530.13,3544.52,3515.75,0.815,80.0,0.043,1,2026-08-14,2026-08-17,True,False,5.0,2026-08-17T15:00:34+05:30
NSLNISP,44.7,V,-6.8,below,41.66,44.7,44.9,45.09,44.7,0.884,81.1,0.033,1,2026-08-14,2026-08-17,True,False,5.0,2026-08-17T15:00:34+05:30
SIEMENS,3956.0,V,-0.28,below,3945.0,3956.0,3972.0,3988.0,3956.0,0.806,81.4,0.02,1,2026-08-14,2026-08-17,True,False,5.0,2026-08-17T15:00:34+05:30
ASTRAL,1562.4,V,-1.59,below,1537.5,1562.4,1568.5,1574.6,1562.4,0.778,81.6,0.032,1,2026-08-14,2026-08-17,True,False,5.0,2026-08-17T15:00:34+05:30
CIPLA,1453.92,V,-1.57,below,1431.1,1453.92,1457.83,1461.75,1453.92,0.537,85.5,0.023,1,2026-08-14,2026-08-17,True,False,5.0,2026-08-17T15:00:34+05:30
CEMPRO,1289.53,V,2.54,above,1322.3,1289.53,1280.27,1289.53,1271.0,1.448,87.7,0.053,1,2026-08-14,2026-08-17,True,False,5.0,2026-08-17T15:00:34+05:30
RHIM,382.0,V,-2.32,below,373.15,382.0,384.15,386.3,382.0,1.119,88.5,0.029,1,2026-08-14,2026-08-17,True,False,5.0,2026-08-17T15:00:34+05:30
ABBOTINDIA,27173.33,V,-1.28,below,26825.0,27173.33,27286.67,27400.0,27173.33,0.831,89.9,0.036,1,2026-08-14,2026-08-17,True,False,5.0,2026-08-17T15:00:34+05:30
EMCURE,1944.37,V,-3.14,below,1883.3,1944.37,1956.43,1968.5,1944.37,1.234,90.4,0.029,1,2026-08-14,2026-08-17,True,False,5.0,2026-08-17T15:00:34+05:30
IPCALAB,1762.5,V,6.61,above,1879.0,1762.5,1753.07,1762.5,1743.63,1.076,90.7,0.032,1,2026-08-14,2026-08-17,True,False,5.0,2026-08-17T15:00:34+05:30
JIOFIN,250.14,V,-0.22,below,249.6,250.14,251.23,252.33,250.14,0.869,90.7,0.022,1,2026-08-14,2026-08-17,True,False,5.0,2026-08-17T15:00:34+05:30
NATCOPHARM,910.63,V,-2.64,below,886.55,910.63,918.12,925.6,910.63,1.63,96.7,0.019,1,2026-08-14,2026-08-17,True,False,5.0,2026-08-17T15:00:34+05:30
IEX,124.75,NARROW,0.28,above,125.1,124.75,124.75,124.75,124.75,0.0,0.0,0.028,0,2026-08-14,2026-08-17,False,True,5.0,2026-08-17T15:00:34+05:30
WAAREEENER,2682.0,NARROW,0.82,above,2703.9,2682.0,2682.0,2682.0,2682.0,0.0,0.0,0.043,0,2026-08-14,2026-08-17,False,True,5.0,2026-08-17T15:00:34+05:30
PHOENIXLTD,1890.05,NARROW,2.66,above,1940.3,1890.05,1890.03,1890.05,1890.02,0.002,0.8,0.047,0,2026-08-14,2026-08-17,False,True,5.0,2026-08-17T15:00:34+05:30
GALLANTT,582.04,NARROW,0.11,above,582.7,582.04,582.03,582.04,582.02,0.003,1.1,0.069,0,2026-08-14,2026-08-17,False,True,5.0,2026-08-17T15:00:34+05:30
LICHSGFIN,500.02,NARROW,-0.2,below,499.0,500.02,500.03,500.05,500.02,0.007,1.9,0.021,0,2026-08-14,2026-08-17,False,True,5.0,2026-08-17T15:00:34+05:30
CEATLTD,3689.02,NARROW,-1.93,below,3617.8,3689.02,3689.23,3689.45,3689.02,0.012,3.0,0.033,0,2026-08-14,2026-08-17,False,True,5.0,2026-08-17T15:00:34+05:30
CENTRALBK,31.39,NARROW,-0.61,below,31.2,31.39,31.39,31.4,31.39,0.021,3.0,0.041,0,2026-08-14,2026-08-17,False,True,5.0,2026-08-17T15:00:34+05:30
BAJAJHFL,84.31,NARROW,-0.38,below,83.99,84.31,84.32,84.32,84.31,0.016,3.3,0.024,0,2026-08-14,2026-08-17,False,True,5.0,2026-08-17T15:00:34+05:30
BANKINDIA,144.06,NARROW,-0.54,below,143.27,144.06,144.07,144.09,144.06,0.021,3.3,0.031,0,2026-08-14,2026-08-17,False,True,5.0,2026-08-17T15:00:34+05:30
IFCI,76.97,NARROW,2.64,above,79.0,76.97,76.96,76.97,76.95,0.026,3.3,0.1,0,2026-08-14,2026-08-17,False,True,5.0,2026-08-17T15:00:34+05:30
MAZDOCK,2578.85,NARROW,-0.62,below,2562.8,2578.85,2579.23,2579.62,2578.85,0.03,3.3,0.043,0,2026-08-14,2026-08-17,False,True,5.0,2026-08-17T15:00:34+05:30
JSL,737.73,NARROW,1.17,above,746.4,737.73,737.62,737.73,737.5,0.032,3.6,0.041,0,2026-08-14,2026-08-17,False,True,5.0,2026-08-17T15:00:34+05:30
TECHM,1632.93,NARROW,-1.66,below,1605.8,1632.93,1633.07,1633.2,1632.93,0.016,3.6,0.034,0,2026-08-14,2026-08-17,False,True,5.0,2026-08-17T15:00:34+05:30
SIGNATURE,809.35,NARROW,-0.25,below,807.3,809.35,809.45,809.55,809.35,0.025,3.8,0.028,0,2026-08-14,2026-08-17,False,True,5.0,2026-08-17T15:00:34+05:30
WOCKPHARMA,1933.03,NARROW,-1.61,below,1901.9,1933.03,1933.37,1933.7,1933.03,0.034,3.8,0.059,0,2026-08-14,2026-08-17,False,True,5.0,2026-08-17T15:00:34+05:30
JKTYRE,383.95,NARROW,-0.38,below,382.5,383.95,384.0,384.05,383.95,0.026,4.1,0.045,0,2026-08-14,2026-08-17,False,True,5.0,2026-08-17T15:00:34+05:30
UPL,563.12,NARROW,0.77,above,567.45,563.12,563.08,563.12,563.04,0.015,4.1,0.018,0,2026-08-14,2026-08-17,False,True,5.0,2026-08-17T15:00:34+05:30
AEGISLOG,1266.0,NARROW,1.56,above,1285.8,1266.0,1265.8,1266.0,1265.6,0.032,4.7,0.033,0,2026-08-14,2026-08-17,False,True,5.0,2026-08-17T15:00:34+05:30
DLF,664.91,NARROW,1.2,above,672.9,664.91,664.82,664.91,664.72,0.028,4.9,0.029,0,2026-08-14,2026-08-17,False,True,5.0,2026-08-17T15:00:34+05:30
RVNL,227.31,NARROW,0.37,above,228.15,227.31,227.27,227.31,227.24,0.034,4.9,0.034,0,2026-08-14,2026-08-17,False,True,5.0,2026-08-17T15:00:34+05:30
ZYDUSLIFE,1141.55,WIDE,-0.53,below,1135.5,1141.55,1147.9,1154.25,1141.55,1.106,97.0,0.024,0,2026-08-14,2026-08-17,False,False,5.0,2026-08-17T15:00:34+05:30
FIRSTCRY,208.6,WIDE,-0.33,below,207.91,208.6,211.11,213.62,208.6,2.379,97.3,0.066,0,2026-08-14,2026-08-17,False,False,5.0,2026-08-17T15:00:34+05:30
PAGEIND,37455.0,WIDE,0.07,above,37480.0,37455.0,37220.0,37455.0,36985.0,1.263,97.8,0.027,0,2026-08-14,2026-08-17,False,False,5.0,2026-08-17T15:00:34+05:30
SAMMAANCAP,154.08,WIDE,-0.57,below,153.2,154.08,155.76,157.45,154.08,2.166,98.1,0.041,0,2026-08-14,2026-08-17,False,False,5.0,2026-08-17T15:00:34+05:30
WELSPUNLIV,168.3,WIDE,-0.3,inside,167.8,168.3,168.3,170.42,166.18,2.519,98.6,0.042,0,2026-08-14,2026-08-17,False,False,5.0,2026-08-17T15:00:34+05:30
APOLLOHOSP,8865.92,WIDE,0.15,above,8879.0,8865.92,8811.33,8865.92,8756.75,1.239,99.2,0.017,0,2026-08-14,2026-08-17,False,False,5.0,2026-08-17T15:00:34+05:30
LGEINDIA,1692.27,WIDE,-1.02,inside,1675.0,1692.27,1692.27,1710.98,1673.55,2.212,99.5,0.01,0,2026-08-14,2026-08-17,False,False,5.0,2026-08-17T15:00:34+05:30
MINDACORP,727.65,WIDE,-0.25,below,725.85,727.65,735.25,742.85,727.65,2.067,99.5,0.038,0,2026-08-14,2026-08-17,False,False,5.0,2026-08-17T15:00:34+05:30
COLPAL,1980.25,TOUCHED,-0.5,below,1970.3,1980.25,1980.5,1980.75,1980.25,0.025,5.2,0.024,0,2026-08-14,2026-08-17,False,False,5.0,2026-08-17T15:00:34+05:30
NAM-INDIA,1168.5,TOUCHED,2.77,above,1200.9,1168.5,1168.3,1168.5,1168.1,0.034,5.5,0.032,0,2026-08-14,2026-08-17,False,False,5.0,2026-08-17T15:00:34+05:30
RELIANCE,1309.83,TOUCHED,0.57,above,1317.3,1309.83,1309.67,1309.83,1309.5,0.025,5.5,0.024,0,2026-08-14,2026-08-17,False,False,5.0,2026-08-17T15:00:34+05:30
UCOBANK,26.01,TOUCHED,0.44,above,26.12,26.01,26.0,26.01,26.0,0.013,5.5,0.013,0,2026-08-14,2026-08-17,False,False,5.0,2026-08-17T15:00:34+05:30
SBFC,93.99,TOUCHED,-0.12,below,93.88,93.99,94.01,94.03,93.99,0.043,6.0,0.032,0,2026-08-14,2026-08-17,False,False,5.0,2026-08-17T15:00:34+05:30
CHAMBLFERT,442.83,TOUCHED,-0.94,below,438.65,442.83,442.95,443.07,442.83,0.056,6.3,0.035,0,2026-08-14,2026-08-17,False,False,5.0,2026-08-17T15:00:34+05:30
NIACL,179.05,TOUCHED,2.87,above,184.19,179.05,179.01,179.05,178.98,0.039,6.3,0.032,0,2026-08-14,2026-08-17,False,False,5.0,2026-08-17T15:00:34+05:30
PARADEEP,147.74,TOUCHED,-1.21,below,145.95,147.74,147.77,147.81,147.74,0.052,6.3,0.036,0,2026-08-14,2026-08-17,False,False,5.0,2026-08-17T15:00:34+05:30
APOLLOTYRE,443.77,TOUCHED,-1.48,below,437.2,443.77,443.88,443.99,443.77,0.049,6.6,0.038,0,2026-08-14,2026-08-17,False,False,5.0,2026-08-17T15:00:34+05:30
WELCORP,1874.53,TOUCHED,-0.01,inside,1874.4,1874.53,1874.53,1875.15,1873.92,0.066,6.6,0.051,0,2026-08-14,2026-08-17,False,False,5.0,2026-08-17T15:00:34+05:30
EIHOTEL,300.17,TOUCHED,-1.26,below,296.4,300.17,300.23,300.29,300.17,0.039,6.8,0.03,0,2026-08-14,2026-08-17,False,False,5.0,2026-08-17T15:00:34+05:30
SWANCORP,304.85,TOUCHED,0.36,above,305.95,304.85,304.77,304.85,304.68,0.055,6.8,0.034,0,2026-08-14,2026-08-17,False,False,5.0,2026-08-17T15:00:34+05:30
HCLTECH,1360.23,TOUCHED,-2.2,below,1330.3,1360.23,1360.47,1360.7,1360.23,0.034,7.1,0.024,0,2026-08-14,2026-08-17,False,False,5.0,2026-08-17T15:00:34+05:30
NEULANDLAB,23340.0,TOUCHED,1.24,above,23629.0,23340.0,23333.33,23340.0,23326.67,0.057,7.1,0.03,0,2026-08-14,2026-08-17,False,False,5.0,2026-08-17T15:00:34+05:30
SJVN,67.22,TOUCHED,-0.63,below,66.8,67.22,67.24,67.25,67.22,0.04,7.1,0.027,0,2026-08-14,2026-08-17,False,False,5.0,2026-08-17T15:00:34+05:30
ACE,1085.23,TOUCHED,2.05,above,1107.5,1085.23,1084.87,1085.23,1084.5,0.068,7.4,0.049,0,2026-08-14,2026-08-17,False,False,5.0,2026-08-17T15:00:34+05:30
RBLBANK,385.09,TOUCHED,-0.41,below,383.5,385.09,385.18,385.27,385.09,0.048,7.4,0.032,0,2026-08-14,2026-08-17,False,False,5.0,2026-08-17T15:00:34+05:30
HOMEFIRST,1176.12,TOUCHED,0.34,above,1180.1,1176.12,1175.73,1176.12,1175.35,0.065,7.7,0.044,0,2026-08-14,2026-08-17,False,False,5.0,2026-08-17T15:00:34+05:30
STARHEALTH,584.62,TOUCHED,-0.06,below,584.3,584.62,584.8,584.98,584.62,0.06,7.9,0.026,0,2026-08-14,2026-08-17,False,False,5.0,2026-08-17T15:00:34+05:30
GRANULES,859.3,TOUCHED,0.26,above,861.55,859.3,859.0,859.3,858.7,0.07,8.5,0.037,0,2026-08-14,2026-08-17,False,False,5.0,2026-08-17T15:00:34+05:30
TARIL,298.21,TOUCHED,-0.54,below,296.6,298.21,298.37,298.52,298.21,0.106,9.0,0.054,0,2026-08-14,2026-08-17,False,False,5.0,2026-08-17T15:00:34+05:30
ABREL,1404.0,TOUCHED,-0.02,inside,1403.7,1404.0,1404.0,1404.55,1403.45,0.078,9.3,0.025,0,2026-08-14,2026-08-17,False,False,5.0,2026-08-17T15:00:34+05:30
BAJAJHLDNG,11464.0,TOUCHED,-0.65,below,11389.0,11464.0,11467.67,11471.33,11464.0,0.064,9.3,0.025,0,2026-08-14,2026-08-17,False,False,5.0,2026-08-17T15:00:34+05:30
TIINDIA,2736.5,TOUCHED,0.34,above,2745.7,2736.5,2735.5,2736.5,2734.5,0.073,9.3,0.038,0,2026-08-14,2026-08-17,False,False,5.0,2026-08-17T15:00:34+05:30
GROWW,196.43,TOUCHED,1.16,above,198.71,196.43,196.34,196.43,196.25,0.087,9.4,0.03,0,2026-08-14,2026-08-17,False,False,5.0,2026-08-17T15:00:34+05:30
IOB,33.62,TOUCHED,0.18,above,33.68,33.62,33.61,33.62,33.6,0.06,9.6,0.034,0,2026-08-14,2026-08-17,False,False,5.0,2026-08-17T15:00:34+05:30
LINDEINDIA,6694.0,TOUCHED,0.69,above,6740.5,6694.0,6692.0,6694.0,6690.0,0.06,9.9,0.025,0,2026-08-14,2026-08-17,False,False,5.0,2026-08-17T15:00:34+05:30
CREDITACC,1550.25,TOUCHED,-0.73,below,1539.0,1550.25,1551.1,1551.95,1550.25,0.11,10.4,0.035,0,2026-08-14,2026-08-17,False,False,5.0,2026-08-17T15:00:34+05:30
DRREDDY,1199.15,TOUCHED,-1.0,below,1187.1,1199.15,1199.43,1199.72,1199.15,0.047,10.4,0.015,0,2026-08-14,2026-08-17,False,False,5.0,2026-08-17T15:00:34+05:30
UNOMINDA,1239.5,TOUCHED,1.71,above,1260.7,1239.5,1239.0,1239.5,1238.5,0.081,10.4,0.05,0,2026-08-14,2026-08-17,False,False,5.0,2026-08-17T15:00:34+05:30
ZENTEC,1856.52,TOUCHED,0.3,above,1862.1,1856.52,1855.83,1856.52,1855.15,0.074,10.4,0.016,0,2026-08-14,2026-08-17,False,False,5.0,2026-08-17T15:00:34+05:30
TBOTEK,1632.67,TOUCHED,3.46,above,1689.2,1632.67,1632.03,1632.67,1631.4,0.078,10.7,0.033,0,2026-08-14,2026-08-17,False,False,5.0,2026-08-17T15:00:34+05:30
NYKAA,330.72,TOUCHED,-0.61,below,328.7,330.72,330.82,330.91,330.72,0.055,11.0,0.027,0,2026-08-14,2026-08-17,False,False,5.0,2026-08-17T15:00:34+05:30
POLICYBZR,1741.78,TOUCHED,-0.17,below,1738.9,1741.78,1742.57,1743.35,1741.78,0.09,11.0,0.038,0,2026-08-14,2026-08-17,False,False,5.0,2026-08-17T15:00:34+05:30
POWERINDIA,35718.33,TOUCHED,-0.19,below,35650.0,35718.33,35736.67,35755.0,35718.33,0.103,11.0,0.055,0,2026-08-14,2026-08-17,False,False,5.0,2026-08-17T15:00:34+05:30
HDFCBANK,726.85,TOUCHED,0.25,above,728.65,726.85,726.7,726.85,726.55,0.041,11.2,0.019,0,2026-08-14,2026-08-17,False,False,5.0,2026-08-17T15:00:34+05:30
INDUSTOWER,384.0,TOUCHED,-0.76,below,381.1,384.0,384.12,384.23,384.0,0.061,11.2,0.022,0,2026-08-14,2026-08-17,False,False,5.0,2026-08-17T15:00:34+05:30
INDHOTEL,719.79,TOUCHED,0.2,above,721.2,719.79,719.58,719.79,719.38,0.058,11.5,0.019,0,2026-08-14,2026-08-17,False,False,5.0,2026-08-17T15:00:34+05:30
INTELLECT,699.4,TOUCHED,-0.76,below,694.05,699.4,699.8,700.2,699.4,0.114,11.5,0.042,0,2026-08-14,2026-08-17,False,False,5.0,2026-08-17T15:00:34+05:30
DIXON,14112.67,TOUCHED,0.05,inside,14120.0,14112.67,14112.67,14121.33,14104.0,0.123,12.1,0.056,0,2026-08-14,2026-08-17,False,False,5.0,2026-08-17T15:00:34+05:30
VOLTAS,1318.75,TOUCHED,-4.0,below,1266.0,1318.75,1319.33,1319.92,1318.75,0.088,12.1,0.038,0,2026-08-14,2026-08-17,False,False,5.0,2026-08-17T15:00:34+05:30
JSWSTEEL,1269.5,TOUCHED,1.17,above,1284.4,1269.5,1269.0,1269.5,1268.5,0.079,12.6,0.024,0,2026-08-14,2026-08-17,False,False,5.0,2026-08-17T15:00:34+05:30
PNB,118.05,TOUCHED,-0.08,below,117.95,118.05,118.1,118.15,118.05,0.085,12.6,0.035,0,2026-08-14,2026-08-17,False,False,5.0,2026-08-17T15:00:34+05:30
ONESOURCE,1558.13,TOUCHED,0.12,above,1560.0,1558.13,1557.07,1558.13,1556.0,0.137,12.9,0.052,0,2026-08-14,2026-08-17,False,False,5.0,2026-08-17T15:00:34+05:30
TIMKEN,3278.83,TOUCHED,0.03,inside,3279.9,3278.83,3278.83,3280.35,3277.32,0.093,12.9,0.05,0,2026-08-14,2026-08-17,False,False,5.0,2026-08-17T15:00:34+05:30
LT,4055.6,TOUCHED,0.32,above,4068.5,4055.6,4054.2,4055.6,4052.8,0.069,13.2,0.024,0,2026-08-14,2026-08-17,False,False,5.0,2026-08-17T15:00:34+05:30
HINDPETRO,372.98,TOUCHED,-0.49,below,371.15,372.98,373.15,373.33,372.98,0.094,13.4,0.034,0,2026-08-14,2026-08-17,False,False,5.0,2026-08-17T15:00:34+05:30
JSWINFRA,338.7,TOUCHED,-1.33,below,334.2,338.7,338.85,339.0,338.7,0.089,13.4,0.029,0,2026-08-14,2026-08-17,False,False,5.0,2026-08-17T15:00:34+05:30
KAJARIACER,1254.02,TOUCHED,-0.22,below,1251.3,1254.02,1254.63,1255.25,1254.02,0.098,13.4,0.028,0,2026-08-14,2026-08-17,False,False,5.0,2026-08-17T15:00:34+05:30
MMTC,64.4,TOUCHED,-0.93,below,63.8,64.4,64.45,64.49,64.4,0.15,14.0,0.053,0,2026-08-14,2026-08-17,False,False,5.0,2026-08-17T15:00:34+05:30
OBEROIRLTY,1849.05,TOUCHED,4.4,above,1930.5,1849.05,1848.03,1849.05,1847.02,0.11,14.0,0.044,0,2026-08-14,2026-08-17,False,False,5.0,2026-08-17T15:00:34+05:30
TATACAP,363.77,TOUCHED,-0.91,below,360.45,363.77,363.92,364.06,363.77,0.078,14.2,0.016,0,2026-08-14,2026-08-17,False,False,5.0,2026-08-17T15:00:34+05:30
HDFCAMC,2488.7,TOUCHED,1.86,above,2535.0,2488.7,2487.47,2488.7,2486.23,0.099,14.5,0.024,0,2026-08-14,2026-08-17,False,False,5.0,2026-08-17T15:00:34+05:30
TTML,38.61,TOUCHED,-1.15,below,38.17,38.61,38.64,38.66,38.61,0.121,14.5,0.046,0,2026-08-14,2026-08-17,False,False,5.0,2026-08-17T15:00:34+05:30
BEL,410.66,TOUCHED,0.42,above,412.4,410.66,410.52,410.66,410.38,0.069,14.8,0.025,0,2026-08-14,2026-08-17,False,False,5.0,2026-08-17T15:00:34+05:30
GABRIEL,1455.6,TOUCHED,-1.13,below,1439.2,1455.6,1456.73,1457.87,1455.6,0.156,14.8,0.033,0,2026-08-14,2026-08-17,False,False,5.0,2026-08-17T15:00:34+05:30
TRENT,2979.6,TOUCHED,-0.72,below,2958.2,2979.6,2981.2,2982.8,2979.6,0.107,14.8,0.046,0,2026-08-14,2026-08-17,False,False,5.0,2026-08-17T15:00:34+05:30
JSWCEMENT,129.78,TOUCHED,-1.7,below,127.57,129.78,129.86,129.94,129.78,0.123,14.9,0.036,0,2026-08-14,2026-08-17,False,False,5.0,2026-08-17T15:00:34+05:30
SRF,2604.72,TOUCHED,0.89,above,2627.9,2604.72,2603.43,2604.72,2602.15,0.099,15.1,0.028,0,2026-08-14,2026-08-17,False,False,5.0,2026-08-17T15:00:34+05:30
MOTHERSON,168.1,TOUCHED,-0.02,inside,168.06,168.1,168.1,168.2,168.0,0.121,15.3,0.035,0,2026-08-14,2026-08-17,False,False,5.0,2026-08-17T15:00:34+05:30
NMDC,84.35,TOUCHED,0.65,above,84.9,84.35,84.3,84.35,84.24,0.123,15.6,0.028,0,2026-08-14,2026-08-17,False,False,5.0,2026-08-17T15:00:34+05:30
COROMANDEL,2093.72,TOUCHED,0.27,above,2099.3,2093.72,2092.13,2093.72,2090.55,0.151,16.2,0.04,0,2026-08-14,2026-08-17,False,False,5.0,2026-08-17T15:00:34+05:30
MARUTI,13839.83,TOUCHED,-0.01,below,13838.0,13839.83,13845.67,13851.5,13839.83,0.084,16.2,0.017,0,2026-08-14,2026-08-17,False,False,5.0,2026-08-17T15:00:34+05:30
TRAVELFOOD,1362.5,TOUCHED,-0.88,below,1350.5,1362.5,1363.3,1364.1,1362.5,0.117,16.9,0.032,0,2026-08-14,2026-08-17,False,False,5.0,2026-08-17T15:00:34+05:30
LODHA,1242.87,TOUCHED,0.61,above,1250.5,1242.87,1241.83,1242.87,1240.8,0.166,17.3,0.031,0,2026-08-14,2026-08-17,False,False,5.0,2026-08-17T15:00:34+05:30
BANDHANBNK,173.17,TOUCHED,-0.12,below,172.96,173.17,173.28,173.4,173.17,0.135,17.5,0.026,0,2026-08-14,2026-08-17,False,False,5.0,2026-08-17T15:00:34+05:30
TENNIND,537.78,TOUCHED,1.6,above,546.4,537.78,537.3,537.78,536.83,0.177,17.8,0.018,0,2026-08-14,2026-08-17,False,False,5.0,2026-08-17T15:00:34+05:30
LEMONTREE,109.06,TOUCHED,0.02,inside,109.09,109.06,109.06,109.13,108.99,0.131,18.4,0.027,0,2026-08-14,2026-08-17,False,False,5.0,2026-08-17T15:00:34+05:30
PIRAMALFIN,2063.0,TOUCHED,0.15,above,2066.0,2063.0,2061.23,2063.0,2059.47,0.171,18.7,0.051,0,2026-08-14,2026-08-17,False,False,5.0,2026-08-17T15:00:34+05:30
NH,1829.15,TOUCHED,-0.21,below,1825.4,1829.15,1830.3,1831.45,1829.15,0.126,18.9,0.036,0,2026-08-14,2026-08-17,False,False,5.0,2026-08-17T15:00:34+05:30
SUZLON,47.22,TOUCHED,3.13,above,48.7,47.22,47.18,47.22,47.14,0.17,18.9,0.033,0,2026-08-14,2026-08-17,False,False,5.0,2026-08-17T15:00:34+05:30
MANAPPURAM,347.76,TOUCHED,0.26,above,348.65,347.76,347.52,347.76,347.28,0.139,19.2,0.027,0,2026-08-14,2026-08-17,False,False,5.0,2026-08-17T15:00:34+05:30
UTIAMC,908.69,TOUCHED,-0.31,below,905.9,908.69,909.33,909.98,908.69,0.141,19.7,0.043,0,2026-08-14,2026-08-17,False,False,5.0,2026-08-17T15:00:34+05:30
UNIONBANK,187.86,TOUCHED,0.34,above,188.5,187.86,187.7,187.86,187.54,0.172,20.0,0.048,0,2026-08-14,2026-08-17,False,False,5.0,2026-08-17T15:00:34+05:30
GRASIM,3246.77,TOUCHED,0.28,above,3255.9,3246.77,3244.83,3246.77,3242.9,0.119,20.3,0.017,0,2026-08-14,2026-08-17,False,False,5.0,2026-08-17T15:00:34+05:30
JUBLINGREA,734.73,TOUCHED,-0.17,below,733.5,734.73,735.47,736.21,734.73,0.202,20.3,0.034,0,2026-08-14,2026-08-17,False,False,5.0,2026-08-17T15:00:34+05:30
MEESHO,191.72,TOUCHED,1.1,above,193.83,191.72,191.53,191.72,191.35,0.195,20.6,0.027,0,2026-08-14,2026-08-17,False,False,5.0,2026-08-17T15:00:34+05:30
CANFINHOME,819.12,TOUCHED,-0.68,below,813.55,819.12,819.68,820.24,819.12,0.136,21.1,0.021,0,2026-08-14,2026-08-17,False,False,5.0,2026-08-17T15:00:34+05:30
EMAMILTD,404.27,TOUCHED,0.18,above,405.0,404.27,403.95,404.27,403.62,0.161,21.1,0.022,0,2026-08-14,2026-08-17,False,False,5.0,2026-08-17T15:00:34+05:30
MAPMYINDIA,991.23,TOUCHED,0.03,inside,991.5,991.23,991.23,992.0,990.47,0.155,21.1,0.031,0,2026-08-14,2026-08-17,False,False,5.0,2026-08-17T15:00:34+05:30
CHOLAHLDNG,1598.65,TOUCHED,-1.73,below,1571.0,1598.65,1600.1,1601.55,1598.65,0.181,21.4,0.026,0,2026-08-14,2026-08-17,False,False,5.0,2026-08-17T15:00:34+05:30
SAILIFE,1451.38,TOUCHED,-2.6,below,1413.7,1451.38,1452.87,1454.35,1451.38,0.204,21.6,0.04,0,2026-08-14,2026-08-17,False,False,5.0,2026-08-17T15:00:34+05:30
AWL,191.99,TOUCHED,0.74,above,193.41,191.99,191.82,191.99,191.65,0.177,21.9,0.044,0,2026-08-14,2026-08-17,False,False,5.0,2026-08-17T15:00:34+05:30
GODREJCP,934.97,TOUCHED,-0.2,below,933.1,934.97,935.63,936.3,934.97,0.143,21.9,0.023,0,2026-08-14,2026-08-17,False,False,5.0,2026-08-17T15:00:34+05:30
PWL,117.61,TOUCHED,1.95,above,119.9,117.61,117.45,117.61,117.28,0.278,22.0,0.073,0,2026-08-14,2026-08-17,False,False,5.0,2026-08-17T15:00:34+05:30
BLUESTARCO,1510.87,TOUCHED,-0.06,inside,1510.0,1510.87,1510.87,1512.3,1509.43,0.19,22.2,0.042,0,2026-08-14,2026-08-17,False,False,5.0,2026-08-17T15:00:34+05:30
NAVA,573.25,TOUCHED,-2.32,below,559.95,573.25,573.85,574.45,573.25,0.209,22.2,0.038,0,2026-08-14,2026-08-17,False,False,5.0,2026-08-17T15:00:34+05:30
SAGILITY,42.38,TOUCHED,0.01,inside,42.38,42.38,42.38,42.42,42.33,0.228,22.5,0.047,0,2026-08-14,2026-08-17,False,False,5.0,2026-08-17T15:00:34+05:30
TRITURBINE,591.88,TOUCHED,0.29,above,593.6,591.88,591.37,591.88,590.85,0.175,22.5,0.021,0,2026-08-14,2026-08-17,False,False,5.0,2026-08-17T15:00:34+05:30
EMMVEE,320.5,TOUCHED,0.16,inside,321.0,320.5,320.5,321.0,320.0,0.312,23.0,0.042,0,2026-08-14,2026-08-17,False,False,5.0,2026-08-17T15:00:34+05:30
NLCINDIA,275.09,TOUCHED,0.24,above,275.75,275.09,274.78,275.09,274.47,0.224,23.0,0.049,0,2026-08-14,2026-08-17,False,False,5.0,2026-08-17T15:00:34+05:30
SAPPHIRE,235.54,TOUCHED,0.15,above,235.9,235.54,235.26,235.54,234.99,0.231,23.3,0.05,0,2026-08-14,2026-08-17,False,False,5.0,2026-08-17T15:00:34+05:30
CDSL,1348.3,TOUCHED,0.05,above,1349.0,1348.3,1347.0,1348.3,1345.7,0.193,23.6,0.036,0,2026-08-14,2026-08-17,False,False,5.0,2026-08-17T15:00:34+05:30
PVRINOX,1177.45,TOUCHED,1.67,above,1197.1,1177.45,1176.3,1177.45,1175.15,0.196,23.6,0.029,0,2026-08-14,2026-08-17,False,False,5.0,2026-08-17T15:00:34+05:30
NTPC,340.19,TOUCHED,-1.06,below,336.6,340.19,340.38,340.57,340.19,0.113,23.8,0.015,0,2026-08-14,2026-08-17,False,False,5.0,2026-08-17T15:00:34+05:30
GLENMARK,2322.4,TOUCHED,-0.06,inside,2321.0,2322.4,2322.4,2324.4,2320.4,0.172,24.1,0.035,0,2026-08-14,2026-08-17,False,False,5.0,2026-08-17T15:00:34+05:30
ZYDUSWELL,509.7,TOUCHED,0.14,above,510.4,509.7,509.1,509.7,508.5,0.236,24.1,0.034,0,2026-08-14,2026-08-17,False,False,5.0,2026-08-17T15:00:34+05:30
PIDILITIND,1693.98,TOUCHED,-1.45,below,1669.4,1693.98,1694.97,1695.95,1693.98,0.116,24.4,0.026,0,2026-08-14,2026-08-17,False,False,5.0,2026-08-17T15:00:34+05:30
IGIL,347.15,TOUCHED,2.05,above,354.25,347.15,346.73,347.15,346.32,0.24,24.7,0.029,0,2026-08-14,2026-08-17,False,False,5.0,2026-08-17T15:00:34+05:30
RKFORGE,735.07,TOUCHED,2.31,above,752.05,735.07,734.25,735.07,733.42,0.225,24.9,0.048,0,2026-08-14,2026-08-17,False,False,5.0,2026-08-17T15:00:34+05:30
BHARATFORG,2071.65,TOUCHED,0.88,above,2089.8,2071.65,2069.43,2071.65,2067.22,0.214,25.2,0.031,0,2026-08-14,2026-08-17,False,False,5.0,2026-08-17T15:00:34+05:30
HEG,699.17,TOUCHED,0.04,inside,699.45,699.17,699.17,700.08,698.25,0.262,25.2,0.045,0,2026-08-14,2026-08-17,False,False,5.0,2026-08-17T15:00:34+05:30
POLYMED,1788.17,TOUCHED,-3.31,below,1729.0,1788.17,1790.13,1792.1,1788.17,0.22,25.2,0.047,0,2026-08-14,2026-08-17,False,False,5.0,2026-08-17T15:00:34+05:30
VBL,436.1,TOUCHED,0.28,above,437.3,436.1,435.73,436.1,435.37,0.168,25.5,0.03,0,2026-08-14,2026-08-17,False,False,5.0,2026-08-17T15:00:34+05:30
TEGA,1701.97,TOUCHED,1.78,above,1732.3,1701.97,1700.13,1701.97,1698.3,0.216,25.8,0.043,0,2026-08-14,2026-08-17,False,False,5.0,2026-08-17T15:00:34+05:30
ULTRACEMCO,11642.5,TOUCHED,0.37,above,11686.0,11642.5,11634.67,11642.5,11626.83,0.135,26.3,0.027,0,2026-08-14,2026-08-17,False,False,5.0,2026-08-17T15:00:34+05:30
COALINDIA,407.4,TOUCHED,-0.06,below,407.15,407.4,407.7,408.0,407.4,0.147,26.6,0.023,0,2026-08-14,2026-08-17,False,False,5.0,2026-08-17T15:00:34+05:30
SAREGAMA,525.6,TOUCHED,-0.88,below,521.0,525.6,526.17,526.73,525.6,0.215,26.6,0.041,0,2026-08-14,2026-08-17,False,False,5.0,2026-08-17T15:00:34+05:30
BAJAJ-AUTO,11708.33,TOUCHED,-0.07,below,11700.0,11708.33,11716.67,11725.0,11708.33,0.142,26.8,0.028,0,2026-08-14,2026-08-17,False,False,5.0,2026-08-17T15:00:34+05:30
BHEL,423.27,TOUCHED,2.52,above,433.95,423.27,422.75,423.27,422.23,0.248,26.8,0.048,0,2026-08-14,2026-08-17,False,False,5.0,2026-08-17T15:00:34+05:30
JSWENERGY,558.35,TOUCHED,-0.78,below,554.0,558.35,558.9,559.45,558.35,0.197,27.1,0.021,0,2026-08-14,2026-08-17,False,False,5.0,2026-08-17T15:00:34+05:30
KIRLOSENG,2097.03,TOUCHED,0.4,above,2105.4,2097.03,2093.97,2097.03,2090.9,0.293,27.1,0.035,0,2026-08-14,2026-08-17,False,False,5.0,2026-08-17T15:00:34+05:30
TVSMOTOR,4318.55,TOUCHED,1.27,above,4373.2,4318.55,4314.7,4318.55,4310.85,0.178,27.4,0.019,0,2026-08-14,2026-08-17,False,False,5.0,2026-08-17T15:00:34+05:30
SOLARINDS,19945.0,TOUCHED,0.28,above,20000.0,19945.0,19921.0,19945.0,19897.0,0.241,27.7,0.057,0,2026-08-14,2026-08-17,False,False,5.0,2026-08-17T15:00:34+05:30
SUNPHARMA,1925.85,TOUCHED,-1.97,below,1888.0,1925.85,1927.23,1928.62,1925.85,0.144,27.7,0.02,0,2026-08-14,2026-08-17,False,False,5.0,2026-08-17T15:00:34+05:30
HEROMOTOCO,5795.67,TOUCHED,-0.56,below,5763.0,5795.67,5801.33,5807.0,5795.67,0.195,27.9,0.017,0,2026-08-14,2026-08-17,False,False,5.0,2026-08-17T15:00:34+05:30
INFY,1166.5,TOUCHED,-2.19,below,1141.0,1166.5,1167.4,1168.3,1166.5,0.154,28.2,0.029,0,2026-08-14,2026-08-17,False,False,5.0,2026-08-17T15:00:34+05:30
APTUS,251.43,TOUCHED,1.48,above,255.15,251.43,251.12,251.43,250.81,0.246,28.5,0.026,0,2026-08-14,2026-08-17,False,False,5.0,2026-08-17T15:00:34+05:30
ZFCVINDIA,2627.8,TOUCHED,-0.2,below,2622.6,2627.8,2630.77,2633.73,2627.8,0.226,28.5,0.038,0,2026-08-14,2026-08-17,False,False,5.0,2026-08-17T15:00:34+05:30
KOTAKBANK,392.1,TOUCHED,0.89,above,395.6,392.1,391.78,392.1,391.47,0.162,29.0,0.025,0,2026-08-14,2026-08-17,False,False,5.0,2026-08-17T15:00:34+05:30
IRB,19.2,TOUCHED,-0.29,below,19.15,19.2,19.22,19.24,19.2,0.191,29.6,0.039,0,2026-08-14,2026-08-17,False,False,5.0,2026-08-17T15:00:34+05:30
BIKAJI,613.86,TOUCHED,-0.26,below,612.25,613.86,614.42,614.98,613.86,0.182,29.9,0.019,0,2026-08-14,2026-08-17,False,False,5.0,2026-08-17T15:00:34+05:30
CARBORUNIV,1152.98,TOUCHED,-2.9,below,1119.6,1152.98,1154.37,1155.75,1152.98,0.24,29.9,0.029,0,2026-08-14,2026-08-17,False,False,5.0,2026-08-17T15:00:34+05:30
EICHERMOT,8073.17,TOUCHED,-0.06,below,8068.0,8073.17,8079.83,8086.5,8073.17,0.165,29.9,0.024,0,2026-08-14,2026-08-17,False,False,5.0,2026-08-17T15:00:34+05:30
CUMMINSIND,5394.25,TOUCHED,1.2,above,5459.0,5394.25,5388.5,5394.25,5382.75,0.213,30.1,0.018,0,2026-08-14,2026-08-17,False,False,5.0,2026-08-17T15:00:34+05:30
TITAN,5068.45,TOUCHED,0.53,above,5095.5,5068.45,5064.37,5068.45,5060.28,0.161,30.4,0.015,0,2026-08-14,2026-08-17,False,False,5.0,2026-08-17T15:00:34+05:30
CONCORDBIO,1449.13,TOUCHED,3.66,above,1502.2,1449.13,1446.97,1449.13,1444.8,0.299,30.7,0.022,0,2026-08-14,2026-08-17,False,False,5.0,2026-08-17T15:00:34+05:30
PFC,376.46,TOUCHED,-0.41,below,374.9,376.46,376.92,377.38,376.46,0.243,31.0,0.036,0,2026-08-14,2026-08-17,False,False,5.0,2026-08-17T15:00:34+05:30
MFSL,1543.05,TOUCHED,1.42,above,1565.0,1543.05,1541.4,1543.05,1539.75,0.214,31.5,0.019,0,2026-08-14,2026-08-17,False,False,5.0,2026-08-17T15:00:34+05:30
THELEELA,508.12,TOUCHED,-1.25,below,501.75,508.12,508.77,509.41,508.12,0.252,31.5,0.03,0,2026-08-14,2026-08-17,False,False,5.0,2026-08-17T15:00:34+05:30
CAPLIPOINT,2490.15,TOUCHED,0.88,above,2512.1,2490.15,2486.93,2490.15,2483.72,0.259,31.8,0.032,0,2026-08-14,2026-08-17,False,False,5.0,2026-08-17T15:00:34+05:30
PTCIL,19124.5,TOUCHED,8.02,above,20659.0,19124.5,19099.67,19124.5,19074.83,0.26,31.8,0.025,0,2026-08-14,2026-08-17,False,False,5.0,2026-08-17T15:00:34+05:30
DOMS,2220.37,TOUCHED,0.02,inside,2220.9,2220.37,2220.37,2222.6,2218.13,0.201,32.1,0.027,0,2026-08-14,2026-08-17,False,False,5.0,2026-08-17T15:00:34+05:30
ICICIGI,1628.3,TOUCHED,0.21,above,1631.8,1628.3,1626.6,1628.3,1624.9,0.209,32.1,0.022,0,2026-08-14,2026-08-17,False,False,5.0,2026-08-17T15:00:34+05:30
CCL,1134.58,TOUCHED,-0.01,below,1134.5,1134.58,1135.77,1136.95,1134.58,0.208,32.3,0.021,0,2026-08-14,2026-08-17,False,False,5.0,2026-08-17T15:00:34+05:30
FORCEMOT,18492.0,TOUCHED,0.84,above,18647.0,18492.0,18448.33,18492.0,18404.67,0.473,32.6,0.05,0,2026-08-14,2026-08-17,False,False,5.0,2026-08-17T15:00:34+05:30
GRAVITA,1802.2,TOUCHED,0.6,above,1813.1,1802.2,1799.57,1802.2,1796.93,0.293,32.6,0.033,0,2026-08-14,2026-08-17,False,False,5.0,2026-08-17T15:00:34+05:30
COFORGE,1814.77,TOUCHED,-0.53,below,1805.1,1814.77,1817.53,1820.3,1814.77,0.304,32.9,0.032,0,2026-08-14,2026-08-17,False,False,5.0,2026-08-17T15:00:34+05:30
GRSE,2623.97,TOUCHED,-0.86,below,2601.3,2623.97,2629.33,2634.7,2623.97,0.408,32.9,0.074,0,2026-08-14,2026-08-17,False,False,5.0,2026-08-17T15:00:34+05:30
VTL,593.17,TOUCHED,1.63,above,602.85,593.17,592.32,593.17,591.46,0.29,32.9,0.031,0,2026-08-14,2026-08-17,False,False,5.0,2026-08-17T15:00:34+05:30
IOC,139.54,TOUCHED,-0.46,below,138.91,139.54,139.69,139.84,139.54,0.208,33.4,0.021,0,2026-08-14,2026-08-17,False,False,5.0,2026-08-17T15:00:34+05:30
CANHLIFE,149.14,TOUCHED,0.02,inside,149.16,149.14,149.14,149.35,148.92,0.286,34.0,0.018,0,2026-08-14,2026-08-17,False,False,5.0,2026-08-17T15:00:34+05:30
SHRIRAMFIN,1123.48,TOUCHED,-0.05,below,1122.9,1123.48,1124.97,1126.45,1123.48,0.264,34.0,0.038,0,2026-08-14,2026-08-17,False,False,5.0,2026-08-17T15:00:34+05:30
LLOYDSME,1915.33,TOUCHED,1.52,above,1944.5,1915.33,1912.07,1915.33,1908.8,0.342,34.2,0.035,0,2026-08-14,2026-08-17,False,False,5.0,2026-08-17T15:00:34+05:30
NTPCGREEN,92.24,TOUCHED,0.01,above,92.25,92.24,92.14,92.24,92.03,0.228,34.2,0.015,0,2026-08-14,2026-08-17,False,False,5.0,2026-08-17T15:00:34+05:30
SYNGENE,401.01,TOUCHED,0.75,above,404.0,401.01,400.57,401.01,400.12,0.221,34.2,0.026,0,2026-08-14,2026-08-17,False,False,5.0,2026-08-17T15:00:34+05:30
HSCL,784.83,TOUCHED,0.19,above,786.3,784.83,783.57,784.83,782.31,0.321,34.5,0.035,0,2026-08-14,2026-08-17,False,False,5.0,2026-08-17T15:00:34+05:30
PIIND,2483.0,TOUCHED,-0.03,below,2482.2,2483.0,2485.37,2487.73,2483.0,0.19,34.5,0.03,0,2026-08-14,2026-08-17,False,False,5.0,2026-08-17T15:00:34+05:30
GILLETTE,7609.08,TOUCHED,-0.52,below,7569.5,7609.08,7618.17,7627.25,7609.08,0.238,35.1,0.029,0,2026-08-14,2026-08-17,False,False,5.0,2026-08-17T15:00:34+05:30
JINDALSTEL,1095.8,TOUCHED,1.78,above,1115.3,1095.8,1094.37,1095.8,1092.93,0.262,35.6,0.034,0,2026-08-14,2026-08-17,False,False,5.0,2026-08-17T15:00:34+05:30
CIEINDIA,409.3,TOUCHED,0.55,above,411.55,409.3,408.78,409.3,408.27,0.253,35.9,0.029,0,2026-08-14,2026-08-17,False,False,5.0,2026-08-17T15:00:34+05:30
NAVINFLUOR,8249.75,TOUCHED,-1.14,below,8155.5,8249.75,8264.5,8279.25,8249.75,0.357,35.9,0.046,0,2026-08-14,2026-08-17,False,False,5.0,2026-08-17T15:00:34+05:30
POLYCAB,9277.0,TOUCHED,0.69,above,9341.0,9277.0,9264.67,9277.0,9252.33,0.266,35.9,0.035,0,2026-08-14,2026-08-17,False,False,5.0,2026-08-17T15:00:34+05:30
JINDALSAW,266.66,TOUCHED,2.0,above,272.0,266.66,266.22,266.66,265.77,0.332,36.2,0.038,0,2026-08-14,2026-08-17,False,False,5.0,2026-08-17T15:00:34+05:30
ATGL,654.91,TOUCHED,-0.92,below,648.9,654.91,655.77,656.62,654.91,0.262,36.7,0.031,0,2026-08-14,2026-08-17,False,False,5.0,2026-08-17T15:00:34+05:30
ATHERENERG,1514.82,TOUCHED,-1.61,below,1490.5,1514.82,1518.13,1521.45,1514.82,0.437,37.0,0.062,0,2026-08-14,2026-08-17,False,False,5.0,2026-08-17T15:00:34+05:30
KEC,440.64,TOUCHED,-0.97,below,436.35,440.64,441.38,442.12,440.64,0.336,37.0,0.023,0,2026-08-14,2026-08-17,False,False,5.0,2026-08-17T15:00:34+05:30
LATENTVIEW,285.68,TOUCHED,-0.13,below,285.3,285.68,286.17,286.65,285.68,0.338,37.3,0.04,0,2026-08-14,2026-08-17,False,False,5.0,2026-08-17T15:00:34+05:30
DALBHARAT,1839.88,TOUCHED,0.54,above,1849.8,1839.88,1837.77,1839.88,1835.65,0.23,37.5,0.028,0,2026-08-14,2026-08-17,False,False,5.0,2026-08-17T15:00:34+05:30
ELECON,435.2,TOUCHED,0.39,above,436.9,435.2,434.25,435.2,433.3,0.438,37.8,0.036,0,2026-08-14,2026-08-17,False,False,5.0,2026-08-17T15:00:34+05:30
MARICO,862.35,TOUCHED,-0.52,below,857.85,862.35,863.3,864.25,862.35,0.22,37.8,0.018,0,2026-08-14,2026-08-17,False,False,5.0,2026-08-17T15:00:34+05:30
AXISBANK,1216.15,TOUCHED,1.54,above,1234.9,1216.15,1214.9,1216.15,1213.65,0.206,38.1,0.024,0,2026-08-14,2026-08-17,False,False,5.0,2026-08-17T15:00:34+05:30
RPOWER,23.04,TOUCHED,-1.56,below,22.68,23.04,23.1,23.15,23.04,0.505,38.1,0.079,0,2026-08-14,2026-08-17,False,False,5.0,2026-08-17T15:00:34+05:30
AADHARHFC,498.82,TOUCHED,-1.83,below,489.7,498.82,499.43,500.05,498.82,0.247,38.4,0.025,0,2026-08-14,2026-08-17,False,False,5.0,2026-08-17T15:00:34+05:30
CHALET,823.79,TOUCHED,2.5,above,844.35,823.79,822.48,823.79,821.17,0.318,38.6,0.023,0,2026-08-14,2026-08-17,False,False,5.0,2026-08-17T15:00:34+05:30
IIFL,632.22,TOUCHED,-0.38,below,629.8,632.22,633.28,634.35,632.22,0.337,38.6,0.027,0,2026-08-14,2026-08-17,False,False,5.0,2026-08-17T15:00:34+05:30
JYOTICNC,831.7,TOUCHED,3.02,above,856.8,831.7,830.1,831.7,828.5,0.385,38.6,0.027,0,2026-08-14,2026-08-17,False,False,5.0,2026-08-17T15:00:34+05:30
TMPV,333.38,TOUCHED,-0.67,below,331.15,333.38,333.75,334.12,333.38,0.225,38.9,0.02,0,2026-08-14,2026-08-17,False,False,5.0,2026-08-17T15:00:34+05:30
CASTROLIND,187.26,TOUCHED,0.09,above,187.42,187.26,187.11,187.26,186.97,0.157,39.2,0.014,0,2026-08-14,2026-08-17,False,False,5.0,2026-08-17T15:00:34+05:30
CRISIL,4469.1,TOUCHED,0.39,above,4486.4,4469.1,4462.3,4469.1,4455.5,0.305,39.7,0.05,0,2026-08-14,2026-08-17,False,False,5.0,2026-08-17T15:00:34+05:30
HONAUT,37060.0,TOUCHED,-1.63,below,36455.0,37060.0,37108.33,37156.67,37060.0,0.26,39.7,0.022,0,2026-08-14,2026-08-17,False,False,5.0,2026-08-17T15:00:34+05:30
INDIAMART,1792.43,TOUCHED,-1.27,below,1769.6,1792.43,1794.97,1797.5,1792.43,0.282,39.7,0.026,0,2026-08-14,2026-08-17,False,False,5.0,2026-08-17T15:00:34+05:30
NUVAMA,1679.05,TOUCHED,2.81,above,1726.3,1679.05,1676.07,1679.05,1673.08,0.356,39.7,0.025,0,2026-08-14,2026-08-17,False,False,5.0,2026-08-17T15:00:34+05:30
VEDL,268.82,TOUCHED,0.2,above,269.35,268.82,268.38,268.82,267.94,0.329,40.0,0.028,0,2026-08-14,2026-08-17,False,False,5.0,2026-08-17T15:00:34+05:30
SUNDARMFIN,4490.0,TOUCHED,0.91,above,4530.8,4490.0,4483.5,4490.0,4477.0,0.29,40.3,0.03,0,2026-08-14,2026-08-17,False,False,5.0,2026-08-17T15:00:34+05:30
LTFOODS,420.58,TOUCHED,-0.65,below,417.85,420.58,421.37,422.15,420.58,0.372,40.5,0.036,0,2026-08-14,2026-08-17,False,False,5.0,2026-08-17T15:00:34+05:30
GVT&D,4319.85,TOUCHED,-0.26,below,4308.7,4319.85,4329.9,4339.95,4319.85,0.464,40.8,0.025,0,2026-08-14,2026-08-17,False,False,5.0,2026-08-17T15:00:34+05:30
POWERGRID,266.67,TOUCHED,0.11,inside,266.95,266.67,266.67,266.98,266.36,0.231,40.8,0.017,0,2026-08-14,2026-08-17,False,False,5.0,2026-08-17T15:00:34+05:30
MOTILALOFS,901.79,TOUCHED,6.06,above,956.45,901.79,899.88,901.79,897.98,0.424,41.4,0.045,0,2026-08-14,2026-08-17,False,False,5.0,2026-08-17T15:00:34+05:30
HDFCLIFE,537.8,TOUCHED,1.02,above,543.3,537.8,537.15,537.8,536.5,0.242,41.9,0.018,0,2026-08-14,2026-08-17,False,False,5.0,2026-08-17T15:00:34+05:30
SOBHA,1330.57,TOUCHED,-0.56,below,1323.1,1330.57,1332.93,1335.3,1330.57,0.355,41.9,0.029,0,2026-08-14,2026-08-17,False,False,5.0,2026-08-17T15:00:34+05:30
INDIACEM,376.63,TOUCHED,-0.13,inside,376.15,376.63,376.63,377.3,375.97,0.354,42.2,0.035,0,2026-08-14,2026-08-17,False,False,5.0,2026-08-17T15:00:34+05:30
AEGISVOPAK,269.82,TOUCHED,-0.91,below,267.35,269.82,270.53,271.25,269.82,0.53,42.6,0.04,0,2026-08-14,2026-08-17,False,False,5.0,2026-08-17T15:00:34+05:30
JKCEMENT,5334.5,TOUCHED,0.14,above,5342.0,5334.5,5325.17,5334.5,5315.83,0.351,43.0,0.033,0,2026-08-14,2026-08-17,False,False,5.0,2026-08-17T15:00:34+05:30
TATATECH,863.85,TOUCHED,-2.56,below,841.75,863.85,865.2,866.55,863.85,0.312,43.3,0.035,0,2026-08-14,2026-08-17,False,False,5.0,2026-08-17T15:00:34+05:30
ASTERDM,823.82,TOUCHED,-0.49,below,819.8,823.82,825.3,826.77,823.82,0.357,44.1,0.028,0,2026-08-14,2026-08-17,False,False,5.0,2026-08-17T15:00:34+05:30
CUB,210.0,TOUCHED,2.8,above,215.89,210.0,209.55,210.0,209.09,0.434,44.1,0.034,0,2026-08-14,2026-08-17,False,False,5.0,2026-08-17T15:00:34+05:30
GESHIP,1287.02,TOUCHED,-1.19,below,1271.7,1287.02,1289.53,1292.05,1287.02,0.39,44.1,0.037,0,2026-08-14,2026-08-17,False,False,5.0,2026-08-17T15:00:34+05:30
CGPOWER,888.56,TOUCHED,1.11,above,898.45,888.56,886.97,888.56,885.38,0.359,44.4,0.039,0,2026-08-14,2026-08-17,False,False,5.0,2026-08-17T15:00:34+05:30
PNBHOUSING,1152.45,TOUCHED,-0.95,below,1141.5,1152.45,1154.4,1156.35,1152.45,0.338,44.4,0.027,0,2026-08-14,2026-08-17,False,False,5.0,2026-08-17T15:00:34+05:30
COHANCE,443.6,TOUCHED,0.08,above,443.95,443.6,442.62,443.6,441.63,0.444,44.9,0.022,0,2026-08-14,2026-08-17,False,False,5.0,2026-08-17T15:00:34+05:30
ANANTRAJ,626.63,TOUCHED,-0.26,inside,625.0,626.63,626.63,628.29,624.98,0.529,45.2,0.078,0,2026-08-14,2026-08-17,False,False,5.0,2026-08-17T15:00:34+05:30
KARURVYSYA,333.02,TOUCHED,0.19,inside,333.65,333.02,333.02,333.65,332.38,0.38,45.5,0.038,0,2026-08-14,2026-08-17,False,False,5.0,2026-08-17T15:00:34+05:30
ARE&M,947.48,TOUCHED,-0.34,below,944.3,947.48,949.0,950.52,947.48,0.321,46.0,0.024,0,2026-08-14,2026-08-17,False,False,5.0,2026-08-17T15:00:34+05:30
BAJFINANCE,1091.85,TOUCHED,0.11,above,1093.0,1091.85,1090.23,1091.85,1088.62,0.297,46.0,0.029,0,2026-08-14,2026-08-17,False,False,5.0,2026-08-17T15:00:34+05:30
BRIGADE,594.18,TOUCHED,-0.11,inside,593.55,594.18,594.18,595.5,592.87,0.443,46.3,0.024,0,2026-08-14,2026-08-17,False,False,5.0,2026-08-17T15:00:34+05:30
BOSCHLTD,46965.0,TOUCHED,-0.07,inside,46930.0,46965.0,46965.0,47032.5,46897.5,0.287,46.6,0.029,0,2026-08-14,2026-08-17,False,False,5.0,2026-08-17T15:00:34+05:30
PRESTIGE,1596.05,TOUCHED,-0.52,below,1587.8,1596.05,1599.6,1603.15,1596.05,0.444,46.6,0.055,0,2026-08-14,2026-08-17,False,False,5.0,2026-08-17T15:00:34+05:30
JBMA,624.29,TOUCHED,-0.41,below,621.75,624.29,625.63,626.98,624.29,0.429,47.1,0.032,0,2026-08-14,2026-08-17,False,False,5.0,2026-08-17T15:00:34+05:30
KALYANKJIL,609.62,TOUCHED,-0.03,below,609.45,609.62,610.98,612.35,609.62,0.447,47.1,0.038,0,2026-08-14,2026-08-17,False,False,5.0,2026-08-17T15:00:34+05:30
IREDA,116.47,TOUCHED,-0.06,below,116.41,116.47,116.7,116.92,116.47,0.386,47.7,0.048,0,2026-08-14,2026-08-17,False,False,5.0,2026-08-17T15:00:34+05:30
KEI,5733.6,TOUCHED,1.75,above,5834.1,5733.6,5722.4,5733.6,5711.2,0.391,47.7,0.026,0,2026-08-14,2026-08-17,False,False,5.0,2026-08-17T15:00:34+05:30
SWIGGY,277.78,TOUCHED,-0.05,inside,277.65,277.78,277.78,278.52,277.04,0.534,47.7,0.045,0,2026-08-14,2026-08-17,False,False,5.0,2026-08-17T15:00:34+05:30
FEDERALBNK,352.82,TOUCHED,0.8,above,355.65,352.82,352.32,352.82,351.81,0.289,47.9,0.026,0,2026-08-14,2026-08-17,False,False,5.0,2026-08-17T15:00:34+05:30
SBICARD,635.98,TOUCHED,0.49,above,639.1,635.98,634.98,635.98,633.99,0.312,47.9,0.029,0,2026-08-14,2026-08-17,False,False,5.0,2026-08-17T15:00:34+05:30
AJANTPHARM,3665.82,TOUCHED,1.04,above,3704.1,3665.82,3658.83,3665.82,3651.85,0.382,48.5,0.04,0,2026-08-14,2026-08-17,False,False,5.0,2026-08-17T15:00:34+05:30
MSUMI,40.44,TOUCHED,-0.39,below,40.28,40.44,40.53,40.61,40.44,0.436,48.5,0.031,0,2026-08-14,2026-08-17,False,False,5.0,2026-08-17T15:00:34+05:30
RADICO,4641.02,TOUCHED,0.46,above,4662.5,4641.02,4632.03,4641.02,4623.05,0.388,48.5,0.021,0,2026-08-14,2026-08-17,False,False,5.0,2026-08-17T15:00:34+05:30
MGL,1140.8,TOUCHED,-1.18,below,1127.3,1140.8,1142.9,1145.0,1140.8,0.367,48.8,0.034,0,2026-08-14,2026-08-17,False,False,5.0,2026-08-17T15:00:34+05:30
SUNTV,487.53,TOUCHED,0.27,above,488.85,487.53,486.55,487.53,485.58,0.401,48.8,0.024,0,2026-08-14,2026-08-17,False,False,5.0,2026-08-17T15:00:34+05:30
RRKABEL,2792.13,TOUCHED,-2.05,below,2734.8,2792.13,2798.67,2805.2,2792.13,0.467,49.3,0.045,0,2026-08-14,2026-08-17,False,False,5.0,2026-08-17T15:00:34+05:30
CESC,168.8,TOUCHED,0.6,above,169.81,168.8,168.48,168.8,168.15,0.384,49.6,0.037,0,2026-08-14,2026-08-17,False,False,5.0,2026-08-17T15:00:34+05:30
KPITTECH,615.38,TOUCHED,-1.13,below,608.45,615.38,616.75,618.12,615.38,0.446,49.9,0.044,0,2026-08-14,2026-08-17,False,False,5.0,2026-08-17T15:00:34+05:30
ICICIAMC,3120.0,TOUCHED,0.27,above,3128.5,3120.0,3112.63,3120.0,3105.27,0.473,50.0,0.031,0,2026-08-14,2026-08-17,False,False,5.0,2026-08-17T15:00:34+05:30
INOXWIND,74.2,TOUCHED,5.27,above,78.11,74.2,74.02,74.2,73.85,0.477,50.1,0.041,0,2026-08-14,2026-08-17,False,False,5.0,2026-08-17T15:00:34+05:30
SCI,293.07,TOUCHED,-2.24,below,286.5,293.07,293.88,294.7,293.07,0.556,50.4,0.045,0,2026-08-14,2026-08-17,False,False,5.0,2026-08-17T15:00:34+05:30
OLAELEC,39.12,TOUCHED,0.47,above,39.31,39.12,38.99,39.12,38.86,0.675,50.7,0.074,0,2026-08-14,2026-08-17,False,False,5.0,2026-08-17T15:00:34+05:30
ONGC,237.43,TOUCHED,0.5,above,238.62,237.43,237.08,237.43,236.74,0.288,51.0,0.028,0,2026-08-14,2026-08-17,False,False,5.0,2026-08-17T15:00:34+05:30
SPLPETRO,722.85,TOUCHED,-0.07,inside,722.35,722.85,722.85,724.7,721.0,0.512,51.0,0.039,0,2026-08-14,2026-08-17,False,False,5.0,2026-08-17T15:00:34+05:30
MPHASIS,2528.95,TOUCHED,-0.65,below,2512.6,2528.95,2534.3,2539.65,2528.95,0.422,51.2,0.024,0,2026-08-14,2026-08-17,False,False,5.0,2026-08-17T15:00:34+05:30
GLAXO,2683.37,TOUCHED,0.83,above,2705.7,2683.37,2677.93,2683.37,2672.5,0.406,51.8,0.026,0,2026-08-14,2026-08-17,False,False,5.0,2026-08-17T15:00:34+05:30
ITCHOTELS,165.9,TOUCHED,1.24,above,167.97,165.9,165.58,165.9,165.25,0.393,52.1,0.038,0,2026-08-14,2026-08-17,False,False,5.0,2026-08-17T15:00:34+05:30
ICICIPRULI,506.5,TOUCHED,-0.04,below,506.3,506.5,507.38,508.27,506.5,0.348,52.9,0.023,0,2026-08-14,2026-08-17,False,False,5.0,2026-08-17T15:00:34+05:30
NAUKRI,1352.05,TOUCHED,0.43,above,1357.8,1352.05,1349.03,1352.05,1346.02,0.447,52.9,0.023,0,2026-08-14,2026-08-17,False,False,5.0,2026-08-17T15:00:34+05:30
NESTLEIND,1501.38,TOUCHED,-1.83,below,1473.9,1501.38,1503.67,1505.95,1501.38,0.304,52.9,0.033,0,2026-08-14,2026-08-17,False,False,5.0,2026-08-17T15:00:34+05:30
GICRE,351.43,TOUCHED,1.07,above,355.2,351.43,350.77,351.43,350.1,0.38,53.2,0.032,0,2026-08-14,2026-08-17,False,False,5.0,2026-08-17T15:00:34+05:30
PATANJALI,351.51,TOUCHED,0.64,above,353.75,351.51,351.02,351.51,350.53,0.28,53.2,0.019,0,2026-08-14,2026-08-17,False,False,5.0,2026-08-17T15:00:34+05:30
ADANIPOWER,205.69,TOUCHED,-0.97,below,203.69,205.69,206.13,206.57,205.69,0.427,54.2,0.053,0,2026-08-14,2026-08-17,False,False,5.0,2026-08-17T15:00:34+05:30
CYIENT,869.03,TOUCHED,-0.12,below,868.0,869.03,871.02,873.0,869.03,0.455,54.2,0.024,0,2026-08-14,2026-08-17,False,False,5.0,2026-08-17T15:00:34+05:30
UNITDSPR,1533.27,TOUCHED,0.77,above,1545.1,1533.27,1530.53,1533.27,1527.8,0.357,54.2,0.033,0,2026-08-14,2026-08-17,False,False,5.0,2026-08-17T15:00:34+05:30
INDIGO,5320.0,TOUCHED,-0.61,below,5287.5,5320.0,5330.0,5340.0,5320.0,0.375,54.5,0.024,0,2026-08-14,2026-08-17,False,False,5.0,2026-08-17T15:00:34+05:30
TORNTPOWER,1312.3,TOUCHED,-0.02,below,1312.0,1312.3,1315.5,1318.7,1312.3,0.487,54.5,0.031,0,2026-08-14,2026-08-17,False,False,5.0,2026-08-17T15:00:34+05:30
WHIRLPOOL,780.84,TOUCHED,-0.49,below,777.0,780.84,782.78,784.73,780.84,0.496,54.5,0.045,0,2026-08-14,2026-08-17,False,False,5.0,2026-08-17T15:00:34+05:30
ETERNAL,320.1,TOUCHED,0.02,inside,320.15,320.1,320.1,320.9,319.3,0.5,54.8,0.028,0,2026-08-14,2026-08-17,False,False,5.0,2026-08-17T15:00:34+05:30
LENSKART,608.53,TOUCHED,0.2,inside,609.75,608.53,608.53,610.19,606.88,0.545,54.9,0.03,0,2026-08-14,2026-08-17,False,False,5.0,2026-08-17T15:00:34+05:30
SYRMA,1469.92,TOUCHED,-0.47,below,1463.0,1469.92,1474.63,1479.35,1469.92,0.64,55.1,0.045,0,2026-08-14,2026-08-17,False,False,5.0,2026-08-17T15:00:34+05:30
AUBANK,1084.03,TOUCHED,-0.81,below,1075.3,1084.03,1086.17,1088.3,1084.03,0.393,55.3,0.016,0,2026-08-14,2026-08-17,False,False,5.0,2026-08-17T15:00:34+05:30
PFOCUS,270.87,TOUCHED,-1.46,below,266.9,270.87,272.13,273.4,270.87,0.931,55.3,0.05,0,2026-08-14,2026-08-17,False,False,5.0,2026-08-17T15:00:34+05:30
ABLBL,89.44,TOUCHED,0.62,above,90.0,89.44,89.22,89.44,88.99,0.504,55.6,0.055,0,2026-08-14,2026-08-17,False,False,5.0,2026-08-17T15:00:34+05:30
AFCONS,270.58,TOUCHED,0.27,above,271.3,270.58,269.98,270.58,269.39,0.438,55.6,0.024,0,2026-08-14,2026-08-17,False,False,5.0,2026-08-17T15:00:34+05:30
DIVISLAB,8520.0,TOUCHED,0.06,above,8525.0,8520.0,8505.67,8520.0,8491.33,0.337,55.6,0.021,0,2026-08-14,2026-08-17,False,False,5.0,2026-08-17T15:00:34+05:30
GODREJIND,1255.68,TOUCHED,-2.91,below,1219.2,1255.68,1258.87,1262.05,1255.68,0.506,56.7,0.047,0,2026-08-14,2026-08-17,False,False,5.0,2026-08-17T15:00:34+05:30
USHAMART,491.53,TOUCHED,1.03,above,496.6,491.53,490.33,491.53,489.14,0.486,56.7,0.035,0,2026-08-14,2026-08-17,False,False,5.0,2026-08-17T15:00:34+05:30
BLUEJET,591.1,TOUCHED,0.43,above,593.65,591.1,588.9,591.1,586.7,0.747,57.0,0.042,0,2026-08-14,2026-08-17,False,False,5.0,2026-08-17T15:00:34+05:30
CARTRADE,2787.05,TOUCHED,0.47,above,2800.1,2787.05,2776.3,2787.05,2765.55,0.774,57.0,0.061,0,2026-08-14,2026-08-17,False,False,5.0,2026-08-17T15:00:34+05:30
PINELABS,165.47,TOUCHED,-1.56,below,162.9,165.47,166.09,166.7,165.47,0.739,57.1,0.057,0,2026-08-14,2026-08-17,False,False,5.0,2026-08-17T15:00:34+05:30
TMCV,475.66,TOUCHED,-1.41,below,468.95,475.66,477.02,478.38,475.66,0.57,57.1,0.024,0,2026-08-14,2026-08-17,False,False,5.0,2026-08-17T15:00:34+05:30
HDBFS,684.6,TOUCHED,-0.02,inside,684.45,684.6,684.6,685.78,683.43,0.343,57.3,0.023,0,2026-08-14,2026-08-17,False,False,5.0,2026-08-17T15:00:34+05:30
ITC,277.15,TOUCHED,-1.34,below,273.45,277.15,277.5,277.85,277.15,0.252,57.5,0.021,0,2026-08-14,2026-08-17,False,False,5.0,2026-08-17T15:00:34+05:30
GLAND,2977.87,TOUCHED,-2.15,below,2913.9,2977.87,2985.53,2993.2,2977.87,0.514,57.8,0.04,0,2026-08-14,2026-08-17,False,False,5.0,2026-08-17T15:00:34+05:30
JSWDULUX,3147.65,TOUCHED,-0.25,below,3139.9,3147.65,3154.23,3160.82,3147.65,0.417,58.1,0.022,0,2026-08-14,2026-08-17,False,False,5.0,2026-08-17T15:00:34+05:30
VIJAYA,1486.5,TOUCHED,1.18,above,1504.1,1486.5,1482.37,1486.5,1478.23,0.558,58.1,0.037,0,2026-08-14,2026-08-17,False,False,5.0,2026-08-17T15:00:34+05:30
GMDCLTD,582.95,TOUCHED,-1.36,below,575.0,582.95,585.1,587.25,582.95,0.735,58.9,0.068,0,2026-08-14,2026-08-17,False,False,5.0,2026-08-17T15:00:34+05:30
HFCL,223.97,TOUCHED,-2.01,below,219.48,223.97,224.84,225.7,223.97,0.768,58.9,0.028,0,2026-08-14,2026-08-17,False,False,5.0,2026-08-17T15:00:34+05:30
LUPIN,2246.6,TOUCHED,0.57,above,2259.3,2246.6,2242.73,2246.6,2238.87,0.345,58.9,0.028,0,2026-08-14,2026-08-17,False,False,5.0,2026-08-17T15:00:34+05:30
ERIS,1361.87,TOUCHED,-1.18,below,1345.8,1361.87,1365.23,1368.6,1361.87,0.493,59.2,0.03,0,2026-08-14,2026-08-17,False,False,5.0,2026-08-17T15:00:34+05:30
NEWGEN,536.94,TOUCHED,-0.66,below,533.4,536.94,538.73,540.52,536.94,0.665,60.0,0.034,0,2026-08-14,2026-08-17,False,False,5.0,2026-08-17T15:00:34+05:30
PGEL,605.47,TOUCHED,-0.13,inside,604.7,605.47,605.47,607.7,603.23,0.738,60.3,0.054,0,2026-08-14,2026-08-17,False,False,5.0,2026-08-17T15:00:34+05:30
APARINDS,16755.33,TOUCHED,-1.46,below,16510.0,16755.33,16819.67,16884.0,16755.33,0.765,60.5,0.055,0,2026-08-14,2026-08-17,False,False,5.0,2026-08-17T15:00:34+05:30
ANGELONE,290.27,TOUCHED,0.87,above,292.8,290.27,289.28,290.27,288.29,0.686,60.8,0.029,0,2026-08-14,2026-08-17,False,False,5.0,2026-08-17T15:00:34+05:30
BBTC,1471.52,TOUCHED,-0.75,below,1460.5,1471.52,1474.83,1478.15,1471.52,0.45,60.8,0.032,0,2026-08-14,2026-08-17,False,False,5.0,2026-08-17T15:00:34+05:30
MUTHOOTFIN,2862.15,TOUCHED,1.12,above,2894.3,2862.15,2855.43,2862.15,2848.72,0.47,60.8,0.04,0,2026-08-14,2026-08-17,False,False,5.0,2026-08-17T15:00:34+05:30
KIMS,811.41,TOUCHED,-1.12,below,802.35,811.41,813.72,816.02,811.41,0.567,61.1,0.04,0,2026-08-14,2026-08-17,False,False,5.0,2026-08-17T15:00:34+05:30
POONAWALLA,499.37,TOUCHED,-0.59,below,496.45,499.37,500.85,502.32,499.37,0.589,61.1,0.033,0,2026-08-14,2026-08-17,False,False,5.0,2026-08-17T15:00:34+05:30
URBANCO,143.84,TOUCHED,0.38,above,144.39,143.84,143.29,143.84,142.74,0.768,61.4,0.045,0,2026-08-14,2026-08-17,False,False,5.0,2026-08-17T15:00:34+05:30
GPIL,237.79,TOUCHED,5.14,above,250.0,237.79,237.0,237.79,236.21,0.662,61.6,0.023,0,2026-08-14,2026-08-17,False,False,5.0,2026-08-17T15:00:34+05:30
CRAFTSMAN,10339.5,TOUCHED,1.34,above,10478.5,10339.5,10310.0,10339.5,10280.5,0.572,62.2,0.057,0,2026-08-14,2026-08-17,False,False,5.0,2026-08-17T15:00:34+05:30
TATACONSUM,1081.82,TOUCHED,-0.44,below,1077.1,1081.82,1084.13,1086.45,1081.82,0.427,62.5,0.027,0,2026-08-14,2026-08-17,False,False,5.0,2026-08-17T15:00:34+05:30
CHOICEIN,806.15,TOUCHED,-0.28,below,803.9,806.15,807.95,809.75,806.15,0.446,62.7,0.023,0,2026-08-14,2026-08-17,False,False,5.0,2026-08-17T15:00:34+05:30
DCMSHRIRAM,1018.93,TOUCHED,-0.26,inside,1016.3,1018.93,1018.93,1021.82,1016.05,0.566,62.7,0.024,0,2026-08-14,2026-08-17,False,False,5.0,2026-08-17T15:00:34+05:30
BAJAJFINSV,2012.23,TOUCHED,-0.42,below,2003.8,2012.23,2016.17,2020.1,2012.23,0.39,63.0,0.02,0,2026-08-14,2026-08-17,False,False,5.0,2026-08-17T15:00:34+05:30
HUDCO,189.06,TOUCHED,-1.29,below,186.61,189.06,189.62,190.19,189.06,0.598,63.0,0.036,0,2026-08-14,2026-08-17,False,False,5.0,2026-08-17T15:00:34+05:30
OIL,471.9,TOUCHED,0.52,above,474.35,471.9,470.77,471.9,469.63,0.481,63.0,0.021,0,2026-08-14,2026-08-17,False,False,5.0,2026-08-17T15:00:34+05:30
TRIDENT,24.45,TOUCHED,0.11,inside,24.48,24.45,24.45,24.51,24.4,0.463,63.3,0.028,0,2026-08-14,2026-08-17,False,False,5.0,2026-08-17T15:00:34+05:30
AFFLE,1664.0,TOUCHED,1.86,above,1695.0,1664.0,1659.2,1664.0,1654.4,0.579,63.6,0.032,0,2026-08-14,2026-08-17,False,False,5.0,2026-08-17T15:00:34+05:30
DEEPAKFERT,1491.25,TOUCHED,0.52,above,1499.0,1491.25,1486.1,1491.25,1480.95,0.693,63.6,0.044,0,2026-08-14,2026-08-17,False,False,5.0,2026-08-17T15:00:34+05:30
FINCABLES,1257.8,TOUCHED,4.38,above,1312.9,1257.8,1254.15,1257.8,1250.5,0.582,63.6,0.019,0,2026-08-14,2026-08-17,False,False,5.0,2026-08-17T15:00:34+05:30
M&M,3412.2,TOUCHED,-0.23,inside,3404.4,3412.2,3412.2,3420.25,3404.15,0.472,63.6,0.026,0,2026-08-14,2026-08-17,False,False,5.0,2026-08-17T15:00:34+05:30
FSL,268.03,TOUCHED,-0.18,below,267.55,268.03,268.95,269.88,268.03,0.688,64.1,0.037,0,2026-08-14,2026-08-17,False,False,5.0,2026-08-17T15:00:34+05:30
RITES,221.67,TOUCHED,-0.82,below,219.85,221.67,222.28,222.89,221.67,0.549,64.1,0.025,0,2026-08-14,2026-08-17,False,False,5.0,2026-08-17T15:00:34+05:30
ABSLAMC,1020.0,TOUCHED,0.21,above,1022.1,1020.0,1017.07,1020.0,1014.13,0.577,64.4,0.033,0,2026-08-14,2026-08-17,False,False,5.0,2026-08-17T15:00:34+05:30
HINDZINC,566.4,TOUCHED,0.46,above,569.0,566.4,564.9,566.4,563.4,0.531,64.4,0.041,0,2026-08-14,2026-08-17,False,False,5.0,2026-08-17T15:00:34+05:30
MEDANTA,1414.3,TOUCHED,0.05,inside,1415.0,1414.3,1414.3,1418.45,1410.15,0.587,64.4,0.028,0,2026-08-14,2026-08-17,False,False,5.0,2026-08-17T15:00:34+05:30
PERSISTENT,5564.25,TOUCHED,0.33,above,5582.5,5564.25,5548.5,5564.25,5532.75,0.568,64.4,0.018,0,2026-08-14,2026-08-17,False,False,5.0,2026-08-17T15:00:34+05:30
SBILIFE,1798.38,TOUCHED,-0.46,below,1790.1,1798.38,1801.77,1805.15,1798.38,0.376,64.4,0.017,0,2026-08-14,2026-08-17,False,False,5.0,2026-08-17T15:00:34+05:30
NIVABUPA,82.91,TOUCHED,-0.28,below,82.68,82.91,83.1,83.29,82.91,0.457,64.7,0.018,0,2026-08-14,2026-08-17,False,False,5.0,2026-08-17T15:00:34+05:30
BRITANNIA,5568.67,TOUCHED,-0.43,below,5544.5,5568.67,5579.33,5590.0,5568.67,0.382,64.9,0.021,0,2026-08-14,2026-08-17,False,False,5.0,2026-08-17T15:00:34+05:30
LICI,411.97,TOUCHED,0.08,inside,412.3,411.97,411.97,412.73,411.2,0.372,64.9,0.031,0,2026-08-14,2026-08-17,False,False,5.0,2026-08-17T15:00:34+05:30
BDL,1383.55,TOUCHED,-0.53,below,1376.2,1383.55,1388.37,1393.18,1383.55,0.694,65.5,0.049,0,2026-08-14,2026-08-17,False,False,5.0,2026-08-17T15:00:34+05:30
JUBLFOOD,508.0,TOUCHED,0.5,above,510.55,508.0,506.7,508.0,505.4,0.513,65.5,0.018,0,2026-08-14,2026-08-17,False,False,5.0,2026-08-17T15:00:34+05:30
CAMS,768.65,TOUCHED,0.49,above,772.45,768.65,766.52,768.65,764.38,0.557,65.8,0.041,0,2026-08-14,2026-08-17,False,False,5.0,2026-08-17T15:00:34+05:30
GODREJPROP,2010.2,TOUCHED,1.78,above,2045.9,2010.2,2003.47,2010.2,1996.73,0.672,66.0,0.045,0,2026-08-14,2026-08-17,False,False,5.0,2026-08-17T15:00:34+05:30
JMFINANCIL,127.41,TOUCHED,0.31,inside,127.8,127.41,127.41,127.9,126.92,0.769,66.3,0.046,0,2026-08-14,2026-08-17,False,False,5.0,2026-08-17T15:00:34+05:30
PREMIERENE,1023.7,TOUCHED,-0.21,inside,1021.5,1023.7,1023.7,1026.9,1020.5,0.625,66.3,0.029,0,2026-08-14,2026-08-17,False,False,5.0,2026-08-17T15:00:34+05:30
APLAPOLLO,2078.2,TOUCHED,1.02,above,2099.5,2078.2,2073.1,2078.2,2068.0,0.492,66.6,0.017,0,2026-08-14,2026-08-17,False,False,5.0,2026-08-17T15:00:34+05:30
ZENSARTECH,492.48,TOUCHED,-0.43,below,490.35,492.48,494.17,495.85,492.48,0.681,66.6,0.035,0,2026-08-14,2026-08-17,False,False,5.0,2026-08-17T15:00:34+05:30
SCHAEFFLER,4054.15,TOUCHED,-0.6,below,4029.8,4054.15,4065.1,4076.05,4054.15,0.539,67.1,0.035,0,2026-08-14,2026-08-17,False,False,5.0,2026-08-17T15:00:34+05:30
TECHNOE,972.02,TOUCHED,-1.63,below,956.2,972.02,975.63,979.25,972.02,0.741,67.4,0.05,0,2026-08-14,2026-08-17,False,False,5.0,2026-08-17T15:00:34+05:30
YESBANK,22.84,TOUCHED,0.55,above,22.96,22.84,22.78,22.84,22.73,0.483,67.4,0.04,0,2026-08-14,2026-08-17,False,False,5.0,2026-08-17T15:00:34+05:30
BPCL,317.65,TOUCHED,0.11,inside,318.0,317.65,317.65,318.55,316.75,0.567,67.7,0.021,0,2026-08-14,2026-08-17,False,False,5.0,2026-08-17T15:00:34+05:30
KPIL,1365.35,TOUCHED,2.53,above,1399.9,1365.35,1360.97,1365.35,1356.58,0.644,67.9,0.043,0,2026-08-14,2026-08-17,False,False,5.0,2026-08-17T15:00:34+05:30
BAYERCROP,4075.9,TOUCHED,0.42,above,4093.0,4075.9,4065.87,4075.9,4055.83,0.494,68.2,0.031,0,2026-08-14,2026-08-17,False,False,5.0,2026-08-17T15:00:34+05:30
CHENNPETRO,1339.9,TOUCHED,3.22,above,1383.0,1339.9,1333.9,1339.9,1327.9,0.9,68.2,0.026,0,2026-08-14,2026-08-17,False,False,5.0,2026-08-17T15:00:34+05:30
ENRIN,3570.9,TOUCHED,0.81,above,3600.0,3570.9,3559.37,3570.9,3547.83,0.648,68.2,0.027,0,2026-08-14,2026-08-17,False,False,5.0,2026-08-17T15:00:34+05:30
HONASA,498.2,TOUCHED,-3.22,below,482.15,498.2,499.73,501.27,498.2,0.614,68.2,0.054,0,2026-08-14,2026-08-17,False,False,5.0,2026-08-17T15:00:34+05:30
MAXHEALTH,999.5,TOUCHED,-0.37,below,995.8,999.5,1002.53,1005.57,999.5,0.605,68.5,0.037,0,2026-08-14,2026-08-17,False,False,5.0,2026-08-17T15:00:34+05:30
MCX,2944.45,TOUCHED,0.33,above,2954.1,2944.45,2933.47,2944.45,2922.48,0.749,68.5,0.058,0,2026-08-14,2026-08-17,False,False,5.0,2026-08-17T15:00:34+05:30
UBL,1379.48,TOUCHED,-0.9,below,1367.0,1379.48,1382.37,1385.25,1379.48,0.417,68.8,0.026,0,2026-08-14,2026-08-17,False,False,5.0,2026-08-17T15:00:34+05:30
ADANIENSOL,1599.5,TOUCHED,-0.33,below,1594.2,1599.5,1605.0,1610.5,1599.5,0.685,69.0,0.031,0,2026-08-14,2026-08-17,False,False,5.0,2026-08-17T15:00:34+05:30
DABUR,406.98,TOUCHED,0.14,inside,407.55,406.98,406.98,407.85,406.12,0.426,69.3,0.033,0,2026-08-14,2026-08-17,False,False,5.0,2026-08-17T15:00:34+05:30
NATIONALUM,379.98,TOUCHED,2.36,above,388.95,379.98,378.65,379.98,377.33,0.7,69.3,0.04,0,2026-08-14,2026-08-17,False,False,5.0,2026-08-17T15:00:34+05:30
VMM,105.52,TOUCHED,-0.07,below,105.45,105.52,105.84,106.17,105.52,0.608,69.6,0.026,0,2026-08-14,2026-08-17,False,False,5.0,2026-08-17T15:00:34+05:30
FIVESTAR,544.02,TOUCHED,-1.75,below,534.5,544.02,546.08,548.14,544.02,0.754,69.9,0.041,0,2026-08-14,2026-08-17,False,False,5.0,2026-08-17T15:00:34+05:30
JPPOWER,17.46,TOUCHED,-0.34,below,17.4,17.46,17.53,17.6,17.46,0.799,69.9,0.037,0,2026-08-14,2026-08-17,False,False,5.0,2026-08-17T15:00:34+05:30
AIIL,567.38,TOUCHED,-1.93,below,556.45,567.38,569.85,572.33,567.38,0.869,70.4,0.055,0,2026-08-14,2026-08-17,False,False,5.0,2026-08-17T15:00:34+05:30
MAHABANK,80.88,TOUCHED,0.03,above,80.9,80.88,80.62,80.88,80.37,0.624,70.7,0.042,0,2026-08-14,2026-08-17,False,False,5.0,2026-08-17T15:00:34+05:30
ICICIBANK,1414.47,TOUCHED,0.38,above,1419.9,1414.47,1411.93,1414.47,1409.4,0.359,71.5,0.023,0,2026-08-14,2026-08-17,False,False,5.0,2026-08-17T15:00:34+05:30
BEML,1897.4,TOUCHED,0.51,above,1907.0,1897.4,1889.73,1897.4,1882.07,0.811,71.8,0.028,0,2026-08-14,2026-08-17,False,False,5.0,2026-08-17T15:00:34+05:30
HBLENGINE,681.36,TOUCHED,-0.98,below,674.7,681.36,684.22,687.07,681.36,0.836,71.8,0.036,0,2026-08-14,2026-08-17,False,False,5.0,2026-08-17T15:00:34+05:30
PCBL,312.98,TOUCHED,0.63,above,314.95,312.98,311.92,312.98,310.86,0.679,71.8,0.057,0,2026-08-14,2026-08-17,False,False,5.0,2026-08-17T15:00:34+05:30
TATAPOWER,383.03,TOUCHED,-0.31,below,381.85,383.03,384.02,385.0,383.03,0.512,71.8,0.023,0,2026-08-14,2026-08-17,False,False,5.0,2026-08-17T15:00:34+05:30
PPLPHARMA,207.4,TOUCHED,-1.58,below,204.13,207.4,208.17,208.93,207.4,0.733,72.6,0.044,0,2026-08-14,2026-08-17,False,False,5.0,2026-08-17T15:00:34+05:30
TATASTEEL,183.03,TOUCHED,1.5,above,185.78,183.03,182.56,183.03,182.1,0.513,73.2,0.019,0,2026-08-14,2026-08-17,False,False,5.0,2026-08-17T15:00:34+05:30
ADANIGREEN,1331.55,TOUCHED,-0.34,below,1327.0,1331.55,1337.03,1342.52,1331.55,0.82,73.4,0.045,0,2026-08-14,2026-08-17,False,False,5.0,2026-08-17T15:00:34+05:30
KFINTECH,936.37,TOUCHED,3.77,above,971.7,936.37,932.73,936.37,929.1,0.779,73.4,0.018,0,2026-08-14,2026-08-17,False,False,5.0,2026-08-17T15:00:34+05:30
PETRONET,281.84,TOUCHED,0.64,above,283.65,281.84,281.08,281.84,280.32,0.54,73.4,0.025,0,2026-08-14,2026-08-17,False,False,5.0,2026-08-17T15:00:34+05:30
ANURAS,1212.73,TOUCHED,-1.5,below,1194.5,1212.73,1216.07,1219.4,1212.73,0.548,73.7,0.025,0,2026-08-14,2026-08-17,False,False,5.0,2026-08-17T15:00:34+05:30
KPRMILL,1105.8,TOUCHED,2.39,above,1132.2,1105.8,1101.6,1105.8,1097.4,0.763,73.7,0.054,0,2026-08-14,2026-08-17,False,False,5.0,2026-08-17T15:00:34+05:30
DATAPATTNS,4506.37,TOUCHED,0.5,inside,4529.0,4506.37,4506.37,4531.65,4481.08,1.122,74.2,0.075,0,2026-08-14,2026-08-17,False,False,5.0,2026-08-17T15:00:34+05:30
IRCTC,500.02,TOUCHED,0.02,inside,500.1,500.02,500.02,501.27,498.76,0.503,74.2,0.037,0,2026-08-14,2026-08-17,False,False,5.0,2026-08-17T15:00:34+05:30
GMRAIRPORT,101.84,TOUCHED,-0.02,below,101.82,101.84,102.16,102.49,101.84,0.639,74.5,0.019,0,2026-08-14,2026-08-17,False,False,5.0,2026-08-17T15:00:34+05:30
M&MFIN,391.63,TOUCHED,-0.68,below,388.95,391.63,393.15,394.68,391.63,0.776,75.3,0.037,0,2026-08-14,2026-08-17,False,False,5.0,2026-08-17T15:00:34+05:30
TITAGARH,834.89,TOUCHED,-1.75,below,820.3,834.89,838.43,841.98,834.89,0.845,75.3,0.051,0,2026-08-14,2026-08-17,False,False,5.0,2026-08-17T15:00:34+05:30
BALKRISIND,2386.65,TOUCHED,0.34,above,2394.8,2386.65,2378.97,2386.65,2371.28,0.646,77.0,0.027,0,2026-08-14,2026-08-17,False,False,5.0,2026-08-17T15:00:34+05:30
INDGN,561.95,TOUCHED,0.17,above,562.9,561.95,559.9,561.95,557.85,0.732,77.0,0.023,0,2026-08-14,2026-08-17,False,False,5.0,2026-08-17T15:00:34+05:30
KAYNES,3679.95,TOUCHED,-0.57,below,3659.1,3679.95,3699.7,3719.45,3679.95,1.068,77.0,0.046,0,2026-08-14,2026-08-17,False,False,5.0,2026-08-17T15:00:34+05:30
CLEAN,831.0,TOUCHED,0.84,above,838.0,831.0,827.83,831.0,824.67,0.765,77.5,0.026,0,2026-08-14,2026-08-17,False,False,5.0,2026-08-17T15:00:34+05:30
ENDURANCE,2931.75,TOUCHED,1.84,above,2985.8,2931.75,2920.83,2931.75,2909.92,0.748,77.5,0.044,0,2026-08-14,2026-08-17,False,False,5.0,2026-08-17T15:00:34+05:30
ANANDRATHI,2181.8,TOUCHED,-0.21,below,2177.2,2181.8,2188.9,2196.0,2181.8,0.649,77.8,0.022,0,2026-08-14,2026-08-17,False,False,5.0,2026-08-17T15:00:34+05:30
CROMPTON,246.65,TOUCHED,-0.22,inside,246.1,246.65,246.65,247.48,245.82,0.669,78.4,0.025,0,2026-08-14,2026-08-17,False,False,5.0,2026-08-17T15:00:34+05:30
HYUNDAI,2207.1,TOUCHED,-0.7,below,2191.7,2207.1,2215.2,2223.3,2207.1,0.731,78.9,0.026,0,2026-08-14,2026-08-17,False,False,5.0,2026-08-17T15:00:34+05:30
CANBK,130.76,TOUCHED,0.3,above,131.15,130.76,130.27,130.76,129.78,0.75,79.2,0.023,0,2026-08-14,2026-08-17,False,False,5.0,2026-08-17T15:00:34+05:30
ELGIEQUIP,607.0,TOUCHED,2.77,above,623.8,607.0,604.5,607.0,602.0,0.827,79.2,0.04,0,2026-08-14,2026-08-17,False,False,5.0,2026-08-17T15:00:34+05:30
MRPL,173.35,TOUCHED,2.2,above,177.15,173.35,172.41,173.35,171.47,1.085,79.2,0.056,0,2026-08-14,2026-08-17,False,False,5.0,2026-08-17T15:00:34+05:30
IKS,1823.2,TOUCHED,0.32,inside,1829.0,1823.2,1823.2,1831.6,1814.8,0.921,79.7,0.02,0,2026-08-14,2026-08-17,False,False,5.0,2026-08-17T15:00:34+05:30
OLECTRA,1323.17,TOUCHED,-0.38,below,1318.1,1323.17,1329.43,1335.7,1323.17,0.943,79.7,0.034,0,2026-08-14,2026-08-17,False,False,5.0,2026-08-17T15:00:34+05:30
ENGINERSIN,244.9,TOUCHED,-2.0,below,240.0,244.9,246.13,247.35,244.9,0.994,80.3,0.04,0,2026-08-14,2026-08-17,False,False,5.0,2026-08-17T15:00:34+05:30
EXIDEIND,477.75,TOUCHED,-0.49,below,475.4,477.75,479.4,481.05,477.75,0.688,80.3,0.027,0,2026-08-14,2026-08-17,False,False,5.0,2026-08-17T15:00:34+05:30
SARDAEN,523.38,TOUCHED,-0.27,below,521.95,523.38,525.97,528.56,523.38,0.985,80.3,0.028,0,2026-08-14,2026-08-17,False,False,5.0,2026-08-17T15:00:34+05:30
ANTHEM,886.46,TOUCHED,0.97,above,895.1,886.46,882.82,886.46,879.18,0.825,81.3,0.043,0,2026-08-14,2026-08-17,False,False,5.0,2026-08-17T15:00:34+05:30
ADANIENT,3011.03,TOUCHED,0.2,inside,3017.1,3011.03,3011.03,3023.07,2999.0,0.799,81.9,0.026,0,2026-08-14,2026-08-17,False,False,5.0,2026-08-17T15:00:34+05:30
ABB,7676.67,TOUCHED,-0.05,below,7672.5,7676.67,7704.33,7732.0,7676.67,0.718,82.2,0.023,0,2026-08-14,2026-08-17,False,False,5.0,2026-08-17T15:00:34+05:30
ACUTAAS,3200.53,TOUCHED,-0.27,inside,3191.9,3200.53,3200.53,3218.07,3183.0,1.096,82.5,0.036,0,2026-08-14,2026-08-17,False,False,5.0,2026-08-17T15:00:34+05:30
TATACOMM,1725.3,TOUCHED,-0.59,below,1715.1,1725.3,1732.5,1739.7,1725.3,0.831,82.5,0.022,0,2026-08-14,2026-08-17,False,False,5.0,2026-08-17T15:00:34+05:30
LALPATHLAB,1923.58,TOUCHED,-2.47,below,1876.0,1923.58,1930.87,1938.15,1923.58,0.754,82.7,0.043,0,2026-08-14,2026-08-17,False,False,5.0,2026-08-17T15:00:34+05:30
BLS,273.83,TOUCHED,-0.96,below,271.19,273.83,275.26,276.69,273.83,1.039,83.0,0.032,0,2026-08-14,2026-08-17,False,False,5.0,2026-08-17T15:00:34+05:30
JUBLPHARMA,873.58,TOUCHED,-0.43,inside,869.85,873.58,873.58,877.48,869.69,0.891,83.0,0.019,0,2026-08-14,2026-08-17,False,False,5.0,2026-08-17T15:00:34+05:30
CGCL,227.63,TOUCHED,-0.33,below,226.88,227.63,228.73,229.84,227.63,0.968,83.3,0.049,0,2026-08-14,2026-08-17,False,False,5.0,2026-08-17T15:00:34+05:30
GRAPHITE,729.52,TOUCHED,0.03,inside,729.75,729.52,729.52,733.48,725.56,1.085,83.3,0.023,0,2026-08-14,2026-08-17,False,False,5.0,2026-08-17T15:00:34+05:30
JAINREC,299.27,TOUCHED,0.74,above,301.5,299.27,297.32,299.27,295.36,1.317,83.3,0.06,0,2026-08-14,2026-08-17,False,False,5.0,2026-08-17T15:00:34+05:30
TORNTPHARM,4874.25,TOUCHED,0.97,above,4921.5,4874.25,4860.5,4874.25,4846.75,0.566,83.3,0.025,0,2026-08-14,2026-08-17,False,False,5.0,2026-08-17T15:00:34+05:30
BERGEPAINT,549.7,TOUCHED,0.11,inside,550.3,549.7,549.7,552.0,547.4,0.837,84.4,0.013,0,2026-08-14,2026-08-17,False,False,5.0,2026-08-17T15:00:34+05:30
DEVYANI,143.05,TOUCHED,0.46,above,143.7,143.05,142.34,143.05,141.62,1.0,84.4,0.04,0,2026-08-14,2026-08-17,False,False,5.0,2026-08-17T15:00:34+05:30
REDINGTON,336.09,TOUCHED,-1.28,below,331.8,336.09,338.13,340.18,336.09,1.208,85.2,0.038,0,2026-08-14,2026-08-17,False,False,5.0,2026-08-17T15:00:34+05:30
LTF,310.65,TOUCHED,0.92,above,313.5,310.65,309.2,310.65,307.75,0.938,85.5,0.028,0,2026-08-14,2026-08-17,False,False,5.0,2026-08-17T15:00:34+05:30
ASIANPAINT,2712.53,TOUCHED,-0.28,inside,2704.9,2712.53,2712.53,2720.65,2704.42,0.598,85.8,0.021,0,2026-08-14,2026-08-17,False,False,5.0,2026-08-17T15:00:34+05:30
MRF,132635.0,TOUCHED,0.32,inside,133060.0,132635.0,132635.0,133062.5,132207.5,0.645,86.6,0.034,0,2026-08-14,2026-08-17,False,False,5.0,2026-08-17T15:00:34+05:30
PAYTM,1612.1,TOUCHED,-1.46,below,1588.6,1612.1,1621.2,1630.3,1612.1,1.123,86.8,0.053,0,2026-08-14,2026-08-17,False,False,5.0,2026-08-17T15:00:34+05:30
IDEA,13.84,TOUCHED,-0.65,below,13.75,13.84,13.93,14.02,13.84,1.292,87.1,0.046,0,2026-08-14,2026-08-17,False,False,5.0,2026-08-17T15:00:34+05:30
RECLTD,339.5,TOUCHED,0.06,above,339.7,339.5,338.0,339.5,336.5,0.888,87.1,0.016,0,2026-08-14,2026-08-17,False,False,5.0,2026-08-17T15:00:34+05:30
BATAINDIA,752.69,TOUCHED,0.52,above,756.6,752.69,749.68,752.69,746.68,0.803,87.9,0.022,0,2026-08-14,2026-08-17,False,False,5.0,2026-08-17T15:00:34+05:30
NETWEB,5130.15,TOUCHED,1.65,above,5215.0,5130.15,5089.17,5130.15,5048.18,1.611,87.9,0.054,0,2026-08-14,2026-08-17,False,False,5.0,2026-08-17T15:00:34+05:30
FLUOROCHEM,4760.45,TOUCHED,-1.06,below,4709.8,4760.45,4783.1,4805.75,4760.45,0.947,88.2,0.022,0,2026-08-14,2026-08-17,False,False,5.0,2026-08-17T15:00:34+05:30
ATUL,6761.17,TOUCHED,-0.46,below,6730.0,6761.17,6793.33,6825.5,6761.17,0.947,88.8,0.015,0,2026-08-14,2026-08-17,False,False,5.0,2026-08-17T15:00:34+05:30
SHYAMMETL,990.8,TOUCHED,-0.29,inside,987.9,990.8,990.8,995.2,986.4,0.888,88.8,0.015,0,2026-08-14,2026-08-17,False,False,5.0,2026-08-17T15:00:34+05:30
ABDL,607.5,TOUCHED,0.52,inside,610.65,607.5,607.5,611.52,603.48,1.325,89.6,0.076,0,2026-08-14,2026-08-17,False,False,5.0,2026-08-17T15:00:34+05:30
HAVELLS,1292.93,TOUCHED,1.27,above,1309.4,1292.93,1287.87,1292.93,1282.8,0.787,89.6,0.019,0,2026-08-14,2026-08-17,False,False,5.0,2026-08-17T15:00:34+05:30
LTTS,3513.83,TOUCHED,0.46,inside,3530.0,3513.83,3513.83,3532.35,3495.32,1.054,89.9,0.042,0,2026-08-14,2026-08-17,False,False,5.0,2026-08-17T15:00:34+05:30
SUMICHEM,558.4,TOUCHED,0.21,inside,559.6,558.4,558.4,561.68,555.12,1.173,89.9,0.039,0,2026-08-14,2026-08-17,False,False,5.0,2026-08-17T15:00:34+05:30
LAURUSLABS,1806.07,TOUCHED,-0.09,inside,1804.4,1806.07,1806.07,1815.45,1796.68,1.039,90.4,0.017,0,2026-08-14,2026-08-17,False,False,5.0,2026-08-17T15:00:34+05:30
ZEEL,101.55,TOUCHED,3.32,above,104.92,101.55,100.83,101.55,100.1,1.441,90.4,0.045,0,2026-08-14,2026-08-17,False,False,5.0,2026-08-17T15:00:34+05:30
AARTIIND,528.27,TOUCHED,0.01,inside,528.3,528.27,528.27,531.18,525.35,1.104,90.7,0.033,0,2026-08-14,2026-08-17,False,False,5.0,2026-08-17T15:00:34+05:30
EIDPARRY,786.98,TOUCHED,0.59,above,791.65,786.98,783.05,786.98,779.13,1.002,91.0,0.032,0,2026-08-14,2026-08-17,False,False,5.0,2026-08-17T15:00:34+05:30
ALKEM,5349.17,TOUCHED,1.26,above,5416.5,5349.17,5330.33,5349.17,5311.5,0.707,91.2,0.026,0,2026-08-14,2026-08-17,False,False,5.0,2026-08-17T15:00:34+05:30
AUROPHARMA,1630.05,TOUCHED,-0.16,below,1627.4,1630.05,1638.0,1645.95,1630.05,0.971,91.2,0.038,0,2026-08-14,2026-08-17,False,False,5.0,2026-08-17T15:00:34+05:30
RAMCOCEM,920.02,TOUCHED,0.26,above,922.45,920.02,915.75,920.02,911.48,0.934,91.2,0.045,0,2026-08-14,2026-08-17,False,False,5.0,2026-08-17T15:00:34+05:30
ADANIPORTS,1685.73,TOUCHED,0.28,inside,1690.5,1685.73,1685.73,1692.87,1678.6,0.846,91.8,0.021,0,2026-08-14,2026-08-17,False,False,5.0,2026-08-17T15:00:34+05:30
ASHOKLEY,174.62,TOUCHED,1.94,above,178.02,174.62,173.63,174.62,172.63,1.146,91.8,0.027,0,2026-08-14,2026-08-17,False,False,5.0,2026-08-17T15:00:34+05:30
NBCC,90.08,TOUCHED,-0.45,inside,89.68,90.08,90.08,90.63,89.54,1.204,91.8,0.044,0,2026-08-14,2026-08-17,False,False,5.0,2026-08-17T15:00:34+05:30
RAINBOW,1454.95,TOUCHED,0.84,above,1467.1,1454.95,1448.1,1454.95,1441.25,0.946,92.3,0.034,0,2026-08-14,2026-08-17,False,False,5.0,2026-08-17T15:00:34+05:30
BHARTIHEXA,1611.87,TOUCHED,1.5,above,1636.0,1611.87,1602.63,1611.87,1593.4,1.152,92.9,0.038,0,2026-08-14,2026-08-17,False,False,5.0,2026-08-17T15:00:34+05:30
ASAHIINDIA,926.45,TOUCHED,0.37,inside,929.9,926.45,926.45,932.83,920.08,1.376,93.7,0.045,0,2026-08-14,2026-08-17,False,False,5.0,2026-08-17T15:00:34+05:30
CONCOR,529.78,TOUCHED,-1.52,below,521.75,529.78,532.57,535.35,529.78,1.045,93.7,0.034,0,2026-08-14,2026-08-17,False,False,5.0,2026-08-17T15:00:34+05:30
FORTIS,918.53,TOUCHED,-0.55,inside,913.5,918.53,918.53,923.77,913.3,1.139,94.2,0.031,0,2026-08-14,2026-08-17,False,False,5.0,2026-08-17T15:00:34+05:30
PFIZER,4899.87,TOUCHED,-1.24,below,4838.9,4899.87,4924.93,4950.0,4899.87,1.018,94.5,0.025,0,2026-08-14,2026-08-17,False,False,5.0,2026-08-17T15:00:34+05:30
BHARTIARTL,1976.63,TOUCHED,0.25,inside,1981.6,1976.63,1976.63,1984.37,1968.9,0.782,94.8,0.014,0,2026-08-14,2026-08-17,False,False,5.0,2026-08-17T15:00:34+05:30
OFSS,11746.67,TOUCHED,0.52,above,11808.0,11746.67,11665.33,11746.67,11584.0,1.394,95.3,0.029,0,2026-08-14,2026-08-17,False,False,5.0,2026-08-17T15:00:34+05:30
BIOCON,416.97,V+N,-1.19,below,412.0,416.97,416.98,416.99,416.97,0.004,1.6,0.03,1,2026-08-14,2026-08-17,True,True,5.0,2026-08-17T15:49:35+05:30
BALRAMCHIN,624.84,V+N,4.95,above,655.75,624.84,624.83,624.84,624.83,0.003,1.9,0.025,1,2026-08-14,2026-08-17,True,True,5.0,2026-08-17T15:49:35+05:30
ELGIEQUIP,576.60,V+N,8.26,above,624.2,576.6,576.58,576.6,576.57,0.006,2.5,0.04,1,2026-08-13,2026-08-17,True,True,5.0,2026-08-17T15:49:35+05:30
SONATSOFTW,325.82,V+N,-1.67,below,320.4,325.82,325.85,325.87,325.82,0.015,3.8,0.026,1,2026-08-14,2026-08-17,True,True,5.0,2026-08-17T15:49:35+05:30
TCS,2361.23,V+N,-2.03,below,2313.2,2361.23,2361.47,2361.7,2361.23,0.02,3.8,0.029,1,2026-08-14,2026-08-17,True,True,5.0,2026-08-17T15:49:35+05:30
3MINDIA,35610.00,V+W,-1.97,below,34910.0,35610.0,35880.0,36150.0,35610.0,1.505,98.1,0.025,1,2026-08-14,2026-08-17,True,False,5.0,2026-08-17T15:49:35+05:30
SAIL,168.06,V+W,3.3,above,173.6,168.06,166.61,168.06,165.17,1.739,98.6,0.026,1,2026-08-14,2026-08-17,True,False,5.0,2026-08-17T15:49:35+05:30
360ONE,1179.25,V,-0.53,below,1173.0,1179.25,1179.5,1179.75,1179.25,0.042,6.6,0.032,1,2026-08-14,2026-08-17,True,False,5.0,2026-08-17T15:49:35+05:30
DEEPAKNTR,1722.78,V,3.35,above,1780.5,1722.78,1722.37,1722.78,1721.95,0.048,6.8,0.03,1,2026-08-14,2026-08-17,True,False,5.0,2026-08-17T15:49:35+05:30
HINDALCO,1029.36,V,2.0,above,1049.9,1029.36,1029.22,1029.36,1029.08,0.028,7.9,0.011,1,2026-08-14,2026-08-17,True,False,5.0,2026-08-17T15:49:35+05:30
AMBUJACEM,417.64,V,-0.57,below,415.25,417.64,417.78,417.93,417.64,0.068,8.8,0.035,1,2026-08-14,2026-08-17,True,False,5.0,2026-08-17T15:49:35+05:30
INDIANB,894.05,V,-1.44,below,881.2,894.05,894.35,894.65,894.05,0.067,11.0,0.027,1,2026-08-14,2026-08-17,True,False,5.0,2026-08-17T15:49:35+05:30
ECLERX,1893.75,V,-2.37,below,1848.9,1893.75,1894.83,1895.92,1893.75,0.114,11.2,0.039,1,2026-08-14,2026-08-17,True,False,5.0,2026-08-17T15:49:35+05:30
HINDUNILVR,2077.55,V,-1.09,below,2055.0,2077.55,2078.1,2078.65,2077.55,0.053,11.8,0.015,1,2026-08-14,2026-08-17,True,False,5.0,2026-08-17T15:49:35+05:30
HEXT,570.17,V,-1.61,below,561.0,570.17,570.5,570.82,570.17,0.114,13.2,0.045,1,2026-08-14,2026-08-17,True,False,5.0,2026-08-17T15:49:35+05:30
IDBI,82.51,V,-0.4,below,82.18,82.51,82.56,82.62,82.51,0.137,14.8,0.042,1,2026-08-14,2026-08-17,True,False,5.0,2026-08-17T15:49:35+05:30
GODFRYPHLP,2150.88,V,-0.92,below,2131.0,2150.88,2152.77,2154.65,2150.88,0.175,17.3,0.041,1,2026-08-14,2026-08-17,True,False,5.0,2026-08-17T15:49:35+05:30
J&KBANK,155.61,V,-4.91,below,147.97,155.61,155.74,155.87,155.61,0.167,18.6,0.029,1,2026-08-14,2026-08-17,True,False,5.0,2026-08-17T15:49:35+05:30
AMBER,7215.50,V,0.6,above,7259.0,7215.5,7209.0,7215.5,7202.5,0.18,19.2,0.031,1,2026-08-14,2026-08-17,True,False,5.0,2026-08-17T15:49:35+05:30
CHOLAFIN,1896.05,V,-0.6,below,1884.7,1896.05,1897.7,1899.35,1896.05,0.174,20.8,0.041,1,2026-08-14,2026-08-17,True,False,5.0,2026-08-17T15:49:35+05:30
BELRISE,255.60,V,-7.63,below,236.09,255.6,255.84,256.08,255.6,0.192,20.9,0.034,1,2026-08-14,2026-08-17,True,False,5.0,2026-08-17T15:49:35+05:30
DMART,4062.82,V,-1.67,below,3995.0,4062.82,4065.63,4068.45,4062.82,0.139,21.6,0.028,1,2026-08-14,2026-08-17,True,False,5.0,2026-08-17T15:49:35+05:30
TATAELXSI,3775.33,V,-0.41,below,3760.0,3775.33,3777.97,3780.6,3775.33,0.139,21.6,0.034,1,2026-08-14,2026-08-17,True,False,5.0,2026-08-17T15:49:35+05:30
TEJASNET,539.14,V,-3.02,below,522.85,539.14,539.78,540.42,539.14,0.238,22.2,0.046,1,2026-08-14,2026-08-17,True,False,5.0,2026-08-17T15:49:35+05:30
SONACOMS,794.40,V,1.35,above,805.1,794.4,793.6,794.4,792.8,0.202,23.3,0.034,1,2026-08-14,2026-08-17,True,False,5.0,2026-08-17T15:49:35+05:30
TATAINVEST,667.90,V,-2.0,below,654.55,667.9,668.5,669.1,667.9,0.18,23.3,0.023,1,2026-08-14,2026-08-17,True,False,5.0,2026-08-17T15:49:35+05:30
HINDCOPPER,530.85,V,7.87,above,572.65,530.85,530.25,530.85,529.65,0.226,24.1,0.032,1,2026-08-14,2026-08-17,True,False,5.0,2026-08-17T15:49:35+05:30
TATACHEM,671.28,V,-1.25,below,662.9,671.28,671.9,672.52,671.28,0.186,24.4,0.02,1,2026-08-14,2026-08-17,True,False,5.0,2026-08-17T15:49:35+05:30
ACMESOLAR,374.59,V,-2.59,below,364.9,374.59,375.08,375.57,374.59,0.262,24.9,0.05,1,2026-08-14,2026-08-17,True,False,5.0,2026-08-17T15:49:35+05:30
GODIGIT,259.94,V,-1.96,below,254.85,259.94,260.23,260.53,259.94,0.224,28.5,0.028,1,2026-08-14,2026-08-17,True,False,5.0,2026-08-17T15:49:35+05:30
HBLENGINE,693.95,V,-2.79,below,674.6,693.95,694.85,695.75,693.95,0.259,29.3,0.036,1,2026-08-13,2026-08-17,True,False,5.0,2026-08-17T15:49:35+05:30
WIPRO,184.16,V,-1.23,below,181.9,184.16,184.31,184.47,184.16,0.17,29.9,0.013,1,2026-08-14,2026-08-17,True,False,5.0,2026-08-17T15:49:35+05:30
IRCON,124.99,V,-0.33,below,124.57,124.99,125.18,125.38,124.99,0.312,32.1,0.042,1,2026-08-14,2026-08-17,True,False,5.0,2026-08-17T15:49:35+05:30
GAIL,174.42,V,-1.33,below,172.1,174.42,174.58,174.74,174.42,0.181,32.6,0.015,1,2026-08-14,2026-08-17,True,False,5.0,2026-08-17T15:49:35+05:30
SHRIRAMFIN,1133.75,V,-1.04,below,1122.0,1133.75,1135.2,1136.65,1133.75,0.255,33.4,0.038,1,2026-08-13,2026-08-17,True,False,5.0,2026-08-17T15:49:35+05:30
JWL,256.91,V,-1.66,below,252.65,256.91,257.32,257.73,256.91,0.317,34.8,0.044,1,2026-08-14,2026-08-17,True,False,5.0,2026-08-17T15:49:35+05:30
MANKIND,2428.55,V,-1.96,below,2380.9,2428.55,2431.9,2435.25,2428.55,0.276,35.1,0.039,1,2026-08-14,2026-08-17,True,False,5.0,2026-08-17T15:49:35+05:30
BSE,3454.17,V,-3.54,below,3332.0,3454.17,3461.33,3468.5,3454.17,0.414,35.6,0.022,1,2026-08-14,2026-08-17,True,False,5.0,2026-08-17T15:49:35+05:30
BANKBARODA,248.53,V,-0.8,below,246.55,248.53,248.84,249.14,248.53,0.248,35.9,0.012,1,2026-08-14,2026-08-17,True,False,5.0,2026-08-17T15:49:35+05:30
IDFCFIRSTB,85.80,V,-0.88,below,85.05,85.8,85.91,86.02,85.8,0.26,37.3,0.033,1,2026-08-14,2026-08-17,True,False,5.0,2026-08-17T15:49:35+05:30
NUVOCO,332.07,V,-0.29,below,331.1,332.07,332.6,333.12,332.07,0.316,38.1,0.042,1,2026-08-14,2026-08-17,True,False,5.0,2026-08-17T15:49:35+05:30
ESCORTS,3108.97,V,0.79,above,3133.6,3108.97,3104.23,3108.97,3099.5,0.305,38.9,0.041,1,2026-08-14,2026-08-17,True,False,5.0,2026-08-17T15:49:35+05:30
COCHINSHIP,1499.20,V,-2.76,below,1457.8,1499.2,1501.9,1504.6,1499.2,0.36,39.5,0.043,1,2026-08-14,2026-08-17,True,False,5.0,2026-08-17T15:49:35+05:30
RAILTEL,282.68,V,-0.97,below,279.95,282.68,283.22,283.75,282.68,0.377,40.0,0.046,1,2026-08-14,2026-08-17,True,False,5.0,2026-08-17T15:49:35+05:30
ACC,1322.77,V,-0.47,below,1316.6,1322.77,1324.13,1325.5,1322.77,0.206,41.4,0.035,1,2026-08-14,2026-08-17,True,False,5.0,2026-08-17T15:49:35+05:30
EXIDEIND,486.26,V,-2.17,below,475.7,486.26,487.02,487.77,486.26,0.311,42.7,0.027,1,2026-08-13,2026-08-17,True,False,5.0,2026-08-17T15:49:35+05:30
IRFC,87.71,V,-0.76,below,87.05,87.71,87.86,88.0,87.71,0.326,49.3,0.033,1,2026-08-14,2026-08-17,True,False,5.0,2026-08-17T15:49:35+05:30
FACT,809.49,V,-2.01,below,793.25,809.49,811.28,813.07,809.49,0.442,50.7,0.058,1,2026-08-14,2026-08-17,True,False,5.0,2026-08-17T15:49:35+05:30
LTM,4724.55,V,-0.52,below,4700.0,4724.55,4734.1,4743.65,4724.55,0.403,51.5,0.032,1,2026-08-14,2026-08-17,True,False,5.0,2026-08-17T15:49:35+05:30
NHPC,77.06,V,-0.59,below,76.6,77.06,77.22,77.38,77.06,0.41,56.7,0.035,1,2026-08-14,2026-08-17,True,False,5.0,2026-08-17T15:49:35+05:30
ABCAPITAL,402.20,V,-0.87,below,398.7,402.2,403.4,404.6,402.2,0.595,63.6,0.038,1,2026-08-14,2026-08-17,True,False,5.0,2026-08-17T15:49:35+05:30
ABFRL,56.15,V,-1.53,below,55.29,56.15,56.32,56.5,56.15,0.61,63.8,0.025,1,2026-08-14,2026-08-17,True,False,5.0,2026-08-17T15:49:35+05:30
BLUEDART,5152.33,V,-0.53,below,5125.0,5152.33,5163.67,5175.0,5152.33,0.439,64.9,0.017,1,2026-08-14,2026-08-17,True,False,5.0,2026-08-17T15:49:35+05:30
SBIN,1069.65,V,-0.79,below,1061.2,1069.65,1071.6,1073.55,1069.65,0.364,65.8,0.011,1,2026-08-14,2026-08-17,True,False,5.0,2026-08-17T15:49:35+05:30
SHREECEM,24846.67,V,-1.25,below,24535.0,24846.67,24898.33,24950.0,24846.67,0.415,67.1,0.013,1,2026-08-14,2026-08-17,True,False,5.0,2026-08-17T15:49:35+05:30
CPPLUS,3535.27,V,-5.44,below,3343.1,3535.27,3551.53,3567.8,3535.27,0.916,68.2,0.037,1,2026-08-14,2026-08-17,True,False,5.0,2026-08-17T15:49:35+05:30
AAVAS,1401.78,V,-0.85,below,1389.8,1401.78,1406.17,1410.55,1401.78,0.623,70.1,0.027,1,2026-08-14,2026-08-17,True,False,5.0,2026-08-17T15:49:35+05:30
HAL,5015.13,V,0.87,above,5059.0,5015.13,5000.37,5015.13,4985.6,0.591,71.0,0.035,1,2026-08-14,2026-08-17,True,False,5.0,2026-08-17T15:49:35+05:30
SCHNEIDER,1375.78,V,-11.89,below,1212.2,1375.78,1382.37,1388.95,1375.78,0.952,71.0,0.027,1,2026-08-14,2026-08-17,True,False,5.0,2026-08-17T15:49:35+05:30
AIAENG,4495.97,V,-2.5,below,4383.6,4495.97,4509.13,4522.3,4495.97,0.584,71.5,0.041,1,2026-08-14,2026-08-17,True,False,5.0,2026-08-17T15:49:35+05:30
BSOFT,313.27,V,-0.79,below,310.8,313.27,314.48,315.7,313.27,0.774,72.9,0.037,1,2026-08-14,2026-08-17,True,False,5.0,2026-08-17T15:49:35+05:30
NCC,141.13,V,-1.23,below,139.4,141.13,141.61,142.09,141.13,0.678,74.5,0.027,1,2026-08-14,2026-08-17,True,False,5.0,2026-08-17T15:49:35+05:30
DELHIVERY,461.35,V,-1.16,below,456.0,461.35,463.0,464.65,461.35,0.713,76.7,0.019,1,2026-08-14,2026-08-17,True,False,5.0,2026-08-17T15:49:35+05:30
THERMAX,4029.22,V,2.78,above,4141.4,4029.22,4013.53,4029.22,3997.85,0.782,77.0,0.022,1,2026-08-14,2026-08-17,True,False,5.0,2026-08-17T15:49:35+05:30
FORTIS,903.07,V,0.63,above,908.75,903.07,899.98,903.07,896.9,0.685,77.8,0.031,1,2026-08-13,2026-08-17,True,False,5.0,2026-08-17T15:49:35+05:30
NATCOPHARM,939.60,V,-5.3,below,889.8,939.6,943.63,947.67,939.6,0.855,79.2,0.019,1,2026-08-13,2026-08-17,True,False,5.0,2026-08-17T15:49:35+05:30
SUPREMEIND,3544.52,V,1.28,above,3590.0,3544.52,3530.13,3544.52,3515.75,0.815,79.7,0.043,1,2026-08-14,2026-08-17,True,False,5.0,2026-08-17T15:49:35+05:30
NSLNISP,44.70,V,-6.57,below,41.76,44.7,44.9,45.09,44.7,0.884,81.1,0.04,1,2026-08-14,2026-08-17,True,False,5.0,2026-08-17T15:49:35+05:30
ASTRAL,1562.40,V,-1.54,below,1538.3,1562.4,1568.5,1574.6,1562.4,0.778,81.4,0.032,1,2026-08-14,2026-08-17,True,False,5.0,2026-08-17T15:49:35+05:30
CIPLA,1453.92,V,-1.54,below,1431.5,1453.92,1457.83,1461.75,1453.92,0.537,85.5,0.023,1,2026-08-14,2026-08-17,True,False,5.0,2026-08-17T15:49:35+05:30
CEMPRO,1289.53,V,2.5,above,1321.8,1289.53,1280.27,1289.53,1271.0,1.448,87.7,0.053,1,2026-08-14,2026-08-17,True,False,5.0,2026-08-17T15:49:35+05:30
RHIM,382.00,V,-2.03,below,374.25,382.0,384.15,386.3,382.0,1.119,88.5,0.029,1,2026-08-14,2026-08-17,True,False,5.0,2026-08-17T15:49:35+05:30
ABBOTINDIA,27173.33,V,-0.99,below,26905.0,27173.33,27286.67,27400.0,27173.33,0.831,90.1,0.036,1,2026-08-14,2026-08-17,True,False,5.0,2026-08-17T15:49:35+05:30
EMCURE,1944.37,V,-3.62,below,1873.9,1944.37,1956.43,1968.5,1944.37,1.234,90.4,0.029,1,2026-08-14,2026-08-17,True,False,5.0,2026-08-17T15:49:35+05:30
JIOFIN,250.14,V,-0.16,below,249.75,250.14,251.23,252.33,250.14,0.869,90.7,0.022,1,2026-08-14,2026-08-17,True,False,5.0,2026-08-17T15:49:35+05:30
IPCALAB,1762.50,V,6.93,above,1884.6,1762.5,1753.07,1762.5,1743.63,1.076,91.0,0.032,1,2026-08-14,2026-08-17,True,False,5.0,2026-08-17T15:49:35+05:30
IEX,124.75,NARROW,0.44,above,125.3,124.75,124.75,124.75,124.75,0.0,0.0,0.028,0,2026-08-14,2026-08-17,False,True,5.0,2026-08-17T15:49:35+05:30
WAAREEENER,2682.00,NARROW,0.93,above,2707.0,2682.0,2682.0,2682.0,2682.0,0.0,0.0,0.043,0,2026-08-14,2026-08-17,False,True,5.0,2026-08-17T15:49:35+05:30
PHOENIXLTD,1890.05,NARROW,2.1,above,1929.8,1890.05,1890.03,1890.05,1890.02,0.002,0.8,0.047,0,2026-08-14,2026-08-17,False,True,5.0,2026-08-17T15:49:35+05:30
GALLANTT,582.04,NARROW,0.16,above,582.95,582.04,582.03,582.04,582.02,0.003,1.1,0.069,0,2026-08-14,2026-08-17,False,True,5.0,2026-08-17T15:49:35+05:30
LICHSGFIN,500.02,NARROW,-0.35,below,498.25,500.02,500.03,500.05,500.02,0.007,1.9,0.021,0,2026-08-14,2026-08-17,False,True,5.0,2026-08-17T15:49:35+05:30
CEATLTD,3689.02,NARROW,-2.18,below,3608.5,3689.02,3689.23,3689.45,3689.02,0.012,3.0,0.033,0,2026-08-14,2026-08-17,False,True,5.0,2026-08-17T15:49:35+05:30
CENTRALBK,31.39,NARROW,-0.38,below,31.27,31.39,31.39,31.4,31.39,0.021,3.0,0.041,0,2026-08-14,2026-08-17,False,True,5.0,2026-08-17T15:49:35+05:30
BAJAJHFL,84.31,NARROW,-0.37,below,84.0,84.31,84.32,84.32,84.31,0.016,3.3,0.024,0,2026-08-14,2026-08-17,False,True,5.0,2026-08-17T15:49:35+05:30
BANKINDIA,144.06,NARROW,-0.21,below,143.75,144.06,144.07,144.09,144.06,0.021,3.3,0.031,0,2026-08-14,2026-08-17,False,True,5.0,2026-08-17T15:49:35+05:30
IFCI,76.97,NARROW,2.55,above,78.93,76.97,76.96,76.97,76.95,0.026,3.3,0.1,0,2026-08-14,2026-08-17,False,True,5.0,2026-08-17T15:49:35+05:30
MAZDOCK,2578.85,NARROW,-0.35,below,2569.7,2578.85,2579.23,2579.62,2578.85,0.03,3.3,0.043,0,2026-08-14,2026-08-17,False,True,5.0,2026-08-17T15:49:35+05:30
JSL,737.73,NARROW,0.85,above,744.0,737.73,737.62,737.73,737.5,0.032,3.6,0.041,0,2026-08-14,2026-08-17,False,True,5.0,2026-08-17T15:49:35+05:30
TECHM,1632.93,NARROW,-1.4,below,1610.0,1632.93,1633.07,1633.2,1632.93,0.016,3.6,0.034,0,2026-08-14,2026-08-17,False,True,5.0,2026-08-17T15:49:35+05:30
SIGNATURE,809.35,NARROW,-0.53,below,805.05,809.35,809.45,809.55,809.35,0.025,3.8,0.028,0,2026-08-14,2026-08-17,False,True,5.0,2026-08-17T15:49:35+05:30
WOCKPHARMA,1933.03,NARROW,-1.77,below,1898.8,1933.03,1933.37,1933.7,1933.03,0.034,3.8,0.059,0,2026-08-14,2026-08-17,False,True,5.0,2026-08-17T15:49:35+05:30
JKTYRE,383.95,NARROW,-0.51,below,382.0,383.95,384.0,384.05,383.95,0.026,4.1,0.045,0,2026-08-14,2026-08-17,False,True,5.0,2026-08-17T15:49:35+05:30
UPL,563.12,NARROW,0.71,above,567.1,563.12,563.08,563.12,563.04,0.015,4.1,0.018,0,2026-08-14,2026-08-17,False,True,5.0,2026-08-17T15:49:35+05:30
AEGISLOG,1266.00,NARROW,1.67,above,1287.2,1266.0,1265.8,1266.0,1265.6,0.032,4.7,0.033,0,2026-08-14,2026-08-17,False,True,5.0,2026-08-17T15:49:35+05:30
DLF,664.91,NARROW,0.92,above,671.0,664.91,664.82,664.91,664.72,0.028,4.9,0.029,0,2026-08-14,2026-08-17,False,True,5.0,2026-08-17T15:49:35+05:30
RVNL,227.31,NARROW,0.52,above,228.5,227.31,227.27,227.31,227.24,0.034,4.9,0.034,0,2026-08-14,2026-08-17,False,True,5.0,2026-08-17T15:49:35+05:30
ZYDUSLIFE,1141.55,WIDE,-0.88,below,1131.5,1141.55,1147.9,1154.25,1141.55,1.106,97.0,0.024,0,2026-08-14,2026-08-17,False,False,5.0,2026-08-17T15:49:35+05:30
FIRSTCRY,208.60,WIDE,-0.09,below,208.41,208.6,211.11,213.62,208.6,2.379,97.3,0.06,0,2026-08-14,2026-08-17,False,False,5.0,2026-08-17T15:49:35+05:30
PAGEIND,37220.00,WIDE,0.38,inside,37360.0,37220.0,37220.0,37455.0,36985.0,1.263,97.8,0.027,0,2026-08-14,2026-08-17,False,False,5.0,2026-08-17T15:49:35+05:30
SAMMAANCAP,154.08,WIDE,-0.48,below,153.33,154.08,155.76,157.45,154.08,2.166,98.1,0.041,0,2026-08-14,2026-08-17,False,False,5.0,2026-08-17T15:49:35+05:30
WELSPUNLIV,168.30,WIDE,-0.09,inside,168.15,168.3,168.3,170.42,166.18,2.519,98.6,0.042,0,2026-08-14,2026-08-17,False,False,5.0,2026-08-17T15:49:35+05:30
APOLLOHOSP,8811.33,WIDE,0.16,inside,8825.5,8811.33,8811.33,8865.92,8756.75,1.239,99.2,0.017,0,2026-08-14,2026-08-17,False,False,5.0,2026-08-17T15:49:35+05:30
LGEINDIA,1673.55,WIDE,-0.36,below,1667.6,1673.55,1692.27,1710.98,1673.55,2.212,99.5,0.01,0,2026-08-14,2026-08-17,False,False,5.0,2026-08-17T15:49:35+05:30
MINDACORP,727.65,WIDE,-0.34,below,725.15,727.65,735.25,742.85,727.65,2.067,99.5,0.038,0,2026-08-14,2026-08-17,False,False,5.0,2026-08-17T15:49:35+05:30
COLPAL,1980.25,TOUCHED,-0.82,below,1964.0,1980.25,1980.5,1980.75,1980.25,0.025,5.2,0.024,0,2026-08-14,2026-08-17,False,False,5.0,2026-08-17T15:49:35+05:30
NAM-INDIA,1168.50,TOUCHED,2.93,above,1202.7,1168.5,1168.3,1168.5,1168.1,0.034,5.5,0.032,0,2026-08-14,2026-08-17,False,False,5.0,2026-08-17T15:49:35+05:30
RELIANCE,1309.83,TOUCHED,0.47,above,1316.0,1309.83,1309.67,1309.83,1309.5,0.025,5.5,0.024,0,2026-08-14,2026-08-17,False,False,5.0,2026-08-17T15:49:35+05:30
UCOBANK,26.01,TOUCHED,0.4,above,26.11,26.01,26.0,26.01,26.0,0.013,5.5,0.013,0,2026-08-14,2026-08-17,False,False,5.0,2026-08-17T15:49:35+05:30
SBFC,93.99,TOUCHED,-0.04,below,93.95,93.99,94.01,94.03,93.99,0.043,5.8,0.033,0,2026-08-14,2026-08-17,False,False,5.0,2026-08-17T15:49:35+05:30
CHAMBLFERT,442.83,TOUCHED,-0.85,below,439.05,442.83,442.95,443.07,442.83,0.056,6.3,0.035,0,2026-08-14,2026-08-17,False,False,5.0,2026-08-17T15:49:35+05:30
NIACL,179.05,TOUCHED,2.57,above,183.64,179.05,179.01,179.05,178.98,0.039,6.3,0.032,0,2026-08-14,2026-08-17,False,False,5.0,2026-08-17T15:49:35+05:30
PARADEEP,147.74,TOUCHED,-0.73,below,146.66,147.74,147.77,147.81,147.74,0.052,6.3,0.036,0,2026-08-14,2026-08-17,False,False,5.0,2026-08-17T15:49:35+05:30
WELCORP,1875.15,TOUCHED,0.37,above,1882.0,1875.15,1874.53,1875.15,1873.92,0.066,6.6,0.051,0,2026-08-14,2026-08-17,False,False,5.0,2026-08-17T15:49:35+05:30
EIHOTEL,300.17,TOUCHED,-1.39,below,296.0,300.17,300.23,300.29,300.17,0.039,6.8,0.03,0,2026-08-14,2026-08-17,False,False,5.0,2026-08-17T15:49:35+05:30
NEULANDLAB,23340.00,TOUCHED,1.38,above,23661.0,23340.0,23333.33,23340.0,23326.67,0.057,6.8,0.032,0,2026-08-14,2026-08-17,False,False,5.0,2026-08-17T15:49:35+05:30
SWANCORP,304.85,TOUCHED,0.11,above,305.2,304.85,304.77,304.85,304.68,0.055,6.8,0.034,0,2026-08-14,2026-08-17,False,False,5.0,2026-08-17T15:49:35+05:30
ABB,7711.83,TOUCHED,-0.67,below,7660.0,7711.83,7713.67,7715.5,7711.83,0.048,7.1,0.023,0,2026-08-13,2026-08-17,False,False,5.0,2026-08-17T15:49:35+05:30
HCLTECH,1360.23,TOUCHED,-2.59,below,1325.0,1360.23,1360.47,1360.7,1360.23,0.034,7.1,0.024,0,2026-08-14,2026-08-17,False,False,5.0,2026-08-17T15:49:35+05:30
SJVN,67.22,TOUCHED,-0.99,below,66.56,67.22,67.24,67.25,67.22,0.04,7.1,0.027,0,2026-08-14,2026-08-17,False,False,5.0,2026-08-17T15:49:35+05:30
ACE,1085.23,TOUCHED,2.62,above,1113.7,1085.23,1084.87,1085.23,1084.5,0.068,7.4,0.049,0,2026-08-14,2026-08-17,False,False,5.0,2026-08-17T15:49:35+05:30
RBLBANK,385.09,TOUCHED,-0.93,below,381.5,385.09,385.18,385.27,385.09,0.048,7.4,0.032,0,2026-08-14,2026-08-17,False,False,5.0,2026-08-17T15:49:35+05:30
HOMEFIRST,1176.12,TOUCHED,0.32,above,1179.9,1176.12,1175.73,1176.12,1175.35,0.065,7.7,0.044,0,2026-08-14,2026-08-17,False,False,5.0,2026-08-17T15:49:35+05:30
APOLLOTYRE,443.19,TOUCHED,-1.46,below,436.7,443.19,443.33,443.48,443.19,0.064,7.9,0.04,0,2026-08-13,2026-08-17,False,False,5.0,2026-08-17T15:49:35+05:30
STARHEALTH,584.62,TOUCHED,-0.06,below,584.25,584.62,584.8,584.98,584.62,0.06,7.9,0.026,0,2026-08-14,2026-08-17,False,False,5.0,2026-08-17T15:49:35+05:30
GRANULES,859.30,TOUCHED,0.26,above,861.55,859.3,859.0,859.3,858.7,0.07,8.5,0.037,0,2026-08-14,2026-08-17,False,False,5.0,2026-08-17T15:49:35+05:30
TARIL,298.21,TOUCHED,-0.64,below,296.3,298.21,298.37,298.52,298.21,0.106,9.0,0.054,0,2026-08-14,2026-08-17,False,False,5.0,2026-08-17T15:49:35+05:30
ABREL,1403.45,TOUCHED,-0.1,below,1402.1,1403.45,1404.0,1404.55,1403.45,0.078,9.3,0.025,0,2026-08-14,2026-08-17,False,False,5.0,2026-08-17T15:49:35+05:30
BAJAJHLDNG,11464.00,TOUCHED,-0.74,below,11379.0,11464.0,11467.67,11471.33,11464.0,0.064,9.3,0.025,0,2026-08-14,2026-08-17,False,False,5.0,2026-08-17T15:49:35+05:30
TIINDIA,2736.50,TOUCHED,0.18,above,2741.4,2736.5,2735.5,2736.5,2734.5,0.073,9.3,0.038,0,2026-08-14,2026-08-17,False,False,5.0,2026-08-17T15:49:35+05:30
GROWW,196.43,TOUCHED,1.15,above,198.69,196.43,196.34,196.43,196.25,0.087,9.4,0.03,0,2026-08-14,2026-08-17,False,False,5.0,2026-08-17T15:49:35+05:30
IOB,33.62,TOUCHED,0.12,above,33.66,33.62,33.61,33.62,33.6,0.06,9.9,0.034,0,2026-08-14,2026-08-17,False,False,5.0,2026-08-17T15:49:35+05:30
LINDEINDIA,6694.00,TOUCHED,0.57,above,6732.0,6694.0,6692.0,6694.0,6690.0,0.06,9.9,0.025,0,2026-08-14,2026-08-17,False,False,5.0,2026-08-17T15:49:35+05:30
CREDITACC,1550.25,TOUCHED,-0.75,below,1538.6,1550.25,1551.1,1551.95,1550.25,0.11,10.4,0.035,0,2026-08-14,2026-08-17,False,False,5.0,2026-08-17T15:49:35+05:30
DRREDDY,1199.15,TOUCHED,-0.6,below,1192.0,1199.15,1199.43,1199.72,1199.15,0.047,10.4,0.015,0,2026-08-14,2026-08-17,False,False,5.0,2026-08-17T15:49:35+05:30
UNOMINDA,1239.50,TOUCHED,2.45,above,1269.9,1239.5,1239.0,1239.5,1238.5,0.081,10.4,0.05,0,2026-08-14,2026-08-17,False,False,5.0,2026-08-17T15:49:35+05:30
ZENTEC,1856.52,TOUCHED,0.43,above,1864.5,1856.52,1855.83,1856.52,1855.15,0.074,10.4,0.016,0,2026-08-14,2026-08-17,False,False,5.0,2026-08-17T15:49:35+05:30
TBOTEK,1632.67,TOUCHED,4.12,above,1700.0,1632.67,1632.03,1632.67,1631.4,0.078,10.7,0.033,0,2026-08-14,2026-08-17,False,False,5.0,2026-08-17T15:49:35+05:30
NYKAA,330.72,TOUCHED,-1.11,below,327.05,330.72,330.82,330.91,330.72,0.055,11.0,0.027,0,2026-08-14,2026-08-17,False,False,5.0,2026-08-17T15:49:35+05:30
POLICYBZR,1741.78,TOUCHED,-0.79,below,1728.1,1741.78,1742.57,1743.35,1741.78,0.09,11.0,0.038,0,2026-08-14,2026-08-17,False,False,5.0,2026-08-17T15:49:35+05:30
POWERINDIA,35718.33,TOUCHED,-0.75,below,35450.0,35718.33,35736.67,35755.0,35718.33,0.103,11.0,0.055,0,2026-08-14,2026-08-17,False,False,5.0,2026-08-17T15:49:35+05:30
HDFCBANK,726.85,TOUCHED,0.3,above,729.0,726.85,726.7,726.85,726.55,0.041,11.2,0.019,0,2026-08-14,2026-08-17,False,False,5.0,2026-08-17T15:49:35+05:30
INDUSTOWER,384.00,TOUCHED,-1.04,below,380.0,384.0,384.12,384.23,384.0,0.061,11.2,0.022,0,2026-08-14,2026-08-17,False,False,5.0,2026-08-17T15:49:35+05:30
INDHOTEL,719.79,TOUCHED,0.03,above,720.0,719.79,719.58,719.79,719.38,0.058,11.5,0.019,0,2026-08-14,2026-08-17,False,False,5.0,2026-08-17T15:49:35+05:30
INTELLECT,699.40,TOUCHED,-0.56,below,695.45,699.4,699.8,700.2,699.4,0.114,11.5,0.042,0,2026-08-14,2026-08-17,False,False,5.0,2026-08-17T15:49:35+05:30
DIXON,14104.00,TOUCHED,-0.56,below,14025.0,14104.0,14112.67,14121.33,14104.0,0.123,12.1,0.056,0,2026-08-14,2026-08-17,False,False,5.0,2026-08-17T15:49:35+05:30
VOLTAS,1318.75,TOUCHED,-3.92,below,1267.0,1318.75,1319.33,1319.92,1318.75,0.088,12.1,0.038,0,2026-08-14,2026-08-17,False,False,5.0,2026-08-17T15:49:35+05:30
JSWSTEEL,1269.50,TOUCHED,0.65,above,1277.8,1269.5,1269.0,1269.5,1268.5,0.079,12.6,0.024,0,2026-08-14,2026-08-17,False,False,5.0,2026-08-17T15:49:35+05:30
PNB,118.05,TOUCHED,-0.62,below,117.32,118.05,118.1,118.15,118.05,0.085,12.6,0.035,0,2026-08-14,2026-08-17,False,False,5.0,2026-08-17T15:49:35+05:30
ONESOURCE,1558.13,TOUCHED,0.0,above,1558.2,1558.13,1557.07,1558.13,1556.0,0.137,12.9,0.052,0,2026-08-14,2026-08-17,False,False,5.0,2026-08-17T15:49:35+05:30
TIMKEN,3258.78,TOUCHED,0.97,above,3290.5,3258.78,3257.27,3258.78,3255.75,0.093,12.9,0.05,0,2026-08-13,2026-08-17,False,False,5.0,2026-08-17T15:49:35+05:30
LT,4055.60,TOUCHED,0.77,above,4086.7,4055.6,4054.2,4055.6,4052.8,0.069,13.2,0.024,0,2026-08-14,2026-08-17,False,False,5.0,2026-08-17T15:49:35+05:30
HINDPETRO,372.98,TOUCHED,-0.53,below,371.0,372.98,373.15,373.33,372.98,0.094,13.4,0.034,0,2026-08-14,2026-08-17,False,False,5.0,2026-08-17T15:49:35+05:30
JSWINFRA,338.70,TOUCHED,-0.97,below,335.4,338.7,338.85,339.0,338.7,0.089,13.4,0.029,0,2026-08-14,2026-08-17,False,False,5.0,2026-08-17T15:49:35+05:30
KAJARIACER,1254.02,TOUCHED,-0.19,below,1251.6,1254.02,1254.63,1255.25,1254.02,0.098,13.7,0.028,0,2026-08-14,2026-08-17,False,False,5.0,2026-08-17T15:49:35+05:30
MMTC,64.40,TOUCHED,-0.91,below,63.81,64.4,64.45,64.49,64.4,0.15,14.0,0.053,0,2026-08-14,2026-08-17,False,False,5.0,2026-08-17T15:49:35+05:30
OBEROIRLTY,1849.05,TOUCHED,4.43,above,1931.0,1849.05,1848.03,1849.05,1847.02,0.11,14.0,0.044,0,2026-08-14,2026-08-17,False,False,5.0,2026-08-17T15:49:35+05:30
TATACAP,363.77,TOUCHED,-1.24,below,359.25,363.77,363.92,364.06,363.77,0.078,14.2,0.016,0,2026-08-14,2026-08-17,False,False,5.0,2026-08-17T15:49:35+05:30
HDFCAMC,2488.70,TOUCHED,1.38,above,2523.0,2488.7,2487.47,2488.7,2486.23,0.099,14.5,0.024,0,2026-08-14,2026-08-17,False,False,5.0,2026-08-17T15:49:35+05:30
TTML,38.61,TOUCHED,-1.2,below,38.15,38.61,38.64,38.66,38.61,0.121,14.5,0.046,0,2026-08-14,2026-08-17,False,False,5.0,2026-08-17T15:49:35+05:30
BEL,410.66,TOUCHED,0.44,above,412.45,410.66,410.52,410.66,410.38,0.069,14.8,0.025,0,2026-08-14,2026-08-17,False,False,5.0,2026-08-17T15:49:35+05:30
GABRIEL,1455.60,TOUCHED,-0.9,below,1442.5,1455.6,1456.73,1457.87,1455.6,0.156,14.8,0.033,0,2026-08-14,2026-08-17,False,False,5.0,2026-08-17T15:49:35+05:30
JSWCEMENT,129.78,TOUCHED,-1.68,below,127.6,129.78,129.86,129.94,129.78,0.123,14.8,0.036,0,2026-08-14,2026-08-17,False,False,5.0,2026-08-17T15:49:35+05:30
SRF,2604.72,TOUCHED,0.43,above,2616.0,2604.72,2603.43,2604.72,2602.15,0.099,15.1,0.028,0,2026-08-14,2026-08-17,False,False,5.0,2026-08-17T15:49:35+05:30
TRENT,2979.60,TOUCHED,-1.13,below,2946.0,2979.6,2981.2,2982.8,2979.6,0.107,15.1,0.046,0,2026-08-14,2026-08-17,False,False,5.0,2026-08-17T15:49:35+05:30
MOTHERSON,168.10,TOUCHED,-0.02,inside,168.06,168.1,168.1,168.2,168.0,0.121,15.3,0.035,0,2026-08-14,2026-08-17,False,False,5.0,2026-08-17T15:49:35+05:30
NMDC,84.35,TOUCHED,1.37,above,85.5,84.35,84.3,84.35,84.24,0.123,15.6,0.028,0,2026-08-14,2026-08-17,False,False,5.0,2026-08-17T15:49:35+05:30
COROMANDEL,2093.72,TOUCHED,0.2,above,2097.9,2093.72,2092.13,2093.72,2090.55,0.151,16.2,0.04,0,2026-08-14,2026-08-17,False,False,5.0,2026-08-17T15:49:35+05:30
MARUTI,13839.83,TOUCHED,-0.58,below,13760.0,13839.83,13845.67,13851.5,13839.83,0.084,16.4,0.015,0,2026-08-14,2026-08-17,False,False,5.0,2026-08-17T15:49:35+05:30
TRAVELFOOD,1362.50,TOUCHED,-0.32,below,1358.2,1362.5,1363.3,1364.1,1362.5,0.117,17.0,0.032,0,2026-08-14,2026-08-17,False,False,5.0,2026-08-17T15:49:35+05:30
LODHA,1242.87,TOUCHED,0.9,above,1254.0,1242.87,1241.83,1242.87,1240.8,0.166,17.3,0.031,0,2026-08-14,2026-08-17,False,False,5.0,2026-08-17T15:49:35+05:30
BANDHANBNK,173.28,TOUCHED,-0.02,inside,173.25,173.28,173.28,173.4,173.17,0.135,17.5,0.026,0,2026-08-14,2026-08-17,False,False,5.0,2026-08-17T15:49:35+05:30
TENNIND,537.78,TOUCHED,1.99,above,548.45,537.78,537.3,537.78,536.83,0.177,17.7,0.018,0,2026-08-14,2026-08-17,False,False,5.0,2026-08-17T15:49:35+05:30
LEMONTREE,109.13,TOUCHED,0.38,above,109.55,109.13,109.06,109.13,108.99,0.131,18.4,0.027,0,2026-08-14,2026-08-17,False,False,5.0,2026-08-17T15:49:35+05:30
NH,1829.15,TOUCHED,-0.04,below,1828.5,1829.15,1830.3,1831.45,1829.15,0.126,18.6,0.036,0,2026-08-14,2026-08-17,False,False,5.0,2026-08-17T15:49:35+05:30
PIRAMALFIN,2063.00,TOUCHED,0.15,above,2066.1,2063.0,2061.23,2063.0,2059.47,0.171,18.8,0.05,0,2026-08-14,2026-08-17,False,False,5.0,2026-08-17T15:49:35+05:30
SUZLON,47.22,TOUCHED,3.77,above,49.0,47.22,47.18,47.22,47.14,0.17,18.9,0.033,0,2026-08-14,2026-08-17,False,False,5.0,2026-08-17T15:49:35+05:30
MANAPPURAM,347.76,TOUCHED,0.24,above,348.6,347.76,347.52,347.76,347.28,0.139,19.5,0.027,0,2026-08-14,2026-08-17,False,False,5.0,2026-08-17T15:49:35+05:30
IGL,151.81,TOUCHED,-0.53,below,151.0,151.81,151.92,152.03,151.81,0.145,19.7,0.046,0,2026-08-14,2026-08-17,False,False,5.0,2026-08-17T15:49:35+05:30
UTIAMC,908.69,TOUCHED,-0.15,below,907.3,908.69,909.33,909.98,908.69,0.141,19.7,0.043,0,2026-08-14,2026-08-17,False,False,5.0,2026-08-17T15:49:35+05:30
GRASIM,3246.77,TOUCHED,0.11,above,3250.5,3246.77,3244.83,3246.77,3242.9,0.119,20.3,0.017,0,2026-08-14,2026-08-17,False,False,5.0,2026-08-17T15:49:35+05:30
JUBLINGREA,734.73,TOUCHED,-0.26,below,732.8,734.73,735.47,736.21,734.73,0.202,20.3,0.034,0,2026-08-14,2026-08-17,False,False,5.0,2026-08-17T15:49:35+05:30
UNIONBANK,187.86,TOUCHED,0.55,above,188.9,187.86,187.7,187.86,187.54,0.172,20.3,0.047,0,2026-08-14,2026-08-17,False,False,5.0,2026-08-17T15:49:35+05:30
MEESHO,191.72,TOUCHED,1.1,above,193.82,191.72,191.53,191.72,191.35,0.195,20.6,0.027,0,2026-08-14,2026-08-17,False,False,5.0,2026-08-17T15:49:35+05:30
EMAMILTD,404.27,TOUCHED,0.06,above,404.5,404.27,403.95,404.27,403.62,0.161,21.1,0.022,0,2026-08-14,2026-08-17,False,False,5.0,2026-08-17T15:49:35+05:30
MAPMYINDIA,991.23,TOUCHED,0.05,inside,991.7,991.23,991.23,992.0,990.47,0.155,21.1,0.031,0,2026-08-14,2026-08-17,False,False,5.0,2026-08-17T15:49:35+05:30
CANFINHOME,819.12,TOUCHED,-0.58,below,814.35,819.12,819.68,820.24,819.12,0.136,21.4,0.02,0,2026-08-14,2026-08-17,False,False,5.0,2026-08-17T15:49:35+05:30
CHOLAHLDNG,1598.65,TOUCHED,-1.39,below,1576.4,1598.65,1600.1,1601.55,1598.65,0.181,21.4,0.026,0,2026-08-14,2026-08-17,False,False,5.0,2026-08-17T15:49:35+05:30
SAILIFE,1451.38,TOUCHED,-2.41,below,1416.4,1451.38,1452.87,1454.35,1451.38,0.204,21.6,0.04,0,2026-08-14,2026-08-17,False,False,5.0,2026-08-17T15:49:35+05:30
AWL,191.99,TOUCHED,0.7,above,193.34,191.99,191.82,191.99,191.65,0.177,21.9,0.044,0,2026-08-14,2026-08-17,False,False,5.0,2026-08-17T15:49:35+05:30
GODREJCP,934.97,TOUCHED,-0.75,below,928.0,934.97,935.63,936.3,934.97,0.143,21.9,0.023,0,2026-08-14,2026-08-17,False,False,5.0,2026-08-17T15:49:35+05:30
PWL,117.61,TOUCHED,2.01,above,119.97,117.61,117.45,117.61,117.28,0.278,22.0,0.073,0,2026-08-14,2026-08-17,False,False,5.0,2026-08-17T15:49:35+05:30
BLUESTARCO,1509.43,TOUCHED,-0.09,below,1508.1,1509.43,1510.87,1512.3,1509.43,0.19,22.2,0.042,0,2026-08-14,2026-08-17,False,False,5.0,2026-08-17T15:49:35+05:30
NAVA,573.25,TOUCHED,-2.37,below,559.65,573.25,573.85,574.45,573.25,0.209,22.5,0.037,0,2026-08-14,2026-08-17,False,False,5.0,2026-08-17T15:49:35+05:30
SAGILITY,42.38,TOUCHED,0.06,inside,42.4,42.38,42.38,42.42,42.33,0.228,22.5,0.047,0,2026-08-14,2026-08-17,False,False,5.0,2026-08-17T15:49:35+05:30
TRITURBINE,591.88,TOUCHED,1.02,above,597.9,591.88,591.37,591.88,590.85,0.175,22.5,0.021,0,2026-08-14,2026-08-17,False,False,5.0,2026-08-17T15:49:35+05:30
EMMVEE,320.50,TOUCHED,0.08,inside,320.75,320.5,320.5,321.0,320.0,0.312,23.0,0.042,0,2026-08-14,2026-08-17,False,False,5.0,2026-08-17T15:49:35+05:30
NLCINDIA,275.09,TOUCHED,0.93,above,277.65,275.09,274.78,275.09,274.47,0.224,23.0,0.049,0,2026-08-14,2026-08-17,False,False,5.0,2026-08-17T15:49:35+05:30
SAPPHIRE,234.99,TOUCHED,-0.13,below,234.68,234.99,235.26,235.54,234.99,0.231,23.3,0.05,0,2026-08-14,2026-08-17,False,False,5.0,2026-08-17T15:49:35+05:30
CDSL,1348.30,TOUCHED,0.63,above,1356.8,1348.3,1347.0,1348.3,1345.7,0.193,23.6,0.036,0,2026-08-14,2026-08-17,False,False,5.0,2026-08-17T15:49:35+05:30
NTPC,340.19,TOUCHED,-0.94,below,337.0,340.19,340.38,340.57,340.19,0.113,23.8,0.015,0,2026-08-14,2026-08-17,False,False,5.0,2026-08-17T15:49:35+05:30
PVRINOX,1177.45,TOUCHED,1.24,above,1192.0,1177.45,1176.3,1177.45,1175.15,0.196,23.8,0.029,0,2026-08-14,2026-08-17,False,False,5.0,2026-08-17T15:49:35+05:30
GLENMARK,2324.40,TOUCHED,0.2,above,2329.0,2324.4,2322.4,2324.4,2320.4,0.172,24.4,0.035,0,2026-08-14,2026-08-17,False,False,5.0,2026-08-17T15:49:35+05:30
PIDILITIND,1693.98,TOUCHED,-1.47,below,1669.0,1693.98,1694.97,1695.95,1693.98,0.116,24.4,0.026,0,2026-08-14,2026-08-17,False,False,5.0,2026-08-17T15:49:35+05:30
ZYDUSWELL,509.70,TOUCHED,0.09,above,510.15,509.7,509.1,509.7,508.5,0.236,24.4,0.034,0,2026-08-14,2026-08-17,False,False,5.0,2026-08-17T15:49:35+05:30
IGIL,347.15,TOUCHED,2.3,above,355.15,347.15,346.73,347.15,346.32,0.24,24.7,0.029,0,2026-08-14,2026-08-17,False,False,5.0,2026-08-17T15:49:35+05:30
RKFORGE,735.07,TOUCHED,2.71,above,755.0,735.07,734.25,735.07,733.42,0.225,24.9,0.048,0,2026-08-14,2026-08-17,False,False,5.0,2026-08-17T15:49:35+05:30
BHARATFORG,2071.65,TOUCHED,1.03,above,2093.0,2071.65,2069.43,2071.65,2067.22,0.214,25.2,0.031,0,2026-08-14,2026-08-17,False,False,5.0,2026-08-17T15:49:35+05:30
HEG,699.17,TOUCHED,-0.12,inside,698.3,699.17,699.17,700.08,698.25,0.262,25.2,0.043,0,2026-08-14,2026-08-17,False,False,5.0,2026-08-17T15:49:35+05:30
POLYMED,1788.17,TOUCHED,-3.05,below,1733.6,1788.17,1790.13,1792.1,1788.17,0.22,25.2,0.047,0,2026-08-14,2026-08-17,False,False,5.0,2026-08-17T15:49:35+05:30
VBL,435.37,TOUCHED,-0.35,below,433.85,435.37,435.73,436.1,435.37,0.168,25.5,0.03,0,2026-08-14,2026-08-17,False,False,5.0,2026-08-17T15:49:35+05:30
TEGA,1701.97,TOUCHED,2.47,above,1744.0,1701.97,1700.13,1701.97,1698.3,0.216,26.0,0.043,0,2026-08-14,2026-08-17,False,False,5.0,2026-08-17T15:49:35+05:30
ULTRACEMCO,11642.50,TOUCHED,0.33,above,11681.0,11642.5,11634.67,11642.5,11626.83,0.135,26.3,0.027,0,2026-08-14,2026-08-17,False,False,5.0,2026-08-17T15:49:35+05:30
BAJAJ-AUTO,11708.33,TOUCHED,-0.39,below,11663.0,11708.33,11716.67,11725.0,11708.33,0.142,26.8,0.028,0,2026-08-14,2026-08-17,False,False,5.0,2026-08-17T15:49:35+05:30
BHEL,423.27,TOUCHED,2.99,above,435.95,423.27,422.75,423.27,422.23,0.248,26.8,0.048,0,2026-08-14,2026-08-17,False,False,5.0,2026-08-17T15:49:35+05:30
COALINDIA,408.00,TOUCHED,0.11,above,408.45,408.0,407.7,408.0,407.4,0.147,26.8,0.022,0,2026-08-14,2026-08-17,False,False,5.0,2026-08-17T15:49:35+05:30
SAREGAMA,525.60,TOUCHED,-0.42,below,523.4,525.6,526.17,526.73,525.6,0.215,26.8,0.041,0,2026-08-14,2026-08-17,False,False,5.0,2026-08-17T15:49:35+05:30
JSWENERGY,558.35,TOUCHED,-0.51,below,555.5,558.35,558.9,559.45,558.35,0.197,27.1,0.021,0,2026-08-14,2026-08-17,False,False,5.0,2026-08-17T15:49:35+05:30
KIRLOSENG,2097.03,TOUCHED,0.22,above,2101.6,2097.03,2093.97,2097.03,2090.9,0.293,27.1,0.035,0,2026-08-14,2026-08-17,False,False,5.0,2026-08-17T15:49:35+05:30
TVSMOTOR,4318.55,TOUCHED,1.56,above,4385.9,4318.55,4314.7,4318.55,4310.85,0.178,27.4,0.019,0,2026-08-14,2026-08-17,False,False,5.0,2026-08-17T15:49:35+05:30
SOLARINDS,19945.00,TOUCHED,0.28,above,20000.0,19945.0,19921.0,19945.0,19897.0,0.241,27.7,0.057,0,2026-08-14,2026-08-17,False,False,5.0,2026-08-17T15:49:35+05:30
SUNPHARMA,1925.85,TOUCHED,-2.28,below,1882.0,1925.85,1927.23,1928.62,1925.85,0.144,27.7,0.02,0,2026-08-14,2026-08-17,False,False,5.0,2026-08-17T15:49:35+05:30
HEROMOTOCO,5795.67,TOUCHED,-0.87,below,5745.0,5795.67,5801.33,5807.0,5795.67,0.195,27.9,0.017,0,2026-08-14,2026-08-17,False,False,5.0,2026-08-17T15:49:35+05:30
INFY,1166.50,TOUCHED,-2.28,below,1139.9,1166.5,1167.4,1168.3,1166.5,0.154,28.2,0.029,0,2026-08-14,2026-08-17,False,False,5.0,2026-08-17T15:49:35+05:30
APTUS,251.43,TOUCHED,1.5,above,255.2,251.43,251.12,251.43,250.81,0.246,28.5,0.026,0,2026-08-14,2026-08-17,False,False,5.0,2026-08-17T15:49:35+05:30
ZFCVINDIA,2627.80,TOUCHED,-0.16,below,2623.7,2627.8,2630.77,2633.73,2627.8,0.226,28.5,0.038,0,2026-08-14,2026-08-17,False,False,5.0,2026-08-17T15:49:35+05:30
IRB,19.20,TOUCHED,-0.18,below,19.17,19.2,19.22,19.24,19.2,0.191,29.0,0.039,0,2026-08-14,2026-08-17,False,False,5.0,2026-08-17T15:49:35+05:30
KOTAKBANK,392.10,TOUCHED,0.15,above,392.7,392.1,391.78,392.1,391.47,0.162,29.3,0.025,0,2026-08-14,2026-08-17,False,False,5.0,2026-08-17T15:49:35+05:30
CARBORUNIV,1152.98,TOUCHED,-2.63,below,1122.7,1152.98,1154.37,1155.75,1152.98,0.24,29.9,0.029,0,2026-08-14,2026-08-17,False,False,5.0,2026-08-17T15:49:35+05:30
EICHERMOT,8073.17,TOUCHED,-0.29,below,8050.0,8073.17,8079.83,8086.5,8073.17,0.165,29.9,0.024,0,2026-08-14,2026-08-17,False,False,5.0,2026-08-17T15:49:35+05:30
BIKAJI,613.86,TOUCHED,-0.03,below,613.65,613.86,614.42,614.98,613.86,0.182,30.1,0.019,0,2026-08-14,2026-08-17,False,False,5.0,2026-08-17T15:49:35+05:30
CUMMINSIND,5394.25,TOUCHED,1.03,above,5450.0,5394.25,5388.5,5394.25,5382.75,0.213,30.1,0.018,0,2026-08-14,2026-08-17,False,False,5.0,2026-08-17T15:49:35+05:30
TITAN,5068.45,TOUCHED,0.0,above,5068.5,5068.45,5064.37,5068.45,5060.28,0.161,30.4,0.015,0,2026-08-14,2026-08-17,False,False,5.0,2026-08-17T15:49:35+05:30
CONCORDBIO,1449.13,TOUCHED,4.55,above,1515.0,1449.13,1446.97,1449.13,1444.8,0.299,30.7,0.022,0,2026-08-14,2026-08-17,False,False,5.0,2026-08-17T15:49:35+05:30
PFC,376.46,TOUCHED,-0.55,below,374.4,376.46,376.92,377.38,376.46,0.243,31.0,0.036,0,2026-08-14,2026-08-17,False,False,5.0,2026-08-17T15:49:35+05:30
MFSL,1543.05,TOUCHED,1.86,above,1571.7,1543.05,1541.4,1543.05,1539.75,0.214,31.5,0.019,0,2026-08-14,2026-08-17,False,False,5.0,2026-08-17T15:49:35+05:30
THELEELA,508.12,TOUCHED,-1.01,below,503.0,508.12,508.77,509.41,508.12,0.252,31.6,0.03,0,2026-08-14,2026-08-17,False,False,5.0,2026-08-17T15:49:35+05:30
CAPLIPOINT,2490.15,TOUCHED,1.28,above,2522.0,2490.15,2486.93,2490.15,2483.72,0.259,31.8,0.032,0,2026-08-14,2026-08-17,False,False,5.0,2026-08-17T15:49:35+05:30
PTCIL,19124.50,TOUCHED,7.63,above,20584.0,19124.5,19099.67,19124.5,19074.83,0.26,31.8,0.025,0,2026-08-14,2026-08-17,False,False,5.0,2026-08-17T15:49:35+05:30
DOMS,2218.13,TOUCHED,-0.0,below,2218.1,2218.13,2220.37,2222.6,2218.13,0.201,32.1,0.027,0,2026-08-14,2026-08-17,False,False,5.0,2026-08-17T15:49:35+05:30
CCL,1134.58,TOUCHED,-0.37,below,1130.4,1134.58,1135.77,1136.95,1134.58,0.208,32.3,0.021,0,2026-08-14,2026-08-17,False,False,5.0,2026-08-17T15:49:35+05:30
ICICIGI,1626.60,TOUCHED,-0.02,inside,1626.3,1626.6,1626.6,1628.3,1624.9,0.209,32.3,0.022,0,2026-08-14,2026-08-17,False,False,5.0,2026-08-17T15:49:35+05:30
FORCEMOT,18492.00,TOUCHED,0.61,above,18605.0,18492.0,18448.33,18492.0,18404.67,0.473,32.6,0.05,0,2026-08-14,2026-08-17,False,False,5.0,2026-08-17T15:49:35+05:30
GRAVITA,1802.20,TOUCHED,1.08,above,1821.7,1802.2,1799.57,1802.2,1796.93,0.293,32.6,0.033,0,2026-08-14,2026-08-17,False,False,5.0,2026-08-17T15:49:35+05:30
COFORGE,1814.77,TOUCHED,-0.48,below,1806.0,1814.77,1817.53,1820.3,1814.77,0.304,32.9,0.032,0,2026-08-14,2026-08-17,False,False,5.0,2026-08-17T15:49:35+05:30
GRSE,2623.97,TOUCHED,-0.91,below,2600.1,2623.97,2629.33,2634.7,2623.97,0.408,32.9,0.074,0,2026-08-14,2026-08-17,False,False,5.0,2026-08-17T15:49:35+05:30
VTL,593.17,TOUCHED,2.04,above,605.25,593.17,592.32,593.17,591.46,0.29,32.9,0.031,0,2026-08-14,2026-08-17,False,False,5.0,2026-08-17T15:49:35+05:30
IOC,139.54,TOUCHED,-0.67,below,138.61,139.54,139.69,139.84,139.54,0.208,33.4,0.021,0,2026-08-14,2026-08-17,False,False,5.0,2026-08-17T15:49:35+05:30
CANHLIFE,148.92,TOUCHED,-0.02,below,148.9,148.92,149.14,149.35,148.92,0.286,33.8,0.019,0,2026-08-14,2026-08-17,False,False,5.0,2026-08-17T15:49:35+05:30
LLOYDSME,1915.33,TOUCHED,1.39,above,1942.0,1915.33,1912.07,1915.33,1908.8,0.342,34.2,0.035,0,2026-08-14,2026-08-17,False,False,5.0,2026-08-17T15:49:35+05:30
NTPCGREEN,92.14,TOUCHED,0.0,inside,92.14,92.14,92.14,92.24,92.03,0.228,34.2,0.015,0,2026-08-14,2026-08-17,False,False,5.0,2026-08-17T15:49:35+05:30
SYNGENE,401.01,TOUCHED,0.5,above,403.0,401.01,400.57,401.01,400.12,0.221,34.2,0.026,0,2026-08-14,2026-08-17,False,False,5.0,2026-08-17T15:49:35+05:30
HSCL,784.83,TOUCHED,0.33,above,787.4,784.83,783.57,784.83,782.31,0.321,34.5,0.035,0,2026-08-14,2026-08-17,False,False,5.0,2026-08-17T15:49:35+05:30
PIIND,2483.00,TOUCHED,-0.44,below,2472.0,2483.0,2485.37,2487.73,2483.0,0.19,34.5,0.03,0,2026-08-14,2026-08-17,False,False,5.0,2026-08-17T15:49:35+05:30
GILLETTE,7609.08,TOUCHED,-0.52,below,7569.5,7609.08,7618.17,7627.25,7609.08,0.238,35.1,0.029,0,2026-08-14,2026-08-17,False,False,5.0,2026-08-17T15:49:35+05:30
JINDALSAW,266.66,TOUCHED,1.4,above,270.4,266.66,266.22,266.66,265.77,0.332,35.9,0.038,0,2026-08-14,2026-08-17,False,False,5.0,2026-08-17T15:49:35+05:30
JINDALSTEL,1095.80,TOUCHED,1.85,above,1116.1,1095.8,1094.37,1095.8,1092.93,0.262,35.9,0.034,0,2026-08-14,2026-08-17,False,False,5.0,2026-08-17T15:49:35+05:30
POLYCAB,9277.00,TOUCHED,1.0,above,9370.0,9277.0,9264.67,9277.0,9252.33,0.266,35.9,0.035,0,2026-08-14,2026-08-17,False,False,5.0,2026-08-17T15:49:35+05:30
NAVINFLUOR,8249.75,TOUCHED,-1.2,below,8151.0,8249.75,8264.5,8279.25,8249.75,0.357,36.2,0.045,0,2026-08-14,2026-08-17,False,False,5.0,2026-08-17T15:49:35+05:30
ATGL,654.91,TOUCHED,-1.22,below,646.9,654.91,655.77,656.62,654.91,0.262,37.0,0.031,0,2026-08-14,2026-08-17,False,False,5.0,2026-08-17T15:49:35+05:30
ATHERENERG,1514.82,TOUCHED,-1.96,below,1485.2,1514.82,1518.13,1521.45,1514.82,0.437,37.0,0.062,0,2026-08-14,2026-08-17,False,False,5.0,2026-08-17T15:49:35+05:30
KEC,440.64,TOUCHED,-0.97,below,436.35,440.64,441.38,442.12,440.64,0.336,37.0,0.023,0,2026-08-14,2026-08-17,False,False,5.0,2026-08-17T15:49:35+05:30
LATENTVIEW,285.68,TOUCHED,-0.06,below,285.5,285.68,286.17,286.65,285.68,0.338,37.3,0.04,0,2026-08-14,2026-08-17,False,False,5.0,2026-08-17T15:49:35+05:30
DALBHARAT,1839.88,TOUCHED,0.22,above,1844.0,1839.88,1837.77,1839.88,1835.65,0.23,37.8,0.028,0,2026-08-14,2026-08-17,False,False,5.0,2026-08-17T15:49:35+05:30
ELECON,435.20,TOUCHED,0.7,above,438.25,435.2,434.25,435.2,433.3,0.438,37.8,0.036,0,2026-08-14,2026-08-17,False,False,5.0,2026-08-17T15:49:35+05:30
MARICO,862.35,TOUCHED,-1.19,below,852.05,862.35,863.3,864.25,862.35,0.22,37.8,0.018,0,2026-08-14,2026-08-17,False,False,5.0,2026-08-17T15:49:35+05:30
AXISBANK,1216.15,TOUCHED,0.92,above,1227.3,1216.15,1214.9,1216.15,1213.65,0.206,38.1,0.024,0,2026-08-14,2026-08-17,False,False,5.0,2026-08-17T15:49:35+05:30
RPOWER,23.04,TOUCHED,-1.38,below,22.72,23.04,23.1,23.15,23.04,0.505,38.1,0.079,0,2026-08-14,2026-08-17,False,False,5.0,2026-08-17T15:49:35+05:30
AADHARHFC,498.82,TOUCHED,-2.24,below,487.65,498.82,499.43,500.05,498.82,0.247,38.6,0.025,0,2026-08-14,2026-08-17,False,False,5.0,2026-08-17T15:49:35+05:30
CHALET,823.79,TOUCHED,2.54,above,844.7,823.79,822.48,823.79,821.17,0.318,38.6,0.023,0,2026-08-14,2026-08-17,False,False,5.0,2026-08-17T15:49:35+05:30
IIFL,632.22,TOUCHED,-0.34,below,630.05,632.22,633.28,634.35,632.22,0.337,38.6,0.027,0,2026-08-14,2026-08-17,False,False,5.0,2026-08-17T15:49:35+05:30
JYOTICNC,831.70,TOUCHED,3.16,above,857.95,831.7,830.1,831.7,828.5,0.385,38.6,0.027,0,2026-08-14,2026-08-17,False,False,5.0,2026-08-17T15:49:35+05:30
TMPV,333.38,TOUCHED,-0.95,below,330.2,333.38,333.75,334.12,333.38,0.225,38.9,0.02,0,2026-08-14,2026-08-17,False,False,5.0,2026-08-17T15:49:35+05:30
CASTROLIND,187.26,TOUCHED,0.15,above,187.55,187.26,187.11,187.26,186.97,0.157,39.2,0.014,0,2026-08-14,2026-08-17,False,False,5.0,2026-08-17T15:49:35+05:30
CRISIL,4469.10,TOUCHED,0.43,above,4488.3,4469.1,4462.3,4469.1,4455.5,0.305,39.5,0.05,0,2026-08-14,2026-08-17,False,False,5.0,2026-08-17T15:49:35+05:30
HONAUT,37060.00,TOUCHED,-1.78,below,36400.0,37060.0,37108.33,37156.67,37060.0,0.26,39.5,0.023,0,2026-08-14,2026-08-17,False,False,5.0,2026-08-17T15:49:35+05:30
INDIAMART,1792.43,TOUCHED,-1.25,below,1770.0,1792.43,1794.97,1797.5,1792.43,0.282,39.7,0.026,0,2026-08-14,2026-08-17,False,False,5.0,2026-08-17T15:49:35+05:30
NUVAMA,1679.05,TOUCHED,3.11,above,1731.2,1679.05,1676.07,1679.05,1673.08,0.356,39.7,0.025,0,2026-08-14,2026-08-17,False,False,5.0,2026-08-17T15:49:35+05:30
VEDL,268.82,TOUCHED,0.33,above,269.7,268.82,268.38,268.82,267.94,0.329,40.0,0.028,0,2026-08-14,2026-08-17,False,False,5.0,2026-08-17T15:49:35+05:30
SUNDARMFIN,4490.00,TOUCHED,0.76,above,4523.9,4490.0,4483.5,4490.0,4477.0,0.29,40.3,0.03,0,2026-08-14,2026-08-17,False,False,5.0,2026-08-17T15:49:35+05:30
LTFOODS,420.58,TOUCHED,-0.82,below,417.15,420.58,421.37,422.15,420.58,0.372,40.5,0.036,0,2026-08-14,2026-08-17,False,False,5.0,2026-08-17T15:49:35+05:30
GVT&D,4319.85,TOUCHED,-0.69,below,4290.0,4319.85,4329.9,4339.95,4319.85,0.464,40.8,0.025,0,2026-08-14,2026-08-17,False,False,5.0,2026-08-17T15:49:35+05:30
POWERGRID,266.36,TOUCHED,-0.08,below,266.15,266.36,266.67,266.98,266.36,0.231,40.8,0.017,0,2026-08-14,2026-08-17,False,False,5.0,2026-08-17T15:49:35+05:30
MOTILALOFS,901.79,TOUCHED,5.9,above,955.0,901.79,899.88,901.79,897.98,0.424,41.4,0.045,0,2026-08-14,2026-08-17,False,False,5.0,2026-08-17T15:49:35+05:30
HDFCLIFE,537.80,TOUCHED,0.97,above,543.0,537.8,537.15,537.8,536.5,0.242,41.9,0.018,0,2026-08-14,2026-08-17,False,False,5.0,2026-08-17T15:49:35+05:30
SOBHA,1330.57,TOUCHED,-0.72,below,1321.0,1330.57,1332.93,1335.3,1330.57,0.355,41.9,0.029,0,2026-08-14,2026-08-17,False,False,5.0,2026-08-17T15:49:35+05:30
INDIACEM,376.63,TOUCHED,-0.13,inside,376.15,376.63,376.63,377.3,375.97,0.354,42.2,0.035,0,2026-08-14,2026-08-17,False,False,5.0,2026-08-17T15:49:35+05:30
AEGISVOPAK,269.82,TOUCHED,-0.12,below,269.5,269.82,270.53,271.25,269.82,0.53,42.6,0.04,0,2026-08-14,2026-08-17,False,False,5.0,2026-08-17T15:49:35+05:30
JKCEMENT,5334.50,TOUCHED,0.1,above,5340.0,5334.5,5325.17,5334.5,5315.83,0.351,43.0,0.033,0,2026-08-14,2026-08-17,False,False,5.0,2026-08-17T15:49:35+05:30
TATATECH,863.85,TOUCHED,-2.57,below,841.65,863.85,865.2,866.55,863.85,0.312,43.6,0.035,0,2026-08-14,2026-08-17,False,False,5.0,2026-08-17T15:49:35+05:30
ASTERDM,823.82,TOUCHED,-0.49,below,819.75,823.82,825.3,826.77,823.82,0.357,44.1,0.028,0,2026-08-14,2026-08-17,False,False,5.0,2026-08-17T15:49:35+05:30
CUB,210.00,TOUCHED,2.47,above,215.2,210.0,209.55,210.0,209.09,0.434,44.1,0.034,0,2026-08-14,2026-08-17,False,False,5.0,2026-08-17T15:49:35+05:30
PNBHOUSING,1152.45,TOUCHED,-0.14,below,1150.8,1152.45,1154.4,1156.35,1152.45,0.338,44.1,0.027,0,2026-08-14,2026-08-17,False,False,5.0,2026-08-17T15:49:35+05:30
CGPOWER,888.56,TOUCHED,1.15,above,898.8,888.56,886.97,888.56,885.38,0.359,44.4,0.039,0,2026-08-14,2026-08-17,False,False,5.0,2026-08-17T15:49:35+05:30
ANANTRAJ,626.63,TOUCHED,0.15,inside,627.55,626.63,626.63,628.29,624.98,0.529,44.9,0.086,0,2026-08-14,2026-08-17,False,False,5.0,2026-08-17T15:49:35+05:30
COHANCE,443.60,TOUCHED,0.26,above,444.75,443.6,442.62,443.6,441.63,0.444,44.9,0.022,0,2026-08-14,2026-08-17,False,False,5.0,2026-08-17T15:49:35+05:30
KARURVYSYA,333.65,TOUCHED,0.1,above,334.0,333.65,333.02,333.65,332.38,0.38,45.5,0.038,0,2026-08-14,2026-08-17,False,False,5.0,2026-08-17T15:49:35+05:30
ARE&M,947.48,TOUCHED,-0.19,below,945.7,947.48,949.0,950.52,947.48,0.321,46.0,0.024,0,2026-08-14,2026-08-17,False,False,5.0,2026-08-17T15:49:35+05:30
BAJFINANCE,1090.23,TOUCHED,-0.09,inside,1089.3,1090.23,1090.23,1091.85,1088.62,0.297,46.0,0.029,0,2026-08-14,2026-08-17,False,False,5.0,2026-08-17T15:49:35+05:30
BRIGADE,594.18,TOUCHED,-0.08,inside,593.7,594.18,594.18,595.5,592.87,0.443,46.0,0.024,0,2026-08-14,2026-08-17,False,False,5.0,2026-08-17T15:49:35+05:30
BOSCHLTD,46965.00,TOUCHED,0.01,inside,46970.0,46965.0,46965.0,47032.5,46897.5,0.287,46.3,0.029,0,2026-08-14,2026-08-17,False,False,5.0,2026-08-17T15:49:35+05:30
PRESTIGE,1596.05,TOUCHED,-0.26,below,1591.9,1596.05,1599.6,1603.15,1596.05,0.444,46.3,0.056,0,2026-08-14,2026-08-17,False,False,5.0,2026-08-17T15:49:35+05:30
JBMA,624.29,TOUCHED,-0.47,below,621.35,624.29,625.63,626.98,624.29,0.429,46.8,0.033,0,2026-08-14,2026-08-17,False,False,5.0,2026-08-17T15:49:35+05:30
IREDA,116.70,TOUCHED,0.13,inside,116.85,116.7,116.7,116.92,116.47,0.386,47.4,0.048,0,2026-08-14,2026-08-17,False,False,5.0,2026-08-17T15:49:35+05:30
KALYANKJIL,610.98,TOUCHED,-0.16,inside,610.0,610.98,610.98,612.35,609.62,0.447,47.4,0.038,0,2026-08-14,2026-08-17,False,False,5.0,2026-08-17T15:49:35+05:30
KEI,5733.60,TOUCHED,2.43,above,5873.0,5733.6,5722.4,5733.6,5711.2,0.391,47.4,0.026,0,2026-08-14,2026-08-17,False,False,5.0,2026-08-17T15:49:35+05:30
FEDERALBNK,352.82,TOUCHED,0.36,above,354.1,352.82,352.32,352.82,351.81,0.289,47.7,0.027,0,2026-08-14,2026-08-17,False,False,5.0,2026-08-17T15:49:35+05:30
SWIGGY,278.52,TOUCHED,0.1,above,278.8,278.52,277.78,278.52,277.04,0.534,47.7,0.045,0,2026-08-14,2026-08-17,False,False,5.0,2026-08-17T15:49:35+05:30
SBICARD,635.98,TOUCHED,0.91,above,641.75,635.98,634.98,635.98,633.99,0.312,47.9,0.029,0,2026-08-14,2026-08-17,False,False,5.0,2026-08-17T15:49:35+05:30
MSUMI,40.44,TOUCHED,-0.27,below,40.33,40.44,40.53,40.61,40.44,0.436,48.2,0.031,0,2026-08-14,2026-08-17,False,False,5.0,2026-08-17T15:49:35+05:30
AJANTPHARM,3665.82,TOUCHED,1.43,above,3718.2,3665.82,3658.83,3665.82,3651.85,0.382,48.5,0.04,0,2026-08-14,2026-08-17,False,False,5.0,2026-08-17T15:49:35+05:30
MGL,1140.80,TOUCHED,-1.03,below,1129.1,1140.8,1142.9,1145.0,1140.8,0.367,48.8,0.034,0,2026-08-14,2026-08-17,False,False,5.0,2026-08-17T15:49:35+05:30
RADICO,4641.02,TOUCHED,1.13,above,4693.4,4641.02,4632.03,4641.02,4623.05,0.388,48.8,0.021,0,2026-08-14,2026-08-17,False,False,5.0,2026-08-17T15:49:35+05:30
SUNTV,487.53,TOUCHED,0.15,above,488.25,487.53,486.55,487.53,485.58,0.401,49.0,0.024,0,2026-08-14,2026-08-17,False,False,5.0,2026-08-17T15:49:35+05:30
RRKABEL,2792.13,TOUCHED,-1.56,below,2748.6,2792.13,2798.67,2805.2,2792.13,0.467,49.3,0.045,0,2026-08-14,2026-08-17,False,False,5.0,2026-08-17T15:49:35+05:30
CESC,168.80,TOUCHED,0.84,above,170.22,168.8,168.48,168.8,168.15,0.384,49.6,0.037,0,2026-08-14,2026-08-17,False,False,5.0,2026-08-17T15:49:35+05:30
KPITTECH,615.38,TOUCHED,-1.04,below,609.0,615.38,616.75,618.12,615.38,0.446,49.9,0.044,0,2026-08-14,2026-08-17,False,False,5.0,2026-08-17T15:49:35+05:30
ICICIAMC,3120.00,TOUCHED,0.51,above,3136.0,3120.0,3112.63,3120.0,3105.27,0.473,50.0,0.031,0,2026-08-14,2026-08-17,False,False,5.0,2026-08-17T15:49:35+05:30
INOXWIND,74.20,TOUCHED,5.3,above,78.13,74.2,74.02,74.2,73.85,0.477,50.1,0.041,0,2026-08-14,2026-08-17,False,False,5.0,2026-08-17T15:49:35+05:30
SCI,293.07,TOUCHED,-2.27,below,286.4,293.07,293.88,294.7,293.07,0.556,50.4,0.045,0,2026-08-14,2026-08-17,False,False,5.0,2026-08-17T15:49:35+05:30
OLAELEC,39.12,TOUCHED,0.24,above,39.22,39.12,38.99,39.12,38.86,0.675,50.7,0.074,0,2026-08-14,2026-08-17,False,False,5.0,2026-08-17T15:49:35+05:30
ONGC,237.43,TOUCHED,0.45,above,238.49,237.43,237.08,237.43,236.74,0.288,51.0,0.028,0,2026-08-14,2026-08-17,False,False,5.0,2026-08-17T15:49:35+05:30
SPLPETRO,722.85,TOUCHED,0.08,inside,723.45,722.85,722.85,724.7,721.0,0.512,51.0,0.039,0,2026-08-14,2026-08-17,False,False,5.0,2026-08-17T15:49:35+05:30
MPHASIS,2528.95,TOUCHED,-0.75,below,2510.0,2528.95,2534.3,2539.65,2528.95,0.422,51.2,0.024,0,2026-08-14,2026-08-17,False,False,5.0,2026-08-17T15:49:35+05:30
GLAXO,2683.37,TOUCHED,0.73,above,2702.9,2683.37,2677.93,2683.37,2672.5,0.406,51.5,0.026,0,2026-08-14,2026-08-17,False,False,5.0,2026-08-17T15:49:35+05:30
ITCHOTELS,165.90,TOUCHED,0.27,above,166.36,165.9,165.58,165.9,165.25,0.393,52.1,0.038,0,2026-08-14,2026-08-17,False,False,5.0,2026-08-17T15:49:35+05:30
GESHIP,1289.00,TOUCHED,-1.09,below,1274.9,1289.0,1292.27,1295.53,1289.0,0.506,52.9,0.037,0,2026-08-13,2026-08-17,False,False,5.0,2026-08-17T15:49:35+05:30
NESTLEIND,1501.38,TOUCHED,-2.09,below,1470.0,1501.38,1503.67,1505.95,1501.38,0.304,52.9,0.033,0,2026-08-14,2026-08-17,False,False,5.0,2026-08-17T15:49:35+05:30
PATANJALI,351.51,TOUCHED,0.68,above,353.9,351.51,351.02,351.51,350.53,0.28,52.9,0.019,0,2026-08-14,2026-08-17,False,False,5.0,2026-08-17T15:49:35+05:30
ICICIPRULI,507.38,TOUCHED,-0.08,inside,507.0,507.38,507.38,508.27,506.5,0.348,53.2,0.023,0,2026-08-14,2026-08-17,False,False,5.0,2026-08-17T15:49:35+05:30
NAUKRI,1352.05,TOUCHED,0.28,above,1355.8,1352.05,1349.03,1352.05,1346.02,0.447,53.2,0.023,0,2026-08-14,2026-08-17,False,False,5.0,2026-08-17T15:49:35+05:30
GICRE,351.43,TOUCHED,1.16,above,355.5,351.43,350.77,351.43,350.1,0.38,53.4,0.032,0,2026-08-14,2026-08-17,False,False,5.0,2026-08-17T15:49:35+05:30
ADANIPOWER,205.69,TOUCHED,-1.04,below,203.56,205.69,206.13,206.57,205.69,0.427,54.2,0.053,0,2026-08-14,2026-08-17,False,False,5.0,2026-08-17T15:49:35+05:30
CYIENT,869.03,TOUCHED,-0.12,below,868.0,869.03,871.02,873.0,869.03,0.455,54.2,0.024,0,2026-08-14,2026-08-17,False,False,5.0,2026-08-17T15:49:35+05:30
INDIGO,5320.00,TOUCHED,-0.84,below,5275.5,5320.0,5330.0,5340.0,5320.0,0.375,54.5,0.024,0,2026-08-14,2026-08-17,False,False,5.0,2026-08-17T15:49:35+05:30
UNITDSPR,1533.27,TOUCHED,0.77,above,1545.0,1533.27,1530.53,1533.27,1527.8,0.357,54.5,0.033,0,2026-08-14,2026-08-17,False,False,5.0,2026-08-17T15:49:35+05:30
WHIRLPOOL,780.84,TOUCHED,-0.45,below,777.35,780.84,782.78,784.73,780.84,0.496,54.5,0.045,0,2026-08-14,2026-08-17,False,False,5.0,2026-08-17T15:49:35+05:30
ETERNAL,319.30,TOUCHED,-0.41,below,318.0,319.3,320.1,320.9,319.3,0.5,54.8,0.028,0,2026-08-14,2026-08-17,False,False,5.0,2026-08-17T15:49:35+05:30
TORNTPOWER,1315.50,TOUCHED,-0.21,inside,1312.8,1315.5,1315.5,1318.7,1312.3,0.487,54.8,0.031,0,2026-08-14,2026-08-17,False,False,5.0,2026-08-17T15:49:35+05:30
LENSKART,608.53,TOUCHED,-0.15,inside,607.6,608.53,608.53,610.19,606.88,0.545,54.9,0.03,0,2026-08-14,2026-08-17,False,False,5.0,2026-08-17T15:49:35+05:30
SYRMA,1469.92,TOUCHED,-0.14,below,1467.9,1469.92,1474.63,1479.35,1469.92,0.64,55.1,0.045,0,2026-08-14,2026-08-17,False,False,5.0,2026-08-17T15:49:35+05:30
AUBANK,1084.03,TOUCHED,-1.09,below,1072.2,1084.03,1086.17,1088.3,1084.03,0.393,55.3,0.016,0,2026-08-14,2026-08-17,False,False,5.0,2026-08-17T15:49:35+05:30
AFCONS,270.58,TOUCHED,0.42,above,271.7,270.58,269.98,270.58,269.39,0.438,55.6,0.024,0,2026-08-14,2026-08-17,False,False,5.0,2026-08-17T15:49:35+05:30
DIVISLAB,8491.33,TOUCHED,-0.12,below,8481.5,8491.33,8505.67,8520.0,8491.33,0.337,55.6,0.021,0,2026-08-14,2026-08-17,False,False,5.0,2026-08-17T15:49:35+05:30
PFOCUS,270.87,TOUCHED,-1.65,below,266.4,270.87,272.13,273.4,270.87,0.931,55.6,0.05,0,2026-08-14,2026-08-17,False,False,5.0,2026-08-17T15:49:35+05:30
ABLBL,89.44,TOUCHED,0.53,above,89.92,89.44,89.22,89.44,88.99,0.504,55.7,0.055,0,2026-08-14,2026-08-17,False,False,5.0,2026-08-17T15:49:35+05:30
BLUEJET,591.10,TOUCHED,0.36,above,593.2,591.1,588.9,591.1,586.7,0.747,56.7,0.042,0,2026-08-14,2026-08-17,False,False,5.0,2026-08-17T15:49:35+05:30
GODREJIND,1255.68,TOUCHED,-2.6,below,1223.0,1255.68,1258.87,1262.05,1255.68,0.506,56.7,0.047,0,2026-08-14,2026-08-17,False,False,5.0,2026-08-17T15:49:35+05:30
USHAMART,491.53,TOUCHED,1.33,above,498.05,491.53,490.33,491.53,489.14,0.486,56.7,0.035,0,2026-08-14,2026-08-17,False,False,5.0,2026-08-17T15:49:35+05:30
PINELABS,165.47,TOUCHED,-1.72,below,162.63,165.47,166.09,166.7,165.47,0.739,57.1,0.057,0,2026-08-14,2026-08-17,False,False,5.0,2026-08-17T15:49:35+05:30
TMCV,475.66,TOUCHED,-1.11,below,470.4,475.66,477.02,478.38,475.66,0.57,57.1,0.024,0,2026-08-14,2026-08-17,False,False,5.0,2026-08-17T15:49:35+05:30
CARTRADE,2787.05,TOUCHED,0.35,above,2796.9,2787.05,2776.3,2787.05,2765.55,0.774,57.3,0.061,0,2026-08-14,2026-08-17,False,False,5.0,2026-08-17T15:49:35+05:30
CIEINDIA,410.48,TOUCHED,0.2,inside,411.3,410.48,410.48,411.43,409.54,0.459,57.3,0.029,0,2026-08-13,2026-08-17,False,False,5.0,2026-08-17T15:49:35+05:30
HDBFS,684.60,TOUCHED,-0.1,inside,683.9,684.6,684.6,685.78,683.43,0.343,57.3,0.023,0,2026-08-14,2026-08-17,False,False,5.0,2026-08-17T15:49:35+05:30
ITC,277.15,TOUCHED,-1.48,below,273.05,277.15,277.5,277.85,277.15,0.252,57.5,0.021,0,2026-08-14,2026-08-17,False,False,5.0,2026-08-17T15:49:35+05:30
GLAND,2977.87,TOUCHED,-2.27,below,2910.2,2977.87,2985.53,2993.2,2977.87,0.514,58.1,0.04,0,2026-08-14,2026-08-17,False,False,5.0,2026-08-17T15:49:35+05:30
JSWDULUX,3147.65,TOUCHED,-0.25,below,3139.8,3147.65,3154.23,3160.82,3147.65,0.417,58.4,0.022,0,2026-08-14,2026-08-17,False,False,5.0,2026-08-17T15:49:35+05:30
VIJAYA,1486.50,TOUCHED,1.35,above,1506.6,1486.5,1482.37,1486.5,1478.23,0.558,58.4,0.036,0,2026-08-14,2026-08-17,False,False,5.0,2026-08-17T15:49:35+05:30
ERIS,1361.87,TOUCHED,-0.95,below,1348.9,1361.87,1365.23,1368.6,1361.87,0.493,58.9,0.03,0,2026-08-14,2026-08-17,False,False,5.0,2026-08-17T15:49:35+05:30
GMDCLTD,582.95,TOUCHED,-1.54,below,574.0,582.95,585.1,587.25,582.95,0.735,58.9,0.068,0,2026-08-14,2026-08-17,False,False,5.0,2026-08-17T15:49:35+05:30
HFCL,223.97,TOUCHED,-2.0,below,219.5,223.97,224.84,225.7,223.97,0.768,58.9,0.028,0,2026-08-14,2026-08-17,False,False,5.0,2026-08-17T15:49:35+05:30
NEWGEN,536.94,TOUCHED,-0.39,below,534.85,536.94,538.73,540.52,536.94,0.665,59.5,0.034,0,2026-08-14,2026-08-17,False,False,5.0,2026-08-17T15:49:35+05:30
PGEL,607.70,TOUCHED,1.04,above,614.0,607.7,605.47,607.7,603.23,0.738,60.3,0.054,0,2026-08-14,2026-08-17,False,False,5.0,2026-08-17T15:49:35+05:30
APARINDS,16755.33,TOUCHED,-1.38,below,16524.0,16755.33,16819.67,16884.0,16755.33,0.765,60.5,0.055,0,2026-08-14,2026-08-17,False,False,5.0,2026-08-17T15:49:35+05:30
ANGELONE,290.27,TOUCHED,1.11,above,293.5,290.27,289.28,290.27,288.29,0.686,60.8,0.029,0,2026-08-14,2026-08-17,False,False,5.0,2026-08-17T15:49:35+05:30
BBTC,1471.52,TOUCHED,-0.54,below,1463.6,1471.52,1474.83,1478.15,1471.52,0.45,60.8,0.032,0,2026-08-14,2026-08-17,False,False,5.0,2026-08-17T15:49:35+05:30
MUTHOOTFIN,2862.15,TOUCHED,0.92,above,2888.5,2862.15,2855.43,2862.15,2848.72,0.47,60.8,0.04,0,2026-08-14,2026-08-17,False,False,5.0,2026-08-17T15:49:35+05:30
KIMS,811.41,TOUCHED,-1.36,below,800.4,811.41,813.72,816.02,811.41,0.567,61.1,0.04,0,2026-08-14,2026-08-17,False,False,5.0,2026-08-17T15:49:35+05:30
POONAWALLA,499.37,TOUCHED,-0.39,below,497.45,499.37,500.85,502.32,499.37,0.589,61.1,0.033,0,2026-08-14,2026-08-17,False,False,5.0,2026-08-17T15:49:35+05:30
GPIL,237.79,TOUCHED,5.48,above,250.82,237.79,237.0,237.79,236.21,0.662,61.4,0.029,0,2026-08-14,2026-08-17,False,False,5.0,2026-08-17T15:49:35+05:30
URBANCO,143.84,TOUCHED,0.53,above,144.6,143.84,143.29,143.84,142.74,0.768,61.7,0.045,0,2026-08-14,2026-08-17,False,False,5.0,2026-08-17T15:49:35+05:30
CRAFTSMAN,10339.50,TOUCHED,1.36,above,10480.0,10339.5,10310.0,10339.5,10280.5,0.572,62.2,0.057,0,2026-08-14,2026-08-17,False,False,5.0,2026-08-17T15:49:35+05:30
DCMSHRIRAM,1018.93,TOUCHED,-0.05,inside,1018.4,1018.93,1018.93,1021.82,1016.05,0.566,62.5,0.024,0,2026-08-14,2026-08-17,False,False,5.0,2026-08-17T15:49:35+05:30
TATACONSUM,1081.82,TOUCHED,-0.85,below,1072.6,1081.82,1084.13,1086.45,1081.82,0.427,62.5,0.027,0,2026-08-14,2026-08-17,False,False,5.0,2026-08-17T15:49:35+05:30
CHOICEIN,806.15,TOUCHED,-0.29,below,803.8,806.15,807.95,809.75,806.15,0.446,62.7,0.023,0,2026-08-14,2026-08-17,False,False,5.0,2026-08-17T15:49:35+05:30
HUDCO,189.06,TOUCHED,-0.02,below,189.01,189.06,189.62,190.19,189.06,0.598,62.7,0.036,0,2026-08-14,2026-08-17,False,False,5.0,2026-08-17T15:49:35+05:30
BAJAJFINSV,2012.23,TOUCHED,-0.36,below,2005.0,2012.23,2016.17,2020.1,2012.23,0.39,63.0,0.02,0,2026-08-14,2026-08-17,False,False,5.0,2026-08-17T15:49:35+05:30
OIL,471.90,TOUCHED,0.58,above,474.65,471.9,470.77,471.9,469.63,0.481,63.0,0.021,0,2026-08-14,2026-08-17,False,False,5.0,2026-08-17T15:49:35+05:30
AFFLE,1664.00,TOUCHED,2.4,above,1703.9,1664.0,1659.2,1664.0,1654.4,0.579,63.3,0.032,0,2026-08-14,2026-08-17,False,False,5.0,2026-08-17T15:49:35+05:30
DEEPAKFERT,1491.25,TOUCHED,0.77,above,1502.7,1491.25,1486.1,1491.25,1480.95,0.693,63.6,0.044,0,2026-08-14,2026-08-17,False,False,5.0,2026-08-17T15:49:35+05:30
FINCABLES,1257.80,TOUCHED,5.01,above,1320.85,1257.8,1254.15,1257.8,1250.5,0.582,63.6,0.019,0,2026-08-14,2026-08-17,False,False,5.0,2026-08-17T15:49:35+05:30
M&M,3404.15,TOUCHED,-0.4,below,3390.4,3404.15,3412.2,3420.25,3404.15,0.472,63.6,0.026,0,2026-08-14,2026-08-17,False,False,5.0,2026-08-17T15:49:35+05:30
TRIDENT,24.51,TOUCHED,0.24,above,24.57,24.51,24.45,24.51,24.4,0.463,63.6,0.028,0,2026-08-14,2026-08-17,False,False,5.0,2026-08-17T15:49:35+05:30
RITES,222.28,TOUCHED,-0.25,inside,221.72,222.28,222.28,222.89,221.67,0.549,63.8,0.025,0,2026-08-14,2026-08-17,False,False,5.0,2026-08-17T15:49:35+05:30
FSL,268.03,TOUCHED,-0.1,below,267.75,268.03,268.95,269.88,268.03,0.688,64.1,0.037,0,2026-08-14,2026-08-17,False,False,5.0,2026-08-17T15:49:35+05:30
HINDZINC,566.40,TOUCHED,0.19,above,567.5,566.4,564.9,566.4,563.4,0.531,64.1,0.041,0,2026-08-14,2026-08-17,False,False,5.0,2026-08-17T15:49:35+05:30
PERSISTENT,5564.25,TOUCHED,0.1,above,5570.0,5564.25,5548.5,5564.25,5532.75,0.568,64.1,0.018,0,2026-08-14,2026-08-17,False,False,5.0,2026-08-17T15:49:35+05:30
MEDANTA,1414.30,TOUCHED,0.06,inside,1415.1,1414.3,1414.3,1418.45,1410.15,0.587,64.4,0.028,0,2026-08-14,2026-08-17,False,False,5.0,2026-08-17T15:49:35+05:30
NIVABUPA,82.91,TOUCHED,-0.24,below,82.71,82.91,83.1,83.29,82.91,0.457,64.4,0.018,0,2026-08-14,2026-08-17,False,False,5.0,2026-08-17T15:49:35+05:30
SBILIFE,1798.38,TOUCHED,-0.44,below,1790.4,1798.38,1801.77,1805.15,1798.38,0.376,64.4,0.017,0,2026-08-14,2026-08-17,False,False,5.0,2026-08-17T15:49:35+05:30
ABSLAMC,1017.07,TOUCHED,0.19,inside,1019.0,1017.07,1017.07,1020.0,1014.13,0.577,64.7,0.033,0,2026-08-14,2026-08-17,False,False,5.0,2026-08-17T15:49:35+05:30
INDUSINDBK,1016.85,TOUCHED,-0.61,below,1010.6,1016.85,1019.47,1022.08,1016.85,0.513,64.7,0.031,0,2026-08-13,2026-08-17,False,False,5.0,2026-08-17T15:49:35+05:30
LICI,411.20,TOUCHED,-0.29,below,410.0,411.2,411.97,412.73,411.2,0.372,64.9,0.031,0,2026-08-14,2026-08-17,False,False,5.0,2026-08-17T15:49:35+05:30
BRITANNIA,5568.67,TOUCHED,-0.86,below,5521.0,5568.67,5579.33,5590.0,5568.67,0.382,65.2,0.021,0,2026-08-14,2026-08-17,False,False,5.0,2026-08-17T15:49:35+05:30
BDL,1383.55,TOUCHED,-0.26,below,1380.0,1383.55,1388.37,1393.18,1383.55,0.694,65.5,0.049,0,2026-08-14,2026-08-17,False,False,5.0,2026-08-17T15:49:35+05:30
CAMS,768.65,TOUCHED,0.99,above,776.25,768.65,766.52,768.65,764.38,0.557,65.8,0.041,0,2026-08-14,2026-08-17,False,False,5.0,2026-08-17T15:49:35+05:30
JUBLFOOD,508.00,TOUCHED,0.69,above,511.5,508.0,506.7,508.0,505.4,0.513,65.8,0.018,0,2026-08-14,2026-08-17,False,False,5.0,2026-08-17T15:49:35+05:30
GODREJPROP,2010.20,TOUCHED,2.18,above,2054.0,2010.2,2003.47,2010.2,1996.73,0.672,66.0,0.045,0,2026-08-14,2026-08-17,False,False,5.0,2026-08-17T15:49:35+05:30
APLAPOLLO,2078.20,TOUCHED,0.15,above,2081.3,2078.2,2073.1,2078.2,2068.0,0.492,66.3,0.017,0,2026-08-14,2026-08-17,False,False,5.0,2026-08-17T15:49:35+05:30
JMFINANCIL,127.90,TOUCHED,0.01,above,127.91,127.9,127.41,127.9,126.92,0.769,66.3,0.046,0,2026-08-14,2026-08-17,False,False,5.0,2026-08-17T15:49:35+05:30
PREMIERENE,1020.50,TOUCHED,-0.49,below,1015.5,1020.5,1023.7,1026.9,1020.5,0.625,66.3,0.029,0,2026-08-14,2026-08-17,False,False,5.0,2026-08-17T15:49:35+05:30
ZENSARTECH,492.48,TOUCHED,-0.35,below,490.75,492.48,494.17,495.85,492.48,0.681,66.3,0.035,0,2026-08-14,2026-08-17,False,False,5.0,2026-08-17T15:49:35+05:30
SCHAEFFLER,4054.15,TOUCHED,-0.62,below,4028.9,4054.15,4065.1,4076.05,4054.15,0.539,66.8,0.035,0,2026-08-14,2026-08-17,False,False,5.0,2026-08-17T15:49:35+05:30
LUPIN,2259.53,TOUCHED,-0.02,inside,2259.0,2259.53,2259.53,2264.15,2254.92,0.409,67.1,0.028,0,2026-08-13,2026-08-17,False,False,5.0,2026-08-17T15:49:35+05:30
TECHNOE,972.02,TOUCHED,-1.32,below,959.15,972.02,975.63,979.25,972.02,0.741,67.4,0.05,0,2026-08-14,2026-08-17,False,False,5.0,2026-08-17T15:49:35+05:30
YESBANK,22.84,TOUCHED,0.37,above,22.92,22.84,22.78,22.84,22.73,0.483,67.4,0.04,0,2026-08-14,2026-08-17,False,False,5.0,2026-08-17T15:49:35+05:30
BPCL,316.75,TOUCHED,-0.03,below,316.65,316.75,317.65,318.55,316.75,0.567,67.7,0.021,0,2026-08-14,2026-08-17,False,False,5.0,2026-08-17T15:49:35+05:30
KPIL,1365.35,TOUCHED,2.85,above,1404.2,1365.35,1360.97,1365.35,1356.58,0.644,67.9,0.043,0,2026-08-14,2026-08-17,False,False,5.0,2026-08-17T15:49:35+05:30
CHENNPETRO,1339.90,TOUCHED,3.17,above,1382.4,1339.9,1333.9,1339.9,1327.9,0.9,68.2,0.026,0,2026-08-14,2026-08-17,False,False,5.0,2026-08-17T15:49:35+05:30
ENRIN,3570.90,TOUCHED,0.97,above,3605.7,3570.9,3559.37,3570.9,3547.83,0.648,68.3,0.028,0,2026-08-14,2026-08-17,False,False,5.0,2026-08-17T15:49:35+05:30
BAYERCROP,4075.90,TOUCHED,0.57,above,4099.2,4075.9,4065.87,4075.9,4055.83,0.494,68.5,0.031,0,2026-08-14,2026-08-17,False,False,5.0,2026-08-17T15:49:35+05:30
HONASA,498.20,TOUCHED,-3.32,below,481.65,498.2,499.73,501.27,498.2,0.614,68.5,0.054,0,2026-08-14,2026-08-17,False,False,5.0,2026-08-17T15:49:35+05:30
MAXHEALTH,1002.53,TOUCHED,0.12,inside,1003.7,1002.53,1002.53,1005.57,999.5,0.605,68.5,0.037,0,2026-08-14,2026-08-17,False,False,5.0,2026-08-17T15:49:35+05:30
MCX,2933.47,TOUCHED,-0.01,inside,2933.1,2933.47,2933.47,2944.45,2922.48,0.749,68.5,0.058,0,2026-08-14,2026-08-17,False,False,5.0,2026-08-17T15:49:35+05:30
UBL,1379.48,TOUCHED,-0.84,below,1367.9,1379.48,1382.37,1385.25,1379.48,0.417,68.5,0.026,0,2026-08-14,2026-08-17,False,False,5.0,2026-08-17T15:49:35+05:30
ADANIENSOL,1599.50,TOUCHED,-0.65,below,1589.1,1599.5,1605.0,1610.5,1599.5,0.685,69.0,0.031,0,2026-08-14,2026-08-17,False,False,5.0,2026-08-17T15:49:35+05:30
DABUR,406.98,TOUCHED,-0.05,inside,406.8,406.98,406.98,407.85,406.12,0.426,69.0,0.033,0,2026-08-14,2026-08-17,False,False,5.0,2026-08-17T15:49:35+05:30
NATIONALUM,379.98,TOUCHED,1.99,above,387.55,379.98,378.65,379.98,377.33,0.7,69.3,0.04,0,2026-08-14,2026-08-17,False,False,5.0,2026-08-17T15:49:35+05:30
VMM,105.52,TOUCHED,-0.02,below,105.5,105.52,105.84,106.17,105.52,0.608,69.6,0.026,0,2026-08-14,2026-08-17,False,False,5.0,2026-08-17T15:49:35+05:30
FIVESTAR,544.02,TOUCHED,-1.15,below,537.75,544.02,546.08,548.14,544.02,0.754,69.9,0.041,0,2026-08-14,2026-08-17,False,False,5.0,2026-08-17T15:49:35+05:30
JPPOWER,17.46,TOUCHED,-0.4,below,17.39,17.46,17.53,17.6,17.46,0.799,69.9,0.037,0,2026-08-14,2026-08-17,False,False,5.0,2026-08-17T15:49:35+05:30
AIIL,567.38,TOUCHED,-2.8,below,551.5,567.38,569.85,572.33,567.38,0.869,70.1,0.055,0,2026-08-14,2026-08-17,False,False,5.0,2026-08-17T15:49:35+05:30
ITI,277.66,TOUCHED,-0.15,below,277.25,277.66,278.57,279.48,277.66,0.652,70.7,0.035,0,2026-08-14,2026-08-17,False,False,5.0,2026-08-17T15:49:35+05:30
MAHABANK,80.88,TOUCHED,0.28,above,81.1,80.88,80.62,80.88,80.37,0.624,70.7,0.042,0,2026-08-14,2026-08-17,False,False,5.0,2026-08-17T15:49:35+05:30
ICICIBANK,1414.47,TOUCHED,0.06,above,1415.3,1414.47,1411.93,1414.47,1409.4,0.359,71.5,0.023,0,2026-08-14,2026-08-17,False,False,5.0,2026-08-17T15:49:35+05:30
BEML,1897.40,TOUCHED,0.59,above,1908.5,1897.4,1889.73,1897.4,1882.07,0.811,71.8,0.028,0,2026-08-14,2026-08-17,False,False,5.0,2026-08-17T15:49:35+05:30
TATAPOWER,383.03,TOUCHED,-0.4,below,381.5,383.03,384.02,385.0,383.03,0.512,71.8,0.023,0,2026-08-14,2026-08-17,False,False,5.0,2026-08-17T15:49:35+05:30
PCBL,312.98,TOUCHED,0.79,above,315.45,312.98,311.92,312.98,310.86,0.679,72.1,0.057,0,2026-08-14,2026-08-17,False,False,5.0,2026-08-17T15:49:35+05:30
PPLPHARMA,207.40,TOUCHED,-1.29,below,204.73,207.4,208.17,208.93,207.4,0.733,72.6,0.044,0,2026-08-14,2026-08-17,False,False,5.0,2026-08-17T15:49:35+05:30
KFINTECH,936.37,TOUCHED,3.91,above,973.0,936.37,932.73,936.37,929.1,0.779,73.2,0.019,0,2026-08-14,2026-08-17,False,False,5.0,2026-08-17T15:49:35+05:30
PETRONET,281.08,TOUCHED,0.25,inside,281.8,281.08,281.08,281.84,280.32,0.54,73.2,0.025,0,2026-08-14,2026-08-17,False,False,5.0,2026-08-17T15:49:35+05:30
TATASTEEL,183.03,TOUCHED,1.62,above,186.0,183.03,182.56,183.03,182.1,0.513,73.2,0.019,0,2026-08-14,2026-08-17,False,False,5.0,2026-08-17T15:49:35+05:30
ADANIGREEN,1331.55,TOUCHED,-0.3,below,1327.6,1331.55,1337.03,1342.52,1331.55,0.82,73.4,0.045,0,2026-08-14,2026-08-17,False,False,5.0,2026-08-17T15:49:35+05:30
ANURAS,1212.73,TOUCHED,-1.31,below,1196.9,1212.73,1216.07,1219.4,1212.73,0.548,73.7,0.025,0,2026-08-14,2026-08-17,False,False,5.0,2026-08-17T15:49:35+05:30
KPRMILL,1105.80,TOUCHED,2.69,above,1135.6,1105.8,1101.6,1105.8,1097.4,0.763,73.7,0.054,0,2026-08-14,2026-08-17,False,False,5.0,2026-08-17T15:49:35+05:30
DATAPATTNS,4506.37,TOUCHED,0.5,inside,4528.7,4506.37,4506.37,4531.65,4481.08,1.122,74.2,0.075,0,2026-08-14,2026-08-17,False,False,5.0,2026-08-17T15:49:35+05:30
IRCTC,500.02,TOUCHED,-0.01,inside,499.95,500.02,500.02,501.27,498.76,0.503,74.2,0.037,0,2026-08-14,2026-08-17,False,False,5.0,2026-08-17T15:49:35+05:30
GMRAIRPORT,101.84,TOUCHED,-0.52,below,101.31,101.84,102.16,102.49,101.84,0.639,74.8,0.019,0,2026-08-14,2026-08-17,False,False,5.0,2026-08-17T15:49:35+05:30
M&MFIN,391.63,TOUCHED,-0.7,below,388.9,391.63,393.15,394.68,391.63,0.776,75.3,0.037,0,2026-08-14,2026-08-17,False,False,5.0,2026-08-17T15:49:35+05:30
TITAGARH,834.89,TOUCHED,-1.67,below,820.95,834.89,838.43,841.98,834.89,0.845,75.3,0.052,0,2026-08-14,2026-08-17,False,False,5.0,2026-08-17T15:49:35+05:30
BALKRISIND,2386.65,TOUCHED,0.86,above,2407.2,2386.65,2378.97,2386.65,2371.28,0.646,77.0,0.027,0,2026-08-14,2026-08-17,False,False,5.0,2026-08-17T15:49:35+05:30
INDGN,559.90,TOUCHED,0.33,inside,561.75,559.9,559.9,561.95,557.85,0.732,77.0,0.023,0,2026-08-14,2026-08-17,False,False,5.0,2026-08-17T15:49:35+05:30
KAYNES,3679.95,TOUCHED,-0.79,below,3651.0,3679.95,3699.7,3719.45,3679.95,1.068,77.0,0.049,0,2026-08-14,2026-08-17,False,False,5.0,2026-08-17T15:49:35+05:30
CLEAN,831.00,TOUCHED,1.08,above,840.0,831.0,827.83,831.0,824.67,0.765,77.5,0.026,0,2026-08-14,2026-08-17,False,False,5.0,2026-08-17T15:49:35+05:30
ENDURANCE,2931.75,TOUCHED,1.58,above,2978.2,2931.75,2920.83,2931.75,2909.92,0.748,77.5,0.044,0,2026-08-14,2026-08-17,False,False,5.0,2026-08-17T15:49:35+05:30
ANANDRATHI,2181.80,TOUCHED,-0.27,below,2176.0,2181.8,2188.9,2196.0,2181.8,0.649,77.8,0.022,0,2026-08-14,2026-08-17,False,False,5.0,2026-08-17T15:49:35+05:30
CROMPTON,246.65,TOUCHED,-0.06,inside,246.5,246.65,246.65,247.48,245.82,0.669,78.4,0.025,0,2026-08-14,2026-08-17,False,False,5.0,2026-08-17T15:49:35+05:30
HYUNDAI,2207.10,TOUCHED,-0.77,below,2190.0,2207.1,2215.2,2223.3,2207.1,0.731,78.9,0.026,0,2026-08-14,2026-08-17,False,False,5.0,2026-08-17T15:49:35+05:30
CANBK,130.76,TOUCHED,0.26,above,131.1,130.76,130.27,130.76,129.78,0.75,79.2,0.023,0,2026-08-14,2026-08-17,False,False,5.0,2026-08-17T15:49:35+05:30
MRPL,173.35,TOUCHED,2.2,above,177.15,173.35,172.41,173.35,171.47,1.085,79.2,0.056,0,2026-08-14,2026-08-17,False,False,5.0,2026-08-17T15:49:35+05:30
IKS,1823.20,TOUCHED,0.38,inside,1830.2,1823.2,1823.2,1831.6,1814.8,0.921,79.5,0.02,0,2026-08-14,2026-08-17,False,False,5.0,2026-08-17T15:49:35+05:30
OLECTRA,1323.17,TOUCHED,-0.23,below,1320.1,1323.17,1329.43,1335.7,1323.17,0.943,79.7,0.034,0,2026-08-14,2026-08-17,False,False,5.0,2026-08-17T15:49:35+05:30
ENGINERSIN,244.90,TOUCHED,-1.93,below,240.18,244.9,246.13,247.35,244.9,0.994,80.3,0.038,0,2026-08-14,2026-08-17,False,False,5.0,2026-08-17T15:49:35+05:30
SARDAEN,523.38,TOUCHED,-0.43,below,521.15,523.38,525.97,528.56,523.38,0.985,80.3,0.028,0,2026-08-14,2026-08-17,False,False,5.0,2026-08-17T15:49:35+05:30
ANTHEM,886.46,TOUCHED,1.3,above,898.0,886.46,882.82,886.46,879.18,0.825,81.3,0.043,0,2026-08-14,2026-08-17,False,False,5.0,2026-08-17T15:49:35+05:30
SIEMENS,3956.00,TOUCHED,-0.33,below,3943.0,3956.0,3972.0,3988.0,3956.0,0.806,81.4,0.02,0,2026-08-14,2026-08-17,False,False,5.0,2026-08-17T15:49:35+05:30
ADANIENT,3011.03,TOUCHED,-0.12,inside,3007.3,3011.03,3011.03,3023.07,2999.0,0.799,81.9,0.026,0,2026-08-14,2026-08-17,False,False,5.0,2026-08-17T15:49:35+05:30
ACUTAAS,3200.53,TOUCHED,-0.07,inside,3198.2,3200.53,3200.53,3218.07,3183.0,1.096,82.5,0.036,0,2026-08-14,2026-08-17,False,False,5.0,2026-08-17T15:49:35+05:30
TATACOMM,1725.30,TOUCHED,-0.78,below,1711.9,1725.3,1732.5,1739.7,1725.3,0.831,82.5,0.022,0,2026-08-14,2026-08-17,False,False,5.0,2026-08-17T15:49:35+05:30
LALPATHLAB,1923.58,TOUCHED,-2.41,below,1877.3,1923.58,1930.87,1938.15,1923.58,0.754,82.7,0.043,0,2026-08-14,2026-08-17,False,False,5.0,2026-08-17T15:49:35+05:30
BLS,273.83,TOUCHED,-0.46,below,272.56,273.83,275.26,276.69,273.83,1.039,83.0,0.032,0,2026-08-14,2026-08-17,False,False,5.0,2026-08-17T15:49:35+05:30
JUBLPHARMA,869.69,TOUCHED,-0.32,below,866.95,869.69,873.58,877.48,869.69,0.891,83.0,0.019,0,2026-08-14,2026-08-17,False,False,5.0,2026-08-17T15:49:35+05:30
CGCL,227.63,TOUCHED,-0.61,below,226.24,227.63,228.73,229.84,227.63,0.968,83.3,0.049,0,2026-08-14,2026-08-17,False,False,5.0,2026-08-17T15:49:35+05:30
GRAPHITE,729.52,TOUCHED,-0.0,inside,729.5,729.52,729.52,733.48,725.56,1.085,83.3,0.023,0,2026-08-14,2026-08-17,False,False,5.0,2026-08-17T15:49:35+05:30
JAINREC,299.27,TOUCHED,0.88,above,301.9,299.27,297.32,299.27,295.36,1.317,83.3,0.06,0,2026-08-14,2026-08-17,False,False,5.0,2026-08-17T15:49:35+05:30
TORNTPHARM,4874.25,TOUCHED,0.53,above,4900.0,4874.25,4860.5,4874.25,4846.75,0.566,83.3,0.025,0,2026-08-14,2026-08-17,False,False,5.0,2026-08-17T15:49:35+05:30
DEVYANI,143.05,TOUCHED,0.42,above,143.65,143.05,142.34,143.05,141.62,1.0,84.4,0.04,0,2026-08-14,2026-08-17,False,False,5.0,2026-08-17T15:49:35+05:30
REDINGTON,336.09,TOUCHED,-0.98,below,332.8,336.09,338.13,340.18,336.09,1.208,85.2,0.038,0,2026-08-14,2026-08-17,False,False,5.0,2026-08-17T15:49:35+05:30
LTF,310.65,TOUCHED,1.4,above,315.0,310.65,309.2,310.65,307.75,0.938,85.5,0.03,0,2026-08-14,2026-08-17,False,False,5.0,2026-08-17T15:49:35+05:30
ASIANPAINT,2704.42,TOUCHED,-0.63,below,2687.5,2704.42,2712.53,2720.65,2704.42,0.598,85.8,0.021,0,2026-08-14,2026-08-17,False,False,5.0,2026-08-17T15:49:35+05:30
MRF,132635.00,TOUCHED,0.29,inside,133015.0,132635.0,132635.0,133062.5,132207.5,0.645,86.6,0.034,0,2026-08-14,2026-08-17,False,False,5.0,2026-08-17T15:49:35+05:30
PAYTM,1612.10,TOUCHED,-1.98,below,1580.2,1612.1,1621.2,1630.3,1612.1,1.123,86.8,0.053,0,2026-08-14,2026-08-17,False,False,5.0,2026-08-17T15:49:35+05:30
IDEA,13.84,TOUCHED,-0.94,below,13.71,13.84,13.93,14.02,13.84,1.292,87.1,0.046,0,2026-08-14,2026-08-17,False,False,5.0,2026-08-17T15:49:35+05:30
RECLTD,339.50,TOUCHED,0.15,above,340.0,339.5,338.0,339.5,336.5,0.888,87.1,0.016,0,2026-08-14,2026-08-17,False,False,5.0,2026-08-17T15:49:35+05:30
BATAINDIA,752.69,TOUCHED,0.72,above,758.1,752.69,749.68,752.69,746.68,0.803,87.9,0.022,0,2026-08-14,2026-08-17,False,False,5.0,2026-08-17T15:49:35+05:30
NETWEB,5130.15,TOUCHED,1.6,above,5212.4,5130.15,5089.17,5130.15,5048.18,1.611,87.9,0.055,0,2026-08-14,2026-08-17,False,False,5.0,2026-08-17T15:49:35+05:30
FLUOROCHEM,4760.45,TOUCHED,-1.11,below,4707.5,4760.45,4783.1,4805.75,4760.45,0.947,88.2,0.022,0,2026-08-14,2026-08-17,False,False,5.0,2026-08-17T15:49:35+05:30
ATUL,6761.17,TOUCHED,-0.59,below,6721.0,6761.17,6793.33,6825.5,6761.17,0.947,88.8,0.015,0,2026-08-14,2026-08-17,False,False,5.0,2026-08-17T15:49:35+05:30
SHYAMMETL,990.80,TOUCHED,-0.39,inside,986.9,990.8,990.8,995.2,986.4,0.888,88.8,0.015,0,2026-08-14,2026-08-17,False,False,5.0,2026-08-17T15:49:35+05:30
BERGEPAINT,551.55,TOUCHED,-0.4,inside,549.35,551.55,551.55,554.15,548.95,0.943,89.0,0.013,0,2026-08-13,2026-08-17,False,False,5.0,2026-08-17T15:49:35+05:30
ABDL,607.50,TOUCHED,0.52,inside,610.65,607.5,607.5,611.52,603.48,1.325,89.6,0.076,0,2026-08-14,2026-08-17,False,False,5.0,2026-08-17T15:49:35+05:30
HAVELLS,1292.93,TOUCHED,0.47,above,1299.0,1292.93,1287.87,1292.93,1282.8,0.787,89.6,0.019,0,2026-08-14,2026-08-17,False,False,5.0,2026-08-17T15:49:35+05:30
LTTS,3513.83,TOUCHED,0.42,inside,3528.5,3513.83,3513.83,3532.35,3495.32,1.054,89.9,0.042,0,2026-08-14,2026-08-17,False,False,5.0,2026-08-17T15:49:35+05:30
SUMICHEM,558.40,TOUCHED,0.25,inside,559.8,558.4,558.4,561.68,555.12,1.173,89.9,0.039,0,2026-08-14,2026-08-17,False,False,5.0,2026-08-17T15:49:35+05:30
LAURUSLABS,1806.07,TOUCHED,0.2,inside,1809.7,1806.07,1806.07,1815.45,1796.68,1.039,90.4,0.017,0,2026-08-14,2026-08-17,False,False,5.0,2026-08-17T15:49:35+05:30
ZEEL,101.55,TOUCHED,3.27,above,104.87,101.55,100.83,101.55,100.1,1.441,90.4,0.045,0,2026-08-14,2026-08-17,False,False,5.0,2026-08-17T15:49:35+05:30
AARTIIND,528.27,TOUCHED,-0.3,inside,526.7,528.27,528.27,531.18,525.35,1.104,90.7,0.033,0,2026-08-14,2026-08-17,False,False,5.0,2026-08-17T15:49:35+05:30
EIDPARRY,786.98,TOUCHED,0.64,above,792.05,786.98,783.05,786.98,779.13,1.002,91.0,0.032,0,2026-08-14,2026-08-17,False,False,5.0,2026-08-17T15:49:35+05:30
AUROPHARMA,1630.05,TOUCHED,-0.17,below,1627.2,1630.05,1638.0,1645.95,1630.05,0.971,91.2,0.038,0,2026-08-14,2026-08-17,False,False,5.0,2026-08-17T15:49:35+05:30
RAMCOCEM,920.02,TOUCHED,0.28,above,922.6,920.02,915.75,920.02,911.48,0.934,91.2,0.045,0,2026-08-14,2026-08-17,False,False,5.0,2026-08-17T15:49:35+05:30
ALKEM,5349.17,TOUCHED,0.46,above,5374.0,5349.17,5330.33,5349.17,5311.5,0.707,91.5,0.026,0,2026-08-14,2026-08-17,False,False,5.0,2026-08-17T15:49:35+05:30
ADANIPORTS,1685.73,TOUCHED,0.31,inside,1691.0,1685.73,1685.73,1692.87,1678.6,0.846,91.8,0.021,0,2026-08-14,2026-08-17,False,False,5.0,2026-08-17T15:49:35+05:30
ASHOKLEY,174.62,TOUCHED,1.42,above,177.1,174.62,173.63,174.62,172.63,1.146,91.8,0.027,0,2026-08-14,2026-08-17,False,False,5.0,2026-08-17T15:49:35+05:30
NBCC,90.08,TOUCHED,-0.37,inside,89.75,90.08,90.08,90.63,89.54,1.204,91.8,0.044,0,2026-08-14,2026-08-17,False,False,5.0,2026-08-17T15:49:35+05:30
RAINBOW,1454.95,TOUCHED,1.62,above,1478.5,1454.95,1448.1,1454.95,1441.25,0.946,92.1,0.034,0,2026-08-14,2026-08-17,False,False,5.0,2026-08-17T15:49:35+05:30
BHARTIHEXA,1611.87,TOUCHED,1.81,above,1641.0,1611.87,1602.63,1611.87,1593.4,1.152,92.9,0.038,0,2026-08-14,2026-08-17,False,False,5.0,2026-08-17T15:49:35+05:30
ASAHIINDIA,926.45,TOUCHED,0.51,inside,931.2,926.45,926.45,932.83,920.08,1.376,93.7,0.045,0,2026-08-14,2026-08-17,False,False,5.0,2026-08-17T15:49:35+05:30
CONCOR,529.78,TOUCHED,-1.0,below,524.5,529.78,532.57,535.35,529.78,1.045,93.7,0.034,0,2026-08-14,2026-08-17,False,False,5.0,2026-08-17T15:49:35+05:30
PFIZER,4899.87,TOUCHED,-1.44,below,4829.1,4899.87,4924.93,4950.0,4899.87,1.018,94.5,0.023,0,2026-08-14,2026-08-17,False,False,5.0,2026-08-17T15:49:35+05:30
BHARTIARTL,1976.63,TOUCHED,-0.37,inside,1969.3,1976.63,1976.63,1984.37,1968.9,0.782,94.8,0.014,0,2026-08-14,2026-08-17,False,False,5.0,2026-08-17T15:49:35+05:30
OFSS,11746.67,TOUCHED,0.36,above,11789.0,11746.67,11665.33,11746.67,11584.0,1.394,95.3,0.029,0,2026-08-14,2026-08-17,False,False,5.0,2026-08-17T15:49:35+05:30
