symbol,status,type,distance_pct,trend,ltp,virgin_level,pivot,tc,bc,width_pct,width_percentile,narrow_threshold_pct,days_virgin,source_date,session_date,is_virgin,is_narrow,narrow_percentile_used,scanned_at
RAMCOCEM,869.74,V+N,1.9,above,886.3,869.74,869.73,869.74,869.73,0.002,1.1,0.045,1,2026-09-18,2026-09-21,True,True,5.0,2026-09-21T15:48:07+05:30
INDHOTEL,732.8,V+N,1.8,above,746.0,732.8,732.78,732.8,732.77,0.005,2.7,0.018,1,2026-09-18,2026-09-21,True,True,5.0,2026-09-21T15:48:07+05:30
BHARTIARTL,1864.3,V+W,-1.76,below,1831.4,1864.3,1873.97,1883.63,1864.3,1.032,97.5,0.014,1,2026-09-18,2026-09-21,True,False,5.0,2026-09-21T15:48:07+05:30
PATANJALI,364.67,V+W,8.64,above,396.2,364.67,362.35,364.67,360.02,1.283,97.8,0.015,1,2026-09-18,2026-09-21,True,False,5.0,2026-09-21T15:48:07+05:30
WELCORP,2631.95,V+W,5.08,above,2765.7,2631.95,2603.8,2631.95,2575.65,2.162,97.8,0.053,1,2026-09-18,2026-09-21,True,False,5.0,2026-09-21T15:48:07+05:30
TATACHEM,700.24,V+W,-0.94,below,693.65,700.24,707.23,714.22,700.24,1.977,99.5,0.021,1,2026-09-18,2026-09-21,True,False,5.0,2026-09-21T15:48:07+05:30
BSE,3267.1,V,-3.27,below,3160.4,3267.1,3267.8,3268.5,3267.1,0.043,6.6,0.022,1,2026-09-18,2026-09-21,True,False,5.0,2026-09-21T15:48:07+05:30
ENGINERSIN,266.23,V,7.31,above,285.7,266.23,266.12,266.23,266.0,0.088,8.5,0.038,1,2026-09-18,2026-09-21,True,False,5.0,2026-09-21T15:48:07+05:30
IFCI,76.57,V,-3.16,below,74.15,76.57,76.63,76.69,76.57,0.152,10.4,0.1,1,2026-09-18,2026-09-21,True,False,5.0,2026-09-21T15:48:07+05:30
MEESHO,214.32,V,2.25,above,219.15,214.32,214.2,214.32,214.08,0.112,13.3,0.029,1,2026-09-18,2026-09-21,True,False,5.0,2026-09-21T15:48:07+05:30
INFY,1049.95,V,-0.9,below,1040.5,1049.95,1050.43,1050.92,1049.95,0.092,14.2,0.029,1,2026-09-18,2026-09-21,True,False,5.0,2026-09-21T15:48:07+05:30
WHIRLPOOL,719.05,V,0.65,above,723.75,719.05,718.6,719.05,718.15,0.125,15.9,0.045,1,2026-09-18,2026-09-21,True,False,5.0,2026-09-21T15:48:07+05:30
MAXHEALTH,1048.67,V,1.84,above,1068.0,1048.67,1048.03,1048.67,1047.4,0.121,16.7,0.037,1,2026-09-18,2026-09-21,True,False,5.0,2026-09-21T15:48:07+05:30
MRPL,165.21,V,1.07,above,166.97,165.21,165.04,165.21,164.87,0.206,16.7,0.054,1,2026-09-18,2026-09-21,True,False,5.0,2026-09-21T15:48:07+05:30
JPPOWER,15.36,V,7.38,above,16.49,15.36,15.34,15.36,15.33,0.174,18.4,0.037,1,2026-09-18,2026-09-21,True,False,5.0,2026-09-21T15:48:07+05:30
CHOLAHLDNG,1508.97,V,-2.08,below,1477.6,1508.97,1510.23,1511.5,1508.97,0.168,19.7,0.026,1,2026-09-18,2026-09-21,True,False,5.0,2026-09-21T15:48:07+05:30
BANDHANBNK,175.4,V,1.94,above,178.81,175.4,175.27,175.4,175.13,0.152,20.0,0.026,1,2026-09-18,2026-09-21,True,False,5.0,2026-09-21T15:48:07+05:30
WOCKPHARMA,2083.5,V,4.97,above,2187.1,2083.5,2080.9,2083.5,2078.3,0.25,21.1,0.057,1,2026-09-18,2026-09-21,True,False,5.0,2026-09-21T15:48:07+05:30
CONCORDBIO,1492.82,V,6.16,above,1584.8,1492.82,1491.23,1492.82,1489.65,0.212,22.5,0.022,1,2026-09-18,2026-09-21,True,False,5.0,2026-09-21T15:48:07+05:30
CANHLIFE,153.73,V,-0.67,below,152.7,153.73,153.88,154.02,153.73,0.186,23.3,0.016,1,2026-09-18,2026-09-21,True,False,5.0,2026-09-21T15:48:07+05:30
ATUL,6155.75,V,-0.98,below,6095.5,6155.75,6160.67,6165.58,6155.75,0.16,24.9,0.014,1,2026-09-18,2026-09-21,True,False,5.0,2026-09-21T15:48:07+05:30
BLUEJET,574.31,V,1.03,above,580.2,574.31,573.37,574.31,572.42,0.328,27.1,0.045,1,2026-09-18,2026-09-21,True,False,5.0,2026-09-21T15:48:07+05:30
VBL,421.58,V,1.11,above,426.25,421.58,421.2,421.58,420.82,0.178,27.1,0.026,1,2026-09-18,2026-09-21,True,False,5.0,2026-09-21T15:48:07+05:30
EMMVEE,329.8,V,3.65,above,341.85,329.8,329.2,329.8,328.6,0.365,28.3,0.038,1,2026-09-18,2026-09-21,True,False,5.0,2026-09-21T15:48:07+05:30
GESHIP,1430.3,V,3.97,above,1487.1,1430.3,1428.5,1430.3,1426.7,0.252,29.0,0.034,1,2026-09-18,2026-09-21,True,False,5.0,2026-09-21T15:48:07+05:30
WELSPUNLIV,214.35,V,1.03,above,216.56,214.35,214.04,214.35,213.73,0.29,29.0,0.044,1,2026-09-18,2026-09-21,True,False,5.0,2026-09-21T15:48:07+05:30
BIOCON,384.55,V,2.76,above,395.15,384.55,384.1,384.55,383.65,0.234,33.4,0.028,1,2026-09-18,2026-09-21,True,False,5.0,2026-09-21T15:48:07+05:30
SAGILITY,45.58,V,0.93,above,46.0,45.58,45.49,45.58,45.41,0.366,37.0,0.045,1,2026-09-18,2026-09-21,True,False,5.0,2026-09-21T15:48:07+05:30
FACT,762.92,V,4.86,above,800.0,762.92,761.63,762.92,760.35,0.337,38.6,0.056,1,2026-09-18,2026-09-21,True,False,5.0,2026-09-21T15:48:07+05:30
CGPOWER,896.15,V,1.38,above,908.5,896.15,894.77,896.15,893.38,0.309,40.5,0.034,1,2026-09-18,2026-09-21,True,False,5.0,2026-09-21T15:48:07+05:30
LT,3880.67,V,0.4,above,3896.0,3880.67,3876.33,3880.67,3872.0,0.224,43.6,0.027,1,2026-09-18,2026-09-21,True,False,5.0,2026-09-21T15:48:07+05:30
ACE,1226.72,V,0.44,above,1232.1,1226.72,1224.23,1226.72,1221.75,0.406,44.1,0.049,1,2026-09-18,2026-09-21,True,False,5.0,2026-09-21T15:48:07+05:30
BAJAJHLDNG,11195.29,V,1.91,above,11409.0,11195.29,11173.58,11195.29,11151.88,0.389,47.7,0.023,1,2026-09-18,2026-09-21,True,False,5.0,2026-09-21T15:48:07+05:30
HINDCOPPER,495.98,V,1.67,above,504.25,495.98,494.57,495.98,493.15,0.573,51.0,0.032,1,2026-09-18,2026-09-21,True,False,5.0,2026-09-21T15:48:07+05:30
LENSKART,701.27,V,-2.57,below,683.25,701.27,703.25,705.23,701.27,0.562,57.8,0.029,1,2026-09-18,2026-09-21,True,False,5.0,2026-09-21T15:48:07+05:30
TMPV,304.45,V,-1.08,below,301.15,304.45,305.1,305.75,304.45,0.426,60.3,0.02,1,2026-09-18,2026-09-21,True,False,5.0,2026-09-21T15:48:07+05:30
PTCIL,22885.83,V,-2.52,below,22310.0,22885.83,22966.67,23047.5,22885.83,0.704,69.3,0.03,1,2026-09-18,2026-09-21,True,False,5.0,2026-09-21T15:48:07+05:30
CARTRADE,3005.0,V,-2.84,below,2919.8,3005.0,3021.1,3037.2,3005.0,1.066,71.8,0.052,1,2026-09-18,2026-09-21,True,False,5.0,2026-09-21T15:48:07+05:30
PCBL,335.59,V,2.86,above,345.2,335.59,334.48,335.59,333.38,0.663,72.3,0.048,1,2026-09-18,2026-09-21,True,False,5.0,2026-09-21T15:48:07+05:30
SCI,275.87,V,1.73,above,280.65,275.87,274.7,275.87,273.52,0.855,74.0,0.042,1,2026-09-18,2026-09-21,True,False,5.0,2026-09-21T15:48:07+05:30
DALBHARAT,1755.95,V,0.46,above,1764.0,1755.95,1750.5,1755.95,1745.05,0.623,78.6,0.025,1,2026-09-18,2026-09-21,True,False,5.0,2026-09-21T15:48:07+05:30
SAILIFE,1594.37,V,0.99,above,1610.1,1594.37,1588.23,1594.37,1582.1,0.772,78.6,0.04,1,2026-09-18,2026-09-21,True,False,5.0,2026-09-21T15:48:07+05:30
HSCL,672.39,V,0.81,above,677.85,672.39,669.43,672.39,666.47,0.884,79.5,0.031,1,2026-09-18,2026-09-21,True,False,5.0,2026-09-21T15:48:07+05:30
AEGISLOG,1408.55,V,5.07,above,1479.9,1408.55,1401.7,1408.55,1394.85,0.977,80.3,0.033,1,2026-09-18,2026-09-21,True,False,5.0,2026-09-21T15:48:07+05:30
HYUNDAI,2182.15,V,-1.7,below,2145.0,2182.15,2191.03,2199.92,2182.15,0.811,82.5,0.027,1,2026-09-18,2026-09-21,True,False,5.0,2026-09-21T15:48:07+05:30
CARBORUNIV,1119.55,V,6.29,above,1190.0,1119.55,1114.7,1119.55,1109.85,0.87,84.7,0.033,1,2026-09-18,2026-09-21,True,False,5.0,2026-09-21T15:48:07+05:30
RBLBANK,410.45,V,-2.03,below,402.1,410.45,412.27,414.08,410.45,0.881,84.9,0.032,1,2026-09-18,2026-09-21,True,False,5.0,2026-09-21T15:48:07+05:30
RAINBOW,1460.18,V,-1.47,below,1438.7,1460.18,1465.67,1471.15,1460.18,0.748,85.2,0.037,1,2026-09-18,2026-09-21,True,False,5.0,2026-09-21T15:48:07+05:30
BELRISE,238.87,V,1.06,above,241.41,238.87,237.56,238.87,236.25,1.101,87.3,0.036,1,2026-09-18,2026-09-21,True,False,5.0,2026-09-21T15:48:07+05:30
PVRINOX,1318.1,V,2.31,above,1348.6,1318.1,1311.5,1318.1,1304.9,1.006,89.9,0.028,1,2026-09-18,2026-09-21,True,False,5.0,2026-09-21T15:48:07+05:30
TRIDENT,23.32,V,-1.24,below,23.03,23.32,23.42,23.52,23.32,0.854,89.9,0.027,1,2026-09-18,2026-09-21,True,False,5.0,2026-09-21T15:48:07+05:30
HDFCBANK,728.84,V,1.6,above,740.5,728.84,726.68,728.84,724.52,0.594,90.1,0.02,1,2026-09-18,2026-09-21,True,False,5.0,2026-09-21T15:48:07+05:30
LICI,403.25,V,-0.81,below,400.0,403.25,404.73,406.22,403.25,0.733,90.4,0.031,1,2026-09-18,2026-09-21,True,False,5.0,2026-09-21T15:48:07+05:30
ACMESOLAR,432.2,V,6.15,above,458.8,432.2,429.15,432.2,426.1,1.421,91.5,0.05,1,2026-09-18,2026-09-21,True,False,5.0,2026-09-21T15:48:07+05:30
NIACL,188.9,V,-1.37,below,186.31,188.9,190.14,191.38,188.9,1.304,93.4,0.029,1,2026-09-18,2026-09-21,True,False,5.0,2026-09-21T15:48:07+05:30
BAYERCROP,3796.37,V,-0.51,below,3776.9,3796.37,3813.23,3830.1,3796.37,0.885,94.0,0.03,1,2026-09-18,2026-09-21,True,False,5.0,2026-09-21T15:48:07+05:30
CAPLIPOINT,2728.4,V,0.99,above,2755.5,2728.4,2708.2,2728.4,2688.0,1.492,94.2,0.032,1,2026-09-18,2026-09-21,True,False,5.0,2026-09-21T15:48:07+05:30
HEG,235.25,V,5.67,above,248.6,235.25,233.45,235.25,231.65,1.542,94.5,0.043,1,2026-09-18,2026-09-21,True,False,5.0,2026-09-21T15:48:07+05:30
JYOTICNC,1040.47,V,7.04,above,1113.75,1040.47,1031.23,1040.47,1022.0,1.791,96.4,0.031,1,2026-09-18,2026-09-21,True,False,5.0,2026-09-21T15:48:07+05:30
CRISIL,4577.5,NARROW,0.55,above,4602.7,4577.5,4577.5,4577.5,4577.5,0.0,0.0,0.048,0,2026-09-18,2026-09-21,False,True,5.0,2026-09-21T15:48:07+05:30
JKCEMENT,5064.5,NARROW,0.02,above,5065.5,5064.5,5064.5,5064.5,5064.5,0.0,0.0,0.032,0,2026-09-18,2026-09-21,False,True,5.0,2026-09-21T15:48:07+05:30
TORNTPOWER,1258.85,NARROW,0.24,above,1261.9,1258.85,1258.83,1258.85,1258.82,0.003,1.6,0.029,0,2026-09-18,2026-09-21,False,True,5.0,2026-09-21T15:48:07+05:30
POLYMED,1726.08,NARROW,-1.2,below,1705.3,1726.08,1726.17,1726.25,1726.08,0.01,2.2,0.039,0,2026-09-18,2026-09-21,False,True,5.0,2026-09-21T15:48:07+05:30
COHANCE,437.98,NARROW,4.8,above,459.0,437.98,437.97,437.98,437.95,0.008,2.7,0.02,0,2026-09-18,2026-09-21,False,True,5.0,2026-09-21T15:48:07+05:30
BRITANNIA,4997.75,NARROW,0.47,above,5021.0,4997.75,4997.5,4997.75,4997.25,0.01,3.0,0.018,0,2026-09-18,2026-09-21,False,True,5.0,2026-09-21T15:48:07+05:30
CIEINDIA,387.2,NARROW,2.41,above,396.55,387.2,387.18,387.2,387.17,0.009,3.0,0.022,0,2026-09-18,2026-09-21,False,True,5.0,2026-09-21T15:48:07+05:30
GALLANTT,547.37,NARROW,0.02,inside,547.45,547.37,547.37,547.48,547.26,0.04,3.3,0.063,0,2026-09-18,2026-09-21,False,True,5.0,2026-09-21T15:48:07+05:30
SHRIRAMFIN,1009.92,NARROW,0.21,above,1012.0,1009.92,1009.83,1009.92,1009.75,0.017,3.3,0.03,0,2026-09-18,2026-09-21,False,True,5.0,2026-09-21T15:48:07+05:30
360ONE,1073.3,NARROW,0.25,above,1076.0,1073.3,1073.23,1073.3,1073.17,0.012,3.6,0.031,0,2026-09-18,2026-09-21,False,True,5.0,2026-09-21T15:48:07+05:30
IOB,32.16,NARROW,-0.25,below,32.08,32.16,32.16,32.17,32.16,0.021,3.8,0.031,0,2026-09-18,2026-09-21,False,True,5.0,2026-09-21T15:48:07+05:30
CANFINHOME,778.3,NARROW,-0.8,below,772.05,778.3,778.37,778.43,778.3,0.017,4.4,0.02,0,2026-09-18,2026-09-21,False,True,5.0,2026-09-21T15:48:07+05:30
RPOWER,21.11,NARROW,-0.43,below,21.02,21.11,21.12,21.12,21.11,0.063,4.7,0.073,0,2026-09-18,2026-09-21,False,True,5.0,2026-09-21T15:48:07+05:30
JBMA,599.17,NARROW,-1.28,below,591.5,599.17,599.25,599.33,599.17,0.025,4.9,0.025,0,2026-09-18,2026-09-21,False,True,5.0,2026-09-21T15:48:07+05:30
SPLPETRO,856.62,WIDE,0.91,above,864.4,856.62,847.53,856.62,838.45,2.143,97.0,0.038,0,2026-09-18,2026-09-21,False,False,5.0,2026-09-21T15:48:07+05:30
HDBFS,687.85,WIDE,-1.07,below,680.5,687.85,691.37,694.88,687.85,1.017,97.1,0.023,0,2026-09-18,2026-09-21,False,False,5.0,2026-09-21T15:48:07+05:30
3MINDIA,33868.33,WIDE,2.46,above,34700.0,33868.33,33641.67,33868.33,33415.0,1.348,97.3,0.027,0,2026-09-18,2026-09-21,False,False,5.0,2026-09-21T15:48:07+05:30
CONCOR,493.84,WIDE,-0.99,below,488.95,493.84,497.08,500.31,493.84,1.302,97.3,0.034,0,2026-09-18,2026-09-21,False,False,5.0,2026-09-21T15:48:07+05:30
EIHOTEL,310.55,WIDE,-0.45,below,309.15,310.55,313.0,315.45,310.55,1.565,97.3,0.03,0,2026-09-18,2026-09-21,False,False,5.0,2026-09-21T15:48:07+05:30
SCHAEFFLER,4135.05,WIDE,-0.03,below,4133.9,4135.05,4162.57,4190.08,4135.05,1.322,97.5,0.032,0,2026-09-18,2026-09-21,False,False,5.0,2026-09-21T15:48:07+05:30
TATATECH,727.88,WIDE,-0.4,below,724.95,727.88,733.32,738.75,727.88,1.482,97.5,0.037,0,2026-09-18,2026-09-21,False,False,5.0,2026-09-21T15:48:07+05:30
ABBOTINDIA,26931.67,WIDE,0.18,inside,26980.0,26931.67,26931.67,27100.83,26762.5,1.256,97.8,0.034,0,2026-09-18,2026-09-21,False,False,5.0,2026-09-21T15:48:07+05:30
MARUTI,12221.33,WIDE,-0.46,inside,12165.0,12221.33,12221.33,12280.5,12162.17,0.968,97.8,0.015,0,2026-09-18,2026-09-21,False,False,5.0,2026-09-21T15:48:07+05:30
ATGL,640.97,WIDE,-0.44,inside,638.15,640.97,640.97,650.83,631.1,3.079,98.1,0.031,0,2026-09-18,2026-09-21,False,False,5.0,2026-09-21T15:48:07+05:30
UPL,566.7,WIDE,-0.93,below,561.45,566.7,571.13,575.57,566.7,1.552,98.1,0.02,0,2026-09-18,2026-09-21,False,False,5.0,2026-09-21T15:48:07+05:30
BBTC,1485.33,WIDE,-0.06,inside,1484.4,1485.33,1485.33,1498.72,1471.95,1.802,98.4,0.032,0,2026-09-18,2026-09-21,False,False,5.0,2026-09-21T15:48:07+05:30
TATAPOWER,367.85,WIDE,-0.27,below,366.85,367.85,370.17,372.48,367.85,1.252,98.4,0.023,0,2026-09-18,2026-09-21,False,False,5.0,2026-09-21T15:48:07+05:30
ABCAPITAL,403.53,WIDE,-0.01,inside,403.5,403.53,403.53,406.79,400.27,1.615,98.6,0.038,0,2026-09-18,2026-09-21,False,False,5.0,2026-09-21T15:48:07+05:30
ADANIPORTS,1797.33,WIDE,-0.49,inside,1788.5,1797.33,1797.33,1810.67,1784.0,1.484,98.6,0.021,0,2026-09-18,2026-09-21,False,False,5.0,2026-09-21T15:48:07+05:30
COLPAL,1890.83,WIDE,-0.57,inside,1880.0,1890.83,1890.83,1904.32,1877.35,1.426,98.6,0.025,0,2026-09-18,2026-09-21,False,False,5.0,2026-09-21T15:48:07+05:30
HAVELLS,1116.93,WIDE,-0.67,inside,1109.5,1116.93,1116.93,1124.67,1109.2,1.385,98.6,0.017,0,2026-09-18,2026-09-21,False,False,5.0,2026-09-21T15:48:07+05:30
IRCTC,471.3,WIDE,-0.07,inside,470.95,471.3,471.3,474.02,468.57,1.156,98.6,0.043,0,2026-09-18,2026-09-21,False,False,5.0,2026-09-21T15:48:07+05:30
IREDA,111.76,WIDE,-0.59,below,111.1,111.76,112.62,113.47,111.76,1.513,98.6,0.035,0,2026-09-18,2026-09-21,False,False,5.0,2026-09-21T15:48:07+05:30
POONAWALLA,468.47,WIDE,0.6,inside,471.3,468.47,468.47,473.93,463.0,2.334,98.6,0.031,0,2026-09-18,2026-09-21,False,False,5.0,2026-09-21T15:48:07+05:30
RVNL,209.79,WIDE,-0.04,inside,209.71,209.79,209.79,212.04,207.53,2.147,98.6,0.032,0,2026-09-18,2026-09-21,False,False,5.0,2026-09-21T15:48:07+05:30
GODIGIT,243.57,WIDE,-0.7,inside,241.85,243.57,243.57,245.85,241.28,1.875,98.9,0.028,0,2026-09-18,2026-09-21,False,False,5.0,2026-09-21T15:48:07+05:30
PAGEIND,35900.0,WIDE,0.56,inside,36100.0,35900.0,35900.0,36150.0,35650.0,1.393,98.9,0.025,0,2026-09-18,2026-09-21,False,False,5.0,2026-09-21T15:48:07+05:30
UNOMINDA,1245.4,WIDE,-1.23,below,1230.1,1245.4,1258.27,1271.13,1245.4,2.045,99.2,0.045,0,2026-09-18,2026-09-21,False,False,5.0,2026-09-21T15:48:07+05:30
APLAPOLLO,2208.2,WIDE,-1.1,below,2184.0,2208.2,2228.83,2249.47,2208.2,1.851,99.5,0.016,0,2026-09-18,2026-09-21,False,False,5.0,2026-09-21T15:48:07+05:30
SUPREMEIND,3502.67,WIDE,0.22,inside,3510.2,3502.67,3502.67,3541.48,3463.85,2.216,99.7,0.034,0,2026-09-18,2026-09-21,False,False,5.0,2026-09-21T15:48:07+05:30
AMBER,7119.75,TOUCHED,-0.21,below,7105.0,7119.75,7121.5,7123.25,7119.75,0.049,5.8,0.027,0,2026-09-18,2026-09-21,False,False,5.0,2026-09-21T15:48:07+05:30
AIAENG,3969.9,TOUCHED,-0.56,below,3947.7,3969.9,3971.03,3972.17,3969.9,0.057,6.3,0.05,0,2026-09-18,2026-09-21,False,False,5.0,2026-09-21T15:48:07+05:30
MPHASIS,2301.45,TOUCHED,0.24,above,2307.0,2301.45,2301.1,2301.45,2300.75,0.03,6.3,0.026,0,2026-09-18,2026-09-21,False,False,5.0,2026-09-21T15:48:07+05:30
HBLENGINE,759.5,TOUCHED,-1.15,below,750.8,759.5,759.67,759.83,759.5,0.044,6.8,0.033,0,2026-09-18,2026-09-21,False,False,5.0,2026-09-21T15:48:07+05:30
TITAGARH,838.53,TOUCHED,0.28,above,840.9,838.53,838.23,838.53,837.94,0.07,7.7,0.042,0,2026-09-18,2026-09-21,False,False,5.0,2026-09-21T15:48:07+05:30
TENNIND,518.08,TOUCHED,-0.66,below,514.65,518.08,518.25,518.43,518.08,0.068,8.5,0.014,0,2026-09-18,2026-09-21,False,False,5.0,2026-09-21T15:48:07+05:30
LICHSGFIN,548.03,TOUCHED,3.93,above,569.55,548.03,547.92,548.03,547.8,0.043,9.0,0.018,0,2026-09-18,2026-09-21,False,False,5.0,2026-09-21T15:48:07+05:30
HCLTECH,1248.93,TOUCHED,2.57,above,1281.0,1248.93,1248.57,1248.93,1248.2,0.059,9.3,0.03,0,2026-09-18,2026-09-21,False,False,5.0,2026-09-21T15:48:07+05:30
FINCABLES,1411.62,TOUCHED,-1.08,below,1396.4,1411.62,1412.03,1412.45,1411.62,0.059,10.4,0.019,0,2026-09-18,2026-09-21,False,False,5.0,2026-09-21T15:48:07+05:30
GMDCLTD,556.1,TOUCHED,0.27,above,557.6,556.1,555.75,556.1,555.4,0.126,10.4,0.078,0,2026-09-18,2026-09-21,False,False,5.0,2026-09-21T15:48:07+05:30
UCOBANK,23.74,TOUCHED,-0.44,below,23.63,23.74,23.74,23.75,23.74,0.042,10.4,0.013,0,2026-09-18,2026-09-21,False,False,5.0,2026-09-21T15:48:07+05:30
ECLERX,1918.75,TOUCHED,1.68,above,1950.9,1918.75,1917.7,1918.75,1916.65,0.11,10.7,0.05,0,2026-09-18,2026-09-21,False,False,5.0,2026-09-21T15:48:07+05:30
LATENTVIEW,255.05,TOUCHED,-1.0,below,252.5,255.05,255.15,255.25,255.05,0.078,10.7,0.026,0,2026-09-18,2026-09-21,False,False,5.0,2026-09-21T15:48:07+05:30
CHAMBLFERT,415.45,TOUCHED,0.55,above,417.75,415.45,415.27,415.45,415.08,0.088,11.0,0.035,0,2026-09-18,2026-09-21,False,False,5.0,2026-09-21T15:48:07+05:30
INDIAMART,1644.7,TOUCHED,-0.78,below,1631.8,1644.7,1645.23,1645.77,1644.7,0.065,11.2,0.025,0,2026-09-18,2026-09-21,False,False,5.0,2026-09-21T15:48:07+05:30
ABREL,1264.1,TOUCHED,-2.38,below,1234.0,1264.1,1264.8,1265.5,1264.1,0.111,11.5,0.024,0,2026-09-18,2026-09-21,False,False,5.0,2026-09-21T15:48:07+05:30
AADHARHFC,462.2,TOUCHED,0.76,above,465.7,462.2,462.02,462.2,461.83,0.079,11.8,0.027,0,2026-09-18,2026-09-21,False,False,5.0,2026-09-21T15:48:07+05:30
CEATLTD,3470.45,TOUCHED,-2.44,below,3385.9,3470.45,3472.0,3473.55,3470.45,0.089,11.8,0.034,0,2026-09-18,2026-09-21,False,False,5.0,2026-09-21T15:48:07+05:30
RHIM,368.55,TOUCHED,0.01,above,368.6,368.55,368.4,368.55,368.25,0.081,11.8,0.028,0,2026-09-18,2026-09-21,False,False,5.0,2026-09-21T15:48:07+05:30
EICHERMOT,7518.33,TOUCHED,-0.04,below,7515.5,7518.33,7520.67,7523.0,7518.33,0.062,12.3,0.023,0,2026-09-18,2026-09-21,False,False,5.0,2026-09-21T15:48:07+05:30
SUZLON,43.21,TOUCHED,0.35,above,43.36,43.21,43.19,43.21,43.16,0.108,12.9,0.028,0,2026-09-18,2026-09-21,False,False,5.0,2026-09-21T15:48:07+05:30
DCMSHRIRAM,993.7,TOUCHED,-0.95,below,984.3,993.7,994.13,994.57,993.7,0.087,13.2,0.024,0,2026-09-18,2026-09-21,False,False,5.0,2026-09-21T15:48:07+05:30
ANGELONE,298.38,TOUCHED,-0.7,below,296.3,298.38,298.62,298.86,298.38,0.162,13.4,0.029,0,2026-09-18,2026-09-21,False,False,5.0,2026-09-21T15:48:07+05:30
ASAHIINDIA,959.35,TOUCHED,-0.96,below,950.15,959.35,959.92,960.48,959.35,0.118,13.4,0.032,0,2026-09-18,2026-09-21,False,False,5.0,2026-09-21T15:48:07+05:30
CHENNPETRO,1413.6,TOUCHED,-2.72,below,1375.2,1413.6,1414.6,1415.6,1413.6,0.141,13.4,0.026,0,2026-09-18,2026-09-21,False,False,5.0,2026-09-21T15:48:07+05:30
TIINDIA,2601.55,TOUCHED,-0.51,below,2588.3,2601.55,2603.1,2604.65,2601.55,0.119,13.4,0.038,0,2026-09-18,2026-09-21,False,False,5.0,2026-09-21T15:48:07+05:30
ACC,1258.25,TOUCHED,-0.12,below,1256.8,1258.25,1258.73,1259.22,1258.25,0.077,14.2,0.028,0,2026-09-18,2026-09-21,False,False,5.0,2026-09-21T15:48:07+05:30
NATCOPHARM,814.78,TOUCHED,0.2,above,816.4,814.78,814.32,814.78,813.86,0.113,14.8,0.023,0,2026-09-18,2026-09-21,False,False,5.0,2026-09-21T15:48:07+05:30
INDIGO,4925.5,TOUCHED,0.31,above,4941.0,4925.5,4923.67,4925.5,4921.83,0.074,15.3,0.027,0,2026-09-18,2026-09-21,False,False,5.0,2026-09-21T15:48:07+05:30
ONGC,233.04,TOUCHED,0.95,above,235.25,233.04,232.96,233.04,232.88,0.067,15.3,0.027,0,2026-09-18,2026-09-21,False,False,5.0,2026-09-21T15:48:07+05:30
ESCORTS,2803.1,TOUCHED,0.64,above,2820.9,2803.1,2801.47,2803.1,2799.83,0.117,15.6,0.041,0,2026-09-18,2026-09-21,False,False,5.0,2026-09-21T15:48:07+05:30
CCL,1067.25,TOUCHED,0.5,above,1072.6,1067.25,1066.7,1067.25,1066.15,0.103,16.2,0.021,0,2026-09-18,2026-09-21,False,False,5.0,2026-09-21T15:48:07+05:30
CEMPRO,1264.67,TOUCHED,-0.54,below,1257.8,1264.67,1265.83,1267.0,1264.67,0.184,16.2,0.062,0,2026-09-18,2026-09-21,False,False,5.0,2026-09-21T15:48:07+05:30
DIVISLAB,9386.75,TOUCHED,0.38,above,9422.0,9386.75,9382.83,9386.75,9378.92,0.083,16.2,0.024,0,2026-09-18,2026-09-21,False,False,5.0,2026-09-21T15:48:07+05:30
OLAELEC,36.51,TOUCHED,1.4,above,37.02,36.51,36.47,36.51,36.43,0.219,16.4,0.064,0,2026-09-18,2026-09-21,False,False,5.0,2026-09-21T15:48:07+05:30
CUB,235.28,TOUCHED,-0.17,below,234.87,235.28,235.45,235.62,235.28,0.146,16.7,0.034,0,2026-09-18,2026-09-21,False,False,5.0,2026-09-21T15:48:07+05:30
EMCURE,2005.17,TOUCHED,-0.33,below,1998.5,2005.17,2006.53,2007.9,2005.17,0.136,17.3,0.027,0,2026-09-18,2026-09-21,False,False,5.0,2026-09-21T15:48:07+05:30
GVT&D,4388.57,TOUCHED,-0.2,below,4380.0,4388.57,4392.13,4395.7,4388.57,0.162,17.3,0.022,0,2026-09-18,2026-09-21,False,False,5.0,2026-09-21T15:48:07+05:30
INDGN,600.43,TOUCHED,-0.58,below,596.95,600.43,600.77,601.1,600.43,0.111,17.3,0.023,0,2026-09-18,2026-09-21,False,False,5.0,2026-09-21T15:48:07+05:30
NCC,136.88,TOUCHED,-0.74,below,135.87,136.88,136.96,137.05,136.88,0.122,17.5,0.027,0,2026-09-18,2026-09-21,False,False,5.0,2026-09-21T15:48:07+05:30
ABFRL,50.2,TOUCHED,-0.64,below,49.88,50.2,50.24,50.28,50.2,0.166,17.8,0.027,0,2026-09-18,2026-09-21,False,False,5.0,2026-09-21T15:48:07+05:30
BRIGADE,622.06,TOUCHED,-1.95,below,609.9,622.06,622.42,622.77,622.06,0.115,18.1,0.024,0,2026-09-18,2026-09-21,False,False,5.0,2026-09-21T15:48:07+05:30
INTELLECT,649.15,TOUCHED,1.45,above,658.55,649.15,648.58,649.15,648.02,0.175,18.4,0.042,0,2026-09-18,2026-09-21,False,False,5.0,2026-09-21T15:48:07+05:30
GODREJCP,878.23,TOUCHED,-1.28,below,867.0,878.23,878.82,879.41,878.23,0.135,19.2,0.023,0,2026-09-18,2026-09-21,False,False,5.0,2026-09-21T15:48:07+05:30
NIVABUPA,79.73,TOUCHED,0.99,above,80.52,79.73,79.68,79.73,79.64,0.117,19.5,0.018,0,2026-09-18,2026-09-21,False,False,5.0,2026-09-21T15:48:07+05:30
SAMMAANCAP,143.45,TOUCHED,-0.49,below,142.75,143.45,143.61,143.76,143.45,0.218,19.7,0.041,0,2026-09-18,2026-09-21,False,False,5.0,2026-09-21T15:48:07+05:30
JAINREC,275.27,TOUCHED,-1.01,below,272.5,275.27,275.6,275.92,275.27,0.236,19.9,0.062,0,2026-09-18,2026-09-21,False,False,5.0,2026-09-21T15:48:07+05:30
ARE&M,796.53,TOUCHED,-0.19,below,795.0,796.53,797.07,797.6,796.53,0.134,20.0,0.022,0,2026-09-18,2026-09-21,False,False,5.0,2026-09-21T15:48:07+05:30
JKTYRE,348.35,TOUCHED,-0.52,below,346.55,348.35,348.68,349.02,348.35,0.191,20.0,0.031,0,2026-09-18,2026-09-21,False,False,5.0,2026-09-21T15:48:07+05:30
JSWCEMENT,117.17,TOUCHED,-0.8,below,116.23,117.17,117.26,117.35,117.17,0.156,20.0,0.027,0,2026-09-18,2026-09-21,False,False,5.0,2026-09-21T15:48:07+05:30
NETWEB,4658.08,TOUCHED,1.26,above,4717.0,4658.08,4651.67,4658.08,4645.25,0.276,20.3,0.062,0,2026-09-18,2026-09-21,False,False,5.0,2026-09-21T15:48:07+05:30
BHARATFORG,1967.5,TOUCHED,0.13,above,1970.0,1967.5,1965.7,1967.5,1963.9,0.183,20.8,0.031,0,2026-09-18,2026-09-21,False,False,5.0,2026-09-21T15:48:07+05:30
MFSL,1557.93,TOUCHED,0.4,above,1564.1,1557.93,1556.87,1557.93,1555.8,0.137,20.8,0.019,0,2026-09-18,2026-09-21,False,False,5.0,2026-09-21T15:48:07+05:30
HDFCAMC,2423.37,TOUCHED,0.85,above,2444.0,2423.37,2421.73,2423.37,2420.1,0.135,21.4,0.022,0,2026-09-18,2026-09-21,False,False,5.0,2026-09-21T15:48:07+05:30
CESC,141.82,TOUCHED,1.15,above,143.45,141.82,141.72,141.82,141.63,0.136,21.6,0.037,0,2026-09-18,2026-09-21,False,False,5.0,2026-09-21T15:48:07+05:30
SUMICHEM,461.36,TOUCHED,-1.52,below,454.35,461.36,461.87,462.38,461.36,0.22,21.6,0.039,0,2026-09-18,2026-09-21,False,False,5.0,2026-09-21T15:48:07+05:30
THERMAX,3560.7,TOUCHED,0.51,above,3578.8,3560.7,3557.77,3560.7,3554.83,0.165,21.6,0.023,0,2026-09-18,2026-09-21,False,False,5.0,2026-09-21T15:48:07+05:30
CLEAN,849.77,TOUCHED,-1.54,below,836.65,849.77,850.48,851.19,849.77,0.167,21.9,0.026,0,2026-09-18,2026-09-21,False,False,5.0,2026-09-21T15:48:07+05:30
ABDL,650.27,TOUCHED,0.9,above,656.15,650.27,649.38,650.27,648.49,0.275,22.5,0.069,0,2026-09-18,2026-09-21,False,False,5.0,2026-09-21T15:48:07+05:30
ETERNAL,327.73,TOUCHED,2.34,above,335.4,327.73,327.43,327.73,327.14,0.178,22.5,0.024,0,2026-09-18,2026-09-21,False,False,5.0,2026-09-21T15:48:07+05:30
ZEEL,78.37,TOUCHED,-0.84,below,77.71,78.37,78.45,78.54,78.37,0.217,22.7,0.045,0,2026-09-18,2026-09-21,False,False,5.0,2026-09-21T15:48:07+05:30
ZYDUSLIFE,1159.17,TOUCHED,0.59,above,1166.0,1159.17,1158.33,1159.17,1157.5,0.144,22.7,0.023,0,2026-09-18,2026-09-21,False,False,5.0,2026-09-21T15:48:07+05:30
BALRAMCHIN,670.95,TOUCHED,-1.2,below,662.9,670.95,671.5,672.05,670.95,0.164,23.0,0.025,0,2026-09-18,2026-09-21,False,False,5.0,2026-09-21T15:48:07+05:30
MCX,3264.17,TOUCHED,-1.94,below,3201.0,3264.17,3268.33,3272.5,3264.17,0.255,23.0,0.058,0,2026-09-18,2026-09-21,False,False,5.0,2026-09-21T15:48:07+05:30
ELECON,419.48,TOUCHED,-1.39,below,413.65,419.48,420.05,420.63,419.48,0.274,23.3,0.036,0,2026-09-18,2026-09-21,False,False,5.0,2026-09-21T15:48:07+05:30
RITES,207.4,TOUCHED,-2.03,below,203.2,207.4,207.58,207.75,207.4,0.167,23.3,0.025,0,2026-09-18,2026-09-21,False,False,5.0,2026-09-21T15:48:07+05:30
MMTC,60.35,TOUCHED,-0.84,below,59.84,60.35,60.43,60.51,60.35,0.259,23.6,0.053,0,2026-09-18,2026-09-21,False,False,5.0,2026-09-21T15:48:07+05:30
ZENTEC,1689.27,TOUCHED,-0.26,below,1684.8,1689.27,1691.13,1693.0,1689.27,0.221,23.6,0.017,0,2026-09-18,2026-09-21,False,False,5.0,2026-09-21T15:48:07+05:30
GRANULES,876.38,TOUCHED,-0.17,below,874.85,876.38,877.27,878.15,876.38,0.201,23.8,0.038,0,2026-09-18,2026-09-21,False,False,5.0,2026-09-21T15:48:07+05:30
APTUS,237.91,TOUCHED,-0.37,below,237.02,237.91,238.13,238.36,237.91,0.19,24.4,0.026,0,2026-09-18,2026-09-21,False,False,5.0,2026-09-21T15:48:07+05:30
ASIANPAINT,2452.87,TOUCHED,-0.12,below,2450.0,2452.87,2454.43,2456.0,2452.87,0.128,24.7,0.022,0,2026-09-18,2026-09-21,False,False,5.0,2026-09-21T15:48:07+05:30
BLUEDART,4810.5,TOUCHED,-0.2,below,4801.0,4810.5,4814.0,4817.5,4810.5,0.145,24.7,0.02,0,2026-09-18,2026-09-21,False,False,5.0,2026-09-21T15:48:07+05:30
IDBI,83.15,TOUCHED,-0.19,below,83.0,83.15,83.25,83.35,83.15,0.228,24.7,0.033,0,2026-09-18,2026-09-21,False,False,5.0,2026-09-21T15:48:07+05:30
DOMS,2106.92,TOUCHED,-1.04,below,2084.9,2106.92,2108.53,2110.15,2106.92,0.153,25.2,0.028,0,2026-09-18,2026-09-21,False,False,5.0,2026-09-21T15:48:07+05:30
PNB,117.18,TOUCHED,0.79,above,118.1,117.18,117.09,117.18,117.0,0.154,25.2,0.028,0,2026-09-18,2026-09-21,False,False,5.0,2026-09-21T15:48:07+05:30
SAIL,177.53,TOUCHED,-0.94,below,175.85,177.53,177.72,177.92,177.53,0.219,25.2,0.026,0,2026-09-18,2026-09-21,False,False,5.0,2026-09-21T15:48:07+05:30
OLECTRA,1197.43,TOUCHED,0.73,above,1206.2,1197.43,1196.07,1197.43,1194.7,0.229,25.5,0.033,0,2026-09-18,2026-09-21,False,False,5.0,2026-09-21T15:48:07+05:30
CANBK,123.56,TOUCHED,-0.01,inside,123.55,123.56,123.56,123.67,123.45,0.178,25.8,0.023,0,2026-09-18,2026-09-21,False,False,5.0,2026-09-21T15:48:07+05:30
INDIANB,841.22,TOUCHED,-0.03,inside,841.0,841.22,841.22,841.92,840.51,0.168,25.8,0.027,0,2026-09-18,2026-09-21,False,False,5.0,2026-09-21T15:48:07+05:30
MSUMI,35.71,TOUCHED,-0.31,below,35.6,35.71,35.75,35.79,35.71,0.224,26.0,0.03,0,2026-09-18,2026-09-21,False,False,5.0,2026-09-21T15:48:07+05:30
PINELABS,191.66,TOUCHED,0.88,above,193.35,191.66,191.28,191.66,190.9,0.396,26.2,0.053,0,2026-09-18,2026-09-21,False,False,5.0,2026-09-21T15:48:07+05:30
RECLTD,311.22,TOUCHED,-0.15,below,310.75,311.22,311.48,311.74,311.22,0.166,26.6,0.015,0,2026-09-18,2026-09-21,False,False,5.0,2026-09-21T15:48:07+05:30
SHREECEM,22550.0,TOUCHED,-0.13,below,22520.0,22550.0,22566.67,22583.33,22550.0,0.148,26.6,0.02,0,2026-09-18,2026-09-21,False,False,5.0,2026-09-21T15:48:07+05:30
FSL,272.45,TOUCHED,-1.12,below,269.4,272.45,272.78,273.12,272.45,0.244,27.1,0.034,0,2026-09-18,2026-09-21,False,False,5.0,2026-09-21T15:48:07+05:30
KEC,403.35,TOUCHED,0.02,inside,403.45,403.35,403.35,403.8,402.9,0.223,27.7,0.023,0,2026-09-18,2026-09-21,False,False,5.0,2026-09-21T15:48:07+05:30
NEULANDLAB,22735.0,TOUCHED,-0.33,below,22660.0,22735.0,22770.0,22805.0,22735.0,0.307,27.9,0.032,0,2026-09-18,2026-09-21,False,False,5.0,2026-09-21T15:48:07+05:30
TATACOMM,1774.15,TOUCHED,-2.49,below,1729.9,1774.15,1776.13,1778.12,1774.15,0.223,27.9,0.022,0,2026-09-18,2026-09-21,False,False,5.0,2026-09-21T15:48:07+05:30
JUBLINGREA,627.3,TOUCHED,0.18,above,628.4,627.3,626.5,627.3,625.7,0.255,28.8,0.034,0,2026-09-18,2026-09-21,False,False,5.0,2026-09-21T15:48:07+05:30
M&MFIN,352.87,TOUCHED,0.23,above,353.7,352.87,352.45,352.87,352.03,0.241,28.8,0.037,0,2026-09-18,2026-09-21,False,False,5.0,2026-09-21T15:48:07+05:30
MINDACORP,688.88,TOUCHED,-1.3,below,679.95,688.88,689.73,690.59,688.88,0.249,28.8,0.038,0,2026-09-18,2026-09-21,False,False,5.0,2026-09-21T15:48:07+05:30
ANANDRATHI,2231.18,TOUCHED,-1.03,below,2208.2,2231.18,2232.97,2234.75,2231.18,0.16,29.0,0.022,0,2026-09-18,2026-09-21,False,False,5.0,2026-09-21T15:48:07+05:30
PARADEEP,155.35,TOUCHED,0.26,above,155.75,155.35,155.08,155.35,154.81,0.348,29.3,0.036,0,2026-09-18,2026-09-21,False,False,5.0,2026-09-21T15:48:07+05:30
ZENSARTECH,437.11,TOUCHED,-0.05,below,436.9,437.11,437.77,438.43,437.11,0.301,30.1,0.035,0,2026-09-18,2026-09-21,False,False,5.0,2026-09-21T15:48:07+05:30
JWL,230.45,TOUCHED,-1.0,below,228.15,230.45,230.76,231.08,230.45,0.273,30.4,0.038,0,2026-09-18,2026-09-21,False,False,5.0,2026-09-21T15:48:07+05:30
KAJARIACER,1199.52,TOUCHED,0.04,inside,1200.0,1199.52,1199.52,1200.93,1198.11,0.235,30.4,0.029,0,2026-09-18,2026-09-21,False,False,5.0,2026-09-21T15:48:07+05:30
KALYANKJIL,582.65,TOUCHED,-0.41,below,580.25,582.65,583.45,584.25,582.65,0.274,30.4,0.039,0,2026-09-18,2026-09-21,False,False,5.0,2026-09-21T15:48:07+05:30
NAVA,559.9,TOUCHED,-0.96,below,554.5,559.9,560.7,561.5,559.9,0.285,30.4,0.038,0,2026-09-18,2026-09-21,False,False,5.0,2026-09-21T15:48:07+05:30
TVSMOTOR,4162.8,TOUCHED,0.05,inside,4165.0,4162.8,4162.8,4167.05,4158.55,0.204,30.7,0.026,0,2026-09-18,2026-09-21,False,False,5.0,2026-09-21T15:48:07+05:30
DLF,646.85,TOUCHED,2.08,above,660.3,646.85,646.02,646.85,645.18,0.258,31.5,0.028,0,2026-09-18,2026-09-21,False,False,5.0,2026-09-21T15:48:07+05:30
OIL,477.4,TOUCHED,0.31,above,478.9,477.4,476.83,477.4,476.27,0.238,31.5,0.018,0,2026-09-18,2026-09-21,False,False,5.0,2026-09-21T15:48:07+05:30
PFIZER,4013.8,TOUCHED,0.53,above,4035.0,4013.8,4010.0,4013.8,4006.2,0.19,31.8,0.025,0,2026-09-18,2026-09-21,False,False,5.0,2026-09-21T15:48:07+05:30
MANKIND,2308.6,TOUCHED,5.3,above,2431.0,2308.6,2305.97,2308.6,2303.33,0.228,32.1,0.038,0,2026-09-18,2026-09-21,False,False,5.0,2026-09-21T15:48:07+05:30
AAVAS,1289.35,TOUCHED,2.51,above,1321.7,1289.35,1287.77,1289.35,1286.18,0.246,32.3,0.028,0,2026-09-18,2026-09-21,False,False,5.0,2026-09-21T15:48:07+05:30
SAREGAMA,497.93,TOUCHED,-1.99,below,488.0,497.93,498.58,499.24,497.93,0.264,32.3,0.046,0,2026-09-18,2026-09-21,False,False,5.0,2026-09-21T15:48:07+05:30
SARDAEN,506.73,TOUCHED,-0.96,below,501.85,506.73,507.52,508.3,506.73,0.309,32.6,0.027,0,2026-09-18,2026-09-21,False,False,5.0,2026-09-21T15:48:07+05:30
HEXT,521.83,TOUCHED,-1.23,below,515.4,521.83,522.73,523.64,521.83,0.348,33.2,0.046,0,2026-09-18,2026-09-21,False,False,5.0,2026-09-21T15:48:07+05:30
TECHM,1542.15,TOUCHED,0.83,above,1555.0,1542.15,1540.47,1542.15,1538.78,0.219,33.4,0.034,0,2026-09-18,2026-09-21,False,False,5.0,2026-09-21T15:48:07+05:30
THELEELA,538.38,TOUCHED,-0.18,below,537.4,538.38,539.1,539.82,538.38,0.269,33.7,0.03,0,2026-09-18,2026-09-21,False,False,5.0,2026-09-21T15:48:07+05:30
PPLPHARMA,207.87,TOUCHED,3.3,above,214.72,207.87,207.57,207.87,207.28,0.284,34.2,0.038,0,2026-09-18,2026-09-21,False,False,5.0,2026-09-21T15:48:07+05:30
GROWW,190.6,TOUCHED,-0.16,below,190.3,190.6,190.99,191.37,190.6,0.405,34.3,0.032,0,2026-09-18,2026-09-21,False,False,5.0,2026-09-21T15:48:07+05:30
BSOFT,281.75,TOUCHED,0.87,above,284.2,281.75,281.3,281.75,280.85,0.32,34.8,0.042,0,2026-09-18,2026-09-21,False,False,5.0,2026-09-21T15:48:07+05:30
DATAPATTNS,4503.13,TOUCHED,0.04,above,4505.0,4503.13,4492.97,4503.13,4482.8,0.453,34.8,0.073,0,2026-09-18,2026-09-21,False,False,5.0,2026-09-21T15:48:07+05:30
IPCALAB,2006.73,TOUCHED,0.18,above,2010.3,2006.73,2003.87,2006.73,2001.0,0.286,34.8,0.032,0,2026-09-18,2026-09-21,False,False,5.0,2026-09-21T15:48:07+05:30
LTFOODS,422.56,TOUCHED,1.96,above,430.85,422.56,421.92,422.56,421.28,0.304,34.8,0.036,0,2026-09-18,2026-09-21,False,False,5.0,2026-09-21T15:48:07+05:30
HINDALCO,987.45,TOUCHED,-1.04,below,977.2,987.45,988.4,989.35,987.45,0.192,36.4,0.011,0,2026-09-18,2026-09-21,False,False,5.0,2026-09-21T15:48:07+05:30
ASTERDM,758.3,TOUCHED,0.03,above,758.5,758.3,757.22,758.3,756.13,0.286,36.7,0.028,0,2026-09-18,2026-09-21,False,False,5.0,2026-09-21T15:48:07+05:30
BATAINDIA,639.02,TOUCHED,-0.67,below,634.75,639.02,639.73,640.45,639.02,0.224,36.7,0.022,0,2026-09-18,2026-09-21,False,False,5.0,2026-09-21T15:48:07+05:30
DELHIVERY,429.7,TOUCHED,1.23,above,435.0,429.7,429.13,429.7,428.57,0.264,36.7,0.019,0,2026-09-18,2026-09-21,False,False,5.0,2026-09-21T15:48:07+05:30
GABRIEL,1313.0,TOUCHED,-1.92,below,1287.8,1313.0,1315.93,1318.87,1313.0,0.446,36.7,0.039,0,2026-09-18,2026-09-21,False,False,5.0,2026-09-21T15:48:07+05:30
TEJASNET,519.28,TOUCHED,-0.35,below,517.45,519.28,520.27,521.25,519.28,0.378,37.0,0.041,0,2026-09-18,2026-09-21,False,False,5.0,2026-09-21T15:48:07+05:30
GLAXO,2850.0,TOUCHED,0.54,above,2865.5,2850.0,2846.27,2850.0,2842.53,0.262,37.3,0.014,0,2026-09-18,2026-09-21,False,False,5.0,2026-09-21T15:48:07+05:30
TARIL,280.46,TOUCHED,-0.72,below,278.45,280.46,281.07,281.68,280.46,0.433,37.3,0.054,0,2026-09-18,2026-09-21,False,False,5.0,2026-09-21T15:48:07+05:30
CRAFTSMAN,11085.5,TOUCHED,-0.58,below,11021.0,11085.5,11103.0,11120.5,11085.5,0.315,37.5,0.057,0,2026-09-18,2026-09-21,False,False,5.0,2026-09-21T15:48:07+05:30
UTIAMC,898.83,TOUCHED,2.92,above,925.1,898.83,897.55,898.83,896.28,0.284,37.8,0.031,0,2026-09-18,2026-09-21,False,False,5.0,2026-09-21T15:48:07+05:30
DEVYANI,140.36,TOUCHED,2.13,above,143.35,140.36,140.1,140.36,139.84,0.371,38.1,0.039,0,2026-09-18,2026-09-21,False,False,5.0,2026-09-21T15:48:07+05:30
INDUSINDBK,962.3,TOUCHED,-0.39,below,958.5,962.3,963.63,964.97,962.3,0.277,39.2,0.026,0,2026-09-18,2026-09-21,False,False,5.0,2026-09-21T15:48:07+05:30
J&KBANK,146.84,TOUCHED,-0.37,below,146.3,146.84,147.09,147.35,146.84,0.349,39.2,0.05,0,2026-09-18,2026-09-21,False,False,5.0,2026-09-21T15:48:07+05:30
KAYNES,3540.45,TOUCHED,3.1,above,3650.1,3540.45,3531.97,3540.45,3523.48,0.48,39.5,0.049,0,2026-09-18,2026-09-21,False,False,5.0,2026-09-21T15:48:07+05:30
MAPMYINDIA,898.07,TOUCHED,0.14,above,899.3,898.07,896.73,898.07,895.4,0.297,39.5,0.034,0,2026-09-18,2026-09-21,False,False,5.0,2026-09-21T15:48:07+05:30
NUVAMA,1704.75,TOUCHED,-1.05,below,1686.8,1704.75,1707.73,1710.72,1704.75,0.349,40.3,0.025,0,2026-09-18,2026-09-21,False,False,5.0,2026-09-21T15:48:07+05:30
CROMPTON,226.11,TOUCHED,-0.35,below,225.33,226.11,226.45,226.78,226.11,0.296,40.8,0.025,0,2026-09-18,2026-09-21,False,False,5.0,2026-09-21T15:48:07+05:30
GAIL,173.32,TOUCHED,-0.33,below,172.76,173.32,173.52,173.71,173.32,0.221,40.8,0.015,0,2026-09-18,2026-09-21,False,False,5.0,2026-09-21T15:48:07+05:30
PFOCUS,343.26,TOUCHED,3.01,above,353.6,343.26,342.17,343.26,341.07,0.638,41.1,0.053,0,2026-09-18,2026-09-21,False,False,5.0,2026-09-21T15:48:07+05:30
MGL,1080.08,TOUCHED,0.08,above,1080.9,1080.08,1078.47,1080.08,1076.85,0.3,41.4,0.034,0,2026-09-18,2026-09-21,False,False,5.0,2026-09-21T15:48:07+05:30
SUNDARMFIN,4710.0,TOUCHED,-0.43,below,4689.8,4710.0,4716.87,4723.73,4710.0,0.291,41.4,0.029,0,2026-09-18,2026-09-21,False,False,5.0,2026-09-21T15:48:07+05:30
AJANTPHARM,3569.32,TOUCHED,-0.68,below,3545.2,3569.32,3575.03,3580.75,3569.32,0.32,41.9,0.035,0,2026-09-18,2026-09-21,False,False,5.0,2026-09-21T15:48:07+05:30
HFCL,214.54,TOUCHED,-0.25,inside,214.0,214.54,214.54,215.12,213.95,0.547,41.9,0.031,0,2026-09-18,2026-09-21,False,False,5.0,2026-09-21T15:48:07+05:30
ADANIPOWER,206.94,TOUCHED,-0.31,below,206.3,206.94,207.28,207.62,206.94,0.328,42.7,0.053,0,2026-09-18,2026-09-21,False,False,5.0,2026-09-21T15:48:07+05:30
JIOFIN,230.24,TOUCHED,-0.0,below,230.24,230.24,230.59,230.94,230.24,0.305,42.7,0.022,0,2026-09-18,2026-09-21,False,False,5.0,2026-09-21T15:48:07+05:30
ONESOURCE,1598.23,TOUCHED,-0.0,below,1598.2,1598.23,1601.57,1604.9,1598.23,0.416,42.7,0.045,0,2026-09-18,2026-09-21,False,False,5.0,2026-09-21T15:48:07+05:30
FIVESTAR,534.95,TOUCHED,-1.79,below,525.35,534.95,536.12,537.28,534.95,0.435,43.6,0.041,0,2026-09-18,2026-09-21,False,False,5.0,2026-09-21T15:48:07+05:30
MRF,125157.5,TOUCHED,-0.24,below,124860.0,125157.5,125328.33,125499.17,125157.5,0.273,44.9,0.034,0,2026-09-18,2026-09-21,False,False,5.0,2026-09-21T15:48:07+05:30
PERSISTENT,5444.5,TOUCHED,0.1,above,5450.0,5444.5,5435.0,5444.5,5425.5,0.35,44.9,0.016,0,2026-09-18,2026-09-21,False,False,5.0,2026-09-21T15:48:07+05:30
SOBHA,1212.85,TOUCHED,0.13,above,1214.4,1212.85,1210.5,1212.85,1208.15,0.388,45.2,0.028,0,2026-09-18,2026-09-21,False,False,5.0,2026-09-21T15:48:07+05:30
GODREJIND,1109.52,TOUCHED,-0.54,below,1103.5,1109.52,1111.63,1113.75,1109.52,0.381,45.5,0.038,0,2026-09-18,2026-09-21,False,False,5.0,2026-09-21T15:48:07+05:30
JSWSTEEL,1270.7,TOUCHED,-0.02,below,1270.4,1270.7,1272.33,1273.97,1270.7,0.257,45.5,0.025,0,2026-09-18,2026-09-21,False,False,5.0,2026-09-21T15:48:07+05:30
LLOYDSME,1822.97,TOUCHED,0.22,above,1827.0,1822.97,1819.23,1822.97,1815.5,0.41,45.5,0.033,0,2026-09-18,2026-09-21,False,False,5.0,2026-09-21T15:48:07+05:30
JINDALSAW,291.42,TOUCHED,0.56,above,293.05,291.42,290.78,291.42,290.14,0.441,46.3,0.034,0,2026-09-18,2026-09-21,False,False,5.0,2026-09-21T15:48:07+05:30
AMBUJACEM,389.95,TOUCHED,0.53,above,392.0,389.95,389.4,389.95,388.85,0.282,47.4,0.034,0,2026-09-18,2026-09-21,False,False,5.0,2026-09-21T15:48:07+05:30
PIRAMALFIN,2285.65,TOUCHED,-2.84,below,2220.7,2285.65,2290.5,2295.35,2285.65,0.423,47.5,0.043,0,2026-09-18,2026-09-21,False,False,5.0,2026-09-21T15:48:07+05:30
ITI,255.25,TOUCHED,-0.04,inside,255.15,255.25,255.25,255.77,254.73,0.411,47.7,0.032,0,2026-09-18,2026-09-21,False,False,5.0,2026-09-21T15:48:07+05:30
ANANTRAJ,601.25,TOUCHED,-1.0,below,595.25,601.25,602.88,604.52,601.25,0.542,48.5,0.07,0,2026-09-18,2026-09-21,False,False,5.0,2026-09-21T15:48:07+05:30
ERIS,1323.9,TOUCHED,-2.44,below,1291.6,1323.9,1326.5,1329.1,1323.9,0.392,48.5,0.029,0,2026-09-18,2026-09-21,False,False,5.0,2026-09-21T15:48:07+05:30
SIGNATURE,753.98,TOUCHED,0.17,inside,755.25,753.98,753.98,755.47,752.5,0.393,49.0,0.029,0,2026-09-18,2026-09-21,False,False,5.0,2026-09-21T15:48:07+05:30
LTTS,3327.35,TOUCHED,-0.75,below,3302.5,3327.35,3334.07,3340.78,3327.35,0.403,49.9,0.037,0,2026-09-18,2026-09-21,False,False,5.0,2026-09-21T15:48:07+05:30
TTML,35.8,TOUCHED,-1.12,below,35.4,35.8,35.87,35.95,35.8,0.4,49.9,0.041,0,2026-09-18,2026-09-21,False,False,5.0,2026-09-21T15:48:07+05:30
TATACAP,349.65,TOUCHED,-1.46,below,344.55,349.65,350.22,350.78,349.65,0.324,50.0,0.015,0,2026-09-18,2026-09-21,False,False,5.0,2026-09-21T15:48:07+05:30
MOTHERSON,163.26,TOUCHED,-0.1,inside,163.09,163.26,163.26,163.6,162.92,0.423,50.7,0.035,0,2026-09-18,2026-09-21,False,False,5.0,2026-09-21T15:48:07+05:30
GODREJPROP,1699.67,TOUCHED,-0.22,inside,1696.0,1699.67,1699.67,1703.95,1695.38,0.504,51.0,0.045,0,2026-09-18,2026-09-21,False,False,5.0,2026-09-21T15:48:07+05:30
ANTHEM,930.58,TOUCHED,-1.67,below,915.0,930.58,932.65,934.73,930.58,0.445,51.2,0.041,0,2026-09-18,2026-09-21,False,False,5.0,2026-09-21T15:48:07+05:30
SCHNEIDER,1225.55,TOUCHED,1.11,above,1239.1,1225.55,1221.53,1225.55,1217.52,0.658,51.2,0.028,0,2026-09-18,2026-09-21,False,False,5.0,2026-09-21T15:48:07+05:30
CREDITACC,1384.22,TOUCHED,0.71,above,1394.0,1384.22,1380.83,1384.22,1377.45,0.49,52.3,0.041,0,2026-09-18,2026-09-21,False,False,5.0,2026-09-21T15:48:07+05:30
TRAVELFOOD,1247.1,TOUCHED,-1.4,below,1229.6,1247.1,1250.1,1253.1,1247.1,0.48,52.5,0.032,0,2026-09-18,2026-09-21,False,False,5.0,2026-09-21T15:48:07+05:30
URBANCO,168.57,TOUCHED,3.22,above,173.99,168.57,168.03,168.57,167.49,0.645,52.6,0.044,0,2026-09-18,2026-09-21,False,False,5.0,2026-09-21T15:48:07+05:30
NEWGEN,494.57,TOUCHED,-0.24,inside,493.4,494.57,494.57,495.93,493.2,0.553,52.9,0.031,0,2026-09-18,2026-09-21,False,False,5.0,2026-09-21T15:48:07+05:30
TITAN,4818.25,TOUCHED,1.18,above,4875.0,4818.25,4811.67,4818.25,4805.08,0.274,53.2,0.018,0,2026-09-18,2026-09-21,False,False,5.0,2026-09-21T15:48:07+05:30
SHYAMMETL,1094.0,TOUCHED,-0.07,below,1093.2,1094.0,1096.0,1098.0,1094.0,0.365,53.4,0.016,0,2026-09-18,2026-09-21,False,False,5.0,2026-09-21T15:48:07+05:30
GRAVITA,1602.55,TOUCHED,-1.41,below,1579.9,1602.55,1606.7,1610.85,1602.55,0.517,54.2,0.033,0,2026-09-18,2026-09-21,False,False,5.0,2026-09-21T15:48:07+05:30
UNIONBANK,177.74,TOUCHED,0.2,above,178.09,177.74,177.35,177.74,176.95,0.444,54.2,0.04,0,2026-09-18,2026-09-21,False,False,5.0,2026-09-21T15:48:07+05:30
GLAND,2941.0,TOUCHED,-0.04,below,2939.8,2941.0,2947.97,2954.93,2941.0,0.473,54.8,0.04,0,2026-09-18,2026-09-21,False,False,5.0,2026-09-21T15:48:07+05:30
ENDURANCE,2725.4,TOUCHED,1.12,above,2756.0,2725.4,2718.8,2725.4,2712.2,0.486,55.1,0.043,0,2026-09-18,2026-09-21,False,False,5.0,2026-09-21T15:48:07+05:30
ABLBL,81.37,TOUCHED,-0.59,below,80.89,81.37,81.58,81.78,81.37,0.499,55.8,0.054,0,2026-09-18,2026-09-21,False,False,5.0,2026-09-21T15:48:07+05:30
EIDPARRY,698.95,TOUCHED,0.36,above,701.5,698.95,697.2,698.95,695.45,0.502,56.4,0.027,0,2026-09-18,2026-09-21,False,False,5.0,2026-09-21T15:48:07+05:30
FORCEMOT,17553.67,TOUCHED,-0.39,below,17485.0,17553.67,17619.33,17685.0,17553.67,0.745,56.4,0.049,0,2026-09-18,2026-09-21,False,False,5.0,2026-09-21T15:48:07+05:30
GRSE,2387.5,TOUCHED,-0.6,below,2373.2,2387.5,2395.6,2403.7,2387.5,0.676,56.4,0.067,0,2026-09-18,2026-09-21,False,False,5.0,2026-09-21T15:48:07+05:30
BAJAJ-AUTO,11473.0,TOUCHED,0.32,above,11510.0,11473.0,11453.33,11473.0,11433.67,0.343,56.7,0.028,0,2026-09-18,2026-09-21,False,False,5.0,2026-09-21T15:48:07+05:30
DEEPAKFERT,1339.33,TOUCHED,2.12,above,1367.7,1339.33,1335.47,1339.33,1331.6,0.579,56.7,0.044,0,2026-09-18,2026-09-21,False,False,5.0,2026-09-21T15:48:07+05:30
SAPPHIRE,232.12,TOUCHED,2.74,above,238.48,232.12,231.45,232.12,230.78,0.58,56.7,0.05,0,2026-09-18,2026-09-21,False,False,5.0,2026-09-21T15:48:07+05:30
BANKINDIA,139.01,TOUCHED,-0.41,below,138.44,139.01,139.34,139.67,139.01,0.474,57.3,0.026,0,2026-09-18,2026-09-21,False,False,5.0,2026-09-21T15:48:07+05:30
ABB,7242.83,TOUCHED,0.18,inside,7256.0,7242.83,7242.83,7256.67,7229.0,0.382,57.5,0.028,0,2026-09-18,2026-09-21,False,False,5.0,2026-09-21T15:48:07+05:30
GRAPHITE,824.0,TOUCHED,-1.32,below,813.1,824.0,826.28,828.57,824.0,0.553,57.5,0.024,0,2026-09-18,2026-09-21,False,False,5.0,2026-09-21T15:48:07+05:30
LAURUSLABS,1968.0,TOUCHED,2.52,above,2017.5,1968.0,1963.33,1968.0,1958.67,0.475,58.1,0.019,0,2026-09-18,2026-09-21,False,False,5.0,2026-09-21T15:48:07+05:30
PIDILITIND,1576.97,TOUCHED,0.0,inside,1577.0,1576.97,1576.97,1579.4,1574.53,0.309,58.1,0.028,0,2026-09-18,2026-09-21,False,False,5.0,2026-09-21T15:48:07+05:30
TEGA,1938.22,TOUCHED,10.2,above,2136.0,1938.22,1933.43,1938.22,1928.65,0.495,58.1,0.045,0,2026-09-18,2026-09-21,False,False,5.0,2026-09-21T15:48:07+05:30
SBFC,92.59,TOUCHED,-1.41,below,91.28,92.59,92.81,93.04,92.59,0.488,58.6,0.03,0,2026-09-18,2026-09-21,False,False,5.0,2026-09-21T15:48:07+05:30
BANKBARODA,233.93,TOUCHED,0.11,inside,234.19,233.93,233.93,234.44,233.43,0.43,59.7,0.012,0,2026-09-18,2026-09-21,False,False,5.0,2026-09-21T15:48:07+05:30
FORTIS,892.2,TOUCHED,0.41,above,895.85,892.2,890.13,892.2,888.07,0.464,59.7,0.028,0,2026-09-18,2026-09-21,False,False,5.0,2026-09-21T15:48:07+05:30
STARHEALTH,548.32,TOUCHED,-1.05,below,542.55,548.32,549.6,550.88,548.32,0.464,59.7,0.023,0,2026-09-18,2026-09-21,False,False,5.0,2026-09-21T15:48:07+05:30
BAJAJFINSV,1859.2,TOUCHED,-0.17,inside,1856.0,1859.2,1859.2,1862.55,1855.85,0.36,60.5,0.02,0,2026-09-18,2026-09-21,False,False,5.0,2026-09-21T15:48:07+05:30
BLS,228.4,TOUCHED,1.83,above,232.58,228.4,227.77,228.4,227.13,0.556,60.8,0.032,0,2026-09-18,2026-09-21,False,False,5.0,2026-09-21T15:48:07+05:30
KARURVYSYA,332.99,TOUCHED,-1.92,below,326.6,332.99,333.83,334.68,332.99,0.504,60.8,0.039,0,2026-09-18,2026-09-21,False,False,5.0,2026-09-21T15:48:07+05:30
PFC,344.82,TOUCHED,0.27,above,345.75,344.82,344.07,344.82,343.31,0.441,60.8,0.032,0,2026-09-18,2026-09-21,False,False,5.0,2026-09-21T15:48:07+05:30
KIRLOSENG,2145.57,TOUCHED,-0.32,inside,2138.6,2145.57,2145.57,2152.83,2138.3,0.677,61.4,0.035,0,2026-09-18,2026-09-21,False,False,5.0,2026-09-21T15:48:07+05:30
BERGEPAINT,455.2,TOUCHED,-1.36,below,449.0,455.2,456.35,457.5,455.2,0.504,61.9,0.013,0,2026-09-18,2026-09-21,False,False,5.0,2026-09-21T15:48:07+05:30
GRASIM,3191.85,TOUCHED,-0.68,below,3170.0,3191.85,3197.63,3203.42,3191.85,0.362,61.9,0.017,0,2026-09-18,2026-09-21,False,False,5.0,2026-09-21T15:48:07+05:30
ICICIAMC,3197.75,TOUCHED,0.58,above,3216.4,3197.75,3188.8,3197.75,3179.85,0.561,62.4,0.028,0,2026-09-18,2026-09-21,False,False,5.0,2026-09-21T15:48:07+05:30
GPIL,235.86,TOUCHED,0.26,above,236.47,235.86,235.06,235.86,234.27,0.678,62.7,0.029,0,2026-09-18,2026-09-21,False,False,5.0,2026-09-21T15:48:07+05:30
PGEL,535.3,TOUCHED,0.6,above,538.5,535.3,533.25,535.3,531.2,0.769,62.7,0.046,0,2026-09-18,2026-09-21,False,False,5.0,2026-09-21T15:48:07+05:30
CHOLAFIN,1785.2,TOUCHED,-0.94,below,1768.5,1785.2,1790.13,1795.07,1785.2,0.551,63.0,0.041,0,2026-09-18,2026-09-21,False,False,5.0,2026-09-21T15:48:07+05:30
FLUOROCHEM,4563.53,TOUCHED,-0.08,inside,4560.0,4563.53,4563.53,4575.12,4551.95,0.508,63.0,0.022,0,2026-09-18,2026-09-21,False,False,5.0,2026-09-21T15:48:07+05:30
HAL,4823.43,TOUCHED,0.03,inside,4825.0,4823.43,4823.43,4835.0,4811.87,0.48,63.0,0.035,0,2026-09-18,2026-09-21,False,False,5.0,2026-09-21T15:48:07+05:30
SWANCORP,294.02,TOUCHED,2.36,above,300.95,294.02,293.08,294.02,292.15,0.637,64.1,0.032,0,2026-09-18,2026-09-21,False,False,5.0,2026-09-21T15:48:07+05:30
LUPIN,2094.85,TOUCHED,1.44,above,2125.0,2094.85,2090.9,2094.85,2086.95,0.378,64.7,0.024,0,2026-09-18,2026-09-21,False,False,5.0,2026-09-21T15:48:07+05:30
TATASTEEL,185.94,TOUCHED,-1.21,below,183.7,185.94,186.35,186.75,185.94,0.433,64.7,0.021,0,2026-09-18,2026-09-21,False,False,5.0,2026-09-21T15:48:07+05:30
ZFCVINDIA,2393.4,TOUCHED,-1.28,below,2362.7,2393.4,2399.8,2406.2,2393.4,0.533,64.7,0.036,0,2026-09-18,2026-09-21,False,False,5.0,2026-09-21T15:48:07+05:30
NTPCGREEN,88.34,TOUCHED,3.39,above,91.34,88.34,88.14,88.34,87.93,0.469,64.9,0.013,0,2026-09-18,2026-09-21,False,False,5.0,2026-09-21T15:48:07+05:30
HEROMOTOCO,5324.0,TOUCHED,1.65,above,5412.0,5324.0,5311.17,5324.0,5298.33,0.483,65.5,0.019,0,2026-09-18,2026-09-21,False,False,5.0,2026-09-21T15:48:07+05:30
CUMMINSIND,5072.83,TOUCHED,0.14,inside,5080.0,5072.83,5072.83,5086.17,5059.5,0.526,65.8,0.018,0,2026-09-18,2026-09-21,False,False,5.0,2026-09-21T15:48:07+05:30
IRCON,108.88,TOUCHED,-0.21,below,108.65,108.88,109.2,109.52,108.88,0.595,65.8,0.043,0,2026-09-18,2026-09-21,False,False,5.0,2026-09-21T15:48:07+05:30
NUVOCO,327.66,TOUCHED,0.99,above,330.9,327.66,326.72,327.66,325.77,0.576,65.8,0.037,0,2026-09-18,2026-09-21,False,False,5.0,2026-09-21T15:48:07+05:30
RAILTEL,262.6,TOUCHED,-0.86,below,260.35,262.6,263.4,264.2,262.6,0.607,66.6,0.041,0,2026-09-18,2026-09-21,False,False,5.0,2026-09-21T15:48:07+05:30
AWL,185.52,TOUCHED,-1.04,below,183.59,185.52,186.01,186.49,185.52,0.523,67.1,0.046,0,2026-09-18,2026-09-21,False,False,5.0,2026-09-21T15:48:07+05:30
SONATSOFTW,277.12,TOUCHED,0.69,above,279.05,277.12,276.08,277.12,275.04,0.755,67.1,0.026,0,2026-09-18,2026-09-21,False,False,5.0,2026-09-21T15:48:07+05:30
USHAMART,505.63,TOUCHED,4.88,above,530.3,505.63,504.07,505.63,502.5,0.622,67.1,0.031,0,2026-09-18,2026-09-21,False,False,5.0,2026-09-21T15:48:07+05:30
IIFL,606.38,TOUCHED,0.39,above,608.75,606.38,604.32,606.38,602.26,0.681,67.4,0.026,0,2026-09-18,2026-09-21,False,False,5.0,2026-09-21T15:48:07+05:30
M&M,3067.4,TOUCHED,-0.22,inside,3060.7,3067.4,3067.4,3075.1,3059.7,0.502,67.4,0.026,0,2026-09-18,2026-09-21,False,False,5.0,2026-09-21T15:48:07+05:30
SBIN,994.35,TOUCHED,0.17,above,996.0,994.35,992.5,994.35,990.65,0.373,67.7,0.011,0,2026-09-18,2026-09-21,False,False,5.0,2026-09-21T15:48:07+05:30
CYIENT,1063.55,TOUCHED,-0.23,below,1061.1,1063.55,1066.8,1070.05,1063.55,0.609,68.2,0.026,0,2026-09-18,2026-09-21,False,False,5.0,2026-09-21T15:48:07+05:30
IDFCFIRSTB,86.13,TOUCHED,-0.61,below,85.6,86.13,86.34,86.54,86.13,0.483,68.2,0.035,0,2026-09-18,2026-09-21,False,False,5.0,2026-09-21T15:48:07+05:30
HONAUT,35185.0,TOUCHED,-1.44,below,34680.0,35185.0,35271.67,35358.33,35185.0,0.491,68.5,0.027,0,2026-09-18,2026-09-21,False,False,5.0,2026-09-21T15:48:07+05:30
MOTILALOFS,999.35,TOUCHED,-0.24,below,997.0,999.35,1002.9,1006.45,999.35,0.708,69.0,0.045,0,2026-09-18,2026-09-21,False,False,5.0,2026-09-21T15:48:07+05:30
MUTHOOTFIN,2833.45,TOUCHED,0.99,above,2861.6,2833.45,2825.8,2833.45,2818.15,0.541,69.0,0.04,0,2026-09-18,2026-09-21,False,False,5.0,2026-09-21T15:48:07+05:30
TRENT,2808.03,TOUCHED,0.14,inside,2811.9,2808.03,2808.03,2816.02,2800.05,0.569,69.0,0.044,0,2026-09-18,2026-09-21,False,False,5.0,2026-09-21T15:48:07+05:30
CGCL,268.77,TOUCHED,-0.16,inside,268.35,268.77,268.77,269.71,267.82,0.701,69.6,0.053,0,2026-09-18,2026-09-21,False,False,5.0,2026-09-21T15:48:07+05:30
REDINGTON,401.48,TOUCHED,-2.04,below,393.3,401.48,403.1,404.73,401.48,0.806,69.6,0.038,0,2026-09-18,2026-09-21,False,False,5.0,2026-09-21T15:48:07+05:30
RKFORGE,716.73,TOUCHED,-0.12,below,715.85,716.73,719.18,721.64,716.73,0.684,69.6,0.048,0,2026-09-18,2026-09-21,False,False,5.0,2026-09-21T15:48:07+05:30
NBCC,83.02,TOUCHED,0.14,inside,83.14,83.02,83.02,83.33,82.71,0.751,69.9,0.044,0,2026-09-18,2026-09-21,False,False,5.0,2026-09-21T15:48:07+05:30
ANURAS,1199.05,TOUCHED,-3.13,below,1161.5,1199.05,1201.93,1204.82,1199.05,0.48,70.1,0.024,0,2026-09-18,2026-09-21,False,False,5.0,2026-09-21T15:48:07+05:30
LEMONTREE,105.83,TOUCHED,0.15,inside,105.99,105.83,105.83,106.15,105.51,0.605,70.1,0.023,0,2026-09-18,2026-09-21,False,False,5.0,2026-09-21T15:48:07+05:30
NSLNISP,42.46,TOUCHED,0.04,above,42.48,42.46,42.32,42.46,42.19,0.654,70.1,0.033,0,2026-09-18,2026-09-21,False,False,5.0,2026-09-21T15:48:07+05:30
NLCINDIA,267.02,TOUCHED,-0.08,inside,266.8,267.02,267.02,267.91,266.12,0.668,70.4,0.048,0,2026-09-18,2026-09-21,False,False,5.0,2026-09-21T15:48:07+05:30
BPCL,312.15,TOUCHED,0.13,inside,312.55,312.15,312.15,313.08,311.23,0.593,70.7,0.021,0,2026-09-18,2026-09-21,False,False,5.0,2026-09-21T15:48:07+05:30
SJVN,64.12,TOUCHED,-1.13,below,63.4,64.12,64.29,64.47,64.12,0.534,70.7,0.027,0,2026-09-18,2026-09-21,False,False,5.0,2026-09-21T15:48:07+05:30
ELGIEQUIP,607.47,TOUCHED,0.89,above,612.85,607.47,605.38,607.47,603.3,0.688,71.0,0.049,0,2026-09-18,2026-09-21,False,False,5.0,2026-09-21T15:48:07+05:30
BEL,396.25,TOUCHED,0.44,above,398.0,396.25,395.27,396.25,394.28,0.498,71.2,0.024,0,2026-09-18,2026-09-21,False,False,5.0,2026-09-21T15:48:07+05:30
KIMS,801.5,TOUCHED,-1.52,below,789.3,801.5,804.28,807.07,801.5,0.692,71.2,0.032,0,2026-09-18,2026-09-21,False,False,5.0,2026-09-21T15:48:07+05:30
DEEPAKNTR,1590.98,TOUCHED,-0.48,below,1583.4,1590.98,1595.67,1600.35,1590.98,0.587,71.5,0.029,0,2026-09-18,2026-09-21,False,False,5.0,2026-09-21T15:48:07+05:30
ICICIPRULI,494.85,TOUCHED,0.03,inside,495.0,494.85,494.85,496.28,493.43,0.576,72.1,0.021,0,2026-09-18,2026-09-21,False,False,5.0,2026-09-21T15:48:07+05:30
IGIL,327.43,TOUCHED,-1.15,below,323.65,327.43,328.6,329.78,327.43,0.715,72.1,0.026,0,2026-09-18,2026-09-21,False,False,5.0,2026-09-21T15:48:07+05:30
FEDERALBNK,331.97,TOUCHED,0.01,above,332.0,331.97,331.18,331.97,330.4,0.473,72.3,0.027,0,2026-09-18,2026-09-21,False,False,5.0,2026-09-21T15:48:07+05:30
HUDCO,173.71,TOUCHED,-0.28,inside,173.22,173.71,173.71,174.31,173.11,0.697,72.6,0.035,0,2026-09-18,2026-09-21,False,False,5.0,2026-09-21T15:48:07+05:30
INDUSTOWER,378.1,TOUCHED,0.21,inside,378.9,378.1,378.1,379.2,377.0,0.582,72.6,0.03,0,2026-09-18,2026-09-21,False,False,5.0,2026-09-21T15:48:07+05:30
LGEINDIA,1682.9,TOUCHED,-1.55,below,1656.8,1682.9,1687.57,1692.23,1682.9,0.553,72.8,0.011,0,2026-09-18,2026-09-21,False,False,5.0,2026-09-21T15:48:07+05:30
PREMIERENE,898.68,TOUCHED,1.25,above,909.9,898.68,895.37,898.68,892.05,0.741,73.4,0.031,0,2026-09-18,2026-09-21,False,False,5.0,2026-09-21T15:48:07+05:30
SWIGGY,274.21,TOUCHED,-0.84,below,271.9,274.21,275.37,276.52,274.21,0.841,73.4,0.045,0,2026-09-18,2026-09-21,False,False,5.0,2026-09-21T15:48:07+05:30
ULTRACEMCO,10989.17,TOUCHED,1.01,above,11100.0,10989.17,10964.33,10989.17,10939.5,0.453,73.4,0.026,0,2026-09-18,2026-09-21,False,False,5.0,2026-09-21T15:48:07+05:30
AXISBANK,1248.75,TOUCHED,-0.06,below,1248.0,1248.75,1251.5,1254.25,1248.75,0.439,74.0,0.024,0,2026-09-18,2026-09-21,False,False,5.0,2026-09-21T15:48:07+05:30
LINDEINDIA,6222.0,TOUCHED,0.93,above,6280.0,6222.0,6202.5,6222.0,6183.0,0.629,74.2,0.024,0,2026-09-18,2026-09-21,False,False,5.0,2026-09-21T15:48:07+05:30
TMCV,441.13,TOUCHED,0.77,above,444.55,441.13,439.37,441.13,437.6,0.804,75.0,0.024,0,2026-09-18,2026-09-21,False,False,5.0,2026-09-21T15:48:07+05:30
CHALET,859.82,TOUCHED,0.03,inside,860.1,859.82,859.82,862.73,856.9,0.678,75.6,0.027,0,2026-09-18,2026-09-21,False,False,5.0,2026-09-21T15:48:07+05:30
EXIDEIND,434.58,TOUCHED,0.01,above,434.6,434.58,433.3,434.58,432.03,0.589,75.6,0.027,0,2026-09-18,2026-09-21,False,False,5.0,2026-09-21T15:48:07+05:30
IGL,149.02,TOUCHED,-0.05,below,148.94,149.02,149.48,149.94,149.02,0.618,75.9,0.046,0,2026-09-18,2026-09-21,False,False,5.0,2026-09-21T15:48:07+05:30
TORNTPHARM,4877.5,TOUCHED,1.94,above,4972.0,4877.5,4865.0,4877.5,4852.5,0.514,75.9,0.023,0,2026-09-18,2026-09-21,False,False,5.0,2026-09-21T15:48:07+05:30
JINDALSTEL,1129.85,TOUCHED,0.54,above,1136.0,1129.85,1126.4,1129.85,1122.95,0.613,76.2,0.036,0,2026-09-18,2026-09-21,False,False,5.0,2026-09-21T15:48:07+05:30
APOLLOTYRE,410.64,TOUCHED,-0.36,below,409.15,410.64,411.98,413.32,410.64,0.651,76.7,0.038,0,2026-09-18,2026-09-21,False,False,5.0,2026-09-21T15:48:07+05:30
NAM-INDIA,1145.07,TOUCHED,-0.08,inside,1144.1,1145.07,1145.07,1150.03,1140.1,0.867,76.7,0.031,0,2026-09-18,2026-09-21,False,False,5.0,2026-09-21T15:48:07+05:30
POLYCAB,8372.5,TOUCHED,0.1,above,8381.0,8372.5,8345.0,8372.5,8317.5,0.659,77.0,0.032,0,2026-09-18,2026-09-21,False,False,5.0,2026-09-21T15:48:07+05:30
JMFINANCIL,125.73,TOUCHED,0.41,above,126.25,125.73,125.16,125.73,124.6,0.908,77.3,0.052,0,2026-09-18,2026-09-21,False,False,5.0,2026-09-21T15:48:07+05:30
IKS,1772.68,TOUCHED,0.82,above,1787.3,1772.68,1765.47,1772.68,1758.25,0.818,77.5,0.021,0,2026-09-18,2026-09-21,False,False,5.0,2026-09-21T15:48:07+05:30
KPIL,1434.83,TOUCHED,0.35,inside,1439.9,1434.83,1434.83,1440.17,1429.5,0.743,77.5,0.043,0,2026-09-18,2026-09-21,False,False,5.0,2026-09-21T15:48:07+05:30
PNBHOUSING,1128.95,TOUCHED,0.85,above,1138.6,1128.95,1124.8,1128.95,1120.65,0.738,77.5,0.027,0,2026-09-18,2026-09-21,False,False,5.0,2026-09-21T15:48:07+05:30
ASTRAL,1412.6,TOUCHED,-0.57,below,1404.5,1412.6,1417.63,1422.67,1412.6,0.71,77.8,0.034,0,2026-09-18,2026-09-21,False,False,5.0,2026-09-21T15:48:07+05:30
CPPLUS,3410.5,TOUCHED,2.31,above,3489.4,3410.5,3392.03,3410.5,3373.57,1.089,78.0,0.031,0,2026-09-18,2026-09-21,False,False,5.0,2026-09-21T15:48:07+05:30
PRESTIGE,1453.35,TOUCHED,1.35,above,1472.9,1453.35,1447.27,1453.35,1441.18,0.841,78.1,0.047,0,2026-09-18,2026-09-21,False,False,5.0,2026-09-21T15:48:07+05:30
DMART,3739.23,TOUCHED,1.76,above,3805.0,3739.23,3728.57,3739.23,3717.9,0.572,78.4,0.028,0,2026-09-18,2026-09-21,False,False,5.0,2026-09-21T15:48:07+05:30
TATAINVEST,695.2,TOUCHED,-2.4,below,678.5,695.2,697.58,699.97,695.2,0.683,78.4,0.023,0,2026-09-18,2026-09-21,False,False,5.0,2026-09-21T15:48:07+05:30
IOC,136.6,TOUCHED,0.37,above,137.1,136.6,136.2,136.6,135.8,0.587,78.9,0.02,0,2026-09-18,2026-09-21,False,False,5.0,2026-09-21T15:48:07+05:30
LODHA,1139.37,TOUCHED,0.44,above,1144.4,1139.37,1134.03,1139.37,1128.7,0.941,78.9,0.035,0,2026-09-18,2026-09-21,False,False,5.0,2026-09-21T15:48:07+05:30
RRKABEL,2419.8,TOUCHED,-0.16,below,2416.0,2419.8,2430.13,2440.47,2419.8,0.85,78.9,0.045,0,2026-09-18,2026-09-21,False,False,5.0,2026-09-21T15:48:07+05:30
IDEA,14.0,TOUCHED,-1.11,below,13.84,14.0,14.07,14.14,14.0,1.066,79.2,0.044,0,2026-09-18,2026-09-21,False,False,5.0,2026-09-21T15:48:07+05:30
CHOICEIN,761.59,TOUCHED,2.63,above,781.65,761.59,759.33,761.59,757.08,0.595,79.5,0.024,0,2026-09-18,2026-09-21,False,False,5.0,2026-09-21T15:48:07+05:30
GLENMARK,2438.97,TOUCHED,0.78,above,2458.0,2438.97,2430.53,2438.97,2422.1,0.694,79.5,0.035,0,2026-09-18,2026-09-21,False,False,5.0,2026-09-21T15:48:07+05:30
TBOTEK,1702.47,TOUCHED,0.32,above,1707.9,1702.47,1694.33,1702.47,1686.2,0.96,79.7,0.038,0,2026-09-18,2026-09-21,False,False,5.0,2026-09-21T15:48:07+05:30
TRITURBINE,561.17,TOUCHED,-1.01,below,555.5,561.17,563.38,565.59,561.17,0.784,79.7,0.021,0,2026-09-18,2026-09-21,False,False,5.0,2026-09-21T15:48:07+05:30
CAMS,710.64,TOUCHED,-0.78,below,705.1,710.64,713.23,715.82,710.64,0.727,80.0,0.04,0,2026-09-18,2026-09-21,False,False,5.0,2026-09-21T15:48:07+05:30
BLUESTARCO,1551.65,TOUCHED,0.76,above,1563.4,1551.65,1545.03,1551.65,1538.42,0.857,80.8,0.05,0,2026-09-18,2026-09-21,False,False,5.0,2026-09-21T15:48:07+05:30
IEX,114.23,TOUCHED,-0.31,below,113.88,114.23,114.64,115.05,114.23,0.715,80.8,0.028,0,2026-09-18,2026-09-21,False,False,5.0,2026-09-21T15:48:07+05:30
NESTLEIND,1368.73,TOUCHED,1.54,above,1389.8,1368.73,1365.07,1368.73,1361.4,0.537,80.8,0.033,0,2026-09-18,2026-09-21,False,False,5.0,2026-09-21T15:48:07+05:30
VMM,101.84,TOUCHED,-0.17,inside,101.67,101.84,101.84,102.25,101.44,0.792,80.8,0.032,0,2026-09-18,2026-09-21,False,False,5.0,2026-09-21T15:48:07+05:30
KEI,4610.67,TOUCHED,0.05,inside,4613.0,4610.67,4610.67,4630.33,4591.0,0.853,81.1,0.025,0,2026-09-18,2026-09-21,False,False,5.0,2026-09-21T15:48:07+05:30
HINDUNILVR,1945.8,TOUCHED,0.27,above,1951.0,1945.8,1941.2,1945.8,1936.6,0.474,81.4,0.015,0,2026-09-18,2026-09-21,False,False,5.0,2026-09-21T15:48:07+05:30
WAAREEENER,2523.4,TOUCHED,-0.97,below,2499.0,2523.4,2535.83,2548.27,2523.4,0.981,81.4,0.043,0,2026-09-18,2026-09-21,False,False,5.0,2026-09-21T15:48:07+05:30
ITCHOTELS,156.95,TOUCHED,-0.92,below,155.5,156.95,157.57,158.18,156.95,0.783,82.2,0.04,0,2026-09-18,2026-09-21,False,False,5.0,2026-09-21T15:48:07+05:30
PHOENIXLTD,1900.55,TOUCHED,1.6,above,1931.0,1900.55,1893.0,1900.55,1885.45,0.798,82.2,0.045,0,2026-09-18,2026-09-21,False,False,5.0,2026-09-21T15:48:07+05:30
LTM,4259.23,TOUCHED,0.71,above,4289.5,4259.23,4243.37,4259.23,4227.5,0.748,82.5,0.032,0,2026-09-18,2026-09-21,False,False,5.0,2026-09-21T15:48:07+05:30
ACUTAAS,3420.95,TOUCHED,0.01,above,3421.3,3420.95,3401.6,3420.95,3382.25,1.138,82.7,0.036,0,2026-09-18,2026-09-21,False,False,5.0,2026-09-21T15:48:07+05:30
HINDPETRO,357.58,TOUCHED,0.02,above,357.65,357.58,356.17,357.58,354.75,0.796,82.7,0.033,0,2026-09-18,2026-09-21,False,False,5.0,2026-09-21T15:48:07+05:30
DRREDDY,1194.8,TOUCHED,0.6,above,1202.0,1194.8,1191.53,1194.8,1188.27,0.548,83.0,0.017,0,2026-09-18,2026-09-21,False,False,5.0,2026-09-21T15:48:07+05:30
BAJFINANCE,1029.7,TOUCHED,-0.49,below,1024.7,1029.7,1033.23,1036.77,1029.7,0.684,83.6,0.029,0,2026-09-18,2026-09-21,False,False,5.0,2026-09-21T15:48:07+05:30
RELIANCE,1236.85,TOUCHED,0.77,above,1246.4,1236.85,1233.37,1236.85,1229.88,0.565,83.8,0.025,0,2026-09-18,2026-09-21,False,False,5.0,2026-09-21T15:48:07+05:30
ENRIN,3212.0,TOUCHED,0.13,above,3216.2,3212.0,3196.0,3212.0,3180.0,1.001,84.1,0.025,0,2026-09-18,2026-09-21,False,False,5.0,2026-09-21T15:48:07+05:30
IRB,18.55,TOUCHED,-2.36,below,18.11,18.55,18.62,18.68,18.55,0.734,84.1,0.038,0,2026-09-18,2026-09-21,False,False,5.0,2026-09-21T15:48:07+05:30
APOLLOHOSP,8920.08,TOUCHED,0.11,above,8930.0,8920.08,8895.67,8920.08,8871.25,0.549,84.4,0.014,0,2026-09-18,2026-09-21,False,False,5.0,2026-09-21T15:48:07+05:30
CENTRALBK,31.51,TOUCHED,0.02,inside,31.52,31.51,31.51,31.62,31.41,0.688,84.4,0.029,0,2026-09-18,2026-09-21,False,False,5.0,2026-09-21T15:48:07+05:30
DIXON,13183.85,TOUCHED,1.45,above,13375.0,13183.85,13120.9,13183.85,13057.95,0.96,84.4,0.056,0,2026-09-18,2026-09-21,False,False,5.0,2026-09-21T15:48:07+05:30
BHEL,435.68,TOUCHED,-0.2,inside,434.8,435.68,435.68,437.79,433.57,0.968,84.7,0.042,0,2026-09-18,2026-09-21,False,False,5.0,2026-09-21T15:48:07+05:30
TECHNOE,1014.3,TOUCHED,-0.23,below,1011.95,1014.3,1019.68,1025.07,1014.3,1.056,84.7,0.042,0,2026-09-18,2026-09-21,False,False,5.0,2026-09-21T15:48:07+05:30
AFCONS,260.1,TOUCHED,-1.35,below,256.6,260.1,261.2,262.3,260.1,0.842,84.9,0.024,0,2026-09-18,2026-09-21,False,False,5.0,2026-09-21T15:48:07+05:30
AUBANK,1045.95,TOUCHED,-0.66,below,1039.0,1045.95,1050.17,1054.38,1045.95,0.803,84.9,0.016,0,2026-09-18,2026-09-21,False,False,5.0,2026-09-21T15:48:07+05:30
GICRE,346.9,TOUCHED,-0.25,below,346.05,346.9,348.27,349.63,346.9,0.785,85.2,0.031,0,2026-09-18,2026-09-21,False,False,5.0,2026-09-21T15:48:07+05:30
INDIACEM,346.32,TOUCHED,-0.38,below,345.0,346.32,347.85,349.38,346.32,0.877,85.2,0.031,0,2026-09-18,2026-09-21,False,False,5.0,2026-09-21T15:48:07+05:30
LTF,308.4,TOUCHED,-0.39,below,307.2,308.4,309.87,311.33,308.4,0.947,85.2,0.028,0,2026-09-18,2026-09-21,False,False,5.0,2026-09-21T15:48:07+05:30
AARTIIND,489.05,TOUCHED,2.32,above,500.4,489.05,486.95,489.05,484.85,0.863,85.5,0.03,0,2026-09-18,2026-09-21,False,False,5.0,2026-09-21T15:48:07+05:30
KOTAKBANK,414.73,TOUCHED,0.14,inside,415.3,414.73,414.73,415.85,413.62,0.538,85.5,0.022,0,2026-09-18,2026-09-21,False,False,5.0,2026-09-21T15:48:07+05:30
ICICIGI,1472.45,TOUCHED,2.62,above,1511.0,1472.45,1467.67,1472.45,1462.88,0.652,85.8,0.021,0,2026-09-18,2026-09-21,False,False,5.0,2026-09-21T15:48:07+05:30
VTL,569.35,TOUCHED,-2.69,below,554.05,569.35,572.25,575.15,569.35,1.014,85.8,0.029,0,2026-09-18,2026-09-21,False,False,5.0,2026-09-21T15:48:07+05:30
ICICIBANK,1345.87,TOUCHED,-0.02,inside,1345.6,1345.87,1345.87,1349.35,1342.38,0.518,86.0,0.024,0,2026-09-18,2026-09-21,False,False,5.0,2026-09-21T15:48:07+05:30
ASHOKLEY,161.54,TOUCHED,0.03,inside,161.59,161.54,161.54,162.27,160.81,0.902,86.3,0.022,0,2026-09-18,2026-09-21,False,False,5.0,2026-09-21T15:48:07+05:30
POLICYBZR,1770.5,TOUCHED,1.33,above,1794.0,1770.5,1761.33,1770.5,1752.17,1.041,86.3,0.037,0,2026-09-18,2026-09-21,False,False,5.0,2026-09-21T15:48:07+05:30
SOLARINDS,18817.5,TOUCHED,2.38,above,19265.0,18817.5,18730.0,18817.5,18642.5,0.934,86.3,0.057,0,2026-09-18,2026-09-21,False,False,5.0,2026-09-21T15:48:07+05:30
CIPLA,1383.1,TOUCHED,-0.3,below,1379.0,1383.1,1386.9,1390.7,1383.1,0.548,86.6,0.023,0,2026-09-18,2026-09-21,False,False,5.0,2026-09-21T15:48:07+05:30
GODFRYPHLP,1980.85,TOUCHED,-0.04,below,1980.0,1980.85,1993.23,2005.62,1980.85,1.243,86.6,0.041,0,2026-09-18,2026-09-21,False,False,5.0,2026-09-21T15:48:07+05:30
COROMANDEL,1969.7,TOUCHED,-1.46,below,1940.9,1969.7,1979.63,1989.57,1969.7,1.004,86.8,0.033,0,2026-09-18,2026-09-21,False,False,5.0,2026-09-21T15:48:07+05:30
MANAPPURAM,316.35,TOUCHED,-0.06,inside,316.15,316.35,316.35,317.75,314.95,0.885,86.8,0.032,0,2026-09-18,2026-09-21,False,False,5.0,2026-09-21T15:48:07+05:30
MAZDOCK,2242.55,TOUCHED,-0.47,below,2232.0,2242.55,2255.03,2267.52,2242.55,1.107,87.1,0.042,0,2026-09-18,2026-09-21,False,False,5.0,2026-09-21T15:48:07+05:30
SRF,2540.95,TOUCHED,0.55,above,2555.0,2540.95,2531.3,2540.95,2521.65,0.762,87.1,0.028,0,2026-09-18,2026-09-21,False,False,5.0,2026-09-21T15:48:07+05:30
EMAMILTD,373.3,TOUCHED,1.79,above,380.0,373.3,371.68,373.3,370.07,0.87,87.4,0.025,0,2026-09-18,2026-09-21,False,False,5.0,2026-09-21T15:48:07+05:30
JSWDULUX,3160.6,TOUCHED,0.04,inside,3161.8,3160.6,3160.6,3174.7,3146.5,0.892,87.4,0.022,0,2026-09-18,2026-09-21,False,False,5.0,2026-09-21T15:48:07+05:30
UBL,1238.95,TOUCHED,-0.94,below,1227.3,1238.95,1243.13,1247.32,1238.95,0.673,87.4,0.026,0,2026-09-18,2026-09-21,False,False,5.0,2026-09-21T15:48:07+05:30
INOXWIND,76.38,TOUCHED,1.66,above,77.65,76.38,75.96,76.38,75.55,1.101,87.9,0.041,0,2026-09-18,2026-09-21,False,False,5.0,2026-09-21T15:48:07+05:30
JSL,747.21,TOUCHED,0.57,above,751.45,747.21,743.47,747.21,739.73,1.007,87.9,0.043,0,2026-09-18,2026-09-21,False,False,5.0,2026-09-21T15:48:07+05:30
NAUKRI,1267.6,TOUCHED,2.89,above,1304.2,1267.6,1262.13,1267.6,1256.67,0.866,87.9,0.023,0,2026-09-18,2026-09-21,False,False,5.0,2026-09-21T15:48:07+05:30
POWERINDIA,32075.0,TOUCHED,-0.7,below,31850.0,32075.0,32283.33,32491.67,32075.0,1.291,87.9,0.057,0,2026-09-18,2026-09-21,False,False,5.0,2026-09-21T15:48:07+05:30
SONACOMS,796.1,TOUCHED,-0.25,below,794.1,796.1,800.07,804.03,796.1,0.992,87.9,0.03,0,2026-09-18,2026-09-21,False,False,5.0,2026-09-21T15:48:07+05:30
NHPC,76.02,TOUCHED,-0.49,below,75.65,76.02,76.33,76.64,76.02,0.812,88.2,0.031,0,2026-09-18,2026-09-21,False,False,5.0,2026-09-21T15:48:07+05:30
AEGISVOPAK,312.91,TOUCHED,1.55,above,317.75,312.91,310.87,312.91,308.82,1.314,88.7,0.029,0,2026-09-18,2026-09-21,False,False,5.0,2026-09-21T15:48:07+05:30
ITC,264.45,TOUCHED,1.13,above,267.45,264.45,263.73,264.45,263.02,0.543,89.0,0.02,0,2026-09-18,2026-09-21,False,False,5.0,2026-09-21T15:48:07+05:30
MAHABANK,82.33,TOUCHED,-0.41,below,82.0,82.33,82.74,83.14,82.33,0.971,89.0,0.042,0,2026-09-18,2026-09-21,False,False,5.0,2026-09-21T15:48:07+05:30
NAVINFLUOR,8501.33,TOUCHED,-0.28,inside,8477.5,8501.33,8501.33,8545.67,8457.0,1.043,89.0,0.043,0,2026-09-18,2026-09-21,False,False,5.0,2026-09-21T15:48:07+05:30
VOLTAS,1128.1,TOUCHED,1.42,above,1144.1,1128.1,1122.37,1128.1,1116.63,1.022,89.3,0.037,0,2026-09-18,2026-09-21,False,False,5.0,2026-09-21T15:48:07+05:30
AFFLE,1595.42,TOUCHED,0.54,above,1604.1,1595.42,1587.33,1595.42,1579.25,1.018,89.6,0.034,0,2026-09-18,2026-09-21,False,False,5.0,2026-09-21T15:48:07+05:30
BDL,1181.01,TOUCHED,-0.55,inside,1174.5,1181.01,1181.01,1188.6,1173.41,1.287,90.1,0.053,0,2026-09-18,2026-09-21,False,False,5.0,2026-09-21T15:48:07+05:30
BEML,2106.8,TOUCHED,-0.47,inside,2097.0,2106.8,2106.8,2120.9,2092.7,1.339,90.1,0.025,0,2026-09-18,2026-09-21,False,False,5.0,2026-09-21T15:48:07+05:30
BHARTIHEXA,1518.35,TOUCHED,-0.1,below,1516.8,1518.35,1525.6,1532.85,1518.35,0.95,90.1,0.037,0,2026-09-18,2026-09-21,False,False,5.0,2026-09-21T15:48:07+05:30
LALPATHLAB,1922.2,TOUCHED,0.12,above,1924.6,1922.2,1913.77,1922.2,1905.33,0.881,90.1,0.043,0,2026-09-18,2026-09-21,False,False,5.0,2026-09-21T15:48:07+05:30
NATIONALUM,352.62,TOUCHED,-0.17,below,352.0,352.62,354.73,356.85,352.62,1.193,90.1,0.041,0,2026-09-18,2026-09-21,False,False,5.0,2026-09-21T15:48:07+05:30
OFSS,11705.5,TOUCHED,-6.57,below,10937.0,11705.5,11769.0,11832.5,11705.5,1.079,90.1,0.027,0,2026-09-18,2026-09-21,False,False,5.0,2026-09-21T15:48:07+05:30
TATACONSUM,1003.57,TOUCHED,0.23,inside,1005.9,1003.57,1003.57,1007.35,999.78,0.754,90.1,0.027,0,2026-09-18,2026-09-21,False,False,5.0,2026-09-21T15:48:07+05:30
JSWENERGY,517.5,TOUCHED,-0.15,below,516.7,517.5,520.33,523.17,517.5,1.089,90.4,0.024,0,2026-09-18,2026-09-21,False,False,5.0,2026-09-21T15:48:07+05:30
YESBANK,23.05,TOUCHED,0.52,above,23.17,23.05,22.94,23.05,22.83,0.959,90.4,0.04,0,2026-09-18,2026-09-21,False,False,5.0,2026-09-21T15:48:07+05:30
IRFC,80.41,TOUCHED,-0.25,below,80.21,80.41,80.77,81.14,80.41,0.9,90.7,0.024,0,2026-09-18,2026-09-21,False,False,5.0,2026-09-21T15:48:07+05:30
JUBLPHARMA,1049.05,TOUCHED,-0.08,below,1048.25,1049.05,1054.5,1059.95,1049.05,1.034,90.7,0.019,0,2026-09-18,2026-09-21,False,False,5.0,2026-09-21T15:48:07+05:30
ADANIENT,2988.2,TOUCHED,-0.44,inside,2975.0,2988.2,2988.2,3004.1,2972.3,1.064,91.0,0.026,0,2026-09-18,2026-09-21,False,False,5.0,2026-09-21T15:48:07+05:30
CDSL,1368.25,TOUCHED,-0.53,below,1361.0,1368.25,1375.5,1382.75,1368.25,1.054,91.0,0.034,0,2026-09-18,2026-09-21,False,False,5.0,2026-09-21T15:48:07+05:30
WIPRO,165.68,TOUCHED,-0.29,inside,165.2,165.68,165.68,166.25,165.1,0.696,91.2,0.013,0,2026-09-18,2026-09-21,False,False,5.0,2026-09-21T15:48:07+05:30
HINDZINC,590.1,TOUCHED,0.49,inside,593.0,590.1,590.1,593.05,587.15,1.0,91.5,0.041,0,2026-09-18,2026-09-21,False,False,5.0,2026-09-21T15:48:07+05:30
KPRMILL,1127.4,TOUCHED,-0.59,inside,1120.8,1127.4,1127.4,1134.4,1120.4,1.242,91.5,0.054,0,2026-09-18,2026-09-21,False,False,5.0,2026-09-21T15:48:07+05:30
BAJAJHFL,84.58,TOUCHED,-0.76,below,83.94,84.58,84.91,85.25,84.58,0.785,91.8,0.024,0,2026-09-18,2026-09-21,False,False,5.0,2026-09-21T15:48:07+05:30
PIIND,2334.65,TOUCHED,-0.35,below,2326.5,2334.65,2345.37,2356.08,2334.65,0.914,91.8,0.017,0,2026-09-18,2026-09-21,False,False,5.0,2026-09-21T15:48:07+05:30
RADICO,4509.67,TOUCHED,0.09,above,4513.5,4509.67,4483.93,4509.67,4458.2,1.148,91.8,0.023,0,2026-09-18,2026-09-21,False,False,5.0,2026-09-21T15:48:07+05:30
ABSLAMC,1067.15,TOUCHED,-3.04,below,1034.7,1067.15,1073.9,1080.65,1067.15,1.257,92.1,0.033,0,2026-09-18,2026-09-21,False,False,5.0,2026-09-21T15:48:07+05:30
HDFCLIFE,557.95,TOUCHED,0.37,above,560.0,557.95,555.62,557.95,553.28,0.84,92.1,0.02,0,2026-09-18,2026-09-21,False,False,5.0,2026-09-21T15:48:07+05:30
NH,1899.5,TOUCHED,-0.12,below,1897.3,1899.5,1909.17,1918.83,1899.5,1.013,92.1,0.034,0,2026-09-18,2026-09-21,False,False,5.0,2026-09-21T15:48:07+05:30
SBILIFE,1750.5,TOUCHED,0.94,above,1767.0,1750.5,1744.0,1750.5,1737.5,0.745,92.1,0.015,0,2026-09-18,2026-09-21,False,False,5.0,2026-09-21T15:48:07+05:30
APARINDS,18709.5,TOUCHED,1.39,above,18969.0,18709.5,18561.0,18709.5,18412.5,1.6,92.3,0.054,0,2026-09-18,2026-09-21,False,False,5.0,2026-09-21T15:48:07+05:30
NYKAA,330.57,TOUCHED,1.79,above,336.5,330.57,329.0,330.57,327.43,0.957,92.3,0.028,0,2026-09-18,2026-09-21,False,False,5.0,2026-09-21T15:48:07+05:30
BALKRISIND,2231.0,TOUCHED,-0.59,below,2217.8,2231.0,2242.43,2253.87,2231.0,1.02,92.6,0.027,0,2026-09-18,2026-09-21,False,False,5.0,2026-09-21T15:48:07+05:30
NTPC,326.05,TOUCHED,0.14,inside,326.5,326.05,326.05,327.25,324.85,0.736,92.6,0.015,0,2026-09-18,2026-09-21,False,False,5.0,2026-09-21T15:48:07+05:30
ADANIENSOL,1408.7,TOUCHED,-0.47,below,1402.1,1408.7,1417.83,1426.97,1408.7,1.288,92.9,0.03,0,2026-09-18,2026-09-21,False,False,5.0,2026-09-21T15:48:07+05:30
MARICO,813.18,TOUCHED,1.82,above,828.0,813.18,810.08,813.18,806.99,0.763,92.9,0.019,0,2026-09-18,2026-09-21,False,False,5.0,2026-09-21T15:48:07+05:30
MEDANTA,1491.27,TOUCHED,0.71,above,1501.8,1491.27,1483.13,1491.27,1475.0,1.097,92.9,0.031,0,2026-09-18,2026-09-21,False,False,5.0,2026-09-21T15:48:07+05:30
PWL,134.03,TOUCHED,0.54,inside,134.76,134.03,134.03,135.32,132.75,1.915,92.9,0.07,0,2026-09-18,2026-09-21,False,False,5.0,2026-09-21T15:48:07+05:30
UNITDSPR,1388.0,TOUCHED,1.17,above,1404.3,1388.0,1382.33,1388.0,1376.67,0.82,93.2,0.033,0,2026-09-18,2026-09-21,False,False,5.0,2026-09-21T15:48:07+05:30
VIJAYA,1549.27,TOUCHED,0.22,above,1552.7,1549.27,1539.63,1549.27,1530.0,1.251,93.2,0.036,0,2026-09-18,2026-09-21,False,False,5.0,2026-09-21T15:48:07+05:30
COALINDIA,413.17,TOUCHED,0.06,inside,413.4,413.17,413.17,414.8,411.53,0.791,93.4,0.022,0,2026-09-18,2026-09-21,False,False,5.0,2026-09-21T15:48:07+05:30
KFINTECH,912.48,TOUCHED,-1.59,below,898.0,912.48,918.32,924.16,912.48,1.272,93.4,0.018,0,2026-09-18,2026-09-21,False,False,5.0,2026-09-21T15:48:07+05:30
SUNPHARMA,1857.25,TOUCHED,0.96,above,1875.0,1857.25,1850.6,1857.25,1843.95,0.719,93.4,0.02,0,2026-09-18,2026-09-21,False,False,5.0,2026-09-21T15:48:07+05:30
FIRSTCRY,169.51,TOUCHED,0.35,inside,170.1,169.51,169.51,170.83,168.18,1.559,93.7,0.045,0,2026-09-18,2026-09-21,False,False,5.0,2026-09-21T15:48:07+05:30
SYNGENE,375.32,TOUCHED,2.58,above,385.0,375.32,373.23,375.32,371.14,1.121,93.7,0.027,0,2026-09-18,2026-09-21,False,False,5.0,2026-09-21T15:48:07+05:30
SYRMA,1701.63,TOUCHED,0.73,inside,1714.1,1701.63,1701.63,1715.27,1688.0,1.602,93.7,0.045,0,2026-09-18,2026-09-21,False,False,5.0,2026-09-21T15:48:07+05:30
TIMKEN,3142.8,TOUCHED,-0.09,below,3140.1,3142.8,3161.4,3180.0,3142.8,1.177,93.7,0.047,0,2026-09-18,2026-09-21,False,False,5.0,2026-09-21T15:48:07+05:30
BIKAJI,571.2,TOUCHED,-2.0,below,559.8,571.2,574.22,577.23,571.2,1.051,94.0,0.018,0,2026-09-18,2026-09-21,False,False,5.0,2026-09-21T15:48:07+05:30
CASTROLIND,194.93,TOUCHED,-0.75,below,193.47,194.93,195.66,196.4,194.93,0.755,94.0,0.013,0,2026-09-18,2026-09-21,False,False,5.0,2026-09-21T15:48:07+05:30
ADANIGREEN,1306.05,TOUCHED,-0.23,below,1303.0,1306.05,1315.53,1325.02,1306.05,1.442,94.2,0.039,0,2026-09-18,2026-09-21,False,False,5.0,2026-09-21T15:48:07+05:30
COCHINSHIP,1376.33,TOUCHED,0.45,inside,1382.5,1376.33,1376.33,1387.17,1365.5,1.574,94.2,0.041,0,2026-09-18,2026-09-21,False,False,5.0,2026-09-21T15:48:07+05:30
NMDC,80.0,TOUCHED,0.45,inside,80.36,80.0,80.0,80.42,79.58,1.062,94.2,0.028,0,2026-09-18,2026-09-21,False,False,5.0,2026-09-21T15:48:07+05:30
PETRONET,288.35,TOUCHED,-0.16,below,287.9,288.35,289.77,291.18,288.35,0.978,94.2,0.024,0,2026-09-18,2026-09-21,False,False,5.0,2026-09-21T15:48:07+05:30
SBICARD,640.93,TOUCHED,-0.74,below,636.2,640.93,644.33,647.74,640.93,1.058,94.5,0.03,0,2026-09-18,2026-09-21,False,False,5.0,2026-09-21T15:48:07+05:30
SIEMENS,3889.92,TOUCHED,0.0,above,3890.0,3889.92,3865.93,3889.92,3841.95,1.241,94.5,0.018,0,2026-09-18,2026-09-21,False,False,5.0,2026-09-21T15:48:07+05:30
VEDL,262.8,TOUCHED,-1.29,below,259.4,262.8,264.4,266.0,262.8,1.21,94.5,0.026,0,2026-09-18,2026-09-21,False,False,5.0,2026-09-21T15:48:07+05:30
AIIL,554.25,TOUCHED,0.99,above,559.75,554.25,549.5,554.25,544.75,1.729,94.8,0.044,0,2026-09-18,2026-09-21,False,False,5.0,2026-09-21T15:48:07+05:30
SUNTV,457.05,TOUCHED,-0.04,inside,456.85,457.05,457.05,459.72,454.38,1.171,94.8,0.024,0,2026-09-18,2026-09-21,False,False,5.0,2026-09-21T15:48:07+05:30
AUROPHARMA,1714.7,TOUCHED,0.19,inside,1718.0,1714.7,1714.7,1724.35,1705.05,1.126,95.1,0.039,0,2026-09-18,2026-09-21,False,False,5.0,2026-09-21T15:48:07+05:30
BOSCHLTD,47550.0,TOUCHED,0.42,inside,47750.0,47550.0,47550.0,47825.0,47275.0,1.157,95.1,0.029,0,2026-09-18,2026-09-21,False,False,5.0,2026-09-21T15:48:07+05:30
HOMEFIRST,1231.4,TOUCHED,2.32,above,1260.0,1231.4,1221.5,1231.4,1211.6,1.621,95.1,0.037,0,2026-09-18,2026-09-21,False,False,5.0,2026-09-21T15:48:07+05:30
POWERGRID,268.0,TOUCHED,-0.37,inside,267.0,268.0,268.0,269.15,266.85,0.858,95.1,0.018,0,2026-09-18,2026-09-21,False,False,5.0,2026-09-21T15:48:07+05:30
GMRAIRPORT,98.0,TOUCHED,0.3,inside,98.3,98.0,98.0,98.65,97.36,1.323,95.3,0.02,0,2026-09-18,2026-09-21,False,False,5.0,2026-09-21T15:48:07+05:30
TATAELXSI,3288.75,TOUCHED,-0.16,below,3283.6,3288.75,3310.8,3332.85,3288.75,1.332,95.3,0.034,0,2026-09-18,2026-09-21,False,False,5.0,2026-09-21T15:48:07+05:30
DABUR,389.1,TOUCHED,-0.26,below,388.1,389.1,391.15,393.2,389.1,1.048,95.6,0.031,0,2026-09-18,2026-09-21,False,False,5.0,2026-09-21T15:48:07+05:30
JUBLFOOD,491.15,TOUCHED,-0.93,below,486.6,491.15,494.1,497.05,491.15,1.194,95.6,0.018,0,2026-09-18,2026-09-21,False,False,5.0,2026-09-21T15:48:07+05:30
PAYTM,1821.6,TOUCHED,-0.69,inside,1809.0,1821.6,1821.6,1835.75,1807.45,1.554,95.6,0.051,0,2026-09-18,2026-09-21,False,False,5.0,2026-09-21T15:48:07+05:30
COFORGE,1812.07,TOUCHED,-0.1,inside,1810.2,1812.07,1812.07,1826.53,1797.6,1.597,95.9,0.032,0,2026-09-18,2026-09-21,False,False,5.0,2026-09-21T15:48:07+05:30
JSWINFRA,346.01,TOUCHED,0.86,above,349.0,346.01,343.77,346.01,341.53,1.304,95.9,0.029,0,2026-09-18,2026-09-21,False,False,5.0,2026-09-21T15:48:07+05:30
ALKEM,5388.5,TOUCHED,-0.4,below,5367.0,5388.5,5414.5,5440.5,5388.5,0.96,96.2,0.024,0,2026-09-18,2026-09-21,False,False,5.0,2026-09-21T15:48:07+05:30
HONASA,473.05,TOUCHED,-0.3,inside,471.65,473.05,473.05,476.3,469.8,1.374,96.2,0.054,0,2026-09-18,2026-09-21,False,False,5.0,2026-09-21T15:48:07+05:30
OBEROIRLTY,1774.33,TOUCHED,2.63,above,1821.0,1774.33,1763.67,1774.33,1753.0,1.21,96.2,0.044,0,2026-09-18,2026-09-21,False,False,5.0,2026-09-21T15:48:07+05:30
ATHERENERG,1594.05,TOUCHED,-0.0,below,1594.0,1594.05,1609.37,1624.68,1594.05,1.903,96.3,0.063,0,2026-09-18,2026-09-21,False,False,5.0,2026-09-21T15:48:07+05:30
GILLETTE,7110.58,TOUCHED,-0.85,below,7050.0,7110.58,7148.17,7185.75,7110.58,1.052,96.4,0.026,0,2026-09-18,2026-09-21,False,False,5.0,2026-09-21T15:48:07+05:30
KPITTECH,541.17,TOUCHED,-0.71,inside,537.3,541.17,541.17,545.75,536.58,1.694,96.4,0.044,0,2026-09-18,2026-09-21,False,False,5.0,2026-09-21T15:48:07+05:30
TCS,2127.83,TOUCHED,0.25,inside,2133.2,2127.83,2127.83,2139.25,2116.42,1.073,96.7,0.029,0,2026-09-18,2026-09-21,False,False,5.0,2026-09-21T15:48:07+05:30
RAMCOCEM,869.74,V+N,1.77,above,885.1,869.74,869.73,869.74,869.73,0.002,1.1,0.045,1,2026-09-18,2026-09-21,True,True,5.0,2026-09-21T22:04:16+05:30
INDHOTEL,732.80,V+N,1.66,above,745.0,732.8,732.78,732.8,732.77,0.005,2.7,0.018,1,2026-09-18,2026-09-21,True,True,5.0,2026-09-21T22:04:16+05:30
BHARTIARTL,1864.30,V+W,-1.83,below,1830.2,1864.3,1873.97,1883.63,1864.3,1.032,97.5,0.014,1,2026-09-18,2026-09-21,True,False,5.0,2026-09-21T22:04:16+05:30
PATANJALI,364.67,V+W,8.64,above,396.2,364.67,362.35,364.67,360.02,1.283,97.8,0.015,1,2026-09-18,2026-09-21,True,False,5.0,2026-09-21T22:04:16+05:30
WELCORP,2631.95,V+W,4.97,above,2762.7,2631.95,2603.8,2631.95,2575.65,2.162,97.8,0.053,1,2026-09-18,2026-09-21,True,False,5.0,2026-09-21T22:04:16+05:30
TATACHEM,700.24,V+W,-0.79,below,694.7,700.24,707.23,714.22,700.24,1.977,99.5,0.021,1,2026-09-18,2026-09-21,True,False,5.0,2026-09-21T22:04:16+05:30
BSE,3267.10,V,-3.25,below,3161.0,3267.1,3267.8,3268.5,3267.1,0.043,6.6,0.022,1,2026-09-18,2026-09-21,True,False,5.0,2026-09-21T22:04:16+05:30
ENGINERSIN,266.23,V,7.14,above,285.25,266.23,266.12,266.23,266.0,0.088,8.5,0.038,1,2026-09-18,2026-09-21,True,False,5.0,2026-09-21T22:04:16+05:30
IFCI,76.57,V,-3.03,below,74.25,76.57,76.63,76.69,76.57,0.152,10.4,0.1,1,2026-09-18,2026-09-21,True,False,5.0,2026-09-21T22:04:16+05:30
MEESHO,214.32,V,2.25,above,219.15,214.32,214.2,214.32,214.08,0.112,13.3,0.029,1,2026-09-18,2026-09-21,True,False,5.0,2026-09-21T22:04:16+05:30
INFY,1049.95,V,-1.09,below,1038.5,1049.95,1050.43,1050.92,1049.95,0.092,14.2,0.029,1,2026-09-18,2026-09-21,True,False,5.0,2026-09-21T22:04:16+05:30
WHIRLPOOL,719.05,V,0.64,above,723.65,719.05,718.6,719.05,718.15,0.125,15.9,0.045,1,2026-09-18,2026-09-21,True,False,5.0,2026-09-21T22:04:16+05:30
MAXHEALTH,1048.67,V,1.71,above,1066.6,1048.67,1048.03,1048.67,1047.4,0.121,16.7,0.037,1,2026-09-18,2026-09-21,True,False,5.0,2026-09-21T22:04:16+05:30
MRPL,165.21,V,1.1,above,167.03,165.21,165.04,165.21,164.87,0.206,16.7,0.054,1,2026-09-18,2026-09-21,True,False,5.0,2026-09-21T22:04:16+05:30
JPPOWER,15.36,V,7.31,above,16.48,15.36,15.34,15.36,15.33,0.174,18.4,0.037,1,2026-09-18,2026-09-21,True,False,5.0,2026-09-21T22:04:16+05:30
CHOLAHLDNG,1508.97,V,-2.26,below,1474.8,1508.97,1510.23,1511.5,1508.97,0.168,19.7,0.026,1,2026-09-18,2026-09-21,True,False,5.0,2026-09-21T22:04:16+05:30
BANDHANBNK,175.40,V,2.05,above,179.0,175.4,175.27,175.4,175.13,0.152,20.0,0.026,1,2026-09-18,2026-09-21,True,False,5.0,2026-09-21T22:04:16+05:30
WOCKPHARMA,2083.50,V,4.98,above,2187.3,2083.5,2080.9,2083.5,2078.3,0.25,21.1,0.057,1,2026-09-18,2026-09-21,True,False,5.0,2026-09-21T22:04:16+05:30
CONCORDBIO,1492.82,V,5.8,above,1579.4,1492.82,1491.23,1492.82,1489.65,0.212,22.5,0.024,1,2026-09-18,2026-09-21,True,False,5.0,2026-09-21T22:04:16+05:30
CANHLIFE,153.73,V,-0.5,below,152.97,153.73,153.88,154.02,153.73,0.186,23.3,0.016,1,2026-09-18,2026-09-21,True,False,5.0,2026-09-21T22:04:16+05:30
ATUL,6155.75,V,-1.13,below,6086.0,6155.75,6160.67,6165.58,6155.75,0.16,24.9,0.014,1,2026-09-18,2026-09-21,True,False,5.0,2026-09-21T22:04:16+05:30
BLUEJET,574.31,V,0.93,above,579.65,574.31,573.37,574.31,572.42,0.328,27.1,0.045,1,2026-09-18,2026-09-21,True,False,5.0,2026-09-21T22:04:16+05:30
VBL,421.58,V,0.81,above,425.0,421.58,421.2,421.58,420.82,0.178,27.1,0.026,1,2026-09-18,2026-09-21,True,False,5.0,2026-09-21T22:04:16+05:30
EMMVEE,329.80,V,3.27,above,340.6,329.8,329.2,329.8,328.6,0.365,28.3,0.038,1,2026-09-18,2026-09-21,True,False,5.0,2026-09-21T22:04:16+05:30
GESHIP,1430.30,V,3.82,above,1485.0,1430.3,1428.5,1430.3,1426.7,0.252,29.0,0.034,1,2026-09-18,2026-09-21,True,False,5.0,2026-09-21T22:04:16+05:30
BIOCON,384.55,V,2.72,above,395.0,384.55,384.1,384.55,383.65,0.234,33.4,0.028,1,2026-09-18,2026-09-21,True,False,5.0,2026-09-21T22:04:16+05:30
SAGILITY,45.58,V,0.82,above,45.95,45.58,45.49,45.58,45.41,0.366,37.0,0.045,1,2026-09-18,2026-09-21,True,False,5.0,2026-09-21T22:04:16+05:30
FACT,762.92,V,5.09,above,801.75,762.92,761.63,762.92,760.35,0.337,38.9,0.056,1,2026-09-18,2026-09-21,True,False,5.0,2026-09-21T22:04:16+05:30
CGPOWER,896.15,V,1.55,above,910.0,896.15,894.77,896.15,893.38,0.309,40.5,0.034,1,2026-09-18,2026-09-21,True,False,5.0,2026-09-21T22:04:16+05:30
LT,3880.67,V,0.62,above,3904.8,3880.67,3876.33,3880.67,3872.0,0.224,43.6,0.027,1,2026-09-18,2026-09-21,True,False,5.0,2026-09-21T22:04:16+05:30
BAJAJHLDNG,11195.29,V,1.91,above,11409.0,11195.29,11173.58,11195.29,11151.88,0.389,47.7,0.023,1,2026-09-18,2026-09-21,True,False,5.0,2026-09-21T22:04:16+05:30
HINDCOPPER,495.98,V,1.61,above,503.95,495.98,494.57,495.98,493.15,0.573,51.0,0.032,1,2026-09-18,2026-09-21,True,False,5.0,2026-09-21T22:04:16+05:30
LENSKART,701.27,V,-2.48,below,683.85,701.27,703.25,705.23,701.27,0.562,57.8,0.029,1,2026-09-18,2026-09-21,True,False,5.0,2026-09-21T22:04:16+05:30
TMPV,304.45,V,-0.92,below,301.65,304.45,305.1,305.75,304.45,0.426,60.3,0.02,1,2026-09-18,2026-09-21,True,False,5.0,2026-09-21T22:04:16+05:30
PTCIL,22885.83,V,-2.56,below,22300.0,22885.83,22966.67,23047.5,22885.83,0.704,69.3,0.028,1,2026-09-18,2026-09-21,True,False,5.0,2026-09-21T22:04:16+05:30
CARTRADE,3005.00,V,-2.9,below,2918.0,3005.0,3021.1,3037.2,3005.0,1.066,71.8,0.061,1,2026-09-18,2026-09-21,True,False,5.0,2026-09-21T22:04:16+05:30
PCBL,335.59,V,2.61,above,344.35,335.59,334.48,335.59,333.38,0.663,72.3,0.048,1,2026-09-18,2026-09-21,True,False,5.0,2026-09-21T22:04:16+05:30
SCI,275.87,V,1.69,above,280.55,275.87,274.7,275.87,273.52,0.855,74.0,0.042,1,2026-09-18,2026-09-21,True,False,5.0,2026-09-21T22:04:16+05:30
SAILIFE,1594.37,V,0.86,above,1608.0,1594.37,1588.23,1594.37,1582.1,0.772,78.6,0.04,1,2026-09-18,2026-09-21,True,False,5.0,2026-09-21T22:04:16+05:30
DALBHARAT,1755.95,V,0.48,above,1764.4,1755.95,1750.5,1755.95,1745.05,0.623,78.9,0.025,1,2026-09-18,2026-09-21,True,False,5.0,2026-09-21T22:04:16+05:30
AEGISLOG,1408.55,V,5.5,above,1486.0,1408.55,1401.7,1408.55,1394.85,0.977,80.3,0.033,1,2026-09-18,2026-09-21,True,False,5.0,2026-09-21T22:04:16+05:30
HYUNDAI,2182.15,V,-1.75,below,2144.0,2182.15,2191.03,2199.92,2182.15,0.811,82.5,0.027,1,2026-09-18,2026-09-21,True,False,5.0,2026-09-21T22:04:16+05:30
CARBORUNIV,1119.55,V,5.3,above,1178.9,1119.55,1114.7,1119.55,1109.85,0.87,84.7,0.033,1,2026-09-18,2026-09-21,True,False,5.0,2026-09-21T22:04:16+05:30
RBLBANK,410.45,V,-1.96,below,402.4,410.45,412.27,414.08,410.45,0.881,84.9,0.032,1,2026-09-18,2026-09-21,True,False,5.0,2026-09-21T22:04:16+05:30
RAINBOW,1460.18,V,-1.41,below,1439.6,1460.18,1465.67,1471.15,1460.18,0.748,85.5,0.037,1,2026-09-18,2026-09-21,True,False,5.0,2026-09-21T22:04:16+05:30
BELRISE,238.87,V,1.26,above,241.89,238.87,237.56,238.87,236.25,1.101,87.3,0.036,1,2026-09-18,2026-09-21,True,False,5.0,2026-09-21T22:04:16+05:30
PVRINOX,1318.10,V,2.37,above,1349.3,1318.1,1311.5,1318.1,1304.9,1.006,89.9,0.028,1,2026-09-18,2026-09-21,True,False,5.0,2026-09-21T22:04:16+05:30
TRIDENT,23.32,V,-1.29,below,23.02,23.32,23.42,23.52,23.32,0.854,89.9,0.027,1,2026-09-18,2026-09-21,True,False,5.0,2026-09-21T22:04:16+05:30
HDFCBANK,728.84,V,1.46,above,739.5,728.84,726.68,728.84,724.52,0.594,90.1,0.02,1,2026-09-18,2026-09-21,True,False,5.0,2026-09-21T22:04:16+05:30
LICI,403.25,V,-0.81,below,400.0,403.25,404.73,406.22,403.25,0.733,90.4,0.031,1,2026-09-18,2026-09-21,True,False,5.0,2026-09-21T22:04:16+05:30
ACMESOLAR,432.20,V,5.99,above,458.1,432.2,429.15,432.2,426.1,1.421,91.5,0.05,1,2026-09-18,2026-09-21,True,False,5.0,2026-09-21T22:04:16+05:30
NIACL,188.90,V,-1.24,below,186.56,188.9,190.14,191.38,188.9,1.304,93.4,0.029,1,2026-09-18,2026-09-21,True,False,5.0,2026-09-21T22:04:16+05:30
BAYERCROP,3796.37,V,-0.56,below,3775.1,3796.37,3813.23,3830.1,3796.37,0.885,94.2,0.03,1,2026-09-18,2026-09-21,True,False,5.0,2026-09-21T22:04:16+05:30
CAPLIPOINT,2728.40,V,1.03,above,2756.6,2728.4,2708.2,2728.4,2688.0,1.492,94.2,0.032,1,2026-09-18,2026-09-21,True,False,5.0,2026-09-21T22:04:16+05:30
HEG,235.25,V,5.63,above,248.5,235.25,233.45,235.25,231.65,1.542,94.5,0.043,1,2026-09-18,2026-09-21,True,False,5.0,2026-09-21T22:04:16+05:30
JYOTICNC,1040.47,V,7.05,above,1113.85,1040.47,1031.23,1040.47,1022.0,1.791,96.4,0.031,1,2026-09-18,2026-09-21,True,False,5.0,2026-09-21T22:04:16+05:30
CRISIL,4577.50,NARROW,0.61,above,4605.6,4577.5,4577.5,4577.5,4577.5,0.0,0.0,0.048,0,2026-09-18,2026-09-21,False,True,5.0,2026-09-21T22:04:16+05:30
JKCEMENT,5064.50,NARROW,0.44,above,5087.0,5064.5,5064.5,5064.5,5064.5,0.0,0.0,0.032,0,2026-09-18,2026-09-21,False,True,5.0,2026-09-21T22:04:16+05:30
TORNTPOWER,1258.85,NARROW,0.25,above,1262.0,1258.85,1258.83,1258.85,1258.82,0.003,1.6,0.029,0,2026-09-18,2026-09-21,False,True,5.0,2026-09-21T22:04:16+05:30
POLYMED,1726.08,NARROW,-1.15,below,1706.2,1726.08,1726.17,1726.25,1726.08,0.01,2.2,0.039,0,2026-09-18,2026-09-21,False,True,5.0,2026-09-21T22:04:16+05:30
COHANCE,437.98,NARROW,5.13,above,460.45,437.98,437.97,437.98,437.95,0.008,2.7,0.02,0,2026-09-18,2026-09-21,False,True,5.0,2026-09-21T22:04:16+05:30
BRITANNIA,4997.75,NARROW,0.51,above,5023.0,4997.75,4997.5,4997.75,4997.25,0.01,3.0,0.018,0,2026-09-18,2026-09-21,False,True,5.0,2026-09-21T22:04:16+05:30
CIEINDIA,387.20,NARROW,2.05,above,395.15,387.2,387.18,387.2,387.17,0.009,3.0,0.022,0,2026-09-18,2026-09-21,False,True,5.0,2026-09-21T22:04:16+05:30
GALLANTT,547.26,NARROW,-0.07,below,546.85,547.26,547.37,547.48,547.26,0.04,3.3,0.063,0,2026-09-18,2026-09-21,False,True,5.0,2026-09-21T22:04:16+05:30
SHRIRAMFIN,1009.92,NARROW,0.19,above,1011.8,1009.92,1009.83,1009.92,1009.75,0.017,3.3,0.03,0,2026-09-18,2026-09-21,False,True,5.0,2026-09-21T22:04:16+05:30
360ONE,1073.17,NARROW,-0.04,below,1072.7,1073.17,1073.23,1073.3,1073.17,0.012,3.6,0.031,0,2026-09-18,2026-09-21,False,True,5.0,2026-09-21T22:04:16+05:30
IOB,32.16,NARROW,-0.31,below,32.06,32.16,32.16,32.17,32.16,0.021,3.8,0.031,0,2026-09-18,2026-09-21,False,True,5.0,2026-09-21T22:04:16+05:30
CANFINHOME,778.30,NARROW,-1.08,below,769.9,778.3,778.37,778.43,778.3,0.017,4.4,0.02,0,2026-09-18,2026-09-21,False,True,5.0,2026-09-21T22:04:16+05:30
RPOWER,21.11,NARROW,-0.52,below,21.0,21.11,21.12,21.12,21.11,0.063,4.7,0.073,0,2026-09-18,2026-09-21,False,True,5.0,2026-09-21T22:04:16+05:30
JBMA,599.17,NARROW,-1.19,below,592.05,599.17,599.25,599.33,599.17,0.025,4.9,0.025,0,2026-09-18,2026-09-21,False,True,5.0,2026-09-21T22:04:16+05:30
SPLPETRO,856.62,WIDE,1.05,above,865.6,856.62,847.53,856.62,838.45,2.143,97.0,0.038,0,2026-09-18,2026-09-21,False,False,5.0,2026-09-21T22:04:16+05:30
HDBFS,687.85,WIDE,-1.0,below,680.95,687.85,691.37,694.88,687.85,1.017,97.1,0.023,0,2026-09-18,2026-09-21,False,False,5.0,2026-09-21T22:04:16+05:30
3MINDIA,33868.33,WIDE,2.53,above,34725.0,33868.33,33641.67,33868.33,33415.0,1.348,97.3,0.027,0,2026-09-18,2026-09-21,False,False,5.0,2026-09-21T22:04:16+05:30
CONCOR,493.84,WIDE,-1.38,below,487.05,493.84,497.08,500.31,493.84,1.302,97.3,0.034,0,2026-09-18,2026-09-21,False,False,5.0,2026-09-21T22:04:16+05:30
EIHOTEL,310.55,WIDE,-0.5,below,309.0,310.55,313.0,315.45,310.55,1.565,97.3,0.03,0,2026-09-18,2026-09-21,False,False,5.0,2026-09-21T22:04:16+05:30
SCHAEFFLER,4135.05,WIDE,-0.41,below,4118.2,4135.05,4162.57,4190.08,4135.05,1.322,97.5,0.032,0,2026-09-18,2026-09-21,False,False,5.0,2026-09-21T22:04:16+05:30
TATATECH,727.88,WIDE,-0.41,below,724.9,727.88,733.32,738.75,727.88,1.482,97.5,0.037,0,2026-09-18,2026-09-21,False,False,5.0,2026-09-21T22:04:16+05:30
ABBOTINDIA,26931.67,WIDE,0.11,inside,26960.0,26931.67,26931.67,27100.83,26762.5,1.256,97.8,0.034,0,2026-09-18,2026-09-21,False,False,5.0,2026-09-21T22:04:16+05:30
MARUTI,12162.17,WIDE,-0.08,below,12153.0,12162.17,12221.33,12280.5,12162.17,0.968,97.8,0.015,0,2026-09-18,2026-09-21,False,False,5.0,2026-09-21T22:04:16+05:30
ATGL,640.97,WIDE,-0.4,inside,638.4,640.97,640.97,650.83,631.1,3.079,98.1,0.031,0,2026-09-18,2026-09-21,False,False,5.0,2026-09-21T22:04:16+05:30
UPL,566.70,WIDE,-1.2,below,559.9,566.7,571.13,575.57,566.7,1.552,98.1,0.02,0,2026-09-18,2026-09-21,False,False,5.0,2026-09-21T22:04:16+05:30
TATAPOWER,367.85,WIDE,-0.19,below,367.15,367.85,370.17,372.48,367.85,1.252,98.4,0.023,0,2026-09-18,2026-09-21,False,False,5.0,2026-09-21T22:04:16+05:30
ABCAPITAL,403.53,WIDE,-0.03,inside,403.4,403.53,403.53,406.79,400.27,1.615,98.6,0.038,0,2026-09-18,2026-09-21,False,False,5.0,2026-09-21T22:04:16+05:30
ADANIPORTS,1797.33,WIDE,-0.57,inside,1787.1,1797.33,1797.33,1810.67,1784.0,1.484,98.6,0.021,0,2026-09-18,2026-09-21,False,False,5.0,2026-09-21T22:04:16+05:30
BBTC,1485.33,WIDE,-0.05,inside,1484.6,1485.33,1485.33,1498.72,1471.95,1.802,98.6,0.032,0,2026-09-18,2026-09-21,False,False,5.0,2026-09-21T22:04:16+05:30
COLPAL,1890.83,WIDE,0.06,inside,1892.0,1890.83,1890.83,1904.32,1877.35,1.426,98.6,0.025,0,2026-09-18,2026-09-21,False,False,5.0,2026-09-21T22:04:16+05:30
HAVELLS,1109.20,WIDE,-0.55,below,1103.1,1109.2,1116.93,1124.67,1109.2,1.385,98.6,0.017,0,2026-09-18,2026-09-21,False,False,5.0,2026-09-21T22:04:16+05:30
IRCTC,471.30,WIDE,-0.13,inside,470.7,471.3,471.3,474.02,468.57,1.156,98.6,0.043,0,2026-09-18,2026-09-21,False,False,5.0,2026-09-21T22:04:16+05:30
IREDA,111.76,WIDE,-0.68,below,111.0,111.76,112.62,113.47,111.76,1.513,98.6,0.035,0,2026-09-18,2026-09-21,False,False,5.0,2026-09-21T22:04:16+05:30
POONAWALLA,468.47,WIDE,0.54,inside,471.0,468.47,468.47,473.93,463.0,2.334,98.6,0.031,0,2026-09-18,2026-09-21,False,False,5.0,2026-09-21T22:04:16+05:30
RVNL,209.79,WIDE,-0.04,inside,209.71,209.79,209.79,212.04,207.53,2.147,98.6,0.032,0,2026-09-18,2026-09-21,False,False,5.0,2026-09-21T22:04:16+05:30
GODIGIT,243.57,WIDE,-0.87,inside,241.45,243.57,243.57,245.85,241.28,1.875,98.9,0.028,0,2026-09-18,2026-09-21,False,False,5.0,2026-09-21T22:04:16+05:30
PAGEIND,35900.00,WIDE,0.14,inside,35950.0,35900.0,35900.0,36150.0,35650.0,1.393,98.9,0.025,0,2026-09-18,2026-09-21,False,False,5.0,2026-09-21T22:04:16+05:30
UNOMINDA,1245.40,WIDE,-1.44,below,1227.5,1245.4,1258.27,1271.13,1245.4,2.045,99.2,0.045,0,2026-09-18,2026-09-21,False,False,5.0,2026-09-21T22:04:16+05:30
APLAPOLLO,2208.20,WIDE,-1.23,below,2181.1,2208.2,2228.83,2249.47,2208.2,1.851,99.5,0.016,0,2026-09-18,2026-09-21,False,False,5.0,2026-09-21T22:04:16+05:30
SUPREMEIND,3502.67,WIDE,-0.08,inside,3500.0,3502.67,3502.67,3541.48,3463.85,2.216,99.7,0.034,0,2026-09-18,2026-09-21,False,False,5.0,2026-09-21T22:04:16+05:30
AMBER,7119.75,TOUCHED,-0.31,below,7098.0,7119.75,7121.5,7123.25,7119.75,0.049,5.8,0.027,0,2026-09-18,2026-09-21,False,False,5.0,2026-09-21T22:04:16+05:30
AIAENG,3969.90,TOUCHED,-0.73,below,3941.0,3969.9,3971.03,3972.17,3969.9,0.057,6.3,0.05,0,2026-09-18,2026-09-21,False,False,5.0,2026-09-21T22:04:16+05:30
MPHASIS,2300.75,TOUCHED,-0.2,below,2296.2,2300.75,2301.1,2301.45,2300.75,0.03,6.3,0.026,0,2026-09-18,2026-09-21,False,False,5.0,2026-09-21T22:04:16+05:30
HBLENGINE,759.50,TOUCHED,-1.27,below,749.85,759.5,759.67,759.83,759.5,0.044,6.8,0.033,0,2026-09-18,2026-09-21,False,False,5.0,2026-09-21T22:04:16+05:30
TITAGARH,838.53,TOUCHED,0.3,above,841.05,838.53,838.23,838.53,837.94,0.07,7.7,0.042,0,2026-09-18,2026-09-21,False,False,5.0,2026-09-21T22:04:16+05:30
TENNIND,518.08,TOUCHED,-0.77,below,514.1,518.08,518.25,518.43,518.08,0.068,8.5,0.014,0,2026-09-18,2026-09-21,False,False,5.0,2026-09-21T22:04:16+05:30
LICHSGFIN,548.03,TOUCHED,3.64,above,568.0,548.03,547.92,548.03,547.8,0.043,9.0,0.018,0,2026-09-18,2026-09-21,False,False,5.0,2026-09-21T22:04:16+05:30
HCLTECH,1248.93,TOUCHED,2.57,above,1281.0,1248.93,1248.57,1248.93,1248.2,0.059,9.3,0.03,0,2026-09-18,2026-09-21,False,False,5.0,2026-09-21T22:04:16+05:30
FINCABLES,1411.62,TOUCHED,-0.84,below,1399.7,1411.62,1412.03,1412.45,1411.62,0.059,10.4,0.019,0,2026-09-18,2026-09-21,False,False,5.0,2026-09-21T22:04:16+05:30
GMDCLTD,556.10,TOUCHED,0.32,above,557.9,556.1,555.75,556.1,555.4,0.126,10.4,0.078,0,2026-09-18,2026-09-21,False,False,5.0,2026-09-21T22:04:16+05:30
UCOBANK,23.74,TOUCHED,-0.48,below,23.62,23.74,23.74,23.75,23.74,0.042,10.4,0.013,0,2026-09-18,2026-09-21,False,False,5.0,2026-09-21T22:04:16+05:30
ECLERX,1918.75,TOUCHED,1.69,above,1951.2,1918.75,1917.7,1918.75,1916.65,0.11,10.7,0.05,0,2026-09-18,2026-09-21,False,False,5.0,2026-09-21T22:04:16+05:30
LATENTVIEW,255.05,TOUCHED,-1.02,below,252.45,255.05,255.15,255.25,255.05,0.078,10.7,0.026,0,2026-09-18,2026-09-21,False,False,5.0,2026-09-21T22:04:16+05:30
CHAMBLFERT,415.45,TOUCHED,0.42,above,417.2,415.45,415.27,415.45,415.08,0.088,11.0,0.035,0,2026-09-18,2026-09-21,False,False,5.0,2026-09-21T22:04:16+05:30
INDIAMART,1644.70,TOUCHED,-0.81,below,1631.4,1644.7,1645.23,1645.77,1644.7,0.065,11.2,0.025,0,2026-09-18,2026-09-21,False,False,5.0,2026-09-21T22:04:16+05:30
ABREL,1264.10,TOUCHED,-2.14,below,1237.1,1264.1,1264.8,1265.5,1264.1,0.111,11.5,0.024,0,2026-09-18,2026-09-21,False,False,5.0,2026-09-21T22:04:16+05:30
CEATLTD,3470.45,TOUCHED,-2.24,below,3392.7,3470.45,3472.0,3473.55,3470.45,0.089,11.5,0.035,0,2026-09-18,2026-09-21,False,False,5.0,2026-09-21T22:04:16+05:30
AADHARHFC,462.20,TOUCHED,0.83,above,466.05,462.2,462.02,462.2,461.83,0.079,11.8,0.027,0,2026-09-18,2026-09-21,False,False,5.0,2026-09-21T22:04:16+05:30
RHIM,368.25,TOUCHED,-0.07,below,368.0,368.25,368.4,368.55,368.25,0.081,11.8,0.028,0,2026-09-18,2026-09-21,False,False,5.0,2026-09-21T22:04:16+05:30
EICHERMOT,7518.33,TOUCHED,-0.08,below,7512.5,7518.33,7520.67,7523.0,7518.33,0.062,12.3,0.023,0,2026-09-18,2026-09-21,False,False,5.0,2026-09-21T22:04:16+05:30
SUZLON,43.21,TOUCHED,0.3,above,43.34,43.21,43.19,43.21,43.16,0.108,12.9,0.028,0,2026-09-18,2026-09-21,False,False,5.0,2026-09-21T22:04:16+05:30
DCMSHRIRAM,993.70,TOUCHED,-0.96,below,984.2,993.7,994.13,994.57,993.7,0.087,13.2,0.024,0,2026-09-18,2026-09-21,False,False,5.0,2026-09-21T22:04:16+05:30
ASAHIINDIA,959.35,TOUCHED,-0.95,below,950.25,959.35,959.92,960.48,959.35,0.118,13.4,0.032,0,2026-09-18,2026-09-21,False,False,5.0,2026-09-21T22:04:16+05:30
CHENNPETRO,1413.60,TOUCHED,-2.7,below,1375.5,1413.6,1414.6,1415.6,1413.6,0.141,13.4,0.026,0,2026-09-18,2026-09-21,False,False,5.0,2026-09-21T22:04:16+05:30
TIINDIA,2601.55,TOUCHED,-0.52,below,2588.0,2601.55,2603.1,2604.65,2601.55,0.119,13.4,0.038,0,2026-09-18,2026-09-21,False,False,5.0,2026-09-21T22:04:16+05:30
ANGELONE,298.38,TOUCHED,-0.75,below,296.15,298.38,298.62,298.86,298.38,0.162,13.7,0.027,0,2026-09-18,2026-09-21,False,False,5.0,2026-09-21T22:04:16+05:30
ACC,1258.25,TOUCHED,-0.15,below,1256.3,1258.25,1258.73,1259.22,1258.25,0.077,14.2,0.028,0,2026-09-18,2026-09-21,False,False,5.0,2026-09-21T22:04:16+05:30
NATCOPHARM,814.78,TOUCHED,0.19,above,816.3,814.78,814.32,814.78,813.86,0.113,14.5,0.025,0,2026-09-18,2026-09-21,False,False,5.0,2026-09-21T22:04:16+05:30
INDIGO,4925.50,TOUCHED,0.31,above,4941.0,4925.5,4923.67,4925.5,4921.83,0.074,15.3,0.027,0,2026-09-18,2026-09-21,False,False,5.0,2026-09-21T22:04:16+05:30
ONGC,233.04,TOUCHED,1.11,above,235.63,233.04,232.96,233.04,232.88,0.067,15.3,0.027,0,2026-09-18,2026-09-21,False,False,5.0,2026-09-21T22:04:16+05:30
CEMPRO,1264.67,TOUCHED,-0.65,below,1256.5,1264.67,1265.83,1267.0,1264.67,0.184,15.9,0.066,0,2026-09-18,2026-09-21,False,False,5.0,2026-09-21T22:04:16+05:30
ESCORTS,2803.10,TOUCHED,0.6,above,2819.8,2803.1,2801.47,2803.1,2799.83,0.117,15.9,0.041,0,2026-09-18,2026-09-21,False,False,5.0,2026-09-21T22:04:16+05:30
DIVISLAB,9386.75,TOUCHED,0.25,above,9410.5,9386.75,9382.83,9386.75,9378.92,0.083,16.2,0.024,0,2026-09-18,2026-09-21,False,False,5.0,2026-09-21T22:04:16+05:30
CCL,1067.25,TOUCHED,0.35,above,1071.0,1067.25,1066.7,1067.25,1066.15,0.103,16.4,0.021,0,2026-09-18,2026-09-21,False,False,5.0,2026-09-21T22:04:16+05:30
OLAELEC,36.51,TOUCHED,1.34,above,37.0,36.51,36.47,36.51,36.43,0.219,16.4,0.064,0,2026-09-18,2026-09-21,False,False,5.0,2026-09-21T22:04:16+05:30
CUB,235.28,TOUCHED,-0.14,below,234.94,235.28,235.45,235.62,235.28,0.146,16.7,0.034,0,2026-09-18,2026-09-21,False,False,5.0,2026-09-21T22:04:16+05:30
EMCURE,2007.90,TOUCHED,0.07,above,2009.3,2007.9,2006.53,2007.9,2005.17,0.136,17.3,0.027,0,2026-09-18,2026-09-21,False,False,5.0,2026-09-21T22:04:16+05:30
GVT&D,4388.57,TOUCHED,-0.51,below,4366.1,4388.57,4392.13,4395.7,4388.57,0.162,17.3,0.022,0,2026-09-18,2026-09-21,False,False,5.0,2026-09-21T22:04:16+05:30
INDGN,600.43,TOUCHED,-0.75,below,595.95,600.43,600.77,601.1,600.43,0.111,17.3,0.023,0,2026-09-18,2026-09-21,False,False,5.0,2026-09-21T22:04:16+05:30
NCC,136.88,TOUCHED,-0.62,below,136.03,136.88,136.96,137.05,136.88,0.122,17.5,0.027,0,2026-09-18,2026-09-21,False,False,5.0,2026-09-21T22:04:16+05:30
ABFRL,50.20,TOUCHED,-0.7,below,49.85,50.2,50.24,50.28,50.2,0.166,17.8,0.027,0,2026-09-18,2026-09-21,False,False,5.0,2026-09-21T22:04:16+05:30
BRIGADE,622.06,TOUCHED,-2.14,below,608.75,622.06,622.42,622.77,622.06,0.115,18.1,0.024,0,2026-09-18,2026-09-21,False,False,5.0,2026-09-21T22:04:16+05:30
INTELLECT,649.15,TOUCHED,1.53,above,659.1,649.15,648.58,649.15,648.02,0.175,18.4,0.042,0,2026-09-18,2026-09-21,False,False,5.0,2026-09-21T22:04:16+05:30
GODREJCP,878.23,TOUCHED,-1.22,below,867.5,878.23,878.82,879.41,878.23,0.135,19.2,0.023,0,2026-09-18,2026-09-21,False,False,5.0,2026-09-21T22:04:16+05:30
NIVABUPA,79.73,TOUCHED,0.94,above,80.48,79.73,79.68,79.73,79.64,0.117,19.5,0.018,0,2026-09-18,2026-09-21,False,False,5.0,2026-09-21T22:04:16+05:30
SAMMAANCAP,143.45,TOUCHED,-0.4,below,142.88,143.45,143.61,143.76,143.45,0.218,19.7,0.041,0,2026-09-18,2026-09-21,False,False,5.0,2026-09-21T22:04:16+05:30
JAINREC,275.27,TOUCHED,-0.92,below,272.75,275.27,275.6,275.92,275.27,0.236,19.9,0.062,0,2026-09-18,2026-09-21,False,False,5.0,2026-09-21T22:04:16+05:30
ARE&M,796.53,TOUCHED,-0.28,below,794.3,796.53,797.07,797.6,796.53,0.134,20.0,0.022,0,2026-09-18,2026-09-21,False,False,5.0,2026-09-21T22:04:16+05:30
JKTYRE,348.35,TOUCHED,-0.42,below,346.9,348.35,348.68,349.02,348.35,0.191,20.0,0.031,0,2026-09-18,2026-09-21,False,False,5.0,2026-09-21T22:04:16+05:30
JSWCEMENT,117.17,TOUCHED,-0.69,below,116.36,117.17,117.26,117.35,117.17,0.156,20.0,0.027,0,2026-09-18,2026-09-21,False,False,5.0,2026-09-21T22:04:16+05:30
NETWEB,4658.08,TOUCHED,1.29,above,4718.0,4658.08,4651.67,4658.08,4645.25,0.276,20.3,0.062,0,2026-09-18,2026-09-21,False,False,5.0,2026-09-21T22:04:16+05:30
BHARATFORG,1967.50,TOUCHED,0.07,above,1968.9,1967.5,1965.7,1967.5,1963.9,0.183,20.5,0.032,0,2026-09-18,2026-09-21,False,False,5.0,2026-09-21T22:04:16+05:30
MFSL,1557.93,TOUCHED,0.71,above,1569.0,1557.93,1556.87,1557.93,1555.8,0.137,20.8,0.019,0,2026-09-18,2026-09-21,False,False,5.0,2026-09-21T22:04:16+05:30
HDFCAMC,2423.37,TOUCHED,0.69,above,2440.0,2423.37,2421.73,2423.37,2420.1,0.135,21.4,0.022,0,2026-09-18,2026-09-21,False,False,5.0,2026-09-21T22:04:16+05:30
CESC,141.82,TOUCHED,1.16,above,143.47,141.82,141.72,141.82,141.63,0.136,21.6,0.037,0,2026-09-18,2026-09-21,False,False,5.0,2026-09-21T22:04:16+05:30
THERMAX,3560.70,TOUCHED,0.49,above,3578.2,3560.7,3557.77,3560.7,3554.83,0.165,21.6,0.023,0,2026-09-18,2026-09-21,False,False,5.0,2026-09-21T22:04:16+05:30
CLEAN,849.77,TOUCHED,-1.75,below,834.9,849.77,850.48,851.19,849.77,0.167,21.9,0.026,0,2026-09-18,2026-09-21,False,False,5.0,2026-09-21T22:04:16+05:30
SUMICHEM,461.36,TOUCHED,-1.48,below,454.55,461.36,461.87,462.38,461.36,0.22,21.9,0.039,0,2026-09-18,2026-09-21,False,False,5.0,2026-09-21T22:04:16+05:30
ABDL,650.27,TOUCHED,0.93,above,656.3,650.27,649.38,650.27,648.49,0.275,22.5,0.069,0,2026-09-18,2026-09-21,False,False,5.0,2026-09-21T22:04:16+05:30
ETERNAL,327.73,TOUCHED,2.49,above,335.9,327.73,327.43,327.73,327.14,0.178,22.5,0.024,0,2026-09-18,2026-09-21,False,False,5.0,2026-09-21T22:04:16+05:30
ZEEL,78.37,TOUCHED,-0.87,below,77.68,78.37,78.45,78.54,78.37,0.217,22.7,0.045,0,2026-09-18,2026-09-21,False,False,5.0,2026-09-21T22:04:16+05:30
ZYDUSLIFE,1159.17,TOUCHED,0.16,above,1161.0,1159.17,1158.33,1159.17,1157.5,0.144,22.7,0.023,0,2026-09-18,2026-09-21,False,False,5.0,2026-09-21T22:04:16+05:30
BALRAMCHIN,670.95,TOUCHED,-1.09,below,663.65,670.95,671.5,672.05,670.95,0.164,23.0,0.025,0,2026-09-18,2026-09-21,False,False,5.0,2026-09-21T22:04:16+05:30
MCX,3264.17,TOUCHED,-1.69,below,3209.0,3264.17,3268.33,3272.5,3264.17,0.255,23.0,0.058,0,2026-09-18,2026-09-21,False,False,5.0,2026-09-21T22:04:16+05:30
ELECON,419.48,TOUCHED,-1.44,below,413.45,419.48,420.05,420.63,419.48,0.274,23.3,0.036,0,2026-09-18,2026-09-21,False,False,5.0,2026-09-21T22:04:16+05:30
RITES,207.40,TOUCHED,-2.01,below,203.23,207.4,207.58,207.75,207.4,0.167,23.3,0.025,0,2026-09-18,2026-09-21,False,False,5.0,2026-09-21T22:04:16+05:30
MMTC,60.35,TOUCHED,-0.93,below,59.79,60.35,60.43,60.51,60.35,0.259,23.6,0.055,0,2026-09-18,2026-09-21,False,False,5.0,2026-09-21T22:04:16+05:30
GRANULES,876.38,TOUCHED,-0.14,below,875.15,876.38,877.27,878.15,876.38,0.201,23.8,0.038,0,2026-09-18,2026-09-21,False,False,5.0,2026-09-21T22:04:16+05:30
ZENTEC,1689.27,TOUCHED,-0.12,below,1687.2,1689.27,1691.13,1693.0,1689.27,0.221,23.8,0.017,0,2026-09-18,2026-09-21,False,False,5.0,2026-09-21T22:04:16+05:30
APTUS,237.91,TOUCHED,-0.27,below,237.27,237.91,238.13,238.36,237.91,0.19,24.4,0.026,0,2026-09-18,2026-09-21,False,False,5.0,2026-09-21T22:04:16+05:30
ASIANPAINT,2452.87,TOUCHED,-0.51,below,2440.3,2452.87,2454.43,2456.0,2452.87,0.128,24.7,0.022,0,2026-09-18,2026-09-21,False,False,5.0,2026-09-21T22:04:16+05:30
BLUEDART,4810.50,TOUCHED,-0.09,below,4806.2,4810.5,4814.0,4817.5,4810.5,0.145,24.7,0.02,0,2026-09-18,2026-09-21,False,False,5.0,2026-09-21T22:04:16+05:30
IDBI,83.15,TOUCHED,-0.11,below,83.06,83.15,83.25,83.35,83.15,0.228,24.7,0.033,0,2026-09-18,2026-09-21,False,False,5.0,2026-09-21T22:04:16+05:30
DOMS,2106.92,TOUCHED,-1.13,below,2083.1,2106.92,2108.53,2110.15,2106.92,0.153,25.2,0.028,0,2026-09-18,2026-09-21,False,False,5.0,2026-09-21T22:04:16+05:30
PNB,117.18,TOUCHED,0.7,above,118.0,117.18,117.09,117.18,117.0,0.154,25.2,0.028,0,2026-09-18,2026-09-21,False,False,5.0,2026-09-21T22:04:16+05:30
SAIL,177.53,TOUCHED,-0.13,below,177.3,177.53,177.72,177.92,177.53,0.219,25.2,0.026,0,2026-09-18,2026-09-21,False,False,5.0,2026-09-21T22:04:16+05:30
OLECTRA,1197.43,TOUCHED,0.7,above,1205.8,1197.43,1196.07,1197.43,1194.7,0.229,25.5,0.033,0,2026-09-18,2026-09-21,False,False,5.0,2026-09-21T22:04:16+05:30
CANBK,123.67,TOUCHED,0.02,above,123.7,123.67,123.56,123.67,123.45,0.178,25.8,0.023,0,2026-09-18,2026-09-21,False,False,5.0,2026-09-21T22:04:16+05:30
INDIANB,841.22,TOUCHED,-0.03,inside,841.0,841.22,841.22,841.92,840.51,0.168,25.8,0.027,0,2026-09-18,2026-09-21,False,False,5.0,2026-09-21T22:04:16+05:30
MSUMI,35.71,TOUCHED,-0.31,below,35.6,35.71,35.75,35.79,35.71,0.224,26.0,0.03,0,2026-09-18,2026-09-21,False,False,5.0,2026-09-21T22:04:16+05:30
PINELABS,191.66,TOUCHED,1.06,above,193.7,191.66,191.28,191.66,190.9,0.396,26.2,0.053,0,2026-09-18,2026-09-21,False,False,5.0,2026-09-21T22:04:16+05:30
RECLTD,311.22,TOUCHED,-0.33,below,310.2,311.22,311.48,311.74,311.22,0.166,26.6,0.015,0,2026-09-18,2026-09-21,False,False,5.0,2026-09-21T22:04:16+05:30
SHREECEM,22566.67,TOUCHED,-0.07,inside,22550.0,22566.67,22566.67,22583.33,22550.0,0.148,26.6,0.02,0,2026-09-18,2026-09-21,False,False,5.0,2026-09-21T22:04:16+05:30
FSL,272.45,TOUCHED,-1.1,below,269.45,272.45,272.78,273.12,272.45,0.244,27.1,0.034,0,2026-09-18,2026-09-21,False,False,5.0,2026-09-21T22:04:16+05:30
KEC,403.35,TOUCHED,-0.01,inside,403.3,403.35,403.35,403.8,402.9,0.223,27.7,0.023,0,2026-09-18,2026-09-21,False,False,5.0,2026-09-21T22:04:16+05:30
NEULANDLAB,22735.00,TOUCHED,-0.55,below,22610.0,22735.0,22770.0,22805.0,22735.0,0.307,27.9,0.032,0,2026-09-18,2026-09-21,False,False,5.0,2026-09-21T22:04:16+05:30
TATACOMM,1774.15,TOUCHED,-2.34,below,1732.7,1774.15,1776.13,1778.12,1774.15,0.223,27.9,0.022,0,2026-09-18,2026-09-21,False,False,5.0,2026-09-21T22:04:16+05:30
M&MFIN,352.87,TOUCHED,0.52,above,354.7,352.87,352.45,352.87,352.03,0.241,28.5,0.037,0,2026-09-18,2026-09-21,False,False,5.0,2026-09-21T22:04:16+05:30
MINDACORP,688.88,TOUCHED,-1.35,below,679.6,688.88,689.73,690.59,688.88,0.249,28.5,0.038,0,2026-09-18,2026-09-21,False,False,5.0,2026-09-21T22:04:16+05:30
JUBLINGREA,626.50,TOUCHED,0.12,inside,627.25,626.5,626.5,627.3,625.7,0.255,28.8,0.034,0,2026-09-18,2026-09-21,False,False,5.0,2026-09-21T22:04:16+05:30
WELSPUNLIV,214.35,TOUCHED,0.71,above,215.87,214.35,214.04,214.35,213.73,0.29,28.8,0.044,0,2026-09-18,2026-09-21,False,False,5.0,2026-09-21T22:04:16+05:30
ANANDRATHI,2231.18,TOUCHED,-0.9,below,2211.2,2231.18,2232.97,2234.75,2231.18,0.16,29.0,0.022,0,2026-09-18,2026-09-21,False,False,5.0,2026-09-21T22:04:16+05:30
PARADEEP,155.35,TOUCHED,0.24,above,155.73,155.35,155.08,155.35,154.81,0.348,29.3,0.036,0,2026-09-18,2026-09-21,False,False,5.0,2026-09-21T22:04:16+05:30
ZENSARTECH,437.11,TOUCHED,-0.16,below,436.4,437.11,437.77,438.43,437.11,0.301,30.1,0.035,0,2026-09-18,2026-09-21,False,False,5.0,2026-09-21T22:04:16+05:30
JWL,230.45,TOUCHED,-1.03,below,228.06,230.45,230.76,231.08,230.45,0.273,30.4,0.038,0,2026-09-18,2026-09-21,False,False,5.0,2026-09-21T22:04:16+05:30
KALYANKJIL,582.65,TOUCHED,-0.2,below,581.5,582.65,583.45,584.25,582.65,0.274,30.4,0.039,0,2026-09-18,2026-09-21,False,False,5.0,2026-09-21T22:04:16+05:30
NAVA,559.90,TOUCHED,-0.94,below,554.65,559.9,560.7,561.5,559.9,0.285,30.4,0.038,0,2026-09-18,2026-09-21,False,False,5.0,2026-09-21T22:04:16+05:30
KAJARIACER,1199.52,TOUCHED,0.08,inside,1200.5,1199.52,1199.52,1200.93,1198.11,0.235,30.7,0.028,0,2026-09-18,2026-09-21,False,False,5.0,2026-09-21T22:04:16+05:30
TVSMOTOR,4158.55,TOUCHED,-0.09,below,4155.0,4158.55,4162.8,4167.05,4158.55,0.204,30.7,0.026,0,2026-09-18,2026-09-21,False,False,5.0,2026-09-21T22:04:16+05:30
DLF,646.85,TOUCHED,2.07,above,660.25,646.85,646.02,646.85,645.18,0.258,31.5,0.028,0,2026-09-18,2026-09-21,False,False,5.0,2026-09-21T22:04:16+05:30
OIL,477.40,TOUCHED,0.2,above,478.35,477.4,476.83,477.4,476.27,0.238,31.5,0.018,0,2026-09-18,2026-09-21,False,False,5.0,2026-09-21T22:04:16+05:30
PFIZER,4013.80,TOUCHED,0.55,above,4035.7,4013.8,4010.0,4013.8,4006.2,0.19,31.8,0.025,0,2026-09-18,2026-09-21,False,False,5.0,2026-09-21T22:04:16+05:30
MANKIND,2308.60,TOUCHED,5.6,above,2437.8,2308.6,2305.97,2308.6,2303.33,0.228,32.1,0.038,0,2026-09-18,2026-09-21,False,False,5.0,2026-09-21T22:04:16+05:30
SAREGAMA,497.93,TOUCHED,-1.95,below,488.2,497.93,498.58,499.24,497.93,0.264,32.1,0.046,0,2026-09-18,2026-09-21,False,False,5.0,2026-09-21T22:04:16+05:30
AAVAS,1289.35,TOUCHED,2.47,above,1321.2,1289.35,1287.77,1289.35,1286.18,0.246,32.6,0.028,0,2026-09-18,2026-09-21,False,False,5.0,2026-09-21T22:04:16+05:30
SARDAEN,506.73,TOUCHED,-0.69,below,503.25,506.73,507.52,508.3,506.73,0.309,32.6,0.027,0,2026-09-18,2026-09-21,False,False,5.0,2026-09-21T22:04:16+05:30
HEXT,521.83,TOUCHED,-1.26,below,515.25,521.83,522.73,523.64,521.83,0.348,33.2,0.046,0,2026-09-18,2026-09-21,False,False,5.0,2026-09-21T22:04:16+05:30
TECHM,1542.15,TOUCHED,1.06,above,1558.5,1542.15,1540.47,1542.15,1538.78,0.219,33.4,0.034,0,2026-09-18,2026-09-21,False,False,5.0,2026-09-21T22:04:16+05:30
THELEELA,538.38,TOUCHED,-0.17,below,537.45,538.38,539.1,539.82,538.38,0.269,33.7,0.03,0,2026-09-18,2026-09-21,False,False,5.0,2026-09-21T22:04:16+05:30
PPLPHARMA,207.87,TOUCHED,3.27,above,214.66,207.87,207.57,207.87,207.28,0.284,34.2,0.038,0,2026-09-18,2026-09-21,False,False,5.0,2026-09-21T22:04:16+05:30
GROWW,190.60,TOUCHED,-0.01,below,190.59,190.6,190.99,191.37,190.6,0.405,34.3,0.032,0,2026-09-18,2026-09-21,False,False,5.0,2026-09-21T22:04:16+05:30
BSOFT,281.75,TOUCHED,0.85,above,284.15,281.75,281.3,281.75,280.85,0.32,34.8,0.042,0,2026-09-18,2026-09-21,False,False,5.0,2026-09-21T22:04:16+05:30
DATAPATTNS,4503.13,TOUCHED,0.19,above,4511.8,4503.13,4492.97,4503.13,4482.8,0.453,34.8,0.073,0,2026-09-18,2026-09-21,False,False,5.0,2026-09-21T22:04:16+05:30
IPCALAB,2006.73,TOUCHED,0.07,above,2008.2,2006.73,2003.87,2006.73,2001.0,0.286,34.8,0.032,0,2026-09-18,2026-09-21,False,False,5.0,2026-09-21T22:04:16+05:30
LTFOODS,422.56,TOUCHED,1.95,above,430.8,422.56,421.92,422.56,421.28,0.304,34.8,0.036,0,2026-09-18,2026-09-21,False,False,5.0,2026-09-21T22:04:16+05:30
HINDALCO,987.45,TOUCHED,-0.63,below,981.2,987.45,988.4,989.35,987.45,0.192,36.4,0.011,0,2026-09-18,2026-09-21,False,False,5.0,2026-09-21T22:04:16+05:30
ASTERDM,757.22,TOUCHED,-0.06,inside,756.75,757.22,757.22,758.3,756.13,0.286,36.7,0.028,0,2026-09-18,2026-09-21,False,False,5.0,2026-09-21T22:04:16+05:30
BATAINDIA,639.02,TOUCHED,-0.6,below,635.2,639.02,639.73,640.45,639.02,0.224,36.7,0.022,0,2026-09-18,2026-09-21,False,False,5.0,2026-09-21T22:04:16+05:30
GABRIEL,1313.00,TOUCHED,-1.73,below,1290.3,1313.0,1315.93,1318.87,1313.0,0.446,36.7,0.039,0,2026-09-18,2026-09-21,False,False,5.0,2026-09-21T22:04:16+05:30
DELHIVERY,429.70,TOUCHED,1.23,above,435.0,429.7,429.13,429.7,428.57,0.264,37.0,0.019,0,2026-09-18,2026-09-21,False,False,5.0,2026-09-21T22:04:16+05:30
TEJASNET,519.28,TOUCHED,-0.47,below,516.85,519.28,520.27,521.25,519.28,0.378,37.0,0.041,0,2026-09-18,2026-09-21,False,False,5.0,2026-09-21T22:04:16+05:30
GLAXO,2850.00,TOUCHED,0.45,above,2862.9,2850.0,2846.27,2850.0,2842.53,0.262,37.3,0.014,0,2026-09-18,2026-09-21,False,False,5.0,2026-09-21T22:04:16+05:30
TARIL,280.46,TOUCHED,-0.79,below,278.25,280.46,281.07,281.68,280.46,0.433,37.3,0.054,0,2026-09-18,2026-09-21,False,False,5.0,2026-09-21T22:04:16+05:30
CRAFTSMAN,11085.50,TOUCHED,-0.72,below,11006.0,11085.5,11103.0,11120.5,11085.5,0.315,37.5,0.057,0,2026-09-18,2026-09-21,False,False,5.0,2026-09-21T22:04:16+05:30
UTIAMC,898.83,TOUCHED,2.89,above,924.8,898.83,897.55,898.83,896.28,0.284,38.1,0.031,0,2026-09-18,2026-09-21,False,False,5.0,2026-09-21T22:04:16+05:30
DEVYANI,140.36,TOUCHED,2.04,above,143.22,140.36,140.1,140.36,139.84,0.371,38.4,0.039,0,2026-09-18,2026-09-21,False,False,5.0,2026-09-21T22:04:16+05:30
INDUSINDBK,962.30,TOUCHED,-0.65,below,956.0,962.3,963.63,964.97,962.3,0.277,39.2,0.026,0,2026-09-18,2026-09-21,False,False,5.0,2026-09-21T22:04:16+05:30
J&KBANK,146.84,TOUCHED,-0.6,below,145.95,146.84,147.09,147.35,146.84,0.349,39.2,0.05,0,2026-09-18,2026-09-21,False,False,5.0,2026-09-21T22:04:16+05:30
KAYNES,3540.45,TOUCHED,3.09,above,3650.0,3540.45,3531.97,3540.45,3523.48,0.48,39.5,0.049,0,2026-09-18,2026-09-21,False,False,5.0,2026-09-21T22:04:16+05:30
MAPMYINDIA,898.07,TOUCHED,0.27,above,900.5,898.07,896.73,898.07,895.4,0.297,39.7,0.031,0,2026-09-18,2026-09-21,False,False,5.0,2026-09-21T22:04:16+05:30
NUVAMA,1704.75,TOUCHED,-1.04,below,1687.1,1704.75,1707.73,1710.72,1704.75,0.349,40.3,0.025,0,2026-09-18,2026-09-21,False,False,5.0,2026-09-21T22:04:16+05:30
CROMPTON,226.11,TOUCHED,-0.47,below,225.05,226.11,226.45,226.78,226.11,0.296,40.8,0.025,0,2026-09-18,2026-09-21,False,False,5.0,2026-09-21T22:04:16+05:30
GAIL,173.32,TOUCHED,-0.41,below,172.61,173.32,173.52,173.71,173.32,0.221,40.8,0.015,0,2026-09-18,2026-09-21,False,False,5.0,2026-09-21T22:04:16+05:30
PFOCUS,343.26,TOUCHED,2.74,above,352.65,343.26,342.17,343.26,341.07,0.638,41.1,0.053,0,2026-09-18,2026-09-21,False,False,5.0,2026-09-21T22:04:16+05:30
MGL,1078.47,TOUCHED,-0.06,inside,1077.8,1078.47,1078.47,1080.08,1076.85,0.3,41.4,0.034,0,2026-09-18,2026-09-21,False,False,5.0,2026-09-21T22:04:16+05:30
SUNDARMFIN,4710.00,TOUCHED,-0.65,below,4679.5,4710.0,4716.87,4723.73,4710.0,0.291,41.4,0.029,0,2026-09-18,2026-09-21,False,False,5.0,2026-09-21T22:04:16+05:30
AJANTPHARM,3569.32,TOUCHED,-0.76,below,3542.1,3569.32,3575.03,3580.75,3569.32,0.32,41.9,0.035,0,2026-09-18,2026-09-21,False,False,5.0,2026-09-21T22:04:16+05:30
HFCL,214.54,TOUCHED,-0.11,inside,214.31,214.54,214.54,215.12,213.95,0.547,41.9,0.031,0,2026-09-18,2026-09-21,False,False,5.0,2026-09-21T22:04:16+05:30
ADANIPOWER,206.94,TOUCHED,-0.19,below,206.55,206.94,207.28,207.62,206.94,0.328,42.7,0.053,0,2026-09-18,2026-09-21,False,False,5.0,2026-09-21T22:04:16+05:30
JIOFIN,230.24,TOUCHED,-0.12,below,229.97,230.24,230.59,230.94,230.24,0.305,42.7,0.022,0,2026-09-18,2026-09-21,False,False,5.0,2026-09-21T22:04:16+05:30
ONESOURCE,1601.57,TOUCHED,-0.15,inside,1599.2,1601.57,1601.57,1604.9,1598.23,0.416,42.7,0.045,0,2026-09-18,2026-09-21,False,False,5.0,2026-09-21T22:04:16+05:30
FIVESTAR,534.95,TOUCHED,-1.87,below,524.95,534.95,536.12,537.28,534.95,0.435,43.3,0.041,0,2026-09-18,2026-09-21,False,False,5.0,2026-09-21T22:04:16+05:30
ACE,1226.72,TOUCHED,0.3,above,1230.4,1226.72,1224.23,1226.72,1221.75,0.406,44.1,0.049,0,2026-09-18,2026-09-21,False,False,5.0,2026-09-21T22:04:16+05:30
LLOYDSME,1822.97,TOUCHED,0.09,above,1824.6,1822.97,1819.23,1822.97,1815.5,0.41,45.2,0.033,0,2026-09-18,2026-09-21,False,False,5.0,2026-09-21T22:04:16+05:30
MRF,125157.50,TOUCHED,-0.24,below,124855.0,125157.5,125328.33,125499.17,125157.5,0.273,45.2,0.034,0,2026-09-18,2026-09-21,False,False,5.0,2026-09-21T22:04:16+05:30
PERSISTENT,5444.50,TOUCHED,0.08,above,5449.0,5444.5,5435.0,5444.5,5425.5,0.35,45.2,0.016,0,2026-09-18,2026-09-21,False,False,5.0,2026-09-21T22:04:16+05:30
GODREJIND,1109.52,TOUCHED,-0.7,below,1101.7,1109.52,1111.63,1113.75,1109.52,0.381,45.5,0.038,0,2026-09-18,2026-09-21,False,False,5.0,2026-09-21T22:04:16+05:30
SOBHA,1212.85,TOUCHED,0.09,above,1214.0,1212.85,1210.5,1212.85,1208.15,0.388,45.5,0.028,0,2026-09-18,2026-09-21,False,False,5.0,2026-09-21T22:04:16+05:30
JSWSTEEL,1270.70,TOUCHED,-0.17,below,1268.6,1270.7,1272.33,1273.97,1270.7,0.257,45.8,0.025,0,2026-09-18,2026-09-21,False,False,5.0,2026-09-21T22:04:16+05:30
JINDALSAW,291.42,TOUCHED,0.56,above,293.05,291.42,290.78,291.42,290.14,0.441,46.3,0.034,0,2026-09-18,2026-09-21,False,False,5.0,2026-09-21T22:04:16+05:30
AMBUJACEM,389.95,TOUCHED,0.21,above,390.75,389.95,389.4,389.95,388.85,0.282,47.4,0.034,0,2026-09-18,2026-09-21,False,False,5.0,2026-09-21T22:04:16+05:30
PIRAMALFIN,2285.65,TOUCHED,-2.85,below,2220.4,2285.65,2290.5,2295.35,2285.65,0.423,47.5,0.043,0,2026-09-18,2026-09-21,False,False,5.0,2026-09-21T22:04:16+05:30
ITI,255.25,TOUCHED,0.0,inside,255.25,255.25,255.25,255.77,254.73,0.411,47.9,0.028,0,2026-09-18,2026-09-21,False,False,5.0,2026-09-21T22:04:16+05:30
ERIS,1323.90,TOUCHED,-2.16,below,1295.3,1323.9,1326.5,1329.1,1323.9,0.392,48.2,0.029,0,2026-09-18,2026-09-21,False,False,5.0,2026-09-21T22:04:16+05:30
ANANTRAJ,601.25,TOUCHED,-1.01,below,595.2,601.25,602.88,604.52,601.25,0.542,48.5,0.07,0,2026-09-18,2026-09-21,False,False,5.0,2026-09-21T22:04:16+05:30
SIGNATURE,755.47,TOUCHED,0.85,above,761.9,755.47,753.98,755.47,752.5,0.393,49.0,0.029,0,2026-09-18,2026-09-21,False,False,5.0,2026-09-21T22:04:16+05:30
TTML,35.80,TOUCHED,-1.23,below,35.36,35.8,35.87,35.95,35.8,0.4,49.9,0.041,0,2026-09-18,2026-09-21,False,False,5.0,2026-09-21T22:04:16+05:30
TATACAP,349.65,TOUCHED,-1.7,below,343.7,349.65,350.22,350.78,349.65,0.324,50.0,0.015,0,2026-09-18,2026-09-21,False,False,5.0,2026-09-21T22:04:16+05:30
LTTS,3327.35,TOUCHED,-0.61,below,3307.0,3327.35,3334.07,3340.78,3327.35,0.403,50.1,0.037,0,2026-09-18,2026-09-21,False,False,5.0,2026-09-21T22:04:16+05:30
MOTHERSON,162.92,TOUCHED,-0.0,below,162.91,162.92,163.26,163.6,162.92,0.423,50.7,0.035,0,2026-09-18,2026-09-21,False,False,5.0,2026-09-21T22:04:16+05:30
GODREJPROP,1699.67,TOUCHED,-0.16,inside,1696.9,1699.67,1699.67,1703.95,1695.38,0.504,51.0,0.045,0,2026-09-18,2026-09-21,False,False,5.0,2026-09-21T22:04:16+05:30
ANTHEM,930.58,TOUCHED,-1.41,below,917.45,930.58,932.65,934.73,930.58,0.445,51.2,0.041,0,2026-09-18,2026-09-21,False,False,5.0,2026-09-21T22:04:16+05:30
SCHNEIDER,1225.55,TOUCHED,0.79,above,1235.2,1225.55,1221.53,1225.55,1217.52,0.658,51.5,0.028,0,2026-09-18,2026-09-21,False,False,5.0,2026-09-21T22:04:16+05:30
CREDITACC,1384.22,TOUCHED,0.63,above,1393.0,1384.22,1380.83,1384.22,1377.45,0.49,52.3,0.041,0,2026-09-18,2026-09-21,False,False,5.0,2026-09-21T22:04:16+05:30
TRAVELFOOD,1247.10,TOUCHED,-1.49,below,1228.5,1247.1,1250.1,1253.1,1247.1,0.48,52.5,0.032,0,2026-09-18,2026-09-21,False,False,5.0,2026-09-21T22:04:16+05:30
URBANCO,168.57,TOUCHED,2.87,above,173.4,168.57,168.03,168.57,167.49,0.645,52.6,0.044,0,2026-09-18,2026-09-21,False,False,5.0,2026-09-21T22:04:16+05:30
NEWGEN,494.57,TOUCHED,-0.09,inside,494.1,494.57,494.57,495.93,493.2,0.553,52.9,0.031,0,2026-09-18,2026-09-21,False,False,5.0,2026-09-21T22:04:16+05:30
TITAN,4818.25,TOUCHED,1.18,above,4875.0,4818.25,4811.67,4818.25,4805.08,0.274,53.2,0.018,0,2026-09-18,2026-09-21,False,False,5.0,2026-09-21T22:04:16+05:30
SHYAMMETL,1096.00,TOUCHED,0.14,inside,1097.5,1096.0,1096.0,1098.0,1094.0,0.365,53.4,0.016,0,2026-09-18,2026-09-21,False,False,5.0,2026-09-21T22:04:16+05:30
GRAVITA,1602.55,TOUCHED,-1.41,below,1580.0,1602.55,1606.7,1610.85,1602.55,0.517,54.2,0.033,0,2026-09-18,2026-09-21,False,False,5.0,2026-09-21T22:04:16+05:30
UNIONBANK,177.74,TOUCHED,0.2,above,178.09,177.74,177.35,177.74,176.95,0.444,54.2,0.04,0,2026-09-18,2026-09-21,False,False,5.0,2026-09-21T22:04:16+05:30
GLAND,2941.00,TOUCHED,-0.03,below,2940.2,2941.0,2947.97,2954.93,2941.0,0.473,54.8,0.04,0,2026-09-18,2026-09-21,False,False,5.0,2026-09-21T22:04:16+05:30
ENDURANCE,2725.40,TOUCHED,1.14,above,2756.4,2725.4,2718.8,2725.4,2712.2,0.486,55.1,0.043,0,2026-09-18,2026-09-21,False,False,5.0,2026-09-21T22:04:16+05:30
ABLBL,81.37,TOUCHED,-0.59,below,80.89,81.37,81.58,81.78,81.37,0.499,55.8,0.054,0,2026-09-18,2026-09-21,False,False,5.0,2026-09-21T22:04:16+05:30
EIDPARRY,698.95,TOUCHED,0.28,above,700.9,698.95,697.2,698.95,695.45,0.502,56.4,0.027,0,2026-09-18,2026-09-21,False,False,5.0,2026-09-21T22:04:16+05:30
FORCEMOT,17553.67,TOUCHED,-0.39,below,17485.0,17553.67,17619.33,17685.0,17553.67,0.745,56.4,0.049,0,2026-09-18,2026-09-21,False,False,5.0,2026-09-21T22:04:16+05:30
GRSE,2387.50,TOUCHED,-0.64,below,2372.2,2387.5,2395.6,2403.7,2387.5,0.676,56.4,0.067,0,2026-09-18,2026-09-21,False,False,5.0,2026-09-21T22:04:16+05:30
SAPPHIRE,232.12,TOUCHED,2.69,above,238.37,232.12,231.45,232.12,230.78,0.58,56.4,0.05,0,2026-09-18,2026-09-21,False,False,5.0,2026-09-21T22:04:16+05:30
BAJAJ-AUTO,11453.33,TOUCHED,0.06,inside,11460.0,11453.33,11453.33,11473.0,11433.67,0.343,56.7,0.028,0,2026-09-18,2026-09-21,False,False,5.0,2026-09-21T22:04:16+05:30
DEEPAKFERT,1339.33,TOUCHED,1.98,above,1365.9,1339.33,1335.47,1339.33,1331.6,0.579,56.7,0.044,0,2026-09-18,2026-09-21,False,False,5.0,2026-09-21T22:04:16+05:30
ABB,7256.67,TOUCHED,0.2,above,7271.0,7256.67,7242.83,7256.67,7229.0,0.382,57.3,0.028,0,2026-09-18,2026-09-21,False,False,5.0,2026-09-21T22:04:16+05:30
BANKINDIA,139.01,TOUCHED,-0.27,below,138.63,139.01,139.34,139.67,139.01,0.474,57.3,0.026,0,2026-09-18,2026-09-21,False,False,5.0,2026-09-21T22:04:16+05:30
GRAPHITE,824.00,TOUCHED,-1.36,below,812.8,824.0,826.28,828.57,824.0,0.553,57.5,0.024,0,2026-09-18,2026-09-21,False,False,5.0,2026-09-21T22:04:16+05:30
LAURUSLABS,1968.00,TOUCHED,2.52,above,2017.5,1968.0,1963.33,1968.0,1958.67,0.475,57.8,0.019,0,2026-09-18,2026-09-21,False,False,5.0,2026-09-21T22:04:16+05:30
PIDILITIND,1574.53,TOUCHED,-0.08,below,1573.2,1574.53,1576.97,1579.4,1574.53,0.309,58.1,0.028,0,2026-09-18,2026-09-21,False,False,5.0,2026-09-21T22:04:16+05:30
TEGA,1938.22,TOUCHED,9.84,above,2129.0,1938.22,1933.43,1938.22,1928.65,0.495,58.1,0.045,0,2026-09-18,2026-09-21,False,False,5.0,2026-09-21T22:04:16+05:30
SBFC,92.59,TOUCHED,-1.41,below,91.28,92.59,92.81,93.04,92.59,0.488,58.6,0.03,0,2026-09-18,2026-09-21,False,False,5.0,2026-09-21T22:04:16+05:30
BANKBARODA,233.93,TOUCHED,-0.13,inside,233.64,233.93,233.93,234.44,233.43,0.43,59.7,0.012,0,2026-09-18,2026-09-21,False,False,5.0,2026-09-21T22:04:16+05:30
FORTIS,892.20,TOUCHED,0.15,above,893.5,892.2,890.13,892.2,888.07,0.464,59.7,0.028,0,2026-09-18,2026-09-21,False,False,5.0,2026-09-21T22:04:16+05:30
STARHEALTH,548.32,TOUCHED,-0.99,below,542.9,548.32,549.6,550.88,548.32,0.464,59.7,0.023,0,2026-09-18,2026-09-21,False,False,5.0,2026-09-21T22:04:16+05:30
BAJAJFINSV,1855.85,TOUCHED,-0.33,below,1849.8,1855.85,1859.2,1862.55,1855.85,0.36,60.3,0.02,0,2026-09-18,2026-09-21,False,False,5.0,2026-09-21T22:04:16+05:30
BLS,228.40,TOUCHED,1.81,above,232.54,228.4,227.77,228.4,227.13,0.556,61.1,0.032,0,2026-09-18,2026-09-21,False,False,5.0,2026-09-21T22:04:16+05:30
KARURVYSYA,332.99,TOUCHED,-2.05,below,326.15,332.99,333.83,334.68,332.99,0.504,61.1,0.039,0,2026-09-18,2026-09-21,False,False,5.0,2026-09-21T22:04:16+05:30
PFC,344.07,TOUCHED,0.2,inside,344.75,344.07,344.07,344.82,343.31,0.441,61.1,0.032,0,2026-09-18,2026-09-21,False,False,5.0,2026-09-21T22:04:16+05:30
KIRLOSENG,2138.30,TOUCHED,-0.28,below,2132.4,2138.3,2145.57,2152.83,2138.3,0.677,61.4,0.035,0,2026-09-18,2026-09-21,False,False,5.0,2026-09-21T22:04:16+05:30
BERGEPAINT,455.20,TOUCHED,-1.01,below,450.6,455.2,456.35,457.5,455.2,0.504,61.9,0.013,0,2026-09-18,2026-09-21,False,False,5.0,2026-09-21T22:04:16+05:30
GRASIM,3191.85,TOUCHED,-0.81,below,3166.0,3191.85,3197.63,3203.42,3191.85,0.362,62.2,0.017,0,2026-09-18,2026-09-21,False,False,5.0,2026-09-21T22:04:16+05:30
ICICIAMC,3197.75,TOUCHED,0.31,above,3207.8,3197.75,3188.8,3197.75,3179.85,0.561,62.4,0.028,0,2026-09-18,2026-09-21,False,False,5.0,2026-09-21T22:04:16+05:30
PGEL,535.30,TOUCHED,0.23,above,536.55,535.3,533.25,535.3,531.2,0.769,62.7,0.046,0,2026-09-18,2026-09-21,False,False,5.0,2026-09-21T22:04:16+05:30
CHOLAFIN,1785.20,TOUCHED,-1.19,below,1764.0,1785.2,1790.13,1795.07,1785.2,0.551,63.0,0.041,0,2026-09-18,2026-09-21,False,False,5.0,2026-09-21T22:04:16+05:30
FLUOROCHEM,4563.53,TOUCHED,-0.08,inside,4560.0,4563.53,4563.53,4575.12,4551.95,0.508,63.0,0.022,0,2026-09-18,2026-09-21,False,False,5.0,2026-09-21T22:04:16+05:30
GPIL,235.86,TOUCHED,0.4,above,236.8,235.86,235.06,235.86,234.27,0.678,63.0,0.029,0,2026-09-18,2026-09-21,False,False,5.0,2026-09-21T22:04:16+05:30
HAL,4823.43,TOUCHED,0.05,inside,4826.0,4823.43,4823.43,4835.0,4811.87,0.48,63.0,0.035,0,2026-09-18,2026-09-21,False,False,5.0,2026-09-21T22:04:16+05:30
SWANCORP,294.02,TOUCHED,2.78,above,302.2,294.02,293.08,294.02,292.15,0.637,64.1,0.032,0,2026-09-18,2026-09-21,False,False,5.0,2026-09-21T22:04:16+05:30
LUPIN,2094.85,TOUCHED,1.42,above,2124.5,2094.85,2090.9,2094.85,2086.95,0.378,64.7,0.024,0,2026-09-18,2026-09-21,False,False,5.0,2026-09-21T22:04:16+05:30
TATASTEEL,185.94,TOUCHED,-1.37,below,183.4,185.94,186.35,186.75,185.94,0.433,64.7,0.021,0,2026-09-18,2026-09-21,False,False,5.0,2026-09-21T22:04:16+05:30
ZFCVINDIA,2393.40,TOUCHED,-1.29,below,2362.6,2393.4,2399.8,2406.2,2393.4,0.533,64.7,0.036,0,2026-09-18,2026-09-21,False,False,5.0,2026-09-21T22:04:16+05:30
NTPCGREEN,88.34,TOUCHED,3.3,above,91.26,88.34,88.14,88.34,87.93,0.469,64.9,0.013,0,2026-09-18,2026-09-21,False,False,5.0,2026-09-21T22:04:16+05:30
HEROMOTOCO,5324.00,TOUCHED,1.78,above,5419.0,5324.0,5311.17,5324.0,5298.33,0.483,65.5,0.019,0,2026-09-18,2026-09-21,False,False,5.0,2026-09-21T22:04:16+05:30
CUMMINSIND,5072.83,TOUCHED,-0.11,inside,5067.0,5072.83,5072.83,5086.17,5059.5,0.526,65.8,0.018,0,2026-09-18,2026-09-21,False,False,5.0,2026-09-21T22:04:16+05:30
IRCON,108.88,TOUCHED,-0.02,below,108.85,108.88,109.2,109.52,108.88,0.595,65.8,0.043,0,2026-09-18,2026-09-21,False,False,5.0,2026-09-21T22:04:16+05:30
NUVOCO,327.66,TOUCHED,0.88,above,330.55,327.66,326.72,327.66,325.77,0.576,66.0,0.037,0,2026-09-18,2026-09-21,False,False,5.0,2026-09-21T22:04:16+05:30
RAILTEL,262.60,TOUCHED,-0.89,below,260.25,262.6,263.4,264.2,262.6,0.607,66.6,0.041,0,2026-09-18,2026-09-21,False,False,5.0,2026-09-21T22:04:16+05:30
AWL,185.52,TOUCHED,-1.06,below,183.56,185.52,186.01,186.49,185.52,0.523,67.1,0.046,0,2026-09-18,2026-09-21,False,False,5.0,2026-09-21T22:04:16+05:30
SONATSOFTW,277.12,TOUCHED,0.6,above,278.8,277.12,276.08,277.12,275.04,0.755,67.1,0.026,0,2026-09-18,2026-09-21,False,False,5.0,2026-09-21T22:04:16+05:30
USHAMART,505.63,TOUCHED,5.59,above,533.9,505.63,504.07,505.63,502.5,0.622,67.1,0.031,0,2026-09-18,2026-09-21,False,False,5.0,2026-09-21T22:04:16+05:30
M&M,3059.70,TOUCHED,-0.14,below,3055.3,3059.7,3067.4,3075.1,3059.7,0.502,67.4,0.026,0,2026-09-18,2026-09-21,False,False,5.0,2026-09-21T22:04:16+05:30
IIFL,606.38,TOUCHED,0.28,above,608.1,606.38,604.32,606.38,602.26,0.681,67.7,0.026,0,2026-09-18,2026-09-21,False,False,5.0,2026-09-21T22:04:16+05:30
SBIN,994.35,TOUCHED,0.17,above,996.0,994.35,992.5,994.35,990.65,0.373,67.7,0.011,0,2026-09-18,2026-09-21,False,False,5.0,2026-09-21T22:04:16+05:30
IDFCFIRSTB,86.13,TOUCHED,-0.38,below,85.8,86.13,86.34,86.54,86.13,0.483,68.2,0.035,0,2026-09-18,2026-09-21,False,False,5.0,2026-09-21T22:04:16+05:30
CYIENT,1063.55,TOUCHED,-0.26,below,1060.8,1063.55,1066.8,1070.05,1063.55,0.609,68.5,0.026,0,2026-09-18,2026-09-21,False,False,5.0,2026-09-21T22:04:16+05:30
HONAUT,35185.00,TOUCHED,-1.42,below,34685.0,35185.0,35271.67,35358.33,35185.0,0.491,68.8,0.027,0,2026-09-18,2026-09-21,False,False,5.0,2026-09-21T22:04:16+05:30
MOTILALOFS,999.35,TOUCHED,-0.44,below,995.0,999.35,1002.9,1006.45,999.35,0.708,69.0,0.045,0,2026-09-18,2026-09-21,False,False,5.0,2026-09-21T22:04:16+05:30
MUTHOOTFIN,2833.45,TOUCHED,0.73,above,2854.2,2833.45,2825.8,2833.45,2818.15,0.541,69.0,0.04,0,2026-09-18,2026-09-21,False,False,5.0,2026-09-21T22:04:16+05:30
TRENT,2808.03,TOUCHED,0.27,inside,2815.5,2808.03,2808.03,2816.02,2800.05,0.569,69.0,0.044,0,2026-09-18,2026-09-21,False,False,5.0,2026-09-21T22:04:16+05:30
CGCL,268.77,TOUCHED,0.03,inside,268.85,268.77,268.77,269.71,267.82,0.701,69.6,0.053,0,2026-09-18,2026-09-21,False,False,5.0,2026-09-21T22:04:16+05:30
REDINGTON,401.48,TOUCHED,-2.35,below,392.05,401.48,403.1,404.73,401.48,0.806,69.6,0.038,0,2026-09-18,2026-09-21,False,False,5.0,2026-09-21T22:04:16+05:30
RKFORGE,716.73,TOUCHED,-0.03,below,716.5,716.73,719.18,721.64,716.73,0.684,69.6,0.048,0,2026-09-18,2026-09-21,False,False,5.0,2026-09-21T22:04:16+05:30
NBCC,83.02,TOUCHED,0.15,inside,83.15,83.02,83.02,83.33,82.71,0.751,69.9,0.044,0,2026-09-18,2026-09-21,False,False,5.0,2026-09-21T22:04:16+05:30
ANURAS,1199.05,TOUCHED,-3.19,below,1160.8,1199.05,1201.93,1204.82,1199.05,0.48,70.1,0.024,0,2026-09-18,2026-09-21,False,False,5.0,2026-09-21T22:04:16+05:30
LEMONTREE,105.83,TOUCHED,0.15,inside,105.99,105.83,105.83,106.15,105.51,0.605,70.1,0.023,0,2026-09-18,2026-09-21,False,False,5.0,2026-09-21T22:04:16+05:30
NSLNISP,42.32,TOUCHED,0.28,inside,42.44,42.32,42.32,42.46,42.19,0.654,70.1,0.033,0,2026-09-18,2026-09-21,False,False,5.0,2026-09-21T22:04:16+05:30
NLCINDIA,267.02,TOUCHED,-0.14,inside,266.65,267.02,267.02,267.91,266.12,0.668,70.4,0.048,0,2026-09-18,2026-09-21,False,False,5.0,2026-09-21T22:04:16+05:30
BPCL,312.15,TOUCHED,0.19,inside,312.75,312.15,312.15,313.08,311.23,0.593,70.7,0.021,0,2026-09-18,2026-09-21,False,False,5.0,2026-09-21T22:04:16+05:30
SJVN,64.12,TOUCHED,-1.2,below,63.35,64.12,64.29,64.47,64.12,0.534,70.7,0.027,0,2026-09-18,2026-09-21,False,False,5.0,2026-09-21T22:04:16+05:30
ELGIEQUIP,607.47,TOUCHED,0.78,above,612.2,607.47,605.38,607.47,603.3,0.688,71.0,0.049,0,2026-09-18,2026-09-21,False,False,5.0,2026-09-21T22:04:16+05:30
BEL,396.25,TOUCHED,0.57,above,398.5,396.25,395.27,396.25,394.28,0.498,71.2,0.024,0,2026-09-18,2026-09-21,False,False,5.0,2026-09-21T22:04:16+05:30
KIMS,801.50,TOUCHED,-1.58,below,788.85,801.5,804.28,807.07,801.5,0.692,71.2,0.032,0,2026-09-18,2026-09-21,False,False,5.0,2026-09-21T22:04:16+05:30
DEEPAKNTR,1590.98,TOUCHED,-0.29,below,1586.3,1590.98,1595.67,1600.35,1590.98,0.587,71.8,0.029,0,2026-09-18,2026-09-21,False,False,5.0,2026-09-21T22:04:16+05:30
ICICIPRULI,493.43,TOUCHED,-0.09,below,493.0,493.43,494.85,496.28,493.43,0.576,72.1,0.021,0,2026-09-18,2026-09-21,False,False,5.0,2026-09-21T22:04:16+05:30
IGIL,327.43,TOUCHED,-1.11,below,323.8,327.43,328.6,329.78,327.43,0.715,72.1,0.026,0,2026-09-18,2026-09-21,False,False,5.0,2026-09-21T22:04:16+05:30
FEDERALBNK,331.97,TOUCHED,0.01,above,332.0,331.97,331.18,331.97,330.4,0.473,72.3,0.027,0,2026-09-18,2026-09-21,False,False,5.0,2026-09-21T22:04:16+05:30
HUDCO,173.71,TOUCHED,-0.28,inside,173.23,173.71,173.71,174.31,173.11,0.697,72.6,0.035,0,2026-09-18,2026-09-21,False,False,5.0,2026-09-21T22:04:16+05:30
INDUSTOWER,378.10,TOUCHED,-0.12,inside,377.65,378.1,378.1,379.2,377.0,0.582,72.6,0.03,0,2026-09-18,2026-09-21,False,False,5.0,2026-09-21T22:04:16+05:30
LGEINDIA,1682.90,TOUCHED,-1.58,below,1656.3,1682.9,1687.57,1692.23,1682.9,0.553,72.8,0.011,0,2026-09-18,2026-09-21,False,False,5.0,2026-09-21T22:04:16+05:30
PREMIERENE,898.68,TOUCHED,2.36,above,919.9,898.68,895.37,898.68,892.05,0.741,73.4,0.031,0,2026-09-18,2026-09-21,False,False,5.0,2026-09-21T22:04:16+05:30
SWIGGY,274.21,TOUCHED,-0.55,below,272.7,274.21,275.37,276.52,274.21,0.841,73.4,0.045,0,2026-09-18,2026-09-21,False,False,5.0,2026-09-21T22:04:16+05:30
ULTRACEMCO,10989.17,TOUCHED,1.01,above,11100.0,10989.17,10964.33,10989.17,10939.5,0.453,73.4,0.026,0,2026-09-18,2026-09-21,False,False,5.0,2026-09-21T22:04:16+05:30
AXISBANK,1251.50,TOUCHED,-0.12,inside,1250.0,1251.5,1251.5,1254.25,1248.75,0.439,74.0,0.024,0,2026-09-18,2026-09-21,False,False,5.0,2026-09-21T22:04:16+05:30
LINDEINDIA,6222.00,TOUCHED,0.88,above,6276.5,6222.0,6202.5,6222.0,6183.0,0.629,74.2,0.024,0,2026-09-18,2026-09-21,False,False,5.0,2026-09-21T22:04:16+05:30
TMCV,441.13,TOUCHED,0.76,above,444.5,441.13,439.37,441.13,437.6,0.804,75.0,0.024,0,2026-09-18,2026-09-21,False,False,5.0,2026-09-21T22:04:16+05:30
CHALET,859.82,TOUCHED,0.03,inside,860.05,859.82,859.82,862.73,856.9,0.678,75.6,0.027,0,2026-09-18,2026-09-21,False,False,5.0,2026-09-21T22:04:16+05:30
EXIDEIND,433.30,TOUCHED,0.28,inside,434.5,433.3,433.3,434.58,432.03,0.589,75.6,0.027,0,2026-09-18,2026-09-21,False,False,5.0,2026-09-21T22:04:16+05:30
IGL,149.02,TOUCHED,-0.12,below,148.85,149.02,149.48,149.94,149.02,0.618,75.9,0.046,0,2026-09-18,2026-09-21,False,False,5.0,2026-09-21T22:04:16+05:30
JINDALSTEL,1129.85,TOUCHED,0.07,above,1130.6,1129.85,1126.4,1129.85,1122.95,0.613,76.2,0.036,0,2026-09-18,2026-09-21,False,False,5.0,2026-09-21T22:04:16+05:30
TORNTPHARM,4877.50,TOUCHED,1.9,above,4970.0,4877.5,4865.0,4877.5,4852.5,0.514,76.2,0.023,0,2026-09-18,2026-09-21,False,False,5.0,2026-09-21T22:04:16+05:30
APOLLOTYRE,410.64,TOUCHED,-0.33,below,409.3,410.64,411.98,413.32,410.64,0.651,76.7,0.038,0,2026-09-18,2026-09-21,False,False,5.0,2026-09-21T22:04:16+05:30
NAM-INDIA,1145.07,TOUCHED,0.14,inside,1146.7,1145.07,1145.07,1150.03,1140.1,0.867,76.7,0.031,0,2026-09-18,2026-09-21,False,False,5.0,2026-09-21T22:04:16+05:30
POLYCAB,8345.00,TOUCHED,0.29,inside,8369.5,8345.0,8345.0,8372.5,8317.5,0.659,77.0,0.032,0,2026-09-18,2026-09-21,False,False,5.0,2026-09-21T22:04:16+05:30
IKS,1772.68,TOUCHED,0.57,above,1782.8,1772.68,1765.47,1772.68,1758.25,0.818,77.5,0.021,0,2026-09-18,2026-09-21,False,False,5.0,2026-09-21T22:04:16+05:30
JMFINANCIL,125.73,TOUCHED,0.42,above,126.26,125.73,125.16,125.73,124.6,0.908,77.5,0.052,0,2026-09-18,2026-09-21,False,False,5.0,2026-09-21T22:04:16+05:30
KPIL,1434.83,TOUCHED,0.3,inside,1439.1,1434.83,1434.83,1440.17,1429.5,0.743,77.5,0.043,0,2026-09-18,2026-09-21,False,False,5.0,2026-09-21T22:04:16+05:30
PNBHOUSING,1128.95,TOUCHED,1.08,above,1141.1,1128.95,1124.8,1128.95,1120.65,0.738,77.5,0.027,0,2026-09-18,2026-09-21,False,False,5.0,2026-09-21T22:04:16+05:30
ASTRAL,1412.60,TOUCHED,-0.83,below,1400.9,1412.6,1417.63,1422.67,1412.6,0.71,77.8,0.034,0,2026-09-18,2026-09-21,False,False,5.0,2026-09-21T22:04:16+05:30
CPPLUS,3410.50,TOUCHED,2.11,above,3482.3,3410.5,3392.03,3410.5,3373.57,1.089,78.0,0.031,0,2026-09-18,2026-09-21,False,False,5.0,2026-09-21T22:04:16+05:30
PRESTIGE,1453.35,TOUCHED,1.42,above,1474.0,1453.35,1447.27,1453.35,1441.18,0.841,78.1,0.047,0,2026-09-18,2026-09-21,False,False,5.0,2026-09-21T22:04:16+05:30
DMART,3739.23,TOUCHED,1.64,above,3800.4,3739.23,3728.57,3739.23,3717.9,0.572,78.4,0.028,0,2026-09-18,2026-09-21,False,False,5.0,2026-09-21T22:04:16+05:30
TATAINVEST,695.20,TOUCHED,-2.11,below,680.5,695.2,697.58,699.97,695.2,0.683,78.4,0.023,0,2026-09-18,2026-09-21,False,False,5.0,2026-09-21T22:04:16+05:30
IOC,136.20,TOUCHED,0.24,inside,136.53,136.2,136.2,136.6,135.8,0.587,78.9,0.02,0,2026-09-18,2026-09-21,False,False,5.0,2026-09-21T22:04:16+05:30
LODHA,1134.03,TOUCHED,0.35,inside,1138.0,1134.03,1134.03,1139.37,1128.7,0.941,78.9,0.035,0,2026-09-18,2026-09-21,False,False,5.0,2026-09-21T22:04:16+05:30
RRKABEL,2419.80,TOUCHED,-0.33,below,2411.7,2419.8,2430.13,2440.47,2419.8,0.85,78.9,0.045,0,2026-09-18,2026-09-21,False,False,5.0,2026-09-21T22:04:16+05:30
IDEA,14.00,TOUCHED,-1.11,below,13.84,14.0,14.07,14.14,14.0,1.066,79.2,0.044,0,2026-09-18,2026-09-21,False,False,5.0,2026-09-21T22:04:16+05:30
GLENMARK,2438.97,TOUCHED,0.45,above,2450.0,2438.97,2430.53,2438.97,2422.1,0.694,79.5,0.035,0,2026-09-18,2026-09-21,False,False,5.0,2026-09-21T22:04:16+05:30
HSCL,672.39,TOUCHED,0.6,above,676.45,672.39,669.43,672.39,666.47,0.884,79.5,0.031,0,2026-09-18,2026-09-21,False,False,5.0,2026-09-21T22:04:16+05:30
TRITURBINE,561.17,TOUCHED,-0.98,below,555.65,561.17,563.38,565.59,561.17,0.784,79.5,0.022,0,2026-09-18,2026-09-21,False,False,5.0,2026-09-21T22:04:16+05:30
CHOICEIN,761.59,TOUCHED,2.69,above,782.05,761.59,759.33,761.59,757.08,0.595,79.7,0.024,0,2026-09-18,2026-09-21,False,False,5.0,2026-09-21T22:04:16+05:30
TBOTEK,1702.47,TOUCHED,0.14,above,1704.9,1702.47,1694.33,1702.47,1686.2,0.96,79.7,0.038,0,2026-09-18,2026-09-21,False,False,5.0,2026-09-21T22:04:16+05:30
CAMS,710.64,TOUCHED,-0.96,below,703.85,710.64,713.23,715.82,710.64,0.727,80.3,0.04,0,2026-09-18,2026-09-21,False,False,5.0,2026-09-21T22:04:16+05:30
BLUESTARCO,1551.65,TOUCHED,0.86,above,1565.0,1551.65,1545.03,1551.65,1538.42,0.857,80.5,0.05,0,2026-09-18,2026-09-21,False,False,5.0,2026-09-21T22:04:16+05:30
IEX,114.23,TOUCHED,-0.36,below,113.82,114.23,114.64,115.05,114.23,0.715,80.8,0.028,0,2026-09-18,2026-09-21,False,False,5.0,2026-09-21T22:04:16+05:30
VMM,101.84,TOUCHED,-0.19,inside,101.65,101.84,101.84,102.25,101.44,0.792,80.8,0.032,0,2026-09-18,2026-09-21,False,False,5.0,2026-09-21T22:04:16+05:30
KEI,4610.67,TOUCHED,-0.32,inside,4596.0,4610.67,4610.67,4630.33,4591.0,0.853,81.1,0.025,0,2026-09-18,2026-09-21,False,False,5.0,2026-09-21T22:04:16+05:30
NESTLEIND,1368.73,TOUCHED,1.19,above,1385.0,1368.73,1365.07,1368.73,1361.4,0.537,81.1,0.033,0,2026-09-18,2026-09-21,False,False,5.0,2026-09-21T22:04:16+05:30
HINDUNILVR,1945.80,TOUCHED,0.06,above,1947.0,1945.8,1941.2,1945.8,1936.6,0.474,81.4,0.015,0,2026-09-18,2026-09-21,False,False,5.0,2026-09-21T22:04:16+05:30
WAAREEENER,2523.40,TOUCHED,-0.97,below,2499.0,2523.4,2535.83,2548.27,2523.4,0.981,81.4,0.043,0,2026-09-18,2026-09-21,False,False,5.0,2026-09-21T22:04:16+05:30
ITCHOTELS,156.95,TOUCHED,-0.69,below,155.86,156.95,157.57,158.18,156.95,0.783,82.2,0.04,0,2026-09-18,2026-09-21,False,False,5.0,2026-09-21T22:04:16+05:30
LTM,4259.23,TOUCHED,0.49,above,4280.0,4259.23,4243.37,4259.23,4227.5,0.748,82.5,0.032,0,2026-09-18,2026-09-21,False,False,5.0,2026-09-21T22:04:16+05:30
PHOENIXLTD,1900.55,TOUCHED,1.5,above,1929.0,1900.55,1893.0,1900.55,1885.45,0.798,82.5,0.045,0,2026-09-18,2026-09-21,False,False,5.0,2026-09-21T22:04:16+05:30
ACUTAAS,3420.95,TOUCHED,0.14,above,3425.7,3420.95,3401.6,3420.95,3382.25,1.138,82.7,0.036,0,2026-09-18,2026-09-21,False,False,5.0,2026-09-21T22:04:16+05:30
DRREDDY,1194.80,TOUCHED,0.29,above,1198.3,1194.8,1191.53,1194.8,1188.27,0.548,83.0,0.017,0,2026-09-18,2026-09-21,False,False,5.0,2026-09-21T22:04:16+05:30
HINDPETRO,357.58,TOUCHED,0.0,above,357.6,357.58,356.17,357.58,354.75,0.796,83.0,0.033,0,2026-09-18,2026-09-21,False,False,5.0,2026-09-21T22:04:16+05:30
BAJFINANCE,1029.70,TOUCHED,-0.82,below,1021.3,1029.7,1033.23,1036.77,1029.7,0.684,83.6,0.029,0,2026-09-18,2026-09-21,False,False,5.0,2026-09-21T22:04:16+05:30
RELIANCE,1236.85,TOUCHED,0.85,above,1247.4,1236.85,1233.37,1236.85,1229.88,0.565,83.8,0.025,0,2026-09-18,2026-09-21,False,False,5.0,2026-09-21T22:04:16+05:30
ENRIN,3212.00,TOUCHED,0.08,above,3214.7,3212.0,3196.0,3212.0,3180.0,1.001,84.1,0.025,0,2026-09-18,2026-09-21,False,False,5.0,2026-09-21T22:04:16+05:30
IRB,18.55,TOUCHED,-2.42,below,18.1,18.55,18.62,18.68,18.55,0.734,84.1,0.038,0,2026-09-18,2026-09-21,False,False,5.0,2026-09-21T22:04:16+05:30
APOLLOHOSP,8895.67,TOUCHED,0.18,inside,8912.0,8895.67,8895.67,8920.08,8871.25,0.549,84.4,0.014,0,2026-09-18,2026-09-21,False,False,5.0,2026-09-21T22:04:16+05:30
CENTRALBK,31.51,TOUCHED,-0.07,inside,31.49,31.51,31.51,31.62,31.41,0.688,84.4,0.029,0,2026-09-18,2026-09-21,False,False,5.0,2026-09-21T22:04:16+05:30
DIXON,13183.85,TOUCHED,1.26,above,13350.0,13183.85,13120.9,13183.85,13057.95,0.96,84.4,0.056,0,2026-09-18,2026-09-21,False,False,5.0,2026-09-21T22:04:16+05:30
BHEL,433.57,TOUCHED,-0.04,below,433.4,433.57,435.68,437.79,433.57,0.968,84.7,0.042,0,2026-09-18,2026-09-21,False,False,5.0,2026-09-21T22:04:16+05:30
TECHNOE,1014.30,TOUCHED,-0.2,below,1012.25,1014.3,1019.68,1025.07,1014.3,1.056,84.7,0.042,0,2026-09-18,2026-09-21,False,False,5.0,2026-09-21T22:04:16+05:30
AFCONS,260.10,TOUCHED,-1.29,below,256.75,260.1,261.2,262.3,260.1,0.842,84.9,0.024,0,2026-09-18,2026-09-21,False,False,5.0,2026-09-21T22:04:16+05:30
AUBANK,1045.95,TOUCHED,-0.76,below,1038.0,1045.95,1050.17,1054.38,1045.95,0.803,85.2,0.016,0,2026-09-18,2026-09-21,False,False,5.0,2026-09-21T22:04:16+05:30
GICRE,346.90,TOUCHED,-0.2,below,346.2,346.9,348.27,349.63,346.9,0.785,85.2,0.031,0,2026-09-18,2026-09-21,False,False,5.0,2026-09-21T22:04:16+05:30
INDIACEM,346.32,TOUCHED,-0.38,below,345.0,346.32,347.85,349.38,346.32,0.877,85.2,0.031,0,2026-09-18,2026-09-21,False,False,5.0,2026-09-21T22:04:16+05:30
LTF,308.40,TOUCHED,-0.19,below,307.8,308.4,309.87,311.33,308.4,0.947,85.2,0.028,0,2026-09-18,2026-09-21,False,False,5.0,2026-09-21T22:04:16+05:30
AARTIIND,489.05,TOUCHED,2.2,above,499.8,489.05,486.95,489.05,484.85,0.863,85.5,0.03,0,2026-09-18,2026-09-21,False,False,5.0,2026-09-21T22:04:16+05:30
ICICIGI,1472.45,TOUCHED,2.49,above,1509.1,1472.45,1467.67,1472.45,1462.88,0.652,85.5,0.021,0,2026-09-18,2026-09-21,False,False,5.0,2026-09-21T22:04:16+05:30
KOTAKBANK,414.73,TOUCHED,0.02,inside,414.8,414.73,414.73,415.85,413.62,0.538,85.5,0.022,0,2026-09-18,2026-09-21,False,False,5.0,2026-09-21T22:04:16+05:30
ICICIBANK,1345.87,TOUCHED,-0.06,inside,1345.0,1345.87,1345.87,1349.35,1342.38,0.518,86.0,0.024,0,2026-09-18,2026-09-21,False,False,5.0,2026-09-21T22:04:16+05:30
VTL,569.35,TOUCHED,-2.67,below,554.15,569.35,572.25,575.15,569.35,1.014,86.0,0.029,0,2026-09-18,2026-09-21,False,False,5.0,2026-09-21T22:04:16+05:30
ASHOKLEY,161.54,TOUCHED,0.13,inside,161.75,161.54,161.54,162.27,160.81,0.902,86.3,0.022,0,2026-09-18,2026-09-21,False,False,5.0,2026-09-21T22:04:16+05:30
POLICYBZR,1770.50,TOUCHED,1.27,above,1793.0,1770.5,1761.33,1770.5,1752.17,1.041,86.3,0.037,0,2026-09-18,2026-09-21,False,False,5.0,2026-09-21T22:04:16+05:30
SOLARINDS,18817.50,TOUCHED,2.38,above,19265.0,18817.5,18730.0,18817.5,18642.5,0.934,86.3,0.057,0,2026-09-18,2026-09-21,False,False,5.0,2026-09-21T22:04:16+05:30
CIPLA,1386.90,TOUCHED,-0.06,inside,1386.1,1386.9,1386.9,1390.7,1383.1,0.548,86.6,0.023,0,2026-09-18,2026-09-21,False,False,5.0,2026-09-21T22:04:16+05:30
GODFRYPHLP,1980.85,TOUCHED,-0.04,below,1980.0,1980.85,1993.23,2005.62,1980.85,1.243,86.6,0.041,0,2026-09-18,2026-09-21,False,False,5.0,2026-09-21T22:04:16+05:30
COROMANDEL,1969.70,TOUCHED,-1.47,below,1940.8,1969.7,1979.63,1989.57,1969.7,1.004,86.8,0.033,0,2026-09-18,2026-09-21,False,False,5.0,2026-09-21T22:04:16+05:30
MANAPPURAM,316.35,TOUCHED,-0.4,inside,315.1,316.35,316.35,317.75,314.95,0.885,86.8,0.032,0,2026-09-18,2026-09-21,False,False,5.0,2026-09-21T22:04:16+05:30
EMAMILTD,373.30,TOUCHED,1.96,above,380.6,373.3,371.68,373.3,370.07,0.87,87.1,0.025,0,2026-09-18,2026-09-21,False,False,5.0,2026-09-21T22:04:16+05:30
MAZDOCK,2242.55,TOUCHED,-0.47,below,2232.0,2242.55,2255.03,2267.52,2242.55,1.107,87.1,0.042,0,2026-09-18,2026-09-21,False,False,5.0,2026-09-21T22:04:16+05:30
SRF,2531.30,TOUCHED,0.34,inside,2540.0,2531.3,2531.3,2540.95,2521.65,0.762,87.1,0.028,0,2026-09-18,2026-09-21,False,False,5.0,2026-09-21T22:04:16+05:30
JSWDULUX,3160.60,TOUCHED,-0.03,inside,3159.5,3160.6,3160.6,3174.7,3146.5,0.892,87.4,0.02,0,2026-09-18,2026-09-21,False,False,5.0,2026-09-21T22:04:16+05:30
UBL,1238.95,TOUCHED,-0.9,below,1227.8,1238.95,1243.13,1247.32,1238.95,0.673,87.4,0.026,0,2026-09-18,2026-09-21,False,False,5.0,2026-09-21T22:04:16+05:30
INOXWIND,76.38,TOUCHED,1.46,above,77.5,76.38,75.96,76.38,75.55,1.101,87.9,0.041,0,2026-09-18,2026-09-21,False,False,5.0,2026-09-21T22:04:16+05:30
JSL,747.21,TOUCHED,0.57,above,751.45,747.21,743.47,747.21,739.73,1.007,87.9,0.043,0,2026-09-18,2026-09-21,False,False,5.0,2026-09-21T22:04:16+05:30
NAUKRI,1267.60,TOUCHED,2.27,above,1296.4,1267.6,1262.13,1267.6,1256.67,0.866,87.9,0.023,0,2026-09-18,2026-09-21,False,False,5.0,2026-09-21T22:04:16+05:30
POWERINDIA,32075.00,TOUCHED,-0.64,below,31870.0,32075.0,32283.33,32491.67,32075.0,1.291,87.9,0.057,0,2026-09-18,2026-09-21,False,False,5.0,2026-09-21T22:04:16+05:30
SONACOMS,796.10,TOUCHED,-0.11,below,795.25,796.1,800.07,804.03,796.1,0.992,87.9,0.03,0,2026-09-18,2026-09-21,False,False,5.0,2026-09-21T22:04:16+05:30
NHPC,76.02,TOUCHED,-0.29,below,75.8,76.02,76.33,76.64,76.02,0.812,88.2,0.031,0,2026-09-18,2026-09-21,False,False,5.0,2026-09-21T22:04:16+05:30
AEGISVOPAK,312.91,TOUCHED,1.72,above,318.3,312.91,310.87,312.91,308.82,1.314,88.7,0.029,0,2026-09-18,2026-09-21,False,False,5.0,2026-09-21T22:04:16+05:30
ITC,264.45,TOUCHED,0.96,above,267.0,264.45,263.73,264.45,263.02,0.543,89.0,0.02,0,2026-09-18,2026-09-21,False,False,5.0,2026-09-21T22:04:16+05:30
MAHABANK,82.33,TOUCHED,-0.16,below,82.2,82.33,82.74,83.14,82.33,0.971,89.0,0.042,0,2026-09-18,2026-09-21,False,False,5.0,2026-09-21T22:04:16+05:30
NAVINFLUOR,8501.33,TOUCHED,-0.17,inside,8486.5,8501.33,8501.33,8545.67,8457.0,1.043,89.0,0.043,0,2026-09-18,2026-09-21,False,False,5.0,2026-09-21T22:04:16+05:30
VOLTAS,1128.10,TOUCHED,1.24,above,1142.1,1128.1,1122.37,1128.1,1116.63,1.022,89.3,0.037,0,2026-09-18,2026-09-21,False,False,5.0,2026-09-21T22:04:16+05:30
AFFLE,1595.42,TOUCHED,0.3,above,1600.2,1595.42,1587.33,1595.42,1579.25,1.018,89.6,0.034,0,2026-09-18,2026-09-21,False,False,5.0,2026-09-21T22:04:16+05:30
BDL,1181.01,TOUCHED,-0.51,inside,1175.0,1181.01,1181.01,1188.6,1173.41,1.287,90.1,0.053,0,2026-09-18,2026-09-21,False,False,5.0,2026-09-21T22:04:16+05:30
BEML,2106.80,TOUCHED,-0.42,inside,2097.9,2106.8,2106.8,2120.9,2092.7,1.339,90.1,0.025,0,2026-09-18,2026-09-21,False,False,5.0,2026-09-21T22:04:16+05:30
BHARTIHEXA,1525.60,TOUCHED,-0.24,inside,1522.0,1525.6,1525.6,1532.85,1518.35,0.95,90.1,0.037,0,2026-09-18,2026-09-21,False,False,5.0,2026-09-21T22:04:16+05:30
LALPATHLAB,1913.77,TOUCHED,0.35,inside,1920.4,1913.77,1913.77,1922.2,1905.33,0.881,90.1,0.043,0,2026-09-18,2026-09-21,False,False,5.0,2026-09-21T22:04:16+05:30
NATIONALUM,352.62,TOUCHED,-0.03,below,352.5,352.62,354.73,356.85,352.62,1.193,90.1,0.041,0,2026-09-18,2026-09-21,False,False,5.0,2026-09-21T22:04:16+05:30
OFSS,11705.50,TOUCHED,-6.79,below,10911.0,11705.5,11769.0,11832.5,11705.5,1.079,90.1,0.027,0,2026-09-18,2026-09-21,False,False,5.0,2026-09-21T22:04:16+05:30
TATACONSUM,1003.57,TOUCHED,-0.3,inside,1000.6,1003.57,1003.57,1007.35,999.78,0.754,90.1,0.027,0,2026-09-18,2026-09-21,False,False,5.0,2026-09-21T22:04:16+05:30
JSWENERGY,517.50,TOUCHED,-0.1,below,517.0,517.5,520.33,523.17,517.5,1.089,90.4,0.024,0,2026-09-18,2026-09-21,False,False,5.0,2026-09-21T22:04:16+05:30
YESBANK,23.05,TOUCHED,0.52,above,23.17,23.05,22.94,23.05,22.83,0.959,90.4,0.04,0,2026-09-18,2026-09-21,False,False,5.0,2026-09-21T22:04:16+05:30
IRFC,80.41,TOUCHED,-0.24,below,80.22,80.41,80.77,81.14,80.41,0.9,90.7,0.024,0,2026-09-18,2026-09-21,False,False,5.0,2026-09-21T22:04:16+05:30
JUBLPHARMA,1054.50,TOUCHED,-0.5,inside,1049.25,1054.5,1054.5,1059.95,1049.05,1.034,90.7,0.019,0,2026-09-18,2026-09-21,False,False,5.0,2026-09-21T22:04:16+05:30
ADANIENT,2988.20,TOUCHED,-0.44,inside,2975.0,2988.2,2988.2,3004.1,2972.3,1.064,91.0,0.026,0,2026-09-18,2026-09-21,False,False,5.0,2026-09-21T22:04:16+05:30
CDSL,1368.25,TOUCHED,-0.53,below,1361.0,1368.25,1375.5,1382.75,1368.25,1.054,91.0,0.034,0,2026-09-18,2026-09-21,False,False,5.0,2026-09-21T22:04:16+05:30
WIPRO,165.10,TOUCHED,-0.33,below,164.55,165.1,165.68,166.25,165.1,0.696,91.2,0.013,0,2026-09-18,2026-09-21,False,False,5.0,2026-09-21T22:04:16+05:30
HINDZINC,590.10,TOUCHED,0.29,inside,591.8,590.1,590.1,593.05,587.15,1.0,91.5,0.041,0,2026-09-18,2026-09-21,False,False,5.0,2026-09-21T22:04:16+05:30
BAJAJHFL,84.58,TOUCHED,-0.71,below,83.98,84.58,84.91,85.25,84.58,0.785,91.8,0.024,0,2026-09-18,2026-09-21,False,False,5.0,2026-09-21T22:04:16+05:30
KPRMILL,1120.40,TOUCHED,-0.1,below,1119.3,1120.4,1127.4,1134.4,1120.4,1.242,91.8,0.054,0,2026-09-18,2026-09-21,False,False,5.0,2026-09-21T22:04:16+05:30
PIIND,2334.65,TOUCHED,-0.55,below,2321.8,2334.65,2345.37,2356.08,2334.65,0.914,91.8,0.017,0,2026-09-18,2026-09-21,False,False,5.0,2026-09-21T22:04:16+05:30
RADICO,4483.93,TOUCHED,-0.09,inside,4480.0,4483.93,4483.93,4509.67,4458.2,1.148,91.8,0.023,0,2026-09-18,2026-09-21,False,False,5.0,2026-09-21T22:04:16+05:30
ABSLAMC,1067.15,TOUCHED,-3.08,below,1034.3,1067.15,1073.9,1080.65,1067.15,1.257,92.1,0.033,0,2026-09-18,2026-09-21,False,False,5.0,2026-09-21T22:04:16+05:30
HDFCLIFE,557.95,TOUCHED,0.26,above,559.4,557.95,555.62,557.95,553.28,0.84,92.1,0.02,0,2026-09-18,2026-09-21,False,False,5.0,2026-09-21T22:04:16+05:30
NH,1899.50,TOUCHED,-0.14,below,1896.9,1899.5,1909.17,1918.83,1899.5,1.013,92.1,0.034,0,2026-09-18,2026-09-21,False,False,5.0,2026-09-21T22:04:16+05:30
SBILIFE,1750.50,TOUCHED,0.31,above,1756.0,1750.5,1744.0,1750.5,1737.5,0.745,92.1,0.015,0,2026-09-18,2026-09-21,False,False,5.0,2026-09-21T22:04:16+05:30
APARINDS,18709.50,TOUCHED,1.26,above,18945.0,18709.5,18561.0,18709.5,18412.5,1.6,92.3,0.054,0,2026-09-18,2026-09-21,False,False,5.0,2026-09-21T22:04:16+05:30
NYKAA,330.57,TOUCHED,1.64,above,336.0,330.57,329.0,330.57,327.43,0.957,92.3,0.028,0,2026-09-18,2026-09-21,False,False,5.0,2026-09-21T22:04:16+05:30
BALKRISIND,2231.00,TOUCHED,-0.64,below,2216.8,2231.0,2242.43,2253.87,2231.0,1.02,92.6,0.027,0,2026-09-18,2026-09-21,False,False,5.0,2026-09-21T22:04:16+05:30
NTPC,326.05,TOUCHED,0.11,inside,326.4,326.05,326.05,327.25,324.85,0.736,92.6,0.015,0,2026-09-18,2026-09-21,False,False,5.0,2026-09-21T22:04:16+05:30
ADANIENSOL,1408.70,TOUCHED,-0.79,below,1397.6,1408.7,1417.83,1426.97,1408.7,1.288,92.9,0.03,0,2026-09-18,2026-09-21,False,False,5.0,2026-09-21T22:04:16+05:30
MARICO,813.18,TOUCHED,1.38,above,824.4,813.18,810.08,813.18,806.99,0.763,92.9,0.019,0,2026-09-18,2026-09-21,False,False,5.0,2026-09-21T22:04:16+05:30
MEDANTA,1491.27,TOUCHED,1.13,above,1508.1,1491.27,1483.13,1491.27,1475.0,1.097,92.9,0.031,0,2026-09-18,2026-09-21,False,False,5.0,2026-09-21T22:04:16+05:30
PWL,134.03,TOUCHED,0.54,inside,134.76,134.03,134.03,135.32,132.75,1.915,92.9,0.07,0,2026-09-18,2026-09-21,False,False,5.0,2026-09-21T22:04:16+05:30
VIJAYA,1549.27,TOUCHED,0.44,above,1556.1,1549.27,1539.63,1549.27,1530.0,1.251,92.9,0.036,0,2026-09-18,2026-09-21,False,False,5.0,2026-09-21T22:04:16+05:30
UNITDSPR,1388.00,TOUCHED,0.65,above,1397.0,1388.0,1382.33,1388.0,1376.67,0.82,93.2,0.033,0,2026-09-18,2026-09-21,False,False,5.0,2026-09-21T22:04:16+05:30
COALINDIA,413.17,TOUCHED,0.37,inside,414.7,413.17,413.17,414.8,411.53,0.791,93.4,0.022,0,2026-09-18,2026-09-21,False,False,5.0,2026-09-21T22:04:16+05:30
KFINTECH,912.48,TOUCHED,-1.73,below,896.7,912.48,918.32,924.16,912.48,1.272,93.4,0.018,0,2026-09-18,2026-09-21,False,False,5.0,2026-09-21T22:04:16+05:30
SUNPHARMA,1857.25,TOUCHED,0.63,above,1868.9,1857.25,1850.6,1857.25,1843.95,0.719,93.4,0.02,0,2026-09-18,2026-09-21,False,False,5.0,2026-09-21T22:04:16+05:30
FIRSTCRY,169.51,TOUCHED,0.54,inside,170.43,169.51,169.51,170.83,168.18,1.559,93.7,0.045,0,2026-09-18,2026-09-21,False,False,5.0,2026-09-21T22:04:16+05:30
SYNGENE,375.32,TOUCHED,2.62,above,385.15,375.32,373.23,375.32,371.14,1.121,93.7,0.027,0,2026-09-18,2026-09-21,False,False,5.0,2026-09-21T22:04:16+05:30
SYRMA,1701.63,TOUCHED,0.69,inside,1713.3,1701.63,1701.63,1715.27,1688.0,1.602,93.7,0.045,0,2026-09-18,2026-09-21,False,False,5.0,2026-09-21T22:04:16+05:30
TIMKEN,3142.80,TOUCHED,-0.19,below,3136.8,3142.8,3161.4,3180.0,3142.8,1.177,93.7,0.047,0,2026-09-18,2026-09-21,False,False,5.0,2026-09-21T22:04:16+05:30
BIKAJI,571.20,TOUCHED,-2.14,below,558.95,571.2,574.22,577.23,571.2,1.051,94.0,0.018,0,2026-09-18,2026-09-21,False,False,5.0,2026-09-21T22:04:16+05:30
CASTROLIND,194.93,TOUCHED,-0.73,below,193.5,194.93,195.66,196.4,194.93,0.755,94.0,0.013,0,2026-09-18,2026-09-21,False,False,5.0,2026-09-21T22:04:16+05:30
ADANIGREEN,1306.05,TOUCHED,-0.19,below,1303.6,1306.05,1315.53,1325.02,1306.05,1.442,94.2,0.039,0,2026-09-18,2026-09-21,False,False,5.0,2026-09-21T22:04:16+05:30
COCHINSHIP,1376.33,TOUCHED,0.63,inside,1385.0,1376.33,1376.33,1387.17,1365.5,1.574,94.2,0.041,0,2026-09-18,2026-09-21,False,False,5.0,2026-09-21T22:04:16+05:30
NMDC,80.00,TOUCHED,-0.25,inside,79.8,80.0,80.0,80.42,79.58,1.062,94.2,0.028,0,2026-09-18,2026-09-21,False,False,5.0,2026-09-21T22:04:16+05:30
PETRONET,288.35,TOUCHED,-0.29,below,287.5,288.35,289.77,291.18,288.35,0.978,94.2,0.024,0,2026-09-18,2026-09-21,False,False,5.0,2026-09-21T22:04:16+05:30
SBICARD,640.93,TOUCHED,-0.61,below,637.0,640.93,644.33,647.74,640.93,1.058,94.5,0.03,0,2026-09-18,2026-09-21,False,False,5.0,2026-09-21T22:04:16+05:30
SIEMENS,3865.93,TOUCHED,0.54,inside,3887.0,3865.93,3865.93,3889.92,3841.95,1.241,94.5,0.018,0,2026-09-18,2026-09-21,False,False,5.0,2026-09-21T22:04:16+05:30
VEDL,262.80,TOUCHED,-0.88,below,260.5,262.8,264.4,266.0,262.8,1.21,94.5,0.026,0,2026-09-18,2026-09-21,False,False,5.0,2026-09-21T22:04:16+05:30
AIIL,554.25,TOUCHED,0.93,above,559.4,554.25,549.5,554.25,544.75,1.729,94.8,0.044,0,2026-09-18,2026-09-21,False,False,5.0,2026-09-21T22:04:16+05:30
SUNTV,457.05,TOUCHED,0.11,inside,457.55,457.05,457.05,459.72,454.38,1.171,94.8,0.024,0,2026-09-18,2026-09-21,False,False,5.0,2026-09-21T22:04:16+05:30
AUROPHARMA,1714.70,TOUCHED,-0.08,inside,1713.4,1714.7,1714.7,1724.35,1705.05,1.126,95.1,0.039,0,2026-09-18,2026-09-21,False,False,5.0,2026-09-21T22:04:16+05:30
BOSCHLTD,47550.00,TOUCHED,0.03,inside,47565.0,47550.0,47550.0,47825.0,47275.0,1.157,95.1,0.029,0,2026-09-18,2026-09-21,False,False,5.0,2026-09-21T22:04:16+05:30
HOMEFIRST,1231.40,TOUCHED,2.14,above,1257.7,1231.4,1221.5,1231.4,1211.6,1.621,95.1,0.037,0,2026-09-18,2026-09-21,False,False,5.0,2026-09-21T22:04:16+05:30
POWERGRID,266.85,TOUCHED,-0.28,below,266.1,266.85,268.0,269.15,266.85,0.858,95.3,0.018,0,2026-09-18,2026-09-21,False,False,5.0,2026-09-21T22:04:16+05:30
TATAELXSI,3288.75,TOUCHED,-0.05,below,3287.0,3288.75,3310.8,3332.85,3288.75,1.332,95.3,0.034,0,2026-09-18,2026-09-21,False,False,5.0,2026-09-21T22:04:16+05:30
DABUR,389.10,TOUCHED,-0.59,below,386.8,389.1,391.15,393.2,389.1,1.048,95.6,0.031,0,2026-09-18,2026-09-21,False,False,5.0,2026-09-21T22:04:16+05:30
GMRAIRPORT,98.65,TOUCHED,0.05,above,98.7,98.65,98.0,98.65,97.36,1.323,95.6,0.02,0,2026-09-18,2026-09-21,False,False,5.0,2026-09-21T22:04:16+05:30
JUBLFOOD,491.15,TOUCHED,-0.83,below,487.05,491.15,494.1,497.05,491.15,1.194,95.6,0.018,0,2026-09-18,2026-09-21,False,False,5.0,2026-09-21T22:04:16+05:30
PAYTM,1821.60,TOUCHED,-0.64,inside,1810.0,1821.6,1821.6,1835.75,1807.45,1.554,95.6,0.051,0,2026-09-18,2026-09-21,False,False,5.0,2026-09-21T22:04:16+05:30
JSWINFRA,346.01,TOUCHED,1.04,above,349.6,346.01,343.77,346.01,341.53,1.304,95.9,0.029,0,2026-09-18,2026-09-21,False,False,5.0,2026-09-21T22:04:16+05:30
ALKEM,5388.50,TOUCHED,-0.45,below,5364.0,5388.5,5414.5,5440.5,5388.5,0.96,96.2,0.024,0,2026-09-18,2026-09-21,False,False,5.0,2026-09-21T22:04:16+05:30
COFORGE,1812.07,TOUCHED,0.11,inside,1814.0,1812.07,1812.07,1826.53,1797.6,1.597,96.2,0.032,0,2026-09-18,2026-09-21,False,False,5.0,2026-09-21T22:04:16+05:30
HONASA,473.05,TOUCHED,0.12,inside,473.6,473.05,473.05,476.3,469.8,1.374,96.2,0.054,0,2026-09-18,2026-09-21,False,False,5.0,2026-09-21T22:04:16+05:30
OBEROIRLTY,1774.33,TOUCHED,2.63,above,1821.0,1774.33,1763.67,1774.33,1753.0,1.21,96.2,0.044,0,2026-09-18,2026-09-21,False,False,5.0,2026-09-21T22:04:16+05:30
ATHERENERG,1594.05,TOUCHED,-0.07,below,1593.0,1594.05,1609.37,1624.68,1594.05,1.903,96.3,0.063,0,2026-09-18,2026-09-21,False,False,5.0,2026-09-21T22:04:16+05:30
GILLETTE,7110.58,TOUCHED,-0.88,below,7048.0,7110.58,7148.17,7185.75,7110.58,1.052,96.4,0.026,0,2026-09-18,2026-09-21,False,False,5.0,2026-09-21T22:04:16+05:30
KPITTECH,541.17,TOUCHED,-0.81,inside,536.8,541.17,541.17,545.75,536.58,1.694,96.4,0.044,0,2026-09-18,2026-09-21,False,False,5.0,2026-09-21T22:04:16+05:30
TCS,2127.83,TOUCHED,0.04,inside,2128.7,2127.83,2127.83,2139.25,2116.42,1.073,96.7,0.029,0,2026-09-18,2026-09-21,False,False,5.0,2026-09-21T22:04:16+05:30
