symbol,status,type,distance_pct,trend,ltp,virgin_level,pivot,tc,bc,width_pct,width_percentile,narrow_threshold_pct,days_virgin,source_date,session_date,is_virgin,is_narrow,narrow_percentile_used,scanned_at
WOCKPHARMA,2021.38,V+N,2.54,above,2072.8,2021.38,2021.27,2021.38,2021.15,0.012,2.7,0.057,1,2026-09-16,2026-09-17,True,True,5.0,2026-09-17T15:16:36+05:30
CGPOWER,851.49,V+N,3.41,above,880.5,851.49,851.43,851.49,851.38,0.014,3.0,0.034,1,2026-09-16,2026-09-17,True,True,5.0,2026-09-17T15:16:36+05:30
WELCORP,2397.82,V+W,2.84,above,2465.9,2397.82,2371.13,2397.82,2344.45,2.251,98.9,0.058,1,2026-09-16,2026-09-17,True,False,5.0,2026-09-17T15:16:36+05:30
SIEMENS,3741.62,V,0.83,above,3772.6,3741.62,3741.23,3741.62,3740.85,0.02,5.5,0.018,1,2026-09-16,2026-09-17,True,False,5.0,2026-09-17T15:16:36+05:30
FORTIS,870.75,V,2.21,above,890.0,870.75,870.6,870.75,870.45,0.034,6.0,0.028,1,2026-09-16,2026-09-17,True,False,5.0,2026-09-17T15:16:36+05:30
ABCAPITAL,381.21,V,2.35,above,390.15,381.21,381.12,381.21,381.02,0.048,6.6,0.038,1,2026-09-16,2026-09-17,True,False,5.0,2026-09-17T15:16:36+05:30
MOTHERSON,158.4,V,2.27,above,162.0,158.4,158.36,158.4,158.31,0.055,6.8,0.035,1,2026-09-16,2026-09-17,True,False,5.0,2026-09-17T15:16:36+05:30
NMDC,80.3,V,0.74,above,80.9,80.3,80.29,80.3,80.27,0.042,7.1,0.028,1,2026-09-16,2026-09-17,True,False,5.0,2026-09-17T15:16:36+05:30
IFCI,75.2,V,2.45,above,77.04,75.2,75.15,75.2,75.11,0.124,7.7,0.1,1,2026-09-16,2026-09-17,True,False,5.0,2026-09-17T15:16:36+05:30
AWL,182.11,V,0.82,above,183.61,182.11,182.06,182.11,182.0,0.064,7.9,0.046,1,2026-09-16,2026-09-17,True,False,5.0,2026-09-17T15:16:36+05:30
PIIND,2257.2,V,2.12,above,2305.1,2257.2,2256.8,2257.2,2256.4,0.035,7.9,0.017,1,2026-09-16,2026-09-17,True,False,5.0,2026-09-17T15:16:36+05:30
BOSCHLTD,47587.5,V,0.31,above,47735.0,47587.5,47576.67,47587.5,47565.83,0.046,8.5,0.029,1,2026-09-16,2026-09-17,True,False,5.0,2026-09-17T15:16:36+05:30
VBL,410.77,V,1.55,above,417.15,410.77,410.65,410.77,410.52,0.061,9.0,0.026,1,2026-09-16,2026-09-17,True,False,5.0,2026-09-17T15:16:36+05:30
ADANIPORTS,1723.35,V,0.48,above,1731.6,1723.35,1722.9,1723.35,1722.45,0.052,9.6,0.021,1,2026-09-16,2026-09-17,True,False,5.0,2026-09-17T15:16:36+05:30
HBLENGINE,705.5,V,7.15,above,755.95,705.5,705.22,705.5,704.93,0.08,10.4,0.033,1,2026-09-16,2026-09-17,True,False,5.0,2026-09-17T15:16:36+05:30
NH,1850.78,V,1.41,above,1876.9,1850.78,1849.97,1850.78,1849.15,0.088,15.1,0.034,1,2026-09-16,2026-09-17,True,False,5.0,2026-09-17T15:16:36+05:30
JINDALSTEL,1102.4,V,2.32,above,1128.0,1102.4,1101.8,1102.4,1101.2,0.109,15.3,0.036,1,2026-09-16,2026-09-17,True,False,5.0,2026-09-17T15:16:36+05:30
BEL,386.15,V,2.06,above,394.1,386.15,386.02,386.15,385.88,0.069,15.6,0.024,1,2026-09-16,2026-09-17,True,False,5.0,2026-09-17T15:16:36+05:30
SRF,2478.9,V,2.07,above,2530.1,2478.9,2477.7,2478.9,2476.5,0.097,15.6,0.028,1,2026-09-16,2026-09-17,True,False,5.0,2026-09-17T15:16:36+05:30
MEDANTA,1403.92,V,1.43,above,1424.0,1403.92,1403.23,1403.92,1402.55,0.097,17.0,0.031,1,2026-09-16,2026-09-17,True,False,5.0,2026-09-17T15:16:36+05:30
TVSMOTOR,4040.25,V,1.77,above,4111.7,4040.25,4037.83,4040.25,4035.42,0.12,18.6,0.026,1,2026-09-16,2026-09-17,True,False,5.0,2026-09-17T15:16:36+05:30
ENDURANCE,2625.77,V,2.58,above,2693.5,2625.77,2623.13,2625.77,2620.5,0.201,21.6,0.044,1,2026-09-16,2026-09-17,True,False,5.0,2026-09-17T15:16:36+05:30
ASIANPAINT,2420.95,V,1.13,above,2448.4,2420.95,2419.5,2420.95,2418.05,0.12,23.6,0.022,1,2026-09-16,2026-09-17,True,False,5.0,2026-09-17T15:16:36+05:30
TITAGARH,812.16,V,2.03,above,828.65,812.16,811.17,812.16,810.18,0.245,23.8,0.046,1,2026-09-16,2026-09-17,True,False,5.0,2026-09-17T15:16:36+05:30
RAILTEL,252.07,V,2.81,above,259.15,252.07,251.78,252.07,251.5,0.225,24.1,0.041,1,2026-09-16,2026-09-17,True,False,5.0,2026-09-17T15:16:36+05:30
ABREL,1231.82,V,2.13,above,1258.0,1231.82,1230.23,1231.82,1228.65,0.257,27.9,0.025,1,2026-09-16,2026-09-17,True,False,5.0,2026-09-17T15:16:36+05:30
GAIL,170.53,V,0.92,above,172.1,170.53,170.42,170.53,170.3,0.137,27.9,0.015,1,2026-09-16,2026-09-17,True,False,5.0,2026-09-17T15:16:36+05:30
JMFINANCIL,120.23,V,1.91,above,122.53,120.23,120.0,120.23,119.78,0.381,31.8,0.052,1,2026-09-16,2026-09-17,True,False,5.0,2026-09-17T15:16:36+05:30
PCBL,316.59,V,4.2,above,329.9,316.59,316.08,316.59,315.57,0.322,34.2,0.048,1,2026-09-16,2026-09-17,True,False,5.0,2026-09-17T15:16:36+05:30
POWERINDIA,30140.83,V,3.51,above,31200.0,30140.83,30081.67,30140.83,30022.5,0.393,35.6,0.057,1,2026-09-16,2026-09-17,True,False,5.0,2026-09-17T15:16:36+05:30
DLF,621.83,V,3.24,above,642.0,621.83,620.87,621.83,619.9,0.311,40.0,0.028,1,2026-09-16,2026-09-17,True,False,5.0,2026-09-17T15:16:36+05:30
GVT&D,4255.57,V,2.3,above,4353.5,4255.57,4244.13,4255.57,4232.7,0.539,47.4,0.022,1,2026-09-16,2026-09-17,True,False,5.0,2026-09-17T15:16:36+05:30
NIACL,183.84,V,7.0,above,196.71,183.84,183.48,183.84,183.12,0.387,49.9,0.029,1,2026-09-16,2026-09-17,True,False,5.0,2026-09-17T15:16:36+05:30
CASTROLIND,188.64,V,1.64,above,191.73,188.64,188.45,188.64,188.25,0.209,51.5,0.014,1,2026-09-16,2026-09-17,True,False,5.0,2026-09-17T15:16:36+05:30
BLUEJET,563.16,V,1.03,above,568.95,563.16,561.27,563.16,559.38,0.674,52.6,0.042,1,2026-09-16,2026-09-17,True,False,5.0,2026-09-17T15:16:36+05:30
KAYNES,3374.05,V,4.33,above,3520.0,3374.05,3363.1,3374.05,3352.15,0.651,55.1,0.049,1,2026-09-16,2026-09-17,True,False,5.0,2026-09-17T15:16:36+05:30
PHOENIXLTD,1850.72,V,1.61,above,1880.6,1850.72,1846.43,1850.72,1842.15,0.464,55.3,0.045,1,2026-09-16,2026-09-17,True,False,5.0,2026-09-17T15:16:36+05:30
ETERNAL,316.19,V,2.18,above,323.1,316.19,315.38,316.19,314.57,0.513,56.4,0.024,1,2026-09-16,2026-09-17,True,False,5.0,2026-09-17T15:16:36+05:30
EICHERMOT,7488.42,V,0.49,above,7525.0,7488.42,7476.83,7488.42,7465.25,0.31,57.0,0.024,1,2026-09-16,2026-09-17,True,False,5.0,2026-09-17T15:16:36+05:30
GODFRYPHLP,1928.28,V,0.59,above,1939.7,1928.28,1922.57,1928.28,1916.85,0.595,57.0,0.041,1,2026-09-16,2026-09-17,True,False,5.0,2026-09-17T15:16:36+05:30
MARICO,808.78,V,1.68,above,822.4,808.78,807.4,808.78,806.03,0.341,57.3,0.02,1,2026-09-16,2026-09-17,True,False,5.0,2026-09-17T15:16:36+05:30
HINDPETRO,349.25,V,0.57,above,351.25,349.25,348.45,349.25,347.65,0.459,57.5,0.033,1,2026-09-16,2026-09-17,True,False,5.0,2026-09-17T15:16:36+05:30
NAM-INDIA,1127.53,V,-0.9,below,1117.4,1127.53,1131.07,1134.6,1127.53,0.625,59.5,0.031,1,2026-09-16,2026-09-17,True,False,5.0,2026-09-17T15:16:36+05:30
CPPLUS,3561.68,V,-5.18,below,3377.2,3561.68,3575.67,3589.65,3561.68,0.782,60.6,0.036,1,2026-09-16,2026-09-17,True,False,5.0,2026-09-17T15:16:36+05:30
TIINDIA,2559.57,V,1.64,above,2601.5,2559.57,2552.53,2559.57,2545.5,0.551,60.8,0.038,1,2026-09-16,2026-09-17,True,False,5.0,2026-09-17T15:16:36+05:30
HAL,4684.63,V,1.98,above,4777.4,4684.63,4673.67,4684.63,4662.7,0.469,61.9,0.035,1,2026-09-16,2026-09-17,True,False,5.0,2026-09-17T15:16:36+05:30
BPCL,302.58,V,1.33,above,306.6,302.58,301.82,302.58,301.05,0.508,64.1,0.021,1,2026-09-16,2026-09-17,True,False,5.0,2026-09-17T15:16:36+05:30
DATAPATTNS,4302.25,V,2.53,above,4411.3,4302.25,4282.8,4302.25,4263.35,0.908,64.1,0.076,1,2026-09-16,2026-09-17,True,False,5.0,2026-09-17T15:16:36+05:30
IIFL,583.81,V,2.41,above,597.85,583.81,581.92,583.81,580.03,0.65,64.7,0.026,1,2026-09-16,2026-09-17,True,False,5.0,2026-09-17T15:16:36+05:30
DIXON,13139.0,V,1.0,above,13270.0,13139.0,13097.0,13139.0,13055.0,0.641,66.3,0.056,1,2026-09-16,2026-09-17,True,False,5.0,2026-09-17T15:16:36+05:30
SPLPETRO,789.68,V,2.17,above,806.85,789.68,786.67,789.68,783.65,0.767,71.5,0.038,1,2026-09-16,2026-09-17,True,False,5.0,2026-09-17T15:16:36+05:30
GESHIP,1386.7,V,2.71,above,1424.3,1386.7,1381.8,1386.7,1376.9,0.709,72.9,0.034,1,2026-09-16,2026-09-17,True,False,5.0,2026-09-17T15:16:36+05:30
LEMONTREE,102.92,V,1.19,above,104.14,102.92,102.58,102.92,102.23,0.666,74.5,0.023,1,2026-09-16,2026-09-17,True,False,5.0,2026-09-17T15:16:36+05:30
FINCABLES,1357.4,V,3.01,above,1398.2,1357.4,1352.2,1357.4,1347.0,0.769,75.3,0.019,1,2026-09-16,2026-09-17,True,False,5.0,2026-09-17T15:16:36+05:30
ITCHOTELS,152.89,V,1.1,above,154.58,152.89,152.4,152.89,151.9,0.652,77.0,0.04,1,2026-09-16,2026-09-17,True,False,5.0,2026-09-17T15:16:36+05:30
TECHNOE,966.68,V,1.94,above,985.4,966.68,962.32,966.68,957.95,0.908,77.0,0.042,1,2026-09-16,2026-09-17,True,False,5.0,2026-09-17T15:16:36+05:30
ICICIPRULI,468.49,V,4.84,above,491.15,468.49,466.98,468.49,465.48,0.646,77.3,0.021,1,2026-09-16,2026-09-17,True,False,5.0,2026-09-17T15:16:36+05:30
USHAMART,476.93,V,3.97,above,495.85,476.93,475.0,476.93,473.07,0.811,78.9,0.031,1,2026-09-16,2026-09-17,True,False,5.0,2026-09-17T15:16:36+05:30
EMCURE,1940.53,V,-1.66,below,1908.3,1940.53,1949.17,1957.8,1940.53,0.886,79.2,0.027,1,2026-09-16,2026-09-17,True,False,5.0,2026-09-17T15:16:36+05:30
HDFCLIFE,528.63,V,5.37,above,557.0,528.63,527.07,528.63,525.5,0.594,81.1,0.018,1,2026-09-16,2026-09-17,True,False,5.0,2026-09-17T15:16:36+05:30
CAPLIPOINT,2571.53,V,1.22,above,2602.9,2571.53,2560.07,2571.53,2548.6,0.896,81.4,0.032,1,2026-09-16,2026-09-17,True,False,5.0,2026-09-17T15:16:36+05:30
DEEPAKNTR,1584.37,V,1.45,above,1607.4,1584.37,1578.23,1584.37,1572.1,0.777,82.2,0.029,1,2026-09-16,2026-09-17,True,False,5.0,2026-09-17T15:16:36+05:30
HCLTECH,1256.92,V,-1.08,below,1243.3,1256.92,1260.83,1264.75,1256.92,0.621,82.2,0.03,1,2026-09-16,2026-09-17,True,False,5.0,2026-09-17T15:16:36+05:30
ASAHIINDIA,947.37,V,0.47,above,951.8,947.37,942.93,947.37,938.5,0.94,84.4,0.042,1,2026-09-16,2026-09-17,True,False,5.0,2026-09-17T15:16:36+05:30
DEEPAKFERT,1307.98,V,1.27,above,1324.6,1307.98,1300.97,1307.98,1293.95,1.079,86.3,0.044,1,2026-09-16,2026-09-17,True,False,5.0,2026-09-17T15:16:36+05:30
YESBANK,23.49,V,-1.38,below,23.17,23.49,23.59,23.68,23.49,0.791,86.6,0.04,1,2026-09-16,2026-09-17,True,False,5.0,2026-09-17T15:16:36+05:30
KPIL,1384.08,V,1.15,above,1400.0,1384.08,1377.27,1384.08,1370.45,0.99,87.9,0.045,1,2026-09-16,2026-09-17,True,False,5.0,2026-09-17T15:16:36+05:30
ITC,263.47,V,0.66,above,265.2,263.47,262.78,263.47,262.1,0.52,88.5,0.02,1,2026-09-16,2026-09-17,True,False,5.0,2026-09-17T15:16:36+05:30
DIVISLAB,9122.5,V,2.44,above,9345.0,9122.5,9087.0,9122.5,9051.5,0.781,88.8,0.024,1,2026-09-16,2026-09-17,True,False,5.0,2026-09-17T15:16:36+05:30
ANANDRATHI,2197.63,V,0.47,above,2208.0,2197.63,2189.07,2197.63,2180.5,0.783,91.0,0.022,1,2026-09-16,2026-09-17,True,False,5.0,2026-09-17T15:16:36+05:30
ZENTEC,1651.13,V,1.99,above,1684.0,1651.13,1639.47,1651.13,1627.8,1.423,92.1,0.017,1,2026-09-16,2026-09-17,True,False,5.0,2026-09-17T15:16:36+05:30
CUB,225.73,V,2.6,above,231.61,225.73,224.22,225.73,222.71,1.347,92.6,0.034,1,2026-09-16,2026-09-17,True,False,5.0,2026-09-17T15:16:36+05:30
MPHASIS,2329.57,V,-1.05,below,2305.0,2329.57,2342.43,2355.3,2329.57,1.099,92.6,0.026,1,2026-09-16,2026-09-17,True,False,5.0,2026-09-17T15:16:36+05:30
PREMIERENE,904.72,V,-2.25,below,884.4,904.72,910.43,916.15,904.72,1.256,93.2,0.031,1,2026-09-16,2026-09-17,True,False,5.0,2026-09-17T15:16:36+05:30
APLAPOLLO,2109.03,V,1.25,above,2135.3,2109.03,2098.07,2109.03,2087.1,1.045,94.8,0.016,1,2026-09-16,2026-09-17,True,False,5.0,2026-09-17T15:16:36+05:30
SYRMA,1497.6,V,7.85,above,1615.2,1497.6,1484.0,1497.6,1470.4,1.833,95.6,0.045,1,2026-09-16,2026-09-17,True,False,5.0,2026-09-17T15:16:36+05:30
BEML,1972.82,V,2.26,above,2017.4,1972.82,1953.73,1972.82,1934.65,1.954,95.9,0.025,1,2026-09-16,2026-09-17,True,False,5.0,2026-09-17T15:16:36+05:30
RHIM,363.6,NARROW,0.59,above,365.75,363.6,363.6,363.6,363.6,0.0,0.0,0.028,0,2026-09-16,2026-09-17,False,True,5.0,2026-09-17T15:16:36+05:30
RRKABEL,2397.1,NARROW,-0.17,below,2393.0,2397.1,2397.2,2397.3,2397.1,0.008,1.4,0.045,0,2026-09-16,2026-09-17,False,True,5.0,2026-09-17T15:16:36+05:30
SARDAEN,497.33,NARROW,2.13,above,507.95,497.33,497.32,497.33,497.3,0.007,1.4,0.027,0,2026-09-16,2026-09-17,False,True,5.0,2026-09-17T15:16:36+05:30
SAREGAMA,486.6,NARROW,0.54,above,489.25,486.6,486.58,486.6,486.57,0.007,1.4,0.046,0,2026-09-16,2026-09-17,False,True,5.0,2026-09-17T15:16:36+05:30
TORNTPHARM,4812.75,NARROW,1.79,above,4899.0,4812.75,4812.67,4812.75,4812.58,0.003,1.4,0.023,0,2026-09-16,2026-09-17,False,True,5.0,2026-09-17T15:16:36+05:30
AEGISVOPAK,296.95,NARROW,5.03,above,311.9,296.95,296.95,296.95,296.95,0.0,1.8,0.028,0,2026-09-16,2026-09-17,False,True,5.0,2026-09-17T15:16:36+05:30
ASHOKLEY,156.49,NARROW,1.44,above,158.74,156.49,156.49,156.49,156.48,0.009,1.9,0.022,0,2026-09-16,2026-09-17,False,True,5.0,2026-09-17T15:16:36+05:30
KEI,4506.25,NARROW,0.75,above,4540.0,4506.25,4506.17,4506.25,4506.08,0.004,1.9,0.025,0,2026-09-16,2026-09-17,False,True,5.0,2026-09-17T15:16:36+05:30
KIMS,766.75,NARROW,3.97,above,797.2,766.75,766.72,766.75,766.68,0.009,1.9,0.039,0,2026-09-16,2026-09-17,False,True,5.0,2026-09-17T15:16:36+05:30
CYIENT,1054.65,NARROW,1.29,above,1068.3,1054.65,1054.6,1054.65,1054.55,0.009,2.5,0.026,0,2026-09-16,2026-09-17,False,True,5.0,2026-09-17T15:16:36+05:30
POLYMED,1704.38,NARROW,0.51,above,1713.0,1704.38,1704.17,1704.38,1703.95,0.025,2.5,0.045,0,2026-09-16,2026-09-17,False,True,5.0,2026-09-17T15:16:36+05:30
HINDZINC,567.46,NARROW,1.06,above,573.5,567.46,567.42,567.46,567.38,0.015,2.7,0.041,0,2026-09-16,2026-09-17,False,True,5.0,2026-09-17T15:16:36+05:30
MOTILALOFS,976.85,NARROW,0.44,above,981.1,976.85,976.73,976.85,976.62,0.024,2.7,0.045,0,2026-09-16,2026-09-17,False,True,5.0,2026-09-17T15:16:36+05:30
ANURAS,1178.23,NARROW,0.29,above,1181.6,1178.23,1178.17,1178.23,1178.1,0.011,3.0,0.025,0,2026-09-16,2026-09-17,False,True,5.0,2026-09-17T15:16:36+05:30
TRAVELFOOD,1215.2,NARROW,0.8,above,1224.9,1215.2,1215.1,1215.2,1215.0,0.016,3.7,0.032,0,2026-09-16,2026-09-17,False,True,5.0,2026-09-17T15:16:36+05:30
IGL,148.83,NARROW,0.01,above,148.85,148.83,148.81,148.83,148.79,0.027,3.8,0.046,0,2026-09-16,2026-09-17,False,True,5.0,2026-09-17T15:16:36+05:30
ABB,6979.42,NARROW,1.96,above,7116.0,6979.42,6978.83,6979.42,6978.25,0.017,4.1,0.028,0,2026-09-16,2026-09-17,False,True,5.0,2026-09-17T15:16:36+05:30
ACC,1227.05,NARROW,0.51,above,1233.3,1227.05,1226.9,1227.05,1226.75,0.024,4.1,0.033,0,2026-09-16,2026-09-17,False,True,5.0,2026-09-17T15:16:36+05:30
BLS,226.71,NARROW,0.51,above,227.86,226.71,226.67,226.71,226.63,0.031,4.1,0.032,0,2026-09-16,2026-09-17,False,True,5.0,2026-09-17T15:16:36+05:30
LINDEINDIA,6087.5,NARROW,-0.1,below,6081.5,6087.5,6088.17,6088.83,6087.5,0.022,4.1,0.024,0,2026-09-16,2026-09-17,False,True,5.0,2026-09-17T15:16:36+05:30
ERIS,1303.75,NARROW,0.64,above,1312.1,1303.75,1303.57,1303.75,1303.38,0.028,4.9,0.029,0,2026-09-16,2026-09-17,False,True,5.0,2026-09-17T15:16:36+05:30
3MINDIA,32575.0,WIDE,0.17,above,32630.0,32575.0,32361.67,32575.0,32148.33,1.318,97.3,0.027,0,2026-09-16,2026-09-17,False,False,5.0,2026-09-17T15:16:36+05:30
MFSL,1477.62,WIDE,4.9,above,1550.0,1477.62,1467.63,1477.62,1457.65,1.36,98.1,0.019,0,2026-09-16,2026-09-17,False,False,5.0,2026-09-17T15:16:36+05:30
POLICYBZR,1778.55,WIDE,-1.16,below,1758.0,1778.55,1794.73,1810.92,1778.55,1.803,98.9,0.037,0,2026-09-16,2026-09-17,False,False,5.0,2026-09-17T15:16:36+05:30
LALPATHLAB,1934.77,WIDE,-0.28,inside,1929.3,1934.77,1934.77,1954.3,1915.23,2.019,99.2,0.043,0,2026-09-16,2026-09-17,False,False,5.0,2026-09-17T15:16:36+05:30
AFCONS,253.77,WIDE,5.45,above,267.6,253.77,249.13,253.77,244.5,3.72,99.5,0.023,0,2026-09-16,2026-09-17,False,False,5.0,2026-09-17T15:16:36+05:30
PATANJALI,356.63,WIDE,-0.56,inside,354.65,356.63,356.63,360.82,352.45,2.346,99.5,0.015,0,2026-09-16,2026-09-17,False,False,5.0,2026-09-17T15:16:36+05:30
INDIAMART,1706.53,TOUCHED,-2.32,below,1667.0,1706.53,1706.77,1707.0,1706.53,0.027,5.8,0.025,0,2026-09-16,2026-09-17,False,False,5.0,2026-09-17T15:16:36+05:30
JUBLINGREA,632.35,TOUCHED,0.16,above,633.35,632.35,632.22,632.35,632.08,0.042,5.8,0.036,0,2026-09-16,2026-09-17,False,False,5.0,2026-09-17T15:16:36+05:30
TATACONSUM,999.95,TOUCHED,1.41,above,1014.0,999.95,999.8,999.95,999.65,0.03,5.8,0.027,0,2026-09-16,2026-09-17,False,False,5.0,2026-09-17T15:16:36+05:30
IRCON,107.89,TOUCHED,0.12,above,108.02,107.89,107.87,107.89,107.84,0.052,6.0,0.043,0,2026-09-16,2026-09-17,False,False,5.0,2026-09-17T15:16:36+05:30
ELECON,407.72,TOUCHED,1.1,above,412.2,407.72,407.6,407.72,407.48,0.061,6.6,0.036,0,2026-09-16,2026-09-17,False,False,5.0,2026-09-17T15:16:36+05:30
INDHOTEL,713.32,TOUCHED,1.86,above,726.55,713.32,713.23,713.32,713.15,0.023,6.6,0.018,0,2026-09-16,2026-09-17,False,False,5.0,2026-09-17T15:16:36+05:30
JAINREC,274.92,TOUCHED,-0.17,below,274.45,274.92,275.03,275.15,274.92,0.085,6.7,0.061,0,2026-09-16,2026-09-17,False,False,5.0,2026-09-17T15:16:36+05:30
DALBHARAT,1693.32,TOUCHED,0.34,above,1699.0,1693.32,1693.03,1693.32,1692.75,0.033,6.8,0.025,0,2026-09-16,2026-09-17,False,False,5.0,2026-09-17T15:16:36+05:30
PRESTIGE,1425.55,TOUCHED,1.44,above,1446.1,1425.55,1425.03,1425.55,1424.52,0.073,6.8,0.047,0,2026-09-16,2026-09-17,False,False,5.0,2026-09-17T15:16:36+05:30
RVNL,197.67,TOUCHED,2.06,above,201.75,197.67,197.61,197.67,197.56,0.057,6.8,0.032,0,2026-09-16,2026-09-17,False,False,5.0,2026-09-17T15:16:36+05:30
SIGNATURE,752.07,TOUCHED,-0.12,below,751.2,752.07,752.22,752.36,752.07,0.038,6.8,0.029,0,2026-09-16,2026-09-17,False,False,5.0,2026-09-17T15:16:36+05:30
FACT,748.73,TOUCHED,1.44,above,759.5,748.73,748.47,748.73,748.2,0.071,7.7,0.056,0,2026-09-16,2026-09-17,False,False,5.0,2026-09-17T15:16:36+05:30
GRAVITA,1623.1,TOUCHED,-0.7,below,1611.8,1623.1,1623.5,1623.9,1623.1,0.049,7.9,0.031,0,2026-09-16,2026-09-17,False,False,5.0,2026-09-17T15:16:36+05:30
DEVYANI,136.64,TOUCHED,1.88,above,139.2,136.64,136.58,136.64,136.53,0.078,8.5,0.04,0,2026-09-16,2026-09-17,False,False,5.0,2026-09-17T15:16:36+05:30
IREDA,108.49,TOUCHED,0.46,above,108.99,108.49,108.46,108.49,108.43,0.058,8.5,0.043,0,2026-09-16,2026-09-17,False,False,5.0,2026-09-17T15:16:36+05:30
ZENSARTECH,449.7,TOUCHED,-1.51,below,442.9,449.7,449.85,450.0,449.7,0.067,8.5,0.035,0,2026-09-16,2026-09-17,False,False,5.0,2026-09-17T15:16:36+05:30
ABFRL,49.72,TOUCHED,1.57,above,50.5,49.72,49.7,49.72,49.68,0.08,8.8,0.027,0,2026-09-16,2026-09-17,False,False,5.0,2026-09-17T15:16:36+05:30
PFC,346.12,TOUCHED,-0.18,below,345.5,346.12,346.25,346.38,346.12,0.072,9.3,0.032,0,2026-09-16,2026-09-17,False,False,5.0,2026-09-17T15:16:36+05:30
FLUOROCHEM,4526.8,TOUCHED,-1.04,below,4479.7,4526.8,4528.07,4529.33,4526.8,0.056,9.9,0.022,0,2026-09-16,2026-09-17,False,False,5.0,2026-09-17T15:16:36+05:30
ACMESOLAR,418.25,TOUCHED,-1.76,below,410.9,418.25,418.5,418.75,418.25,0.119,10.1,0.05,0,2026-09-16,2026-09-17,False,False,5.0,2026-09-17T15:16:36+05:30
PFIZER,4015.52,TOUCHED,-0.01,below,4015.0,4015.52,4016.63,4017.75,4015.52,0.056,10.4,0.025,0,2026-09-16,2026-09-17,False,False,5.0,2026-09-17T15:16:36+05:30
SAPPHIRE,223.2,TOUCHED,4.89,above,234.12,223.2,223.08,223.2,222.96,0.108,11.0,0.05,0,2026-09-16,2026-09-17,False,False,5.0,2026-09-17T15:16:36+05:30
DELHIVERY,421.66,TOUCHED,1.46,above,427.8,421.66,421.52,421.66,421.38,0.067,11.2,0.019,0,2026-09-16,2026-09-17,False,False,5.0,2026-09-17T15:16:36+05:30
FORCEMOT,17370.0,TOUCHED,1.6,above,17648.0,17370.0,17357.0,17370.0,17344.0,0.15,11.2,0.049,0,2026-09-16,2026-09-17,False,False,5.0,2026-09-17T15:16:36+05:30
IRFC,78.92,TOUCHED,0.49,above,79.31,78.92,78.9,78.92,78.87,0.068,11.2,0.033,0,2026-09-16,2026-09-17,False,False,5.0,2026-09-17T15:16:36+05:30
CENTRALBK,30.42,TOUCHED,-0.02,inside,30.41,30.42,30.42,30.43,30.4,0.088,11.5,0.029,0,2026-09-16,2026-09-17,False,False,5.0,2026-09-17T15:16:36+05:30
TENNIND,511.78,TOUCHED,0.77,above,515.7,511.78,511.52,511.78,511.25,0.104,11.5,0.013,0,2026-09-16,2026-09-17,False,False,5.0,2026-09-17T15:16:36+05:30
CONCORDBIO,1456.15,TOUCHED,0.61,above,1465.0,1456.15,1455.37,1456.15,1454.58,0.108,12.1,0.022,0,2026-09-16,2026-09-17,False,False,5.0,2026-09-17T15:16:36+05:30
PAYTM,1791.1,TOUCHED,-1.73,below,1760.1,1791.1,1792.2,1793.3,1791.1,0.123,12.1,0.051,0,2026-09-16,2026-09-17,False,False,5.0,2026-09-17T15:16:36+05:30
CHAMBLFERT,408.88,TOUCHED,1.4,above,414.6,408.88,408.67,408.88,408.45,0.106,12.3,0.035,0,2026-09-16,2026-09-17,False,False,5.0,2026-09-17T15:16:36+05:30
TATASTEEL,182.95,TOUCHED,2.3,above,187.15,182.95,182.89,182.95,182.84,0.058,12.6,0.021,0,2026-09-16,2026-09-17,False,False,5.0,2026-09-17T15:16:36+05:30
AMBER,6926.0,TOUCHED,2.04,above,7067.5,6926.0,6922.0,6926.0,6918.0,0.116,12.9,0.027,0,2026-09-16,2026-09-17,False,False,5.0,2026-09-17T15:16:36+05:30
THERMAX,3535.22,TOUCHED,0.95,above,3568.7,3535.22,3533.63,3535.22,3532.05,0.09,12.9,0.023,0,2026-09-16,2026-09-17,False,False,5.0,2026-09-17T15:16:36+05:30
ADANIPOWER,202.7,TOUCHED,1.34,above,205.42,202.7,202.58,202.7,202.46,0.118,13.4,0.053,0,2026-09-16,2026-09-17,False,False,5.0,2026-09-17T15:16:36+05:30
IRCTC,452.72,TOUCHED,1.02,above,457.35,452.72,452.48,452.72,452.25,0.103,13.7,0.043,0,2026-09-16,2026-09-17,False,False,5.0,2026-09-17T15:16:36+05:30
NESTLEIND,1382.85,TOUCHED,-0.39,below,1377.4,1382.85,1383.4,1383.95,1382.85,0.08,13.7,0.033,0,2026-09-16,2026-09-17,False,False,5.0,2026-09-17T15:16:36+05:30
CESC,141.73,TOUCHED,-0.16,below,141.5,141.73,141.79,141.85,141.73,0.085,14.0,0.037,0,2026-09-16,2026-09-17,False,False,5.0,2026-09-17T15:16:36+05:30
HINDUNILVR,1960.25,TOUCHED,-0.57,below,1949.0,1960.25,1960.83,1961.42,1960.25,0.059,14.0,0.015,0,2026-09-16,2026-09-17,False,False,5.0,2026-09-17T15:16:36+05:30
TRITURBINE,540.55,TOUCHED,3.01,above,556.8,540.55,540.3,540.55,540.05,0.093,14.2,0.022,0,2026-09-16,2026-09-17,False,False,5.0,2026-09-17T15:16:36+05:30
ATUL,6073.25,TOUCHED,1.01,above,6134.5,6073.25,6070.5,6073.25,6067.75,0.091,14.8,0.014,0,2026-09-16,2026-09-17,False,False,5.0,2026-09-17T15:16:36+05:30
CEMPRO,1238.25,TOUCHED,1.43,above,1256.0,1238.25,1237.2,1238.25,1236.15,0.17,15.1,0.062,0,2026-09-16,2026-09-17,False,False,5.0,2026-09-17T15:16:36+05:30
RPOWER,20.85,TOUCHED,1.18,above,21.09,20.85,20.82,20.85,20.8,0.208,15.1,0.073,0,2026-09-16,2026-09-17,False,False,5.0,2026-09-17T15:16:36+05:30
UTIAMC,896.55,TOUCHED,0.03,above,896.8,896.55,896.1,896.55,895.65,0.1,15.3,0.031,0,2026-09-16,2026-09-17,False,False,5.0,2026-09-17T15:16:36+05:30
BERGEPAINT,447.91,TOUCHED,0.13,above,448.5,447.91,447.67,447.91,447.43,0.108,15.6,0.013,0,2026-09-16,2026-09-17,False,False,5.0,2026-09-17T15:16:36+05:30
INDIACEM,335.18,TOUCHED,4.81,above,351.3,335.18,335.0,335.18,334.82,0.104,15.9,0.031,0,2026-09-16,2026-09-17,False,False,5.0,2026-09-17T15:16:36+05:30
SOBHA,1183.9,TOUCHED,0.52,above,1190.0,1183.9,1183.2,1183.9,1182.5,0.118,15.9,0.028,0,2026-09-16,2026-09-17,False,False,5.0,2026-09-17T15:16:36+05:30
DOMS,2088.5,TOUCHED,1.78,above,2125.6,2088.5,2087.4,2088.5,2086.3,0.105,16.2,0.028,0,2026-09-16,2026-09-17,False,False,5.0,2026-09-17T15:16:36+05:30
SUNDARMFIN,4663.05,TOUCHED,-0.04,below,4661.3,4663.05,4666.17,4669.28,4663.05,0.134,16.2,0.029,0,2026-09-16,2026-09-17,False,False,5.0,2026-09-17T15:16:36+05:30
BIKAJI,540.71,TOUCHED,2.27,above,553.0,540.71,540.47,540.71,540.23,0.089,16.7,0.018,0,2026-09-16,2026-09-17,False,False,5.0,2026-09-17T15:16:36+05:30
NATCOPHARM,814.88,TOUCHED,0.39,above,818.05,814.88,814.35,814.88,813.82,0.129,16.7,0.019,0,2026-09-16,2026-09-17,False,False,5.0,2026-09-17T15:16:36+05:30
CRISIL,4569.1,TOUCHED,-0.09,below,4565.1,4569.1,4572.33,4575.57,4569.1,0.141,17.3,0.049,0,2026-09-16,2026-09-17,False,False,5.0,2026-09-17T15:16:36+05:30
HYUNDAI,2158.7,TOUCHED,0.43,above,2167.9,2158.7,2157.47,2158.7,2156.23,0.114,17.3,0.027,0,2026-09-16,2026-09-17,False,False,5.0,2026-09-17T15:16:36+05:30
BANKINDIA,138.1,TOUCHED,0.51,above,138.8,138.1,138.0,138.1,137.91,0.14,17.5,0.026,0,2026-09-16,2026-09-17,False,False,5.0,2026-09-17T15:16:36+05:30
APTUS,239.43,TOUCHED,-0.22,below,238.91,239.43,239.59,239.75,239.43,0.134,17.8,0.026,0,2026-09-16,2026-09-17,False,False,5.0,2026-09-17T15:16:36+05:30
IDFCFIRSTB,85.16,TOUCHED,1.27,above,86.24,85.16,85.11,85.16,85.06,0.117,17.8,0.033,0,2026-09-16,2026-09-17,False,False,5.0,2026-09-17T15:16:36+05:30
ENRIN,3020.0,TOUCHED,2.88,above,3107.0,3020.0,3017.8,3020.0,3015.6,0.146,18.2,0.025,0,2026-09-16,2026-09-17,False,False,5.0,2026-09-17T15:16:36+05:30
HONAUT,33876.67,TOUCHED,0.31,above,33980.0,33876.67,33858.33,33876.67,33840.0,0.108,18.6,0.027,0,2026-09-16,2026-09-17,False,False,5.0,2026-09-17T15:16:36+05:30
POONAWALLA,432.14,TOUCHED,0.37,above,433.75,432.14,431.83,432.14,431.53,0.143,18.6,0.031,0,2026-09-16,2026-09-17,False,False,5.0,2026-09-17T15:16:36+05:30
CDSL,1301.95,TOUCHED,3.65,above,1349.5,1301.95,1300.97,1301.95,1299.98,0.151,19.2,0.034,0,2026-09-16,2026-09-17,False,False,5.0,2026-09-17T15:16:36+05:30
SBFC,93.72,TOUCHED,-0.45,below,93.3,93.72,93.78,93.83,93.72,0.124,19.2,0.03,0,2026-09-16,2026-09-17,False,False,5.0,2026-09-17T15:16:36+05:30
HFCL,213.16,TOUCHED,-1.71,below,209.51,213.16,213.41,213.65,213.16,0.233,19.5,0.031,0,2026-09-16,2026-09-17,False,False,5.0,2026-09-17T15:16:36+05:30
RECLTD,312.1,TOUCHED,-0.37,below,310.95,312.1,312.28,312.47,312.1,0.117,19.5,0.015,0,2026-09-16,2026-09-17,False,False,5.0,2026-09-17T15:16:36+05:30
INTELLECT,657.62,TOUCHED,-0.92,below,651.6,657.62,658.23,658.84,657.62,0.185,19.7,0.043,0,2026-09-16,2026-09-17,False,False,5.0,2026-09-17T15:16:36+05:30
M&MFIN,344.77,TOUCHED,0.51,above,346.55,344.77,344.5,344.77,344.23,0.16,19.7,0.037,0,2026-09-16,2026-09-17,False,False,5.0,2026-09-17T15:16:36+05:30
MUTHOOTFIN,2769.23,TOUCHED,0.35,above,2779.0,2769.23,2767.07,2769.23,2764.9,0.157,19.7,0.04,0,2026-09-16,2026-09-17,False,False,5.0,2026-09-17T15:16:36+05:30
PETRONET,281.93,TOUCHED,0.73,above,284.0,281.93,281.77,281.93,281.6,0.118,19.7,0.026,0,2026-09-16,2026-09-17,False,False,5.0,2026-09-17T15:16:36+05:30
ABLBL,82.56,TOUCHED,-0.01,inside,82.55,82.56,82.56,82.64,82.48,0.194,20.0,0.054,0,2026-09-16,2026-09-17,False,False,5.0,2026-09-17T15:16:36+05:30
M&M,3075.25,TOUCHED,0.35,above,3086.0,3075.25,3073.5,3075.25,3071.75,0.114,20.0,0.026,0,2026-09-16,2026-09-17,False,False,5.0,2026-09-17T15:16:36+05:30
AUROPHARMA,1642.02,TOUCHED,2.5,above,1683.0,1642.02,1641.03,1642.02,1640.05,0.12,20.3,0.039,0,2026-09-16,2026-09-17,False,False,5.0,2026-09-17T15:16:36+05:30
ICICIGI,1442.75,TOUCHED,2.39,above,1477.2,1442.75,1441.83,1442.75,1440.92,0.127,20.3,0.021,0,2026-09-16,2026-09-17,False,False,5.0,2026-09-17T15:16:36+05:30
DCMSHRIRAM,987.07,TOUCHED,-0.19,below,985.2,987.07,987.83,988.6,987.07,0.155,20.5,0.024,0,2026-09-16,2026-09-17,False,False,5.0,2026-09-17T15:16:36+05:30
LAURUSLABS,1904.32,TOUCHED,2.82,above,1958.0,1904.32,1903.13,1904.32,1901.95,0.124,20.8,0.019,0,2026-09-16,2026-09-17,False,False,5.0,2026-09-17T15:16:36+05:30
LTFOODS,417.37,TOUCHED,1.18,above,422.3,417.37,416.98,417.37,416.6,0.184,20.8,0.036,0,2026-09-16,2026-09-17,False,False,5.0,2026-09-17T15:16:36+05:30
PWL,127.87,TOUCHED,-0.04,inside,127.82,127.87,127.87,128.03,127.7,0.263,21.0,0.07,0,2026-09-16,2026-09-17,False,False,5.0,2026-09-17T15:16:36+05:30
SUPREMEIND,3308.3,TOUCHED,0.5,above,3325.0,3308.3,3305.53,3308.3,3302.77,0.167,21.4,0.034,0,2026-09-16,2026-09-17,False,False,5.0,2026-09-17T15:16:36+05:30
RITES,205.41,TOUCHED,1.26,above,208.0,205.41,205.25,205.41,205.08,0.159,21.6,0.033,0,2026-09-16,2026-09-17,False,False,5.0,2026-09-17T15:16:36+05:30
DRREDDY,1141.9,TOUCHED,2.9,above,1175.0,1141.9,1141.27,1141.9,1140.63,0.111,21.9,0.017,0,2026-09-16,2026-09-17,False,False,5.0,2026-09-17T15:16:36+05:30
BAJAJHFL,83.0,TOUCHED,-0.35,below,82.71,83.0,83.05,83.09,83.0,0.104,22.5,0.024,0,2026-09-16,2026-09-17,False,False,5.0,2026-09-17T15:16:36+05:30
MAHABANK,80.45,TOUCHED,0.68,above,81.0,80.45,80.37,80.45,80.29,0.199,22.5,0.042,0,2026-09-16,2026-09-17,False,False,5.0,2026-09-17T15:16:36+05:30
PARADEEP,147.47,TOUCHED,4.5,above,154.11,147.47,147.26,147.47,147.05,0.285,22.7,0.04,0,2026-09-16,2026-09-17,False,False,5.0,2026-09-17T15:16:36+05:30
SHRIRAMFIN,981.45,TOUCHED,1.48,above,996.0,981.45,980.63,981.45,979.82,0.167,23.0,0.033,0,2026-09-16,2026-09-17,False,False,5.0,2026-09-17T15:16:36+05:30
ANANTRAJ,585.88,TOUCHED,1.75,above,596.15,585.88,585.08,585.88,584.29,0.271,23.3,0.07,0,2026-09-16,2026-09-17,False,False,5.0,2026-09-17T15:16:36+05:30
BHEL,411.7,TOUCHED,3.91,above,427.8,411.7,411.33,411.7,410.97,0.178,24.1,0.042,0,2026-09-16,2026-09-17,False,False,5.0,2026-09-17T15:16:36+05:30
GODIGIT,251.6,TOUCHED,1.37,above,255.05,251.6,251.37,251.6,251.13,0.186,24.1,0.028,0,2026-09-16,2026-09-17,False,False,5.0,2026-09-17T15:16:36+05:30
PINELABS,186.02,TOUCHED,-0.58,below,184.94,186.02,186.34,186.65,186.02,0.336,24.1,0.053,0,2026-09-16,2026-09-17,False,False,5.0,2026-09-17T15:16:36+05:30
IDEA,14.28,TOUCHED,-0.4,below,14.22,14.28,14.29,14.31,14.28,0.233,24.4,0.044,0,2026-09-16,2026-09-17,False,False,5.0,2026-09-17T15:16:36+05:30
PIRAMALFIN,2208.7,TOUCHED,2.19,above,2257.1,2208.7,2206.17,2208.7,2203.63,0.23,25.0,0.05,0,2026-09-16,2026-09-17,False,False,5.0,2026-09-17T15:16:36+05:30
ENGINERSIN,260.3,TOUCHED,1.38,above,263.9,260.3,259.95,260.3,259.6,0.269,25.2,0.038,0,2026-09-16,2026-09-17,False,False,5.0,2026-09-17T15:16:36+05:30
GMDCLTD,546.02,TOUCHED,0.57,above,549.15,546.02,545.13,546.02,544.24,0.327,25.2,0.078,0,2026-09-16,2026-09-17,False,False,5.0,2026-09-17T15:16:36+05:30
TRENT,2766.98,TOUCHED,0.8,above,2789.0,2766.98,2764.27,2766.98,2761.55,0.197,25.2,0.044,0,2026-09-16,2026-09-17,False,False,5.0,2026-09-17T15:16:36+05:30
GRASIM,3180.45,TOUCHED,-0.22,below,3173.4,3180.45,3182.63,3184.82,3180.45,0.137,25.5,0.017,0,2026-09-16,2026-09-17,False,False,5.0,2026-09-17T15:16:36+05:30
BALKRISIND,2123.28,TOUCHED,2.36,above,2173.3,2123.28,2121.67,2123.28,2120.05,0.152,25.8,0.027,0,2026-09-16,2026-09-17,False,False,5.0,2026-09-17T15:16:36+05:30
IGIL,313.65,TOUCHED,0.1,inside,313.95,313.65,313.65,314.02,313.28,0.239,25.8,0.028,0,2026-09-16,2026-09-17,False,False,5.0,2026-09-17T15:16:36+05:30
CHALET,842.28,TOUCHED,0.01,inside,842.4,842.28,842.28,843.19,841.38,0.216,26.3,0.027,0,2026-09-16,2026-09-17,False,False,5.0,2026-09-17T15:16:36+05:30
CHENNPETRO,1449.5,TOUCHED,-2.26,below,1416.8,1449.5,1451.67,1453.83,1449.5,0.299,26.3,0.026,0,2026-09-16,2026-09-17,False,False,5.0,2026-09-17T15:16:36+05:30
SAMMAANCAP,142.0,TOUCHED,0.11,above,142.15,142.0,141.81,142.0,141.62,0.268,26.3,0.041,0,2026-09-16,2026-09-17,False,False,5.0,2026-09-17T15:16:36+05:30
AIIL,527.4,TOUCHED,0.02,inside,527.5,527.4,527.4,528.18,526.62,0.294,26.8,0.044,0,2026-09-16,2026-09-17,False,False,5.0,2026-09-17T15:16:36+05:30
MAPMYINDIA,882.27,TOUCHED,0.85,above,889.8,882.27,881.43,882.27,880.6,0.189,27.1,0.031,0,2026-09-16,2026-09-17,False,False,5.0,2026-09-17T15:16:36+05:30
SCHNEIDER,1196.42,TOUCHED,0.48,above,1202.1,1196.42,1194.23,1196.42,1192.05,0.366,27.1,0.028,0,2026-09-16,2026-09-17,False,False,5.0,2026-09-17T15:16:36+05:30
MAZDOCK,2234.37,TOUCHED,-1.28,below,2205.8,2234.37,2236.83,2239.3,2234.37,0.221,27.4,0.042,0,2026-09-16,2026-09-17,False,False,5.0,2026-09-17T15:16:36+05:30
JWL,229.57,TOUCHED,0.86,above,231.54,229.57,229.27,229.57,228.97,0.263,27.7,0.044,0,2026-09-16,2026-09-17,False,False,5.0,2026-09-17T15:16:36+05:30
HUDCO,169.54,TOUCHED,0.01,above,169.56,169.54,169.35,169.54,169.15,0.226,27.9,0.036,0,2026-09-16,2026-09-17,False,False,5.0,2026-09-17T15:16:36+05:30
INDIANB,841.5,TOUCHED,0.06,inside,842.0,841.5,841.5,842.25,840.75,0.178,27.9,0.025,0,2026-09-16,2026-09-17,False,False,5.0,2026-09-17T15:16:36+05:30
TRIDENT,23.11,TOUCHED,-0.13,below,23.08,23.11,23.13,23.15,23.11,0.173,27.9,0.027,0,2026-09-16,2026-09-17,False,False,5.0,2026-09-17T15:16:36+05:30
AXISBANK,1240.03,TOUCHED,0.22,above,1242.8,1240.03,1239.07,1240.03,1238.1,0.156,28.2,0.024,0,2026-09-16,2026-09-17,False,False,5.0,2026-09-17T15:16:36+05:30
SJVN,64.0,TOUCHED,1.32,above,64.84,64.0,63.94,64.0,63.88,0.193,28.5,0.027,0,2026-09-16,2026-09-17,False,False,5.0,2026-09-17T15:16:36+05:30
IDBI,82.61,TOUCHED,-0.87,below,81.9,82.61,82.73,82.84,82.61,0.27,29.0,0.033,0,2026-09-16,2026-09-17,False,False,5.0,2026-09-17T15:16:36+05:30
OLECTRA,1172.7,TOUCHED,1.28,above,1187.7,1172.7,1171.13,1172.7,1169.57,0.268,29.0,0.033,0,2026-09-16,2026-09-17,False,False,5.0,2026-09-17T15:16:36+05:30
GABRIEL,1288.8,TOUCHED,-0.3,below,1284.9,1288.8,1291.1,1293.4,1288.8,0.356,29.3,0.039,0,2026-09-16,2026-09-17,False,False,5.0,2026-09-17T15:16:36+05:30
SUMICHEM,453.37,TOUCHED,0.8,above,457.0,453.37,452.7,453.37,452.02,0.298,29.6,0.039,0,2026-09-16,2026-09-17,False,False,5.0,2026-09-17T15:16:36+05:30
IPCALAB,1948.47,TOUCHED,1.14,above,1970.7,1948.47,1946.23,1948.47,1944.0,0.23,29.9,0.032,0,2026-09-16,2026-09-17,False,False,5.0,2026-09-17T15:16:36+05:30
HEROMOTOCO,5250.75,TOUCHED,1.65,above,5337.5,5250.75,5245.5,5250.75,5240.25,0.2,30.1,0.019,0,2026-09-16,2026-09-17,False,False,5.0,2026-09-17T15:16:36+05:30
THELEELA,523.58,TOUCHED,1.22,above,529.95,523.58,522.95,523.58,522.33,0.239,30.2,0.03,0,2026-09-16,2026-09-17,False,False,5.0,2026-09-17T15:16:36+05:30
FIRSTCRY,169.47,TOUCHED,-0.07,inside,169.35,169.47,169.47,169.75,169.2,0.323,30.4,0.051,0,2026-09-16,2026-09-17,False,False,5.0,2026-09-17T15:16:36+05:30
SOLARINDS,18923.33,TOUCHED,-0.84,below,18765.0,18923.33,18946.67,18970.0,18923.33,0.246,30.4,0.057,0,2026-09-16,2026-09-17,False,False,5.0,2026-09-17T15:16:36+05:30
SUZLON,42.33,TOUCHED,0.85,above,42.69,42.33,42.27,42.33,42.21,0.284,30.4,0.028,0,2026-09-16,2026-09-17,False,False,5.0,2026-09-17T15:16:36+05:30
NAVINFLUOR,8197.5,TOUCHED,0.35,above,8226.5,8197.5,8185.17,8197.5,8172.83,0.301,30.7,0.045,0,2026-09-16,2026-09-17,False,False,5.0,2026-09-17T15:16:36+05:30
COLPAL,1861.7,TOUCHED,-0.83,below,1846.2,1861.7,1863.4,1865.1,1861.7,0.182,31.0,0.025,0,2026-09-16,2026-09-17,False,False,5.0,2026-09-17T15:16:36+05:30
LENSKART,678.58,TOUCHED,0.22,above,680.1,678.58,677.67,678.58,676.76,0.268,31.0,0.029,0,2026-09-16,2026-09-17,False,False,5.0,2026-09-17T15:16:36+05:30
VEDL,255.7,TOUCHED,0.41,above,256.75,255.7,255.4,255.7,255.1,0.235,31.0,0.026,0,2026-09-16,2026-09-17,False,False,5.0,2026-09-17T15:16:36+05:30
JSWCEMENT,116.38,TOUCHED,0.1,above,116.5,116.38,116.24,116.38,116.1,0.244,31.1,0.027,0,2026-09-16,2026-09-17,False,False,5.0,2026-09-17T15:16:36+05:30
HOMEFIRST,1172.9,TOUCHED,0.03,inside,1173.2,1172.9,1172.9,1174.4,1171.4,0.256,31.2,0.037,0,2026-09-16,2026-09-17,False,False,5.0,2026-09-17T15:16:36+05:30
MANAPPURAM,320.26,TOUCHED,-1.17,below,316.5,320.26,320.62,320.98,320.26,0.224,31.5,0.032,0,2026-09-16,2026-09-17,False,False,5.0,2026-09-17T15:16:36+05:30
SCHAEFFLER,3894.87,TOUCHED,2.5,above,3992.4,3894.87,3890.83,3894.87,3886.8,0.207,31.5,0.032,0,2026-09-16,2026-09-17,False,False,5.0,2026-09-17T15:16:36+05:30
CLEAN,818.95,TOUCHED,1.21,above,828.9,818.95,817.9,818.95,816.85,0.257,31.8,0.029,0,2026-09-16,2026-09-17,False,False,5.0,2026-09-17T15:16:36+05:30
NSLNISP,41.11,TOUCHED,1.23,above,41.62,41.11,41.06,41.11,41.0,0.276,32.1,0.033,0,2026-09-16,2026-09-17,False,False,5.0,2026-09-17T15:16:36+05:30
CCL,1062.15,TOUCHED,-0.51,below,1056.7,1062.15,1063.27,1064.38,1062.15,0.21,32.3,0.022,0,2026-09-16,2026-09-17,False,False,5.0,2026-09-17T15:16:36+05:30
CANBK,123.05,TOUCHED,0.14,above,123.22,123.05,122.9,123.05,122.75,0.241,32.9,0.023,0,2026-09-16,2026-09-17,False,False,5.0,2026-09-17T15:16:36+05:30
LGEINDIA,1626.35,TOUCHED,1.55,above,1651.6,1626.35,1624.5,1626.35,1622.65,0.228,33.2,0.012,0,2026-09-16,2026-09-17,False,False,5.0,2026-09-17T15:16:36+05:30
PERSISTENT,5460.0,TOUCHED,0.22,above,5472.0,5460.0,5453.33,5460.0,5446.67,0.244,33.2,0.016,0,2026-09-16,2026-09-17,False,False,5.0,2026-09-17T15:16:36+05:30
MAXHEALTH,1029.0,TOUCHED,0.78,above,1037.0,1029.0,1027.67,1029.0,1026.33,0.259,33.7,0.038,0,2026-09-16,2026-09-17,False,False,5.0,2026-09-17T15:16:36+05:30
JPPOWER,15.44,TOUCHED,-1.01,below,15.28,15.44,15.46,15.49,15.44,0.345,34.0,0.037,0,2026-09-16,2026-09-17,False,False,5.0,2026-09-17T15:16:36+05:30
TBOTEK,1628.88,TOUCHED,1.03,above,1645.7,1628.88,1626.37,1628.88,1623.85,0.309,34.2,0.038,0,2026-09-16,2026-09-17,False,False,5.0,2026-09-17T15:16:36+05:30
CGCL,257.95,TOUCHED,1.69,above,262.3,257.95,257.52,257.95,257.08,0.337,35.1,0.058,0,2026-09-16,2026-09-17,False,False,5.0,2026-09-17T15:16:36+05:30
ATGL,587.25,TOUCHED,-0.11,below,586.6,587.25,588.0,588.75,587.25,0.255,35.6,0.03,0,2026-09-16,2026-09-17,False,False,5.0,2026-09-17T15:16:36+05:30
JSWINFRA,325.16,TOUCHED,0.55,above,326.95,325.16,324.77,325.16,324.38,0.241,35.9,0.029,0,2026-09-16,2026-09-17,False,False,5.0,2026-09-17T15:16:36+05:30
AJANTPHARM,3499.9,TOUCHED,0.04,inside,3501.4,3499.9,3499.9,3504.4,3495.4,0.257,36.2,0.04,0,2026-09-16,2026-09-17,False,False,5.0,2026-09-17T15:16:36+05:30
JKTYRE,345.07,TOUCHED,1.24,above,349.35,345.07,344.48,345.07,343.89,0.344,36.2,0.031,0,2026-09-16,2026-09-17,False,False,5.0,2026-09-17T15:16:36+05:30
SCI,268.4,TOUCHED,0.75,above,270.4,268.4,267.9,268.4,267.4,0.373,36.4,0.042,0,2026-09-16,2026-09-17,False,False,5.0,2026-09-17T15:16:36+05:30
BRITANNIA,4994.58,TOUCHED,0.08,above,4998.5,4994.58,4989.67,4994.58,4984.75,0.197,36.7,0.021,0,2026-09-16,2026-09-17,False,False,5.0,2026-09-17T15:16:36+05:30
PTCIL,22467.5,TOUCHED,1.03,above,22700.0,22467.5,22435.0,22467.5,22402.5,0.29,36.7,0.031,0,2026-09-16,2026-09-17,False,False,5.0,2026-09-17T15:16:36+05:30
BAYERCROP,3925.35,TOUCHED,-0.82,below,3893.0,3925.35,3929.77,3934.18,3925.35,0.225,37.0,0.03,0,2026-09-16,2026-09-17,False,False,5.0,2026-09-17T15:16:36+05:30
NEULANDLAB,22580.0,TOUCHED,0.42,above,22675.0,22580.0,22535.0,22580.0,22490.0,0.399,37.0,0.032,0,2026-09-16,2026-09-17,False,False,5.0,2026-09-17T15:16:36+05:30
ONESOURCE,1588.4,TOUCHED,-0.39,below,1582.2,1588.4,1591.13,1593.87,1588.4,0.344,37.0,0.045,0,2026-09-16,2026-09-17,False,False,5.0,2026-09-17T15:16:36+05:30
COROMANDEL,1930.93,TOUCHED,-0.15,inside,1928.1,1930.93,1930.93,1934.37,1927.5,0.356,37.3,0.034,0,2026-09-16,2026-09-17,False,False,5.0,2026-09-17T15:16:36+05:30
ITI,254.72,TOUCHED,0.11,inside,255.0,254.72,254.72,255.11,254.32,0.308,37.3,0.032,0,2026-09-16,2026-09-17,False,False,5.0,2026-09-17T15:16:36+05:30
SAIL,173.27,TOUCHED,1.23,above,175.4,173.27,172.98,173.27,172.7,0.328,37.3,0.026,0,2026-09-16,2026-09-17,False,False,5.0,2026-09-17T15:16:36+05:30
IOB,32.13,TOUCHED,-0.13,below,32.09,32.13,32.18,32.22,32.13,0.269,37.5,0.033,0,2026-09-16,2026-09-17,False,False,5.0,2026-09-17T15:16:36+05:30
ASTERDM,740.11,TOUCHED,2.66,above,759.8,740.11,739.02,740.11,737.92,0.295,37.8,0.028,0,2026-09-16,2026-09-17,False,False,5.0,2026-09-17T15:16:36+05:30
ADANIENSOL,1356.45,TOUCHED,1.3,above,1374.1,1356.45,1354.03,1356.45,1351.62,0.357,38.1,0.03,0,2026-09-16,2026-09-17,False,False,5.0,2026-09-17T15:16:36+05:30
GRSE,2330.0,TOUCHED,0.47,above,2341.0,2330.0,2324.87,2330.0,2319.73,0.442,38.4,0.067,0,2026-09-16,2026-09-17,False,False,5.0,2026-09-17T15:16:36+05:30
KFINTECH,887.41,TOUCHED,1.19,above,898.0,887.41,885.82,887.41,884.23,0.359,38.4,0.018,0,2026-09-16,2026-09-17,False,False,5.0,2026-09-17T15:16:36+05:30
SUNTV,464.5,TOUCHED,0.96,above,468.95,464.5,463.82,464.5,463.13,0.295,38.6,0.024,0,2026-09-16,2026-09-17,False,False,5.0,2026-09-17T15:16:36+05:30
VMM,100.81,TOUCHED,0.24,above,101.06,100.81,100.66,100.81,100.5,0.311,38.6,0.032,0,2026-09-16,2026-09-17,False,False,5.0,2026-09-17T15:16:36+05:30
EXIDEIND,414.91,TOUCHED,0.87,above,418.5,414.91,414.32,414.91,413.72,0.286,38.9,0.027,0,2026-09-16,2026-09-17,False,False,5.0,2026-09-17T15:16:36+05:30
OIL,485.45,TOUCHED,-1.78,below,476.8,485.45,486.17,486.88,485.45,0.295,38.9,0.018,0,2026-09-16,2026-09-17,False,False,5.0,2026-09-17T15:16:36+05:30
JSL,726.9,TOUCHED,-0.49,below,723.35,726.9,728.22,729.53,726.9,0.362,39.2,0.043,0,2026-09-16,2026-09-17,False,False,5.0,2026-09-17T15:16:36+05:30
ESCORTS,2828.0,TOUCHED,0.01,above,2828.2,2828.0,2823.87,2828.0,2819.73,0.293,39.5,0.041,0,2026-09-16,2026-09-17,False,False,5.0,2026-09-17T15:16:36+05:30
PFOCUS,323.35,TOUCHED,3.43,above,334.45,323.35,322.38,323.35,321.42,0.6,39.5,0.053,0,2026-09-16,2026-09-17,False,False,5.0,2026-09-17T15:16:36+05:30
GODREJCP,866.42,TOUCHED,0.72,above,872.7,866.42,865.28,866.42,864.14,0.264,39.7,0.023,0,2026-09-16,2026-09-17,False,False,5.0,2026-09-17T15:16:36+05:30
ANGELONE,294.8,TOUCHED,0.17,inside,295.3,294.8,294.8,295.45,294.15,0.441,40.0,0.029,0,2026-09-16,2026-09-17,False,False,5.0,2026-09-17T15:16:36+05:30
POLYCAB,8158.0,TOUCHED,1.08,above,8246.5,8158.0,8145.83,8158.0,8133.67,0.299,40.3,0.033,0,2026-09-16,2026-09-17,False,False,5.0,2026-09-17T15:16:36+05:30
EMAMILTD,370.9,TOUCHED,1.5,above,376.45,370.9,370.37,370.9,369.83,0.288,40.5,0.025,0,2026-09-16,2026-09-17,False,False,5.0,2026-09-17T15:16:36+05:30
CIPLA,1356.67,TOUCHED,2.09,above,1385.0,1356.67,1355.33,1356.67,1354.0,0.197,40.8,0.023,0,2026-09-16,2026-09-17,False,False,5.0,2026-09-17T15:16:36+05:30
JSWENERGY,507.0,TOUCHED,0.99,above,512.0,507.0,506.23,507.0,505.47,0.303,40.8,0.024,0,2026-09-16,2026-09-17,False,False,5.0,2026-09-17T15:16:36+05:30
CHOLAHLDNG,1504.5,TOUCHED,-0.38,below,1498.8,1504.5,1507.13,1509.77,1504.5,0.349,41.1,0.026,0,2026-09-16,2026-09-17,False,False,5.0,2026-09-17T15:16:36+05:30
PPLPHARMA,203.41,TOUCHED,0.72,above,204.87,203.41,203.06,203.41,202.72,0.341,41.1,0.038,0,2026-09-16,2026-09-17,False,False,5.0,2026-09-17T15:16:36+05:30
BATAINDIA,633.15,TOUCHED,0.66,above,637.35,633.15,632.32,633.15,631.48,0.264,41.4,0.022,0,2026-09-16,2026-09-17,False,False,5.0,2026-09-17T15:16:36+05:30
PGEL,522.57,TOUCHED,1.61,above,531.0,522.57,521.28,522.57,520.0,0.492,41.4,0.046,0,2026-09-16,2026-09-17,False,False,5.0,2026-09-17T15:16:36+05:30
MRPL,166.51,TOUCHED,-1.58,below,163.88,166.51,166.9,167.3,166.51,0.475,41.6,0.054,0,2026-09-16,2026-09-17,False,False,5.0,2026-09-17T15:16:36+05:30
TORNTPOWER,1288.35,TOUCHED,-1.01,below,1275.4,1288.35,1290.67,1292.98,1288.35,0.359,41.9,0.031,0,2026-09-16,2026-09-17,False,False,5.0,2026-09-17T15:16:36+05:30
BBTC,1410.5,TOUCHED,-0.94,below,1397.2,1410.5,1412.57,1414.63,1410.5,0.293,42.2,0.03,0,2026-09-16,2026-09-17,False,False,5.0,2026-09-17T15:16:36+05:30
RAMCOCEM,859.0,TOUCHED,-0.04,below,858.65,859.0,860.38,861.77,859.0,0.322,42.5,0.046,0,2026-09-16,2026-09-17,False,False,5.0,2026-09-17T15:16:36+05:30
FEDERALBNK,342.22,TOUCHED,-2.25,below,334.5,342.22,342.63,343.05,342.22,0.243,42.7,0.027,0,2026-09-16,2026-09-17,False,False,5.0,2026-09-17T15:16:36+05:30
JKCEMENT,4774.0,TOUCHED,5.47,above,5035.0,4774.0,4766.0,4774.0,4758.0,0.336,42.7,0.033,0,2026-09-16,2026-09-17,False,False,5.0,2026-09-17T15:16:36+05:30
NAVA,546.02,TOUCHED,0.18,inside,547.0,546.02,546.02,547.16,544.88,0.418,42.7,0.038,0,2026-09-16,2026-09-17,False,False,5.0,2026-09-17T15:16:36+05:30
AMBUJACEM,382.02,TOUCHED,-0.0,inside,382.0,382.02,382.02,382.5,381.53,0.253,43.0,0.035,0,2026-09-16,2026-09-17,False,False,5.0,2026-09-17T15:16:36+05:30
GODREJPROP,1675.65,TOUCHED,0.3,above,1680.7,1675.65,1672.2,1675.65,1668.75,0.413,43.3,0.045,0,2026-09-16,2026-09-17,False,False,5.0,2026-09-17T15:16:36+05:30
NAUKRI,1262.6,TOUCHED,0.19,above,1265.0,1262.6,1260.4,1262.6,1258.2,0.349,43.3,0.023,0,2026-09-16,2026-09-17,False,False,5.0,2026-09-17T15:16:36+05:30
NATIONALUM,355.31,TOUCHED,0.63,above,357.55,355.31,354.62,355.31,353.93,0.39,43.6,0.041,0,2026-09-16,2026-09-17,False,False,5.0,2026-09-17T15:16:36+05:30
SYNGENE,379.5,TOUCHED,0.18,above,380.2,379.5,378.9,379.5,378.3,0.317,43.6,0.029,0,2026-09-16,2026-09-17,False,False,5.0,2026-09-17T15:16:36+05:30
PNBHOUSING,1135.87,TOUCHED,-2.6,below,1106.3,1135.87,1137.73,1139.6,1135.87,0.328,43.8,0.032,0,2026-09-16,2026-09-17,False,False,5.0,2026-09-17T15:16:36+05:30
CAMS,709.2,TOUCHED,0.18,above,710.5,709.2,708.03,709.2,706.87,0.33,44.1,0.04,0,2026-09-16,2026-09-17,False,False,5.0,2026-09-17T15:16:36+05:30
HDFCAMC,2384.25,TOUCHED,0.04,above,2385.1,2384.25,2380.53,2384.25,2376.82,0.312,44.1,0.022,0,2026-09-16,2026-09-17,False,False,5.0,2026-09-17T15:16:36+05:30
INDIGO,4753.75,TOUCHED,1.95,above,4846.5,4753.75,4747.0,4753.75,4740.25,0.284,44.1,0.025,0,2026-09-16,2026-09-17,False,False,5.0,2026-09-17T15:16:36+05:30
GMRAIRPORT,92.9,TOUCHED,2.27,above,95.01,92.9,92.75,92.9,92.61,0.316,44.4,0.02,0,2026-09-16,2026-09-17,False,False,5.0,2026-09-17T15:16:36+05:30
SWANCORP,290.95,TOUCHED,-0.19,below,290.4,290.95,291.58,292.22,290.95,0.434,44.7,0.032,0,2026-09-16,2026-09-17,False,False,5.0,2026-09-17T15:16:36+05:30
TTML,35.41,TOUCHED,3.61,above,36.69,35.41,35.35,35.41,35.28,0.358,44.7,0.041,0,2026-09-16,2026-09-17,False,False,5.0,2026-09-17T15:16:36+05:30
UNITDSPR,1387.38,TOUCHED,0.19,above,1390.0,1387.38,1385.27,1387.38,1383.15,0.306,44.9,0.033,0,2026-09-16,2026-09-17,False,False,5.0,2026-09-17T15:16:36+05:30
360ONE,1052.15,TOUCHED,0.75,above,1060.0,1052.15,1049.97,1052.15,1047.78,0.416,45.2,0.032,0,2026-09-16,2026-09-17,False,False,5.0,2026-09-17T15:16:36+05:30
SBICARD,620.95,TOUCHED,2.42,above,636.0,620.95,620.0,620.95,619.05,0.306,45.5,0.03,0,2026-09-16,2026-09-17,False,False,5.0,2026-09-17T15:16:36+05:30
ICICIBANK,1354.7,TOUCHED,-0.3,below,1350.7,1354.7,1356.07,1357.43,1354.7,0.202,45.8,0.024,0,2026-09-16,2026-09-17,False,False,5.0,2026-09-17T15:16:36+05:30
BHARATFORG,1881.33,TOUCHED,1.42,above,1908.0,1881.33,1877.67,1881.33,1874.0,0.391,46.0,0.031,0,2026-09-16,2026-09-17,False,False,5.0,2026-09-17T15:16:36+05:30
ICICIAMC,3079.7,TOUCHED,0.72,above,3101.8,3079.7,3073.1,3079.7,3066.5,0.43,46.0,0.027,0,2026-09-16,2026-09-17,False,False,5.0,2026-09-17T15:16:36+05:30
UNIONBANK,177.87,TOUCHED,0.07,above,178.0,177.87,177.54,177.87,177.21,0.372,46.0,0.04,0,2026-09-16,2026-09-17,False,False,5.0,2026-09-17T15:16:36+05:30
BANKBARODA,233.81,TOUCHED,-0.56,below,232.51,233.81,234.2,234.59,233.81,0.333,46.6,0.012,0,2026-09-16,2026-09-17,False,False,5.0,2026-09-17T15:16:36+05:30
MMTC,60.08,TOUCHED,0.13,inside,60.16,60.08,60.08,60.23,59.94,0.472,46.6,0.053,0,2026-09-16,2026-09-17,False,False,5.0,2026-09-17T15:16:36+05:30
EMMVEE,324.6,TOUCHED,0.42,above,325.95,324.6,323.63,324.6,322.67,0.597,46.7,0.037,0,2026-09-16,2026-09-17,False,False,5.0,2026-09-17T15:16:36+05:30
LICHSGFIN,542.17,TOUCHED,1.24,above,548.9,542.17,541.35,542.17,540.52,0.305,46.8,0.018,0,2026-09-16,2026-09-17,False,False,5.0,2026-09-17T15:16:36+05:30
CUMMINSIND,4931.5,TOUCHED,1.8,above,5020.5,4931.5,4923.0,4931.5,4914.5,0.345,47.7,0.019,0,2026-09-16,2026-09-17,False,False,5.0,2026-09-17T15:16:36+05:30
COCHINSHIP,1316.15,TOUCHED,1.19,above,1331.8,1316.15,1313.3,1316.15,1310.45,0.434,47.9,0.041,0,2026-09-16,2026-09-17,False,False,5.0,2026-09-17T15:16:36+05:30
SUNPHARMA,1851.4,TOUCHED,0.51,above,1860.9,1851.4,1849.3,1851.4,1847.2,0.227,48.2,0.02,0,2026-09-16,2026-09-17,False,False,5.0,2026-09-17T15:16:36+05:30
COALINDIA,420.53,TOUCHED,-0.76,below,417.35,420.53,421.1,421.68,420.53,0.273,48.5,0.022,0,2026-09-16,2026-09-17,False,False,5.0,2026-09-17T15:16:36+05:30
MINDACORP,675.8,TOUCHED,0.9,above,681.9,675.8,674.38,675.8,672.97,0.42,48.5,0.038,0,2026-09-16,2026-09-17,False,False,5.0,2026-09-17T15:16:36+05:30
LTF,297.38,TOUCHED,1.62,above,302.2,297.38,296.75,297.38,296.12,0.421,48.8,0.028,0,2026-09-16,2026-09-17,False,False,5.0,2026-09-17T15:16:36+05:30
BANDHANBNK,171.82,TOUCHED,-0.16,inside,171.54,171.82,171.82,172.16,171.47,0.398,49.0,0.026,0,2026-09-16,2026-09-17,False,False,5.0,2026-09-17T15:16:36+05:30
ADANIGREEN,1267.22,TOUCHED,0.22,above,1270.0,1267.22,1264.23,1267.22,1261.25,0.472,49.9,0.039,0,2026-09-16,2026-09-17,False,False,5.0,2026-09-17T15:16:36+05:30
TMCV,423.23,TOUCHED,3.08,above,436.25,423.23,422.22,423.23,421.2,0.482,50.0,0.024,0,2026-09-16,2026-09-17,False,False,5.0,2026-09-17T15:16:36+05:30
UCOBANK,23.72,TOUCHED,-0.59,below,23.58,23.72,23.76,23.8,23.72,0.337,50.1,0.013,0,2026-09-16,2026-09-17,False,False,5.0,2026-09-17T15:16:36+05:30
APOLLOHOSP,8732.5,TOUCHED,0.76,above,8799.0,8732.5,8720.5,8732.5,8708.5,0.275,51.0,0.014,0,2026-09-16,2026-09-17,False,False,5.0,2026-09-17T15:16:36+05:30
NCC,135.55,TOUCHED,0.14,inside,135.74,135.55,135.55,135.82,135.28,0.396,51.0,0.027,0,2026-09-16,2026-09-17,False,False,5.0,2026-09-17T15:16:36+05:30
BHARTIARTL,1832.77,TOUCHED,0.05,above,1833.6,1832.77,1830.53,1832.77,1828.3,0.244,51.2,0.014,0,2026-09-16,2026-09-17,False,False,5.0,2026-09-17T15:16:36+05:30
CRAFTSMAN,10964.5,TOUCHED,-0.15,below,10948.0,10964.5,10989.67,11014.83,10964.5,0.458,51.2,0.057,0,2026-09-16,2026-09-17,False,False,5.0,2026-09-17T15:16:36+05:30
GICRE,338.97,TOUCHED,0.07,inside,339.2,338.97,338.97,339.57,338.36,0.359,51.2,0.031,0,2026-09-16,2026-09-17,False,False,5.0,2026-09-17T15:16:36+05:30
GILLETTE,7262.92,TOUCHED,0.91,above,7329.0,7262.92,7250.33,7262.92,7237.75,0.347,51.8,0.026,0,2026-09-16,2026-09-17,False,False,5.0,2026-09-17T15:16:36+05:30
KIRLOSENG,2034.53,TOUCHED,4.2,above,2120.0,2034.53,2028.57,2034.53,2022.6,0.588,51.8,0.035,0,2026-09-16,2026-09-17,False,False,5.0,2026-09-17T15:16:36+05:30
LUPIN,2053.8,TOUCHED,1.67,above,2088.0,2053.8,2050.87,2053.8,2047.93,0.286,51.8,0.024,0,2026-09-16,2026-09-17,False,False,5.0,2026-09-17T15:16:36+05:30
NTPC,328.25,TOUCHED,0.08,above,328.5,328.25,327.83,328.25,327.42,0.254,51.8,0.015,0,2026-09-16,2026-09-17,False,False,5.0,2026-09-17T15:16:36+05:30
RBLBANK,403.11,TOUCHED,0.35,above,404.5,403.11,402.22,403.11,401.33,0.443,51.8,0.032,0,2026-09-16,2026-09-17,False,False,5.0,2026-09-17T15:16:36+05:30
CEATLTD,3297.95,TOUCHED,4.02,above,3430.6,3297.95,3290.3,3297.95,3282.65,0.465,52.1,0.034,0,2026-09-16,2026-09-17,False,False,5.0,2026-09-17T15:16:36+05:30
GPIL,235.87,TOUCHED,1.01,above,238.26,235.87,235.24,235.87,234.62,0.53,52.1,0.029,0,2026-09-16,2026-09-17,False,False,5.0,2026-09-17T15:16:36+05:30
GROWW,190.33,TOUCHED,-1.3,below,187.85,190.33,190.91,191.48,190.33,0.601,52.8,0.031,0,2026-09-16,2026-09-17,False,False,5.0,2026-09-17T15:16:36+05:30
IEX,111.79,TOUCHED,1.4,above,113.36,111.79,111.59,111.79,111.38,0.37,53.2,0.028,0,2026-09-16,2026-09-17,False,False,5.0,2026-09-17T15:16:36+05:30
TARIL,275.32,TOUCHED,0.25,inside,276.0,275.32,275.32,276.21,274.42,0.648,53.2,0.054,0,2026-09-16,2026-09-17,False,False,5.0,2026-09-17T15:16:36+05:30
BLUESTARCO,1500.5,TOUCHED,3.57,above,1554.0,1500.5,1497.0,1500.5,1493.5,0.468,53.4,0.05,0,2026-09-16,2026-09-17,False,False,5.0,2026-09-17T15:16:36+05:30
KOTAKBANK,414.4,TOUCHED,0.63,above,417.0,414.4,413.8,414.4,413.2,0.29,53.4,0.022,0,2026-09-16,2026-09-17,False,False,5.0,2026-09-17T15:16:36+05:30
LTTS,3329.5,TOUCHED,-0.35,below,3317.9,3329.5,3336.83,3344.17,3329.5,0.44,53.7,0.042,0,2026-09-16,2026-09-17,False,False,5.0,2026-09-17T15:16:36+05:30
BHARTIHEXA,1485.63,TOUCHED,-0.16,inside,1483.3,1485.63,1485.63,1488.8,1482.47,0.426,54.0,0.038,0,2026-09-16,2026-09-17,False,False,5.0,2026-09-17T15:16:36+05:30
NUVAMA,1690.4,TOUCHED,-0.12,below,1688.4,1690.4,1694.63,1698.87,1690.4,0.5,54.2,0.025,0,2026-09-16,2026-09-17,False,False,5.0,2026-09-17T15:16:36+05:30
MSUMI,35.72,TOUCHED,0.94,above,36.06,35.72,35.64,35.72,35.56,0.477,54.5,0.03,0,2026-09-16,2026-09-17,False,False,5.0,2026-09-17T15:16:36+05:30
BSOFT,283.55,TOUCHED,0.16,above,284.0,283.55,282.78,283.55,282.02,0.542,54.8,0.042,0,2026-09-16,2026-09-17,False,False,5.0,2026-09-17T15:16:36+05:30
TMPV,302.65,TOUCHED,4.01,above,314.8,302.65,302.1,302.65,301.55,0.364,54.8,0.02,0,2026-09-16,2026-09-17,False,False,5.0,2026-09-17T15:16:36+05:30
LLOYDSME,1803.2,TOUCHED,-0.11,inside,1801.3,1803.2,1803.2,1807.75,1798.65,0.505,55.1,0.033,0,2026-09-16,2026-09-17,False,False,5.0,2026-09-17T15:16:36+05:30
NETWEB,4545.75,TOUCHED,0.54,above,4570.5,4545.75,4529.5,4545.75,4513.25,0.718,55.3,0.06,0,2026-09-16,2026-09-17,False,False,5.0,2026-09-17T15:16:36+05:30
HINDALCO,970.95,TOUCHED,1.36,above,984.2,970.95,969.2,970.95,967.45,0.361,55.9,0.011,0,2026-09-16,2026-09-17,False,False,5.0,2026-09-17T15:16:36+05:30
AUBANK,1031.0,TOUCHED,0.58,above,1037.0,1031.0,1028.8,1031.0,1026.6,0.428,56.7,0.018,0,2026-09-16,2026-09-17,False,False,5.0,2026-09-17T15:16:36+05:30
DMART,3713.33,TOUCHED,0.07,above,3716.0,3713.33,3706.67,3713.33,3700.0,0.36,56.7,0.028,0,2026-09-16,2026-09-17,False,False,5.0,2026-09-17T15:16:36+05:30
BAJAJHLDNG,10981.67,TOUCHED,0.17,inside,11000.0,10981.67,10981.67,11007.5,10955.83,0.47,57.0,0.023,0,2026-09-16,2026-09-17,False,False,5.0,2026-09-17T15:16:36+05:30
AFFLE,1531.18,TOUCHED,0.93,above,1545.4,1531.18,1527.37,1531.18,1523.55,0.5,57.3,0.034,0,2026-09-16,2026-09-17,False,False,5.0,2026-09-17T15:16:36+05:30
INDUSINDBK,952.8,TOUCHED,0.7,above,959.5,952.8,950.7,952.8,948.6,0.442,57.3,0.027,0,2026-09-16,2026-09-17,False,False,5.0,2026-09-17T15:16:36+05:30
BSE,3250.33,TOUCHED,-0.01,below,3250.0,3250.33,3260.67,3271.0,3250.33,0.634,57.5,0.024,0,2026-09-16,2026-09-17,False,False,5.0,2026-09-17T15:16:36+05:30
CHOLAFIN,1769.9,TOUCHED,-0.5,below,1761.0,1769.9,1774.2,1778.5,1769.9,0.485,57.5,0.041,0,2026-09-16,2026-09-17,False,False,5.0,2026-09-17T15:16:36+05:30
IKS,1756.52,TOUCHED,-1.73,below,1726.2,1756.52,1761.03,1765.55,1756.52,0.513,58.1,0.023,0,2026-09-16,2026-09-17,False,False,5.0,2026-09-17T15:16:36+05:30
J&KBANK,147.26,TOUCHED,0.19,above,147.54,147.26,146.85,147.26,146.44,0.552,58.1,0.05,0,2026-09-16,2026-09-17,False,False,5.0,2026-09-17T15:16:36+05:30
JINDALSAW,283.73,TOUCHED,2.88,above,291.9,283.73,282.9,283.73,282.08,0.583,58.1,0.034,0,2026-09-16,2026-09-17,False,False,5.0,2026-09-17T15:16:36+05:30
TEJASNET,513.24,TOUCHED,2.24,above,524.75,513.24,511.68,513.24,510.12,0.609,58.1,0.041,0,2026-09-16,2026-09-17,False,False,5.0,2026-09-17T15:16:36+05:30
ABBOTINDIA,25975.0,TOUCHED,-0.29,below,25900.0,25975.0,26025.0,26075.0,25975.0,0.384,58.4,0.034,0,2026-09-16,2026-09-17,False,False,5.0,2026-09-17T15:16:36+05:30
ASTRAL,1379.32,TOUCHED,1.01,above,1393.3,1379.32,1376.13,1379.32,1372.95,0.463,58.6,0.034,0,2026-09-16,2026-09-17,False,False,5.0,2026-09-17T15:16:36+05:30
CONCOR,486.93,TOUCHED,-0.01,inside,486.9,486.93,486.93,487.87,486.0,0.383,58.6,0.034,0,2026-09-16,2026-09-17,False,False,5.0,2026-09-17T15:16:36+05:30
IRB,18.93,TOUCHED,-0.42,below,18.85,18.93,18.97,19.01,18.93,0.422,58.9,0.038,0,2026-09-16,2026-09-17,False,False,5.0,2026-09-17T15:16:36+05:30
CIEINDIA,374.97,TOUCHED,2.85,above,385.65,374.97,374.15,374.97,373.32,0.441,59.2,0.025,0,2026-09-16,2026-09-17,False,False,5.0,2026-09-17T15:16:36+05:30
MEESHO,211.06,TOUCHED,-1.7,below,207.47,211.06,211.79,212.52,211.06,0.694,60.8,0.028,0,2026-09-16,2026-09-17,False,False,5.0,2026-09-17T15:16:36+05:30
KPITTECH,558.17,TOUCHED,0.2,inside,559.3,558.17,558.17,559.75,556.58,0.567,61.1,0.044,0,2026-09-16,2026-09-17,False,False,5.0,2026-09-17T15:16:36+05:30
HEXT,520.97,TOUCHED,1.16,above,527.0,520.97,519.2,520.97,517.42,0.684,61.4,0.046,0,2026-09-16,2026-09-17,False,False,5.0,2026-09-17T15:16:36+05:30
HAVELLS,1093.87,TOUCHED,-0.17,inside,1092.0,1093.87,1093.87,1095.85,1091.88,0.363,61.6,0.019,0,2026-09-16,2026-09-17,False,False,5.0,2026-09-17T15:16:36+05:30
PNB,116.55,TOUCHED,0.16,above,116.74,116.55,116.3,116.55,116.06,0.427,61.6,0.028,0,2026-09-16,2026-09-17,False,False,5.0,2026-09-17T15:16:36+05:30
ZFCVINDIA,2467.83,TOUCHED,-0.8,below,2448.1,2467.83,2474.17,2480.5,2467.83,0.512,61.9,0.037,0,2026-09-16,2026-09-17,False,False,5.0,2026-09-17T15:16:36+05:30
SHYAMMETL,1045.72,TOUCHED,4.02,above,1087.8,1045.72,1043.43,1045.72,1041.15,0.438,62.2,0.016,0,2026-09-16,2026-09-17,False,False,5.0,2026-09-17T15:16:36+05:30
COFORGE,1761.37,TOUCHED,1.46,above,1787.0,1761.37,1756.03,1761.37,1750.7,0.607,62.5,0.032,0,2026-09-16,2026-09-17,False,False,5.0,2026-09-17T15:16:36+05:30
HSCL,650.79,TOUCHED,0.41,above,653.45,650.79,648.78,650.79,646.77,0.619,62.5,0.031,0,2026-09-16,2026-09-17,False,False,5.0,2026-09-17T15:16:36+05:30
NBCC,81.15,TOUCHED,1.58,above,82.43,81.15,80.89,81.15,80.63,0.643,62.5,0.044,0,2026-09-16,2026-09-17,False,False,5.0,2026-09-17T15:16:36+05:30
TITAN,4883.25,TOUCHED,-0.79,below,4844.5,4883.25,4891.67,4900.08,4883.25,0.344,63.0,0.018,0,2026-09-16,2026-09-17,False,False,5.0,2026-09-17T15:16:36+05:30
HINDCOPPER,485.27,TOUCHED,0.05,inside,485.5,485.27,485.27,487.1,483.43,0.756,63.3,0.032,0,2026-09-16,2026-09-17,False,False,5.0,2026-09-17T15:16:36+05:30
TECHM,1561.53,TOUCHED,-0.37,below,1555.7,1561.53,1565.07,1568.6,1561.53,0.452,63.3,0.038,0,2026-09-16,2026-09-17,False,False,5.0,2026-09-17T15:16:36+05:30
ULTRACEMCO,10759.5,TOUCHED,0.38,above,10800.0,10759.5,10739.67,10759.5,10719.83,0.369,63.3,0.026,0,2026-09-16,2026-09-17,False,False,5.0,2026-09-17T15:16:36+05:30
SAILIFE,1534.77,TOUCHED,0.62,above,1544.3,1534.77,1530.43,1534.77,1526.1,0.566,64.1,0.04,0,2026-09-16,2026-09-17,False,False,5.0,2026-09-17T15:16:36+05:30
BAJFINANCE,1012.75,TOUCHED,0.32,above,1016.0,1012.75,1010.57,1012.75,1008.38,0.432,64.4,0.029,0,2026-09-16,2026-09-17,False,False,5.0,2026-09-17T15:16:36+05:30
SAGILITY,45.17,TOUCHED,-1.09,below,44.68,45.17,45.32,45.48,45.17,0.669,64.9,0.045,0,2026-09-16,2026-09-17,False,False,5.0,2026-09-17T15:16:36+05:30
INDUSTOWER,378.35,TOUCHED,0.57,above,380.5,378.35,377.43,378.35,376.52,0.486,65.2,0.03,0,2026-09-16,2026-09-17,False,False,5.0,2026-09-17T15:16:36+05:30
JIOFIN,226.53,TOUCHED,1.35,above,229.59,226.53,225.97,226.53,225.4,0.499,65.5,0.022,0,2026-09-16,2026-09-17,False,False,5.0,2026-09-17T15:16:36+05:30
TATAELXSI,3381.5,TOUCHED,-0.1,below,3378.0,3381.5,3390.0,3398.5,3381.5,0.501,65.5,0.034,0,2026-09-16,2026-09-17,False,False,5.0,2026-09-17T15:16:36+05:30
TATAINVEST,687.0,TOUCHED,4.52,above,718.05,687.0,685.32,687.0,683.63,0.491,65.8,0.023,0,2026-09-16,2026-09-17,False,False,5.0,2026-09-17T15:16:36+05:30
ADANIENT,2935.73,TOUCHED,-0.22,inside,2929.2,2935.73,2935.73,2943.6,2927.87,0.536,66.0,0.026,0,2026-09-16,2026-09-17,False,False,5.0,2026-09-17T15:16:36+05:30
HDFCBANK,718.12,TOUCHED,-0.28,below,716.1,718.12,719.25,720.38,718.12,0.313,66.0,0.02,0,2026-09-16,2026-09-17,False,False,5.0,2026-09-17T15:16:36+05:30
GRAPHITE,802.25,TOUCHED,1.46,above,814.0,802.25,799.45,802.25,796.65,0.7,66.3,0.024,0,2026-09-16,2026-09-17,False,False,5.0,2026-09-17T15:16:36+05:30
JUBLPHARMA,999.58,TOUCHED,1.28,above,1012.35,999.58,996.67,999.58,993.75,0.585,66.3,0.019,0,2026-09-16,2026-09-17,False,False,5.0,2026-09-17T15:16:36+05:30
ALKEM,5206.75,TOUCHED,2.37,above,5330.0,5206.75,5196.17,5206.75,5185.58,0.407,67.1,0.026,0,2026-09-16,2026-09-17,False,False,5.0,2026-09-17T15:16:36+05:30
SWIGGY,273.58,TOUCHED,1.09,above,276.55,273.58,272.55,273.58,271.53,0.752,67.1,0.045,0,2026-09-16,2026-09-17,False,False,5.0,2026-09-17T15:16:36+05:30
ATHERENERG,1547.95,TOUCHED,-0.06,below,1547.0,1547.95,1554.47,1560.98,1547.95,0.838,67.2,0.063,0,2026-09-16,2026-09-17,False,False,5.0,2026-09-17T15:16:36+05:30
GLAND,2853.3,TOUCHED,1.88,above,2907.0,2853.3,2844.4,2853.3,2835.5,0.626,67.4,0.04,0,2026-09-16,2026-09-17,False,False,5.0,2026-09-17T15:16:36+05:30
NEWGEN,493.87,TOUCHED,-0.92,below,489.3,493.87,495.73,497.6,493.87,0.753,67.7,0.031,0,2026-09-16,2026-09-17,False,False,5.0,2026-09-17T15:16:36+05:30
FSL,274.73,TOUCHED,-0.41,below,273.6,274.73,275.73,276.74,274.73,0.731,68.2,0.034,0,2026-09-16,2026-09-17,False,False,5.0,2026-09-17T15:16:36+05:30
AAVAS,1278.7,TOUCHED,1.29,above,1295.2,1278.7,1274.9,1278.7,1271.1,0.596,68.5,0.028,0,2026-09-16,2026-09-17,False,False,5.0,2026-09-17T15:16:36+05:30
PAGEIND,34517.5,TOUCHED,1.79,above,35135.0,34517.5,34436.67,34517.5,34355.83,0.469,69.0,0.027,0,2026-09-16,2026-09-17,False,False,5.0,2026-09-17T15:16:36+05:30
ZEEL,79.91,TOUCHED,-1.89,below,78.4,79.91,80.21,80.52,79.91,0.765,69.0,0.045,0,2026-09-16,2026-09-17,False,False,5.0,2026-09-17T15:16:36+05:30
GALLANTT,532.2,TOUCHED,0.94,above,537.2,532.2,529.78,532.2,527.37,0.912,69.3,0.07,0,2026-09-16,2026-09-17,False,False,5.0,2026-09-17T15:16:36+05:30
WAAREEENER,2510.12,TOUCHED,-1.2,below,2480.0,2510.12,2519.23,2528.35,2510.12,0.724,69.9,0.043,0,2026-09-16,2026-09-17,False,False,5.0,2026-09-17T15:16:36+05:30
EIDPARRY,700.78,TOUCHED,0.32,above,703.05,700.78,698.52,700.78,696.25,0.649,70.1,0.034,0,2026-09-16,2026-09-17,False,False,5.0,2026-09-17T15:16:36+05:30
GODREJIND,1128.83,TOUCHED,-0.19,inside,1126.7,1128.83,1128.83,1132.67,1125.0,0.679,70.4,0.038,0,2026-09-16,2026-09-17,False,False,5.0,2026-09-17T15:16:36+05:30
VOLTAS,1138.33,TOUCHED,0.15,inside,1140.0,1138.33,1138.33,1142.0,1134.67,0.644,70.4,0.037,0,2026-09-16,2026-09-17,False,False,5.0,2026-09-17T15:16:36+05:30
ZYDUSLIFE,1104.88,TOUCHED,2.82,above,1136.0,1104.88,1102.27,1104.88,1099.65,0.475,70.4,0.023,0,2026-09-16,2026-09-17,False,False,5.0,2026-09-17T15:16:36+05:30
JSWDULUX,3090.23,TOUCHED,-0.25,below,3082.4,3090.23,3098.47,3106.7,3090.23,0.531,70.7,0.022,0,2026-09-16,2026-09-17,False,False,5.0,2026-09-17T15:16:36+05:30
ARE&M,797.42,TOUCHED,0.05,above,797.85,797.42,795.47,797.42,793.51,0.492,71.0,0.022,0,2026-09-16,2026-09-17,False,False,5.0,2026-09-17T15:16:36+05:30
NUVOCO,315.18,TOUCHED,1.27,above,319.2,315.18,314.17,315.18,313.15,0.647,71.0,0.037,0,2026-09-16,2026-09-17,False,False,5.0,2026-09-17T15:16:36+05:30
POWERGRID,264.57,TOUCHED,0.12,above,264.9,264.57,263.98,264.57,263.39,0.448,71.0,0.018,0,2026-09-16,2026-09-17,False,False,5.0,2026-09-17T15:16:36+05:30
NHPC,75.61,TOUCHED,-0.42,below,75.29,75.61,75.8,76.0,75.61,0.515,71.2,0.031,0,2026-09-16,2026-09-17,False,False,5.0,2026-09-17T15:16:36+05:30
UNOMINDA,1182.05,TOUCHED,2.52,above,1211.8,1182.05,1178.1,1182.05,1174.15,0.671,71.2,0.045,0,2026-09-16,2026-09-17,False,False,5.0,2026-09-17T15:16:36+05:30
JUBLFOOD,469.61,TOUCHED,2.55,above,481.6,469.61,468.22,469.61,466.82,0.594,71.8,0.018,0,2026-09-16,2026-09-17,False,False,5.0,2026-09-17T15:16:36+05:30
RAINBOW,1453.0,TOUCHED,1.03,above,1468.0,1453.0,1448.8,1453.0,1444.6,0.58,71.8,0.037,0,2026-09-16,2026-09-17,False,False,5.0,2026-09-17T15:16:36+05:30
RELIANCE,1245.0,TOUCHED,0.04,inside,1245.5,1245.0,1245.0,1247.5,1242.5,0.402,72.6,0.025,0,2026-09-16,2026-09-17,False,False,5.0,2026-09-17T15:16:36+05:30
PIDILITIND,1540.55,TOUCHED,1.13,above,1557.9,1540.55,1537.3,1540.55,1534.05,0.423,73.2,0.028,0,2026-09-16,2026-09-17,False,False,5.0,2026-09-17T15:16:36+05:30
SHREECEM,21898.33,TOUCHED,0.01,inside,21900.0,21898.33,21898.33,21950.0,21846.67,0.472,74.5,0.02,0,2026-09-16,2026-09-17,False,False,5.0,2026-09-17T15:16:36+05:30
NLCINDIA,258.15,TOUCHED,1.61,above,262.3,258.15,257.22,258.15,256.28,0.726,74.8,0.048,0,2026-09-16,2026-09-17,False,False,5.0,2026-09-17T15:16:36+05:30
ONGC,235.06,TOUCHED,-1.13,below,232.4,235.06,235.64,236.22,235.06,0.494,74.8,0.027,0,2026-09-16,2026-09-17,False,False,5.0,2026-09-17T15:16:36+05:30
APOLLOTYRE,413.25,TOUCHED,-0.18,below,412.5,413.25,414.55,415.85,413.25,0.627,75.1,0.038,0,2026-09-16,2026-09-17,False,False,5.0,2026-09-17T15:16:36+05:30
KEC,400.58,TOUCHED,0.37,inside,402.05,400.58,400.58,402.1,399.07,0.757,75.1,0.024,0,2026-09-16,2026-09-17,False,False,5.0,2026-09-17T15:16:36+05:30
INOXWIND,74.19,TOUCHED,0.55,above,74.6,74.19,73.89,74.19,73.58,0.826,75.9,0.041,0,2026-09-16,2026-09-17,False,False,5.0,2026-09-17T15:16:36+05:30
TATAPOWER,363.25,TOUCHED,1.39,above,368.3,363.25,362.3,363.25,361.35,0.524,75.9,0.023,0,2026-09-16,2026-09-17,False,False,5.0,2026-09-17T15:16:36+05:30
CROMPTON,225.46,TOUCHED,0.63,above,226.89,225.46,224.77,225.46,224.09,0.611,76.2,0.025,0,2026-09-16,2026-09-17,False,False,5.0,2026-09-17T15:16:36+05:30
WELSPUNLIV,201.95,TOUCHED,5.37,above,212.79,201.95,201.07,201.95,200.19,0.87,76.2,0.044,0,2026-09-16,2026-09-17,False,False,5.0,2026-09-17T15:16:36+05:30
STARHEALTH,543.88,TOUCHED,3.39,above,562.3,543.88,542.07,543.88,540.25,0.67,76.4,0.023,0,2026-09-16,2026-09-17,False,False,5.0,2026-09-17T15:16:36+05:30
AIAENG,3842.85,TOUCHED,3.51,above,3977.7,3842.85,3830.5,3842.85,3818.15,0.645,76.7,0.05,0,2026-09-16,2026-09-17,False,False,5.0,2026-09-17T15:16:36+05:30
LT,3833.9,TOUCHED,0.55,above,3855.0,3833.9,3825.17,3833.9,3816.43,0.457,76.7,0.027,0,2026-09-16,2026-09-17,False,False,5.0,2026-09-17T15:16:36+05:30
FIVESTAR,542.48,TOUCHED,-2.25,below,530.25,542.48,544.78,547.09,542.48,0.847,77.3,0.041,0,2026-09-16,2026-09-17,False,False,5.0,2026-09-17T15:16:36+05:30
PVRINOX,1250.0,TOUCHED,1.84,above,1273.0,1250.0,1245.4,1250.0,1240.8,0.739,77.3,0.028,0,2026-09-16,2026-09-17,False,False,5.0,2026-09-17T15:16:36+05:30
CHOICEIN,732.05,TOUCHED,1.04,above,739.65,732.05,729.92,732.05,727.78,0.585,78.4,0.024,0,2026-09-16,2026-09-17,False,False,5.0,2026-09-17T15:16:36+05:30
JSWSTEEL,1245.47,TOUCHED,0.63,above,1253.3,1245.47,1242.03,1245.47,1238.6,0.553,79.2,0.025,0,2026-09-16,2026-09-17,False,False,5.0,2026-09-17T15:16:36+05:30
BELRISE,228.32,TOUCHED,0.51,above,229.47,228.32,227.28,228.32,226.25,0.909,80.2,0.041,0,2026-09-16,2026-09-17,False,False,5.0,2026-09-17T15:16:36+05:30
BLUEDART,4820.1,TOUCHED,-0.21,inside,4809.9,4820.1,4820.1,4835.3,4804.9,0.631,80.3,0.02,0,2026-09-16,2026-09-17,False,False,5.0,2026-09-17T15:16:36+05:30
BAJAJ-AUTO,11487.5,TOUCHED,-0.02,below,11485.0,11487.5,11522.67,11557.83,11487.5,0.61,80.5,0.028,0,2026-09-16,2026-09-17,False,False,5.0,2026-09-17T15:16:36+05:30
CANFINHOME,774.79,TOUCHED,-0.28,below,772.65,774.79,777.63,780.48,774.79,0.731,80.8,0.021,0,2026-09-16,2026-09-17,False,False,5.0,2026-09-17T15:16:36+05:30
MARUTI,12263.0,TOUCHED,0.97,above,12382.0,12263.0,12230.67,12263.0,12198.33,0.529,81.1,0.015,0,2026-09-16,2026-09-17,False,False,5.0,2026-09-17T15:16:36+05:30
ABDL,644.03,TOUCHED,1.27,above,652.2,644.03,640.52,644.03,637.0,1.098,81.4,0.069,0,2026-09-16,2026-09-17,False,False,5.0,2026-09-17T15:16:36+05:30
OLAELEC,37.49,TOUCHED,-1.88,below,36.79,37.49,37.75,38.0,37.49,1.342,81.4,0.064,0,2026-09-16,2026-09-17,False,False,5.0,2026-09-17T15:16:36+05:30
OBEROIRLTY,1700.82,TOUCHED,2.34,above,1740.7,1700.82,1694.73,1700.82,1688.65,0.718,81.9,0.044,0,2026-09-16,2026-09-17,False,False,5.0,2026-09-17T15:16:36+05:30
CREDITACC,1396.9,TOUCHED,-1.91,below,1370.2,1396.9,1403.43,1409.97,1396.9,0.931,82.2,0.049,0,2026-09-16,2026-09-17,False,False,5.0,2026-09-17T15:16:36+05:30
TATACOMM,1785.07,TOUCHED,0.38,inside,1791.8,1785.07,1785.07,1792.18,1777.95,0.797,82.2,0.022,0,2026-09-16,2026-09-17,False,False,5.0,2026-09-17T15:16:36+05:30
INDGN,570.98,TOUCHED,3.72,above,592.2,570.98,568.77,570.98,566.55,0.779,82.7,0.025,0,2026-09-16,2026-09-17,False,False,5.0,2026-09-17T15:16:36+05:30
JBMA,593.07,TOUCHED,0.25,inside,594.55,593.07,593.07,595.5,590.63,0.821,82.7,0.027,0,2026-09-16,2026-09-17,False,False,5.0,2026-09-17T15:16:36+05:30
BIOCON,378.5,TOUCHED,0.92,above,382.0,378.5,377.13,378.5,375.77,0.725,83.0,0.028,0,2026-09-16,2026-09-17,False,False,5.0,2026-09-17T15:16:36+05:30
AARTIIND,470.9,TOUCHED,1.26,above,476.85,470.9,468.95,470.9,467.0,0.832,83.6,0.03,0,2026-09-16,2026-09-17,False,False,5.0,2026-09-17T15:16:36+05:30
INFY,1063.1,TOUCHED,-0.42,below,1058.6,1063.1,1066.2,1069.3,1063.1,0.582,83.6,0.029,0,2026-09-16,2026-09-17,False,False,5.0,2026-09-17T15:16:36+05:30
SONATSOFTW,281.55,TOUCHED,0.07,above,281.75,281.55,280.0,281.55,278.45,1.107,83.6,0.026,0,2026-09-16,2026-09-17,False,False,5.0,2026-09-17T15:16:36+05:30
BAJAJFINSV,1848.23,TOUCHED,0.25,inside,1852.9,1848.23,1848.23,1853.85,1842.62,0.608,83.8,0.02,0,2026-09-16,2026-09-17,False,False,5.0,2026-09-17T15:16:36+05:30
EIHOTEL,290.98,TOUCHED,3.2,above,300.3,290.98,289.87,290.98,288.75,0.77,83.8,0.03,0,2026-09-16,2026-09-17,False,False,5.0,2026-09-17T15:16:36+05:30
KPRMILL,1105.1,TOUCHED,-0.58,below,1098.7,1105.1,1110.53,1115.97,1105.1,0.979,83.8,0.054,0,2026-09-16,2026-09-17,False,False,5.0,2026-09-17T15:16:36+05:30
MRF,125392.5,TOUCHED,-0.72,below,124490.0,125392.5,125775.0,126157.5,125392.5,0.608,84.1,0.034,0,2026-09-16,2026-09-17,False,False,5.0,2026-09-17T15:16:36+05:30
NIVABUPA,79.85,TOUCHED,-0.32,below,79.59,79.85,80.14,80.44,79.85,0.736,84.1,0.018,0,2026-09-16,2026-09-17,False,False,5.0,2026-09-17T15:16:36+05:30
IOC,133.81,TOUCHED,0.17,inside,134.04,133.81,133.81,134.28,133.33,0.705,84.4,0.02,0,2026-09-16,2026-09-17,False,False,5.0,2026-09-17T15:16:36+05:30
TATACHEM,739.95,TOUCHED,4.99,above,776.85,739.95,737.23,739.95,734.52,0.737,84.7,0.021,0,2026-09-16,2026-09-17,False,False,5.0,2026-09-17T15:16:36+05:30
UBL,1231.03,TOUCHED,-1.06,below,1218.0,1231.03,1234.77,1238.5,1231.03,0.605,84.7,0.026,0,2026-09-16,2026-09-17,False,False,5.0,2026-09-17T15:16:36+05:30
KARURVYSYA,331.85,TOUCHED,-0.2,inside,331.2,331.85,331.85,333.32,330.38,0.889,84.9,0.039,0,2026-09-16,2026-09-17,False,False,5.0,2026-09-17T15:16:36+05:30
BDL,1129.65,TOUCHED,1.7,above,1148.9,1129.65,1123.3,1129.65,1116.95,1.131,85.2,0.053,0,2026-09-16,2026-09-17,False,False,5.0,2026-09-17T15:16:36+05:30
DABUR,384.48,TOUCHED,0.13,inside,385.0,384.48,384.48,385.73,383.24,0.646,85.2,0.031,0,2026-09-16,2026-09-17,False,False,5.0,2026-09-17T15:16:36+05:30
UPL,557.07,TOUCHED,0.08,above,557.5,557.07,554.92,557.07,552.76,0.778,85.2,0.02,0,2026-09-16,2026-09-17,False,False,5.0,2026-09-17T15:16:36+05:30
MGL,1070.53,TOUCHED,0.31,inside,1073.9,1070.53,1070.53,1075.32,1065.75,0.894,85.5,0.039,0,2026-09-16,2026-09-17,False,False,5.0,2026-09-17T15:16:36+05:30
JYOTICNC,962.32,TOUCHED,2.0,above,981.6,962.32,956.93,962.32,951.55,1.125,85.8,0.035,0,2026-09-16,2026-09-17,False,False,5.0,2026-09-17T15:16:36+05:30
MANKIND,2273.35,TOUCHED,1.18,above,2300.1,2273.35,2264.23,2273.35,2255.12,0.805,85.8,0.038,0,2026-09-16,2026-09-17,False,False,5.0,2026-09-17T15:16:36+05:30
OFSS,11609.67,TOUCHED,-0.13,inside,11595.0,11609.67,11609.67,11659.5,11559.83,0.858,85.8,0.029,0,2026-09-16,2026-09-17,False,False,5.0,2026-09-17T15:16:36+05:30
WHIRLPOOL,735.28,TOUCHED,-1.02,below,727.75,735.28,738.82,742.35,735.28,0.956,86.3,0.045,0,2026-09-16,2026-09-17,False,False,5.0,2026-09-17T15:16:36+05:30
LODHA,1081.28,TOUCHED,2.14,above,1104.4,1081.28,1075.17,1081.28,1069.05,1.138,86.8,0.035,0,2026-09-16,2026-09-17,False,False,5.0,2026-09-17T15:16:36+05:30
CARBORUNIV,1046.67,TOUCHED,3.57,above,1084.0,1046.67,1041.73,1046.67,1036.8,0.947,87.1,0.033,0,2026-09-16,2026-09-17,False,False,5.0,2026-09-17T15:16:36+05:30
GLAXO,2816.95,TOUCHED,-0.6,below,2800.0,2816.95,2830.03,2843.12,2816.95,0.925,87.7,0.014,0,2026-09-16,2026-09-17,False,False,5.0,2026-09-17T15:16:36+05:30
NTPCGREEN,87.24,TOUCHED,0.55,above,87.72,87.24,86.88,87.24,86.53,0.813,87.7,0.014,0,2026-09-16,2026-09-17,False,False,5.0,2026-09-17T15:16:36+05:30
KAJARIACER,1210.37,TOUCHED,0.68,above,1218.6,1210.37,1204.83,1210.37,1199.3,0.919,87.9,0.029,0,2026-09-16,2026-09-17,False,False,5.0,2026-09-17T15:16:36+05:30
COHANCE,430.43,TOUCHED,2.16,above,439.75,430.43,427.92,430.43,425.4,1.176,88.2,0.022,0,2026-09-16,2026-09-17,False,False,5.0,2026-09-17T15:16:36+05:30
WIPRO,167.43,TOUCHED,-0.64,below,166.35,167.43,167.96,168.5,167.43,0.639,88.2,0.013,0,2026-09-16,2026-09-17,False,False,5.0,2026-09-17T15:16:36+05:30
ACUTAAS,3295.04,TOUCHED,0.63,inside,3315.9,3295.04,3295.04,3318.62,3271.45,1.431,88.5,0.036,0,2026-09-16,2026-09-17,False,False,5.0,2026-09-17T15:16:36+05:30
REDINGTON,385.62,TOUCHED,3.7,above,399.9,385.62,383.08,385.62,380.55,1.323,88.8,0.038,0,2026-09-16,2026-09-17,False,False,5.0,2026-09-17T15:16:36+05:30
SBILIFE,1692.17,TOUCHED,4.6,above,1770.0,1692.17,1686.43,1692.17,1680.7,0.68,89.3,0.015,0,2026-09-16,2026-09-17,False,False,5.0,2026-09-17T15:16:36+05:30
SBIN,985.33,TOUCHED,0.12,inside,986.5,985.33,985.33,988.37,982.3,0.616,89.3,0.011,0,2026-09-16,2026-09-17,False,False,5.0,2026-09-17T15:16:36+05:30
HDBFS,675.58,TOUCHED,1.11,above,683.1,675.58,673.17,675.58,670.75,0.718,89.5,0.023,0,2026-09-16,2026-09-17,False,False,5.0,2026-09-17T15:16:36+05:30
LATENTVIEW,255.23,TOUCHED,-0.07,inside,255.05,255.23,255.23,256.78,253.69,1.208,89.6,0.024,0,2026-09-16,2026-09-17,False,False,5.0,2026-09-17T15:16:36+05:30
CARTRADE,2935.63,TOUCHED,0.19,inside,2941.3,2935.63,2935.63,2960.8,2910.47,1.715,90.1,0.052,0,2026-09-16,2026-09-17,False,False,5.0,2026-09-17T15:16:36+05:30
RADICO,4417.87,TOUCHED,-0.51,inside,4395.2,4417.87,4417.87,4441.93,4393.8,1.09,90.1,0.023,0,2026-09-16,2026-09-17,False,False,5.0,2026-09-17T15:16:36+05:30
TATATECH,756.42,TOUCHED,0.47,inside,759.95,756.42,756.42,760.42,752.41,1.06,90.1,0.037,0,2026-09-16,2026-09-17,False,False,5.0,2026-09-17T15:16:36+05:30
VIJAYA,1431.18,TOUCHED,5.35,above,1507.8,1431.18,1424.07,1431.18,1416.95,0.999,90.1,0.036,0,2026-09-16,2026-09-17,False,False,5.0,2026-09-17T15:16:36+05:30
AEGISLOG,1352.6,TOUCHED,-0.05,below,1351.9,1352.6,1362.13,1371.67,1352.6,1.4,90.4,0.033,0,2026-09-16,2026-09-17,False,False,5.0,2026-09-17T15:16:36+05:30
ELGIEQUIP,595.86,TOUCHED,-0.45,below,593.15,595.86,599.22,602.57,595.86,1.121,90.7,0.049,0,2026-09-16,2026-09-17,False,False,5.0,2026-09-17T15:16:36+05:30
BALRAMCHIN,674.97,TOUCHED,-0.09,inside,674.35,674.97,674.97,678.78,671.15,1.131,91.0,0.025,0,2026-09-16,2026-09-17,False,False,5.0,2026-09-17T15:16:36+05:30
SONACOMS,776.55,TOUCHED,0.44,inside,780.0,776.55,776.55,780.83,772.28,1.101,91.2,0.03,0,2026-09-16,2026-09-17,False,False,5.0,2026-09-17T15:16:36+05:30
ACE,1143.13,TOUCHED,5.48,above,1205.8,1143.13,1136.57,1143.13,1130.0,1.156,91.5,0.049,0,2026-09-16,2026-09-17,False,False,5.0,2026-09-17T15:16:36+05:30
LICI,394.0,TOUCHED,1.27,above,399.0,394.0,392.5,394.0,391.0,0.764,91.8,0.031,0,2026-09-16,2026-09-17,False,False,5.0,2026-09-17T15:16:36+05:30
HEG,219.68,TOUCHED,2.79,above,225.8,219.68,218.13,219.68,216.59,1.414,92.1,0.043,0,2026-09-16,2026-09-17,False,False,5.0,2026-09-17T15:16:36+05:30
KALYANKJIL,584.97,TOUCHED,-0.52,below,581.9,584.97,589.03,593.1,584.97,1.381,92.1,0.039,0,2026-09-16,2026-09-17,False,False,5.0,2026-09-17T15:16:36+05:30
TATACAP,345.18,TOUCHED,-0.42,below,343.75,345.18,346.87,348.55,345.18,0.971,92.3,0.015,0,2026-09-16,2026-09-17,False,False,5.0,2026-09-17T15:16:36+05:30
LTM,4278.67,TOUCHED,-0.31,inside,4265.3,4278.67,4278.67,4301.5,4255.83,1.067,92.9,0.032,0,2026-09-16,2026-09-17,False,False,5.0,2026-09-17T15:16:36+05:30
MCX,3187.65,TOUCHED,2.3,above,3261.0,3187.65,3164.1,3187.65,3140.55,1.489,93.4,0.058,0,2026-09-16,2026-09-17,False,False,5.0,2026-09-17T15:16:36+05:30
RKFORGE,684.7,TOUCHED,3.05,above,705.6,684.7,680.6,684.7,676.5,1.205,93.7,0.044,0,2026-09-16,2026-09-17,False,False,5.0,2026-09-17T15:16:36+05:30
CANHLIFE,152.91,TOUCHED,1.3,above,154.9,152.91,151.91,152.91,150.9,1.323,93.9,0.018,0,2026-09-16,2026-09-17,False,False,5.0,2026-09-17T15:16:36+05:30
BRIGADE,618.53,TOUCHED,0.44,inside,621.25,618.53,618.53,622.69,614.38,1.345,94.0,0.024,0,2026-09-16,2026-09-17,False,False,5.0,2026-09-17T15:16:36+05:30
ABSLAMC,1051.23,TOUCHED,3.68,above,1089.9,1051.23,1044.07,1051.23,1036.9,1.373,94.2,0.032,0,2026-09-16,2026-09-17,False,False,5.0,2026-09-17T15:16:36+05:30
TEGA,1705.67,TOUCHED,12.11,above,1912.3,1705.67,1694.23,1705.67,1682.8,1.35,94.2,0.045,0,2026-09-16,2026-09-17,False,False,5.0,2026-09-17T15:16:36+05:30
HONASA,463.55,TOUCHED,-0.52,inside,461.15,463.55,463.55,466.42,460.68,1.24,94.5,0.054,0,2026-09-16,2026-09-17,False,False,5.0,2026-09-17T15:16:36+05:30
NYKAA,327.38,TOUCHED,-1.03,below,324.0,327.38,329.15,330.92,327.38,1.079,94.5,0.028,0,2026-09-16,2026-09-17,False,False,5.0,2026-09-17T15:16:36+05:30
VTL,564.03,TOUCHED,-0.38,inside,561.9,564.03,564.03,567.89,560.17,1.368,94.5,0.029,0,2026-09-16,2026-09-17,False,False,5.0,2026-09-17T15:16:36+05:30
AADHARHFC,455.98,TOUCHED,3.07,above,470.0,455.98,453.27,455.98,450.55,1.199,94.8,0.027,0,2026-09-16,2026-09-17,False,False,5.0,2026-09-17T15:16:36+05:30
GRANULES,850.5,TOUCHED,2.15,above,868.8,850.5,845.53,850.5,840.57,1.175,95.3,0.038,0,2026-09-16,2026-09-17,False,False,5.0,2026-09-17T15:16:36+05:30
APARINDS,16919.17,TOUCHED,5.22,above,17803.0,16919.17,16763.33,16919.17,16607.5,1.859,95.6,0.054,0,2026-09-16,2026-09-17,False,False,5.0,2026-09-17T15:16:36+05:30
TIMKEN,3177.8,TOUCHED,-0.0,below,3177.7,3177.8,3198.07,3218.33,3177.8,1.267,95.6,0.047,0,2026-09-16,2026-09-17,False,False,5.0,2026-09-17T15:16:36+05:30
GLENMARK,2395.35,TOUCHED,0.64,above,2410.6,2395.35,2380.7,2395.35,2366.05,1.231,95.9,0.035,0,2026-09-16,2026-09-17,False,False,5.0,2026-09-17T15:16:36+05:30
TCS,2200.18,TOUCHED,-0.3,below,2193.5,2200.18,2211.57,2222.95,2200.18,1.029,95.9,0.029,0,2026-09-16,2026-09-17,False,False,5.0,2026-09-17T15:16:36+05:30
ANTHEM,928.38,TOUCHED,0.07,above,929.0,928.38,921.73,928.38,915.09,1.441,96.2,0.042,0,2026-09-16,2026-09-17,False,False,5.0,2026-09-17T15:16:36+05:30
URBANCO,161.55,TOUCHED,0.71,inside,162.7,161.55,161.55,163.06,160.05,1.861,96.4,0.044,0,2026-09-16,2026-09-17,False,False,5.0,2026-09-17T15:16:36+05:30
ECLERX,1925.8,TOUCHED,-0.04,inside,1925.0,1925.8,1925.8,1943.5,1908.1,1.838,96.7,0.05,0,2026-09-16,2026-09-17,False,False,5.0,2026-09-17T15:16:36+05:30
WOCKPHARMA,2021.38,V+N,2.52,above,2072.3,2021.38,2021.27,2021.38,2021.15,0.012,2.7,0.057,1,2026-09-16,2026-09-17,True,True,5.0,2026-09-17T20:07:08+05:30
CGPOWER,851.49,V+N,3.35,above,880.0,851.49,851.43,851.49,851.38,0.014,3.0,0.034,1,2026-09-16,2026-09-17,True,True,5.0,2026-09-17T20:07:08+05:30
WELCORP,2397.82,V+W,2.61,above,2460.3,2397.82,2371.13,2397.82,2344.45,2.251,98.9,0.058,1,2026-09-16,2026-09-17,True,False,5.0,2026-09-17T20:07:08+05:30
SIEMENS,3741.62,V,0.58,above,3763.5,3741.62,3741.23,3741.62,3740.85,0.02,5.5,0.018,1,2026-09-16,2026-09-17,True,False,5.0,2026-09-17T20:07:08+05:30
FORTIS,870.75,V,1.76,above,886.1,870.75,870.6,870.75,870.45,0.034,6.0,0.028,1,2026-09-16,2026-09-17,True,False,5.0,2026-09-17T20:07:08+05:30
ABCAPITAL,381.21,V,2.31,above,390.0,381.21,381.12,381.21,381.02,0.048,6.6,0.038,1,2026-09-16,2026-09-17,True,False,5.0,2026-09-17T20:07:08+05:30
MOTHERSON,158.4,V,2.19,above,161.87,158.4,158.36,158.4,158.31,0.055,6.8,0.035,1,2026-09-16,2026-09-17,True,False,5.0,2026-09-17T20:07:08+05:30
NMDC,80.3,V,0.62,above,80.8,80.3,80.29,80.3,80.27,0.042,7.1,0.028,1,2026-09-16,2026-09-17,True,False,5.0,2026-09-17T20:07:08+05:30
IFCI,75.2,V,2.51,above,77.09,75.2,75.15,75.2,75.11,0.124,7.7,0.1,1,2026-09-16,2026-09-17,True,False,5.0,2026-09-17T20:07:08+05:30
AWL,182.11,V,1.06,above,184.04,182.11,182.06,182.11,182.0,0.064,7.9,0.046,1,2026-09-16,2026-09-17,True,False,5.0,2026-09-17T20:07:08+05:30
PIIND,2257.2,V,2.21,above,2307.0,2257.2,2256.8,2257.2,2256.4,0.035,7.9,0.017,1,2026-09-16,2026-09-17,True,False,5.0,2026-09-17T20:07:08+05:30
BOSCHLTD,47587.5,V,0.31,above,47735.0,47587.5,47576.67,47587.5,47565.83,0.046,8.5,0.029,1,2026-09-16,2026-09-17,True,False,5.0,2026-09-17T20:07:08+05:30
VBL,410.77,V,1.14,above,415.45,410.77,410.65,410.77,410.52,0.061,9.0,0.026,1,2026-09-16,2026-09-17,True,False,5.0,2026-09-17T20:07:08+05:30
ADANIPORTS,1723.35,V,0.87,above,1738.3,1723.35,1722.9,1723.35,1722.45,0.052,9.6,0.021,1,2026-09-16,2026-09-17,True,False,5.0,2026-09-17T20:07:08+05:30
HBLENGINE,705.5,V,7.26,above,756.75,705.5,705.22,705.5,704.93,0.08,10.4,0.033,1,2026-09-16,2026-09-17,True,False,5.0,2026-09-17T20:07:08+05:30
JINDALSTEL,1102.4,V,2.36,above,1128.4,1102.4,1101.8,1102.4,1101.2,0.109,15.3,0.036,1,2026-09-16,2026-09-17,True,False,5.0,2026-09-17T20:07:08+05:30
BEL,386.15,V,2.41,above,395.45,386.15,386.02,386.15,385.88,0.069,15.6,0.024,1,2026-09-16,2026-09-17,True,False,5.0,2026-09-17T20:07:08+05:30
SRF,2478.9,V,2.3,above,2536.0,2478.9,2477.7,2478.9,2476.5,0.097,15.6,0.028,1,2026-09-16,2026-09-17,True,False,5.0,2026-09-17T20:07:08+05:30
MEDANTA,1403.92,V,1.43,above,1424.0,1403.92,1403.23,1403.92,1402.55,0.097,17.0,0.031,1,2026-09-16,2026-09-17,True,False,5.0,2026-09-17T20:07:08+05:30
TVSMOTOR,4040.25,V,1.52,above,4101.7,4040.25,4037.83,4040.25,4035.42,0.12,18.6,0.026,1,2026-09-16,2026-09-17,True,False,5.0,2026-09-17T20:07:08+05:30
ENDURANCE,2625.77,V,2.48,above,2690.8,2625.77,2623.13,2625.77,2620.5,0.201,21.6,0.044,1,2026-09-16,2026-09-17,True,False,5.0,2026-09-17T20:07:08+05:30
ASIANPAINT,2420.95,V,1.37,above,2454.0,2420.95,2419.5,2420.95,2418.05,0.12,23.6,0.022,1,2026-09-16,2026-09-17,True,False,5.0,2026-09-17T20:07:08+05:30
TITAGARH,812.16,V,1.85,above,827.15,812.16,811.17,812.16,810.18,0.245,23.8,0.046,1,2026-09-16,2026-09-17,True,False,5.0,2026-09-17T20:07:08+05:30
RAILTEL,252.07,V,2.85,above,259.25,252.07,251.78,252.07,251.5,0.225,24.1,0.041,1,2026-09-16,2026-09-17,True,False,5.0,2026-09-17T20:07:08+05:30
ABREL,1231.82,V,2.08,above,1257.4,1231.82,1230.23,1231.82,1228.65,0.257,27.9,0.025,1,2026-09-16,2026-09-17,True,False,5.0,2026-09-17T20:07:08+05:30
GAIL,170.53,V,0.86,above,172.0,170.53,170.42,170.53,170.3,0.137,27.9,0.015,1,2026-09-16,2026-09-17,True,False,5.0,2026-09-17T20:07:08+05:30
JMFINANCIL,120.23,V,1.89,above,122.51,120.23,120.0,120.23,119.78,0.381,31.8,0.052,1,2026-09-16,2026-09-17,True,False,5.0,2026-09-17T20:07:08+05:30
PCBL,316.59,V,4.05,above,329.4,316.59,316.08,316.59,315.57,0.322,34.2,0.048,1,2026-09-16,2026-09-17,True,False,5.0,2026-09-17T20:07:08+05:30
POWERINDIA,30140.83,V,3.61,above,31230.0,30140.83,30081.67,30140.83,30022.5,0.393,35.6,0.057,1,2026-09-16,2026-09-17,True,False,5.0,2026-09-17T20:07:08+05:30
DLF,621.83,V,2.92,above,640.0,621.83,620.87,621.83,619.9,0.311,40.0,0.028,1,2026-09-16,2026-09-17,True,False,5.0,2026-09-17T20:07:08+05:30
GVT&D,4255.57,V,2.01,above,4341.0,4255.57,4244.13,4255.57,4232.7,0.539,47.4,0.022,1,2026-09-16,2026-09-17,True,False,5.0,2026-09-17T20:07:08+05:30
NIACL,183.84,V,7.19,above,197.05,183.84,183.48,183.84,183.12,0.387,49.9,0.029,1,2026-09-16,2026-09-17,True,False,5.0,2026-09-17T20:07:08+05:30
CASTROLIND,188.64,V,1.63,above,191.72,188.64,188.45,188.64,188.25,0.209,51.5,0.014,1,2026-09-16,2026-09-17,True,False,5.0,2026-09-17T20:07:08+05:30
BLUEJET,563.16,V,0.9,above,568.2,563.16,561.27,563.16,559.38,0.674,52.6,0.042,1,2026-09-16,2026-09-17,True,False,5.0,2026-09-17T20:07:08+05:30
KAYNES,3374.05,V,4.33,above,3520.0,3374.05,3363.1,3374.05,3352.15,0.651,55.1,0.049,1,2026-09-16,2026-09-17,True,False,5.0,2026-09-17T20:07:08+05:30
PHOENIXLTD,1850.72,V,1.16,above,1872.2,1850.72,1846.43,1850.72,1842.15,0.464,55.3,0.045,1,2026-09-16,2026-09-17,True,False,5.0,2026-09-17T20:07:08+05:30
ETERNAL,316.19,V,1.95,above,322.35,316.19,315.38,316.19,314.57,0.513,56.4,0.024,1,2026-09-16,2026-09-17,True,False,5.0,2026-09-17T20:07:08+05:30
EICHERMOT,7488.42,V,0.07,above,7493.5,7488.42,7476.83,7488.42,7465.25,0.31,57.0,0.024,1,2026-09-16,2026-09-17,True,False,5.0,2026-09-17T20:07:08+05:30
GODFRYPHLP,1928.28,V,0.76,above,1943.0,1928.28,1922.57,1928.28,1916.85,0.595,57.0,0.041,1,2026-09-16,2026-09-17,True,False,5.0,2026-09-17T20:07:08+05:30
MARICO,808.78,V,1.02,above,817.0,808.78,807.4,808.78,806.03,0.341,57.3,0.02,1,2026-09-16,2026-09-17,True,False,5.0,2026-09-17T20:07:08+05:30
HINDPETRO,349.25,V,0.39,above,350.6,349.25,348.45,349.25,347.65,0.459,57.5,0.033,1,2026-09-16,2026-09-17,True,False,5.0,2026-09-17T20:07:08+05:30
NAM-INDIA,1127.53,V,-0.76,below,1119.0,1127.53,1131.07,1134.6,1127.53,0.625,59.5,0.031,1,2026-09-16,2026-09-17,True,False,5.0,2026-09-17T20:07:08+05:30
CPPLUS,3561.68,V,-5.15,below,3378.4,3561.68,3575.67,3589.65,3561.68,0.782,60.6,0.036,1,2026-09-16,2026-09-17,True,False,5.0,2026-09-17T20:07:08+05:30
TIINDIA,2559.57,V,1.53,above,2598.8,2559.57,2552.53,2559.57,2545.5,0.551,60.8,0.038,1,2026-09-16,2026-09-17,True,False,5.0,2026-09-17T20:07:08+05:30
HAL,4684.63,V,2.21,above,4788.0,4684.63,4673.67,4684.63,4662.7,0.469,61.9,0.035,1,2026-09-16,2026-09-17,True,False,5.0,2026-09-17T20:07:08+05:30
BPCL,302.58,V,1.46,above,307.0,302.58,301.82,302.58,301.05,0.508,64.1,0.021,1,2026-09-16,2026-09-17,True,False,5.0,2026-09-17T20:07:08+05:30
DATAPATTNS,4302.25,V,2.53,above,4411.1,4302.25,4282.8,4302.25,4263.35,0.908,64.1,0.076,1,2026-09-16,2026-09-17,True,False,5.0,2026-09-17T20:07:08+05:30
IIFL,583.81,V,2.18,above,596.55,583.81,581.92,583.81,580.03,0.65,64.7,0.026,1,2026-09-16,2026-09-17,True,False,5.0,2026-09-17T20:07:08+05:30
DIXON,13139.0,V,1.15,above,13290.0,13139.0,13097.0,13139.0,13055.0,0.641,66.3,0.056,1,2026-09-16,2026-09-17,True,False,5.0,2026-09-17T20:07:08+05:30
SPLPETRO,789.68,V,2.19,above,807.0,789.68,786.67,789.68,783.65,0.767,71.5,0.038,1,2026-09-16,2026-09-17,True,False,5.0,2026-09-17T20:07:08+05:30
GESHIP,1386.7,V,2.77,above,1425.1,1386.7,1381.8,1386.7,1376.9,0.709,72.9,0.034,1,2026-09-16,2026-09-17,True,False,5.0,2026-09-17T20:07:08+05:30
LEMONTREE,102.92,V,1.11,above,104.06,102.92,102.58,102.92,102.23,0.666,74.5,0.023,1,2026-09-16,2026-09-17,True,False,5.0,2026-09-17T20:07:08+05:30
FINCABLES,1357.4,V,2.83,above,1395.8,1357.4,1352.2,1357.4,1347.0,0.769,75.3,0.019,1,2026-09-16,2026-09-17,True,False,5.0,2026-09-17T20:07:08+05:30
ITCHOTELS,152.89,V,0.94,above,154.33,152.89,152.4,152.89,151.9,0.652,77.0,0.04,1,2026-09-16,2026-09-17,True,False,5.0,2026-09-17T20:07:08+05:30
TECHNOE,966.68,V,1.86,above,984.7,966.68,962.32,966.68,957.95,0.908,77.0,0.042,1,2026-09-16,2026-09-17,True,False,5.0,2026-09-17T20:07:08+05:30
ICICIPRULI,468.49,V,4.7,above,490.5,468.49,466.98,468.49,465.48,0.646,77.3,0.021,1,2026-09-16,2026-09-17,True,False,5.0,2026-09-17T20:07:08+05:30
USHAMART,476.93,V,3.93,above,495.65,476.93,475.0,476.93,473.07,0.811,78.9,0.031,1,2026-09-16,2026-09-17,True,False,5.0,2026-09-17T20:07:08+05:30
EMCURE,1940.53,V,-1.58,below,1909.8,1940.53,1949.17,1957.8,1940.53,0.886,79.2,0.027,1,2026-09-16,2026-09-17,True,False,5.0,2026-09-17T20:07:08+05:30
HDFCLIFE,528.63,V,5.37,above,557.0,528.63,527.07,528.63,525.5,0.594,81.1,0.018,1,2026-09-16,2026-09-17,True,False,5.0,2026-09-17T20:07:08+05:30
CAPLIPOINT,2571.53,V,0.97,above,2596.6,2571.53,2560.07,2571.53,2548.6,0.896,81.4,0.032,1,2026-09-16,2026-09-17,True,False,5.0,2026-09-17T20:07:08+05:30
DEEPAKNTR,1584.37,V,1.29,above,1604.8,1584.37,1578.23,1584.37,1572.1,0.777,82.2,0.029,1,2026-09-16,2026-09-17,True,False,5.0,2026-09-17T20:07:08+05:30
ASAHIINDIA,947.37,V,0.35,above,950.7,947.37,942.93,947.37,938.5,0.94,84.4,0.042,1,2026-09-16,2026-09-17,True,False,5.0,2026-09-17T20:07:08+05:30
DEEPAKFERT,1307.98,V,1.27,above,1324.6,1307.98,1300.97,1307.98,1293.95,1.079,86.3,0.044,1,2026-09-16,2026-09-17,True,False,5.0,2026-09-17T20:07:08+05:30
YESBANK,23.49,V,-1.55,below,23.13,23.49,23.59,23.68,23.49,0.791,86.6,0.04,1,2026-09-16,2026-09-17,True,False,5.0,2026-09-17T20:07:08+05:30
KPIL,1384.08,V,1.1,above,1399.3,1384.08,1377.27,1384.08,1370.45,0.99,87.9,0.045,1,2026-09-16,2026-09-17,True,False,5.0,2026-09-17T20:07:08+05:30
ITC,263.47,V,1.04,above,266.2,263.47,262.78,263.47,262.1,0.52,88.5,0.02,1,2026-09-16,2026-09-17,True,False,5.0,2026-09-17T20:07:08+05:30
DIVISLAB,9122.5,V,2.2,above,9323.0,9122.5,9087.0,9122.5,9051.5,0.781,88.8,0.024,1,2026-09-16,2026-09-17,True,False,5.0,2026-09-17T20:07:08+05:30
ANANDRATHI,2197.63,V,0.44,above,2207.4,2197.63,2189.07,2197.63,2180.5,0.783,91.0,0.022,1,2026-09-16,2026-09-17,True,False,5.0,2026-09-17T20:07:08+05:30
ZENTEC,1651.13,V,1.85,above,1681.7,1651.13,1639.47,1651.13,1627.8,1.423,92.1,0.017,1,2026-09-16,2026-09-17,True,False,5.0,2026-09-17T20:07:08+05:30
CUB,225.73,V,2.7,above,231.82,225.73,224.22,225.73,222.71,1.347,92.6,0.034,1,2026-09-16,2026-09-17,True,False,5.0,2026-09-17T20:07:08+05:30
MPHASIS,2329.57,V,-0.41,below,2320.0,2329.57,2342.43,2355.3,2329.57,1.099,92.6,0.026,1,2026-09-16,2026-09-17,True,False,5.0,2026-09-17T20:07:08+05:30
PREMIERENE,904.72,V,-2.73,below,880.0,904.72,910.43,916.15,904.72,1.256,93.2,0.031,1,2026-09-16,2026-09-17,True,False,5.0,2026-09-17T20:07:08+05:30
APLAPOLLO,2109.03,V,1.87,above,2148.5,2109.03,2098.07,2109.03,2087.1,1.045,94.8,0.016,1,2026-09-16,2026-09-17,True,False,5.0,2026-09-17T20:07:08+05:30
SYRMA,1497.6,V,8.02,above,1617.7,1497.6,1484.0,1497.6,1470.4,1.833,95.6,0.045,1,2026-09-16,2026-09-17,True,False,5.0,2026-09-17T20:07:08+05:30
BEML,1972.82,V,2.05,above,2013.3,1972.82,1953.73,1972.82,1934.65,1.954,95.9,0.025,1,2026-09-16,2026-09-17,True,False,5.0,2026-09-17T20:07:08+05:30
RHIM,363.6,NARROW,0.65,above,365.95,363.6,363.6,363.6,363.6,0.0,0.0,0.028,0,2026-09-16,2026-09-17,False,True,5.0,2026-09-17T20:07:08+05:30
RRKABEL,2397.1,NARROW,-0.28,below,2390.5,2397.1,2397.2,2397.3,2397.1,0.008,1.4,0.045,0,2026-09-16,2026-09-17,False,True,5.0,2026-09-17T20:07:08+05:30
SARDAEN,497.33,NARROW,1.93,above,506.95,497.33,497.32,497.33,497.3,0.007,1.4,0.027,0,2026-09-16,2026-09-17,False,True,5.0,2026-09-17T20:07:08+05:30
SAREGAMA,486.6,NARROW,0.54,above,489.25,486.6,486.58,486.6,486.57,0.007,1.4,0.046,0,2026-09-16,2026-09-17,False,True,5.0,2026-09-17T20:07:08+05:30
TORNTPHARM,4812.75,NARROW,1.29,above,4875.0,4812.75,4812.67,4812.75,4812.58,0.003,1.4,0.023,0,2026-09-16,2026-09-17,False,True,5.0,2026-09-17T20:07:08+05:30
AEGISVOPAK,296.95,NARROW,4.63,above,310.7,296.95,296.95,296.95,296.95,0.0,1.8,0.028,0,2026-09-16,2026-09-17,False,True,5.0,2026-09-17T20:07:08+05:30
ASHOKLEY,156.49,NARROW,1.36,above,158.62,156.49,156.49,156.49,156.48,0.009,1.9,0.022,0,2026-09-16,2026-09-17,False,True,5.0,2026-09-17T20:07:08+05:30
KEI,4506.25,NARROW,1.19,above,4560.0,4506.25,4506.17,4506.25,4506.08,0.004,1.9,0.025,0,2026-09-16,2026-09-17,False,True,5.0,2026-09-17T20:07:08+05:30
KIMS,766.75,NARROW,3.27,above,791.85,766.75,766.72,766.75,766.68,0.009,1.9,0.039,0,2026-09-16,2026-09-17,False,True,5.0,2026-09-17T20:07:08+05:30
CYIENT,1054.65,NARROW,0.89,above,1064.0,1054.65,1054.6,1054.65,1054.55,0.009,2.5,0.026,0,2026-09-16,2026-09-17,False,True,5.0,2026-09-17T20:07:08+05:30
POLYMED,1704.38,NARROW,0.49,above,1712.7,1704.38,1704.17,1704.38,1703.95,0.025,2.5,0.045,0,2026-09-16,2026-09-17,False,True,5.0,2026-09-17T20:07:08+05:30
HINDZINC,567.46,NARROW,0.85,above,572.3,567.46,567.42,567.46,567.38,0.015,2.7,0.041,0,2026-09-16,2026-09-17,False,True,5.0,2026-09-17T20:07:08+05:30
MOTILALOFS,976.85,NARROW,1.21,above,988.7,976.85,976.73,976.85,976.62,0.024,2.7,0.045,0,2026-09-16,2026-09-17,False,True,5.0,2026-09-17T20:07:08+05:30
ANURAS,1178.23,NARROW,0.26,above,1181.3,1178.23,1178.17,1178.23,1178.1,0.011,3.0,0.025,0,2026-09-16,2026-09-17,False,True,5.0,2026-09-17T20:07:08+05:30
TRAVELFOOD,1215.2,NARROW,1.38,above,1232.0,1215.2,1215.1,1215.2,1215.0,0.016,3.7,0.032,0,2026-09-16,2026-09-17,False,True,5.0,2026-09-17T20:07:08+05:30
IGL,148.79,NARROW,-0.08,below,148.67,148.79,148.81,148.83,148.79,0.027,3.8,0.046,0,2026-09-16,2026-09-17,False,True,5.0,2026-09-17T20:07:08+05:30
ABB,6979.42,NARROW,2.16,above,7130.5,6979.42,6978.83,6979.42,6978.25,0.017,4.1,0.028,0,2026-09-16,2026-09-17,False,True,5.0,2026-09-17T20:07:08+05:30
ACC,1227.05,NARROW,0.44,above,1232.5,1227.05,1226.9,1227.05,1226.75,0.024,4.1,0.033,0,2026-09-16,2026-09-17,False,True,5.0,2026-09-17T20:07:08+05:30
BLS,226.71,NARROW,0.46,above,227.74,226.71,226.67,226.71,226.63,0.031,4.1,0.032,0,2026-09-16,2026-09-17,False,True,5.0,2026-09-17T20:07:08+05:30
LINDEINDIA,6088.83,NARROW,0.09,above,6094.5,6088.83,6088.17,6088.83,6087.5,0.022,4.1,0.024,0,2026-09-16,2026-09-17,False,True,5.0,2026-09-17T20:07:08+05:30
ERIS,1303.75,NARROW,0.53,above,1310.7,1303.75,1303.57,1303.75,1303.38,0.028,4.9,0.029,0,2026-09-16,2026-09-17,False,True,5.0,2026-09-17T20:07:08+05:30
3MINDIA,32361.67,WIDE,0.52,inside,32530.0,32361.67,32361.67,32575.0,32148.33,1.318,97.3,0.027,0,2026-09-16,2026-09-17,False,False,5.0,2026-09-17T20:07:08+05:30
MFSL,1477.62,WIDE,5.17,above,1554.0,1477.62,1467.63,1477.62,1457.65,1.36,98.1,0.019,0,2026-09-16,2026-09-17,False,False,5.0,2026-09-17T20:07:08+05:30
POLICYBZR,1778.55,WIDE,-0.76,below,1765.0,1778.55,1794.73,1810.92,1778.55,1.803,98.9,0.037,0,2026-09-16,2026-09-17,False,False,5.0,2026-09-17T20:07:08+05:30
LALPATHLAB,1934.77,WIDE,-0.52,inside,1924.7,1934.77,1934.77,1954.3,1915.23,2.019,99.2,0.043,0,2026-09-16,2026-09-17,False,False,5.0,2026-09-17T20:07:08+05:30
AFCONS,253.77,WIDE,5.33,above,267.3,253.77,249.13,253.77,244.5,3.72,99.5,0.023,0,2026-09-16,2026-09-17,False,False,5.0,2026-09-17T20:07:08+05:30
PATANJALI,356.63,WIDE,-0.61,inside,354.45,356.63,356.63,360.82,352.45,2.346,99.5,0.015,0,2026-09-16,2026-09-17,False,False,5.0,2026-09-17T20:07:08+05:30
INDIAMART,1706.53,TOUCHED,-2.57,below,1662.7,1706.53,1706.77,1707.0,1706.53,0.027,5.8,0.025,0,2026-09-16,2026-09-17,False,False,5.0,2026-09-17T20:07:08+05:30
JUBLINGREA,632.35,TOUCHED,0.14,above,633.25,632.35,632.22,632.35,632.08,0.042,5.8,0.036,0,2026-09-16,2026-09-17,False,False,5.0,2026-09-17T20:07:08+05:30
TATACONSUM,999.95,TOUCHED,1.38,above,1013.7,999.95,999.8,999.95,999.65,0.03,5.8,0.027,0,2026-09-16,2026-09-17,False,False,5.0,2026-09-17T20:07:08+05:30
IRCON,107.87,TOUCHED,-0.01,inside,107.86,107.87,107.87,107.89,107.84,0.052,6.0,0.043,0,2026-09-16,2026-09-17,False,False,5.0,2026-09-17T20:07:08+05:30
ELECON,407.72,TOUCHED,1.69,above,414.6,407.72,407.6,407.72,407.48,0.061,6.6,0.036,0,2026-09-16,2026-09-17,False,False,5.0,2026-09-17T20:07:08+05:30
INDHOTEL,713.32,TOUCHED,1.87,above,726.65,713.32,713.23,713.32,713.15,0.023,6.6,0.018,0,2026-09-16,2026-09-17,False,False,5.0,2026-09-17T20:07:08+05:30
JAINREC,274.92,TOUCHED,-0.32,below,274.05,274.92,275.03,275.15,274.92,0.085,6.7,0.061,0,2026-09-16,2026-09-17,False,False,5.0,2026-09-17T20:07:08+05:30
DALBHARAT,1693.03,TOUCHED,0.02,inside,1693.3,1693.03,1693.03,1693.32,1692.75,0.033,6.8,0.025,0,2026-09-16,2026-09-17,False,False,5.0,2026-09-17T20:07:08+05:30
PRESTIGE,1425.55,TOUCHED,1.02,above,1440.1,1425.55,1425.03,1425.55,1424.52,0.073,6.8,0.047,0,2026-09-16,2026-09-17,False,False,5.0,2026-09-17T20:07:08+05:30
RVNL,197.67,TOUCHED,2.04,above,201.7,197.67,197.61,197.67,197.56,0.057,6.8,0.032,0,2026-09-16,2026-09-17,False,False,5.0,2026-09-17T20:07:08+05:30
SIGNATURE,752.36,TOUCHED,0.39,above,755.3,752.36,752.22,752.36,752.07,0.038,6.8,0.029,0,2026-09-16,2026-09-17,False,False,5.0,2026-09-17T20:07:08+05:30
FACT,748.73,TOUCHED,1.48,above,759.8,748.73,748.47,748.73,748.2,0.071,7.7,0.056,0,2026-09-16,2026-09-17,False,False,5.0,2026-09-17T20:07:08+05:30
GRAVITA,1623.1,TOUCHED,-0.71,below,1611.6,1623.1,1623.5,1623.9,1623.1,0.049,7.9,0.031,0,2026-09-16,2026-09-17,False,False,5.0,2026-09-17T20:07:08+05:30
DEVYANI,136.64,TOUCHED,1.37,above,138.51,136.64,136.58,136.64,136.53,0.078,8.5,0.04,0,2026-09-16,2026-09-17,False,False,5.0,2026-09-17T20:07:08+05:30
IREDA,108.49,TOUCHED,0.46,above,108.99,108.49,108.46,108.49,108.43,0.058,8.5,0.043,0,2026-09-16,2026-09-17,False,False,5.0,2026-09-17T20:07:08+05:30
ZENSARTECH,449.7,TOUCHED,-1.75,below,441.85,449.7,449.85,450.0,449.7,0.067,8.5,0.035,0,2026-09-16,2026-09-17,False,False,5.0,2026-09-17T20:07:08+05:30
ABFRL,49.72,TOUCHED,1.47,above,50.45,49.72,49.7,49.72,49.68,0.08,8.8,0.027,0,2026-09-16,2026-09-17,False,False,5.0,2026-09-17T20:07:08+05:30
PFC,346.12,TOUCHED,-0.34,below,344.95,346.12,346.25,346.38,346.12,0.072,9.3,0.032,0,2026-09-16,2026-09-17,False,False,5.0,2026-09-17T20:07:08+05:30
FLUOROCHEM,4526.8,TOUCHED,-1.22,below,4471.8,4526.8,4528.07,4529.33,4526.8,0.056,9.9,0.022,0,2026-09-16,2026-09-17,False,False,5.0,2026-09-17T20:07:08+05:30
ACMESOLAR,418.25,TOUCHED,-1.66,below,411.3,418.25,418.5,418.75,418.25,0.119,10.1,0.05,0,2026-09-16,2026-09-17,False,False,5.0,2026-09-17T20:07:08+05:30
PFIZER,4015.52,TOUCHED,-0.02,below,4014.8,4015.52,4016.63,4017.75,4015.52,0.056,10.4,0.025,0,2026-09-16,2026-09-17,False,False,5.0,2026-09-17T20:07:08+05:30
SAPPHIRE,223.2,TOUCHED,4.5,above,233.24,223.2,223.08,223.2,222.96,0.108,11.0,0.05,0,2026-09-16,2026-09-17,False,False,5.0,2026-09-17T20:07:08+05:30
DELHIVERY,421.66,TOUCHED,1.02,above,425.95,421.66,421.52,421.66,421.38,0.067,11.2,0.019,0,2026-09-16,2026-09-17,False,False,5.0,2026-09-17T20:07:08+05:30
FORCEMOT,17370.0,TOUCHED,1.61,above,17650.0,17370.0,17357.0,17370.0,17344.0,0.15,11.2,0.049,0,2026-09-16,2026-09-17,False,False,5.0,2026-09-17T20:07:08+05:30
IRFC,78.92,TOUCHED,0.49,above,79.31,78.92,78.9,78.92,78.87,0.068,11.2,0.033,0,2026-09-16,2026-09-17,False,False,5.0,2026-09-17T20:07:08+05:30
CENTRALBK,30.4,TOUCHED,-0.01,below,30.4,30.4,30.42,30.43,30.4,0.088,11.5,0.029,0,2026-09-16,2026-09-17,False,False,5.0,2026-09-17T20:07:08+05:30
TENNIND,511.78,TOUCHED,0.44,above,514.05,511.78,511.52,511.78,511.25,0.104,11.5,0.013,0,2026-09-16,2026-09-17,False,False,5.0,2026-09-17T20:07:08+05:30
CONCORDBIO,1456.15,TOUCHED,0.34,above,1461.1,1456.15,1455.37,1456.15,1454.58,0.108,12.1,0.022,0,2026-09-16,2026-09-17,False,False,5.0,2026-09-17T20:07:08+05:30
PAYTM,1791.1,TOUCHED,-1.57,below,1763.0,1791.1,1792.2,1793.3,1791.1,0.123,12.1,0.051,0,2026-09-16,2026-09-17,False,False,5.0,2026-09-17T20:07:08+05:30
CHAMBLFERT,408.88,TOUCHED,1.23,above,413.9,408.88,408.67,408.88,408.45,0.106,12.3,0.035,0,2026-09-16,2026-09-17,False,False,5.0,2026-09-17T20:07:08+05:30
TATASTEEL,182.95,TOUCHED,2.37,above,187.29,182.95,182.89,182.95,182.84,0.058,12.6,0.021,0,2026-09-16,2026-09-17,False,False,5.0,2026-09-17T20:07:08+05:30
AMBER,6926.0,TOUCHED,1.73,above,7046.0,6926.0,6922.0,6926.0,6918.0,0.116,12.9,0.027,0,2026-09-16,2026-09-17,False,False,5.0,2026-09-17T20:07:08+05:30
THERMAX,3535.22,TOUCHED,0.97,above,3569.5,3535.22,3533.63,3535.22,3532.05,0.09,12.9,0.023,0,2026-09-16,2026-09-17,False,False,5.0,2026-09-17T20:07:08+05:30
ADANIPOWER,202.7,TOUCHED,1.59,above,205.92,202.7,202.58,202.7,202.46,0.118,13.4,0.053,0,2026-09-16,2026-09-17,False,False,5.0,2026-09-17T20:07:08+05:30
IRCTC,452.72,TOUCHED,0.95,above,457.0,452.72,452.48,452.72,452.25,0.103,13.7,0.043,0,2026-09-16,2026-09-17,False,False,5.0,2026-09-17T20:07:08+05:30
NESTLEIND,1382.85,TOUCHED,-0.89,below,1370.6,1382.85,1383.4,1383.95,1382.85,0.08,13.7,0.033,0,2026-09-16,2026-09-17,False,False,5.0,2026-09-17T20:07:08+05:30
CESC,141.73,TOUCHED,-0.12,below,141.56,141.73,141.79,141.85,141.73,0.085,14.0,0.037,0,2026-09-16,2026-09-17,False,False,5.0,2026-09-17T20:07:08+05:30
HINDUNILVR,1960.25,TOUCHED,-0.92,below,1942.2,1960.25,1960.83,1961.42,1960.25,0.059,14.0,0.015,0,2026-09-16,2026-09-17,False,False,5.0,2026-09-17T20:07:08+05:30
TRITURBINE,540.55,TOUCHED,3.01,above,556.8,540.55,540.3,540.55,540.05,0.093,14.2,0.022,0,2026-09-16,2026-09-17,False,False,5.0,2026-09-17T20:07:08+05:30
ATUL,6073.25,TOUCHED,0.99,above,6133.5,6073.25,6070.5,6073.25,6067.75,0.091,14.8,0.014,0,2026-09-16,2026-09-17,False,False,5.0,2026-09-17T20:07:08+05:30
CEMPRO,1238.25,TOUCHED,1.36,above,1255.1,1238.25,1237.2,1238.25,1236.15,0.17,15.1,0.062,0,2026-09-16,2026-09-17,False,False,5.0,2026-09-17T20:07:08+05:30
NH,1850.78,TOUCHED,0.96,above,1868.6,1850.78,1849.97,1850.78,1849.15,0.088,15.1,0.034,0,2026-09-16,2026-09-17,False,False,5.0,2026-09-17T20:07:08+05:30
RPOWER,20.85,TOUCHED,0.98,above,21.05,20.85,20.82,20.85,20.8,0.208,15.1,0.073,0,2026-09-16,2026-09-17,False,False,5.0,2026-09-17T20:07:08+05:30
UTIAMC,896.55,TOUCHED,0.19,above,898.25,896.55,896.1,896.55,895.65,0.1,15.3,0.031,0,2026-09-16,2026-09-17,False,False,5.0,2026-09-17T20:07:08+05:30
BERGEPAINT,447.91,TOUCHED,0.15,above,448.6,447.91,447.67,447.91,447.43,0.108,15.6,0.013,0,2026-09-16,2026-09-17,False,False,5.0,2026-09-17T20:07:08+05:30
INDIACEM,335.18,TOUCHED,4.93,above,351.7,335.18,335.0,335.18,334.82,0.104,15.9,0.031,0,2026-09-16,2026-09-17,False,False,5.0,2026-09-17T20:07:08+05:30
SOBHA,1183.9,TOUCHED,0.46,above,1189.4,1183.9,1183.2,1183.9,1182.5,0.118,15.9,0.028,0,2026-09-16,2026-09-17,False,False,5.0,2026-09-17T20:07:08+05:30
DOMS,2088.5,TOUCHED,1.58,above,2121.6,2088.5,2087.4,2088.5,2086.3,0.105,16.2,0.028,0,2026-09-16,2026-09-17,False,False,5.0,2026-09-17T20:07:08+05:30
SUNDARMFIN,4663.05,TOUCHED,-0.01,below,4662.8,4663.05,4666.17,4669.28,4663.05,0.134,16.2,0.029,0,2026-09-16,2026-09-17,False,False,5.0,2026-09-17T20:07:08+05:30
BIKAJI,540.71,TOUCHED,2.21,above,552.65,540.71,540.47,540.71,540.23,0.089,16.7,0.018,0,2026-09-16,2026-09-17,False,False,5.0,2026-09-17T20:07:08+05:30
NATCOPHARM,814.88,TOUCHED,0.41,above,818.25,814.88,814.35,814.88,813.82,0.129,16.7,0.019,0,2026-09-16,2026-09-17,False,False,5.0,2026-09-17T20:07:08+05:30
CRISIL,4569.1,TOUCHED,-0.2,below,4560.0,4569.1,4572.33,4575.57,4569.1,0.141,17.3,0.049,0,2026-09-16,2026-09-17,False,False,5.0,2026-09-17T20:07:08+05:30
HYUNDAI,2158.7,TOUCHED,0.06,above,2160.0,2158.7,2157.47,2158.7,2156.23,0.114,17.3,0.027,0,2026-09-16,2026-09-17,False,False,5.0,2026-09-17T20:07:08+05:30
BANKINDIA,138.1,TOUCHED,0.05,above,138.17,138.1,138.0,138.1,137.91,0.14,17.5,0.026,0,2026-09-16,2026-09-17,False,False,5.0,2026-09-17T20:07:08+05:30
APTUS,239.43,TOUCHED,-0.11,below,239.16,239.43,239.59,239.75,239.43,0.134,17.8,0.026,0,2026-09-16,2026-09-17,False,False,5.0,2026-09-17T20:07:08+05:30
IDFCFIRSTB,85.16,TOUCHED,1.37,above,86.33,85.16,85.11,85.16,85.06,0.117,17.8,0.033,0,2026-09-16,2026-09-17,False,False,5.0,2026-09-17T20:07:08+05:30
ENRIN,3020.0,TOUCHED,2.95,above,3109.1,3020.0,3017.8,3020.0,3015.6,0.146,18.2,0.025,0,2026-09-16,2026-09-17,False,False,5.0,2026-09-17T20:07:08+05:30
HONAUT,33876.67,TOUCHED,0.11,above,33915.0,33876.67,33858.33,33876.67,33840.0,0.108,18.6,0.027,0,2026-09-16,2026-09-17,False,False,5.0,2026-09-17T20:07:08+05:30
POONAWALLA,432.14,TOUCHED,0.15,above,432.8,432.14,431.83,432.14,431.53,0.143,18.6,0.031,0,2026-09-16,2026-09-17,False,False,5.0,2026-09-17T20:07:08+05:30
CDSL,1301.95,TOUCHED,3.64,above,1349.4,1301.95,1300.97,1301.95,1299.98,0.151,19.2,0.034,0,2026-09-16,2026-09-17,False,False,5.0,2026-09-17T20:07:08+05:30
SBFC,93.72,TOUCHED,-0.43,below,93.32,93.72,93.78,93.83,93.72,0.124,19.2,0.03,0,2026-09-16,2026-09-17,False,False,5.0,2026-09-17T20:07:08+05:30
HFCL,213.16,TOUCHED,-1.74,below,209.45,213.16,213.41,213.65,213.16,0.233,19.5,0.031,0,2026-09-16,2026-09-17,False,False,5.0,2026-09-17T20:07:08+05:30
RECLTD,312.1,TOUCHED,-0.51,below,310.5,312.1,312.28,312.47,312.1,0.117,19.5,0.015,0,2026-09-16,2026-09-17,False,False,5.0,2026-09-17T20:07:08+05:30
INTELLECT,657.62,TOUCHED,-0.96,below,651.3,657.62,658.23,658.84,657.62,0.185,19.7,0.043,0,2026-09-16,2026-09-17,False,False,5.0,2026-09-17T20:07:08+05:30
M&MFIN,344.77,TOUCHED,0.27,above,345.7,344.77,344.5,344.77,344.23,0.16,19.7,0.037,0,2026-09-16,2026-09-17,False,False,5.0,2026-09-17T20:07:08+05:30
MUTHOOTFIN,2769.23,TOUCHED,0.03,above,2770.2,2769.23,2767.07,2769.23,2764.9,0.157,19.7,0.04,0,2026-09-16,2026-09-17,False,False,5.0,2026-09-17T20:07:08+05:30
PETRONET,281.93,TOUCHED,0.54,above,283.45,281.93,281.77,281.93,281.6,0.118,19.7,0.026,0,2026-09-16,2026-09-17,False,False,5.0,2026-09-17T20:07:08+05:30
ABLBL,82.48,TOUCHED,-0.08,below,82.41,82.48,82.56,82.64,82.48,0.194,20.0,0.054,0,2026-09-16,2026-09-17,False,False,5.0,2026-09-17T20:07:08+05:30
M&M,3075.25,TOUCHED,0.04,above,3076.5,3075.25,3073.5,3075.25,3071.75,0.114,20.0,0.026,0,2026-09-16,2026-09-17,False,False,5.0,2026-09-17T20:07:08+05:30
AUROPHARMA,1642.02,TOUCHED,2.92,above,1690.0,1642.02,1641.03,1642.02,1640.05,0.12,20.3,0.039,0,2026-09-16,2026-09-17,False,False,5.0,2026-09-17T20:07:08+05:30
ICICIGI,1442.75,TOUCHED,3.05,above,1486.7,1442.75,1441.83,1442.75,1440.92,0.127,20.3,0.021,0,2026-09-16,2026-09-17,False,False,5.0,2026-09-17T20:07:08+05:30
DCMSHRIRAM,987.07,TOUCHED,-0.31,below,984.0,987.07,987.83,988.6,987.07,0.155,20.5,0.024,0,2026-09-16,2026-09-17,False,False,5.0,2026-09-17T20:07:08+05:30
LAURUSLABS,1904.32,TOUCHED,2.3,above,1948.1,1904.32,1903.13,1904.32,1901.95,0.124,20.8,0.019,0,2026-09-16,2026-09-17,False,False,5.0,2026-09-17T20:07:08+05:30
LTFOODS,417.37,TOUCHED,1.09,above,421.9,417.37,416.98,417.37,416.6,0.184,20.8,0.036,0,2026-09-16,2026-09-17,False,False,5.0,2026-09-17T20:07:08+05:30
PWL,127.87,TOUCHED,-0.05,inside,127.8,127.87,127.87,128.03,127.7,0.263,21.0,0.07,0,2026-09-16,2026-09-17,False,False,5.0,2026-09-17T20:07:08+05:30
SUPREMEIND,3308.3,TOUCHED,1.09,above,3344.4,3308.3,3305.53,3308.3,3302.77,0.167,21.4,0.034,0,2026-09-16,2026-09-17,False,False,5.0,2026-09-17T20:07:08+05:30
RITES,205.41,TOUCHED,1.23,above,207.93,205.41,205.25,205.41,205.08,0.159,21.6,0.033,0,2026-09-16,2026-09-17,False,False,5.0,2026-09-17T20:07:08+05:30
DRREDDY,1141.9,TOUCHED,2.9,above,1175.0,1141.9,1141.27,1141.9,1140.63,0.111,21.9,0.017,0,2026-09-16,2026-09-17,False,False,5.0,2026-09-17T20:07:08+05:30
BAJAJHFL,83.0,TOUCHED,-0.37,below,82.7,83.0,83.05,83.09,83.0,0.104,22.5,0.024,0,2026-09-16,2026-09-17,False,False,5.0,2026-09-17T20:07:08+05:30
MAHABANK,80.45,TOUCHED,0.44,above,80.8,80.45,80.37,80.45,80.29,0.199,22.5,0.042,0,2026-09-16,2026-09-17,False,False,5.0,2026-09-17T20:07:08+05:30
PARADEEP,147.47,TOUCHED,4.3,above,153.81,147.47,147.26,147.47,147.05,0.285,22.7,0.04,0,2026-09-16,2026-09-17,False,False,5.0,2026-09-17T20:07:08+05:30
SHRIRAMFIN,981.45,TOUCHED,1.38,above,995.0,981.45,980.63,981.45,979.82,0.167,23.0,0.033,0,2026-09-16,2026-09-17,False,False,5.0,2026-09-17T20:07:08+05:30
ANANTRAJ,585.88,TOUCHED,1.88,above,596.9,585.88,585.08,585.88,584.29,0.271,23.3,0.07,0,2026-09-16,2026-09-17,False,False,5.0,2026-09-17T20:07:08+05:30
BHEL,411.7,TOUCHED,4.25,above,429.2,411.7,411.33,411.7,410.97,0.178,24.1,0.042,0,2026-09-16,2026-09-17,False,False,5.0,2026-09-17T20:07:08+05:30
GODIGIT,251.6,TOUCHED,1.55,above,255.5,251.6,251.37,251.6,251.13,0.186,24.1,0.028,0,2026-09-16,2026-09-17,False,False,5.0,2026-09-17T20:07:08+05:30
PINELABS,186.02,TOUCHED,-0.83,below,184.48,186.02,186.34,186.65,186.02,0.336,24.1,0.053,0,2026-09-16,2026-09-17,False,False,5.0,2026-09-17T20:07:08+05:30
IDEA,14.28,TOUCHED,-0.4,below,14.22,14.28,14.29,14.31,14.28,0.233,24.4,0.044,0,2026-09-16,2026-09-17,False,False,5.0,2026-09-17T20:07:08+05:30
PIRAMALFIN,2208.7,TOUCHED,2.04,above,2253.8,2208.7,2206.17,2208.7,2203.63,0.23,25.0,0.05,0,2026-09-16,2026-09-17,False,False,5.0,2026-09-17T20:07:08+05:30
ENGINERSIN,260.3,TOUCHED,1.33,above,263.75,260.3,259.95,260.3,259.6,0.269,25.2,0.038,0,2026-09-16,2026-09-17,False,False,5.0,2026-09-17T20:07:08+05:30
GMDCLTD,546.02,TOUCHED,0.57,above,549.15,546.02,545.13,546.02,544.24,0.327,25.2,0.078,0,2026-09-16,2026-09-17,False,False,5.0,2026-09-17T20:07:08+05:30
TRENT,2766.98,TOUCHED,0.8,above,2789.0,2766.98,2764.27,2766.98,2761.55,0.197,25.2,0.044,0,2026-09-16,2026-09-17,False,False,5.0,2026-09-17T20:07:08+05:30
GRASIM,3180.45,TOUCHED,-0.23,below,3173.1,3180.45,3182.63,3184.82,3180.45,0.137,25.5,0.017,0,2026-09-16,2026-09-17,False,False,5.0,2026-09-17T20:07:08+05:30
BALKRISIND,2123.28,TOUCHED,2.24,above,2170.8,2123.28,2121.67,2123.28,2120.05,0.152,25.8,0.027,0,2026-09-16,2026-09-17,False,False,5.0,2026-09-17T20:07:08+05:30
IGIL,314.02,TOUCHED,0.28,above,314.9,314.02,313.65,314.02,313.28,0.239,25.8,0.028,0,2026-09-16,2026-09-17,False,False,5.0,2026-09-17T20:07:08+05:30
CHALET,842.28,TOUCHED,0.0,inside,842.3,842.28,842.28,843.19,841.38,0.216,26.3,0.027,0,2026-09-16,2026-09-17,False,False,5.0,2026-09-17T20:07:08+05:30
CHENNPETRO,1449.5,TOUCHED,-2.44,below,1414.1,1449.5,1451.67,1453.83,1449.5,0.299,26.3,0.026,0,2026-09-16,2026-09-17,False,False,5.0,2026-09-17T20:07:08+05:30
SAMMAANCAP,142.0,TOUCHED,0.15,above,142.22,142.0,141.81,142.0,141.62,0.268,26.3,0.041,0,2026-09-16,2026-09-17,False,False,5.0,2026-09-17T20:07:08+05:30
AIIL,527.4,TOUCHED,-0.04,inside,527.2,527.4,527.4,528.18,526.62,0.294,26.8,0.044,0,2026-09-16,2026-09-17,False,False,5.0,2026-09-17T20:07:08+05:30
MAPMYINDIA,882.27,TOUCHED,0.85,above,889.8,882.27,881.43,882.27,880.6,0.189,27.1,0.031,0,2026-09-16,2026-09-17,False,False,5.0,2026-09-17T20:07:08+05:30
SCHNEIDER,1196.42,TOUCHED,0.46,above,1201.9,1196.42,1194.23,1196.42,1192.05,0.366,27.1,0.028,0,2026-09-16,2026-09-17,False,False,5.0,2026-09-17T20:07:08+05:30
MAZDOCK,2234.37,TOUCHED,-1.09,below,2210.0,2234.37,2236.83,2239.3,2234.37,0.221,27.4,0.042,0,2026-09-16,2026-09-17,False,False,5.0,2026-09-17T20:07:08+05:30
JWL,229.57,TOUCHED,0.72,above,231.23,229.57,229.27,229.57,228.97,0.263,27.7,0.044,0,2026-09-16,2026-09-17,False,False,5.0,2026-09-17T20:07:08+05:30
HUDCO,169.54,TOUCHED,0.01,above,169.55,169.54,169.35,169.54,169.15,0.226,27.9,0.036,0,2026-09-16,2026-09-17,False,False,5.0,2026-09-17T20:07:08+05:30
INDIANB,840.75,TOUCHED,-0.03,below,840.5,840.75,841.5,842.25,840.75,0.178,27.9,0.025,0,2026-09-16,2026-09-17,False,False,5.0,2026-09-17T20:07:08+05:30
TRIDENT,23.11,TOUCHED,-0.13,below,23.08,23.11,23.13,23.15,23.11,0.173,27.9,0.027,0,2026-09-16,2026-09-17,False,False,5.0,2026-09-17T20:07:08+05:30
AXISBANK,1239.07,TOUCHED,0.08,inside,1240.0,1239.07,1239.07,1240.03,1238.1,0.156,28.2,0.024,0,2026-09-16,2026-09-17,False,False,5.0,2026-09-17T20:07:08+05:30
SJVN,64.0,TOUCHED,1.17,above,64.75,64.0,63.94,64.0,63.88,0.193,28.5,0.027,0,2026-09-16,2026-09-17,False,False,5.0,2026-09-17T20:07:08+05:30
IDBI,82.61,TOUCHED,-0.88,below,81.89,82.61,82.73,82.84,82.61,0.27,29.0,0.033,0,2026-09-16,2026-09-17,False,False,5.0,2026-09-17T20:07:08+05:30
OLECTRA,1172.7,TOUCHED,1.15,above,1186.2,1172.7,1171.13,1172.7,1169.57,0.268,29.0,0.033,0,2026-09-16,2026-09-17,False,False,5.0,2026-09-17T20:07:08+05:30
GABRIEL,1288.8,TOUCHED,-0.4,below,1283.7,1288.8,1291.1,1293.4,1288.8,0.356,29.3,0.039,0,2026-09-16,2026-09-17,False,False,5.0,2026-09-17T20:07:08+05:30
SUMICHEM,453.37,TOUCHED,0.46,above,455.45,453.37,452.7,453.37,452.02,0.298,29.6,0.039,0,2026-09-16,2026-09-17,False,False,5.0,2026-09-17T20:07:08+05:30
IPCALAB,1948.47,TOUCHED,1.12,above,1970.3,1948.47,1946.23,1948.47,1944.0,0.23,29.9,0.032,0,2026-09-16,2026-09-17,False,False,5.0,2026-09-17T20:07:08+05:30
HEROMOTOCO,5250.75,TOUCHED,1.41,above,5325.0,5250.75,5245.5,5250.75,5240.25,0.2,30.1,0.019,0,2026-09-16,2026-09-17,False,False,5.0,2026-09-17T20:07:08+05:30
THELEELA,523.58,TOUCHED,1.23,above,530.0,523.58,522.95,523.58,522.33,0.239,30.2,0.03,0,2026-09-16,2026-09-17,False,False,5.0,2026-09-17T20:07:08+05:30
FIRSTCRY,169.47,TOUCHED,-0.13,inside,169.25,169.47,169.47,169.75,169.2,0.323,30.4,0.051,0,2026-09-16,2026-09-17,False,False,5.0,2026-09-17T20:07:08+05:30
SOLARINDS,18923.33,TOUCHED,-0.57,below,18815.0,18923.33,18946.67,18970.0,18923.33,0.246,30.4,0.057,0,2026-09-16,2026-09-17,False,False,5.0,2026-09-17T20:07:08+05:30
SUZLON,42.33,TOUCHED,0.5,above,42.54,42.33,42.27,42.33,42.21,0.284,30.4,0.028,0,2026-09-16,2026-09-17,False,False,5.0,2026-09-17T20:07:08+05:30
NAVINFLUOR,8197.5,TOUCHED,0.27,above,8220.0,8197.5,8185.17,8197.5,8172.83,0.301,30.7,0.045,0,2026-09-16,2026-09-17,False,False,5.0,2026-09-17T20:07:08+05:30
COLPAL,1861.7,TOUCHED,-1.15,below,1840.3,1861.7,1863.4,1865.1,1861.7,0.182,31.0,0.025,0,2026-09-16,2026-09-17,False,False,5.0,2026-09-17T20:07:08+05:30
LENSKART,678.58,TOUCHED,0.2,above,679.95,678.58,677.67,678.58,676.76,0.268,31.0,0.029,0,2026-09-16,2026-09-17,False,False,5.0,2026-09-17T20:07:08+05:30
VEDL,255.7,TOUCHED,0.68,above,257.45,255.7,255.4,255.7,255.1,0.235,31.0,0.026,0,2026-09-16,2026-09-17,False,False,5.0,2026-09-17T20:07:08+05:30
JSWCEMENT,116.38,TOUCHED,0.22,above,116.64,116.38,116.24,116.38,116.1,0.244,31.1,0.027,0,2026-09-16,2026-09-17,False,False,5.0,2026-09-17T20:07:08+05:30
HOMEFIRST,1172.9,TOUCHED,0.03,inside,1173.3,1172.9,1172.9,1174.4,1171.4,0.256,31.2,0.037,0,2026-09-16,2026-09-17,False,False,5.0,2026-09-17T20:07:08+05:30
MANAPPURAM,320.26,TOUCHED,-1.31,below,316.05,320.26,320.62,320.98,320.26,0.224,31.5,0.032,0,2026-09-16,2026-09-17,False,False,5.0,2026-09-17T20:07:08+05:30
SCHAEFFLER,3894.87,TOUCHED,2.47,above,3991.0,3894.87,3890.83,3894.87,3886.8,0.207,31.5,0.032,0,2026-09-16,2026-09-17,False,False,5.0,2026-09-17T20:07:08+05:30
CLEAN,818.95,TOUCHED,1.12,above,828.15,818.95,817.9,818.95,816.85,0.257,31.8,0.029,0,2026-09-16,2026-09-17,False,False,5.0,2026-09-17T20:07:08+05:30
NSLNISP,41.11,TOUCHED,1.28,above,41.64,41.11,41.06,41.11,41.0,0.276,32.1,0.033,0,2026-09-16,2026-09-17,False,False,5.0,2026-09-17T20:07:08+05:30
CCL,1063.27,TOUCHED,-0.09,inside,1062.3,1063.27,1063.27,1064.38,1062.15,0.21,32.3,0.022,0,2026-09-16,2026-09-17,False,False,5.0,2026-09-17T20:07:08+05:30
CANBK,123.05,TOUCHED,0.69,above,123.9,123.05,122.9,123.05,122.75,0.241,32.9,0.023,0,2026-09-16,2026-09-17,False,False,5.0,2026-09-17T20:07:08+05:30
LGEINDIA,1626.35,TOUCHED,1.63,above,1652.9,1626.35,1624.5,1626.35,1622.65,0.228,33.2,0.012,0,2026-09-16,2026-09-17,False,False,5.0,2026-09-17T20:07:08+05:30
PERSISTENT,5460.0,TOUCHED,0.24,above,5473.0,5460.0,5453.33,5460.0,5446.67,0.244,33.2,0.016,0,2026-09-16,2026-09-17,False,False,5.0,2026-09-17T20:07:08+05:30
MAXHEALTH,1029.0,TOUCHED,0.78,above,1037.0,1029.0,1027.67,1029.0,1026.33,0.259,33.7,0.038,0,2026-09-16,2026-09-17,False,False,5.0,2026-09-17T20:07:08+05:30
JPPOWER,15.44,TOUCHED,-1.14,below,15.26,15.44,15.46,15.49,15.44,0.345,34.0,0.037,0,2026-09-16,2026-09-17,False,False,5.0,2026-09-17T20:07:08+05:30
TBOTEK,1628.88,TOUCHED,1.16,above,1647.7,1628.88,1626.37,1628.88,1623.85,0.309,34.2,0.038,0,2026-09-16,2026-09-17,False,False,5.0,2026-09-17T20:07:08+05:30
CGCL,257.95,TOUCHED,1.71,above,262.35,257.95,257.52,257.95,257.08,0.337,35.1,0.058,0,2026-09-16,2026-09-17,False,False,5.0,2026-09-17T20:07:08+05:30
ATGL,587.25,TOUCHED,-0.04,below,587.0,587.25,588.0,588.75,587.25,0.255,35.6,0.03,0,2026-09-16,2026-09-17,False,False,5.0,2026-09-17T20:07:08+05:30
JSWINFRA,325.16,TOUCHED,0.46,above,326.65,325.16,324.77,325.16,324.38,0.241,35.9,0.029,0,2026-09-16,2026-09-17,False,False,5.0,2026-09-17T20:07:08+05:30
AJANTPHARM,3499.9,TOUCHED,0.02,inside,3500.5,3499.9,3499.9,3504.4,3495.4,0.257,36.2,0.04,0,2026-09-16,2026-09-17,False,False,5.0,2026-09-17T20:07:08+05:30
JKTYRE,345.07,TOUCHED,1.01,above,348.55,345.07,344.48,345.07,343.89,0.344,36.2,0.031,0,2026-09-16,2026-09-17,False,False,5.0,2026-09-17T20:07:08+05:30
SCI,268.4,TOUCHED,0.6,above,270.0,268.4,267.9,268.4,267.4,0.373,36.4,0.042,0,2026-09-16,2026-09-17,False,False,5.0,2026-09-17T20:07:08+05:30
BRITANNIA,4984.75,TOUCHED,-0.06,below,4982.0,4984.75,4989.67,4994.58,4984.75,0.197,36.7,0.021,0,2026-09-16,2026-09-17,False,False,5.0,2026-09-17T20:07:08+05:30
PTCIL,22467.5,TOUCHED,0.9,above,22670.0,22467.5,22435.0,22467.5,22402.5,0.29,36.7,0.031,0,2026-09-16,2026-09-17,False,False,5.0,2026-09-17T20:07:08+05:30
BAYERCROP,3925.35,TOUCHED,-0.81,below,3893.4,3925.35,3929.77,3934.18,3925.35,0.225,37.0,0.03,0,2026-09-16,2026-09-17,False,False,5.0,2026-09-17T20:07:08+05:30
NEULANDLAB,22580.0,TOUCHED,0.38,above,22665.0,22580.0,22535.0,22580.0,22490.0,0.399,37.0,0.032,0,2026-09-16,2026-09-17,False,False,5.0,2026-09-17T20:07:08+05:30
ONESOURCE,1588.4,TOUCHED,-0.53,below,1580.0,1588.4,1591.13,1593.87,1588.4,0.344,37.0,0.045,0,2026-09-16,2026-09-17,False,False,5.0,2026-09-17T20:07:08+05:30
COROMANDEL,1930.93,TOUCHED,-0.06,inside,1929.8,1930.93,1930.93,1934.37,1927.5,0.356,37.3,0.034,0,2026-09-16,2026-09-17,False,False,5.0,2026-09-17T20:07:08+05:30
ITI,255.11,TOUCHED,0.08,above,255.3,255.11,254.72,255.11,254.32,0.308,37.3,0.032,0,2026-09-16,2026-09-17,False,False,5.0,2026-09-17T20:07:08+05:30
SAIL,173.27,TOUCHED,1.01,above,175.01,173.27,172.98,173.27,172.7,0.328,37.3,0.026,0,2026-09-16,2026-09-17,False,False,5.0,2026-09-17T20:07:08+05:30
IOB,32.13,TOUCHED,-0.1,below,32.1,32.13,32.18,32.22,32.13,0.269,37.5,0.033,0,2026-09-16,2026-09-17,False,False,5.0,2026-09-17T20:07:08+05:30
ASTERDM,740.11,TOUCHED,2.78,above,760.65,740.11,739.02,740.11,737.92,0.295,37.8,0.028,0,2026-09-16,2026-09-17,False,False,5.0,2026-09-17T20:07:08+05:30
ADANIENSOL,1356.45,TOUCHED,2.24,above,1386.8,1356.45,1354.03,1356.45,1351.62,0.357,38.1,0.03,0,2026-09-16,2026-09-17,False,False,5.0,2026-09-17T20:07:08+05:30
GRSE,2330.0,TOUCHED,0.42,above,2339.8,2330.0,2324.87,2330.0,2319.73,0.442,38.4,0.067,0,2026-09-16,2026-09-17,False,False,5.0,2026-09-17T20:07:08+05:30
KFINTECH,887.41,TOUCHED,1.08,above,897.0,887.41,885.82,887.41,884.23,0.359,38.4,0.018,0,2026-09-16,2026-09-17,False,False,5.0,2026-09-17T20:07:08+05:30
SUNTV,464.5,TOUCHED,0.84,above,468.4,464.5,463.82,464.5,463.13,0.295,38.6,0.024,0,2026-09-16,2026-09-17,False,False,5.0,2026-09-17T20:07:08+05:30
VMM,100.81,TOUCHED,0.42,above,101.24,100.81,100.66,100.81,100.5,0.311,38.6,0.032,0,2026-09-16,2026-09-17,False,False,5.0,2026-09-17T20:07:08+05:30
EXIDEIND,414.91,TOUCHED,0.89,above,418.6,414.91,414.32,414.91,413.72,0.286,38.9,0.027,0,2026-09-16,2026-09-17,False,False,5.0,2026-09-17T20:07:08+05:30
OIL,485.45,TOUCHED,-1.66,below,477.4,485.45,486.17,486.88,485.45,0.295,38.9,0.018,0,2026-09-16,2026-09-17,False,False,5.0,2026-09-17T20:07:08+05:30
JSL,726.9,TOUCHED,-0.34,below,724.45,726.9,728.22,729.53,726.9,0.362,39.2,0.043,0,2026-09-16,2026-09-17,False,False,5.0,2026-09-17T20:07:08+05:30
ESCORTS,2828.0,TOUCHED,0.07,above,2830.0,2828.0,2823.87,2828.0,2819.73,0.293,39.5,0.041,0,2026-09-16,2026-09-17,False,False,5.0,2026-09-17T20:07:08+05:30
PFOCUS,323.35,TOUCHED,3.59,above,334.95,323.35,322.38,323.35,321.42,0.6,39.5,0.053,0,2026-09-16,2026-09-17,False,False,5.0,2026-09-17T20:07:08+05:30
GODREJCP,866.42,TOUCHED,0.76,above,873.0,866.42,865.28,866.42,864.14,0.264,39.7,0.023,0,2026-09-16,2026-09-17,False,False,5.0,2026-09-17T20:07:08+05:30
ANGELONE,294.8,TOUCHED,0.07,inside,295.0,294.8,294.8,295.45,294.15,0.441,40.0,0.029,0,2026-09-16,2026-09-17,False,False,5.0,2026-09-17T20:07:08+05:30
POLYCAB,8158.0,TOUCHED,0.62,above,8208.5,8158.0,8145.83,8158.0,8133.67,0.299,40.3,0.033,0,2026-09-16,2026-09-17,False,False,5.0,2026-09-17T20:07:08+05:30
EMAMILTD,370.9,TOUCHED,1.4,above,376.1,370.9,370.37,370.9,369.83,0.288,40.5,0.025,0,2026-09-16,2026-09-17,False,False,5.0,2026-09-17T20:07:08+05:30
CIPLA,1356.67,TOUCHED,1.45,above,1376.3,1356.67,1355.33,1356.67,1354.0,0.197,40.8,0.023,0,2026-09-16,2026-09-17,False,False,5.0,2026-09-17T20:07:08+05:30
JSWENERGY,507.0,TOUCHED,0.99,above,512.0,507.0,506.23,507.0,505.47,0.303,40.8,0.024,0,2026-09-16,2026-09-17,False,False,5.0,2026-09-17T20:07:08+05:30
CHOLAHLDNG,1504.5,TOUCHED,-0.35,below,1499.2,1504.5,1507.13,1509.77,1504.5,0.349,41.1,0.026,0,2026-09-16,2026-09-17,False,False,5.0,2026-09-17T20:07:08+05:30
PPLPHARMA,203.41,TOUCHED,0.64,above,204.71,203.41,203.06,203.41,202.72,0.341,41.1,0.038,0,2026-09-16,2026-09-17,False,False,5.0,2026-09-17T20:07:08+05:30
BATAINDIA,633.15,TOUCHED,0.55,above,636.65,633.15,632.32,633.15,631.48,0.264,41.4,0.022,0,2026-09-16,2026-09-17,False,False,5.0,2026-09-17T20:07:08+05:30
PGEL,522.57,TOUCHED,1.3,above,529.35,522.57,521.28,522.57,520.0,0.492,41.4,0.046,0,2026-09-16,2026-09-17,False,False,5.0,2026-09-17T20:07:08+05:30
MRPL,166.51,TOUCHED,-1.64,below,163.77,166.51,166.9,167.3,166.51,0.475,41.6,0.054,0,2026-09-16,2026-09-17,False,False,5.0,2026-09-17T20:07:08+05:30
TORNTPOWER,1288.35,TOUCHED,-0.93,below,1276.4,1288.35,1290.67,1292.98,1288.35,0.359,41.9,0.031,0,2026-09-16,2026-09-17,False,False,5.0,2026-09-17T20:07:08+05:30
BBTC,1410.5,TOUCHED,-0.79,below,1399.4,1410.5,1412.57,1414.63,1410.5,0.293,42.2,0.03,0,2026-09-16,2026-09-17,False,False,5.0,2026-09-17T20:07:08+05:30
RAMCOCEM,859.0,TOUCHED,-0.01,below,858.95,859.0,860.38,861.77,859.0,0.322,42.5,0.046,0,2026-09-16,2026-09-17,False,False,5.0,2026-09-17T20:07:08+05:30
FEDERALBNK,342.22,TOUCHED,-2.77,below,332.75,342.22,342.63,343.05,342.22,0.243,42.7,0.027,0,2026-09-16,2026-09-17,False,False,5.0,2026-09-17T20:07:08+05:30
JKCEMENT,4774.0,TOUCHED,5.3,above,5027.0,4774.0,4766.0,4774.0,4758.0,0.336,42.7,0.033,0,2026-09-16,2026-09-17,False,False,5.0,2026-09-17T20:07:08+05:30
NAVA,546.02,TOUCHED,0.11,inside,546.6,546.02,546.02,547.16,544.88,0.418,42.7,0.038,0,2026-09-16,2026-09-17,False,False,5.0,2026-09-17T20:07:08+05:30
AMBUJACEM,382.5,TOUCHED,0.2,above,383.25,382.5,382.02,382.5,381.53,0.253,43.0,0.035,0,2026-09-16,2026-09-17,False,False,5.0,2026-09-17T20:07:08+05:30
GODREJPROP,1675.65,TOUCHED,0.15,above,1678.2,1675.65,1672.2,1675.65,1668.75,0.413,43.3,0.045,0,2026-09-16,2026-09-17,False,False,5.0,2026-09-17T20:07:08+05:30
NAUKRI,1262.6,TOUCHED,0.19,above,1265.0,1262.6,1260.4,1262.6,1258.2,0.349,43.3,0.023,0,2026-09-16,2026-09-17,False,False,5.0,2026-09-17T20:07:08+05:30
NATIONALUM,355.31,TOUCHED,0.11,above,355.7,355.31,354.62,355.31,353.93,0.39,43.6,0.041,0,2026-09-16,2026-09-17,False,False,5.0,2026-09-17T20:07:08+05:30
SYNGENE,379.5,TOUCHED,0.18,above,380.2,379.5,378.9,379.5,378.3,0.317,43.6,0.029,0,2026-09-16,2026-09-17,False,False,5.0,2026-09-17T20:07:08+05:30
PNBHOUSING,1135.87,TOUCHED,-2.85,below,1103.5,1135.87,1137.73,1139.6,1135.87,0.328,43.8,0.032,0,2026-09-16,2026-09-17,False,False,5.0,2026-09-17T20:07:08+05:30
CAMS,709.2,TOUCHED,0.81,above,714.95,709.2,708.03,709.2,706.87,0.33,44.1,0.04,0,2026-09-16,2026-09-17,False,False,5.0,2026-09-17T20:07:08+05:30
HDFCAMC,2384.25,TOUCHED,0.14,above,2387.7,2384.25,2380.53,2384.25,2376.82,0.312,44.1,0.022,0,2026-09-16,2026-09-17,False,False,5.0,2026-09-17T20:07:08+05:30
INDIGO,4753.75,TOUCHED,1.92,above,4845.0,4753.75,4747.0,4753.75,4740.25,0.284,44.1,0.025,0,2026-09-16,2026-09-17,False,False,5.0,2026-09-17T20:07:08+05:30
GMRAIRPORT,92.9,TOUCHED,2.3,above,95.04,92.9,92.75,92.9,92.61,0.316,44.4,0.02,0,2026-09-16,2026-09-17,False,False,5.0,2026-09-17T20:07:08+05:30
SWANCORP,290.95,TOUCHED,-0.4,below,289.8,290.95,291.58,292.22,290.95,0.434,44.7,0.032,0,2026-09-16,2026-09-17,False,False,5.0,2026-09-17T20:07:08+05:30
TTML,35.41,TOUCHED,3.47,above,36.64,35.41,35.35,35.41,35.28,0.358,44.7,0.041,0,2026-09-16,2026-09-17,False,False,5.0,2026-09-17T20:07:08+05:30
UNITDSPR,1387.38,TOUCHED,0.19,above,1390.0,1387.38,1385.27,1387.38,1383.15,0.306,44.9,0.033,0,2026-09-16,2026-09-17,False,False,5.0,2026-09-17T20:07:08+05:30
360ONE,1052.15,TOUCHED,0.87,above,1061.3,1052.15,1049.97,1052.15,1047.78,0.416,45.2,0.032,0,2026-09-16,2026-09-17,False,False,5.0,2026-09-17T20:07:08+05:30
SBICARD,620.95,TOUCHED,2.58,above,636.95,620.95,620.0,620.95,619.05,0.306,45.5,0.03,0,2026-09-16,2026-09-17,False,False,5.0,2026-09-17T20:07:08+05:30
ICICIBANK,1354.7,TOUCHED,-0.52,below,1347.6,1354.7,1356.07,1357.43,1354.7,0.202,45.8,0.024,0,2026-09-16,2026-09-17,False,False,5.0,2026-09-17T20:07:08+05:30
BHARATFORG,1881.33,TOUCHED,1.99,above,1918.7,1881.33,1877.67,1881.33,1874.0,0.391,46.0,0.031,0,2026-09-16,2026-09-17,False,False,5.0,2026-09-17T20:07:08+05:30
ICICIAMC,3079.7,TOUCHED,0.59,above,3098.0,3079.7,3073.1,3079.7,3066.5,0.43,46.0,0.027,0,2026-09-16,2026-09-17,False,False,5.0,2026-09-17T20:07:08+05:30
UNIONBANK,177.87,TOUCHED,0.12,above,178.09,177.87,177.54,177.87,177.21,0.372,46.0,0.04,0,2026-09-16,2026-09-17,False,False,5.0,2026-09-17T20:07:08+05:30
BANKBARODA,233.81,TOUCHED,-0.65,below,232.3,233.81,234.2,234.59,233.81,0.333,46.6,0.012,0,2026-09-16,2026-09-17,False,False,5.0,2026-09-17T20:07:08+05:30
MMTC,60.08,TOUCHED,0.09,inside,60.14,60.08,60.08,60.23,59.94,0.472,46.6,0.053,0,2026-09-16,2026-09-17,False,False,5.0,2026-09-17T20:07:08+05:30
EMMVEE,324.6,TOUCHED,0.28,above,325.5,324.6,323.63,324.6,322.67,0.597,46.7,0.037,0,2026-09-16,2026-09-17,False,False,5.0,2026-09-17T20:07:08+05:30
LICHSGFIN,542.17,TOUCHED,0.69,above,545.9,542.17,541.35,542.17,540.52,0.305,46.8,0.018,0,2026-09-16,2026-09-17,False,False,5.0,2026-09-17T20:07:08+05:30
CUMMINSIND,4931.5,TOUCHED,1.79,above,5020.0,4931.5,4923.0,4931.5,4914.5,0.345,47.7,0.019,0,2026-09-16,2026-09-17,False,False,5.0,2026-09-17T20:07:08+05:30
COCHINSHIP,1316.15,TOUCHED,1.38,above,1334.3,1316.15,1313.3,1316.15,1310.45,0.434,47.9,0.041,0,2026-09-16,2026-09-17,False,False,5.0,2026-09-17T20:07:08+05:30
SUNPHARMA,1851.4,TOUCHED,0.86,above,1867.3,1851.4,1849.3,1851.4,1847.2,0.227,48.2,0.02,0,2026-09-16,2026-09-17,False,False,5.0,2026-09-17T20:07:08+05:30
COALINDIA,420.53,TOUCHED,-0.6,below,418.0,420.53,421.1,421.68,420.53,0.273,48.5,0.022,0,2026-09-16,2026-09-17,False,False,5.0,2026-09-17T20:07:08+05:30
MINDACORP,675.8,TOUCHED,0.81,above,681.25,675.8,674.38,675.8,672.97,0.42,48.5,0.038,0,2026-09-16,2026-09-17,False,False,5.0,2026-09-17T20:07:08+05:30
LTF,297.38,TOUCHED,1.66,above,302.3,297.38,296.75,297.38,296.12,0.421,48.8,0.028,0,2026-09-16,2026-09-17,False,False,5.0,2026-09-17T20:07:08+05:30
BANDHANBNK,171.82,TOUCHED,-0.18,inside,171.5,171.82,171.82,172.16,171.47,0.398,49.0,0.026,0,2026-09-16,2026-09-17,False,False,5.0,2026-09-17T20:07:08+05:30
ADANIGREEN,1267.22,TOUCHED,0.55,above,1274.2,1267.22,1264.23,1267.22,1261.25,0.472,49.9,0.039,0,2026-09-16,2026-09-17,False,False,5.0,2026-09-17T20:07:08+05:30
TMCV,423.23,TOUCHED,3.04,above,436.1,423.23,422.22,423.23,421.2,0.482,50.0,0.024,0,2026-09-16,2026-09-17,False,False,5.0,2026-09-17T20:07:08+05:30
UCOBANK,23.72,TOUCHED,-0.55,below,23.59,23.72,23.76,23.8,23.72,0.337,50.1,0.013,0,2026-09-16,2026-09-17,False,False,5.0,2026-09-17T20:07:08+05:30
APOLLOHOSP,8732.5,TOUCHED,0.41,above,8768.5,8732.5,8720.5,8732.5,8708.5,0.275,51.0,0.014,0,2026-09-16,2026-09-17,False,False,5.0,2026-09-17T20:07:08+05:30
NCC,135.55,TOUCHED,0.04,inside,135.6,135.55,135.55,135.82,135.28,0.396,51.0,0.027,0,2026-09-16,2026-09-17,False,False,5.0,2026-09-17T20:07:08+05:30
BHARTIARTL,1832.77,TOUCHED,0.18,above,1836.0,1832.77,1830.53,1832.77,1828.3,0.244,51.2,0.014,0,2026-09-16,2026-09-17,False,False,5.0,2026-09-17T20:07:08+05:30
CRAFTSMAN,10964.5,TOUCHED,-0.25,below,10937.0,10964.5,10989.67,11014.83,10964.5,0.458,51.2,0.057,0,2026-09-16,2026-09-17,False,False,5.0,2026-09-17T20:07:08+05:30
GICRE,339.57,TOUCHED,0.07,above,339.8,339.57,338.97,339.57,338.36,0.359,51.2,0.031,0,2026-09-16,2026-09-17,False,False,5.0,2026-09-17T20:07:08+05:30
GILLETTE,7262.92,TOUCHED,0.61,above,7307.0,7262.92,7250.33,7262.92,7237.75,0.347,51.8,0.026,0,2026-09-16,2026-09-17,False,False,5.0,2026-09-17T20:07:08+05:30
KIRLOSENG,2034.53,TOUCHED,4.23,above,2120.6,2034.53,2028.57,2034.53,2022.6,0.588,51.8,0.035,0,2026-09-16,2026-09-17,False,False,5.0,2026-09-17T20:07:08+05:30
LUPIN,2053.8,TOUCHED,2.16,above,2098.1,2053.8,2050.87,2053.8,2047.93,0.286,51.8,0.024,0,2026-09-16,2026-09-17,False,False,5.0,2026-09-17T20:07:08+05:30
NTPC,328.25,TOUCHED,0.41,above,329.6,328.25,327.83,328.25,327.42,0.254,51.8,0.015,0,2026-09-16,2026-09-17,False,False,5.0,2026-09-17T20:07:08+05:30
RBLBANK,403.11,TOUCHED,0.26,above,404.15,403.11,402.22,403.11,401.33,0.443,51.8,0.032,0,2026-09-16,2026-09-17,False,False,5.0,2026-09-17T20:07:08+05:30
CEATLTD,3297.95,TOUCHED,4.04,above,3431.1,3297.95,3290.3,3297.95,3282.65,0.465,52.1,0.034,0,2026-09-16,2026-09-17,False,False,5.0,2026-09-17T20:07:08+05:30
GPIL,235.87,TOUCHED,1.07,above,238.39,235.87,235.24,235.87,234.62,0.53,52.1,0.029,0,2026-09-16,2026-09-17,False,False,5.0,2026-09-17T20:07:08+05:30
GROWW,190.33,TOUCHED,-1.52,below,187.44,190.33,190.91,191.48,190.33,0.601,52.8,0.031,0,2026-09-16,2026-09-17,False,False,5.0,2026-09-17T20:07:08+05:30
IEX,111.79,TOUCHED,1.44,above,113.4,111.79,111.59,111.79,111.38,0.37,53.2,0.028,0,2026-09-16,2026-09-17,False,False,5.0,2026-09-17T20:07:08+05:30
TARIL,275.32,TOUCHED,0.25,inside,276.0,275.32,275.32,276.21,274.42,0.648,53.2,0.054,0,2026-09-16,2026-09-17,False,False,5.0,2026-09-17T20:07:08+05:30
BLUESTARCO,1500.5,TOUCHED,3.5,above,1553.0,1500.5,1497.0,1500.5,1493.5,0.468,53.4,0.05,0,2026-09-16,2026-09-17,False,False,5.0,2026-09-17T20:07:08+05:30
KOTAKBANK,414.4,TOUCHED,0.51,above,416.5,414.4,413.8,414.4,413.2,0.29,53.4,0.022,0,2026-09-16,2026-09-17,False,False,5.0,2026-09-17T20:07:08+05:30
LTTS,3329.5,TOUCHED,-0.16,below,3324.3,3329.5,3336.83,3344.17,3329.5,0.44,53.7,0.042,0,2026-09-16,2026-09-17,False,False,5.0,2026-09-17T20:07:08+05:30
BHARTIHEXA,1482.47,TOUCHED,-0.09,below,1481.1,1482.47,1485.63,1488.8,1482.47,0.426,54.0,0.038,0,2026-09-16,2026-09-17,False,False,5.0,2026-09-17T20:07:08+05:30
NUVAMA,1690.4,TOUCHED,-0.18,below,1687.4,1690.4,1694.63,1698.87,1690.4,0.5,54.2,0.025,0,2026-09-16,2026-09-17,False,False,5.0,2026-09-17T20:07:08+05:30
MSUMI,35.72,TOUCHED,0.97,above,36.07,35.72,35.64,35.72,35.56,0.477,54.5,0.03,0,2026-09-16,2026-09-17,False,False,5.0,2026-09-17T20:07:08+05:30
BSOFT,283.55,TOUCHED,0.09,above,283.8,283.55,282.78,283.55,282.02,0.542,54.8,0.042,0,2026-09-16,2026-09-17,False,False,5.0,2026-09-17T20:07:08+05:30
TMPV,302.65,TOUCHED,3.92,above,314.5,302.65,302.1,302.65,301.55,0.364,54.8,0.02,0,2026-09-16,2026-09-17,False,False,5.0,2026-09-17T20:07:08+05:30
LLOYDSME,1803.2,TOUCHED,-0.22,inside,1799.3,1803.2,1803.2,1807.75,1798.65,0.505,55.1,0.033,0,2026-09-16,2026-09-17,False,False,5.0,2026-09-17T20:07:08+05:30
NETWEB,4545.75,TOUCHED,0.72,above,4578.5,4545.75,4529.5,4545.75,4513.25,0.718,55.3,0.06,0,2026-09-16,2026-09-17,False,False,5.0,2026-09-17T20:07:08+05:30
HINDALCO,970.95,TOUCHED,0.98,above,980.5,970.95,969.2,970.95,967.45,0.361,55.9,0.011,0,2026-09-16,2026-09-17,False,False,5.0,2026-09-17T20:07:08+05:30
AUBANK,1031.0,TOUCHED,0.81,above,1039.3,1031.0,1028.8,1031.0,1026.6,0.428,56.7,0.018,0,2026-09-16,2026-09-17,False,False,5.0,2026-09-17T20:07:08+05:30
DMART,3706.67,TOUCHED,0.12,inside,3711.2,3706.67,3706.67,3713.33,3700.0,0.36,56.7,0.028,0,2026-09-16,2026-09-17,False,False,5.0,2026-09-17T20:07:08+05:30
BAJAJHLDNG,11007.5,TOUCHED,0.02,above,11010.0,11007.5,10981.67,11007.5,10955.83,0.47,57.0,0.023,0,2026-09-16,2026-09-17,False,False,5.0,2026-09-17T20:07:08+05:30
AFFLE,1531.18,TOUCHED,0.94,above,1545.6,1531.18,1527.37,1531.18,1523.55,0.5,57.3,0.034,0,2026-09-16,2026-09-17,False,False,5.0,2026-09-17T20:07:08+05:30
INDUSINDBK,952.8,TOUCHED,0.57,above,958.2,952.8,950.7,952.8,948.6,0.442,57.3,0.027,0,2026-09-16,2026-09-17,False,False,5.0,2026-09-17T20:07:08+05:30
BSE,3260.67,TOUCHED,-0.05,inside,3259.0,3260.67,3260.67,3271.0,3250.33,0.634,57.5,0.024,0,2026-09-16,2026-09-17,False,False,5.0,2026-09-17T20:07:08+05:30
CHOLAFIN,1769.9,TOUCHED,-0.31,below,1764.5,1769.9,1774.2,1778.5,1769.9,0.485,57.5,0.041,0,2026-09-16,2026-09-17,False,False,5.0,2026-09-17T20:07:08+05:30
IKS,1756.52,TOUCHED,-1.57,below,1728.9,1756.52,1761.03,1765.55,1756.52,0.513,58.1,0.023,0,2026-09-16,2026-09-17,False,False,5.0,2026-09-17T20:07:08+05:30
J&KBANK,147.26,TOUCHED,0.02,above,147.28,147.26,146.85,147.26,146.44,0.552,58.1,0.05,0,2026-09-16,2026-09-17,False,False,5.0,2026-09-17T20:07:08+05:30
JINDALSAW,283.73,TOUCHED,2.63,above,291.2,283.73,282.9,283.73,282.08,0.583,58.1,0.034,0,2026-09-16,2026-09-17,False,False,5.0,2026-09-17T20:07:08+05:30
TEJASNET,513.24,TOUCHED,2.14,above,524.25,513.24,511.68,513.24,510.12,0.609,58.1,0.041,0,2026-09-16,2026-09-17,False,False,5.0,2026-09-17T20:07:08+05:30
ABBOTINDIA,25975.0,TOUCHED,-0.25,below,25910.0,25975.0,26025.0,26075.0,25975.0,0.384,58.4,0.034,0,2026-09-16,2026-09-17,False,False,5.0,2026-09-17T20:07:08+05:30
ASTRAL,1379.32,TOUCHED,1.42,above,1398.9,1379.32,1376.13,1379.32,1372.95,0.463,58.6,0.034,0,2026-09-16,2026-09-17,False,False,5.0,2026-09-17T20:07:08+05:30
CONCOR,487.87,TOUCHED,0.06,above,488.15,487.87,486.93,487.87,486.0,0.383,58.6,0.034,0,2026-09-16,2026-09-17,False,False,5.0,2026-09-17T20:07:08+05:30
IRB,18.93,TOUCHED,-0.42,below,18.85,18.93,18.97,19.01,18.93,0.422,58.9,0.038,0,2026-09-16,2026-09-17,False,False,5.0,2026-09-17T20:07:08+05:30
CIEINDIA,374.97,TOUCHED,2.86,above,385.7,374.97,374.15,374.97,373.32,0.441,59.2,0.025,0,2026-09-16,2026-09-17,False,False,5.0,2026-09-17T20:07:08+05:30
MEESHO,211.06,TOUCHED,-1.77,below,207.31,211.06,211.79,212.52,211.06,0.694,60.8,0.028,0,2026-09-16,2026-09-17,False,False,5.0,2026-09-17T20:07:08+05:30
KPITTECH,558.17,TOUCHED,0.2,inside,559.3,558.17,558.17,559.75,556.58,0.567,61.1,0.044,0,2026-09-16,2026-09-17,False,False,5.0,2026-09-17T20:07:08+05:30
HEXT,520.97,TOUCHED,1.05,above,526.45,520.97,519.2,520.97,517.42,0.684,61.4,0.046,0,2026-09-16,2026-09-17,False,False,5.0,2026-09-17T20:07:08+05:30
HAVELLS,1093.87,TOUCHED,-0.17,inside,1092.0,1093.87,1093.87,1095.85,1091.88,0.363,61.6,0.019,0,2026-09-16,2026-09-17,False,False,5.0,2026-09-17T20:07:08+05:30
PNB,116.3,TOUCHED,0.14,inside,116.47,116.3,116.3,116.55,116.06,0.427,61.6,0.028,0,2026-09-16,2026-09-17,False,False,5.0,2026-09-17T20:07:08+05:30
ZFCVINDIA,2467.83,TOUCHED,-0.92,below,2445.2,2467.83,2474.17,2480.5,2467.83,0.512,61.9,0.037,0,2026-09-16,2026-09-17,False,False,5.0,2026-09-17T20:07:08+05:30
SHYAMMETL,1045.72,TOUCHED,2.99,above,1077.0,1045.72,1043.43,1045.72,1041.15,0.438,62.2,0.016,0,2026-09-16,2026-09-17,False,False,5.0,2026-09-17T20:07:08+05:30
COFORGE,1761.37,TOUCHED,1.8,above,1793.0,1761.37,1756.03,1761.37,1750.7,0.607,62.5,0.032,0,2026-09-16,2026-09-17,False,False,5.0,2026-09-17T20:07:08+05:30
HSCL,650.79,TOUCHED,0.39,above,653.35,650.79,648.78,650.79,646.77,0.619,62.5,0.031,0,2026-09-16,2026-09-17,False,False,5.0,2026-09-17T20:07:08+05:30
NBCC,81.15,TOUCHED,1.21,above,82.13,81.15,80.89,81.15,80.63,0.643,62.5,0.044,0,2026-09-16,2026-09-17,False,False,5.0,2026-09-17T20:07:08+05:30
TITAN,4883.25,TOUCHED,-0.87,below,4841.0,4883.25,4891.67,4900.08,4883.25,0.344,63.0,0.018,0,2026-09-16,2026-09-17,False,False,5.0,2026-09-17T20:07:08+05:30
HINDCOPPER,485.27,TOUCHED,0.05,inside,485.5,485.27,485.27,487.1,483.43,0.756,63.3,0.032,0,2026-09-16,2026-09-17,False,False,5.0,2026-09-17T20:07:08+05:30
TECHM,1561.53,TOUCHED,-0.03,below,1561.0,1561.53,1565.07,1568.6,1561.53,0.452,63.3,0.038,0,2026-09-16,2026-09-17,False,False,5.0,2026-09-17T20:07:08+05:30
ULTRACEMCO,10759.5,TOUCHED,0.04,above,10764.0,10759.5,10739.67,10759.5,10719.83,0.369,63.3,0.026,0,2026-09-16,2026-09-17,False,False,5.0,2026-09-17T20:07:08+05:30
SAILIFE,1534.77,TOUCHED,0.71,above,1545.7,1534.77,1530.43,1534.77,1526.1,0.566,64.1,0.04,0,2026-09-16,2026-09-17,False,False,5.0,2026-09-17T20:07:08+05:30
BAJFINANCE,1012.75,TOUCHED,0.22,above,1015.0,1012.75,1010.57,1012.75,1008.38,0.432,64.4,0.029,0,2026-09-16,2026-09-17,False,False,5.0,2026-09-17T20:07:08+05:30
SAGILITY,45.17,TOUCHED,-1.35,below,44.56,45.17,45.32,45.48,45.17,0.669,64.9,0.045,0,2026-09-16,2026-09-17,False,False,5.0,2026-09-17T20:07:08+05:30
INDUSTOWER,378.35,TOUCHED,0.79,above,381.35,378.35,377.43,378.35,376.52,0.486,65.2,0.03,0,2026-09-16,2026-09-17,False,False,5.0,2026-09-17T20:07:08+05:30
JIOFIN,226.53,TOUCHED,1.22,above,229.3,226.53,225.97,226.53,225.4,0.499,65.5,0.022,0,2026-09-16,2026-09-17,False,False,5.0,2026-09-17T20:07:08+05:30
TATAELXSI,3390.0,TOUCHED,-0.24,inside,3381.8,3390.0,3390.0,3398.5,3381.5,0.501,65.5,0.034,0,2026-09-16,2026-09-17,False,False,5.0,2026-09-17T20:07:08+05:30
TATAINVEST,687.0,TOUCHED,4.7,above,719.3,687.0,685.32,687.0,683.63,0.491,65.8,0.023,0,2026-09-16,2026-09-17,False,False,5.0,2026-09-17T20:07:08+05:30
ADANIENT,2927.87,TOUCHED,-0.16,below,2923.2,2927.87,2935.73,2943.6,2927.87,0.536,66.0,0.026,0,2026-09-16,2026-09-17,False,False,5.0,2026-09-17T20:07:08+05:30
HDFCBANK,718.12,TOUCHED,-0.71,below,713.0,718.12,719.25,720.38,718.12,0.313,66.0,0.02,0,2026-09-16,2026-09-17,False,False,5.0,2026-09-17T20:07:08+05:30
GRAPHITE,802.25,TOUCHED,1.48,above,814.1,802.25,799.45,802.25,796.65,0.7,66.3,0.024,0,2026-09-16,2026-09-17,False,False,5.0,2026-09-17T20:07:08+05:30
JUBLPHARMA,999.58,TOUCHED,1.25,above,1012.1,999.58,996.67,999.58,993.75,0.585,66.3,0.019,0,2026-09-16,2026-09-17,False,False,5.0,2026-09-17T20:07:08+05:30
ALKEM,5206.75,TOUCHED,2.72,above,5348.5,5206.75,5196.17,5206.75,5185.58,0.407,67.1,0.026,0,2026-09-16,2026-09-17,False,False,5.0,2026-09-17T20:07:08+05:30
SWIGGY,273.58,TOUCHED,1.07,above,276.5,273.58,272.55,273.58,271.53,0.752,67.1,0.045,0,2026-09-16,2026-09-17,False,False,5.0,2026-09-17T20:07:08+05:30
ATHERENERG,1554.47,TOUCHED,-0.29,inside,1550.0,1554.47,1554.47,1560.98,1547.95,0.838,67.2,0.063,0,2026-09-16,2026-09-17,False,False,5.0,2026-09-17T20:07:08+05:30
GLAND,2853.3,TOUCHED,1.91,above,2907.8,2853.3,2844.4,2853.3,2835.5,0.626,67.4,0.04,0,2026-09-16,2026-09-17,False,False,5.0,2026-09-17T20:07:08+05:30
NEWGEN,493.87,TOUCHED,-0.88,below,489.5,493.87,495.73,497.6,493.87,0.753,67.7,0.031,0,2026-09-16,2026-09-17,False,False,5.0,2026-09-17T20:07:08+05:30
FSL,274.73,TOUCHED,-0.59,below,273.1,274.73,275.73,276.74,274.73,0.731,68.2,0.034,0,2026-09-16,2026-09-17,False,False,5.0,2026-09-17T20:07:08+05:30
AAVAS,1278.7,TOUCHED,1.02,above,1291.8,1278.7,1274.9,1278.7,1271.1,0.596,68.5,0.028,0,2026-09-16,2026-09-17,False,False,5.0,2026-09-17T20:07:08+05:30
PAGEIND,34517.5,TOUCHED,1.46,above,35020.0,34517.5,34436.67,34517.5,34355.83,0.469,69.0,0.027,0,2026-09-16,2026-09-17,False,False,5.0,2026-09-17T20:07:08+05:30
ZEEL,79.91,TOUCHED,-2.0,below,78.31,79.91,80.21,80.52,79.91,0.765,69.0,0.045,0,2026-09-16,2026-09-17,False,False,5.0,2026-09-17T20:07:08+05:30
GALLANTT,532.2,TOUCHED,1.03,above,537.7,532.2,529.78,532.2,527.37,0.912,69.3,0.07,0,2026-09-16,2026-09-17,False,False,5.0,2026-09-17T20:07:08+05:30
WAAREEENER,2510.12,TOUCHED,-1.48,below,2473.0,2510.12,2519.23,2528.35,2510.12,0.724,69.9,0.043,0,2026-09-16,2026-09-17,False,False,5.0,2026-09-17T20:07:08+05:30
EIDPARRY,700.78,TOUCHED,0.33,above,703.1,700.78,698.52,700.78,696.25,0.649,70.1,0.034,0,2026-09-16,2026-09-17,False,False,5.0,2026-09-17T20:07:08+05:30
GODREJIND,1128.83,TOUCHED,-0.14,inside,1127.3,1128.83,1128.83,1132.67,1125.0,0.679,70.4,0.038,0,2026-09-16,2026-09-17,False,False,5.0,2026-09-17T20:07:08+05:30
VOLTAS,1138.33,TOUCHED,-0.29,inside,1135.0,1138.33,1138.33,1142.0,1134.67,0.644,70.4,0.037,0,2026-09-16,2026-09-17,False,False,5.0,2026-09-17T20:07:08+05:30
ZYDUSLIFE,1104.88,TOUCHED,2.73,above,1135.1,1104.88,1102.27,1104.88,1099.65,0.475,70.4,0.023,0,2026-09-16,2026-09-17,False,False,5.0,2026-09-17T20:07:08+05:30
JSWDULUX,3090.23,TOUCHED,-0.53,below,3074.0,3090.23,3098.47,3106.7,3090.23,0.531,70.7,0.022,0,2026-09-16,2026-09-17,False,False,5.0,2026-09-17T20:07:08+05:30
ARE&M,795.47,TOUCHED,-0.02,inside,795.3,795.47,795.47,797.42,793.51,0.492,71.0,0.022,0,2026-09-16,2026-09-17,False,False,5.0,2026-09-17T20:07:08+05:30
NUVOCO,315.18,TOUCHED,1.21,above,319.0,315.18,314.17,315.18,313.15,0.647,71.0,0.037,0,2026-09-16,2026-09-17,False,False,5.0,2026-09-17T20:07:08+05:30
POWERGRID,263.98,TOUCHED,-0.09,inside,263.75,263.98,263.98,264.57,263.39,0.448,71.0,0.018,0,2026-09-16,2026-09-17,False,False,5.0,2026-09-17T20:07:08+05:30
NHPC,75.61,TOUCHED,-0.54,below,75.2,75.61,75.8,76.0,75.61,0.515,71.2,0.031,0,2026-09-16,2026-09-17,False,False,5.0,2026-09-17T20:07:08+05:30
UNOMINDA,1182.05,TOUCHED,1.94,above,1205.0,1182.05,1178.1,1182.05,1174.15,0.671,71.2,0.045,0,2026-09-16,2026-09-17,False,False,5.0,2026-09-17T20:07:08+05:30
JUBLFOOD,469.61,TOUCHED,2.26,above,480.2,469.61,468.22,469.61,466.82,0.594,71.8,0.018,0,2026-09-16,2026-09-17,False,False,5.0,2026-09-17T20:07:08+05:30
RAINBOW,1453.0,TOUCHED,1.4,above,1473.4,1453.0,1448.8,1453.0,1444.6,0.58,71.8,0.037,0,2026-09-16,2026-09-17,False,False,5.0,2026-09-17T20:07:08+05:30
RELIANCE,1245.0,TOUCHED,-0.09,inside,1243.9,1245.0,1245.0,1247.5,1242.5,0.402,72.6,0.025,0,2026-09-16,2026-09-17,False,False,5.0,2026-09-17T20:07:08+05:30
PIDILITIND,1540.55,TOUCHED,0.71,above,1551.5,1540.55,1537.3,1540.55,1534.05,0.423,73.2,0.028,0,2026-09-16,2026-09-17,False,False,5.0,2026-09-17T20:07:08+05:30
SHREECEM,21950.0,TOUCHED,0.05,above,21960.0,21950.0,21898.33,21950.0,21846.67,0.472,74.5,0.02,0,2026-09-16,2026-09-17,False,False,5.0,2026-09-17T20:07:08+05:30
NLCINDIA,258.15,TOUCHED,1.61,above,262.3,258.15,257.22,258.15,256.28,0.726,74.8,0.048,0,2026-09-16,2026-09-17,False,False,5.0,2026-09-17T20:07:08+05:30
ONGC,235.06,TOUCHED,-1.12,below,232.43,235.06,235.64,236.22,235.06,0.494,74.8,0.027,0,2026-09-16,2026-09-17,False,False,5.0,2026-09-17T20:07:08+05:30
APOLLOTYRE,413.25,TOUCHED,-0.27,below,412.15,413.25,414.55,415.85,413.25,0.627,75.1,0.038,0,2026-09-16,2026-09-17,False,False,5.0,2026-09-17T20:07:08+05:30
KEC,400.58,TOUCHED,0.34,inside,401.95,400.58,400.58,402.1,399.07,0.757,75.1,0.024,0,2026-09-16,2026-09-17,False,False,5.0,2026-09-17T20:07:08+05:30
INOXWIND,73.89,TOUCHED,0.28,inside,74.1,73.89,73.89,74.19,73.58,0.826,75.9,0.041,0,2026-09-16,2026-09-17,False,False,5.0,2026-09-17T20:07:08+05:30
TATAPOWER,363.25,TOUCHED,1.58,above,369.0,363.25,362.3,363.25,361.35,0.524,75.9,0.023,0,2026-09-16,2026-09-17,False,False,5.0,2026-09-17T20:07:08+05:30
CROMPTON,224.77,TOUCHED,0.15,inside,225.1,224.77,224.77,225.46,224.09,0.611,76.2,0.025,0,2026-09-16,2026-09-17,False,False,5.0,2026-09-17T20:07:08+05:30
WELSPUNLIV,201.95,TOUCHED,5.1,above,212.25,201.95,201.07,201.95,200.19,0.87,76.2,0.044,0,2026-09-16,2026-09-17,False,False,5.0,2026-09-17T20:07:08+05:30
STARHEALTH,543.88,TOUCHED,3.06,above,560.55,543.88,542.07,543.88,540.25,0.67,76.4,0.023,0,2026-09-16,2026-09-17,False,False,5.0,2026-09-17T20:07:08+05:30
AIAENG,3842.85,TOUCHED,3.66,above,3983.4,3842.85,3830.5,3842.85,3818.15,0.645,76.7,0.05,0,2026-09-16,2026-09-17,False,False,5.0,2026-09-17T20:07:08+05:30
LT,3833.9,TOUCHED,0.06,above,3836.2,3833.9,3825.17,3833.9,3816.43,0.457,76.7,0.027,0,2026-09-16,2026-09-17,False,False,5.0,2026-09-17T20:07:08+05:30
FIVESTAR,542.48,TOUCHED,-2.12,below,530.95,542.48,544.78,547.09,542.48,0.847,77.3,0.041,0,2026-09-16,2026-09-17,False,False,5.0,2026-09-17T20:07:08+05:30
PVRINOX,1250.0,TOUCHED,1.82,above,1272.7,1250.0,1245.4,1250.0,1240.8,0.739,77.3,0.028,0,2026-09-16,2026-09-17,False,False,5.0,2026-09-17T20:07:08+05:30
CHOICEIN,732.05,TOUCHED,0.81,above,738.0,732.05,729.92,732.05,727.78,0.585,78.4,0.024,0,2026-09-16,2026-09-17,False,False,5.0,2026-09-17T20:07:08+05:30
JSWSTEEL,1245.47,TOUCHED,0.64,above,1253.4,1245.47,1242.03,1245.47,1238.6,0.553,79.2,0.025,0,2026-09-16,2026-09-17,False,False,5.0,2026-09-17T20:07:08+05:30
BELRISE,228.32,TOUCHED,0.46,above,229.37,228.32,227.28,228.32,226.25,0.909,80.2,0.041,0,2026-09-16,2026-09-17,False,False,5.0,2026-09-17T20:07:08+05:30
BLUEDART,4820.1,TOUCHED,-0.18,inside,4811.3,4820.1,4820.1,4835.3,4804.9,0.631,80.3,0.02,0,2026-09-16,2026-09-17,False,False,5.0,2026-09-17T20:07:08+05:30
BAJAJ-AUTO,11522.67,TOUCHED,-0.2,inside,11500.0,11522.67,11522.67,11557.83,11487.5,0.61,80.5,0.028,0,2026-09-16,2026-09-17,False,False,5.0,2026-09-17T20:07:08+05:30
CANFINHOME,774.79,TOUCHED,-0.05,below,774.4,774.79,777.63,780.48,774.79,0.731,80.8,0.021,0,2026-09-16,2026-09-17,False,False,5.0,2026-09-17T20:07:08+05:30
MARUTI,12263.0,TOUCHED,0.61,above,12338.0,12263.0,12230.67,12263.0,12198.33,0.529,81.1,0.015,0,2026-09-16,2026-09-17,False,False,5.0,2026-09-17T20:07:08+05:30
ABDL,644.03,TOUCHED,1.41,above,653.1,644.03,640.52,644.03,637.0,1.098,81.4,0.069,0,2026-09-16,2026-09-17,False,False,5.0,2026-09-17T20:07:08+05:30
OLAELEC,37.49,TOUCHED,-1.88,below,36.79,37.49,37.75,38.0,37.49,1.342,81.4,0.064,0,2026-09-16,2026-09-17,False,False,5.0,2026-09-17T20:07:08+05:30
OBEROIRLTY,1700.82,TOUCHED,2.34,above,1740.7,1700.82,1694.73,1700.82,1688.65,0.718,81.9,0.044,0,2026-09-16,2026-09-17,False,False,5.0,2026-09-17T20:07:08+05:30
CREDITACC,1396.9,TOUCHED,-1.87,below,1370.8,1396.9,1403.43,1409.97,1396.9,0.931,82.2,0.049,0,2026-09-16,2026-09-17,False,False,5.0,2026-09-17T20:07:08+05:30
HCLTECH,1260.83,TOUCHED,-0.2,inside,1258.3,1260.83,1260.83,1264.75,1256.92,0.621,82.2,0.03,0,2026-09-16,2026-09-17,False,False,5.0,2026-09-17T20:07:08+05:30
TATACOMM,1785.07,TOUCHED,0.37,inside,1791.6,1785.07,1785.07,1792.18,1777.95,0.797,82.2,0.022,0,2026-09-16,2026-09-17,False,False,5.0,2026-09-17T20:07:08+05:30
INDGN,570.98,TOUCHED,3.64,above,591.75,570.98,568.77,570.98,566.55,0.779,82.7,0.025,0,2026-09-16,2026-09-17,False,False,5.0,2026-09-17T20:07:08+05:30
JBMA,593.07,TOUCHED,0.09,inside,593.6,593.07,593.07,595.5,590.63,0.821,82.7,0.027,0,2026-09-16,2026-09-17,False,False,5.0,2026-09-17T20:07:08+05:30
BIOCON,378.5,TOUCHED,0.4,above,380.0,378.5,377.13,378.5,375.77,0.725,83.0,0.028,0,2026-09-16,2026-09-17,False,False,5.0,2026-09-17T20:07:08+05:30
AARTIIND,470.9,TOUCHED,1.21,above,476.6,470.9,468.95,470.9,467.0,0.832,83.6,0.03,0,2026-09-16,2026-09-17,False,False,5.0,2026-09-17T20:07:08+05:30
INFY,1063.1,TOUCHED,-0.42,below,1058.6,1063.1,1066.2,1069.3,1063.1,0.582,83.6,0.029,0,2026-09-16,2026-09-17,False,False,5.0,2026-09-17T20:07:08+05:30
SONATSOFTW,281.55,TOUCHED,0.04,above,281.65,281.55,280.0,281.55,278.45,1.107,83.6,0.026,0,2026-09-16,2026-09-17,False,False,5.0,2026-09-17T20:07:08+05:30
BAJAJFINSV,1853.85,TOUCHED,0.29,above,1859.2,1853.85,1848.23,1853.85,1842.62,0.608,83.8,0.02,0,2026-09-16,2026-09-17,False,False,5.0,2026-09-17T20:07:08+05:30
EIHOTEL,290.98,TOUCHED,3.06,above,299.9,290.98,289.87,290.98,288.75,0.77,83.8,0.03,0,2026-09-16,2026-09-17,False,False,5.0,2026-09-17T20:07:08+05:30
KPRMILL,1105.1,TOUCHED,-0.88,below,1095.4,1105.1,1110.53,1115.97,1105.1,0.979,83.8,0.054,0,2026-09-16,2026-09-17,False,False,5.0,2026-09-17T20:07:08+05:30
MRF,125392.5,TOUCHED,-0.64,below,124585.0,125392.5,125775.0,126157.5,125392.5,0.608,84.1,0.034,0,2026-09-16,2026-09-17,False,False,5.0,2026-09-17T20:07:08+05:30
NIVABUPA,79.85,TOUCHED,-0.31,below,79.6,79.85,80.14,80.44,79.85,0.736,84.1,0.018,0,2026-09-16,2026-09-17,False,False,5.0,2026-09-17T20:07:08+05:30
IOC,133.81,TOUCHED,0.35,inside,134.27,133.81,133.81,134.28,133.33,0.705,84.4,0.02,0,2026-09-16,2026-09-17,False,False,5.0,2026-09-17T20:07:08+05:30
TATACHEM,739.95,TOUCHED,5.32,above,779.3,739.95,737.23,739.95,734.52,0.737,84.7,0.021,0,2026-09-16,2026-09-17,False,False,5.0,2026-09-17T20:07:08+05:30
UBL,1231.03,TOUCHED,-1.16,below,1216.8,1231.03,1234.77,1238.5,1231.03,0.605,84.7,0.026,0,2026-09-16,2026-09-17,False,False,5.0,2026-09-17T20:07:08+05:30
KARURVYSYA,331.85,TOUCHED,-0.11,inside,331.5,331.85,331.85,333.32,330.38,0.889,84.9,0.039,0,2026-09-16,2026-09-17,False,False,5.0,2026-09-17T20:07:08+05:30
BDL,1129.65,TOUCHED,1.97,above,1151.9,1129.65,1123.3,1129.65,1116.95,1.131,85.2,0.053,0,2026-09-16,2026-09-17,False,False,5.0,2026-09-17T20:07:08+05:30
DABUR,384.48,TOUCHED,0.02,inside,384.55,384.48,384.48,385.73,383.24,0.646,85.2,0.031,0,2026-09-16,2026-09-17,False,False,5.0,2026-09-17T20:07:08+05:30
UPL,554.92,TOUCHED,-0.03,inside,554.75,554.92,554.92,557.07,552.76,0.778,85.2,0.02,0,2026-09-16,2026-09-17,False,False,5.0,2026-09-17T20:07:08+05:30
MGL,1070.53,TOUCHED,0.06,inside,1071.2,1070.53,1070.53,1075.32,1065.75,0.894,85.5,0.039,0,2026-09-16,2026-09-17,False,False,5.0,2026-09-17T20:07:08+05:30
JYOTICNC,962.32,TOUCHED,1.93,above,980.85,962.32,956.93,962.32,951.55,1.125,85.8,0.035,0,2026-09-16,2026-09-17,False,False,5.0,2026-09-17T20:07:08+05:30
MANKIND,2273.35,TOUCHED,1.17,above,2300.0,2273.35,2264.23,2273.35,2255.12,0.805,85.8,0.038,0,2026-09-16,2026-09-17,False,False,5.0,2026-09-17T20:07:08+05:30
OFSS,11609.67,TOUCHED,0.09,inside,11620.0,11609.67,11609.67,11659.5,11559.83,0.858,85.8,0.029,0,2026-09-16,2026-09-17,False,False,5.0,2026-09-17T20:07:08+05:30
WHIRLPOOL,735.28,TOUCHED,-1.07,below,727.4,735.28,738.82,742.35,735.28,0.956,86.3,0.045,0,2026-09-16,2026-09-17,False,False,5.0,2026-09-17T20:07:08+05:30
LODHA,1081.28,TOUCHED,2.02,above,1103.1,1081.28,1075.17,1081.28,1069.05,1.138,86.8,0.035,0,2026-09-16,2026-09-17,False,False,5.0,2026-09-17T20:07:08+05:30
CARBORUNIV,1046.67,TOUCHED,3.53,above,1083.6,1046.67,1041.73,1046.67,1036.8,0.947,87.1,0.033,0,2026-09-16,2026-09-17,False,False,5.0,2026-09-17T20:07:08+05:30
GLAXO,2816.95,TOUCHED,-0.61,below,2799.9,2816.95,2830.03,2843.12,2816.95,0.925,87.7,0.014,0,2026-09-16,2026-09-17,False,False,5.0,2026-09-17T20:07:08+05:30
NTPCGREEN,87.24,TOUCHED,0.39,above,87.58,87.24,86.88,87.24,86.53,0.813,87.7,0.014,0,2026-09-16,2026-09-17,False,False,5.0,2026-09-17T20:07:08+05:30
KAJARIACER,1210.37,TOUCHED,0.56,above,1217.2,1210.37,1204.83,1210.37,1199.3,0.919,87.9,0.029,0,2026-09-16,2026-09-17,False,False,5.0,2026-09-17T20:07:08+05:30
COHANCE,430.43,TOUCHED,2.21,above,439.95,430.43,427.92,430.43,425.4,1.176,88.2,0.022,0,2026-09-16,2026-09-17,False,False,5.0,2026-09-17T20:07:08+05:30
WIPRO,167.43,TOUCHED,-0.61,below,166.4,167.43,167.96,168.5,167.43,0.639,88.2,0.013,0,2026-09-16,2026-09-17,False,False,5.0,2026-09-17T20:07:08+05:30
ACUTAAS,3295.04,TOUCHED,0.61,inside,3315.1,3295.04,3295.04,3318.62,3271.45,1.431,88.5,0.036,0,2026-09-16,2026-09-17,False,False,5.0,2026-09-17T20:07:08+05:30
REDINGTON,385.62,TOUCHED,3.76,above,400.1,385.62,383.08,385.62,380.55,1.323,88.8,0.038,0,2026-09-16,2026-09-17,False,False,5.0,2026-09-17T20:07:08+05:30
SBILIFE,1692.17,TOUCHED,4.42,above,1766.9,1692.17,1686.43,1692.17,1680.7,0.68,89.3,0.015,0,2026-09-16,2026-09-17,False,False,5.0,2026-09-17T20:07:08+05:30
SBIN,988.37,TOUCHED,0.03,above,988.7,988.37,985.33,988.37,982.3,0.616,89.3,0.011,0,2026-09-16,2026-09-17,False,False,5.0,2026-09-17T20:07:08+05:30
HDBFS,675.58,TOUCHED,0.87,above,681.45,675.58,673.17,675.58,670.75,0.718,89.5,0.023,0,2026-09-16,2026-09-17,False,False,5.0,2026-09-17T20:07:08+05:30
LATENTVIEW,255.23,TOUCHED,-0.09,inside,255.0,255.23,255.23,256.78,253.69,1.208,89.6,0.024,0,2026-09-16,2026-09-17,False,False,5.0,2026-09-17T20:07:08+05:30
CARTRADE,2935.63,TOUCHED,0.08,inside,2938.0,2935.63,2935.63,2960.8,2910.47,1.715,90.1,0.052,0,2026-09-16,2026-09-17,False,False,5.0,2026-09-17T20:07:08+05:30
RADICO,4393.8,TOUCHED,-0.31,below,4380.0,4393.8,4417.87,4441.93,4393.8,1.09,90.1,0.023,0,2026-09-16,2026-09-17,False,False,5.0,2026-09-17T20:07:08+05:30
TATATECH,756.42,TOUCHED,0.31,inside,758.75,756.42,756.42,760.42,752.41,1.06,90.1,0.037,0,2026-09-16,2026-09-17,False,False,5.0,2026-09-17T20:07:08+05:30
VIJAYA,1431.18,TOUCHED,5.23,above,1506.1,1431.18,1424.07,1431.18,1416.95,0.999,90.1,0.036,0,2026-09-16,2026-09-17,False,False,5.0,2026-09-17T20:07:08+05:30
AEGISLOG,1362.13,TOUCHED,-0.61,inside,1353.8,1362.13,1362.13,1371.67,1352.6,1.4,90.4,0.033,0,2026-09-16,2026-09-17,False,False,5.0,2026-09-17T20:07:08+05:30
ELGIEQUIP,595.86,TOUCHED,-0.43,below,593.3,595.86,599.22,602.57,595.86,1.121,90.7,0.049,0,2026-09-16,2026-09-17,False,False,5.0,2026-09-17T20:07:08+05:30
BALRAMCHIN,674.97,TOUCHED,0.11,inside,675.7,674.97,674.97,678.78,671.15,1.131,91.0,0.025,0,2026-09-16,2026-09-17,False,False,5.0,2026-09-17T20:07:08+05:30
SONACOMS,776.55,TOUCHED,0.17,inside,777.9,776.55,776.55,780.83,772.28,1.101,91.2,0.03,0,2026-09-16,2026-09-17,False,False,5.0,2026-09-17T20:07:08+05:30
ACE,1143.13,TOUCHED,5.46,above,1205.6,1143.13,1136.57,1143.13,1130.0,1.156,91.5,0.049,0,2026-09-16,2026-09-17,False,False,5.0,2026-09-17T20:07:08+05:30
LICI,394.0,TOUCHED,1.52,above,400.0,394.0,392.5,394.0,391.0,0.764,91.8,0.031,0,2026-09-16,2026-09-17,False,False,5.0,2026-09-17T20:07:08+05:30
HEG,219.68,TOUCHED,2.79,above,225.8,219.68,218.13,219.68,216.59,1.414,92.1,0.043,0,2026-09-16,2026-09-17,False,False,5.0,2026-09-17T20:07:08+05:30
KALYANKJIL,584.97,TOUCHED,-0.6,below,581.45,584.97,589.03,593.1,584.97,1.381,92.1,0.039,0,2026-09-16,2026-09-17,False,False,5.0,2026-09-17T20:07:08+05:30
TATACAP,345.18,TOUCHED,-0.44,below,343.65,345.18,346.87,348.55,345.18,0.971,92.3,0.015,0,2026-09-16,2026-09-17,False,False,5.0,2026-09-17T20:07:08+05:30
LTM,4278.67,TOUCHED,-0.31,inside,4265.3,4278.67,4278.67,4301.5,4255.83,1.067,92.9,0.032,0,2026-09-16,2026-09-17,False,False,5.0,2026-09-17T20:07:08+05:30
MCX,3187.65,TOUCHED,2.43,above,3265.2,3187.65,3164.1,3187.65,3140.55,1.489,93.4,0.058,0,2026-09-16,2026-09-17,False,False,5.0,2026-09-17T20:07:08+05:30
RKFORGE,684.7,TOUCHED,3.03,above,705.45,684.7,680.6,684.7,676.5,1.205,93.7,0.044,0,2026-09-16,2026-09-17,False,False,5.0,2026-09-17T20:07:08+05:30
CANHLIFE,152.91,TOUCHED,1.6,above,155.36,152.91,151.91,152.91,150.9,1.323,93.9,0.018,0,2026-09-16,2026-09-17,False,False,5.0,2026-09-17T20:07:08+05:30
BRIGADE,618.53,TOUCHED,0.38,inside,620.9,618.53,618.53,622.69,614.38,1.345,94.0,0.024,0,2026-09-16,2026-09-17,False,False,5.0,2026-09-17T20:07:08+05:30
ABSLAMC,1051.23,TOUCHED,3.7,above,1090.1,1051.23,1044.07,1051.23,1036.9,1.373,94.2,0.032,0,2026-09-16,2026-09-17,False,False,5.0,2026-09-17T20:07:08+05:30
TEGA,1705.67,TOUCHED,12.57,above,1920.0,1705.67,1694.23,1705.67,1682.8,1.35,94.2,0.045,0,2026-09-16,2026-09-17,False,False,5.0,2026-09-17T20:07:08+05:30
HONASA,460.68,TOUCHED,-0.12,below,460.1,460.68,463.55,466.42,460.68,1.24,94.5,0.054,0,2026-09-16,2026-09-17,False,False,5.0,2026-09-17T20:07:08+05:30
NYKAA,327.38,TOUCHED,-1.11,below,323.75,327.38,329.15,330.92,327.38,1.079,94.5,0.028,0,2026-09-16,2026-09-17,False,False,5.0,2026-09-17T20:07:08+05:30
VTL,564.03,TOUCHED,-0.48,inside,561.3,564.03,564.03,567.89,560.17,1.368,94.5,0.029,0,2026-09-16,2026-09-17,False,False,5.0,2026-09-17T20:07:08+05:30
AADHARHFC,455.98,TOUCHED,2.93,above,469.35,455.98,453.27,455.98,450.55,1.199,94.8,0.027,0,2026-09-16,2026-09-17,False,False,5.0,2026-09-17T20:07:08+05:30
GRANULES,850.5,TOUCHED,2.34,above,870.4,850.5,845.53,850.5,840.57,1.175,95.3,0.038,0,2026-09-16,2026-09-17,False,False,5.0,2026-09-17T20:07:08+05:30
APARINDS,16919.17,TOUCHED,5.21,above,17801.0,16919.17,16763.33,16919.17,16607.5,1.859,95.6,0.054,0,2026-09-16,2026-09-17,False,False,5.0,2026-09-17T20:07:08+05:30
TIMKEN,3198.07,TOUCHED,-0.41,inside,3185.1,3198.07,3198.07,3218.33,3177.8,1.267,95.6,0.047,0,2026-09-16,2026-09-17,False,False,5.0,2026-09-17T20:07:08+05:30
GLENMARK,2395.35,TOUCHED,0.86,above,2416.0,2395.35,2380.7,2395.35,2366.05,1.231,95.9,0.035,0,2026-09-16,2026-09-17,False,False,5.0,2026-09-17T20:07:08+05:30
TCS,2200.18,TOUCHED,-0.46,below,2190.0,2200.18,2211.57,2222.95,2200.18,1.029,95.9,0.029,0,2026-09-16,2026-09-17,False,False,5.0,2026-09-17T20:07:08+05:30
ANTHEM,921.73,TOUCHED,0.61,inside,927.4,921.73,921.73,928.38,915.09,1.441,96.2,0.042,0,2026-09-16,2026-09-17,False,False,5.0,2026-09-17T20:07:08+05:30
URBANCO,161.55,TOUCHED,0.78,inside,162.81,161.55,161.55,163.06,160.05,1.861,96.4,0.044,0,2026-09-16,2026-09-17,False,False,5.0,2026-09-17T20:07:08+05:30
ECLERX,1925.8,TOUCHED,-0.15,inside,1923.0,1925.8,1925.8,1943.5,1908.1,1.838,96.7,0.05,0,2026-09-16,2026-09-17,False,False,5.0,2026-09-17T20:07:08+05:30
WOCKPHARMA,2021.38,V+N,2.52,above,2072.3,2021.38,2021.27,2021.38,2021.15,0.012,2.7,0.057,1,2026-09-16,2026-09-17,True,True,5.0,2026-09-17T20:37:30+05:30
CGPOWER,851.49,V+N,3.35,above,880.0,851.49,851.43,851.49,851.38,0.014,3.0,0.034,1,2026-09-16,2026-09-17,True,True,5.0,2026-09-17T20:37:30+05:30
WELCORP,2397.82,V+W,2.61,above,2460.3,2397.82,2371.13,2397.82,2344.45,2.251,98.9,0.058,1,2026-09-16,2026-09-17,True,False,5.0,2026-09-17T20:37:30+05:30
SIEMENS,3741.62,V,0.58,above,3763.5,3741.62,3741.23,3741.62,3740.85,0.02,5.5,0.018,1,2026-09-16,2026-09-17,True,False,5.0,2026-09-17T20:37:30+05:30
FORTIS,870.75,V,1.76,above,886.1,870.75,870.6,870.75,870.45,0.034,6.0,0.028,1,2026-09-16,2026-09-17,True,False,5.0,2026-09-17T20:37:30+05:30
ABCAPITAL,381.21,V,2.31,above,390.0,381.21,381.12,381.21,381.02,0.048,6.6,0.038,1,2026-09-16,2026-09-17,True,False,5.0,2026-09-17T20:37:30+05:30
MOTHERSON,158.40,V,2.19,above,161.87,158.4,158.36,158.4,158.31,0.055,6.8,0.035,1,2026-09-16,2026-09-17,True,False,5.0,2026-09-17T20:37:30+05:30
NMDC,80.30,V,0.62,above,80.8,80.3,80.29,80.3,80.27,0.042,7.1,0.028,1,2026-09-16,2026-09-17,True,False,5.0,2026-09-17T20:37:30+05:30
IFCI,75.20,V,2.51,above,77.09,75.2,75.15,75.2,75.11,0.124,7.7,0.1,1,2026-09-16,2026-09-17,True,False,5.0,2026-09-17T20:37:30+05:30
AWL,182.11,V,1.06,above,184.04,182.11,182.06,182.11,182.0,0.064,7.9,0.046,1,2026-09-16,2026-09-17,True,False,5.0,2026-09-17T20:37:30+05:30
PIIND,2257.20,V,2.21,above,2307.0,2257.2,2256.8,2257.2,2256.4,0.035,7.9,0.017,1,2026-09-16,2026-09-17,True,False,5.0,2026-09-17T20:37:30+05:30
BOSCHLTD,47587.50,V,0.31,above,47735.0,47587.5,47576.67,47587.5,47565.83,0.046,8.5,0.029,1,2026-09-16,2026-09-17,True,False,5.0,2026-09-17T20:37:30+05:30
VBL,410.77,V,1.14,above,415.45,410.77,410.65,410.77,410.52,0.061,9.0,0.026,1,2026-09-16,2026-09-17,True,False,5.0,2026-09-17T20:37:30+05:30
ADANIPORTS,1723.35,V,0.87,above,1738.3,1723.35,1722.9,1723.35,1722.45,0.052,9.6,0.021,1,2026-09-16,2026-09-17,True,False,5.0,2026-09-17T20:37:30+05:30
HBLENGINE,705.50,V,7.26,above,756.75,705.5,705.22,705.5,704.93,0.08,10.4,0.033,1,2026-09-16,2026-09-17,True,False,5.0,2026-09-17T20:37:30+05:30
JINDALSTEL,1102.40,V,2.36,above,1128.4,1102.4,1101.8,1102.4,1101.2,0.109,15.3,0.036,1,2026-09-16,2026-09-17,True,False,5.0,2026-09-17T20:37:30+05:30
BEL,386.15,V,2.41,above,395.45,386.15,386.02,386.15,385.88,0.069,15.6,0.024,1,2026-09-16,2026-09-17,True,False,5.0,2026-09-17T20:37:30+05:30
SRF,2478.90,V,2.3,above,2536.0,2478.9,2477.7,2478.9,2476.5,0.097,15.6,0.028,1,2026-09-16,2026-09-17,True,False,5.0,2026-09-17T20:37:30+05:30
MEDANTA,1403.92,V,1.43,above,1424.0,1403.92,1403.23,1403.92,1402.55,0.097,17.0,0.031,1,2026-09-16,2026-09-17,True,False,5.0,2026-09-17T20:37:30+05:30
TVSMOTOR,4040.25,V,1.52,above,4101.7,4040.25,4037.83,4040.25,4035.42,0.12,18.6,0.026,1,2026-09-16,2026-09-17,True,False,5.0,2026-09-17T20:37:30+05:30
ENDURANCE,2625.77,V,2.48,above,2690.8,2625.77,2623.13,2625.77,2620.5,0.201,21.6,0.044,1,2026-09-16,2026-09-17,True,False,5.0,2026-09-17T20:37:30+05:30
ASIANPAINT,2420.95,V,1.37,above,2454.0,2420.95,2419.5,2420.95,2418.05,0.12,23.6,0.022,1,2026-09-16,2026-09-17,True,False,5.0,2026-09-17T20:37:30+05:30
TITAGARH,812.16,V,1.85,above,827.15,812.16,811.17,812.16,810.18,0.245,23.8,0.046,1,2026-09-16,2026-09-17,True,False,5.0,2026-09-17T20:37:30+05:30
RAILTEL,252.07,V,2.85,above,259.25,252.07,251.78,252.07,251.5,0.225,24.1,0.041,1,2026-09-16,2026-09-17,True,False,5.0,2026-09-17T20:37:30+05:30
ABREL,1231.82,V,2.08,above,1257.4,1231.82,1230.23,1231.82,1228.65,0.257,27.9,0.025,1,2026-09-16,2026-09-17,True,False,5.0,2026-09-17T20:37:30+05:30
GAIL,170.53,V,0.86,above,172.0,170.53,170.42,170.53,170.3,0.137,27.9,0.015,1,2026-09-16,2026-09-17,True,False,5.0,2026-09-17T20:37:30+05:30
JMFINANCIL,120.23,V,1.89,above,122.51,120.23,120.0,120.23,119.78,0.381,31.8,0.052,1,2026-09-16,2026-09-17,True,False,5.0,2026-09-17T20:37:30+05:30
PCBL,316.59,V,4.05,above,329.4,316.59,316.08,316.59,315.57,0.322,34.2,0.048,1,2026-09-16,2026-09-17,True,False,5.0,2026-09-17T20:37:30+05:30
POWERINDIA,30140.83,V,3.61,above,31230.0,30140.83,30081.67,30140.83,30022.5,0.393,35.6,0.057,1,2026-09-16,2026-09-17,True,False,5.0,2026-09-17T20:37:30+05:30
DLF,621.83,V,2.92,above,640.0,621.83,620.87,621.83,619.9,0.311,40.0,0.028,1,2026-09-16,2026-09-17,True,False,5.0,2026-09-17T20:37:30+05:30
GVT&D,4255.57,V,2.01,above,4341.0,4255.57,4244.13,4255.57,4232.7,0.539,47.4,0.022,1,2026-09-16,2026-09-17,True,False,5.0,2026-09-17T20:37:30+05:30
NIACL,183.84,V,7.19,above,197.05,183.84,183.48,183.84,183.12,0.387,49.9,0.029,1,2026-09-16,2026-09-17,True,False,5.0,2026-09-17T20:37:30+05:30
CASTROLIND,188.64,V,1.63,above,191.72,188.64,188.45,188.64,188.25,0.209,51.5,0.014,1,2026-09-16,2026-09-17,True,False,5.0,2026-09-17T20:37:30+05:30
BLUEJET,563.16,V,0.9,above,568.2,563.16,561.27,563.16,559.38,0.674,52.6,0.042,1,2026-09-16,2026-09-17,True,False,5.0,2026-09-17T20:37:30+05:30
KAYNES,3374.05,V,4.33,above,3520.0,3374.05,3363.1,3374.05,3352.15,0.651,55.1,0.049,1,2026-09-16,2026-09-17,True,False,5.0,2026-09-17T20:37:30+05:30
PHOENIXLTD,1850.72,V,1.16,above,1872.2,1850.72,1846.43,1850.72,1842.15,0.464,55.3,0.045,1,2026-09-16,2026-09-17,True,False,5.0,2026-09-17T20:37:30+05:30
ETERNAL,316.19,V,1.95,above,322.35,316.19,315.38,316.19,314.57,0.513,56.4,0.024,1,2026-09-16,2026-09-17,True,False,5.0,2026-09-17T20:37:30+05:30
EICHERMOT,7488.42,V,0.07,above,7493.5,7488.42,7476.83,7488.42,7465.25,0.31,57.0,0.024,1,2026-09-16,2026-09-17,True,False,5.0,2026-09-17T20:37:30+05:30
GODFRYPHLP,1928.28,V,0.76,above,1943.0,1928.28,1922.57,1928.28,1916.85,0.595,57.0,0.041,1,2026-09-16,2026-09-17,True,False,5.0,2026-09-17T20:37:30+05:30
MARICO,808.78,V,1.02,above,817.0,808.78,807.4,808.78,806.03,0.341,57.3,0.02,1,2026-09-16,2026-09-17,True,False,5.0,2026-09-17T20:37:30+05:30
HINDPETRO,349.25,V,0.39,above,350.6,349.25,348.45,349.25,347.65,0.459,57.5,0.033,1,2026-09-16,2026-09-17,True,False,5.0,2026-09-17T20:37:30+05:30
NAM-INDIA,1127.53,V,-0.76,below,1119.0,1127.53,1131.07,1134.6,1127.53,0.625,59.5,0.031,1,2026-09-16,2026-09-17,True,False,5.0,2026-09-17T20:37:30+05:30
CPPLUS,3561.68,V,-5.15,below,3378.4,3561.68,3575.67,3589.65,3561.68,0.782,60.6,0.036,1,2026-09-16,2026-09-17,True,False,5.0,2026-09-17T20:37:30+05:30
TIINDIA,2559.57,V,1.53,above,2598.8,2559.57,2552.53,2559.57,2545.5,0.551,60.8,0.038,1,2026-09-16,2026-09-17,True,False,5.0,2026-09-17T20:37:30+05:30
HAL,4684.63,V,2.21,above,4788.0,4684.63,4673.67,4684.63,4662.7,0.469,61.9,0.035,1,2026-09-16,2026-09-17,True,False,5.0,2026-09-17T20:37:30+05:30
BPCL,302.58,V,1.46,above,307.0,302.58,301.82,302.58,301.05,0.508,64.1,0.021,1,2026-09-16,2026-09-17,True,False,5.0,2026-09-17T20:37:30+05:30
DATAPATTNS,4302.25,V,2.53,above,4411.1,4302.25,4282.8,4302.25,4263.35,0.908,64.1,0.076,1,2026-09-16,2026-09-17,True,False,5.0,2026-09-17T20:37:30+05:30
IIFL,583.81,V,2.18,above,596.55,583.81,581.92,583.81,580.03,0.65,64.7,0.026,1,2026-09-16,2026-09-17,True,False,5.0,2026-09-17T20:37:30+05:30
DIXON,13139.00,V,1.15,above,13290.0,13139.0,13097.0,13139.0,13055.0,0.641,66.3,0.056,1,2026-09-16,2026-09-17,True,False,5.0,2026-09-17T20:37:30+05:30
SPLPETRO,789.68,V,2.19,above,807.0,789.68,786.67,789.68,783.65,0.767,71.5,0.038,1,2026-09-16,2026-09-17,True,False,5.0,2026-09-17T20:37:30+05:30
GESHIP,1386.70,V,2.77,above,1425.1,1386.7,1381.8,1386.7,1376.9,0.709,72.9,0.034,1,2026-09-16,2026-09-17,True,False,5.0,2026-09-17T20:37:30+05:30
LEMONTREE,102.92,V,1.11,above,104.06,102.92,102.58,102.92,102.23,0.666,74.5,0.023,1,2026-09-16,2026-09-17,True,False,5.0,2026-09-17T20:37:30+05:30
FINCABLES,1357.40,V,2.83,above,1395.8,1357.4,1352.2,1357.4,1347.0,0.769,75.3,0.019,1,2026-09-16,2026-09-17,True,False,5.0,2026-09-17T20:37:30+05:30
ITCHOTELS,152.89,V,0.94,above,154.33,152.89,152.4,152.89,151.9,0.652,77.0,0.04,1,2026-09-16,2026-09-17,True,False,5.0,2026-09-17T20:37:30+05:30
TECHNOE,966.68,V,1.86,above,984.7,966.68,962.32,966.68,957.95,0.908,77.0,0.042,1,2026-09-16,2026-09-17,True,False,5.0,2026-09-17T20:37:30+05:30
ICICIPRULI,468.49,V,4.7,above,490.5,468.49,466.98,468.49,465.48,0.646,77.3,0.021,1,2026-09-16,2026-09-17,True,False,5.0,2026-09-17T20:37:30+05:30
USHAMART,476.93,V,3.93,above,495.65,476.93,475.0,476.93,473.07,0.811,78.9,0.031,1,2026-09-16,2026-09-17,True,False,5.0,2026-09-17T20:37:30+05:30
EMCURE,1940.53,V,-1.58,below,1909.8,1940.53,1949.17,1957.8,1940.53,0.886,79.2,0.027,1,2026-09-16,2026-09-17,True,False,5.0,2026-09-17T20:37:30+05:30
HDFCLIFE,528.63,V,5.37,above,557.0,528.63,527.07,528.63,525.5,0.594,81.1,0.018,1,2026-09-16,2026-09-17,True,False,5.0,2026-09-17T20:37:30+05:30
CAPLIPOINT,2571.53,V,0.97,above,2596.6,2571.53,2560.07,2571.53,2548.6,0.896,81.4,0.032,1,2026-09-16,2026-09-17,True,False,5.0,2026-09-17T20:37:30+05:30
DEEPAKNTR,1584.37,V,1.29,above,1604.8,1584.37,1578.23,1584.37,1572.1,0.777,82.2,0.029,1,2026-09-16,2026-09-17,True,False,5.0,2026-09-17T20:37:30+05:30
ASAHIINDIA,947.37,V,0.35,above,950.7,947.37,942.93,947.37,938.5,0.94,84.4,0.042,1,2026-09-16,2026-09-17,True,False,5.0,2026-09-17T20:37:30+05:30
DEEPAKFERT,1307.98,V,1.27,above,1324.6,1307.98,1300.97,1307.98,1293.95,1.079,86.3,0.044,1,2026-09-16,2026-09-17,True,False,5.0,2026-09-17T20:37:30+05:30
YESBANK,23.49,V,-1.55,below,23.13,23.49,23.59,23.68,23.49,0.791,86.6,0.04,1,2026-09-16,2026-09-17,True,False,5.0,2026-09-17T20:37:30+05:30
KPIL,1384.08,V,1.1,above,1399.3,1384.08,1377.27,1384.08,1370.45,0.99,87.9,0.045,1,2026-09-16,2026-09-17,True,False,5.0,2026-09-17T20:37:30+05:30
ITC,263.47,V,1.04,above,266.2,263.47,262.78,263.47,262.1,0.52,88.5,0.02,1,2026-09-16,2026-09-17,True,False,5.0,2026-09-17T20:37:30+05:30
DIVISLAB,9122.50,V,2.2,above,9323.0,9122.5,9087.0,9122.5,9051.5,0.781,88.8,0.024,1,2026-09-16,2026-09-17,True,False,5.0,2026-09-17T20:37:30+05:30
ANANDRATHI,2197.63,V,0.44,above,2207.4,2197.63,2189.07,2197.63,2180.5,0.783,91.0,0.022,1,2026-09-16,2026-09-17,True,False,5.0,2026-09-17T20:37:30+05:30
ZENTEC,1651.13,V,1.85,above,1681.7,1651.13,1639.47,1651.13,1627.8,1.423,92.1,0.017,1,2026-09-16,2026-09-17,True,False,5.0,2026-09-17T20:37:30+05:30
CUB,225.73,V,2.7,above,231.82,225.73,224.22,225.73,222.71,1.347,92.6,0.034,1,2026-09-16,2026-09-17,True,False,5.0,2026-09-17T20:37:30+05:30
MPHASIS,2329.57,V,-0.41,below,2320.0,2329.57,2342.43,2355.3,2329.57,1.099,92.6,0.026,1,2026-09-16,2026-09-17,True,False,5.0,2026-09-17T20:37:30+05:30
PREMIERENE,904.72,V,-2.73,below,880.0,904.72,910.43,916.15,904.72,1.256,93.2,0.031,1,2026-09-16,2026-09-17,True,False,5.0,2026-09-17T20:37:30+05:30
APLAPOLLO,2109.03,V,1.87,above,2148.5,2109.03,2098.07,2109.03,2087.1,1.045,94.8,0.016,1,2026-09-16,2026-09-17,True,False,5.0,2026-09-17T20:37:30+05:30
SYRMA,1497.60,V,8.02,above,1617.7,1497.6,1484.0,1497.6,1470.4,1.833,95.6,0.045,1,2026-09-16,2026-09-17,True,False,5.0,2026-09-17T20:37:30+05:30
BEML,1972.82,V,2.05,above,2013.3,1972.82,1953.73,1972.82,1934.65,1.954,95.9,0.025,1,2026-09-16,2026-09-17,True,False,5.0,2026-09-17T20:37:30+05:30
RHIM,363.60,NARROW,0.65,above,365.95,363.6,363.6,363.6,363.6,0.0,0.0,0.028,0,2026-09-16,2026-09-17,False,True,5.0,2026-09-17T20:37:30+05:30
RRKABEL,2397.10,NARROW,-0.28,below,2390.5,2397.1,2397.2,2397.3,2397.1,0.008,1.4,0.045,0,2026-09-16,2026-09-17,False,True,5.0,2026-09-17T20:37:30+05:30
SARDAEN,497.33,NARROW,1.93,above,506.95,497.33,497.32,497.33,497.3,0.007,1.4,0.027,0,2026-09-16,2026-09-17,False,True,5.0,2026-09-17T20:37:30+05:30
SAREGAMA,486.60,NARROW,0.54,above,489.25,486.6,486.58,486.6,486.57,0.007,1.4,0.046,0,2026-09-16,2026-09-17,False,True,5.0,2026-09-17T20:37:30+05:30
TORNTPHARM,4812.75,NARROW,1.29,above,4875.0,4812.75,4812.67,4812.75,4812.58,0.003,1.4,0.023,0,2026-09-16,2026-09-17,False,True,5.0,2026-09-17T20:37:30+05:30
AEGISVOPAK,296.95,NARROW,4.63,above,310.7,296.95,296.95,296.95,296.95,0.0,1.8,0.028,0,2026-09-16,2026-09-17,False,True,5.0,2026-09-17T20:37:30+05:30
ASHOKLEY,156.49,NARROW,1.36,above,158.62,156.49,156.49,156.49,156.48,0.009,1.9,0.022,0,2026-09-16,2026-09-17,False,True,5.0,2026-09-17T20:37:30+05:30
KEI,4506.25,NARROW,1.19,above,4560.0,4506.25,4506.17,4506.25,4506.08,0.004,1.9,0.025,0,2026-09-16,2026-09-17,False,True,5.0,2026-09-17T20:37:30+05:30
KIMS,766.75,NARROW,3.27,above,791.85,766.75,766.72,766.75,766.68,0.009,1.9,0.039,0,2026-09-16,2026-09-17,False,True,5.0,2026-09-17T20:37:30+05:30
CYIENT,1054.65,NARROW,0.89,above,1064.0,1054.65,1054.6,1054.65,1054.55,0.009,2.5,0.026,0,2026-09-16,2026-09-17,False,True,5.0,2026-09-17T20:37:30+05:30
POLYMED,1704.38,NARROW,0.49,above,1712.7,1704.38,1704.17,1704.38,1703.95,0.025,2.5,0.045,0,2026-09-16,2026-09-17,False,True,5.0,2026-09-17T20:37:30+05:30
HINDZINC,567.46,NARROW,0.85,above,572.3,567.46,567.42,567.46,567.38,0.015,2.7,0.041,0,2026-09-16,2026-09-17,False,True,5.0,2026-09-17T20:37:30+05:30
MOTILALOFS,976.85,NARROW,1.21,above,988.7,976.85,976.73,976.85,976.62,0.024,2.7,0.045,0,2026-09-16,2026-09-17,False,True,5.0,2026-09-17T20:37:30+05:30
ANURAS,1178.23,NARROW,0.26,above,1181.3,1178.23,1178.17,1178.23,1178.1,0.011,3.0,0.025,0,2026-09-16,2026-09-17,False,True,5.0,2026-09-17T20:37:30+05:30
TRAVELFOOD,1215.20,NARROW,1.38,above,1232.0,1215.2,1215.1,1215.2,1215.0,0.016,3.7,0.032,0,2026-09-16,2026-09-17,False,True,5.0,2026-09-17T20:37:30+05:30
IGL,148.79,NARROW,-0.08,below,148.67,148.79,148.81,148.83,148.79,0.027,3.8,0.046,0,2026-09-16,2026-09-17,False,True,5.0,2026-09-17T20:37:30+05:30
ABB,6979.42,NARROW,2.16,above,7130.5,6979.42,6978.83,6979.42,6978.25,0.017,4.1,0.028,0,2026-09-16,2026-09-17,False,True,5.0,2026-09-17T20:37:30+05:30
ACC,1227.05,NARROW,0.44,above,1232.5,1227.05,1226.9,1227.05,1226.75,0.024,4.1,0.033,0,2026-09-16,2026-09-17,False,True,5.0,2026-09-17T20:37:30+05:30
BLS,226.71,NARROW,0.46,above,227.74,226.71,226.67,226.71,226.63,0.031,4.1,0.032,0,2026-09-16,2026-09-17,False,True,5.0,2026-09-17T20:37:30+05:30
LINDEINDIA,6088.83,NARROW,0.09,above,6094.5,6088.83,6088.17,6088.83,6087.5,0.022,4.1,0.024,0,2026-09-16,2026-09-17,False,True,5.0,2026-09-17T20:37:30+05:30
ERIS,1303.75,NARROW,0.53,above,1310.7,1303.75,1303.57,1303.75,1303.38,0.028,4.9,0.029,0,2026-09-16,2026-09-17,False,True,5.0,2026-09-17T20:37:30+05:30
3MINDIA,32361.67,WIDE,0.52,inside,32530.0,32361.67,32361.67,32575.0,32148.33,1.318,97.3,0.027,0,2026-09-16,2026-09-17,False,False,5.0,2026-09-17T20:37:30+05:30
MFSL,1477.62,WIDE,5.17,above,1554.0,1477.62,1467.63,1477.62,1457.65,1.36,98.1,0.019,0,2026-09-16,2026-09-17,False,False,5.0,2026-09-17T20:37:30+05:30
POLICYBZR,1778.55,WIDE,-0.76,below,1765.0,1778.55,1794.73,1810.92,1778.55,1.803,98.9,0.037,0,2026-09-16,2026-09-17,False,False,5.0,2026-09-17T20:37:30+05:30
LALPATHLAB,1934.77,WIDE,-0.52,inside,1924.7,1934.77,1934.77,1954.3,1915.23,2.019,99.2,0.043,0,2026-09-16,2026-09-17,False,False,5.0,2026-09-17T20:37:30+05:30
AFCONS,253.77,WIDE,5.33,above,267.3,253.77,249.13,253.77,244.5,3.72,99.5,0.023,0,2026-09-16,2026-09-17,False,False,5.0,2026-09-17T20:37:30+05:30
PATANJALI,356.63,WIDE,-0.61,inside,354.45,356.63,356.63,360.82,352.45,2.346,99.5,0.015,0,2026-09-16,2026-09-17,False,False,5.0,2026-09-17T20:37:30+05:30
INDIAMART,1706.53,TOUCHED,-2.57,below,1662.7,1706.53,1706.77,1707.0,1706.53,0.027,5.8,0.025,0,2026-09-16,2026-09-17,False,False,5.0,2026-09-17T20:37:30+05:30
JUBLINGREA,632.35,TOUCHED,0.14,above,633.25,632.35,632.22,632.35,632.08,0.042,5.8,0.036,0,2026-09-16,2026-09-17,False,False,5.0,2026-09-17T20:37:30+05:30
TATACONSUM,999.95,TOUCHED,1.38,above,1013.7,999.95,999.8,999.95,999.65,0.03,5.8,0.027,0,2026-09-16,2026-09-17,False,False,5.0,2026-09-17T20:37:30+05:30
IRCON,107.87,TOUCHED,-0.01,inside,107.86,107.87,107.87,107.89,107.84,0.052,6.0,0.043,0,2026-09-16,2026-09-17,False,False,5.0,2026-09-17T20:37:30+05:30
ELECON,407.72,TOUCHED,1.69,above,414.6,407.72,407.6,407.72,407.48,0.061,6.6,0.036,0,2026-09-16,2026-09-17,False,False,5.0,2026-09-17T20:37:30+05:30
INDHOTEL,713.32,TOUCHED,1.87,above,726.65,713.32,713.23,713.32,713.15,0.023,6.6,0.018,0,2026-09-16,2026-09-17,False,False,5.0,2026-09-17T20:37:30+05:30
JAINREC,274.92,TOUCHED,-0.32,below,274.05,274.92,275.03,275.15,274.92,0.085,6.7,0.061,0,2026-09-16,2026-09-17,False,False,5.0,2026-09-17T20:37:30+05:30
DALBHARAT,1693.03,TOUCHED,0.02,inside,1693.3,1693.03,1693.03,1693.32,1692.75,0.033,6.8,0.025,0,2026-09-16,2026-09-17,False,False,5.0,2026-09-17T20:37:30+05:30
PRESTIGE,1425.55,TOUCHED,1.02,above,1440.1,1425.55,1425.03,1425.55,1424.52,0.073,6.8,0.047,0,2026-09-16,2026-09-17,False,False,5.0,2026-09-17T20:37:30+05:30
RVNL,197.67,TOUCHED,2.04,above,201.7,197.67,197.61,197.67,197.56,0.057,6.8,0.032,0,2026-09-16,2026-09-17,False,False,5.0,2026-09-17T20:37:30+05:30
SIGNATURE,752.36,TOUCHED,0.39,above,755.3,752.36,752.22,752.36,752.07,0.038,6.8,0.029,0,2026-09-16,2026-09-17,False,False,5.0,2026-09-17T20:37:30+05:30
FACT,748.73,TOUCHED,1.48,above,759.8,748.73,748.47,748.73,748.2,0.071,7.7,0.056,0,2026-09-16,2026-09-17,False,False,5.0,2026-09-17T20:37:30+05:30
GRAVITA,1623.10,TOUCHED,-0.71,below,1611.6,1623.1,1623.5,1623.9,1623.1,0.049,7.9,0.031,0,2026-09-16,2026-09-17,False,False,5.0,2026-09-17T20:37:30+05:30
DEVYANI,136.64,TOUCHED,1.37,above,138.51,136.64,136.58,136.64,136.53,0.078,8.5,0.04,0,2026-09-16,2026-09-17,False,False,5.0,2026-09-17T20:37:30+05:30
IREDA,108.49,TOUCHED,0.46,above,108.99,108.49,108.46,108.49,108.43,0.058,8.5,0.043,0,2026-09-16,2026-09-17,False,False,5.0,2026-09-17T20:37:30+05:30
ZENSARTECH,449.70,TOUCHED,-1.75,below,441.85,449.7,449.85,450.0,449.7,0.067,8.5,0.035,0,2026-09-16,2026-09-17,False,False,5.0,2026-09-17T20:37:30+05:30
ABFRL,49.72,TOUCHED,1.47,above,50.45,49.72,49.7,49.72,49.68,0.08,8.8,0.027,0,2026-09-16,2026-09-17,False,False,5.0,2026-09-17T20:37:30+05:30
PFC,346.12,TOUCHED,-0.34,below,344.95,346.12,346.25,346.38,346.12,0.072,9.3,0.032,0,2026-09-16,2026-09-17,False,False,5.0,2026-09-17T20:37:30+05:30
FLUOROCHEM,4526.80,TOUCHED,-1.22,below,4471.8,4526.8,4528.07,4529.33,4526.8,0.056,9.9,0.022,0,2026-09-16,2026-09-17,False,False,5.0,2026-09-17T20:37:30+05:30
ACMESOLAR,418.25,TOUCHED,-1.66,below,411.3,418.25,418.5,418.75,418.25,0.119,10.1,0.05,0,2026-09-16,2026-09-17,False,False,5.0,2026-09-17T20:37:30+05:30
PFIZER,4015.52,TOUCHED,-0.02,below,4014.8,4015.52,4016.63,4017.75,4015.52,0.056,10.4,0.025,0,2026-09-16,2026-09-17,False,False,5.0,2026-09-17T20:37:30+05:30
SAPPHIRE,223.20,TOUCHED,4.5,above,233.24,223.2,223.08,223.2,222.96,0.108,11.0,0.05,0,2026-09-16,2026-09-17,False,False,5.0,2026-09-17T20:37:30+05:30
DELHIVERY,421.66,TOUCHED,1.02,above,425.95,421.66,421.52,421.66,421.38,0.067,11.2,0.019,0,2026-09-16,2026-09-17,False,False,5.0,2026-09-17T20:37:30+05:30
FORCEMOT,17370.00,TOUCHED,1.61,above,17650.0,17370.0,17357.0,17370.0,17344.0,0.15,11.2,0.049,0,2026-09-16,2026-09-17,False,False,5.0,2026-09-17T20:37:30+05:30
IRFC,78.92,TOUCHED,0.49,above,79.31,78.92,78.9,78.92,78.87,0.068,11.2,0.033,0,2026-09-16,2026-09-17,False,False,5.0,2026-09-17T20:37:30+05:30
CENTRALBK,30.40,TOUCHED,-0.01,below,30.4,30.4,30.42,30.43,30.4,0.088,11.5,0.029,0,2026-09-16,2026-09-17,False,False,5.0,2026-09-17T20:37:30+05:30
TENNIND,511.78,TOUCHED,0.44,above,514.05,511.78,511.52,511.78,511.25,0.104,11.5,0.013,0,2026-09-16,2026-09-17,False,False,5.0,2026-09-17T20:37:30+05:30
CONCORDBIO,1456.15,TOUCHED,0.34,above,1461.1,1456.15,1455.37,1456.15,1454.58,0.108,12.1,0.022,0,2026-09-16,2026-09-17,False,False,5.0,2026-09-17T20:37:30+05:30
PAYTM,1791.10,TOUCHED,-1.57,below,1763.0,1791.1,1792.2,1793.3,1791.1,0.123,12.1,0.051,0,2026-09-16,2026-09-17,False,False,5.0,2026-09-17T20:37:30+05:30
CHAMBLFERT,408.88,TOUCHED,1.23,above,413.9,408.88,408.67,408.88,408.45,0.106,12.3,0.035,0,2026-09-16,2026-09-17,False,False,5.0,2026-09-17T20:37:30+05:30
TATASTEEL,182.95,TOUCHED,2.37,above,187.29,182.95,182.89,182.95,182.84,0.058,12.6,0.021,0,2026-09-16,2026-09-17,False,False,5.0,2026-09-17T20:37:30+05:30
AMBER,6926.00,TOUCHED,1.73,above,7046.0,6926.0,6922.0,6926.0,6918.0,0.116,12.9,0.027,0,2026-09-16,2026-09-17,False,False,5.0,2026-09-17T20:37:30+05:30
THERMAX,3535.22,TOUCHED,0.97,above,3569.5,3535.22,3533.63,3535.22,3532.05,0.09,12.9,0.023,0,2026-09-16,2026-09-17,False,False,5.0,2026-09-17T20:37:30+05:30
ADANIPOWER,202.70,TOUCHED,1.59,above,205.92,202.7,202.58,202.7,202.46,0.118,13.4,0.053,0,2026-09-16,2026-09-17,False,False,5.0,2026-09-17T20:37:30+05:30
IRCTC,452.72,TOUCHED,0.95,above,457.0,452.72,452.48,452.72,452.25,0.103,13.7,0.043,0,2026-09-16,2026-09-17,False,False,5.0,2026-09-17T20:37:30+05:30
NESTLEIND,1382.85,TOUCHED,-0.89,below,1370.6,1382.85,1383.4,1383.95,1382.85,0.08,13.7,0.033,0,2026-09-16,2026-09-17,False,False,5.0,2026-09-17T20:37:30+05:30
CESC,141.73,TOUCHED,-0.12,below,141.56,141.73,141.79,141.85,141.73,0.085,14.0,0.037,0,2026-09-16,2026-09-17,False,False,5.0,2026-09-17T20:37:30+05:30
HINDUNILVR,1960.25,TOUCHED,-0.92,below,1942.2,1960.25,1960.83,1961.42,1960.25,0.059,14.0,0.015,0,2026-09-16,2026-09-17,False,False,5.0,2026-09-17T20:37:30+05:30
TRITURBINE,540.55,TOUCHED,3.01,above,556.8,540.55,540.3,540.55,540.05,0.093,14.2,0.022,0,2026-09-16,2026-09-17,False,False,5.0,2026-09-17T20:37:30+05:30
ATUL,6073.25,TOUCHED,0.99,above,6133.5,6073.25,6070.5,6073.25,6067.75,0.091,14.8,0.014,0,2026-09-16,2026-09-17,False,False,5.0,2026-09-17T20:37:30+05:30
CEMPRO,1238.25,TOUCHED,1.36,above,1255.1,1238.25,1237.2,1238.25,1236.15,0.17,15.1,0.062,0,2026-09-16,2026-09-17,False,False,5.0,2026-09-17T20:37:30+05:30
NH,1850.78,TOUCHED,0.96,above,1868.6,1850.78,1849.97,1850.78,1849.15,0.088,15.1,0.034,0,2026-09-16,2026-09-17,False,False,5.0,2026-09-17T20:37:30+05:30
RPOWER,20.85,TOUCHED,0.98,above,21.05,20.85,20.82,20.85,20.8,0.208,15.1,0.073,0,2026-09-16,2026-09-17,False,False,5.0,2026-09-17T20:37:30+05:30
UTIAMC,896.55,TOUCHED,0.19,above,898.25,896.55,896.1,896.55,895.65,0.1,15.3,0.031,0,2026-09-16,2026-09-17,False,False,5.0,2026-09-17T20:37:30+05:30
BERGEPAINT,447.91,TOUCHED,0.15,above,448.6,447.91,447.67,447.91,447.43,0.108,15.6,0.013,0,2026-09-16,2026-09-17,False,False,5.0,2026-09-17T20:37:30+05:30
INDIACEM,335.18,TOUCHED,4.93,above,351.7,335.18,335.0,335.18,334.82,0.104,15.9,0.031,0,2026-09-16,2026-09-17,False,False,5.0,2026-09-17T20:37:30+05:30
SOBHA,1183.90,TOUCHED,0.46,above,1189.4,1183.9,1183.2,1183.9,1182.5,0.118,15.9,0.028,0,2026-09-16,2026-09-17,False,False,5.0,2026-09-17T20:37:30+05:30
DOMS,2088.50,TOUCHED,1.58,above,2121.6,2088.5,2087.4,2088.5,2086.3,0.105,16.2,0.028,0,2026-09-16,2026-09-17,False,False,5.0,2026-09-17T20:37:30+05:30
SUNDARMFIN,4663.05,TOUCHED,-0.01,below,4662.8,4663.05,4666.17,4669.28,4663.05,0.134,16.2,0.029,0,2026-09-16,2026-09-17,False,False,5.0,2026-09-17T20:37:30+05:30
BIKAJI,540.71,TOUCHED,2.21,above,552.65,540.71,540.47,540.71,540.23,0.089,16.7,0.018,0,2026-09-16,2026-09-17,False,False,5.0,2026-09-17T20:37:30+05:30
NATCOPHARM,814.88,TOUCHED,0.41,above,818.25,814.88,814.35,814.88,813.82,0.129,16.7,0.019,0,2026-09-16,2026-09-17,False,False,5.0,2026-09-17T20:37:30+05:30
CRISIL,4569.10,TOUCHED,-0.2,below,4560.0,4569.1,4572.33,4575.57,4569.1,0.141,17.3,0.049,0,2026-09-16,2026-09-17,False,False,5.0,2026-09-17T20:37:30+05:30
HYUNDAI,2158.70,TOUCHED,0.06,above,2160.0,2158.7,2157.47,2158.7,2156.23,0.114,17.3,0.027,0,2026-09-16,2026-09-17,False,False,5.0,2026-09-17T20:37:30+05:30
BANKINDIA,138.10,TOUCHED,0.05,above,138.17,138.1,138.0,138.1,137.91,0.14,17.5,0.026,0,2026-09-16,2026-09-17,False,False,5.0,2026-09-17T20:37:30+05:30
APTUS,239.43,TOUCHED,-0.11,below,239.16,239.43,239.59,239.75,239.43,0.134,17.8,0.026,0,2026-09-16,2026-09-17,False,False,5.0,2026-09-17T20:37:30+05:30
IDFCFIRSTB,85.16,TOUCHED,1.37,above,86.33,85.16,85.11,85.16,85.06,0.117,17.8,0.033,0,2026-09-16,2026-09-17,False,False,5.0,2026-09-17T20:37:30+05:30
ENRIN,3020.00,TOUCHED,2.95,above,3109.1,3020.0,3017.8,3020.0,3015.6,0.146,18.2,0.025,0,2026-09-16,2026-09-17,False,False,5.0,2026-09-17T20:37:30+05:30
HONAUT,33876.67,TOUCHED,0.11,above,33915.0,33876.67,33858.33,33876.67,33840.0,0.108,18.6,0.027,0,2026-09-16,2026-09-17,False,False,5.0,2026-09-17T20:37:30+05:30
POONAWALLA,432.14,TOUCHED,0.15,above,432.8,432.14,431.83,432.14,431.53,0.143,18.6,0.031,0,2026-09-16,2026-09-17,False,False,5.0,2026-09-17T20:37:30+05:30
CDSL,1301.95,TOUCHED,3.64,above,1349.4,1301.95,1300.97,1301.95,1299.98,0.151,19.2,0.034,0,2026-09-16,2026-09-17,False,False,5.0,2026-09-17T20:37:30+05:30
SBFC,93.72,TOUCHED,-0.43,below,93.32,93.72,93.78,93.83,93.72,0.124,19.2,0.03,0,2026-09-16,2026-09-17,False,False,5.0,2026-09-17T20:37:30+05:30
HFCL,213.16,TOUCHED,-1.74,below,209.45,213.16,213.41,213.65,213.16,0.233,19.5,0.031,0,2026-09-16,2026-09-17,False,False,5.0,2026-09-17T20:37:30+05:30
RECLTD,312.10,TOUCHED,-0.51,below,310.5,312.1,312.28,312.47,312.1,0.117,19.5,0.015,0,2026-09-16,2026-09-17,False,False,5.0,2026-09-17T20:37:30+05:30
INTELLECT,657.62,TOUCHED,-0.96,below,651.3,657.62,658.23,658.84,657.62,0.185,19.7,0.043,0,2026-09-16,2026-09-17,False,False,5.0,2026-09-17T20:37:30+05:30
M&MFIN,344.77,TOUCHED,0.27,above,345.7,344.77,344.5,344.77,344.23,0.16,19.7,0.037,0,2026-09-16,2026-09-17,False,False,5.0,2026-09-17T20:37:30+05:30
MUTHOOTFIN,2769.23,TOUCHED,0.03,above,2770.2,2769.23,2767.07,2769.23,2764.9,0.157,19.7,0.04,0,2026-09-16,2026-09-17,False,False,5.0,2026-09-17T20:37:30+05:30
PETRONET,281.93,TOUCHED,0.54,above,283.45,281.93,281.77,281.93,281.6,0.118,19.7,0.026,0,2026-09-16,2026-09-17,False,False,5.0,2026-09-17T20:37:30+05:30
ABLBL,82.48,TOUCHED,-0.08,below,82.41,82.48,82.56,82.64,82.48,0.194,20.0,0.054,0,2026-09-16,2026-09-17,False,False,5.0,2026-09-17T20:37:30+05:30
M&M,3075.25,TOUCHED,0.04,above,3076.5,3075.25,3073.5,3075.25,3071.75,0.114,20.0,0.026,0,2026-09-16,2026-09-17,False,False,5.0,2026-09-17T20:37:30+05:30
AUROPHARMA,1642.02,TOUCHED,2.92,above,1690.0,1642.02,1641.03,1642.02,1640.05,0.12,20.3,0.039,0,2026-09-16,2026-09-17,False,False,5.0,2026-09-17T20:37:30+05:30
ICICIGI,1442.75,TOUCHED,3.05,above,1486.7,1442.75,1441.83,1442.75,1440.92,0.127,20.3,0.021,0,2026-09-16,2026-09-17,False,False,5.0,2026-09-17T20:37:30+05:30
DCMSHRIRAM,987.07,TOUCHED,-0.31,below,984.0,987.07,987.83,988.6,987.07,0.155,20.5,0.024,0,2026-09-16,2026-09-17,False,False,5.0,2026-09-17T20:37:30+05:30
LAURUSLABS,1904.32,TOUCHED,2.3,above,1948.1,1904.32,1903.13,1904.32,1901.95,0.124,20.8,0.019,0,2026-09-16,2026-09-17,False,False,5.0,2026-09-17T20:37:30+05:30
LTFOODS,417.37,TOUCHED,1.09,above,421.9,417.37,416.98,417.37,416.6,0.184,20.8,0.036,0,2026-09-16,2026-09-17,False,False,5.0,2026-09-17T20:37:30+05:30
PWL,127.87,TOUCHED,-0.05,inside,127.8,127.87,127.87,128.03,127.7,0.263,21.0,0.07,0,2026-09-16,2026-09-17,False,False,5.0,2026-09-17T20:37:30+05:30
SUPREMEIND,3308.30,TOUCHED,1.09,above,3344.4,3308.3,3305.53,3308.3,3302.77,0.167,21.4,0.034,0,2026-09-16,2026-09-17,False,False,5.0,2026-09-17T20:37:30+05:30
RITES,205.41,TOUCHED,1.23,above,207.93,205.41,205.25,205.41,205.08,0.159,21.6,0.033,0,2026-09-16,2026-09-17,False,False,5.0,2026-09-17T20:37:30+05:30
DRREDDY,1141.90,TOUCHED,2.9,above,1175.0,1141.9,1141.27,1141.9,1140.63,0.111,21.9,0.017,0,2026-09-16,2026-09-17,False,False,5.0,2026-09-17T20:37:30+05:30
BAJAJHFL,83.00,TOUCHED,-0.37,below,82.7,83.0,83.05,83.09,83.0,0.104,22.5,0.024,0,2026-09-16,2026-09-17,False,False,5.0,2026-09-17T20:37:30+05:30
MAHABANK,80.45,TOUCHED,0.44,above,80.8,80.45,80.37,80.45,80.29,0.199,22.5,0.042,0,2026-09-16,2026-09-17,False,False,5.0,2026-09-17T20:37:30+05:30
PARADEEP,147.47,TOUCHED,4.3,above,153.81,147.47,147.26,147.47,147.05,0.285,22.7,0.04,0,2026-09-16,2026-09-17,False,False,5.0,2026-09-17T20:37:30+05:30
SHRIRAMFIN,981.45,TOUCHED,1.38,above,995.0,981.45,980.63,981.45,979.82,0.167,23.0,0.033,0,2026-09-16,2026-09-17,False,False,5.0,2026-09-17T20:37:30+05:30
ANANTRAJ,585.88,TOUCHED,1.88,above,596.9,585.88,585.08,585.88,584.29,0.271,23.3,0.07,0,2026-09-16,2026-09-17,False,False,5.0,2026-09-17T20:37:30+05:30
BHEL,411.70,TOUCHED,4.25,above,429.2,411.7,411.33,411.7,410.97,0.178,24.1,0.042,0,2026-09-16,2026-09-17,False,False,5.0,2026-09-17T20:37:30+05:30
GODIGIT,251.60,TOUCHED,1.55,above,255.5,251.6,251.37,251.6,251.13,0.186,24.1,0.028,0,2026-09-16,2026-09-17,False,False,5.0,2026-09-17T20:37:30+05:30
PINELABS,186.02,TOUCHED,-0.83,below,184.48,186.02,186.34,186.65,186.02,0.336,24.1,0.053,0,2026-09-16,2026-09-17,False,False,5.0,2026-09-17T20:37:30+05:30
IDEA,14.28,TOUCHED,-0.4,below,14.22,14.28,14.29,14.31,14.28,0.233,24.4,0.044,0,2026-09-16,2026-09-17,False,False,5.0,2026-09-17T20:37:30+05:30
PIRAMALFIN,2208.70,TOUCHED,2.04,above,2253.8,2208.7,2206.17,2208.7,2203.63,0.23,25.0,0.05,0,2026-09-16,2026-09-17,False,False,5.0,2026-09-17T20:37:30+05:30
ENGINERSIN,260.30,TOUCHED,1.33,above,263.75,260.3,259.95,260.3,259.6,0.269,25.2,0.038,0,2026-09-16,2026-09-17,False,False,5.0,2026-09-17T20:37:30+05:30
GMDCLTD,546.02,TOUCHED,0.57,above,549.15,546.02,545.13,546.02,544.24,0.327,25.2,0.078,0,2026-09-16,2026-09-17,False,False,5.0,2026-09-17T20:37:30+05:30
TRENT,2766.98,TOUCHED,0.8,above,2789.0,2766.98,2764.27,2766.98,2761.55,0.197,25.2,0.044,0,2026-09-16,2026-09-17,False,False,5.0,2026-09-17T20:37:30+05:30
GRASIM,3180.45,TOUCHED,-0.23,below,3173.1,3180.45,3182.63,3184.82,3180.45,0.137,25.5,0.017,0,2026-09-16,2026-09-17,False,False,5.0,2026-09-17T20:37:30+05:30
BALKRISIND,2123.28,TOUCHED,2.24,above,2170.8,2123.28,2121.67,2123.28,2120.05,0.152,25.8,0.027,0,2026-09-16,2026-09-17,False,False,5.0,2026-09-17T20:37:30+05:30
IGIL,314.02,TOUCHED,0.28,above,314.9,314.02,313.65,314.02,313.28,0.239,25.8,0.028,0,2026-09-16,2026-09-17,False,False,5.0,2026-09-17T20:37:30+05:30
CHALET,842.28,TOUCHED,0.0,inside,842.3,842.28,842.28,843.19,841.38,0.216,26.3,0.027,0,2026-09-16,2026-09-17,False,False,5.0,2026-09-17T20:37:30+05:30
CHENNPETRO,1449.50,TOUCHED,-2.44,below,1414.1,1449.5,1451.67,1453.83,1449.5,0.299,26.3,0.026,0,2026-09-16,2026-09-17,False,False,5.0,2026-09-17T20:37:30+05:30
SAMMAANCAP,142.00,TOUCHED,0.15,above,142.22,142.0,141.81,142.0,141.62,0.268,26.3,0.041,0,2026-09-16,2026-09-17,False,False,5.0,2026-09-17T20:37:30+05:30
AIIL,527.40,TOUCHED,-0.04,inside,527.2,527.4,527.4,528.18,526.62,0.294,26.8,0.044,0,2026-09-16,2026-09-17,False,False,5.0,2026-09-17T20:37:30+05:30
MAPMYINDIA,882.27,TOUCHED,0.85,above,889.8,882.27,881.43,882.27,880.6,0.189,27.1,0.031,0,2026-09-16,2026-09-17,False,False,5.0,2026-09-17T20:37:30+05:30
SCHNEIDER,1196.42,TOUCHED,0.46,above,1201.9,1196.42,1194.23,1196.42,1192.05,0.366,27.1,0.028,0,2026-09-16,2026-09-17,False,False,5.0,2026-09-17T20:37:30+05:30
MAZDOCK,2234.37,TOUCHED,-1.09,below,2210.0,2234.37,2236.83,2239.3,2234.37,0.221,27.4,0.042,0,2026-09-16,2026-09-17,False,False,5.0,2026-09-17T20:37:30+05:30
JWL,229.57,TOUCHED,0.72,above,231.23,229.57,229.27,229.57,228.97,0.263,27.7,0.044,0,2026-09-16,2026-09-17,False,False,5.0,2026-09-17T20:37:30+05:30
HUDCO,169.54,TOUCHED,0.01,above,169.55,169.54,169.35,169.54,169.15,0.226,27.9,0.036,0,2026-09-16,2026-09-17,False,False,5.0,2026-09-17T20:37:30+05:30
INDIANB,840.75,TOUCHED,-0.03,below,840.5,840.75,841.5,842.25,840.75,0.178,27.9,0.025,0,2026-09-16,2026-09-17,False,False,5.0,2026-09-17T20:37:30+05:30
TRIDENT,23.11,TOUCHED,-0.13,below,23.08,23.11,23.13,23.15,23.11,0.173,27.9,0.027,0,2026-09-16,2026-09-17,False,False,5.0,2026-09-17T20:37:30+05:30
AXISBANK,1239.07,TOUCHED,0.08,inside,1240.0,1239.07,1239.07,1240.03,1238.1,0.156,28.2,0.024,0,2026-09-16,2026-09-17,False,False,5.0,2026-09-17T20:37:30+05:30
SJVN,64.00,TOUCHED,1.17,above,64.75,64.0,63.94,64.0,63.88,0.193,28.5,0.027,0,2026-09-16,2026-09-17,False,False,5.0,2026-09-17T20:37:30+05:30
IDBI,82.61,TOUCHED,-0.88,below,81.89,82.61,82.73,82.84,82.61,0.27,29.0,0.033,0,2026-09-16,2026-09-17,False,False,5.0,2026-09-17T20:37:30+05:30
OLECTRA,1172.70,TOUCHED,1.15,above,1186.2,1172.7,1171.13,1172.7,1169.57,0.268,29.0,0.033,0,2026-09-16,2026-09-17,False,False,5.0,2026-09-17T20:37:30+05:30
GABRIEL,1288.80,TOUCHED,-0.4,below,1283.7,1288.8,1291.1,1293.4,1288.8,0.356,29.3,0.039,0,2026-09-16,2026-09-17,False,False,5.0,2026-09-17T20:37:30+05:30
SUMICHEM,453.37,TOUCHED,0.46,above,455.45,453.37,452.7,453.37,452.02,0.298,29.6,0.039,0,2026-09-16,2026-09-17,False,False,5.0,2026-09-17T20:37:30+05:30
IPCALAB,1948.47,TOUCHED,1.12,above,1970.3,1948.47,1946.23,1948.47,1944.0,0.23,29.9,0.032,0,2026-09-16,2026-09-17,False,False,5.0,2026-09-17T20:37:30+05:30
HEROMOTOCO,5250.75,TOUCHED,1.41,above,5325.0,5250.75,5245.5,5250.75,5240.25,0.2,30.1,0.019,0,2026-09-16,2026-09-17,False,False,5.0,2026-09-17T20:37:30+05:30
THELEELA,523.58,TOUCHED,1.23,above,530.0,523.58,522.95,523.58,522.33,0.239,30.2,0.03,0,2026-09-16,2026-09-17,False,False,5.0,2026-09-17T20:37:30+05:30
FIRSTCRY,169.47,TOUCHED,-0.13,inside,169.25,169.47,169.47,169.75,169.2,0.323,30.4,0.051,0,2026-09-16,2026-09-17,False,False,5.0,2026-09-17T20:37:30+05:30
SOLARINDS,18923.33,TOUCHED,-0.57,below,18815.0,18923.33,18946.67,18970.0,18923.33,0.246,30.4,0.057,0,2026-09-16,2026-09-17,False,False,5.0,2026-09-17T20:37:30+05:30
SUZLON,42.33,TOUCHED,0.5,above,42.54,42.33,42.27,42.33,42.21,0.284,30.4,0.028,0,2026-09-16,2026-09-17,False,False,5.0,2026-09-17T20:37:30+05:30
NAVINFLUOR,8197.50,TOUCHED,0.27,above,8220.0,8197.5,8185.17,8197.5,8172.83,0.301,30.7,0.045,0,2026-09-16,2026-09-17,False,False,5.0,2026-09-17T20:37:30+05:30
COLPAL,1861.70,TOUCHED,-1.15,below,1840.3,1861.7,1863.4,1865.1,1861.7,0.182,31.0,0.025,0,2026-09-16,2026-09-17,False,False,5.0,2026-09-17T20:37:30+05:30
LENSKART,678.58,TOUCHED,0.2,above,679.95,678.58,677.67,678.58,676.76,0.268,31.0,0.029,0,2026-09-16,2026-09-17,False,False,5.0,2026-09-17T20:37:30+05:30
VEDL,255.70,TOUCHED,0.68,above,257.45,255.7,255.4,255.7,255.1,0.235,31.0,0.026,0,2026-09-16,2026-09-17,False,False,5.0,2026-09-17T20:37:30+05:30
JSWCEMENT,116.38,TOUCHED,0.22,above,116.64,116.38,116.24,116.38,116.1,0.244,31.1,0.027,0,2026-09-16,2026-09-17,False,False,5.0,2026-09-17T20:37:30+05:30
HOMEFIRST,1172.90,TOUCHED,0.03,inside,1173.3,1172.9,1172.9,1174.4,1171.4,0.256,31.2,0.037,0,2026-09-16,2026-09-17,False,False,5.0,2026-09-17T20:37:30+05:30
MANAPPURAM,320.26,TOUCHED,-1.31,below,316.05,320.26,320.62,320.98,320.26,0.224,31.5,0.032,0,2026-09-16,2026-09-17,False,False,5.0,2026-09-17T20:37:30+05:30
SCHAEFFLER,3894.87,TOUCHED,2.47,above,3991.0,3894.87,3890.83,3894.87,3886.8,0.207,31.5,0.032,0,2026-09-16,2026-09-17,False,False,5.0,2026-09-17T20:37:30+05:30
CLEAN,818.95,TOUCHED,1.12,above,828.15,818.95,817.9,818.95,816.85,0.257,31.8,0.029,0,2026-09-16,2026-09-17,False,False,5.0,2026-09-17T20:37:30+05:30
NSLNISP,41.11,TOUCHED,1.28,above,41.64,41.11,41.06,41.11,41.0,0.276,32.1,0.033,0,2026-09-16,2026-09-17,False,False,5.0,2026-09-17T20:37:30+05:30
CCL,1063.27,TOUCHED,-0.09,inside,1062.3,1063.27,1063.27,1064.38,1062.15,0.21,32.3,0.022,0,2026-09-16,2026-09-17,False,False,5.0,2026-09-17T20:37:30+05:30
CANBK,123.05,TOUCHED,0.69,above,123.9,123.05,122.9,123.05,122.75,0.241,32.9,0.023,0,2026-09-16,2026-09-17,False,False,5.0,2026-09-17T20:37:30+05:30
LGEINDIA,1626.35,TOUCHED,1.63,above,1652.9,1626.35,1624.5,1626.35,1622.65,0.228,33.2,0.012,0,2026-09-16,2026-09-17,False,False,5.0,2026-09-17T20:37:30+05:30
PERSISTENT,5460.00,TOUCHED,0.24,above,5473.0,5460.0,5453.33,5460.0,5446.67,0.244,33.2,0.016,0,2026-09-16,2026-09-17,False,False,5.0,2026-09-17T20:37:30+05:30
MAXHEALTH,1029.00,TOUCHED,0.78,above,1037.0,1029.0,1027.67,1029.0,1026.33,0.259,33.7,0.038,0,2026-09-16,2026-09-17,False,False,5.0,2026-09-17T20:37:30+05:30
JPPOWER,15.44,TOUCHED,-1.14,below,15.26,15.44,15.46,15.49,15.44,0.345,34.0,0.037,0,2026-09-16,2026-09-17,False,False,5.0,2026-09-17T20:37:30+05:30
TBOTEK,1628.88,TOUCHED,1.16,above,1647.7,1628.88,1626.37,1628.88,1623.85,0.309,34.2,0.038,0,2026-09-16,2026-09-17,False,False,5.0,2026-09-17T20:37:30+05:30
CGCL,257.95,TOUCHED,1.71,above,262.35,257.95,257.52,257.95,257.08,0.337,35.1,0.058,0,2026-09-16,2026-09-17,False,False,5.0,2026-09-17T20:37:30+05:30
ATGL,587.25,TOUCHED,-0.04,below,587.0,587.25,588.0,588.75,587.25,0.255,35.6,0.03,0,2026-09-16,2026-09-17,False,False,5.0,2026-09-17T20:37:30+05:30
JSWINFRA,325.16,TOUCHED,0.46,above,326.65,325.16,324.77,325.16,324.38,0.241,35.9,0.029,0,2026-09-16,2026-09-17,False,False,5.0,2026-09-17T20:37:30+05:30
AJANTPHARM,3499.90,TOUCHED,0.02,inside,3500.5,3499.9,3499.9,3504.4,3495.4,0.257,36.2,0.04,0,2026-09-16,2026-09-17,False,False,5.0,2026-09-17T20:37:30+05:30
JKTYRE,345.07,TOUCHED,1.01,above,348.55,345.07,344.48,345.07,343.89,0.344,36.2,0.031,0,2026-09-16,2026-09-17,False,False,5.0,2026-09-17T20:37:30+05:30
SCI,268.40,TOUCHED,0.6,above,270.0,268.4,267.9,268.4,267.4,0.373,36.4,0.042,0,2026-09-16,2026-09-17,False,False,5.0,2026-09-17T20:37:30+05:30
BRITANNIA,4984.75,TOUCHED,-0.06,below,4982.0,4984.75,4989.67,4994.58,4984.75,0.197,36.7,0.021,0,2026-09-16,2026-09-17,False,False,5.0,2026-09-17T20:37:30+05:30
PTCIL,22467.50,TOUCHED,0.9,above,22670.0,22467.5,22435.0,22467.5,22402.5,0.29,36.7,0.031,0,2026-09-16,2026-09-17,False,False,5.0,2026-09-17T20:37:30+05:30
BAYERCROP,3925.35,TOUCHED,-0.81,below,3893.4,3925.35,3929.77,3934.18,3925.35,0.225,37.0,0.03,0,2026-09-16,2026-09-17,False,False,5.0,2026-09-17T20:37:30+05:30
NEULANDLAB,22580.00,TOUCHED,0.38,above,22665.0,22580.0,22535.0,22580.0,22490.0,0.399,37.0,0.032,0,2026-09-16,2026-09-17,False,False,5.0,2026-09-17T20:37:30+05:30
ONESOURCE,1588.40,TOUCHED,-0.53,below,1580.0,1588.4,1591.13,1593.87,1588.4,0.344,37.0,0.045,0,2026-09-16,2026-09-17,False,False,5.0,2026-09-17T20:37:30+05:30
COROMANDEL,1930.93,TOUCHED,-0.06,inside,1929.8,1930.93,1930.93,1934.37,1927.5,0.356,37.3,0.034,0,2026-09-16,2026-09-17,False,False,5.0,2026-09-17T20:37:30+05:30
ITI,255.11,TOUCHED,0.08,above,255.3,255.11,254.72,255.11,254.32,0.308,37.3,0.032,0,2026-09-16,2026-09-17,False,False,5.0,2026-09-17T20:37:30+05:30
SAIL,173.27,TOUCHED,1.01,above,175.01,173.27,172.98,173.27,172.7,0.328,37.3,0.026,0,2026-09-16,2026-09-17,False,False,5.0,2026-09-17T20:37:30+05:30
IOB,32.13,TOUCHED,-0.1,below,32.1,32.13,32.18,32.22,32.13,0.269,37.5,0.033,0,2026-09-16,2026-09-17,False,False,5.0,2026-09-17T20:37:30+05:30
ASTERDM,740.11,TOUCHED,2.78,above,760.65,740.11,739.02,740.11,737.92,0.295,37.8,0.028,0,2026-09-16,2026-09-17,False,False,5.0,2026-09-17T20:37:30+05:30
ADANIENSOL,1356.45,TOUCHED,2.24,above,1386.8,1356.45,1354.03,1356.45,1351.62,0.357,38.1,0.03,0,2026-09-16,2026-09-17,False,False,5.0,2026-09-17T20:37:30+05:30
GRSE,2330.00,TOUCHED,0.42,above,2339.8,2330.0,2324.87,2330.0,2319.73,0.442,38.4,0.067,0,2026-09-16,2026-09-17,False,False,5.0,2026-09-17T20:37:30+05:30
KFINTECH,887.41,TOUCHED,1.08,above,897.0,887.41,885.82,887.41,884.23,0.359,38.4,0.018,0,2026-09-16,2026-09-17,False,False,5.0,2026-09-17T20:37:30+05:30
SUNTV,464.50,TOUCHED,0.84,above,468.4,464.5,463.82,464.5,463.13,0.295,38.6,0.024,0,2026-09-16,2026-09-17,False,False,5.0,2026-09-17T20:37:30+05:30
VMM,100.81,TOUCHED,0.42,above,101.24,100.81,100.66,100.81,100.5,0.311,38.6,0.032,0,2026-09-16,2026-09-17,False,False,5.0,2026-09-17T20:37:30+05:30
EXIDEIND,414.91,TOUCHED,0.89,above,418.6,414.91,414.32,414.91,413.72,0.286,38.9,0.027,0,2026-09-16,2026-09-17,False,False,5.0,2026-09-17T20:37:30+05:30
OIL,485.45,TOUCHED,-1.66,below,477.4,485.45,486.17,486.88,485.45,0.295,38.9,0.018,0,2026-09-16,2026-09-17,False,False,5.0,2026-09-17T20:37:30+05:30
JSL,726.90,TOUCHED,-0.34,below,724.45,726.9,728.22,729.53,726.9,0.362,39.2,0.043,0,2026-09-16,2026-09-17,False,False,5.0,2026-09-17T20:37:30+05:30
ESCORTS,2828.00,TOUCHED,0.07,above,2830.0,2828.0,2823.87,2828.0,2819.73,0.293,39.5,0.041,0,2026-09-16,2026-09-17,False,False,5.0,2026-09-17T20:37:30+05:30
PFOCUS,323.35,TOUCHED,3.59,above,334.95,323.35,322.38,323.35,321.42,0.6,39.5,0.053,0,2026-09-16,2026-09-17,False,False,5.0,2026-09-17T20:37:30+05:30
GODREJCP,866.42,TOUCHED,0.76,above,873.0,866.42,865.28,866.42,864.14,0.264,39.7,0.023,0,2026-09-16,2026-09-17,False,False,5.0,2026-09-17T20:37:30+05:30
ANGELONE,294.80,TOUCHED,0.07,inside,295.0,294.8,294.8,295.45,294.15,0.441,40.0,0.029,0,2026-09-16,2026-09-17,False,False,5.0,2026-09-17T20:37:30+05:30
POLYCAB,8158.00,TOUCHED,0.62,above,8208.5,8158.0,8145.83,8158.0,8133.67,0.299,40.3,0.033,0,2026-09-16,2026-09-17,False,False,5.0,2026-09-17T20:37:30+05:30
EMAMILTD,370.90,TOUCHED,1.4,above,376.1,370.9,370.37,370.9,369.83,0.288,40.5,0.025,0,2026-09-16,2026-09-17,False,False,5.0,2026-09-17T20:37:30+05:30
CIPLA,1356.67,TOUCHED,1.45,above,1376.3,1356.67,1355.33,1356.67,1354.0,0.197,40.8,0.023,0,2026-09-16,2026-09-17,False,False,5.0,2026-09-17T20:37:30+05:30
JSWENERGY,507.00,TOUCHED,0.99,above,512.0,507.0,506.23,507.0,505.47,0.303,40.8,0.024,0,2026-09-16,2026-09-17,False,False,5.0,2026-09-17T20:37:30+05:30
CHOLAHLDNG,1504.50,TOUCHED,-0.35,below,1499.2,1504.5,1507.13,1509.77,1504.5,0.349,41.1,0.026,0,2026-09-16,2026-09-17,False,False,5.0,2026-09-17T20:37:30+05:30
PPLPHARMA,203.41,TOUCHED,0.64,above,204.71,203.41,203.06,203.41,202.72,0.341,41.1,0.038,0,2026-09-16,2026-09-17,False,False,5.0,2026-09-17T20:37:30+05:30
BATAINDIA,633.15,TOUCHED,0.55,above,636.65,633.15,632.32,633.15,631.48,0.264,41.4,0.022,0,2026-09-16,2026-09-17,False,False,5.0,2026-09-17T20:37:30+05:30
PGEL,522.57,TOUCHED,1.3,above,529.35,522.57,521.28,522.57,520.0,0.492,41.4,0.046,0,2026-09-16,2026-09-17,False,False,5.0,2026-09-17T20:37:30+05:30
MRPL,166.51,TOUCHED,-1.64,below,163.77,166.51,166.9,167.3,166.51,0.475,41.6,0.054,0,2026-09-16,2026-09-17,False,False,5.0,2026-09-17T20:37:30+05:30
TORNTPOWER,1288.35,TOUCHED,-0.93,below,1276.4,1288.35,1290.67,1292.98,1288.35,0.359,41.9,0.031,0,2026-09-16,2026-09-17,False,False,5.0,2026-09-17T20:37:30+05:30
BBTC,1410.50,TOUCHED,-0.79,below,1399.4,1410.5,1412.57,1414.63,1410.5,0.293,42.2,0.03,0,2026-09-16,2026-09-17,False,False,5.0,2026-09-17T20:37:30+05:30
RAMCOCEM,859.00,TOUCHED,-0.01,below,858.95,859.0,860.38,861.77,859.0,0.322,42.5,0.046,0,2026-09-16,2026-09-17,False,False,5.0,2026-09-17T20:37:30+05:30
FEDERALBNK,342.22,TOUCHED,-2.77,below,332.75,342.22,342.63,343.05,342.22,0.243,42.7,0.027,0,2026-09-16,2026-09-17,False,False,5.0,2026-09-17T20:37:30+05:30
JKCEMENT,4774.00,TOUCHED,5.3,above,5027.0,4774.0,4766.0,4774.0,4758.0,0.336,42.7,0.033,0,2026-09-16,2026-09-17,False,False,5.0,2026-09-17T20:37:30+05:30
NAVA,546.02,TOUCHED,0.11,inside,546.6,546.02,546.02,547.16,544.88,0.418,42.7,0.038,0,2026-09-16,2026-09-17,False,False,5.0,2026-09-17T20:37:30+05:30
AMBUJACEM,382.50,TOUCHED,0.2,above,383.25,382.5,382.02,382.5,381.53,0.253,43.0,0.035,0,2026-09-16,2026-09-17,False,False,5.0,2026-09-17T20:37:30+05:30
GODREJPROP,1675.65,TOUCHED,0.15,above,1678.2,1675.65,1672.2,1675.65,1668.75,0.413,43.3,0.045,0,2026-09-16,2026-09-17,False,False,5.0,2026-09-17T20:37:30+05:30
NAUKRI,1262.60,TOUCHED,0.19,above,1265.0,1262.6,1260.4,1262.6,1258.2,0.349,43.3,0.023,0,2026-09-16,2026-09-17,False,False,5.0,2026-09-17T20:37:30+05:30
NATIONALUM,355.31,TOUCHED,0.11,above,355.7,355.31,354.62,355.31,353.93,0.39,43.6,0.041,0,2026-09-16,2026-09-17,False,False,5.0,2026-09-17T20:37:30+05:30
SYNGENE,379.50,TOUCHED,0.18,above,380.2,379.5,378.9,379.5,378.3,0.317,43.6,0.029,0,2026-09-16,2026-09-17,False,False,5.0,2026-09-17T20:37:30+05:30
PNBHOUSING,1135.87,TOUCHED,-2.85,below,1103.5,1135.87,1137.73,1139.6,1135.87,0.328,43.8,0.032,0,2026-09-16,2026-09-17,False,False,5.0,2026-09-17T20:37:30+05:30
CAMS,709.20,TOUCHED,0.81,above,714.95,709.2,708.03,709.2,706.87,0.33,44.1,0.04,0,2026-09-16,2026-09-17,False,False,5.0,2026-09-17T20:37:30+05:30
HDFCAMC,2384.25,TOUCHED,0.14,above,2387.7,2384.25,2380.53,2384.25,2376.82,0.312,44.1,0.022,0,2026-09-16,2026-09-17,False,False,5.0,2026-09-17T20:37:30+05:30
INDIGO,4753.75,TOUCHED,1.92,above,4845.0,4753.75,4747.0,4753.75,4740.25,0.284,44.1,0.025,0,2026-09-16,2026-09-17,False,False,5.0,2026-09-17T20:37:30+05:30
GMRAIRPORT,92.90,TOUCHED,2.3,above,95.04,92.9,92.75,92.9,92.61,0.316,44.4,0.02,0,2026-09-16,2026-09-17,False,False,5.0,2026-09-17T20:37:30+05:30
SWANCORP,290.95,TOUCHED,-0.4,below,289.8,290.95,291.58,292.22,290.95,0.434,44.7,0.032,0,2026-09-16,2026-09-17,False,False,5.0,2026-09-17T20:37:30+05:30
TTML,35.41,TOUCHED,3.47,above,36.64,35.41,35.35,35.41,35.28,0.358,44.7,0.041,0,2026-09-16,2026-09-17,False,False,5.0,2026-09-17T20:37:30+05:30
UNITDSPR,1387.38,TOUCHED,0.19,above,1390.0,1387.38,1385.27,1387.38,1383.15,0.306,44.9,0.033,0,2026-09-16,2026-09-17,False,False,5.0,2026-09-17T20:37:30+05:30
360ONE,1052.15,TOUCHED,0.87,above,1061.3,1052.15,1049.97,1052.15,1047.78,0.416,45.2,0.032,0,2026-09-16,2026-09-17,False,False,5.0,2026-09-17T20:37:30+05:30
SBICARD,620.95,TOUCHED,2.58,above,636.95,620.95,620.0,620.95,619.05,0.306,45.5,0.03,0,2026-09-16,2026-09-17,False,False,5.0,2026-09-17T20:37:30+05:30
ICICIBANK,1354.70,TOUCHED,-0.52,below,1347.6,1354.7,1356.07,1357.43,1354.7,0.202,45.8,0.024,0,2026-09-16,2026-09-17,False,False,5.0,2026-09-17T20:37:30+05:30
BHARATFORG,1881.33,TOUCHED,1.99,above,1918.7,1881.33,1877.67,1881.33,1874.0,0.391,46.0,0.031,0,2026-09-16,2026-09-17,False,False,5.0,2026-09-17T20:37:30+05:30
ICICIAMC,3079.70,TOUCHED,0.59,above,3098.0,3079.7,3073.1,3079.7,3066.5,0.43,46.0,0.027,0,2026-09-16,2026-09-17,False,False,5.0,2026-09-17T20:37:30+05:30
UNIONBANK,177.87,TOUCHED,0.12,above,178.09,177.87,177.54,177.87,177.21,0.372,46.0,0.04,0,2026-09-16,2026-09-17,False,False,5.0,2026-09-17T20:37:30+05:30
BANKBARODA,233.81,TOUCHED,-0.65,below,232.3,233.81,234.2,234.59,233.81,0.333,46.6,0.012,0,2026-09-16,2026-09-17,False,False,5.0,2026-09-17T20:37:30+05:30
MMTC,60.08,TOUCHED,0.09,inside,60.14,60.08,60.08,60.23,59.94,0.472,46.6,0.053,0,2026-09-16,2026-09-17,False,False,5.0,2026-09-17T20:37:30+05:30
EMMVEE,324.60,TOUCHED,0.28,above,325.5,324.6,323.63,324.6,322.67,0.597,46.7,0.037,0,2026-09-16,2026-09-17,False,False,5.0,2026-09-17T20:37:30+05:30
LICHSGFIN,542.17,TOUCHED,0.69,above,545.9,542.17,541.35,542.17,540.52,0.305,46.8,0.018,0,2026-09-16,2026-09-17,False,False,5.0,2026-09-17T20:37:30+05:30
CUMMINSIND,4931.50,TOUCHED,1.79,above,5020.0,4931.5,4923.0,4931.5,4914.5,0.345,47.7,0.019,0,2026-09-16,2026-09-17,False,False,5.0,2026-09-17T20:37:30+05:30
COCHINSHIP,1316.15,TOUCHED,1.38,above,1334.3,1316.15,1313.3,1316.15,1310.45,0.434,47.9,0.041,0,2026-09-16,2026-09-17,False,False,5.0,2026-09-17T20:37:30+05:30
SUNPHARMA,1851.40,TOUCHED,0.86,above,1867.3,1851.4,1849.3,1851.4,1847.2,0.227,48.2,0.02,0,2026-09-16,2026-09-17,False,False,5.0,2026-09-17T20:37:30+05:30
COALINDIA,420.53,TOUCHED,-0.6,below,418.0,420.53,421.1,421.68,420.53,0.273,48.5,0.022,0,2026-09-16,2026-09-17,False,False,5.0,2026-09-17T20:37:30+05:30
MINDACORP,675.80,TOUCHED,0.81,above,681.25,675.8,674.38,675.8,672.97,0.42,48.5,0.038,0,2026-09-16,2026-09-17,False,False,5.0,2026-09-17T20:37:30+05:30
LTF,297.38,TOUCHED,1.66,above,302.3,297.38,296.75,297.38,296.12,0.421,48.8,0.028,0,2026-09-16,2026-09-17,False,False,5.0,2026-09-17T20:37:30+05:30
BANDHANBNK,171.82,TOUCHED,-0.18,inside,171.5,171.82,171.82,172.16,171.47,0.398,49.0,0.026,0,2026-09-16,2026-09-17,False,False,5.0,2026-09-17T20:37:30+05:30
ADANIGREEN,1267.22,TOUCHED,0.55,above,1274.2,1267.22,1264.23,1267.22,1261.25,0.472,49.9,0.039,0,2026-09-16,2026-09-17,False,False,5.0,2026-09-17T20:37:30+05:30
TMCV,423.23,TOUCHED,3.04,above,436.1,423.23,422.22,423.23,421.2,0.482,50.0,0.024,0,2026-09-16,2026-09-17,False,False,5.0,2026-09-17T20:37:30+05:30
UCOBANK,23.72,TOUCHED,-0.55,below,23.59,23.72,23.76,23.8,23.72,0.337,50.1,0.013,0,2026-09-16,2026-09-17,False,False,5.0,2026-09-17T20:37:30+05:30
APOLLOHOSP,8732.50,TOUCHED,0.41,above,8768.5,8732.5,8720.5,8732.5,8708.5,0.275,51.0,0.014,0,2026-09-16,2026-09-17,False,False,5.0,2026-09-17T20:37:30+05:30
NCC,135.55,TOUCHED,0.04,inside,135.6,135.55,135.55,135.82,135.28,0.396,51.0,0.027,0,2026-09-16,2026-09-17,False,False,5.0,2026-09-17T20:37:30+05:30
BHARTIARTL,1832.77,TOUCHED,0.18,above,1836.0,1832.77,1830.53,1832.77,1828.3,0.244,51.2,0.014,0,2026-09-16,2026-09-17,False,False,5.0,2026-09-17T20:37:30+05:30
CRAFTSMAN,10964.50,TOUCHED,-0.25,below,10937.0,10964.5,10989.67,11014.83,10964.5,0.458,51.2,0.057,0,2026-09-16,2026-09-17,False,False,5.0,2026-09-17T20:37:30+05:30
GICRE,339.57,TOUCHED,0.07,above,339.8,339.57,338.97,339.57,338.36,0.359,51.2,0.031,0,2026-09-16,2026-09-17,False,False,5.0,2026-09-17T20:37:30+05:30
GILLETTE,7262.92,TOUCHED,0.61,above,7307.0,7262.92,7250.33,7262.92,7237.75,0.347,51.8,0.026,0,2026-09-16,2026-09-17,False,False,5.0,2026-09-17T20:37:30+05:30
KIRLOSENG,2034.53,TOUCHED,4.23,above,2120.6,2034.53,2028.57,2034.53,2022.6,0.588,51.8,0.035,0,2026-09-16,2026-09-17,False,False,5.0,2026-09-17T20:37:30+05:30
LUPIN,2053.80,TOUCHED,2.16,above,2098.1,2053.8,2050.87,2053.8,2047.93,0.286,51.8,0.024,0,2026-09-16,2026-09-17,False,False,5.0,2026-09-17T20:37:30+05:30
NTPC,328.25,TOUCHED,0.41,above,329.6,328.25,327.83,328.25,327.42,0.254,51.8,0.015,0,2026-09-16,2026-09-17,False,False,5.0,2026-09-17T20:37:30+05:30
RBLBANK,403.11,TOUCHED,0.26,above,404.15,403.11,402.22,403.11,401.33,0.443,51.8,0.032,0,2026-09-16,2026-09-17,False,False,5.0,2026-09-17T20:37:30+05:30
CEATLTD,3297.95,TOUCHED,4.04,above,3431.1,3297.95,3290.3,3297.95,3282.65,0.465,52.1,0.034,0,2026-09-16,2026-09-17,False,False,5.0,2026-09-17T20:37:30+05:30
GPIL,235.87,TOUCHED,1.07,above,238.39,235.87,235.24,235.87,234.62,0.53,52.1,0.029,0,2026-09-16,2026-09-17,False,False,5.0,2026-09-17T20:37:30+05:30
GROWW,190.33,TOUCHED,-1.52,below,187.44,190.33,190.91,191.48,190.33,0.601,52.8,0.031,0,2026-09-16,2026-09-17,False,False,5.0,2026-09-17T20:37:30+05:30
IEX,111.79,TOUCHED,1.44,above,113.4,111.79,111.59,111.79,111.38,0.37,53.2,0.028,0,2026-09-16,2026-09-17,False,False,5.0,2026-09-17T20:37:30+05:30
TARIL,275.32,TOUCHED,0.25,inside,276.0,275.32,275.32,276.21,274.42,0.648,53.2,0.054,0,2026-09-16,2026-09-17,False,False,5.0,2026-09-17T20:37:30+05:30
BLUESTARCO,1500.50,TOUCHED,3.5,above,1553.0,1500.5,1497.0,1500.5,1493.5,0.468,53.4,0.05,0,2026-09-16,2026-09-17,False,False,5.0,2026-09-17T20:37:30+05:30
KOTAKBANK,414.40,TOUCHED,0.51,above,416.5,414.4,413.8,414.4,413.2,0.29,53.4,0.022,0,2026-09-16,2026-09-17,False,False,5.0,2026-09-17T20:37:30+05:30
LTTS,3329.50,TOUCHED,-0.16,below,3324.3,3329.5,3336.83,3344.17,3329.5,0.44,53.7,0.042,0,2026-09-16,2026-09-17,False,False,5.0,2026-09-17T20:37:30+05:30
BHARTIHEXA,1482.47,TOUCHED,-0.09,below,1481.1,1482.47,1485.63,1488.8,1482.47,0.426,54.0,0.038,0,2026-09-16,2026-09-17,False,False,5.0,2026-09-17T20:37:30+05:30
NUVAMA,1690.40,TOUCHED,-0.18,below,1687.4,1690.4,1694.63,1698.87,1690.4,0.5,54.2,0.025,0,2026-09-16,2026-09-17,False,False,5.0,2026-09-17T20:37:30+05:30
MSUMI,35.72,TOUCHED,0.97,above,36.07,35.72,35.64,35.72,35.56,0.477,54.5,0.03,0,2026-09-16,2026-09-17,False,False,5.0,2026-09-17T20:37:30+05:30
BSOFT,283.55,TOUCHED,0.09,above,283.8,283.55,282.78,283.55,282.02,0.542,54.8,0.042,0,2026-09-16,2026-09-17,False,False,5.0,2026-09-17T20:37:30+05:30
TMPV,302.65,TOUCHED,3.92,above,314.5,302.65,302.1,302.65,301.55,0.364,54.8,0.02,0,2026-09-16,2026-09-17,False,False,5.0,2026-09-17T20:37:30+05:30
LLOYDSME,1803.20,TOUCHED,-0.22,inside,1799.3,1803.2,1803.2,1807.75,1798.65,0.505,55.1,0.033,0,2026-09-16,2026-09-17,False,False,5.0,2026-09-17T20:37:30+05:30
NETWEB,4545.75,TOUCHED,0.72,above,4578.5,4545.75,4529.5,4545.75,4513.25,0.718,55.3,0.06,0,2026-09-16,2026-09-17,False,False,5.0,2026-09-17T20:37:30+05:30
HINDALCO,970.95,TOUCHED,0.98,above,980.5,970.95,969.2,970.95,967.45,0.361,55.9,0.011,0,2026-09-16,2026-09-17,False,False,5.0,2026-09-17T20:37:30+05:30
AUBANK,1031.00,TOUCHED,0.81,above,1039.3,1031.0,1028.8,1031.0,1026.6,0.428,56.7,0.018,0,2026-09-16,2026-09-17,False,False,5.0,2026-09-17T20:37:30+05:30
DMART,3706.67,TOUCHED,0.12,inside,3711.2,3706.67,3706.67,3713.33,3700.0,0.36,56.7,0.028,0,2026-09-16,2026-09-17,False,False,5.0,2026-09-17T20:37:30+05:30
BAJAJHLDNG,11007.50,TOUCHED,0.02,above,11010.0,11007.5,10981.67,11007.5,10955.83,0.47,57.0,0.023,0,2026-09-16,2026-09-17,False,False,5.0,2026-09-17T20:37:30+05:30
AFFLE,1531.18,TOUCHED,0.94,above,1545.6,1531.18,1527.37,1531.18,1523.55,0.5,57.3,0.034,0,2026-09-16,2026-09-17,False,False,5.0,2026-09-17T20:37:30+05:30
INDUSINDBK,952.80,TOUCHED,0.57,above,958.2,952.8,950.7,952.8,948.6,0.442,57.3,0.027,0,2026-09-16,2026-09-17,False,False,5.0,2026-09-17T20:37:30+05:30
BSE,3260.67,TOUCHED,-0.05,inside,3259.0,3260.67,3260.67,3271.0,3250.33,0.634,57.5,0.024,0,2026-09-16,2026-09-17,False,False,5.0,2026-09-17T20:37:30+05:30
CHOLAFIN,1769.90,TOUCHED,-0.31,below,1764.5,1769.9,1774.2,1778.5,1769.9,0.485,57.5,0.041,0,2026-09-16,2026-09-17,False,False,5.0,2026-09-17T20:37:30+05:30
IKS,1756.52,TOUCHED,-1.57,below,1728.9,1756.52,1761.03,1765.55,1756.52,0.513,58.1,0.023,0,2026-09-16,2026-09-17,False,False,5.0,2026-09-17T20:37:30+05:30
J&KBANK,147.26,TOUCHED,0.02,above,147.28,147.26,146.85,147.26,146.44,0.552,58.1,0.05,0,2026-09-16,2026-09-17,False,False,5.0,2026-09-17T20:37:30+05:30
JINDALSAW,283.73,TOUCHED,2.63,above,291.2,283.73,282.9,283.73,282.08,0.583,58.1,0.034,0,2026-09-16,2026-09-17,False,False,5.0,2026-09-17T20:37:30+05:30
TEJASNET,513.24,TOUCHED,2.14,above,524.25,513.24,511.68,513.24,510.12,0.609,58.1,0.041,0,2026-09-16,2026-09-17,False,False,5.0,2026-09-17T20:37:30+05:30
ABBOTINDIA,25975.00,TOUCHED,-0.25,below,25910.0,25975.0,26025.0,26075.0,25975.0,0.384,58.4,0.034,0,2026-09-16,2026-09-17,False,False,5.0,2026-09-17T20:37:30+05:30
ASTRAL,1379.32,TOUCHED,1.42,above,1398.9,1379.32,1376.13,1379.32,1372.95,0.463,58.6,0.034,0,2026-09-16,2026-09-17,False,False,5.0,2026-09-17T20:37:30+05:30
CONCOR,487.87,TOUCHED,0.06,above,488.15,487.87,486.93,487.87,486.0,0.383,58.6,0.034,0,2026-09-16,2026-09-17,False,False,5.0,2026-09-17T20:37:30+05:30
IRB,18.93,TOUCHED,-0.42,below,18.85,18.93,18.97,19.01,18.93,0.422,58.9,0.038,0,2026-09-16,2026-09-17,False,False,5.0,2026-09-17T20:37:30+05:30
CIEINDIA,374.97,TOUCHED,2.86,above,385.7,374.97,374.15,374.97,373.32,0.441,59.2,0.025,0,2026-09-16,2026-09-17,False,False,5.0,2026-09-17T20:37:30+05:30
MEESHO,211.06,TOUCHED,-1.77,below,207.31,211.06,211.79,212.52,211.06,0.694,60.8,0.028,0,2026-09-16,2026-09-17,False,False,5.0,2026-09-17T20:37:30+05:30
KPITTECH,558.17,TOUCHED,0.2,inside,559.3,558.17,558.17,559.75,556.58,0.567,61.1,0.044,0,2026-09-16,2026-09-17,False,False,5.0,2026-09-17T20:37:30+05:30
HEXT,520.97,TOUCHED,1.05,above,526.45,520.97,519.2,520.97,517.42,0.684,61.4,0.046,0,2026-09-16,2026-09-17,False,False,5.0,2026-09-17T20:37:30+05:30
HAVELLS,1093.87,TOUCHED,-0.17,inside,1092.0,1093.87,1093.87,1095.85,1091.88,0.363,61.6,0.019,0,2026-09-16,2026-09-17,False,False,5.0,2026-09-17T20:37:30+05:30
PNB,116.30,TOUCHED,0.14,inside,116.47,116.3,116.3,116.55,116.06,0.427,61.6,0.028,0,2026-09-16,2026-09-17,False,False,5.0,2026-09-17T20:37:30+05:30
ZFCVINDIA,2467.83,TOUCHED,-0.92,below,2445.2,2467.83,2474.17,2480.5,2467.83,0.512,61.9,0.037,0,2026-09-16,2026-09-17,False,False,5.0,2026-09-17T20:37:30+05:30
SHYAMMETL,1045.72,TOUCHED,2.99,above,1077.0,1045.72,1043.43,1045.72,1041.15,0.438,62.2,0.016,0,2026-09-16,2026-09-17,False,False,5.0,2026-09-17T20:37:30+05:30
COFORGE,1761.37,TOUCHED,1.8,above,1793.0,1761.37,1756.03,1761.37,1750.7,0.607,62.5,0.032,0,2026-09-16,2026-09-17,False,False,5.0,2026-09-17T20:37:30+05:30
HSCL,650.79,TOUCHED,0.39,above,653.35,650.79,648.78,650.79,646.77,0.619,62.5,0.031,0,2026-09-16,2026-09-17,False,False,5.0,2026-09-17T20:37:30+05:30
NBCC,81.15,TOUCHED,1.21,above,82.13,81.15,80.89,81.15,80.63,0.643,62.5,0.044,0,2026-09-16,2026-09-17,False,False,5.0,2026-09-17T20:37:30+05:30
TITAN,4883.25,TOUCHED,-0.87,below,4841.0,4883.25,4891.67,4900.08,4883.25,0.344,63.0,0.018,0,2026-09-16,2026-09-17,False,False,5.0,2026-09-17T20:37:30+05:30
HINDCOPPER,485.27,TOUCHED,0.05,inside,485.5,485.27,485.27,487.1,483.43,0.756,63.3,0.032,0,2026-09-16,2026-09-17,False,False,5.0,2026-09-17T20:37:30+05:30
TECHM,1561.53,TOUCHED,-0.03,below,1561.0,1561.53,1565.07,1568.6,1561.53,0.452,63.3,0.038,0,2026-09-16,2026-09-17,False,False,5.0,2026-09-17T20:37:30+05:30
ULTRACEMCO,10759.50,TOUCHED,0.04,above,10764.0,10759.5,10739.67,10759.5,10719.83,0.369,63.3,0.026,0,2026-09-16,2026-09-17,False,False,5.0,2026-09-17T20:37:30+05:30
SAILIFE,1534.77,TOUCHED,0.71,above,1545.7,1534.77,1530.43,1534.77,1526.1,0.566,64.1,0.04,0,2026-09-16,2026-09-17,False,False,5.0,2026-09-17T20:37:30+05:30
BAJFINANCE,1012.75,TOUCHED,0.22,above,1015.0,1012.75,1010.57,1012.75,1008.38,0.432,64.4,0.029,0,2026-09-16,2026-09-17,False,False,5.0,2026-09-17T20:37:30+05:30
SAGILITY,45.17,TOUCHED,-1.35,below,44.56,45.17,45.32,45.48,45.17,0.669,64.9,0.045,0,2026-09-16,2026-09-17,False,False,5.0,2026-09-17T20:37:30+05:30
INDUSTOWER,378.35,TOUCHED,0.79,above,381.35,378.35,377.43,378.35,376.52,0.486,65.2,0.03,0,2026-09-16,2026-09-17,False,False,5.0,2026-09-17T20:37:30+05:30
JIOFIN,226.53,TOUCHED,1.22,above,229.3,226.53,225.97,226.53,225.4,0.499,65.5,0.022,0,2026-09-16,2026-09-17,False,False,5.0,2026-09-17T20:37:30+05:30
TATAELXSI,3390.00,TOUCHED,-0.24,inside,3381.8,3390.0,3390.0,3398.5,3381.5,0.501,65.5,0.034,0,2026-09-16,2026-09-17,False,False,5.0,2026-09-17T20:37:30+05:30
TATAINVEST,687.00,TOUCHED,4.7,above,719.3,687.0,685.32,687.0,683.63,0.491,65.8,0.023,0,2026-09-16,2026-09-17,False,False,5.0,2026-09-17T20:37:30+05:30
ADANIENT,2927.87,TOUCHED,-0.16,below,2923.2,2927.87,2935.73,2943.6,2927.87,0.536,66.0,0.026,0,2026-09-16,2026-09-17,False,False,5.0,2026-09-17T20:37:30+05:30
HDFCBANK,718.12,TOUCHED,-0.71,below,713.0,718.12,719.25,720.38,718.12,0.313,66.0,0.02,0,2026-09-16,2026-09-17,False,False,5.0,2026-09-17T20:37:30+05:30
GRAPHITE,802.25,TOUCHED,1.48,above,814.1,802.25,799.45,802.25,796.65,0.7,66.3,0.024,0,2026-09-16,2026-09-17,False,False,5.0,2026-09-17T20:37:30+05:30
JUBLPHARMA,999.58,TOUCHED,1.25,above,1012.1,999.58,996.67,999.58,993.75,0.585,66.3,0.019,0,2026-09-16,2026-09-17,False,False,5.0,2026-09-17T20:37:30+05:30
ALKEM,5206.75,TOUCHED,2.72,above,5348.5,5206.75,5196.17,5206.75,5185.58,0.407,67.1,0.026,0,2026-09-16,2026-09-17,False,False,5.0,2026-09-17T20:37:30+05:30
SWIGGY,273.58,TOUCHED,1.07,above,276.5,273.58,272.55,273.58,271.53,0.752,67.1,0.045,0,2026-09-16,2026-09-17,False,False,5.0,2026-09-17T20:37:30+05:30
ATHERENERG,1554.47,TOUCHED,-0.29,inside,1550.0,1554.47,1554.47,1560.98,1547.95,0.838,67.2,0.063,0,2026-09-16,2026-09-17,False,False,5.0,2026-09-17T20:37:30+05:30
GLAND,2853.30,TOUCHED,1.91,above,2907.8,2853.3,2844.4,2853.3,2835.5,0.626,67.4,0.04,0,2026-09-16,2026-09-17,False,False,5.0,2026-09-17T20:37:30+05:30
NEWGEN,493.87,TOUCHED,-0.88,below,489.5,493.87,495.73,497.6,493.87,0.753,67.7,0.031,0,2026-09-16,2026-09-17,False,False,5.0,2026-09-17T20:37:30+05:30
FSL,274.73,TOUCHED,-0.59,below,273.1,274.73,275.73,276.74,274.73,0.731,68.2,0.034,0,2026-09-16,2026-09-17,False,False,5.0,2026-09-17T20:37:30+05:30
AAVAS,1278.70,TOUCHED,1.02,above,1291.8,1278.7,1274.9,1278.7,1271.1,0.596,68.5,0.028,0,2026-09-16,2026-09-17,False,False,5.0,2026-09-17T20:37:30+05:30
PAGEIND,34517.50,TOUCHED,1.46,above,35020.0,34517.5,34436.67,34517.5,34355.83,0.469,69.0,0.027,0,2026-09-16,2026-09-17,False,False,5.0,2026-09-17T20:37:30+05:30
ZEEL,79.91,TOUCHED,-2.0,below,78.31,79.91,80.21,80.52,79.91,0.765,69.0,0.045,0,2026-09-16,2026-09-17,False,False,5.0,2026-09-17T20:37:30+05:30
GALLANTT,532.20,TOUCHED,1.03,above,537.7,532.2,529.78,532.2,527.37,0.912,69.3,0.07,0,2026-09-16,2026-09-17,False,False,5.0,2026-09-17T20:37:30+05:30
WAAREEENER,2510.12,TOUCHED,-1.48,below,2473.0,2510.12,2519.23,2528.35,2510.12,0.724,69.9,0.043,0,2026-09-16,2026-09-17,False,False,5.0,2026-09-17T20:37:30+05:30
EIDPARRY,700.78,TOUCHED,0.33,above,703.1,700.78,698.52,700.78,696.25,0.649,70.1,0.034,0,2026-09-16,2026-09-17,False,False,5.0,2026-09-17T20:37:30+05:30
GODREJIND,1128.83,TOUCHED,-0.14,inside,1127.3,1128.83,1128.83,1132.67,1125.0,0.679,70.4,0.038,0,2026-09-16,2026-09-17,False,False,5.0,2026-09-17T20:37:30+05:30
VOLTAS,1138.33,TOUCHED,-0.29,inside,1135.0,1138.33,1138.33,1142.0,1134.67,0.644,70.4,0.037,0,2026-09-16,2026-09-17,False,False,5.0,2026-09-17T20:37:30+05:30
ZYDUSLIFE,1104.88,TOUCHED,2.73,above,1135.1,1104.88,1102.27,1104.88,1099.65,0.475,70.4,0.023,0,2026-09-16,2026-09-17,False,False,5.0,2026-09-17T20:37:30+05:30
JSWDULUX,3090.23,TOUCHED,-0.53,below,3074.0,3090.23,3098.47,3106.7,3090.23,0.531,70.7,0.022,0,2026-09-16,2026-09-17,False,False,5.0,2026-09-17T20:37:30+05:30
ARE&M,795.47,TOUCHED,-0.02,inside,795.3,795.47,795.47,797.42,793.51,0.492,71.0,0.022,0,2026-09-16,2026-09-17,False,False,5.0,2026-09-17T20:37:30+05:30
NUVOCO,315.18,TOUCHED,1.21,above,319.0,315.18,314.17,315.18,313.15,0.647,71.0,0.037,0,2026-09-16,2026-09-17,False,False,5.0,2026-09-17T20:37:30+05:30
POWERGRID,263.98,TOUCHED,-0.09,inside,263.75,263.98,263.98,264.57,263.39,0.448,71.0,0.018,0,2026-09-16,2026-09-17,False,False,5.0,2026-09-17T20:37:30+05:30
NHPC,75.61,TOUCHED,-0.54,below,75.2,75.61,75.8,76.0,75.61,0.515,71.2,0.031,0,2026-09-16,2026-09-17,False,False,5.0,2026-09-17T20:37:30+05:30
UNOMINDA,1182.05,TOUCHED,1.94,above,1205.0,1182.05,1178.1,1182.05,1174.15,0.671,71.2,0.045,0,2026-09-16,2026-09-17,False,False,5.0,2026-09-17T20:37:30+05:30
JUBLFOOD,469.61,TOUCHED,2.26,above,480.2,469.61,468.22,469.61,466.82,0.594,71.8,0.018,0,2026-09-16,2026-09-17,False,False,5.0,2026-09-17T20:37:30+05:30
RAINBOW,1453.00,TOUCHED,1.4,above,1473.4,1453.0,1448.8,1453.0,1444.6,0.58,71.8,0.037,0,2026-09-16,2026-09-17,False,False,5.0,2026-09-17T20:37:30+05:30
RELIANCE,1245.00,TOUCHED,-0.09,inside,1243.9,1245.0,1245.0,1247.5,1242.5,0.402,72.6,0.025,0,2026-09-16,2026-09-17,False,False,5.0,2026-09-17T20:37:30+05:30
PIDILITIND,1540.55,TOUCHED,0.71,above,1551.5,1540.55,1537.3,1540.55,1534.05,0.423,73.2,0.028,0,2026-09-16,2026-09-17,False,False,5.0,2026-09-17T20:37:30+05:30
SHREECEM,21950.00,TOUCHED,0.05,above,21960.0,21950.0,21898.33,21950.0,21846.67,0.472,74.5,0.02,0,2026-09-16,2026-09-17,False,False,5.0,2026-09-17T20:37:30+05:30
NLCINDIA,258.15,TOUCHED,1.61,above,262.3,258.15,257.22,258.15,256.28,0.726,74.8,0.048,0,2026-09-16,2026-09-17,False,False,5.0,2026-09-17T20:37:30+05:30
ONGC,235.06,TOUCHED,-1.12,below,232.43,235.06,235.64,236.22,235.06,0.494,74.8,0.027,0,2026-09-16,2026-09-17,False,False,5.0,2026-09-17T20:37:30+05:30
APOLLOTYRE,413.25,TOUCHED,-0.27,below,412.15,413.25,414.55,415.85,413.25,0.627,75.1,0.038,0,2026-09-16,2026-09-17,False,False,5.0,2026-09-17T20:37:30+05:30
KEC,400.58,TOUCHED,0.34,inside,401.95,400.58,400.58,402.1,399.07,0.757,75.1,0.024,0,2026-09-16,2026-09-17,False,False,5.0,2026-09-17T20:37:30+05:30
INOXWIND,73.89,TOUCHED,0.28,inside,74.1,73.89,73.89,74.19,73.58,0.826,75.9,0.041,0,2026-09-16,2026-09-17,False,False,5.0,2026-09-17T20:37:30+05:30
TATAPOWER,363.25,TOUCHED,1.58,above,369.0,363.25,362.3,363.25,361.35,0.524,75.9,0.023,0,2026-09-16,2026-09-17,False,False,5.0,2026-09-17T20:37:30+05:30
CROMPTON,224.77,TOUCHED,0.15,inside,225.1,224.77,224.77,225.46,224.09,0.611,76.2,0.025,0,2026-09-16,2026-09-17,False,False,5.0,2026-09-17T20:37:30+05:30
WELSPUNLIV,201.95,TOUCHED,5.1,above,212.25,201.95,201.07,201.95,200.19,0.87,76.2,0.044,0,2026-09-16,2026-09-17,False,False,5.0,2026-09-17T20:37:30+05:30
STARHEALTH,543.88,TOUCHED,3.06,above,560.55,543.88,542.07,543.88,540.25,0.67,76.4,0.023,0,2026-09-16,2026-09-17,False,False,5.0,2026-09-17T20:37:30+05:30
AIAENG,3842.85,TOUCHED,3.66,above,3983.4,3842.85,3830.5,3842.85,3818.15,0.645,76.7,0.05,0,2026-09-16,2026-09-17,False,False,5.0,2026-09-17T20:37:30+05:30
LT,3833.90,TOUCHED,0.06,above,3836.2,3833.9,3825.17,3833.9,3816.43,0.457,76.7,0.027,0,2026-09-16,2026-09-17,False,False,5.0,2026-09-17T20:37:30+05:30
FIVESTAR,542.48,TOUCHED,-2.12,below,530.95,542.48,544.78,547.09,542.48,0.847,77.3,0.041,0,2026-09-16,2026-09-17,False,False,5.0,2026-09-17T20:37:30+05:30
PVRINOX,1250.00,TOUCHED,1.82,above,1272.7,1250.0,1245.4,1250.0,1240.8,0.739,77.3,0.028,0,2026-09-16,2026-09-17,False,False,5.0,2026-09-17T20:37:30+05:30
CHOICEIN,732.05,TOUCHED,0.81,above,738.0,732.05,729.92,732.05,727.78,0.585,78.4,0.024,0,2026-09-16,2026-09-17,False,False,5.0,2026-09-17T20:37:30+05:30
JSWSTEEL,1245.47,TOUCHED,0.64,above,1253.4,1245.47,1242.03,1245.47,1238.6,0.553,79.2,0.025,0,2026-09-16,2026-09-17,False,False,5.0,2026-09-17T20:37:30+05:30
BELRISE,228.32,TOUCHED,0.46,above,229.37,228.32,227.28,228.32,226.25,0.909,80.2,0.041,0,2026-09-16,2026-09-17,False,False,5.0,2026-09-17T20:37:30+05:30
BLUEDART,4820.10,TOUCHED,-0.18,inside,4811.3,4820.1,4820.1,4835.3,4804.9,0.631,80.3,0.02,0,2026-09-16,2026-09-17,False,False,5.0,2026-09-17T20:37:30+05:30
BAJAJ-AUTO,11522.67,TOUCHED,-0.2,inside,11500.0,11522.67,11522.67,11557.83,11487.5,0.61,80.5,0.028,0,2026-09-16,2026-09-17,False,False,5.0,2026-09-17T20:37:30+05:30
CANFINHOME,774.79,TOUCHED,-0.05,below,774.4,774.79,777.63,780.48,774.79,0.731,80.8,0.021,0,2026-09-16,2026-09-17,False,False,5.0,2026-09-17T20:37:30+05:30
MARUTI,12263.00,TOUCHED,0.61,above,12338.0,12263.0,12230.67,12263.0,12198.33,0.529,81.1,0.015,0,2026-09-16,2026-09-17,False,False,5.0,2026-09-17T20:37:30+05:30
ABDL,644.03,TOUCHED,1.41,above,653.1,644.03,640.52,644.03,637.0,1.098,81.4,0.069,0,2026-09-16,2026-09-17,False,False,5.0,2026-09-17T20:37:30+05:30
OLAELEC,37.49,TOUCHED,-1.88,below,36.79,37.49,37.75,38.0,37.49,1.342,81.4,0.064,0,2026-09-16,2026-09-17,False,False,5.0,2026-09-17T20:37:30+05:30
OBEROIRLTY,1700.82,TOUCHED,2.34,above,1740.7,1700.82,1694.73,1700.82,1688.65,0.718,81.9,0.044,0,2026-09-16,2026-09-17,False,False,5.0,2026-09-17T20:37:30+05:30
CREDITACC,1396.90,TOUCHED,-1.87,below,1370.8,1396.9,1403.43,1409.97,1396.9,0.931,82.2,0.049,0,2026-09-16,2026-09-17,False,False,5.0,2026-09-17T20:37:30+05:30
HCLTECH,1260.83,TOUCHED,-0.2,inside,1258.3,1260.83,1260.83,1264.75,1256.92,0.621,82.2,0.03,0,2026-09-16,2026-09-17,False,False,5.0,2026-09-17T20:37:30+05:30
TATACOMM,1785.07,TOUCHED,0.37,inside,1791.6,1785.07,1785.07,1792.18,1777.95,0.797,82.2,0.022,0,2026-09-16,2026-09-17,False,False,5.0,2026-09-17T20:37:30+05:30
INDGN,570.98,TOUCHED,3.64,above,591.75,570.98,568.77,570.98,566.55,0.779,82.7,0.025,0,2026-09-16,2026-09-17,False,False,5.0,2026-09-17T20:37:30+05:30
JBMA,593.07,TOUCHED,0.09,inside,593.6,593.07,593.07,595.5,590.63,0.821,82.7,0.027,0,2026-09-16,2026-09-17,False,False,5.0,2026-09-17T20:37:30+05:30
BIOCON,378.50,TOUCHED,0.4,above,380.0,378.5,377.13,378.5,375.77,0.725,83.0,0.028,0,2026-09-16,2026-09-17,False,False,5.0,2026-09-17T20:37:30+05:30
AARTIIND,470.90,TOUCHED,1.21,above,476.6,470.9,468.95,470.9,467.0,0.832,83.6,0.03,0,2026-09-16,2026-09-17,False,False,5.0,2026-09-17T20:37:30+05:30
INFY,1063.10,TOUCHED,-0.42,below,1058.6,1063.1,1066.2,1069.3,1063.1,0.582,83.6,0.029,0,2026-09-16,2026-09-17,False,False,5.0,2026-09-17T20:37:30+05:30
SONATSOFTW,281.55,TOUCHED,0.04,above,281.65,281.55,280.0,281.55,278.45,1.107,83.6,0.026,0,2026-09-16,2026-09-17,False,False,5.0,2026-09-17T20:37:30+05:30
BAJAJFINSV,1853.85,TOUCHED,0.29,above,1859.2,1853.85,1848.23,1853.85,1842.62,0.608,83.8,0.02,0,2026-09-16,2026-09-17,False,False,5.0,2026-09-17T20:37:30+05:30
EIHOTEL,290.98,TOUCHED,3.06,above,299.9,290.98,289.87,290.98,288.75,0.77,83.8,0.03,0,2026-09-16,2026-09-17,False,False,5.0,2026-09-17T20:37:30+05:30
KPRMILL,1105.10,TOUCHED,-0.88,below,1095.4,1105.1,1110.53,1115.97,1105.1,0.979,83.8,0.054,0,2026-09-16,2026-09-17,False,False,5.0,2026-09-17T20:37:30+05:30
MRF,125392.50,TOUCHED,-0.64,below,124585.0,125392.5,125775.0,126157.5,125392.5,0.608,84.1,0.034,0,2026-09-16,2026-09-17,False,False,5.0,2026-09-17T20:37:30+05:30
NIVABUPA,79.85,TOUCHED,-0.31,below,79.6,79.85,80.14,80.44,79.85,0.736,84.1,0.018,0,2026-09-16,2026-09-17,False,False,5.0,2026-09-17T20:37:30+05:30
IOC,133.81,TOUCHED,0.35,inside,134.27,133.81,133.81,134.28,133.33,0.705,84.4,0.02,0,2026-09-16,2026-09-17,False,False,5.0,2026-09-17T20:37:30+05:30
TATACHEM,739.95,TOUCHED,5.32,above,779.3,739.95,737.23,739.95,734.52,0.737,84.7,0.021,0,2026-09-16,2026-09-17,False,False,5.0,2026-09-17T20:37:30+05:30
UBL,1231.03,TOUCHED,-1.16,below,1216.8,1231.03,1234.77,1238.5,1231.03,0.605,84.7,0.026,0,2026-09-16,2026-09-17,False,False,5.0,2026-09-17T20:37:30+05:30
KARURVYSYA,331.85,TOUCHED,-0.11,inside,331.5,331.85,331.85,333.32,330.38,0.889,84.9,0.039,0,2026-09-16,2026-09-17,False,False,5.0,2026-09-17T20:37:30+05:30
BDL,1129.65,TOUCHED,1.97,above,1151.9,1129.65,1123.3,1129.65,1116.95,1.131,85.2,0.053,0,2026-09-16,2026-09-17,False,False,5.0,2026-09-17T20:37:30+05:30
DABUR,384.48,TOUCHED,0.02,inside,384.55,384.48,384.48,385.73,383.24,0.646,85.2,0.031,0,2026-09-16,2026-09-17,False,False,5.0,2026-09-17T20:37:30+05:30
UPL,554.92,TOUCHED,-0.03,inside,554.75,554.92,554.92,557.07,552.76,0.778,85.2,0.02,0,2026-09-16,2026-09-17,False,False,5.0,2026-09-17T20:37:30+05:30
MGL,1070.53,TOUCHED,0.06,inside,1071.2,1070.53,1070.53,1075.32,1065.75,0.894,85.5,0.039,0,2026-09-16,2026-09-17,False,False,5.0,2026-09-17T20:37:30+05:30
JYOTICNC,962.32,TOUCHED,1.93,above,980.85,962.32,956.93,962.32,951.55,1.125,85.8,0.035,0,2026-09-16,2026-09-17,False,False,5.0,2026-09-17T20:37:30+05:30
MANKIND,2273.35,TOUCHED,1.17,above,2300.0,2273.35,2264.23,2273.35,2255.12,0.805,85.8,0.038,0,2026-09-16,2026-09-17,False,False,5.0,2026-09-17T20:37:30+05:30
OFSS,11609.67,TOUCHED,0.09,inside,11620.0,11609.67,11609.67,11659.5,11559.83,0.858,85.8,0.029,0,2026-09-16,2026-09-17,False,False,5.0,2026-09-17T20:37:30+05:30
WHIRLPOOL,735.28,TOUCHED,-1.07,below,727.4,735.28,738.82,742.35,735.28,0.956,86.3,0.045,0,2026-09-16,2026-09-17,False,False,5.0,2026-09-17T20:37:30+05:30
LODHA,1081.28,TOUCHED,2.02,above,1103.1,1081.28,1075.17,1081.28,1069.05,1.138,86.8,0.035,0,2026-09-16,2026-09-17,False,False,5.0,2026-09-17T20:37:30+05:30
CARBORUNIV,1046.67,TOUCHED,3.53,above,1083.6,1046.67,1041.73,1046.67,1036.8,0.947,87.1,0.033,0,2026-09-16,2026-09-17,False,False,5.0,2026-09-17T20:37:30+05:30
GLAXO,2816.95,TOUCHED,-0.61,below,2799.9,2816.95,2830.03,2843.12,2816.95,0.925,87.7,0.014,0,2026-09-16,2026-09-17,False,False,5.0,2026-09-17T20:37:30+05:30
NTPCGREEN,87.24,TOUCHED,0.39,above,87.58,87.24,86.88,87.24,86.53,0.813,87.7,0.014,0,2026-09-16,2026-09-17,False,False,5.0,2026-09-17T20:37:30+05:30
KAJARIACER,1210.37,TOUCHED,0.56,above,1217.2,1210.37,1204.83,1210.37,1199.3,0.919,87.9,0.029,0,2026-09-16,2026-09-17,False,False,5.0,2026-09-17T20:37:30+05:30
COHANCE,430.43,TOUCHED,2.21,above,439.95,430.43,427.92,430.43,425.4,1.176,88.2,0.022,0,2026-09-16,2026-09-17,False,False,5.0,2026-09-17T20:37:30+05:30
WIPRO,167.43,TOUCHED,-0.61,below,166.4,167.43,167.96,168.5,167.43,0.639,88.2,0.013,0,2026-09-16,2026-09-17,False,False,5.0,2026-09-17T20:37:30+05:30
ACUTAAS,3295.04,TOUCHED,0.61,inside,3315.1,3295.04,3295.04,3318.62,3271.45,1.431,88.5,0.036,0,2026-09-16,2026-09-17,False,False,5.0,2026-09-17T20:37:30+05:30
REDINGTON,385.62,TOUCHED,3.76,above,400.1,385.62,383.08,385.62,380.55,1.323,88.8,0.038,0,2026-09-16,2026-09-17,False,False,5.0,2026-09-17T20:37:30+05:30
SBILIFE,1692.17,TOUCHED,4.42,above,1766.9,1692.17,1686.43,1692.17,1680.7,0.68,89.3,0.015,0,2026-09-16,2026-09-17,False,False,5.0,2026-09-17T20:37:30+05:30
SBIN,988.37,TOUCHED,0.03,above,988.7,988.37,985.33,988.37,982.3,0.616,89.3,0.011,0,2026-09-16,2026-09-17,False,False,5.0,2026-09-17T20:37:30+05:30
HDBFS,675.58,TOUCHED,0.87,above,681.45,675.58,673.17,675.58,670.75,0.718,89.5,0.023,0,2026-09-16,2026-09-17,False,False,5.0,2026-09-17T20:37:30+05:30
LATENTVIEW,255.23,TOUCHED,-0.09,inside,255.0,255.23,255.23,256.78,253.69,1.208,89.6,0.024,0,2026-09-16,2026-09-17,False,False,5.0,2026-09-17T20:37:30+05:30
CARTRADE,2935.63,TOUCHED,0.08,inside,2938.0,2935.63,2935.63,2960.8,2910.47,1.715,90.1,0.052,0,2026-09-16,2026-09-17,False,False,5.0,2026-09-17T20:37:30+05:30
RADICO,4393.80,TOUCHED,-0.31,below,4380.0,4393.8,4417.87,4441.93,4393.8,1.09,90.1,0.023,0,2026-09-16,2026-09-17,False,False,5.0,2026-09-17T20:37:30+05:30
TATATECH,756.42,TOUCHED,0.31,inside,758.75,756.42,756.42,760.42,752.41,1.06,90.1,0.037,0,2026-09-16,2026-09-17,False,False,5.0,2026-09-17T20:37:30+05:30
VIJAYA,1431.18,TOUCHED,5.23,above,1506.1,1431.18,1424.07,1431.18,1416.95,0.999,90.1,0.036,0,2026-09-16,2026-09-17,False,False,5.0,2026-09-17T20:37:30+05:30
AEGISLOG,1362.13,TOUCHED,-0.61,inside,1353.8,1362.13,1362.13,1371.67,1352.6,1.4,90.4,0.033,0,2026-09-16,2026-09-17,False,False,5.0,2026-09-17T20:37:30+05:30
ELGIEQUIP,595.86,TOUCHED,-0.43,below,593.3,595.86,599.22,602.57,595.86,1.121,90.7,0.049,0,2026-09-16,2026-09-17,False,False,5.0,2026-09-17T20:37:30+05:30
BALRAMCHIN,674.97,TOUCHED,0.11,inside,675.7,674.97,674.97,678.78,671.15,1.131,91.0,0.025,0,2026-09-16,2026-09-17,False,False,5.0,2026-09-17T20:37:30+05:30
SONACOMS,776.55,TOUCHED,0.17,inside,777.9,776.55,776.55,780.83,772.28,1.101,91.2,0.03,0,2026-09-16,2026-09-17,False,False,5.0,2026-09-17T20:37:30+05:30
ACE,1143.13,TOUCHED,5.46,above,1205.6,1143.13,1136.57,1143.13,1130.0,1.156,91.5,0.049,0,2026-09-16,2026-09-17,False,False,5.0,2026-09-17T20:37:30+05:30
LICI,394.00,TOUCHED,1.52,above,400.0,394.0,392.5,394.0,391.0,0.764,91.8,0.031,0,2026-09-16,2026-09-17,False,False,5.0,2026-09-17T20:37:30+05:30
HEG,219.68,TOUCHED,2.79,above,225.8,219.68,218.13,219.68,216.59,1.414,92.1,0.043,0,2026-09-16,2026-09-17,False,False,5.0,2026-09-17T20:37:30+05:30
KALYANKJIL,584.97,TOUCHED,-0.6,below,581.45,584.97,589.03,593.1,584.97,1.381,92.1,0.039,0,2026-09-16,2026-09-17,False,False,5.0,2026-09-17T20:37:30+05:30
TATACAP,345.18,TOUCHED,-0.44,below,343.65,345.18,346.87,348.55,345.18,0.971,92.3,0.015,0,2026-09-16,2026-09-17,False,False,5.0,2026-09-17T20:37:30+05:30
LTM,4278.67,TOUCHED,-0.31,inside,4265.3,4278.67,4278.67,4301.5,4255.83,1.067,92.9,0.032,0,2026-09-16,2026-09-17,False,False,5.0,2026-09-17T20:37:30+05:30
MCX,3187.65,TOUCHED,2.43,above,3265.2,3187.65,3164.1,3187.65,3140.55,1.489,93.4,0.058,0,2026-09-16,2026-09-17,False,False,5.0,2026-09-17T20:37:30+05:30
RKFORGE,684.70,TOUCHED,3.03,above,705.45,684.7,680.6,684.7,676.5,1.205,93.7,0.044,0,2026-09-16,2026-09-17,False,False,5.0,2026-09-17T20:37:30+05:30
CANHLIFE,152.91,TOUCHED,1.6,above,155.36,152.91,151.91,152.91,150.9,1.323,93.9,0.018,0,2026-09-16,2026-09-17,False,False,5.0,2026-09-17T20:37:30+05:30
BRIGADE,618.53,TOUCHED,0.38,inside,620.9,618.53,618.53,622.69,614.38,1.345,94.0,0.024,0,2026-09-16,2026-09-17,False,False,5.0,2026-09-17T20:37:30+05:30
ABSLAMC,1051.23,TOUCHED,3.7,above,1090.1,1051.23,1044.07,1051.23,1036.9,1.373,94.2,0.032,0,2026-09-16,2026-09-17,False,False,5.0,2026-09-17T20:37:30+05:30
TEGA,1705.67,TOUCHED,12.57,above,1920.0,1705.67,1694.23,1705.67,1682.8,1.35,94.2,0.045,0,2026-09-16,2026-09-17,False,False,5.0,2026-09-17T20:37:30+05:30
HONASA,460.68,TOUCHED,-0.12,below,460.1,460.68,463.55,466.42,460.68,1.24,94.5,0.054,0,2026-09-16,2026-09-17,False,False,5.0,2026-09-17T20:37:30+05:30
NYKAA,327.38,TOUCHED,-1.11,below,323.75,327.38,329.15,330.92,327.38,1.079,94.5,0.028,0,2026-09-16,2026-09-17,False,False,5.0,2026-09-17T20:37:30+05:30
VTL,564.03,TOUCHED,-0.48,inside,561.3,564.03,564.03,567.89,560.17,1.368,94.5,0.029,0,2026-09-16,2026-09-17,False,False,5.0,2026-09-17T20:37:30+05:30
AADHARHFC,455.98,TOUCHED,2.93,above,469.35,455.98,453.27,455.98,450.55,1.199,94.8,0.027,0,2026-09-16,2026-09-17,False,False,5.0,2026-09-17T20:37:30+05:30
GRANULES,850.50,TOUCHED,2.34,above,870.4,850.5,845.53,850.5,840.57,1.175,95.3,0.038,0,2026-09-16,2026-09-17,False,False,5.0,2026-09-17T20:37:30+05:30
APARINDS,16919.17,TOUCHED,5.21,above,17801.0,16919.17,16763.33,16919.17,16607.5,1.859,95.6,0.054,0,2026-09-16,2026-09-17,False,False,5.0,2026-09-17T20:37:30+05:30
TIMKEN,3198.07,TOUCHED,-0.41,inside,3185.1,3198.07,3198.07,3218.33,3177.8,1.267,95.6,0.047,0,2026-09-16,2026-09-17,False,False,5.0,2026-09-17T20:37:30+05:30
GLENMARK,2395.35,TOUCHED,0.86,above,2416.0,2395.35,2380.7,2395.35,2366.05,1.231,95.9,0.035,0,2026-09-16,2026-09-17,False,False,5.0,2026-09-17T20:37:30+05:30
TCS,2200.18,TOUCHED,-0.46,below,2190.0,2200.18,2211.57,2222.95,2200.18,1.029,95.9,0.029,0,2026-09-16,2026-09-17,False,False,5.0,2026-09-17T20:37:30+05:30
ANTHEM,921.73,TOUCHED,0.61,inside,927.4,921.73,921.73,928.38,915.09,1.441,96.2,0.042,0,2026-09-16,2026-09-17,False,False,5.0,2026-09-17T20:37:30+05:30
URBANCO,161.55,TOUCHED,0.78,inside,162.81,161.55,161.55,163.06,160.05,1.861,96.4,0.044,0,2026-09-16,2026-09-17,False,False,5.0,2026-09-17T20:37:30+05:30
ECLERX,1925.80,TOUCHED,-0.15,inside,1923.0,1925.8,1925.8,1943.5,1908.1,1.838,96.7,0.05,0,2026-09-16,2026-09-17,False,False,5.0,2026-09-17T20:37:30+05:30
