symbol,status,type,distance_pct,trend,ltp,virgin_level,pivot,tc,bc,width_pct,width_percentile,narrow_threshold_pct,days_virgin,source_date,session_date,is_virgin,is_narrow,narrow_percentile_used,scanned_at
RHIM,363.6,V+N,1.1,above,367.6,363.6,363.6,363.6,363.6,0.0,0.0,0.028,1,2026-09-16,2026-09-18,True,True,5.0,2026-09-18T14:49:11+05:30
SARDAEN,497.33,V+N,2.02,above,507.4,497.33,497.32,497.33,497.3,0.007,1.4,0.027,1,2026-09-16,2026-09-18,True,True,5.0,2026-09-18T14:49:11+05:30
SAREGAMA,486.6,V+N,3.58,above,504.0,486.6,486.58,486.6,486.57,0.007,1.4,0.046,1,2026-09-16,2026-09-18,True,True,5.0,2026-09-18T14:49:11+05:30
TORNTPHARM,4812.75,V+N,1.44,above,4882.0,4812.75,4812.67,4812.75,4812.58,0.003,1.4,0.023,1,2026-09-16,2026-09-18,True,True,5.0,2026-09-18T14:49:11+05:30
EIDPARRY,702.98,V+N,-0.53,below,699.25,702.98,703.02,703.06,702.98,0.012,1.6,0.027,1,2026-09-17,2026-09-18,True,True,5.0,2026-09-18T14:49:11+05:30
DATAPATTNS,4413.2,V+N,2.85,above,4539.0,4413.2,4412.5,4413.2,4411.8,0.032,2.5,0.073,1,2026-09-17,2026-09-18,True,True,5.0,2026-09-18T14:49:11+05:30
NAVINFLUOR,8222.5,V+N,2.99,above,8468.0,8222.5,8221.67,8222.5,8220.83,0.02,2.5,0.043,1,2026-09-17,2026-09-18,True,True,5.0,2026-09-18T14:49:11+05:30
POLYMED,1704.38,V+N,0.08,above,1705.8,1704.38,1704.17,1704.38,1703.95,0.025,2.5,0.045,1,2026-09-16,2026-09-18,True,True,5.0,2026-09-18T14:49:11+05:30
ACC,1232.7,V+N,1.35,above,1249.4,1232.7,1232.63,1232.7,1232.57,0.011,2.7,0.028,1,2026-09-17,2026-09-18,True,True,5.0,2026-09-18T14:49:11+05:30
MOTILALOFS,976.85,V+N,2.85,above,1004.7,976.85,976.73,976.85,976.62,0.024,2.7,0.045,1,2026-09-16,2026-09-18,True,True,5.0,2026-09-18T14:49:11+05:30
ANURAS,1178.23,V+N,2.31,above,1205.5,1178.23,1178.17,1178.23,1178.1,0.011,3.0,0.025,1,2026-09-16,2026-09-18,True,True,5.0,2026-09-18T14:49:11+05:30
IGIL,314.89,V+N,6.96,above,336.8,314.89,314.88,314.89,314.88,0.005,3.3,0.026,1,2026-09-17,2026-09-18,True,True,5.0,2026-09-18T14:49:11+05:30
INDUSINDBK,958.12,V+N,0.81,above,965.9,958.12,958.03,958.12,957.95,0.017,3.3,0.026,1,2026-09-17,2026-09-18,True,True,5.0,2026-09-18T14:49:11+05:30
WELCORP,2461.55,V+N,5.87,above,2606.1,2461.55,2461.13,2461.55,2460.72,0.034,3.6,0.053,1,2026-09-17,2026-09-18,True,True,5.0,2026-09-18T14:49:11+05:30
ABB,6979.42,V+N,3.3,above,7210.0,6979.42,6978.83,6979.42,6978.25,0.017,4.1,0.028,1,2026-09-16,2026-09-18,True,True,5.0,2026-09-18T14:49:11+05:30
BLS,226.71,V+N,0.62,above,228.1,226.71,226.67,226.71,226.63,0.031,4.1,0.032,1,2026-09-16,2026-09-18,True,True,5.0,2026-09-18T14:49:11+05:30
LINDEINDIA,6088.83,V+N,1.7,above,6192.5,6088.83,6088.17,6088.83,6087.5,0.022,4.1,0.024,1,2026-09-16,2026-09-18,True,True,5.0,2026-09-18T14:49:11+05:30
PETRONET,283.42,V+N,1.58,above,287.9,283.42,283.38,283.42,283.35,0.024,4.1,0.024,1,2026-09-17,2026-09-18,True,True,5.0,2026-09-18T14:49:11+05:30
IRFC,79.3,V+N,2.24,above,81.08,79.3,79.29,79.3,79.28,0.021,4.4,0.024,1,2026-09-17,2026-09-18,True,True,5.0,2026-09-18T14:49:11+05:30
AMBUJACEM,383.42,V+N,2.11,above,391.5,383.42,383.37,383.42,383.31,0.03,4.7,0.034,1,2026-09-17,2026-09-18,True,True,5.0,2026-09-18T14:49:11+05:30
IREDA,108.97,V+N,2.72,above,111.94,108.97,108.95,108.97,108.93,0.034,4.9,0.035,1,2026-09-17,2026-09-18,True,True,5.0,2026-09-18T14:49:11+05:30
HBLENGINE,748.97,V+W,2.27,above,766.0,748.97,741.18,748.97,733.4,2.1,97.8,0.033,1,2026-09-17,2026-09-18,True,False,5.0,2026-09-18T14:49:11+05:30
MFSL,1477.62,V+W,5.84,above,1563.9,1477.62,1467.63,1477.62,1457.65,1.36,98.1,0.019,1,2026-09-16,2026-09-18,True,False,5.0,2026-09-18T14:49:11+05:30
JKCEMENT,4984.75,V+W,1.03,above,5036.0,4984.75,4942.5,4984.75,4900.25,1.71,98.6,0.033,1,2026-09-17,2026-09-18,True,False,5.0,2026-09-18T14:49:11+05:30
HDFCLIFE,553.15,V+W,1.15,above,559.5,553.15,549.3,553.15,545.45,1.402,99.2,0.02,1,2026-09-17,2026-09-18,True,False,5.0,2026-09-18T14:49:11+05:30
TEGA,1887.17,V+W,3.18,above,1947.2,1887.17,1854.33,1887.17,1821.5,3.541,99.7,0.042,1,2026-09-17,2026-09-18,True,False,5.0,2026-09-18T14:49:11+05:30
SIEMENS,3741.62,V,2.38,above,3830.8,3741.62,3741.23,3741.62,3740.85,0.02,5.5,0.018,1,2026-09-16,2026-09-18,True,False,5.0,2026-09-18T14:49:11+05:30
CENTRALBK,30.39,V,2.52,above,31.16,30.39,30.39,30.39,30.39,0.033,5.8,0.029,1,2026-09-17,2026-09-18,True,False,5.0,2026-09-18T14:49:11+05:30
VBL,415.38,V,1.62,above,422.1,415.38,415.32,415.38,415.25,0.032,5.8,0.026,1,2026-09-17,2026-09-18,True,False,5.0,2026-09-18T14:49:11+05:30
FORTIS,870.75,V,3.01,above,896.95,870.75,870.6,870.75,870.45,0.034,6.0,0.028,1,2026-09-16,2026-09-18,True,False,5.0,2026-09-18T14:49:11+05:30
PRESTIGE,1425.55,V,2.89,above,1466.7,1425.55,1425.03,1425.55,1424.52,0.073,6.8,0.047,1,2026-09-16,2026-09-18,True,False,5.0,2026-09-18T14:49:11+05:30
FACT,748.73,V,2.08,above,764.3,748.73,748.47,748.73,748.2,0.071,7.7,0.056,1,2026-09-16,2026-09-18,True,False,5.0,2026-09-18T14:49:11+05:30
ULTRACEMCO,10772.0,V,1.93,above,10980.0,10772.0,10769.33,10772.0,10766.67,0.05,8.2,0.026,1,2026-09-17,2026-09-18,True,False,5.0,2026-09-18T14:49:11+05:30
BOSCHLTD,47587.5,V,0.97,above,48050.0,47587.5,47576.67,47587.5,47565.83,0.046,8.5,0.029,1,2026-09-16,2026-09-18,True,False,5.0,2026-09-18T14:49:11+05:30
DEVYANI,136.64,V,1.68,above,138.93,136.64,136.58,136.64,136.53,0.078,8.5,0.04,1,2026-09-16,2026-09-18,True,False,5.0,2026-09-18T14:49:11+05:30
HINDCOPPER,485.33,V,2.34,above,496.7,485.33,485.17,485.33,485.0,0.069,8.5,0.032,1,2026-09-17,2026-09-18,True,False,5.0,2026-09-18T14:49:11+05:30
JUBLPHARMA,1011.89,V,2.77,above,1039.95,1011.89,1011.68,1011.89,1011.48,0.041,8.5,0.018,1,2026-09-17,2026-09-18,True,False,5.0,2026-09-18T14:49:11+05:30
TTML,36.6,V,-1.78,below,35.95,36.6,36.61,36.63,36.6,0.073,10.1,0.041,1,2026-09-17,2026-09-18,True,False,5.0,2026-09-18T14:49:11+05:30
SAPPHIRE,223.2,V,2.61,above,229.02,223.2,223.08,223.2,222.96,0.108,11.0,0.05,1,2026-09-16,2026-09-18,True,False,5.0,2026-09-18T14:49:11+05:30
BERGEPAINT,448.44,V,2.44,above,459.4,448.44,448.28,448.44,448.12,0.071,11.2,0.013,1,2026-09-17,2026-09-18,True,False,5.0,2026-09-18T14:49:11+05:30
DELHIVERY,421.66,V,1.81,above,429.3,421.66,421.52,421.66,421.38,0.067,11.2,0.019,1,2026-09-16,2026-09-18,True,False,5.0,2026-09-18T14:49:11+05:30
TATACHEM,778.38,V,-9.96,below,700.85,778.38,778.68,778.99,778.38,0.079,11.2,0.021,1,2026-09-17,2026-09-18,True,False,5.0,2026-09-18T14:49:11+05:30
CONCORDBIO,1456.15,V,2.13,above,1487.2,1456.15,1455.37,1456.15,1454.58,0.108,12.1,0.022,1,2026-09-16,2026-09-18,True,False,5.0,2026-09-18T14:49:11+05:30
GRSE,2339.08,V,2.34,above,2393.9,2339.08,2337.09,2339.08,2335.09,0.171,12.1,0.067,1,2026-09-17,2026-09-18,True,False,5.0,2026-09-18T14:49:11+05:30
GMDCLTD,548.74,V,1.18,above,555.2,548.74,548.33,548.74,547.92,0.149,12.6,0.078,1,2026-09-17,2026-09-18,True,False,5.0,2026-09-18T14:49:11+05:30
TVSMOTOR,4106.1,V,2.1,above,4192.4,4106.1,4104.63,4106.1,4103.17,0.071,12.6,0.026,1,2026-09-17,2026-09-18,True,False,5.0,2026-09-18T14:49:11+05:30
AMBER,6926.0,V,3.03,above,7136.0,6926.0,6922.0,6926.0,6918.0,0.116,12.9,0.027,1,2026-09-16,2026-09-18,True,False,5.0,2026-09-18T14:49:11+05:30
THERMAX,3535.22,V,0.63,above,3557.4,3535.22,3533.63,3535.22,3532.05,0.09,12.9,0.023,1,2026-09-16,2026-09-18,True,False,5.0,2026-09-18T14:49:11+05:30
TRITURBINE,540.55,V,4.62,above,565.55,540.55,540.3,540.55,540.05,0.093,14.2,0.022,1,2026-09-16,2026-09-18,True,False,5.0,2026-09-18T14:49:11+05:30
ATUL,6073.25,V,1.65,above,6173.5,6073.25,6070.5,6073.25,6067.75,0.091,14.8,0.014,1,2026-09-16,2026-09-18,True,False,5.0,2026-09-18T14:49:11+05:30
SUZLON,42.51,V,2.11,above,43.41,42.51,42.48,42.51,42.45,0.133,14.8,0.028,1,2026-09-17,2026-09-18,True,False,5.0,2026-09-18T14:49:11+05:30
CEMPRO,1238.25,V,3.4,above,1280.3,1238.25,1237.2,1238.25,1236.15,0.17,15.1,0.062,1,2026-09-16,2026-09-18,True,False,5.0,2026-09-18T14:49:11+05:30
JINDALSTEL,1102.4,V,2.46,above,1129.5,1102.4,1101.8,1102.4,1101.2,0.109,15.3,0.036,1,2026-09-16,2026-09-18,True,False,5.0,2026-09-18T14:49:11+05:30
SOBHA,1183.9,V,2.45,above,1212.9,1183.9,1183.2,1183.9,1182.5,0.118,15.9,0.028,1,2026-09-16,2026-09-18,True,False,5.0,2026-09-18T14:49:11+05:30
DOMS,2088.5,V,0.65,above,2102.0,2088.5,2087.4,2088.5,2086.3,0.105,16.2,0.028,1,2026-09-16,2026-09-18,True,False,5.0,2026-09-18T14:49:11+05:30
SAIL,174.88,V,2.03,above,178.43,174.88,174.75,174.88,174.62,0.147,16.7,0.026,1,2026-09-17,2026-09-18,True,False,5.0,2026-09-18T14:49:11+05:30
ETERNAL,323.02,V,1.6,above,328.2,323.02,322.8,323.02,322.58,0.139,17.0,0.024,1,2026-09-17,2026-09-18,True,False,5.0,2026-09-18T14:49:11+05:30
MEDANTA,1403.92,V,6.33,above,1492.8,1403.92,1403.23,1403.92,1402.55,0.097,17.0,0.031,1,2026-09-16,2026-09-18,True,False,5.0,2026-09-18T14:49:11+05:30
GVT&D,4337.38,V,1.47,above,4401.3,4337.38,4333.77,4337.38,4330.15,0.167,17.8,0.022,1,2026-09-17,2026-09-18,True,False,5.0,2026-09-18T14:49:11+05:30
SAILIFE,1549.9,V,3.67,above,1606.8,1549.9,1548.5,1549.9,1547.1,0.181,18.4,0.04,1,2026-09-17,2026-09-18,True,False,5.0,2026-09-18T14:49:11+05:30
HONAUT,33876.67,V,5.72,above,35815.0,33876.67,33858.33,33876.67,33840.0,0.108,18.6,0.027,1,2026-09-16,2026-09-18,True,False,5.0,2026-09-18T14:49:11+05:30
POONAWALLA,432.14,V,8.66,above,469.55,432.14,431.83,432.14,431.53,0.143,18.6,0.031,1,2026-09-16,2026-09-18,True,False,5.0,2026-09-18T14:49:11+05:30
M&MFIN,344.77,V,2.76,above,354.3,344.77,344.5,344.77,344.23,0.16,19.7,0.037,1,2026-09-16,2026-09-18,True,False,5.0,2026-09-18T14:49:11+05:30
MUTHOOTFIN,2769.23,V,2.72,above,2844.6,2769.23,2767.07,2769.23,2764.9,0.157,19.7,0.04,1,2026-09-16,2026-09-18,True,False,5.0,2026-09-18T14:49:11+05:30
AUROPHARMA,1642.02,V,2.92,above,1690.0,1642.02,1641.03,1642.02,1640.05,0.12,20.3,0.039,1,2026-09-16,2026-09-18,True,False,5.0,2026-09-18T14:49:11+05:30
ICICIGI,1442.75,V,2.3,above,1476.0,1442.75,1441.83,1442.75,1440.92,0.127,20.3,0.021,1,2026-09-16,2026-09-18,True,False,5.0,2026-09-18T14:49:11+05:30
LAURUSLABS,1904.32,V,3.58,above,1972.5,1904.32,1903.13,1904.32,1901.95,0.124,20.8,0.019,1,2026-09-16,2026-09-18,True,False,5.0,2026-09-18T14:49:11+05:30
SUPREMEIND,3308.3,V,5.17,above,3479.3,3308.3,3305.53,3308.3,3302.77,0.167,21.4,0.034,1,2026-09-16,2026-09-18,True,False,5.0,2026-09-18T14:49:11+05:30
ENDURANCE,2625.77,V,4.05,above,2732.1,2625.77,2623.13,2625.77,2620.5,0.201,21.6,0.044,1,2026-09-16,2026-09-18,True,False,5.0,2026-09-18T14:49:11+05:30
COCHINSHIP,1331.37,V,3.5,above,1378.0,1331.37,1329.94,1331.37,1328.5,0.215,21.9,0.041,1,2026-09-17,2026-09-18,True,False,5.0,2026-09-18T14:49:11+05:30
DRREDDY,1141.9,V,4.05,above,1188.2,1141.9,1141.27,1141.9,1140.63,0.111,21.9,0.017,1,2026-09-16,2026-09-18,True,False,5.0,2026-09-18T14:49:11+05:30
LT,3843.0,V,1.14,above,3887.0,3843.0,3840.73,3843.0,3838.47,0.118,21.9,0.027,1,2026-09-17,2026-09-18,True,False,5.0,2026-09-18T14:49:11+05:30
POLYCAB,8202.08,V,1.48,above,8323.5,8202.08,8195.67,8202.08,8189.25,0.157,22.2,0.032,1,2026-09-17,2026-09-18,True,False,5.0,2026-09-18T14:49:11+05:30
PARADEEP,147.47,V,6.04,above,156.38,147.47,147.26,147.47,147.05,0.285,22.7,0.04,1,2026-09-16,2026-09-18,True,False,5.0,2026-09-18T14:49:11+05:30
ITCHOTELS,154.21,V,2.35,above,157.84,154.21,154.1,154.21,153.98,0.151,23.0,0.04,1,2026-09-17,2026-09-18,True,False,5.0,2026-09-18T14:49:11+05:30
TITAGARH,812.16,V,3.83,above,843.3,812.16,811.17,812.16,810.18,0.245,23.8,0.046,1,2026-09-16,2026-09-18,True,False,5.0,2026-09-18T14:49:11+05:30
BALKRISIND,2123.28,V,5.87,above,2248.0,2123.28,2121.67,2123.28,2120.05,0.152,25.8,0.027,1,2026-09-16,2026-09-18,True,False,5.0,2026-09-18T14:49:11+05:30
MAPMYINDIA,882.27,V,2.45,above,903.9,882.27,881.43,882.27,880.6,0.189,27.1,0.031,1,2026-09-16,2026-09-18,True,False,5.0,2026-09-18T14:49:11+05:30
SCHNEIDER,1196.42,V,2.14,above,1222.0,1196.42,1194.23,1196.42,1192.05,0.366,27.1,0.028,1,2026-09-16,2026-09-18,True,False,5.0,2026-09-18T14:49:11+05:30
SHRIRAMFIN,993.97,V,2.02,above,1014.0,993.97,992.93,993.97,991.9,0.208,28.8,0.033,1,2026-09-17,2026-09-18,True,False,5.0,2026-09-18T14:49:11+05:30
OLECTRA,1172.7,V,2.08,above,1197.1,1172.7,1171.13,1172.7,1169.57,0.268,29.0,0.033,1,2026-09-16,2026-09-18,True,False,5.0,2026-09-18T14:49:11+05:30
SUMICHEM,453.37,V,3.1,above,467.45,453.37,452.7,453.37,452.02,0.298,29.6,0.039,1,2026-09-16,2026-09-18,True,False,5.0,2026-09-18T14:49:11+05:30
NAM-INDIA,1117.53,V,2.91,above,1150.0,1117.53,1116.07,1117.53,1114.6,0.263,29.9,0.031,1,2026-09-17,2026-09-18,True,False,5.0,2026-09-18T14:49:11+05:30
SONACOMS,776.98,V,4.3,above,810.4,776.98,776.07,776.98,775.15,0.236,29.9,0.03,1,2026-09-17,2026-09-18,True,False,5.0,2026-09-18T14:49:11+05:30
LGEINDIA,1651.1,V,1.6,above,1677.5,1651.1,1649.3,1651.1,1647.5,0.218,31.2,0.011,1,2026-09-17,2026-09-18,True,False,5.0,2026-09-18T14:49:11+05:30
MANAPPURAM,320.26,V,-1.03,below,316.95,320.26,320.62,320.98,320.26,0.224,31.5,0.032,1,2026-09-16,2026-09-18,True,False,5.0,2026-09-18T14:49:11+05:30
PIDILITIND,1550.35,V,2.76,above,1593.1,1550.35,1549.2,1550.35,1548.05,0.148,31.5,0.028,1,2026-09-17,2026-09-18,True,False,5.0,2026-09-18T14:49:11+05:30
SCHAEFFLER,3894.87,V,6.66,above,4154.2,3894.87,3890.83,3894.87,3886.8,0.207,31.5,0.032,1,2026-09-16,2026-09-18,True,False,5.0,2026-09-18T14:49:11+05:30
CLEAN,818.95,V,4.04,above,852.0,818.95,817.9,818.95,816.85,0.257,31.8,0.029,1,2026-09-16,2026-09-18,True,False,5.0,2026-09-18T14:49:11+05:30
JMFINANCIL,120.23,V,5.37,above,126.69,120.23,120.0,120.23,119.78,0.381,31.8,0.052,1,2026-09-16,2026-09-18,True,False,5.0,2026-09-18T14:49:11+05:30
PGEL,528.15,V,1.42,above,535.65,528.15,527.2,528.15,526.25,0.36,31.8,0.046,1,2026-09-17,2026-09-18,True,False,5.0,2026-09-18T14:49:11+05:30
NBCC,81.99,V,2.32,above,83.9,81.99,81.86,81.99,81.72,0.33,32.6,0.044,1,2026-09-17,2026-09-18,True,False,5.0,2026-09-18T14:49:11+05:30
NETWEB,4569.33,V,1.87,above,4655.0,4569.33,4560.17,4569.33,4551.0,0.402,33.2,0.06,1,2026-09-17,2026-09-18,True,False,5.0,2026-09-18T14:49:11+05:30
CGCL,257.95,V,5.19,above,271.35,257.95,257.52,257.95,257.08,0.337,35.1,0.058,1,2026-09-16,2026-09-18,True,False,5.0,2026-09-18T14:49:11+05:30
AJANTPHARM,3504.4,V,2.24,above,3583.0,3504.4,3499.9,3504.4,3495.4,0.257,36.2,0.04,1,2026-09-16,2026-09-18,True,False,5.0,2026-09-18T14:49:11+05:30
SCI,268.4,V,2.37,above,274.75,268.4,267.9,268.4,267.4,0.373,36.4,0.042,1,2026-09-16,2026-09-18,True,False,5.0,2026-09-18T14:49:11+05:30
PTCIL,22467.5,V,1.77,above,22865.0,22467.5,22435.0,22467.5,22402.5,0.29,36.7,0.031,1,2026-09-16,2026-09-18,True,False,5.0,2026-09-18T14:49:11+05:30
BAYERCROP,3925.35,V,-2.38,below,3832.1,3925.35,3929.77,3934.18,3925.35,0.225,37.0,0.03,1,2026-09-16,2026-09-18,True,False,5.0,2026-09-18T14:49:11+05:30
LODHA,1101.22,V,3.52,above,1140.0,1101.22,1099.33,1101.22,1097.45,0.343,37.0,0.035,1,2026-09-17,2026-09-18,True,False,5.0,2026-09-18T14:49:11+05:30
ASTERDM,740.11,V,3.09,above,763.0,740.11,739.02,740.11,737.92,0.295,37.8,0.028,1,2026-09-16,2026-09-18,True,False,5.0,2026-09-18T14:49:11+05:30
KFINTECH,887.41,V,2.42,above,908.9,887.41,885.82,887.41,884.23,0.359,38.4,0.018,1,2026-09-16,2026-09-18,True,False,5.0,2026-09-18T14:49:11+05:30
ADANIPORTS,1736.18,V,2.39,above,1777.6,1736.18,1734.07,1736.18,1731.95,0.244,38.6,0.021,1,2026-09-17,2026-09-18,True,False,5.0,2026-09-18T14:49:11+05:30
SWIGGY,275.94,V,0.85,above,278.3,275.94,275.38,275.94,274.82,0.405,38.9,0.045,1,2026-09-17,2026-09-18,True,False,5.0,2026-09-18T14:49:11+05:30
APOLLOHOSP,8759.92,V,0.93,above,8841.0,8759.92,8751.33,8759.92,8742.75,0.196,39.5,0.014,1,2026-09-17,2026-09-18,True,False,5.0,2026-09-18T14:49:11+05:30
PFOCUS,323.35,V,7.02,above,346.05,323.35,322.38,323.35,321.42,0.6,39.5,0.053,1,2026-09-16,2026-09-18,True,False,5.0,2026-09-18T14:49:11+05:30
GODREJCP,866.42,V,1.64,above,880.65,866.42,865.28,866.42,864.14,0.264,39.7,0.023,1,2026-09-16,2026-09-18,True,False,5.0,2026-09-18T14:49:11+05:30
CIPLA,1356.67,V,1.86,above,1381.9,1356.67,1355.33,1356.67,1354.0,0.197,40.8,0.023,1,2026-09-16,2026-09-18,True,False,5.0,2026-09-18T14:49:11+05:30
ASHOKLEY,158.37,V,2.93,above,163.01,158.37,158.11,158.37,157.86,0.32,42.7,0.022,1,2026-09-17,2026-09-18,True,False,5.0,2026-09-18T14:49:11+05:30
BPCL,306.52,V,2.11,above,313.0,306.52,306.05,306.52,305.57,0.31,42.7,0.021,1,2026-09-17,2026-09-18,True,False,5.0,2026-09-18T14:49:11+05:30
NAVA,547.16,V,3.25,above,564.95,547.16,546.02,547.16,544.88,0.418,42.7,0.038,1,2026-09-16,2026-09-18,True,False,5.0,2026-09-18T14:49:11+05:30
GODREJPROP,1675.65,V,1.52,above,1701.1,1675.65,1672.2,1675.65,1668.75,0.413,43.3,0.045,1,2026-09-16,2026-09-18,True,False,5.0,2026-09-18T14:49:11+05:30
SHREECEM,21934.17,V,2.72,above,22530.0,21934.17,21908.33,21934.17,21882.5,0.236,43.6,0.02,1,2026-09-17,2026-09-18,True,False,5.0,2026-09-18T14:49:11+05:30
IRCTC,456.42,V,3.74,above,473.5,456.42,455.85,456.42,455.27,0.252,43.8,0.043,1,2026-09-17,2026-09-18,True,False,5.0,2026-09-18T14:49:11+05:30
CAMS,709.2,V,0.71,above,714.25,709.2,708.03,709.2,706.87,0.33,44.1,0.04,1,2026-09-16,2026-09-18,True,False,5.0,2026-09-18T14:49:11+05:30
HDFCAMC,2384.25,V,2.0,above,2431.9,2384.25,2380.53,2384.25,2376.82,0.312,44.1,0.022,1,2026-09-16,2026-09-18,True,False,5.0,2026-09-18T14:49:11+05:30
GMRAIRPORT,92.9,V,5.07,above,97.61,92.9,92.75,92.9,92.61,0.316,44.4,0.02,1,2026-09-16,2026-09-18,True,False,5.0,2026-09-18T14:49:11+05:30
BHARATFORG,1881.33,V,5.38,above,1982.6,1881.33,1877.67,1881.33,1874.0,0.391,46.0,0.031,1,2026-09-16,2026-09-18,True,False,5.0,2026-09-18T14:49:11+05:30
EXIDEIND,417.89,V,5.8,above,442.15,417.89,417.18,417.89,416.48,0.34,46.0,0.027,1,2026-09-17,2026-09-18,True,False,5.0,2026-09-18T14:49:11+05:30
LICHSGFIN,542.17,V,0.73,above,546.15,542.17,541.35,542.17,540.52,0.305,46.8,0.018,1,2026-09-16,2026-09-18,True,False,5.0,2026-09-18T14:49:11+05:30
UNOMINDA,1202.68,V,3.34,above,1242.8,1202.68,1200.37,1202.68,1198.05,0.386,47.4,0.045,1,2026-09-17,2026-09-18,True,False,5.0,2026-09-18T14:49:11+05:30
MINDACORP,675.8,V,2.11,above,690.05,675.8,674.38,675.8,672.97,0.42,48.5,0.038,1,2026-09-16,2026-09-18,True,False,5.0,2026-09-18T14:49:11+05:30
LTF,297.38,V,5.61,above,314.05,297.38,296.75,297.38,296.12,0.421,48.8,0.028,1,2026-09-16,2026-09-18,True,False,5.0,2026-09-18T14:49:11+05:30
BANDHANBNK,172.16,V,3.17,above,177.61,172.16,171.82,172.16,171.47,0.398,49.0,0.026,1,2026-09-16,2026-09-18,True,False,5.0,2026-09-18T14:49:11+05:30
ABREL,1254.35,V,0.15,above,1256.2,1254.35,1251.3,1254.35,1248.25,0.487,49.9,0.024,1,2026-09-17,2026-09-18,True,False,5.0,2026-09-18T14:49:11+05:30
ADANIGREEN,1267.22,V,4.04,above,1318.4,1267.22,1264.23,1267.22,1261.25,0.472,49.9,0.039,1,2026-09-16,2026-09-18,True,False,5.0,2026-09-18T14:49:11+05:30
HINDZINC,571.11,V,2.74,above,586.75,571.11,569.92,571.11,568.73,0.418,50.1,0.041,1,2026-09-17,2026-09-18,True,False,5.0,2026-09-18T14:49:11+05:30
UCOBANK,23.72,V,-0.42,below,23.62,23.72,23.76,23.8,23.72,0.337,50.1,0.013,1,2026-09-16,2026-09-18,True,False,5.0,2026-09-18T14:49:11+05:30
GICRE,339.57,V,1.42,above,344.4,339.57,338.97,339.57,338.36,0.359,51.2,0.031,1,2026-09-16,2026-09-18,True,False,5.0,2026-09-18T14:49:11+05:30
CEATLTD,3297.95,V,6.61,above,3515.8,3297.95,3290.3,3297.95,3282.65,0.465,52.1,0.034,1,2026-09-16,2026-09-18,True,False,5.0,2026-09-18T14:49:11+05:30
VEDL,256.91,V,1.71,above,261.3,256.91,256.37,256.91,255.83,0.423,52.9,0.026,1,2026-09-17,2026-09-18,True,False,5.0,2026-09-18T14:49:11+05:30
BLUESTARCO,1500.5,V,3.64,above,1555.1,1500.5,1497.0,1500.5,1493.5,0.468,53.4,0.05,1,2026-09-16,2026-09-18,True,False,5.0,2026-09-18T14:49:11+05:30
MOTHERSON,161.5,V,2.13,above,164.93,161.5,161.12,161.5,160.75,0.463,55.1,0.035,1,2026-09-17,2026-09-18,True,False,5.0,2026-09-18T14:49:11+05:30
PHOENIXLTD,1850.72,V,3.6,above,1917.3,1850.72,1846.43,1850.72,1842.15,0.464,55.3,0.045,1,2026-09-16,2026-09-18,True,False,5.0,2026-09-18T14:49:11+05:30
HINDALCO,970.95,V,1.45,above,985.0,970.95,969.2,970.95,967.45,0.361,55.9,0.011,1,2026-09-16,2026-09-18,True,False,5.0,2026-09-18T14:49:11+05:30
AUBANK,1031.0,V,0.6,above,1037.2,1031.0,1028.8,1031.0,1026.6,0.428,56.7,0.018,1,2026-09-16,2026-09-18,True,False,5.0,2026-09-18T14:49:11+05:30
BAJAJHLDNG,11007.5,V,2.48,above,11280.0,11007.5,10981.67,11007.5,10955.83,0.47,57.0,0.023,1,2026-09-16,2026-09-18,True,False,5.0,2026-09-18T14:49:11+05:30
GODFRYPHLP,1928.28,V,3.72,above,2000.0,1928.28,1922.57,1928.28,1916.85,0.595,57.0,0.041,1,2026-09-16,2026-09-18,True,False,5.0,2026-09-18T14:49:11+05:30
AFFLE,1531.18,V,2.34,above,1567.0,1531.18,1527.37,1531.18,1523.55,0.5,57.3,0.034,1,2026-09-16,2026-09-18,True,False,5.0,2026-09-18T14:49:11+05:30
JUBLFOOD,479.15,V,4.09,above,498.75,479.15,478.1,479.15,477.05,0.439,57.3,0.018,1,2026-09-17,2026-09-18,True,False,5.0,2026-09-18T14:49:11+05:30
MARICO,808.78,V,1.42,above,820.3,808.78,807.4,808.78,806.03,0.341,57.3,0.02,1,2026-09-16,2026-09-18,True,False,5.0,2026-09-18T14:49:11+05:30
HINDPETRO,349.25,V,1.43,above,354.25,349.25,348.45,349.25,347.65,0.459,57.5,0.033,1,2026-09-16,2026-09-18,True,False,5.0,2026-09-18T14:49:11+05:30
JINDALSAW,283.73,V,2.85,above,291.8,283.73,282.9,283.73,282.08,0.583,58.1,0.034,1,2026-09-16,2026-09-18,True,False,5.0,2026-09-18T14:49:11+05:30
CIEINDIA,374.97,V,3.29,above,387.3,374.97,374.15,374.97,373.32,0.441,59.2,0.025,1,2026-09-16,2026-09-18,True,False,5.0,2026-09-18T14:49:11+05:30
BDL,1148.28,V,2.19,above,1173.4,1148.28,1144.67,1148.28,1141.05,0.632,61.1,0.053,1,2026-09-17,2026-09-18,True,False,5.0,2026-09-18T14:49:11+05:30
ZFCVINDIA,2467.83,V,-1.33,below,2434.9,2467.83,2474.17,2480.5,2467.83,0.512,61.9,0.037,1,2026-09-16,2026-09-18,True,False,5.0,2026-09-18T14:49:11+05:30
SHYAMMETL,1045.72,V,4.51,above,1092.9,1045.72,1043.43,1045.72,1041.15,0.438,62.2,0.016,1,2026-09-16,2026-09-18,True,False,5.0,2026-09-18T14:49:11+05:30
EMMVEE,323.14,V,1.52,above,328.05,323.14,321.78,323.14,320.41,0.847,62.6,0.037,1,2026-09-17,2026-09-18,True,False,5.0,2026-09-18T14:49:11+05:30
JIOFIN,228.76,V,1.05,above,231.16,228.76,228.22,228.76,227.68,0.473,62.7,0.022,1,2026-09-17,2026-09-18,True,False,5.0,2026-09-18T14:49:11+05:30
TECHM,1561.53,V,-1.13,below,1543.9,1561.53,1565.07,1568.6,1561.53,0.452,63.3,0.038,1,2026-09-16,2026-09-18,True,False,5.0,2026-09-18T14:49:11+05:30
BAJFINANCE,1012.75,V,2.18,above,1034.8,1012.75,1010.57,1012.75,1008.38,0.432,64.4,0.029,1,2026-09-16,2026-09-18,True,False,5.0,2026-09-18T14:49:11+05:30
POWERINDIA,31104.17,V,3.65,above,32240.0,31104.17,30978.33,31104.17,30852.5,0.812,64.4,0.057,1,2026-09-17,2026-09-18,True,False,5.0,2026-09-18T14:49:11+05:30
IIFL,583.81,V,3.0,above,601.35,583.81,581.92,583.81,580.03,0.65,64.7,0.026,1,2026-09-16,2026-09-18,True,False,5.0,2026-09-18T14:49:11+05:30
ADANIPOWER,205.32,V,1.53,above,208.46,205.32,204.71,205.32,204.11,0.589,65.2,0.053,1,2026-09-17,2026-09-18,True,False,5.0,2026-09-18T14:49:11+05:30
ABCAPITAL,388.83,V,3.77,above,403.5,388.83,387.67,388.83,386.5,0.602,65.5,0.038,1,2026-09-17,2026-09-18,True,False,5.0,2026-09-18T14:49:11+05:30
CASTROLIND,191.43,V,2.75,above,196.68,191.43,191.13,191.43,190.83,0.309,67.7,0.013,1,2026-09-17,2026-09-18,True,False,5.0,2026-09-18T14:49:11+05:30
GLAND,2898.73,V,1.66,above,2946.9,2898.73,2889.67,2898.73,2880.6,0.628,67.7,0.04,1,2026-09-17,2026-09-18,True,False,5.0,2026-09-18T14:49:11+05:30
360ONE,1057.88,V,2.19,above,1081.1,1057.88,1054.47,1057.88,1051.05,0.648,68.5,0.032,1,2026-09-17,2026-09-18,True,False,5.0,2026-09-18T14:49:11+05:30
AAVAS,1278.7,V,1.63,above,1299.6,1278.7,1274.9,1278.7,1271.1,0.596,68.5,0.028,1,2026-09-16,2026-09-18,True,False,5.0,2026-09-18T14:49:11+05:30
ANANTRAJ,594.53,V,1.99,above,606.35,594.53,592.17,594.53,589.8,0.799,69.3,0.07,1,2026-09-17,2026-09-18,True,False,5.0,2026-09-18T14:49:11+05:30
GALLANTT,532.2,V,3.34,above,550.0,532.2,529.78,532.2,527.37,0.912,69.3,0.07,1,2026-09-16,2026-09-18,True,False,5.0,2026-09-18T14:49:11+05:30
NUVOCO,315.18,V,3.18,above,325.2,315.18,314.17,315.18,313.15,0.647,71.0,0.037,1,2026-09-16,2026-09-18,True,False,5.0,2026-09-18T14:49:11+05:30
SPLPETRO,789.68,V,8.99,above,860.7,789.68,786.67,789.68,783.65,0.767,71.5,0.038,1,2026-09-16,2026-09-18,True,False,5.0,2026-09-18T14:49:11+05:30
RAINBOW,1453.0,V,0.42,above,1459.1,1453.0,1448.8,1453.0,1444.6,0.58,71.8,0.037,1,2026-09-16,2026-09-18,True,False,5.0,2026-09-18T14:49:11+05:30
DIVISLAB,9299.75,V,0.84,above,9378.0,9299.75,9276.5,9299.75,9253.25,0.501,72.1,0.024,1,2026-09-17,2026-09-18,True,False,5.0,2026-09-18T14:49:11+05:30
RKFORGE,702.93,V,3.28,above,726.0,702.93,700.4,702.93,697.88,0.721,72.9,0.048,1,2026-09-17,2026-09-18,True,False,5.0,2026-09-18T14:49:11+05:30
PIIND,2300.67,V,1.48,above,2334.7,2300.67,2294.33,2300.67,2288.0,0.552,74.2,0.017,1,2026-09-17,2026-09-18,True,False,5.0,2026-09-18T14:49:11+05:30
INDIGO,4830.33,V,2.58,above,4955.0,4830.33,4815.67,4830.33,4801.0,0.609,75.3,0.027,1,2026-09-17,2026-09-18,True,False,5.0,2026-09-18T14:49:11+05:30
WELSPUNLIV,201.95,V,6.07,above,214.2,201.95,201.07,201.95,200.19,0.87,76.2,0.044,1,2026-09-16,2026-09-18,True,False,5.0,2026-09-18T14:49:11+05:30
STARHEALTH,543.88,V,1.74,above,553.35,543.88,542.07,543.88,540.25,0.67,76.4,0.023,1,2026-09-16,2026-09-18,True,False,5.0,2026-09-18T14:49:11+05:30
AIAENG,3842.85,V,3.49,above,3977.0,3842.85,3830.5,3842.85,3818.15,0.645,76.7,0.05,1,2026-09-16,2026-09-18,True,False,5.0,2026-09-18T14:49:11+05:30
DLF,637.76,V,2.17,above,651.6,637.76,635.52,637.76,633.27,0.705,77.0,0.028,1,2026-09-17,2026-09-18,True,False,5.0,2026-09-18T14:49:11+05:30
TECHNOE,966.68,V,3.84,above,1003.85,966.68,962.32,966.68,957.95,0.908,77.0,0.042,1,2026-09-16,2026-09-18,True,False,5.0,2026-09-18T14:49:11+05:30
FIVESTAR,542.48,V,-2.32,below,529.9,542.48,544.78,547.09,542.48,0.847,77.3,0.041,1,2026-09-16,2026-09-18,True,False,5.0,2026-09-18T14:49:11+05:30
CHOICEIN,732.05,V,5.02,above,768.8,732.05,729.92,732.05,727.78,0.585,78.4,0.024,1,2026-09-16,2026-09-18,True,False,5.0,2026-09-18T14:49:11+05:30
NLCINDIA,261.28,V,2.76,above,268.5,261.28,260.27,261.28,259.25,0.781,78.6,0.048,1,2026-09-17,2026-09-18,True,False,5.0,2026-09-18T14:49:11+05:30
BIOCON,378.75,V,1.97,above,386.2,378.75,377.5,378.75,376.25,0.662,78.9,0.028,1,2026-09-17,2026-09-18,True,False,5.0,2026-09-18T14:49:11+05:30
HAL,4773.0,V,2.3,above,4882.6,4773.0,4758.0,4773.0,4743.0,0.631,78.9,0.035,1,2026-09-17,2026-09-18,True,False,5.0,2026-09-18T14:49:11+05:30
JSWSTEEL,1245.47,V,2.23,above,1273.2,1245.47,1242.03,1245.47,1238.6,0.553,79.2,0.025,1,2026-09-16,2026-09-18,True,False,5.0,2026-09-18T14:49:11+05:30
CGPOWER,876.62,V,3.71,above,909.1,876.62,873.23,876.62,869.85,0.775,81.4,0.034,1,2026-09-17,2026-09-18,True,False,5.0,2026-09-18T14:49:11+05:30
OBEROIRLTY,1700.82,V,3.19,above,1755.1,1700.82,1694.73,1700.82,1688.65,0.718,81.9,0.044,1,2026-09-16,2026-09-18,True,False,5.0,2026-09-18T14:49:11+05:30
DEEPAKNTR,1584.37,V,1.56,above,1609.1,1584.37,1578.23,1584.37,1572.1,0.777,82.2,0.029,1,2026-09-16,2026-09-18,True,False,5.0,2026-09-18T14:49:11+05:30
PVRINOX,1267.33,V,3.79,above,1315.4,1267.33,1261.97,1267.33,1256.6,0.851,83.6,0.028,1,2026-09-17,2026-09-18,True,False,5.0,2026-09-18T14:49:11+05:30
BAJAJFINSV,1853.85,V,0.48,above,1862.7,1853.85,1848.23,1853.85,1842.62,0.608,83.8,0.02,1,2026-09-16,2026-09-18,True,False,5.0,2026-09-18T14:49:11+05:30
BEL,394.12,V,0.86,above,397.5,394.12,392.78,394.12,391.45,0.679,84.1,0.024,1,2026-09-17,2026-09-18,True,False,5.0,2026-09-18T14:49:11+05:30
MRF,125392.5,V,-0.51,below,124750.0,125392.5,125775.0,126157.5,125392.5,0.608,84.1,0.034,1,2026-09-16,2026-09-18,True,False,5.0,2026-09-18T14:49:11+05:30
PCBL,327.87,V,0.57,above,329.75,327.87,326.35,327.87,324.82,0.935,85.5,0.048,1,2026-09-17,2026-09-18,True,False,5.0,2026-09-18T14:49:11+05:30
TCS,2197.68,V,-3.88,below,2112.4,2197.68,2205.37,2213.05,2197.68,0.697,85.5,0.029,1,2026-09-17,2026-09-18,True,False,5.0,2026-09-18T14:49:11+05:30
PIRAMALFIN,2241.98,V,0.8,above,2260.0,2241.98,2230.17,2241.98,2218.35,1.06,85.7,0.05,1,2026-09-17,2026-09-18,True,False,5.0,2026-09-18T14:49:11+05:30
DEEPAKFERT,1307.98,V,3.04,above,1347.7,1307.98,1300.97,1307.98,1293.95,1.079,86.3,0.044,1,2026-09-16,2026-09-18,True,False,5.0,2026-09-18T14:49:11+05:30
ENRIN,3092.92,V,1.7,above,3145.6,3092.92,3076.73,3092.92,3060.55,1.052,86.3,0.025,1,2026-09-17,2026-09-18,True,False,5.0,2026-09-18T14:49:11+05:30
CARBORUNIV,1046.67,V,8.65,above,1137.2,1046.67,1041.73,1046.67,1036.8,0.947,87.1,0.033,1,2026-09-16,2026-09-18,True,False,5.0,2026-09-18T14:49:11+05:30
EIHOTEL,298.6,V,6.28,above,317.35,298.6,297.3,298.6,296.0,0.875,87.1,0.03,1,2026-09-17,2026-09-18,True,False,5.0,2026-09-18T14:49:11+05:30
KPIL,1384.08,V,4.04,above,1440.0,1384.08,1377.27,1384.08,1370.45,0.99,87.9,0.045,1,2026-09-16,2026-09-18,True,False,5.0,2026-09-18T14:49:11+05:30
SYRMA,1607.05,V,7.19,above,1722.6,1607.05,1596.4,1607.05,1585.75,1.334,87.9,0.045,1,2026-09-17,2026-09-18,True,False,5.0,2026-09-18T14:49:11+05:30
ASTRAL,1391.93,V,1.23,above,1409.1,1391.93,1384.97,1391.93,1378.0,1.006,89.9,0.034,1,2026-09-17,2026-09-18,True,False,5.0,2026-09-18T14:49:11+05:30
VIJAYA,1431.18,V,8.56,above,1553.7,1431.18,1424.07,1431.18,1416.95,0.999,90.1,0.036,1,2026-09-16,2026-09-18,True,False,5.0,2026-09-18T14:49:11+05:30
ECLERX,1937.17,V,-0.72,below,1923.3,1937.17,1951.33,1965.5,1937.17,1.452,90.7,0.05,1,2026-09-17,2026-09-18,True,False,5.0,2026-09-18T14:49:11+05:30
ANANDRATHI,2197.63,V,2.12,above,2244.2,2197.63,2189.07,2197.63,2180.5,0.783,91.0,0.022,1,2026-09-16,2026-09-18,True,False,5.0,2026-09-18T14:49:11+05:30
APARINDS,17668.83,V,5.19,above,18586.0,17668.83,17536.67,17668.83,17404.5,1.507,91.0,0.054,1,2026-09-17,2026-09-18,True,False,5.0,2026-09-18T14:49:11+05:30
ADANIENSOL,1378.42,V,3.63,above,1428.5,1378.42,1370.03,1378.42,1361.65,1.224,91.5,0.03,1,2026-09-17,2026-09-18,True,False,5.0,2026-09-18T14:49:11+05:30
USHAMART,493.02,V,3.03,above,507.95,493.02,490.38,493.02,487.75,1.074,91.5,0.031,1,2026-09-17,2026-09-18,True,False,5.0,2026-09-18T14:49:11+05:30
BHEL,426.39,V,1.67,above,433.5,426.39,423.58,426.39,420.77,1.326,91.8,0.042,1,2026-09-17,2026-09-18,True,False,5.0,2026-09-18T14:49:11+05:30
INDIAMART,1670.27,V,-2.24,below,1632.8,1670.27,1677.83,1685.4,1670.27,0.902,91.8,0.025,1,2026-09-17,2026-09-18,True,False,5.0,2026-09-18T14:49:11+05:30
ZENTEC,1651.13,V,2.78,above,1697.1,1651.13,1639.47,1651.13,1627.8,1.423,92.1,0.017,1,2026-09-16,2026-09-18,True,False,5.0,2026-09-18T14:49:11+05:30
MPHASIS,2329.57,V,-1.62,below,2291.9,2329.57,2342.43,2355.3,2329.57,1.099,92.6,0.026,1,2026-09-16,2026-09-18,True,False,5.0,2026-09-18T14:49:11+05:30
ZYDUSLIFE,1130.07,V,2.33,above,1156.4,1130.07,1125.03,1130.07,1120.0,0.895,92.6,0.023,1,2026-09-17,2026-09-18,True,False,5.0,2026-09-18T14:49:11+05:30
GRANULES,865.63,V,1.02,above,874.5,865.63,860.87,865.63,856.1,1.107,93.4,0.038,1,2026-09-17,2026-09-18,True,False,5.0,2026-09-18T14:49:11+05:30
MCX,3187.65,V,2.09,above,3254.3,3187.65,3164.1,3187.65,3140.55,1.489,93.4,0.058,1,2026-09-16,2026-09-18,True,False,5.0,2026-09-18T14:49:11+05:30
HEG,224.1,V,5.78,above,237.05,224.1,222.4,224.1,220.7,1.529,94.0,0.043,1,2026-09-17,2026-09-18,True,False,5.0,2026-09-18T14:49:11+05:30
CDSL,1341.9,V,3.44,above,1388.1,1341.9,1334.4,1341.9,1326.9,1.124,94.2,0.034,1,2026-09-17,2026-09-18,True,False,5.0,2026-09-18T14:49:11+05:30
ICICIPRULI,487.94,V,2.3,above,499.15,487.94,485.38,487.94,482.82,1.054,94.5,0.021,1,2026-09-17,2026-09-18,True,False,5.0,2026-09-18T14:49:11+05:30
APLAPOLLO,2109.03,V,4.12,above,2196.0,2109.03,2098.07,2109.03,2087.1,1.045,94.8,0.016,1,2026-09-16,2026-09-18,True,False,5.0,2026-09-18T14:49:11+05:30
INDGN,588.33,V,1.52,above,597.25,588.33,584.92,588.33,581.5,1.168,95.1,0.023,1,2026-09-17,2026-09-18,True,False,5.0,2026-09-18T14:49:11+05:30
BEML,1972.82,V,7.31,above,2117.0,1972.82,1953.73,1972.82,1934.65,1.954,95.9,0.025,1,2026-09-16,2026-09-18,True,False,5.0,2026-09-18T14:49:11+05:30
ACE,1196.1,V,1.69,above,1216.3,1196.1,1186.6,1196.1,1177.1,1.601,96.7,0.049,1,2026-09-17,2026-09-18,True,False,5.0,2026-09-18T14:49:11+05:30
JWL,231.22,NARROW,0.45,above,232.27,231.22,231.22,231.22,231.21,0.004,1.4,0.038,0,2026-09-17,2026-09-18,False,True,5.0,2026-09-18T14:49:11+05:30
FIRSTCRY,169.24,NARROW,0.83,above,170.64,169.24,169.23,169.24,169.23,0.01,1.9,0.045,0,2026-09-17,2026-09-18,False,True,5.0,2026-09-18T14:49:11+05:30
CYIENT,1054.65,NARROW,1.57,above,1071.2,1054.65,1054.6,1054.65,1054.55,0.009,2.5,0.026,0,2026-09-16,2026-09-18,False,True,5.0,2026-09-18T14:49:11+05:30
NTPCGREEN,87.59,NARROW,1.1,above,88.55,87.59,87.59,87.59,87.58,0.008,3.6,0.013,0,2026-09-17,2026-09-18,False,True,5.0,2026-09-18T14:49:11+05:30
GAIL,172.03,NARROW,1.34,above,174.33,172.03,172.02,172.03,172.01,0.012,3.8,0.015,0,2026-09-17,2026-09-18,False,True,5.0,2026-09-18T14:49:11+05:30
ERIS,1303.75,NARROW,0.33,above,1308.0,1303.75,1303.57,1303.75,1303.38,0.028,4.9,0.029,0,2026-09-16,2026-09-18,False,True,5.0,2026-09-18T14:49:11+05:30
3MINDIA,32575.0,WIDE,1.57,above,33085.0,32575.0,32361.67,32575.0,32148.33,1.318,97.3,0.027,0,2026-09-16,2026-09-18,False,False,5.0,2026-09-18T14:49:11+05:30
ALKEM,5319.42,WIDE,0.95,above,5370.0,5319.42,5290.33,5319.42,5261.25,1.099,97.5,0.024,0,2026-09-17,2026-09-18,False,False,5.0,2026-09-18T14:49:11+05:30
AFCONS,261.03,WIDE,-0.2,inside,260.5,261.03,261.03,264.17,257.9,2.401,99.2,0.023,0,2026-09-17,2026-09-18,False,False,5.0,2026-09-18T14:49:11+05:30
LALPATHLAB,1934.77,WIDE,-0.11,inside,1932.6,1934.77,1934.77,1954.3,1915.23,2.019,99.2,0.043,0,2026-09-16,2026-09-18,False,False,5.0,2026-09-18T14:49:11+05:30
SBILIFE,1754.62,WIDE,0.34,above,1760.5,1754.62,1742.33,1754.62,1730.05,1.41,99.5,0.015,0,2026-09-17,2026-09-18,False,False,5.0,2026-09-18T14:49:11+05:30
YESBANK,23.14,TOUCHED,0.19,above,23.19,23.14,23.14,23.14,23.13,0.043,5.5,0.04,0,2026-09-17,2026-09-18,False,False,5.0,2026-09-18T14:49:11+05:30
ENGINERSIN,263.95,TOUCHED,1.42,above,267.7,263.95,263.88,263.95,263.82,0.051,6.0,0.038,0,2026-09-17,2026-09-18,False,False,5.0,2026-09-18T14:49:11+05:30
ITC,266.23,TOUCHED,-0.59,below,264.65,266.23,266.27,266.3,266.23,0.025,6.3,0.02,0,2026-09-17,2026-09-18,False,False,5.0,2026-09-18T14:49:11+05:30
SOLARINDS,18832.5,TOUCHED,0.46,above,18920.0,18832.5,18826.67,18832.5,18820.83,0.062,6.3,0.057,0,2026-09-17,2026-09-18,False,False,5.0,2026-09-18T14:49:11+05:30
UNIONBANK,178.18,TOUCHED,0.02,inside,178.21,178.18,178.18,178.22,178.13,0.051,6.6,0.04,0,2026-09-17,2026-09-18,False,False,5.0,2026-09-18T14:49:11+05:30
CUB,232.0,TOUCHED,2.52,above,237.85,232.0,231.94,232.0,231.88,0.052,6.8,0.034,0,2026-09-17,2026-09-18,False,False,5.0,2026-09-18T14:49:11+05:30
DALBHARAT,1693.32,TOUCHED,3.12,above,1746.1,1693.32,1693.03,1693.32,1692.75,0.033,6.8,0.025,0,2026-09-16,2026-09-18,False,False,5.0,2026-09-18T14:49:11+05:30
IGL,148.78,TOUCHED,1.44,above,150.93,148.78,148.75,148.78,148.71,0.052,6.8,0.046,0,2026-09-17,2026-09-18,False,False,5.0,2026-09-18T14:49:11+05:30
SIGNATURE,752.36,TOUCHED,0.54,above,756.45,752.36,752.22,752.36,752.07,0.038,6.8,0.029,0,2026-09-16,2026-09-18,False,False,5.0,2026-09-18T14:49:11+05:30
PFIZER,4014.12,TOUCHED,0.05,above,4016.0,4014.12,4013.43,4014.12,4012.75,0.034,7.1,0.025,0,2026-09-17,2026-09-18,False,False,5.0,2026-09-18T14:49:11+05:30
AARTIIND,476.48,TOUCHED,2.74,above,489.55,476.48,476.35,476.48,476.23,0.052,7.4,0.03,0,2026-09-17,2026-09-18,False,False,5.0,2026-09-18T14:49:11+05:30
TRIDENT,23.1,TOUCHED,0.24,above,23.15,23.1,23.09,23.1,23.09,0.043,7.4,0.027,0,2026-09-17,2026-09-18,False,False,5.0,2026-09-18T14:49:11+05:30
BHARTIARTL,1836.75,TOUCHED,0.37,above,1843.5,1836.75,1836.5,1836.75,1836.25,0.027,7.7,0.014,0,2026-09-17,2026-09-18,False,False,5.0,2026-09-18T14:49:11+05:30
RPOWER,21.09,TOUCHED,0.76,above,21.25,21.09,21.08,21.09,21.06,0.127,7.9,0.073,0,2026-09-17,2026-09-18,False,False,5.0,2026-09-18T14:49:11+05:30
ACMESOLAR,411.88,TOUCHED,4.35,above,429.8,411.88,411.68,411.88,411.49,0.093,8.2,0.05,0,2026-09-17,2026-09-18,False,False,5.0,2026-09-18T14:49:11+05:30
ATHERENERG,1549.23,TOUCHED,3.46,above,1602.8,1549.23,1548.47,1549.23,1547.7,0.099,8.4,0.063,0,2026-09-17,2026-09-18,False,False,5.0,2026-09-18T14:49:11+05:30
WIPRO,166.31,TOUCHED,-1.47,below,163.86,166.31,166.34,166.37,166.31,0.036,8.8,0.013,0,2026-09-17,2026-09-18,False,False,5.0,2026-09-18T14:49:11+05:30
JSWCEMENT,116.61,TOUCHED,0.64,above,117.36,116.61,116.58,116.61,116.54,0.054,9.1,0.027,0,2026-09-17,2026-09-18,False,False,5.0,2026-09-18T14:49:11+05:30
NMDC,80.85,TOUCHED,-0.02,inside,80.83,80.85,80.85,80.88,80.83,0.062,9.3,0.028,0,2026-09-17,2026-09-18,False,False,5.0,2026-09-18T14:49:11+05:30
PFC,346.38,TOUCHED,0.05,above,346.55,346.38,346.25,346.38,346.12,0.072,9.3,0.032,0,2026-09-16,2026-09-18,False,False,5.0,2026-09-18T14:49:11+05:30
CANBK,123.81,TOUCHED,-0.26,below,123.49,123.81,123.84,123.87,123.81,0.048,9.6,0.023,0,2026-09-17,2026-09-18,False,False,5.0,2026-09-18T14:49:11+05:30
JAINREC,274.21,TOUCHED,-0.0,below,274.2,274.21,274.37,274.52,274.21,0.115,10.4,0.061,0,2026-09-17,2026-09-18,False,False,5.0,2026-09-18T14:49:11+05:30
LEMONTREE,104.17,TOUCHED,1.56,above,105.8,104.17,104.13,104.17,104.1,0.07,11.0,0.023,0,2026-09-17,2026-09-18,False,False,5.0,2026-09-18T14:49:11+05:30
MGL,1072.45,TOUCHED,0.75,above,1080.5,1072.45,1072.03,1072.45,1071.62,0.078,11.0,0.034,0,2026-09-17,2026-09-18,False,False,5.0,2026-09-18T14:49:11+05:30
ADANIENT,2926.0,TOUCHED,2.06,above,2986.4,2926.0,2925.07,2926.0,2924.13,0.064,11.2,0.026,0,2026-09-17,2026-09-18,False,False,5.0,2026-09-18T14:49:11+05:30
VMM,101.28,TOUCHED,-0.5,below,100.77,101.28,101.31,101.35,101.28,0.072,11.2,0.032,0,2026-09-17,2026-09-18,False,False,5.0,2026-09-18T14:49:11+05:30
NH,1867.85,TOUCHED,2.54,above,1915.3,1867.85,1867.1,1867.85,1866.35,0.08,13.2,0.034,0,2026-09-17,2026-09-18,False,False,5.0,2026-09-18T14:49:11+05:30
TRENT,2787.83,TOUCHED,0.35,above,2797.7,2787.83,2786.67,2787.83,2785.5,0.084,13.2,0.044,0,2026-09-17,2026-09-18,False,False,5.0,2026-09-18T14:49:11+05:30
KEC,401.38,TOUCHED,-1.09,below,397.0,401.38,401.57,401.76,401.38,0.095,13.7,0.023,0,2026-09-17,2026-09-18,False,False,5.0,2026-09-18T14:49:11+05:30
NESTLEIND,1382.85,TOUCHED,-1.51,below,1362.0,1382.85,1383.4,1383.95,1382.85,0.08,13.7,0.033,0,2026-09-16,2026-09-18,False,False,5.0,2026-09-18T14:49:11+05:30
VOLTAS,1133.15,TOUCHED,-0.15,below,1131.5,1133.15,1133.77,1134.38,1133.15,0.109,13.7,0.037,0,2026-09-17,2026-09-18,False,False,5.0,2026-09-18T14:49:11+05:30
CESC,141.73,TOUCHED,-0.3,below,141.31,141.73,141.79,141.85,141.73,0.085,14.0,0.037,0,2026-09-16,2026-09-18,False,False,5.0,2026-09-18T14:49:11+05:30
RAILTEL,259.8,TOUCHED,1.6,above,263.95,259.8,259.62,259.8,259.43,0.141,14.0,0.041,0,2026-09-17,2026-09-18,False,False,5.0,2026-09-18T14:49:11+05:30
FSL,273.7,TOUCHED,0.15,above,274.1,273.7,273.5,273.7,273.3,0.146,15.3,0.034,0,2026-09-17,2026-09-18,False,False,5.0,2026-09-18T14:49:11+05:30
UTIAMC,895.65,TOUCHED,-0.07,below,895.0,895.65,896.1,896.55,895.65,0.1,15.3,0.031,0,2026-09-16,2026-09-18,False,False,5.0,2026-09-18T14:49:11+05:30
ELECON,414.25,TOUCHED,0.91,above,418.0,414.25,413.9,414.25,413.55,0.169,15.6,0.036,0,2026-09-17,2026-09-18,False,False,5.0,2026-09-18T14:49:11+05:30
TIINDIA,2597.03,TOUCHED,0.04,above,2598.2,2597.03,2595.27,2597.03,2593.5,0.136,15.6,0.038,0,2026-09-17,2026-09-18,False,False,5.0,2026-09-18T14:49:11+05:30
ELGIEQUIP,594.4,TOUCHED,2.71,above,610.5,594.4,594.03,594.4,593.67,0.123,15.9,0.049,0,2026-09-17,2026-09-18,False,False,5.0,2026-09-18T14:49:11+05:30
ZENSARTECH,440.88,TOUCHED,-1.32,below,435.05,440.88,441.2,441.53,440.88,0.147,15.9,0.035,0,2026-09-17,2026-09-18,False,False,5.0,2026-09-18T14:49:11+05:30
BSE,3261.87,TOUCHED,-0.38,below,3249.6,3261.87,3264.73,3267.6,3261.87,0.176,16.2,0.024,0,2026-09-17,2026-09-18,False,False,5.0,2026-09-18T14:49:11+05:30
SUNDARMFIN,4669.28,TOUCHED,0.59,above,4697.0,4669.28,4666.17,4669.28,4663.05,0.134,16.2,0.029,0,2026-09-16,2026-09-18,False,False,5.0,2026-09-18T14:49:11+05:30
UPL,554.47,TOUCHED,1.98,above,565.45,554.47,554.18,554.47,553.9,0.102,16.4,0.02,0,2026-09-17,2026-09-18,False,False,5.0,2026-09-18T14:49:11+05:30
NATCOPHARM,814.88,TOUCHED,0.24,above,816.8,814.88,814.35,814.88,813.82,0.129,16.7,0.019,0,2026-09-16,2026-09-18,False,False,5.0,2026-09-18T14:49:11+05:30
NTPC,329.25,TOUCHED,-0.11,below,328.9,329.25,329.37,329.48,329.25,0.071,16.7,0.015,0,2026-09-17,2026-09-18,False,False,5.0,2026-09-18T14:49:11+05:30
PPLPHARMA,204.59,TOUCHED,2.38,above,209.45,204.59,204.47,204.59,204.35,0.119,16.7,0.038,0,2026-09-17,2026-09-18,False,False,5.0,2026-09-18T14:49:11+05:30
HSCL,654.98,TOUCHED,1.26,above,663.2,654.98,654.43,654.98,653.89,0.166,17.0,0.031,0,2026-09-17,2026-09-18,False,False,5.0,2026-09-18T14:49:11+05:30
JUBLINGREA,631.7,TOUCHED,-2.33,below,617.0,631.7,632.22,632.73,631.7,0.163,17.0,0.034,0,2026-09-17,2026-09-18,False,False,5.0,2026-09-18T14:49:11+05:30
ACUTAAS,3324.0,TOUCHED,4.09,above,3460.1,3324.0,3321.03,3324.0,3318.07,0.179,17.3,0.036,0,2026-09-17,2026-09-18,False,False,5.0,2026-09-18T14:49:11+05:30
CRISIL,4569.1,TOUCHED,-0.07,below,4566.1,4569.1,4572.33,4575.57,4569.1,0.141,17.3,0.049,0,2026-09-16,2026-09-18,False,False,5.0,2026-09-18T14:49:11+05:30
JSWINFRA,326.47,TOUCHED,3.5,above,337.9,326.47,326.3,326.47,326.12,0.107,17.3,0.029,0,2026-09-17,2026-09-18,False,False,5.0,2026-09-18T14:49:11+05:30
NCC,135.52,TOUCHED,1.95,above,138.16,135.52,135.43,135.52,135.35,0.123,17.5,0.027,0,2026-09-17,2026-09-18,False,False,5.0,2026-09-18T14:49:11+05:30
BLUEJET,570.08,TOUCHED,1.15,above,576.65,570.08,569.45,570.08,568.83,0.22,18.1,0.045,0,2026-09-17,2026-09-18,False,False,5.0,2026-09-18T14:49:11+05:30
SBFC,93.72,TOUCHED,-0.77,below,93.0,93.72,93.78,93.83,93.72,0.124,19.2,0.03,0,2026-09-16,2026-09-18,False,False,5.0,2026-09-18T14:49:11+05:30
FINCABLES,1394.9,TOUCHED,1.25,above,1412.4,1394.9,1394.0,1394.9,1393.1,0.129,19.5,0.019,0,2026-09-17,2026-09-18,False,False,5.0,2026-09-18T14:49:11+05:30
RECLTD,312.28,TOUCHED,0.01,inside,312.3,312.28,312.28,312.47,312.1,0.117,19.5,0.015,0,2026-09-16,2026-09-18,False,False,5.0,2026-09-18T14:49:11+05:30
COROMANDEL,1934.65,TOUCHED,3.22,above,1997.0,1934.65,1933.03,1934.65,1931.42,0.167,19.7,0.033,0,2026-09-17,2026-09-18,False,False,5.0,2026-09-18T14:49:11+05:30
URBANCO,163.38,TOUCHED,5.05,above,171.63,163.38,163.19,163.38,163.0,0.231,20.2,0.044,0,2026-09-17,2026-09-18,False,False,5.0,2026-09-18T14:49:11+05:30
DABUR,384.32,TOUCHED,0.93,above,387.9,384.32,384.08,384.32,383.85,0.122,20.5,0.031,0,2026-09-17,2026-09-18,False,False,5.0,2026-09-18T14:49:11+05:30
HDBFS,681.08,TOUCHED,0.41,above,683.85,681.08,680.72,681.08,680.35,0.108,20.7,0.023,0,2026-09-17,2026-09-18,False,False,5.0,2026-09-18T14:49:11+05:30
LTFOODS,417.37,TOUCHED,0.07,above,417.65,417.37,416.98,417.37,416.6,0.184,20.8,0.036,0,2026-09-16,2026-09-18,False,False,5.0,2026-09-18T14:49:11+05:30
UNITDSPR,1388.92,TOUCHED,1.06,above,1403.7,1388.92,1387.83,1388.92,1386.75,0.156,21.6,0.033,0,2026-09-17,2026-09-18,False,False,5.0,2026-09-18T14:49:11+05:30
RELIANCE,1244.58,TOUCHED,-0.05,below,1243.9,1244.58,1245.27,1245.95,1244.58,0.11,22.5,0.025,0,2026-09-17,2026-09-18,False,False,5.0,2026-09-18T14:49:11+05:30
LENSKART,681.88,TOUCHED,2.29,above,697.5,681.88,681.23,681.88,680.59,0.188,23.5,0.029,0,2026-09-17,2026-09-18,False,False,5.0,2026-09-18T14:49:11+05:30
HUDCO,170.04,TOUCHED,2.66,above,174.56,170.04,169.88,170.04,169.71,0.192,24.1,0.035,0,2026-09-17,2026-09-18,False,False,5.0,2026-09-18T14:49:11+05:30
LICI,399.76,TOUCHED,0.09,above,400.1,399.76,399.52,399.76,399.27,0.121,24.1,0.031,0,2026-09-17,2026-09-18,False,False,5.0,2026-09-18T14:49:11+05:30
CAPLIPOINT,2600.54,TOUCHED,4.66,above,2721.6,2600.54,2597.89,2600.54,2595.25,0.204,24.4,0.032,0,2026-09-17,2026-09-18,False,False,5.0,2026-09-18T14:49:11+05:30
JYOTICNC,984.02,TOUCHED,6.9,above,1051.9,984.02,982.97,984.02,981.91,0.215,24.9,0.031,0,2026-09-17,2026-09-18,False,False,5.0,2026-09-18T14:49:11+05:30
GRASIM,3184.82,TOUCHED,0.25,above,3192.7,3184.82,3182.63,3184.82,3180.45,0.137,25.5,0.017,0,2026-09-16,2026-09-18,False,False,5.0,2026-09-18T14:49:11+05:30
FORCEMOT,17618.0,TOUCHED,0.59,above,17722.0,17618.0,17586.0,17618.0,17554.0,0.364,25.8,0.049,0,2026-09-17,2026-09-18,False,False,5.0,2026-09-18T14:49:11+05:30
IPCALAB,1975.95,TOUCHED,0.58,above,1987.5,1975.95,1974.07,1975.95,1972.18,0.191,26.0,0.032,0,2026-09-17,2026-09-18,False,False,5.0,2026-09-18T14:49:11+05:30
CHALET,843.19,TOUCHED,1.38,above,854.8,843.19,842.28,843.19,841.38,0.216,26.3,0.027,0,2026-09-16,2026-09-18,False,False,5.0,2026-09-18T14:49:11+05:30
GRAPHITE,817.23,TOUCHED,1.48,above,829.3,817.23,816.18,817.23,815.14,0.255,26.3,0.024,0,2026-09-17,2026-09-18,False,False,5.0,2026-09-18T14:49:11+05:30
EMCURE,1916.0,TOUCHED,3.08,above,1975.1,1916.0,1913.93,1916.0,1911.87,0.216,26.8,0.027,0,2026-09-17,2026-09-18,False,False,5.0,2026-09-18T14:49:11+05:30
HFCL,210.55,TOUCHED,3.53,above,217.99,210.55,210.18,210.55,209.82,0.349,27.1,0.031,0,2026-09-17,2026-09-18,False,False,5.0,2026-09-18T14:49:11+05:30
INFY,1056.1,TOUCHED,-1.24,below,1043.0,1056.1,1056.93,1057.77,1056.1,0.158,27.1,0.029,0,2026-09-17,2026-09-18,False,False,5.0,2026-09-18T14:49:11+05:30
INDIANB,841.5,TOUCHED,-0.03,inside,841.25,841.5,841.5,842.25,840.75,0.178,27.9,0.025,0,2026-09-16,2026-09-18,False,False,5.0,2026-09-18T14:49:11+05:30
TBOTEK,1654.15,TOUCHED,3.68,above,1715.0,1654.15,1652.0,1654.15,1649.85,0.26,27.9,0.038,0,2026-09-17,2026-09-18,False,False,5.0,2026-09-18T14:49:11+05:30
ASAHIINDIA,954.6,TOUCHED,0.75,above,961.8,954.6,953.3,954.6,952.0,0.273,28.5,0.036,0,2026-09-17,2026-09-18,False,False,5.0,2026-09-18T14:49:11+05:30
PWL,128.5,TOUCHED,6.26,above,136.54,128.5,128.27,128.5,128.03,0.364,28.9,0.07,0,2026-09-17,2026-09-18,False,False,5.0,2026-09-18T14:49:11+05:30
BATAINDIA,634.95,TOUCHED,-0.79,below,629.95,634.95,635.52,636.08,634.95,0.178,29.3,0.022,0,2026-09-17,2026-09-18,False,False,5.0,2026-09-18T14:49:11+05:30
GABRIEL,1293.4,TOUCHED,3.0,above,1332.2,1293.4,1291.1,1293.4,1288.8,0.356,29.3,0.039,0,2026-09-16,2026-09-18,False,False,5.0,2026-09-18T14:49:11+05:30
TENNIND,513.3,TOUCHED,1.46,above,520.8,513.3,512.55,513.3,511.8,0.293,29.5,0.013,0,2026-09-17,2026-09-18,False,False,5.0,2026-09-18T14:49:11+05:30
ARE&M,794.56,TOUCHED,0.56,above,799.0,794.56,793.82,794.56,793.07,0.187,29.6,0.022,0,2026-09-17,2026-09-18,False,False,5.0,2026-09-18T14:49:11+05:30
TRAVELFOOD,1228.7,TOUCHED,0.07,inside,1229.5,1228.7,1228.7,1230.35,1227.05,0.269,30.1,0.032,0,2026-09-17,2026-09-18,False,False,5.0,2026-09-18T14:49:11+05:30
THELEELA,529.37,TOUCHED,1.45,above,537.05,529.37,528.73,529.37,528.1,0.24,30.5,0.03,0,2026-09-17,2026-09-18,False,False,5.0,2026-09-18T14:49:11+05:30
MAXHEALTH,1035.8,TOUCHED,1.87,above,1055.2,1035.8,1034.6,1035.8,1033.4,0.232,30.7,0.037,0,2026-09-17,2026-09-18,False,False,5.0,2026-09-18T14:49:11+05:30
COLPAL,1865.1,TOUCHED,0.72,above,1878.6,1865.1,1863.4,1865.1,1861.7,0.182,31.0,0.025,0,2026-09-16,2026-09-18,False,False,5.0,2026-09-18T14:49:11+05:30
CONCOR,489.5,TOUCHED,1.39,above,496.3,489.5,489.05,489.5,488.6,0.184,31.0,0.034,0,2026-09-17,2026-09-18,False,False,5.0,2026-09-18T14:49:11+05:30
BELRISE,230.33,TOUCHED,2.25,above,235.51,230.33,230.01,230.33,229.69,0.278,31.2,0.035,0,2026-09-17,2026-09-18,False,False,5.0,2026-09-18T14:49:11+05:30
HOMEFIRST,1174.4,TOUCHED,3.69,above,1217.7,1174.4,1172.9,1174.4,1171.4,0.256,31.2,0.037,0,2026-09-16,2026-09-18,False,False,5.0,2026-09-18T14:49:11+05:30
INOXWIND,74.4,TOUCHED,0.75,above,74.96,74.4,74.3,74.4,74.2,0.274,31.2,0.041,0,2026-09-17,2026-09-18,False,False,5.0,2026-09-18T14:49:11+05:30
SRF,2533.17,TOUCHED,0.94,above,2557.1,2533.17,2530.33,2533.17,2527.5,0.224,31.5,0.028,0,2026-09-17,2026-09-18,False,False,5.0,2026-09-18T14:49:11+05:30
CCL,1064.38,TOUCHED,0.52,above,1069.9,1064.38,1063.27,1064.38,1062.15,0.21,32.3,0.022,0,2026-09-16,2026-09-18,False,False,5.0,2026-09-18T14:49:11+05:30
SAMMAANCAP,142.94,TOUCHED,0.85,above,144.15,142.94,142.7,142.94,142.46,0.334,32.3,0.041,0,2026-09-17,2026-09-18,False,False,5.0,2026-09-18T14:49:11+05:30
NHPC,75.43,TOUCHED,0.92,above,76.13,75.43,75.36,75.43,75.28,0.208,32.9,0.031,0,2026-09-17,2026-09-18,False,False,5.0,2026-09-18T14:49:11+05:30
LATENTVIEW,254.63,TOUCHED,0.2,above,255.15,254.63,254.27,254.63,253.9,0.288,33.2,0.026,0,2026-09-17,2026-09-18,False,False,5.0,2026-09-18T14:49:11+05:30
M&M,3080.13,TOUCHED,-0.11,below,3076.7,3080.13,3083.77,3087.4,3080.13,0.236,33.2,0.026,0,2026-09-17,2026-09-18,False,False,5.0,2026-09-18T14:49:11+05:30
PERSISTENT,5446.67,TOUCHED,-0.32,below,5429.5,5446.67,5453.33,5460.0,5446.67,0.244,33.2,0.016,0,2026-09-16,2026-09-18,False,False,5.0,2026-09-18T14:49:11+05:30
IOC,134.67,TOUCHED,1.19,above,136.27,134.67,134.53,134.67,134.4,0.196,34.0,0.02,0,2026-09-17,2026-09-18,False,False,5.0,2026-09-18T14:49:11+05:30
TATATECH,755.8,TOUCHED,-2.6,below,736.15,755.8,756.78,757.77,755.8,0.26,35.1,0.037,0,2026-09-17,2026-09-18,False,False,5.0,2026-09-18T14:49:11+05:30
IDEA,14.25,TOUCHED,-0.12,below,14.23,14.25,14.27,14.3,14.25,0.374,35.3,0.044,0,2026-09-17,2026-09-18,False,False,5.0,2026-09-18T14:49:11+05:30
NSLNISP,41.58,TOUCHED,2.19,above,42.49,41.58,41.52,41.58,41.45,0.297,35.3,0.033,0,2026-09-17,2026-09-18,False,False,5.0,2026-09-18T14:49:11+05:30
ATGL,588.75,TOUCHED,12.71,above,663.6,588.75,588.0,588.75,587.25,0.255,35.6,0.03,0,2026-09-16,2026-09-18,False,False,5.0,2026-09-18T14:49:11+05:30
JKTYRE,345.07,TOUCHED,1.28,above,349.5,345.07,344.48,345.07,343.89,0.344,36.2,0.031,0,2026-09-16,2026-09-18,False,False,5.0,2026-09-18T14:49:11+05:30
MAZDOCK,2220.45,TOUCHED,1.09,above,2244.6,2220.45,2216.97,2220.45,2213.48,0.314,36.7,0.042,0,2026-09-17,2026-09-18,False,False,5.0,2026-09-18T14:49:11+05:30
OLAELEC,36.88,TOUCHED,-1.28,below,36.41,36.88,36.97,37.06,36.88,0.496,36.7,0.064,0,2026-09-17,2026-09-18,False,False,5.0,2026-09-18T14:49:11+05:30
NEULANDLAB,22580.0,TOUCHED,1.42,above,22900.0,22580.0,22535.0,22580.0,22490.0,0.399,37.0,0.032,0,2026-09-16,2026-09-18,False,False,5.0,2026-09-18T14:49:11+05:30
ITI,255.11,TOUCHED,0.06,above,255.25,255.11,254.72,255.11,254.32,0.308,37.3,0.032,0,2026-09-16,2026-09-18,False,False,5.0,2026-09-18T14:49:11+05:30
KPITTECH,556.73,TOUCHED,-2.87,below,540.75,556.73,557.58,558.44,556.73,0.308,37.3,0.044,0,2026-09-17,2026-09-18,False,False,5.0,2026-09-18T14:49:11+05:30
GRAVITA,1614.17,TOUCHED,-0.88,below,1600.0,1614.17,1616.73,1619.3,1614.17,0.318,38.1,0.033,0,2026-09-17,2026-09-18,False,False,5.0,2026-09-18T14:49:11+05:30
NATIONALUM,357.48,TOUCHED,0.13,above,357.95,357.48,356.88,357.48,356.29,0.332,38.4,0.041,0,2026-09-17,2026-09-18,False,False,5.0,2026-09-18T14:49:11+05:30
SUNTV,463.13,TOUCHED,-0.96,below,458.7,463.13,463.82,464.5,463.13,0.295,38.6,0.024,0,2026-09-16,2026-09-18,False,False,5.0,2026-09-18T14:49:11+05:30
TATACAP,344.82,TOUCHED,0.92,above,348.0,344.82,344.43,344.82,344.04,0.227,38.7,0.015,0,2026-09-17,2026-09-18,False,False,5.0,2026-09-18T14:49:11+05:30
DCMSHRIRAM,986.97,TOUCHED,-0.05,inside,986.5,986.97,986.97,988.45,985.48,0.301,38.9,0.024,0,2026-09-17,2026-09-18,False,False,5.0,2026-09-18T14:49:11+05:30
JSL,729.53,TOUCHED,2.68,above,749.05,729.53,728.22,729.53,726.9,0.362,39.2,0.043,0,2026-09-16,2026-09-18,False,False,5.0,2026-09-18T14:49:11+05:30
ESCORTS,2823.87,TOUCHED,0.13,inside,2827.5,2823.87,2823.87,2828.0,2819.73,0.293,39.5,0.041,0,2026-09-16,2026-09-18,False,False,5.0,2026-09-18T14:49:11+05:30
ANGELONE,295.45,TOUCHED,1.88,above,301.0,295.45,294.8,295.45,294.15,0.441,40.0,0.029,0,2026-09-16,2026-09-18,False,False,5.0,2026-09-18T14:49:11+05:30
EMAMILTD,369.83,TOUCHED,-0.12,below,369.4,369.83,370.37,370.9,369.83,0.288,40.5,0.025,0,2026-09-16,2026-09-18,False,False,5.0,2026-09-18T14:49:11+05:30
TATACONSUM,1009.65,TOUCHED,-0.72,below,1002.4,1009.65,1011.0,1012.35,1009.65,0.267,40.8,0.027,0,2026-09-17,2026-09-18,False,False,5.0,2026-09-18T14:49:11+05:30
CHOLAHLDNG,1504.5,TOUCHED,-0.1,below,1503.0,1504.5,1507.13,1509.77,1504.5,0.349,41.1,0.026,0,2026-09-16,2026-09-18,False,False,5.0,2026-09-18T14:49:11+05:30
AIIL,530.83,TOUCHED,3.7,above,550.45,530.83,529.62,530.83,528.41,0.456,41.9,0.044,0,2026-09-17,2026-09-18,False,False,5.0,2026-09-18T14:49:11+05:30
EICHERMOT,7520.75,TOUCHED,0.44,above,7554.0,7520.75,7511.67,7520.75,7502.58,0.242,41.9,0.024,0,2026-09-17,2026-09-18,False,False,5.0,2026-09-18T14:49:11+05:30
BBTC,1414.63,TOUCHED,4.74,above,1481.7,1414.63,1412.57,1414.63,1410.5,0.293,42.2,0.03,0,2026-09-16,2026-09-18,False,False,5.0,2026-09-18T14:49:11+05:30
COHANCE,437.27,TOUCHED,-0.14,below,436.65,437.27,438.17,439.06,437.27,0.407,42.2,0.022,0,2026-09-17,2026-09-18,False,False,5.0,2026-09-18T14:49:11+05:30
RAMCOCEM,861.77,TOUCHED,0.89,above,869.4,861.77,860.38,861.77,859.0,0.322,42.5,0.046,0,2026-09-16,2026-09-18,False,False,5.0,2026-09-18T14:49:11+05:30
CANHLIFE,154.45,TOUCHED,-0.64,below,153.47,154.45,154.76,155.06,154.45,0.39,42.6,0.018,0,2026-09-17,2026-09-18,False,False,5.0,2026-09-18T14:49:11+05:30
WHIRLPOOL,728.71,TOUCHED,-2.45,below,710.85,728.71,730.02,731.33,728.71,0.358,42.7,0.045,0,2026-09-17,2026-09-18,False,False,5.0,2026-09-18T14:49:11+05:30
NAUKRI,1262.6,TOUCHED,1.34,above,1279.5,1262.6,1260.4,1262.6,1258.2,0.349,43.3,0.023,0,2026-09-16,2026-09-18,False,False,5.0,2026-09-18T14:49:11+05:30
SYNGENE,378.3,TOUCHED,-0.94,below,374.75,378.3,378.9,379.5,378.3,0.317,43.6,0.029,0,2026-09-16,2026-09-18,False,False,5.0,2026-09-18T14:49:11+05:30
KOTAKBANK,416.02,TOUCHED,0.58,above,418.45,416.02,415.53,416.02,415.05,0.233,44.1,0.022,0,2026-09-17,2026-09-18,False,False,5.0,2026-09-18T14:49:11+05:30
CHAMBLFERT,413.18,TOUCHED,0.5,above,415.25,413.18,412.47,413.18,411.75,0.348,44.7,0.035,0,2026-09-17,2026-09-18,False,False,5.0,2026-09-18T14:49:11+05:30
SWANCORP,290.95,TOUCHED,-0.4,below,289.8,290.95,291.58,292.22,290.95,0.434,44.7,0.032,0,2026-09-16,2026-09-18,False,False,5.0,2026-09-18T14:49:11+05:30
WOCKPHARMA,2066.8,TOUCHED,1.36,above,2094.9,2066.8,2061.3,2066.8,2055.8,0.534,44.7,0.057,0,2026-09-17,2026-09-18,False,False,5.0,2026-09-18T14:49:11+05:30
APTUS,239.66,TOUCHED,-0.74,below,237.89,239.66,240.16,240.66,239.66,0.416,45.2,0.026,0,2026-09-17,2026-09-18,False,False,5.0,2026-09-18T14:49:11+05:30
BALRAMCHIN,676.91,TOUCHED,-1.91,below,664.0,676.91,678.12,679.33,676.91,0.356,45.2,0.025,0,2026-09-17,2026-09-18,False,False,5.0,2026-09-18T14:49:11+05:30
IOB,32.2,TOUCHED,0.0,inside,32.2,32.2,32.2,32.25,32.15,0.311,45.5,0.033,0,2026-09-17,2026-09-18,False,False,5.0,2026-09-18T14:49:11+05:30
JSWENERGY,511.1,TOUCHED,1.13,above,516.85,511.1,510.2,511.1,509.3,0.353,45.5,0.024,0,2026-09-17,2026-09-18,False,False,5.0,2026-09-18T14:49:11+05:30
TEJASNET,520.67,TOUCHED,-0.18,below,519.75,520.67,521.87,523.06,520.67,0.457,45.8,0.041,0,2026-09-17,2026-09-18,False,False,5.0,2026-09-18T14:49:11+05:30
BANKBARODA,233.81,TOUCHED,-0.06,below,233.66,233.81,234.2,234.59,233.81,0.333,46.6,0.012,0,2026-09-16,2026-09-18,False,False,5.0,2026-09-18T14:49:11+05:30
MMTC,60.23,TOUCHED,0.37,above,60.45,60.23,60.08,60.23,59.94,0.472,46.6,0.053,0,2026-09-16,2026-09-18,False,False,5.0,2026-09-18T14:49:11+05:30
NYKAA,325.45,TOUCHED,0.06,above,325.65,325.45,324.88,325.45,324.32,0.349,46.8,0.028,0,2026-09-17,2026-09-18,False,False,5.0,2026-09-18T14:49:11+05:30
COALINDIA,418.56,TOUCHED,-1.53,below,412.15,418.56,419.12,419.67,418.56,0.266,47.4,0.022,0,2026-09-17,2026-09-18,False,False,5.0,2026-09-18T14:49:11+05:30
RITES,204.8,TOUCHED,0.8,above,206.45,204.8,204.42,204.8,204.05,0.37,47.4,0.025,0,2026-09-17,2026-09-18,False,False,5.0,2026-09-18T14:49:11+05:30
GLENMARK,2411.55,TOUCHED,0.23,above,2417.2,2411.55,2407.1,2411.55,2402.65,0.37,49.9,0.035,0,2026-09-17,2026-09-18,False,False,5.0,2026-09-18T14:49:11+05:30
INTELLECT,654.67,TOUCHED,-0.13,inside,653.8,654.67,654.67,656.35,652.98,0.514,49.9,0.042,0,2026-09-17,2026-09-18,False,False,5.0,2026-09-18T14:49:11+05:30
KALYANKJIL,585.5,TOUCHED,0.4,above,587.85,585.5,584.15,585.5,582.8,0.462,49.9,0.039,0,2026-09-17,2026-09-18,False,False,5.0,2026-09-18T14:49:11+05:30
ANTHEM,923.32,TOUCHED,-0.21,inside,921.4,923.32,923.32,925.36,921.27,0.442,51.0,0.041,0,2026-09-17,2026-09-18,False,False,5.0,2026-09-18T14:49:11+05:30
RBLBANK,406.8,TOUCHED,0.54,above,409.0,406.8,405.92,406.8,405.03,0.435,51.0,0.032,0,2026-09-17,2026-09-18,False,False,5.0,2026-09-18T14:49:11+05:30
CRAFTSMAN,11014.83,TOUCHED,1.33,above,11161.0,11014.83,10989.67,11014.83,10964.5,0.458,51.2,0.057,0,2026-09-16,2026-09-18,False,False,5.0,2026-09-18T14:49:11+05:30
GILLETTE,7237.75,TOUCHED,-0.45,below,7205.0,7237.75,7250.33,7262.92,7237.75,0.347,51.8,0.026,0,2026-09-16,2026-09-18,False,False,5.0,2026-09-18T14:49:11+05:30
AWL,185.14,TOUCHED,0.9,above,186.8,185.14,184.77,185.14,184.41,0.397,52.1,0.046,0,2026-09-17,2026-09-18,False,False,5.0,2026-09-18T14:49:11+05:30
DMART,3723.43,TOUCHED,0.06,inside,3725.8,3723.43,3723.43,3729.55,3717.32,0.329,52.1,0.028,0,2026-09-17,2026-09-18,False,False,5.0,2026-09-18T14:49:11+05:30
GPIL,235.24,TOUCHED,0.05,inside,235.35,235.24,235.24,235.87,234.62,0.53,52.1,0.029,0,2026-09-16,2026-09-18,False,False,5.0,2026-09-18T14:49:11+05:30
SAGILITY,44.92,TOUCHED,2.64,above,46.1,44.92,44.8,44.92,44.68,0.528,52.3,0.045,0,2026-09-17,2026-09-18,False,False,5.0,2026-09-18T14:49:11+05:30
ABDL,649.15,TOUCHED,-0.05,inside,648.85,649.15,649.15,651.12,647.18,0.608,53.2,0.069,0,2026-09-17,2026-09-18,False,False,5.0,2026-09-18T14:49:11+05:30
ONGC,233.45,TOUCHED,0.06,above,233.58,233.45,233.11,233.45,232.77,0.292,53.4,0.027,0,2026-09-17,2026-09-18,False,False,5.0,2026-09-18T14:49:11+05:30
AXISBANK,1243.53,TOUCHED,0.12,inside,1245.0,1243.53,1243.53,1245.3,1241.77,0.284,53.7,0.024,0,2026-09-17,2026-09-18,False,False,5.0,2026-09-18T14:49:11+05:30
LTTS,3329.5,TOUCHED,-0.05,below,3327.8,3329.5,3336.83,3344.17,3329.5,0.44,53.7,0.042,0,2026-09-16,2026-09-18,False,False,5.0,2026-09-18T14:49:11+05:30
BHARTIHEXA,1488.8,TOUCHED,1.89,above,1517.0,1488.8,1485.63,1488.8,1482.47,0.426,54.0,0.038,0,2026-09-16,2026-09-18,False,False,5.0,2026-09-18T14:49:11+05:30
GODREJIND,1130.03,TOUCHED,-2.35,below,1103.5,1130.03,1132.77,1135.5,1130.03,0.483,54.0,0.038,0,2026-09-17,2026-09-18,False,False,5.0,2026-09-18T14:49:11+05:30
NUVAMA,1698.87,TOUCHED,1.19,above,1719.0,1698.87,1694.63,1698.87,1690.4,0.5,54.2,0.025,0,2026-09-16,2026-09-18,False,False,5.0,2026-09-18T14:49:11+05:30
BSOFT,282.02,TOUCHED,-0.73,below,279.95,282.02,282.78,283.55,282.02,0.542,54.8,0.042,0,2026-09-16,2026-09-18,False,False,5.0,2026-09-18T14:49:11+05:30
SJVN,64.63,TOUCHED,0.66,above,65.05,64.63,64.5,64.63,64.38,0.382,54.8,0.027,0,2026-09-17,2026-09-18,False,False,5.0,2026-09-18T14:49:11+05:30
LLOYDSME,1807.75,TOUCHED,1.2,above,1829.5,1807.75,1803.2,1807.75,1798.65,0.505,55.1,0.033,0,2026-09-16,2026-09-18,False,False,5.0,2026-09-18T14:49:11+05:30
ZEEL,78.77,TOUCHED,-0.02,inside,78.76,78.77,78.77,79.01,78.54,0.588,55.1,0.045,0,2026-09-17,2026-09-18,False,False,5.0,2026-09-18T14:49:11+05:30
IKS,1741.9,TOUCHED,2.34,above,1782.6,1741.9,1737.57,1741.9,1733.23,0.499,55.3,0.023,0,2026-09-17,2026-09-18,False,False,5.0,2026-09-18T14:49:11+05:30
RRKABEL,2409.7,TOUCHED,0.98,above,2433.4,2409.7,2403.3,2409.7,2396.9,0.533,55.6,0.045,0,2026-09-17,2026-09-18,False,False,5.0,2026-09-18T14:49:11+05:30
ABLBL,82.62,TOUCHED,-0.77,below,81.98,82.62,82.82,83.03,82.62,0.499,55.9,0.054,0,2026-09-17,2026-09-18,False,False,5.0,2026-09-18T14:49:11+05:30
HEXT,523.18,TOUCHED,0.17,inside,524.05,523.18,523.18,524.82,521.55,0.624,56.2,0.046,0,2026-09-17,2026-09-18,False,False,5.0,2026-09-18T14:49:11+05:30
SBIN,991.6,TOUCHED,0.11,inside,992.7,991.6,991.6,993.05,990.15,0.292,56.4,0.011,0,2026-09-17,2026-09-18,False,False,5.0,2026-09-18T14:49:11+05:30
BAJAJHFL,83.07,TOUCHED,1.81,above,84.57,83.07,82.95,83.07,82.82,0.297,57.0,0.024,0,2026-09-17,2026-09-18,False,False,5.0,2026-09-18T14:49:11+05:30
IEX,113.18,TOUCHED,1.1,above,114.42,113.18,112.95,113.18,112.73,0.395,57.0,0.028,0,2026-09-17,2026-09-18,False,False,5.0,2026-09-18T14:49:11+05:30
LTM,4256.02,TOUCHED,0.1,above,4260.1,4256.02,4246.73,4256.02,4237.45,0.437,57.0,0.032,0,2026-09-17,2026-09-18,False,False,5.0,2026-09-18T14:49:11+05:30
CHOLAFIN,1778.5,TOUCHED,1.24,above,1800.6,1778.5,1774.2,1778.5,1769.9,0.485,57.5,0.041,0,2026-09-16,2026-09-18,False,False,5.0,2026-09-18T14:49:11+05:30
HEROMOTOCO,5314.08,TOUCHED,0.38,above,5334.5,5314.08,5303.17,5314.08,5292.25,0.412,57.5,0.019,0,2026-09-17,2026-09-18,False,False,5.0,2026-09-18T14:49:11+05:30
AEGISLOG,1366.0,TOUCHED,1.98,above,1393.0,1366.0,1361.93,1366.0,1357.87,0.597,57.8,0.033,0,2026-09-17,2026-09-18,False,False,5.0,2026-09-18T14:49:11+05:30
IRCON,108.72,TOUCHED,1.35,above,110.18,108.72,108.43,108.72,108.15,0.526,57.8,0.043,0,2026-09-17,2026-09-18,False,False,5.0,2026-09-18T14:49:11+05:30
J&KBANK,147.26,TOUCHED,0.63,above,148.19,147.26,146.85,147.26,146.44,0.552,58.1,0.05,0,2026-09-16,2026-09-18,False,False,5.0,2026-09-18T14:49:11+05:30
WAAREEENER,2493.0,TOUCHED,1.74,above,2536.3,2493.0,2486.33,2493.0,2479.67,0.536,58.1,0.043,0,2026-09-17,2026-09-18,False,False,5.0,2026-09-18T14:49:11+05:30
ABBOTINDIA,26075.0,TOUCHED,2.91,above,26835.0,26075.0,26025.0,26075.0,25975.0,0.384,58.4,0.034,0,2026-09-16,2026-09-18,False,False,5.0,2026-09-18T14:49:11+05:30
MRPL,164.87,TOUCHED,0.23,inside,165.24,164.87,164.87,165.41,164.32,0.665,58.6,0.054,0,2026-09-17,2026-09-18,False,False,5.0,2026-09-18T14:49:11+05:30
TATASTEEL,186.55,TOUCHED,-0.02,inside,186.51,186.55,186.55,186.92,186.18,0.397,58.9,0.021,0,2026-09-17,2026-09-18,False,False,5.0,2026-09-18T14:49:11+05:30
IRB,18.89,TOUCHED,-0.42,below,18.81,18.89,18.93,18.97,18.89,0.423,59.2,0.038,0,2026-09-17,2026-09-18,False,False,5.0,2026-09-18T14:49:11+05:30
NIVABUPA,79.75,TOUCHED,-0.25,below,79.55,79.75,79.89,80.04,79.75,0.367,59.5,0.018,0,2026-09-17,2026-09-18,False,False,5.0,2026-09-18T14:49:11+05:30
IDBI,82.6,TOUCHED,2.02,above,84.27,82.6,82.36,82.6,82.13,0.575,60.5,0.033,0,2026-09-17,2026-09-18,False,False,5.0,2026-09-18T14:49:11+05:30
ABFRL,50.31,TOUCHED,0.48,above,50.55,50.31,50.16,50.31,50.02,0.571,61.1,0.027,0,2026-09-17,2026-09-18,False,False,5.0,2026-09-18T14:49:11+05:30
ONESOURCE,1595.7,TOUCHED,0.2,above,1598.9,1595.7,1590.47,1595.7,1585.23,0.658,61.4,0.045,0,2026-09-17,2026-09-18,False,False,5.0,2026-09-18T14:49:11+05:30
HAVELLS,1095.85,TOUCHED,0.03,above,1096.2,1095.85,1093.87,1095.85,1091.88,0.363,61.6,0.019,0,2026-09-16,2026-09-18,False,False,5.0,2026-09-18T14:49:11+05:30
COFORGE,1761.37,TOUCHED,1.2,above,1782.5,1761.37,1756.03,1761.37,1750.7,0.607,62.5,0.032,0,2026-09-16,2026-09-18,False,False,5.0,2026-09-18T14:49:11+05:30
CUMMINSIND,5007.25,TOUCHED,2.09,above,5112.0,5007.25,4994.5,5007.25,4981.75,0.511,63.3,0.018,0,2026-09-17,2026-09-18,False,False,5.0,2026-09-18T14:49:11+05:30
HDFCBANK,716.2,TOUCHED,2.14,above,731.55,716.2,715.13,716.2,714.07,0.298,63.6,0.02,0,2026-09-17,2026-09-18,False,False,5.0,2026-09-18T14:49:11+05:30
KAYNES,3506.17,TOUCHED,0.35,above,3518.6,3506.17,3492.33,3506.17,3478.5,0.792,63.6,0.049,0,2026-09-17,2026-09-18,False,False,5.0,2026-09-18T14:49:11+05:30
MSUMI,35.96,TOUCHED,0.04,above,35.98,35.96,35.86,35.96,35.75,0.586,63.8,0.03,0,2026-09-17,2026-09-18,False,False,5.0,2026-09-18T14:49:11+05:30
POLICYBZR,1776.03,TOUCHED,-0.23,inside,1771.9,1776.03,1776.03,1781.55,1770.52,0.621,63.8,0.037,0,2026-09-17,2026-09-18,False,False,5.0,2026-09-18T14:49:11+05:30
MARUTI,12268.0,TOUCHED,-0.82,below,12168.0,12268.0,12291.33,12314.67,12268.0,0.38,64.1,0.015,0,2026-09-17,2026-09-18,False,False,5.0,2026-09-18T14:49:11+05:30
PAGEIND,34945.0,TOUCHED,2.25,above,35730.0,34945.0,34870.0,34945.0,34795.0,0.43,64.7,0.025,0,2026-09-17,2026-09-18,False,False,5.0,2026-09-18T14:49:11+05:30
INDUSTOWER,378.35,TOUCHED,0.16,above,378.95,378.35,377.43,378.35,376.52,0.486,65.2,0.03,0,2026-09-16,2026-09-18,False,False,5.0,2026-09-18T14:49:11+05:30
TATAELXSI,3381.5,TOUCHED,-1.11,below,3343.9,3381.5,3390.0,3398.5,3381.5,0.501,65.5,0.034,0,2026-09-16,2026-09-18,False,False,5.0,2026-09-18T14:49:11+05:30
DIXON,13139.0,TOUCHED,0.46,above,13200.0,13139.0,13097.0,13139.0,13055.0,0.641,66.3,0.056,0,2026-09-16,2026-09-18,False,False,5.0,2026-09-18T14:49:11+05:30
JPPOWER,15.36,TOUCHED,0.24,inside,15.4,15.36,15.36,15.41,15.31,0.673,66.3,0.037,0,2026-09-17,2026-09-18,False,False,5.0,2026-09-18T14:49:11+05:30
BRITANNIA,5011.0,TOUCHED,0.18,above,5020.0,5011.0,5001.33,5011.0,4991.67,0.387,66.8,0.021,0,2026-09-17,2026-09-18,False,False,5.0,2026-09-18T14:49:11+05:30
SUNPHARMA,1857.35,TOUCHED,-0.19,below,1853.8,1857.35,1860.67,1863.98,1857.35,0.357,66.8,0.02,0,2026-09-17,2026-09-18,False,False,5.0,2026-09-18T14:49:11+05:30
NEWGEN,495.73,TOUCHED,0.0,inside,495.75,495.73,495.73,497.6,493.87,0.753,67.7,0.031,0,2026-09-16,2026-09-18,False,False,5.0,2026-09-18T14:49:11+05:30
APOLLOTYRE,411.02,TOUCHED,1.39,above,416.75,411.02,409.9,411.02,408.77,0.549,68.5,0.038,0,2026-09-17,2026-09-18,False,False,5.0,2026-09-18T14:49:11+05:30
MEESHO,209.91,TOUCHED,0.29,above,210.52,209.91,209.04,209.91,208.18,0.829,68.7,0.028,0,2026-09-17,2026-09-18,False,False,5.0,2026-09-18T14:49:11+05:30
IFCI,77.42,TOUCHED,-1.04,below,76.62,77.42,77.76,78.09,77.42,0.857,69.9,0.1,0,2026-09-17,2026-09-18,False,False,5.0,2026-09-18T14:49:11+05:30
BANKINDIA,139.06,TOUCHED,0.27,inside,139.43,139.06,139.06,139.5,138.61,0.64,70.4,0.026,0,2026-09-17,2026-09-18,False,False,5.0,2026-09-18T14:49:11+05:30
SONATSOFTW,278.33,TOUCHED,-0.33,below,277.4,278.33,279.43,280.54,278.33,0.793,70.4,0.026,0,2026-09-17,2026-09-18,False,False,5.0,2026-09-18T14:49:11+05:30
JSWDULUX,3098.47,TOUCHED,-0.21,inside,3092.1,3098.47,3098.47,3106.7,3090.23,0.531,70.7,0.022,0,2026-09-16,2026-09-18,False,False,5.0,2026-09-18T14:49:11+05:30
POWERGRID,264.57,TOUCHED,0.77,above,266.6,264.57,263.98,264.57,263.39,0.448,71.0,0.018,0,2026-09-16,2026-09-18,False,False,5.0,2026-09-18T14:49:11+05:30
OFSS,11583.67,TOUCHED,0.59,above,11652.0,11583.67,11547.33,11583.67,11511.0,0.629,72.6,0.027,0,2026-09-17,2026-09-18,False,False,5.0,2026-09-18T14:49:11+05:30
ICICIAMC,3087.13,TOUCHED,2.17,above,3154.0,3087.13,3076.27,3087.13,3065.4,0.706,72.9,0.028,0,2026-09-17,2026-09-18,False,False,5.0,2026-09-18T14:49:11+05:30
RADICO,4424.9,TOUCHED,0.27,above,4436.8,4424.9,4409.93,4424.9,4394.97,0.679,72.9,0.023,0,2026-09-17,2026-09-18,False,False,5.0,2026-09-18T14:49:11+05:30
INDHOTEL,724.83,TOUCHED,1.9,above,738.6,724.83,723.0,724.83,721.17,0.505,73.2,0.018,0,2026-09-17,2026-09-18,False,False,5.0,2026-09-18T14:49:11+05:30
ASIANPAINT,2448.5,TOUCHED,0.38,above,2457.7,2448.5,2443.0,2448.5,2437.5,0.45,73.4,0.022,0,2026-09-17,2026-09-18,False,False,5.0,2026-09-18T14:49:11+05:30
ICICIBANK,1350.17,TOUCHED,-0.55,below,1342.7,1350.17,1352.73,1355.3,1350.17,0.379,74.2,0.024,0,2026-09-17,2026-09-18,False,False,5.0,2026-09-18T14:49:11+05:30
KEI,4544.08,TOUCHED,0.9,above,4585.0,4544.08,4528.17,4544.08,4512.25,0.703,74.2,0.025,0,2026-09-17,2026-09-18,False,False,5.0,2026-09-18T14:49:11+05:30
PAYTM,1784.5,TOUCHED,1.42,above,1809.9,1784.5,1777.33,1784.5,1770.17,0.806,75.1,0.051,0,2026-09-17,2026-09-18,False,False,5.0,2026-09-18T14:49:11+05:30
GODIGIT,253.12,TOUCHED,-3.96,below,243.1,253.12,253.92,254.71,253.12,0.624,75.6,0.028,0,2026-09-17,2026-09-18,False,False,5.0,2026-09-18T14:49:11+05:30
CROMPTON,225.46,TOUCHED,0.12,above,225.72,225.46,224.77,225.46,224.09,0.611,76.2,0.025,0,2026-09-16,2026-09-18,False,False,5.0,2026-09-18T14:49:11+05:30
TORNTPOWER,1281.2,TOUCHED,-0.64,below,1273.0,1281.2,1286.0,1290.8,1281.2,0.746,76.4,0.031,0,2026-09-17,2026-09-18,False,False,5.0,2026-09-18T14:49:11+05:30
KIRLOSENG,2111.08,TOUCHED,2.39,above,2161.6,2111.08,2101.57,2111.08,2092.05,0.906,76.7,0.035,0,2026-09-17,2026-09-18,False,False,5.0,2026-09-18T14:49:11+05:30
TITAN,4853.0,TOUCHED,-0.56,below,4826.0,4853.0,4865.0,4877.0,4853.0,0.493,76.7,0.018,0,2026-09-17,2026-09-18,False,False,5.0,2026-09-18T14:49:11+05:30
GESHIP,1419.43,TOUCHED,1.19,above,1436.3,1419.43,1413.77,1419.43,1408.1,0.802,77.8,0.034,0,2026-09-17,2026-09-18,False,False,5.0,2026-09-18T14:49:11+05:30
GROWW,189.28,TOUCHED,0.04,inside,189.36,189.28,189.28,190.2,188.36,0.972,78.6,0.032,0,2026-09-17,2026-09-18,False,False,5.0,2026-09-18T14:49:11+05:30
HINDUNILVR,1951.1,TOUCHED,0.1,inside,1953.0,1951.1,1951.1,1955.55,1946.65,0.456,78.6,0.015,0,2026-09-17,2026-09-18,False,False,5.0,2026-09-18T14:49:11+05:30
OIL,479.14,TOUCHED,-0.56,below,476.45,479.14,480.88,482.62,479.14,0.724,79.7,0.018,0,2026-09-17,2026-09-18,False,False,5.0,2026-09-18T14:49:11+05:30
TARIL,280.45,TOUCHED,0.75,above,282.55,280.45,278.88,280.45,277.32,1.123,79.7,0.054,0,2026-09-17,2026-09-18,False,False,5.0,2026-09-18T14:49:11+05:30
BLUEDART,4820.1,TOUCHED,0.04,inside,4821.8,4820.1,4820.1,4835.3,4804.9,0.631,80.3,0.02,0,2026-09-16,2026-09-18,False,False,5.0,2026-09-18T14:49:11+05:30
BAJAJ-AUTO,11487.5,TOUCHED,-0.33,below,11450.0,11487.5,11522.67,11557.83,11487.5,0.61,80.5,0.028,0,2026-09-16,2026-09-18,False,False,5.0,2026-09-18T14:49:11+05:30
REDINGTON,398.1,TOUCHED,0.25,above,399.1,398.1,396.1,398.1,394.1,1.01,80.5,0.038,0,2026-09-17,2026-09-18,False,False,5.0,2026-09-18T14:49:11+05:30
CANFINHOME,780.48,TOUCHED,0.14,above,781.55,780.48,777.63,780.48,774.79,0.731,80.8,0.021,0,2026-09-16,2026-09-18,False,False,5.0,2026-09-18T14:49:11+05:30
IDFCFIRSTB,86.06,TOUCHED,0.81,above,86.75,86.06,85.78,86.06,85.51,0.637,80.8,0.035,0,2026-09-17,2026-09-18,False,False,5.0,2026-09-18T14:49:11+05:30
MANKIND,2291.82,TOUCHED,1.4,above,2323.9,2291.82,2283.63,2291.82,2275.45,0.717,80.8,0.038,0,2026-09-17,2026-09-18,False,False,5.0,2026-09-18T14:49:11+05:30
TIMKEN,3197.52,TOUCHED,-1.42,below,3152.0,3197.52,3209.93,3222.35,3197.52,0.774,81.4,0.047,0,2026-09-17,2026-09-18,False,False,5.0,2026-09-18T14:49:11+05:30
BIKAJI,550.76,TOUCHED,0.09,above,551.25,550.76,548.87,550.76,546.98,0.689,81.6,0.018,0,2026-09-17,2026-09-18,False,False,5.0,2026-09-18T14:49:11+05:30
HCLTECH,1246.8,TOUCHED,-0.27,below,1243.4,1246.8,1250.63,1254.47,1246.8,0.613,81.9,0.03,0,2026-09-17,2026-09-18,False,False,5.0,2026-09-18T14:49:11+05:30
FLUOROCHEM,4524.75,TOUCHED,1.28,above,4582.8,4524.75,4507.1,4524.75,4489.45,0.783,82.2,0.022,0,2026-09-17,2026-09-18,False,False,5.0,2026-09-18T14:49:11+05:30
TATACOMM,1792.18,TOUCHED,0.45,above,1800.2,1792.18,1785.07,1792.18,1777.95,0.797,82.2,0.022,0,2026-09-16,2026-09-18,False,False,5.0,2026-09-18T14:49:11+05:30
JBMA,595.5,TOUCHED,0.96,above,601.2,595.5,593.07,595.5,590.63,0.821,82.7,0.027,0,2026-09-16,2026-09-18,False,False,5.0,2026-09-18T14:49:11+05:30
MAHABANK,81.81,TOUCHED,1.42,above,82.97,81.81,81.47,81.81,81.14,0.822,83.0,0.042,0,2026-09-17,2026-09-18,False,False,5.0,2026-09-18T14:49:11+05:30
PREMIERENE,892.15,TOUCHED,0.69,above,898.3,892.15,888.1,892.15,884.05,0.912,83.3,0.031,0,2026-09-17,2026-09-18,False,False,5.0,2026-09-18T14:49:11+05:30
KPRMILL,1115.97,TOUCHED,0.41,above,1120.5,1115.97,1110.53,1115.97,1105.1,0.979,83.8,0.054,0,2026-09-16,2026-09-18,False,False,5.0,2026-09-18T14:49:11+05:30
RVNL,200.87,TOUCHED,4.42,above,209.74,200.87,200.03,200.87,199.2,0.833,83.8,0.032,0,2026-09-17,2026-09-18,False,False,5.0,2026-09-18T14:49:11+05:30
HYUNDAI,2169.18,TOUCHED,-0.34,below,2161.7,2169.18,2178.37,2187.55,2169.18,0.843,84.7,0.027,0,2026-09-17,2026-09-18,False,False,5.0,2026-09-18T14:49:11+05:30
UBL,1234.77,TOUCHED,0.22,inside,1237.5,1234.77,1234.77,1238.5,1231.03,0.605,84.7,0.026,0,2026-09-16,2026-09-18,False,False,5.0,2026-09-18T14:49:11+05:30
KARURVYSYA,331.85,TOUCHED,0.11,inside,332.2,331.85,331.85,333.32,330.38,0.889,84.9,0.039,0,2026-09-16,2026-09-18,False,False,5.0,2026-09-18T14:49:11+05:30
TMCV,433.93,TOUCHED,1.76,above,441.55,433.93,431.75,433.93,429.57,1.008,85.1,0.024,0,2026-09-17,2026-09-18,False,False,5.0,2026-09-18T14:49:11+05:30
KIMS,788.25,TOUCHED,2.66,above,809.2,788.25,784.65,788.25,781.05,0.918,85.2,0.034,0,2026-09-17,2026-09-18,False,False,5.0,2026-09-18T14:49:11+05:30
TATAPOWER,367.77,TOUCHED,0.17,above,368.4,367.77,366.53,367.77,365.3,0.673,85.2,0.023,0,2026-09-17,2026-09-18,False,False,5.0,2026-09-18T14:49:11+05:30
CREDITACC,1377.75,TOUCHED,-0.29,below,1373.7,1377.75,1384.7,1391.65,1377.75,1.004,85.5,0.041,0,2026-09-17,2026-09-18,False,False,5.0,2026-09-18T14:49:11+05:30
INDIACEM,348.55,TOUCHED,-0.07,inside,348.3,348.55,348.55,350.13,346.97,0.904,86.0,0.031,0,2026-09-17,2026-09-18,False,False,5.0,2026-09-18T14:49:11+05:30
PINELABS,188.67,TOUCHED,0.89,above,190.34,188.67,187.27,188.67,185.88,1.492,86.4,0.053,0,2026-09-17,2026-09-18,False,False,5.0,2026-09-18T14:49:11+05:30
GLAXO,2830.03,TOUCHED,-0.01,inside,2829.8,2830.03,2830.03,2843.12,2816.95,0.925,87.7,0.014,0,2026-09-16,2026-09-18,False,False,5.0,2026-09-18T14:49:11+05:30
KAJARIACER,1204.83,TOUCHED,0.07,inside,1205.7,1204.83,1204.83,1210.37,1199.3,0.919,87.9,0.029,0,2026-09-16,2026-09-18,False,False,5.0,2026-09-18T14:49:11+05:30
PNB,117.41,TOUCHED,-0.15,inside,117.23,117.41,117.41,117.88,116.94,0.801,88.2,0.028,0,2026-09-17,2026-09-18,False,False,5.0,2026-09-18T14:49:11+05:30
SBICARD,634.23,TOUCHED,0.66,above,638.4,634.23,631.5,634.23,628.77,0.863,88.5,0.03,0,2026-09-17,2026-09-18,False,False,5.0,2026-09-18T14:49:11+05:30
ABSLAMC,1071.9,TOUCHED,-0.04,below,1071.5,1071.9,1077.97,1084.03,1071.9,1.126,88.8,0.033,0,2026-09-17,2026-09-18,False,False,5.0,2026-09-18T14:49:11+05:30
AEGISVOPAK,308.55,TOUCHED,1.64,above,313.6,308.55,306.4,308.55,304.25,1.403,89.3,0.028,0,2026-09-17,2026-09-18,False,False,5.0,2026-09-18T14:49:11+05:30
NIACL,193.87,TOUCHED,-2.08,below,189.83,193.87,194.93,195.99,193.87,1.088,89.3,0.029,0,2026-09-17,2026-09-18,False,False,5.0,2026-09-18T14:49:11+05:30
AADHARHFC,465.02,TOUCHED,0.05,inside,465.25,465.02,465.02,467.18,462.85,0.932,89.6,0.027,0,2026-09-17,2026-09-18,False,False,5.0,2026-09-18T14:49:11+05:30
CARTRADE,2960.8,TOUCHED,1.57,above,3007.4,2960.8,2935.63,2960.8,2910.47,1.715,90.1,0.052,0,2026-09-16,2026-09-18,False,False,5.0,2026-09-18T14:49:11+05:30
CPPLUS,3432.73,TOUCHED,0.45,inside,3448.1,3432.73,3432.73,3459.9,3405.57,1.583,91.1,0.031,0,2026-09-17,2026-09-18,False,False,5.0,2026-09-18T14:49:11+05:30
LUPIN,2080.83,TOUCHED,0.21,inside,2085.1,2080.83,2080.83,2089.47,2072.2,0.83,92.3,0.024,0,2026-09-17,2026-09-18,False,False,5.0,2026-09-18T14:49:11+05:30
TMPV,309.77,TOUCHED,-1.7,below,304.5,309.77,311.35,312.92,309.77,1.012,93.2,0.02,0,2026-09-17,2026-09-18,False,False,5.0,2026-09-18T14:49:11+05:30
BRIGADE,622.69,TOUCHED,0.69,above,627.0,622.69,618.53,622.69,614.38,1.345,94.0,0.024,0,2026-09-16,2026-09-18,False,False,5.0,2026-09-18T14:49:11+05:30
HONASA,466.42,TOUCHED,2.17,above,476.55,466.42,463.55,466.42,460.68,1.24,94.5,0.054,0,2026-09-16,2026-09-18,False,False,5.0,2026-09-18T14:49:11+05:30
PATANJALI,359.45,TOUCHED,0.5,above,361.25,359.45,357.78,359.45,356.12,0.932,94.5,0.015,0,2026-09-17,2026-09-18,False,False,5.0,2026-09-18T14:49:11+05:30
VTL,567.89,TOUCHED,0.79,above,572.35,567.89,564.03,567.89,560.17,1.368,94.5,0.029,0,2026-09-16,2026-09-18,False,False,5.0,2026-09-18T14:49:11+05:30
CHENNPETRO,1429.67,TOUCHED,-1.4,below,1409.6,1429.67,1445.23,1460.8,1429.67,2.154,95.1,0.026,0,2026-09-17,2026-09-18,False,False,5.0,2026-09-18T14:49:11+05:30
PNBHOUSING,1123.15,TOUCHED,1.22,above,1136.9,1123.15,1116.6,1123.15,1110.05,1.173,95.1,0.027,0,2026-09-17,2026-09-18,False,False,5.0,2026-09-18T14:49:11+05:30
TATAINVEST,701.75,TOUCHED,-0.83,below,695.95,701.75,707.6,713.45,701.75,1.653,95.9,0.023,0,2026-09-17,2026-09-18,False,False,5.0,2026-09-18T14:49:11+05:30
FEDERALBNK,336.32,TOUCHED,-0.48,inside,334.7,336.32,336.32,338.1,334.53,1.061,96.2,0.027,0,2026-09-17,2026-09-18,False,False,5.0,2026-09-18T14:49:11+05:30
RHIM,363.6,V+N,1.4,above,368.7,363.6,363.6,363.6,363.6,0.0,0.0,0.028,1,2026-09-16,2026-09-18,True,True,5.0,2026-09-18T19:27:47+05:30
SARDAEN,497.33,V+N,1.73,above,505.95,497.33,497.32,497.33,497.3,0.007,1.4,0.027,1,2026-09-16,2026-09-18,True,True,5.0,2026-09-18T19:27:47+05:30
SAREGAMA,486.6,V+N,2.73,above,499.9,486.6,486.58,486.6,486.57,0.007,1.4,0.046,1,2026-09-16,2026-09-18,True,True,5.0,2026-09-18T19:27:47+05:30
TORNTPHARM,4812.75,V+N,0.57,above,4840.0,4812.75,4812.67,4812.75,4812.58,0.003,1.4,0.023,1,2026-09-16,2026-09-18,True,True,5.0,2026-09-18T19:27:47+05:30
DATAPATTNS,4413.2,V+N,2.27,above,4513.3,4413.2,4412.5,4413.2,4411.8,0.032,2.5,0.073,1,2026-09-17,2026-09-18,True,True,5.0,2026-09-18T19:27:47+05:30
NAVINFLUOR,8222.5,V+N,4.47,above,8590.0,8222.5,8221.67,8222.5,8220.83,0.02,2.5,0.043,1,2026-09-17,2026-09-18,True,True,5.0,2026-09-18T19:27:47+05:30
POLYMED,1704.38,V+N,1.27,above,1726.0,1704.38,1704.17,1704.38,1703.95,0.025,2.5,0.045,1,2026-09-16,2026-09-18,True,True,5.0,2026-09-18T19:27:47+05:30
ACC,1232.7,V+N,2.19,above,1259.7,1232.7,1232.63,1232.7,1232.57,0.011,2.7,0.028,1,2026-09-17,2026-09-18,True,True,5.0,2026-09-18T19:27:47+05:30
MOTILALOFS,976.85,V+N,3.39,above,1010.0,976.85,976.73,976.85,976.62,0.024,2.7,0.045,1,2026-09-16,2026-09-18,True,True,5.0,2026-09-18T19:27:47+05:30
ANURAS,1178.23,V+N,2.5,above,1207.7,1178.23,1178.17,1178.23,1178.1,0.011,3.0,0.025,1,2026-09-16,2026-09-18,True,True,5.0,2026-09-18T19:27:47+05:30
IGIL,314.89,V+N,5.1,above,330.95,314.89,314.88,314.89,314.88,0.005,3.3,0.026,1,2026-09-17,2026-09-18,True,True,5.0,2026-09-18T19:27:47+05:30
WELCORP,2461.55,V+N,8.07,above,2660.1,2461.55,2461.13,2461.55,2460.72,0.034,3.6,0.053,1,2026-09-17,2026-09-18,True,True,5.0,2026-09-18T19:27:47+05:30
ABB,6979.42,V+N,4.17,above,7270.5,6979.42,6978.83,6979.42,6978.25,0.017,4.1,0.028,1,2026-09-16,2026-09-18,True,True,5.0,2026-09-18T19:27:47+05:30
LINDEINDIA,6088.83,V+N,2.51,above,6241.5,6088.83,6088.17,6088.83,6087.5,0.022,4.1,0.024,1,2026-09-16,2026-09-18,True,True,5.0,2026-09-18T19:27:47+05:30
IRFC,79.3,V+N,2.77,above,81.5,79.3,79.29,79.3,79.28,0.021,4.4,0.024,1,2026-09-17,2026-09-18,True,True,5.0,2026-09-18T19:27:47+05:30
PETRONET,283.42,V+N,3.24,above,292.6,283.42,283.38,283.42,283.35,0.024,4.4,0.024,1,2026-09-17,2026-09-18,True,True,5.0,2026-09-18T19:27:47+05:30
AMBUJACEM,383.42,V+N,1.27,above,388.3,383.42,383.37,383.42,383.31,0.03,4.7,0.034,1,2026-09-17,2026-09-18,True,True,5.0,2026-09-18T19:27:47+05:30
IREDA,108.97,V+N,4.91,above,114.32,108.97,108.95,108.97,108.93,0.034,4.9,0.035,1,2026-09-17,2026-09-18,True,True,5.0,2026-09-18T19:27:47+05:30
HBLENGINE,748.97,V+W,1.47,above,760.0,748.97,741.18,748.97,733.4,2.1,97.8,0.033,1,2026-09-17,2026-09-18,True,False,5.0,2026-09-18T19:27:47+05:30
MFSL,1477.62,V+W,5.51,above,1559.0,1477.62,1467.63,1477.62,1457.65,1.36,98.1,0.019,1,2026-09-16,2026-09-18,True,False,5.0,2026-09-18T19:27:47+05:30
JKCEMENT,4984.75,V+W,1.6,above,5064.5,4984.75,4942.5,4984.75,4900.25,1.71,98.6,0.033,1,2026-09-17,2026-09-18,True,False,5.0,2026-09-18T19:27:47+05:30
TEGA,1887.17,V+W,2.96,above,1943.0,1887.17,1854.33,1887.17,1821.5,3.541,99.7,0.042,1,2026-09-17,2026-09-18,True,False,5.0,2026-09-18T19:27:47+05:30
SIEMENS,3741.62,V,4.6,above,3913.9,3741.62,3741.23,3741.62,3740.85,0.02,5.5,0.018,1,2026-09-16,2026-09-18,True,False,5.0,2026-09-18T19:27:47+05:30
CENTRALBK,30.39,V,4.39,above,31.73,30.39,30.39,30.39,30.39,0.033,5.8,0.029,1,2026-09-17,2026-09-18,True,False,5.0,2026-09-18T19:27:47+05:30
VBL,415.38,V,1.58,above,421.95,415.38,415.32,415.38,415.25,0.032,5.8,0.026,1,2026-09-17,2026-09-18,True,False,5.0,2026-09-18T19:27:47+05:30
FORTIS,870.75,V,1.75,above,886.0,870.75,870.6,870.75,870.45,0.034,6.0,0.028,1,2026-09-16,2026-09-18,True,False,5.0,2026-09-18T19:27:47+05:30
PRESTIGE,1425.55,V,0.67,above,1435.1,1425.55,1425.03,1425.55,1424.52,0.073,6.8,0.047,1,2026-09-16,2026-09-18,True,False,5.0,2026-09-18T19:27:47+05:30
FACT,748.73,V,2.07,above,764.2,748.73,748.47,748.73,748.2,0.071,7.7,0.056,1,2026-09-16,2026-09-18,True,False,5.0,2026-09-18T19:27:47+05:30
ULTRACEMCO,10772.0,V,2.25,above,11014.0,10772.0,10769.33,10772.0,10766.67,0.05,8.2,0.026,1,2026-09-17,2026-09-18,True,False,5.0,2026-09-18T19:27:47+05:30
HINDCOPPER,485.33,V,2.49,above,497.4,485.33,485.17,485.33,485.0,0.069,8.5,0.032,1,2026-09-17,2026-09-18,True,False,5.0,2026-09-18T19:27:47+05:30
JUBLPHARMA,1011.89,V,5.29,above,1065.4,1011.89,1011.68,1011.89,1011.48,0.041,8.5,0.018,1,2026-09-17,2026-09-18,True,False,5.0,2026-09-18T19:27:47+05:30
DEVYANI,136.64,V,2.92,above,140.62,136.64,136.58,136.64,136.53,0.078,8.8,0.039,1,2026-09-16,2026-09-18,True,False,5.0,2026-09-18T19:27:47+05:30
TTML,36.6,V,-2.38,below,35.73,36.6,36.61,36.63,36.6,0.073,10.1,0.041,1,2026-09-17,2026-09-18,True,False,5.0,2026-09-18T19:27:47+05:30
SAPPHIRE,223.2,V,3.1,above,230.11,223.2,223.08,223.2,222.96,0.108,11.0,0.05,1,2026-09-16,2026-09-18,True,False,5.0,2026-09-18T19:27:47+05:30
DELHIVERY,421.66,V,1.5,above,428.0,421.66,421.52,421.66,421.38,0.067,11.2,0.019,1,2026-09-16,2026-09-18,True,False,5.0,2026-09-18T19:27:47+05:30
TATACHEM,778.38,V,-10.94,below,693.25,778.38,778.68,778.99,778.38,0.079,11.2,0.021,1,2026-09-17,2026-09-18,True,False,5.0,2026-09-18T19:27:47+05:30
BERGEPAINT,448.44,V,2.28,above,458.65,448.44,448.28,448.44,448.12,0.071,11.5,0.013,1,2026-09-17,2026-09-18,True,False,5.0,2026-09-18T19:27:47+05:30
CONCORDBIO,1456.15,V,2.63,above,1494.4,1456.15,1455.37,1456.15,1454.58,0.108,12.1,0.022,1,2026-09-16,2026-09-18,True,False,5.0,2026-09-18T19:27:47+05:30
GRSE,2339.08,V,3.11,above,2411.8,2339.08,2337.09,2339.08,2335.09,0.171,12.1,0.067,1,2026-09-17,2026-09-18,True,False,5.0,2026-09-18T19:27:47+05:30
GMDCLTD,548.74,V,1.4,above,556.45,548.74,548.33,548.74,547.92,0.149,12.6,0.078,1,2026-09-17,2026-09-18,True,False,5.0,2026-09-18T19:27:47+05:30
TVSMOTOR,4106.1,V,1.59,above,4171.3,4106.1,4104.63,4106.1,4103.17,0.071,12.6,0.026,1,2026-09-17,2026-09-18,True,False,5.0,2026-09-18T19:27:47+05:30
AMBER,6926.0,V,2.87,above,7125.0,6926.0,6922.0,6926.0,6918.0,0.116,13.2,0.027,1,2026-09-16,2026-09-18,True,False,5.0,2026-09-18T19:27:47+05:30
TRITURBINE,540.55,V,5.04,above,567.8,540.55,540.3,540.55,540.05,0.093,14.2,0.022,1,2026-09-16,2026-09-18,True,False,5.0,2026-09-18T19:27:47+05:30
ATUL,6073.25,V,1.6,above,6170.5,6073.25,6070.5,6073.25,6067.75,0.091,14.8,0.014,1,2026-09-16,2026-09-18,True,False,5.0,2026-09-18T19:27:47+05:30
SUZLON,42.51,V,1.48,above,43.14,42.51,42.48,42.51,42.45,0.133,14.8,0.028,1,2026-09-17,2026-09-18,True,False,5.0,2026-09-18T19:27:47+05:30
CEMPRO,1238.25,V,2.04,above,1263.5,1238.25,1237.2,1238.25,1236.15,0.17,15.1,0.062,1,2026-09-16,2026-09-18,True,False,5.0,2026-09-18T19:27:47+05:30
JINDALSTEL,1102.4,V,1.55,above,1119.5,1102.4,1101.8,1102.4,1101.2,0.109,15.6,0.036,1,2026-09-16,2026-09-18,True,False,5.0,2026-09-18T19:27:47+05:30
SOBHA,1183.9,V,2.64,above,1215.2,1183.9,1183.2,1183.9,1182.5,0.118,15.9,0.028,1,2026-09-16,2026-09-18,True,False,5.0,2026-09-18T19:27:47+05:30
DOMS,2088.5,V,0.8,above,2105.3,2088.5,2087.4,2088.5,2086.3,0.105,16.2,0.028,1,2026-09-16,2026-09-18,True,False,5.0,2026-09-18T19:27:47+05:30
SAIL,174.88,V,1.4,above,177.33,174.88,174.75,174.88,174.62,0.147,16.7,0.026,1,2026-09-17,2026-09-18,True,False,5.0,2026-09-18T19:27:47+05:30
ETERNAL,323.02,V,1.18,above,326.85,323.02,322.8,323.02,322.58,0.139,17.0,0.024,1,2026-09-17,2026-09-18,True,False,5.0,2026-09-18T19:27:47+05:30
MEDANTA,1403.92,V,6.8,above,1499.4,1403.92,1403.23,1403.92,1402.55,0.097,17.0,0.031,1,2026-09-16,2026-09-18,True,False,5.0,2026-09-18T19:27:47+05:30
GVT&D,4337.38,V,1.1,above,4385.0,4337.38,4333.77,4337.38,4330.15,0.167,17.8,0.022,1,2026-09-17,2026-09-18,True,False,5.0,2026-09-18T19:27:47+05:30
SAILIFE,1549.9,V,3.26,above,1600.5,1549.9,1548.5,1549.9,1547.1,0.181,18.4,0.04,1,2026-09-17,2026-09-18,True,False,5.0,2026-09-18T19:27:47+05:30
HONAUT,33876.67,V,4.63,above,35445.0,33876.67,33858.33,33876.67,33840.0,0.108,18.6,0.027,1,2026-09-16,2026-09-18,True,False,5.0,2026-09-18T19:27:47+05:30
POONAWALLA,432.14,V,10.94,above,479.4,432.14,431.83,432.14,431.53,0.143,18.6,0.031,1,2026-09-16,2026-09-18,True,False,5.0,2026-09-18T19:27:47+05:30
M&MFIN,344.77,V,2.47,above,353.3,344.77,344.5,344.77,344.23,0.16,19.7,0.037,1,2026-09-16,2026-09-18,True,False,5.0,2026-09-18T19:27:47+05:30
MUTHOOTFIN,2769.23,V,2.6,above,2841.1,2769.23,2767.07,2769.23,2764.9,0.157,19.7,0.04,1,2026-09-16,2026-09-18,True,False,5.0,2026-09-18T19:27:47+05:30
AUROPHARMA,1642.02,V,5.6,above,1734.0,1642.02,1641.03,1642.02,1640.05,0.12,20.0,0.039,1,2026-09-16,2026-09-18,True,False,5.0,2026-09-18T19:27:47+05:30
ICICIGI,1442.75,V,1.06,above,1458.1,1442.75,1441.83,1442.75,1440.92,0.127,20.3,0.021,1,2026-09-16,2026-09-18,True,False,5.0,2026-09-18T19:27:47+05:30
LAURUSLABS,1904.32,V,2.61,above,1954.0,1904.32,1903.13,1904.32,1901.95,0.124,20.8,0.019,1,2026-09-16,2026-09-18,True,False,5.0,2026-09-18T19:27:47+05:30
ENDURANCE,2625.77,V,4.05,above,2732.0,2625.77,2623.13,2625.77,2620.5,0.201,21.4,0.044,1,2026-09-16,2026-09-18,True,False,5.0,2026-09-18T19:27:47+05:30
SUPREMEIND,3308.3,V,8.22,above,3580.3,3308.3,3305.53,3308.3,3302.77,0.167,21.4,0.034,1,2026-09-16,2026-09-18,True,False,5.0,2026-09-18T19:27:47+05:30
COCHINSHIP,1331.37,V,5.0,above,1398.0,1331.37,1329.94,1331.37,1328.5,0.215,21.9,0.041,1,2026-09-17,2026-09-18,True,False,5.0,2026-09-18T19:27:47+05:30
DRREDDY,1141.9,V,3.77,above,1185.0,1141.9,1141.27,1141.9,1140.63,0.111,21.9,0.017,1,2026-09-16,2026-09-18,True,False,5.0,2026-09-18T19:27:47+05:30
LT,3843.0,V,1.09,above,3885.0,3843.0,3840.73,3843.0,3838.47,0.118,21.9,0.027,1,2026-09-17,2026-09-18,True,False,5.0,2026-09-18T19:27:47+05:30
POLYCAB,8202.08,V,2.41,above,8400.0,8202.08,8195.67,8202.08,8189.25,0.157,22.2,0.032,1,2026-09-17,2026-09-18,True,False,5.0,2026-09-18T19:27:47+05:30
PARADEEP,147.47,V,5.53,above,155.62,147.47,147.26,147.47,147.05,0.285,22.7,0.04,1,2026-09-16,2026-09-18,True,False,5.0,2026-09-18T19:27:47+05:30
ITCHOTELS,154.21,V,2.97,above,158.8,154.21,154.1,154.21,153.98,0.151,23.0,0.04,1,2026-09-17,2026-09-18,True,False,5.0,2026-09-18T19:27:47+05:30
TITAGARH,812.16,V,3.14,above,837.65,812.16,811.17,812.16,810.18,0.245,23.8,0.046,1,2026-09-16,2026-09-18,True,False,5.0,2026-09-18T19:27:47+05:30
BALKRISIND,2123.28,V,6.69,above,2265.3,2123.28,2121.67,2123.28,2120.05,0.152,25.8,0.027,1,2026-09-16,2026-09-18,True,False,5.0,2026-09-18T19:27:47+05:30
MAPMYINDIA,882.27,V,1.94,above,899.4,882.27,881.43,882.27,880.6,0.189,27.1,0.031,1,2026-09-16,2026-09-18,True,False,5.0,2026-09-18T19:27:47+05:30
SCHNEIDER,1196.42,V,1.43,above,1213.5,1196.42,1194.23,1196.42,1192.05,0.366,27.1,0.028,1,2026-09-16,2026-09-18,True,False,5.0,2026-09-18T19:27:47+05:30
SHRIRAMFIN,993.97,V,1.61,above,1010.0,993.97,992.93,993.97,991.9,0.208,28.8,0.033,1,2026-09-17,2026-09-18,True,False,5.0,2026-09-18T19:27:47+05:30
OLECTRA,1172.7,V,2.23,above,1198.8,1172.7,1171.13,1172.7,1169.57,0.268,29.0,0.033,1,2026-09-16,2026-09-18,True,False,5.0,2026-09-18T19:27:47+05:30
SUMICHEM,453.37,V,1.65,above,460.85,453.37,452.7,453.37,452.02,0.298,29.6,0.039,1,2026-09-16,2026-09-18,True,False,5.0,2026-09-18T19:27:47+05:30
NAM-INDIA,1117.53,V,3.35,above,1155.0,1117.53,1116.07,1117.53,1114.6,0.263,29.9,0.031,1,2026-09-17,2026-09-18,True,False,5.0,2026-09-18T19:27:47+05:30
SONACOMS,776.98,V,3.99,above,808.0,776.98,776.07,776.98,775.15,0.236,29.9,0.03,1,2026-09-17,2026-09-18,True,False,5.0,2026-09-18T19:27:47+05:30
LGEINDIA,1651.1,V,2.77,above,1696.9,1651.1,1649.3,1651.1,1647.5,0.218,31.2,0.011,1,2026-09-17,2026-09-18,True,False,5.0,2026-09-18T19:27:47+05:30
MANAPPURAM,320.26,V,-0.35,below,319.15,320.26,320.62,320.98,320.26,0.224,31.5,0.032,1,2026-09-16,2026-09-18,True,False,5.0,2026-09-18T19:27:47+05:30
PIDILITIND,1550.35,V,1.4,above,1572.1,1550.35,1549.2,1550.35,1548.05,0.148,31.5,0.028,1,2026-09-17,2026-09-18,True,False,5.0,2026-09-18T19:27:47+05:30
SCHAEFFLER,3894.87,V,8.29,above,4217.6,3894.87,3890.83,3894.87,3886.8,0.207,31.5,0.032,1,2026-09-16,2026-09-18,True,False,5.0,2026-09-18T19:27:47+05:30
JMFINANCIL,120.23,V,5.05,above,126.3,120.23,120.0,120.23,119.78,0.381,31.8,0.052,1,2026-09-16,2026-09-18,True,False,5.0,2026-09-18T19:27:47+05:30
PGEL,528.15,V,0.19,above,529.15,528.15,527.2,528.15,526.25,0.36,31.8,0.046,1,2026-09-17,2026-09-18,True,False,5.0,2026-09-18T19:27:47+05:30
CLEAN,818.95,V,4.02,above,851.9,818.95,817.9,818.95,816.85,0.257,32.1,0.027,1,2026-09-16,2026-09-18,True,False,5.0,2026-09-18T19:27:47+05:30
NBCC,81.99,V,0.49,above,82.4,81.99,81.86,81.99,81.72,0.33,32.6,0.044,1,2026-09-17,2026-09-18,True,False,5.0,2026-09-18T19:27:47+05:30
NETWEB,4569.33,V,2.08,above,4664.5,4569.33,4560.17,4569.33,4551.0,0.402,33.2,0.06,1,2026-09-17,2026-09-18,True,False,5.0,2026-09-18T19:27:47+05:30
CGCL,257.95,V,4.92,above,270.65,257.95,257.52,257.95,257.08,0.337,35.1,0.058,1,2026-09-16,2026-09-18,True,False,5.0,2026-09-18T19:27:47+05:30
AJANTPHARM,3504.4,V,1.69,above,3563.6,3504.4,3499.9,3504.4,3495.4,0.257,36.2,0.04,1,2026-09-16,2026-09-18,True,False,5.0,2026-09-18T19:27:47+05:30
SCI,268.4,V,3.22,above,277.05,268.4,267.9,268.4,267.4,0.373,36.4,0.042,1,2026-09-16,2026-09-18,True,False,5.0,2026-09-18T19:27:47+05:30
LODHA,1101.22,V,3.95,above,1144.7,1101.22,1099.33,1101.22,1097.45,0.343,37.0,0.035,1,2026-09-17,2026-09-18,True,False,5.0,2026-09-18T19:27:47+05:30
PTCIL,22467.5,V,1.5,above,22805.0,22467.5,22435.0,22467.5,22402.5,0.29,37.0,0.03,1,2026-09-16,2026-09-18,True,False,5.0,2026-09-18T19:27:47+05:30
BAYERCROP,3925.35,V,-3.72,below,3779.5,3925.35,3929.77,3934.18,3925.35,0.225,37.3,0.03,1,2026-09-16,2026-09-18,True,False,5.0,2026-09-18T19:27:47+05:30
ASTERDM,740.11,V,2.02,above,755.05,740.11,739.02,740.11,737.92,0.295,37.8,0.028,1,2026-09-16,2026-09-18,True,False,5.0,2026-09-18T19:27:47+05:30
KFINTECH,887.41,V,4.8,above,930.0,887.41,885.82,887.41,884.23,0.359,38.4,0.018,1,2026-09-16,2026-09-18,True,False,5.0,2026-09-18T19:27:47+05:30
ADANIPORTS,1736.18,V,5.06,above,1824.0,1736.18,1734.07,1736.18,1731.95,0.244,38.6,0.021,1,2026-09-17,2026-09-18,True,False,5.0,2026-09-18T19:27:47+05:30
PFOCUS,323.35,V,6.49,above,344.35,323.35,322.38,323.35,321.42,0.6,39.5,0.053,1,2026-09-16,2026-09-18,True,False,5.0,2026-09-18T19:27:47+05:30
APOLLOHOSP,8759.92,V,2.11,above,8944.5,8759.92,8751.33,8759.92,8742.75,0.196,39.7,0.014,1,2026-09-17,2026-09-18,True,False,5.0,2026-09-18T19:27:47+05:30
GODREJCP,866.42,V,1.57,above,880.0,866.42,865.28,866.42,864.14,0.264,39.7,0.023,1,2026-09-16,2026-09-18,True,False,5.0,2026-09-18T19:27:47+05:30
CIPLA,1356.67,V,2.79,above,1394.5,1356.67,1355.33,1356.67,1354.0,0.197,40.5,0.023,1,2026-09-16,2026-09-18,True,False,5.0,2026-09-18T19:27:47+05:30
ASHOKLEY,158.37,V,2.93,above,163.0,158.37,158.11,158.37,157.86,0.32,42.7,0.022,1,2026-09-17,2026-09-18,True,False,5.0,2026-09-18T19:27:47+05:30
BPCL,306.52,V,2.44,above,314.0,306.52,306.05,306.52,305.57,0.31,42.7,0.021,1,2026-09-17,2026-09-18,True,False,5.0,2026-09-18T19:27:47+05:30
NAVA,547.16,V,2.77,above,562.3,547.16,546.02,547.16,544.88,0.418,42.7,0.038,1,2026-09-16,2026-09-18,True,False,5.0,2026-09-18T19:27:47+05:30
GODREJPROP,1675.65,V,0.92,above,1691.1,1675.65,1672.2,1675.65,1668.75,0.413,43.3,0.045,1,2026-09-16,2026-09-18,True,False,5.0,2026-09-18T19:27:47+05:30
SHREECEM,21934.17,V,3.04,above,22600.0,21934.17,21908.33,21934.17,21882.5,0.236,43.6,0.02,1,2026-09-17,2026-09-18,True,False,5.0,2026-09-18T19:27:47+05:30
HDFCAMC,2384.25,V,1.71,above,2425.0,2384.25,2380.53,2384.25,2376.82,0.312,44.1,0.022,1,2026-09-16,2026-09-18,True,False,5.0,2026-09-18T19:27:47+05:30
IRCTC,456.42,V,4.45,above,476.75,456.42,455.85,456.42,455.27,0.252,44.1,0.043,1,2026-09-17,2026-09-18,True,False,5.0,2026-09-18T19:27:47+05:30
GMRAIRPORT,92.9,V,6.89,above,99.3,92.9,92.75,92.9,92.61,0.316,44.4,0.02,1,2026-09-16,2026-09-18,True,False,5.0,2026-09-18T19:27:47+05:30
BHARATFORG,1881.33,V,4.29,above,1962.1,1881.33,1877.67,1881.33,1874.0,0.391,46.0,0.031,1,2026-09-16,2026-09-18,True,False,5.0,2026-09-18T19:27:47+05:30
EXIDEIND,417.89,V,4.3,above,435.85,417.89,417.18,417.89,416.48,0.34,46.0,0.027,1,2026-09-17,2026-09-18,True,False,5.0,2026-09-18T19:27:47+05:30
LICHSGFIN,542.17,V,1.1,above,548.15,542.17,541.35,542.17,540.52,0.305,46.6,0.018,1,2026-09-16,2026-09-18,True,False,5.0,2026-09-18T19:27:47+05:30
UNOMINDA,1202.68,V,6.76,above,1284.0,1202.68,1200.37,1202.68,1198.05,0.386,47.4,0.045,1,2026-09-17,2026-09-18,True,False,5.0,2026-09-18T19:27:47+05:30
MINDACORP,675.8,V,2.32,above,691.45,675.8,674.38,675.8,672.97,0.42,48.5,0.038,1,2026-09-16,2026-09-18,True,False,5.0,2026-09-18T19:27:47+05:30
LTF,297.38,V,5.19,above,312.8,297.38,296.75,297.38,296.12,0.421,48.8,0.028,1,2026-09-16,2026-09-18,True,False,5.0,2026-09-18T19:27:47+05:30
BANDHANBNK,172.16,V,1.65,above,175.0,172.16,171.82,172.16,171.47,0.398,49.0,0.026,1,2026-09-16,2026-09-18,True,False,5.0,2026-09-18T19:27:47+05:30
ADANIGREEN,1267.22,V,5.31,above,1334.5,1267.22,1264.23,1267.22,1261.25,0.472,49.9,0.039,1,2026-09-16,2026-09-18,True,False,5.0,2026-09-18T19:27:47+05:30
HINDZINC,571.11,V,4.36,above,596.0,571.11,569.92,571.11,568.73,0.418,50.1,0.041,1,2026-09-17,2026-09-18,True,False,5.0,2026-09-18T19:27:47+05:30
GICRE,339.57,V,3.36,above,351.0,339.57,338.97,339.57,338.36,0.359,51.0,0.031,1,2026-09-16,2026-09-18,True,False,5.0,2026-09-18T19:27:47+05:30
CEATLTD,3297.95,V,5.18,above,3468.9,3297.95,3290.3,3297.95,3282.65,0.465,52.1,0.034,1,2026-09-16,2026-09-18,True,False,5.0,2026-09-18T19:27:47+05:30
VEDL,256.91,V,4.16,above,267.6,256.91,256.37,256.91,255.83,0.423,52.9,0.026,1,2026-09-17,2026-09-18,True,False,5.0,2026-09-18T19:27:47+05:30
BLUESTARCO,1500.5,V,2.09,above,1531.8,1500.5,1497.0,1500.5,1493.5,0.468,53.7,0.05,1,2026-09-16,2026-09-18,True,False,5.0,2026-09-18T19:27:47+05:30
MOTHERSON,161.5,V,0.66,above,162.57,161.5,161.12,161.5,160.75,0.463,55.1,0.035,1,2026-09-17,2026-09-18,True,False,5.0,2026-09-18T19:27:47+05:30
PHOENIXLTD,1850.72,V,1.47,above,1877.9,1850.72,1846.43,1850.72,1842.15,0.464,55.3,0.045,1,2026-09-16,2026-09-18,True,False,5.0,2026-09-18T19:27:47+05:30
HINDALCO,970.95,V,1.6,above,986.5,970.95,969.2,970.95,967.45,0.361,56.2,0.011,1,2026-09-16,2026-09-18,True,False,5.0,2026-09-18T19:27:47+05:30
AUBANK,1031.0,V,2.68,above,1058.6,1031.0,1028.8,1031.0,1026.6,0.428,57.0,0.018,1,2026-09-16,2026-09-18,True,False,5.0,2026-09-18T19:27:47+05:30
BAJAJHLDNG,11007.5,V,2.49,above,11282.0,11007.5,10981.67,11007.5,10955.83,0.47,57.0,0.023,1,2026-09-16,2026-09-18,True,False,5.0,2026-09-18T19:27:47+05:30
GODFRYPHLP,1928.28,V,4.65,above,2018.0,1928.28,1922.57,1928.28,1916.85,0.595,57.3,0.041,1,2026-09-16,2026-09-18,True,False,5.0,2026-09-18T19:27:47+05:30
JUBLFOOD,479.15,V,4.35,above,500.0,479.15,478.1,479.15,477.05,0.439,57.3,0.018,1,2026-09-17,2026-09-18,True,False,5.0,2026-09-18T19:27:47+05:30
AFFLE,1531.18,V,4.72,above,1603.5,1531.18,1527.37,1531.18,1523.55,0.5,57.5,0.034,1,2026-09-16,2026-09-18,True,False,5.0,2026-09-18T19:27:47+05:30
HINDPETRO,349.25,V,2.79,above,359.0,349.25,348.45,349.25,347.65,0.459,57.5,0.033,1,2026-09-16,2026-09-18,True,False,5.0,2026-09-18T19:27:47+05:30
JINDALSAW,283.73,V,2.04,above,289.5,283.73,282.9,283.73,282.08,0.583,58.1,0.034,1,2026-09-16,2026-09-18,True,False,5.0,2026-09-18T19:27:47+05:30
CIEINDIA,374.97,V,3.25,above,387.15,374.97,374.15,374.97,373.32,0.441,59.2,0.025,1,2026-09-16,2026-09-18,True,False,5.0,2026-09-18T19:27:47+05:30
BDL,1148.28,V,4.21,above,1196.6,1148.28,1144.67,1148.28,1141.05,0.632,61.4,0.053,1,2026-09-17,2026-09-18,True,False,5.0,2026-09-18T19:27:47+05:30
ZFCVINDIA,2467.83,V,-3.28,below,2387.0,2467.83,2474.17,2480.5,2467.83,0.512,61.6,0.037,1,2026-09-16,2026-09-18,True,False,5.0,2026-09-18T19:27:47+05:30
SHYAMMETL,1045.72,V,5.19,above,1100.0,1045.72,1043.43,1045.72,1041.15,0.438,62.2,0.016,1,2026-09-16,2026-09-18,True,False,5.0,2026-09-18T19:27:47+05:30
EMMVEE,323.14,V,1.5,above,328.0,323.14,321.78,323.14,320.41,0.847,62.6,0.037,1,2026-09-17,2026-09-18,True,False,5.0,2026-09-18T19:27:47+05:30
JIOFIN,228.76,V,0.49,above,229.89,228.76,228.22,228.76,227.68,0.473,62.7,0.022,1,2026-09-17,2026-09-18,True,False,5.0,2026-09-18T19:27:47+05:30
TECHM,1561.53,V,-1.56,below,1537.1,1561.53,1565.07,1568.6,1561.53,0.452,63.3,0.038,1,2026-09-16,2026-09-18,True,False,5.0,2026-09-18T19:27:47+05:30
BAJFINANCE,1012.75,V,2.72,above,1040.3,1012.75,1010.57,1012.75,1008.38,0.432,64.4,0.029,1,2026-09-16,2026-09-18,True,False,5.0,2026-09-18T19:27:47+05:30
POWERINDIA,31104.17,V,5.13,above,32700.0,31104.17,30978.33,31104.17,30852.5,0.812,64.4,0.057,1,2026-09-17,2026-09-18,True,False,5.0,2026-09-18T19:27:47+05:30
IIFL,583.81,V,2.81,above,600.2,583.81,581.92,583.81,580.03,0.65,64.7,0.026,1,2026-09-16,2026-09-18,True,False,5.0,2026-09-18T19:27:47+05:30
ADANIPOWER,205.32,V,0.63,above,206.6,205.32,204.71,205.32,204.11,0.589,65.2,0.053,1,2026-09-17,2026-09-18,True,False,5.0,2026-09-18T19:27:47+05:30
ABCAPITAL,388.83,V,5.46,above,410.05,388.83,387.67,388.83,386.5,0.602,65.8,0.038,1,2026-09-17,2026-09-18,True,False,5.0,2026-09-18T19:27:47+05:30
CASTROLIND,191.43,V,2.99,above,197.14,191.43,191.13,191.43,190.83,0.309,67.7,0.013,1,2026-09-17,2026-09-18,True,False,5.0,2026-09-18T19:27:47+05:30
GLAND,2898.73,V,2.18,above,2961.9,2898.73,2889.67,2898.73,2880.6,0.628,67.7,0.04,1,2026-09-17,2026-09-18,True,False,5.0,2026-09-18T19:27:47+05:30
360ONE,1057.88,V,1.44,above,1073.1,1057.88,1054.47,1057.88,1051.05,0.648,68.8,0.032,1,2026-09-17,2026-09-18,True,False,5.0,2026-09-18T19:27:47+05:30
ANANTRAJ,594.53,V,1.95,above,606.15,594.53,592.17,594.53,589.8,0.799,69.3,0.07,1,2026-09-17,2026-09-18,True,False,5.0,2026-09-18T19:27:47+05:30
GALLANTT,532.2,V,2.81,above,547.15,532.2,529.78,532.2,527.37,0.912,69.6,0.069,1,2026-09-16,2026-09-18,True,False,5.0,2026-09-18T19:27:47+05:30
NUVOCO,315.18,V,4.26,above,328.6,315.18,314.17,315.18,313.15,0.647,71.0,0.037,1,2026-09-16,2026-09-18,True,False,5.0,2026-09-18T19:27:47+05:30
SPLPETRO,789.68,V,9.63,above,865.7,789.68,786.67,789.68,783.65,0.767,71.2,0.038,1,2026-09-16,2026-09-18,True,False,5.0,2026-09-18T19:27:47+05:30
DIVISLAB,9299.75,V,0.81,above,9375.0,9299.75,9276.5,9299.75,9253.25,0.501,72.1,0.024,1,2026-09-17,2026-09-18,True,False,5.0,2026-09-18T19:27:47+05:30
RKFORGE,702.93,V,3.01,above,724.1,702.93,700.4,702.93,697.88,0.721,72.9,0.048,1,2026-09-17,2026-09-18,True,False,5.0,2026-09-18T19:27:47+05:30
PIIND,2300.67,V,2.87,above,2366.8,2300.67,2294.33,2300.67,2288.0,0.552,74.2,0.017,1,2026-09-17,2026-09-18,True,False,5.0,2026-09-18T19:27:47+05:30
INDIGO,4830.33,V,1.86,above,4920.0,4830.33,4815.67,4830.33,4801.0,0.609,75.3,0.027,1,2026-09-17,2026-09-18,True,False,5.0,2026-09-18T19:27:47+05:30
WELSPUNLIV,201.95,V,6.3,above,214.66,201.95,201.07,201.95,200.19,0.87,76.2,0.044,1,2026-09-16,2026-09-18,True,False,5.0,2026-09-18T19:27:47+05:30
AIAENG,3842.85,V,3.39,above,3973.3,3842.85,3830.5,3842.85,3818.15,0.645,77.0,0.05,1,2026-09-16,2026-09-18,True,False,5.0,2026-09-18T19:27:47+05:30
TECHNOE,966.68,V,6.6,above,1030.45,966.68,962.32,966.68,957.95,0.908,77.0,0.042,1,2026-09-16,2026-09-18,True,False,5.0,2026-09-18T19:27:47+05:30
DLF,637.76,V,1.03,above,644.35,637.76,635.52,637.76,633.27,0.705,77.3,0.028,1,2026-09-17,2026-09-18,True,False,5.0,2026-09-18T19:27:47+05:30
CHOICEIN,732.05,V,4.34,above,763.85,732.05,729.92,732.05,727.78,0.585,78.4,0.024,1,2026-09-16,2026-09-18,True,False,5.0,2026-09-18T19:27:47+05:30
NLCINDIA,261.28,V,2.88,above,268.8,261.28,260.27,261.28,259.25,0.781,78.6,0.048,1,2026-09-17,2026-09-18,True,False,5.0,2026-09-18T19:27:47+05:30
BIOCON,378.75,V,1.65,above,385.0,378.75,377.5,378.75,376.25,0.662,78.9,0.028,1,2026-09-17,2026-09-18,True,False,5.0,2026-09-18T19:27:47+05:30
HAL,4773.0,V,0.57,above,4800.3,4773.0,4758.0,4773.0,4743.0,0.631,78.9,0.035,1,2026-09-17,2026-09-18,True,False,5.0,2026-09-18T19:27:47+05:30
JSWSTEEL,1245.47,V,2.42,above,1275.6,1245.47,1242.03,1245.47,1238.6,0.553,79.2,0.025,1,2026-09-16,2026-09-18,True,False,5.0,2026-09-18T19:27:47+05:30
CGPOWER,876.62,V,1.75,above,892.0,876.62,873.23,876.62,869.85,0.775,81.4,0.034,1,2026-09-17,2026-09-18,True,False,5.0,2026-09-18T19:27:47+05:30
OBEROIRLTY,1700.82,V,4.95,above,1785.0,1700.82,1694.73,1700.82,1688.65,0.718,81.9,0.044,1,2026-09-16,2026-09-18,True,False,5.0,2026-09-18T19:27:47+05:30
PVRINOX,1267.33,V,4.53,above,1324.7,1267.33,1261.97,1267.33,1256.6,0.851,83.6,0.028,1,2026-09-17,2026-09-18,True,False,5.0,2026-09-18T19:27:47+05:30
TCS,2197.68,V,-4.22,below,2105.0,2197.68,2205.37,2213.05,2197.68,0.697,85.5,0.029,1,2026-09-17,2026-09-18,True,False,5.0,2026-09-18T19:27:47+05:30
PIRAMALFIN,2241.98,V,2.6,above,2300.2,2241.98,2230.17,2241.98,2218.35,1.06,85.7,0.05,1,2026-09-17,2026-09-18,True,False,5.0,2026-09-18T19:27:47+05:30
PCBL,327.87,V,2.69,above,336.7,327.87,326.35,327.87,324.82,0.935,85.8,0.048,1,2026-09-17,2026-09-18,True,False,5.0,2026-09-18T19:27:47+05:30
DEEPAKFERT,1307.98,V,2.69,above,1343.2,1307.98,1300.97,1307.98,1293.95,1.079,86.3,0.044,1,2026-09-16,2026-09-18,True,False,5.0,2026-09-18T19:27:47+05:30
ENRIN,3092.92,V,4.37,above,3228.0,3092.92,3076.73,3092.92,3060.55,1.052,86.3,0.025,1,2026-09-17,2026-09-18,True,False,5.0,2026-09-18T19:27:47+05:30
CARBORUNIV,1046.67,V,7.43,above,1124.4,1046.67,1041.73,1046.67,1036.8,0.947,87.1,0.033,1,2026-09-16,2026-09-18,True,False,5.0,2026-09-18T19:27:47+05:30
EIHOTEL,298.6,V,6.46,above,317.9,298.6,297.3,298.6,296.0,0.875,87.1,0.03,1,2026-09-17,2026-09-18,True,False,5.0,2026-09-18T19:27:47+05:30
SYRMA,1607.05,V,7.58,above,1728.9,1607.05,1596.4,1607.05,1585.75,1.334,87.7,0.045,1,2026-09-17,2026-09-18,True,False,5.0,2026-09-18T19:27:47+05:30
KPIL,1384.08,V,4.44,above,1445.5,1384.08,1377.27,1384.08,1370.45,0.99,87.9,0.045,1,2026-09-16,2026-09-18,True,False,5.0,2026-09-18T19:27:47+05:30
ASTRAL,1391.93,V,2.57,above,1427.7,1391.93,1384.97,1391.93,1378.0,1.006,89.9,0.034,1,2026-09-17,2026-09-18,True,False,5.0,2026-09-18T19:27:47+05:30
VIJAYA,1431.18,V,8.92,above,1558.9,1431.18,1424.07,1431.18,1416.95,0.999,90.1,0.036,1,2026-09-16,2026-09-18,True,False,5.0,2026-09-18T19:27:47+05:30
ANANDRATHI,2197.63,V,1.45,above,2229.4,2197.63,2189.07,2197.63,2180.5,0.783,91.0,0.022,1,2026-09-16,2026-09-18,True,False,5.0,2026-09-18T19:27:47+05:30
APARINDS,17668.83,V,6.73,above,18858.0,17668.83,17536.67,17668.83,17404.5,1.507,91.0,0.054,1,2026-09-17,2026-09-18,True,False,5.0,2026-09-18T19:27:47+05:30
ADANIENSOL,1378.42,V,4.18,above,1436.1,1378.42,1370.03,1378.42,1361.65,1.224,91.5,0.03,1,2026-09-17,2026-09-18,True,False,5.0,2026-09-18T19:27:47+05:30
USHAMART,493.02,V,2.88,above,507.2,493.02,490.38,493.02,487.75,1.074,91.5,0.031,1,2026-09-17,2026-09-18,True,False,5.0,2026-09-18T19:27:47+05:30
BHEL,426.39,V,3.17,above,439.9,426.39,423.58,426.39,420.77,1.326,91.8,0.042,1,2026-09-17,2026-09-18,True,False,5.0,2026-09-18T19:27:47+05:30
INDIAMART,1670.27,V,-1.43,below,1646.3,1670.27,1677.83,1685.4,1670.27,0.902,91.8,0.025,1,2026-09-17,2026-09-18,True,False,5.0,2026-09-18T19:27:47+05:30
ZENTEC,1651.13,V,2.2,above,1687.4,1651.13,1639.47,1651.13,1627.8,1.423,92.1,0.017,1,2026-09-16,2026-09-18,True,False,5.0,2026-09-18T19:27:47+05:30
MPHASIS,2329.57,V,-1.25,below,2300.4,2329.57,2342.43,2355.3,2329.57,1.099,92.6,0.026,1,2026-09-16,2026-09-18,True,False,5.0,2026-09-18T19:27:47+05:30
ZYDUSLIFE,1130.07,V,2.65,above,1160.0,1130.07,1125.03,1130.07,1120.0,0.895,92.6,0.023,1,2026-09-17,2026-09-18,True,False,5.0,2026-09-18T19:27:47+05:30
GRANULES,865.63,V,1.14,above,875.5,865.63,860.87,865.63,856.1,1.107,93.4,0.038,1,2026-09-17,2026-09-18,True,False,5.0,2026-09-18T19:27:47+05:30
MCX,3187.65,V,2.27,above,3260.0,3187.65,3164.1,3187.65,3140.55,1.489,93.4,0.058,1,2026-09-16,2026-09-18,True,False,5.0,2026-09-18T19:27:47+05:30
HEG,224.1,V,5.78,above,237.05,224.1,222.4,224.1,220.7,1.529,94.0,0.043,1,2026-09-17,2026-09-18,True,False,5.0,2026-09-18T19:27:47+05:30
CDSL,1341.9,V,3.58,above,1390.0,1341.9,1334.4,1341.9,1326.9,1.124,94.2,0.034,1,2026-09-17,2026-09-18,True,False,5.0,2026-09-18T19:27:47+05:30
ICICIPRULI,487.94,V,0.83,above,492.0,487.94,485.38,487.94,482.82,1.054,94.2,0.021,1,2026-09-17,2026-09-18,True,False,5.0,2026-09-18T19:27:47+05:30
APLAPOLLO,2109.03,V,7.64,above,2270.1,2109.03,2098.07,2109.03,2087.1,1.045,94.8,0.016,1,2026-09-16,2026-09-18,True,False,5.0,2026-09-18T19:27:47+05:30
INDGN,588.33,V,2.0,above,600.1,588.33,584.92,588.33,581.5,1.168,95.1,0.023,1,2026-09-17,2026-09-18,True,False,5.0,2026-09-18T19:27:47+05:30
BEML,1972.82,V,8.22,above,2135.0,1972.82,1953.73,1972.82,1934.65,1.954,95.9,0.025,1,2026-09-16,2026-09-18,True,False,5.0,2026-09-18T19:27:47+05:30
ACE,1196.1,V,2.77,above,1229.2,1196.1,1186.6,1196.1,1177.1,1.601,96.7,0.049,1,2026-09-17,2026-09-18,True,False,5.0,2026-09-18T19:27:47+05:30
JWL,231.21,NARROW,-0.47,below,230.13,231.21,231.22,231.22,231.21,0.004,1.4,0.038,0,2026-09-17,2026-09-18,False,True,5.0,2026-09-18T19:27:47+05:30
EIDPARRY,702.98,NARROW,-0.32,below,700.7,702.98,703.02,703.06,702.98,0.012,1.6,0.027,0,2026-09-17,2026-09-18,False,True,5.0,2026-09-18T19:27:47+05:30
FIRSTCRY,169.24,NARROW,1.72,above,172.15,169.24,169.23,169.24,169.23,0.01,1.9,0.045,0,2026-09-17,2026-09-18,False,True,5.0,2026-09-18T19:27:47+05:30
CYIENT,1054.65,NARROW,1.77,above,1073.3,1054.65,1054.6,1054.65,1054.55,0.009,2.5,0.026,0,2026-09-16,2026-09-18,False,True,5.0,2026-09-18T19:27:47+05:30
INDUSINDBK,958.12,NARROW,0.85,above,966.3,958.12,958.03,958.12,957.95,0.017,3.3,0.026,0,2026-09-17,2026-09-18,False,True,5.0,2026-09-18T19:27:47+05:30
NTPCGREEN,87.59,NARROW,1.1,above,88.55,87.59,87.59,87.59,87.58,0.008,3.6,0.013,0,2026-09-17,2026-09-18,False,True,5.0,2026-09-18T19:27:47+05:30
GAIL,172.03,NARROW,1.09,above,173.9,172.03,172.02,172.03,172.01,0.012,3.8,0.015,0,2026-09-17,2026-09-18,False,True,5.0,2026-09-18T19:27:47+05:30
BLS,226.63,NARROW,-0.06,below,226.5,226.63,226.67,226.71,226.63,0.031,4.1,0.032,0,2026-09-16,2026-09-18,False,True,5.0,2026-09-18T19:27:47+05:30
ERIS,1303.75,NARROW,1.35,above,1321.3,1303.75,1303.57,1303.75,1303.38,0.028,4.9,0.029,0,2026-09-16,2026-09-18,False,True,5.0,2026-09-18T19:27:47+05:30
3MINDIA,32575.0,WIDE,4.67,above,34095.0,32575.0,32361.67,32575.0,32148.33,1.318,97.3,0.027,0,2026-09-16,2026-09-18,False,False,5.0,2026-09-18T19:27:47+05:30
ALKEM,5319.42,WIDE,2.77,above,5466.5,5319.42,5290.33,5319.42,5261.25,1.099,97.5,0.024,0,2026-09-17,2026-09-18,False,False,5.0,2026-09-18T19:27:47+05:30
AFCONS,261.03,WIDE,0.91,inside,263.4,261.03,261.03,264.17,257.9,2.401,99.2,0.023,0,2026-09-17,2026-09-18,False,False,5.0,2026-09-18T19:27:47+05:30
HDFCLIFE,549.3,WIDE,0.3,inside,550.95,549.3,549.3,553.15,545.45,1.402,99.2,0.02,0,2026-09-17,2026-09-18,False,False,5.0,2026-09-18T19:27:47+05:30
LALPATHLAB,1915.23,WIDE,-0.96,below,1896.9,1915.23,1934.77,1954.3,1915.23,2.019,99.2,0.043,0,2026-09-16,2026-09-18,False,False,5.0,2026-09-18T19:27:47+05:30
SBILIFE,1742.33,WIDE,-0.65,inside,1731.0,1742.33,1742.33,1754.62,1730.05,1.41,99.5,0.015,0,2026-09-17,2026-09-18,False,False,5.0,2026-09-18T19:27:47+05:30
YESBANK,23.13,TOUCHED,-1.79,below,22.72,23.13,23.14,23.14,23.13,0.043,5.5,0.04,0,2026-09-17,2026-09-18,False,False,5.0,2026-09-18T19:27:47+05:30
ENGINERSIN,263.95,TOUCHED,0.91,above,266.35,263.95,263.88,263.95,263.82,0.051,6.0,0.038,0,2026-09-17,2026-09-18,False,False,5.0,2026-09-18T19:27:47+05:30
ITC,266.23,TOUCHED,-1.48,below,262.3,266.23,266.27,266.3,266.23,0.025,6.3,0.02,0,2026-09-17,2026-09-18,False,False,5.0,2026-09-18T19:27:47+05:30
SOLARINDS,18820.83,TOUCHED,-1.41,below,18555.0,18820.83,18826.67,18832.5,18820.83,0.062,6.3,0.057,0,2026-09-17,2026-09-18,False,False,5.0,2026-09-18T19:27:47+05:30
UNIONBANK,178.13,TOUCHED,-0.88,below,176.56,178.13,178.18,178.22,178.13,0.051,6.6,0.04,0,2026-09-17,2026-09-18,False,False,5.0,2026-09-18T19:27:47+05:30
CUB,232.0,TOUCHED,1.63,above,235.79,232.0,231.94,232.0,231.88,0.052,6.8,0.034,0,2026-09-17,2026-09-18,False,False,5.0,2026-09-18T19:27:47+05:30
DALBHARAT,1693.32,TOUCHED,4.02,above,1761.4,1693.32,1693.03,1693.32,1692.75,0.033,6.8,0.025,0,2026-09-16,2026-09-18,False,False,5.0,2026-09-18T19:27:47+05:30
IGL,148.71,TOUCHED,-0.1,below,148.56,148.71,148.75,148.78,148.71,0.052,6.8,0.046,0,2026-09-17,2026-09-18,False,False,5.0,2026-09-18T19:27:47+05:30
SIGNATURE,752.36,TOUCHED,0.61,above,756.95,752.36,752.22,752.36,752.07,0.038,6.8,0.029,0,2026-09-16,2026-09-18,False,False,5.0,2026-09-18T19:27:47+05:30
PFIZER,4012.75,TOUCHED,-0.26,below,4002.4,4012.75,4013.43,4014.12,4012.75,0.034,7.1,0.025,0,2026-09-17,2026-09-18,False,False,5.0,2026-09-18T19:27:47+05:30
AARTIIND,476.48,TOUCHED,3.08,above,491.15,476.48,476.35,476.48,476.23,0.052,7.4,0.03,0,2026-09-17,2026-09-18,False,False,5.0,2026-09-18T19:27:47+05:30
TRIDENT,23.1,TOUCHED,0.54,above,23.22,23.1,23.09,23.1,23.09,0.043,7.4,0.027,0,2026-09-17,2026-09-18,False,False,5.0,2026-09-18T19:27:47+05:30
BHARTIARTL,1836.75,TOUCHED,3.08,above,1893.3,1836.75,1836.5,1836.75,1836.25,0.027,7.7,0.014,0,2026-09-17,2026-09-18,False,False,5.0,2026-09-18T19:27:47+05:30
RPOWER,21.09,TOUCHED,0.19,above,21.13,21.09,21.08,21.09,21.06,0.127,7.9,0.073,0,2026-09-17,2026-09-18,False,False,5.0,2026-09-18T19:27:47+05:30
ACMESOLAR,411.88,TOUCHED,5.68,above,435.25,411.88,411.68,411.88,411.49,0.093,8.2,0.05,0,2026-09-17,2026-09-18,False,False,5.0,2026-09-18T19:27:47+05:30
ATHERENERG,1549.23,TOUCHED,5.86,above,1640.0,1549.23,1548.47,1549.23,1547.7,0.099,8.4,0.063,0,2026-09-17,2026-09-18,False,False,5.0,2026-09-18T19:27:47+05:30
BOSCHLTD,47565.83,TOUCHED,-1.19,below,47000.0,47565.83,47576.67,47587.5,47565.83,0.046,8.5,0.029,0,2026-09-16,2026-09-18,False,False,5.0,2026-09-18T19:27:47+05:30
WIPRO,166.37,TOUCHED,0.28,above,166.83,166.37,166.34,166.37,166.31,0.036,8.8,0.013,0,2026-09-17,2026-09-18,False,False,5.0,2026-09-18T19:27:47+05:30
JSWCEMENT,116.61,TOUCHED,0.71,above,117.44,116.61,116.58,116.61,116.54,0.054,9.1,0.027,0,2026-09-17,2026-09-18,False,False,5.0,2026-09-18T19:27:47+05:30
NMDC,80.83,TOUCHED,-2.07,below,79.15,80.83,80.85,80.88,80.83,0.062,9.3,0.028,0,2026-09-17,2026-09-18,False,False,5.0,2026-09-18T19:27:47+05:30
PFC,346.12,TOUCHED,-1.03,below,342.55,346.12,346.25,346.38,346.12,0.072,9.3,0.032,0,2026-09-16,2026-09-18,False,False,5.0,2026-09-18T19:27:47+05:30
CANBK,123.81,TOUCHED,-0.02,below,123.78,123.81,123.84,123.87,123.81,0.048,9.6,0.023,0,2026-09-17,2026-09-18,False,False,5.0,2026-09-18T19:27:47+05:30
JAINREC,274.52,TOUCHED,0.63,above,276.25,274.52,274.37,274.52,274.21,0.115,10.4,0.061,0,2026-09-17,2026-09-18,False,False,5.0,2026-09-18T19:27:47+05:30
LEMONTREE,104.17,TOUCHED,2.21,above,106.47,104.17,104.13,104.17,104.1,0.07,11.0,0.023,0,2026-09-17,2026-09-18,False,False,5.0,2026-09-18T19:27:47+05:30
MGL,1072.45,TOUCHED,0.86,above,1081.7,1072.45,1072.03,1072.45,1071.62,0.078,11.0,0.034,0,2026-09-17,2026-09-18,False,False,5.0,2026-09-18T19:27:47+05:30
ADANIENT,2926.0,TOUCHED,3.21,above,3020.0,2926.0,2925.07,2926.0,2924.13,0.064,11.2,0.026,0,2026-09-17,2026-09-18,False,False,5.0,2026-09-18T19:27:47+05:30
VMM,101.35,TOUCHED,1.28,above,102.65,101.35,101.31,101.35,101.28,0.072,11.2,0.032,0,2026-09-17,2026-09-18,False,False,5.0,2026-09-18T19:27:47+05:30
THERMAX,3535.22,TOUCHED,0.47,above,3551.9,3535.22,3533.63,3535.22,3532.05,0.09,12.9,0.023,0,2026-09-16,2026-09-18,False,False,5.0,2026-09-18T19:27:47+05:30
NH,1867.85,TOUCHED,3.25,above,1928.5,1867.85,1867.1,1867.85,1866.35,0.08,13.2,0.034,0,2026-09-17,2026-09-18,False,False,5.0,2026-09-18T19:27:47+05:30
TRENT,2787.83,TOUCHED,1.3,above,2824.0,2787.83,2786.67,2787.83,2785.5,0.084,13.2,0.044,0,2026-09-17,2026-09-18,False,False,5.0,2026-09-18T19:27:47+05:30
CESC,141.73,TOUCHED,-0.14,below,141.53,141.73,141.79,141.85,141.73,0.085,13.7,0.037,0,2026-09-16,2026-09-18,False,False,5.0,2026-09-18T19:27:47+05:30
KEC,401.76,TOUCHED,0.62,above,404.25,401.76,401.57,401.76,401.38,0.095,13.7,0.023,0,2026-09-17,2026-09-18,False,False,5.0,2026-09-18T19:27:47+05:30
NESTLEIND,1382.85,TOUCHED,-0.76,below,1372.4,1382.85,1383.4,1383.95,1382.85,0.08,13.7,0.033,0,2026-09-16,2026-09-18,False,False,5.0,2026-09-18T19:27:47+05:30
VOLTAS,1133.15,TOUCHED,-1.96,below,1110.9,1133.15,1133.77,1134.38,1133.15,0.109,13.7,0.037,0,2026-09-17,2026-09-18,False,False,5.0,2026-09-18T19:27:47+05:30
RAILTEL,259.8,TOUCHED,2.0,above,265.0,259.8,259.62,259.8,259.43,0.141,14.0,0.041,0,2026-09-17,2026-09-18,False,False,5.0,2026-09-18T19:27:47+05:30
FSL,273.5,TOUCHED,-0.02,inside,273.45,273.5,273.5,273.7,273.3,0.146,15.3,0.034,0,2026-09-17,2026-09-18,False,False,5.0,2026-09-18T19:27:47+05:30
UTIAMC,895.65,TOUCHED,-0.07,below,895.0,895.65,896.1,896.55,895.65,0.1,15.3,0.031,0,2026-09-16,2026-09-18,False,False,5.0,2026-09-18T19:27:47+05:30
ELECON,414.25,TOUCHED,1.68,above,421.2,414.25,413.9,414.25,413.55,0.169,15.6,0.036,0,2026-09-17,2026-09-18,False,False,5.0,2026-09-18T19:27:47+05:30
TIINDIA,2597.03,TOUCHED,0.11,above,2600.0,2597.03,2595.27,2597.03,2593.5,0.136,15.6,0.038,0,2026-09-17,2026-09-18,False,False,5.0,2026-09-18T19:27:47+05:30
ELGIEQUIP,594.4,TOUCHED,2.55,above,609.55,594.4,594.03,594.4,593.67,0.123,15.9,0.049,0,2026-09-17,2026-09-18,False,False,5.0,2026-09-18T19:27:47+05:30
SUNDARMFIN,4669.28,TOUCHED,1.31,above,4730.6,4669.28,4666.17,4669.28,4663.05,0.134,15.9,0.029,0,2026-09-16,2026-09-18,False,False,5.0,2026-09-18T19:27:47+05:30
ZENSARTECH,440.88,TOUCHED,-1.0,below,436.45,440.88,441.2,441.53,440.88,0.147,15.9,0.035,0,2026-09-17,2026-09-18,False,False,5.0,2026-09-18T19:27:47+05:30
BSE,3264.73,TOUCHED,0.05,inside,3266.4,3264.73,3264.73,3267.6,3261.87,0.176,16.4,0.022,0,2026-09-17,2026-09-18,False,False,5.0,2026-09-18T19:27:47+05:30
NATCOPHARM,813.82,TOUCHED,-0.05,below,813.4,813.82,814.35,814.88,813.82,0.129,16.4,0.023,0,2026-09-16,2026-09-18,False,False,5.0,2026-09-18T19:27:47+05:30
UPL,554.47,TOUCHED,4.61,above,580.0,554.47,554.18,554.47,553.9,0.102,16.4,0.02,0,2026-09-17,2026-09-18,False,False,5.0,2026-09-18T19:27:47+05:30
NTPC,329.25,TOUCHED,-1.7,below,323.65,329.25,329.37,329.48,329.25,0.071,16.7,0.015,0,2026-09-17,2026-09-18,False,False,5.0,2026-09-18T19:27:47+05:30
PPLPHARMA,204.59,TOUCHED,1.75,above,208.16,204.59,204.47,204.59,204.35,0.119,16.7,0.038,0,2026-09-17,2026-09-18,False,False,5.0,2026-09-18T19:27:47+05:30
HSCL,654.98,TOUCHED,3.11,above,675.35,654.98,654.43,654.98,653.89,0.166,17.0,0.031,0,2026-09-17,2026-09-18,False,False,5.0,2026-09-18T19:27:47+05:30
JUBLINGREA,631.7,TOUCHED,-1.08,below,624.9,631.7,632.22,632.73,631.7,0.163,17.0,0.034,0,2026-09-17,2026-09-18,False,False,5.0,2026-09-18T19:27:47+05:30
CRISIL,4575.57,TOUCHED,0.04,above,4577.5,4575.57,4572.33,4575.57,4569.1,0.141,17.3,0.049,0,2026-09-16,2026-09-18,False,False,5.0,2026-09-18T19:27:47+05:30
JSWINFRA,326.47,TOUCHED,6.67,above,348.25,326.47,326.3,326.47,326.12,0.107,17.3,0.029,0,2026-09-17,2026-09-18,False,False,5.0,2026-09-18T19:27:47+05:30
ACUTAAS,3324.0,TOUCHED,3.5,above,3440.3,3324.0,3321.03,3324.0,3318.07,0.179,17.5,0.036,0,2026-09-17,2026-09-18,False,False,5.0,2026-09-18T19:27:47+05:30
NCC,135.52,TOUCHED,1.19,above,137.13,135.52,135.43,135.52,135.35,0.123,17.5,0.027,0,2026-09-17,2026-09-18,False,False,5.0,2026-09-18T19:27:47+05:30
BLUEJET,570.08,TOUCHED,0.91,above,575.25,570.08,569.45,570.08,568.83,0.22,18.1,0.045,0,2026-09-17,2026-09-18,False,False,5.0,2026-09-18T19:27:47+05:30
FINCABLES,1394.9,TOUCHED,1.17,above,1411.2,1394.9,1394.0,1394.9,1393.1,0.129,19.5,0.019,0,2026-09-17,2026-09-18,False,False,5.0,2026-09-18T19:27:47+05:30
RECLTD,312.1,TOUCHED,-0.03,below,312.0,312.1,312.28,312.47,312.1,0.117,19.5,0.015,0,2026-09-16,2026-09-18,False,False,5.0,2026-09-18T19:27:47+05:30
SBFC,93.72,TOUCHED,-1.45,below,92.36,93.72,93.78,93.83,93.72,0.124,19.5,0.03,0,2026-09-16,2026-09-18,False,False,5.0,2026-09-18T19:27:47+05:30
COROMANDEL,1934.65,TOUCHED,3.35,above,1999.5,1934.65,1933.03,1934.65,1931.42,0.167,19.7,0.033,0,2026-09-17,2026-09-18,False,False,5.0,2026-09-18T19:27:47+05:30
URBANCO,163.38,TOUCHED,3.51,above,169.11,163.38,163.19,163.38,163.0,0.231,20.2,0.044,0,2026-09-17,2026-09-18,False,False,5.0,2026-09-18T19:27:47+05:30
DABUR,384.32,TOUCHED,2.84,above,395.25,384.32,384.08,384.32,383.85,0.122,20.5,0.031,0,2026-09-17,2026-09-18,False,False,5.0,2026-09-18T19:27:47+05:30
HDBFS,681.08,TOUCHED,2.54,above,698.4,681.08,680.72,681.08,680.35,0.108,20.7,0.023,0,2026-09-17,2026-09-18,False,False,5.0,2026-09-18T19:27:47+05:30
LTFOODS,417.37,TOUCHED,1.4,above,423.2,417.37,416.98,417.37,416.6,0.184,20.8,0.036,0,2026-09-16,2026-09-18,False,False,5.0,2026-09-18T19:27:47+05:30
UNITDSPR,1386.75,TOUCHED,-1.14,below,1371.0,1386.75,1387.83,1388.92,1386.75,0.156,21.6,0.033,0,2026-09-17,2026-09-18,False,False,5.0,2026-09-18T19:27:47+05:30
RELIANCE,1244.58,TOUCHED,-1.46,below,1226.4,1244.58,1245.27,1245.95,1244.58,0.11,22.5,0.025,0,2026-09-17,2026-09-18,False,False,5.0,2026-09-18T19:27:47+05:30
LENSKART,681.88,TOUCHED,3.71,above,707.2,681.88,681.23,681.88,680.59,0.188,23.5,0.029,0,2026-09-17,2026-09-18,False,False,5.0,2026-09-18T19:27:47+05:30
HUDCO,170.04,TOUCHED,2.87,above,174.92,170.04,169.88,170.04,169.71,0.192,24.1,0.035,0,2026-09-17,2026-09-18,False,False,5.0,2026-09-18T19:27:47+05:30
LICI,399.76,TOUCHED,1.99,above,407.7,399.76,399.52,399.76,399.27,0.121,24.1,0.031,0,2026-09-17,2026-09-18,False,False,5.0,2026-09-18T19:27:47+05:30
CAPLIPOINT,2600.54,TOUCHED,5.69,above,2748.6,2600.54,2597.89,2600.54,2595.25,0.204,24.4,0.032,0,2026-09-17,2026-09-18,False,False,5.0,2026-09-18T19:27:47+05:30
JYOTICNC,984.02,TOUCHED,6.67,above,1049.7,984.02,982.97,984.02,981.91,0.215,24.9,0.031,0,2026-09-17,2026-09-18,False,False,5.0,2026-09-18T19:27:47+05:30
GRASIM,3184.82,TOUCHED,0.77,above,3209.2,3184.82,3182.63,3184.82,3180.45,0.137,25.2,0.017,0,2026-09-16,2026-09-18,False,False,5.0,2026-09-18T19:27:47+05:30
FORCEMOT,17554.0,TOUCHED,-0.38,below,17488.0,17554.0,17586.0,17618.0,17554.0,0.364,25.8,0.049,0,2026-09-17,2026-09-18,False,False,5.0,2026-09-18T19:27:47+05:30
IPCALAB,1975.95,TOUCHED,1.7,above,2009.6,1975.95,1974.07,1975.95,1972.18,0.191,26.0,0.032,0,2026-09-17,2026-09-18,False,False,5.0,2026-09-18T19:27:47+05:30
CHALET,843.19,TOUCHED,2.66,above,865.65,843.19,842.28,843.19,841.38,0.216,26.3,0.027,0,2026-09-16,2026-09-18,False,False,5.0,2026-09-18T19:27:47+05:30
GRAPHITE,817.23,TOUCHED,1.67,above,830.85,817.23,816.18,817.23,815.14,0.255,26.3,0.024,0,2026-09-17,2026-09-18,False,False,5.0,2026-09-18T19:27:47+05:30
EMCURE,1916.0,TOUCHED,4.58,above,2003.8,1916.0,1913.93,1916.0,1911.87,0.216,26.8,0.027,0,2026-09-17,2026-09-18,False,False,5.0,2026-09-18T19:27:47+05:30
HFCL,210.55,TOUCHED,2.45,above,215.71,210.55,210.18,210.55,209.82,0.349,27.1,0.031,0,2026-09-17,2026-09-18,False,False,5.0,2026-09-18T19:27:47+05:30
INFY,1056.1,TOUCHED,-0.45,below,1051.4,1056.1,1056.93,1057.77,1056.1,0.158,27.1,0.029,0,2026-09-17,2026-09-18,False,False,5.0,2026-09-18T19:27:47+05:30
INDIANB,840.75,TOUCHED,-0.11,below,839.8,840.75,841.5,842.25,840.75,0.178,27.9,0.025,0,2026-09-16,2026-09-18,False,False,5.0,2026-09-18T19:27:47+05:30
TBOTEK,1654.15,TOUCHED,3.41,above,1710.6,1654.15,1652.0,1654.15,1649.85,0.26,27.9,0.038,0,2026-09-17,2026-09-18,False,False,5.0,2026-09-18T19:27:47+05:30
ASAHIINDIA,954.6,TOUCHED,0.68,above,961.05,954.6,953.3,954.6,952.0,0.273,28.8,0.032,0,2026-09-17,2026-09-18,False,False,5.0,2026-09-18T19:27:47+05:30
PWL,128.5,TOUCHED,6.3,above,136.6,128.5,128.27,128.5,128.03,0.364,28.9,0.07,0,2026-09-17,2026-09-18,False,False,5.0,2026-09-18T19:27:47+05:30
GABRIEL,1293.4,TOUCHED,2.2,above,1321.8,1293.4,1291.1,1293.4,1288.8,0.356,29.0,0.039,0,2026-09-16,2026-09-18,False,False,5.0,2026-09-18T19:27:47+05:30
BATAINDIA,636.08,TOUCHED,0.35,above,638.3,636.08,635.52,636.08,634.95,0.178,29.3,0.022,0,2026-09-17,2026-09-18,False,False,5.0,2026-09-18T19:27:47+05:30
TENNIND,513.3,TOUCHED,0.9,above,517.9,513.3,512.55,513.3,511.8,0.293,29.5,0.013,0,2026-09-17,2026-09-18,False,False,5.0,2026-09-18T19:27:47+05:30
ARE&M,794.56,TOUCHED,0.18,above,796.0,794.56,793.82,794.56,793.07,0.187,29.6,0.022,0,2026-09-17,2026-09-18,False,False,5.0,2026-09-18T19:27:47+05:30
TRAVELFOOD,1230.35,TOUCHED,2.09,above,1256.1,1230.35,1228.7,1230.35,1227.05,0.269,30.1,0.032,0,2026-09-17,2026-09-18,False,False,5.0,2026-09-18T19:27:47+05:30
THELEELA,529.37,TOUCHED,2.11,above,540.55,529.37,528.73,529.37,528.1,0.24,30.5,0.03,0,2026-09-17,2026-09-18,False,False,5.0,2026-09-18T19:27:47+05:30
MAXHEALTH,1035.8,TOUCHED,1.3,above,1049.3,1035.8,1034.6,1035.8,1033.4,0.232,30.7,0.037,0,2026-09-17,2026-09-18,False,False,5.0,2026-09-18T19:27:47+05:30
COLPAL,1865.1,TOUCHED,2.83,above,1917.8,1865.1,1863.4,1865.1,1861.7,0.182,31.0,0.025,0,2026-09-16,2026-09-18,False,False,5.0,2026-09-18T19:27:47+05:30
CONCOR,489.5,TOUCHED,3.07,above,504.55,489.5,489.05,489.5,488.6,0.184,31.0,0.034,0,2026-09-17,2026-09-18,False,False,5.0,2026-09-18T19:27:47+05:30
BELRISE,230.33,TOUCHED,4.28,above,240.18,230.33,230.01,230.33,229.69,0.278,31.2,0.035,0,2026-09-17,2026-09-18,False,False,5.0,2026-09-18T19:27:47+05:30
HOMEFIRST,1174.4,TOUCHED,5.7,above,1241.3,1174.4,1172.9,1174.4,1171.4,0.256,31.2,0.037,0,2026-09-16,2026-09-18,False,False,5.0,2026-09-18T19:27:47+05:30
INOXWIND,74.4,TOUCHED,3.22,above,76.8,74.4,74.3,74.4,74.2,0.274,31.2,0.041,0,2026-09-17,2026-09-18,False,False,5.0,2026-09-18T19:27:47+05:30
SRF,2527.5,TOUCHED,-0.61,below,2512.0,2527.5,2530.33,2533.17,2527.5,0.224,31.8,0.028,0,2026-09-17,2026-09-18,False,False,5.0,2026-09-18T19:27:47+05:30
SAMMAANCAP,142.94,TOUCHED,0.69,above,143.92,142.94,142.7,142.94,142.46,0.334,32.3,0.041,0,2026-09-17,2026-09-18,False,False,5.0,2026-09-18T19:27:47+05:30
CCL,1064.38,TOUCHED,0.11,above,1065.6,1064.38,1063.27,1064.38,1062.15,0.21,32.6,0.021,0,2026-09-16,2026-09-18,False,False,5.0,2026-09-18T19:27:47+05:30
NHPC,75.43,TOUCHED,2.01,above,76.95,75.43,75.36,75.43,75.28,0.208,32.9,0.031,0,2026-09-17,2026-09-18,False,False,5.0,2026-09-18T19:27:47+05:30
LATENTVIEW,254.63,TOUCHED,0.28,above,255.35,254.63,254.27,254.63,253.9,0.288,33.2,0.026,0,2026-09-17,2026-09-18,False,False,5.0,2026-09-18T19:27:47+05:30
M&M,3080.13,TOUCHED,-0.91,below,3052.0,3080.13,3083.77,3087.4,3080.13,0.236,33.2,0.026,0,2026-09-17,2026-09-18,False,False,5.0,2026-09-18T19:27:47+05:30
PERSISTENT,5446.67,TOUCHED,-0.56,below,5416.0,5446.67,5453.33,5460.0,5446.67,0.244,33.2,0.016,0,2026-09-16,2026-09-18,False,False,5.0,2026-09-18T19:27:47+05:30
IOC,134.67,TOUCHED,1.73,above,137.0,134.67,134.53,134.67,134.4,0.196,34.0,0.02,0,2026-09-17,2026-09-18,False,False,5.0,2026-09-18T19:27:47+05:30
TATATECH,755.8,TOUCHED,-4.41,below,722.45,755.8,756.78,757.77,755.8,0.26,35.1,0.037,0,2026-09-17,2026-09-18,False,False,5.0,2026-09-18T19:27:47+05:30
ATGL,588.75,TOUCHED,12.22,above,660.7,588.75,588.0,588.75,587.25,0.255,35.3,0.031,0,2026-09-16,2026-09-18,False,False,5.0,2026-09-18T19:27:47+05:30
IDEA,14.25,TOUCHED,-2.29,below,13.92,14.25,14.27,14.3,14.25,0.374,35.3,0.044,0,2026-09-17,2026-09-18,False,False,5.0,2026-09-18T19:27:47+05:30
NSLNISP,41.58,TOUCHED,2.46,above,42.6,41.58,41.52,41.58,41.45,0.297,35.3,0.033,0,2026-09-17,2026-09-18,False,False,5.0,2026-09-18T19:27:47+05:30
JKTYRE,345.07,TOUCHED,1.24,above,349.35,345.07,344.48,345.07,343.89,0.344,36.4,0.031,0,2026-09-16,2026-09-18,False,False,5.0,2026-09-18T19:27:47+05:30
MAZDOCK,2220.45,TOUCHED,2.68,above,2280.0,2220.45,2216.97,2220.45,2213.48,0.314,36.7,0.042,0,2026-09-17,2026-09-18,False,False,5.0,2026-09-18T19:27:47+05:30
OLAELEC,36.88,TOUCHED,-1.33,below,36.39,36.88,36.97,37.06,36.88,0.496,36.7,0.064,0,2026-09-17,2026-09-18,False,False,5.0,2026-09-18T19:27:47+05:30
ITI,255.11,TOUCHED,0.47,above,256.3,255.11,254.72,255.11,254.32,0.308,37.0,0.032,0,2026-09-16,2026-09-18,False,False,5.0,2026-09-18T19:27:47+05:30
NEULANDLAB,22580.0,TOUCHED,1.15,above,22840.0,22580.0,22535.0,22580.0,22490.0,0.399,37.0,0.032,0,2026-09-16,2026-09-18,False,False,5.0,2026-09-18T19:27:47+05:30
KPITTECH,556.73,TOUCHED,-4.44,below,532.0,556.73,557.58,558.44,556.73,0.308,37.3,0.044,0,2026-09-17,2026-09-18,False,False,5.0,2026-09-18T19:27:47+05:30
GRAVITA,1614.17,TOUCHED,-0.98,below,1598.4,1614.17,1616.73,1619.3,1614.17,0.318,38.1,0.033,0,2026-09-17,2026-09-18,False,False,5.0,2026-09-18T19:27:47+05:30
NATIONALUM,356.29,TOUCHED,-1.63,below,350.5,356.29,356.88,357.48,356.29,0.332,38.4,0.041,0,2026-09-17,2026-09-18,False,False,5.0,2026-09-18T19:27:47+05:30
SUNTV,463.13,TOUCHED,-2.47,below,451.7,463.13,463.82,464.5,463.13,0.295,38.6,0.024,0,2026-09-16,2026-09-18,False,False,5.0,2026-09-18T19:27:47+05:30
TATACAP,344.82,TOUCHED,1.89,above,351.35,344.82,344.43,344.82,344.04,0.227,38.7,0.015,0,2026-09-17,2026-09-18,False,False,5.0,2026-09-18T19:27:47+05:30
DCMSHRIRAM,988.45,TOUCHED,0.66,above,995.0,988.45,986.97,988.45,985.48,0.301,38.9,0.024,0,2026-09-17,2026-09-18,False,False,5.0,2026-09-18T19:27:47+05:30
SWIGGY,274.82,TOUCHED,-0.65,below,273.05,274.82,275.38,275.94,274.82,0.405,38.9,0.045,0,2026-09-17,2026-09-18,False,False,5.0,2026-09-18T19:27:47+05:30
JSL,729.53,TOUCHED,2.94,above,750.95,729.53,728.22,729.53,726.9,0.362,39.5,0.043,0,2026-09-16,2026-09-18,False,False,5.0,2026-09-18T19:27:47+05:30
ESCORTS,2819.73,TOUCHED,-0.76,below,2798.2,2819.73,2823.87,2828.0,2819.73,0.293,39.7,0.041,0,2026-09-16,2026-09-18,False,False,5.0,2026-09-18T19:27:47+05:30
ANGELONE,295.45,TOUCHED,1.24,above,299.1,295.45,294.8,295.45,294.15,0.441,40.0,0.029,0,2026-09-16,2026-09-18,False,False,5.0,2026-09-18T19:27:47+05:30
EMAMILTD,369.83,TOUCHED,-0.37,below,368.45,369.83,370.37,370.9,369.83,0.288,40.5,0.025,0,2026-09-16,2026-09-18,False,False,5.0,2026-09-18T19:27:47+05:30
TATACONSUM,1009.65,TOUCHED,-1.35,below,996.0,1009.65,1011.0,1012.35,1009.65,0.267,40.8,0.027,0,2026-09-17,2026-09-18,False,False,5.0,2026-09-18T19:27:47+05:30
CHOLAHLDNG,1507.13,TOUCHED,0.04,inside,1507.7,1507.13,1507.13,1509.77,1504.5,0.349,41.1,0.026,0,2026-09-16,2026-09-18,False,False,5.0,2026-09-18T19:27:47+05:30
AIIL,530.83,TOUCHED,5.31,above,559.0,530.83,529.62,530.83,528.41,0.456,41.9,0.044,0,2026-09-17,2026-09-18,False,False,5.0,2026-09-18T19:27:47+05:30
EICHERMOT,7511.67,TOUCHED,0.06,inside,7516.0,7511.67,7511.67,7520.75,7502.58,0.242,41.9,0.023,0,2026-09-17,2026-09-18,False,False,5.0,2026-09-18T19:27:47+05:30
BBTC,1414.63,TOUCHED,6.89,above,1512.1,1414.63,1412.57,1414.63,1410.5,0.293,42.2,0.03,0,2026-09-16,2026-09-18,False,False,5.0,2026-09-18T19:27:47+05:30
COHANCE,438.17,TOUCHED,-0.04,inside,438.0,438.17,438.17,439.06,437.27,0.407,42.2,0.022,0,2026-09-17,2026-09-18,False,False,5.0,2026-09-18T19:27:47+05:30
RAMCOCEM,861.77,TOUCHED,0.93,above,869.75,861.77,860.38,861.77,859.0,0.322,42.5,0.046,0,2026-09-16,2026-09-18,False,False,5.0,2026-09-18T19:27:47+05:30
CANHLIFE,154.45,TOUCHED,-0.56,below,153.59,154.45,154.76,155.06,154.45,0.39,42.6,0.018,0,2026-09-17,2026-09-18,False,False,5.0,2026-09-18T19:27:47+05:30
WHIRLPOOL,728.71,TOUCHED,-1.51,below,717.7,728.71,730.02,731.33,728.71,0.358,42.7,0.045,0,2026-09-17,2026-09-18,False,False,5.0,2026-09-18T19:27:47+05:30
NAUKRI,1258.2,TOUCHED,-0.56,below,1251.2,1258.2,1260.4,1262.6,1258.2,0.349,43.3,0.023,0,2026-09-16,2026-09-18,False,False,5.0,2026-09-18T19:27:47+05:30
SYNGENE,378.3,TOUCHED,-2.45,below,369.05,378.3,378.9,379.5,378.3,0.317,43.6,0.029,0,2026-09-16,2026-09-18,False,False,5.0,2026-09-18T19:27:47+05:30
CAMS,708.03,TOUCHED,0.0,inside,708.05,708.03,708.03,709.2,706.87,0.33,44.1,0.04,0,2026-09-16,2026-09-18,False,False,5.0,2026-09-18T19:27:47+05:30
KOTAKBANK,415.05,TOUCHED,-0.61,below,412.5,415.05,415.53,416.02,415.05,0.233,44.1,0.022,0,2026-09-17,2026-09-18,False,False,5.0,2026-09-18T19:27:47+05:30
SWANCORP,292.22,TOUCHED,0.94,above,294.95,292.22,291.58,292.22,290.95,0.434,44.7,0.032,0,2026-09-16,2026-09-18,False,False,5.0,2026-09-18T19:27:47+05:30
WOCKPHARMA,2066.8,TOUCHED,0.93,above,2086.1,2066.8,2061.3,2066.8,2055.8,0.534,44.7,0.057,0,2026-09-17,2026-09-18,False,False,5.0,2026-09-18T19:27:47+05:30
CHAMBLFERT,413.18,TOUCHED,0.42,above,414.9,413.18,412.47,413.18,411.75,0.348,44.9,0.035,0,2026-09-17,2026-09-18,False,False,5.0,2026-09-18T19:27:47+05:30
BALRAMCHIN,676.91,TOUCHED,-0.64,below,672.6,676.91,678.12,679.33,676.91,0.356,45.2,0.025,0,2026-09-17,2026-09-18,False,False,5.0,2026-09-18T19:27:47+05:30
APTUS,239.66,TOUCHED,-0.83,below,237.68,239.66,240.16,240.66,239.66,0.416,45.5,0.026,0,2026-09-17,2026-09-18,False,False,5.0,2026-09-18T19:27:47+05:30
IOB,32.2,TOUCHED,-0.09,inside,32.17,32.2,32.2,32.25,32.15,0.311,45.5,0.033,0,2026-09-17,2026-09-18,False,False,5.0,2026-09-18T19:27:47+05:30
JSWENERGY,511.1,TOUCHED,2.92,above,526.0,511.1,510.2,511.1,509.3,0.353,45.5,0.024,0,2026-09-17,2026-09-18,False,False,5.0,2026-09-18T19:27:47+05:30
TEJASNET,520.67,TOUCHED,-0.46,below,518.3,520.67,521.87,523.06,520.67,0.457,45.8,0.041,0,2026-09-17,2026-09-18,False,False,5.0,2026-09-18T19:27:47+05:30
BANKBARODA,234.59,TOUCHED,0.15,above,234.94,234.59,234.2,234.59,233.81,0.333,46.6,0.012,0,2026-09-16,2026-09-18,False,False,5.0,2026-09-18T19:27:47+05:30
MMTC,60.23,TOUCHED,0.07,above,60.27,60.23,60.08,60.23,59.94,0.472,46.6,0.053,0,2026-09-16,2026-09-18,False,False,5.0,2026-09-18T19:27:47+05:30
NYKAA,325.45,TOUCHED,2.06,above,332.15,325.45,324.88,325.45,324.32,0.349,46.6,0.028,0,2026-09-17,2026-09-18,False,False,5.0,2026-09-18T19:27:47+05:30
COALINDIA,418.56,TOUCHED,-2.07,below,409.9,418.56,419.12,419.67,418.56,0.266,47.4,0.022,0,2026-09-17,2026-09-18,False,False,5.0,2026-09-18T19:27:47+05:30
RITES,204.8,TOUCHED,1.19,above,207.23,204.8,204.42,204.8,204.05,0.37,47.7,0.025,0,2026-09-17,2026-09-18,False,False,5.0,2026-09-18T19:27:47+05:30
ABREL,1254.35,TOUCHED,0.94,above,1266.2,1254.35,1251.3,1254.35,1248.25,0.487,49.9,0.024,0,2026-09-17,2026-09-18,False,False,5.0,2026-09-18T19:27:47+05:30
GLENMARK,2411.55,TOUCHED,1.49,above,2447.4,2411.55,2407.1,2411.55,2402.65,0.37,49.9,0.035,0,2026-09-17,2026-09-18,False,False,5.0,2026-09-18T19:27:47+05:30
INTELLECT,652.98,TOUCHED,-0.85,below,647.45,652.98,654.67,656.35,652.98,0.514,49.9,0.042,0,2026-09-17,2026-09-18,False,False,5.0,2026-09-18T19:27:47+05:30
KALYANKJIL,582.8,TOUCHED,-0.16,below,581.85,582.8,584.15,585.5,582.8,0.462,49.9,0.039,0,2026-09-17,2026-09-18,False,False,5.0,2026-09-18T19:27:47+05:30
UCOBANK,23.76,TOUCHED,-0.04,inside,23.75,23.76,23.76,23.8,23.72,0.337,50.1,0.013,0,2026-09-16,2026-09-18,False,False,5.0,2026-09-18T19:27:47+05:30
ANTHEM,925.36,TOUCHED,0.34,above,928.5,925.36,923.32,925.36,921.27,0.442,51.0,0.041,0,2026-09-17,2026-09-18,False,False,5.0,2026-09-18T19:27:47+05:30
CRAFTSMAN,11014.83,TOUCHED,1.12,above,11138.0,11014.83,10989.67,11014.83,10964.5,0.458,51.2,0.057,0,2026-09-16,2026-09-18,False,False,5.0,2026-09-18T19:27:47+05:30
RBLBANK,406.8,TOUCHED,2.24,above,415.9,406.8,405.92,406.8,405.03,0.435,51.2,0.032,0,2026-09-17,2026-09-18,False,False,5.0,2026-09-18T19:27:47+05:30
GILLETTE,7237.75,TOUCHED,-2.28,below,7073.0,7237.75,7250.33,7262.92,7237.75,0.347,51.8,0.026,0,2026-09-16,2026-09-18,False,False,5.0,2026-09-18T19:27:47+05:30
AWL,185.14,TOUCHED,0.99,above,186.98,185.14,184.77,185.14,184.41,0.397,52.1,0.046,0,2026-09-17,2026-09-18,False,False,5.0,2026-09-18T19:27:47+05:30
DMART,3729.55,TOUCHED,0.55,above,3749.9,3729.55,3723.43,3729.55,3717.32,0.329,52.1,0.028,0,2026-09-17,2026-09-18,False,False,5.0,2026-09-18T19:27:47+05:30
GPIL,234.62,TOUCHED,-0.49,below,233.47,234.62,235.24,235.87,234.62,0.53,52.1,0.029,0,2026-09-16,2026-09-18,False,False,5.0,2026-09-18T19:27:47+05:30
SAGILITY,44.92,TOUCHED,1.66,above,45.66,44.92,44.8,44.92,44.68,0.528,52.3,0.045,0,2026-09-17,2026-09-18,False,False,5.0,2026-09-18T19:27:47+05:30
ABDL,649.15,TOUCHED,-0.24,inside,647.6,649.15,649.15,651.12,647.18,0.608,53.2,0.069,0,2026-09-17,2026-09-18,False,False,5.0,2026-09-18T19:27:47+05:30
LTTS,3344.17,TOUCHED,0.1,above,3347.5,3344.17,3336.83,3344.17,3329.5,0.44,53.4,0.042,0,2026-09-16,2026-09-18,False,False,5.0,2026-09-18T19:27:47+05:30
ONGC,233.11,TOUCHED,-0.13,inside,232.8,233.11,233.11,233.45,232.77,0.292,53.4,0.027,0,2026-09-17,2026-09-18,False,False,5.0,2026-09-18T19:27:47+05:30
AXISBANK,1245.3,TOUCHED,0.94,above,1257.0,1245.3,1243.53,1245.3,1241.77,0.284,53.7,0.024,0,2026-09-17,2026-09-18,False,False,5.0,2026-09-18T19:27:47+05:30
BHARTIHEXA,1488.8,TOUCHED,3.45,above,1540.1,1488.8,1485.63,1488.8,1482.47,0.426,54.0,0.038,0,2026-09-16,2026-09-18,False,False,5.0,2026-09-18T19:27:47+05:30
GODREJIND,1130.03,TOUCHED,-2.0,below,1107.4,1130.03,1132.77,1135.5,1130.03,0.483,54.2,0.038,0,2026-09-17,2026-09-18,False,False,5.0,2026-09-18T19:27:47+05:30
NUVAMA,1698.87,TOUCHED,0.87,above,1713.7,1698.87,1694.63,1698.87,1690.4,0.5,54.5,0.025,0,2026-09-16,2026-09-18,False,False,5.0,2026-09-18T19:27:47+05:30
BSOFT,282.02,TOUCHED,-0.57,below,280.4,282.02,282.78,283.55,282.02,0.542,54.8,0.042,0,2026-09-16,2026-09-18,False,False,5.0,2026-09-18T19:27:47+05:30
LLOYDSME,1807.75,TOUCHED,1.05,above,1826.7,1807.75,1803.2,1807.75,1798.65,0.505,55.1,0.033,0,2026-09-16,2026-09-18,False,False,5.0,2026-09-18T19:27:47+05:30
SJVN,64.38,TOUCHED,-0.67,below,63.95,64.38,64.5,64.63,64.38,0.382,55.1,0.027,0,2026-09-17,2026-09-18,False,False,5.0,2026-09-18T19:27:47+05:30
ZEEL,78.77,TOUCHED,-0.19,inside,78.62,78.77,78.77,79.01,78.54,0.588,55.1,0.045,0,2026-09-17,2026-09-18,False,False,5.0,2026-09-18T19:27:47+05:30
IKS,1741.9,TOUCHED,2.18,above,1779.9,1741.9,1737.57,1741.9,1733.23,0.499,55.3,0.023,0,2026-09-17,2026-09-18,False,False,5.0,2026-09-18T19:27:47+05:30
RRKABEL,2409.7,TOUCHED,1.71,above,2450.8,2409.7,2403.3,2409.7,2396.9,0.533,55.6,0.045,0,2026-09-17,2026-09-18,False,False,5.0,2026-09-18T19:27:47+05:30
ABLBL,82.62,TOUCHED,-1.75,below,81.17,82.62,82.82,83.03,82.62,0.499,55.9,0.054,0,2026-09-17,2026-09-18,False,False,5.0,2026-09-18T19:27:47+05:30
HEXT,523.18,TOUCHED,0.26,inside,524.55,523.18,523.18,524.82,521.55,0.624,56.2,0.046,0,2026-09-17,2026-09-18,False,False,5.0,2026-09-18T19:27:47+05:30
SBIN,993.05,TOUCHED,0.32,above,996.2,993.05,991.6,993.05,990.15,0.292,56.4,0.011,0,2026-09-17,2026-09-18,False,False,5.0,2026-09-18T19:27:47+05:30
BAJAJHFL,83.07,TOUCHED,3.02,above,85.58,83.07,82.95,83.07,82.82,0.297,57.0,0.024,0,2026-09-17,2026-09-18,False,False,5.0,2026-09-18T19:27:47+05:30
IEX,113.18,TOUCHED,2.02,above,115.46,113.18,112.95,113.18,112.73,0.395,57.0,0.028,0,2026-09-17,2026-09-18,False,False,5.0,2026-09-18T19:27:47+05:30
LTM,4256.02,TOUCHED,0.45,above,4275.1,4256.02,4246.73,4256.02,4237.45,0.437,57.0,0.032,0,2026-09-17,2026-09-18,False,False,5.0,2026-09-18T19:27:47+05:30
MARICO,806.03,TOUCHED,-0.26,below,803.9,806.03,807.4,808.78,806.03,0.341,57.3,0.02,0,2026-09-16,2026-09-18,False,False,5.0,2026-09-18T19:27:47+05:30
CHOLAFIN,1778.5,TOUCHED,1.21,above,1800.0,1778.5,1774.2,1778.5,1769.9,0.485,57.5,0.041,0,2026-09-16,2026-09-18,False,False,5.0,2026-09-18T19:27:47+05:30
HEROMOTOCO,5292.25,TOUCHED,-0.13,below,5285.5,5292.25,5303.17,5314.08,5292.25,0.412,57.5,0.019,0,2026-09-17,2026-09-18,False,False,5.0,2026-09-18T19:27:47+05:30
AEGISLOG,1366.0,TOUCHED,3.62,above,1415.4,1366.0,1361.93,1366.0,1357.87,0.597,57.8,0.033,0,2026-09-17,2026-09-18,False,False,5.0,2026-09-18T19:27:47+05:30
IRCON,108.72,TOUCHED,1.04,above,109.85,108.72,108.43,108.72,108.15,0.526,57.8,0.043,0,2026-09-17,2026-09-18,False,False,5.0,2026-09-18T19:27:47+05:30
J&KBANK,146.85,TOUCHED,-0.18,inside,146.58,146.85,146.85,147.26,146.44,0.552,58.1,0.05,0,2026-09-16,2026-09-18,False,False,5.0,2026-09-18T19:27:47+05:30
WAAREEENER,2493.0,TOUCHED,2.72,above,2560.7,2493.0,2486.33,2493.0,2479.67,0.536,58.1,0.043,0,2026-09-17,2026-09-18,False,False,5.0,2026-09-18T19:27:47+05:30
ABBOTINDIA,26075.0,TOUCHED,4.58,above,27270.0,26075.0,26025.0,26075.0,25975.0,0.384,58.4,0.034,0,2026-09-16,2026-09-18,False,False,5.0,2026-09-18T19:27:47+05:30
MRPL,164.87,TOUCHED,0.31,inside,165.38,164.87,164.87,165.41,164.32,0.665,58.6,0.054,0,2026-09-17,2026-09-18,False,False,5.0,2026-09-18T19:27:47+05:30
TATASTEEL,186.18,TOUCHED,-0.34,below,185.54,186.18,186.55,186.92,186.18,0.397,58.9,0.021,0,2026-09-17,2026-09-18,False,False,5.0,2026-09-18T19:27:47+05:30
IRB,18.89,TOUCHED,-2.17,below,18.48,18.89,18.93,18.97,18.89,0.423,59.2,0.038,0,2026-09-17,2026-09-18,False,False,5.0,2026-09-18T19:27:47+05:30
NIVABUPA,79.75,TOUCHED,-0.2,below,79.59,79.75,79.89,80.04,79.75,0.367,59.5,0.018,0,2026-09-17,2026-09-18,False,False,5.0,2026-09-18T19:27:47+05:30
IDBI,82.6,TOUCHED,0.56,above,83.06,82.6,82.36,82.6,82.13,0.575,60.5,0.033,0,2026-09-17,2026-09-18,False,False,5.0,2026-09-18T19:27:47+05:30
ABFRL,50.16,TOUCHED,-0.01,inside,50.16,50.16,50.16,50.31,50.02,0.571,61.1,0.027,0,2026-09-17,2026-09-18,False,False,5.0,2026-09-18T19:27:47+05:30
ONESOURCE,1590.47,TOUCHED,0.28,inside,1594.9,1590.47,1590.47,1595.7,1585.23,0.658,61.4,0.045,0,2026-09-17,2026-09-18,False,False,5.0,2026-09-18T19:27:47+05:30
HAVELLS,1095.85,TOUCHED,3.34,above,1132.4,1095.85,1093.87,1095.85,1091.88,0.363,61.6,0.017,0,2026-09-16,2026-09-18,False,False,5.0,2026-09-18T19:27:47+05:30
COFORGE,1761.37,TOUCHED,4.52,above,1841.0,1761.37,1756.03,1761.37,1750.7,0.607,62.5,0.032,0,2026-09-16,2026-09-18,False,False,5.0,2026-09-18T19:27:47+05:30
CUMMINSIND,5007.25,TOUCHED,1.84,above,5099.5,5007.25,4994.5,5007.25,4981.75,0.511,63.6,0.018,0,2026-09-17,2026-09-18,False,False,5.0,2026-09-18T19:27:47+05:30
HDFCBANK,716.2,TOUCHED,2.07,above,731.0,716.2,715.13,716.2,714.07,0.298,63.6,0.02,0,2026-09-17,2026-09-18,False,False,5.0,2026-09-18T19:27:47+05:30
KAYNES,3506.17,TOUCHED,0.25,above,3515.0,3506.17,3492.33,3506.17,3478.5,0.792,63.6,0.049,0,2026-09-17,2026-09-18,False,False,5.0,2026-09-18T19:27:47+05:30
MSUMI,35.75,TOUCHED,-0.24,below,35.67,35.75,35.86,35.96,35.75,0.586,63.8,0.03,0,2026-09-17,2026-09-18,False,False,5.0,2026-09-18T19:27:47+05:30
MARUTI,12268.0,TOUCHED,-1.34,below,12103.0,12268.0,12291.33,12314.67,12268.0,0.38,64.1,0.015,0,2026-09-17,2026-09-18,False,False,5.0,2026-09-18T19:27:47+05:30
POLICYBZR,1770.52,TOUCHED,-1.55,below,1743.0,1770.52,1776.03,1781.55,1770.52,0.621,64.1,0.037,0,2026-09-17,2026-09-18,False,False,5.0,2026-09-18T19:27:47+05:30
PAGEIND,34945.0,TOUCHED,4.16,above,36400.0,34945.0,34870.0,34945.0,34795.0,0.43,64.7,0.025,0,2026-09-17,2026-09-18,False,False,5.0,2026-09-18T19:27:47+05:30
INDUSTOWER,376.52,TOUCHED,-0.16,below,375.9,376.52,377.43,378.35,376.52,0.486,65.2,0.03,0,2026-09-16,2026-09-18,False,False,5.0,2026-09-18T19:27:47+05:30
TATAELXSI,3381.5,TOUCHED,-3.39,below,3266.7,3381.5,3390.0,3398.5,3381.5,0.501,65.5,0.034,0,2026-09-16,2026-09-18,False,False,5.0,2026-09-18T19:27:47+05:30
DIXON,13055.0,TOUCHED,-0.38,below,13005.0,13055.0,13097.0,13139.0,13055.0,0.641,66.3,0.056,0,2026-09-16,2026-09-18,False,False,5.0,2026-09-18T19:27:47+05:30
JPPOWER,15.36,TOUCHED,0.04,inside,15.37,15.36,15.36,15.41,15.31,0.673,66.3,0.037,0,2026-09-17,2026-09-18,False,False,5.0,2026-09-18T19:27:47+05:30
BRITANNIA,5001.33,TOUCHED,-0.07,inside,4998.0,5001.33,5001.33,5011.0,4991.67,0.387,66.8,0.021,0,2026-09-17,2026-09-18,False,False,5.0,2026-09-18T19:27:47+05:30
SUNPHARMA,1857.35,TOUCHED,-1.08,below,1837.3,1857.35,1860.67,1863.98,1857.35,0.357,66.8,0.02,0,2026-09-17,2026-09-18,False,False,5.0,2026-09-18T19:27:47+05:30
NEWGEN,495.73,TOUCHED,0.32,inside,497.3,495.73,495.73,497.6,493.87,0.753,67.7,0.031,0,2026-09-16,2026-09-18,False,False,5.0,2026-09-18T19:27:47+05:30
APOLLOTYRE,409.9,TOUCHED,-0.15,inside,409.3,409.9,409.9,411.02,408.77,0.549,68.5,0.038,0,2026-09-17,2026-09-18,False,False,5.0,2026-09-18T19:27:47+05:30
MEESHO,209.91,TOUCHED,2.16,above,214.44,209.91,209.04,209.91,208.18,0.829,68.7,0.028,0,2026-09-17,2026-09-18,False,False,5.0,2026-09-18T19:27:47+05:30
AAVAS,1278.7,TOUCHED,0.46,above,1284.6,1278.7,1274.9,1278.7,1271.1,0.596,68.8,0.028,0,2026-09-16,2026-09-18,False,False,5.0,2026-09-18T19:27:47+05:30
IFCI,77.42,TOUCHED,-1.18,below,76.51,77.42,77.76,78.09,77.42,0.857,69.9,0.1,0,2026-09-17,2026-09-18,False,False,5.0,2026-09-18T19:27:47+05:30
BANKINDIA,139.5,TOUCHED,0.35,above,140.0,139.5,139.06,139.5,138.61,0.64,70.4,0.026,0,2026-09-17,2026-09-18,False,False,5.0,2026-09-18T19:27:47+05:30
SONATSOFTW,278.33,TOUCHED,-1.55,below,274.0,278.33,279.43,280.54,278.33,0.793,70.4,0.026,0,2026-09-17,2026-09-18,False,False,5.0,2026-09-18T19:27:47+05:30
JSWDULUX,3106.7,TOUCHED,2.64,above,3188.8,3106.7,3098.47,3106.7,3090.23,0.531,70.7,0.022,0,2026-09-16,2026-09-18,False,False,5.0,2026-09-18T19:27:47+05:30
POWERGRID,264.57,TOUCHED,2.16,above,270.3,264.57,263.98,264.57,263.39,0.448,71.2,0.018,0,2026-09-16,2026-09-18,False,False,5.0,2026-09-18T19:27:47+05:30
RAINBOW,1453.0,TOUCHED,0.12,above,1454.7,1453.0,1448.8,1453.0,1444.6,0.58,72.1,0.037,0,2026-09-16,2026-09-18,False,False,5.0,2026-09-18T19:27:47+05:30
OFSS,11583.67,TOUCHED,2.7,above,11896.0,11583.67,11547.33,11583.67,11511.0,0.629,72.6,0.027,0,2026-09-17,2026-09-18,False,False,5.0,2026-09-18T19:27:47+05:30
ICICIAMC,3087.13,TOUCHED,3.87,above,3206.7,3087.13,3076.27,3087.13,3065.4,0.706,72.9,0.028,0,2026-09-17,2026-09-18,False,False,5.0,2026-09-18T19:27:47+05:30
RADICO,4424.9,TOUCHED,2.5,above,4535.4,4424.9,4409.93,4424.9,4394.97,0.679,72.9,0.023,0,2026-09-17,2026-09-18,False,False,5.0,2026-09-18T19:27:47+05:30
INDHOTEL,724.83,TOUCHED,1.09,above,732.75,724.83,723.0,724.83,721.17,0.505,73.2,0.018,0,2026-09-17,2026-09-18,False,False,5.0,2026-09-18T19:27:47+05:30
ASIANPAINT,2448.5,TOUCHED,0.11,above,2451.3,2448.5,2443.0,2448.5,2437.5,0.45,73.4,0.022,0,2026-09-17,2026-09-18,False,False,5.0,2026-09-18T19:27:47+05:30
ICICIBANK,1350.17,TOUCHED,-0.83,below,1338.9,1350.17,1352.73,1355.3,1350.17,0.379,74.2,0.024,0,2026-09-17,2026-09-18,False,False,5.0,2026-09-18T19:27:47+05:30
KEI,4544.08,TOUCHED,2.33,above,4650.0,4544.08,4528.17,4544.08,4512.25,0.703,74.2,0.025,0,2026-09-17,2026-09-18,False,False,5.0,2026-09-18T19:27:47+05:30
PAYTM,1784.5,TOUCHED,3.66,above,1849.9,1784.5,1777.33,1784.5,1770.17,0.806,75.3,0.051,0,2026-09-17,2026-09-18,False,False,5.0,2026-09-18T19:27:47+05:30
GODIGIT,253.12,TOUCHED,-5.58,below,239.0,253.12,253.92,254.71,253.12,0.624,75.6,0.028,0,2026-09-17,2026-09-18,False,False,5.0,2026-09-18T19:27:47+05:30
TORNTPOWER,1281.2,TOUCHED,-1.75,below,1258.8,1281.2,1286.0,1290.8,1281.2,0.746,76.2,0.031,0,2026-09-17,2026-09-18,False,False,5.0,2026-09-18T19:27:47+05:30
CROMPTON,225.46,TOUCHED,0.74,above,227.12,225.46,224.77,225.46,224.09,0.611,76.4,0.025,0,2026-09-16,2026-09-18,False,False,5.0,2026-09-18T19:27:47+05:30
KIRLOSENG,2111.08,TOUCHED,2.32,above,2160.1,2111.08,2101.57,2111.08,2092.05,0.906,76.7,0.035,0,2026-09-17,2026-09-18,False,False,5.0,2026-09-18T19:27:47+05:30
STARHEALTH,543.88,TOUCHED,0.58,above,547.05,543.88,542.07,543.88,540.25,0.67,76.7,0.023,0,2026-09-16,2026-09-18,False,False,5.0,2026-09-18T19:27:47+05:30
TITAN,4853.0,TOUCHED,-1.12,below,4798.5,4853.0,4865.0,4877.0,4853.0,0.493,76.7,0.018,0,2026-09-17,2026-09-18,False,False,5.0,2026-09-18T19:27:47+05:30
FIVESTAR,542.48,TOUCHED,-0.74,below,538.45,542.48,544.78,547.09,542.48,0.847,77.3,0.041,0,2026-09-16,2026-09-18,False,False,5.0,2026-09-18T19:27:47+05:30
GESHIP,1419.43,TOUCHED,0.89,above,1432.1,1419.43,1413.77,1419.43,1408.1,0.802,77.8,0.034,0,2026-09-17,2026-09-18,False,False,5.0,2026-09-18T19:27:47+05:30
GROWW,190.2,TOUCHED,0.82,above,191.76,190.2,189.28,190.2,188.36,0.972,78.6,0.032,0,2026-09-17,2026-09-18,False,False,5.0,2026-09-18T19:27:47+05:30
HINDUNILVR,1946.65,TOUCHED,-0.75,below,1932.0,1946.65,1951.1,1955.55,1946.65,0.456,78.9,0.015,0,2026-09-17,2026-09-18,False,False,5.0,2026-09-18T19:27:47+05:30
OIL,479.14,TOUCHED,-0.72,below,475.7,479.14,480.88,482.62,479.14,0.724,79.7,0.018,0,2026-09-17,2026-09-18,False,False,5.0,2026-09-18T19:27:47+05:30
TARIL,278.88,TOUCHED,0.35,inside,279.85,278.88,278.88,280.45,277.32,1.123,79.7,0.054,0,2026-09-17,2026-09-18,False,False,5.0,2026-09-18T19:27:47+05:30
BAJAJ-AUTO,11487.5,TOUCHED,-0.64,below,11414.0,11487.5,11522.67,11557.83,11487.5,0.61,80.5,0.028,0,2026-09-16,2026-09-18,False,False,5.0,2026-09-18T19:27:47+05:30
BLUEDART,4820.1,TOUCHED,0.02,inside,4821.0,4820.1,4820.1,4835.3,4804.9,0.631,80.5,0.02,0,2026-09-16,2026-09-18,False,False,5.0,2026-09-18T19:27:47+05:30
REDINGTON,398.1,TOUCHED,0.44,above,399.85,398.1,396.1,398.1,394.1,1.01,80.5,0.038,0,2026-09-17,2026-09-18,False,False,5.0,2026-09-18T19:27:47+05:30
CANFINHOME,777.63,TOUCHED,0.11,inside,778.5,777.63,777.63,780.48,774.79,0.731,80.8,0.021,0,2026-09-16,2026-09-18,False,False,5.0,2026-09-18T19:27:47+05:30
IDFCFIRSTB,85.78,TOUCHED,0.16,inside,85.92,85.78,85.78,86.06,85.51,0.637,80.8,0.035,0,2026-09-17,2026-09-18,False,False,5.0,2026-09-18T19:27:47+05:30
MANKIND,2291.82,TOUCHED,0.39,above,2300.7,2291.82,2283.63,2291.82,2275.45,0.717,80.8,0.038,0,2026-09-17,2026-09-18,False,False,5.0,2026-09-18T19:27:47+05:30
TIMKEN,3197.52,TOUCHED,-2.29,below,3124.2,3197.52,3209.93,3222.35,3197.52,0.774,81.4,0.047,0,2026-09-17,2026-09-18,False,False,5.0,2026-09-18T19:27:47+05:30
BIKAJI,550.76,TOUCHED,5.35,above,580.25,550.76,548.87,550.76,546.98,0.689,81.9,0.018,0,2026-09-17,2026-09-18,False,False,5.0,2026-09-18T19:27:47+05:30
HCLTECH,1250.63,TOUCHED,-0.11,inside,1249.3,1250.63,1250.63,1254.47,1246.8,0.613,81.9,0.03,0,2026-09-17,2026-09-18,False,False,5.0,2026-09-18T19:27:47+05:30
DEEPAKNTR,1584.37,TOUCHED,0.12,above,1586.3,1584.37,1578.23,1584.37,1572.1,0.777,82.2,0.029,0,2026-09-16,2026-09-18,False,False,5.0,2026-09-18T19:27:47+05:30
FLUOROCHEM,4524.75,TOUCHED,1.37,above,4586.7,4524.75,4507.1,4524.75,4489.45,0.783,82.2,0.022,0,2026-09-17,2026-09-18,False,False,5.0,2026-09-18T19:27:47+05:30
TATACOMM,1785.07,TOUCHED,-0.28,inside,1780.1,1785.07,1785.07,1792.18,1777.95,0.797,82.2,0.022,0,2026-09-16,2026-09-18,False,False,5.0,2026-09-18T19:27:47+05:30
JBMA,595.5,TOUCHED,0.6,above,599.1,595.5,593.07,595.5,590.63,0.821,82.7,0.027,0,2026-09-16,2026-09-18,False,False,5.0,2026-09-18T19:27:47+05:30
MAHABANK,81.81,TOUCHED,2.12,above,83.54,81.81,81.47,81.81,81.14,0.822,83.0,0.042,0,2026-09-17,2026-09-18,False,False,5.0,2026-09-18T19:27:47+05:30
PREMIERENE,892.15,TOUCHED,1.1,above,902.0,892.15,888.1,892.15,884.05,0.912,83.3,0.031,0,2026-09-17,2026-09-18,False,False,5.0,2026-09-18T19:27:47+05:30
BAJAJFINSV,1848.23,TOUCHED,0.23,inside,1852.5,1848.23,1848.23,1853.85,1842.62,0.608,83.8,0.02,0,2026-09-16,2026-09-18,False,False,5.0,2026-09-18T19:27:47+05:30
RVNL,200.87,TOUCHED,6.68,above,214.29,200.87,200.03,200.87,199.2,0.833,83.8,0.032,0,2026-09-17,2026-09-18,False,False,5.0,2026-09-18T19:27:47+05:30
BEL,392.78,TOUCHED,0.13,inside,393.3,392.78,392.78,394.12,391.45,0.679,84.1,0.024,0,2026-09-17,2026-09-18,False,False,5.0,2026-09-18T19:27:47+05:30
KPRMILL,1115.97,TOUCHED,2.28,above,1141.4,1115.97,1110.53,1115.97,1105.1,0.979,84.1,0.054,0,2026-09-16,2026-09-18,False,False,5.0,2026-09-18T19:27:47+05:30
MRF,125775.0,TOUCHED,-0.08,inside,125670.0,125775.0,125775.0,126157.5,125392.5,0.608,84.1,0.034,0,2026-09-16,2026-09-18,False,False,5.0,2026-09-18T19:27:47+05:30
HYUNDAI,2187.55,TOUCHED,0.97,above,2208.8,2187.55,2178.37,2187.55,2169.18,0.843,84.7,0.027,0,2026-09-17,2026-09-18,False,False,5.0,2026-09-18T19:27:47+05:30
KARURVYSYA,331.85,TOUCHED,0.09,inside,332.15,331.85,331.85,333.32,330.38,0.889,84.9,0.039,0,2026-09-16,2026-09-18,False,False,5.0,2026-09-18T19:27:47+05:30
UBL,1238.5,TOUCHED,1.05,above,1251.5,1238.5,1234.77,1238.5,1231.03,0.605,84.9,0.026,0,2026-09-16,2026-09-18,False,False,5.0,2026-09-18T19:27:47+05:30
TMCV,433.93,TOUCHED,2.07,above,442.9,433.93,431.75,433.93,429.57,1.008,85.1,0.024,0,2026-09-17,2026-09-18,False,False,5.0,2026-09-18T19:27:47+05:30
KIMS,788.25,TOUCHED,2.74,above,809.85,788.25,784.65,788.25,781.05,0.918,85.2,0.032,0,2026-09-17,2026-09-18,False,False,5.0,2026-09-18T19:27:47+05:30
TATAPOWER,367.77,TOUCHED,1.91,above,374.8,367.77,366.53,367.77,365.3,0.673,85.2,0.023,0,2026-09-17,2026-09-18,False,False,5.0,2026-09-18T19:27:47+05:30
CREDITACC,1384.7,TOUCHED,0.21,inside,1387.6,1384.7,1384.7,1391.65,1377.75,1.004,85.5,0.041,0,2026-09-17,2026-09-18,False,False,5.0,2026-09-18T19:27:47+05:30
INDIACEM,346.97,TOUCHED,-0.63,below,344.8,346.97,348.55,350.13,346.97,0.904,86.0,0.031,0,2026-09-17,2026-09-18,False,False,5.0,2026-09-18T19:27:47+05:30
PINELABS,188.67,TOUCHED,1.79,above,192.04,188.67,187.27,188.67,185.88,1.492,86.4,0.053,0,2026-09-17,2026-09-18,False,False,5.0,2026-09-18T19:27:47+05:30
GLAXO,2830.03,TOUCHED,0.31,inside,2838.8,2830.03,2830.03,2843.12,2816.95,0.925,87.4,0.014,0,2026-09-16,2026-09-18,False,False,5.0,2026-09-18T19:27:47+05:30
KAJARIACER,1204.83,TOUCHED,-0.18,inside,1202.7,1204.83,1204.83,1210.37,1199.3,0.919,87.9,0.029,0,2026-09-16,2026-09-18,False,False,5.0,2026-09-18T19:27:47+05:30
PNB,117.41,TOUCHED,-0.12,inside,117.27,117.41,117.41,117.88,116.94,0.801,88.2,0.028,0,2026-09-17,2026-09-18,False,False,5.0,2026-09-18T19:27:47+05:30
SBICARD,634.23,TOUCHED,2.67,above,651.15,634.23,631.5,634.23,628.77,0.863,88.2,0.03,0,2026-09-17,2026-09-18,False,False,5.0,2026-09-18T19:27:47+05:30
ABSLAMC,1071.9,TOUCHED,-1.07,below,1060.4,1071.9,1077.97,1084.03,1071.9,1.126,88.8,0.033,0,2026-09-17,2026-09-18,False,False,5.0,2026-09-18T19:27:47+05:30
AEGISVOPAK,308.55,TOUCHED,2.07,above,314.95,308.55,306.4,308.55,304.25,1.403,89.3,0.028,0,2026-09-17,2026-09-18,False,False,5.0,2026-09-18T19:27:47+05:30
NIACL,193.87,TOUCHED,-3.2,below,187.66,193.87,194.93,195.99,193.87,1.088,89.3,0.029,0,2026-09-17,2026-09-18,False,False,5.0,2026-09-18T19:27:47+05:30
AADHARHFC,462.85,TOUCHED,-0.26,below,461.65,462.85,465.02,467.18,462.85,0.932,89.6,0.027,0,2026-09-17,2026-09-18,False,False,5.0,2026-09-18T19:27:47+05:30
CARTRADE,2960.8,TOUCHED,0.95,above,2988.9,2960.8,2935.63,2960.8,2910.47,1.715,90.1,0.052,0,2026-09-16,2026-09-18,False,False,5.0,2026-09-18T19:27:47+05:30
ECLERX,1937.17,TOUCHED,-1.11,below,1915.6,1937.17,1951.33,1965.5,1937.17,1.452,90.7,0.05,0,2026-09-17,2026-09-18,False,False,5.0,2026-09-18T19:27:47+05:30
CPPLUS,3405.57,TOUCHED,-1.48,below,3355.1,3405.57,3432.73,3459.9,3405.57,1.583,91.1,0.031,0,2026-09-17,2026-09-18,False,False,5.0,2026-09-18T19:27:47+05:30
LUPIN,2080.83,TOUCHED,0.1,inside,2083.0,2080.83,2080.83,2089.47,2072.2,0.83,92.3,0.024,0,2026-09-17,2026-09-18,False,False,5.0,2026-09-18T19:27:47+05:30
TMPV,309.77,TOUCHED,-1.93,below,303.8,309.77,311.35,312.92,309.77,1.012,93.2,0.02,0,2026-09-17,2026-09-18,False,False,5.0,2026-09-18T19:27:47+05:30
BRIGADE,618.53,TOUCHED,0.51,inside,621.7,618.53,618.53,622.69,614.38,1.345,94.0,0.024,0,2026-09-16,2026-09-18,False,False,5.0,2026-09-18T19:27:47+05:30
HONASA,466.42,TOUCHED,2.81,above,479.55,466.42,463.55,466.42,460.68,1.24,94.5,0.054,0,2026-09-16,2026-09-18,False,False,5.0,2026-09-18T19:27:47+05:30
PATANJALI,359.45,TOUCHED,2.1,above,367.0,359.45,357.78,359.45,356.12,0.932,94.5,0.015,0,2026-09-17,2026-09-18,False,False,5.0,2026-09-18T19:27:47+05:30
VTL,567.89,TOUCHED,1.79,above,578.05,567.89,564.03,567.89,560.17,1.368,94.5,0.029,0,2026-09-16,2026-09-18,False,False,5.0,2026-09-18T19:27:47+05:30
CHENNPETRO,1429.67,TOUCHED,-0.91,below,1416.6,1429.67,1445.23,1460.8,1429.67,2.154,95.1,0.026,0,2026-09-17,2026-09-18,False,False,5.0,2026-09-18T19:27:47+05:30
PNBHOUSING,1123.15,TOUCHED,0.89,above,1133.1,1123.15,1116.6,1123.15,1110.05,1.173,95.3,0.027,0,2026-09-17,2026-09-18,False,False,5.0,2026-09-18T19:27:47+05:30
TATAINVEST,707.6,TOUCHED,-0.74,inside,702.35,707.6,707.6,713.45,701.75,1.653,95.9,0.023,0,2026-09-17,2026-09-18,False,False,5.0,2026-09-18T19:27:47+05:30
FEDERALBNK,334.53,TOUCHED,-0.53,below,332.75,334.53,336.32,338.1,334.53,1.061,96.2,0.027,0,2026-09-17,2026-09-18,False,False,5.0,2026-09-18T19:27:47+05:30
RHIM,363.60,V+N,1.4,above,368.7,363.6,363.6,363.6,363.6,0.0,0.0,0.028,1,2026-09-16,2026-09-18,True,True,5.0,2026-09-18T20:04:15+05:30
SARDAEN,497.33,V+N,1.73,above,505.95,497.33,497.32,497.33,497.3,0.007,1.4,0.027,1,2026-09-16,2026-09-18,True,True,5.0,2026-09-18T20:04:15+05:30
SAREGAMA,486.60,V+N,2.73,above,499.9,486.6,486.58,486.6,486.57,0.007,1.4,0.046,1,2026-09-16,2026-09-18,True,True,5.0,2026-09-18T20:04:15+05:30
TORNTPHARM,4812.75,V+N,0.57,above,4840.0,4812.75,4812.67,4812.75,4812.58,0.003,1.4,0.023,1,2026-09-16,2026-09-18,True,True,5.0,2026-09-18T20:04:15+05:30
DATAPATTNS,4413.20,V+N,2.27,above,4513.3,4413.2,4412.5,4413.2,4411.8,0.032,2.5,0.073,1,2026-09-17,2026-09-18,True,True,5.0,2026-09-18T20:04:15+05:30
NAVINFLUOR,8222.50,V+N,4.47,above,8590.0,8222.5,8221.67,8222.5,8220.83,0.02,2.5,0.043,1,2026-09-17,2026-09-18,True,True,5.0,2026-09-18T20:04:15+05:30
POLYMED,1704.38,V+N,1.27,above,1726.0,1704.38,1704.17,1704.38,1703.95,0.025,2.5,0.045,1,2026-09-16,2026-09-18,True,True,5.0,2026-09-18T20:04:15+05:30
ACC,1232.70,V+N,2.19,above,1259.7,1232.7,1232.63,1232.7,1232.57,0.011,2.7,0.028,1,2026-09-17,2026-09-18,True,True,5.0,2026-09-18T20:04:15+05:30
MOTILALOFS,976.85,V+N,3.39,above,1010.0,976.85,976.73,976.85,976.62,0.024,2.7,0.045,1,2026-09-16,2026-09-18,True,True,5.0,2026-09-18T20:04:15+05:30
ANURAS,1178.23,V+N,2.5,above,1207.7,1178.23,1178.17,1178.23,1178.1,0.011,3.0,0.025,1,2026-09-16,2026-09-18,True,True,5.0,2026-09-18T20:04:15+05:30
IGIL,314.89,V+N,5.1,above,330.95,314.89,314.88,314.89,314.88,0.005,3.3,0.026,1,2026-09-17,2026-09-18,True,True,5.0,2026-09-18T20:04:15+05:30
WELCORP,2461.55,V+N,8.07,above,2660.1,2461.55,2461.13,2461.55,2460.72,0.034,3.6,0.053,1,2026-09-17,2026-09-18,True,True,5.0,2026-09-18T20:04:15+05:30
ABB,6979.42,V+N,4.17,above,7270.5,6979.42,6978.83,6979.42,6978.25,0.017,4.1,0.028,1,2026-09-16,2026-09-18,True,True,5.0,2026-09-18T20:04:15+05:30
LINDEINDIA,6088.83,V+N,2.51,above,6241.5,6088.83,6088.17,6088.83,6087.5,0.022,4.1,0.024,1,2026-09-16,2026-09-18,True,True,5.0,2026-09-18T20:04:15+05:30
IRFC,79.30,V+N,2.77,above,81.5,79.3,79.29,79.3,79.28,0.021,4.4,0.024,1,2026-09-17,2026-09-18,True,True,5.0,2026-09-18T20:04:15+05:30
PETRONET,283.42,V+N,3.24,above,292.6,283.42,283.38,283.42,283.35,0.024,4.4,0.024,1,2026-09-17,2026-09-18,True,True,5.0,2026-09-18T20:04:15+05:30
AMBUJACEM,383.42,V+N,1.27,above,388.3,383.42,383.37,383.42,383.31,0.03,4.7,0.034,1,2026-09-17,2026-09-18,True,True,5.0,2026-09-18T20:04:15+05:30
IREDA,108.97,V+N,4.91,above,114.32,108.97,108.95,108.97,108.93,0.034,4.9,0.035,1,2026-09-17,2026-09-18,True,True,5.0,2026-09-18T20:04:15+05:30
HBLENGINE,748.97,V+W,1.47,above,760.0,748.97,741.18,748.97,733.4,2.1,97.8,0.033,1,2026-09-17,2026-09-18,True,False,5.0,2026-09-18T20:04:15+05:30
MFSL,1477.62,V+W,5.51,above,1559.0,1477.62,1467.63,1477.62,1457.65,1.36,98.1,0.019,1,2026-09-16,2026-09-18,True,False,5.0,2026-09-18T20:04:15+05:30
JKCEMENT,4984.75,V+W,1.6,above,5064.5,4984.75,4942.5,4984.75,4900.25,1.71,98.6,0.033,1,2026-09-17,2026-09-18,True,False,5.0,2026-09-18T20:04:15+05:30
TEGA,1887.17,V+W,2.96,above,1943.0,1887.17,1854.33,1887.17,1821.5,3.541,99.7,0.042,1,2026-09-17,2026-09-18,True,False,5.0,2026-09-18T20:04:15+05:30
SIEMENS,3741.62,V,4.6,above,3913.9,3741.62,3741.23,3741.62,3740.85,0.02,5.5,0.018,1,2026-09-16,2026-09-18,True,False,5.0,2026-09-18T20:04:15+05:30
CENTRALBK,30.39,V,4.39,above,31.73,30.39,30.39,30.39,30.39,0.033,5.8,0.029,1,2026-09-17,2026-09-18,True,False,5.0,2026-09-18T20:04:15+05:30
VBL,415.38,V,1.58,above,421.95,415.38,415.32,415.38,415.25,0.032,5.8,0.026,1,2026-09-17,2026-09-18,True,False,5.0,2026-09-18T20:04:15+05:30
FORTIS,870.75,V,1.75,above,886.0,870.75,870.6,870.75,870.45,0.034,6.0,0.028,1,2026-09-16,2026-09-18,True,False,5.0,2026-09-18T20:04:15+05:30
PRESTIGE,1425.55,V,0.67,above,1435.1,1425.55,1425.03,1425.55,1424.52,0.073,6.8,0.047,1,2026-09-16,2026-09-18,True,False,5.0,2026-09-18T20:04:15+05:30
FACT,748.73,V,2.07,above,764.2,748.73,748.47,748.73,748.2,0.071,7.7,0.056,1,2026-09-16,2026-09-18,True,False,5.0,2026-09-18T20:04:15+05:30
ULTRACEMCO,10772.00,V,2.25,above,11014.0,10772.0,10769.33,10772.0,10766.67,0.05,8.2,0.026,1,2026-09-17,2026-09-18,True,False,5.0,2026-09-18T20:04:15+05:30
HINDCOPPER,485.33,V,2.49,above,497.4,485.33,485.17,485.33,485.0,0.069,8.5,0.032,1,2026-09-17,2026-09-18,True,False,5.0,2026-09-18T20:04:15+05:30
JUBLPHARMA,1011.89,V,5.29,above,1065.4,1011.89,1011.68,1011.89,1011.48,0.041,8.5,0.018,1,2026-09-17,2026-09-18,True,False,5.0,2026-09-18T20:04:15+05:30
DEVYANI,136.64,V,2.92,above,140.62,136.64,136.58,136.64,136.53,0.078,8.8,0.039,1,2026-09-16,2026-09-18,True,False,5.0,2026-09-18T20:04:15+05:30
TTML,36.60,V,-2.38,below,35.73,36.6,36.61,36.63,36.6,0.073,10.1,0.041,1,2026-09-17,2026-09-18,True,False,5.0,2026-09-18T20:04:15+05:30
SAPPHIRE,223.20,V,3.1,above,230.11,223.2,223.08,223.2,222.96,0.108,11.0,0.05,1,2026-09-16,2026-09-18,True,False,5.0,2026-09-18T20:04:15+05:30
DELHIVERY,421.66,V,1.5,above,428.0,421.66,421.52,421.66,421.38,0.067,11.2,0.019,1,2026-09-16,2026-09-18,True,False,5.0,2026-09-18T20:04:15+05:30
TATACHEM,778.38,V,-10.94,below,693.25,778.38,778.68,778.99,778.38,0.079,11.2,0.021,1,2026-09-17,2026-09-18,True,False,5.0,2026-09-18T20:04:15+05:30
BERGEPAINT,448.44,V,2.28,above,458.65,448.44,448.28,448.44,448.12,0.071,11.5,0.013,1,2026-09-17,2026-09-18,True,False,5.0,2026-09-18T20:04:15+05:30
CONCORDBIO,1456.15,V,2.63,above,1494.4,1456.15,1455.37,1456.15,1454.58,0.108,12.1,0.022,1,2026-09-16,2026-09-18,True,False,5.0,2026-09-18T20:04:15+05:30
GRSE,2339.08,V,3.11,above,2411.8,2339.08,2337.09,2339.08,2335.09,0.171,12.1,0.067,1,2026-09-17,2026-09-18,True,False,5.0,2026-09-18T20:04:15+05:30
GMDCLTD,548.74,V,1.4,above,556.45,548.74,548.33,548.74,547.92,0.149,12.6,0.078,1,2026-09-17,2026-09-18,True,False,5.0,2026-09-18T20:04:15+05:30
TVSMOTOR,4106.10,V,1.59,above,4171.3,4106.1,4104.63,4106.1,4103.17,0.071,12.6,0.026,1,2026-09-17,2026-09-18,True,False,5.0,2026-09-18T20:04:15+05:30
AMBER,6926.00,V,2.87,above,7125.0,6926.0,6922.0,6926.0,6918.0,0.116,13.2,0.027,1,2026-09-16,2026-09-18,True,False,5.0,2026-09-18T20:04:15+05:30
TRITURBINE,540.55,V,5.04,above,567.8,540.55,540.3,540.55,540.05,0.093,14.2,0.022,1,2026-09-16,2026-09-18,True,False,5.0,2026-09-18T20:04:15+05:30
ATUL,6073.25,V,1.6,above,6170.5,6073.25,6070.5,6073.25,6067.75,0.091,14.8,0.014,1,2026-09-16,2026-09-18,True,False,5.0,2026-09-18T20:04:15+05:30
SUZLON,42.51,V,1.48,above,43.14,42.51,42.48,42.51,42.45,0.133,14.8,0.028,1,2026-09-17,2026-09-18,True,False,5.0,2026-09-18T20:04:15+05:30
CEMPRO,1238.25,V,2.04,above,1263.5,1238.25,1237.2,1238.25,1236.15,0.17,15.1,0.062,1,2026-09-16,2026-09-18,True,False,5.0,2026-09-18T20:04:15+05:30
JINDALSTEL,1102.40,V,1.55,above,1119.5,1102.4,1101.8,1102.4,1101.2,0.109,15.6,0.036,1,2026-09-16,2026-09-18,True,False,5.0,2026-09-18T20:04:15+05:30
SOBHA,1183.90,V,2.64,above,1215.2,1183.9,1183.2,1183.9,1182.5,0.118,15.9,0.028,1,2026-09-16,2026-09-18,True,False,5.0,2026-09-18T20:04:15+05:30
DOMS,2088.50,V,0.8,above,2105.3,2088.5,2087.4,2088.5,2086.3,0.105,16.2,0.028,1,2026-09-16,2026-09-18,True,False,5.0,2026-09-18T20:04:15+05:30
SAIL,174.88,V,1.4,above,177.33,174.88,174.75,174.88,174.62,0.147,16.7,0.026,1,2026-09-17,2026-09-18,True,False,5.0,2026-09-18T20:04:15+05:30
ETERNAL,323.02,V,1.18,above,326.85,323.02,322.8,323.02,322.58,0.139,17.0,0.024,1,2026-09-17,2026-09-18,True,False,5.0,2026-09-18T20:04:15+05:30
MEDANTA,1403.92,V,6.8,above,1499.4,1403.92,1403.23,1403.92,1402.55,0.097,17.0,0.031,1,2026-09-16,2026-09-18,True,False,5.0,2026-09-18T20:04:15+05:30
GVT&D,4337.38,V,1.1,above,4385.0,4337.38,4333.77,4337.38,4330.15,0.167,17.8,0.022,1,2026-09-17,2026-09-18,True,False,5.0,2026-09-18T20:04:15+05:30
SAILIFE,1549.90,V,3.26,above,1600.5,1549.9,1548.5,1549.9,1547.1,0.181,18.4,0.04,1,2026-09-17,2026-09-18,True,False,5.0,2026-09-18T20:04:15+05:30
HONAUT,33876.67,V,4.63,above,35445.0,33876.67,33858.33,33876.67,33840.0,0.108,18.6,0.027,1,2026-09-16,2026-09-18,True,False,5.0,2026-09-18T20:04:15+05:30
POONAWALLA,432.14,V,10.94,above,479.4,432.14,431.83,432.14,431.53,0.143,18.6,0.031,1,2026-09-16,2026-09-18,True,False,5.0,2026-09-18T20:04:15+05:30
M&MFIN,344.77,V,2.47,above,353.3,344.77,344.5,344.77,344.23,0.16,19.7,0.037,1,2026-09-16,2026-09-18,True,False,5.0,2026-09-18T20:04:15+05:30
MUTHOOTFIN,2769.23,V,2.6,above,2841.1,2769.23,2767.07,2769.23,2764.9,0.157,19.7,0.04,1,2026-09-16,2026-09-18,True,False,5.0,2026-09-18T20:04:15+05:30
AUROPHARMA,1642.02,V,5.6,above,1734.0,1642.02,1641.03,1642.02,1640.05,0.12,20.0,0.039,1,2026-09-16,2026-09-18,True,False,5.0,2026-09-18T20:04:15+05:30
ICICIGI,1442.75,V,1.06,above,1458.1,1442.75,1441.83,1442.75,1440.92,0.127,20.3,0.021,1,2026-09-16,2026-09-18,True,False,5.0,2026-09-18T20:04:15+05:30
LAURUSLABS,1904.32,V,2.61,above,1954.0,1904.32,1903.13,1904.32,1901.95,0.124,20.8,0.019,1,2026-09-16,2026-09-18,True,False,5.0,2026-09-18T20:04:15+05:30
ENDURANCE,2625.77,V,4.05,above,2732.0,2625.77,2623.13,2625.77,2620.5,0.201,21.4,0.044,1,2026-09-16,2026-09-18,True,False,5.0,2026-09-18T20:04:15+05:30
SUPREMEIND,3308.30,V,8.22,above,3580.3,3308.3,3305.53,3308.3,3302.77,0.167,21.4,0.034,1,2026-09-16,2026-09-18,True,False,5.0,2026-09-18T20:04:15+05:30
COCHINSHIP,1331.37,V,5.0,above,1398.0,1331.37,1329.94,1331.37,1328.5,0.215,21.9,0.041,1,2026-09-17,2026-09-18,True,False,5.0,2026-09-18T20:04:15+05:30
DRREDDY,1141.90,V,3.77,above,1185.0,1141.9,1141.27,1141.9,1140.63,0.111,21.9,0.017,1,2026-09-16,2026-09-18,True,False,5.0,2026-09-18T20:04:15+05:30
LT,3843.00,V,1.09,above,3885.0,3843.0,3840.73,3843.0,3838.47,0.118,21.9,0.027,1,2026-09-17,2026-09-18,True,False,5.0,2026-09-18T20:04:15+05:30
POLYCAB,8202.08,V,2.41,above,8400.0,8202.08,8195.67,8202.08,8189.25,0.157,22.2,0.032,1,2026-09-17,2026-09-18,True,False,5.0,2026-09-18T20:04:15+05:30
PARADEEP,147.47,V,5.53,above,155.62,147.47,147.26,147.47,147.05,0.285,22.7,0.04,1,2026-09-16,2026-09-18,True,False,5.0,2026-09-18T20:04:15+05:30
ITCHOTELS,154.21,V,2.97,above,158.8,154.21,154.1,154.21,153.98,0.151,23.0,0.04,1,2026-09-17,2026-09-18,True,False,5.0,2026-09-18T20:04:15+05:30
TITAGARH,812.16,V,3.14,above,837.65,812.16,811.17,812.16,810.18,0.245,23.8,0.046,1,2026-09-16,2026-09-18,True,False,5.0,2026-09-18T20:04:15+05:30
BALKRISIND,2123.28,V,6.69,above,2265.3,2123.28,2121.67,2123.28,2120.05,0.152,25.8,0.027,1,2026-09-16,2026-09-18,True,False,5.0,2026-09-18T20:04:15+05:30
MAPMYINDIA,882.27,V,1.94,above,899.4,882.27,881.43,882.27,880.6,0.189,27.1,0.031,1,2026-09-16,2026-09-18,True,False,5.0,2026-09-18T20:04:15+05:30
SCHNEIDER,1196.42,V,1.43,above,1213.5,1196.42,1194.23,1196.42,1192.05,0.366,27.1,0.028,1,2026-09-16,2026-09-18,True,False,5.0,2026-09-18T20:04:15+05:30
SHRIRAMFIN,993.97,V,1.61,above,1010.0,993.97,992.93,993.97,991.9,0.208,28.8,0.033,1,2026-09-17,2026-09-18,True,False,5.0,2026-09-18T20:04:15+05:30
OLECTRA,1172.70,V,2.23,above,1198.8,1172.7,1171.13,1172.7,1169.57,0.268,29.0,0.033,1,2026-09-16,2026-09-18,True,False,5.0,2026-09-18T20:04:15+05:30
SUMICHEM,453.37,V,1.65,above,460.85,453.37,452.7,453.37,452.02,0.298,29.6,0.039,1,2026-09-16,2026-09-18,True,False,5.0,2026-09-18T20:04:15+05:30
NAM-INDIA,1117.53,V,3.35,above,1155.0,1117.53,1116.07,1117.53,1114.6,0.263,29.9,0.031,1,2026-09-17,2026-09-18,True,False,5.0,2026-09-18T20:04:15+05:30
SONACOMS,776.98,V,3.99,above,808.0,776.98,776.07,776.98,775.15,0.236,29.9,0.03,1,2026-09-17,2026-09-18,True,False,5.0,2026-09-18T20:04:15+05:30
LGEINDIA,1651.10,V,2.77,above,1696.9,1651.1,1649.3,1651.1,1647.5,0.218,31.2,0.011,1,2026-09-17,2026-09-18,True,False,5.0,2026-09-18T20:04:15+05:30
MANAPPURAM,320.26,V,-0.35,below,319.15,320.26,320.62,320.98,320.26,0.224,31.5,0.032,1,2026-09-16,2026-09-18,True,False,5.0,2026-09-18T20:04:15+05:30
PIDILITIND,1550.35,V,1.4,above,1572.1,1550.35,1549.2,1550.35,1548.05,0.148,31.5,0.028,1,2026-09-17,2026-09-18,True,False,5.0,2026-09-18T20:04:15+05:30
SCHAEFFLER,3894.87,V,8.29,above,4217.6,3894.87,3890.83,3894.87,3886.8,0.207,31.5,0.032,1,2026-09-16,2026-09-18,True,False,5.0,2026-09-18T20:04:15+05:30
JMFINANCIL,120.23,V,5.05,above,126.3,120.23,120.0,120.23,119.78,0.381,31.8,0.052,1,2026-09-16,2026-09-18,True,False,5.0,2026-09-18T20:04:15+05:30
PGEL,528.15,V,0.19,above,529.15,528.15,527.2,528.15,526.25,0.36,31.8,0.046,1,2026-09-17,2026-09-18,True,False,5.0,2026-09-18T20:04:15+05:30
CLEAN,818.95,V,4.02,above,851.9,818.95,817.9,818.95,816.85,0.257,32.1,0.027,1,2026-09-16,2026-09-18,True,False,5.0,2026-09-18T20:04:15+05:30
NBCC,81.99,V,0.49,above,82.4,81.99,81.86,81.99,81.72,0.33,32.6,0.044,1,2026-09-17,2026-09-18,True,False,5.0,2026-09-18T20:04:15+05:30
NETWEB,4569.33,V,2.08,above,4664.5,4569.33,4560.17,4569.33,4551.0,0.402,33.2,0.06,1,2026-09-17,2026-09-18,True,False,5.0,2026-09-18T20:04:15+05:30
CGCL,257.95,V,4.92,above,270.65,257.95,257.52,257.95,257.08,0.337,35.1,0.058,1,2026-09-16,2026-09-18,True,False,5.0,2026-09-18T20:04:15+05:30
AJANTPHARM,3504.40,V,1.69,above,3563.6,3504.4,3499.9,3504.4,3495.4,0.257,36.2,0.04,1,2026-09-16,2026-09-18,True,False,5.0,2026-09-18T20:04:15+05:30
SCI,268.40,V,3.22,above,277.05,268.4,267.9,268.4,267.4,0.373,36.4,0.042,1,2026-09-16,2026-09-18,True,False,5.0,2026-09-18T20:04:15+05:30
LODHA,1101.22,V,3.95,above,1144.7,1101.22,1099.33,1101.22,1097.45,0.343,37.0,0.035,1,2026-09-17,2026-09-18,True,False,5.0,2026-09-18T20:04:15+05:30
PTCIL,22467.50,V,1.5,above,22805.0,22467.5,22435.0,22467.5,22402.5,0.29,37.0,0.03,1,2026-09-16,2026-09-18,True,False,5.0,2026-09-18T20:04:15+05:30
BAYERCROP,3925.35,V,-3.72,below,3779.5,3925.35,3929.77,3934.18,3925.35,0.225,37.3,0.03,1,2026-09-16,2026-09-18,True,False,5.0,2026-09-18T20:04:15+05:30
ASTERDM,740.11,V,2.02,above,755.05,740.11,739.02,740.11,737.92,0.295,37.8,0.028,1,2026-09-16,2026-09-18,True,False,5.0,2026-09-18T20:04:15+05:30
KFINTECH,887.41,V,4.8,above,930.0,887.41,885.82,887.41,884.23,0.359,38.4,0.018,1,2026-09-16,2026-09-18,True,False,5.0,2026-09-18T20:04:15+05:30
ADANIPORTS,1736.18,V,5.06,above,1824.0,1736.18,1734.07,1736.18,1731.95,0.244,38.6,0.021,1,2026-09-17,2026-09-18,True,False,5.0,2026-09-18T20:04:15+05:30
PFOCUS,323.35,V,6.49,above,344.35,323.35,322.38,323.35,321.42,0.6,39.5,0.053,1,2026-09-16,2026-09-18,True,False,5.0,2026-09-18T20:04:15+05:30
APOLLOHOSP,8759.92,V,2.11,above,8944.5,8759.92,8751.33,8759.92,8742.75,0.196,39.7,0.014,1,2026-09-17,2026-09-18,True,False,5.0,2026-09-18T20:04:15+05:30
GODREJCP,866.42,V,1.57,above,880.0,866.42,865.28,866.42,864.14,0.264,39.7,0.023,1,2026-09-16,2026-09-18,True,False,5.0,2026-09-18T20:04:15+05:30
CIPLA,1356.67,V,2.79,above,1394.5,1356.67,1355.33,1356.67,1354.0,0.197,40.5,0.023,1,2026-09-16,2026-09-18,True,False,5.0,2026-09-18T20:04:15+05:30
ASHOKLEY,158.37,V,2.93,above,163.0,158.37,158.11,158.37,157.86,0.32,42.7,0.022,1,2026-09-17,2026-09-18,True,False,5.0,2026-09-18T20:04:15+05:30
BPCL,306.52,V,2.44,above,314.0,306.52,306.05,306.52,305.57,0.31,42.7,0.021,1,2026-09-17,2026-09-18,True,False,5.0,2026-09-18T20:04:15+05:30
NAVA,547.16,V,2.77,above,562.3,547.16,546.02,547.16,544.88,0.418,42.7,0.038,1,2026-09-16,2026-09-18,True,False,5.0,2026-09-18T20:04:15+05:30
GODREJPROP,1675.65,V,0.92,above,1691.1,1675.65,1672.2,1675.65,1668.75,0.413,43.3,0.045,1,2026-09-16,2026-09-18,True,False,5.0,2026-09-18T20:04:15+05:30
SHREECEM,21934.17,V,3.04,above,22600.0,21934.17,21908.33,21934.17,21882.5,0.236,43.6,0.02,1,2026-09-17,2026-09-18,True,False,5.0,2026-09-18T20:04:15+05:30
HDFCAMC,2384.25,V,1.71,above,2425.0,2384.25,2380.53,2384.25,2376.82,0.312,44.1,0.022,1,2026-09-16,2026-09-18,True,False,5.0,2026-09-18T20:04:15+05:30
IRCTC,456.42,V,4.45,above,476.75,456.42,455.85,456.42,455.27,0.252,44.1,0.043,1,2026-09-17,2026-09-18,True,False,5.0,2026-09-18T20:04:15+05:30
GMRAIRPORT,92.90,V,6.89,above,99.3,92.9,92.75,92.9,92.61,0.316,44.4,0.02,1,2026-09-16,2026-09-18,True,False,5.0,2026-09-18T20:04:15+05:30
BHARATFORG,1881.33,V,4.29,above,1962.1,1881.33,1877.67,1881.33,1874.0,0.391,46.0,0.031,1,2026-09-16,2026-09-18,True,False,5.0,2026-09-18T20:04:15+05:30
EXIDEIND,417.89,V,4.3,above,435.85,417.89,417.18,417.89,416.48,0.34,46.0,0.027,1,2026-09-17,2026-09-18,True,False,5.0,2026-09-18T20:04:15+05:30
LICHSGFIN,542.17,V,1.1,above,548.15,542.17,541.35,542.17,540.52,0.305,46.6,0.018,1,2026-09-16,2026-09-18,True,False,5.0,2026-09-18T20:04:15+05:30
UNOMINDA,1202.68,V,6.76,above,1284.0,1202.68,1200.37,1202.68,1198.05,0.386,47.4,0.045,1,2026-09-17,2026-09-18,True,False,5.0,2026-09-18T20:04:15+05:30
MINDACORP,675.80,V,2.32,above,691.45,675.8,674.38,675.8,672.97,0.42,48.5,0.038,1,2026-09-16,2026-09-18,True,False,5.0,2026-09-18T20:04:15+05:30
LTF,297.38,V,5.19,above,312.8,297.38,296.75,297.38,296.12,0.421,48.8,0.028,1,2026-09-16,2026-09-18,True,False,5.0,2026-09-18T20:04:15+05:30
BANDHANBNK,172.16,V,1.65,above,175.0,172.16,171.82,172.16,171.47,0.398,49.0,0.026,1,2026-09-16,2026-09-18,True,False,5.0,2026-09-18T20:04:15+05:30
ADANIGREEN,1267.22,V,5.31,above,1334.5,1267.22,1264.23,1267.22,1261.25,0.472,49.9,0.039,1,2026-09-16,2026-09-18,True,False,5.0,2026-09-18T20:04:15+05:30
HINDZINC,571.11,V,4.36,above,596.0,571.11,569.92,571.11,568.73,0.418,50.1,0.041,1,2026-09-17,2026-09-18,True,False,5.0,2026-09-18T20:04:15+05:30
GICRE,339.57,V,3.36,above,351.0,339.57,338.97,339.57,338.36,0.359,51.0,0.031,1,2026-09-16,2026-09-18,True,False,5.0,2026-09-18T20:04:15+05:30
CEATLTD,3297.95,V,5.18,above,3468.9,3297.95,3290.3,3297.95,3282.65,0.465,52.1,0.034,1,2026-09-16,2026-09-18,True,False,5.0,2026-09-18T20:04:15+05:30
VEDL,256.91,V,4.16,above,267.6,256.91,256.37,256.91,255.83,0.423,52.9,0.026,1,2026-09-17,2026-09-18,True,False,5.0,2026-09-18T20:04:15+05:30
BLUESTARCO,1500.50,V,2.09,above,1531.8,1500.5,1497.0,1500.5,1493.5,0.468,53.7,0.05,1,2026-09-16,2026-09-18,True,False,5.0,2026-09-18T20:04:15+05:30
MOTHERSON,161.50,V,0.66,above,162.57,161.5,161.12,161.5,160.75,0.463,55.1,0.035,1,2026-09-17,2026-09-18,True,False,5.0,2026-09-18T20:04:15+05:30
PHOENIXLTD,1850.72,V,1.47,above,1877.9,1850.72,1846.43,1850.72,1842.15,0.464,55.3,0.045,1,2026-09-16,2026-09-18,True,False,5.0,2026-09-18T20:04:15+05:30
HINDALCO,970.95,V,1.6,above,986.5,970.95,969.2,970.95,967.45,0.361,56.2,0.011,1,2026-09-16,2026-09-18,True,False,5.0,2026-09-18T20:04:15+05:30
AUBANK,1031.00,V,2.68,above,1058.6,1031.0,1028.8,1031.0,1026.6,0.428,57.0,0.018,1,2026-09-16,2026-09-18,True,False,5.0,2026-09-18T20:04:15+05:30
BAJAJHLDNG,11007.50,V,2.49,above,11282.0,11007.5,10981.67,11007.5,10955.83,0.47,57.0,0.023,1,2026-09-16,2026-09-18,True,False,5.0,2026-09-18T20:04:15+05:30
GODFRYPHLP,1928.28,V,4.65,above,2018.0,1928.28,1922.57,1928.28,1916.85,0.595,57.3,0.041,1,2026-09-16,2026-09-18,True,False,5.0,2026-09-18T20:04:15+05:30
JUBLFOOD,479.15,V,4.35,above,500.0,479.15,478.1,479.15,477.05,0.439,57.3,0.018,1,2026-09-17,2026-09-18,True,False,5.0,2026-09-18T20:04:15+05:30
AFFLE,1531.18,V,4.72,above,1603.5,1531.18,1527.37,1531.18,1523.55,0.5,57.5,0.034,1,2026-09-16,2026-09-18,True,False,5.0,2026-09-18T20:04:15+05:30
HINDPETRO,349.25,V,2.79,above,359.0,349.25,348.45,349.25,347.65,0.459,57.5,0.033,1,2026-09-16,2026-09-18,True,False,5.0,2026-09-18T20:04:15+05:30
JINDALSAW,283.73,V,2.04,above,289.5,283.73,282.9,283.73,282.08,0.583,58.1,0.034,1,2026-09-16,2026-09-18,True,False,5.0,2026-09-18T20:04:15+05:30
CIEINDIA,374.97,V,3.25,above,387.15,374.97,374.15,374.97,373.32,0.441,59.2,0.025,1,2026-09-16,2026-09-18,True,False,5.0,2026-09-18T20:04:15+05:30
BDL,1148.28,V,4.21,above,1196.6,1148.28,1144.67,1148.28,1141.05,0.632,61.4,0.053,1,2026-09-17,2026-09-18,True,False,5.0,2026-09-18T20:04:15+05:30
ZFCVINDIA,2467.83,V,-3.28,below,2387.0,2467.83,2474.17,2480.5,2467.83,0.512,61.6,0.037,1,2026-09-16,2026-09-18,True,False,5.0,2026-09-18T20:04:15+05:30
SHYAMMETL,1045.72,V,5.19,above,1100.0,1045.72,1043.43,1045.72,1041.15,0.438,62.2,0.016,1,2026-09-16,2026-09-18,True,False,5.0,2026-09-18T20:04:15+05:30
EMMVEE,323.14,V,1.5,above,328.0,323.14,321.78,323.14,320.41,0.847,62.6,0.037,1,2026-09-17,2026-09-18,True,False,5.0,2026-09-18T20:04:15+05:30
JIOFIN,228.76,V,0.49,above,229.89,228.76,228.22,228.76,227.68,0.473,62.7,0.022,1,2026-09-17,2026-09-18,True,False,5.0,2026-09-18T20:04:15+05:30
TECHM,1561.53,V,-1.56,below,1537.1,1561.53,1565.07,1568.6,1561.53,0.452,63.3,0.038,1,2026-09-16,2026-09-18,True,False,5.0,2026-09-18T20:04:15+05:30
BAJFINANCE,1012.75,V,2.72,above,1040.3,1012.75,1010.57,1012.75,1008.38,0.432,64.4,0.029,1,2026-09-16,2026-09-18,True,False,5.0,2026-09-18T20:04:15+05:30
POWERINDIA,31104.17,V,5.13,above,32700.0,31104.17,30978.33,31104.17,30852.5,0.812,64.4,0.057,1,2026-09-17,2026-09-18,True,False,5.0,2026-09-18T20:04:15+05:30
IIFL,583.81,V,2.81,above,600.2,583.81,581.92,583.81,580.03,0.65,64.7,0.026,1,2026-09-16,2026-09-18,True,False,5.0,2026-09-18T20:04:15+05:30
ADANIPOWER,205.32,V,0.63,above,206.6,205.32,204.71,205.32,204.11,0.589,65.2,0.053,1,2026-09-17,2026-09-18,True,False,5.0,2026-09-18T20:04:15+05:30
ABCAPITAL,388.83,V,5.46,above,410.05,388.83,387.67,388.83,386.5,0.602,65.8,0.038,1,2026-09-17,2026-09-18,True,False,5.0,2026-09-18T20:04:15+05:30
CASTROLIND,191.43,V,2.99,above,197.14,191.43,191.13,191.43,190.83,0.309,67.7,0.013,1,2026-09-17,2026-09-18,True,False,5.0,2026-09-18T20:04:15+05:30
GLAND,2898.73,V,2.18,above,2961.9,2898.73,2889.67,2898.73,2880.6,0.628,67.7,0.04,1,2026-09-17,2026-09-18,True,False,5.0,2026-09-18T20:04:15+05:30
360ONE,1057.88,V,1.44,above,1073.1,1057.88,1054.47,1057.88,1051.05,0.648,68.8,0.032,1,2026-09-17,2026-09-18,True,False,5.0,2026-09-18T20:04:15+05:30
ANANTRAJ,594.53,V,1.95,above,606.15,594.53,592.17,594.53,589.8,0.799,69.3,0.07,1,2026-09-17,2026-09-18,True,False,5.0,2026-09-18T20:04:15+05:30
GALLANTT,532.20,V,2.81,above,547.15,532.2,529.78,532.2,527.37,0.912,69.6,0.069,1,2026-09-16,2026-09-18,True,False,5.0,2026-09-18T20:04:15+05:30
NUVOCO,315.18,V,4.26,above,328.6,315.18,314.17,315.18,313.15,0.647,71.0,0.037,1,2026-09-16,2026-09-18,True,False,5.0,2026-09-18T20:04:15+05:30
SPLPETRO,789.68,V,9.63,above,865.7,789.68,786.67,789.68,783.65,0.767,71.2,0.038,1,2026-09-16,2026-09-18,True,False,5.0,2026-09-18T20:04:15+05:30
DIVISLAB,9299.75,V,0.81,above,9375.0,9299.75,9276.5,9299.75,9253.25,0.501,72.1,0.024,1,2026-09-17,2026-09-18,True,False,5.0,2026-09-18T20:04:15+05:30
RKFORGE,702.93,V,3.01,above,724.1,702.93,700.4,702.93,697.88,0.721,72.9,0.048,1,2026-09-17,2026-09-18,True,False,5.0,2026-09-18T20:04:15+05:30
PIIND,2300.67,V,2.87,above,2366.8,2300.67,2294.33,2300.67,2288.0,0.552,74.2,0.017,1,2026-09-17,2026-09-18,True,False,5.0,2026-09-18T20:04:15+05:30
INDIGO,4830.33,V,1.86,above,4920.0,4830.33,4815.67,4830.33,4801.0,0.609,75.3,0.027,1,2026-09-17,2026-09-18,True,False,5.0,2026-09-18T20:04:15+05:30
WELSPUNLIV,201.95,V,6.3,above,214.66,201.95,201.07,201.95,200.19,0.87,76.2,0.044,1,2026-09-16,2026-09-18,True,False,5.0,2026-09-18T20:04:15+05:30
AIAENG,3842.85,V,3.39,above,3973.3,3842.85,3830.5,3842.85,3818.15,0.645,77.0,0.05,1,2026-09-16,2026-09-18,True,False,5.0,2026-09-18T20:04:15+05:30
TECHNOE,966.68,V,6.6,above,1030.45,966.68,962.32,966.68,957.95,0.908,77.0,0.042,1,2026-09-16,2026-09-18,True,False,5.0,2026-09-18T20:04:15+05:30
DLF,637.76,V,1.03,above,644.35,637.76,635.52,637.76,633.27,0.705,77.3,0.028,1,2026-09-17,2026-09-18,True,False,5.0,2026-09-18T20:04:15+05:30
CHOICEIN,732.05,V,4.34,above,763.85,732.05,729.92,732.05,727.78,0.585,78.4,0.024,1,2026-09-16,2026-09-18,True,False,5.0,2026-09-18T20:04:15+05:30
NLCINDIA,261.28,V,2.88,above,268.8,261.28,260.27,261.28,259.25,0.781,78.6,0.048,1,2026-09-17,2026-09-18,True,False,5.0,2026-09-18T20:04:15+05:30
BIOCON,378.75,V,1.65,above,385.0,378.75,377.5,378.75,376.25,0.662,78.9,0.028,1,2026-09-17,2026-09-18,True,False,5.0,2026-09-18T20:04:15+05:30
HAL,4773.00,V,0.57,above,4800.3,4773.0,4758.0,4773.0,4743.0,0.631,78.9,0.035,1,2026-09-17,2026-09-18,True,False,5.0,2026-09-18T20:04:15+05:30
JSWSTEEL,1245.47,V,2.42,above,1275.6,1245.47,1242.03,1245.47,1238.6,0.553,79.2,0.025,1,2026-09-16,2026-09-18,True,False,5.0,2026-09-18T20:04:15+05:30
CGPOWER,876.62,V,1.75,above,892.0,876.62,873.23,876.62,869.85,0.775,81.4,0.034,1,2026-09-17,2026-09-18,True,False,5.0,2026-09-18T20:04:15+05:30
OBEROIRLTY,1700.82,V,4.95,above,1785.0,1700.82,1694.73,1700.82,1688.65,0.718,81.9,0.044,1,2026-09-16,2026-09-18,True,False,5.0,2026-09-18T20:04:15+05:30
PVRINOX,1267.33,V,4.53,above,1324.7,1267.33,1261.97,1267.33,1256.6,0.851,83.6,0.028,1,2026-09-17,2026-09-18,True,False,5.0,2026-09-18T20:04:15+05:30
TCS,2197.68,V,-4.22,below,2105.0,2197.68,2205.37,2213.05,2197.68,0.697,85.5,0.029,1,2026-09-17,2026-09-18,True,False,5.0,2026-09-18T20:04:15+05:30
PIRAMALFIN,2241.98,V,2.6,above,2300.2,2241.98,2230.17,2241.98,2218.35,1.06,85.7,0.05,1,2026-09-17,2026-09-18,True,False,5.0,2026-09-18T20:04:15+05:30
PCBL,327.87,V,2.69,above,336.7,327.87,326.35,327.87,324.82,0.935,85.8,0.048,1,2026-09-17,2026-09-18,True,False,5.0,2026-09-18T20:04:15+05:30
DEEPAKFERT,1307.98,V,2.69,above,1343.2,1307.98,1300.97,1307.98,1293.95,1.079,86.3,0.044,1,2026-09-16,2026-09-18,True,False,5.0,2026-09-18T20:04:15+05:30
ENRIN,3092.92,V,4.37,above,3228.0,3092.92,3076.73,3092.92,3060.55,1.052,86.3,0.025,1,2026-09-17,2026-09-18,True,False,5.0,2026-09-18T20:04:15+05:30
CARBORUNIV,1046.67,V,7.43,above,1124.4,1046.67,1041.73,1046.67,1036.8,0.947,87.1,0.033,1,2026-09-16,2026-09-18,True,False,5.0,2026-09-18T20:04:15+05:30
EIHOTEL,298.60,V,6.46,above,317.9,298.6,297.3,298.6,296.0,0.875,87.1,0.03,1,2026-09-17,2026-09-18,True,False,5.0,2026-09-18T20:04:15+05:30
SYRMA,1607.05,V,7.58,above,1728.9,1607.05,1596.4,1607.05,1585.75,1.334,87.7,0.045,1,2026-09-17,2026-09-18,True,False,5.0,2026-09-18T20:04:15+05:30
KPIL,1384.08,V,4.44,above,1445.5,1384.08,1377.27,1384.08,1370.45,0.99,87.9,0.045,1,2026-09-16,2026-09-18,True,False,5.0,2026-09-18T20:04:15+05:30
ASTRAL,1391.93,V,2.57,above,1427.7,1391.93,1384.97,1391.93,1378.0,1.006,89.9,0.034,1,2026-09-17,2026-09-18,True,False,5.0,2026-09-18T20:04:15+05:30
VIJAYA,1431.18,V,8.92,above,1558.9,1431.18,1424.07,1431.18,1416.95,0.999,90.1,0.036,1,2026-09-16,2026-09-18,True,False,5.0,2026-09-18T20:04:15+05:30
ANANDRATHI,2197.63,V,1.45,above,2229.4,2197.63,2189.07,2197.63,2180.5,0.783,91.0,0.022,1,2026-09-16,2026-09-18,True,False,5.0,2026-09-18T20:04:15+05:30
APARINDS,17668.83,V,6.73,above,18858.0,17668.83,17536.67,17668.83,17404.5,1.507,91.0,0.054,1,2026-09-17,2026-09-18,True,False,5.0,2026-09-18T20:04:15+05:30
ADANIENSOL,1378.42,V,4.18,above,1436.1,1378.42,1370.03,1378.42,1361.65,1.224,91.5,0.03,1,2026-09-17,2026-09-18,True,False,5.0,2026-09-18T20:04:15+05:30
USHAMART,493.02,V,2.88,above,507.2,493.02,490.38,493.02,487.75,1.074,91.5,0.031,1,2026-09-17,2026-09-18,True,False,5.0,2026-09-18T20:04:15+05:30
BHEL,426.39,V,3.17,above,439.9,426.39,423.58,426.39,420.77,1.326,91.8,0.042,1,2026-09-17,2026-09-18,True,False,5.0,2026-09-18T20:04:15+05:30
INDIAMART,1670.27,V,-1.43,below,1646.3,1670.27,1677.83,1685.4,1670.27,0.902,91.8,0.025,1,2026-09-17,2026-09-18,True,False,5.0,2026-09-18T20:04:15+05:30
ZENTEC,1651.13,V,2.2,above,1687.4,1651.13,1639.47,1651.13,1627.8,1.423,92.1,0.017,1,2026-09-16,2026-09-18,True,False,5.0,2026-09-18T20:04:15+05:30
MPHASIS,2329.57,V,-1.25,below,2300.4,2329.57,2342.43,2355.3,2329.57,1.099,92.6,0.026,1,2026-09-16,2026-09-18,True,False,5.0,2026-09-18T20:04:15+05:30
ZYDUSLIFE,1130.07,V,2.65,above,1160.0,1130.07,1125.03,1130.07,1120.0,0.895,92.6,0.023,1,2026-09-17,2026-09-18,True,False,5.0,2026-09-18T20:04:15+05:30
GRANULES,865.63,V,1.14,above,875.5,865.63,860.87,865.63,856.1,1.107,93.4,0.038,1,2026-09-17,2026-09-18,True,False,5.0,2026-09-18T20:04:15+05:30
MCX,3187.65,V,2.27,above,3260.0,3187.65,3164.1,3187.65,3140.55,1.489,93.4,0.058,1,2026-09-16,2026-09-18,True,False,5.0,2026-09-18T20:04:15+05:30
HEG,224.10,V,5.78,above,237.05,224.1,222.4,224.1,220.7,1.529,94.0,0.043,1,2026-09-17,2026-09-18,True,False,5.0,2026-09-18T20:04:15+05:30
CDSL,1341.90,V,3.58,above,1390.0,1341.9,1334.4,1341.9,1326.9,1.124,94.2,0.034,1,2026-09-17,2026-09-18,True,False,5.0,2026-09-18T20:04:15+05:30
ICICIPRULI,487.94,V,0.83,above,492.0,487.94,485.38,487.94,482.82,1.054,94.2,0.021,1,2026-09-17,2026-09-18,True,False,5.0,2026-09-18T20:04:15+05:30
APLAPOLLO,2109.03,V,7.64,above,2270.1,2109.03,2098.07,2109.03,2087.1,1.045,94.8,0.016,1,2026-09-16,2026-09-18,True,False,5.0,2026-09-18T20:04:15+05:30
INDGN,588.33,V,2.0,above,600.1,588.33,584.92,588.33,581.5,1.168,95.1,0.023,1,2026-09-17,2026-09-18,True,False,5.0,2026-09-18T20:04:15+05:30
BEML,1972.82,V,8.22,above,2135.0,1972.82,1953.73,1972.82,1934.65,1.954,95.9,0.025,1,2026-09-16,2026-09-18,True,False,5.0,2026-09-18T20:04:15+05:30
ACE,1196.10,V,2.77,above,1229.2,1196.1,1186.6,1196.1,1177.1,1.601,96.7,0.049,1,2026-09-17,2026-09-18,True,False,5.0,2026-09-18T20:04:15+05:30
JWL,231.21,NARROW,-0.47,below,230.13,231.21,231.22,231.22,231.21,0.004,1.4,0.038,0,2026-09-17,2026-09-18,False,True,5.0,2026-09-18T20:04:15+05:30
EIDPARRY,702.98,NARROW,-0.32,below,700.7,702.98,703.02,703.06,702.98,0.012,1.6,0.027,0,2026-09-17,2026-09-18,False,True,5.0,2026-09-18T20:04:15+05:30
FIRSTCRY,169.24,NARROW,1.72,above,172.15,169.24,169.23,169.24,169.23,0.01,1.9,0.045,0,2026-09-17,2026-09-18,False,True,5.0,2026-09-18T20:04:15+05:30
CYIENT,1054.65,NARROW,1.77,above,1073.3,1054.65,1054.6,1054.65,1054.55,0.009,2.5,0.026,0,2026-09-16,2026-09-18,False,True,5.0,2026-09-18T20:04:15+05:30
INDUSINDBK,958.12,NARROW,0.85,above,966.3,958.12,958.03,958.12,957.95,0.017,3.3,0.026,0,2026-09-17,2026-09-18,False,True,5.0,2026-09-18T20:04:15+05:30
NTPCGREEN,87.59,NARROW,1.1,above,88.55,87.59,87.59,87.59,87.58,0.008,3.6,0.013,0,2026-09-17,2026-09-18,False,True,5.0,2026-09-18T20:04:15+05:30
GAIL,172.03,NARROW,1.09,above,173.9,172.03,172.02,172.03,172.01,0.012,3.8,0.015,0,2026-09-17,2026-09-18,False,True,5.0,2026-09-18T20:04:15+05:30
BLS,226.63,NARROW,-0.06,below,226.5,226.63,226.67,226.71,226.63,0.031,4.1,0.032,0,2026-09-16,2026-09-18,False,True,5.0,2026-09-18T20:04:15+05:30
ERIS,1303.75,NARROW,1.35,above,1321.3,1303.75,1303.57,1303.75,1303.38,0.028,4.9,0.029,0,2026-09-16,2026-09-18,False,True,5.0,2026-09-18T20:04:15+05:30
3MINDIA,32575.00,WIDE,4.67,above,34095.0,32575.0,32361.67,32575.0,32148.33,1.318,97.3,0.027,0,2026-09-16,2026-09-18,False,False,5.0,2026-09-18T20:04:15+05:30
ALKEM,5319.42,WIDE,2.77,above,5466.5,5319.42,5290.33,5319.42,5261.25,1.099,97.5,0.024,0,2026-09-17,2026-09-18,False,False,5.0,2026-09-18T20:04:15+05:30
AFCONS,261.03,WIDE,0.91,inside,263.4,261.03,261.03,264.17,257.9,2.401,99.2,0.023,0,2026-09-17,2026-09-18,False,False,5.0,2026-09-18T20:04:15+05:30
HDFCLIFE,549.30,WIDE,0.3,inside,550.95,549.3,549.3,553.15,545.45,1.402,99.2,0.02,0,2026-09-17,2026-09-18,False,False,5.0,2026-09-18T20:04:15+05:30
LALPATHLAB,1915.23,WIDE,-0.96,below,1896.9,1915.23,1934.77,1954.3,1915.23,2.019,99.2,0.043,0,2026-09-16,2026-09-18,False,False,5.0,2026-09-18T20:04:15+05:30
SBILIFE,1742.33,WIDE,-0.65,inside,1731.0,1742.33,1742.33,1754.62,1730.05,1.41,99.5,0.015,0,2026-09-17,2026-09-18,False,False,5.0,2026-09-18T20:04:15+05:30
YESBANK,23.13,TOUCHED,-1.79,below,22.72,23.13,23.14,23.14,23.13,0.043,5.5,0.04,0,2026-09-17,2026-09-18,False,False,5.0,2026-09-18T20:04:15+05:30
ENGINERSIN,263.95,TOUCHED,0.91,above,266.35,263.95,263.88,263.95,263.82,0.051,6.0,0.038,0,2026-09-17,2026-09-18,False,False,5.0,2026-09-18T20:04:15+05:30
ITC,266.23,TOUCHED,-1.48,below,262.3,266.23,266.27,266.3,266.23,0.025,6.3,0.02,0,2026-09-17,2026-09-18,False,False,5.0,2026-09-18T20:04:15+05:30
SOLARINDS,18820.83,TOUCHED,-1.41,below,18555.0,18820.83,18826.67,18832.5,18820.83,0.062,6.3,0.057,0,2026-09-17,2026-09-18,False,False,5.0,2026-09-18T20:04:15+05:30
UNIONBANK,178.13,TOUCHED,-0.88,below,176.56,178.13,178.18,178.22,178.13,0.051,6.6,0.04,0,2026-09-17,2026-09-18,False,False,5.0,2026-09-18T20:04:15+05:30
CUB,232.00,TOUCHED,1.63,above,235.79,232.0,231.94,232.0,231.88,0.052,6.8,0.034,0,2026-09-17,2026-09-18,False,False,5.0,2026-09-18T20:04:15+05:30
DALBHARAT,1693.32,TOUCHED,4.02,above,1761.4,1693.32,1693.03,1693.32,1692.75,0.033,6.8,0.025,0,2026-09-16,2026-09-18,False,False,5.0,2026-09-18T20:04:15+05:30
IGL,148.71,TOUCHED,-0.1,below,148.56,148.71,148.75,148.78,148.71,0.052,6.8,0.046,0,2026-09-17,2026-09-18,False,False,5.0,2026-09-18T20:04:15+05:30
SIGNATURE,752.36,TOUCHED,0.61,above,756.95,752.36,752.22,752.36,752.07,0.038,6.8,0.029,0,2026-09-16,2026-09-18,False,False,5.0,2026-09-18T20:04:15+05:30
PFIZER,4012.75,TOUCHED,-0.26,below,4002.4,4012.75,4013.43,4014.12,4012.75,0.034,7.1,0.025,0,2026-09-17,2026-09-18,False,False,5.0,2026-09-18T20:04:15+05:30
AARTIIND,476.48,TOUCHED,3.08,above,491.15,476.48,476.35,476.48,476.23,0.052,7.4,0.03,0,2026-09-17,2026-09-18,False,False,5.0,2026-09-18T20:04:15+05:30
TRIDENT,23.10,TOUCHED,0.54,above,23.22,23.1,23.09,23.1,23.09,0.043,7.4,0.027,0,2026-09-17,2026-09-18,False,False,5.0,2026-09-18T20:04:15+05:30
BHARTIARTL,1836.75,TOUCHED,3.08,above,1893.3,1836.75,1836.5,1836.75,1836.25,0.027,7.7,0.014,0,2026-09-17,2026-09-18,False,False,5.0,2026-09-18T20:04:15+05:30
RPOWER,21.09,TOUCHED,0.19,above,21.13,21.09,21.08,21.09,21.06,0.127,7.9,0.073,0,2026-09-17,2026-09-18,False,False,5.0,2026-09-18T20:04:15+05:30
ACMESOLAR,411.88,TOUCHED,5.68,above,435.25,411.88,411.68,411.88,411.49,0.093,8.2,0.05,0,2026-09-17,2026-09-18,False,False,5.0,2026-09-18T20:04:15+05:30
ATHERENERG,1549.23,TOUCHED,5.86,above,1640.0,1549.23,1548.47,1549.23,1547.7,0.099,8.4,0.063,0,2026-09-17,2026-09-18,False,False,5.0,2026-09-18T20:04:15+05:30
BOSCHLTD,47565.83,TOUCHED,-1.19,below,47000.0,47565.83,47576.67,47587.5,47565.83,0.046,8.5,0.029,0,2026-09-16,2026-09-18,False,False,5.0,2026-09-18T20:04:15+05:30
WIPRO,166.37,TOUCHED,0.28,above,166.83,166.37,166.34,166.37,166.31,0.036,8.8,0.013,0,2026-09-17,2026-09-18,False,False,5.0,2026-09-18T20:04:15+05:30
JSWCEMENT,116.61,TOUCHED,0.71,above,117.44,116.61,116.58,116.61,116.54,0.054,9.1,0.027,0,2026-09-17,2026-09-18,False,False,5.0,2026-09-18T20:04:15+05:30
NMDC,80.83,TOUCHED,-2.07,below,79.15,80.83,80.85,80.88,80.83,0.062,9.3,0.028,0,2026-09-17,2026-09-18,False,False,5.0,2026-09-18T20:04:15+05:30
PFC,346.12,TOUCHED,-1.03,below,342.55,346.12,346.25,346.38,346.12,0.072,9.3,0.032,0,2026-09-16,2026-09-18,False,False,5.0,2026-09-18T20:04:15+05:30
CANBK,123.81,TOUCHED,-0.02,below,123.78,123.81,123.84,123.87,123.81,0.048,9.6,0.023,0,2026-09-17,2026-09-18,False,False,5.0,2026-09-18T20:04:15+05:30
JAINREC,274.52,TOUCHED,0.63,above,276.25,274.52,274.37,274.52,274.21,0.115,10.4,0.061,0,2026-09-17,2026-09-18,False,False,5.0,2026-09-18T20:04:15+05:30
LEMONTREE,104.17,TOUCHED,2.21,above,106.47,104.17,104.13,104.17,104.1,0.07,11.0,0.023,0,2026-09-17,2026-09-18,False,False,5.0,2026-09-18T20:04:15+05:30
MGL,1072.45,TOUCHED,0.86,above,1081.7,1072.45,1072.03,1072.45,1071.62,0.078,11.0,0.034,0,2026-09-17,2026-09-18,False,False,5.0,2026-09-18T20:04:15+05:30
ADANIENT,2926.00,TOUCHED,3.21,above,3020.0,2926.0,2925.07,2926.0,2924.13,0.064,11.2,0.026,0,2026-09-17,2026-09-18,False,False,5.0,2026-09-18T20:04:15+05:30
VMM,101.35,TOUCHED,1.28,above,102.65,101.35,101.31,101.35,101.28,0.072,11.2,0.032,0,2026-09-17,2026-09-18,False,False,5.0,2026-09-18T20:04:15+05:30
THERMAX,3535.22,TOUCHED,0.47,above,3551.9,3535.22,3533.63,3535.22,3532.05,0.09,12.9,0.023,0,2026-09-16,2026-09-18,False,False,5.0,2026-09-18T20:04:15+05:30
NH,1867.85,TOUCHED,3.25,above,1928.5,1867.85,1867.1,1867.85,1866.35,0.08,13.2,0.034,0,2026-09-17,2026-09-18,False,False,5.0,2026-09-18T20:04:15+05:30
TRENT,2787.83,TOUCHED,1.3,above,2824.0,2787.83,2786.67,2787.83,2785.5,0.084,13.2,0.044,0,2026-09-17,2026-09-18,False,False,5.0,2026-09-18T20:04:15+05:30
CESC,141.73,TOUCHED,-0.14,below,141.53,141.73,141.79,141.85,141.73,0.085,13.7,0.037,0,2026-09-16,2026-09-18,False,False,5.0,2026-09-18T20:04:15+05:30
KEC,401.76,TOUCHED,0.62,above,404.25,401.76,401.57,401.76,401.38,0.095,13.7,0.023,0,2026-09-17,2026-09-18,False,False,5.0,2026-09-18T20:04:15+05:30
NESTLEIND,1382.85,TOUCHED,-0.76,below,1372.4,1382.85,1383.4,1383.95,1382.85,0.08,13.7,0.033,0,2026-09-16,2026-09-18,False,False,5.0,2026-09-18T20:04:15+05:30
VOLTAS,1133.15,TOUCHED,-1.96,below,1110.9,1133.15,1133.77,1134.38,1133.15,0.109,13.7,0.037,0,2026-09-17,2026-09-18,False,False,5.0,2026-09-18T20:04:15+05:30
RAILTEL,259.80,TOUCHED,2.0,above,265.0,259.8,259.62,259.8,259.43,0.141,14.0,0.041,0,2026-09-17,2026-09-18,False,False,5.0,2026-09-18T20:04:15+05:30
FSL,273.50,TOUCHED,-0.02,inside,273.45,273.5,273.5,273.7,273.3,0.146,15.3,0.034,0,2026-09-17,2026-09-18,False,False,5.0,2026-09-18T20:04:15+05:30
UTIAMC,895.65,TOUCHED,-0.07,below,895.0,895.65,896.1,896.55,895.65,0.1,15.3,0.031,0,2026-09-16,2026-09-18,False,False,5.0,2026-09-18T20:04:15+05:30
ELECON,414.25,TOUCHED,1.68,above,421.2,414.25,413.9,414.25,413.55,0.169,15.6,0.036,0,2026-09-17,2026-09-18,False,False,5.0,2026-09-18T20:04:15+05:30
TIINDIA,2597.03,TOUCHED,0.11,above,2600.0,2597.03,2595.27,2597.03,2593.5,0.136,15.6,0.038,0,2026-09-17,2026-09-18,False,False,5.0,2026-09-18T20:04:15+05:30
ELGIEQUIP,594.40,TOUCHED,2.55,above,609.55,594.4,594.03,594.4,593.67,0.123,15.9,0.049,0,2026-09-17,2026-09-18,False,False,5.0,2026-09-18T20:04:15+05:30
SUNDARMFIN,4669.28,TOUCHED,1.31,above,4730.6,4669.28,4666.17,4669.28,4663.05,0.134,15.9,0.029,0,2026-09-16,2026-09-18,False,False,5.0,2026-09-18T20:04:15+05:30
ZENSARTECH,440.88,TOUCHED,-1.0,below,436.45,440.88,441.2,441.53,440.88,0.147,15.9,0.035,0,2026-09-17,2026-09-18,False,False,5.0,2026-09-18T20:04:15+05:30
BSE,3264.73,TOUCHED,0.05,inside,3266.4,3264.73,3264.73,3267.6,3261.87,0.176,16.4,0.022,0,2026-09-17,2026-09-18,False,False,5.0,2026-09-18T20:04:15+05:30
NATCOPHARM,813.82,TOUCHED,-0.05,below,813.4,813.82,814.35,814.88,813.82,0.129,16.4,0.023,0,2026-09-16,2026-09-18,False,False,5.0,2026-09-18T20:04:15+05:30
UPL,554.47,TOUCHED,4.61,above,580.0,554.47,554.18,554.47,553.9,0.102,16.4,0.02,0,2026-09-17,2026-09-18,False,False,5.0,2026-09-18T20:04:15+05:30
NTPC,329.25,TOUCHED,-1.7,below,323.65,329.25,329.37,329.48,329.25,0.071,16.7,0.015,0,2026-09-17,2026-09-18,False,False,5.0,2026-09-18T20:04:15+05:30
PPLPHARMA,204.59,TOUCHED,1.75,above,208.16,204.59,204.47,204.59,204.35,0.119,16.7,0.038,0,2026-09-17,2026-09-18,False,False,5.0,2026-09-18T20:04:15+05:30
HSCL,654.98,TOUCHED,3.11,above,675.35,654.98,654.43,654.98,653.89,0.166,17.0,0.031,0,2026-09-17,2026-09-18,False,False,5.0,2026-09-18T20:04:15+05:30
JUBLINGREA,631.70,TOUCHED,-1.08,below,624.9,631.7,632.22,632.73,631.7,0.163,17.0,0.034,0,2026-09-17,2026-09-18,False,False,5.0,2026-09-18T20:04:15+05:30
CRISIL,4575.57,TOUCHED,0.04,above,4577.5,4575.57,4572.33,4575.57,4569.1,0.141,17.3,0.049,0,2026-09-16,2026-09-18,False,False,5.0,2026-09-18T20:04:15+05:30
JSWINFRA,326.47,TOUCHED,6.67,above,348.25,326.47,326.3,326.47,326.12,0.107,17.3,0.029,0,2026-09-17,2026-09-18,False,False,5.0,2026-09-18T20:04:15+05:30
ACUTAAS,3324.00,TOUCHED,3.5,above,3440.3,3324.0,3321.03,3324.0,3318.07,0.179,17.5,0.036,0,2026-09-17,2026-09-18,False,False,5.0,2026-09-18T20:04:15+05:30
NCC,135.52,TOUCHED,1.19,above,137.13,135.52,135.43,135.52,135.35,0.123,17.5,0.027,0,2026-09-17,2026-09-18,False,False,5.0,2026-09-18T20:04:15+05:30
BLUEJET,570.08,TOUCHED,0.91,above,575.25,570.08,569.45,570.08,568.83,0.22,18.1,0.045,0,2026-09-17,2026-09-18,False,False,5.0,2026-09-18T20:04:15+05:30
FINCABLES,1394.90,TOUCHED,1.17,above,1411.2,1394.9,1394.0,1394.9,1393.1,0.129,19.5,0.019,0,2026-09-17,2026-09-18,False,False,5.0,2026-09-18T20:04:15+05:30
RECLTD,312.10,TOUCHED,-0.03,below,312.0,312.1,312.28,312.47,312.1,0.117,19.5,0.015,0,2026-09-16,2026-09-18,False,False,5.0,2026-09-18T20:04:15+05:30
SBFC,93.72,TOUCHED,-1.45,below,92.36,93.72,93.78,93.83,93.72,0.124,19.5,0.03,0,2026-09-16,2026-09-18,False,False,5.0,2026-09-18T20:04:15+05:30
COROMANDEL,1934.65,TOUCHED,3.35,above,1999.5,1934.65,1933.03,1934.65,1931.42,0.167,19.7,0.033,0,2026-09-17,2026-09-18,False,False,5.0,2026-09-18T20:04:15+05:30
URBANCO,163.38,TOUCHED,3.51,above,169.11,163.38,163.19,163.38,163.0,0.231,20.2,0.044,0,2026-09-17,2026-09-18,False,False,5.0,2026-09-18T20:04:15+05:30
DABUR,384.32,TOUCHED,2.84,above,395.25,384.32,384.08,384.32,383.85,0.122,20.5,0.031,0,2026-09-17,2026-09-18,False,False,5.0,2026-09-18T20:04:15+05:30
HDBFS,681.08,TOUCHED,2.54,above,698.4,681.08,680.72,681.08,680.35,0.108,20.7,0.023,0,2026-09-17,2026-09-18,False,False,5.0,2026-09-18T20:04:15+05:30
LTFOODS,417.37,TOUCHED,1.4,above,423.2,417.37,416.98,417.37,416.6,0.184,20.8,0.036,0,2026-09-16,2026-09-18,False,False,5.0,2026-09-18T20:04:15+05:30
UNITDSPR,1386.75,TOUCHED,-1.14,below,1371.0,1386.75,1387.83,1388.92,1386.75,0.156,21.6,0.033,0,2026-09-17,2026-09-18,False,False,5.0,2026-09-18T20:04:15+05:30
RELIANCE,1244.58,TOUCHED,-1.46,below,1226.4,1244.58,1245.27,1245.95,1244.58,0.11,22.5,0.025,0,2026-09-17,2026-09-18,False,False,5.0,2026-09-18T20:04:15+05:30
LENSKART,681.88,TOUCHED,3.71,above,707.2,681.88,681.23,681.88,680.59,0.188,23.5,0.029,0,2026-09-17,2026-09-18,False,False,5.0,2026-09-18T20:04:15+05:30
HUDCO,170.04,TOUCHED,2.87,above,174.92,170.04,169.88,170.04,169.71,0.192,24.1,0.035,0,2026-09-17,2026-09-18,False,False,5.0,2026-09-18T20:04:15+05:30
LICI,399.76,TOUCHED,1.99,above,407.7,399.76,399.52,399.76,399.27,0.121,24.1,0.031,0,2026-09-17,2026-09-18,False,False,5.0,2026-09-18T20:04:15+05:30
CAPLIPOINT,2600.54,TOUCHED,5.69,above,2748.6,2600.54,2597.89,2600.54,2595.25,0.204,24.4,0.032,0,2026-09-17,2026-09-18,False,False,5.0,2026-09-18T20:04:15+05:30
JYOTICNC,984.02,TOUCHED,6.67,above,1049.7,984.02,982.97,984.02,981.91,0.215,24.9,0.031,0,2026-09-17,2026-09-18,False,False,5.0,2026-09-18T20:04:15+05:30
GRASIM,3184.82,TOUCHED,0.77,above,3209.2,3184.82,3182.63,3184.82,3180.45,0.137,25.2,0.017,0,2026-09-16,2026-09-18,False,False,5.0,2026-09-18T20:04:15+05:30
FORCEMOT,17554.00,TOUCHED,-0.38,below,17488.0,17554.0,17586.0,17618.0,17554.0,0.364,25.8,0.049,0,2026-09-17,2026-09-18,False,False,5.0,2026-09-18T20:04:15+05:30
IPCALAB,1975.95,TOUCHED,1.7,above,2009.6,1975.95,1974.07,1975.95,1972.18,0.191,26.0,0.032,0,2026-09-17,2026-09-18,False,False,5.0,2026-09-18T20:04:15+05:30
CHALET,843.19,TOUCHED,2.66,above,865.65,843.19,842.28,843.19,841.38,0.216,26.3,0.027,0,2026-09-16,2026-09-18,False,False,5.0,2026-09-18T20:04:15+05:30
GRAPHITE,817.23,TOUCHED,1.67,above,830.85,817.23,816.18,817.23,815.14,0.255,26.3,0.024,0,2026-09-17,2026-09-18,False,False,5.0,2026-09-18T20:04:15+05:30
EMCURE,1916.00,TOUCHED,4.58,above,2003.8,1916.0,1913.93,1916.0,1911.87,0.216,26.8,0.027,0,2026-09-17,2026-09-18,False,False,5.0,2026-09-18T20:04:15+05:30
HFCL,210.55,TOUCHED,2.45,above,215.71,210.55,210.18,210.55,209.82,0.349,27.1,0.031,0,2026-09-17,2026-09-18,False,False,5.0,2026-09-18T20:04:15+05:30
INFY,1056.10,TOUCHED,-0.45,below,1051.4,1056.1,1056.93,1057.77,1056.1,0.158,27.1,0.029,0,2026-09-17,2026-09-18,False,False,5.0,2026-09-18T20:04:15+05:30
INDIANB,840.75,TOUCHED,-0.11,below,839.8,840.75,841.5,842.25,840.75,0.178,27.9,0.025,0,2026-09-16,2026-09-18,False,False,5.0,2026-09-18T20:04:15+05:30
TBOTEK,1654.15,TOUCHED,3.41,above,1710.6,1654.15,1652.0,1654.15,1649.85,0.26,27.9,0.038,0,2026-09-17,2026-09-18,False,False,5.0,2026-09-18T20:04:15+05:30
ASAHIINDIA,954.60,TOUCHED,0.68,above,961.05,954.6,953.3,954.6,952.0,0.273,28.8,0.032,0,2026-09-17,2026-09-18,False,False,5.0,2026-09-18T20:04:15+05:30
PWL,128.50,TOUCHED,6.3,above,136.6,128.5,128.27,128.5,128.03,0.364,28.9,0.07,0,2026-09-17,2026-09-18,False,False,5.0,2026-09-18T20:04:15+05:30
GABRIEL,1293.40,TOUCHED,2.2,above,1321.8,1293.4,1291.1,1293.4,1288.8,0.356,29.0,0.039,0,2026-09-16,2026-09-18,False,False,5.0,2026-09-18T20:04:15+05:30
BATAINDIA,636.08,TOUCHED,0.35,above,638.3,636.08,635.52,636.08,634.95,0.178,29.3,0.022,0,2026-09-17,2026-09-18,False,False,5.0,2026-09-18T20:04:15+05:30
TENNIND,513.30,TOUCHED,0.9,above,517.9,513.3,512.55,513.3,511.8,0.293,29.5,0.013,0,2026-09-17,2026-09-18,False,False,5.0,2026-09-18T20:04:15+05:30
ARE&M,794.56,TOUCHED,0.18,above,796.0,794.56,793.82,794.56,793.07,0.187,29.6,0.022,0,2026-09-17,2026-09-18,False,False,5.0,2026-09-18T20:04:15+05:30
TRAVELFOOD,1230.35,TOUCHED,2.09,above,1256.1,1230.35,1228.7,1230.35,1227.05,0.269,30.1,0.032,0,2026-09-17,2026-09-18,False,False,5.0,2026-09-18T20:04:15+05:30
THELEELA,529.37,TOUCHED,2.11,above,540.55,529.37,528.73,529.37,528.1,0.24,30.5,0.03,0,2026-09-17,2026-09-18,False,False,5.0,2026-09-18T20:04:15+05:30
MAXHEALTH,1035.80,TOUCHED,1.3,above,1049.3,1035.8,1034.6,1035.8,1033.4,0.232,30.7,0.037,0,2026-09-17,2026-09-18,False,False,5.0,2026-09-18T20:04:15+05:30
COLPAL,1865.10,TOUCHED,2.83,above,1917.8,1865.1,1863.4,1865.1,1861.7,0.182,31.0,0.025,0,2026-09-16,2026-09-18,False,False,5.0,2026-09-18T20:04:15+05:30
CONCOR,489.50,TOUCHED,3.07,above,504.55,489.5,489.05,489.5,488.6,0.184,31.0,0.034,0,2026-09-17,2026-09-18,False,False,5.0,2026-09-18T20:04:15+05:30
BELRISE,230.33,TOUCHED,4.28,above,240.18,230.33,230.01,230.33,229.69,0.278,31.2,0.035,0,2026-09-17,2026-09-18,False,False,5.0,2026-09-18T20:04:15+05:30
HOMEFIRST,1174.40,TOUCHED,5.7,above,1241.3,1174.4,1172.9,1174.4,1171.4,0.256,31.2,0.037,0,2026-09-16,2026-09-18,False,False,5.0,2026-09-18T20:04:15+05:30
INOXWIND,74.40,TOUCHED,3.22,above,76.8,74.4,74.3,74.4,74.2,0.274,31.2,0.041,0,2026-09-17,2026-09-18,False,False,5.0,2026-09-18T20:04:15+05:30
SRF,2527.50,TOUCHED,-0.61,below,2512.0,2527.5,2530.33,2533.17,2527.5,0.224,31.8,0.028,0,2026-09-17,2026-09-18,False,False,5.0,2026-09-18T20:04:15+05:30
SAMMAANCAP,142.94,TOUCHED,0.69,above,143.92,142.94,142.7,142.94,142.46,0.334,32.3,0.041,0,2026-09-17,2026-09-18,False,False,5.0,2026-09-18T20:04:15+05:30
CCL,1064.38,TOUCHED,0.11,above,1065.6,1064.38,1063.27,1064.38,1062.15,0.21,32.6,0.021,0,2026-09-16,2026-09-18,False,False,5.0,2026-09-18T20:04:15+05:30
NHPC,75.43,TOUCHED,2.01,above,76.95,75.43,75.36,75.43,75.28,0.208,32.9,0.031,0,2026-09-17,2026-09-18,False,False,5.0,2026-09-18T20:04:15+05:30
LATENTVIEW,254.63,TOUCHED,0.28,above,255.35,254.63,254.27,254.63,253.9,0.288,33.2,0.026,0,2026-09-17,2026-09-18,False,False,5.0,2026-09-18T20:04:15+05:30
M&M,3080.13,TOUCHED,-0.91,below,3052.0,3080.13,3083.77,3087.4,3080.13,0.236,33.2,0.026,0,2026-09-17,2026-09-18,False,False,5.0,2026-09-18T20:04:15+05:30
PERSISTENT,5446.67,TOUCHED,-0.56,below,5416.0,5446.67,5453.33,5460.0,5446.67,0.244,33.2,0.016,0,2026-09-16,2026-09-18,False,False,5.0,2026-09-18T20:04:15+05:30
IOC,134.67,TOUCHED,1.73,above,137.0,134.67,134.53,134.67,134.4,0.196,34.0,0.02,0,2026-09-17,2026-09-18,False,False,5.0,2026-09-18T20:04:15+05:30
TATATECH,755.80,TOUCHED,-4.41,below,722.45,755.8,756.78,757.77,755.8,0.26,35.1,0.037,0,2026-09-17,2026-09-18,False,False,5.0,2026-09-18T20:04:15+05:30
ATGL,588.75,TOUCHED,12.22,above,660.7,588.75,588.0,588.75,587.25,0.255,35.3,0.031,0,2026-09-16,2026-09-18,False,False,5.0,2026-09-18T20:04:15+05:30
IDEA,14.25,TOUCHED,-2.29,below,13.92,14.25,14.27,14.3,14.25,0.374,35.3,0.044,0,2026-09-17,2026-09-18,False,False,5.0,2026-09-18T20:04:15+05:30
NSLNISP,41.58,TOUCHED,2.46,above,42.6,41.58,41.52,41.58,41.45,0.297,35.3,0.033,0,2026-09-17,2026-09-18,False,False,5.0,2026-09-18T20:04:15+05:30
JKTYRE,345.07,TOUCHED,1.24,above,349.35,345.07,344.48,345.07,343.89,0.344,36.4,0.031,0,2026-09-16,2026-09-18,False,False,5.0,2026-09-18T20:04:15+05:30
MAZDOCK,2220.45,TOUCHED,2.68,above,2280.0,2220.45,2216.97,2220.45,2213.48,0.314,36.7,0.042,0,2026-09-17,2026-09-18,False,False,5.0,2026-09-18T20:04:15+05:30
OLAELEC,36.88,TOUCHED,-1.33,below,36.39,36.88,36.97,37.06,36.88,0.496,36.7,0.064,0,2026-09-17,2026-09-18,False,False,5.0,2026-09-18T20:04:15+05:30
ITI,255.11,TOUCHED,0.47,above,256.3,255.11,254.72,255.11,254.32,0.308,37.0,0.032,0,2026-09-16,2026-09-18,False,False,5.0,2026-09-18T20:04:15+05:30
NEULANDLAB,22580.00,TOUCHED,1.15,above,22840.0,22580.0,22535.0,22580.0,22490.0,0.399,37.0,0.032,0,2026-09-16,2026-09-18,False,False,5.0,2026-09-18T20:04:15+05:30
KPITTECH,556.73,TOUCHED,-4.44,below,532.0,556.73,557.58,558.44,556.73,0.308,37.3,0.044,0,2026-09-17,2026-09-18,False,False,5.0,2026-09-18T20:04:15+05:30
GRAVITA,1614.17,TOUCHED,-0.98,below,1598.4,1614.17,1616.73,1619.3,1614.17,0.318,38.1,0.033,0,2026-09-17,2026-09-18,False,False,5.0,2026-09-18T20:04:15+05:30
NATIONALUM,356.29,TOUCHED,-1.63,below,350.5,356.29,356.88,357.48,356.29,0.332,38.4,0.041,0,2026-09-17,2026-09-18,False,False,5.0,2026-09-18T20:04:15+05:30
SUNTV,463.13,TOUCHED,-2.47,below,451.7,463.13,463.82,464.5,463.13,0.295,38.6,0.024,0,2026-09-16,2026-09-18,False,False,5.0,2026-09-18T20:04:15+05:30
TATACAP,344.82,TOUCHED,1.89,above,351.35,344.82,344.43,344.82,344.04,0.227,38.7,0.015,0,2026-09-17,2026-09-18,False,False,5.0,2026-09-18T20:04:15+05:30
DCMSHRIRAM,988.45,TOUCHED,0.66,above,995.0,988.45,986.97,988.45,985.48,0.301,38.9,0.024,0,2026-09-17,2026-09-18,False,False,5.0,2026-09-18T20:04:15+05:30
SWIGGY,274.82,TOUCHED,-0.65,below,273.05,274.82,275.38,275.94,274.82,0.405,38.9,0.045,0,2026-09-17,2026-09-18,False,False,5.0,2026-09-18T20:04:15+05:30
JSL,729.53,TOUCHED,2.94,above,750.95,729.53,728.22,729.53,726.9,0.362,39.5,0.043,0,2026-09-16,2026-09-18,False,False,5.0,2026-09-18T20:04:15+05:30
ESCORTS,2819.73,TOUCHED,-0.76,below,2798.2,2819.73,2823.87,2828.0,2819.73,0.293,39.7,0.041,0,2026-09-16,2026-09-18,False,False,5.0,2026-09-18T20:04:15+05:30
ANGELONE,295.45,TOUCHED,1.24,above,299.1,295.45,294.8,295.45,294.15,0.441,40.0,0.029,0,2026-09-16,2026-09-18,False,False,5.0,2026-09-18T20:04:15+05:30
EMAMILTD,369.83,TOUCHED,-0.37,below,368.45,369.83,370.37,370.9,369.83,0.288,40.5,0.025,0,2026-09-16,2026-09-18,False,False,5.0,2026-09-18T20:04:15+05:30
TATACONSUM,1009.65,TOUCHED,-1.35,below,996.0,1009.65,1011.0,1012.35,1009.65,0.267,40.8,0.027,0,2026-09-17,2026-09-18,False,False,5.0,2026-09-18T20:04:15+05:30
CHOLAHLDNG,1507.13,TOUCHED,0.04,inside,1507.7,1507.13,1507.13,1509.77,1504.5,0.349,41.1,0.026,0,2026-09-16,2026-09-18,False,False,5.0,2026-09-18T20:04:15+05:30
AIIL,530.83,TOUCHED,5.31,above,559.0,530.83,529.62,530.83,528.41,0.456,41.9,0.044,0,2026-09-17,2026-09-18,False,False,5.0,2026-09-18T20:04:15+05:30
EICHERMOT,7511.67,TOUCHED,0.06,inside,7516.0,7511.67,7511.67,7520.75,7502.58,0.242,41.9,0.023,0,2026-09-17,2026-09-18,False,False,5.0,2026-09-18T20:04:15+05:30
BBTC,1414.63,TOUCHED,6.89,above,1512.1,1414.63,1412.57,1414.63,1410.5,0.293,42.2,0.03,0,2026-09-16,2026-09-18,False,False,5.0,2026-09-18T20:04:15+05:30
COHANCE,438.17,TOUCHED,-0.04,inside,438.0,438.17,438.17,439.06,437.27,0.407,42.2,0.022,0,2026-09-17,2026-09-18,False,False,5.0,2026-09-18T20:04:15+05:30
RAMCOCEM,861.77,TOUCHED,0.93,above,869.75,861.77,860.38,861.77,859.0,0.322,42.5,0.046,0,2026-09-16,2026-09-18,False,False,5.0,2026-09-18T20:04:15+05:30
CANHLIFE,154.45,TOUCHED,-0.56,below,153.59,154.45,154.76,155.06,154.45,0.39,42.6,0.018,0,2026-09-17,2026-09-18,False,False,5.0,2026-09-18T20:04:15+05:30
WHIRLPOOL,728.71,TOUCHED,-1.51,below,717.7,728.71,730.02,731.33,728.71,0.358,42.7,0.045,0,2026-09-17,2026-09-18,False,False,5.0,2026-09-18T20:04:15+05:30
NAUKRI,1258.20,TOUCHED,-0.56,below,1251.2,1258.2,1260.4,1262.6,1258.2,0.349,43.3,0.023,0,2026-09-16,2026-09-18,False,False,5.0,2026-09-18T20:04:15+05:30
SYNGENE,378.30,TOUCHED,-2.45,below,369.05,378.3,378.9,379.5,378.3,0.317,43.6,0.029,0,2026-09-16,2026-09-18,False,False,5.0,2026-09-18T20:04:15+05:30
CAMS,708.03,TOUCHED,0.0,inside,708.05,708.03,708.03,709.2,706.87,0.33,44.1,0.04,0,2026-09-16,2026-09-18,False,False,5.0,2026-09-18T20:04:15+05:30
KOTAKBANK,415.05,TOUCHED,-0.61,below,412.5,415.05,415.53,416.02,415.05,0.233,44.1,0.022,0,2026-09-17,2026-09-18,False,False,5.0,2026-09-18T20:04:15+05:30
SWANCORP,292.22,TOUCHED,0.94,above,294.95,292.22,291.58,292.22,290.95,0.434,44.7,0.032,0,2026-09-16,2026-09-18,False,False,5.0,2026-09-18T20:04:15+05:30
WOCKPHARMA,2066.80,TOUCHED,0.93,above,2086.1,2066.8,2061.3,2066.8,2055.8,0.534,44.7,0.057,0,2026-09-17,2026-09-18,False,False,5.0,2026-09-18T20:04:15+05:30
CHAMBLFERT,413.18,TOUCHED,0.42,above,414.9,413.18,412.47,413.18,411.75,0.348,44.9,0.035,0,2026-09-17,2026-09-18,False,False,5.0,2026-09-18T20:04:15+05:30
BALRAMCHIN,676.91,TOUCHED,-0.64,below,672.6,676.91,678.12,679.33,676.91,0.356,45.2,0.025,0,2026-09-17,2026-09-18,False,False,5.0,2026-09-18T20:04:15+05:30
APTUS,239.66,TOUCHED,-0.83,below,237.68,239.66,240.16,240.66,239.66,0.416,45.5,0.026,0,2026-09-17,2026-09-18,False,False,5.0,2026-09-18T20:04:15+05:30
IOB,32.20,TOUCHED,-0.09,inside,32.17,32.2,32.2,32.25,32.15,0.311,45.5,0.033,0,2026-09-17,2026-09-18,False,False,5.0,2026-09-18T20:04:15+05:30
JSWENERGY,511.10,TOUCHED,2.92,above,526.0,511.1,510.2,511.1,509.3,0.353,45.5,0.024,0,2026-09-17,2026-09-18,False,False,5.0,2026-09-18T20:04:15+05:30
TEJASNET,520.67,TOUCHED,-0.46,below,518.3,520.67,521.87,523.06,520.67,0.457,45.8,0.041,0,2026-09-17,2026-09-18,False,False,5.0,2026-09-18T20:04:15+05:30
BANKBARODA,234.59,TOUCHED,0.15,above,234.94,234.59,234.2,234.59,233.81,0.333,46.6,0.012,0,2026-09-16,2026-09-18,False,False,5.0,2026-09-18T20:04:15+05:30
MMTC,60.23,TOUCHED,0.07,above,60.27,60.23,60.08,60.23,59.94,0.472,46.6,0.053,0,2026-09-16,2026-09-18,False,False,5.0,2026-09-18T20:04:15+05:30
NYKAA,325.45,TOUCHED,2.06,above,332.15,325.45,324.88,325.45,324.32,0.349,46.6,0.028,0,2026-09-17,2026-09-18,False,False,5.0,2026-09-18T20:04:15+05:30
COALINDIA,418.56,TOUCHED,-2.07,below,409.9,418.56,419.12,419.67,418.56,0.266,47.4,0.022,0,2026-09-17,2026-09-18,False,False,5.0,2026-09-18T20:04:15+05:30
RITES,204.80,TOUCHED,1.19,above,207.23,204.8,204.42,204.8,204.05,0.37,47.7,0.025,0,2026-09-17,2026-09-18,False,False,5.0,2026-09-18T20:04:15+05:30
ABREL,1254.35,TOUCHED,0.94,above,1266.2,1254.35,1251.3,1254.35,1248.25,0.487,49.9,0.024,0,2026-09-17,2026-09-18,False,False,5.0,2026-09-18T20:04:15+05:30
GLENMARK,2411.55,TOUCHED,1.49,above,2447.4,2411.55,2407.1,2411.55,2402.65,0.37,49.9,0.035,0,2026-09-17,2026-09-18,False,False,5.0,2026-09-18T20:04:15+05:30
INTELLECT,652.98,TOUCHED,-0.85,below,647.45,652.98,654.67,656.35,652.98,0.514,49.9,0.042,0,2026-09-17,2026-09-18,False,False,5.0,2026-09-18T20:04:15+05:30
KALYANKJIL,582.80,TOUCHED,-0.16,below,581.85,582.8,584.15,585.5,582.8,0.462,49.9,0.039,0,2026-09-17,2026-09-18,False,False,5.0,2026-09-18T20:04:15+05:30
UCOBANK,23.76,TOUCHED,-0.04,inside,23.75,23.76,23.76,23.8,23.72,0.337,50.1,0.013,0,2026-09-16,2026-09-18,False,False,5.0,2026-09-18T20:04:15+05:30
ANTHEM,925.36,TOUCHED,0.34,above,928.5,925.36,923.32,925.36,921.27,0.442,51.0,0.041,0,2026-09-17,2026-09-18,False,False,5.0,2026-09-18T20:04:15+05:30
CRAFTSMAN,11014.83,TOUCHED,1.12,above,11138.0,11014.83,10989.67,11014.83,10964.5,0.458,51.2,0.057,0,2026-09-16,2026-09-18,False,False,5.0,2026-09-18T20:04:15+05:30
RBLBANK,406.80,TOUCHED,2.24,above,415.9,406.8,405.92,406.8,405.03,0.435,51.2,0.032,0,2026-09-17,2026-09-18,False,False,5.0,2026-09-18T20:04:15+05:30
GILLETTE,7237.75,TOUCHED,-2.28,below,7073.0,7237.75,7250.33,7262.92,7237.75,0.347,51.8,0.026,0,2026-09-16,2026-09-18,False,False,5.0,2026-09-18T20:04:15+05:30
AWL,185.14,TOUCHED,0.99,above,186.98,185.14,184.77,185.14,184.41,0.397,52.1,0.046,0,2026-09-17,2026-09-18,False,False,5.0,2026-09-18T20:04:15+05:30
DMART,3729.55,TOUCHED,0.55,above,3749.9,3729.55,3723.43,3729.55,3717.32,0.329,52.1,0.028,0,2026-09-17,2026-09-18,False,False,5.0,2026-09-18T20:04:15+05:30
GPIL,234.62,TOUCHED,-0.49,below,233.47,234.62,235.24,235.87,234.62,0.53,52.1,0.029,0,2026-09-16,2026-09-18,False,False,5.0,2026-09-18T20:04:15+05:30
SAGILITY,44.92,TOUCHED,1.66,above,45.66,44.92,44.8,44.92,44.68,0.528,52.3,0.045,0,2026-09-17,2026-09-18,False,False,5.0,2026-09-18T20:04:15+05:30
ABDL,649.15,TOUCHED,-0.24,inside,647.6,649.15,649.15,651.12,647.18,0.608,53.2,0.069,0,2026-09-17,2026-09-18,False,False,5.0,2026-09-18T20:04:15+05:30
LTTS,3344.17,TOUCHED,0.1,above,3347.5,3344.17,3336.83,3344.17,3329.5,0.44,53.4,0.042,0,2026-09-16,2026-09-18,False,False,5.0,2026-09-18T20:04:15+05:30
ONGC,233.11,TOUCHED,-0.13,inside,232.8,233.11,233.11,233.45,232.77,0.292,53.4,0.027,0,2026-09-17,2026-09-18,False,False,5.0,2026-09-18T20:04:15+05:30
AXISBANK,1245.30,TOUCHED,0.94,above,1257.0,1245.3,1243.53,1245.3,1241.77,0.284,53.7,0.024,0,2026-09-17,2026-09-18,False,False,5.0,2026-09-18T20:04:15+05:30
BHARTIHEXA,1488.80,TOUCHED,3.45,above,1540.1,1488.8,1485.63,1488.8,1482.47,0.426,54.0,0.038,0,2026-09-16,2026-09-18,False,False,5.0,2026-09-18T20:04:15+05:30
GODREJIND,1130.03,TOUCHED,-2.0,below,1107.4,1130.03,1132.77,1135.5,1130.03,0.483,54.2,0.038,0,2026-09-17,2026-09-18,False,False,5.0,2026-09-18T20:04:15+05:30
NUVAMA,1698.87,TOUCHED,0.87,above,1713.7,1698.87,1694.63,1698.87,1690.4,0.5,54.5,0.025,0,2026-09-16,2026-09-18,False,False,5.0,2026-09-18T20:04:15+05:30
BSOFT,282.02,TOUCHED,-0.57,below,280.4,282.02,282.78,283.55,282.02,0.542,54.8,0.042,0,2026-09-16,2026-09-18,False,False,5.0,2026-09-18T20:04:15+05:30
LLOYDSME,1807.75,TOUCHED,1.05,above,1826.7,1807.75,1803.2,1807.75,1798.65,0.505,55.1,0.033,0,2026-09-16,2026-09-18,False,False,5.0,2026-09-18T20:04:15+05:30
SJVN,64.38,TOUCHED,-0.67,below,63.95,64.38,64.5,64.63,64.38,0.382,55.1,0.027,0,2026-09-17,2026-09-18,False,False,5.0,2026-09-18T20:04:15+05:30
ZEEL,78.77,TOUCHED,-0.19,inside,78.62,78.77,78.77,79.01,78.54,0.588,55.1,0.045,0,2026-09-17,2026-09-18,False,False,5.0,2026-09-18T20:04:15+05:30
IKS,1741.90,TOUCHED,2.18,above,1779.9,1741.9,1737.57,1741.9,1733.23,0.499,55.3,0.023,0,2026-09-17,2026-09-18,False,False,5.0,2026-09-18T20:04:15+05:30
RRKABEL,2409.70,TOUCHED,1.71,above,2450.8,2409.7,2403.3,2409.7,2396.9,0.533,55.6,0.045,0,2026-09-17,2026-09-18,False,False,5.0,2026-09-18T20:04:15+05:30
ABLBL,82.62,TOUCHED,-1.75,below,81.17,82.62,82.82,83.03,82.62,0.499,55.9,0.054,0,2026-09-17,2026-09-18,False,False,5.0,2026-09-18T20:04:15+05:30
HEXT,523.18,TOUCHED,0.26,inside,524.55,523.18,523.18,524.82,521.55,0.624,56.2,0.046,0,2026-09-17,2026-09-18,False,False,5.0,2026-09-18T20:04:15+05:30
SBIN,993.05,TOUCHED,0.32,above,996.2,993.05,991.6,993.05,990.15,0.292,56.4,0.011,0,2026-09-17,2026-09-18,False,False,5.0,2026-09-18T20:04:15+05:30
BAJAJHFL,83.07,TOUCHED,3.02,above,85.58,83.07,82.95,83.07,82.82,0.297,57.0,0.024,0,2026-09-17,2026-09-18,False,False,5.0,2026-09-18T20:04:15+05:30
IEX,113.18,TOUCHED,2.02,above,115.46,113.18,112.95,113.18,112.73,0.395,57.0,0.028,0,2026-09-17,2026-09-18,False,False,5.0,2026-09-18T20:04:15+05:30
LTM,4256.02,TOUCHED,0.45,above,4275.1,4256.02,4246.73,4256.02,4237.45,0.437,57.0,0.032,0,2026-09-17,2026-09-18,False,False,5.0,2026-09-18T20:04:15+05:30
MARICO,806.03,TOUCHED,-0.26,below,803.9,806.03,807.4,808.78,806.03,0.341,57.3,0.02,0,2026-09-16,2026-09-18,False,False,5.0,2026-09-18T20:04:15+05:30
CHOLAFIN,1778.50,TOUCHED,1.21,above,1800.0,1778.5,1774.2,1778.5,1769.9,0.485,57.5,0.041,0,2026-09-16,2026-09-18,False,False,5.0,2026-09-18T20:04:15+05:30
HEROMOTOCO,5292.25,TOUCHED,-0.13,below,5285.5,5292.25,5303.17,5314.08,5292.25,0.412,57.5,0.019,0,2026-09-17,2026-09-18,False,False,5.0,2026-09-18T20:04:15+05:30
AEGISLOG,1366.00,TOUCHED,3.62,above,1415.4,1366.0,1361.93,1366.0,1357.87,0.597,57.8,0.033,0,2026-09-17,2026-09-18,False,False,5.0,2026-09-18T20:04:15+05:30
IRCON,108.72,TOUCHED,1.04,above,109.85,108.72,108.43,108.72,108.15,0.526,57.8,0.043,0,2026-09-17,2026-09-18,False,False,5.0,2026-09-18T20:04:15+05:30
J&KBANK,146.85,TOUCHED,-0.18,inside,146.58,146.85,146.85,147.26,146.44,0.552,58.1,0.05,0,2026-09-16,2026-09-18,False,False,5.0,2026-09-18T20:04:15+05:30
WAAREEENER,2493.00,TOUCHED,2.72,above,2560.7,2493.0,2486.33,2493.0,2479.67,0.536,58.1,0.043,0,2026-09-17,2026-09-18,False,False,5.0,2026-09-18T20:04:15+05:30
ABBOTINDIA,26075.00,TOUCHED,4.58,above,27270.0,26075.0,26025.0,26075.0,25975.0,0.384,58.4,0.034,0,2026-09-16,2026-09-18,False,False,5.0,2026-09-18T20:04:15+05:30
MRPL,164.87,TOUCHED,0.31,inside,165.38,164.87,164.87,165.41,164.32,0.665,58.6,0.054,0,2026-09-17,2026-09-18,False,False,5.0,2026-09-18T20:04:15+05:30
TATASTEEL,186.18,TOUCHED,-0.34,below,185.54,186.18,186.55,186.92,186.18,0.397,58.9,0.021,0,2026-09-17,2026-09-18,False,False,5.0,2026-09-18T20:04:15+05:30
IRB,18.89,TOUCHED,-2.17,below,18.48,18.89,18.93,18.97,18.89,0.423,59.2,0.038,0,2026-09-17,2026-09-18,False,False,5.0,2026-09-18T20:04:15+05:30
NIVABUPA,79.75,TOUCHED,-0.2,below,79.59,79.75,79.89,80.04,79.75,0.367,59.5,0.018,0,2026-09-17,2026-09-18,False,False,5.0,2026-09-18T20:04:15+05:30
IDBI,82.60,TOUCHED,0.56,above,83.06,82.6,82.36,82.6,82.13,0.575,60.5,0.033,0,2026-09-17,2026-09-18,False,False,5.0,2026-09-18T20:04:15+05:30
ABFRL,50.16,TOUCHED,-0.01,inside,50.16,50.16,50.16,50.31,50.02,0.571,61.1,0.027,0,2026-09-17,2026-09-18,False,False,5.0,2026-09-18T20:04:15+05:30
ONESOURCE,1590.47,TOUCHED,0.28,inside,1594.9,1590.47,1590.47,1595.7,1585.23,0.658,61.4,0.045,0,2026-09-17,2026-09-18,False,False,5.0,2026-09-18T20:04:15+05:30
HAVELLS,1095.85,TOUCHED,3.34,above,1132.4,1095.85,1093.87,1095.85,1091.88,0.363,61.6,0.017,0,2026-09-16,2026-09-18,False,False,5.0,2026-09-18T20:04:15+05:30
COFORGE,1761.37,TOUCHED,4.52,above,1841.0,1761.37,1756.03,1761.37,1750.7,0.607,62.5,0.032,0,2026-09-16,2026-09-18,False,False,5.0,2026-09-18T20:04:15+05:30
CUMMINSIND,5007.25,TOUCHED,1.84,above,5099.5,5007.25,4994.5,5007.25,4981.75,0.511,63.6,0.018,0,2026-09-17,2026-09-18,False,False,5.0,2026-09-18T20:04:15+05:30
HDFCBANK,716.20,TOUCHED,2.07,above,731.0,716.2,715.13,716.2,714.07,0.298,63.6,0.02,0,2026-09-17,2026-09-18,False,False,5.0,2026-09-18T20:04:15+05:30
KAYNES,3506.17,TOUCHED,0.25,above,3515.0,3506.17,3492.33,3506.17,3478.5,0.792,63.6,0.049,0,2026-09-17,2026-09-18,False,False,5.0,2026-09-18T20:04:15+05:30
MSUMI,35.75,TOUCHED,-0.24,below,35.67,35.75,35.86,35.96,35.75,0.586,63.8,0.03,0,2026-09-17,2026-09-18,False,False,5.0,2026-09-18T20:04:15+05:30
MARUTI,12268.00,TOUCHED,-1.34,below,12103.0,12268.0,12291.33,12314.67,12268.0,0.38,64.1,0.015,0,2026-09-17,2026-09-18,False,False,5.0,2026-09-18T20:04:15+05:30
POLICYBZR,1770.52,TOUCHED,-1.55,below,1743.0,1770.52,1776.03,1781.55,1770.52,0.621,64.1,0.037,0,2026-09-17,2026-09-18,False,False,5.0,2026-09-18T20:04:15+05:30
PAGEIND,34945.00,TOUCHED,4.16,above,36400.0,34945.0,34870.0,34945.0,34795.0,0.43,64.7,0.025,0,2026-09-17,2026-09-18,False,False,5.0,2026-09-18T20:04:15+05:30
INDUSTOWER,376.52,TOUCHED,-0.16,below,375.9,376.52,377.43,378.35,376.52,0.486,65.2,0.03,0,2026-09-16,2026-09-18,False,False,5.0,2026-09-18T20:04:15+05:30
TATAELXSI,3381.50,TOUCHED,-3.39,below,3266.7,3381.5,3390.0,3398.5,3381.5,0.501,65.5,0.034,0,2026-09-16,2026-09-18,False,False,5.0,2026-09-18T20:04:15+05:30
DIXON,13055.00,TOUCHED,-0.38,below,13005.0,13055.0,13097.0,13139.0,13055.0,0.641,66.3,0.056,0,2026-09-16,2026-09-18,False,False,5.0,2026-09-18T20:04:15+05:30
JPPOWER,15.36,TOUCHED,0.04,inside,15.37,15.36,15.36,15.41,15.31,0.673,66.3,0.037,0,2026-09-17,2026-09-18,False,False,5.0,2026-09-18T20:04:15+05:30
BRITANNIA,5001.33,TOUCHED,-0.07,inside,4998.0,5001.33,5001.33,5011.0,4991.67,0.387,66.8,0.021,0,2026-09-17,2026-09-18,False,False,5.0,2026-09-18T20:04:15+05:30
SUNPHARMA,1857.35,TOUCHED,-1.08,below,1837.3,1857.35,1860.67,1863.98,1857.35,0.357,66.8,0.02,0,2026-09-17,2026-09-18,False,False,5.0,2026-09-18T20:04:15+05:30
NEWGEN,495.73,TOUCHED,0.32,inside,497.3,495.73,495.73,497.6,493.87,0.753,67.7,0.031,0,2026-09-16,2026-09-18,False,False,5.0,2026-09-18T20:04:15+05:30
APOLLOTYRE,409.90,TOUCHED,-0.15,inside,409.3,409.9,409.9,411.02,408.77,0.549,68.5,0.038,0,2026-09-17,2026-09-18,False,False,5.0,2026-09-18T20:04:15+05:30
MEESHO,209.91,TOUCHED,2.16,above,214.44,209.91,209.04,209.91,208.18,0.829,68.7,0.028,0,2026-09-17,2026-09-18,False,False,5.0,2026-09-18T20:04:15+05:30
AAVAS,1278.70,TOUCHED,0.46,above,1284.6,1278.7,1274.9,1278.7,1271.1,0.596,68.8,0.028,0,2026-09-16,2026-09-18,False,False,5.0,2026-09-18T20:04:15+05:30
IFCI,77.42,TOUCHED,-1.18,below,76.51,77.42,77.76,78.09,77.42,0.857,69.9,0.1,0,2026-09-17,2026-09-18,False,False,5.0,2026-09-18T20:04:15+05:30
BANKINDIA,139.50,TOUCHED,0.35,above,140.0,139.5,139.06,139.5,138.61,0.64,70.4,0.026,0,2026-09-17,2026-09-18,False,False,5.0,2026-09-18T20:04:15+05:30
SONATSOFTW,278.33,TOUCHED,-1.55,below,274.0,278.33,279.43,280.54,278.33,0.793,70.4,0.026,0,2026-09-17,2026-09-18,False,False,5.0,2026-09-18T20:04:15+05:30
JSWDULUX,3106.70,TOUCHED,2.64,above,3188.8,3106.7,3098.47,3106.7,3090.23,0.531,70.7,0.022,0,2026-09-16,2026-09-18,False,False,5.0,2026-09-18T20:04:15+05:30
POWERGRID,264.57,TOUCHED,2.16,above,270.3,264.57,263.98,264.57,263.39,0.448,71.2,0.018,0,2026-09-16,2026-09-18,False,False,5.0,2026-09-18T20:04:15+05:30
RAINBOW,1453.00,TOUCHED,0.12,above,1454.7,1453.0,1448.8,1453.0,1444.6,0.58,72.1,0.037,0,2026-09-16,2026-09-18,False,False,5.0,2026-09-18T20:04:15+05:30
OFSS,11583.67,TOUCHED,2.7,above,11896.0,11583.67,11547.33,11583.67,11511.0,0.629,72.6,0.027,0,2026-09-17,2026-09-18,False,False,5.0,2026-09-18T20:04:15+05:30
ICICIAMC,3087.13,TOUCHED,3.87,above,3206.7,3087.13,3076.27,3087.13,3065.4,0.706,72.9,0.028,0,2026-09-17,2026-09-18,False,False,5.0,2026-09-18T20:04:15+05:30
RADICO,4424.90,TOUCHED,2.5,above,4535.4,4424.9,4409.93,4424.9,4394.97,0.679,72.9,0.023,0,2026-09-17,2026-09-18,False,False,5.0,2026-09-18T20:04:15+05:30
INDHOTEL,724.83,TOUCHED,1.09,above,732.75,724.83,723.0,724.83,721.17,0.505,73.2,0.018,0,2026-09-17,2026-09-18,False,False,5.0,2026-09-18T20:04:15+05:30
ASIANPAINT,2448.50,TOUCHED,0.11,above,2451.3,2448.5,2443.0,2448.5,2437.5,0.45,73.4,0.022,0,2026-09-17,2026-09-18,False,False,5.0,2026-09-18T20:04:15+05:30
ICICIBANK,1350.17,TOUCHED,-0.83,below,1338.9,1350.17,1352.73,1355.3,1350.17,0.379,74.2,0.024,0,2026-09-17,2026-09-18,False,False,5.0,2026-09-18T20:04:15+05:30
KEI,4544.08,TOUCHED,2.33,above,4650.0,4544.08,4528.17,4544.08,4512.25,0.703,74.2,0.025,0,2026-09-17,2026-09-18,False,False,5.0,2026-09-18T20:04:15+05:30
PAYTM,1784.50,TOUCHED,3.66,above,1849.9,1784.5,1777.33,1784.5,1770.17,0.806,75.3,0.051,0,2026-09-17,2026-09-18,False,False,5.0,2026-09-18T20:04:15+05:30
GODIGIT,253.12,TOUCHED,-5.58,below,239.0,253.12,253.92,254.71,253.12,0.624,75.6,0.028,0,2026-09-17,2026-09-18,False,False,5.0,2026-09-18T20:04:15+05:30
TORNTPOWER,1281.20,TOUCHED,-1.75,below,1258.8,1281.2,1286.0,1290.8,1281.2,0.746,76.2,0.031,0,2026-09-17,2026-09-18,False,False,5.0,2026-09-18T20:04:15+05:30
CROMPTON,225.46,TOUCHED,0.74,above,227.12,225.46,224.77,225.46,224.09,0.611,76.4,0.025,0,2026-09-16,2026-09-18,False,False,5.0,2026-09-18T20:04:15+05:30
KIRLOSENG,2111.08,TOUCHED,2.32,above,2160.1,2111.08,2101.57,2111.08,2092.05,0.906,76.7,0.035,0,2026-09-17,2026-09-18,False,False,5.0,2026-09-18T20:04:15+05:30
STARHEALTH,543.88,TOUCHED,0.58,above,547.05,543.88,542.07,543.88,540.25,0.67,76.7,0.023,0,2026-09-16,2026-09-18,False,False,5.0,2026-09-18T20:04:15+05:30
TITAN,4853.00,TOUCHED,-1.12,below,4798.5,4853.0,4865.0,4877.0,4853.0,0.493,76.7,0.018,0,2026-09-17,2026-09-18,False,False,5.0,2026-09-18T20:04:15+05:30
FIVESTAR,542.48,TOUCHED,-0.74,below,538.45,542.48,544.78,547.09,542.48,0.847,77.3,0.041,0,2026-09-16,2026-09-18,False,False,5.0,2026-09-18T20:04:15+05:30
GESHIP,1419.43,TOUCHED,0.89,above,1432.1,1419.43,1413.77,1419.43,1408.1,0.802,77.8,0.034,0,2026-09-17,2026-09-18,False,False,5.0,2026-09-18T20:04:15+05:30
GROWW,190.20,TOUCHED,0.82,above,191.76,190.2,189.28,190.2,188.36,0.972,78.6,0.032,0,2026-09-17,2026-09-18,False,False,5.0,2026-09-18T20:04:15+05:30
HINDUNILVR,1946.65,TOUCHED,-0.75,below,1932.0,1946.65,1951.1,1955.55,1946.65,0.456,78.9,0.015,0,2026-09-17,2026-09-18,False,False,5.0,2026-09-18T20:04:15+05:30
OIL,479.14,TOUCHED,-0.72,below,475.7,479.14,480.88,482.62,479.14,0.724,79.7,0.018,0,2026-09-17,2026-09-18,False,False,5.0,2026-09-18T20:04:15+05:30
TARIL,278.88,TOUCHED,0.35,inside,279.85,278.88,278.88,280.45,277.32,1.123,79.7,0.054,0,2026-09-17,2026-09-18,False,False,5.0,2026-09-18T20:04:15+05:30
BAJAJ-AUTO,11487.50,TOUCHED,-0.64,below,11414.0,11487.5,11522.67,11557.83,11487.5,0.61,80.5,0.028,0,2026-09-16,2026-09-18,False,False,5.0,2026-09-18T20:04:15+05:30
BLUEDART,4820.10,TOUCHED,0.02,inside,4821.0,4820.1,4820.1,4835.3,4804.9,0.631,80.5,0.02,0,2026-09-16,2026-09-18,False,False,5.0,2026-09-18T20:04:15+05:30
REDINGTON,398.10,TOUCHED,0.44,above,399.85,398.1,396.1,398.1,394.1,1.01,80.5,0.038,0,2026-09-17,2026-09-18,False,False,5.0,2026-09-18T20:04:15+05:30
CANFINHOME,777.63,TOUCHED,0.11,inside,778.5,777.63,777.63,780.48,774.79,0.731,80.8,0.021,0,2026-09-16,2026-09-18,False,False,5.0,2026-09-18T20:04:15+05:30
IDFCFIRSTB,85.78,TOUCHED,0.16,inside,85.92,85.78,85.78,86.06,85.51,0.637,80.8,0.035,0,2026-09-17,2026-09-18,False,False,5.0,2026-09-18T20:04:15+05:30
MANKIND,2291.82,TOUCHED,0.39,above,2300.7,2291.82,2283.63,2291.82,2275.45,0.717,80.8,0.038,0,2026-09-17,2026-09-18,False,False,5.0,2026-09-18T20:04:15+05:30
TIMKEN,3197.52,TOUCHED,-2.29,below,3124.2,3197.52,3209.93,3222.35,3197.52,0.774,81.4,0.047,0,2026-09-17,2026-09-18,False,False,5.0,2026-09-18T20:04:15+05:30
BIKAJI,550.76,TOUCHED,5.35,above,580.25,550.76,548.87,550.76,546.98,0.689,81.9,0.018,0,2026-09-17,2026-09-18,False,False,5.0,2026-09-18T20:04:15+05:30
HCLTECH,1250.63,TOUCHED,-0.11,inside,1249.3,1250.63,1250.63,1254.47,1246.8,0.613,81.9,0.03,0,2026-09-17,2026-09-18,False,False,5.0,2026-09-18T20:04:15+05:30
DEEPAKNTR,1584.37,TOUCHED,0.12,above,1586.3,1584.37,1578.23,1584.37,1572.1,0.777,82.2,0.029,0,2026-09-16,2026-09-18,False,False,5.0,2026-09-18T20:04:15+05:30
FLUOROCHEM,4524.75,TOUCHED,1.37,above,4586.7,4524.75,4507.1,4524.75,4489.45,0.783,82.2,0.022,0,2026-09-17,2026-09-18,False,False,5.0,2026-09-18T20:04:15+05:30
TATACOMM,1785.07,TOUCHED,-0.28,inside,1780.1,1785.07,1785.07,1792.18,1777.95,0.797,82.2,0.022,0,2026-09-16,2026-09-18,False,False,5.0,2026-09-18T20:04:15+05:30
JBMA,595.50,TOUCHED,0.6,above,599.1,595.5,593.07,595.5,590.63,0.821,82.7,0.027,0,2026-09-16,2026-09-18,False,False,5.0,2026-09-18T20:04:15+05:30
MAHABANK,81.81,TOUCHED,2.12,above,83.54,81.81,81.47,81.81,81.14,0.822,83.0,0.042,0,2026-09-17,2026-09-18,False,False,5.0,2026-09-18T20:04:15+05:30
PREMIERENE,892.15,TOUCHED,1.1,above,902.0,892.15,888.1,892.15,884.05,0.912,83.3,0.031,0,2026-09-17,2026-09-18,False,False,5.0,2026-09-18T20:04:15+05:30
BAJAJFINSV,1848.23,TOUCHED,0.23,inside,1852.5,1848.23,1848.23,1853.85,1842.62,0.608,83.8,0.02,0,2026-09-16,2026-09-18,False,False,5.0,2026-09-18T20:04:15+05:30
RVNL,200.87,TOUCHED,6.68,above,214.29,200.87,200.03,200.87,199.2,0.833,83.8,0.032,0,2026-09-17,2026-09-18,False,False,5.0,2026-09-18T20:04:15+05:30
BEL,392.78,TOUCHED,0.13,inside,393.3,392.78,392.78,394.12,391.45,0.679,84.1,0.024,0,2026-09-17,2026-09-18,False,False,5.0,2026-09-18T20:04:15+05:30
KPRMILL,1115.97,TOUCHED,2.28,above,1141.4,1115.97,1110.53,1115.97,1105.1,0.979,84.1,0.054,0,2026-09-16,2026-09-18,False,False,5.0,2026-09-18T20:04:15+05:30
MRF,125775.00,TOUCHED,-0.08,inside,125670.0,125775.0,125775.0,126157.5,125392.5,0.608,84.1,0.034,0,2026-09-16,2026-09-18,False,False,5.0,2026-09-18T20:04:15+05:30
HYUNDAI,2187.55,TOUCHED,0.97,above,2208.8,2187.55,2178.37,2187.55,2169.18,0.843,84.7,0.027,0,2026-09-17,2026-09-18,False,False,5.0,2026-09-18T20:04:15+05:30
KARURVYSYA,331.85,TOUCHED,0.09,inside,332.15,331.85,331.85,333.32,330.38,0.889,84.9,0.039,0,2026-09-16,2026-09-18,False,False,5.0,2026-09-18T20:04:15+05:30
UBL,1238.50,TOUCHED,1.05,above,1251.5,1238.5,1234.77,1238.5,1231.03,0.605,84.9,0.026,0,2026-09-16,2026-09-18,False,False,5.0,2026-09-18T20:04:15+05:30
TMCV,433.93,TOUCHED,2.07,above,442.9,433.93,431.75,433.93,429.57,1.008,85.1,0.024,0,2026-09-17,2026-09-18,False,False,5.0,2026-09-18T20:04:15+05:30
KIMS,788.25,TOUCHED,2.74,above,809.85,788.25,784.65,788.25,781.05,0.918,85.2,0.032,0,2026-09-17,2026-09-18,False,False,5.0,2026-09-18T20:04:15+05:30
TATAPOWER,367.77,TOUCHED,1.91,above,374.8,367.77,366.53,367.77,365.3,0.673,85.2,0.023,0,2026-09-17,2026-09-18,False,False,5.0,2026-09-18T20:04:15+05:30
CREDITACC,1384.70,TOUCHED,0.21,inside,1387.6,1384.7,1384.7,1391.65,1377.75,1.004,85.5,0.041,0,2026-09-17,2026-09-18,False,False,5.0,2026-09-18T20:04:15+05:30
INDIACEM,346.97,TOUCHED,-0.63,below,344.8,346.97,348.55,350.13,346.97,0.904,86.0,0.031,0,2026-09-17,2026-09-18,False,False,5.0,2026-09-18T20:04:15+05:30
PINELABS,188.67,TOUCHED,1.79,above,192.04,188.67,187.27,188.67,185.88,1.492,86.4,0.053,0,2026-09-17,2026-09-18,False,False,5.0,2026-09-18T20:04:15+05:30
GLAXO,2830.03,TOUCHED,0.31,inside,2838.8,2830.03,2830.03,2843.12,2816.95,0.925,87.4,0.014,0,2026-09-16,2026-09-18,False,False,5.0,2026-09-18T20:04:15+05:30
KAJARIACER,1204.83,TOUCHED,-0.18,inside,1202.7,1204.83,1204.83,1210.37,1199.3,0.919,87.9,0.029,0,2026-09-16,2026-09-18,False,False,5.0,2026-09-18T20:04:15+05:30
PNB,117.41,TOUCHED,-0.12,inside,117.27,117.41,117.41,117.88,116.94,0.801,88.2,0.028,0,2026-09-17,2026-09-18,False,False,5.0,2026-09-18T20:04:15+05:30
SBICARD,634.23,TOUCHED,2.67,above,651.15,634.23,631.5,634.23,628.77,0.863,88.2,0.03,0,2026-09-17,2026-09-18,False,False,5.0,2026-09-18T20:04:15+05:30
ABSLAMC,1071.90,TOUCHED,-1.07,below,1060.4,1071.9,1077.97,1084.03,1071.9,1.126,88.8,0.033,0,2026-09-17,2026-09-18,False,False,5.0,2026-09-18T20:04:15+05:30
AEGISVOPAK,308.55,TOUCHED,2.07,above,314.95,308.55,306.4,308.55,304.25,1.403,89.3,0.028,0,2026-09-17,2026-09-18,False,False,5.0,2026-09-18T20:04:15+05:30
NIACL,193.87,TOUCHED,-3.2,below,187.66,193.87,194.93,195.99,193.87,1.088,89.3,0.029,0,2026-09-17,2026-09-18,False,False,5.0,2026-09-18T20:04:15+05:30
AADHARHFC,462.85,TOUCHED,-0.26,below,461.65,462.85,465.02,467.18,462.85,0.932,89.6,0.027,0,2026-09-17,2026-09-18,False,False,5.0,2026-09-18T20:04:15+05:30
CARTRADE,2960.80,TOUCHED,0.95,above,2988.9,2960.8,2935.63,2960.8,2910.47,1.715,90.1,0.052,0,2026-09-16,2026-09-18,False,False,5.0,2026-09-18T20:04:15+05:30
ECLERX,1937.17,TOUCHED,-1.11,below,1915.6,1937.17,1951.33,1965.5,1937.17,1.452,90.7,0.05,0,2026-09-17,2026-09-18,False,False,5.0,2026-09-18T20:04:15+05:30
CPPLUS,3405.57,TOUCHED,-1.48,below,3355.1,3405.57,3432.73,3459.9,3405.57,1.583,91.1,0.031,0,2026-09-17,2026-09-18,False,False,5.0,2026-09-18T20:04:15+05:30
LUPIN,2080.83,TOUCHED,0.1,inside,2083.0,2080.83,2080.83,2089.47,2072.2,0.83,92.3,0.024,0,2026-09-17,2026-09-18,False,False,5.0,2026-09-18T20:04:15+05:30
TMPV,309.77,TOUCHED,-1.93,below,303.8,309.77,311.35,312.92,309.77,1.012,93.2,0.02,0,2026-09-17,2026-09-18,False,False,5.0,2026-09-18T20:04:15+05:30
BRIGADE,618.53,TOUCHED,0.51,inside,621.7,618.53,618.53,622.69,614.38,1.345,94.0,0.024,0,2026-09-16,2026-09-18,False,False,5.0,2026-09-18T20:04:15+05:30
HONASA,466.42,TOUCHED,2.81,above,479.55,466.42,463.55,466.42,460.68,1.24,94.5,0.054,0,2026-09-16,2026-09-18,False,False,5.0,2026-09-18T20:04:15+05:30
PATANJALI,359.45,TOUCHED,2.1,above,367.0,359.45,357.78,359.45,356.12,0.932,94.5,0.015,0,2026-09-17,2026-09-18,False,False,5.0,2026-09-18T20:04:15+05:30
VTL,567.89,TOUCHED,1.79,above,578.05,567.89,564.03,567.89,560.17,1.368,94.5,0.029,0,2026-09-16,2026-09-18,False,False,5.0,2026-09-18T20:04:15+05:30
CHENNPETRO,1429.67,TOUCHED,-0.91,below,1416.6,1429.67,1445.23,1460.8,1429.67,2.154,95.1,0.026,0,2026-09-17,2026-09-18,False,False,5.0,2026-09-18T20:04:15+05:30
PNBHOUSING,1123.15,TOUCHED,0.89,above,1133.1,1123.15,1116.6,1123.15,1110.05,1.173,95.3,0.027,0,2026-09-17,2026-09-18,False,False,5.0,2026-09-18T20:04:15+05:30
TATAINVEST,707.60,TOUCHED,-0.74,inside,702.35,707.6,707.6,713.45,701.75,1.653,95.9,0.023,0,2026-09-17,2026-09-18,False,False,5.0,2026-09-18T20:04:15+05:30
FEDERALBNK,334.53,TOUCHED,-0.53,below,332.75,334.53,336.32,338.1,334.53,1.061,96.2,0.027,0,2026-09-17,2026-09-18,False,False,5.0,2026-09-18T20:04:15+05:30
