symbol,status,type,distance_pct,trend,ltp,virgin_level,pivot,tc,bc,width_pct,width_percentile,narrow_threshold_pct,days_virgin,source_date,session_date,is_virgin,is_narrow,narrow_percentile_used,scanned_at
INDIANB,845.02,V+N,1.97,above,861.7,845.02,845.02,845.02,845.01,0.002,1.4,0.027,1,2026-08-04,2026-08-06,True,True,5.0,2026-08-06T13:02:21+05:30
POLYMED,1724.45,V+N,-0.96,below,1707.9,1724.45,1724.47,1724.48,1724.45,0.002,1.4,0.052,1,2026-08-04,2026-08-06,True,True,5.0,2026-08-06T13:02:21+05:30
TMPV,349.8,V+N,-1.49,below,344.6,349.8,349.8,349.8,349.8,0.0,1.6,0.02,1,2026-08-05,2026-08-06,True,True,5.0,2026-08-06T13:02:21+05:30
SPLPETRO,716.86,V+N,-2.02,below,702.4,716.86,716.92,716.98,716.86,0.016,2.7,0.039,1,2026-08-04,2026-08-06,True,True,5.0,2026-08-06T13:02:21+05:30
ECLERX,1917.25,V+N,-2.29,below,1873.3,1917.25,1917.43,1917.62,1917.25,0.019,3.6,0.038,1,2026-08-05,2026-08-06,True,True,5.0,2026-08-06T13:02:21+05:30
GODREJCP,1068.92,V+N,0.63,above,1075.6,1068.92,1068.83,1068.92,1068.75,0.016,3.6,0.023,1,2026-08-05,2026-08-06,True,True,5.0,2026-08-06T13:02:21+05:30
EMCURE,1977.55,V+N,-1.66,below,1944.8,1977.55,1977.73,1977.92,1977.55,0.019,4.4,0.029,1,2026-08-04,2026-08-06,True,True,5.0,2026-08-06T13:02:21+05:30
AJANTPHARM,3493.79,V+N,-0.45,below,3477.9,3493.79,3494.49,3495.18,3493.79,0.04,4.9,0.04,1,2026-08-04,2026-08-06,True,True,5.0,2026-08-06T13:02:21+05:30
ZYDUSWELL,534.95,V+W,-0.99,below,529.65,534.95,539.5,544.05,534.95,1.687,97.5,0.034,1,2026-08-05,2026-08-06,True,False,5.0,2026-08-06T13:02:21+05:30
NHPC,79.17,V+W,-1.8,below,77.74,79.17,79.74,80.31,79.17,1.426,97.8,0.035,1,2026-08-05,2026-08-06,True,False,5.0,2026-08-06T13:02:21+05:30
KEI,5451.83,V+W,1.24,above,5519.2,5451.83,5403.67,5451.83,5355.5,1.783,98.4,0.026,1,2026-08-04,2026-08-06,True,False,5.0,2026-08-06T13:02:21+05:30
BHARTIHEXA,1565.38,V+W,-3.54,below,1510.0,1565.38,1578.07,1590.75,1565.38,1.607,98.6,0.038,1,2026-08-05,2026-08-06,True,False,5.0,2026-08-06T13:02:21+05:30
ICICIGI,1694.93,V+W,-1.48,below,1669.8,1694.93,1705.87,1716.8,1694.93,1.282,98.6,0.024,1,2026-08-05,2026-08-06,True,False,5.0,2026-08-06T13:02:21+05:30
NESTLEIND,1510.7,V+W,0.59,above,1519.6,1510.7,1501.4,1510.7,1492.1,1.239,98.6,0.033,1,2026-08-04,2026-08-06,True,False,5.0,2026-08-06T13:02:21+05:30
COROMANDEL,2113.35,V,-2.5,below,2060.5,2113.35,2114.07,2114.78,2113.35,0.068,7.4,0.04,1,2026-08-04,2026-08-06,True,False,5.0,2026-08-06T13:02:21+05:30
PFIZER,4864.8,V,0.84,above,4905.8,4864.8,4863.9,4864.8,4863.0,0.037,7.7,0.021,1,2026-08-04,2026-08-06,True,False,5.0,2026-08-06T13:02:21+05:30
CHALET,826.42,V,3.22,above,853.0,826.42,826.17,826.42,825.91,0.063,10.4,0.023,1,2026-08-04,2026-08-06,True,False,5.0,2026-08-06T13:02:21+05:30
SUNTV,502.58,V,-2.67,below,489.15,502.58,502.82,503.05,502.58,0.093,12.9,0.024,1,2026-08-04,2026-08-06,True,False,5.0,2026-08-06T13:02:21+05:30
ITC,286.75,V,-0.7,below,284.75,286.75,286.82,286.88,286.75,0.046,13.2,0.021,1,2026-08-05,2026-08-06,True,False,5.0,2026-08-06T13:02:21+05:30
HAL,4642.78,V,6.18,above,4929.5,4642.78,4640.57,4642.78,4638.35,0.096,15.3,0.038,1,2026-08-05,2026-08-06,True,False,5.0,2026-08-06T13:02:21+05:30
COFORGE,1754.0,V,1.18,above,1774.7,1754.0,1752.63,1754.0,1751.27,0.156,16.4,0.032,1,2026-08-04,2026-08-06,True,False,5.0,2026-08-06T13:02:21+05:30
M&M,3457.07,V,-1.01,below,3422.1,3457.07,3458.73,3460.4,3457.07,0.096,16.4,0.026,1,2026-08-05,2026-08-06,True,False,5.0,2026-08-06T13:02:21+05:30
TIMKEN,3229.7,V,4.07,above,3361.3,3229.7,3227.5,3229.7,3225.3,0.136,17.3,0.05,1,2026-08-04,2026-08-06,True,False,5.0,2026-08-06T13:02:21+05:30
HOMEFIRST,1168.77,V,1.86,above,1190.5,1168.77,1167.83,1168.77,1166.9,0.16,18.4,0.044,1,2026-08-04,2026-08-06,True,False,5.0,2026-08-06T13:02:21+05:30
DCMSHRIRAM,1027.43,V,-1.72,below,1009.8,1027.43,1028.17,1028.9,1027.43,0.143,18.6,0.024,1,2026-08-04,2026-08-06,True,False,5.0,2026-08-06T13:02:21+05:30
POONAWALLA,469.3,V,2.73,above,482.1,469.3,468.95,469.3,468.6,0.149,19.5,0.033,1,2026-08-04,2026-08-06,True,False,5.0,2026-08-06T13:02:21+05:30
ELECON,436.98,V,2.52,above,448.0,436.98,436.42,436.98,435.86,0.256,20.8,0.036,1,2026-08-05,2026-08-06,True,False,5.0,2026-08-06T13:02:21+05:30
SBFC,92.37,V,3.19,above,95.32,92.37,92.3,92.37,92.24,0.144,21.1,0.032,1,2026-08-04,2026-08-06,True,False,5.0,2026-08-06T13:02:21+05:30
ADANIENSOL,1643.72,V,-1.09,below,1625.8,1643.72,1645.43,1647.15,1643.72,0.209,21.4,0.03,1,2026-08-05,2026-08-06,True,False,5.0,2026-08-06T13:02:21+05:30
CHAMBLFERT,454.19,V,0.95,above,458.5,454.19,453.78,454.19,453.38,0.18,21.9,0.035,1,2026-08-04,2026-08-06,True,False,5.0,2026-08-06T13:02:21+05:30
CREDITACC,1552.45,V,-0.69,below,1541.7,1552.45,1554.17,1555.88,1552.45,0.221,23.6,0.035,1,2026-08-04,2026-08-06,True,False,5.0,2026-08-06T13:02:21+05:30
JKTYRE,409.91,V,1.41,above,415.7,409.91,409.42,409.91,408.93,0.24,23.6,0.047,1,2026-08-04,2026-08-06,True,False,5.0,2026-08-06T13:02:21+05:30
BOSCHLTD,41277.5,V,2.27,above,42215.0,41277.5,41251.67,41277.5,41225.83,0.125,24.4,0.029,1,2026-08-04,2026-08-06,True,False,5.0,2026-08-06T13:02:21+05:30
PFC,418.4,V,-0.93,below,414.5,418.4,418.8,419.2,418.4,0.191,24.4,0.036,1,2026-08-05,2026-08-06,True,False,5.0,2026-08-06T13:02:21+05:30
SONACOMS,786.16,V,1.07,above,794.6,786.16,785.32,786.16,784.48,0.214,24.4,0.034,1,2026-08-04,2026-08-06,True,False,5.0,2026-08-06T13:02:21+05:30
VTL,597.44,V,1.84,above,608.45,597.44,596.83,597.44,596.23,0.204,25.2,0.032,1,2026-08-04,2026-08-06,True,False,5.0,2026-08-06T13:02:21+05:30
IRB,20.11,V,-0.23,below,20.06,20.11,20.12,20.14,20.11,0.166,26.6,0.039,1,2026-08-05,2026-08-06,True,False,5.0,2026-08-06T13:02:21+05:30
NAVINFLUOR,7640.0,V,10.85,above,8469.0,7640.0,7629.83,7640.0,7619.67,0.266,27.1,0.045,1,2026-08-05,2026-08-06,True,False,5.0,2026-08-06T13:02:21+05:30
RAMCOCEM,942.88,V,-0.6,below,937.25,942.88,943.88,944.89,942.88,0.214,28.2,0.041,1,2026-08-04,2026-08-06,True,False,5.0,2026-08-06T13:02:21+05:30
LTTS,3514.55,V,2.59,above,3605.6,3514.55,3510.37,3514.55,3506.18,0.238,29.0,0.042,1,2026-08-04,2026-08-06,True,False,5.0,2026-08-06T13:02:21+05:30
RRKABEL,2637.58,V,4.57,above,2758.1,2637.58,2634.07,2637.58,2630.55,0.267,29.9,0.045,1,2026-08-04,2026-08-06,True,False,5.0,2026-08-06T13:02:21+05:30
NAUKRI,1261.42,V,-1.16,below,1246.8,1261.42,1262.83,1264.25,1261.42,0.224,31.0,0.023,1,2026-08-04,2026-08-06,True,False,5.0,2026-08-06T13:02:21+05:30
PCBL,324.0,V,1.7,above,329.5,324.0,323.52,324.0,323.03,0.299,31.2,0.05,1,2026-08-04,2026-08-06,True,False,5.0,2026-08-06T13:02:21+05:30
STARHEALTH,588.81,V,-2.14,below,576.2,588.81,589.52,590.22,588.81,0.24,31.2,0.026,1,2026-08-05,2026-08-06,True,False,5.0,2026-08-06T13:02:21+05:30
UCOBANK,26.52,V,-0.16,below,26.48,26.52,26.56,26.59,26.52,0.251,34.0,0.013,1,2026-08-05,2026-08-06,True,False,5.0,2026-08-06T13:02:21+05:30
ACMESOLAR,383.01,V,-1.49,below,377.3,383.01,383.77,384.52,383.01,0.395,34.8,0.05,1,2026-08-05,2026-08-06,True,False,5.0,2026-08-06T13:02:21+05:30
OFSS,11585.0,V,1.47,above,11755.0,11585.0,11570.0,11585.0,11555.0,0.259,35.3,0.024,1,2026-08-04,2026-08-06,True,False,5.0,2026-08-06T13:02:21+05:30
DIVISLAB,8369.25,V,0.25,above,8390.0,8369.25,8360.5,8369.25,8351.75,0.209,35.9,0.024,1,2026-08-04,2026-08-06,True,False,5.0,2026-08-06T13:02:21+05:30
NAVA,574.92,V,1.41,above,583.05,574.92,573.85,574.92,572.78,0.375,35.9,0.037,1,2026-08-04,2026-08-06,True,False,5.0,2026-08-06T13:02:21+05:30
FINCABLES,997.53,V,3.8,above,1035.45,997.53,996.1,997.53,994.68,0.286,37.3,0.019,1,2026-08-04,2026-08-06,True,False,5.0,2026-08-06T13:02:21+05:30
UTIAMC,910.64,V,-0.8,below,903.35,910.64,912.18,913.73,910.64,0.338,39.2,0.043,1,2026-08-04,2026-08-06,True,False,5.0,2026-08-06T13:02:21+05:30
ENRIN,3295.72,V,-0.83,below,3268.5,3295.72,3301.63,3307.55,3295.72,0.358,39.9,0.026,1,2026-08-05,2026-08-06,True,False,5.0,2026-08-06T13:02:21+05:30
IGIL,361.39,V,0.45,above,363.0,361.39,360.68,361.39,359.98,0.393,41.9,0.028,1,2026-08-04,2026-08-06,True,False,5.0,2026-08-06T13:02:21+05:30
VOLTAS,1329.82,V,-1.69,below,1307.3,1329.82,1331.93,1334.05,1329.82,0.318,42.2,0.038,1,2026-08-04,2026-08-06,True,False,5.0,2026-08-06T13:02:21+05:30
MEESHO,192.33,V,-2.99,below,186.57,192.33,192.78,193.22,192.33,0.465,42.9,0.024,1,2026-08-04,2026-08-06,True,False,5.0,2026-08-06T13:02:21+05:30
IFCI,75.82,V,-0.93,below,75.12,75.82,76.01,76.19,75.82,0.482,43.0,0.102,1,2026-08-05,2026-08-06,True,False,5.0,2026-08-06T13:02:21+05:30
MRF,133285.0,V,0.86,above,134425.0,133285.0,133105.0,133285.0,132925.0,0.27,43.0,0.035,1,2026-08-04,2026-08-06,True,False,5.0,2026-08-06T13:02:21+05:30
LICI,391.62,V,-0.72,below,388.8,391.62,392.08,392.54,391.62,0.234,44.7,0.031,1,2026-08-05,2026-08-06,True,False,5.0,2026-08-06T13:02:21+05:30
EMAMILTD,401.68,V,1.05,above,405.9,401.68,401.0,401.68,400.32,0.337,45.8,0.022,1,2026-08-05,2026-08-06,True,False,5.0,2026-08-06T13:02:21+05:30
CRISIL,4381.9,V,2.24,above,4480.0,4381.9,4373.67,4381.9,4365.43,0.376,46.6,0.049,1,2026-08-04,2026-08-06,True,False,5.0,2026-08-06T13:02:21+05:30
PATANJALI,360.32,V,-1.88,below,353.55,360.32,360.75,361.18,360.32,0.236,47.1,0.019,1,2026-08-04,2026-08-06,True,False,5.0,2026-08-06T13:02:21+05:30
DATAPATTNS,4461.07,V,-0.94,below,4419.1,4461.07,4475.53,4490.0,4461.07,0.646,47.7,0.075,1,2026-08-05,2026-08-06,True,False,5.0,2026-08-06T13:02:21+05:30
UBL,1436.02,V,-1.35,below,1416.6,1436.02,1437.93,1439.85,1436.02,0.267,48.5,0.028,1,2026-08-04,2026-08-06,True,False,5.0,2026-08-06T13:02:21+05:30
MMTC,64.14,V,0.34,above,64.36,64.14,63.98,64.14,63.81,0.511,49.0,0.053,1,2026-08-04,2026-08-06,True,False,5.0,2026-08-06T13:02:21+05:30
CIPLA,1456.95,V,1.42,above,1477.6,1456.95,1455.1,1456.95,1453.25,0.254,51.0,0.022,1,2026-08-05,2026-08-06,True,False,5.0,2026-08-06T13:02:21+05:30
FEDERALBNK,356.99,V,-1.02,below,353.35,356.99,357.53,358.08,356.99,0.303,51.0,0.026,1,2026-08-05,2026-08-06,True,False,5.0,2026-08-06T13:02:21+05:30
RITES,217.5,V,4.43,above,227.14,217.5,217.05,217.5,216.59,0.419,52.3,0.025,1,2026-08-04,2026-08-06,True,False,5.0,2026-08-06T13:02:21+05:30
NIACL,182.49,V,-1.48,below,179.79,182.49,182.91,183.34,182.49,0.463,54.2,0.032,1,2026-08-05,2026-08-06,True,False,5.0,2026-08-06T13:02:21+05:30
SAILIFE,1363.17,V,3.93,above,1416.8,1363.17,1359.93,1363.17,1356.7,0.476,55.3,0.041,1,2026-08-04,2026-08-06,True,False,5.0,2026-08-06T13:02:21+05:30
GRANULES,831.55,V,0.88,above,838.9,831.55,829.6,831.55,827.65,0.47,55.6,0.037,1,2026-08-04,2026-08-06,True,False,5.0,2026-08-06T13:02:21+05:30
CEMPRO,1302.68,V,-2.44,below,1270.9,1302.68,1307.17,1311.65,1302.68,0.686,56.4,0.044,1,2026-08-05,2026-08-06,True,False,5.0,2026-08-06T13:02:21+05:30
BIKAJI,651.59,V,-4.07,below,625.1,651.59,652.88,654.18,651.59,0.396,57.3,0.019,1,2026-08-05,2026-08-06,True,False,5.0,2026-08-06T13:02:21+05:30
BLUEDART,5374.25,V,-3.61,below,5180.0,5374.25,5384.0,5393.75,5374.25,0.362,58.1,0.017,1,2026-08-04,2026-08-06,True,False,5.0,2026-08-06T13:02:21+05:30
POWERGRID,282.24,V,-3.73,below,271.7,282.24,282.73,283.23,282.24,0.348,58.1,0.017,1,2026-08-05,2026-08-06,True,False,5.0,2026-08-06T13:02:21+05:30
WELCORP,1731.82,V,5.54,above,1827.8,1731.82,1727.03,1731.82,1722.25,0.554,58.1,0.051,1,2026-08-04,2026-08-06,True,False,5.0,2026-08-06T13:02:21+05:30
CESC,163.93,V,-0.87,below,162.5,163.93,164.34,164.75,163.93,0.499,58.6,0.037,1,2026-08-05,2026-08-06,True,False,5.0,2026-08-06T13:02:21+05:30
KPRMILL,1066.45,V,1.44,above,1081.8,1066.45,1063.4,1066.45,1060.35,0.574,59.5,0.052,1,2026-08-04,2026-08-06,True,False,5.0,2026-08-06T13:02:21+05:30
NEULANDLAB,19467.5,V,10.96,above,21602.0,19467.5,19402.67,19467.5,19337.83,0.668,59.7,0.03,1,2026-08-04,2026-08-06,True,False,5.0,2026-08-06T13:02:21+05:30
JKCEMENT,5508.0,V,-1.39,below,5431.5,5508.0,5523.5,5539.0,5508.0,0.561,60.0,0.033,1,2026-08-04,2026-08-06,True,False,5.0,2026-08-06T13:02:21+05:30
APLAPOLLO,1944.1,V,1.28,above,1969.0,1944.1,1939.7,1944.1,1935.3,0.454,61.9,0.017,1,2026-08-05,2026-08-06,True,False,5.0,2026-08-06T13:02:21+05:30
NYKAA,336.18,V,-1.62,below,330.75,336.18,337.02,337.85,336.18,0.495,62.5,0.027,1,2026-08-05,2026-08-06,True,False,5.0,2026-08-06T13:02:21+05:30
ESCORTS,3109.4,V,-0.92,below,3080.9,3109.4,3117.6,3125.8,3109.4,0.526,62.7,0.042,1,2026-08-04,2026-08-06,True,False,5.0,2026-08-06T13:02:21+05:30
BRITANNIA,5448.5,V,-1.01,below,5393.5,5448.5,5458.33,5468.17,5448.5,0.36,63.0,0.021,1,2026-08-04,2026-08-06,True,False,5.0,2026-08-06T13:02:21+05:30
GVT&D,4361.95,V,-1.64,below,4290.4,4361.95,4377.97,4393.98,4361.95,0.732,63.6,0.025,1,2026-08-05,2026-08-06,True,False,5.0,2026-08-06T13:02:21+05:30
JSWDULUX,3015.0,V,1.87,above,3071.4,3015.0,3007.53,3015.0,3000.07,0.497,65.2,0.022,1,2026-08-04,2026-08-06,True,False,5.0,2026-08-06T13:02:21+05:30
PNBHOUSING,1118.43,V,3.65,above,1159.3,1118.43,1115.27,1118.43,1112.1,0.568,65.8,0.027,1,2026-08-05,2026-08-06,True,False,5.0,2026-08-06T13:02:21+05:30
BSE,3548.75,V,-2.06,below,3475.6,3548.75,3562.9,3577.05,3548.75,0.794,66.0,0.022,1,2026-08-05,2026-08-06,True,False,5.0,2026-08-06T13:02:21+05:30
CRAFTSMAN,10273.5,V,2.71,above,10551.5,10273.5,10240.67,10273.5,10207.83,0.641,66.6,0.053,1,2026-08-04,2026-08-06,True,False,5.0,2026-08-06T13:02:21+05:30
NMDC,85.57,V,0.61,above,86.09,85.57,85.34,85.57,85.11,0.539,67.4,0.028,1,2026-08-05,2026-08-06,True,False,5.0,2026-08-06T13:02:21+05:30
TEJASNET,529.78,V,-1.04,below,524.25,529.78,531.97,534.15,529.78,0.821,68.2,0.042,1,2026-08-05,2026-08-06,True,False,5.0,2026-08-06T13:02:21+05:30
ADANIGREEN,1389.37,V,-0.85,below,1377.6,1389.37,1394.73,1400.1,1389.37,0.77,69.6,0.04,1,2026-08-04,2026-08-06,True,False,5.0,2026-08-06T13:02:21+05:30
AIIL,568.03,V,3.37,above,587.2,568.03,565.57,568.03,563.1,0.872,70.4,0.044,1,2026-08-05,2026-08-06,True,False,5.0,2026-08-06T13:02:21+05:30
ICICIBANK,1447.7,V,0.6,above,1456.4,1447.7,1445.3,1447.7,1442.9,0.332,70.4,0.023,1,2026-08-05,2026-08-06,True,False,5.0,2026-08-06T13:02:21+05:30
BHARTIARTL,1982.47,V,-0.97,below,1963.3,1982.47,1986.93,1991.4,1982.47,0.45,74.0,0.014,1,2026-08-05,2026-08-06,True,False,5.0,2026-08-06T13:02:21+05:30
AADHARHFC,497.65,V,3.23,above,513.7,497.65,496.03,497.65,494.42,0.652,74.5,0.025,1,2026-08-04,2026-08-06,True,False,5.0,2026-08-06T13:02:21+05:30
CEATLTD,3597.95,V,3.55,above,3725.7,3597.95,3584.7,3597.95,3571.45,0.739,74.5,0.035,1,2026-08-04,2026-08-06,True,False,5.0,2026-08-06T13:02:21+05:30
NSLNISP,44.6,V,0.56,above,44.85,44.6,44.43,44.6,44.27,0.758,76.7,0.033,1,2026-08-05,2026-08-06,True,False,5.0,2026-08-06T13:02:21+05:30
GODIGIT,281.35,V,-2.2,below,275.15,281.35,282.3,283.25,281.35,0.673,77.8,0.029,1,2026-08-05,2026-08-06,True,False,5.0,2026-08-06T13:02:21+05:30
EIDPARRY,800.16,V,2.09,above,816.9,800.16,797.22,800.16,794.27,0.738,78.1,0.032,1,2026-08-04,2026-08-06,True,False,5.0,2026-08-06T13:02:21+05:30
GMDCLTD,576.83,V,3.15,above,595.0,576.83,573.75,576.83,570.67,1.072,78.1,0.063,1,2026-08-05,2026-08-06,True,False,5.0,2026-08-06T13:02:21+05:30
OLECTRA,1392.43,V,0.69,above,1402.0,1392.43,1385.47,1392.43,1378.5,1.006,80.3,0.034,1,2026-08-05,2026-08-06,True,False,5.0,2026-08-06T13:02:21+05:30
BLUESTARCO,1692.5,V,-2.16,below,1655.9,1692.5,1700.0,1707.5,1692.5,0.882,81.1,0.046,1,2026-08-04,2026-08-06,True,False,5.0,2026-08-06T13:02:21+05:30
SHRIRAMFIN,1117.45,V,2.43,above,1144.6,1117.45,1112.5,1117.45,1107.55,0.89,81.6,0.038,1,2026-08-05,2026-08-06,True,False,5.0,2026-08-06T13:02:21+05:30
CGCL,237.17,V,1.58,above,240.91,237.17,236.04,237.17,234.92,0.956,82.7,0.053,1,2026-08-05,2026-08-06,True,False,5.0,2026-08-06T13:02:21+05:30
LGEINDIA,1559.5,V,1.99,above,1590.5,1559.5,1553.83,1559.5,1548.17,0.729,84.2,0.009,1,2026-08-04,2026-08-06,True,False,5.0,2026-08-06T13:02:21+05:30
TATACAP,370.51,V,3.47,above,383.35,370.51,369.12,370.51,367.73,0.754,84.8,0.016,1,2026-08-05,2026-08-06,True,False,5.0,2026-08-06T13:02:21+05:30
NUVAMA,1703.75,V,-2.22,below,1666.0,1703.75,1713.3,1722.85,1703.75,1.115,86.3,0.025,1,2026-08-04,2026-08-06,True,False,5.0,2026-08-06T13:02:21+05:30
KAJARIACER,1203.18,V,-1.9,below,1180.3,1203.18,1208.57,1213.95,1203.18,0.891,86.6,0.029,1,2026-08-04,2026-08-06,True,False,5.0,2026-08-06T13:02:21+05:30
RAINBOW,1572.83,V,1.14,above,1590.8,1572.83,1566.67,1572.83,1560.5,0.787,86.8,0.034,1,2026-08-04,2026-08-06,True,False,5.0,2026-08-06T13:02:21+05:30
GRASIM,3167.05,V,1.21,above,3205.3,3167.05,3157.37,3167.05,3147.68,0.613,87.9,0.017,1,2026-08-04,2026-08-06,True,False,5.0,2026-08-06T13:02:21+05:30
MARICO,866.58,V,-0.91,below,858.65,866.58,869.38,872.19,866.58,0.646,90.1,0.018,1,2026-08-04,2026-08-06,True,False,5.0,2026-08-06T13:02:21+05:30
GESHIP,1412.83,V,-4.08,below,1355.2,1412.83,1420.97,1429.1,1412.83,1.145,90.4,0.043,1,2026-08-05,2026-08-06,True,False,5.0,2026-08-06T13:02:21+05:30
DEEPAKFERT,1609.32,V,-3.7,below,1549.7,1609.32,1619.53,1629.75,1609.32,1.262,91.0,0.044,1,2026-08-04,2026-08-06,True,False,5.0,2026-08-06T13:02:21+05:30
TORNTPOWER,1348.72,V,-1.57,below,1327.5,1348.72,1356.43,1364.15,1348.72,1.138,93.4,0.031,1,2026-08-04,2026-08-06,True,False,5.0,2026-08-06T13:02:21+05:30
AAVAS,1401.07,V,-2.1,below,1371.6,1401.07,1409.53,1418.0,1401.07,1.201,94.2,0.027,1,2026-08-04,2026-08-06,True,False,5.0,2026-08-06T13:02:21+05:30
BPCL,326.27,NARROW,-0.27,below,325.4,326.27,326.28,326.3,326.27,0.01,1.9,0.021,0,2026-08-05,2026-08-06,False,True,5.0,2026-08-06T13:02:21+05:30
THELEELA,500.18,NARROW,2.35,above,511.95,500.18,500.15,500.18,500.13,0.01,2.0,0.033,0,2026-08-04,2026-08-06,False,True,5.0,2026-08-06T13:02:21+05:30
FACT,842.5,NARROW,0.06,above,843.0,842.5,842.43,842.5,842.37,0.016,2.2,0.058,0,2026-08-04,2026-08-06,False,True,5.0,2026-08-06T13:02:21+05:30
HEG,686.15,NARROW,0.21,above,687.6,686.15,686.1,686.15,686.05,0.015,2.2,0.045,0,2026-08-05,2026-08-06,False,True,5.0,2026-08-06T13:02:21+05:30
JSWENERGY,565.98,NARROW,-0.46,below,563.35,565.98,565.98,565.99,565.98,0.003,2.2,0.021,0,2026-08-05,2026-08-06,False,True,5.0,2026-08-06T13:02:21+05:30
ASTRAL,1434.63,NARROW,1.3,above,1453.3,1434.63,1434.57,1434.63,1434.5,0.009,2.5,0.032,0,2026-08-05,2026-08-06,False,True,5.0,2026-08-06T13:02:21+05:30
HYUNDAI,2198.92,NARROW,1.13,above,2223.7,2198.92,2198.83,2198.92,2198.75,0.008,2.5,0.026,0,2026-08-04,2026-08-06,False,True,5.0,2026-08-06T13:02:21+05:30
EMMVEE,324.58,NARROW,1.58,above,329.7,324.58,324.57,324.58,324.55,0.01,3.3,0.04,0,2026-08-05,2026-08-06,False,True,5.0,2026-08-06T13:02:21+05:30
GODREJPROP,2099.27,NARROW,-0.77,below,2083.0,2099.27,2099.53,2099.8,2099.27,0.025,3.6,0.045,0,2026-08-05,2026-08-06,False,True,5.0,2026-08-06T13:02:21+05:30
GALLANTT,629.35,NARROW,-2.07,below,616.3,629.35,629.5,629.65,629.35,0.048,3.8,0.07,0,2026-08-04,2026-08-06,False,True,5.0,2026-08-06T13:02:21+05:30
HDFCAMC,2561.2,NARROW,-0.75,below,2542.1,2561.2,2561.47,2561.73,2561.2,0.021,3.8,0.024,0,2026-08-05,2026-08-06,False,True,5.0,2026-08-06T13:02:21+05:30
SCHNEIDER,1352.25,NARROW,-1.24,below,1335.5,1352.25,1352.33,1352.42,1352.25,0.012,3.8,0.027,0,2026-08-05,2026-08-06,False,True,5.0,2026-08-06T13:02:21+05:30
SWIGGY,290.03,NARROW,0.06,above,290.2,290.03,289.98,290.03,289.94,0.029,3.8,0.045,0,2026-08-05,2026-08-06,False,True,5.0,2026-08-06T13:02:21+05:30
FORTIS,925.12,NARROW,-0.88,below,917.0,925.12,925.25,925.38,925.12,0.027,4.4,0.031,0,2026-08-05,2026-08-06,False,True,5.0,2026-08-06T13:02:21+05:30
JUBLPHARMA,932.5,NARROW,-0.35,below,929.25,932.5,932.58,932.67,932.5,0.018,4.4,0.021,0,2026-08-04,2026-08-06,False,True,5.0,2026-08-06T13:02:21+05:30
JINDALSAW,265.75,NARROW,0.28,above,266.5,265.75,265.7,265.75,265.65,0.038,4.7,0.04,0,2026-08-05,2026-08-06,False,True,5.0,2026-08-06T13:02:21+05:30
SUMICHEM,511.8,NARROW,2.09,above,522.5,511.8,511.7,511.8,511.6,0.039,4.7,0.039,0,2026-08-04,2026-08-06,False,True,5.0,2026-08-06T13:02:21+05:30
MAHABANK,79.22,NARROW,-1.69,below,77.88,79.22,79.23,79.25,79.22,0.042,4.9,0.042,0,2026-08-05,2026-08-06,False,True,5.0,2026-08-06T13:02:21+05:30
PVRINOX,1171.23,WIDE,-0.69,inside,1163.2,1171.23,1171.23,1179.67,1162.8,1.44,97.3,0.03,0,2026-08-04,2026-08-06,False,False,5.0,2026-08-06T13:02:21+05:30
HINDCOPPER,522.83,WIDE,0.95,inside,527.8,522.83,522.83,528.32,517.35,2.098,97.5,0.036,0,2026-08-05,2026-08-06,False,False,5.0,2026-08-06T13:02:21+05:30
HINDZINC,592.38,WIDE,0.17,above,593.4,592.38,587.82,592.38,583.25,1.554,98.1,0.038,0,2026-08-05,2026-08-06,False,False,5.0,2026-08-06T13:02:21+05:30
JSWSTEEL,1315.23,WIDE,0.05,inside,1315.9,1315.23,1315.23,1322.62,1307.85,1.123,98.1,0.024,0,2026-08-05,2026-08-06,False,False,5.0,2026-08-06T13:02:21+05:30
PIDILITIND,1656.48,WIDE,1.32,above,1678.3,1656.48,1647.97,1656.48,1639.45,1.034,98.1,0.026,0,2026-08-05,2026-08-06,False,False,5.0,2026-08-06T13:02:21+05:30
ZEEL,95.63,WIDE,-3.1,below,92.67,95.63,96.71,97.79,95.63,2.237,98.4,0.045,0,2026-08-05,2026-08-06,False,False,5.0,2026-08-06T13:02:21+05:30
APOLLOHOSP,8953.33,WIDE,-0.35,inside,8922.0,8953.33,8953.33,9001.67,8905.0,1.08,98.6,0.017,0,2026-08-04,2026-08-06,False,False,5.0,2026-08-06T13:02:21+05:30
DEEPAKNTR,1766.63,WIDE,-0.8,inside,1752.5,1766.63,1766.63,1781.6,1751.67,1.694,98.6,0.029,0,2026-08-05,2026-08-06,False,False,5.0,2026-08-06T13:02:21+05:30
SAREGAMA,527.92,WIDE,0.67,inside,531.45,527.92,527.92,535.23,520.6,2.772,99.5,0.041,0,2026-08-04,2026-08-06,False,False,5.0,2026-08-06T13:02:21+05:30
ADANIPORTS,1699.6,TOUCHED,-0.01,inside,1699.5,1699.6,1699.6,1699.8,1699.4,0.024,5.2,0.021,0,2026-08-05,2026-08-06,False,False,5.0,2026-08-06T13:02:21+05:30
ADANIPOWER,209.05,TOUCHED,-0.02,below,209.0,209.05,209.11,209.17,209.05,0.056,5.2,0.053,0,2026-08-05,2026-08-06,False,False,5.0,2026-08-06T13:02:21+05:30
GODFRYPHLP,2323.5,TOUCHED,-0.47,below,2312.6,2323.5,2324.0,2324.5,2323.5,0.043,5.2,0.041,0,2026-08-05,2026-08-06,False,False,5.0,2026-08-06T13:02:21+05:30
IRCTC,510.16,TOUCHED,1.8,above,519.35,510.16,510.07,510.16,509.98,0.036,5.2,0.033,0,2026-08-05,2026-08-06,False,False,5.0,2026-08-06T13:02:21+05:30
M&MFIN,398.38,TOUCHED,-1.39,below,392.85,398.38,398.45,398.53,398.38,0.038,5.2,0.037,0,2026-08-04,2026-08-06,False,False,5.0,2026-08-06T13:02:21+05:30
ABREL,1424.33,TOUCHED,-1.8,below,1398.7,1424.33,1424.57,1424.8,1424.33,0.033,5.5,0.025,0,2026-08-04,2026-08-06,False,False,5.0,2026-08-06T13:02:21+05:30
CYIENT,867.23,TOUCHED,-0.79,below,860.4,867.23,867.35,867.47,867.23,0.029,5.5,0.024,0,2026-08-04,2026-08-06,False,False,5.0,2026-08-06T13:02:21+05:30
YESBANK,22.97,TOUCHED,-0.37,below,22.89,22.97,22.98,22.98,22.97,0.044,5.5,0.04,0,2026-08-05,2026-08-06,False,False,5.0,2026-08-06T13:02:21+05:30
BAJAJHLDNG,11481.0,TOUCHED,0.53,above,11542.0,11481.0,11479.0,11481.0,11477.0,0.035,5.8,0.025,0,2026-08-04,2026-08-06,False,False,5.0,2026-08-06T13:02:21+05:30
CANFINHOME,811.66,TOUCHED,-0.25,below,809.65,811.66,811.82,811.98,811.66,0.039,5.8,0.021,0,2026-08-05,2026-08-06,False,False,5.0,2026-08-06T13:02:21+05:30
GPIL,246.46,TOUCHED,0.18,above,246.92,246.46,246.42,246.46,246.38,0.037,5.8,0.023,0,2026-08-05,2026-08-06,False,False,5.0,2026-08-06T13:02:21+05:30
CPPLUS,3553.8,TOUCHED,2.94,above,3658.2,3553.8,3552.9,3553.8,3552.0,0.051,6.4,0.037,0,2026-08-05,2026-08-06,False,False,5.0,2026-08-06T13:02:21+05:30
HINDUNILVR,2085.53,TOUCHED,-0.03,below,2085.0,2085.53,2085.77,2086.0,2085.53,0.022,6.6,0.015,0,2026-08-05,2026-08-06,False,False,5.0,2026-08-06T13:02:21+05:30
HUDCO,202.89,TOUCHED,-0.07,below,202.74,202.89,202.94,202.99,202.89,0.051,6.8,0.036,0,2026-08-05,2026-08-06,False,False,5.0,2026-08-06T13:02:21+05:30
ABBOTINDIA,27802.5,TOUCHED,0.19,above,27855.0,27802.5,27796.67,27802.5,27790.83,0.042,7.1,0.036,0,2026-08-05,2026-08-06,False,False,5.0,2026-08-06T13:02:21+05:30
AMBUJACEM,444.62,TOUCHED,-1.4,below,438.4,444.62,444.75,444.88,444.62,0.056,7.1,0.035,0,2026-08-05,2026-08-06,False,False,5.0,2026-08-06T13:02:21+05:30
BIOCON,425.47,TOUCHED,3.58,above,440.7,425.47,425.38,425.47,425.29,0.043,7.1,0.031,0,2026-08-05,2026-08-06,False,False,5.0,2026-08-06T13:02:21+05:30
SAMMAANCAP,161.47,TOUCHED,2.34,above,165.25,161.47,161.41,161.47,161.35,0.076,7.7,0.041,0,2026-08-05,2026-08-06,False,False,5.0,2026-08-06T13:02:21+05:30
POLICYBZR,1621.45,TOUCHED,0.4,above,1628.0,1621.45,1620.97,1621.45,1620.48,0.06,8.2,0.038,0,2026-08-05,2026-08-06,False,False,5.0,2026-08-06T13:02:21+05:30
AXISBANK,1254.6,TOUCHED,0.26,above,1257.8,1254.6,1254.37,1254.6,1254.13,0.037,8.5,0.024,0,2026-08-05,2026-08-06,False,False,5.0,2026-08-06T13:02:21+05:30
BRIGADE,578.34,TOUCHED,-0.75,below,574.0,578.34,578.48,578.62,578.34,0.049,8.5,0.024,0,2026-08-04,2026-08-06,False,False,5.0,2026-08-06T13:02:21+05:30
SYRMA,1434.73,TOUCHED,-0.52,below,1427.3,1434.73,1435.37,1436.0,1434.73,0.088,8.8,0.045,0,2026-08-05,2026-08-06,False,False,5.0,2026-08-06T13:02:21+05:30
ICICIAMC,3080.63,TOUCHED,0.04,above,3081.8,3080.63,3079.47,3080.63,3078.3,0.076,8.9,0.03,0,2026-08-05,2026-08-06,False,False,5.0,2026-08-06T13:02:21+05:30
ABCAPITAL,420.48,TOUCHED,0.97,above,424.55,420.48,420.32,420.48,420.16,0.075,9.6,0.038,0,2026-08-04,2026-08-06,False,False,5.0,2026-08-06T13:02:21+05:30
FIRSTCRY,215.43,TOUCHED,-0.38,below,214.62,215.43,215.56,215.68,215.43,0.116,9.9,0.066,0,2026-08-05,2026-08-06,False,False,5.0,2026-08-06T13:02:21+05:30
HBLENGINE,736.83,TOUCHED,-0.4,below,733.85,736.83,737.17,737.5,736.83,0.09,10.7,0.036,0,2026-08-05,2026-08-06,False,False,5.0,2026-08-06T13:02:21+05:30
UNOMINDA,1251.55,TOUCHED,0.2,above,1254.0,1251.55,1251.03,1251.55,1250.52,0.083,10.7,0.05,0,2026-08-05,2026-08-06,False,False,5.0,2026-08-06T13:02:21+05:30
ANGELONE,299.4,TOUCHED,-0.2,below,298.8,299.4,299.6,299.8,299.4,0.134,11.0,0.029,0,2026-08-05,2026-08-06,False,False,5.0,2026-08-06T13:02:21+05:30
TECHM,1650.63,TOUCHED,-0.2,below,1647.4,1650.63,1651.27,1651.9,1650.63,0.077,11.0,0.038,0,2026-08-05,2026-08-06,False,False,5.0,2026-08-06T13:02:21+05:30
NATCOPHARM,917.97,TOUCHED,-0.4,below,914.3,917.97,918.38,918.8,917.97,0.091,11.2,0.019,0,2026-08-05,2026-08-06,False,False,5.0,2026-08-06T13:02:21+05:30
SCI,301.2,TOUCHED,1.83,above,306.7,301.2,301.03,301.2,300.87,0.111,11.2,0.045,0,2026-08-05,2026-08-06,False,False,5.0,2026-08-06T13:02:21+05:30
JSWCEMENT,132.25,TOUCHED,0.06,above,132.32,132.25,132.18,132.25,132.11,0.103,12.3,0.037,0,2026-08-05,2026-08-06,False,False,5.0,2026-08-06T13:02:21+05:30
LODHA,1250.75,TOUCHED,-1.77,below,1228.6,1250.75,1251.5,1252.25,1250.75,0.12,12.3,0.031,0,2026-08-05,2026-08-06,False,False,5.0,2026-08-06T13:02:21+05:30
OBEROIRLTY,1803.75,TOUCHED,-1.02,below,1785.3,1803.75,1804.67,1805.58,1803.75,0.102,12.6,0.044,0,2026-08-05,2026-08-06,False,False,5.0,2026-08-06T13:02:21+05:30
BAJAJHFL,87.01,TOUCHED,-0.52,below,86.55,87.01,87.03,87.06,87.01,0.061,12.9,0.025,0,2026-08-05,2026-08-06,False,False,5.0,2026-08-06T13:02:21+05:30
KFINTECH,949.3,TOUCHED,-1.54,below,934.65,949.3,949.85,950.4,949.3,0.116,13.4,0.018,0,2026-08-05,2026-08-06,False,False,5.0,2026-08-06T13:02:21+05:30
TIINDIA,2789.6,TOUCHED,-0.91,below,2764.1,2789.6,2791.3,2793.0,2789.6,0.122,13.4,0.038,0,2026-08-05,2026-08-06,False,False,5.0,2026-08-06T13:02:21+05:30
INDIACEM,392.22,TOUCHED,-0.07,below,391.95,392.22,392.42,392.61,392.22,0.098,14.2,0.035,0,2026-08-05,2026-08-06,False,False,5.0,2026-08-06T13:02:21+05:30
NLCINDIA,303.98,TOUCHED,0.32,above,304.95,303.98,303.75,303.98,303.52,0.148,14.2,0.051,0,2026-08-05,2026-08-06,False,False,5.0,2026-08-06T13:02:21+05:30
SJVN,69.15,TOUCHED,-0.72,below,68.65,69.15,69.18,69.22,69.15,0.101,14.2,0.027,0,2026-08-05,2026-08-06,False,False,5.0,2026-08-06T13:02:21+05:30
SOLARINDS,18387.67,TOUCHED,1.07,above,18585.0,18387.67,18375.33,18387.67,18363.0,0.134,14.5,0.057,0,2026-08-05,2026-08-06,False,False,5.0,2026-08-06T13:02:21+05:30
GMRAIRPORT,106.89,TOUCHED,-0.59,below,106.26,106.89,106.93,106.96,106.89,0.069,14.8,0.019,0,2026-08-05,2026-08-06,False,False,5.0,2026-08-06T13:02:21+05:30
TECHNOE,1002.38,TOUCHED,-0.49,below,997.5,1002.38,1003.12,1003.86,1002.38,0.148,14.8,0.05,0,2026-08-05,2026-08-06,False,False,5.0,2026-08-06T13:02:21+05:30
INDIAMART,1776.47,TOUCHED,-0.2,below,1773.0,1776.47,1777.23,1778.0,1776.47,0.086,15.1,0.026,0,2026-08-05,2026-08-06,False,False,5.0,2026-08-06T13:02:21+05:30
CHOICEIN,826.0,TOUCHED,1.33,above,837.0,826.0,825.6,826.0,825.2,0.097,15.3,0.024,0,2026-08-04,2026-08-06,False,False,5.0,2026-08-06T13:02:21+05:30
MSUMI,41.05,TOUCHED,0.78,above,41.37,41.05,41.02,41.05,41.0,0.13,15.3,0.031,0,2026-08-05,2026-08-06,False,False,5.0,2026-08-06T13:02:21+05:30
BLS,255.42,TOUCHED,0.0,above,255.43,255.42,255.21,255.42,254.99,0.166,15.6,0.033,0,2026-08-05,2026-08-06,False,False,5.0,2026-08-06T13:02:21+05:30
JBMA,662.08,TOUCHED,0.06,inside,662.45,662.08,662.08,662.57,661.6,0.146,15.6,0.033,0,2026-08-05,2026-08-06,False,False,5.0,2026-08-06T13:02:21+05:30
CANBK,129.11,TOUCHED,0.62,above,129.9,129.11,129.04,129.11,128.98,0.101,16.2,0.023,0,2026-08-05,2026-08-06,False,False,5.0,2026-08-06T13:02:21+05:30
SBICARD,664.7,TOUCHED,-0.78,below,659.5,664.7,665.03,665.37,664.7,0.1,16.4,0.029,0,2026-08-05,2026-08-06,False,False,5.0,2026-08-06T13:02:21+05:30
EICHERMOT,7942.17,TOUCHED,0.02,inside,7943.5,7942.17,7942.17,7945.75,7938.58,0.09,17.3,0.025,0,2026-08-04,2026-08-06,False,False,5.0,2026-08-06T13:02:21+05:30
MEDANTA,1434.23,TOUCHED,0.05,above,1435.0,1434.23,1433.37,1434.23,1432.5,0.121,17.5,0.028,0,2026-08-04,2026-08-06,False,False,5.0,2026-08-06T13:02:21+05:30
ANURAS,1213.07,TOUCHED,0.04,inside,1213.5,1213.07,1213.07,1213.73,1212.4,0.11,17.8,0.025,0,2026-08-04,2026-08-06,False,False,5.0,2026-08-06T13:02:21+05:30
APARINDS,15715.5,TOUCHED,2.31,above,16078.0,15715.5,15699.0,15715.5,15682.5,0.21,17.8,0.054,0,2026-08-05,2026-08-06,False,False,5.0,2026-08-06T13:02:21+05:30
TORNTPHARM,5002.5,TOUCHED,-1.09,below,4948.0,5002.5,5005.0,5007.5,5002.5,0.1,17.8,0.025,0,2026-08-05,2026-08-06,False,False,5.0,2026-08-06T13:02:21+05:30
UNIONBANK,176.21,TOUCHED,1.5,above,178.85,176.21,176.07,176.21,175.94,0.155,17.8,0.047,0,2026-08-05,2026-08-06,False,False,5.0,2026-08-06T13:02:21+05:30
APOLLOTYRE,445.7,TOUCHED,0.58,above,448.3,445.7,445.43,445.7,445.17,0.12,18.1,0.038,0,2026-08-05,2026-08-06,False,False,5.0,2026-08-06T13:02:21+05:30
MFSL,1521.9,TOUCHED,0.28,above,1526.1,1521.9,1521.03,1521.9,1520.17,0.114,18.1,0.019,0,2026-08-04,2026-08-06,False,False,5.0,2026-08-06T13:02:21+05:30
GRAVITA,1687.35,TOUCHED,1.45,above,1711.9,1687.35,1685.9,1687.35,1684.45,0.172,18.4,0.033,0,2026-08-05,2026-08-06,False,False,5.0,2026-08-06T13:02:21+05:30
NBCC,95.92,TOUCHED,0.97,above,96.85,95.92,95.83,95.92,95.75,0.174,18.4,0.042,0,2026-08-05,2026-08-06,False,False,5.0,2026-08-06T13:02:21+05:30
PTCIL,18140.5,TOUCHED,1.77,above,18462.0,18140.5,18126.67,18140.5,18112.83,0.153,18.4,0.028,0,2026-08-04,2026-08-06,False,False,5.0,2026-08-06T13:02:21+05:30
APTUS,263.75,TOUCHED,-1.36,below,260.15,263.75,263.93,264.12,263.75,0.139,18.6,0.024,0,2026-08-05,2026-08-06,False,False,5.0,2026-08-06T13:02:21+05:30
JSL,734.99,TOUCHED,0.24,above,736.75,734.99,734.33,734.99,733.67,0.179,18.6,0.043,0,2026-08-04,2026-08-06,False,False,5.0,2026-08-06T13:02:21+05:30
NTPCGREEN,90.84,TOUCHED,0.32,above,91.13,90.84,90.78,90.84,90.72,0.132,18.6,0.018,0,2026-08-05,2026-08-06,False,False,5.0,2026-08-06T13:02:21+05:30
PAYTM,1427.72,TOUCHED,1.34,above,1446.8,1427.72,1426.43,1427.72,1425.15,0.18,19.2,0.057,0,2026-08-05,2026-08-06,False,False,5.0,2026-08-06T13:02:21+05:30
ERIS,1376.05,TOUCHED,0.8,above,1387.0,1376.05,1375.03,1376.05,1374.02,0.148,19.5,0.033,0,2026-08-04,2026-08-06,False,False,5.0,2026-08-06T13:02:21+05:30
IOC,143.92,TOUCHED,0.22,above,144.24,143.92,143.85,143.92,143.77,0.107,19.5,0.021,0,2026-08-05,2026-08-06,False,False,5.0,2026-08-06T13:02:21+05:30
AIAENG,4656.0,TOUCHED,3.72,above,4829.0,4656.0,4652.87,4656.0,4649.73,0.135,19.7,0.041,0,2026-08-05,2026-08-06,False,False,5.0,2026-08-06T13:02:21+05:30
ITI,282.88,TOUCHED,-0.13,below,282.5,282.88,283.15,283.43,282.88,0.194,19.7,0.035,0,2026-08-04,2026-08-06,False,False,5.0,2026-08-06T13:02:21+05:30
BATAINDIA,729.62,TOUCHED,0.9,above,736.2,729.62,729.2,729.62,728.77,0.117,20.0,0.022,0,2026-08-05,2026-08-06,False,False,5.0,2026-08-06T13:02:21+05:30
IDFCFIRSTB,85.36,TOUCHED,-0.27,below,85.13,85.36,85.42,85.49,85.36,0.144,20.3,0.033,0,2026-08-05,2026-08-06,False,False,5.0,2026-08-06T13:02:21+05:30
MARUTI,14169.0,TOUCHED,-1.12,below,14010.0,14169.0,14176.0,14183.0,14169.0,0.099,20.3,0.014,0,2026-08-05,2026-08-06,False,False,5.0,2026-08-06T13:02:21+05:30
SHYAMMETL,1020.45,TOUCHED,-0.04,below,1020.0,1020.45,1021.1,1021.75,1020.45,0.127,21.1,0.015,0,2026-08-04,2026-08-06,False,False,5.0,2026-08-06T13:02:21+05:30
FIVESTAR,547.15,TOUCHED,0.16,above,548.05,547.15,546.6,547.15,546.05,0.201,21.6,0.036,0,2026-08-05,2026-08-06,False,False,5.0,2026-08-06T13:02:21+05:30
LUPIN,2386.58,TOUCHED,0.51,above,2398.8,2386.58,2385.17,2386.58,2383.75,0.119,21.6,0.028,0,2026-08-05,2026-08-06,False,False,5.0,2026-08-06T13:02:21+05:30
CLEAN,773.25,TOUCHED,-0.02,inside,773.1,773.25,773.25,773.9,772.6,0.168,21.9,0.026,0,2026-08-04,2026-08-06,False,False,5.0,2026-08-06T13:02:21+05:30
LT,4054.47,TOUCHED,0.16,above,4061.0,4054.47,4051.93,4054.47,4049.4,0.125,21.9,0.024,0,2026-08-05,2026-08-06,False,False,5.0,2026-08-06T13:02:21+05:30
KAYNES,3903.92,TOUCHED,-1.59,below,3842.0,3903.92,3909.83,3915.75,3903.92,0.303,22.2,0.046,0,2026-08-05,2026-08-06,False,False,5.0,2026-08-06T13:02:21+05:30
SRF,2635.57,TOUCHED,0.06,inside,2637.2,2635.57,2635.57,2637.63,2633.5,0.157,22.2,0.031,0,2026-08-05,2026-08-06,False,False,5.0,2026-08-06T13:02:21+05:30
WIPRO,187.1,TOUCHED,-0.81,below,185.58,187.1,187.2,187.31,187.1,0.112,22.2,0.013,0,2026-08-05,2026-08-06,False,False,5.0,2026-08-06T13:02:21+05:30
CARTRADE,2828.0,TOUCHED,-1.07,below,2797.7,2828.0,2832.73,2837.47,2828.0,0.334,22.7,0.061,0,2026-08-05,2026-08-06,False,False,5.0,2026-08-06T13:02:21+05:30
COALINDIA,414.65,TOUCHED,-0.16,below,414.0,414.65,414.93,415.22,414.65,0.137,24.9,0.022,0,2026-08-05,2026-08-06,False,False,5.0,2026-08-06T13:02:21+05:30
LENSKART,568.07,TOUCHED,-0.5,below,565.25,568.07,568.65,569.22,568.07,0.202,24.9,0.032,0,2026-08-04,2026-08-06,False,False,5.0,2026-08-06T13:02:21+05:30
MAXHEALTH,1076.7,TOUCHED,-0.98,below,1066.1,1076.7,1077.8,1078.9,1076.7,0.204,24.9,0.037,0,2026-08-05,2026-08-06,False,False,5.0,2026-08-06T13:02:21+05:30
PERSISTENT,5525.33,TOUCHED,-0.48,below,5499.0,5525.33,5530.67,5536.0,5525.33,0.193,25.2,0.018,0,2026-08-05,2026-08-06,False,False,5.0,2026-08-06T13:02:21+05:30
BHEL,410.9,TOUCHED,-0.45,below,409.05,410.9,411.4,411.9,410.9,0.243,25.8,0.051,0,2026-08-05,2026-08-06,False,False,5.0,2026-08-06T13:02:21+05:30
FORCEMOT,18644.5,TOUCHED,0.32,above,18704.0,18644.5,18609.0,18644.5,18573.5,0.382,26.0,0.052,0,2026-08-05,2026-08-06,False,False,5.0,2026-08-06T13:02:21+05:30
SOBHA,1359.77,TOUCHED,-0.0,below,1359.7,1359.77,1361.13,1362.5,1359.77,0.201,26.8,0.028,0,2026-08-04,2026-08-06,False,False,5.0,2026-08-06T13:02:21+05:30
WHIRLPOOL,810.15,TOUCHED,0.0,inside,810.15,810.15,810.15,811.08,809.22,0.228,26.8,0.045,0,2026-08-05,2026-08-06,False,False,5.0,2026-08-06T13:02:21+05:30
ZFCVINDIA,2581.65,TOUCHED,-0.52,below,2568.1,2581.65,2584.4,2587.15,2581.65,0.213,26.8,0.038,0,2026-08-05,2026-08-06,False,False,5.0,2026-08-06T13:02:21+05:30
RPOWER,24.31,TOUCHED,0.84,above,24.51,24.31,24.26,24.31,24.22,0.371,27.4,0.073,0,2026-08-05,2026-08-06,False,False,5.0,2026-08-06T13:02:21+05:30
BAYERCROP,4291.85,TOUCHED,-1.56,below,4224.8,4291.85,4295.53,4299.22,4291.85,0.171,27.7,0.031,0,2026-08-05,2026-08-06,False,False,5.0,2026-08-06T13:02:21+05:30
WAAREEENER,2686.35,TOUCHED,-0.37,below,2676.3,2686.35,2689.9,2693.45,2686.35,0.264,27.7,0.043,0,2026-08-05,2026-08-06,False,False,5.0,2026-08-06T13:02:21+05:30
JAINREC,323.11,TOUCHED,-1.32,below,318.85,323.11,323.67,324.22,323.11,0.345,27.8,0.058,0,2026-08-05,2026-08-06,False,False,5.0,2026-08-06T13:02:21+05:30
IIFL,610.93,TOUCHED,-0.94,below,605.2,610.93,611.65,612.38,610.93,0.237,28.2,0.031,0,2026-08-05,2026-08-06,False,False,5.0,2026-08-06T13:02:21+05:30
J&KBANK,157.1,TOUCHED,2.0,above,160.25,157.1,156.89,157.1,156.68,0.274,28.5,0.029,0,2026-08-05,2026-08-06,False,False,5.0,2026-08-06T13:02:21+05:30
MRPL,171.25,TOUCHED,-1.81,below,168.14,171.25,171.52,171.8,171.25,0.323,28.8,0.056,0,2026-08-05,2026-08-06,False,False,5.0,2026-08-06T13:02:21+05:30
TITAN,4908.75,TOUCHED,1.35,above,4975.1,4908.75,4905.1,4908.75,4901.45,0.149,28.8,0.018,0,2026-08-05,2026-08-06,False,False,5.0,2026-08-06T13:02:21+05:30
PWL,127.13,TOUCHED,-1.25,below,125.53,127.13,127.35,127.58,127.13,0.359,28.9,0.07,0,2026-08-05,2026-08-06,False,False,5.0,2026-08-06T13:02:21+05:30
CCL,1135.65,TOUCHED,-0.8,below,1126.6,1135.65,1136.73,1137.82,1135.65,0.191,29.0,0.015,0,2026-08-05,2026-08-06,False,False,5.0,2026-08-06T13:02:21+05:30
DELHIVERY,470.77,TOUCHED,-0.55,below,468.2,470.77,471.28,471.8,470.77,0.219,29.0,0.019,0,2026-08-05,2026-08-06,False,False,5.0,2026-08-06T13:02:21+05:30
TATACOMM,1749.88,TOUCHED,-0.95,below,1733.3,1749.88,1751.97,1754.05,1749.88,0.238,29.0,0.022,0,2026-08-05,2026-08-06,False,False,5.0,2026-08-06T13:02:21+05:30
ANTHEM,822.93,TOUCHED,-0.0,below,822.9,822.93,823.83,824.74,822.93,0.221,29.2,0.043,0,2026-08-05,2026-08-06,False,False,5.0,2026-08-06T13:02:21+05:30
IDBI,84.44,TOUCHED,-0.08,below,84.37,84.44,84.56,84.67,84.44,0.28,29.3,0.047,0,2026-08-05,2026-08-06,False,False,5.0,2026-08-06T13:02:21+05:30
ANANTRAJ,629.35,TOUCHED,-1.31,below,621.1,629.35,630.5,631.65,629.35,0.365,29.9,0.078,0,2026-08-05,2026-08-06,False,False,5.0,2026-08-06T13:02:21+05:30
BEL,389.65,TOUCHED,2.18,above,398.15,389.65,389.3,389.65,388.95,0.18,29.9,0.025,0,2026-08-05,2026-08-06,False,False,5.0,2026-08-06T13:02:21+05:30
NATIONALUM,379.52,TOUCHED,-0.51,below,377.6,379.52,380.02,380.51,379.52,0.259,29.9,0.041,0,2026-08-05,2026-08-06,False,False,5.0,2026-08-06T13:02:21+05:30
PARADEEP,146.42,TOUCHED,0.67,above,147.41,146.42,146.14,146.42,145.85,0.392,29.9,0.04,0,2026-08-05,2026-08-06,False,False,5.0,2026-08-06T13:02:21+05:30
WOCKPHARMA,2009.78,TOUCHED,-2.16,below,1966.4,2009.78,2013.47,2017.15,2009.78,0.366,29.9,0.06,0,2026-08-05,2026-08-06,False,False,5.0,2026-08-06T13:02:21+05:30
BAJFINANCE,1155.55,TOUCHED,-0.41,below,1150.8,1155.55,1156.63,1157.72,1155.55,0.187,30.1,0.025,0,2026-08-05,2026-08-06,False,False,5.0,2026-08-06T13:02:21+05:30
CAMS,812.78,TOUCHED,-1.57,below,800.05,812.78,813.72,814.65,812.78,0.229,30.1,0.043,0,2026-08-05,2026-08-06,False,False,5.0,2026-08-06T13:02:21+05:30
CHOLAFIN,1886.9,TOUCHED,3.28,above,1948.8,1886.9,1884.6,1886.9,1882.3,0.244,30.1,0.034,0,2026-08-05,2026-08-06,False,False,5.0,2026-08-06T13:02:21+05:30
KIMS,801.13,TOUCHED,1.3,above,811.5,801.13,800.1,801.13,799.08,0.256,30.1,0.043,0,2026-08-05,2026-08-06,False,False,5.0,2026-08-06T13:02:21+05:30
INDHOTEL,741.84,TOUCHED,-0.84,below,735.6,741.84,742.63,743.43,741.84,0.213,30.7,0.019,0,2026-08-05,2026-08-06,False,False,5.0,2026-08-06T13:02:21+05:30
GROWW,192.21,TOUCHED,-0.87,below,190.54,192.21,192.58,192.94,192.21,0.383,31.0,0.035,0,2026-08-05,2026-08-06,False,False,5.0,2026-08-06T13:02:21+05:30
LICHSGFIN,512.52,TOUCHED,-0.7,below,508.95,512.52,512.98,513.45,512.52,0.182,31.5,0.022,0,2026-08-05,2026-08-06,False,False,5.0,2026-08-06T13:02:21+05:30
MANAPPURAM,364.4,TOUCHED,-0.08,inside,364.1,364.4,364.4,364.8,364.0,0.22,31.5,0.027,0,2026-08-05,2026-08-06,False,False,5.0,2026-08-06T13:02:21+05:30
ICICIPRULI,512.0,TOUCHED,-1.24,below,505.65,512.0,512.52,513.03,512.0,0.202,31.8,0.023,0,2026-08-04,2026-08-06,False,False,5.0,2026-08-06T13:02:21+05:30
IEX,129.73,TOUCHED,-0.08,below,129.63,129.73,129.87,130.01,129.73,0.218,32.1,0.031,0,2026-08-05,2026-08-06,False,False,5.0,2026-08-06T13:02:21+05:30
TARIL,295.9,TOUCHED,-0.14,inside,295.5,295.9,295.9,296.5,295.3,0.406,32.1,0.054,0,2026-08-05,2026-08-06,False,False,5.0,2026-08-06T13:02:21+05:30
KPIL,1281.53,TOUCHED,-0.49,below,1275.2,1281.53,1283.37,1285.2,1281.53,0.286,32.3,0.045,0,2026-08-04,2026-08-06,False,False,5.0,2026-08-06T13:02:21+05:30
BELRISE,241.43,TOUCHED,1.15,above,244.2,241.43,241.07,241.43,240.7,0.301,32.6,0.038,0,2026-08-04,2026-08-06,False,False,5.0,2026-08-06T13:02:21+05:30
SUZLON,48.22,TOUCHED,-0.17,below,48.14,48.22,48.3,48.37,48.22,0.304,32.6,0.033,0,2026-08-05,2026-08-06,False,False,5.0,2026-08-06T13:02:21+05:30
CAPLIPOINT,2575.43,TOUCHED,-0.13,below,2572.1,2575.43,2578.97,2582.5,2575.43,0.274,33.2,0.032,0,2026-08-04,2026-08-06,False,False,5.0,2026-08-06T13:02:21+05:30
IREDA,120.38,TOUCHED,-0.06,inside,120.31,120.38,120.38,120.54,120.22,0.263,33.2,0.048,0,2026-08-05,2026-08-06,False,False,5.0,2026-08-06T13:02:21+05:30
TEGA,1583.93,TOUCHED,-0.07,inside,1582.8,1583.93,1583.93,1586.0,1581.87,0.261,33.2,0.043,0,2026-08-04,2026-08-06,False,False,5.0,2026-08-06T13:02:21+05:30
CUB,204.23,TOUCHED,1.97,above,208.25,204.23,203.91,204.23,203.58,0.319,33.4,0.034,0,2026-08-05,2026-08-06,False,False,5.0,2026-08-06T13:02:21+05:30
ADANIENT,3053.87,TOUCHED,-0.3,below,3044.6,3053.87,3057.73,3061.6,3053.87,0.253,33.7,0.026,0,2026-08-05,2026-08-06,False,False,5.0,2026-08-06T13:02:21+05:30
INOXWIND,78.99,TOUCHED,-0.23,below,78.8,78.99,79.11,79.24,78.99,0.316,33.7,0.041,0,2026-08-05,2026-08-06,False,False,5.0,2026-08-06T13:02:21+05:30
ARE&M,939.9,TOUCHED,-0.28,below,937.25,939.9,940.95,942.0,939.9,0.223,34.2,0.023,0,2026-08-05,2026-08-06,False,False,5.0,2026-08-06T13:02:21+05:30
PHOENIXLTD,1934.98,TOUCHED,-0.66,below,1922.3,1934.98,1937.67,1940.35,1934.98,0.277,34.2,0.047,0,2026-08-04,2026-08-06,False,False,5.0,2026-08-06T13:02:21+05:30
TMCV,452.25,TOUCHED,0.57,above,454.85,452.25,451.57,452.25,450.88,0.303,34.2,0.024,0,2026-08-05,2026-08-06,False,False,5.0,2026-08-06T13:02:21+05:30
MINDACORP,723.22,TOUCHED,-0.06,below,722.75,723.22,724.23,725.25,723.22,0.281,34.5,0.035,0,2026-08-04,2026-08-06,False,False,5.0,2026-08-06T13:02:21+05:30
BHARATFORG,2200.37,TOUCHED,-0.11,below,2198.0,2200.37,2203.63,2206.9,2200.37,0.296,35.3,0.031,0,2026-08-05,2026-08-06,False,False,5.0,2026-08-06T13:02:21+05:30
SUNDARMFIN,4723.67,TOUCHED,0.0,inside,4723.7,4723.67,4723.67,4729.83,4717.5,0.261,35.6,0.03,0,2026-08-05,2026-08-06,False,False,5.0,2026-08-06T13:02:21+05:30
EXIDEIND,468.82,TOUCHED,0.85,above,472.8,468.82,468.22,468.82,467.61,0.26,35.9,0.027,0,2026-08-05,2026-08-06,False,False,5.0,2026-08-06T13:02:21+05:30
SAGILITY,43.95,TOUCHED,-0.0,below,43.95,43.95,44.03,44.11,43.95,0.371,35.9,0.047,0,2026-08-05,2026-08-06,False,False,5.0,2026-08-06T13:02:21+05:30
COHANCE,428.7,TOUCHED,1.98,above,437.2,428.7,427.95,428.7,427.2,0.351,36.2,0.022,0,2026-08-05,2026-08-06,False,False,5.0,2026-08-06T13:02:21+05:30
HONASA,461.62,TOUCHED,0.96,above,466.05,461.62,460.88,461.62,460.14,0.322,36.2,0.056,0,2026-08-04,2026-08-06,False,False,5.0,2026-08-06T13:02:21+05:30
SHREECEM,26820.0,TOUCHED,-1.38,below,26450.0,26820.0,26846.67,26873.33,26820.0,0.199,36.4,0.013,0,2026-08-04,2026-08-06,False,False,5.0,2026-08-06T13:02:21+05:30
ZENTEC,1684.3,TOUCHED,2.29,above,1722.9,1684.3,1681.1,1684.3,1677.9,0.381,36.4,0.015,0,2026-08-05,2026-08-06,False,False,5.0,2026-08-06T13:02:21+05:30
AEGISLOG,1393.53,TOUCHED,1.35,above,1412.4,1393.53,1391.27,1393.53,1389.0,0.326,37.0,0.033,0,2026-08-05,2026-08-06,False,False,5.0,2026-08-06T13:02:21+05:30
TATAELXSI,3754.32,TOUCHED,-0.41,below,3739.0,3754.32,3758.83,3763.35,3754.32,0.24,37.0,0.034,0,2026-08-05,2026-08-06,False,False,5.0,2026-08-06T13:02:21+05:30
MOTHERSON,153.88,TOUCHED,-0.1,inside,153.72,153.88,153.88,154.12,153.64,0.305,37.3,0.033,0,2026-08-05,2026-08-06,False,False,5.0,2026-08-06T13:02:21+05:30
KPITTECH,626.05,TOUCHED,0.16,above,627.05,626.05,625.03,626.05,624.02,0.325,37.8,0.044,0,2026-08-05,2026-08-06,False,False,5.0,2026-08-06T13:02:21+05:30
ABFRL,61.32,TOUCHED,3.1,above,63.22,61.32,61.21,61.32,61.11,0.349,38.6,0.024,0,2026-08-04,2026-08-06,False,False,5.0,2026-08-06T13:02:21+05:30
POLYCAB,9228.0,TOUCHED,0.07,inside,9234.5,9228.0,9228.0,9242.0,9214.0,0.303,38.9,0.04,0,2026-08-05,2026-08-06,False,False,5.0,2026-08-06T13:02:21+05:30
PREMIERENE,1038.45,TOUCHED,-0.15,below,1036.9,1038.45,1040.3,1042.15,1038.45,0.356,39.2,0.029,0,2026-08-05,2026-08-06,False,False,5.0,2026-08-06T13:02:21+05:30
ZYDUSLIFE,1116.9,TOUCHED,-0.76,below,1108.4,1116.9,1118.3,1119.7,1116.9,0.25,39.2,0.024,0,2026-08-05,2026-08-06,False,False,5.0,2026-08-06T13:02:21+05:30
BSOFT,321.45,TOUCHED,-0.61,below,319.5,321.45,322.03,322.62,321.45,0.362,39.5,0.036,0,2026-08-04,2026-08-06,False,False,5.0,2026-08-06T13:02:21+05:30
INTELLECT,747.8,TOUCHED,-3.51,below,721.55,747.8,749.4,751.0,747.8,0.427,39.7,0.042,0,2026-08-05,2026-08-06,False,False,5.0,2026-08-06T13:02:21+05:30
ASIANPAINT,2762.62,TOUCHED,-0.37,below,2752.3,2762.62,2765.23,2767.85,2762.62,0.189,40.0,0.021,0,2026-08-05,2026-08-06,False,False,5.0,2026-08-06T13:02:21+05:30
BANKINDIA,141.45,TOUCHED,0.16,inside,141.68,141.45,141.45,141.68,141.23,0.32,40.0,0.032,0,2026-08-05,2026-08-06,False,False,5.0,2026-08-06T13:02:21+05:30
AFFLE,1670.95,TOUCHED,1.11,above,1689.5,1670.95,1668.17,1670.95,1665.38,0.334,40.5,0.034,0,2026-08-05,2026-08-06,False,False,5.0,2026-08-06T13:02:21+05:30
GILLETTE,7695.0,TOUCHED,0.16,above,7707.0,7695.0,7684.0,7695.0,7673.0,0.286,40.5,0.038,0,2026-08-04,2026-08-06,False,False,5.0,2026-08-06T13:02:21+05:30
GODREJIND,1322.77,TOUCHED,-0.91,below,1310.7,1322.77,1325.13,1327.5,1322.77,0.357,40.5,0.047,0,2026-08-05,2026-08-06,False,False,5.0,2026-08-06T13:02:21+05:30
LLOYDSME,2078.77,TOUCHED,-0.08,inside,2077.0,2078.77,2078.77,2082.93,2074.6,0.401,40.8,0.035,0,2026-08-05,2026-08-06,False,False,5.0,2026-08-06T13:02:21+05:30
AMBER,7478.5,TOUCHED,-0.27,below,7458.5,7478.5,7494.33,7510.17,7478.5,0.423,41.1,0.027,0,2026-08-05,2026-08-06,False,False,5.0,2026-08-06T13:02:21+05:30
DALBHARAT,1830.7,TOUCHED,-0.14,below,1828.2,1830.7,1833.17,1835.63,1830.7,0.269,41.1,0.028,0,2026-08-05,2026-08-06,False,False,5.0,2026-08-06T13:02:21+05:30
ETERNAL,312.07,TOUCHED,0.87,above,314.8,312.07,311.5,312.07,310.93,0.369,41.1,0.028,0,2026-08-05,2026-08-06,False,False,5.0,2026-08-06T13:02:21+05:30
IGL,154.79,TOUCHED,0.06,above,154.88,154.79,154.55,154.79,154.32,0.306,41.1,0.046,0,2026-08-05,2026-08-06,False,False,5.0,2026-08-06T13:02:21+05:30
ACUTAAS,3260.5,TOUCHED,-0.11,below,3256.9,3260.5,3267.93,3275.37,3260.5,0.455,41.6,0.036,0,2026-08-05,2026-08-06,False,False,5.0,2026-08-06T13:02:21+05:30
TITAGARH,855.35,TOUCHED,0.79,above,862.1,855.35,853.48,855.35,851.62,0.437,41.6,0.051,0,2026-08-04,2026-08-06,False,False,5.0,2026-08-06T13:02:21+05:30
TRIDENT,24.98,TOUCHED,-0.11,inside,24.95,24.98,24.98,25.01,24.94,0.267,41.6,0.028,0,2026-08-05,2026-08-06,False,False,5.0,2026-08-06T13:02:21+05:30
NCC,143.81,TOUCHED,-0.01,below,143.8,143.81,144.05,144.28,143.81,0.331,41.9,0.027,0,2026-08-05,2026-08-06,False,False,5.0,2026-08-06T13:02:21+05:30
INFY,1169.9,TOUCHED,-0.16,below,1168.0,1169.9,1171.27,1172.63,1169.9,0.233,42.2,0.029,0,2026-08-05,2026-08-06,False,False,5.0,2026-08-06T13:02:21+05:30
CGPOWER,884.93,TOUCHED,-0.75,below,878.3,884.93,886.45,887.98,884.93,0.344,42.5,0.04,0,2026-08-05,2026-08-06,False,False,5.0,2026-08-06T13:02:21+05:30
CROMPTON,267.33,TOUCHED,0.59,above,268.9,267.33,266.92,267.33,266.51,0.306,42.5,0.025,0,2026-08-05,2026-08-06,False,False,5.0,2026-08-06T13:02:21+05:30
TATACHEM,667.2,TOUCHED,-0.46,below,664.15,667.2,668.25,669.3,667.2,0.314,43.6,0.021,0,2026-08-05,2026-08-06,False,False,5.0,2026-08-06T13:02:21+05:30
ATGL,661.56,TOUCHED,-0.14,below,660.6,661.56,662.77,663.98,661.56,0.365,44.7,0.031,0,2026-08-05,2026-08-06,False,False,5.0,2026-08-06T13:02:21+05:30
GLAXO,2578.3,TOUCHED,0.11,inside,2581.2,2578.3,2578.3,2582.6,2574.0,0.334,44.7,0.026,0,2026-08-05,2026-08-06,False,False,5.0,2026-08-06T13:02:21+05:30
3MINDIA,35875.0,TOUCHED,1.37,above,36365.0,35875.0,35825.0,35875.0,35775.0,0.279,45.2,0.027,0,2026-08-04,2026-08-06,False,False,5.0,2026-08-06T13:02:21+05:30
COCHINSHIP,1433.7,TOUCHED,3.61,above,1485.5,1433.7,1430.8,1433.7,1427.9,0.405,45.2,0.043,0,2026-08-05,2026-08-06,False,False,5.0,2026-08-06T13:02:21+05:30
HDFCBANK,736.52,TOUCHED,-0.02,inside,736.4,736.52,736.52,737.27,735.76,0.206,45.2,0.019,0,2026-08-05,2026-08-06,False,False,5.0,2026-08-06T13:02:21+05:30
MAZDOCK,2396.15,TOUCHED,5.34,above,2524.0,2396.15,2390.93,2396.15,2385.72,0.436,45.5,0.045,0,2026-08-05,2026-08-06,False,False,5.0,2026-08-06T13:02:21+05:30
BAJAJ-AUTO,11615.33,TOUCHED,-0.02,below,11613.0,11615.33,11630.67,11646.0,11615.33,0.264,46.0,0.028,0,2026-08-04,2026-08-06,False,False,5.0,2026-08-06T13:02:21+05:30
ONESOURCE,1549.77,TOUCHED,0.01,above,1549.9,1549.77,1545.83,1549.77,1541.9,0.509,46.0,0.052,0,2026-08-05,2026-08-06,False,False,5.0,2026-08-06T13:02:21+05:30
ABLBL,94.96,TOUCHED,0.1,inside,95.05,94.96,94.96,95.15,94.76,0.407,46.2,0.054,0,2026-08-04,2026-08-06,False,False,5.0,2026-08-06T13:02:21+05:30
GLAND,2597.7,TOUCHED,0.16,above,2601.9,2597.7,2592.83,2597.7,2587.97,0.375,46.3,0.04,0,2026-08-04,2026-08-06,False,False,5.0,2026-08-06T13:02:21+05:30
PFOCUS,300.87,TOUCHED,-0.85,below,298.3,300.87,302.03,303.2,300.87,0.773,46.3,0.05,0,2026-08-05,2026-08-06,False,False,5.0,2026-08-06T13:02:21+05:30
VMM,110.57,TOUCHED,-0.09,inside,110.47,110.57,110.57,110.78,110.35,0.392,46.3,0.026,0,2026-08-05,2026-08-06,False,False,5.0,2026-08-06T13:02:21+05:30
CUMMINSIND,5449.75,TOUCHED,-1.4,below,5373.5,5449.75,5459.5,5469.25,5449.75,0.357,46.6,0.018,0,2026-08-05,2026-08-06,False,False,5.0,2026-08-06T13:02:21+05:30
LAURUSLABS,1838.52,TOUCHED,-0.05,below,1837.6,1838.52,1842.03,1845.55,1838.52,0.382,46.6,0.018,0,2026-08-05,2026-08-06,False,False,5.0,2026-08-06T13:02:21+05:30
UPL,578.22,TOUCHED,-0.13,below,577.45,578.22,579.18,580.15,578.22,0.334,46.6,0.02,0,2026-08-05,2026-08-06,False,False,5.0,2026-08-06T13:02:21+05:30
ENDURANCE,2887.28,TOUCHED,0.32,above,2896.5,2887.28,2881.17,2887.28,2875.05,0.425,47.4,0.046,0,2026-08-05,2026-08-06,False,False,5.0,2026-08-06T13:02:21+05:30
GICRE,360.27,TOUCHED,-0.32,below,359.1,360.27,360.88,361.5,360.27,0.342,47.4,0.032,0,2026-08-05,2026-08-06,False,False,5.0,2026-08-06T13:02:21+05:30
HAVELLS,1289.4,TOUCHED,-0.47,below,1283.3,1289.4,1291.27,1293.13,1289.4,0.289,47.4,0.019,0,2026-08-04,2026-08-06,False,False,5.0,2026-08-06T13:02:21+05:30
PINELABS,149.25,TOUCHED,4.2,above,155.52,149.25,148.77,149.25,148.3,0.641,47.8,0.054,0,2026-08-05,2026-08-06,False,False,5.0,2026-08-06T13:02:21+05:30
ATUL,6818.5,TOUCHED,0.18,inside,6830.5,6818.5,6818.5,6831.0,6806.0,0.367,47.9,0.016,0,2026-08-04,2026-08-06,False,False,5.0,2026-08-06T13:02:21+05:30
SCHAEFFLER,4062.83,TOUCHED,-0.56,below,4040.0,4062.83,4070.17,4077.5,4062.83,0.36,47.9,0.035,0,2026-08-04,2026-08-06,False,False,5.0,2026-08-06T13:02:21+05:30
HINDPETRO,397.27,TOUCHED,0.07,above,397.55,397.27,396.5,397.27,395.73,0.391,48.2,0.034,0,2026-08-05,2026-08-06,False,False,5.0,2026-08-06T13:02:21+05:30
TRENT,3110.2,TOUCHED,-1.63,below,3059.6,3110.2,3116.47,3122.73,3110.2,0.402,48.8,0.046,0,2026-08-05,2026-08-06,False,False,5.0,2026-08-06T13:02:21+05:30
BALKRISIND,2493.2,TOUCHED,-0.17,inside,2489.0,2493.2,2493.2,2497.4,2489.0,0.337,49.0,0.026,0,2026-08-05,2026-08-06,False,False,5.0,2026-08-06T13:02:21+05:30
OIL,443.16,TOUCHED,0.2,above,444.05,443.16,442.32,443.16,441.48,0.381,49.0,0.021,0,2026-08-05,2026-08-06,False,False,5.0,2026-08-06T13:02:21+05:30
TATATECH,757.95,TOUCHED,5.42,above,799.0,757.95,756.63,757.95,755.32,0.348,49.0,0.033,0,2026-08-05,2026-08-06,False,False,5.0,2026-08-06T13:02:21+05:30
IDEA,12.84,TOUCHED,-0.43,below,12.78,12.84,12.87,12.91,12.84,0.544,49.3,0.047,0,2026-08-05,2026-08-06,False,False,5.0,2026-08-06T13:02:21+05:30
JUBLINGREA,756.68,TOUCHED,1.3,above,766.5,756.68,754.9,756.68,753.12,0.47,49.3,0.036,0,2026-08-04,2026-08-06,False,False,5.0,2026-08-06T13:02:21+05:30
HONAUT,38321.67,TOUCHED,0.13,inside,38370.0,38321.67,38321.67,38387.5,38255.83,0.344,49.6,0.022,0,2026-08-04,2026-08-06,False,False,5.0,2026-08-06T13:02:21+05:30
RECLTD,366.65,TOUCHED,-0.85,below,363.55,366.65,367.3,367.95,366.65,0.354,49.6,0.016,0,2026-08-05,2026-08-06,False,False,5.0,2026-08-06T13:02:21+05:30
RELIANCE,1284.55,TOUCHED,2.97,above,1322.7,1284.55,1283.03,1284.55,1281.52,0.236,49.6,0.027,0,2026-08-05,2026-08-06,False,False,5.0,2026-08-06T13:02:21+05:30
HCLTECH,1352.02,TOUCHED,-0.89,below,1340.0,1352.02,1354.03,1356.05,1352.02,0.298,49.9,0.022,0,2026-08-05,2026-08-06,False,False,5.0,2026-08-06T13:02:21+05:30
ITCHOTELS,168.61,TOUCHED,1.35,above,170.89,168.61,168.29,168.61,167.97,0.378,49.9,0.037,0,2026-08-05,2026-08-06,False,False,5.0,2026-08-06T13:02:21+05:30
TTML,39.97,TOUCHED,-0.71,below,39.68,39.97,40.05,40.14,39.97,0.424,50.1,0.046,0,2026-08-04,2026-08-06,False,False,5.0,2026-08-06T13:02:21+05:30
ACC,1395.98,TOUCHED,-0.79,below,1385.0,1395.98,1397.97,1399.95,1395.98,0.284,50.4,0.033,0,2026-08-05,2026-08-06,False,False,5.0,2026-08-06T13:02:21+05:30
RAILTEL,291.85,TOUCHED,0.03,above,291.95,291.85,291.1,291.85,290.35,0.515,50.4,0.049,0,2026-08-05,2026-08-06,False,False,5.0,2026-08-06T13:02:21+05:30
LATENTVIEW,297.25,TOUCHED,0.22,above,297.9,297.25,296.5,297.25,295.75,0.506,50.7,0.035,0,2026-08-05,2026-08-06,False,False,5.0,2026-08-06T13:02:21+05:30
SWANCORP,311.44,TOUCHED,-0.38,below,310.25,311.44,312.28,313.12,311.44,0.539,50.7,0.034,0,2026-08-05,2026-08-06,False,False,5.0,2026-08-06T13:02:21+05:30
DIXON,14242.67,TOUCHED,-0.09,inside,14230.0,14242.67,14242.67,14276.33,14209.0,0.473,51.0,0.056,0,2026-08-05,2026-08-06,False,False,5.0,2026-08-06T13:02:21+05:30
KIRLOSENG,2254.63,TOUCHED,-0.12,inside,2252.0,2254.63,2254.63,2261.25,2248.02,0.587,51.2,0.035,0,2026-08-05,2026-08-06,False,False,5.0,2026-08-06T13:02:21+05:30
NIVABUPA,87.27,TOUCHED,0.12,inside,87.37,87.27,87.27,87.4,87.13,0.313,51.2,0.019,0,2026-08-05,2026-08-06,False,False,5.0,2026-08-06T13:02:21+05:30
NH,1907.2,TOUCHED,-0.71,below,1893.6,1907.2,1911.3,1915.4,1907.2,0.429,51.5,0.036,0,2026-08-05,2026-08-06,False,False,5.0,2026-08-06T13:02:21+05:30
RADICO,4521.5,TOUCHED,-0.91,below,4480.4,4521.5,4531.0,4540.5,4521.5,0.419,51.5,0.021,0,2026-08-05,2026-08-06,False,False,5.0,2026-08-06T13:02:21+05:30
IOB,34.27,TOUCHED,-0.05,below,34.25,34.27,34.33,34.4,34.27,0.388,52.3,0.034,0,2026-08-05,2026-08-06,False,False,5.0,2026-08-06T13:02:21+05:30
WELSPUNLIV,161.2,TOUCHED,-0.63,below,160.19,161.2,161.63,162.05,161.2,0.524,52.3,0.042,0,2026-08-05,2026-08-06,False,False,5.0,2026-08-06T13:02:21+05:30
INDUSINDBK,1025.55,TOUCHED,0.14,above,1027.0,1025.55,1023.37,1025.55,1021.18,0.427,53.2,0.031,0,2026-08-05,2026-08-06,False,False,5.0,2026-08-06T13:02:21+05:30
NUVOCO,348.5,TOUCHED,1.13,above,352.45,348.5,347.7,348.5,346.9,0.46,53.4,0.039,0,2026-08-05,2026-08-06,False,False,5.0,2026-08-06T13:02:21+05:30
MGL,1119.0,TOUCHED,1.11,above,1131.4,1119.0,1116.53,1119.0,1114.07,0.442,54.2,0.039,0,2026-08-04,2026-08-06,False,False,5.0,2026-08-06T13:02:21+05:30
TRITURBINE,623.03,TOUCHED,3.98,above,647.8,623.03,621.62,623.03,620.21,0.453,54.5,0.021,0,2026-08-04,2026-08-06,False,False,5.0,2026-08-06T13:02:21+05:30
TATAPOWER,380.95,TOUCHED,-0.76,below,378.05,380.95,381.63,382.32,380.95,0.358,54.8,0.023,0,2026-08-05,2026-08-06,False,False,5.0,2026-08-06T13:02:21+05:30
HEXT,560.12,TOUCHED,0.23,above,561.4,560.12,558.4,560.12,556.68,0.618,55.0,0.046,0,2026-08-04,2026-08-06,False,False,5.0,2026-08-06T13:02:21+05:30
AWL,193.12,TOUCHED,2.78,above,198.48,193.12,192.7,193.12,192.28,0.438,55.1,0.044,0,2026-08-05,2026-08-06,False,False,5.0,2026-08-06T13:02:21+05:30
PNB,114.02,TOUCHED,0.17,inside,114.21,114.02,114.02,114.25,113.78,0.409,55.3,0.035,0,2026-08-05,2026-08-06,False,False,5.0,2026-08-06T13:02:21+05:30
LTFOODS,418.51,TOUCHED,-0.03,below,418.4,418.51,419.62,420.73,418.51,0.528,55.6,0.036,0,2026-08-04,2026-08-06,False,False,5.0,2026-08-06T13:02:21+05:30
MCX,2621.75,TOUCHED,1.02,above,2648.6,2621.75,2614.03,2621.75,2606.32,0.59,55.9,0.059,0,2026-08-05,2026-08-06,False,False,5.0,2026-08-06T13:02:21+05:30
GRSE,2534.0,TOUCHED,3.3,above,2617.6,2534.0,2525.1,2534.0,2516.2,0.705,56.2,0.067,0,2026-08-05,2026-08-06,False,False,5.0,2026-08-06T13:02:21+05:30
IRCON,132.06,TOUCHED,0.2,inside,132.33,132.06,132.06,132.41,131.71,0.53,56.2,0.042,0,2026-08-05,2026-08-06,False,False,5.0,2026-08-06T13:02:21+05:30
CENTRALBK,31.36,TOUCHED,-0.24,below,31.28,31.36,31.42,31.49,31.36,0.424,56.4,0.041,0,2026-08-05,2026-08-06,False,False,5.0,2026-08-06T13:02:21+05:30
JSWINFRA,330.73,TOUCHED,-0.13,inside,330.3,330.73,330.73,331.48,329.99,0.448,56.7,0.029,0,2026-08-04,2026-08-06,False,False,5.0,2026-08-06T13:02:21+05:30
AARTIIND,485.22,TOUCHED,3.14,above,500.45,485.22,484.07,485.22,482.91,0.479,57.0,0.037,0,2026-08-04,2026-08-06,False,False,5.0,2026-08-06T13:02:21+05:30
RHIM,411.5,TOUCHED,0.29,above,412.7,411.5,410.45,411.5,409.4,0.512,57.0,0.029,0,2026-08-04,2026-08-06,False,False,5.0,2026-08-06T13:02:21+05:30
SIGNATURE,822.33,TOUCHED,-0.22,inside,820.5,822.33,822.33,824.33,820.34,0.484,57.0,0.03,0,2026-08-04,2026-08-06,False,False,5.0,2026-08-06T13:02:21+05:30
SBILIFE,1882.95,TOUCHED,-1.09,below,1862.5,1882.95,1886.0,1889.05,1882.95,0.323,57.5,0.017,0,2026-08-05,2026-08-06,False,False,5.0,2026-08-06T13:02:21+05:30
BAJAJFINSV,2089.77,TOUCHED,-0.21,below,2085.4,2089.77,2093.53,2097.3,2089.77,0.36,58.1,0.02,0,2026-08-05,2026-08-06,False,False,5.0,2026-08-06T13:02:21+05:30
POWERINDIA,32119.17,TOUCHED,-0.7,below,31895.0,32119.17,32233.33,32347.5,32119.17,0.708,58.4,0.055,0,2026-08-04,2026-08-06,False,False,5.0,2026-08-06T13:02:21+05:30
IKS,1851.18,TOUCHED,-4.25,below,1772.5,1851.18,1856.47,1861.75,1851.18,0.569,58.9,0.02,0,2026-08-04,2026-08-06,False,False,5.0,2026-08-06T13:02:21+05:30
BLUEJET,586.5,TOUCHED,0.0,inside,586.5,586.5,586.5,588.85,584.15,0.801,59.5,0.042,0,2026-08-05,2026-08-06,False,False,5.0,2026-08-06T13:02:21+05:30
JWL,261.15,TOUCHED,0.57,above,262.65,261.15,260.38,261.15,259.62,0.589,59.7,0.042,0,2026-08-05,2026-08-06,False,False,5.0,2026-08-06T13:02:21+05:30
ABDL,616.38,TOUCHED,-1.09,below,609.65,616.38,618.6,620.83,616.38,0.719,60.0,0.076,0,2026-08-05,2026-08-06,False,False,5.0,2026-08-06T13:02:21+05:30
RKFORGE,702.58,TOUCHED,0.08,inside,703.15,702.58,702.58,704.52,700.65,0.55,60.0,0.048,0,2026-08-05,2026-08-06,False,False,5.0,2026-08-06T13:02:21+05:30
EIHOTEL,327.93,TOUCHED,-0.12,below,327.55,327.93,328.77,329.6,327.93,0.507,60.5,0.03,0,2026-08-04,2026-08-06,False,False,5.0,2026-08-06T13:02:21+05:30
TATACONSUM,1094.07,TOUCHED,0.24,above,1096.7,1094.07,1091.83,1094.07,1089.6,0.409,60.5,0.027,0,2026-08-05,2026-08-06,False,False,5.0,2026-08-06T13:02:21+05:30
CARBORUNIV,1084.43,TOUCHED,-0.0,inside,1084.4,1084.43,1084.43,1087.4,1081.47,0.547,60.8,0.029,0,2026-08-04,2026-08-06,False,False,5.0,2026-08-06T13:02:21+05:30
COLPAL,2028.3,TOUCHED,-0.05,below,2027.3,2028.3,2032.2,2036.1,2028.3,0.384,60.8,0.024,0,2026-08-05,2026-08-06,False,False,5.0,2026-08-06T13:02:21+05:30
CDSL,1337.55,TOUCHED,0.02,above,1337.8,1337.55,1333.87,1337.55,1330.18,0.552,61.4,0.036,0,2026-08-05,2026-08-06,False,False,5.0,2026-08-06T13:02:21+05:30
JUBLFOOD,481.5,TOUCHED,-0.22,below,480.45,481.5,482.67,483.83,481.5,0.483,61.4,0.018,0,2026-08-05,2026-08-06,False,False,5.0,2026-08-06T13:02:21+05:30
UNITDSPR,1526.67,TOUCHED,-0.12,inside,1524.9,1526.67,1526.67,1530.0,1523.33,0.437,61.4,0.035,0,2026-08-05,2026-08-06,False,False,5.0,2026-08-06T13:02:21+05:30
GABRIEL,1568.6,TOUCHED,-1.53,below,1544.6,1568.6,1574.97,1581.33,1568.6,0.808,61.6,0.033,0,2026-08-05,2026-08-06,False,False,5.0,2026-08-06T13:02:21+05:30
INDIGO,5412.5,TOUCHED,-1.06,below,5355.0,5412.5,5425.0,5437.5,5412.5,0.461,61.6,0.023,0,2026-08-05,2026-08-06,False,False,5.0,2026-08-06T13:02:21+05:30
SARDAEN,501.28,TOUCHED,-0.29,below,499.85,501.28,502.87,504.45,501.28,0.63,61.9,0.028,0,2026-08-05,2026-08-06,False,False,5.0,2026-08-06T13:02:21+05:30
KEC,478.37,TOUCHED,-0.02,inside,478.25,478.37,478.37,479.77,476.96,0.589,62.2,0.023,0,2026-08-05,2026-08-06,False,False,5.0,2026-08-06T13:02:21+05:30
NETWEB,4850.6,TOUCHED,0.44,inside,4871.9,4850.6,4850.6,4872.2,4829.0,0.891,62.7,0.054,0,2026-08-05,2026-08-06,False,False,5.0,2026-08-06T13:02:21+05:30
ASHOKLEY,176.52,TOUCHED,0.27,above,177.0,176.52,176.05,176.52,175.57,0.54,63.6,0.027,0,2026-08-05,2026-08-06,False,False,5.0,2026-08-06T13:02:21+05:30
IRFC,89.33,TOUCHED,0.04,inside,89.36,89.33,89.33,89.54,89.11,0.478,63.6,0.033,0,2026-08-05,2026-08-06,False,False,5.0,2026-08-06T13:02:21+05:30
PAGEIND,39921.67,TOUCHED,0.17,inside,39990.0,39921.67,39921.67,40007.5,39835.83,0.43,64.4,0.027,0,2026-08-04,2026-08-06,False,False,5.0,2026-08-06T13:02:21+05:30
PETRONET,281.43,TOUCHED,-0.44,below,280.2,281.43,282.07,282.7,281.43,0.449,64.7,0.025,0,2026-08-05,2026-08-06,False,False,5.0,2026-08-06T13:02:21+05:30
HSCL,751.53,TOUCHED,-0.14,below,750.45,751.53,754.1,756.67,751.53,0.683,65.2,0.035,0,2026-08-05,2026-08-06,False,False,5.0,2026-08-06T13:02:21+05:30
ANANDRATHI,2038.98,TOUCHED,-0.05,below,2037.9,2038.98,2043.97,2048.95,2038.98,0.488,65.5,0.022,0,2026-08-04,2026-08-06,False,False,5.0,2026-08-06T13:02:21+05:30
RBLBANK,388.62,TOUCHED,0.34,above,389.95,388.62,387.45,388.62,386.28,0.607,65.8,0.032,0,2026-08-05,2026-08-06,False,False,5.0,2026-08-06T13:02:21+05:30
CASTROLIND,192.49,TOUCHED,0.63,above,193.7,192.49,192.17,192.49,191.86,0.33,66.3,0.014,0,2026-08-05,2026-08-06,False,False,5.0,2026-08-06T13:02:21+05:30
LINDEINDIA,7116.27,TOUCHED,0.16,inside,7127.5,7116.27,7116.27,7136.4,7096.13,0.566,66.3,0.024,0,2026-08-05,2026-08-06,False,False,5.0,2026-08-06T13:02:21+05:30
SIEMENS,3990.82,TOUCHED,-0.53,below,3969.8,3990.82,4001.63,4012.45,3990.82,0.541,66.3,0.024,0,2026-08-05,2026-08-06,False,False,5.0,2026-08-06T13:02:21+05:30
SUNPHARMA,1951.1,TOUCHED,0.11,above,1953.3,1951.1,1947.4,1951.1,1943.7,0.38,66.3,0.02,0,2026-08-05,2026-08-06,False,False,5.0,2026-08-06T13:02:21+05:30
BALRAMCHIN,637.38,TOUCHED,-1.36,below,628.7,637.38,639.22,641.05,637.38,0.574,67.1,0.029,0,2026-08-05,2026-08-06,False,False,5.0,2026-08-06T13:02:21+05:30
NAM-INDIA,1201.5,TOUCHED,-0.67,below,1193.5,1201.5,1206.0,1210.5,1201.5,0.746,67.7,0.035,0,2026-08-05,2026-08-06,False,False,5.0,2026-08-06T13:02:21+05:30
ELGIEQUIP,587.93,TOUCHED,-0.01,inside,587.9,587.93,587.93,589.85,586.02,0.652,67.9,0.045,0,2026-08-05,2026-08-06,False,False,5.0,2026-08-06T13:02:21+05:30
MPHASIS,2437.35,TOUCHED,-0.67,below,2421.1,2437.35,2444.9,2452.45,2437.35,0.618,68.2,0.024,0,2026-08-05,2026-08-06,False,False,5.0,2026-08-06T13:02:21+05:30
REDINGTON,350.58,TOUCHED,0.06,inside,350.8,350.58,350.58,351.95,349.22,0.78,69.0,0.039,0,2026-08-05,2026-08-06,False,False,5.0,2026-08-06T13:02:21+05:30
SUPREMEIND,3471.15,TOUCHED,-0.14,below,3466.3,3471.15,3481.7,3492.25,3471.15,0.606,69.3,0.04,0,2026-08-05,2026-08-06,False,False,5.0,2026-08-06T13:02:21+05:30
HDFCLIFE,542.65,TOUCHED,-0.06,inside,542.3,542.65,542.65,543.82,541.47,0.433,69.9,0.018,0,2026-08-05,2026-08-06,False,False,5.0,2026-08-06T13:02:21+05:30
RVNL,231.29,TOUCHED,1.28,above,234.25,231.29,230.53,231.29,229.76,0.664,69.9,0.034,0,2026-08-05,2026-08-06,False,False,5.0,2026-08-06T13:02:21+05:30
CHENNPETRO,1310.27,TOUCHED,-1.52,below,1290.3,1310.27,1316.63,1323.0,1310.27,0.967,70.1,0.026,0,2026-08-05,2026-08-06,False,False,5.0,2026-08-06T13:02:21+05:30
USHAMART,516.57,TOUCHED,-0.03,inside,516.4,516.57,516.57,518.41,514.72,0.713,70.7,0.04,0,2026-08-05,2026-08-06,False,False,5.0,2026-08-06T13:02:21+05:30
BANKBARODA,247.72,TOUCHED,0.12,above,248.02,247.72,247.01,247.72,246.31,0.572,71.2,0.012,0,2026-08-05,2026-08-06,False,False,5.0,2026-08-06T13:02:21+05:30
VBL,441.03,TOUCHED,0.99,above,445.4,441.03,439.68,441.03,438.34,0.61,71.2,0.03,0,2026-08-05,2026-08-06,False,False,5.0,2026-08-06T13:02:21+05:30
360ONE,1183.33,TOUCHED,0.34,inside,1187.4,1183.33,1183.33,1187.67,1179.0,0.732,72.1,0.032,0,2026-08-05,2026-08-06,False,False,5.0,2026-08-06T13:02:21+05:30
SAIL,174.89,TOUCHED,1.25,above,177.07,174.89,174.27,174.89,173.66,0.704,72.3,0.026,0,2026-08-05,2026-08-06,False,False,5.0,2026-08-06T13:02:21+05:30
AFCONS,282.67,TOUCHED,-0.08,inside,282.45,282.67,282.67,283.55,281.78,0.625,72.6,0.024,0,2026-08-05,2026-08-06,False,False,5.0,2026-08-06T13:02:21+05:30
HFCL,208.97,TOUCHED,-0.84,below,207.22,208.97,210.06,211.14,208.97,1.035,72.6,0.028,0,2026-08-05,2026-08-06,False,False,5.0,2026-08-06T13:02:21+05:30
MOTILALOFS,868.15,TOUCHED,0.16,inside,869.5,868.15,868.15,871.73,864.58,0.824,72.6,0.045,0,2026-08-04,2026-08-06,False,False,5.0,2026-08-06T13:02:21+05:30
INDUSTOWER,387.04,TOUCHED,-0.22,below,386.2,387.04,388.23,389.42,387.04,0.614,72.9,0.022,0,2026-08-05,2026-08-06,False,False,5.0,2026-08-06T13:02:21+05:30
ABSLAMC,1006.2,TOUCHED,0.7,above,1013.2,1006.2,1002.67,1006.2,999.13,0.705,73.2,0.032,0,2026-08-04,2026-08-06,False,False,5.0,2026-08-06T13:02:21+05:30
ABB,7732.83,TOUCHED,0.03,inside,7735.5,7732.83,7732.83,7754.0,7711.67,0.547,73.4,0.023,0,2026-08-05,2026-08-06,False,False,5.0,2026-08-06T13:02:21+05:30
BERGEPAINT,543.48,TOUCHED,0.44,above,545.85,543.48,541.77,543.48,540.05,0.634,73.4,0.013,0,2026-08-05,2026-08-06,False,False,5.0,2026-08-06T13:02:21+05:30
ASTERDM,831.9,TOUCHED,3.55,above,861.45,831.9,829.1,831.9,826.3,0.675,73.7,0.028,0,2026-08-04,2026-08-06,False,False,5.0,2026-08-06T13:02:21+05:30
BEML,1693.35,TOUCHED,2.57,above,1736.9,1693.35,1686.1,1693.35,1678.85,0.86,73.7,0.028,0,2026-08-05,2026-08-06,False,False,5.0,2026-08-06T13:02:21+05:30
JIOFIN,264.45,TOUCHED,0.25,above,265.1,264.45,263.62,264.45,262.78,0.632,74.5,0.022,0,2026-08-05,2026-08-06,False,False,5.0,2026-08-06T13:02:21+05:30
ULTRACEMCO,12133.0,TOUCHED,-0.17,inside,12112.0,12133.0,12133.0,12161.5,12104.5,0.47,74.5,0.023,0,2026-08-05,2026-08-06,False,False,5.0,2026-08-06T13:02:21+05:30
FSL,334.95,TOUCHED,-2.69,below,325.95,334.95,336.45,337.95,334.95,0.892,74.8,0.034,0,2026-08-05,2026-08-06,False,False,5.0,2026-08-06T13:02:21+05:30
DRREDDY,1168.05,TOUCHED,-0.16,below,1166.2,1168.05,1170.7,1173.35,1168.05,0.453,75.1,0.015,0,2026-08-05,2026-08-06,False,False,5.0,2026-08-06T13:02:21+05:30
ONGC,240.82,TOUCHED,-1.63,below,236.9,240.82,241.44,242.06,240.82,0.512,75.3,0.029,0,2026-08-05,2026-08-06,False,False,5.0,2026-08-06T13:02:21+05:30
TATASTEEL,191.42,TOUCHED,-0.49,below,190.47,191.42,191.94,192.47,191.42,0.547,75.3,0.021,0,2026-08-05,2026-08-06,False,False,5.0,2026-08-06T13:02:21+05:30
ZENSARTECH,502.49,TOUCHED,-0.35,below,500.75,502.49,504.63,506.78,502.49,0.849,76.2,0.035,0,2026-08-05,2026-08-06,False,False,5.0,2026-08-06T13:02:21+05:30
PIIND,2794.58,TOUCHED,-0.36,below,2784.6,2794.58,2803.67,2812.75,2794.58,0.648,76.4,0.032,0,2026-08-04,2026-08-06,False,False,5.0,2026-08-06T13:02:21+05:30
HDBFS,676.9,TOUCHED,-0.15,below,675.9,676.9,678.55,680.2,676.9,0.486,77.0,0.022,0,2026-08-05,2026-08-06,False,False,5.0,2026-08-06T13:02:21+05:30
MANKIND,2446.17,TOUCHED,-0.35,below,2437.5,2446.17,2454.33,2462.5,2446.17,0.665,77.0,0.038,0,2026-08-04,2026-08-06,False,False,5.0,2026-08-06T13:02:21+05:30
OLAELEC,41.18,TOUCHED,1.19,above,41.67,41.18,40.92,41.18,40.66,1.271,77.0,0.073,0,2026-08-05,2026-08-06,False,False,5.0,2026-08-06T13:02:21+05:30
JYOTICNC,856.02,TOUCHED,0.16,inside,857.35,856.02,856.02,860.08,851.96,0.948,77.3,0.027,0,2026-08-04,2026-08-06,False,False,5.0,2026-08-06T13:02:21+05:30
PRESTIGE,1601.83,TOUCHED,-0.99,below,1586.0,1601.83,1608.67,1615.5,1601.83,0.85,77.3,0.055,0,2026-08-04,2026-08-06,False,False,5.0,2026-08-06T13:02:21+05:30
KARURVYSYA,340.18,TOUCHED,-0.19,inside,339.55,340.18,340.18,341.45,338.92,0.745,78.1,0.038,0,2026-08-05,2026-08-06,False,False,5.0,2026-08-06T13:02:21+05:30
TVSMOTOR,4410.1,TOUCHED,-0.51,below,4387.5,4410.1,4425.13,4440.17,4410.1,0.679,78.1,0.019,0,2026-08-05,2026-08-06,False,False,5.0,2026-08-06T13:02:21+05:30
MUTHOOTFIN,2912.2,TOUCHED,-0.28,inside,2904.0,2912.2,2912.2,2922.3,2902.1,0.694,78.4,0.04,0,2026-08-05,2026-08-06,False,False,5.0,2026-08-06T13:02:21+05:30
NEWGEN,559.2,TOUCHED,-2.57,below,544.85,559.2,561.85,564.5,559.2,0.943,78.4,0.034,0,2026-08-05,2026-08-06,False,False,5.0,2026-08-06T13:02:21+05:30
PPLPHARMA,205.91,TOUCHED,1.26,above,208.51,205.91,205.05,205.91,204.18,0.845,78.4,0.044,0,2026-08-05,2026-08-06,False,False,5.0,2026-08-06T13:02:21+05:30
TATAINVEST,673.0,TOUCHED,-0.89,below,667.0,673.0,675.5,678.0,673.0,0.74,78.4,0.023,0,2026-08-05,2026-08-06,False,False,5.0,2026-08-06T13:02:21+05:30
JINDALSTEL,1112.7,TOUCHED,-0.82,below,1103.6,1112.7,1116.47,1120.23,1112.7,0.675,78.6,0.034,0,2026-08-04,2026-08-06,False,False,5.0,2026-08-06T13:02:21+05:30
BDL,1258.0,TOUCHED,3.1,above,1297.0,1258.0,1252.0,1258.0,1246.0,0.958,78.9,0.049,0,2026-08-05,2026-08-06,False,False,5.0,2026-08-06T13:02:21+05:30
LTM,4521.62,TOUCHED,-0.97,below,4477.7,4521.62,4537.23,4552.85,4521.62,0.688,79.2,0.032,0,2026-08-05,2026-08-06,False,False,5.0,2026-08-06T13:02:21+05:30
SBIN,1052.55,TOUCHED,0.57,above,1058.5,1052.55,1050.1,1052.55,1047.65,0.467,79.2,0.011,0,2026-08-05,2026-08-06,False,False,5.0,2026-08-06T13:02:21+05:30
ACE,1123.8,TOUCHED,-0.34,below,1120.0,1123.8,1128.47,1133.13,1123.8,0.827,79.5,0.049,0,2026-08-05,2026-08-06,False,False,5.0,2026-08-06T13:02:21+05:30
VIJAYA,1379.38,TOUCHED,0.18,above,1381.9,1379.38,1373.67,1379.38,1367.95,0.832,79.5,0.036,0,2026-08-04,2026-08-06,False,False,5.0,2026-08-06T13:02:21+05:30
CONCORDBIO,1392.0,TOUCHED,-0.78,below,1381.2,1392.0,1399.0,1406.0,1392.0,1.001,80.0,0.022,0,2026-08-05,2026-08-06,False,False,5.0,2026-08-06T13:02:21+05:30
LEMONTREE,113.15,TOUCHED,-0.02,below,113.13,113.15,113.62,114.09,113.15,0.827,80.0,0.029,0,2026-08-05,2026-08-06,False,False,5.0,2026-08-06T13:02:21+05:30
DMART,3958.08,TOUCHED,-0.07,below,3955.5,3958.08,3970.17,3982.25,3958.08,0.609,80.3,0.028,0,2026-08-05,2026-08-06,False,False,5.0,2026-08-06T13:02:21+05:30
CIEINDIA,413.6,TOUCHED,0.34,inside,415.0,413.6,413.6,415.1,412.1,0.725,80.5,0.029,0,2026-08-04,2026-08-06,False,False,5.0,2026-08-06T13:02:21+05:30
DABUR,412.82,TOUCHED,0.24,above,413.8,412.82,411.65,412.82,410.47,0.571,80.8,0.035,0,2026-08-05,2026-08-06,False,False,5.0,2026-08-06T13:02:21+05:30
ASAHIINDIA,914.4,TOUCHED,-2.47,below,891.85,914.4,918.5,922.6,914.4,0.893,81.1,0.045,0,2026-08-05,2026-08-06,False,False,5.0,2026-08-06T13:02:21+05:30
SYNGENE,405.7,TOUCHED,-1.06,below,401.4,405.7,407.2,408.7,405.7,0.737,81.1,0.025,0,2026-08-04,2026-08-06,False,False,5.0,2026-08-06T13:02:21+05:30
AUBANK,1055.03,TOUCHED,3.43,above,1091.2,1055.03,1051.07,1055.03,1047.1,0.755,81.4,0.016,0,2026-08-04,2026-08-06,False,False,5.0,2026-08-06T13:02:21+05:30
GAIL,176.39,TOUCHED,0.15,above,176.65,176.39,175.82,176.39,175.25,0.648,81.4,0.015,0,2026-08-05,2026-08-06,False,False,5.0,2026-08-06T13:02:21+05:30
GLENMARK,2250.25,TOUCHED,0.71,above,2266.2,2250.25,2241.5,2250.25,2232.75,0.781,81.9,0.036,0,2026-08-05,2026-08-06,False,False,5.0,2026-08-06T13:02:21+05:30
DLF,651.87,TOUCHED,-1.11,below,644.6,651.87,654.63,657.4,651.87,0.845,82.2,0.033,0,2026-08-05,2026-08-06,False,False,5.0,2026-08-06T13:02:21+05:30
LTF,319.77,TOUCHED,-0.38,below,318.55,319.77,321.15,322.52,319.77,0.856,82.2,0.028,0,2026-08-05,2026-08-06,False,False,5.0,2026-08-06T13:02:21+05:30
JMFINANCIL,128.19,TOUCHED,0.14,above,128.37,128.19,127.5,128.19,126.81,1.082,82.5,0.046,0,2026-08-05,2026-08-06,False,False,5.0,2026-08-06T13:02:21+05:30
HEROMOTOCO,5630.0,TOUCHED,-0.37,below,5609.0,5630.0,5650.0,5670.0,5630.0,0.708,82.7,0.017,0,2026-08-05,2026-08-06,False,False,5.0,2026-08-06T13:02:21+05:30
TCS,2420.15,TOUCHED,-1.13,below,2392.9,2420.15,2427.3,2434.45,2420.15,0.589,82.7,0.029,0,2026-08-05,2026-08-06,False,False,5.0,2026-08-06T13:02:21+05:30
CHOLAHLDNG,1596.07,TOUCHED,2.72,above,1639.5,1596.07,1588.43,1596.07,1580.8,0.961,83.0,0.026,0,2026-08-05,2026-08-06,False,False,5.0,2026-08-06T13:02:21+05:30
AUROPHARMA,1601.8,TOUCHED,-0.17,inside,1599.1,1601.8,1601.8,1607.6,1596.0,0.724,83.3,0.038,0,2026-08-05,2026-08-06,False,False,5.0,2026-08-06T13:02:21+05:30
KALYANKJIL,572.44,TOUCHED,-0.22,below,571.2,572.44,575.38,578.33,572.44,1.023,83.6,0.039,0,2026-08-05,2026-08-06,False,False,5.0,2026-08-06T13:02:21+05:30
KOTAKBANK,396.93,TOUCHED,-0.18,below,396.2,396.93,397.95,398.98,396.93,0.515,84.4,0.024,0,2026-08-05,2026-08-06,False,False,5.0,2026-08-06T13:02:21+05:30
TBOTEK,1639.5,TOUCHED,-0.02,below,1639.1,1639.5,1648.83,1658.17,1639.5,1.132,84.4,0.033,0,2026-08-05,2026-08-06,False,False,5.0,2026-08-06T13:02:21+05:30
ALKEM,5625.0,TOUCHED,-0.26,below,5610.5,5625.0,5642.0,5659.0,5625.0,0.603,84.7,0.026,0,2026-08-04,2026-08-06,False,False,5.0,2026-08-06T13:02:21+05:30
ATHERENERG,1451.77,TOUCHED,0.41,inside,1457.7,1451.77,1451.77,1461.28,1442.25,1.311,84.8,0.058,0,2026-08-05,2026-08-06,False,False,5.0,2026-08-06T13:02:21+05:30
PIRAMALFIN,2112.0,TOUCHED,0.25,inside,2117.3,2112.0,2112.0,2124.3,2099.7,1.165,85.0,0.056,0,2026-08-05,2026-08-06,False,False,5.0,2026-08-06T13:02:21+05:30
INDGN,545.12,TOUCHED,0.25,inside,546.5,545.12,545.12,547.52,542.71,0.884,85.2,0.022,0,2026-08-05,2026-08-06,False,False,5.0,2026-08-06T13:02:21+05:30
CANHLIFE,150.76,TOUCHED,0.98,above,152.23,150.76,150.06,150.76,149.36,0.931,85.4,0.016,0,2026-08-04,2026-08-06,False,False,5.0,2026-08-06T13:02:21+05:30
BBTC,1512.15,TOUCHED,-0.49,below,1504.8,1512.15,1518.6,1525.05,1512.15,0.849,85.8,0.032,0,2026-08-04,2026-08-06,False,False,5.0,2026-08-06T13:02:21+05:30
LALPATHLAB,1913.05,TOUCHED,1.25,above,1937.0,1913.05,1905.17,1913.05,1897.28,0.828,86.8,0.044,0,2026-08-04,2026-08-06,False,False,5.0,2026-08-06T13:02:21+05:30
URBANCO,143.44,TOUCHED,-1.37,below,141.48,143.44,144.33,145.22,143.44,1.233,86.9,0.045,0,2026-08-05,2026-08-06,False,False,5.0,2026-08-06T13:02:21+05:30
CONCOR,518.39,TOUCHED,-0.7,below,514.75,518.39,520.43,522.47,518.39,0.785,87.7,0.034,0,2026-08-05,2026-08-06,False,False,5.0,2026-08-06T13:02:21+05:30
NTPC,346.32,TOUCHED,-0.64,below,344.1,346.32,347.52,348.71,346.32,0.686,89.3,0.016,0,2026-08-05,2026-08-06,False,False,5.0,2026-08-06T13:02:21+05:30
AEGISVOPAK,290.03,TOUCHED,0.8,above,292.35,290.03,287.97,290.03,285.91,1.43,89.5,0.039,0,2026-08-05,2026-08-06,False,False,5.0,2026-08-06T13:02:21+05:30
BANDHANBNK,173.31,TOUCHED,1.14,above,175.28,173.31,172.36,173.31,171.41,1.1,89.6,0.027,0,2026-08-05,2026-08-06,False,False,5.0,2026-08-06T13:02:21+05:30
THERMAX,4037.17,TOUCHED,-0.8,below,4005.0,4037.17,4059.33,4081.5,4037.17,1.092,89.9,0.019,0,2026-08-04,2026-08-06,False,False,5.0,2026-08-06T13:02:21+05:30
PGEL,607.85,TOUCHED,-0.22,below,606.5,607.85,612.7,617.55,607.85,1.583,91.0,0.054,0,2026-08-05,2026-08-06,False,False,5.0,2026-08-06T13:02:21+05:30
DOMS,2241.38,TOUCHED,0.27,above,2247.5,2241.38,2229.67,2241.38,2217.95,1.051,91.2,0.027,0,2026-08-04,2026-08-06,False,False,5.0,2026-08-06T13:02:21+05:30
JPPOWER,18.47,TOUCHED,-0.48,below,18.38,18.47,18.62,18.77,18.47,1.594,91.8,0.037,0,2026-08-05,2026-08-06,False,False,5.0,2026-08-06T13:02:21+05:30
TRAVELFOOD,1349.2,TOUCHED,0.36,inside,1354.1,1349.2,1349.2,1357.65,1340.75,1.253,92.5,0.031,0,2026-08-04,2026-08-06,False,False,5.0,2026-08-06T13:02:21+05:30
FLUOROCHEM,4561.27,TOUCHED,0.48,inside,4583.0,4561.27,4561.27,4587.03,4535.5,1.13,92.6,0.022,0,2026-08-04,2026-08-06,False,False,5.0,2026-08-06T13:02:21+05:30
VEDL,273.93,TOUCHED,0.43,inside,275.1,273.93,273.93,275.47,272.4,1.119,92.9,0.028,0,2026-08-05,2026-08-06,False,False,5.0,2026-08-06T13:02:21+05:30
MAPMYINDIA,1061.23,TOUCHED,-0.0,inside,1061.2,1061.23,1061.23,1068.65,1053.82,1.398,93.2,0.027,0,2026-08-05,2026-08-06,False,False,5.0,2026-08-06T13:02:21+05:30
DEVYANI,124.24,TOUCHED,0.82,above,125.26,124.24,123.4,124.24,122.56,1.37,94.0,0.04,0,2026-08-05,2026-08-06,False,False,5.0,2026-08-06T13:02:21+05:30
GRAPHITE,724.8,TOUCHED,0.08,above,725.4,724.8,719.58,724.8,714.37,1.45,94.0,0.024,0,2026-08-05,2026-08-06,False,False,5.0,2026-08-06T13:02:21+05:30
HINDALCO,1025.65,TOUCHED,-0.64,below,1019.05,1025.65,1030.43,1035.22,1025.65,0.928,94.0,0.011,0,2026-08-05,2026-08-06,False,False,5.0,2026-08-06T13:02:21+05:30
SAPPHIRE,199.32,TOUCHED,0.38,inside,200.07,199.32,199.32,200.92,197.72,1.605,94.2,0.05,0,2026-08-05,2026-08-06,False,False,5.0,2026-08-06T13:02:21+05:30
ENGINERSIN,238.24,TOUCHED,2.15,above,243.35,238.24,236.21,238.24,234.17,1.72,95.9,0.038,0,2026-08-05,2026-08-06,False,False,5.0,2026-08-06T13:02:21+05:30
SONATSOFTW,340.77,TOUCHED,-1.02,below,337.3,340.77,344.03,347.3,340.77,1.899,95.9,0.033,0,2026-08-05,2026-08-06,False,False,5.0,2026-08-06T13:02:21+05:30
TENNIND,566.35,TOUCHED,-2.55,below,551.9,566.35,571.13,575.92,566.35,1.675,96.1,0.017,0,2026-08-05,2026-08-06,False,False,5.0,2026-08-06T13:02:21+05:30
IPCALAB,1741.83,TOUCHED,-0.39,inside,1735.1,1741.83,1741.83,1753.42,1730.25,1.33,96.2,0.032,0,2026-08-05,2026-08-06,False,False,5.0,2026-08-06T13:02:21+05:30
TMPV,349.80,V+N,-1.27,below,345.35,349.8,349.8,349.8,349.8,0.0,1.6,0.02,1,2026-08-05,2026-08-06,True,True,5.0,2026-08-06T15:57:19+05:30
ECLERX,1917.25,V+N,-2.34,below,1872.4,1917.25,1917.43,1917.62,1917.25,0.019,3.6,0.038,1,2026-08-05,2026-08-06,True,True,5.0,2026-08-06T15:57:19+05:30
GODREJCP,1068.92,V+N,0.78,above,1077.3,1068.92,1068.83,1068.92,1068.75,0.016,3.6,0.023,1,2026-08-05,2026-08-06,True,True,5.0,2026-08-06T15:57:19+05:30
ZYDUSWELL,534.95,V+W,-0.64,below,531.5,534.95,539.5,544.05,534.95,1.687,97.5,0.034,1,2026-08-05,2026-08-06,True,False,5.0,2026-08-06T15:57:19+05:30
NHPC,79.17,V+W,-2.11,below,77.5,79.17,79.74,80.31,79.17,1.426,97.8,0.035,1,2026-08-05,2026-08-06,True,False,5.0,2026-08-06T15:57:19+05:30
BHARTIHEXA,1565.38,V+W,-3.25,below,1514.5,1565.38,1578.07,1590.75,1565.38,1.607,98.6,0.038,1,2026-08-05,2026-08-06,True,False,5.0,2026-08-06T15:57:19+05:30
ICICIGI,1694.93,V+W,-2.18,below,1658.0,1694.93,1705.87,1716.8,1694.93,1.282,98.6,0.024,1,2026-08-05,2026-08-06,True,False,5.0,2026-08-06T15:57:19+05:30
TIMKEN,3281.82,V+W,1.87,above,3343.1,3281.82,3254.23,3281.82,3226.65,1.695,98.6,0.05,1,2026-08-05,2026-08-06,True,False,5.0,2026-08-06T15:57:19+05:30
POWERINDIA,32352.50,V,-1.4,below,31900.0,32352.5,32368.33,32384.17,32352.5,0.098,9.9,0.055,1,2026-08-05,2026-08-06,True,False,5.0,2026-08-06T15:57:19+05:30
ITC,286.75,V,-0.3,below,285.9,286.75,286.82,286.88,286.75,0.046,13.2,0.021,1,2026-08-05,2026-08-06,True,False,5.0,2026-08-06T15:57:19+05:30
HAL,4642.78,V,6.28,above,4934.3,4642.78,4640.57,4642.78,4638.35,0.096,15.3,0.038,1,2026-08-05,2026-08-06,True,False,5.0,2026-08-06T15:57:19+05:30
M&M,3457.07,V,-1.03,below,3421.3,3457.07,3458.73,3460.4,3457.07,0.096,16.4,0.026,1,2026-08-05,2026-08-06,True,False,5.0,2026-08-06T15:57:19+05:30
ELECON,436.98,V,3.08,above,450.45,436.98,436.42,436.98,435.86,0.256,20.8,0.036,1,2026-08-05,2026-08-06,True,False,5.0,2026-08-06T15:57:19+05:30
ADANIENSOL,1643.72,V,-1.44,below,1620.0,1643.72,1645.43,1647.15,1643.72,0.209,21.4,0.03,1,2026-08-05,2026-08-06,True,False,5.0,2026-08-06T15:57:19+05:30
BLUEDART,5297.33,V,-3.49,below,5112.5,5297.33,5301.17,5305.0,5297.33,0.145,22.5,0.017,1,2026-08-05,2026-08-06,True,False,5.0,2026-08-06T15:57:19+05:30
PFC,418.40,V,-0.1,below,418.0,418.4,418.8,419.2,418.4,0.191,24.4,0.036,1,2026-08-05,2026-08-06,True,False,5.0,2026-08-06T15:57:19+05:30
IRB,20.11,V,-0.88,below,19.93,20.11,20.12,20.14,20.11,0.166,26.6,0.039,1,2026-08-05,2026-08-06,True,False,5.0,2026-08-06T15:57:19+05:30
NAVINFLUOR,7640.00,V,13.22,above,8650.0,7640.0,7629.83,7640.0,7619.67,0.266,27.1,0.045,1,2026-08-05,2026-08-06,True,False,5.0,2026-08-06T15:57:19+05:30
STARHEALTH,588.81,V,-2.36,below,574.9,588.81,589.52,590.22,588.81,0.24,31.2,0.026,1,2026-08-05,2026-08-06,True,False,5.0,2026-08-06T15:57:19+05:30
ACMESOLAR,383.01,V,-1.97,below,375.45,383.01,383.77,384.52,383.01,0.395,35.1,0.05,1,2026-08-05,2026-08-06,True,False,5.0,2026-08-06T15:57:19+05:30
ENRIN,3295.72,V,-1.32,below,3252.2,3295.72,3301.63,3307.55,3295.72,0.358,39.9,0.026,1,2026-08-05,2026-08-06,True,False,5.0,2026-08-06T15:57:19+05:30
MEESHO,190.19,V,-2.11,below,186.17,190.19,190.62,191.06,190.19,0.458,42.7,0.025,1,2026-08-05,2026-08-06,True,False,5.0,2026-08-06T15:57:19+05:30
LICI,391.62,V,-1.04,below,387.55,391.62,392.08,392.54,391.62,0.234,44.7,0.031,1,2026-08-05,2026-08-06,True,False,5.0,2026-08-06T15:57:19+05:30
EMAMILTD,401.68,V,1.82,above,409.0,401.68,401.0,401.68,400.32,0.337,45.8,0.022,1,2026-08-05,2026-08-06,True,False,5.0,2026-08-06T15:57:19+05:30
DATAPATTNS,4461.07,V,-1.53,below,4392.6,4461.07,4475.53,4490.0,4461.07,0.646,47.7,0.075,1,2026-08-05,2026-08-06,True,False,5.0,2026-08-06T15:57:19+05:30
CIPLA,1456.95,V,1.38,above,1477.0,1456.95,1455.1,1456.95,1453.25,0.254,51.0,0.022,1,2026-08-05,2026-08-06,True,False,5.0,2026-08-06T15:57:19+05:30
FEDERALBNK,356.99,V,-0.96,below,353.55,356.99,357.53,358.08,356.99,0.303,51.2,0.026,1,2026-08-05,2026-08-06,True,False,5.0,2026-08-06T15:57:19+05:30
NIACL,182.49,V,-1.95,below,178.93,182.49,182.91,183.34,182.49,0.463,54.2,0.032,1,2026-08-05,2026-08-06,True,False,5.0,2026-08-06T15:57:19+05:30
CEMPRO,1302.68,V,-4.37,below,1245.8,1302.68,1307.17,1311.65,1302.68,0.686,56.4,0.044,1,2026-08-05,2026-08-06,True,False,5.0,2026-08-06T15:57:19+05:30
BIKAJI,651.59,V,-4.2,below,624.25,651.59,652.88,654.18,651.59,0.396,57.3,0.019,1,2026-08-05,2026-08-06,True,False,5.0,2026-08-06T15:57:19+05:30
NEULANDLAB,19892.33,V,8.3,above,21543.0,19892.33,19828.67,19892.33,19765.0,0.642,57.5,0.03,1,2026-08-05,2026-08-06,True,False,5.0,2026-08-06T15:57:19+05:30
POWERGRID,282.24,V,-4.07,below,270.75,282.24,282.73,283.23,282.24,0.348,58.1,0.017,1,2026-08-05,2026-08-06,True,False,5.0,2026-08-06T15:57:19+05:30
CESC,163.93,V,-0.88,below,162.48,163.93,164.34,164.75,163.93,0.499,58.6,0.037,1,2026-08-05,2026-08-06,True,False,5.0,2026-08-06T15:57:19+05:30
APLAPOLLO,1944.10,V,0.05,above,1945.0,1944.1,1939.7,1944.1,1935.3,0.454,61.9,0.017,1,2026-08-05,2026-08-06,True,False,5.0,2026-08-06T15:57:19+05:30
NYKAA,336.18,V,-1.26,below,331.95,336.18,337.02,337.85,336.18,0.495,62.5,0.027,1,2026-08-05,2026-08-06,True,False,5.0,2026-08-06T15:57:19+05:30
PNBHOUSING,1118.43,V,2.82,above,1150.0,1118.43,1115.27,1118.43,1112.1,0.568,65.8,0.027,1,2026-08-05,2026-08-06,True,False,5.0,2026-08-06T15:57:19+05:30
BSE,3548.75,V,-3.21,below,3435.0,3548.75,3562.9,3577.05,3548.75,0.794,66.0,0.022,1,2026-08-05,2026-08-06,True,False,5.0,2026-08-06T15:57:19+05:30
NMDC,85.57,V,0.74,above,86.2,85.57,85.34,85.57,85.11,0.539,67.4,0.028,1,2026-08-05,2026-08-06,True,False,5.0,2026-08-06T15:57:19+05:30
TEJASNET,529.78,V,-1.41,below,522.3,529.78,531.97,534.15,529.78,0.821,68.2,0.042,1,2026-08-05,2026-08-06,True,False,5.0,2026-08-06T15:57:19+05:30
AIIL,568.03,V,4.96,above,596.2,568.03,565.57,568.03,563.1,0.872,70.4,0.044,1,2026-08-05,2026-08-06,True,False,5.0,2026-08-06T15:57:19+05:30
ICICIBANK,1447.70,V,0.68,above,1457.5,1447.7,1445.3,1447.7,1442.9,0.332,70.4,0.023,1,2026-08-05,2026-08-06,True,False,5.0,2026-08-06T15:57:19+05:30
WELCORP,1781.68,V,2.57,above,1827.5,1781.68,1775.27,1781.68,1768.85,0.723,71.0,0.051,1,2026-08-05,2026-08-06,True,False,5.0,2026-08-06T15:57:19+05:30
BHARTIARTL,1982.47,V,-1.74,below,1948.0,1982.47,1986.93,1991.4,1982.47,0.45,74.0,0.014,1,2026-08-05,2026-08-06,True,False,5.0,2026-08-06T15:57:19+05:30
GODIGIT,281.35,V,-4.0,below,270.1,281.35,282.3,283.25,281.35,0.673,77.8,0.029,1,2026-08-05,2026-08-06,True,False,5.0,2026-08-06T15:57:19+05:30
GMDCLTD,576.83,V,3.45,above,596.75,576.83,573.75,576.83,570.67,1.072,78.1,0.063,1,2026-08-05,2026-08-06,True,False,5.0,2026-08-06T15:57:19+05:30
OLECTRA,1392.43,V,0.8,above,1403.6,1392.43,1385.47,1392.43,1378.5,1.006,80.3,0.034,1,2026-08-05,2026-08-06,True,False,5.0,2026-08-06T15:57:19+05:30
SHRIRAMFIN,1117.45,V,2.11,above,1141.0,1117.45,1112.5,1117.45,1107.55,0.89,81.6,0.038,1,2026-08-05,2026-08-06,True,False,5.0,2026-08-06T15:57:19+05:30
CGCL,237.17,V,1.64,above,241.07,237.17,236.04,237.17,234.92,0.956,82.7,0.053,1,2026-08-05,2026-08-06,True,False,5.0,2026-08-06T15:57:19+05:30
TATACAP,370.51,V,3.29,above,382.7,370.51,369.12,370.51,367.73,0.754,84.8,0.016,1,2026-08-05,2026-08-06,True,False,5.0,2026-08-06T15:57:19+05:30
NESTLEIND,1515.45,V,1.29,above,1535.0,1515.45,1510.9,1515.45,1506.35,0.602,85.2,0.033,1,2026-08-05,2026-08-06,True,False,5.0,2026-08-06T15:57:19+05:30
SHREECEM,26980.00,V,-2.72,below,26245.0,26980.0,27060.0,27140.0,26980.0,0.591,85.2,0.013,1,2026-08-05,2026-08-06,True,False,5.0,2026-08-06T15:57:19+05:30
GESHIP,1412.83,V,-4.24,below,1352.9,1412.83,1420.97,1429.1,1412.83,1.145,90.4,0.043,1,2026-08-05,2026-08-06,True,False,5.0,2026-08-06T15:57:19+05:30
M&MFIN,398.38,NARROW,-2.4,below,388.8,398.38,398.38,398.39,398.38,0.004,1.6,0.037,0,2026-08-05,2026-08-06,False,True,5.0,2026-08-06T15:57:19+05:30
BPCL,326.27,NARROW,-0.79,below,323.7,326.27,326.28,326.3,326.27,0.01,1.9,0.021,0,2026-08-05,2026-08-06,False,True,5.0,2026-08-06T15:57:19+05:30
HEG,686.05,NARROW,-0.14,below,685.1,686.05,686.1,686.15,686.05,0.015,2.2,0.045,0,2026-08-05,2026-08-06,False,True,5.0,2026-08-06T15:57:19+05:30
JSWENERGY,565.98,NARROW,-0.79,below,561.5,565.98,565.98,565.99,565.98,0.003,2.2,0.021,0,2026-08-05,2026-08-06,False,True,5.0,2026-08-06T15:57:19+05:30
ASTRAL,1434.63,NARROW,0.51,above,1442.0,1434.63,1434.57,1434.63,1434.5,0.009,2.5,0.032,0,2026-08-05,2026-08-06,False,True,5.0,2026-08-06T15:57:19+05:30
DIVISLAB,8387.00,NARROW,-0.45,below,8349.0,8387.0,8387.33,8387.67,8387.0,0.008,2.5,0.021,0,2026-08-05,2026-08-06,False,True,5.0,2026-08-06T15:57:19+05:30
JUBLPHARMA,924.80,NARROW,0.16,above,926.25,924.8,924.77,924.8,924.73,0.007,2.7,0.019,0,2026-08-05,2026-08-06,False,True,5.0,2026-08-06T15:57:19+05:30
FINCABLES,1003.45,NARROW,3.12,above,1034.75,1003.45,1003.42,1003.45,1003.38,0.007,3.0,0.019,0,2026-08-05,2026-08-06,False,True,5.0,2026-08-06T15:57:19+05:30
KPIL,1283.60,NARROW,0.82,above,1294.1,1283.6,1283.4,1283.6,1283.2,0.031,3.0,0.043,0,2026-08-05,2026-08-06,False,True,5.0,2026-08-06T15:57:19+05:30
MRF,134362.50,NARROW,-0.32,below,133930.0,134362.5,134376.67,134390.83,134362.5,0.021,3.0,0.034,0,2026-08-05,2026-08-06,False,True,5.0,2026-08-06T15:57:19+05:30
EMMVEE,324.58,NARROW,1.1,above,328.15,324.58,324.57,324.58,324.55,0.01,3.3,0.04,0,2026-08-05,2026-08-06,False,True,5.0,2026-08-06T15:57:19+05:30
GODREJPROP,2099.27,NARROW,-0.83,below,2081.9,2099.27,2099.53,2099.8,2099.27,0.025,3.6,0.045,0,2026-08-05,2026-08-06,False,True,5.0,2026-08-06T15:57:19+05:30
UTIAMC,901.30,NARROW,-0.11,below,900.3,901.3,901.42,901.53,901.3,0.026,3.6,0.043,0,2026-08-05,2026-08-06,False,True,5.0,2026-08-06T15:57:19+05:30
ERIS,1375.50,NARROW,0.54,above,1382.9,1375.5,1375.37,1375.5,1375.23,0.019,3.8,0.031,0,2026-08-05,2026-08-06,False,True,5.0,2026-08-06T15:57:19+05:30
HDFCAMC,2561.20,NARROW,-0.9,below,2538.1,2561.2,2561.47,2561.73,2561.2,0.021,3.8,0.024,0,2026-08-05,2026-08-06,False,True,5.0,2026-08-06T15:57:19+05:30
HONASA,459.95,NARROW,1.24,above,465.65,459.95,459.85,459.95,459.75,0.043,3.8,0.054,0,2026-08-05,2026-08-06,False,True,5.0,2026-08-06T15:57:19+05:30
SCHNEIDER,1352.25,NARROW,-1.26,below,1335.2,1352.25,1352.33,1352.42,1352.25,0.012,3.8,0.027,0,2026-08-05,2026-08-06,False,True,5.0,2026-08-06T15:57:19+05:30
SWIGGY,289.94,NARROW,-0.45,below,288.65,289.94,289.98,290.03,289.94,0.029,3.8,0.045,0,2026-08-05,2026-08-06,False,True,5.0,2026-08-06T15:57:19+05:30
UBL,1413.10,NARROW,0.16,above,1415.3,1413.1,1412.93,1413.1,1412.77,0.024,4.1,0.026,0,2026-08-05,2026-08-06,False,True,5.0,2026-08-06T15:57:19+05:30
FORTIS,925.12,NARROW,-0.55,below,920.0,925.12,925.25,925.38,925.12,0.027,4.4,0.031,0,2026-08-05,2026-08-06,False,True,5.0,2026-08-06T15:57:19+05:30
THELEELA,502.17,NARROW,1.76,above,511.0,502.17,502.1,502.17,502.02,0.03,4.4,0.032,0,2026-08-05,2026-08-06,False,True,5.0,2026-08-06T15:57:19+05:30
JINDALSAW,265.70,NARROW,0.02,inside,265.75,265.7,265.7,265.75,265.65,0.038,4.7,0.04,0,2026-08-05,2026-08-06,False,True,5.0,2026-08-06T15:57:19+05:30
MAHABANK,79.22,NARROW,-1.32,below,78.17,79.22,79.23,79.25,79.22,0.042,4.9,0.042,0,2026-08-05,2026-08-06,False,True,5.0,2026-08-06T15:57:19+05:30
HINDCOPPER,528.32,WIDE,3.34,above,545.95,528.32,522.83,528.32,517.35,2.098,97.5,0.036,0,2026-08-05,2026-08-06,False,False,5.0,2026-08-06T15:57:19+05:30
HINDZINC,587.82,WIDE,0.37,inside,590.0,587.82,587.82,592.38,583.25,1.554,98.1,0.038,0,2026-08-05,2026-08-06,False,False,5.0,2026-08-06T15:57:19+05:30
JSWSTEEL,1315.23,WIDE,-0.56,inside,1307.9,1315.23,1315.23,1322.62,1307.85,1.123,98.1,0.024,0,2026-08-05,2026-08-06,False,False,5.0,2026-08-06T15:57:19+05:30
PIDILITIND,1656.48,WIDE,1.78,above,1686.0,1656.48,1647.97,1656.48,1639.45,1.034,98.1,0.026,0,2026-08-05,2026-08-06,False,False,5.0,2026-08-06T15:57:19+05:30
ZEEL,95.63,WIDE,-3.2,below,92.57,95.63,96.71,97.79,95.63,2.237,98.4,0.045,0,2026-08-05,2026-08-06,False,False,5.0,2026-08-06T15:57:19+05:30
DEEPAKNTR,1751.67,WIDE,-0.07,below,1750.4,1751.67,1766.63,1781.6,1751.67,1.694,98.6,0.029,0,2026-08-05,2026-08-06,False,False,5.0,2026-08-06T15:57:19+05:30
ADANIPORTS,1699.40,TOUCHED,-0.26,below,1695.0,1699.4,1699.6,1699.8,1699.4,0.024,5.2,0.021,0,2026-08-05,2026-08-06,False,False,5.0,2026-08-06T15:57:19+05:30
ADANIPOWER,209.05,TOUCHED,-0.2,below,208.63,209.05,209.11,209.17,209.05,0.056,5.2,0.053,0,2026-08-05,2026-08-06,False,False,5.0,2026-08-06T15:57:19+05:30
GODFRYPHLP,2323.50,TOUCHED,-1.44,below,2290.0,2323.5,2324.0,2324.5,2323.5,0.043,5.2,0.041,0,2026-08-05,2026-08-06,False,False,5.0,2026-08-06T15:57:19+05:30
IRCTC,510.16,TOUCHED,2.02,above,520.45,510.16,510.07,510.16,509.98,0.036,5.2,0.033,0,2026-08-05,2026-08-06,False,False,5.0,2026-08-06T15:57:19+05:30
YESBANK,22.97,TOUCHED,-1.28,below,22.68,22.97,22.98,22.98,22.97,0.044,5.5,0.04,0,2026-08-05,2026-08-06,False,False,5.0,2026-08-06T15:57:19+05:30
CANFINHOME,811.66,TOUCHED,-0.42,below,808.25,811.66,811.82,811.98,811.66,0.039,5.8,0.021,0,2026-08-05,2026-08-06,False,False,5.0,2026-08-06T15:57:19+05:30
GPIL,246.38,TOUCHED,-0.11,below,246.11,246.38,246.42,246.46,246.38,0.037,5.8,0.023,0,2026-08-05,2026-08-06,False,False,5.0,2026-08-06T15:57:19+05:30
PTCIL,18105.50,TOUCHED,0.64,above,18221.0,18105.5,18101.0,18105.5,18096.5,0.05,5.8,0.028,0,2026-08-05,2026-08-06,False,False,5.0,2026-08-06T15:57:19+05:30
CPPLUS,3553.80,TOUCHED,2.88,above,3656.2,3553.8,3552.9,3553.8,3552.0,0.051,6.4,0.037,0,2026-08-05,2026-08-06,False,False,5.0,2026-08-06T15:57:19+05:30
HINDUNILVR,2085.53,TOUCHED,-0.29,below,2079.5,2085.53,2085.77,2086.0,2085.53,0.022,6.6,0.015,0,2026-08-05,2026-08-06,False,False,5.0,2026-08-06T15:57:19+05:30
BIOCON,425.47,TOUCHED,3.79,above,441.6,425.47,425.38,425.47,425.29,0.043,6.8,0.032,0,2026-08-05,2026-08-06,False,False,5.0,2026-08-06T15:57:19+05:30
HAVELLS,1289.45,TOUCHED,-0.31,below,1285.5,1289.45,1289.63,1289.82,1289.45,0.028,6.8,0.019,0,2026-08-05,2026-08-06,False,False,5.0,2026-08-06T15:57:19+05:30
HUDCO,202.89,TOUCHED,-0.39,below,202.11,202.89,202.94,202.99,202.89,0.051,6.8,0.036,0,2026-08-05,2026-08-06,False,False,5.0,2026-08-06T15:57:19+05:30
LALPATHLAB,1889.00,TOUCHED,2.06,above,1928.0,1889.0,1888.37,1889.0,1887.73,0.067,6.8,0.044,0,2026-08-05,2026-08-06,False,False,5.0,2026-08-06T15:57:19+05:30
ABBOTINDIA,27802.50,TOUCHED,0.19,above,27855.0,27802.5,27796.67,27802.5,27790.83,0.042,7.1,0.036,0,2026-08-05,2026-08-06,False,False,5.0,2026-08-06T15:57:19+05:30
AMBUJACEM,444.62,TOUCHED,-1.49,below,438.0,444.62,444.75,444.88,444.62,0.056,7.1,0.035,0,2026-08-05,2026-08-06,False,False,5.0,2026-08-06T15:57:19+05:30
CEATLTD,3706.30,TOUCHED,1.32,above,3755.4,3706.3,3705.37,3706.3,3704.43,0.05,7.4,0.035,0,2026-08-05,2026-08-06,False,False,5.0,2026-08-06T15:57:19+05:30
TEGA,1580.08,TOUCHED,0.2,above,1583.3,1580.08,1579.57,1580.08,1579.05,0.065,7.4,0.043,0,2026-08-05,2026-08-06,False,False,5.0,2026-08-06T15:57:19+05:30
SAMMAANCAP,161.47,TOUCHED,3.56,above,167.22,161.47,161.41,161.47,161.35,0.076,7.7,0.041,0,2026-08-05,2026-08-06,False,False,5.0,2026-08-06T15:57:19+05:30
COROMANDEL,2087.20,TOUCHED,-0.2,below,2083.1,2087.2,2088.0,2088.8,2087.2,0.077,8.2,0.04,0,2026-08-05,2026-08-06,False,False,5.0,2026-08-06T15:57:19+05:30
POLICYBZR,1620.48,TOUCHED,-1.33,below,1599.0,1620.48,1620.97,1621.45,1620.48,0.06,8.2,0.038,0,2026-08-05,2026-08-06,False,False,5.0,2026-08-06T15:57:19+05:30
AXISBANK,1254.60,TOUCHED,0.11,above,1256.0,1254.6,1254.37,1254.6,1254.13,0.037,8.5,0.024,0,2026-08-05,2026-08-06,False,False,5.0,2026-08-06T15:57:19+05:30
APOLLOHOSP,8914.50,TOUCHED,0.67,above,8974.5,8914.5,8913.0,8914.5,8911.5,0.034,8.8,0.017,0,2026-08-05,2026-08-06,False,False,5.0,2026-08-06T15:57:19+05:30
SYRMA,1434.73,TOUCHED,-1.17,below,1418.0,1434.73,1435.37,1436.0,1434.73,0.088,8.8,0.045,0,2026-08-05,2026-08-06,False,False,5.0,2026-08-06T15:57:19+05:30
ICICIAMC,3079.47,TOUCHED,0.03,inside,3080.4,3079.47,3079.47,3080.63,3078.3,0.076,8.9,0.03,0,2026-08-05,2026-08-06,False,False,5.0,2026-08-06T15:57:19+05:30
SAREGAMA,556.52,TOUCHED,-5.13,below,528.0,556.52,556.77,557.01,556.52,0.087,9.3,0.041,0,2026-08-05,2026-08-06,False,False,5.0,2026-08-06T15:57:19+05:30
TRAVELFOOD,1348.37,TOUCHED,-0.83,below,1337.2,1348.37,1348.73,1349.1,1348.37,0.054,9.8,0.031,0,2026-08-05,2026-08-06,False,False,5.0,2026-08-06T15:57:19+05:30
FIRSTCRY,215.43,TOUCHED,-0.72,below,213.89,215.43,215.56,215.68,215.43,0.116,9.9,0.066,0,2026-08-05,2026-08-06,False,False,5.0,2026-08-06T15:57:19+05:30
ASTERDM,841.80,TOUCHED,0.31,above,844.45,841.8,841.5,841.8,841.2,0.071,10.7,0.028,0,2026-08-05,2026-08-06,False,False,5.0,2026-08-06T15:57:19+05:30
HBLENGINE,736.83,TOUCHED,-0.09,below,736.15,736.83,737.17,737.5,736.83,0.09,10.7,0.036,0,2026-08-05,2026-08-06,False,False,5.0,2026-08-06T15:57:19+05:30
INDIANB,854.85,TOUCHED,2.7,above,877.9,854.85,854.57,854.85,854.28,0.066,10.7,0.027,0,2026-08-05,2026-08-06,False,False,5.0,2026-08-06T15:57:19+05:30
UNOMINDA,1251.55,TOUCHED,2.11,above,1278.0,1251.55,1251.03,1251.55,1250.52,0.083,10.7,0.05,0,2026-08-05,2026-08-06,False,False,5.0,2026-08-06T15:57:19+05:30
ANGELONE,299.40,TOUCHED,-0.77,below,297.1,299.4,299.6,299.8,299.4,0.134,11.0,0.029,0,2026-08-05,2026-08-06,False,False,5.0,2026-08-06T15:57:19+05:30
TECHM,1650.63,TOUCHED,-1.12,below,1632.2,1650.63,1651.27,1651.9,1650.63,0.077,11.0,0.038,0,2026-08-05,2026-08-06,False,False,5.0,2026-08-06T15:57:19+05:30
IGIL,363.30,TOUCHED,-0.81,below,360.35,363.3,363.48,363.67,363.3,0.101,11.2,0.028,0,2026-08-05,2026-08-06,False,False,5.0,2026-08-06T15:57:19+05:30
NATCOPHARM,917.97,TOUCHED,-0.6,below,912.5,917.97,918.38,918.8,917.97,0.091,11.2,0.019,0,2026-08-05,2026-08-06,False,False,5.0,2026-08-06T15:57:19+05:30
SCI,301.20,TOUCHED,2.46,above,308.6,301.2,301.03,301.2,300.87,0.111,11.2,0.045,0,2026-08-05,2026-08-06,False,False,5.0,2026-08-06T15:57:19+05:30
JSWCEMENT,132.25,TOUCHED,0.28,above,132.62,132.25,132.18,132.25,132.11,0.103,12.3,0.037,0,2026-08-05,2026-08-06,False,False,5.0,2026-08-06T15:57:19+05:30
LODHA,1250.75,TOUCHED,-2.94,below,1214.0,1250.75,1251.5,1252.25,1250.75,0.12,12.3,0.031,0,2026-08-05,2026-08-06,False,False,5.0,2026-08-06T15:57:19+05:30
SCHAEFFLER,4091.18,TOUCHED,-1.34,below,4036.3,4091.18,4092.87,4094.55,4091.18,0.082,12.3,0.035,0,2026-08-05,2026-08-06,False,False,5.0,2026-08-06T15:57:19+05:30
OBEROIRLTY,1803.75,TOUCHED,-1.48,below,1777.0,1803.75,1804.67,1805.58,1803.75,0.102,12.6,0.044,0,2026-08-05,2026-08-06,False,False,5.0,2026-08-06T15:57:19+05:30
BAJAJHFL,87.01,TOUCHED,-0.69,below,86.41,87.01,87.03,87.06,87.01,0.061,12.9,0.025,0,2026-08-05,2026-08-06,False,False,5.0,2026-08-06T15:57:19+05:30
KFINTECH,949.30,TOUCHED,-2.03,below,930.0,949.3,949.85,950.4,949.3,0.116,13.2,0.018,0,2026-08-05,2026-08-06,False,False,5.0,2026-08-06T15:57:19+05:30
TIINDIA,2789.60,TOUCHED,-1.28,below,2753.8,2789.6,2791.3,2793.0,2789.6,0.122,13.4,0.038,0,2026-08-05,2026-08-06,False,False,5.0,2026-08-06T15:57:19+05:30
KPRMILL,1077.77,TOUCHED,0.76,above,1086.0,1077.77,1077.03,1077.77,1076.3,0.136,13.7,0.052,0,2026-08-05,2026-08-06,False,False,5.0,2026-08-06T15:57:19+05:30
TITAGARH,855.00,TOUCHED,0.78,above,861.65,855.0,854.32,855.0,853.63,0.16,14.0,0.051,0,2026-08-05,2026-08-06,False,False,5.0,2026-08-06T15:57:19+05:30
INDIACEM,392.61,TOUCHED,0.11,above,393.05,392.61,392.42,392.61,392.22,0.098,14.2,0.035,0,2026-08-05,2026-08-06,False,False,5.0,2026-08-06T15:57:19+05:30
NLCINDIA,303.98,TOUCHED,0.01,above,304.0,303.98,303.75,303.98,303.52,0.148,14.2,0.051,0,2026-08-05,2026-08-06,False,False,5.0,2026-08-06T15:57:19+05:30
SJVN,69.15,TOUCHED,-1.03,below,68.43,69.15,69.18,69.22,69.15,0.101,14.2,0.027,0,2026-08-05,2026-08-06,False,False,5.0,2026-08-06T15:57:19+05:30
SOLARINDS,18387.67,TOUCHED,0.59,above,18496.0,18387.67,18375.33,18387.67,18363.0,0.134,14.5,0.057,0,2026-08-05,2026-08-06,False,False,5.0,2026-08-06T15:57:19+05:30
THERMAX,4058.50,TOUCHED,-1.66,below,3991.0,4058.5,4060.63,4062.77,4058.5,0.105,14.5,0.019,0,2026-08-05,2026-08-06,False,False,5.0,2026-08-06T15:57:19+05:30
GMRAIRPORT,106.89,TOUCHED,-0.28,below,106.59,106.89,106.93,106.96,106.89,0.069,14.8,0.019,0,2026-08-05,2026-08-06,False,False,5.0,2026-08-06T15:57:19+05:30
TECHNOE,1002.38,TOUCHED,-1.01,below,992.25,1002.38,1003.12,1003.86,1002.38,0.148,14.8,0.05,0,2026-08-05,2026-08-06,False,False,5.0,2026-08-06T15:57:19+05:30
INDIAMART,1776.47,TOUCHED,-0.73,below,1763.5,1776.47,1777.23,1778.0,1776.47,0.086,15.1,0.026,0,2026-08-05,2026-08-06,False,False,5.0,2026-08-06T15:57:19+05:30
AUBANK,1050.85,TOUCHED,3.5,above,1087.6,1050.85,1050.4,1050.85,1049.95,0.086,15.3,0.016,0,2026-08-05,2026-08-06,False,False,5.0,2026-08-06T15:57:19+05:30
MSUMI,41.02,TOUCHED,-0.03,inside,41.01,41.02,41.02,41.05,41.0,0.13,15.3,0.031,0,2026-08-05,2026-08-06,False,False,5.0,2026-08-06T15:57:19+05:30
BLS,255.42,TOUCHED,0.08,above,255.62,255.42,255.21,255.42,254.99,0.166,15.6,0.033,0,2026-08-05,2026-08-06,False,False,5.0,2026-08-06T15:57:19+05:30
JBMA,662.08,TOUCHED,0.02,inside,662.2,662.08,662.08,662.57,661.6,0.146,15.6,0.033,0,2026-08-05,2026-08-06,False,False,5.0,2026-08-06T15:57:19+05:30
CANBK,129.11,TOUCHED,2.01,above,131.7,129.11,129.04,129.11,128.98,0.101,16.2,0.023,0,2026-08-05,2026-08-06,False,False,5.0,2026-08-06T15:57:19+05:30
SBICARD,664.70,TOUCHED,-0.71,below,660.0,664.7,665.03,665.37,664.7,0.1,16.4,0.029,0,2026-08-05,2026-08-06,False,False,5.0,2026-08-06T15:57:19+05:30
BAJAJHLDNG,11513.00,TOUCHED,0.03,inside,11517.0,11513.0,11513.0,11521.5,11504.5,0.148,17.0,0.025,0,2026-08-05,2026-08-06,False,False,5.0,2026-08-06T15:57:19+05:30
CIEINDIA,415.27,TOUCHED,-1.2,below,410.3,415.27,415.5,415.73,415.27,0.108,17.0,0.029,0,2026-08-05,2026-08-06,False,False,5.0,2026-08-06T15:57:19+05:30
APARINDS,15715.50,TOUCHED,2.61,above,16126.0,15715.5,15699.0,15715.5,15682.5,0.21,17.8,0.054,0,2026-08-05,2026-08-06,False,False,5.0,2026-08-06T15:57:19+05:30
TORNTPHARM,5002.50,TOUCHED,-0.93,below,4956.0,5002.5,5005.0,5007.5,5002.5,0.1,17.8,0.025,0,2026-08-05,2026-08-06,False,False,5.0,2026-08-06T15:57:19+05:30
UNIONBANK,176.21,TOUCHED,3.57,above,182.5,176.21,176.07,176.21,175.94,0.155,17.8,0.047,0,2026-08-05,2026-08-06,False,False,5.0,2026-08-06T15:57:19+05:30
APOLLOTYRE,445.70,TOUCHED,0.9,above,449.7,445.7,445.43,445.7,445.17,0.12,18.1,0.038,0,2026-08-05,2026-08-06,False,False,5.0,2026-08-06T15:57:19+05:30
GRAVITA,1687.35,TOUCHED,2.05,above,1721.9,1687.35,1685.9,1687.35,1684.45,0.172,18.4,0.033,0,2026-08-05,2026-08-06,False,False,5.0,2026-08-06T15:57:19+05:30
NBCC,95.92,TOUCHED,0.35,above,96.25,95.92,95.83,95.92,95.75,0.174,18.4,0.042,0,2026-08-05,2026-08-06,False,False,5.0,2026-08-06T15:57:19+05:30
APTUS,263.75,TOUCHED,-1.12,below,260.8,263.75,263.93,264.12,263.75,0.139,18.6,0.024,0,2026-08-05,2026-08-06,False,False,5.0,2026-08-06T15:57:19+05:30
BRITANNIA,5442.33,TOUCHED,-0.7,below,5404.0,5442.33,5444.67,5447.0,5442.33,0.086,18.6,0.021,0,2026-08-05,2026-08-06,False,False,5.0,2026-08-06T15:57:19+05:30
NTPCGREEN,90.84,TOUCHED,0.54,above,91.33,90.84,90.78,90.84,90.72,0.132,18.6,0.018,0,2026-08-05,2026-08-06,False,False,5.0,2026-08-06T15:57:19+05:30
CARBORUNIV,1079.40,TOUCHED,-0.95,below,1069.1,1079.4,1080.17,1080.93,1079.4,0.142,19.2,0.029,0,2026-08-05,2026-08-06,False,False,5.0,2026-08-06T15:57:19+05:30
PAYTM,1427.72,TOUCHED,1.0,above,1442.0,1427.72,1426.43,1427.72,1425.15,0.18,19.2,0.057,0,2026-08-05,2026-08-06,False,False,5.0,2026-08-06T15:57:19+05:30
IOC,143.77,TOUCHED,-0.77,below,142.66,143.77,143.85,143.92,143.77,0.107,19.5,0.021,0,2026-08-05,2026-08-06,False,False,5.0,2026-08-06T15:57:19+05:30
AIAENG,4656.00,TOUCHED,2.99,above,4795.4,4656.0,4652.87,4656.0,4649.73,0.135,19.7,0.041,0,2026-08-05,2026-08-06,False,False,5.0,2026-08-06T15:57:19+05:30
DOMS,2252.03,TOUCHED,-0.04,below,2251.2,2252.03,2253.57,2255.1,2252.03,0.136,19.7,0.027,0,2026-08-05,2026-08-06,False,False,5.0,2026-08-06T15:57:19+05:30
BATAINDIA,728.77,TOUCHED,-0.09,below,728.1,728.77,729.2,729.62,728.77,0.117,20.0,0.022,0,2026-08-05,2026-08-06,False,False,5.0,2026-08-06T15:57:19+05:30
IDFCFIRSTB,85.36,TOUCHED,-0.01,below,85.35,85.36,85.42,85.49,85.36,0.144,20.3,0.033,0,2026-08-05,2026-08-06,False,False,5.0,2026-08-06T15:57:19+05:30
MARUTI,14169.00,TOUCHED,-1.07,below,14018.0,14169.0,14176.0,14183.0,14169.0,0.099,20.3,0.017,0,2026-08-05,2026-08-06,False,False,5.0,2026-08-06T15:57:19+05:30
TRITURBINE,624.95,TOUCHED,3.42,above,646.35,624.95,624.45,624.95,623.95,0.16,20.3,0.021,0,2026-08-05,2026-08-06,False,False,5.0,2026-08-06T15:57:19+05:30
FIVESTAR,547.15,TOUCHED,1.11,above,553.25,547.15,546.6,547.15,546.05,0.201,21.6,0.036,0,2026-08-05,2026-08-06,False,False,5.0,2026-08-06T15:57:19+05:30
LUPIN,2385.17,TOUCHED,-0.01,inside,2385.0,2385.17,2385.17,2386.58,2383.75,0.119,21.6,0.028,0,2026-08-05,2026-08-06,False,False,5.0,2026-08-06T15:57:19+05:30
PATANJALI,356.43,TOUCHED,-0.4,below,355.0,356.43,356.62,356.81,356.43,0.107,21.6,0.019,0,2026-08-05,2026-08-06,False,False,5.0,2026-08-06T15:57:19+05:30
EIHOTEL,328.26,TOUCHED,-0.79,below,325.65,328.26,328.52,328.78,328.26,0.157,21.9,0.03,0,2026-08-05,2026-08-06,False,False,5.0,2026-08-06T15:57:19+05:30
LT,4054.47,TOUCHED,0.18,above,4061.8,4054.47,4051.93,4054.47,4049.4,0.125,21.9,0.024,0,2026-08-05,2026-08-06,False,False,5.0,2026-08-06T15:57:19+05:30
POONAWALLA,480.33,TOUCHED,2.19,above,490.85,480.33,479.9,480.33,479.48,0.177,21.9,0.033,0,2026-08-05,2026-08-06,False,False,5.0,2026-08-06T15:57:19+05:30
KAYNES,3903.92,TOUCHED,-1.89,below,3830.0,3903.92,3909.83,3915.75,3903.92,0.303,22.2,0.046,0,2026-08-05,2026-08-06,False,False,5.0,2026-08-06T15:57:19+05:30
SRF,2635.57,TOUCHED,-0.04,inside,2634.5,2635.57,2635.57,2637.63,2633.5,0.157,22.2,0.031,0,2026-08-05,2026-08-06,False,False,5.0,2026-08-06T15:57:19+05:30
WIPRO,187.10,TOUCHED,-0.52,below,186.12,187.1,187.2,187.31,187.1,0.112,22.2,0.013,0,2026-08-05,2026-08-06,False,False,5.0,2026-08-06T15:57:19+05:30
CARTRADE,2828.00,TOUCHED,-1.4,below,2788.4,2828.0,2832.73,2837.47,2828.0,0.334,22.7,0.061,0,2026-08-05,2026-08-06,False,False,5.0,2026-08-06T15:57:19+05:30
CHAMBLFERT,459.10,TOUCHED,-0.13,below,458.5,459.1,459.55,460.0,459.1,0.196,22.7,0.035,0,2026-08-05,2026-08-06,False,False,5.0,2026-08-06T15:57:19+05:30
MFSL,1519.55,TOUCHED,-0.05,below,1518.8,1519.55,1520.7,1521.85,1519.55,0.151,23.0,0.019,0,2026-08-05,2026-08-06,False,False,5.0,2026-08-06T15:57:19+05:30
HONAUT,38321.67,TOUCHED,-0.02,inside,38315.0,38321.67,38321.67,38348.33,38295.0,0.139,23.3,0.022,0,2026-08-05,2026-08-06,False,False,5.0,2026-08-06T15:57:19+05:30
ANANDRATHI,2041.80,TOUCHED,1.45,above,2071.5,2041.8,2040.4,2041.8,2039.0,0.137,23.6,0.022,0,2026-08-05,2026-08-06,False,False,5.0,2026-08-06T15:57:19+05:30
JKCEMENT,5489.58,TOUCHED,-1.25,below,5421.0,5489.58,5494.67,5499.75,5489.58,0.185,23.6,0.033,0,2026-08-05,2026-08-06,False,False,5.0,2026-08-06T15:57:19+05:30
ANURAS,1213.65,TOUCHED,-0.09,below,1212.6,1213.65,1214.53,1215.42,1213.65,0.145,24.4,0.025,0,2026-08-05,2026-08-06,False,False,5.0,2026-08-06T15:57:19+05:30
COALINDIA,415.22,TOUCHED,0.09,above,415.6,415.22,414.93,415.22,414.65,0.137,24.9,0.022,0,2026-08-05,2026-08-06,False,False,5.0,2026-08-06T15:57:19+05:30
MAXHEALTH,1076.70,TOUCHED,-0.4,below,1072.4,1076.7,1077.8,1078.9,1076.7,0.204,24.9,0.037,0,2026-08-05,2026-08-06,False,False,5.0,2026-08-06T15:57:19+05:30
PERSISTENT,5525.33,TOUCHED,-0.54,below,5495.5,5525.33,5530.67,5536.0,5525.33,0.193,25.2,0.018,0,2026-08-05,2026-08-06,False,False,5.0,2026-08-06T15:57:19+05:30
GILLETTE,7700.67,TOUCHED,0.03,inside,7703.0,7700.67,7700.67,7707.0,7694.33,0.164,25.5,0.038,0,2026-08-05,2026-08-06,False,False,5.0,2026-08-06T15:57:19+05:30
BHEL,410.90,TOUCHED,-0.67,below,408.15,410.9,411.4,411.9,410.9,0.243,25.8,0.051,0,2026-08-05,2026-08-06,False,False,5.0,2026-08-06T15:57:19+05:30
FORCEMOT,18644.50,TOUCHED,0.24,above,18690.0,18644.5,18609.0,18644.5,18573.5,0.382,26.0,0.052,0,2026-08-05,2026-08-06,False,False,5.0,2026-08-06T15:57:19+05:30
ABLBL,94.72,TOUCHED,-0.06,below,94.66,94.72,94.83,94.95,94.72,0.246,26.1,0.054,0,2026-08-05,2026-08-06,False,False,5.0,2026-08-06T15:57:19+05:30
PIIND,2803.60,TOUCHED,-0.27,below,2796.0,2803.6,2805.73,2807.87,2803.6,0.152,26.3,0.032,0,2026-08-05,2026-08-06,False,False,5.0,2026-08-06T15:57:19+05:30
WHIRLPOOL,811.08,TOUCHED,2.39,above,830.45,811.08,810.15,811.08,809.22,0.228,26.8,0.045,0,2026-08-05,2026-08-06,False,False,5.0,2026-08-06T15:57:19+05:30
ZFCVINDIA,2581.65,TOUCHED,-0.05,below,2580.3,2581.65,2584.4,2587.15,2581.65,0.213,26.8,0.038,0,2026-08-05,2026-08-06,False,False,5.0,2026-08-06T15:57:19+05:30
JUBLINGREA,748.92,TOUCHED,1.08,above,757.0,748.92,747.98,748.92,747.04,0.252,27.1,0.036,0,2026-08-05,2026-08-06,False,False,5.0,2026-08-06T15:57:19+05:30
BAYERCROP,4291.85,TOUCHED,-1.79,below,4215.0,4291.85,4295.53,4299.22,4291.85,0.171,27.4,0.031,0,2026-08-05,2026-08-06,False,False,5.0,2026-08-06T15:57:19+05:30
RPOWER,24.31,TOUCHED,0.47,above,24.42,24.31,24.26,24.31,24.22,0.371,27.4,0.073,0,2026-08-05,2026-08-06,False,False,5.0,2026-08-06T15:57:19+05:30
HOMEFIRST,1185.42,TOUCHED,0.48,above,1191.1,1185.42,1183.93,1185.42,1182.45,0.251,27.7,0.044,0,2026-08-05,2026-08-06,False,False,5.0,2026-08-06T15:57:19+05:30
WAAREEENER,2686.35,TOUCHED,-0.95,below,2660.9,2686.35,2689.9,2693.45,2686.35,0.264,27.7,0.043,0,2026-08-05,2026-08-06,False,False,5.0,2026-08-06T15:57:19+05:30
JAINREC,323.11,TOUCHED,-2.4,below,315.35,323.11,323.67,324.22,323.11,0.345,27.8,0.058,0,2026-08-05,2026-08-06,False,False,5.0,2026-08-06T15:57:19+05:30
TTML,39.90,TOUCHED,-0.82,below,39.57,39.9,39.95,40.0,39.9,0.242,27.9,0.046,0,2026-08-05,2026-08-06,False,False,5.0,2026-08-06T15:57:19+05:30
IIFL,610.93,TOUCHED,-0.26,below,609.35,610.93,611.65,612.38,610.93,0.237,28.2,0.031,0,2026-08-05,2026-08-06,False,False,5.0,2026-08-06T15:57:19+05:30
J&KBANK,157.10,TOUCHED,1.89,above,160.08,157.1,156.89,157.1,156.68,0.274,28.5,0.029,0,2026-08-05,2026-08-06,False,False,5.0,2026-08-06T15:57:19+05:30
MRPL,171.25,TOUCHED,-2.02,below,167.78,171.25,171.52,171.8,171.25,0.323,28.8,0.056,0,2026-08-05,2026-08-06,False,False,5.0,2026-08-06T15:57:19+05:30
TITAN,4908.75,TOUCHED,1.82,above,4998.0,4908.75,4905.1,4908.75,4901.45,0.149,28.8,0.018,0,2026-08-05,2026-08-06,False,False,5.0,2026-08-06T15:57:19+05:30
PWL,127.13,TOUCHED,-1.29,below,125.49,127.13,127.35,127.58,127.13,0.359,28.9,0.07,0,2026-08-05,2026-08-06,False,False,5.0,2026-08-06T15:57:19+05:30
CCL,1135.65,TOUCHED,-0.39,below,1131.2,1135.65,1136.73,1137.82,1135.65,0.191,29.0,0.015,0,2026-08-05,2026-08-06,False,False,5.0,2026-08-06T15:57:19+05:30
DELHIVERY,470.77,TOUCHED,-1.52,below,463.6,470.77,471.28,471.8,470.77,0.219,29.0,0.019,0,2026-08-05,2026-08-06,False,False,5.0,2026-08-06T15:57:19+05:30
TATACOMM,1749.88,TOUCHED,-0.82,below,1735.5,1749.88,1751.97,1754.05,1749.88,0.238,29.0,0.022,0,2026-08-05,2026-08-06,False,False,5.0,2026-08-06T15:57:19+05:30
ANTHEM,824.74,TOUCHED,0.11,above,825.65,824.74,823.83,824.74,822.93,0.221,29.1,0.043,0,2026-08-05,2026-08-06,False,False,5.0,2026-08-06T15:57:19+05:30
IDBI,84.56,TOUCHED,-0.02,inside,84.54,84.56,84.56,84.67,84.44,0.28,29.3,0.047,0,2026-08-05,2026-08-06,False,False,5.0,2026-08-06T15:57:19+05:30
ANANTRAJ,629.35,TOUCHED,-1.9,below,617.4,629.35,630.5,631.65,629.35,0.365,29.9,0.078,0,2026-08-05,2026-08-06,False,False,5.0,2026-08-06T15:57:19+05:30
BEL,389.65,TOUCHED,2.45,above,399.2,389.65,389.3,389.65,388.95,0.18,29.9,0.025,0,2026-08-05,2026-08-06,False,False,5.0,2026-08-06T15:57:19+05:30
JYOTICNC,863.45,TOUCHED,0.19,above,865.05,863.45,862.22,863.45,860.98,0.286,29.9,0.027,0,2026-08-05,2026-08-06,False,False,5.0,2026-08-06T15:57:19+05:30
NATIONALUM,380.51,TOUCHED,0.13,above,381.0,380.51,380.02,380.51,379.52,0.259,29.9,0.041,0,2026-08-05,2026-08-06,False,False,5.0,2026-08-06T15:57:19+05:30
PARADEEP,146.42,TOUCHED,1.17,above,148.13,146.42,146.14,146.42,145.85,0.392,29.9,0.04,0,2026-08-05,2026-08-06,False,False,5.0,2026-08-06T15:57:19+05:30
WOCKPHARMA,2009.78,TOUCHED,-1.73,below,1975.0,2009.78,2013.47,2017.15,2009.78,0.366,29.9,0.06,0,2026-08-05,2026-08-06,False,False,5.0,2026-08-06T15:57:19+05:30
BAJFINANCE,1155.55,TOUCHED,-0.93,below,1144.8,1155.55,1156.63,1157.72,1155.55,0.187,30.1,0.025,0,2026-08-05,2026-08-06,False,False,5.0,2026-08-06T15:57:19+05:30
CAMS,812.78,TOUCHED,-1.64,below,799.45,812.78,813.72,814.65,812.78,0.229,30.1,0.043,0,2026-08-05,2026-08-06,False,False,5.0,2026-08-06T15:57:19+05:30
CHOLAFIN,1886.90,TOUCHED,2.81,above,1940.0,1886.9,1884.6,1886.9,1882.3,0.244,30.1,0.034,0,2026-08-05,2026-08-06,False,False,5.0,2026-08-06T15:57:19+05:30
KIMS,801.13,TOUCHED,0.93,above,808.6,801.13,800.1,801.13,799.08,0.256,30.1,0.043,0,2026-08-05,2026-08-06,False,False,5.0,2026-08-06T15:57:19+05:30
ABCAPITAL,422.93,TOUCHED,-0.34,below,421.5,422.93,423.52,424.11,422.93,0.279,30.7,0.038,0,2026-08-05,2026-08-06,False,False,5.0,2026-08-06T15:57:19+05:30
INDHOTEL,741.84,TOUCHED,-0.79,below,736.0,741.84,742.63,743.43,741.84,0.213,30.7,0.019,0,2026-08-05,2026-08-06,False,False,5.0,2026-08-06T15:57:19+05:30
GROWW,192.21,TOUCHED,-1.65,below,189.04,192.21,192.58,192.94,192.21,0.383,31.0,0.035,0,2026-08-05,2026-08-06,False,False,5.0,2026-08-06T15:57:19+05:30
IKS,1870.25,TOUCHED,-5.73,below,1763.1,1870.25,1872.73,1875.22,1870.25,0.265,31.5,0.02,0,2026-08-05,2026-08-06,False,False,5.0,2026-08-06T15:57:19+05:30
LICHSGFIN,512.52,TOUCHED,-1.47,below,505.0,512.52,512.98,513.45,512.52,0.182,31.5,0.022,0,2026-08-05,2026-08-06,False,False,5.0,2026-08-06T15:57:19+05:30
MANAPPURAM,364.00,TOUCHED,-0.0,below,364.0,364.0,364.4,364.8,364.0,0.22,31.5,0.027,0,2026-08-05,2026-08-06,False,False,5.0,2026-08-06T15:57:19+05:30
IEX,129.73,TOUCHED,-0.7,below,128.83,129.73,129.87,130.01,129.73,0.218,32.1,0.031,0,2026-08-05,2026-08-06,False,False,5.0,2026-08-06T15:57:19+05:30
TARIL,295.90,TOUCHED,0.08,inside,296.15,295.9,295.9,296.5,295.3,0.406,32.1,0.054,0,2026-08-05,2026-08-06,False,False,5.0,2026-08-06T15:57:19+05:30
JSL,741.20,TOUCHED,-1.17,below,732.5,741.2,742.3,743.4,741.2,0.296,32.3,0.043,0,2026-08-05,2026-08-06,False,False,5.0,2026-08-06T15:57:19+05:30
SBFC,93.48,TOUCHED,1.94,above,95.29,93.48,93.36,93.48,93.25,0.243,32.3,0.032,0,2026-08-05,2026-08-06,False,False,5.0,2026-08-06T15:57:19+05:30
SUZLON,48.22,TOUCHED,-0.26,below,48.1,48.22,48.3,48.37,48.22,0.304,32.6,0.033,0,2026-08-05,2026-08-06,False,False,5.0,2026-08-06T15:57:19+05:30
LENSKART,570.12,TOUCHED,-0.9,below,565.0,570.12,570.97,571.81,570.12,0.295,32.8,0.032,0,2026-08-05,2026-08-06,False,False,5.0,2026-08-06T15:57:19+05:30
RHIM,410.95,TOUCHED,0.37,above,412.45,410.95,410.3,410.95,409.65,0.317,32.9,0.029,0,2026-08-05,2026-08-06,False,False,5.0,2026-08-06T15:57:19+05:30
IREDA,120.54,TOUCHED,0.4,above,121.02,120.54,120.38,120.54,120.22,0.263,33.2,0.048,0,2026-08-05,2026-08-06,False,False,5.0,2026-08-06T15:57:19+05:30
CUB,204.23,TOUCHED,2.03,above,208.39,204.23,203.91,204.23,203.58,0.319,33.4,0.034,0,2026-08-05,2026-08-06,False,False,5.0,2026-08-06T15:57:19+05:30
ADANIENT,3053.87,TOUCHED,-0.91,below,3026.0,3053.87,3057.73,3061.6,3053.87,0.253,33.7,0.026,0,2026-08-05,2026-08-06,False,False,5.0,2026-08-06T15:57:19+05:30
INOXWIND,78.99,TOUCHED,-0.99,below,78.2,78.99,79.11,79.24,78.99,0.316,33.7,0.041,0,2026-08-05,2026-08-06,False,False,5.0,2026-08-06T15:57:19+05:30
MGL,1119.15,TOUCHED,0.41,above,1123.7,1119.15,1117.8,1119.15,1116.45,0.242,34.0,0.039,0,2026-08-05,2026-08-06,False,False,5.0,2026-08-06T15:57:19+05:30
MMTC,64.02,TOUCHED,0.05,inside,64.05,64.02,64.02,64.14,63.9,0.37,34.0,0.053,0,2026-08-05,2026-08-06,False,False,5.0,2026-08-06T15:57:19+05:30
UCOBANK,26.59,TOUCHED,0.19,above,26.64,26.59,26.56,26.59,26.52,0.251,34.0,0.013,0,2026-08-05,2026-08-06,False,False,5.0,2026-08-06T15:57:19+05:30
AARTIIND,485.29,TOUCHED,3.28,above,501.2,485.29,484.63,485.29,483.97,0.272,34.2,0.037,0,2026-08-05,2026-08-06,False,False,5.0,2026-08-06T15:57:19+05:30
ARE&M,939.90,TOUCHED,-1.32,below,927.45,939.9,940.95,942.0,939.9,0.223,34.2,0.023,0,2026-08-05,2026-08-06,False,False,5.0,2026-08-06T15:57:19+05:30
TMCV,452.25,TOUCHED,1.64,above,459.65,452.25,451.57,452.25,450.88,0.303,34.2,0.024,0,2026-08-05,2026-08-06,False,False,5.0,2026-08-06T15:57:19+05:30
BBTC,1503.27,TOUCHED,-0.35,below,1498.0,1503.27,1505.03,1506.8,1503.27,0.235,34.8,0.032,0,2026-08-05,2026-08-06,False,False,5.0,2026-08-06T15:57:19+05:30
EICHERMOT,7970.33,TOUCHED,-0.04,inside,7967.5,7970.33,7970.33,7978.42,7962.25,0.203,35.1,0.025,0,2026-08-05,2026-08-06,False,False,5.0,2026-08-06T15:57:19+05:30
BHARATFORG,2206.90,TOUCHED,0.14,above,2210.0,2206.9,2203.63,2206.9,2200.37,0.296,35.3,0.031,0,2026-08-05,2026-08-06,False,False,5.0,2026-08-06T15:57:19+05:30
CANHLIFE,149.71,TOUCHED,0.56,above,150.55,149.71,149.49,149.71,149.28,0.292,35.5,0.016,0,2026-08-05,2026-08-06,False,False,5.0,2026-08-06T15:57:19+05:30
SUNDARMFIN,4717.50,TOUCHED,-1.49,below,4647.4,4717.5,4723.67,4729.83,4717.5,0.261,35.6,0.03,0,2026-08-05,2026-08-06,False,False,5.0,2026-08-06T15:57:19+05:30
EXIDEIND,468.82,TOUCHED,1.16,above,474.25,468.82,468.22,468.82,467.61,0.26,35.9,0.027,0,2026-08-05,2026-08-06,False,False,5.0,2026-08-06T15:57:19+05:30
SAGILITY,43.95,TOUCHED,-0.44,below,43.76,43.95,44.03,44.11,43.95,0.371,35.9,0.047,0,2026-08-05,2026-08-06,False,False,5.0,2026-08-06T15:57:19+05:30
COHANCE,428.70,TOUCHED,2.38,above,438.9,428.7,427.95,428.7,427.2,0.351,36.2,0.022,0,2026-08-05,2026-08-06,False,False,5.0,2026-08-06T15:57:19+05:30
ZENTEC,1684.30,TOUCHED,2.99,above,1734.6,1684.3,1681.1,1684.3,1677.9,0.381,36.4,0.015,0,2026-08-05,2026-08-06,False,False,5.0,2026-08-06T15:57:19+05:30
BELRISE,242.73,TOUCHED,0.67,above,244.36,242.73,242.32,242.73,241.9,0.341,36.5,0.039,0,2026-08-05,2026-08-06,False,False,5.0,2026-08-06T15:57:19+05:30
AEGISLOG,1393.53,TOUCHED,0.46,above,1400.0,1393.53,1391.27,1393.53,1389.0,0.326,37.0,0.033,0,2026-08-05,2026-08-06,False,False,5.0,2026-08-06T15:57:19+05:30
TATAELXSI,3754.32,TOUCHED,-1.05,below,3715.0,3754.32,3758.83,3763.35,3754.32,0.24,37.0,0.034,0,2026-08-05,2026-08-06,False,False,5.0,2026-08-06T15:57:19+05:30
MOTHERSON,154.12,TOUCHED,0.57,above,155.0,154.12,153.88,154.12,153.64,0.305,37.3,0.033,0,2026-08-05,2026-08-06,False,False,5.0,2026-08-06T15:57:19+05:30
FACT,843.48,TOUCHED,-0.05,inside,843.1,843.48,843.48,844.93,842.04,0.342,37.5,0.058,0,2026-08-05,2026-08-06,False,False,5.0,2026-08-06T15:57:19+05:30
KPITTECH,624.02,TOUCHED,-0.16,below,623.0,624.02,625.03,626.05,624.02,0.325,37.8,0.044,0,2026-08-05,2026-08-06,False,False,5.0,2026-08-06T15:57:19+05:30
SHYAMMETL,1025.65,TOUCHED,-0.99,below,1015.5,1025.65,1026.97,1028.28,1025.65,0.256,37.8,0.015,0,2026-08-05,2026-08-06,False,False,5.0,2026-08-06T15:57:19+05:30
ITI,283.07,TOUCHED,1.47,above,287.25,283.07,282.58,283.07,282.09,0.348,38.4,0.035,0,2026-08-05,2026-08-06,False,False,5.0,2026-08-06T15:57:19+05:30
HYUNDAI,2212.63,TOUCHED,-0.03,inside,2212.0,2212.63,2212.63,2215.57,2209.7,0.265,38.6,0.026,0,2026-08-05,2026-08-06,False,False,5.0,2026-08-06T15:57:19+05:30
POLYCAB,9242.00,TOUCHED,0.79,above,9315.0,9242.0,9228.0,9242.0,9214.0,0.303,38.9,0.04,0,2026-08-05,2026-08-06,False,False,5.0,2026-08-06T15:57:19+05:30
ABFRL,61.99,TOUCHED,2.05,above,63.26,61.99,61.88,61.99,61.77,0.356,39.2,0.024,0,2026-08-05,2026-08-06,False,False,5.0,2026-08-06T15:57:19+05:30
PREMIERENE,1040.30,TOUCHED,0.13,inside,1041.7,1040.3,1040.3,1042.15,1038.45,0.356,39.2,0.029,0,2026-08-05,2026-08-06,False,False,5.0,2026-08-06T15:57:19+05:30
ZYDUSLIFE,1116.90,TOUCHED,-0.8,below,1108.0,1116.9,1118.3,1119.7,1116.9,0.25,39.2,0.024,0,2026-08-05,2026-08-06,False,False,5.0,2026-08-06T15:57:19+05:30
INTELLECT,747.80,TOUCHED,-3.5,below,721.65,747.8,749.4,751.0,747.8,0.427,39.7,0.042,0,2026-08-05,2026-08-06,False,False,5.0,2026-08-06T15:57:19+05:30
ASIANPAINT,2762.62,TOUCHED,-0.28,below,2755.0,2762.62,2765.23,2767.85,2762.62,0.189,40.0,0.021,0,2026-08-05,2026-08-06,False,False,5.0,2026-08-06T15:57:19+05:30
BANKINDIA,141.68,TOUCHED,0.69,above,142.66,141.68,141.45,141.68,141.23,0.32,40.0,0.032,0,2026-08-05,2026-08-06,False,False,5.0,2026-08-06T15:57:19+05:30
JKTYRE,416.03,TOUCHED,-0.67,below,413.25,416.03,416.85,417.68,416.03,0.396,40.3,0.047,0,2026-08-05,2026-08-06,False,False,5.0,2026-08-06T15:57:19+05:30
AFFLE,1670.95,TOUCHED,1.06,above,1688.7,1670.95,1668.17,1670.95,1665.38,0.334,40.5,0.034,0,2026-08-05,2026-08-06,False,False,5.0,2026-08-06T15:57:19+05:30
GODREJIND,1322.77,TOUCHED,-1.36,below,1304.8,1322.77,1325.13,1327.5,1322.77,0.357,40.5,0.047,0,2026-08-05,2026-08-06,False,False,5.0,2026-08-06T15:57:19+05:30
NUVAMA,1679.37,TOUCHED,-1.25,below,1658.3,1679.37,1682.63,1685.9,1679.37,0.388,40.5,0.025,0,2026-08-05,2026-08-06,False,False,5.0,2026-08-06T15:57:19+05:30
LLOYDSME,2074.60,TOUCHED,-0.75,below,2059.0,2074.6,2078.77,2082.93,2074.6,0.401,40.8,0.035,0,2026-08-05,2026-08-06,False,False,5.0,2026-08-06T15:57:19+05:30
NAVA,580.79,TOUCHED,2.31,above,594.2,580.79,579.58,580.79,578.38,0.417,40.8,0.037,0,2026-08-05,2026-08-06,False,False,5.0,2026-08-06T15:57:19+05:30
3MINDIA,35942.50,TOUCHED,0.16,above,36000.0,35942.5,35896.67,35942.5,35850.83,0.255,41.1,0.027,0,2026-08-05,2026-08-06,False,False,5.0,2026-08-06T15:57:19+05:30
AMBER,7478.50,TOUCHED,-0.72,below,7425.0,7478.5,7494.33,7510.17,7478.5,0.423,41.1,0.027,0,2026-08-05,2026-08-06,False,False,5.0,2026-08-06T15:57:19+05:30
DALBHARAT,1830.70,TOUCHED,-0.45,below,1822.5,1830.7,1833.17,1835.63,1830.7,0.269,41.1,0.028,0,2026-08-05,2026-08-06,False,False,5.0,2026-08-06T15:57:19+05:30
ETERNAL,312.07,TOUCHED,1.34,above,316.25,312.07,311.5,312.07,310.93,0.369,41.1,0.028,0,2026-08-05,2026-08-06,False,False,5.0,2026-08-06T15:57:19+05:30
IGL,154.55,TOUCHED,-0.14,inside,154.33,154.55,154.55,154.79,154.32,0.306,41.1,0.046,0,2026-08-05,2026-08-06,False,False,5.0,2026-08-06T15:57:19+05:30
ACUTAAS,3267.93,TOUCHED,-0.22,inside,3260.6,3267.93,3267.93,3275.37,3260.5,0.455,41.6,0.036,0,2026-08-05,2026-08-06,False,False,5.0,2026-08-06T15:57:19+05:30
CRAFTSMAN,10390.50,TOUCHED,1.58,above,10555.0,10390.5,10372.5,10390.5,10354.5,0.347,41.6,0.053,0,2026-08-05,2026-08-06,False,False,5.0,2026-08-06T15:57:19+05:30
TRIDENT,24.94,TOUCHED,-0.17,below,24.9,24.94,24.98,25.01,24.94,0.267,41.6,0.028,0,2026-08-05,2026-08-06,False,False,5.0,2026-08-06T15:57:19+05:30
NCC,143.81,TOUCHED,-0.05,below,143.73,143.81,144.05,144.28,143.81,0.331,41.9,0.027,0,2026-08-05,2026-08-06,False,False,5.0,2026-08-06T15:57:19+05:30
COFORGE,1770.03,TOUCHED,0.16,inside,1772.8,1770.03,1770.03,1773.52,1766.55,0.394,42.2,0.032,0,2026-08-05,2026-08-06,False,False,5.0,2026-08-06T15:57:19+05:30
INFY,1169.90,TOUCHED,-0.42,below,1165.0,1169.9,1171.27,1172.63,1169.9,0.233,42.2,0.029,0,2026-08-05,2026-08-06,False,False,5.0,2026-08-06T15:57:19+05:30
CGPOWER,884.93,TOUCHED,-1.01,below,876.0,884.93,886.45,887.98,884.93,0.344,42.5,0.04,0,2026-08-05,2026-08-06,False,False,5.0,2026-08-06T15:57:19+05:30
CROMPTON,267.33,TOUCHED,1.0,above,270.0,267.33,266.92,267.33,266.51,0.306,42.5,0.025,0,2026-08-05,2026-08-06,False,False,5.0,2026-08-06T15:57:19+05:30
CYIENT,866.00,TOUCHED,-1.28,below,854.9,866.0,867.45,868.9,866.0,0.334,42.5,0.024,0,2026-08-05,2026-08-06,False,False,5.0,2026-08-06T15:57:19+05:30
IFCI,75.82,TOUCHED,-1.2,below,74.91,75.82,76.01,76.19,75.82,0.482,43.0,0.102,0,2026-08-05,2026-08-06,False,False,5.0,2026-08-06T15:57:19+05:30
LTFOODS,418.82,TOUCHED,0.14,inside,419.4,418.82,418.82,419.65,417.98,0.398,43.0,0.036,0,2026-08-05,2026-08-06,False,False,5.0,2026-08-06T15:57:19+05:30
CAPLIPOINT,2555.55,TOUCHED,1.18,above,2585.8,2555.55,2550.97,2555.55,2546.38,0.359,43.3,0.032,0,2026-08-05,2026-08-06,False,False,5.0,2026-08-06T15:57:19+05:30
TATACHEM,667.20,TOUCHED,-0.58,below,663.3,667.2,668.25,669.3,667.2,0.314,43.6,0.021,0,2026-08-05,2026-08-06,False,False,5.0,2026-08-06T15:57:19+05:30
CHOICEIN,827.98,TOUCHED,0.63,above,833.2,827.98,826.77,827.98,825.56,0.292,43.8,0.024,0,2026-08-05,2026-08-06,False,False,5.0,2026-08-06T15:57:19+05:30
ESCORTS,3094.93,TOUCHED,-0.45,below,3081.0,3094.93,3100.67,3106.4,3094.93,0.37,43.8,0.042,0,2026-08-05,2026-08-06,False,False,5.0,2026-08-06T15:57:19+05:30
VIJAYA,1381.50,TOUCHED,-0.85,below,1369.8,1381.5,1384.2,1386.9,1381.5,0.39,43.8,0.036,0,2026-08-05,2026-08-06,False,False,5.0,2026-08-06T15:57:19+05:30
ATGL,661.56,TOUCHED,-0.2,below,660.25,661.56,662.77,663.98,661.56,0.365,44.7,0.031,0,2026-08-05,2026-08-06,False,False,5.0,2026-08-06T15:57:19+05:30
GLAXO,2578.30,TOUCHED,0.05,inside,2579.5,2578.3,2578.3,2582.6,2574.0,0.334,44.7,0.026,0,2026-08-05,2026-08-06,False,False,5.0,2026-08-06T15:57:19+05:30
COCHINSHIP,1433.70,TOUCHED,3.93,above,1490.0,1433.7,1430.8,1433.7,1427.9,0.405,45.2,0.043,0,2026-08-05,2026-08-06,False,False,5.0,2026-08-06T15:57:19+05:30
HDFCBANK,735.76,TOUCHED,-0.2,below,734.3,735.76,736.52,737.27,735.76,0.206,45.2,0.019,0,2026-08-05,2026-08-06,False,False,5.0,2026-08-06T15:57:19+05:30
JSWINFRA,332.77,TOUCHED,-1.59,below,327.5,332.77,333.32,333.86,332.77,0.325,45.5,0.029,0,2026-08-05,2026-08-06,False,False,5.0,2026-08-06T15:57:19+05:30
MAZDOCK,2396.15,TOUCHED,5.59,above,2530.0,2396.15,2390.93,2396.15,2385.72,0.436,45.5,0.045,0,2026-08-05,2026-08-06,False,False,5.0,2026-08-06T15:57:19+05:30
MANKIND,2439.88,TOUCHED,-0.8,below,2420.3,2439.88,2444.17,2448.45,2439.88,0.35,46.0,0.038,0,2026-08-05,2026-08-06,False,False,5.0,2026-08-06T15:57:19+05:30
ONESOURCE,1549.77,TOUCHED,0.47,above,1557.1,1549.77,1545.83,1549.77,1541.9,0.509,46.0,0.052,0,2026-08-05,2026-08-06,False,False,5.0,2026-08-06T15:57:19+05:30
PFOCUS,300.87,TOUCHED,-2.98,below,291.9,300.87,302.03,303.2,300.87,0.773,46.3,0.05,0,2026-08-05,2026-08-06,False,False,5.0,2026-08-06T15:57:19+05:30
VMM,110.35,TOUCHED,-0.75,below,109.52,110.35,110.57,110.78,110.35,0.392,46.3,0.026,0,2026-08-05,2026-08-06,False,False,5.0,2026-08-06T15:57:19+05:30
ADANIGREEN,1383.17,TOUCHED,-0.84,below,1371.5,1383.17,1386.33,1389.5,1383.17,0.457,46.6,0.04,0,2026-08-05,2026-08-06,False,False,5.0,2026-08-06T15:57:19+05:30
CUMMINSIND,5449.75,TOUCHED,-0.88,below,5402.0,5449.75,5459.5,5469.25,5449.75,0.357,46.6,0.018,0,2026-08-05,2026-08-06,False,False,5.0,2026-08-06T15:57:19+05:30
LAURUSLABS,1838.52,TOUCHED,-0.46,below,1830.0,1838.52,1842.03,1845.55,1838.52,0.382,46.6,0.018,0,2026-08-05,2026-08-06,False,False,5.0,2026-08-06T15:57:19+05:30
UPL,578.22,TOUCHED,-0.95,below,572.75,578.22,579.18,580.15,578.22,0.334,46.6,0.02,0,2026-08-05,2026-08-06,False,False,5.0,2026-08-06T15:57:19+05:30
ENDURANCE,2881.17,TOUCHED,-0.12,inside,2877.7,2881.17,2881.17,2887.28,2875.05,0.425,47.4,0.046,0,2026-08-05,2026-08-06,False,False,5.0,2026-08-06T15:57:19+05:30
GICRE,360.27,TOUCHED,-0.39,below,358.85,360.27,360.88,361.5,360.27,0.342,47.4,0.032,0,2026-08-05,2026-08-06,False,False,5.0,2026-08-06T15:57:19+05:30
BSOFT,324.40,TOUCHED,-1.9,below,318.25,324.4,325.15,325.9,324.4,0.461,47.7,0.036,0,2026-08-05,2026-08-06,False,False,5.0,2026-08-06T15:57:19+05:30
PINELABS,149.25,TOUCHED,4.55,above,156.04,149.25,148.77,149.25,148.3,0.641,47.8,0.054,0,2026-08-05,2026-08-06,False,False,5.0,2026-08-06T15:57:19+05:30
HINDPETRO,395.73,TOUCHED,-0.18,below,395.0,395.73,396.5,397.27,395.73,0.391,48.2,0.034,0,2026-08-05,2026-08-06,False,False,5.0,2026-08-06T15:57:19+05:30
MINDACORP,724.50,TOUCHED,-1.05,below,716.9,724.5,726.0,727.5,724.5,0.413,48.5,0.035,0,2026-08-05,2026-08-06,False,False,5.0,2026-08-06T15:57:19+05:30
TRENT,3110.20,TOUCHED,-0.1,below,3107.1,3110.2,3116.47,3122.73,3110.2,0.402,48.8,0.046,0,2026-08-05,2026-08-06,False,False,5.0,2026-08-06T15:57:19+05:30
BALKRISIND,2489.00,TOUCHED,-0.94,below,2465.7,2489.0,2493.2,2497.4,2489.0,0.337,49.0,0.026,0,2026-08-05,2026-08-06,False,False,5.0,2026-08-06T15:57:19+05:30
OIL,443.16,TOUCHED,0.19,above,444.0,443.16,442.32,443.16,441.48,0.381,49.0,0.021,0,2026-08-05,2026-08-06,False,False,5.0,2026-08-06T15:57:19+05:30
TATATECH,757.95,TOUCHED,5.75,above,801.55,757.95,756.63,757.95,755.32,0.348,49.0,0.033,0,2026-08-05,2026-08-06,False,False,5.0,2026-08-06T15:57:19+05:30
IDEA,12.84,TOUCHED,-1.6,below,12.63,12.84,12.87,12.91,12.84,0.544,49.3,0.047,0,2026-08-05,2026-08-06,False,False,5.0,2026-08-06T15:57:19+05:30
RECLTD,366.65,TOUCHED,-1.4,below,361.5,366.65,367.3,367.95,366.65,0.354,49.6,0.016,0,2026-08-05,2026-08-06,False,False,5.0,2026-08-06T15:57:19+05:30
RELIANCE,1284.55,TOUCHED,3.15,above,1325.0,1284.55,1283.03,1284.55,1281.52,0.236,49.6,0.027,0,2026-08-05,2026-08-06,False,False,5.0,2026-08-06T15:57:19+05:30
HCLTECH,1352.02,TOUCHED,-1.26,below,1335.0,1352.02,1354.03,1356.05,1352.02,0.298,49.9,0.022,0,2026-08-05,2026-08-06,False,False,5.0,2026-08-06T15:57:19+05:30
ITCHOTELS,168.61,TOUCHED,1.46,above,171.08,168.61,168.29,168.61,167.97,0.378,49.9,0.037,0,2026-08-05,2026-08-06,False,False,5.0,2026-08-06T15:57:19+05:30
ACC,1395.98,TOUCHED,-1.26,below,1378.4,1395.98,1397.97,1399.95,1395.98,0.284,50.4,0.033,0,2026-08-05,2026-08-06,False,False,5.0,2026-08-06T15:57:19+05:30
RAILTEL,291.10,TOUCHED,-0.09,inside,290.85,291.1,291.1,291.85,290.35,0.515,50.4,0.049,0,2026-08-05,2026-08-06,False,False,5.0,2026-08-06T15:57:19+05:30
LATENTVIEW,297.25,TOUCHED,0.19,above,297.8,297.25,296.5,297.25,295.75,0.506,50.7,0.035,0,2026-08-05,2026-08-06,False,False,5.0,2026-08-06T15:57:19+05:30
SWANCORP,311.44,TOUCHED,-0.17,below,310.9,311.44,312.28,313.12,311.44,0.539,50.7,0.034,0,2026-08-05,2026-08-06,False,False,5.0,2026-08-06T15:57:19+05:30
DIXON,14209.00,TOUCHED,-0.06,below,14200.0,14209.0,14242.67,14276.33,14209.0,0.473,51.0,0.056,0,2026-08-05,2026-08-06,False,False,5.0,2026-08-06T15:57:19+05:30
SOBHA,1364.00,TOUCHED,-0.59,below,1355.9,1364.0,1367.0,1370.0,1364.0,0.439,51.0,0.029,0,2026-08-05,2026-08-06,False,False,5.0,2026-08-06T15:57:19+05:30
JINDALSTEL,1115.63,TOUCHED,-1.31,below,1101.0,1115.63,1117.87,1120.1,1115.63,0.4,51.2,0.034,0,2026-08-05,2026-08-06,False,False,5.0,2026-08-06T15:57:19+05:30
KIRLOSENG,2254.63,TOUCHED,-0.25,inside,2248.9,2254.63,2254.63,2261.25,2248.02,0.587,51.2,0.035,0,2026-08-05,2026-08-06,False,False,5.0,2026-08-06T15:57:19+05:30
NIVABUPA,87.27,TOUCHED,-0.1,inside,87.18,87.27,87.27,87.4,87.13,0.313,51.2,0.019,0,2026-08-05,2026-08-06,False,False,5.0,2026-08-06T15:57:19+05:30
NH,1907.20,TOUCHED,-1.16,below,1885.0,1907.2,1911.3,1915.4,1907.2,0.429,51.5,0.036,0,2026-08-05,2026-08-06,False,False,5.0,2026-08-06T15:57:19+05:30
RADICO,4521.50,TOUCHED,-1.14,below,4470.0,4521.5,4531.0,4540.5,4521.5,0.419,51.5,0.021,0,2026-08-05,2026-08-06,False,False,5.0,2026-08-06T15:57:19+05:30
GALLANTT,625.82,TOUCHED,-1.67,below,615.35,625.82,627.6,629.38,625.82,0.566,52.3,0.07,0,2026-08-05,2026-08-06,False,False,5.0,2026-08-06T15:57:19+05:30
IOB,34.40,TOUCHED,1.16,above,34.8,34.4,34.33,34.4,34.27,0.388,52.3,0.034,0,2026-08-05,2026-08-06,False,False,5.0,2026-08-06T15:57:19+05:30
WELSPUNLIV,161.20,TOUCHED,-1.21,below,159.25,161.2,161.63,162.05,161.2,0.524,52.3,0.042,0,2026-08-05,2026-08-06,False,False,5.0,2026-08-06T15:57:19+05:30
INDUSINDBK,1021.18,TOUCHED,-0.49,below,1016.2,1021.18,1023.37,1025.55,1021.18,0.427,53.2,0.031,0,2026-08-05,2026-08-06,False,False,5.0,2026-08-06T15:57:19+05:30
MOTILALOFS,875.07,TOUCHED,-0.12,inside,874.0,875.07,875.07,877.53,872.6,0.564,53.4,0.045,0,2026-08-05,2026-08-06,False,False,5.0,2026-08-06T15:57:19+05:30
NUVOCO,348.50,TOUCHED,1.25,above,352.85,348.5,347.7,348.5,346.9,0.46,53.4,0.039,0,2026-08-05,2026-08-06,False,False,5.0,2026-08-06T15:57:19+05:30
ABSLAMC,1014.57,TOUCHED,0.94,above,1024.1,1014.57,1012.03,1014.57,1009.5,0.501,54.0,0.032,0,2026-08-05,2026-08-06,False,False,5.0,2026-08-06T15:57:19+05:30
GLAND,2563.40,TOUCHED,1.75,above,2608.3,2563.4,2557.3,2563.4,2551.2,0.477,54.5,0.04,0,2026-08-05,2026-08-06,False,False,5.0,2026-08-06T15:57:19+05:30
TATAPOWER,380.95,TOUCHED,-0.62,below,378.6,380.95,381.63,382.32,380.95,0.358,54.8,0.023,0,2026-08-05,2026-08-06,False,False,5.0,2026-08-06T15:57:19+05:30
AWL,193.12,TOUCHED,2.69,above,198.32,193.12,192.7,193.12,192.28,0.438,55.1,0.044,0,2026-08-05,2026-08-06,False,False,5.0,2026-08-06T15:57:19+05:30
PNB,114.25,TOUCHED,0.04,above,114.3,114.25,114.02,114.25,113.78,0.409,55.3,0.035,0,2026-08-05,2026-08-06,False,False,5.0,2026-08-06T15:57:19+05:30
MCX,2621.75,TOUCHED,0.7,above,2640.0,2621.75,2614.03,2621.75,2606.32,0.59,55.9,0.059,0,2026-08-05,2026-08-06,False,False,5.0,2026-08-06T15:57:19+05:30
GRSE,2534.00,TOUCHED,2.58,above,2599.4,2534.0,2525.1,2534.0,2516.2,0.705,56.2,0.067,0,2026-08-05,2026-08-06,False,False,5.0,2026-08-06T15:57:19+05:30
IRCON,132.06,TOUCHED,0.04,inside,132.11,132.06,132.06,132.41,131.71,0.53,56.2,0.042,0,2026-08-05,2026-08-06,False,False,5.0,2026-08-06T15:57:19+05:30
SUMICHEM,511.77,TOUCHED,2.62,above,525.2,511.77,510.37,511.77,508.96,0.552,56.2,0.039,0,2026-08-05,2026-08-06,False,False,5.0,2026-08-06T15:57:19+05:30
CENTRALBK,31.49,TOUCHED,0.06,above,31.51,31.49,31.42,31.49,31.36,0.424,56.4,0.041,0,2026-08-05,2026-08-06,False,False,5.0,2026-08-06T15:57:19+05:30
CREDITACC,1541.25,TOUCHED,0.37,above,1547.0,1541.25,1536.7,1541.25,1532.15,0.592,57.3,0.035,0,2026-08-05,2026-08-06,False,False,5.0,2026-08-06T15:57:19+05:30
SBILIFE,1882.95,TOUCHED,-1.14,below,1861.5,1882.95,1886.0,1889.05,1882.95,0.323,57.5,0.017,0,2026-08-05,2026-08-06,False,False,5.0,2026-08-06T15:57:19+05:30
BAJAJFINSV,2089.77,TOUCHED,-0.18,below,2086.0,2089.77,2093.53,2097.3,2089.77,0.36,58.1,0.02,0,2026-08-05,2026-08-06,False,False,5.0,2026-08-06T15:57:19+05:30
CLEAN,766.84,TOUCHED,0.63,above,771.65,766.84,764.73,766.84,762.62,0.551,59.2,0.026,0,2026-08-05,2026-08-06,False,False,5.0,2026-08-06T15:57:19+05:30
BLUEJET,586.50,TOUCHED,0.24,inside,587.9,586.5,586.5,588.85,584.15,0.801,59.5,0.042,0,2026-08-05,2026-08-06,False,False,5.0,2026-08-06T15:57:19+05:30
JWL,261.15,TOUCHED,0.36,above,262.1,261.15,260.38,261.15,259.62,0.589,59.7,0.042,0,2026-08-05,2026-08-06,False,False,5.0,2026-08-06T15:57:19+05:30
ABDL,616.38,TOUCHED,-1.12,below,609.5,616.38,618.6,620.83,616.38,0.719,60.0,0.076,0,2026-08-05,2026-08-06,False,False,5.0,2026-08-06T15:57:19+05:30
RKFORGE,700.65,TOUCHED,-0.02,below,700.5,700.65,702.58,704.52,700.65,0.55,60.0,0.048,0,2026-08-05,2026-08-06,False,False,5.0,2026-08-06T15:57:19+05:30
TATACONSUM,1091.83,TOUCHED,-0.17,inside,1090.0,1091.83,1091.83,1094.07,1089.6,0.409,60.5,0.027,0,2026-08-05,2026-08-06,False,False,5.0,2026-08-06T15:57:19+05:30
COLPAL,2032.20,TOUCHED,-0.19,inside,2028.4,2032.2,2032.2,2036.1,2028.3,0.384,60.8,0.024,0,2026-08-05,2026-08-06,False,False,5.0,2026-08-06T15:57:19+05:30
TORNTPOWER,1327.37,TOUCHED,-0.16,below,1325.2,1327.37,1331.23,1335.1,1327.37,0.581,60.8,0.031,0,2026-08-05,2026-08-06,False,False,5.0,2026-08-06T15:57:19+05:30
AJANTPHARM,3465.50,TOUCHED,0.14,above,3470.4,3465.5,3456.17,3465.5,3446.83,0.54,61.1,0.04,0,2026-08-05,2026-08-06,False,False,5.0,2026-08-06T15:57:19+05:30
LTTS,3555.57,TOUCHED,-0.0,inside,3555.4,3555.57,3555.57,3565.43,3545.7,0.555,61.1,0.042,0,2026-08-05,2026-08-06,False,False,5.0,2026-08-06T15:57:19+05:30
CDSL,1333.87,TOUCHED,-0.21,inside,1331.0,1333.87,1333.87,1337.55,1330.18,0.552,61.4,0.036,0,2026-08-05,2026-08-06,False,False,5.0,2026-08-06T15:57:19+05:30
JUBLFOOD,481.50,TOUCHED,-1.77,below,473.0,481.5,482.67,483.83,481.5,0.483,61.4,0.018,0,2026-08-05,2026-08-06,False,False,5.0,2026-08-06T15:57:19+05:30
UNITDSPR,1526.67,TOUCHED,-0.11,inside,1525.0,1526.67,1526.67,1530.0,1523.33,0.437,61.4,0.035,0,2026-08-05,2026-08-06,False,False,5.0,2026-08-06T15:57:19+05:30
INDIGO,5412.50,TOUCHED,-1.74,below,5318.5,5412.5,5425.0,5437.5,5412.5,0.461,61.6,0.023,0,2026-08-05,2026-08-06,False,False,5.0,2026-08-06T15:57:19+05:30
PVRINOX,1165.27,TOUCHED,-1.28,below,1150.4,1165.27,1168.63,1172.0,1165.27,0.576,61.6,0.03,0,2026-08-05,2026-08-06,False,False,5.0,2026-08-06T15:57:19+05:30
AAVAS,1379.45,TOUCHED,-0.58,below,1371.4,1379.45,1383.2,1386.95,1379.45,0.542,61.9,0.027,0,2026-08-05,2026-08-06,False,False,5.0,2026-08-06T15:57:19+05:30
GABRIEL,1568.60,TOUCHED,-1.49,below,1545.2,1568.6,1574.97,1581.33,1568.6,0.808,61.9,0.033,0,2026-08-05,2026-08-06,False,False,5.0,2026-08-06T15:57:19+05:30
POLYMED,1714.17,TOUCHED,-0.28,below,1709.3,1714.17,1719.83,1725.5,1714.17,0.659,61.9,0.052,0,2026-08-05,2026-08-06,False,False,5.0,2026-08-06T15:57:19+05:30
SARDAEN,501.28,TOUCHED,-0.08,below,500.9,501.28,502.87,504.45,501.28,0.63,61.9,0.028,0,2026-08-05,2026-08-06,False,False,5.0,2026-08-06T15:57:19+05:30
KEC,478.37,TOUCHED,-0.14,inside,477.7,478.37,478.37,479.77,476.96,0.589,62.2,0.023,0,2026-08-05,2026-08-06,False,False,5.0,2026-08-06T15:57:19+05:30
OFSS,11729.00,TOUCHED,0.05,above,11735.0,11729.0,11699.0,11729.0,11669.0,0.513,62.2,0.024,0,2026-08-05,2026-08-06,False,False,5.0,2026-08-06T15:57:19+05:30
NETWEB,4829.00,TOUCHED,-0.27,below,4816.0,4829.0,4850.6,4872.2,4829.0,0.891,62.7,0.054,0,2026-08-05,2026-08-06,False,False,5.0,2026-08-06T15:57:19+05:30
JSWDULUX,3043.55,TOUCHED,1.1,above,3077.0,3043.55,3036.4,3043.55,3029.25,0.471,63.0,0.022,0,2026-08-05,2026-08-06,False,False,5.0,2026-08-06T15:57:19+05:30
ASHOKLEY,176.52,TOUCHED,0.55,above,177.5,176.52,176.05,176.52,175.57,0.54,63.6,0.027,0,2026-08-05,2026-08-06,False,False,5.0,2026-08-06T15:57:19+05:30
CHALET,837.21,TOUCHED,1.96,above,853.6,837.21,834.77,837.21,832.32,0.585,63.6,0.023,0,2026-08-05,2026-08-06,False,False,5.0,2026-08-06T15:57:19+05:30
GVT&D,4377.97,TOUCHED,-0.26,inside,4366.7,4377.97,4377.97,4393.98,4361.95,0.732,63.6,0.025,0,2026-08-05,2026-08-06,False,False,5.0,2026-08-06T15:57:19+05:30
IRFC,89.33,TOUCHED,-0.04,inside,89.29,89.33,89.33,89.54,89.11,0.478,63.6,0.033,0,2026-08-05,2026-08-06,False,False,5.0,2026-08-06T15:57:19+05:30
ABREL,1425.88,TOUCHED,-1.75,below,1401.0,1425.88,1430.57,1435.25,1425.88,0.655,63.8,0.025,0,2026-08-05,2026-08-06,False,False,5.0,2026-08-06T15:57:19+05:30
BLUESTARCO,1669.98,TOUCHED,-5.93,below,1571.0,1669.98,1674.97,1679.95,1669.98,0.595,63.8,0.046,0,2026-08-05,2026-08-06,False,False,5.0,2026-08-06T15:57:19+05:30
SPLPETRO,708.35,TOUCHED,-0.8,below,702.65,708.35,710.7,713.05,708.35,0.661,63.8,0.039,0,2026-08-05,2026-08-06,False,False,5.0,2026-08-06T15:57:19+05:30
SYNGENE,407.98,TOUCHED,-2.02,below,399.75,407.98,409.02,410.05,407.98,0.505,64.1,0.025,0,2026-08-05,2026-08-06,False,False,5.0,2026-08-06T15:57:19+05:30
DEEPAKFERT,1600.20,TOUCHED,-2.57,below,1559.0,1600.2,1606.0,1611.8,1600.2,0.722,64.7,0.044,0,2026-08-05,2026-08-06,False,False,5.0,2026-08-06T15:57:19+05:30
PETRONET,281.43,TOUCHED,-1.59,below,276.95,281.43,282.07,282.7,281.43,0.449,64.7,0.025,0,2026-08-05,2026-08-06,False,False,5.0,2026-08-06T15:57:19+05:30
HSCL,756.67,TOUCHED,0.57,above,761.0,756.67,754.1,756.67,751.53,0.683,65.2,0.035,0,2026-08-05,2026-08-06,False,False,5.0,2026-08-06T15:57:19+05:30
PCBL,326.55,TOUCHED,-0.54,below,324.8,326.55,327.52,328.48,326.55,0.59,65.2,0.05,0,2026-08-05,2026-08-06,False,False,5.0,2026-08-06T15:57:19+05:30
RBLBANK,388.62,TOUCHED,0.33,above,389.9,388.62,387.45,388.62,386.28,0.607,65.8,0.032,0,2026-08-05,2026-08-06,False,False,5.0,2026-08-06T15:57:19+05:30
RAINBOW,1585.75,TOUCHED,-0.79,below,1573.2,1585.75,1590.03,1594.32,1585.75,0.539,66.0,0.034,0,2026-08-05,2026-08-06,False,False,5.0,2026-08-06T15:57:19+05:30
CASTROLIND,192.49,TOUCHED,0.87,above,194.17,192.49,192.17,192.49,191.86,0.33,66.3,0.014,0,2026-08-05,2026-08-06,False,False,5.0,2026-08-06T15:57:19+05:30
LINDEINDIA,7136.40,TOUCHED,0.23,above,7152.5,7136.4,7116.27,7136.4,7096.13,0.566,66.3,0.024,0,2026-08-05,2026-08-06,False,False,5.0,2026-08-06T15:57:19+05:30
SIEMENS,3990.82,TOUCHED,-0.97,below,3952.0,3990.82,4001.63,4012.45,3990.82,0.541,66.3,0.024,0,2026-08-05,2026-08-06,False,False,5.0,2026-08-06T15:57:19+05:30
SUNPHARMA,1947.40,TOUCHED,0.18,inside,1951.0,1947.4,1947.4,1951.1,1943.7,0.38,66.3,0.02,0,2026-08-05,2026-08-06,False,False,5.0,2026-08-06T15:57:19+05:30
VTL,601.83,TOUCHED,0.06,inside,602.2,601.83,601.83,603.75,599.92,0.637,66.3,0.032,0,2026-08-05,2026-08-06,False,False,5.0,2026-08-06T15:57:19+05:30
PAGEIND,40087.50,TOUCHED,-0.09,below,40050.0,40087.5,40176.67,40265.83,40087.5,0.444,66.6,0.027,0,2026-08-05,2026-08-06,False,False,5.0,2026-08-06T15:57:19+05:30
BALRAMCHIN,637.38,TOUCHED,-1.27,below,629.3,637.38,639.22,641.05,637.38,0.574,67.1,0.029,0,2026-08-05,2026-08-06,False,False,5.0,2026-08-06T15:57:19+05:30
PFIZER,4897.00,TOUCHED,0.06,above,4900.0,4897.0,4886.0,4897.0,4875.0,0.45,67.4,0.021,0,2026-08-05,2026-08-06,False,False,5.0,2026-08-06T15:57:19+05:30
RAMCOCEM,929.33,TOUCHED,0.84,above,937.1,929.33,926.93,929.33,924.54,0.516,67.4,0.041,0,2026-08-05,2026-08-06,False,False,5.0,2026-08-06T15:57:19+05:30
NAM-INDIA,1201.50,TOUCHED,-0.12,below,1200.0,1201.5,1206.0,1210.5,1201.5,0.746,67.7,0.035,0,2026-08-05,2026-08-06,False,False,5.0,2026-08-06T15:57:19+05:30
ELGIEQUIP,587.93,TOUCHED,0.22,inside,589.25,587.93,587.93,589.85,586.02,0.652,67.9,0.045,0,2026-08-05,2026-08-06,False,False,5.0,2026-08-06T15:57:19+05:30
EMCURE,1965.87,TOUCHED,-1.48,below,1936.7,1965.87,1972.73,1979.6,1965.87,0.696,68.2,0.029,0,2026-08-05,2026-08-06,False,False,5.0,2026-08-06T15:57:19+05:30
MPHASIS,2437.35,TOUCHED,-0.63,below,2421.9,2437.35,2444.9,2452.45,2437.35,0.618,68.2,0.024,0,2026-08-05,2026-08-06,False,False,5.0,2026-08-06T15:57:19+05:30
AADHARHFC,503.78,TOUCHED,2.21,above,514.9,503.78,502.37,503.78,500.95,0.564,68.8,0.025,0,2026-08-05,2026-08-06,False,False,5.0,2026-08-06T15:57:19+05:30
PHOENIXLTD,1936.35,TOUCHED,-1.21,below,1913.0,1936.35,1942.2,1948.05,1936.35,0.602,69.0,0.048,0,2026-08-05,2026-08-06,False,False,5.0,2026-08-06T15:57:19+05:30
REDINGTON,350.58,TOUCHED,0.05,inside,350.75,350.58,350.58,351.95,349.22,0.78,69.0,0.039,0,2026-08-05,2026-08-06,False,False,5.0,2026-08-06T15:57:19+05:30
SUPREMEIND,3471.15,TOUCHED,-0.07,below,3468.6,3471.15,3481.7,3492.25,3471.15,0.606,69.3,0.04,0,2026-08-05,2026-08-06,False,False,5.0,2026-08-06T15:57:19+05:30
HDFCLIFE,542.65,TOUCHED,-0.03,inside,542.5,542.65,542.65,543.82,541.47,0.433,69.9,0.018,0,2026-08-05,2026-08-06,False,False,5.0,2026-08-06T15:57:19+05:30
RVNL,231.29,TOUCHED,1.6,above,235.0,231.29,230.53,231.29,229.76,0.664,69.9,0.034,0,2026-08-05,2026-08-06,False,False,5.0,2026-08-06T15:57:19+05:30
CHENNPETRO,1310.27,TOUCHED,-1.33,below,1292.8,1310.27,1316.63,1323.0,1310.27,0.967,70.1,0.026,0,2026-08-05,2026-08-06,False,False,5.0,2026-08-06T15:57:19+05:30
SIGNATURE,816.48,TOUCHED,-0.18,below,815.0,816.48,819.25,822.02,816.48,0.677,70.1,0.03,0,2026-08-05,2026-08-06,False,False,5.0,2026-08-06T15:57:19+05:30
USHAMART,516.57,TOUCHED,-0.18,inside,515.65,516.57,516.57,518.41,514.72,0.713,70.7,0.04,0,2026-08-05,2026-08-06,False,False,5.0,2026-08-06T15:57:19+05:30
VOLTAS,1304.85,TOUCHED,-2.29,below,1275.0,1304.85,1309.2,1313.55,1304.85,0.665,70.7,0.038,0,2026-08-05,2026-08-06,False,False,5.0,2026-08-06T15:57:19+05:30
BANKBARODA,247.72,TOUCHED,1.32,above,251.0,247.72,247.01,247.72,246.31,0.572,71.2,0.012,0,2026-08-05,2026-08-06,False,False,5.0,2026-08-06T15:57:19+05:30
NAUKRI,1246.07,TOUCHED,-0.49,below,1240.0,1246.07,1250.13,1254.2,1246.07,0.651,71.2,0.023,0,2026-08-05,2026-08-06,False,False,5.0,2026-08-06T15:57:19+05:30
VBL,441.03,TOUCHED,0.67,above,444.0,441.03,439.68,441.03,438.34,0.61,71.2,0.03,0,2026-08-05,2026-08-06,False,False,5.0,2026-08-06T15:57:19+05:30
KEI,5558.13,TOUCHED,0.66,above,5595.0,5558.13,5539.27,5558.13,5520.4,0.681,71.8,0.026,0,2026-08-05,2026-08-06,False,False,5.0,2026-08-06T15:57:19+05:30
360ONE,1183.33,TOUCHED,0.23,inside,1186.0,1183.33,1183.33,1187.67,1179.0,0.732,72.1,0.032,0,2026-08-05,2026-08-06,False,False,5.0,2026-08-06T15:57:19+05:30
SAIL,174.89,TOUCHED,1.06,above,176.74,174.89,174.27,174.89,173.66,0.704,72.3,0.026,0,2026-08-05,2026-08-06,False,False,5.0,2026-08-06T15:57:19+05:30
AFCONS,281.78,TOUCHED,-1.08,below,278.75,281.78,282.67,283.55,281.78,0.625,72.6,0.024,0,2026-08-05,2026-08-06,False,False,5.0,2026-08-06T15:57:19+05:30
HFCL,208.97,TOUCHED,-2.54,below,203.67,208.97,210.06,211.14,208.97,1.035,72.6,0.028,0,2026-08-05,2026-08-06,False,False,5.0,2026-08-06T15:57:19+05:30
HEXT,562.90,TOUCHED,-1.23,below,556.0,562.9,565.47,568.03,562.9,0.908,72.9,0.046,0,2026-08-05,2026-08-06,False,False,5.0,2026-08-06T15:57:19+05:30
INDUSTOWER,387.04,TOUCHED,-0.97,below,383.3,387.04,388.23,389.42,387.04,0.614,72.9,0.022,0,2026-08-05,2026-08-06,False,False,5.0,2026-08-06T15:57:19+05:30
ABB,7732.83,TOUCHED,0.03,inside,7735.0,7732.83,7732.83,7754.0,7711.67,0.547,73.4,0.023,0,2026-08-05,2026-08-06,False,False,5.0,2026-08-06T15:57:19+05:30
BERGEPAINT,540.05,TOUCHED,-0.45,below,537.6,540.05,541.77,543.48,540.05,0.634,73.4,0.013,0,2026-08-05,2026-08-06,False,False,5.0,2026-08-06T15:57:19+05:30
BEML,1693.35,TOUCHED,1.87,above,1725.1,1693.35,1686.1,1693.35,1678.85,0.86,73.7,0.028,0,2026-08-05,2026-08-06,False,False,5.0,2026-08-06T15:57:19+05:30
JIOFIN,263.62,TOUCHED,-0.2,inside,263.1,263.62,263.62,264.45,262.78,0.632,74.5,0.022,0,2026-08-05,2026-08-06,False,False,5.0,2026-08-06T15:57:19+05:30
ULTRACEMCO,12104.50,TOUCHED,-0.24,below,12075.0,12104.5,12133.0,12161.5,12104.5,0.47,74.5,0.023,0,2026-08-05,2026-08-06,False,False,5.0,2026-08-06T15:57:19+05:30
FSL,334.95,TOUCHED,-12.24,below,293.95,334.95,336.45,337.95,334.95,0.892,74.8,0.034,0,2026-08-05,2026-08-06,False,False,5.0,2026-08-06T15:57:19+05:30
DRREDDY,1168.05,TOUCHED,-0.03,below,1167.7,1168.05,1170.7,1173.35,1168.05,0.453,75.1,0.015,0,2026-08-05,2026-08-06,False,False,5.0,2026-08-06T15:57:19+05:30
ONGC,240.82,TOUCHED,-1.25,below,237.8,240.82,241.44,242.06,240.82,0.512,75.3,0.029,0,2026-08-05,2026-08-06,False,False,5.0,2026-08-06T15:57:19+05:30
TATASTEEL,191.42,TOUCHED,-1.1,below,189.3,191.42,191.94,192.47,191.42,0.547,75.3,0.021,0,2026-08-05,2026-08-06,False,False,5.0,2026-08-06T15:57:19+05:30
ZENSARTECH,502.49,TOUCHED,-0.37,below,500.65,502.49,504.63,506.78,502.49,0.849,76.2,0.035,0,2026-08-05,2026-08-06,False,False,5.0,2026-08-06T15:57:19+05:30
NSLNISP,44.60,TOUCHED,0.47,above,44.81,44.6,44.43,44.6,44.27,0.758,76.7,0.033,0,2026-08-05,2026-08-06,False,False,5.0,2026-08-06T15:57:19+05:30
HDBFS,676.90,TOUCHED,-0.18,below,675.7,676.9,678.55,680.2,676.9,0.486,77.0,0.022,0,2026-08-05,2026-08-06,False,False,5.0,2026-08-06T15:57:19+05:30
OLAELEC,41.18,TOUCHED,0.63,above,41.44,41.18,40.92,41.18,40.66,1.271,77.0,0.073,0,2026-08-05,2026-08-06,False,False,5.0,2026-08-06T15:57:19+05:30
KARURVYSYA,338.92,TOUCHED,-0.42,below,337.5,338.92,340.18,341.45,338.92,0.745,78.1,0.038,0,2026-08-05,2026-08-06,False,False,5.0,2026-08-06T15:57:19+05:30
TVSMOTOR,4410.10,TOUCHED,-0.8,below,4375.0,4410.1,4425.13,4440.17,4410.1,0.679,78.1,0.019,0,2026-08-05,2026-08-06,False,False,5.0,2026-08-06T15:57:19+05:30
MUTHOOTFIN,2902.10,TOUCHED,-0.27,below,2894.2,2902.1,2912.2,2922.3,2902.1,0.694,78.4,0.04,0,2026-08-05,2026-08-06,False,False,5.0,2026-08-06T15:57:19+05:30
NEWGEN,559.20,TOUCHED,-3.0,below,542.4,559.2,561.85,564.5,559.2,0.943,78.4,0.034,0,2026-08-05,2026-08-06,False,False,5.0,2026-08-06T15:57:19+05:30
PPLPHARMA,205.91,TOUCHED,1.13,above,208.24,205.91,205.05,205.91,204.18,0.845,78.4,0.044,0,2026-08-05,2026-08-06,False,False,5.0,2026-08-06T15:57:19+05:30
TATAINVEST,673.00,TOUCHED,-0.88,below,667.1,673.0,675.5,678.0,673.0,0.74,78.4,0.023,0,2026-08-05,2026-08-06,False,False,5.0,2026-08-06T15:57:19+05:30
ATUL,6817.17,TOUCHED,-0.3,below,6796.5,6817.17,6840.33,6863.5,6817.17,0.677,78.6,0.016,0,2026-08-05,2026-08-06,False,False,5.0,2026-08-06T15:57:19+05:30
KAJARIACER,1190.32,TOUCHED,-1.25,below,1175.4,1190.32,1194.73,1199.15,1190.32,0.739,78.6,0.029,0,2026-08-05,2026-08-06,False,False,5.0,2026-08-06T15:57:19+05:30
BDL,1258.00,TOUCHED,3.26,above,1299.0,1258.0,1252.0,1258.0,1246.0,0.958,78.9,0.049,0,2026-08-05,2026-08-06,False,False,5.0,2026-08-06T15:57:19+05:30
LTM,4537.23,TOUCHED,-0.2,inside,4528.0,4537.23,4537.23,4552.85,4521.62,0.688,79.2,0.032,0,2026-08-05,2026-08-06,False,False,5.0,2026-08-06T15:57:19+05:30
MEDANTA,1427.30,TOUCHED,1.19,above,1444.3,1427.3,1421.63,1427.3,1415.97,0.797,79.2,0.028,0,2026-08-05,2026-08-06,False,False,5.0,2026-08-06T15:57:19+05:30
SBIN,1052.55,TOUCHED,3.08,above,1085.0,1052.55,1050.1,1052.55,1047.65,0.467,79.2,0.011,0,2026-08-05,2026-08-06,False,False,5.0,2026-08-06T15:57:19+05:30
ACE,1123.80,TOUCHED,-0.9,below,1113.7,1123.8,1128.47,1133.13,1123.8,0.827,79.5,0.049,0,2026-08-05,2026-08-06,False,False,5.0,2026-08-06T15:57:19+05:30
CONCORDBIO,1392.00,TOUCHED,-1.24,below,1374.7,1392.0,1399.0,1406.0,1392.0,1.001,80.0,0.022,0,2026-08-05,2026-08-06,False,False,5.0,2026-08-06T15:57:19+05:30
LEMONTREE,113.62,TOUCHED,-0.41,inside,113.15,113.62,113.62,114.09,113.15,0.827,80.0,0.029,0,2026-08-05,2026-08-06,False,False,5.0,2026-08-06T15:57:19+05:30
SAILIFE,1388.43,TOUCHED,1.81,above,1413.5,1388.43,1382.57,1388.43,1376.7,0.849,80.0,0.041,0,2026-08-05,2026-08-06,False,False,5.0,2026-08-06T15:57:19+05:30
DMART,3958.08,TOUCHED,-0.68,below,3931.2,3958.08,3970.17,3982.25,3958.08,0.609,80.3,0.028,0,2026-08-05,2026-08-06,False,False,5.0,2026-08-06T15:57:19+05:30
BAJAJ-AUTO,11690.00,TOUCHED,-0.6,below,11620.0,11690.0,11726.67,11763.33,11690.0,0.625,80.5,0.028,0,2026-08-05,2026-08-06,False,False,5.0,2026-08-06T15:57:19+05:30
BRIGADE,575.45,TOUCHED,-0.4,inside,573.15,575.45,575.45,578.02,572.87,0.895,80.5,0.024,0,2026-08-05,2026-08-06,False,False,5.0,2026-08-06T15:57:19+05:30
DABUR,411.65,TOUCHED,-0.09,inside,411.3,411.65,411.65,412.82,410.47,0.571,80.8,0.035,0,2026-08-05,2026-08-06,False,False,5.0,2026-08-06T15:57:19+05:30
ASAHIINDIA,914.40,TOUCHED,-0.05,below,913.95,914.4,918.5,922.6,914.4,0.893,81.1,0.045,0,2026-08-05,2026-08-06,False,False,5.0,2026-08-06T15:57:19+05:30
GAIL,176.39,TOUCHED,0.01,above,176.4,176.39,175.82,176.39,175.25,0.648,81.4,0.015,0,2026-08-05,2026-08-06,False,False,5.0,2026-08-06T15:57:19+05:30
SONACOMS,803.98,TOUCHED,-1.49,below,792.0,803.98,807.52,811.06,803.98,0.877,81.4,0.034,0,2026-08-05,2026-08-06,False,False,5.0,2026-08-06T15:57:19+05:30
GLENMARK,2250.25,TOUCHED,0.88,above,2270.0,2250.25,2241.5,2250.25,2232.75,0.781,81.9,0.036,0,2026-08-05,2026-08-06,False,False,5.0,2026-08-06T15:57:19+05:30
GRANULES,838.03,TOUCHED,0.09,inside,838.75,838.03,838.03,841.57,834.5,0.843,81.9,0.037,0,2026-08-05,2026-08-06,False,False,5.0,2026-08-06T15:57:19+05:30
DLF,651.87,TOUCHED,-1.51,below,642.0,651.87,654.63,657.4,651.87,0.845,82.2,0.033,0,2026-08-05,2026-08-06,False,False,5.0,2026-08-06T15:57:19+05:30
LTF,319.77,TOUCHED,-0.98,below,316.65,319.77,321.15,322.52,319.77,0.856,82.2,0.028,0,2026-08-05,2026-08-06,False,False,5.0,2026-08-06T15:57:19+05:30
JMFINANCIL,128.19,TOUCHED,1.24,above,129.78,128.19,127.5,128.19,126.81,1.082,82.5,0.046,0,2026-08-05,2026-08-06,False,False,5.0,2026-08-06T15:57:19+05:30
HEROMOTOCO,5630.00,TOUCHED,-1.41,below,5550.5,5630.0,5650.0,5670.0,5630.0,0.708,82.7,0.017,0,2026-08-05,2026-08-06,False,False,5.0,2026-08-06T15:57:19+05:30
TCS,2420.15,TOUCHED,-1.95,below,2373.0,2420.15,2427.3,2434.45,2420.15,0.589,82.7,0.029,0,2026-08-05,2026-08-06,False,False,5.0,2026-08-06T15:57:19+05:30
CHOLAHLDNG,1596.07,TOUCHED,2.88,above,1642.0,1596.07,1588.43,1596.07,1580.8,0.961,83.0,0.026,0,2026-08-05,2026-08-06,False,False,5.0,2026-08-06T15:57:19+05:30
ICICIPRULI,511.07,TOUCHED,-0.8,below,507.0,511.07,512.9,514.72,511.07,0.712,83.0,0.023,0,2026-08-05,2026-08-06,False,False,5.0,2026-08-06T15:57:19+05:30
AUROPHARMA,1596.00,TOUCHED,-0.44,below,1588.9,1596.0,1601.8,1607.6,1596.0,0.724,83.3,0.038,0,2026-08-05,2026-08-06,False,False,5.0,2026-08-06T15:57:19+05:30
KALYANKJIL,578.33,TOUCHED,3.4,above,598.0,578.33,575.38,578.33,572.44,1.023,83.6,0.039,0,2026-08-05,2026-08-06,False,False,5.0,2026-08-06T15:57:19+05:30
KOTAKBANK,396.93,TOUCHED,-0.74,below,394.0,396.93,397.95,398.98,396.93,0.515,84.4,0.024,0,2026-08-05,2026-08-06,False,False,5.0,2026-08-06T15:57:19+05:30
PRESTIGE,1600.88,TOUCHED,-1.43,below,1578.0,1600.88,1608.77,1616.65,1600.88,0.98,84.4,0.055,0,2026-08-05,2026-08-06,False,False,5.0,2026-08-06T15:57:19+05:30
TBOTEK,1639.50,TOUCHED,-1.0,below,1623.1,1639.5,1648.83,1658.17,1639.5,1.132,84.4,0.033,0,2026-08-05,2026-08-06,False,False,5.0,2026-08-06T15:57:19+05:30
DCMSHRIRAM,1015.25,TOUCHED,-0.48,below,1010.4,1015.25,1020.5,1025.75,1015.25,1.029,84.7,0.024,0,2026-08-05,2026-08-06,False,False,5.0,2026-08-06T15:57:19+05:30
ATHERENERG,1451.77,TOUCHED,0.1,inside,1453.2,1451.77,1451.77,1461.28,1442.25,1.311,84.8,0.058,0,2026-08-05,2026-08-06,False,False,5.0,2026-08-06T15:57:19+05:30
PIRAMALFIN,2112.00,TOUCHED,-0.11,inside,2109.7,2112.0,2112.0,2124.3,2099.7,1.165,85.0,0.056,0,2026-08-05,2026-08-06,False,False,5.0,2026-08-06T15:57:19+05:30
INDGN,547.52,TOUCHED,0.49,above,550.2,547.52,545.12,547.52,542.71,0.884,85.2,0.022,0,2026-08-05,2026-08-06,False,False,5.0,2026-08-06T15:57:19+05:30
SUNTV,495.58,TOUCHED,-1.29,below,489.2,495.58,497.82,500.05,495.58,0.897,86.8,0.024,0,2026-08-05,2026-08-06,False,False,5.0,2026-08-06T15:57:19+05:30
URBANCO,143.44,TOUCHED,-0.54,below,142.67,143.44,144.33,145.22,143.44,1.233,86.9,0.045,0,2026-08-05,2026-08-06,False,False,5.0,2026-08-06T15:57:19+05:30
CONCOR,518.39,TOUCHED,-1.23,below,512.0,518.39,520.43,522.47,518.39,0.785,87.7,0.034,0,2026-08-05,2026-08-06,False,False,5.0,2026-08-06T15:57:19+05:30
BOSCHLTD,42480.00,TOUCHED,-1.13,below,42000.0,42480.0,42626.67,42773.33,42480.0,0.688,87.9,0.029,0,2026-08-05,2026-08-06,False,False,5.0,2026-08-06T15:57:19+05:30
FLUOROCHEM,4542.37,TOUCHED,0.12,inside,4548.0,4542.37,4542.37,4564.5,4520.23,0.975,88.5,0.022,0,2026-08-05,2026-08-06,False,False,5.0,2026-08-06T15:57:19+05:30
LGEINDIA,1571.82,TOUCHED,0.41,above,1578.3,1571.82,1565.03,1571.82,1558.25,0.867,88.7,0.009,0,2026-08-05,2026-08-06,False,False,5.0,2026-08-06T15:57:19+05:30
CRISIL,4454.58,TOUCHED,0.32,above,4469.0,4454.58,4433.57,4454.58,4412.55,0.948,89.0,0.049,0,2026-08-05,2026-08-06,False,False,5.0,2026-08-06T15:57:19+05:30
NTPC,346.32,TOUCHED,-0.38,below,345.0,346.32,347.52,348.71,346.32,0.686,89.3,0.016,0,2026-08-05,2026-08-06,False,False,5.0,2026-08-06T15:57:19+05:30
AEGISVOPAK,287.97,TOUCHED,0.25,inside,288.7,287.97,287.97,290.03,285.91,1.43,89.5,0.039,0,2026-08-05,2026-08-06,False,False,5.0,2026-08-06T15:57:19+05:30
BANDHANBNK,173.31,TOUCHED,0.78,above,174.66,173.31,172.36,173.31,171.41,1.1,89.6,0.027,0,2026-08-05,2026-08-06,False,False,5.0,2026-08-06T15:57:19+05:30
PGEL,612.70,TOUCHED,-0.48,inside,609.75,612.7,612.7,617.55,607.85,1.583,91.0,0.054,0,2026-08-05,2026-08-06,False,False,5.0,2026-08-06T15:57:19+05:30
JPPOWER,18.47,TOUCHED,-1.99,below,18.1,18.47,18.62,18.77,18.47,1.594,91.8,0.037,0,2026-08-05,2026-08-06,False,False,5.0,2026-08-06T15:57:19+05:30
EIDPARRY,809.85,TOUCHED,-0.0,below,809.85,809.85,814.28,818.72,809.85,1.089,92.3,0.032,0,2026-08-05,2026-08-06,False,False,5.0,2026-08-06T15:57:19+05:30
VEDL,273.93,TOUCHED,0.39,inside,275.0,273.93,273.93,275.47,272.4,1.119,92.9,0.028,0,2026-08-05,2026-08-06,False,False,5.0,2026-08-06T15:57:19+05:30
MAPMYINDIA,1068.65,TOUCHED,0.19,above,1070.7,1068.65,1061.23,1068.65,1053.82,1.398,93.2,0.027,0,2026-08-05,2026-08-06,False,False,5.0,2026-08-06T15:57:19+05:30
RRKABEL,2752.17,TOUCHED,0.25,inside,2759.1,2752.17,2752.17,2772.58,2731.75,1.484,93.7,0.045,0,2026-08-05,2026-08-06,False,False,5.0,2026-08-06T15:57:19+05:30
DEVYANI,123.40,TOUCHED,0.37,inside,123.86,123.4,123.4,124.24,122.56,1.37,94.0,0.04,0,2026-08-05,2026-08-06,False,False,5.0,2026-08-06T15:57:19+05:30
GRAPHITE,719.58,TOUCHED,0.34,inside,722.05,719.58,719.58,724.8,714.37,1.45,94.0,0.024,0,2026-08-05,2026-08-06,False,False,5.0,2026-08-06T15:57:19+05:30
HINDALCO,1030.43,TOUCHED,-0.33,inside,1027.0,1030.43,1030.43,1035.22,1025.65,0.928,94.0,0.011,0,2026-08-05,2026-08-06,False,False,5.0,2026-08-06T15:57:19+05:30
SAPPHIRE,199.32,TOUCHED,0.21,inside,199.74,199.32,199.32,200.92,197.72,1.605,94.2,0.05,0,2026-08-05,2026-08-06,False,False,5.0,2026-08-06T15:57:19+05:30
ALKEM,5626.25,TOUCHED,-0.51,below,5597.5,5626.25,5649.67,5673.08,5626.25,0.829,94.5,0.026,0,2026-08-05,2026-08-06,False,False,5.0,2026-08-06T15:57:19+05:30
MARICO,859.28,TOUCHED,0.08,inside,860.0,859.28,859.28,862.92,855.64,0.848,95.3,0.018,0,2026-08-05,2026-08-06,False,False,5.0,2026-08-06T15:57:19+05:30
ENGINERSIN,238.24,TOUCHED,1.74,above,242.39,238.24,236.21,238.24,234.17,1.72,95.9,0.038,0,2026-08-05,2026-08-06,False,False,5.0,2026-08-06T15:57:19+05:30
RITES,225.64,TOUCHED,2.55,above,231.38,225.64,223.92,225.64,222.21,1.532,95.9,0.025,0,2026-08-05,2026-08-06,False,False,5.0,2026-08-06T15:57:19+05:30
SONATSOFTW,340.77,TOUCHED,-2.59,below,331.95,340.77,344.03,347.3,340.77,1.899,95.9,0.033,0,2026-08-05,2026-08-06,False,False,5.0,2026-08-06T15:57:19+05:30
TENNIND,571.13,TOUCHED,-0.1,inside,570.55,571.13,571.13,575.92,566.35,1.675,96.1,0.017,0,2026-08-05,2026-08-06,False,False,5.0,2026-08-06T15:57:19+05:30
IPCALAB,1741.83,TOUCHED,-0.44,inside,1734.2,1741.83,1741.83,1753.42,1730.25,1.33,96.2,0.032,0,2026-08-05,2026-08-06,False,False,5.0,2026-08-06T15:57:19+05:30
GRASIM,3196.17,TOUCHED,-0.16,inside,3191.2,3196.17,3196.17,3210.08,3182.25,0.871,96.7,0.017,0,2026-08-05,2026-08-06,False,False,5.0,2026-08-06T15:57:19+05:30
