symbol,status,type,distance_pct,trend,ltp,virgin_level,pivot,tc,bc,width_pct,width_percentile,narrow_threshold_pct,days_virgin,source_date,session_date,is_virgin,is_narrow,narrow_percentile_used,scanned_at
HEXT,511.45,V+N,5.29,above,538.5,511.45,511.43,511.45,511.42,0.007,0.0,0.051,1,2026-10-08,2026-10-09,True,True,5.0,2026-10-09T17:08:49+05:30
IIFL,579.3,V+N,3.18,above,597.7,579.3,579.25,579.3,579.2,0.017,3.0,0.036,1,2026-10-08,2026-10-09,True,True,5.0,2026-10-09T17:08:49+05:30
MANKIND,2396.42,V+W,-1.16,below,2368.5,2396.42,2412.83,2429.25,2396.42,1.361,97.5,0.045,1,2026-10-08,2026-10-09,True,False,5.0,2026-10-09T17:08:49+05:30
ENRIN,3212.75,V+W,-3.48,below,3101.0,3212.75,3245.5,3278.25,3212.75,2.018,97.8,0.044,1,2026-10-08,2026-10-09,True,False,5.0,2026-10-09T17:08:49+05:30
JUBLFOOD,432.22,V+W,-2.19,below,422.75,432.22,436.83,441.45,432.22,2.114,99.5,0.03,1,2026-10-08,2026-10-09,True,False,5.0,2026-10-09T17:08:49+05:30
PNBHOUSING,1149.68,V,0.72,above,1158.0,1149.68,1149.37,1149.68,1149.05,0.055,10.1,0.033,1,2026-10-08,2026-10-09,True,False,5.0,2026-10-09T17:08:49+05:30
ESCORTS,2768.4,V,-1.37,below,2730.5,2768.4,2770.13,2771.87,2768.4,0.125,17.0,0.046,1,2026-10-08,2026-10-09,True,False,5.0,2026-10-09T17:08:49+05:30
HDFCLIFE,545.73,V,2.0,above,556.65,545.73,545.32,545.73,544.91,0.15,23.8,0.028,1,2026-10-08,2026-10-09,True,False,5.0,2026-10-09T17:08:49+05:30
CANHLIFE,144.78,V,-3.84,below,139.22,144.78,145.04,145.3,144.78,0.359,40.2,0.024,1,2026-10-08,2026-10-09,True,False,5.0,2026-10-09T17:08:49+05:30
KOTAKBANK,436.48,V,1.04,above,441.0,436.48,435.98,436.48,435.49,0.226,40.3,0.028,1,2026-10-08,2026-10-09,True,False,5.0,2026-10-09T17:08:49+05:30
TATAINVEST,610.24,V,-1.8,below,599.25,610.24,611.18,612.12,610.24,0.308,41.6,0.033,1,2026-10-08,2026-10-09,True,False,5.0,2026-10-09T17:08:49+05:30
BLUESTARCO,1529.05,V,2.94,above,1574.0,1529.05,1525.7,1529.05,1522.35,0.439,49.9,0.067,1,2026-10-08,2026-10-09,True,False,5.0,2026-10-09T17:08:49+05:30
MPHASIS,2319.05,V,1.77,above,2360.0,2319.05,2313.83,2319.05,2308.62,0.451,56.7,0.03,1,2026-10-08,2026-10-09,True,False,5.0,2026-10-09T17:08:49+05:30
INFY,1002.78,V,2.06,above,1023.4,1002.78,1000.85,1002.78,998.93,0.385,61.9,0.037,1,2026-10-08,2026-10-09,True,False,5.0,2026-10-09T17:08:49+05:30
PFOCUS,273.92,V,-4.68,below,261.1,273.92,275.88,277.85,273.92,1.426,74.5,0.081,1,2026-10-08,2026-10-09,True,False,5.0,2026-10-09T17:08:49+05:30
SONACOMS,796.05,V,-1.6,below,783.3,796.05,799.1,802.15,796.05,0.763,77.0,0.042,1,2026-10-08,2026-10-09,True,False,5.0,2026-10-09T17:08:49+05:30
COFORGE,1837.55,V,1.65,above,1867.9,1837.55,1829.8,1837.55,1822.05,0.847,77.3,0.038,1,2026-10-08,2026-10-09,True,False,5.0,2026-10-09T17:08:49+05:30
FORTIS,770.72,V,2.01,above,786.25,770.72,768.15,770.72,765.57,0.67,78.1,0.034,1,2026-10-08,2026-10-09,True,False,5.0,2026-10-09T17:08:49+05:30
THERMAX,3177.75,V,2.47,above,3256.3,3177.75,3164.53,3177.75,3151.32,0.835,81.1,0.032,1,2026-10-08,2026-10-09,True,False,5.0,2026-10-09T17:08:49+05:30
ICICIGI,1618.98,V,4.4,above,1690.2,1618.98,1613.97,1618.98,1608.95,0.622,83.6,0.033,1,2026-10-08,2026-10-09,True,False,5.0,2026-10-09T17:08:49+05:30
BIOCON,351.39,V,-0.57,below,349.4,351.39,352.78,354.18,351.39,0.789,87.9,0.032,1,2026-10-08,2026-10-09,True,False,5.0,2026-10-09T17:08:49+05:30
APOLLOHOSP,7749.75,V,3.58,above,8027.5,7749.75,7721.83,7749.75,7693.92,0.723,91.0,0.021,1,2026-10-08,2026-10-09,True,False,5.0,2026-10-09T17:08:49+05:30
VAML,377.43,V,-1.53,below,371.65,377.43,380.42,383.4,377.43,1.568,91.4,0.103,1,2026-10-08,2026-10-09,True,False,5.0,2026-10-09T17:08:49+05:30
JSWENERGY,469.48,V,-1.53,below,462.3,469.48,472.12,474.75,469.48,1.116,91.8,0.031,1,2026-10-08,2026-10-09,True,False,5.0,2026-10-09T17:08:49+05:30
RELIANCE,1182.17,V,-1.0,below,1170.3,1182.17,1186.33,1190.5,1182.17,0.702,92.1,0.031,1,2026-10-08,2026-10-09,True,False,5.0,2026-10-09T17:08:49+05:30
KPIL,1409.77,V,-1.27,below,1391.9,1409.77,1418.03,1426.3,1409.77,1.166,94.2,0.057,1,2026-10-08,2026-10-09,True,False,5.0,2026-10-09T17:08:49+05:30
ABB,6805.92,V,-0.38,below,6780.0,6805.92,6841.83,6877.75,6805.92,1.05,94.8,0.042,1,2026-10-08,2026-10-09,True,False,5.0,2026-10-09T17:08:49+05:30
CGPOWER,867.75,V,-1.41,below,855.55,867.75,873.45,879.15,867.75,1.305,95.9,0.041,1,2026-10-08,2026-10-09,True,False,5.0,2026-10-09T17:08:49+05:30
WELCORP,2651.2,NARROW,-0.41,below,2640.4,2651.2,2651.23,2651.27,2651.2,0.003,0.3,0.06,0,2026-10-08,2026-10-09,False,True,5.0,2026-10-09T17:08:49+05:30
JKCEMENT,4966.67,NARROW,-1.87,below,4874.0,4966.67,4966.83,4967.0,4966.67,0.007,1.1,0.035,0,2026-10-08,2026-10-09,False,True,5.0,2026-10-09T17:08:49+05:30
KIMS,687.27,NARROW,2.65,above,705.5,687.27,687.23,687.27,687.19,0.012,1.6,0.04,0,2026-10-08,2026-10-09,False,True,5.0,2026-10-09T17:08:49+05:30
POLYMED,1604.6,NARROW,-1.09,below,1587.1,1604.6,1604.8,1605.0,1604.6,0.025,1.9,0.046,0,2026-10-08,2026-10-09,False,True,5.0,2026-10-09T17:08:49+05:30
AIIL,549.98,NARROW,-0.05,below,549.7,549.98,550.02,550.06,549.98,0.015,2.2,0.067,0,2026-10-08,2026-10-09,False,True,5.0,2026-10-09T17:08:49+05:30
AXISBANK,1244.93,NARROW,1.14,above,1259.1,1244.93,1244.87,1244.93,1244.8,0.011,2.2,0.028,0,2026-10-08,2026-10-09,False,True,5.0,2026-10-09T17:08:49+05:30
CCL,1050.8,NARROW,0.07,above,1051.5,1050.8,1050.73,1050.8,1050.67,0.013,3.3,0.027,0,2026-10-08,2026-10-09,False,True,5.0,2026-10-09T17:08:49+05:30
BIRET,329.54,NARROW,-1.94,below,323.16,329.54,329.56,329.58,329.54,0.011,4.1,0.012,0,2026-10-07,2026-10-08,False,True,5.0,2026-10-09T17:08:49+05:30
BSOFT,278.35,WIDE,2.5,above,285.3,278.35,276.17,278.35,273.98,1.581,97.0,0.047,0,2026-10-08,2026-10-09,False,False,5.0,2026-10-09T17:08:49+05:30
INTELLECT,583.52,WIDE,0.1,above,584.1,583.52,578.13,583.52,572.74,1.865,97.0,0.044,0,2026-10-08,2026-10-09,False,False,5.0,2026-10-09T17:08:49+05:30
MOTILALOFS,1030.82,WIDE,-0.47,inside,1026.0,1030.82,1030.82,1039.08,1022.56,1.602,97.0,0.053,0,2026-10-08,2026-10-09,False,False,5.0,2026-10-09T17:08:49+05:30
TVSMOTOR,3880.93,WIDE,-0.36,inside,3866.8,3880.93,3880.93,3901.7,3860.17,1.07,97.0,0.03,0,2026-10-08,2026-10-09,False,False,5.0,2026-10-09T17:08:49+05:30
STARHEALTH,552.37,WIDE,-0.05,inside,552.1,552.37,552.37,555.8,548.93,1.243,97.3,0.034,0,2026-10-08,2026-10-09,False,False,5.0,2026-10-09T17:08:49+05:30
TMPV,278.68,WIDE,0.44,above,279.9,278.68,276.78,278.68,274.89,1.367,97.3,0.023,0,2026-10-08,2026-10-09,False,False,5.0,2026-10-09T17:08:49+05:30
HAVELLS,1036.2,WIDE,0.51,inside,1041.5,1036.2,1036.2,1042.45,1029.95,1.206,97.5,0.021,0,2026-10-08,2026-10-09,False,False,5.0,2026-10-09T17:08:49+05:30
JINDALSTEL,1017.65,WIDE,-0.09,below,1016.7,1017.65,1025.3,1032.95,1017.65,1.492,97.5,0.043,0,2026-10-08,2026-10-09,False,False,5.0,2026-10-09T17:08:49+05:30
TATAELXSI,3068.7,WIDE,2.0,above,3130.0,3068.7,3044.47,3068.7,3020.23,1.592,97.5,0.045,0,2026-10-08,2026-10-09,False,False,5.0,2026-10-09T17:08:49+05:30
ADANIENSOL,1262.68,WIDE,-0.05,below,1262.0,1262.68,1273.87,1285.05,1262.68,1.756,97.8,0.044,0,2026-10-08,2026-10-09,False,False,5.0,2026-10-09T17:08:49+05:30
BHEL,436.83,WIDE,-0.74,inside,433.6,436.83,436.83,440.45,433.22,1.656,97.8,0.048,0,2026-10-08,2026-10-09,False,False,5.0,2026-10-09T17:08:49+05:30
CAMS,672.03,WIDE,0.07,inside,672.5,672.03,672.03,676.8,667.27,1.419,97.8,0.049,0,2026-10-08,2026-10-09,False,False,5.0,2026-10-09T17:08:49+05:30
ELECON,420.88,WIDE,-1.07,below,416.4,420.88,424.82,428.75,420.88,1.852,97.8,0.055,0,2026-10-08,2026-10-09,False,False,5.0,2026-10-09T17:08:49+05:30
INDUSTOWER,380.5,WIDE,0.09,above,380.85,380.5,378.0,380.5,375.5,1.323,98.1,0.034,0,2026-10-08,2026-10-09,False,False,5.0,2026-10-09T17:08:49+05:30
ITC,258.9,WIDE,2.74,above,266.0,258.9,257.6,258.9,256.3,1.009,98.1,0.022,0,2026-10-08,2026-10-09,False,False,5.0,2026-10-09T17:08:49+05:30
LTTS,3262.5,WIDE,0.23,above,3270.1,3262.5,3233.87,3262.5,3205.23,1.771,98.1,0.044,0,2026-10-08,2026-10-09,False,False,5.0,2026-10-09T17:08:49+05:30
SYNGENE,348.82,WIDE,-0.41,below,347.4,348.82,351.63,354.45,348.82,1.602,98.1,0.032,0,2026-10-08,2026-10-09,False,False,5.0,2026-10-09T17:08:49+05:30
APLAPOLLO,2082.5,WIDE,1.52,above,2114.1,2082.5,2068.33,2082.5,2054.17,1.37,98.4,0.02,0,2026-10-08,2026-10-09,False,False,5.0,2026-10-09T17:08:49+05:30
FINCABLES,1417.4,WIDE,-2.02,below,1388.7,1417.4,1432.6,1447.8,1417.4,2.122,98.4,0.022,0,2026-10-08,2026-10-09,False,False,5.0,2026-10-09T17:08:49+05:30
NCC,122.94,WIDE,1.72,above,125.06,122.94,121.94,122.94,120.94,1.648,98.4,0.034,0,2026-10-08,2026-10-09,False,False,5.0,2026-10-09T17:08:49+05:30
PHOENIXLTD,1811.05,WIDE,0.11,above,1813.1,1811.05,1797.77,1811.05,1784.48,1.478,98.4,0.051,0,2026-10-08,2026-10-09,False,False,5.0,2026-10-09T17:08:49+05:30
SAIL,170.7,WIDE,0.5,above,171.55,170.7,169.22,170.7,167.73,1.755,98.4,0.034,0,2026-10-08,2026-10-09,False,False,5.0,2026-10-09T17:08:49+05:30
UBL,1170.38,WIDE,-0.19,below,1168.2,1170.38,1178.07,1185.75,1170.38,1.304,98.4,0.032,0,2026-10-08,2026-10-09,False,False,5.0,2026-10-09T17:08:49+05:30
ADANIGREEN,1262.83,WIDE,-0.56,inside,1255.8,1262.83,1262.83,1276.4,1249.27,2.149,98.6,0.051,0,2026-10-08,2026-10-09,False,False,5.0,2026-10-09T17:08:49+05:30
HINDPETRO,329.2,WIDE,-0.97,below,326.0,329.2,331.8,334.4,329.2,1.567,98.6,0.035,0,2026-10-08,2026-10-09,False,False,5.0,2026-10-09T17:08:49+05:30
SUZLON,37.37,WIDE,0.62,above,37.6,37.37,37.06,37.37,36.74,1.691,98.6,0.039,0,2026-10-08,2026-10-09,False,False,5.0,2026-10-09T17:08:49+05:30
ANURAS,1126.6,WIDE,0.51,above,1132.4,1126.6,1116.97,1126.6,1107.33,1.725,98.9,0.026,0,2026-10-08,2026-10-09,False,False,5.0,2026-10-09T17:08:49+05:30
JSWSTEEL,1183.58,WIDE,-1.32,below,1168.0,1183.58,1191.97,1200.35,1183.58,1.407,98.9,0.033,0,2026-10-08,2026-10-09,False,False,5.0,2026-10-09T17:08:49+05:30
PIIND,2118.78,WIDE,-0.03,below,2118.2,2118.78,2137.57,2156.35,2118.78,1.757,98.9,0.032,0,2026-10-08,2026-10-09,False,False,5.0,2026-10-09T17:08:49+05:30
TEGA,1984.97,WIDE,-2.52,below,1935.0,1984.97,2011.83,2038.7,1984.97,2.671,98.9,0.053,0,2026-10-08,2026-10-09,False,False,5.0,2026-10-09T17:08:49+05:30
ZYDUSLIFE,1120.67,WIDE,-0.28,below,1117.5,1120.67,1129.33,1138.0,1120.67,1.535,98.9,0.025,0,2026-10-08,2026-10-09,False,False,5.0,2026-10-09T17:08:49+05:30
AMBUJACEM,349.12,WIDE,0.68,above,351.5,349.12,346.42,349.12,343.71,1.564,99.2,0.043,0,2026-10-08,2026-10-09,False,False,5.0,2026-10-09T17:08:49+05:30
POWERGRID,247.77,WIDE,0.56,inside,249.15,247.77,247.77,249.32,246.21,1.258,99.2,0.019,0,2026-10-08,2026-10-09,False,False,5.0,2026-10-09T17:08:49+05:30
SUNDARMFIN,4148.9,WIDE,-0.85,below,4113.6,4148.9,4187.2,4225.5,4148.9,1.829,99.2,0.03,0,2026-10-08,2026-10-09,False,False,5.0,2026-10-09T17:08:49+05:30
TIINDIA,2267.5,WIDE,-2.4,below,2213.0,2267.5,2294.0,2320.5,2267.5,2.31,99.2,0.044,0,2026-10-08,2026-10-09,False,False,5.0,2026-10-09T17:08:49+05:30
INOXWIND,64.92,WIDE,2.67,above,66.65,64.92,64.09,64.92,63.26,2.585,99.5,0.052,0,2026-10-08,2026-10-09,False,False,5.0,2026-10-09T17:08:49+05:30
JSWINFRA,339.7,WIDE,-0.28,inside,338.75,339.7,339.7,342.68,336.73,1.752,99.5,0.037,0,2026-10-08,2026-10-09,False,False,5.0,2026-10-09T17:08:49+05:30
LUPIN,1964.9,WIDE,-0.43,inside,1956.5,1964.9,1964.9,1978.9,1950.9,1.425,99.5,0.031,0,2026-10-08,2026-10-09,False,False,5.0,2026-10-09T17:08:49+05:30
NAUKRI,1218.0,WIDE,0.08,above,1219.0,1218.0,1206.27,1218.0,1194.53,1.945,99.5,0.024,0,2026-10-08,2026-10-09,False,False,5.0,2026-10-09T17:08:49+05:30
TORNTPOWER,1213.85,TOUCHED,-2.08,below,1188.6,1213.85,1214.1,1214.35,1213.85,0.041,5.5,0.035,0,2026-10-08,2026-10-09,False,False,5.0,2026-10-09T17:08:49+05:30
COALINDIA,409.29,TOUCHED,0.55,above,411.55,409.29,409.23,409.29,409.18,0.029,5.8,0.026,0,2026-10-08,2026-10-09,False,False,5.0,2026-10-09T17:08:49+05:30
IFCI,66.55,TOUCHED,1.2,above,67.35,66.55,66.51,66.55,66.47,0.12,6.3,0.105,0,2026-10-08,2026-10-09,False,False,5.0,2026-10-09T17:08:49+05:30
PRESTIGE,1411.73,TOUCHED,-0.35,below,1406.8,1411.73,1412.47,1413.2,1411.73,0.104,8.2,0.066,0,2026-10-08,2026-10-09,False,False,5.0,2026-10-09T17:08:49+05:30
GABRIEL,1337.3,TOUCHED,1.86,above,1362.2,1337.3,1336.67,1337.3,1336.03,0.095,8.8,0.051,0,2026-10-08,2026-10-09,False,False,5.0,2026-10-09T17:08:49+05:30
SOLARINDS,19897.0,TOUCHED,0.52,above,20000.0,19897.0,19888.0,19897.0,19879.0,0.091,8.8,0.062,0,2026-10-08,2026-10-09,False,False,5.0,2026-10-09T17:08:49+05:30
HOMEFIRST,1071.43,TOUCHED,0.48,above,1076.6,1071.43,1070.97,1071.43,1070.5,0.087,10.7,0.045,0,2026-10-08,2026-10-09,False,False,5.0,2026-10-09T17:08:49+05:30
CASTROLIND,196.12,TOUCHED,-0.74,below,194.67,196.12,196.16,196.21,196.12,0.042,11.2,0.02,0,2026-10-08,2026-10-09,False,False,5.0,2026-10-09T17:08:49+05:30
CANFINHOME,722.78,TOUCHED,-0.64,below,718.15,722.78,723.1,723.43,722.78,0.09,12.3,0.031,0,2026-10-08,2026-10-09,False,False,5.0,2026-10-09T17:08:49+05:30
BHARTIHEXA,1502.95,TOUCHED,1.93,above,1531.9,1502.95,1502.2,1502.95,1501.45,0.1,12.9,0.042,0,2026-10-08,2026-10-09,False,False,5.0,2026-10-09T17:08:49+05:30
BAJFINANCE,955.48,TOUCHED,0.47,above,960.0,955.48,955.0,955.48,954.52,0.099,14.0,0.032,0,2026-10-08,2026-10-09,False,False,5.0,2026-10-09T17:08:49+05:30
ICICIBANK,1350.4,TOUCHED,0.34,above,1355.0,1350.4,1349.93,1350.4,1349.47,0.069,14.0,0.028,0,2026-10-08,2026-10-09,False,False,5.0,2026-10-09T17:08:49+05:30
MINDACORP,634.8,TOUCHED,0.24,above,636.3,634.8,634.45,634.8,634.1,0.11,14.2,0.043,0,2026-10-08,2026-10-09,False,False,5.0,2026-10-09T17:08:49+05:30
RHIM,366.89,TOUCHED,0.6,above,369.1,366.89,366.68,366.89,366.47,0.114,14.8,0.033,0,2026-10-08,2026-10-09,False,False,5.0,2026-10-09T17:08:49+05:30
SRF,2483.98,TOUCHED,1.43,above,2519.5,2483.98,2482.77,2483.98,2481.55,0.098,15.9,0.035,0,2026-10-08,2026-10-09,False,False,5.0,2026-10-09T17:08:49+05:30
AADHARHFC,449.82,TOUCHED,-1.37,below,443.65,449.82,450.07,450.31,449.82,0.107,16.2,0.034,0,2026-10-08,2026-10-09,False,False,5.0,2026-10-09T17:08:49+05:30
DEEPAKNTR,1587.35,TOUCHED,2.18,above,1621.9,1587.35,1586.27,1587.35,1585.18,0.137,19.2,0.036,0,2026-10-08,2026-10-09,False,False,5.0,2026-10-09T17:08:49+05:30
PATANJALI,355.52,TOUCHED,1.39,above,360.45,355.52,355.35,355.52,355.17,0.098,19.7,0.025,0,2026-10-08,2026-10-09,False,False,5.0,2026-10-09T17:08:49+05:30
VEDPOWER,31.93,TOUCHED,-1.06,below,31.59,31.93,31.97,32.01,31.93,0.25,19.8,0.037,0,2026-10-08,2026-10-09,False,False,5.0,2026-10-09T17:08:49+05:30
FIRSTCRY,169.15,TOUCHED,0.01,above,169.17,169.15,168.95,169.15,168.76,0.233,20.5,0.067,0,2026-10-08,2026-10-09,False,False,5.0,2026-10-09T17:08:49+05:30
ASTERDM,678.78,TOUCHED,3.1,above,699.85,678.78,678.23,678.78,677.69,0.16,21.4,0.035,0,2026-10-08,2026-10-09,False,False,5.0,2026-10-09T17:08:49+05:30
SHREECEM,21640.0,TOUCHED,2.03,above,22080.0,21640.0,21626.67,21640.0,21613.33,0.123,21.4,0.025,0,2026-10-08,2026-10-09,False,False,5.0,2026-10-09T17:08:49+05:30
BERGEPAINT,467.54,TOUCHED,0.93,above,471.9,467.54,467.13,467.54,466.73,0.175,22.5,0.022,0,2026-10-08,2026-10-09,False,False,5.0,2026-10-09T17:08:49+05:30
APOLLOTYRE,402.05,TOUCHED,-0.5,below,400.05,402.05,402.4,402.75,402.05,0.174,24.1,0.048,0,2026-10-08,2026-10-09,False,False,5.0,2026-10-09T17:08:49+05:30
PTCIL,24445.0,TOUCHED,0.37,above,24535.0,24445.0,24420.0,24445.0,24395.0,0.205,24.7,0.05,0,2026-10-08,2026-10-09,False,False,5.0,2026-10-09T17:08:49+05:30
CDSL,1260.63,TOUCHED,-0.05,inside,1260.0,1260.63,1260.63,1261.95,1259.32,0.209,25.5,0.039,0,2026-10-08,2026-10-09,False,False,5.0,2026-10-09T17:08:49+05:30
ADANIPORTS,1712.05,TOUCHED,2.86,above,1761.0,1712.05,1710.7,1712.05,1709.35,0.158,25.8,0.024,0,2026-10-08,2026-10-09,False,False,5.0,2026-10-09T17:08:49+05:30
IPCALAB,1940.33,TOUCHED,-1.29,below,1915.4,1940.33,1942.27,1944.2,1940.33,0.199,26.0,0.037,0,2026-10-08,2026-10-09,False,False,5.0,2026-10-09T17:08:49+05:30
LTF,258.15,TOUCHED,1.18,above,261.2,258.15,257.9,258.15,257.65,0.194,26.0,0.043,0,2026-10-08,2026-10-09,False,False,5.0,2026-10-09T17:08:49+05:30
MEESHO,232.86,TOUCHED,-0.05,inside,232.74,232.86,232.86,233.2,232.53,0.289,26.3,0.034,0,2026-10-08,2026-10-09,False,False,5.0,2026-10-09T17:08:49+05:30
PNB,115.58,TOUCHED,1.21,above,116.98,115.58,115.48,115.58,115.39,0.167,26.3,0.038,0,2026-10-08,2026-10-09,False,False,5.0,2026-10-09T17:08:49+05:30
BSE,3339.87,TOUCHED,-1.58,below,3287.2,3339.87,3344.93,3350.0,3339.87,0.303,27.4,0.035,0,2026-10-08,2026-10-09,False,False,5.0,2026-10-09T17:08:49+05:30
TARIL,284.12,TOUCHED,2.3,above,290.65,284.12,283.67,284.12,283.21,0.323,28.5,0.061,0,2026-10-08,2026-10-09,False,False,5.0,2026-10-09T17:08:49+05:30
BALKRISIND,2002.2,TOUCHED,0.4,above,2010.3,2002.2,2000.43,2002.2,1998.67,0.177,29.0,0.028,0,2026-10-08,2026-10-09,False,False,5.0,2026-10-09T17:08:49+05:30
BRIGADE,548.53,TOUCHED,0.05,inside,548.8,548.53,548.53,549.2,547.87,0.243,29.0,0.029,0,2026-10-08,2026-10-09,False,False,5.0,2026-10-09T17:08:49+05:30
RRKABEL,2704.1,TOUCHED,0.06,inside,2705.6,2704.1,2704.1,2707.95,2700.25,0.285,29.3,0.06,0,2026-10-08,2026-10-09,False,False,5.0,2026-10-09T17:08:49+05:30
CPPLUS,3994.6,TOUCHED,4.77,above,4185.2,3994.6,3987.13,3994.6,3979.67,0.375,29.6,0.048,0,2026-10-08,2026-10-09,False,False,5.0,2026-10-09T17:08:49+05:30
MRF,122574.17,TOUCHED,-0.39,below,122090.0,122574.17,122683.33,122792.5,122574.17,0.178,30.4,0.039,0,2026-10-08,2026-10-09,False,False,5.0,2026-10-09T17:08:49+05:30
AFCONS,241.83,TOUCHED,0.09,above,242.04,241.83,241.55,241.83,241.27,0.232,32.3,0.035,0,2026-10-08,2026-10-09,False,False,5.0,2026-10-09T17:08:49+05:30
LLOYDSME,1804.4,TOUCHED,0.62,above,1815.5,1804.4,1801.47,1804.4,1798.53,0.326,32.6,0.044,0,2026-10-08,2026-10-09,False,False,5.0,2026-10-09T17:08:49+05:30
MSUMI,33.11,TOUCHED,1.31,above,33.55,33.11,33.07,33.11,33.02,0.292,32.6,0.032,0,2026-10-08,2026-10-09,False,False,5.0,2026-10-09T17:08:49+05:30
INOXINDIA,2048.95,TOUCHED,0.39,above,2056.9,2048.95,2045.73,2048.95,2042.52,0.314,33.4,0.042,0,2026-10-08,2026-10-09,False,False,5.0,2026-10-09T17:08:49+05:30
SARDAEN,492.69,TOUCHED,-2.34,below,481.15,492.69,493.48,494.27,492.69,0.321,33.4,0.038,0,2026-10-08,2026-10-09,False,False,5.0,2026-10-09T17:08:49+05:30
SHYAMMETL,1063.2,TOUCHED,-0.29,below,1060.1,1063.2,1064.4,1065.6,1063.2,0.225,33.4,0.02,0,2026-10-08,2026-10-09,False,False,5.0,2026-10-09T17:08:49+05:30
DOMS,2061.3,TOUCHED,-0.09,inside,2059.4,2061.3,2061.3,2063.25,2059.35,0.189,34.0,0.03,0,2026-10-08,2026-10-09,False,False,5.0,2026-10-09T17:08:49+05:30
SCI,281.24,TOUCHED,-1.42,below,277.25,281.24,281.73,282.23,281.24,0.349,34.0,0.066,0,2026-10-08,2026-10-09,False,False,5.0,2026-10-09T17:08:49+05:30
WHIRLPOOL,824.35,TOUCHED,-0.92,below,816.75,824.35,825.55,826.75,824.35,0.291,34.5,0.054,0,2026-10-08,2026-10-09,False,False,5.0,2026-10-09T17:08:49+05:30
TATACAP,315.85,TOUCHED,0.9,above,318.7,315.85,315.53,315.85,315.22,0.201,34.7,0.023,0,2026-10-08,2026-10-09,False,False,5.0,2026-10-09T17:08:49+05:30
ABDL,697.82,TOUCHED,1.97,above,711.55,697.82,696.37,697.82,694.91,0.419,34.8,0.075,0,2026-10-08,2026-10-09,False,False,5.0,2026-10-09T17:08:49+05:30
GODREJCP,865.97,TOUCHED,-0.63,below,860.5,865.97,866.93,867.9,865.97,0.223,34.8,0.036,0,2026-10-08,2026-10-09,False,False,5.0,2026-10-09T17:08:49+05:30
FORCEMOT,16821.5,TOUCHED,0.47,above,16900.0,16821.5,16781.0,16821.5,16740.5,0.483,35.3,0.072,0,2026-10-08,2026-10-09,False,False,5.0,2026-10-09T17:08:49+05:30
DEEPAKFERT,1394.53,TOUCHED,-0.14,inside,1392.6,1394.53,1394.53,1396.7,1392.37,0.311,35.9,0.048,0,2026-10-08,2026-10-09,False,False,5.0,2026-10-09T17:08:49+05:30
OLAELEC,34.55,TOUCHED,1.68,above,35.13,34.55,34.47,34.55,34.39,0.464,35.9,0.074,0,2026-10-08,2026-10-09,False,False,5.0,2026-10-09T17:08:49+05:30
CLEANMAX,1352.02,TOUCHED,-2.15,below,1323.0,1352.02,1355.73,1359.45,1352.02,0.548,36.2,0.101,0,2026-10-08,2026-10-09,False,False,5.0,2026-10-09T17:08:49+05:30
IDFCFIRSTB,78.75,TOUCHED,0.98,above,79.52,78.75,78.65,78.75,78.56,0.246,36.4,0.043,0,2026-10-08,2026-10-09,False,False,5.0,2026-10-09T17:08:49+05:30
FIVESTAR,503.12,TOUCHED,-0.17,below,502.25,503.12,504.03,504.95,503.12,0.364,37.0,0.045,0,2026-10-08,2026-10-09,False,False,5.0,2026-10-09T17:08:49+05:30
SOBHA,1185.65,TOUCHED,-2.02,below,1161.7,1185.65,1187.4,1189.15,1185.65,0.295,37.0,0.041,0,2026-10-08,2026-10-09,False,False,5.0,2026-10-09T17:08:49+05:30
IRB,17.55,TOUCHED,-0.41,below,17.48,17.55,17.57,17.59,17.55,0.247,37.3,0.042,0,2026-10-08,2026-10-09,False,False,5.0,2026-10-09T17:08:49+05:30
ABSLAMC,1006.73,TOUCHED,-0.27,below,1004.05,1006.73,1008.57,1010.4,1006.73,0.364,37.5,0.044,0,2026-10-08,2026-10-09,False,False,5.0,2026-10-09T17:08:49+05:30
INDUSINDBK,865.16,TOUCHED,-0.41,below,861.65,865.16,866.32,867.48,865.16,0.267,38.1,0.031,0,2026-10-08,2026-10-09,False,False,5.0,2026-10-09T17:08:49+05:30
OIL,447.64,TOUCHED,-0.93,below,443.5,447.64,448.28,448.93,447.64,0.286,38.1,0.028,0,2026-10-08,2026-10-09,False,False,5.0,2026-10-09T17:08:49+05:30
JKTYRE,332.03,TOUCHED,0.41,above,333.4,332.03,331.43,332.03,330.84,0.357,38.4,0.044,0,2026-10-08,2026-10-09,False,False,5.0,2026-10-09T17:08:49+05:30
MGL,1042.45,TOUCHED,0.03,above,1042.8,1042.45,1041.0,1042.45,1039.55,0.279,38.6,0.042,0,2026-10-08,2026-10-09,False,False,5.0,2026-10-09T17:08:49+05:30
RKFORGE,702.02,TOUCHED,-2.36,below,685.45,702.02,703.28,704.55,702.02,0.36,40.0,0.055,0,2026-10-08,2026-10-09,False,False,5.0,2026-10-09T17:08:49+05:30
ZFCVINDIA,2119.63,TOUCHED,-1.77,below,2082.2,2119.63,2123.07,2126.5,2119.63,0.323,41.4,0.038,0,2026-10-08,2026-10-09,False,False,5.0,2026-10-09T17:08:49+05:30
DMART,3589.68,TOUCHED,-2.03,below,3516.8,3589.68,3594.37,3599.05,3589.68,0.261,41.6,0.032,0,2026-10-08,2026-10-09,False,False,5.0,2026-10-09T17:08:49+05:30
CREDITACC,1260.92,TOUCHED,0.52,above,1267.5,1260.92,1258.43,1260.92,1255.95,0.395,42.2,0.052,0,2026-10-08,2026-10-09,False,False,5.0,2026-10-09T17:08:49+05:30
THANGAMAYL,4844.75,TOUCHED,0.92,above,4889.5,4844.75,4833.33,4844.75,4821.92,0.472,42.2,0.057,0,2026-10-08,2026-10-09,False,False,5.0,2026-10-09T17:08:49+05:30
SAGILITY,43.64,TOUCHED,0.84,above,44.0,43.64,43.54,43.64,43.44,0.436,42.5,0.055,0,2026-10-08,2026-10-09,False,False,5.0,2026-10-09T17:08:49+05:30
POWERINDIA,31011.67,TOUCHED,-1.31,below,30605.0,31011.67,31088.33,31165.0,31011.67,0.493,43.6,0.064,0,2026-10-08,2026-10-09,False,False,5.0,2026-10-09T17:08:49+05:30
NAM-INDIA,1043.83,TOUCHED,0.11,inside,1045.0,1043.83,1043.83,1046.05,1041.62,0.425,44.4,0.034,0,2026-10-08,2026-10-09,False,False,5.0,2026-10-09T17:08:49+05:30
DRREDDY,1184.2,TOUCHED,1.08,above,1197.0,1184.2,1182.8,1184.2,1181.4,0.237,44.9,0.021,0,2026-10-08,2026-10-09,False,False,5.0,2026-10-09T17:08:49+05:30
PARADEEP,150.95,TOUCHED,-2.78,below,146.75,150.95,151.35,151.75,150.95,0.529,45.2,0.047,0,2026-10-08,2026-10-09,False,False,5.0,2026-10-09T17:08:49+05:30
CONCORDBIO,1340.25,TOUCHED,1.58,above,1361.4,1340.25,1337.1,1340.25,1333.95,0.471,45.8,0.032,0,2026-10-08,2026-10-09,False,False,5.0,2026-10-09T17:08:49+05:30
GROWW,193.11,TOUCHED,-0.37,below,192.39,193.11,193.62,194.13,193.11,0.527,46.7,0.045,0,2026-10-08,2026-10-09,False,False,5.0,2026-10-09T17:08:49+05:30
GVT&D,4211.15,TOUCHED,-0.4,below,4194.4,4211.15,4222.3,4233.45,4211.15,0.528,47.4,0.033,0,2026-10-08,2026-10-09,False,False,5.0,2026-10-09T17:08:49+05:30
KIRLOSENG,2181.25,TOUCHED,1.34,above,2210.4,2181.25,2175.17,2181.25,2169.08,0.559,48.5,0.047,0,2026-10-08,2026-10-09,False,False,5.0,2026-10-09T17:08:49+05:30
NH,1704.7,TOUCHED,0.87,above,1719.5,1704.7,1701.57,1704.7,1698.43,0.368,48.8,0.038,0,2026-10-08,2026-10-09,False,False,5.0,2026-10-09T17:08:49+05:30
NHPC,71.99,TOUCHED,1.39,above,72.99,71.99,71.88,71.99,71.76,0.315,49.3,0.033,0,2026-10-08,2026-10-09,False,False,5.0,2026-10-09T17:08:49+05:30
GODREJIND,1004.5,TOUCHED,-1.9,below,985.4,1004.5,1006.6,1008.7,1004.5,0.417,49.6,0.049,0,2026-10-08,2026-10-09,False,False,5.0,2026-10-09T17:08:49+05:30
CRAFTSMAN,10102.5,TOUCHED,0.8,above,10183.0,10102.5,10081.0,10102.5,10059.5,0.427,50.4,0.062,0,2026-10-08,2026-10-09,False,False,5.0,2026-10-09T17:08:49+05:30
GAIL,167.95,TOUCHED,-0.78,below,166.64,167.95,168.2,168.45,167.95,0.297,50.4,0.017,0,2026-10-08,2026-10-09,False,False,5.0,2026-10-09T17:08:49+05:30
HYUNDAI,1925.85,TOUCHED,0.73,above,1940.0,1925.85,1922.23,1925.85,1918.62,0.376,50.7,0.031,0,2026-10-08,2026-10-09,False,False,5.0,2026-10-09T17:08:49+05:30
ANGELONE,295.85,TOUCHED,-1.3,below,292.0,295.85,296.7,297.55,295.85,0.573,52.3,0.043,0,2026-10-08,2026-10-09,False,False,5.0,2026-10-09T17:08:49+05:30
APARINDS,17930.33,TOUCHED,0.3,inside,17984.0,17930.33,17930.33,17987.5,17873.17,0.638,52.9,0.061,0,2026-10-08,2026-10-09,False,False,5.0,2026-10-09T17:08:49+05:30
PRIVISCL,3455.18,TOUCHED,-0.9,below,3424.1,3455.18,3464.07,3472.95,3455.18,0.513,52.9,0.045,0,2026-10-08,2026-10-09,False,False,5.0,2026-10-09T17:08:49+05:30
ONGC,220.76,TOUCHED,0.23,above,221.27,220.76,220.44,220.76,220.12,0.292,54.0,0.033,0,2026-10-08,2026-10-09,False,False,5.0,2026-10-09T17:08:49+05:30
ABCAPITAL,371.27,TOUCHED,2.54,above,380.7,371.27,370.4,371.27,369.52,0.472,54.2,0.04,0,2026-10-08,2026-10-09,False,False,5.0,2026-10-09T17:08:49+05:30
DELHIVERY,399.55,TOUCHED,0.24,above,400.5,399.55,398.7,399.55,397.85,0.426,54.2,0.028,0,2026-10-08,2026-10-09,False,False,5.0,2026-10-09T17:08:49+05:30
ANTHEM,874.7,TOUCHED,-1.42,below,862.3,874.7,876.85,879.0,874.7,0.49,54.6,0.046,0,2026-10-08,2026-10-09,False,False,5.0,2026-10-09T17:08:49+05:30
INDIACEM,296.65,TOUCHED,0.27,above,297.45,296.65,295.97,296.65,295.28,0.462,55.3,0.041,0,2026-10-08,2026-10-09,False,False,5.0,2026-10-09T17:08:49+05:30
POONAWALLA,441.2,TOUCHED,1.38,above,447.3,441.2,440.1,441.2,439.0,0.5,55.6,0.042,0,2026-10-08,2026-10-09,False,False,5.0,2026-10-09T17:08:49+05:30
VISL,28.96,TOUCHED,0.45,above,29.09,28.96,28.79,28.96,28.63,1.158,55.6,0.06,0,2026-10-08,2026-10-09,False,False,5.0,2026-10-09T17:08:49+05:30
CMPDI,207.39,TOUCHED,-0.59,below,206.18,207.39,208.14,208.88,207.39,0.714,56.5,0.108,0,2026-10-08,2026-10-09,False,False,5.0,2026-10-09T17:08:49+05:30
STLTECH,1007.18,TOUCHED,0.8,above,1015.2,1007.18,1002.82,1007.18,998.45,0.871,57.0,0.021,0,2026-10-08,2026-10-09,False,False,5.0,2026-10-09T17:08:49+05:30
EIHOTEL,291.84,TOUCHED,-0.19,below,291.3,291.84,292.48,293.12,291.84,0.439,57.5,0.032,0,2026-10-08,2026-10-09,False,False,5.0,2026-10-09T17:08:49+05:30
LINDEINDIA,6040.08,TOUCHED,-0.73,below,5996.0,6040.08,6054.17,6068.25,6040.08,0.465,57.8,0.034,0,2026-10-08,2026-10-09,False,False,5.0,2026-10-09T17:08:49+05:30
RUBICON,1545.77,TOUCHED,0.18,inside,1548.5,1545.77,1545.77,1550.95,1540.58,0.671,58.5,0.046,0,2026-10-08,2026-10-09,False,False,5.0,2026-10-09T17:08:49+05:30
PWL,139.94,TOUCHED,2.68,above,143.69,139.94,139.4,139.94,138.86,0.775,58.8,0.088,0,2026-10-08,2026-10-09,False,False,5.0,2026-10-09T17:08:49+05:30
CHOLAHLDNG,1380.7,TOUCHED,1.43,above,1400.4,1380.7,1377.27,1380.7,1373.83,0.499,58.9,0.031,0,2026-10-08,2026-10-09,False,False,5.0,2026-10-09T17:08:49+05:30
SBILIFE,1685.35,TOUCHED,-0.04,below,1684.6,1685.35,1688.2,1691.05,1685.35,0.338,59.2,0.017,0,2026-10-08,2026-10-09,False,False,5.0,2026-10-09T17:08:49+05:30
TATACOMM,1665.6,TOUCHED,-0.53,below,1656.7,1665.6,1669.53,1673.47,1665.6,0.471,59.5,0.028,0,2026-10-08,2026-10-09,False,False,5.0,2026-10-09T17:08:49+05:30
TENNIND,473.23,TOUCHED,0.1,above,473.7,473.23,471.75,473.23,470.27,0.625,59.5,0.04,0,2026-10-08,2026-10-09,False,False,5.0,2026-10-09T17:08:49+05:30
YESBANK,20.53,TOUCHED,-0.15,inside,20.5,20.53,20.53,20.57,20.49,0.39,59.7,0.043,0,2026-10-08,2026-10-09,False,False,5.0,2026-10-09T17:08:49+05:30
ATUL,5936.33,TOUCHED,-0.91,below,5882.5,5936.33,5949.67,5963.0,5936.33,0.448,60.5,0.018,0,2026-10-08,2026-10-09,False,False,5.0,2026-10-09T17:08:49+05:30
CARTRADE,2872.8,TOUCHED,2.72,above,2951.0,2872.8,2861.17,2872.8,2849.53,0.813,60.5,0.071,0,2026-10-08,2026-10-09,False,False,5.0,2026-10-09T17:08:49+05:30
FEDERALBNK,322.93,TOUCHED,2.19,above,330.0,322.93,322.28,322.93,321.64,0.398,61.1,0.028,0,2026-10-08,2026-10-09,False,False,5.0,2026-10-09T17:08:49+05:30
ICICIAMC,3040.95,TOUCHED,-0.35,below,3030.3,3040.95,3049.43,3057.92,3040.95,0.556,61.1,0.049,0,2026-10-08,2026-10-09,False,False,5.0,2026-10-09T17:08:49+05:30
CIPLA,1308.9,TOUCHED,-0.6,below,1301.0,1308.9,1311.0,1313.1,1308.9,0.32,61.9,0.025,0,2026-10-08,2026-10-09,False,False,5.0,2026-10-09T17:08:49+05:30
SIGNATURE,713.07,TOUCHED,-0.42,below,710.05,713.07,714.88,716.7,713.07,0.508,62.5,0.03,0,2026-10-08,2026-10-09,False,False,5.0,2026-10-09T17:08:49+05:30
UNIONBANK,172.89,TOUCHED,0.1,above,173.06,172.89,172.43,172.89,171.97,0.532,62.7,0.05,0,2026-10-08,2026-10-09,False,False,5.0,2026-10-09T17:08:49+05:30
VOGL,30.21,TOUCHED,-0.38,inside,30.1,30.21,30.21,30.38,30.04,1.136,63.0,0.097,0,2026-10-08,2026-10-09,False,False,5.0,2026-10-09T17:08:49+05:30
MANAPPURAM,306.68,TOUCHED,2.65,above,314.8,306.68,305.83,306.68,304.99,0.55,63.6,0.038,0,2026-10-08,2026-10-09,False,False,5.0,2026-10-09T17:08:49+05:30
RECLTD,297.12,TOUCHED,0.97,above,300.0,297.12,296.42,297.12,295.71,0.478,63.6,0.02,0,2026-10-08,2026-10-09,False,False,5.0,2026-10-09T17:08:49+05:30
RPOWER,19.97,TOUCHED,0.2,inside,20.01,19.97,19.97,20.06,19.88,0.851,63.8,0.086,0,2026-10-08,2026-10-09,False,False,5.0,2026-10-09T17:08:49+05:30
CIEINDIA,372.59,TOUCHED,-0.49,below,370.75,372.59,373.53,374.48,372.59,0.504,64.1,0.033,0,2026-10-08,2026-10-09,False,False,5.0,2026-10-09T17:08:49+05:30
NUVOCO,322.82,TOUCHED,-1.77,below,317.1,322.82,323.73,324.65,322.82,0.566,64.4,0.045,0,2026-10-08,2026-10-09,False,False,5.0,2026-10-09T17:08:49+05:30
VOLTAS,1035.05,TOUCHED,-0.13,below,1033.7,1035.05,1038.1,1041.15,1035.05,0.588,64.4,0.043,0,2026-10-08,2026-10-09,False,False,5.0,2026-10-09T17:08:49+05:30
GILLETTE,7213.75,TOUCHED,-1.57,below,7100.5,7213.75,7230.33,7246.92,7213.75,0.459,64.7,0.04,0,2026-10-08,2026-10-09,False,False,5.0,2026-10-09T17:08:49+05:30
IKS,1756.37,TOUCHED,-2.26,below,1716.6,1756.37,1761.63,1766.9,1756.37,0.598,64.9,0.026,0,2026-10-08,2026-10-09,False,False,5.0,2026-10-09T17:08:49+05:30
LICHSGFIN,535.84,TOUCHED,2.95,above,551.65,535.84,534.68,535.84,533.53,0.433,64.9,0.025,0,2026-10-08,2026-10-09,False,False,5.0,2026-10-09T17:08:49+05:30
CHOLAFIN,1557.35,TOUCHED,1.94,above,1587.6,1557.35,1552.9,1557.35,1548.45,0.573,65.5,0.05,0,2026-10-08,2026-10-09,False,False,5.0,2026-10-09T17:08:49+05:30
IRCTC,452.62,TOUCHED,1.36,above,458.8,452.62,451.7,452.62,450.78,0.41,65.5,0.046,0,2026-10-08,2026-10-09,False,False,5.0,2026-10-09T17:08:49+05:30
NAVINFLUOR,8443.33,TOUCHED,-1.08,below,8352.5,8443.33,8469.17,8495.0,8443.33,0.61,65.5,0.051,0,2026-10-08,2026-10-09,False,False,5.0,2026-10-09T17:08:49+05:30
TITAGARH,780.62,TOUCHED,-0.44,below,777.2,780.62,783.25,785.88,780.62,0.67,65.5,0.052,0,2026-10-08,2026-10-09,False,False,5.0,2026-10-09T17:08:49+05:30
VIJAYA,1440.1,TOUCHED,-0.24,inside,1436.6,1440.1,1440.1,1444.6,1435.6,0.625,66.3,0.041,0,2026-10-08,2026-10-09,False,False,5.0,2026-10-09T17:08:49+05:30
CEATLTD,3257.85,TOUCHED,0.14,above,3262.3,3257.85,3247.3,3257.85,3236.75,0.65,66.6,0.04,0,2026-10-08,2026-10-09,False,False,5.0,2026-10-09T17:08:49+05:30
NETWEB,4738.53,TOUCHED,-0.36,below,4721.6,4738.53,4761.97,4785.4,4738.53,0.984,66.8,0.083,0,2026-10-08,2026-10-09,False,False,5.0,2026-10-09T17:08:49+05:30
INDIAMART,1598.8,TOUCHED,0.5,above,1606.8,1598.8,1594.9,1598.8,1591.0,0.489,67.4,0.027,0,2026-10-08,2026-10-09,False,False,5.0,2026-10-09T17:08:49+05:30
JSWCEMENT,112.29,TOUCHED,0.12,inside,112.43,112.29,112.29,112.63,111.95,0.606,67.6,0.042,0,2026-10-08,2026-10-09,False,False,5.0,2026-10-09T17:08:49+05:30
BLS,216.57,TOUCHED,-0.16,inside,216.23,216.57,216.57,217.31,215.82,0.688,67.7,0.046,0,2026-10-08,2026-10-09,False,False,5.0,2026-10-09T17:08:49+05:30
FRACTAL,706.65,TOUCHED,0.13,inside,707.6,706.65,706.65,709.65,703.65,0.849,67.9,0.063,0,2026-10-08,2026-10-09,False,False,5.0,2026-10-09T17:08:49+05:30
HSCL,662.28,TOUCHED,-0.35,below,659.95,662.28,664.52,666.75,662.28,0.672,67.9,0.042,0,2026-10-08,2026-10-09,False,False,5.0,2026-10-09T17:08:49+05:30
VBL,435.48,TOUCHED,1.27,above,441.0,435.48,434.32,435.48,433.16,0.533,67.9,0.027,0,2026-10-08,2026-10-09,False,False,5.0,2026-10-09T17:08:49+05:30
HINDUNILVR,1854.6,TOUCHED,0.11,above,1856.7,1854.6,1851.23,1854.6,1847.87,0.364,68.2,0.022,0,2026-10-08,2026-10-09,False,False,5.0,2026-10-09T17:08:49+05:30
RITES,197.54,TOUCHED,0.56,above,198.66,197.54,196.98,197.54,196.42,0.574,68.8,0.038,0,2026-10-08,2026-10-09,False,False,5.0,2026-10-09T17:08:49+05:30
UNOMINDA,1095.4,TOUCHED,1.15,above,1108.0,1095.4,1091.93,1095.4,1088.47,0.635,68.8,0.051,0,2026-10-08,2026-10-09,False,False,5.0,2026-10-09T17:08:49+05:30
ECLERX,1863.57,TOUCHED,0.17,inside,1866.8,1863.57,1863.57,1871.95,1855.18,0.9,69.0,0.061,0,2026-10-08,2026-10-09,False,False,5.0,2026-10-09T17:08:49+05:30
ICICIPRULI,455.8,TOUCHED,1.04,above,460.55,455.8,454.6,455.8,453.4,0.528,69.3,0.03,0,2026-10-08,2026-10-09,False,False,5.0,2026-10-09T17:08:49+05:30
TRITURBINE,517.99,TOUCHED,-1.33,below,511.1,517.99,519.53,521.08,517.99,0.593,69.3,0.035,0,2026-10-08,2026-10-09,False,False,5.0,2026-10-09T17:08:49+05:30
AEGISVOPAK,286.5,TOUCHED,-0.59,below,284.8,286.5,287.8,289.1,286.5,0.903,70.0,0.044,0,2026-10-08,2026-10-09,False,False,5.0,2026-10-09T17:08:49+05:30
BAJAJFINSV,1719.3,TOUCHED,0.9,above,1734.7,1719.3,1715.53,1719.3,1711.77,0.439,70.1,0.026,0,2026-10-08,2026-10-09,False,False,5.0,2026-10-09T17:08:49+05:30
PVRINOX,1321.7,TOUCHED,0.42,above,1327.2,1321.7,1317.53,1321.7,1313.37,0.632,70.1,0.036,0,2026-10-08,2026-10-09,False,False,5.0,2026-10-09T17:08:49+05:30
CUB,222.61,TOUCHED,3.96,above,231.42,222.61,221.76,222.61,220.92,0.762,70.4,0.051,0,2026-10-08,2026-10-09,False,False,5.0,2026-10-09T17:08:49+05:30
SWANCORP,262.17,TOUCHED,-0.25,inside,261.5,262.17,262.17,263.12,261.21,0.731,70.4,0.048,0,2026-10-08,2026-10-09,False,False,5.0,2026-10-09T17:08:49+05:30
TECHM,1507.5,TOUCHED,0.44,above,1514.1,1507.5,1503.73,1507.5,1499.97,0.501,70.4,0.038,0,2026-10-08,2026-10-09,False,False,5.0,2026-10-09T17:08:49+05:30
EMMVEE,303.53,TOUCHED,-1.15,below,300.05,303.53,305.07,306.6,303.53,1.005,70.6,0.054,0,2026-10-08,2026-10-09,False,False,5.0,2026-10-09T17:08:49+05:30
NATIONALUM,315.4,TOUCHED,0.16,inside,315.9,315.4,315.4,316.55,314.25,0.729,70.7,0.049,0,2026-10-08,2026-10-09,False,False,5.0,2026-10-09T17:08:49+05:30
SCHAEFFLER,3746.72,TOUCHED,-2.11,below,3667.6,3746.72,3756.73,3766.75,3746.72,0.533,70.7,0.035,0,2026-10-08,2026-10-09,False,False,5.0,2026-10-09T17:08:49+05:30
SUNPHARMA,1763.37,TOUCHED,-0.19,below,1760.0,1763.37,1766.93,1770.5,1763.37,0.404,70.7,0.024,0,2026-10-08,2026-10-09,False,False,5.0,2026-10-09T17:08:49+05:30
MTARTECH,7767.5,TOUCHED,0.18,inside,7781.5,7767.5,7767.5,7808.5,7726.5,1.056,71.0,0.047,0,2026-10-08,2026-10-09,False,False,5.0,2026-10-09T17:08:49+05:30
COHANCE,443.98,TOUCHED,-0.67,below,441.0,443.98,445.57,447.15,443.98,0.711,71.2,0.024,0,2026-10-08,2026-10-09,False,False,5.0,2026-10-09T17:08:49+05:30
TRENT,2902.1,TOUCHED,0.55,above,2918.2,2902.1,2893.5,2902.1,2884.9,0.594,71.2,0.047,0,2026-10-08,2026-10-09,False,False,5.0,2026-10-09T17:08:49+05:30
USHAMART,505.77,TOUCHED,-0.73,below,502.05,505.77,507.58,509.4,505.77,0.716,71.2,0.044,0,2026-10-08,2026-10-09,False,False,5.0,2026-10-09T17:08:49+05:30
GLAND,3089.4,TOUCHED,-0.89,below,3061.8,3089.4,3099.7,3110.0,3089.4,0.665,71.5,0.046,0,2026-10-08,2026-10-09,False,False,5.0,2026-10-09T17:08:49+05:30
ONESOURCE,1484.97,TOUCHED,-1.59,below,1461.3,1484.97,1491.73,1498.5,1484.97,0.907,71.8,0.052,0,2026-10-08,2026-10-09,False,False,5.0,2026-10-09T17:08:49+05:30
KARURVYSYA,332.4,TOUCHED,2.26,above,339.9,332.4,331.33,332.4,330.27,0.644,72.1,0.046,0,2026-10-08,2026-10-09,False,False,5.0,2026-10-09T17:08:49+05:30
BHARATCOAL,31.42,TOUCHED,-0.96,below,31.12,31.42,31.53,31.65,31.42,0.708,72.5,0.02,0,2026-10-08,2026-10-09,False,False,5.0,2026-10-09T17:08:49+05:30
SBIN,945.7,TOUCHED,1.42,above,959.1,945.7,943.8,945.7,941.9,0.403,72.6,0.019,0,2026-10-08,2026-10-09,False,False,5.0,2026-10-09T17:08:49+05:30
PIRAMALFIN,1971.97,TOUCHED,-0.04,inside,1971.2,1971.97,1971.97,1979.75,1964.18,0.789,72.8,0.06,0,2026-10-08,2026-10-09,False,False,5.0,2026-10-09T17:08:49+05:30
PINELABS,170.7,TOUCHED,-4.47,below,163.07,170.7,171.62,172.53,170.7,1.064,73.1,0.082,0,2026-10-08,2026-10-09,False,False,5.0,2026-10-09T17:08:49+05:30
BANKINDIA,133.69,TOUCHED,0.57,above,134.46,133.69,133.25,133.69,132.8,0.673,73.4,0.042,0,2026-10-08,2026-10-09,False,False,5.0,2026-10-09T17:08:49+05:30
VTL,529.2,TOUCHED,-0.19,below,528.2,529.2,531.05,532.9,529.2,0.697,73.4,0.038,0,2026-10-08,2026-10-09,False,False,5.0,2026-10-09T17:08:49+05:30
ATHERENERG,1427.5,TOUCHED,0.48,above,1434.4,1427.5,1420.33,1427.5,1413.17,1.009,73.6,0.072,0,2026-10-08,2026-10-09,False,False,5.0,2026-10-09T17:08:49+05:30
GRAVITA,1487.98,TOUCHED,-1.45,below,1466.4,1487.98,1493.67,1499.35,1487.98,0.761,73.7,0.036,0,2026-10-08,2026-10-09,False,False,5.0,2026-10-09T17:08:49+05:30
ADANIPOWER,189.51,TOUCHED,-0.27,inside,189.0,189.51,189.51,190.27,188.76,0.799,74.0,0.066,0,2026-10-08,2026-10-09,False,False,5.0,2026-10-09T17:08:49+05:30
GRAPHITE,809.12,TOUCHED,-0.31,inside,806.6,809.12,809.12,812.6,805.63,0.861,74.2,0.034,0,2026-10-08,2026-10-09,False,False,5.0,2026-10-09T17:08:49+05:30
DATAPATTNS,4120.23,TOUCHED,-0.86,below,4084.8,4120.23,4143.37,4166.5,4120.23,1.117,74.5,0.087,0,2026-10-08,2026-10-09,False,False,5.0,2026-10-09T17:08:49+05:30
BPCL,288.12,TOUCHED,-0.11,inside,287.8,288.12,288.12,289.05,287.18,0.648,75.1,0.027,0,2026-10-08,2026-10-09,False,False,5.0,2026-10-09T17:08:49+05:30
ENGINERSIN,292.77,TOUCHED,0.11,above,293.1,292.77,291.52,292.77,290.26,0.863,75.1,0.051,0,2026-10-08,2026-10-09,False,False,5.0,2026-10-09T17:08:49+05:30
M&M,2775.2,TOUCHED,0.76,above,2796.2,2775.2,2767.2,2775.2,2759.2,0.578,75.3,0.031,0,2026-10-08,2026-10-09,False,False,5.0,2026-10-09T17:08:49+05:30
PERSISTENT,5529.5,TOUCHED,4.35,above,5770.0,5529.5,5509.0,5529.5,5488.5,0.744,75.6,0.031,0,2026-10-08,2026-10-09,False,False,5.0,2026-10-09T17:08:49+05:30
TEJASNET,453.3,TOUCHED,-1.35,below,447.2,453.3,455.45,457.6,453.3,0.944,75.6,0.062,0,2026-10-08,2026-10-09,False,False,5.0,2026-10-09T17:08:49+05:30
MEDANTA,1290.1,TOUCHED,1.75,above,1312.7,1290.1,1285.57,1290.1,1281.03,0.705,75.9,0.035,0,2026-10-08,2026-10-09,False,False,5.0,2026-10-09T17:08:49+05:30
SANSERA,4146.35,TOUCHED,-0.52,below,4124.7,4146.35,4163.3,4180.25,4146.35,0.814,75.9,0.064,0,2026-10-08,2026-10-09,False,False,5.0,2026-10-09T17:08:49+05:30
CUPID,354.6,TOUCHED,3.24,above,366.1,354.6,352.55,354.6,350.5,1.163,76.4,0.083,0,2026-10-08,2026-10-09,False,False,5.0,2026-10-09T17:08:49+05:30
HAL,4661.65,TOUCHED,-0.13,below,4655.6,4661.65,4675.9,4690.15,4661.65,0.61,76.4,0.043,0,2026-10-08,2026-10-09,False,False,5.0,2026-10-09T17:08:49+05:30
NESTLEIND,1328.5,TOUCHED,0.34,above,1333.0,1328.5,1325.33,1328.5,1322.17,0.478,76.4,0.036,0,2026-10-08,2026-10-09,False,False,5.0,2026-10-09T17:08:49+05:30
UNITDSPR,1329.05,TOUCHED,2.78,above,1366.0,1329.05,1325.43,1329.05,1321.82,0.546,76.4,0.037,0,2026-10-08,2026-10-09,False,False,5.0,2026-10-09T17:08:49+05:30
JINDALSAW,271.35,TOUCHED,-0.64,below,269.6,271.35,272.5,273.65,271.35,0.844,76.7,0.043,0,2026-10-08,2026-10-09,False,False,5.0,2026-10-09T17:08:49+05:30
ITCHOTELS,155.14,TOUCHED,-0.4,below,154.52,155.14,155.65,156.16,155.14,0.655,77.0,0.058,0,2026-10-08,2026-10-09,False,False,5.0,2026-10-09T17:08:49+05:30
CENTRALBK,30.17,TOUCHED,-0.23,inside,30.1,30.17,30.17,30.26,30.08,0.597,77.3,0.035,0,2026-10-08,2026-10-09,False,False,5.0,2026-10-09T17:08:49+05:30
AVANTIFEED,702.4,TOUCHED,-0.47,below,699.1,702.4,706.15,709.9,702.4,1.062,77.5,0.055,0,2026-10-08,2026-10-09,False,False,5.0,2026-10-09T17:08:49+05:30
DLF,643.98,TOUCHED,0.72,above,648.6,643.98,641.63,643.98,639.29,0.73,77.5,0.038,0,2026-10-08,2026-10-09,False,False,5.0,2026-10-09T17:08:49+05:30
IGL,143.4,TOUCHED,1.92,above,146.15,143.4,142.94,143.4,142.49,0.637,77.5,0.047,0,2026-10-08,2026-10-09,False,False,5.0,2026-10-09T17:08:49+05:30
UTIAMC,880.21,TOUCHED,-0.28,below,877.7,880.21,883.22,886.23,880.21,0.681,77.5,0.044,0,2026-10-08,2026-10-09,False,False,5.0,2026-10-09T17:08:49+05:30
BHARATFORG,1810.0,TOUCHED,0.38,above,1816.9,1810.0,1803.53,1810.0,1797.07,0.717,77.8,0.044,0,2026-10-08,2026-10-09,False,False,5.0,2026-10-09T17:08:49+05:30
ETERNAL,322.95,TOUCHED,0.15,above,323.45,322.95,321.65,322.95,320.35,0.808,78.4,0.041,0,2026-10-08,2026-10-09,False,False,5.0,2026-10-09T17:08:49+05:30
GALLANTT,505.92,TOUCHED,-0.43,below,503.75,505.92,508.7,511.48,505.92,1.091,78.4,0.07,0,2026-10-08,2026-10-09,False,False,5.0,2026-10-09T17:08:49+05:30
TATASTEEL,173.47,TOUCHED,0.19,above,173.8,173.47,172.97,173.47,172.46,0.582,78.4,0.023,0,2026-10-08,2026-10-09,False,False,5.0,2026-10-09T17:08:49+05:30
JMFINANCIL,121.16,TOUCHED,-2.76,below,117.82,121.16,121.73,122.29,121.16,0.926,78.6,0.057,0,2026-10-08,2026-10-09,False,False,5.0,2026-10-09T17:08:49+05:30
360ONE,1049.23,TOUCHED,-0.12,inside,1048.0,1049.23,1049.23,1053.3,1045.17,0.775,79.2,0.035,0,2026-10-08,2026-10-09,False,False,5.0,2026-10-09T17:08:49+05:30
CHOICEIN,714.92,TOUCHED,-0.25,inside,713.1,714.92,714.92,717.05,712.78,0.597,79.7,0.028,0,2026-10-08,2026-10-09,False,False,5.0,2026-10-09T17:08:49+05:30
BANKBARODA,235.49,TOUCHED,0.13,inside,235.8,235.49,235.49,236.24,234.75,0.633,80.0,0.025,0,2026-10-08,2026-10-09,False,False,5.0,2026-10-09T17:08:49+05:30
NATCOPHARM,798.78,TOUCHED,-1.17,below,789.4,798.78,802.17,805.55,798.78,0.844,80.0,0.033,0,2026-10-08,2026-10-09,False,False,5.0,2026-10-09T17:08:49+05:30
APTUS,217.78,TOUCHED,-0.94,below,215.73,217.78,218.64,219.5,217.78,0.787,80.5,0.036,0,2026-10-08,2026-10-09,False,False,5.0,2026-10-09T17:08:49+05:30
CRISIL,4437.57,TOUCHED,-0.31,inside,4423.8,4437.57,4437.57,4454.35,4420.78,0.756,80.5,0.05,0,2026-10-08,2026-10-09,False,False,5.0,2026-10-09T17:08:49+05:30
SYRMA,1708.55,TOUCHED,0.66,above,1719.9,1708.55,1699.33,1708.55,1690.12,1.085,80.8,0.059,0,2026-10-08,2026-10-09,False,False,5.0,2026-10-09T17:08:49+05:30
BHARTIARTL,1809.32,TOUCHED,-0.23,below,1805.1,1809.32,1814.03,1818.75,1809.32,0.52,81.1,0.021,0,2026-10-08,2026-10-09,False,False,5.0,2026-10-09T17:08:49+05:30
EMBASSY,432.37,TOUCHED,-0.25,below,431.27,432.37,433.34,434.32,432.37,0.452,81.1,0.02,0,2026-10-07,2026-10-08,False,False,5.0,2026-10-09T17:08:49+05:30
IDBI,83.57,TOUCHED,-0.58,below,83.09,83.57,83.96,84.35,83.57,0.933,81.1,0.049,0,2026-10-08,2026-10-09,False,False,5.0,2026-10-09T17:08:49+05:30
JIOFIN,213.15,TOUCHED,0.69,above,214.62,213.15,212.43,213.15,211.72,0.675,81.1,0.033,0,2026-10-08,2026-10-09,False,False,5.0,2026-10-09T17:08:49+05:30
NMDC,71.42,TOUCHED,0.53,above,71.8,71.42,71.18,71.42,70.94,0.688,81.1,0.035,0,2026-10-08,2026-10-09,False,False,5.0,2026-10-09T17:08:49+05:30
BATAINDIA,609.05,TOUCHED,0.69,above,613.25,609.05,607.15,609.05,605.25,0.626,81.4,0.026,0,2026-10-08,2026-10-09,False,False,5.0,2026-10-09T17:08:49+05:30
IEX,104.53,TOUCHED,0.24,inside,104.78,104.53,104.53,104.92,104.14,0.743,81.4,0.043,0,2026-10-08,2026-10-09,False,False,5.0,2026-10-09T17:08:49+05:30
TBOTEK,1674.98,TOUCHED,-0.51,below,1666.4,1674.98,1683.47,1691.95,1674.98,1.008,81.4,0.043,0,2026-10-08,2026-10-09,False,False,5.0,2026-10-09T17:08:49+05:30
ACMESOLAR,422.62,TOUCHED,-1.07,below,418.1,422.62,424.83,427.05,422.62,1.044,81.6,0.061,0,2026-10-08,2026-10-09,False,False,5.0,2026-10-09T17:08:49+05:30
HINDCOPPER,470.14,TOUCHED,-0.27,below,468.85,470.14,472.78,475.43,470.14,1.117,81.6,0.038,0,2026-10-08,2026-10-09,False,False,5.0,2026-10-09T17:08:49+05:30
AWL,183.47,TOUCHED,-0.7,below,182.18,183.47,184.14,184.8,183.47,0.72,82.2,0.056,0,2026-10-08,2026-10-09,False,False,5.0,2026-10-09T17:08:49+05:30
GODREJPROP,1548.13,TOUCHED,0.12,inside,1550.0,1548.13,1548.13,1555.2,1541.07,0.913,82.5,0.054,0,2026-10-08,2026-10-09,False,False,5.0,2026-10-09T17:08:49+05:30
RAILTEL,249.24,TOUCHED,-0.44,below,248.15,249.24,250.38,251.53,249.24,0.912,82.5,0.049,0,2026-10-08,2026-10-09,False,False,5.0,2026-10-09T17:08:49+05:30
TATACONSUM,957.73,TOUCHED,-0.29,inside,955.0,957.73,957.73,960.65,954.82,0.609,82.5,0.03,0,2026-10-08,2026-10-09,False,False,5.0,2026-10-09T17:08:49+05:30
AUROPHARMA,1661.45,TOUCHED,1.9,above,1693.0,1661.45,1655.97,1661.45,1650.48,0.662,82.7,0.043,0,2026-10-08,2026-10-09,False,False,5.0,2026-10-09T17:08:49+05:30
EMAMILTD,369.98,TOUCHED,-0.14,inside,369.45,369.98,369.98,371.35,368.62,0.739,82.7,0.033,0,2026-10-08,2026-10-09,False,False,5.0,2026-10-09T17:08:49+05:30
HINDALCO,898.67,TOUCHED,0.19,above,900.35,898.67,895.83,898.67,892.99,0.634,82.7,0.02,0,2026-10-08,2026-10-09,False,False,5.0,2026-10-09T17:08:49+05:30
LTM,3959.15,TOUCHED,2.8,above,4070.0,3959.15,3944.43,3959.15,3929.72,0.746,82.7,0.039,0,2026-10-08,2026-10-09,False,False,5.0,2026-10-09T17:08:49+05:30
SBICARD,553.55,TOUCHED,1.53,above,562.0,553.55,551.58,553.55,549.62,0.713,82.7,0.039,0,2026-10-08,2026-10-09,False,False,5.0,2026-10-09T17:08:49+05:30
AUBANK,982.3,TOUCHED,-0.03,inside,982.0,982.3,982.3,985.95,978.65,0.743,83.0,0.019,0,2026-10-08,2026-10-09,False,False,5.0,2026-10-09T17:08:49+05:30
PFC,327.32,TOUCHED,0.15,above,327.8,327.32,326.12,327.32,324.91,0.741,83.0,0.044,0,2026-10-08,2026-10-09,False,False,5.0,2026-10-09T17:08:49+05:30
UCOBANK,23.19,TOUCHED,0.24,above,23.25,23.19,23.12,23.19,23.04,0.678,83.0,0.014,0,2026-10-08,2026-10-09,False,False,5.0,2026-10-09T17:08:49+05:30
BAJAJHLDNG,10730.0,TOUCHED,0.84,above,10820.0,10730.0,10686.67,10730.0,10643.33,0.811,83.3,0.028,0,2026-10-08,2026-10-09,False,False,5.0,2026-10-09T17:08:49+05:30
ACUTAAS,3109.1,TOUCHED,1.66,above,3160.6,3109.1,3091.63,3109.1,3074.17,1.13,83.6,0.045,0,2026-10-08,2026-10-09,False,False,5.0,2026-10-09T17:08:49+05:30
AAVAS,1195.57,TOUCHED,-0.21,below,1193.0,1195.57,1200.63,1205.7,1195.57,0.844,83.8,0.03,0,2026-10-08,2026-10-09,False,False,5.0,2026-10-09T17:08:49+05:30
AFFLE,1413.17,TOUCHED,0.31,inside,1417.5,1413.17,1413.17,1419.05,1407.28,0.833,83.8,0.036,0,2026-10-08,2026-10-09,False,False,5.0,2026-10-09T17:08:49+05:30
ARE&M,722.8,TOUCHED,-0.25,below,721.0,722.8,725.3,727.8,722.8,0.689,83.8,0.03,0,2026-10-08,2026-10-09,False,False,5.0,2026-10-09T17:08:49+05:30
EMCURE,1860.58,TOUCHED,-1.46,below,1833.5,1860.58,1869.67,1878.75,1860.58,0.972,83.8,0.031,0,2026-10-08,2026-10-09,False,False,5.0,2026-10-09T17:08:49+05:30
IOB,30.58,TOUCHED,-0.02,below,30.58,30.58,30.69,30.8,30.58,0.684,83.8,0.034,0,2026-10-08,2026-10-09,False,False,5.0,2026-10-09T17:08:49+05:30
ANANTRAJ,585.74,TOUCHED,-2.56,below,570.75,585.74,588.98,592.23,585.74,1.101,84.1,0.085,0,2026-10-08,2026-10-09,False,False,5.0,2026-10-09T17:08:49+05:30
RADICO,4477.45,TOUCHED,1.62,above,4550.0,4477.45,4456.63,4477.45,4435.82,0.934,84.1,0.033,0,2026-10-08,2026-10-09,False,False,5.0,2026-10-09T17:08:49+05:30
CANBK,118.78,TOUCHED,0.68,above,119.59,118.78,118.31,118.78,117.83,0.809,84.4,0.026,0,2026-10-08,2026-10-09,False,False,5.0,2026-10-09T17:08:49+05:30
KIRLOSBROS,1684.17,TOUCHED,0.35,inside,1690.1,1684.17,1684.17,1692.65,1675.68,1.007,84.4,0.046,0,2026-10-08,2026-10-09,False,False,5.0,2026-10-09T17:08:49+05:30
MCX,3308.15,TOUCHED,0.3,above,3318.2,3308.15,3290.63,3308.15,3273.12,1.065,84.4,0.064,0,2026-10-08,2026-10-09,False,False,5.0,2026-10-09T17:08:49+05:30
TRIDENT,21.98,TOUCHED,-0.11,inside,21.96,21.98,21.98,22.06,21.91,0.697,84.4,0.036,0,2026-10-08,2026-10-09,False,False,5.0,2026-10-09T17:08:49+05:30
AETHER,1752.9,TOUCHED,-0.27,below,1748.1,1752.9,1761.7,1770.5,1752.9,0.999,84.7,0.04,0,2026-10-08,2026-10-09,False,False,5.0,2026-10-09T17:08:49+05:30
NTPCGREEN,90.47,TOUCHED,2.36,above,92.6,90.47,90.13,90.47,89.8,0.74,84.7,0.017,0,2026-10-08,2026-10-09,False,False,5.0,2026-10-09T17:08:49+05:30
CGCL,242.78,TOUCHED,-0.39,below,241.82,242.78,244.02,245.25,242.78,1.015,84.9,0.08,0,2026-10-08,2026-10-09,False,False,5.0,2026-10-09T17:08:49+05:30
BDL,1067.65,TOUCHED,0.77,above,1075.9,1067.65,1061.93,1067.65,1056.22,1.077,85.2,0.057,0,2026-10-08,2026-10-09,False,False,5.0,2026-10-09T17:08:49+05:30
JUBLINGREA,626.42,TOUCHED,-0.1,inside,625.8,626.42,626.42,629.48,623.36,0.976,85.2,0.043,0,2026-10-08,2026-10-09,False,False,5.0,2026-10-09T17:08:49+05:30
LEMONTREE,110.54,TOUCHED,-0.1,below,110.43,110.54,111.02,111.51,110.54,0.877,85.5,0.033,0,2026-10-08,2026-10-09,False,False,5.0,2026-10-09T17:08:49+05:30
LT,3654.5,TOUCHED,1.34,above,3703.3,3654.5,3644.7,3654.5,3634.9,0.538,85.5,0.035,0,2026-10-08,2026-10-09,False,False,5.0,2026-10-09T17:08:49+05:30
GICRE,311.58,TOUCHED,0.33,inside,312.6,311.58,311.58,312.82,310.34,0.797,85.8,0.037,0,2026-10-08,2026-10-09,False,False,5.0,2026-10-09T17:08:49+05:30
HONASA,469.75,TOUCHED,-0.22,below,468.7,469.75,472.0,474.25,469.75,0.953,85.8,0.063,0,2026-10-08,2026-10-09,False,False,5.0,2026-10-09T17:08:49+05:30
HUDCO,159.15,TOUCHED,0.38,above,159.75,159.15,158.43,159.15,157.71,0.909,85.8,0.041,0,2026-10-08,2026-10-09,False,False,5.0,2026-10-09T17:08:49+05:30
JWL,217.45,TOUCHED,-1.4,below,214.4,217.45,218.48,219.5,217.45,0.937,85.8,0.049,0,2026-10-08,2026-10-09,False,False,5.0,2026-10-09T17:08:49+05:30
KAYNES,3275.7,TOUCHED,-0.36,inside,3264.0,3275.7,3275.7,3297.05,3254.35,1.304,85.8,0.066,0,2026-10-08,2026-10-09,False,False,5.0,2026-10-09T17:08:49+05:30
AIAENG,3758.25,TOUCHED,-0.55,below,3737.7,3758.25,3773.6,3788.95,3758.25,0.814,86.0,0.053,0,2026-10-08,2026-10-09,False,False,5.0,2026-10-09T17:08:49+05:30
FLUOROCHEM,4478.73,TOUCHED,-0.04,inside,4476.8,4478.73,4478.73,4498.05,4459.42,0.863,86.0,0.022,0,2026-10-08,2026-10-09,False,False,5.0,2026-10-09T17:08:49+05:30
MARICO,784.23,TOUCHED,0.25,above,786.15,784.23,781.9,784.23,779.58,0.595,86.0,0.027,0,2026-10-08,2026-10-09,False,False,5.0,2026-10-09T17:08:49+05:30
MRPL,174.99,TOUCHED,-1.63,below,172.13,174.99,176.12,177.25,174.99,1.289,86.0,0.056,0,2026-10-08,2026-10-09,False,False,5.0,2026-10-09T17:08:49+05:30
NTPC,311.52,TOUCHED,0.16,inside,312.0,311.52,311.52,312.43,310.61,0.583,86.0,0.019,0,2026-10-08,2026-10-09,False,False,5.0,2026-10-09T17:08:49+05:30
TMCV,415.41,TOUCHED,-1.23,below,410.3,415.41,417.62,419.82,415.41,1.058,86.2,0.041,0,2026-10-08,2026-10-09,False,False,5.0,2026-10-09T17:08:49+05:30
CESC,130.34,TOUCHED,2.22,above,133.23,130.34,129.8,130.34,129.27,0.827,86.3,0.041,0,2026-10-08,2026-10-09,False,False,5.0,2026-10-09T17:08:49+05:30
GESHIP,1537.3,TOUCHED,-0.23,below,1533.7,1537.3,1544.9,1552.5,1537.3,0.984,86.3,0.043,0,2026-10-08,2026-10-09,False,False,5.0,2026-10-09T17:08:49+05:30
PAYTM,1632.7,TOUCHED,0.2,above,1636.0,1632.7,1623.9,1632.7,1615.1,1.084,86.3,0.056,0,2026-10-08,2026-10-09,False,False,5.0,2026-10-09T17:08:49+05:30
IDEA,12.96,TOUCHED,0.28,inside,13.0,12.96,12.96,13.05,12.88,1.26,86.8,0.052,0,2026-10-08,2026-10-09,False,False,5.0,2026-10-09T17:08:49+05:30
ZENSARTECH,448.35,TOUCHED,0.04,above,448.55,448.35,446.17,448.35,443.98,0.979,86.8,0.047,0,2026-10-08,2026-10-09,False,False,5.0,2026-10-09T17:08:49+05:30
BALRAMCHIN,692.8,TOUCHED,-2.11,below,678.15,692.8,696.15,699.5,692.8,0.962,87.1,0.045,0,2026-10-08,2026-10-09,False,False,5.0,2026-10-09T17:08:49+05:30
CONCOR,439.02,TOUCHED,0.68,above,442.0,439.02,437.35,439.02,435.67,0.766,87.1,0.041,0,2026-10-08,2026-10-09,False,False,5.0,2026-10-09T17:08:49+05:30
CUMMINSIND,4798.5,TOUCHED,0.66,above,4830.0,4798.5,4779.3,4798.5,4760.1,0.803,87.1,0.02,0,2026-10-08,2026-10-09,False,False,5.0,2026-10-09T17:08:49+05:30
EXIDEIND,396.57,TOUCHED,-0.55,below,394.4,396.57,398.23,399.9,396.57,0.837,87.1,0.029,0,2026-10-08,2026-10-09,False,False,5.0,2026-10-09T17:08:49+05:30
J&KBANK,137.64,TOUCHED,0.43,above,138.23,137.64,136.92,137.64,136.21,1.04,87.1,0.054,0,2026-10-08,2026-10-09,False,False,5.0,2026-10-09T17:08:49+05:30
SUMICHEM,415.77,TOUCHED,0.37,inside,417.3,415.77,415.77,417.95,413.58,1.05,87.1,0.051,0,2026-10-08,2026-10-09,False,False,5.0,2026-10-09T17:08:49+05:30
DIXON,12784.0,TOUCHED,-0.08,inside,12774.0,12784.0,12784.0,12851.0,12717.0,1.048,87.4,0.073,0,2026-10-08,2026-10-09,False,False,5.0,2026-10-09T17:08:49+05:30
GRSE,2042.53,TOUCHED,0.17,inside,2046.0,2042.53,2042.53,2056.8,2028.27,1.397,87.4,0.099,0,2026-10-08,2026-10-09,False,False,5.0,2026-10-09T17:08:49+05:30
M&MFIN,315.48,TOUCHED,1.26,above,319.45,315.48,313.82,315.48,312.16,1.057,87.4,0.056,0,2026-10-08,2026-10-09,False,False,5.0,2026-10-09T17:08:49+05:30
UPL,487.1,TOUCHED,0.28,above,488.45,487.1,485.08,487.1,483.07,0.831,87.4,0.025,0,2026-10-08,2026-10-09,False,False,5.0,2026-10-09T17:08:49+05:30
KFINTECH,842.49,TOUCHED,-0.02,below,842.35,842.49,846.78,851.08,842.49,1.014,87.7,0.029,0,2026-10-08,2026-10-09,False,False,5.0,2026-10-09T17:08:49+05:30
LICI,383.1,TOUCHED,2.91,above,394.25,383.1,381.82,383.1,380.53,0.672,87.7,0.034,0,2026-10-08,2026-10-09,False,False,5.0,2026-10-09T17:08:49+05:30
TATATECH,704.85,TOUCHED,1.56,above,715.85,704.85,701.45,704.85,698.05,0.969,87.7,0.047,0,2026-10-08,2026-10-09,False,False,5.0,2026-10-09T17:08:49+05:30
BRITANNIA,4795.15,TOUCHED,0.62,above,4825.0,4795.15,4778.63,4795.15,4762.12,0.691,87.9,0.03,0,2026-10-08,2026-10-09,False,False,5.0,2026-10-09T17:08:49+05:30
ELGIEQUIP,585.0,TOUCHED,-0.32,inside,583.15,585.0,585.0,588.0,582.0,1.026,87.9,0.056,0,2026-10-08,2026-10-09,False,False,5.0,2026-10-09T17:08:49+05:30
ENDURANCE,2445.23,TOUCHED,-1.54,below,2407.5,2445.23,2456.97,2468.7,2445.23,0.955,87.9,0.047,0,2026-10-08,2026-10-09,False,False,5.0,2026-10-09T17:08:49+05:30
HDFCBANK,698.15,TOUCHED,1.3,above,707.25,698.15,696.18,698.15,694.22,0.565,87.9,0.023,0,2026-10-08,2026-10-09,False,False,5.0,2026-10-09T17:08:49+05:30
KALYANKJIL,556.62,TOUCHED,-0.47,below,554.0,556.62,559.73,562.85,556.62,1.114,87.9,0.042,0,2026-10-08,2026-10-09,False,False,5.0,2026-10-09T17:08:49+05:30
RAMCOCEM,821.3,TOUCHED,-1.67,below,807.55,821.3,824.7,828.1,821.3,0.825,87.9,0.045,0,2026-10-08,2026-10-09,False,False,5.0,2026-10-09T17:08:49+05:30
HDFCAMC,2265.27,TOUCHED,-0.12,inside,2262.5,2265.27,2265.27,2275.4,2255.13,0.895,88.2,0.025,0,2026-10-08,2026-10-09,False,False,5.0,2026-10-09T17:08:49+05:30
TORNTPHARM,4649.13,TOUCHED,0.17,inside,4656.9,4649.13,4649.13,4665.15,4633.12,0.689,88.2,0.026,0,2026-10-08,2026-10-09,False,False,5.0,2026-10-09T17:08:49+05:30
TTML,33.11,TOUCHED,-0.65,below,32.89,33.11,33.26,33.42,33.11,0.942,88.2,0.044,0,2026-10-08,2026-10-09,False,False,5.0,2026-10-09T17:08:49+05:30
ASHOKLEY,145.73,TOUCHED,-0.46,below,145.06,145.73,146.45,147.16,145.73,0.974,88.5,0.035,0,2026-10-08,2026-10-09,False,False,5.0,2026-10-09T17:08:49+05:30
FSL,269.77,TOUCHED,-0.62,inside,268.1,269.77,269.77,271.48,268.06,1.267,88.5,0.048,0,2026-10-08,2026-10-09,False,False,5.0,2026-10-09T17:08:49+05:30
INDIANB,819.9,TOUCHED,1.21,above,829.8,819.9,815.87,819.9,811.83,0.989,88.5,0.034,0,2026-10-08,2026-10-09,False,False,5.0,2026-10-09T17:08:49+05:30
MFSL,1327.83,TOUCHED,-1.37,below,1309.7,1327.83,1333.27,1338.7,1327.83,0.815,88.5,0.02,0,2026-10-08,2026-10-09,False,False,5.0,2026-10-09T17:08:49+05:30
REDINGTON,390.5,TOUCHED,-2.69,below,380.0,390.5,393.0,395.5,390.5,1.272,88.5,0.04,0,2026-10-08,2026-10-09,False,False,5.0,2026-10-09T17:08:49+05:30
CAPLIPOINT,2562.82,TOUCHED,-3.98,below,2460.8,2562.82,2576.83,2590.85,2562.82,1.088,88.8,0.038,0,2026-10-08,2026-10-09,False,False,5.0,2026-10-09T17:08:49+05:30
CYIENT,1100.4,TOUCHED,5.31,above,1158.8,1100.4,1095.17,1100.4,1089.93,0.956,88.8,0.03,0,2026-10-08,2026-10-09,False,False,5.0,2026-10-09T17:08:49+05:30
JPPOWER,14.5,TOUCHED,0.21,inside,14.53,14.5,14.5,14.59,14.41,1.31,88.8,0.054,0,2026-10-08,2026-10-09,False,False,5.0,2026-10-09T17:08:49+05:30
LAURUSLABS,2026.45,TOUCHED,0.5,above,2036.6,2026.45,2016.93,2026.45,2007.42,0.944,88.8,0.029,0,2026-10-08,2026-10-09,False,False,5.0,2026-10-09T17:08:49+05:30
MAHABANK,82.87,TOUCHED,0.35,inside,83.16,82.87,82.87,83.28,82.46,0.986,88.8,0.046,0,2026-10-08,2026-10-09,False,False,5.0,2026-10-09T17:08:49+05:30
VMM,97.98,TOUCHED,-0.49,inside,97.5,97.98,97.98,98.48,97.49,1.004,88.8,0.04,0,2026-10-08,2026-10-09,False,False,5.0,2026-10-09T17:08:49+05:30
LGEINDIA,1745.0,TOUCHED,0.69,above,1757.0,1745.0,1737.67,1745.0,1730.33,0.844,88.9,0.026,0,2026-10-08,2026-10-09,False,False,5.0,2026-10-09T17:08:49+05:30
ABREL,1023.97,TOUCHED,-0.16,below,1022.3,1023.97,1029.93,1035.9,1023.97,1.159,89.0,0.033,0,2026-10-08,2026-10-09,False,False,5.0,2026-10-09T17:08:49+05:30
IRFC,74.9,TOUCHED,-0.27,inside,74.7,74.9,74.9,75.21,74.6,0.805,89.0,0.042,0,2026-10-08,2026-10-09,False,False,5.0,2026-10-09T17:08:49+05:30
NUVAMA,1757.2,TOUCHED,0.41,inside,1764.4,1757.2,1757.2,1767.1,1747.3,1.127,89.0,0.03,0,2026-10-08,2026-10-09,False,False,5.0,2026-10-09T17:08:49+05:30
CEMPRO,1149.7,TOUCHED,-2.14,below,1125.1,1149.7,1158.6,1167.5,1149.7,1.536,89.3,0.073,0,2026-10-08,2026-10-09,False,False,5.0,2026-10-09T17:08:49+05:30
HEROMOTOCO,4896.17,TOUCHED,-0.01,inside,4895.5,4896.17,4896.17,4916.0,4876.33,0.81,89.3,0.027,0,2026-10-08,2026-10-09,False,False,5.0,2026-10-09T17:08:49+05:30
HONAUT,32612.5,TOUCHED,-0.36,below,32495.0,32612.5,32760.0,32907.5,32612.5,0.9,89.3,0.03,0,2026-10-08,2026-10-09,False,False,5.0,2026-10-09T17:08:49+05:30
ITI,239.57,TOUCHED,0.23,inside,240.13,239.57,239.57,240.77,238.38,0.999,89.3,0.036,0,2026-10-08,2026-10-09,False,False,5.0,2026-10-09T17:08:49+05:30
ABBOTINDIA,25872.5,TOUCHED,0.49,above,26000.0,25872.5,25775.0,25872.5,25677.5,0.757,89.6,0.038,0,2026-10-08,2026-10-09,False,False,5.0,2026-10-09T17:08:49+05:30
TCS,2100.75,TOUCHED,2.63,above,2156.0,2100.75,2092.5,2100.75,2084.25,0.789,89.6,0.032,0,2026-10-08,2026-10-09,False,False,5.0,2026-10-09T17:08:49+05:30
HEGAM,238.83,TOUCHED,-2.21,below,233.56,238.83,240.5,242.16,238.83,1.383,89.9,0.053,0,2026-10-08,2026-10-09,False,False,5.0,2026-10-09T17:08:49+05:30
IOC,126.76,TOUCHED,-0.33,below,126.35,126.76,127.28,127.79,126.76,0.807,89.9,0.031,0,2026-10-08,2026-10-09,False,False,5.0,2026-10-09T17:08:49+05:30
MAZDOCK,2013.63,TOUCHED,-0.18,inside,2010.0,2013.63,2013.63,2025.45,2001.82,1.174,89.9,0.047,0,2026-10-08,2026-10-09,False,False,5.0,2026-10-09T17:08:49+05:30
JAINREC,287.57,TOUCHED,0.39,above,288.7,287.57,285.4,287.57,283.22,1.524,90.0,0.085,0,2026-10-08,2026-10-09,False,False,5.0,2026-10-09T17:08:49+05:30
FACT,729.1,TOUCHED,0.04,above,729.4,729.1,725.32,729.1,721.53,1.043,90.1,0.06,0,2026-10-08,2026-10-09,False,False,5.0,2026-10-09T17:08:49+05:30
HFCL,262.21,TOUCHED,-0.69,inside,260.4,262.21,262.21,264.15,260.26,1.486,90.1,0.047,0,2026-10-08,2026-10-09,False,False,5.0,2026-10-09T17:08:49+05:30
PGEL,514.23,TOUCHED,-0.47,below,511.8,514.23,517.85,521.48,514.23,1.4,90.1,0.072,0,2026-10-08,2026-10-09,False,False,5.0,2026-10-09T17:08:49+05:30
POLYCAB,8227.83,TOUCHED,0.33,inside,8255.0,8227.83,8227.83,8266.25,8189.42,0.934,90.1,0.04,0,2026-10-08,2026-10-09,False,False,5.0,2026-10-09T17:08:49+05:30
LENSKART,665.75,TOUCHED,1.79,above,677.65,665.75,661.82,665.75,657.88,1.189,90.3,0.036,0,2026-10-08,2026-10-09,False,False,5.0,2026-10-09T17:08:49+05:30
IGIL,310.7,TOUCHED,-0.53,inside,309.05,310.7,310.7,312.53,308.87,1.175,90.4,0.044,0,2026-10-08,2026-10-09,False,False,5.0,2026-10-09T17:08:49+05:30
KEC,356.0,TOUCHED,3.89,above,369.85,356.0,353.87,356.0,351.73,1.206,90.4,0.035,0,2026-10-08,2026-10-09,False,False,5.0,2026-10-09T17:08:49+05:30
KEI,4604.33,TOUCHED,-0.42,below,4585.0,4604.33,4628.67,4653.0,4604.33,1.051,90.4,0.033,0,2026-10-08,2026-10-09,False,False,5.0,2026-10-09T17:08:49+05:30
MARUTI,11344.0,TOUCHED,0.67,above,11420.0,11344.0,11305.33,11344.0,11266.67,0.684,90.4,0.019,0,2026-10-08,2026-10-09,False,False,5.0,2026-10-09T17:08:49+05:30
NSLNISP,39.33,TOUCHED,-0.25,below,39.23,39.33,39.55,39.78,39.33,1.146,90.4,0.047,0,2026-10-08,2026-10-09,False,False,5.0,2026-10-09T17:08:49+05:30
SHRIPISTON,4295.37,TOUCHED,-0.25,below,4284.5,4295.37,4320.33,4345.3,4295.37,1.156,90.4,0.044,0,2026-10-08,2026-10-09,False,False,5.0,2026-10-09T17:08:49+05:30
INDIGO,4836.38,TOUCHED,-0.07,below,4833.0,4836.38,4859.67,4882.95,4836.38,0.958,90.7,0.033,0,2026-10-08,2026-10-09,False,False,5.0,2026-10-09T17:08:49+05:30
LALPATHLAB,1924.5,TOUCHED,0.47,above,1933.6,1924.5,1915.97,1924.5,1907.43,0.891,90.7,0.047,0,2026-10-08,2026-10-09,False,False,5.0,2026-10-09T17:08:49+05:30
RAINBOW,1247.25,TOUCHED,0.24,above,1250.2,1247.25,1241.73,1247.25,1236.22,0.889,90.7,0.046,0,2026-10-08,2026-10-09,False,False,5.0,2026-10-09T17:08:49+05:30
WAAREEENER,2330.75,TOUCHED,-0.33,below,2323.0,2330.75,2344.5,2358.25,2330.75,1.173,90.7,0.051,0,2026-10-08,2026-10-09,False,False,5.0,2026-10-09T17:08:49+05:30
IRCON,104.47,TOUCHED,0.09,inside,104.56,104.47,104.47,105.06,103.88,1.126,91.0,0.049,0,2026-10-08,2026-10-09,False,False,5.0,2026-10-09T17:08:49+05:30
JYOTICNC,1016.45,TOUCHED,-1.65,below,999.7,1016.45,1023.0,1029.55,1016.45,1.281,91.0,0.042,0,2026-10-08,2026-10-09,False,False,5.0,2026-10-09T17:08:49+05:30
NLCINDIA,244.27,TOUCHED,-0.29,inside,243.55,244.27,244.27,245.68,242.86,1.153,91.0,0.065,0,2026-10-08,2026-10-09,False,False,5.0,2026-10-09T17:08:49+05:30
ASTRAL,1415.75,TOUCHED,-0.42,below,1409.8,1415.75,1423.0,1430.25,1415.75,1.019,91.2,0.04,0,2026-10-08,2026-10-09,False,False,5.0,2026-10-09T17:08:49+05:30
BAJAJHFL,82.45,TOUCHED,-1.14,below,81.51,82.45,82.75,83.06,82.45,0.741,91.2,0.028,0,2026-10-08,2026-10-09,False,False,5.0,2026-10-09T17:08:49+05:30
PCBL,321.07,TOUCHED,-2.7,below,312.4,321.07,322.88,324.7,321.07,1.125,91.2,0.059,0,2026-10-08,2026-10-09,False,False,5.0,2026-10-09T17:08:49+05:30
SAILIFE,1514.13,TOUCHED,-1.73,below,1487.9,1514.13,1522.67,1531.2,1514.13,1.121,91.2,0.048,0,2026-10-08,2026-10-09,False,False,5.0,2026-10-09T17:08:49+05:30
ATGL,565.63,TOUCHED,-0.39,below,563.45,565.63,569.07,572.5,565.63,1.207,91.5,0.036,0,2026-10-08,2026-10-09,False,False,5.0,2026-10-09T17:08:49+05:30
LTFOODS,409.98,TOUCHED,-0.47,inside,408.05,409.98,409.98,412.25,407.72,1.106,91.5,0.043,0,2026-10-08,2026-10-09,False,False,5.0,2026-10-09T17:08:49+05:30
NEULANDLAB,21151.67,TOUCHED,-1.24,below,20890.0,21151.67,21288.33,21425.0,21151.67,1.284,91.5,0.054,0,2026-10-08,2026-10-09,False,False,5.0,2026-10-09T17:08:49+05:30
PPLPHARMA,197.54,TOUCHED,-0.33,below,196.88,197.54,198.64,199.75,197.54,1.114,91.5,0.049,0,2026-10-08,2026-10-09,False,False,5.0,2026-10-09T17:08:49+05:30
RBLBANK,407.3,TOUCHED,2.63,above,418.0,407.3,405.1,407.3,402.9,1.086,91.5,0.034,0,2026-10-08,2026-10-09,False,False,5.0,2026-10-09T17:08:49+05:30
SAMMAANCAP,128.64,TOUCHED,-1.71,below,126.44,128.64,129.45,130.27,128.64,1.262,91.5,0.058,0,2026-10-08,2026-10-09,False,False,5.0,2026-10-09T17:08:49+05:30
BEL,368.92,TOUCHED,-0.21,below,368.15,368.92,370.53,372.15,368.92,0.873,91.8,0.028,0,2026-10-08,2026-10-09,False,False,5.0,2026-10-09T17:08:49+05:30
EIDPARRY,687.5,TOUCHED,0.2,above,688.9,687.5,684.05,687.5,680.6,1.009,91.8,0.039,0,2026-10-08,2026-10-09,False,False,5.0,2026-10-09T17:08:49+05:30
GRASIM,2886.7,TOUCHED,0.11,above,2890.0,2886.7,2876.73,2886.7,2866.77,0.693,91.8,0.033,0,2026-10-08,2026-10-09,False,False,5.0,2026-10-09T17:08:49+05:30
MAXHEALTH,882.33,TOUCHED,0.17,inside,883.8,882.33,882.33,886.8,877.87,1.012,91.8,0.044,0,2026-10-08,2026-10-09,False,False,5.0,2026-10-09T17:08:49+05:30
TATACHEM,596.12,TOUCHED,-1.07,below,589.75,596.12,599.28,602.45,596.12,1.057,91.8,0.03,0,2026-10-08,2026-10-09,False,False,5.0,2026-10-09T17:08:49+05:30
URBANCO,161.47,TOUCHED,-1.06,below,159.76,161.47,162.68,163.9,161.47,1.496,92.0,0.053,0,2026-10-08,2026-10-09,False,False,5.0,2026-10-09T17:08:49+05:30
ASIANPAINT,2330.07,TOUCHED,0.39,inside,2339.1,2330.07,2330.07,2339.3,2320.83,0.793,92.1,0.027,0,2026-10-08,2026-10-09,False,False,5.0,2026-10-09T17:08:49+05:30
BOSCHLTD,43535.0,TOUCHED,0.02,inside,43545.0,43535.0,43535.0,43725.0,43345.0,0.873,92.1,0.034,0,2026-10-08,2026-10-09,False,False,5.0,2026-10-09T17:08:49+05:30
GMDCLTD,466.9,TOUCHED,-1.02,below,462.15,466.9,470.45,474.0,466.9,1.509,92.1,0.085,0,2026-10-08,2026-10-09,False,False,5.0,2026-10-09T17:08:49+05:30
JSL,709.87,TOUCHED,-0.12,below,709.05,709.87,714.13,718.4,709.87,1.195,92.1,0.052,0,2026-10-08,2026-10-09,False,False,5.0,2026-10-09T17:08:49+05:30
KSB,784.95,TOUCHED,-0.05,inside,784.55,784.95,784.95,789.08,780.83,1.051,92.1,0.044,0,2026-10-08,2026-10-09,False,False,5.0,2026-10-09T17:08:49+05:30
TDPOWERSYS,800.08,TOUCHED,-0.79,below,793.75,800.08,806.67,813.25,800.08,1.632,92.1,0.034,0,2026-10-08,2026-10-09,False,False,5.0,2026-10-09T17:08:49+05:30
CHENNPETRO,1545.02,TOUCHED,-3.71,below,1487.7,1545.02,1559.03,1573.05,1545.02,1.798,92.6,0.042,0,2026-10-08,2026-10-09,False,False,5.0,2026-10-09T17:08:49+05:30
WELSPUNLIV,226.73,TOUCHED,-1.31,below,223.75,226.73,228.39,230.04,226.73,1.452,92.6,0.058,0,2026-10-08,2026-10-09,False,False,5.0,2026-10-09T17:08:49+05:30
AMBER,6601.58,TOUCHED,-2.37,below,6445.0,6601.58,6648.17,6694.75,6601.58,1.401,92.9,0.049,0,2026-10-08,2026-10-09,False,False,5.0,2026-10-09T17:08:49+05:30
BELRISE,236.51,TOUCHED,-0.99,below,234.17,236.51,238.22,239.94,236.51,1.437,92.9,0.056,0,2026-10-08,2026-10-09,False,False,5.0,2026-10-09T17:08:49+05:30
HCLTECH,1194.35,TOUCHED,1.87,above,1216.7,1194.35,1188.53,1194.35,1182.72,0.979,92.9,0.033,0,2026-10-08,2026-10-09,False,False,5.0,2026-10-09T17:08:49+05:30
KAJARIACER,1217.65,TOUCHED,-0.18,below,1215.4,1217.65,1224.7,1231.75,1217.65,1.151,92.9,0.029,0,2026-10-08,2026-10-09,False,False,5.0,2026-10-09T17:08:49+05:30
MMTC,55.04,TOUCHED,-0.3,inside,54.87,55.04,55.04,55.42,54.65,1.393,92.9,0.07,0,2026-10-08,2026-10-09,False,False,5.0,2026-10-09T17:08:49+05:30
SHRIRAMFIN,934.12,TOUCHED,0.68,above,940.45,934.12,928.5,934.12,922.88,1.212,92.9,0.033,0,2026-10-08,2026-10-09,False,False,5.0,2026-10-09T17:08:49+05:30
TITAN,4395.33,TOUCHED,0.33,inside,4410.0,4395.33,4395.33,4413.25,4377.42,0.815,93.2,0.021,0,2026-10-08,2026-10-09,False,False,5.0,2026-10-09T17:08:49+05:30
ULTRACEMCO,10548.0,TOUCHED,1.2,above,10675.0,10548.0,10507.33,10548.0,10466.67,0.774,93.2,0.03,0,2026-10-08,2026-10-09,False,False,5.0,2026-10-09T17:08:49+05:30
ASAHIINDIA,950.95,TOUCHED,-0.53,inside,945.95,950.95,950.95,957.02,944.87,1.278,93.4,0.042,0,2026-10-08,2026-10-09,False,False,5.0,2026-10-09T17:08:49+05:30
COLPAL,1758.85,TOUCHED,3.35,above,1817.8,1758.85,1751.13,1758.85,1743.42,0.881,93.4,0.03,0,2026-10-08,2026-10-09,False,False,5.0,2026-10-09T17:08:49+05:30
DABUR,381.72,TOUCHED,1.3,above,386.7,381.72,380.08,381.72,378.44,0.864,93.4,0.035,0,2026-10-08,2026-10-09,False,False,5.0,2026-10-09T17:08:49+05:30
SCHNEIDER,1201.63,TOUCHED,-2.06,below,1176.9,1201.63,1211.87,1222.1,1201.63,1.689,93.4,0.036,0,2026-10-08,2026-10-09,False,False,5.0,2026-10-09T17:08:49+05:30
ZENTEC,1537.47,TOUCHED,-0.56,inside,1528.8,1537.47,1537.47,1549.1,1525.83,1.513,93.4,0.029,0,2026-10-08,2026-10-09,False,False,5.0,2026-10-09T17:08:49+05:30
AZAD,2933.17,TOUCHED,-0.78,inside,2910.2,2933.17,2933.17,2957.9,2908.43,1.686,93.7,0.045,0,2026-10-08,2026-10-09,False,False,5.0,2026-10-09T17:08:49+05:30
BAJAJ-AUTO,9765.5,TOUCHED,0.13,above,9778.0,9765.5,9722.67,9765.5,9679.83,0.881,93.7,0.032,0,2026-10-08,2026-10-09,False,False,5.0,2026-10-09T17:08:49+05:30
COCHINSHIP,1228.0,TOUCHED,0.16,above,1230.0,1228.0,1218.67,1228.0,1209.33,1.532,93.7,0.046,0,2026-10-08,2026-10-09,False,False,5.0,2026-10-09T17:08:49+05:30
COROMANDEL,1694.9,TOUCHED,0.5,inside,1703.4,1694.9,1694.9,1705.5,1684.3,1.251,93.7,0.04,0,2026-10-08,2026-10-09,False,False,5.0,2026-10-09T17:08:49+05:30
EICHERMOT,6858.75,TOUCHED,2.79,above,7050.0,6858.75,6828.33,6858.75,6797.92,0.891,93.7,0.03,0,2026-10-08,2026-10-09,False,False,5.0,2026-10-09T17:08:49+05:30
GODFRYPHLP,1802.33,TOUCHED,0.6,inside,1813.2,1802.33,1802.33,1818.0,1786.67,1.738,93.7,0.046,0,2026-10-08,2026-10-09,False,False,5.0,2026-10-09T17:08:49+05:30
INDHOTEL,718.07,TOUCHED,-0.34,inside,715.65,718.07,718.07,721.27,714.86,0.894,93.7,0.021,0,2026-10-08,2026-10-09,False,False,5.0,2026-10-09T17:08:49+05:30
NAVA,551.7,TOUCHED,-0.47,inside,549.1,551.7,551.7,555.3,548.1,1.305,93.7,0.046,0,2026-10-08,2026-10-09,False,False,5.0,2026-10-09T17:08:49+05:30
NBCC,74.46,TOUCHED,-0.0,below,74.46,74.46,74.92,75.38,74.46,1.228,93.7,0.051,0,2026-10-08,2026-10-09,False,False,5.0,2026-10-09T17:08:49+05:30
ADANIENT,2628.67,TOUCHED,0.22,inside,2634.4,2628.67,2628.67,2645.0,2612.33,1.243,94.0,0.032,0,2026-10-08,2026-10-09,False,False,5.0,2026-10-09T17:08:49+05:30
ANANDRATHI,2110.1,TOUCHED,-3.38,below,2038.7,2110.1,2119.7,2129.3,2110.1,0.906,94.0,0.029,0,2026-10-08,2026-10-09,False,False,5.0,2026-10-09T17:08:49+05:30
JBMA,529.98,TOUCHED,-0.26,below,528.6,529.98,533.37,536.75,529.98,1.269,94.0,0.032,0,2026-10-08,2026-10-09,False,False,5.0,2026-10-09T17:08:49+05:30
NIACL,161.4,TOUCHED,0.51,above,162.23,161.4,160.32,161.4,159.23,1.358,94.0,0.034,0,2026-10-08,2026-10-09,False,False,5.0,2026-10-09T17:08:49+05:30
PETRONET,291.15,TOUCHED,0.12,inside,291.5,291.15,291.15,292.48,289.83,0.91,94.0,0.025,0,2026-10-08,2026-10-09,False,False,5.0,2026-10-09T17:08:49+05:30
SUNTV,625.15,TOUCHED,1.72,above,635.9,625.15,621.5,625.15,617.85,1.175,94.0,0.03,0,2026-10-08,2026-10-09,False,False,5.0,2026-10-09T17:08:49+05:30
BBOX,882.4,TOUCHED,1.1,above,892.1,882.4,873.78,882.4,865.17,1.972,94.2,0.105,0,2026-10-08,2026-10-09,False,False,5.0,2026-10-09T17:08:49+05:30
DEVYANI,124.11,TOUCHED,-0.42,below,123.59,124.11,125.0,125.88,124.11,1.413,94.2,0.048,0,2026-10-08,2026-10-09,False,False,5.0,2026-10-09T17:08:49+05:30
HBLENGINE,730.78,TOUCHED,-1.61,below,719.05,730.78,736.42,742.05,730.78,1.53,94.2,0.039,0,2026-10-08,2026-10-09,False,False,5.0,2026-10-09T17:08:49+05:30
LODHA,1073.18,TOUCHED,-0.78,below,1064.8,1073.18,1080.77,1088.35,1073.18,1.403,94.2,0.041,0,2026-10-08,2026-10-09,False,False,5.0,2026-10-09T17:08:49+05:30
WIPRO,160.3,TOUCHED,1.42,above,162.57,160.3,159.66,160.3,159.02,0.8,94.2,0.014,0,2026-10-08,2026-10-09,False,False,5.0,2026-10-09T17:08:49+05:30
OFSS,10537.33,TOUCHED,-0.26,inside,10510.0,10537.33,10537.33,10606.0,10468.67,1.303,94.5,0.037,0,2026-10-08,2026-10-09,False,False,5.0,2026-10-09T17:08:49+05:30
PAGEIND,36821.67,TOUCHED,0.14,inside,36875.0,36821.67,36821.67,37007.5,36635.83,1.009,94.5,0.03,0,2026-10-08,2026-10-09,False,False,5.0,2026-10-09T17:08:49+05:30
VEDL,257.73,TOUCHED,2.43,above,264.0,257.73,256.18,257.73,254.64,1.204,94.5,0.032,0,2026-10-08,2026-10-09,False,False,5.0,2026-10-09T17:08:49+05:30
ZEEL,69.47,TOUCHED,0.72,inside,69.97,69.47,69.47,70.01,68.92,1.579,94.5,0.05,0,2026-10-08,2026-10-09,False,False,5.0,2026-10-09T17:08:49+05:30
DIVISLAB,9409.5,TOUCHED,-0.74,below,9340.0,9409.5,9458.0,9506.5,9409.5,1.026,94.8,0.032,0,2026-10-08,2026-10-09,False,False,5.0,2026-10-09T17:08:49+05:30
GMRAIRPORT,89.34,TOUCHED,3.32,above,92.31,89.34,88.82,89.34,88.29,1.178,94.8,0.032,0,2026-10-08,2026-10-09,False,False,5.0,2026-10-09T17:08:49+05:30
IREDA,104.43,TOUCHED,-0.02,below,104.4,104.43,105.05,105.68,104.43,1.19,94.8,0.048,0,2026-10-08,2026-10-09,False,False,5.0,2026-10-09T17:08:49+05:30
KPITTECH,478.32,TOUCHED,0.14,inside,479.0,478.32,478.32,481.98,474.66,1.53,94.8,0.058,0,2026-10-08,2026-10-09,False,False,5.0,2026-10-09T17:08:49+05:30
MOTHERSON,154.05,TOUCHED,-0.68,below,153.0,154.05,155.02,155.99,154.05,1.251,94.8,0.047,0,2026-10-08,2026-10-09,False,False,5.0,2026-10-09T17:08:49+05:30
MUTHOOTFIN,2605.55,TOUCHED,0.73,above,2624.7,2605.55,2590.23,2605.55,2574.92,1.183,94.8,0.043,0,2026-10-08,2026-10-09,False,False,5.0,2026-10-09T17:08:49+05:30
PIDILITIND,1479.05,TOUCHED,0.2,above,1482.0,1479.05,1472.73,1479.05,1466.42,0.858,94.8,0.032,0,2026-10-08,2026-10-09,False,False,5.0,2026-10-09T17:08:49+05:30
SUPREMEIND,3484.8,TOUCHED,-0.29,below,3474.8,3484.8,3507.6,3530.4,3484.8,1.3,94.8,0.049,0,2026-10-08,2026-10-09,False,False,5.0,2026-10-09T17:08:49+05:30
HDBFS,589.14,TOUCHED,-0.08,below,588.65,589.14,591.88,594.62,589.14,0.926,94.9,0.031,0,2026-10-08,2026-10-09,False,False,5.0,2026-10-09T17:08:49+05:30
ACC,1135.08,TOUCHED,-0.18,below,1133.0,1135.08,1140.07,1145.05,1135.08,0.874,95.1,0.036,0,2026-10-08,2026-10-09,False,False,5.0,2026-10-09T17:08:49+05:30
NYKAA,338.2,TOUCHED,1.42,above,343.0,338.2,336.23,338.2,334.27,1.17,95.1,0.038,0,2026-10-08,2026-10-09,False,False,5.0,2026-10-09T17:08:49+05:30
PREMIERENE,897.68,TOUCHED,-0.26,inside,895.35,897.68,897.68,904.2,891.17,1.452,95.1,0.04,0,2026-10-08,2026-10-09,False,False,5.0,2026-10-09T17:08:49+05:30
CROMPTON,205.5,TOUCHED,-0.19,below,205.11,205.5,206.66,207.82,205.5,1.121,95.3,0.035,0,2026-10-08,2026-10-09,False,False,5.0,2026-10-09T17:08:49+05:30
GLENMARK,2232.6,TOUCHED,2.71,above,2293.0,2232.6,2219.13,2232.6,2205.67,1.214,95.3,0.04,0,2026-10-08,2026-10-09,False,False,5.0,2026-10-09T17:08:49+05:30
KPRMILL,1060.98,TOUCHED,-0.68,below,1053.8,1060.98,1068.67,1076.35,1060.98,1.438,95.3,0.058,0,2026-10-08,2026-10-09,False,False,5.0,2026-10-09T17:08:49+05:30
BANDHANBNK,157.65,TOUCHED,-0.41,inside,157.0,157.65,157.65,158.71,156.6,1.34,95.6,0.032,0,2026-10-08,2026-10-09,False,False,5.0,2026-10-09T17:08:49+05:30
BEML,1927.47,TOUCHED,-1.7,below,1894.7,1927.47,1943.73,1960.0,1927.47,1.674,95.6,0.03,0,2026-10-08,2026-10-09,False,False,5.0,2026-10-09T17:08:49+05:30
GLAXO,2551.87,TOUCHED,-0.45,below,2540.3,2551.87,2569.33,2586.8,2551.87,1.36,95.6,0.027,0,2026-10-08,2026-10-09,False,False,5.0,2026-10-09T17:08:49+05:30
AJANTPHARM,3455.78,TOUCHED,-1.32,below,3410.1,3455.78,3475.97,3496.15,3455.78,1.161,95.9,0.041,0,2026-10-08,2026-10-09,False,False,5.0,2026-10-09T17:08:49+05:30
ALKEM,5298.0,TOUCHED,-0.36,inside,5279.0,5298.0,5298.0,5322.25,5273.75,0.915,95.9,0.028,0,2026-10-08,2026-10-09,False,False,5.0,2026-10-09T17:08:49+05:30
CARBORUNIV,1217.77,TOUCHED,-1.25,below,1202.6,1217.77,1226.13,1234.5,1217.77,1.365,95.9,0.034,0,2026-10-08,2026-10-09,False,False,5.0,2026-10-09T17:08:49+05:30
CLEAN,801.52,TOUCHED,-0.89,below,794.4,801.52,806.25,810.98,801.52,1.172,95.9,0.035,0,2026-10-08,2026-10-09,False,False,5.0,2026-10-09T17:08:49+05:30
DALBHARAT,1602.52,TOUCHED,-0.24,below,1598.6,1602.52,1612.13,1621.75,1602.52,1.193,95.9,0.03,0,2026-10-08,2026-10-09,False,False,5.0,2026-10-09T17:08:49+05:30
GRANULES,820.08,TOUCHED,-0.59,below,815.25,820.08,825.12,830.15,820.08,1.22,95.9,0.04,0,2026-10-08,2026-10-09,False,False,5.0,2026-10-09T17:08:49+05:30
SJVN,54.95,TOUCHED,0.58,inside,55.27,54.95,54.95,55.3,54.6,1.292,95.9,0.036,0,2026-10-08,2026-10-09,False,False,5.0,2026-10-09T17:08:49+05:30
ACE,1189.02,TOUCHED,-1.02,below,1176.9,1189.02,1198.23,1207.45,1189.02,1.538,96.2,0.053,0,2026-10-08,2026-10-09,False,False,5.0,2026-10-09T17:08:49+05:30
SWIGGY,236.83,TOUCHED,-1.11,below,234.2,236.83,238.72,240.6,236.83,1.578,96.2,0.059,0,2026-10-08,2026-10-09,False,False,5.0,2026-10-09T17:08:49+05:30
AEGISLOG,1395.97,TOUCHED,-0.51,below,1388.9,1395.97,1409.63,1423.3,1395.97,1.939,96.4,0.043,0,2026-10-08,2026-10-09,False,False,5.0,2026-10-09T17:08:49+05:30
GPIL,207.09,TOUCHED,-0.3,below,206.47,207.09,208.55,210.01,207.09,1.4,96.4,0.044,0,2026-10-08,2026-10-09,False,False,5.0,2026-10-09T17:08:49+05:30
SIEMENS,3664.25,TOUCHED,-1.89,below,3595.0,3664.25,3689.5,3714.75,3664.25,1.369,96.4,0.028,0,2026-10-08,2026-10-09,False,False,5.0,2026-10-09T17:08:49+05:30
TIMKEN,3035.38,TOUCHED,-2.39,below,2962.8,3035.38,3055.17,3074.95,3035.38,1.295,96.4,0.051,0,2026-10-08,2026-10-09,False,False,5.0,2026-10-09T17:08:49+05:30
WOCKPHARMA,2049.53,TOUCHED,-2.59,below,1996.4,2049.53,2069.47,2089.4,2049.53,1.926,96.4,0.065,0,2026-10-08,2026-10-09,False,False,5.0,2026-10-09T17:08:49+05:30
AARTIIND,481.8,TOUCHED,-4.49,below,460.15,481.8,485.55,489.3,481.8,1.545,96.7,0.042,0,2026-10-08,2026-10-09,False,False,5.0,2026-10-09T17:08:49+05:30
CHAMBLFERT,381.29,TOUCHED,-1.83,below,374.3,381.29,383.93,386.57,381.29,1.376,96.7,0.049,0,2026-10-08,2026-10-09,False,False,5.0,2026-10-09T17:08:49+05:30
HINDZINC,542.38,TOUCHED,0.21,above,543.5,542.38,538.83,542.38,535.29,1.315,96.7,0.053,0,2026-10-08,2026-10-09,False,False,5.0,2026-10-09T17:08:49+05:30
OBEROIRLTY,1696.65,TOUCHED,0.13,above,1698.8,1696.65,1685.53,1696.65,1674.42,1.319,96.7,0.045,0,2026-10-08,2026-10-09,False,False,5.0,2026-10-09T17:08:49+05:30
OLECTRA,1049.88,TOUCHED,-0.48,below,1044.8,1049.88,1058.27,1066.65,1049.88,1.584,96.7,0.049,0,2026-10-08,2026-10-09,False,False,5.0,2026-10-09T17:08:49+05:30
POLICYBZR,1012.93,TOUCHED,-0.09,inside,1012.0,1012.93,1012.93,1021.4,1004.47,1.672,96.7,0.041,0,2026-10-08,2026-10-09,False,False,5.0,2026-10-09T17:08:49+05:30
RVNL,189.9,TOUCHED,0.39,inside,190.65,189.9,189.9,191.25,188.55,1.422,96.7,0.044,0,2026-10-08,2026-10-09,False,False,5.0,2026-10-09T17:08:49+05:30
TATAPOWER,340.88,TOUCHED,0.37,above,342.15,340.88,339.13,340.88,337.39,1.027,96.7,0.032,0,2026-10-08,2026-10-09,False,False,5.0,2026-10-09T17:08:49+05:30
TECHNOE,959.23,TOUCHED,-0.45,inside,954.9,959.23,959.23,967.5,950.97,1.724,96.7,0.05,0,2026-10-08,2026-10-09,False,False,5.0,2026-10-09T17:08:49+05:30
HEXT,511.45,V+N,5.29,above,538.5,511.45,511.43,511.45,511.42,0.007,0.0,0.051,1,2026-10-08,2026-10-09,True,True,5.0,2026-10-09T22:34:24+05:30
IIFL,579.30,V+N,3.18,above,597.7,579.3,579.25,579.3,579.2,0.017,3.0,0.036,1,2026-10-08,2026-10-09,True,True,5.0,2026-10-09T22:34:24+05:30
MANKIND,2396.42,V+W,-1.16,below,2368.5,2396.42,2412.83,2429.25,2396.42,1.361,97.5,0.045,1,2026-10-08,2026-10-09,True,False,5.0,2026-10-09T22:34:24+05:30
ENRIN,3212.75,V+W,-3.48,below,3101.0,3212.75,3245.5,3278.25,3212.75,2.018,97.8,0.044,1,2026-10-08,2026-10-09,True,False,5.0,2026-10-09T22:34:24+05:30
JUBLFOOD,432.22,V+W,-2.19,below,422.75,432.22,436.83,441.45,432.22,2.114,99.5,0.03,1,2026-10-08,2026-10-09,True,False,5.0,2026-10-09T22:34:24+05:30
PNBHOUSING,1149.68,V,0.72,above,1158.0,1149.68,1149.37,1149.68,1149.05,0.055,10.1,0.033,1,2026-10-08,2026-10-09,True,False,5.0,2026-10-09T22:34:24+05:30
ESCORTS,2768.40,V,-1.37,below,2730.5,2768.4,2770.13,2771.87,2768.4,0.125,17.0,0.046,1,2026-10-08,2026-10-09,True,False,5.0,2026-10-09T22:34:24+05:30
HDFCLIFE,545.73,V,2.0,above,556.65,545.73,545.32,545.73,544.91,0.15,23.8,0.028,1,2026-10-08,2026-10-09,True,False,5.0,2026-10-09T22:34:24+05:30
CANHLIFE,144.78,V,-3.84,below,139.22,144.78,145.04,145.3,144.78,0.359,40.2,0.024,1,2026-10-08,2026-10-09,True,False,5.0,2026-10-09T22:34:24+05:30
KOTAKBANK,436.48,V,1.04,above,441.0,436.48,435.98,436.48,435.49,0.226,40.3,0.028,1,2026-10-08,2026-10-09,True,False,5.0,2026-10-09T22:34:24+05:30
TATAINVEST,610.24,V,-1.8,below,599.25,610.24,611.18,612.12,610.24,0.308,41.6,0.033,1,2026-10-08,2026-10-09,True,False,5.0,2026-10-09T22:34:24+05:30
BLUESTARCO,1529.05,V,2.94,above,1574.0,1529.05,1525.7,1529.05,1522.35,0.439,49.9,0.067,1,2026-10-08,2026-10-09,True,False,5.0,2026-10-09T22:34:24+05:30
MPHASIS,2319.05,V,1.77,above,2360.0,2319.05,2313.83,2319.05,2308.62,0.451,56.7,0.03,1,2026-10-08,2026-10-09,True,False,5.0,2026-10-09T22:34:24+05:30
INFY,1002.78,V,2.06,above,1023.4,1002.78,1000.85,1002.78,998.93,0.385,61.9,0.037,1,2026-10-08,2026-10-09,True,False,5.0,2026-10-09T22:34:24+05:30
PFOCUS,273.92,V,-4.68,below,261.1,273.92,275.88,277.85,273.92,1.426,74.5,0.081,1,2026-10-08,2026-10-09,True,False,5.0,2026-10-09T22:34:24+05:30
SONACOMS,796.05,V,-1.6,below,783.3,796.05,799.1,802.15,796.05,0.763,77.0,0.042,1,2026-10-08,2026-10-09,True,False,5.0,2026-10-09T22:34:24+05:30
COFORGE,1837.55,V,1.65,above,1867.9,1837.55,1829.8,1837.55,1822.05,0.847,77.3,0.038,1,2026-10-08,2026-10-09,True,False,5.0,2026-10-09T22:34:24+05:30
FORTIS,770.72,V,2.01,above,786.25,770.72,768.15,770.72,765.57,0.67,78.1,0.034,1,2026-10-08,2026-10-09,True,False,5.0,2026-10-09T22:34:24+05:30
THERMAX,3177.75,V,2.47,above,3256.3,3177.75,3164.53,3177.75,3151.32,0.835,81.1,0.032,1,2026-10-08,2026-10-09,True,False,5.0,2026-10-09T22:34:24+05:30
ICICIGI,1618.98,V,4.4,above,1690.2,1618.98,1613.97,1618.98,1608.95,0.622,83.6,0.033,1,2026-10-08,2026-10-09,True,False,5.0,2026-10-09T22:34:24+05:30
BIOCON,351.39,V,-0.57,below,349.4,351.39,352.78,354.18,351.39,0.789,87.9,0.032,1,2026-10-08,2026-10-09,True,False,5.0,2026-10-09T22:34:24+05:30
APOLLOHOSP,7749.75,V,3.58,above,8027.5,7749.75,7721.83,7749.75,7693.92,0.723,91.0,0.021,1,2026-10-08,2026-10-09,True,False,5.0,2026-10-09T22:34:24+05:30
VAML,377.43,V,-1.53,below,371.65,377.43,380.42,383.4,377.43,1.568,91.4,0.103,1,2026-10-08,2026-10-09,True,False,5.0,2026-10-09T22:34:24+05:30
JSWENERGY,469.48,V,-1.53,below,462.3,469.48,472.12,474.75,469.48,1.116,91.8,0.031,1,2026-10-08,2026-10-09,True,False,5.0,2026-10-09T22:34:24+05:30
RELIANCE,1182.17,V,-1.0,below,1170.3,1182.17,1186.33,1190.5,1182.17,0.702,92.1,0.031,1,2026-10-08,2026-10-09,True,False,5.0,2026-10-09T22:34:24+05:30
KPIL,1409.77,V,-1.27,below,1391.9,1409.77,1418.03,1426.3,1409.77,1.166,94.2,0.057,1,2026-10-08,2026-10-09,True,False,5.0,2026-10-09T22:34:24+05:30
ABB,6805.92,V,-0.38,below,6780.0,6805.92,6841.83,6877.75,6805.92,1.05,94.8,0.042,1,2026-10-08,2026-10-09,True,False,5.0,2026-10-09T22:34:24+05:30
CGPOWER,867.75,V,-1.41,below,855.55,867.75,873.45,879.15,867.75,1.305,95.9,0.041,1,2026-10-08,2026-10-09,True,False,5.0,2026-10-09T22:34:24+05:30
WELCORP,2651.20,NARROW,-0.41,below,2640.4,2651.2,2651.23,2651.27,2651.2,0.003,0.3,0.06,0,2026-10-08,2026-10-09,False,True,5.0,2026-10-09T22:34:24+05:30
JKCEMENT,4966.67,NARROW,-1.87,below,4874.0,4966.67,4966.83,4967.0,4966.67,0.007,1.1,0.035,0,2026-10-08,2026-10-09,False,True,5.0,2026-10-09T22:34:24+05:30
KIMS,687.27,NARROW,2.65,above,705.5,687.27,687.23,687.27,687.19,0.012,1.6,0.04,0,2026-10-08,2026-10-09,False,True,5.0,2026-10-09T22:34:24+05:30
POLYMED,1604.60,NARROW,-1.09,below,1587.1,1604.6,1604.8,1605.0,1604.6,0.025,1.9,0.046,0,2026-10-08,2026-10-09,False,True,5.0,2026-10-09T22:34:24+05:30
AIIL,549.98,NARROW,-0.05,below,549.7,549.98,550.02,550.06,549.98,0.015,2.2,0.067,0,2026-10-08,2026-10-09,False,True,5.0,2026-10-09T22:34:24+05:30
AXISBANK,1244.93,NARROW,1.14,above,1259.1,1244.93,1244.87,1244.93,1244.8,0.011,2.2,0.028,0,2026-10-08,2026-10-09,False,True,5.0,2026-10-09T22:34:24+05:30
CCL,1050.80,NARROW,0.07,above,1051.5,1050.8,1050.73,1050.8,1050.67,0.013,3.3,0.027,0,2026-10-08,2026-10-09,False,True,5.0,2026-10-09T22:34:24+05:30
BIRET,329.54,NARROW,-1.94,below,323.16,329.54,329.56,329.58,329.54,0.011,4.1,0.012,0,2026-10-07,2026-10-08,False,True,5.0,2026-10-09T22:34:24+05:30
BSOFT,278.35,WIDE,2.5,above,285.3,278.35,276.17,278.35,273.98,1.581,97.0,0.047,0,2026-10-08,2026-10-09,False,False,5.0,2026-10-09T22:34:24+05:30
INTELLECT,583.52,WIDE,0.1,above,584.1,583.52,578.13,583.52,572.74,1.865,97.0,0.044,0,2026-10-08,2026-10-09,False,False,5.0,2026-10-09T22:34:24+05:30
MOTILALOFS,1030.82,WIDE,-0.47,inside,1026.0,1030.82,1030.82,1039.08,1022.56,1.602,97.0,0.053,0,2026-10-08,2026-10-09,False,False,5.0,2026-10-09T22:34:24+05:30
TVSMOTOR,3880.93,WIDE,-0.36,inside,3866.8,3880.93,3880.93,3901.7,3860.17,1.07,97.0,0.03,0,2026-10-08,2026-10-09,False,False,5.0,2026-10-09T22:34:24+05:30
STARHEALTH,552.37,WIDE,-0.05,inside,552.1,552.37,552.37,555.8,548.93,1.243,97.3,0.034,0,2026-10-08,2026-10-09,False,False,5.0,2026-10-09T22:34:24+05:30
TMPV,278.68,WIDE,0.44,above,279.9,278.68,276.78,278.68,274.89,1.367,97.3,0.023,0,2026-10-08,2026-10-09,False,False,5.0,2026-10-09T22:34:24+05:30
HAVELLS,1036.20,WIDE,0.51,inside,1041.5,1036.2,1036.2,1042.45,1029.95,1.206,97.5,0.021,0,2026-10-08,2026-10-09,False,False,5.0,2026-10-09T22:34:24+05:30
JINDALSTEL,1017.65,WIDE,-0.09,below,1016.7,1017.65,1025.3,1032.95,1017.65,1.492,97.5,0.043,0,2026-10-08,2026-10-09,False,False,5.0,2026-10-09T22:34:24+05:30
TATAELXSI,3068.70,WIDE,2.0,above,3130.0,3068.7,3044.47,3068.7,3020.23,1.592,97.5,0.045,0,2026-10-08,2026-10-09,False,False,5.0,2026-10-09T22:34:24+05:30
ADANIENSOL,1262.68,WIDE,-0.05,below,1262.0,1262.68,1273.87,1285.05,1262.68,1.756,97.8,0.044,0,2026-10-08,2026-10-09,False,False,5.0,2026-10-09T22:34:24+05:30
BHEL,436.83,WIDE,-0.74,inside,433.6,436.83,436.83,440.45,433.22,1.656,97.8,0.048,0,2026-10-08,2026-10-09,False,False,5.0,2026-10-09T22:34:24+05:30
CAMS,672.03,WIDE,0.07,inside,672.5,672.03,672.03,676.8,667.27,1.419,97.8,0.049,0,2026-10-08,2026-10-09,False,False,5.0,2026-10-09T22:34:24+05:30
ELECON,420.88,WIDE,-1.07,below,416.4,420.88,424.82,428.75,420.88,1.852,97.8,0.055,0,2026-10-08,2026-10-09,False,False,5.0,2026-10-09T22:34:24+05:30
INDUSTOWER,380.50,WIDE,0.09,above,380.85,380.5,378.0,380.5,375.5,1.323,98.1,0.034,0,2026-10-08,2026-10-09,False,False,5.0,2026-10-09T22:34:24+05:30
ITC,258.90,WIDE,2.74,above,266.0,258.9,257.6,258.9,256.3,1.009,98.1,0.022,0,2026-10-08,2026-10-09,False,False,5.0,2026-10-09T22:34:24+05:30
LTTS,3262.50,WIDE,0.23,above,3270.1,3262.5,3233.87,3262.5,3205.23,1.771,98.1,0.044,0,2026-10-08,2026-10-09,False,False,5.0,2026-10-09T22:34:24+05:30
SYNGENE,348.82,WIDE,-0.41,below,347.4,348.82,351.63,354.45,348.82,1.602,98.1,0.032,0,2026-10-08,2026-10-09,False,False,5.0,2026-10-09T22:34:24+05:30
APLAPOLLO,2082.50,WIDE,1.52,above,2114.1,2082.5,2068.33,2082.5,2054.17,1.37,98.4,0.02,0,2026-10-08,2026-10-09,False,False,5.0,2026-10-09T22:34:24+05:30
FINCABLES,1417.40,WIDE,-2.02,below,1388.7,1417.4,1432.6,1447.8,1417.4,2.122,98.4,0.022,0,2026-10-08,2026-10-09,False,False,5.0,2026-10-09T22:34:24+05:30
NCC,122.94,WIDE,1.72,above,125.06,122.94,121.94,122.94,120.94,1.648,98.4,0.034,0,2026-10-08,2026-10-09,False,False,5.0,2026-10-09T22:34:24+05:30
PHOENIXLTD,1811.05,WIDE,0.11,above,1813.1,1811.05,1797.77,1811.05,1784.48,1.478,98.4,0.051,0,2026-10-08,2026-10-09,False,False,5.0,2026-10-09T22:34:24+05:30
SAIL,170.70,WIDE,0.5,above,171.55,170.7,169.22,170.7,167.73,1.755,98.4,0.034,0,2026-10-08,2026-10-09,False,False,5.0,2026-10-09T22:34:24+05:30
UBL,1170.38,WIDE,-0.19,below,1168.2,1170.38,1178.07,1185.75,1170.38,1.304,98.4,0.032,0,2026-10-08,2026-10-09,False,False,5.0,2026-10-09T22:34:24+05:30
ADANIGREEN,1262.83,WIDE,-0.56,inside,1255.8,1262.83,1262.83,1276.4,1249.27,2.149,98.6,0.051,0,2026-10-08,2026-10-09,False,False,5.0,2026-10-09T22:34:24+05:30
HINDPETRO,329.20,WIDE,-0.97,below,326.0,329.2,331.8,334.4,329.2,1.567,98.6,0.035,0,2026-10-08,2026-10-09,False,False,5.0,2026-10-09T22:34:24+05:30
SUZLON,37.37,WIDE,0.62,above,37.6,37.37,37.06,37.37,36.74,1.691,98.6,0.039,0,2026-10-08,2026-10-09,False,False,5.0,2026-10-09T22:34:24+05:30
ANURAS,1126.60,WIDE,0.51,above,1132.4,1126.6,1116.97,1126.6,1107.33,1.725,98.9,0.026,0,2026-10-08,2026-10-09,False,False,5.0,2026-10-09T22:34:24+05:30
JSWSTEEL,1183.58,WIDE,-1.32,below,1168.0,1183.58,1191.97,1200.35,1183.58,1.407,98.9,0.033,0,2026-10-08,2026-10-09,False,False,5.0,2026-10-09T22:34:24+05:30
PIIND,2118.78,WIDE,-0.03,below,2118.2,2118.78,2137.57,2156.35,2118.78,1.757,98.9,0.032,0,2026-10-08,2026-10-09,False,False,5.0,2026-10-09T22:34:24+05:30
TEGA,1984.97,WIDE,-2.52,below,1935.0,1984.97,2011.83,2038.7,1984.97,2.671,98.9,0.053,0,2026-10-08,2026-10-09,False,False,5.0,2026-10-09T22:34:24+05:30
ZYDUSLIFE,1120.67,WIDE,-0.28,below,1117.5,1120.67,1129.33,1138.0,1120.67,1.535,98.9,0.025,0,2026-10-08,2026-10-09,False,False,5.0,2026-10-09T22:34:24+05:30
AMBUJACEM,349.12,WIDE,0.68,above,351.5,349.12,346.42,349.12,343.71,1.564,99.2,0.043,0,2026-10-08,2026-10-09,False,False,5.0,2026-10-09T22:34:24+05:30
POWERGRID,247.77,WIDE,0.56,inside,249.15,247.77,247.77,249.32,246.21,1.258,99.2,0.019,0,2026-10-08,2026-10-09,False,False,5.0,2026-10-09T22:34:24+05:30
SUNDARMFIN,4148.90,WIDE,-0.85,below,4113.6,4148.9,4187.2,4225.5,4148.9,1.829,99.2,0.03,0,2026-10-08,2026-10-09,False,False,5.0,2026-10-09T22:34:24+05:30
TIINDIA,2267.50,WIDE,-2.4,below,2213.0,2267.5,2294.0,2320.5,2267.5,2.31,99.2,0.044,0,2026-10-08,2026-10-09,False,False,5.0,2026-10-09T22:34:24+05:30
INOXWIND,64.92,WIDE,2.67,above,66.65,64.92,64.09,64.92,63.26,2.585,99.5,0.052,0,2026-10-08,2026-10-09,False,False,5.0,2026-10-09T22:34:24+05:30
JSWINFRA,339.70,WIDE,-0.28,inside,338.75,339.7,339.7,342.68,336.73,1.752,99.5,0.037,0,2026-10-08,2026-10-09,False,False,5.0,2026-10-09T22:34:24+05:30
LUPIN,1964.90,WIDE,-0.43,inside,1956.5,1964.9,1964.9,1978.9,1950.9,1.425,99.5,0.031,0,2026-10-08,2026-10-09,False,False,5.0,2026-10-09T22:34:24+05:30
NAUKRI,1218.00,WIDE,0.08,above,1219.0,1218.0,1206.27,1218.0,1194.53,1.945,99.5,0.024,0,2026-10-08,2026-10-09,False,False,5.0,2026-10-09T22:34:24+05:30
TORNTPOWER,1213.85,TOUCHED,-2.08,below,1188.6,1213.85,1214.1,1214.35,1213.85,0.041,5.5,0.035,0,2026-10-08,2026-10-09,False,False,5.0,2026-10-09T22:34:24+05:30
COALINDIA,409.29,TOUCHED,0.55,above,411.55,409.29,409.23,409.29,409.18,0.029,5.8,0.026,0,2026-10-08,2026-10-09,False,False,5.0,2026-10-09T22:34:24+05:30
IFCI,66.55,TOUCHED,1.2,above,67.35,66.55,66.51,66.55,66.47,0.12,6.3,0.105,0,2026-10-08,2026-10-09,False,False,5.0,2026-10-09T22:34:24+05:30
PRESTIGE,1411.73,TOUCHED,-0.35,below,1406.8,1411.73,1412.47,1413.2,1411.73,0.104,8.2,0.066,0,2026-10-08,2026-10-09,False,False,5.0,2026-10-09T22:34:24+05:30
GABRIEL,1337.30,TOUCHED,1.86,above,1362.2,1337.3,1336.67,1337.3,1336.03,0.095,8.8,0.051,0,2026-10-08,2026-10-09,False,False,5.0,2026-10-09T22:34:24+05:30
SOLARINDS,19897.00,TOUCHED,0.52,above,20000.0,19897.0,19888.0,19897.0,19879.0,0.091,8.8,0.062,0,2026-10-08,2026-10-09,False,False,5.0,2026-10-09T22:34:24+05:30
HOMEFIRST,1071.43,TOUCHED,0.48,above,1076.6,1071.43,1070.97,1071.43,1070.5,0.087,10.7,0.045,0,2026-10-08,2026-10-09,False,False,5.0,2026-10-09T22:34:24+05:30
CASTROLIND,196.12,TOUCHED,-0.74,below,194.67,196.12,196.16,196.21,196.12,0.042,11.2,0.02,0,2026-10-08,2026-10-09,False,False,5.0,2026-10-09T22:34:24+05:30
CANFINHOME,722.78,TOUCHED,-0.64,below,718.15,722.78,723.1,723.43,722.78,0.09,12.3,0.031,0,2026-10-08,2026-10-09,False,False,5.0,2026-10-09T22:34:24+05:30
BHARTIHEXA,1502.95,TOUCHED,1.93,above,1531.9,1502.95,1502.2,1502.95,1501.45,0.1,12.9,0.042,0,2026-10-08,2026-10-09,False,False,5.0,2026-10-09T22:34:24+05:30
BAJFINANCE,955.48,TOUCHED,0.47,above,960.0,955.48,955.0,955.48,954.52,0.099,14.0,0.032,0,2026-10-08,2026-10-09,False,False,5.0,2026-10-09T22:34:24+05:30
ICICIBANK,1350.40,TOUCHED,0.34,above,1355.0,1350.4,1349.93,1350.4,1349.47,0.069,14.0,0.028,0,2026-10-08,2026-10-09,False,False,5.0,2026-10-09T22:34:24+05:30
MINDACORP,634.80,TOUCHED,0.24,above,636.3,634.8,634.45,634.8,634.1,0.11,14.2,0.043,0,2026-10-08,2026-10-09,False,False,5.0,2026-10-09T22:34:24+05:30
RHIM,366.89,TOUCHED,0.6,above,369.1,366.89,366.68,366.89,366.47,0.114,14.8,0.033,0,2026-10-08,2026-10-09,False,False,5.0,2026-10-09T22:34:24+05:30
SRF,2483.98,TOUCHED,1.43,above,2519.5,2483.98,2482.77,2483.98,2481.55,0.098,15.9,0.035,0,2026-10-08,2026-10-09,False,False,5.0,2026-10-09T22:34:24+05:30
AADHARHFC,449.82,TOUCHED,-1.37,below,443.65,449.82,450.07,450.31,449.82,0.107,16.2,0.034,0,2026-10-08,2026-10-09,False,False,5.0,2026-10-09T22:34:24+05:30
DEEPAKNTR,1587.35,TOUCHED,2.18,above,1621.9,1587.35,1586.27,1587.35,1585.18,0.137,19.2,0.036,0,2026-10-08,2026-10-09,False,False,5.0,2026-10-09T22:34:24+05:30
PATANJALI,355.52,TOUCHED,1.39,above,360.45,355.52,355.35,355.52,355.17,0.098,19.7,0.025,0,2026-10-08,2026-10-09,False,False,5.0,2026-10-09T22:34:24+05:30
VEDPOWER,31.93,TOUCHED,-1.06,below,31.59,31.93,31.97,32.01,31.93,0.25,19.8,0.037,0,2026-10-08,2026-10-09,False,False,5.0,2026-10-09T22:34:24+05:30
FIRSTCRY,169.15,TOUCHED,0.01,above,169.17,169.15,168.95,169.15,168.76,0.233,20.5,0.067,0,2026-10-08,2026-10-09,False,False,5.0,2026-10-09T22:34:24+05:30
ASTERDM,678.78,TOUCHED,3.1,above,699.85,678.78,678.23,678.78,677.69,0.16,21.4,0.035,0,2026-10-08,2026-10-09,False,False,5.0,2026-10-09T22:34:24+05:30
SHREECEM,21640.00,TOUCHED,2.03,above,22080.0,21640.0,21626.67,21640.0,21613.33,0.123,21.4,0.025,0,2026-10-08,2026-10-09,False,False,5.0,2026-10-09T22:34:24+05:30
BERGEPAINT,467.54,TOUCHED,0.93,above,471.9,467.54,467.13,467.54,466.73,0.175,22.5,0.022,0,2026-10-08,2026-10-09,False,False,5.0,2026-10-09T22:34:24+05:30
APOLLOTYRE,402.05,TOUCHED,-0.5,below,400.05,402.05,402.4,402.75,402.05,0.174,24.1,0.048,0,2026-10-08,2026-10-09,False,False,5.0,2026-10-09T22:34:24+05:30
PTCIL,24445.00,TOUCHED,0.37,above,24535.0,24445.0,24420.0,24445.0,24395.0,0.205,24.7,0.05,0,2026-10-08,2026-10-09,False,False,5.0,2026-10-09T22:34:24+05:30
CDSL,1260.63,TOUCHED,-0.05,inside,1260.0,1260.63,1260.63,1261.95,1259.32,0.209,25.5,0.039,0,2026-10-08,2026-10-09,False,False,5.0,2026-10-09T22:34:24+05:30
ADANIPORTS,1712.05,TOUCHED,2.86,above,1761.0,1712.05,1710.7,1712.05,1709.35,0.158,25.8,0.024,0,2026-10-08,2026-10-09,False,False,5.0,2026-10-09T22:34:24+05:30
IPCALAB,1940.33,TOUCHED,-1.29,below,1915.4,1940.33,1942.27,1944.2,1940.33,0.199,26.0,0.037,0,2026-10-08,2026-10-09,False,False,5.0,2026-10-09T22:34:24+05:30
LTF,258.15,TOUCHED,1.18,above,261.2,258.15,257.9,258.15,257.65,0.194,26.0,0.043,0,2026-10-08,2026-10-09,False,False,5.0,2026-10-09T22:34:24+05:30
MEESHO,232.86,TOUCHED,-0.05,inside,232.74,232.86,232.86,233.2,232.53,0.289,26.3,0.034,0,2026-10-08,2026-10-09,False,False,5.0,2026-10-09T22:34:24+05:30
PNB,115.58,TOUCHED,1.21,above,116.98,115.58,115.48,115.58,115.39,0.167,26.3,0.038,0,2026-10-08,2026-10-09,False,False,5.0,2026-10-09T22:34:24+05:30
BSE,3339.87,TOUCHED,-1.58,below,3287.2,3339.87,3344.93,3350.0,3339.87,0.303,27.4,0.035,0,2026-10-08,2026-10-09,False,False,5.0,2026-10-09T22:34:24+05:30
TARIL,284.12,TOUCHED,2.3,above,290.65,284.12,283.67,284.12,283.21,0.323,28.5,0.061,0,2026-10-08,2026-10-09,False,False,5.0,2026-10-09T22:34:24+05:30
BALKRISIND,2002.20,TOUCHED,0.4,above,2010.3,2002.2,2000.43,2002.2,1998.67,0.177,29.0,0.028,0,2026-10-08,2026-10-09,False,False,5.0,2026-10-09T22:34:24+05:30
BRIGADE,548.53,TOUCHED,0.05,inside,548.8,548.53,548.53,549.2,547.87,0.243,29.0,0.029,0,2026-10-08,2026-10-09,False,False,5.0,2026-10-09T22:34:24+05:30
RRKABEL,2704.10,TOUCHED,0.06,inside,2705.6,2704.1,2704.1,2707.95,2700.25,0.285,29.3,0.06,0,2026-10-08,2026-10-09,False,False,5.0,2026-10-09T22:34:24+05:30
CPPLUS,3994.60,TOUCHED,4.77,above,4185.2,3994.6,3987.13,3994.6,3979.67,0.375,29.6,0.048,0,2026-10-08,2026-10-09,False,False,5.0,2026-10-09T22:34:24+05:30
MRF,122574.17,TOUCHED,-0.39,below,122090.0,122574.17,122683.33,122792.5,122574.17,0.178,30.4,0.039,0,2026-10-08,2026-10-09,False,False,5.0,2026-10-09T22:34:24+05:30
AFCONS,241.83,TOUCHED,0.09,above,242.04,241.83,241.55,241.83,241.27,0.232,32.3,0.035,0,2026-10-08,2026-10-09,False,False,5.0,2026-10-09T22:34:24+05:30
LLOYDSME,1804.40,TOUCHED,0.62,above,1815.5,1804.4,1801.47,1804.4,1798.53,0.326,32.6,0.044,0,2026-10-08,2026-10-09,False,False,5.0,2026-10-09T22:34:24+05:30
MSUMI,33.11,TOUCHED,1.31,above,33.55,33.11,33.07,33.11,33.02,0.292,32.6,0.032,0,2026-10-08,2026-10-09,False,False,5.0,2026-10-09T22:34:24+05:30
INOXINDIA,2048.95,TOUCHED,0.39,above,2056.9,2048.95,2045.73,2048.95,2042.52,0.314,33.4,0.042,0,2026-10-08,2026-10-09,False,False,5.0,2026-10-09T22:34:24+05:30
SARDAEN,492.69,TOUCHED,-2.34,below,481.15,492.69,493.48,494.27,492.69,0.321,33.4,0.038,0,2026-10-08,2026-10-09,False,False,5.0,2026-10-09T22:34:24+05:30
SHYAMMETL,1063.20,TOUCHED,-0.29,below,1060.1,1063.2,1064.4,1065.6,1063.2,0.225,33.4,0.02,0,2026-10-08,2026-10-09,False,False,5.0,2026-10-09T22:34:24+05:30
DOMS,2061.30,TOUCHED,-0.09,inside,2059.4,2061.3,2061.3,2063.25,2059.35,0.189,34.0,0.03,0,2026-10-08,2026-10-09,False,False,5.0,2026-10-09T22:34:24+05:30
SCI,281.24,TOUCHED,-1.42,below,277.25,281.24,281.73,282.23,281.24,0.349,34.0,0.066,0,2026-10-08,2026-10-09,False,False,5.0,2026-10-09T22:34:24+05:30
WHIRLPOOL,824.35,TOUCHED,-0.92,below,816.75,824.35,825.55,826.75,824.35,0.291,34.5,0.054,0,2026-10-08,2026-10-09,False,False,5.0,2026-10-09T22:34:24+05:30
TATACAP,315.85,TOUCHED,0.9,above,318.7,315.85,315.53,315.85,315.22,0.201,34.7,0.023,0,2026-10-08,2026-10-09,False,False,5.0,2026-10-09T22:34:24+05:30
ABDL,697.82,TOUCHED,1.97,above,711.55,697.82,696.37,697.82,694.91,0.419,34.8,0.075,0,2026-10-08,2026-10-09,False,False,5.0,2026-10-09T22:34:24+05:30
GODREJCP,865.97,TOUCHED,-0.63,below,860.5,865.97,866.93,867.9,865.97,0.223,34.8,0.036,0,2026-10-08,2026-10-09,False,False,5.0,2026-10-09T22:34:24+05:30
FORCEMOT,16821.50,TOUCHED,0.47,above,16900.0,16821.5,16781.0,16821.5,16740.5,0.483,35.3,0.072,0,2026-10-08,2026-10-09,False,False,5.0,2026-10-09T22:34:24+05:30
DEEPAKFERT,1394.53,TOUCHED,-0.14,inside,1392.6,1394.53,1394.53,1396.7,1392.37,0.311,35.9,0.048,0,2026-10-08,2026-10-09,False,False,5.0,2026-10-09T22:34:24+05:30
OLAELEC,34.55,TOUCHED,1.68,above,35.13,34.55,34.47,34.55,34.39,0.464,35.9,0.074,0,2026-10-08,2026-10-09,False,False,5.0,2026-10-09T22:34:24+05:30
CLEANMAX,1352.02,TOUCHED,-2.15,below,1323.0,1352.02,1355.73,1359.45,1352.02,0.548,36.2,0.101,0,2026-10-08,2026-10-09,False,False,5.0,2026-10-09T22:34:24+05:30
IDFCFIRSTB,78.75,TOUCHED,0.98,above,79.52,78.75,78.65,78.75,78.56,0.246,36.4,0.043,0,2026-10-08,2026-10-09,False,False,5.0,2026-10-09T22:34:24+05:30
FIVESTAR,503.12,TOUCHED,-0.17,below,502.25,503.12,504.03,504.95,503.12,0.364,37.0,0.045,0,2026-10-08,2026-10-09,False,False,5.0,2026-10-09T22:34:24+05:30
SOBHA,1185.65,TOUCHED,-2.02,below,1161.7,1185.65,1187.4,1189.15,1185.65,0.295,37.0,0.041,0,2026-10-08,2026-10-09,False,False,5.0,2026-10-09T22:34:24+05:30
IRB,17.55,TOUCHED,-0.41,below,17.48,17.55,17.57,17.59,17.55,0.247,37.3,0.042,0,2026-10-08,2026-10-09,False,False,5.0,2026-10-09T22:34:24+05:30
ABSLAMC,1006.73,TOUCHED,-0.27,below,1004.05,1006.73,1008.57,1010.4,1006.73,0.364,37.5,0.044,0,2026-10-08,2026-10-09,False,False,5.0,2026-10-09T22:34:24+05:30
INDUSINDBK,865.16,TOUCHED,-0.41,below,861.65,865.16,866.32,867.48,865.16,0.267,38.1,0.031,0,2026-10-08,2026-10-09,False,False,5.0,2026-10-09T22:34:24+05:30
OIL,447.64,TOUCHED,-0.93,below,443.5,447.64,448.28,448.93,447.64,0.286,38.1,0.028,0,2026-10-08,2026-10-09,False,False,5.0,2026-10-09T22:34:24+05:30
JKTYRE,332.03,TOUCHED,0.41,above,333.4,332.03,331.43,332.03,330.84,0.357,38.4,0.044,0,2026-10-08,2026-10-09,False,False,5.0,2026-10-09T22:34:24+05:30
MGL,1042.45,TOUCHED,0.03,above,1042.8,1042.45,1041.0,1042.45,1039.55,0.279,38.6,0.042,0,2026-10-08,2026-10-09,False,False,5.0,2026-10-09T22:34:24+05:30
RKFORGE,702.02,TOUCHED,-2.36,below,685.45,702.02,703.28,704.55,702.02,0.36,40.0,0.055,0,2026-10-08,2026-10-09,False,False,5.0,2026-10-09T22:34:24+05:30
ZFCVINDIA,2119.63,TOUCHED,-1.77,below,2082.2,2119.63,2123.07,2126.5,2119.63,0.323,41.4,0.038,0,2026-10-08,2026-10-09,False,False,5.0,2026-10-09T22:34:24+05:30
DMART,3589.68,TOUCHED,-2.03,below,3516.8,3589.68,3594.37,3599.05,3589.68,0.261,41.6,0.032,0,2026-10-08,2026-10-09,False,False,5.0,2026-10-09T22:34:24+05:30
CREDITACC,1260.92,TOUCHED,0.52,above,1267.5,1260.92,1258.43,1260.92,1255.95,0.395,42.2,0.052,0,2026-10-08,2026-10-09,False,False,5.0,2026-10-09T22:34:24+05:30
THANGAMAYL,4844.75,TOUCHED,0.92,above,4889.5,4844.75,4833.33,4844.75,4821.92,0.472,42.2,0.057,0,2026-10-08,2026-10-09,False,False,5.0,2026-10-09T22:34:24+05:30
SAGILITY,43.64,TOUCHED,0.84,above,44.0,43.64,43.54,43.64,43.44,0.436,42.5,0.055,0,2026-10-08,2026-10-09,False,False,5.0,2026-10-09T22:34:24+05:30
POWERINDIA,31011.67,TOUCHED,-1.31,below,30605.0,31011.67,31088.33,31165.0,31011.67,0.493,43.6,0.064,0,2026-10-08,2026-10-09,False,False,5.0,2026-10-09T22:34:24+05:30
NAM-INDIA,1043.83,TOUCHED,0.11,inside,1045.0,1043.83,1043.83,1046.05,1041.62,0.425,44.4,0.034,0,2026-10-08,2026-10-09,False,False,5.0,2026-10-09T22:34:24+05:30
DRREDDY,1184.20,TOUCHED,1.08,above,1197.0,1184.2,1182.8,1184.2,1181.4,0.237,44.9,0.021,0,2026-10-08,2026-10-09,False,False,5.0,2026-10-09T22:34:24+05:30
PARADEEP,150.95,TOUCHED,-2.78,below,146.75,150.95,151.35,151.75,150.95,0.529,45.2,0.047,0,2026-10-08,2026-10-09,False,False,5.0,2026-10-09T22:34:24+05:30
CONCORDBIO,1340.25,TOUCHED,1.58,above,1361.4,1340.25,1337.1,1340.25,1333.95,0.471,45.8,0.032,0,2026-10-08,2026-10-09,False,False,5.0,2026-10-09T22:34:24+05:30
GROWW,193.11,TOUCHED,-0.37,below,192.39,193.11,193.62,194.13,193.11,0.527,46.7,0.045,0,2026-10-08,2026-10-09,False,False,5.0,2026-10-09T22:34:24+05:30
GVT&D,4211.15,TOUCHED,-0.4,below,4194.4,4211.15,4222.3,4233.45,4211.15,0.528,47.4,0.033,0,2026-10-08,2026-10-09,False,False,5.0,2026-10-09T22:34:24+05:30
KIRLOSENG,2181.25,TOUCHED,1.34,above,2210.4,2181.25,2175.17,2181.25,2169.08,0.559,48.5,0.047,0,2026-10-08,2026-10-09,False,False,5.0,2026-10-09T22:34:24+05:30
NH,1704.70,TOUCHED,0.87,above,1719.5,1704.7,1701.57,1704.7,1698.43,0.368,48.8,0.038,0,2026-10-08,2026-10-09,False,False,5.0,2026-10-09T22:34:24+05:30
NHPC,71.99,TOUCHED,1.39,above,72.99,71.99,71.88,71.99,71.76,0.315,49.3,0.033,0,2026-10-08,2026-10-09,False,False,5.0,2026-10-09T22:34:24+05:30
GODREJIND,1004.50,TOUCHED,-1.9,below,985.4,1004.5,1006.6,1008.7,1004.5,0.417,49.6,0.049,0,2026-10-08,2026-10-09,False,False,5.0,2026-10-09T22:34:24+05:30
CRAFTSMAN,10102.50,TOUCHED,0.8,above,10183.0,10102.5,10081.0,10102.5,10059.5,0.427,50.4,0.062,0,2026-10-08,2026-10-09,False,False,5.0,2026-10-09T22:34:24+05:30
GAIL,167.95,TOUCHED,-0.78,below,166.64,167.95,168.2,168.45,167.95,0.297,50.4,0.017,0,2026-10-08,2026-10-09,False,False,5.0,2026-10-09T22:34:24+05:30
HYUNDAI,1925.85,TOUCHED,0.73,above,1940.0,1925.85,1922.23,1925.85,1918.62,0.376,50.7,0.031,0,2026-10-08,2026-10-09,False,False,5.0,2026-10-09T22:34:24+05:30
ANGELONE,295.85,TOUCHED,-1.3,below,292.0,295.85,296.7,297.55,295.85,0.573,52.3,0.043,0,2026-10-08,2026-10-09,False,False,5.0,2026-10-09T22:34:24+05:30
APARINDS,17930.33,TOUCHED,0.3,inside,17984.0,17930.33,17930.33,17987.5,17873.17,0.638,52.9,0.061,0,2026-10-08,2026-10-09,False,False,5.0,2026-10-09T22:34:24+05:30
PRIVISCL,3455.18,TOUCHED,-0.9,below,3424.1,3455.18,3464.07,3472.95,3455.18,0.513,52.9,0.045,0,2026-10-08,2026-10-09,False,False,5.0,2026-10-09T22:34:24+05:30
ONGC,220.76,TOUCHED,0.23,above,221.27,220.76,220.44,220.76,220.12,0.292,54.0,0.033,0,2026-10-08,2026-10-09,False,False,5.0,2026-10-09T22:34:24+05:30
ABCAPITAL,371.27,TOUCHED,2.54,above,380.7,371.27,370.4,371.27,369.52,0.472,54.2,0.04,0,2026-10-08,2026-10-09,False,False,5.0,2026-10-09T22:34:24+05:30
DELHIVERY,399.55,TOUCHED,0.24,above,400.5,399.55,398.7,399.55,397.85,0.426,54.2,0.028,0,2026-10-08,2026-10-09,False,False,5.0,2026-10-09T22:34:24+05:30
ANTHEM,874.70,TOUCHED,-1.42,below,862.3,874.7,876.85,879.0,874.7,0.49,54.6,0.046,0,2026-10-08,2026-10-09,False,False,5.0,2026-10-09T22:34:24+05:30
INDIACEM,296.65,TOUCHED,0.27,above,297.45,296.65,295.97,296.65,295.28,0.462,55.3,0.041,0,2026-10-08,2026-10-09,False,False,5.0,2026-10-09T22:34:24+05:30
POONAWALLA,441.20,TOUCHED,1.38,above,447.3,441.2,440.1,441.2,439.0,0.5,55.6,0.042,0,2026-10-08,2026-10-09,False,False,5.0,2026-10-09T22:34:24+05:30
VISL,28.96,TOUCHED,0.45,above,29.09,28.96,28.79,28.96,28.63,1.158,55.6,0.06,0,2026-10-08,2026-10-09,False,False,5.0,2026-10-09T22:34:24+05:30
CMPDI,207.39,TOUCHED,-0.59,below,206.18,207.39,208.14,208.88,207.39,0.714,56.5,0.108,0,2026-10-08,2026-10-09,False,False,5.0,2026-10-09T22:34:24+05:30
STLTECH,1007.18,TOUCHED,0.8,above,1015.2,1007.18,1002.82,1007.18,998.45,0.871,57.0,0.021,0,2026-10-08,2026-10-09,False,False,5.0,2026-10-09T22:34:24+05:30
EIHOTEL,291.84,TOUCHED,-0.19,below,291.3,291.84,292.48,293.12,291.84,0.439,57.5,0.032,0,2026-10-08,2026-10-09,False,False,5.0,2026-10-09T22:34:24+05:30
LINDEINDIA,6040.08,TOUCHED,-0.73,below,5996.0,6040.08,6054.17,6068.25,6040.08,0.465,57.8,0.034,0,2026-10-08,2026-10-09,False,False,5.0,2026-10-09T22:34:24+05:30
RUBICON,1545.77,TOUCHED,0.18,inside,1548.5,1545.77,1545.77,1550.95,1540.58,0.671,58.5,0.046,0,2026-10-08,2026-10-09,False,False,5.0,2026-10-09T22:34:24+05:30
PWL,139.94,TOUCHED,2.68,above,143.69,139.94,139.4,139.94,138.86,0.775,58.8,0.088,0,2026-10-08,2026-10-09,False,False,5.0,2026-10-09T22:34:24+05:30
CHOLAHLDNG,1380.70,TOUCHED,1.43,above,1400.4,1380.7,1377.27,1380.7,1373.83,0.499,58.9,0.031,0,2026-10-08,2026-10-09,False,False,5.0,2026-10-09T22:34:24+05:30
SBILIFE,1685.35,TOUCHED,-0.04,below,1684.6,1685.35,1688.2,1691.05,1685.35,0.338,59.2,0.017,0,2026-10-08,2026-10-09,False,False,5.0,2026-10-09T22:34:24+05:30
TATACOMM,1665.60,TOUCHED,-0.53,below,1656.7,1665.6,1669.53,1673.47,1665.6,0.471,59.5,0.028,0,2026-10-08,2026-10-09,False,False,5.0,2026-10-09T22:34:24+05:30
TENNIND,473.23,TOUCHED,0.1,above,473.7,473.23,471.75,473.23,470.27,0.625,59.5,0.04,0,2026-10-08,2026-10-09,False,False,5.0,2026-10-09T22:34:24+05:30
YESBANK,20.53,TOUCHED,-0.15,inside,20.5,20.53,20.53,20.57,20.49,0.39,59.7,0.043,0,2026-10-08,2026-10-09,False,False,5.0,2026-10-09T22:34:24+05:30
ATUL,5936.33,TOUCHED,-0.91,below,5882.5,5936.33,5949.67,5963.0,5936.33,0.448,60.5,0.018,0,2026-10-08,2026-10-09,False,False,5.0,2026-10-09T22:34:24+05:30
CARTRADE,2872.80,TOUCHED,2.72,above,2951.0,2872.8,2861.17,2872.8,2849.53,0.813,60.5,0.071,0,2026-10-08,2026-10-09,False,False,5.0,2026-10-09T22:34:24+05:30
FEDERALBNK,322.93,TOUCHED,2.19,above,330.0,322.93,322.28,322.93,321.64,0.398,61.1,0.028,0,2026-10-08,2026-10-09,False,False,5.0,2026-10-09T22:34:24+05:30
ICICIAMC,3040.95,TOUCHED,-0.35,below,3030.3,3040.95,3049.43,3057.92,3040.95,0.556,61.1,0.049,0,2026-10-08,2026-10-09,False,False,5.0,2026-10-09T22:34:24+05:30
CIPLA,1308.90,TOUCHED,-0.6,below,1301.0,1308.9,1311.0,1313.1,1308.9,0.32,61.9,0.025,0,2026-10-08,2026-10-09,False,False,5.0,2026-10-09T22:34:24+05:30
SIGNATURE,713.07,TOUCHED,-0.42,below,710.05,713.07,714.88,716.7,713.07,0.508,62.5,0.03,0,2026-10-08,2026-10-09,False,False,5.0,2026-10-09T22:34:24+05:30
UNIONBANK,172.89,TOUCHED,0.1,above,173.06,172.89,172.43,172.89,171.97,0.532,62.7,0.05,0,2026-10-08,2026-10-09,False,False,5.0,2026-10-09T22:34:24+05:30
VOGL,30.21,TOUCHED,-0.38,inside,30.1,30.21,30.21,30.38,30.04,1.136,63.0,0.097,0,2026-10-08,2026-10-09,False,False,5.0,2026-10-09T22:34:24+05:30
MANAPPURAM,306.68,TOUCHED,2.65,above,314.8,306.68,305.83,306.68,304.99,0.55,63.6,0.038,0,2026-10-08,2026-10-09,False,False,5.0,2026-10-09T22:34:24+05:30
RECLTD,297.12,TOUCHED,0.97,above,300.0,297.12,296.42,297.12,295.71,0.478,63.6,0.02,0,2026-10-08,2026-10-09,False,False,5.0,2026-10-09T22:34:24+05:30
RPOWER,19.97,TOUCHED,0.2,inside,20.01,19.97,19.97,20.06,19.88,0.851,63.8,0.086,0,2026-10-08,2026-10-09,False,False,5.0,2026-10-09T22:34:24+05:30
CIEINDIA,372.59,TOUCHED,-0.49,below,370.75,372.59,373.53,374.48,372.59,0.504,64.1,0.033,0,2026-10-08,2026-10-09,False,False,5.0,2026-10-09T22:34:24+05:30
NUVOCO,322.82,TOUCHED,-1.77,below,317.1,322.82,323.73,324.65,322.82,0.566,64.4,0.045,0,2026-10-08,2026-10-09,False,False,5.0,2026-10-09T22:34:24+05:30
VOLTAS,1035.05,TOUCHED,-0.13,below,1033.7,1035.05,1038.1,1041.15,1035.05,0.588,64.4,0.043,0,2026-10-08,2026-10-09,False,False,5.0,2026-10-09T22:34:24+05:30
GILLETTE,7213.75,TOUCHED,-1.57,below,7100.5,7213.75,7230.33,7246.92,7213.75,0.459,64.7,0.04,0,2026-10-08,2026-10-09,False,False,5.0,2026-10-09T22:34:24+05:30
IKS,1756.37,TOUCHED,-2.26,below,1716.6,1756.37,1761.63,1766.9,1756.37,0.598,64.9,0.026,0,2026-10-08,2026-10-09,False,False,5.0,2026-10-09T22:34:24+05:30
LICHSGFIN,535.84,TOUCHED,2.95,above,551.65,535.84,534.68,535.84,533.53,0.433,64.9,0.025,0,2026-10-08,2026-10-09,False,False,5.0,2026-10-09T22:34:24+05:30
CHOLAFIN,1557.35,TOUCHED,1.94,above,1587.6,1557.35,1552.9,1557.35,1548.45,0.573,65.5,0.05,0,2026-10-08,2026-10-09,False,False,5.0,2026-10-09T22:34:24+05:30
IRCTC,452.62,TOUCHED,1.36,above,458.8,452.62,451.7,452.62,450.78,0.41,65.5,0.046,0,2026-10-08,2026-10-09,False,False,5.0,2026-10-09T22:34:24+05:30
NAVINFLUOR,8443.33,TOUCHED,-1.08,below,8352.5,8443.33,8469.17,8495.0,8443.33,0.61,65.5,0.051,0,2026-10-08,2026-10-09,False,False,5.0,2026-10-09T22:34:24+05:30
TITAGARH,780.62,TOUCHED,-0.44,below,777.2,780.62,783.25,785.88,780.62,0.67,65.5,0.052,0,2026-10-08,2026-10-09,False,False,5.0,2026-10-09T22:34:24+05:30
VIJAYA,1440.10,TOUCHED,-0.24,inside,1436.6,1440.1,1440.1,1444.6,1435.6,0.625,66.3,0.041,0,2026-10-08,2026-10-09,False,False,5.0,2026-10-09T22:34:24+05:30
CEATLTD,3257.85,TOUCHED,0.14,above,3262.3,3257.85,3247.3,3257.85,3236.75,0.65,66.6,0.04,0,2026-10-08,2026-10-09,False,False,5.0,2026-10-09T22:34:24+05:30
NETWEB,4738.53,TOUCHED,-0.36,below,4721.6,4738.53,4761.97,4785.4,4738.53,0.984,66.8,0.083,0,2026-10-08,2026-10-09,False,False,5.0,2026-10-09T22:34:24+05:30
INDIAMART,1598.80,TOUCHED,0.5,above,1606.8,1598.8,1594.9,1598.8,1591.0,0.489,67.4,0.027,0,2026-10-08,2026-10-09,False,False,5.0,2026-10-09T22:34:24+05:30
JSWCEMENT,112.29,TOUCHED,0.12,inside,112.43,112.29,112.29,112.63,111.95,0.606,67.6,0.042,0,2026-10-08,2026-10-09,False,False,5.0,2026-10-09T22:34:24+05:30
BLS,216.57,TOUCHED,-0.16,inside,216.23,216.57,216.57,217.31,215.82,0.688,67.7,0.046,0,2026-10-08,2026-10-09,False,False,5.0,2026-10-09T22:34:24+05:30
FRACTAL,706.65,TOUCHED,0.13,inside,707.6,706.65,706.65,709.65,703.65,0.849,67.9,0.063,0,2026-10-08,2026-10-09,False,False,5.0,2026-10-09T22:34:24+05:30
HSCL,662.28,TOUCHED,-0.35,below,659.95,662.28,664.52,666.75,662.28,0.672,67.9,0.042,0,2026-10-08,2026-10-09,False,False,5.0,2026-10-09T22:34:24+05:30
VBL,435.48,TOUCHED,1.27,above,441.0,435.48,434.32,435.48,433.16,0.533,67.9,0.027,0,2026-10-08,2026-10-09,False,False,5.0,2026-10-09T22:34:24+05:30
HINDUNILVR,1854.60,TOUCHED,0.11,above,1856.7,1854.6,1851.23,1854.6,1847.87,0.364,68.2,0.022,0,2026-10-08,2026-10-09,False,False,5.0,2026-10-09T22:34:24+05:30
RITES,197.54,TOUCHED,0.56,above,198.66,197.54,196.98,197.54,196.42,0.574,68.8,0.038,0,2026-10-08,2026-10-09,False,False,5.0,2026-10-09T22:34:24+05:30
UNOMINDA,1095.40,TOUCHED,1.15,above,1108.0,1095.4,1091.93,1095.4,1088.47,0.635,68.8,0.051,0,2026-10-08,2026-10-09,False,False,5.0,2026-10-09T22:34:24+05:30
ECLERX,1863.57,TOUCHED,0.17,inside,1866.8,1863.57,1863.57,1871.95,1855.18,0.9,69.0,0.061,0,2026-10-08,2026-10-09,False,False,5.0,2026-10-09T22:34:24+05:30
ICICIPRULI,455.80,TOUCHED,1.04,above,460.55,455.8,454.6,455.8,453.4,0.528,69.3,0.03,0,2026-10-08,2026-10-09,False,False,5.0,2026-10-09T22:34:24+05:30
TRITURBINE,517.99,TOUCHED,-1.33,below,511.1,517.99,519.53,521.08,517.99,0.593,69.3,0.035,0,2026-10-08,2026-10-09,False,False,5.0,2026-10-09T22:34:24+05:30
AEGISVOPAK,286.50,TOUCHED,-0.59,below,284.8,286.5,287.8,289.1,286.5,0.903,70.0,0.044,0,2026-10-08,2026-10-09,False,False,5.0,2026-10-09T22:34:24+05:30
BAJAJFINSV,1719.30,TOUCHED,0.9,above,1734.7,1719.3,1715.53,1719.3,1711.77,0.439,70.1,0.026,0,2026-10-08,2026-10-09,False,False,5.0,2026-10-09T22:34:24+05:30
PVRINOX,1321.70,TOUCHED,0.42,above,1327.2,1321.7,1317.53,1321.7,1313.37,0.632,70.1,0.036,0,2026-10-08,2026-10-09,False,False,5.0,2026-10-09T22:34:24+05:30
CUB,222.61,TOUCHED,3.96,above,231.42,222.61,221.76,222.61,220.92,0.762,70.4,0.051,0,2026-10-08,2026-10-09,False,False,5.0,2026-10-09T22:34:24+05:30
SWANCORP,262.17,TOUCHED,-0.25,inside,261.5,262.17,262.17,263.12,261.21,0.731,70.4,0.048,0,2026-10-08,2026-10-09,False,False,5.0,2026-10-09T22:34:24+05:30
TECHM,1507.50,TOUCHED,0.44,above,1514.1,1507.5,1503.73,1507.5,1499.97,0.501,70.4,0.038,0,2026-10-08,2026-10-09,False,False,5.0,2026-10-09T22:34:24+05:30
EMMVEE,303.53,TOUCHED,-1.15,below,300.05,303.53,305.07,306.6,303.53,1.005,70.6,0.054,0,2026-10-08,2026-10-09,False,False,5.0,2026-10-09T22:34:24+05:30
NATIONALUM,315.40,TOUCHED,0.16,inside,315.9,315.4,315.4,316.55,314.25,0.729,70.7,0.049,0,2026-10-08,2026-10-09,False,False,5.0,2026-10-09T22:34:24+05:30
SCHAEFFLER,3746.72,TOUCHED,-2.11,below,3667.6,3746.72,3756.73,3766.75,3746.72,0.533,70.7,0.035,0,2026-10-08,2026-10-09,False,False,5.0,2026-10-09T22:34:24+05:30
SUNPHARMA,1763.37,TOUCHED,-0.19,below,1760.0,1763.37,1766.93,1770.5,1763.37,0.404,70.7,0.024,0,2026-10-08,2026-10-09,False,False,5.0,2026-10-09T22:34:24+05:30
MTARTECH,7767.50,TOUCHED,0.18,inside,7781.5,7767.5,7767.5,7808.5,7726.5,1.056,71.0,0.047,0,2026-10-08,2026-10-09,False,False,5.0,2026-10-09T22:34:24+05:30
COHANCE,443.98,TOUCHED,-0.67,below,441.0,443.98,445.57,447.15,443.98,0.711,71.2,0.024,0,2026-10-08,2026-10-09,False,False,5.0,2026-10-09T22:34:24+05:30
TRENT,2902.10,TOUCHED,0.55,above,2918.2,2902.1,2893.5,2902.1,2884.9,0.594,71.2,0.047,0,2026-10-08,2026-10-09,False,False,5.0,2026-10-09T22:34:24+05:30
USHAMART,505.77,TOUCHED,-0.73,below,502.05,505.77,507.58,509.4,505.77,0.716,71.2,0.044,0,2026-10-08,2026-10-09,False,False,5.0,2026-10-09T22:34:24+05:30
GLAND,3089.40,TOUCHED,-0.89,below,3061.8,3089.4,3099.7,3110.0,3089.4,0.665,71.5,0.046,0,2026-10-08,2026-10-09,False,False,5.0,2026-10-09T22:34:24+05:30
ONESOURCE,1484.97,TOUCHED,-1.59,below,1461.3,1484.97,1491.73,1498.5,1484.97,0.907,71.8,0.052,0,2026-10-08,2026-10-09,False,False,5.0,2026-10-09T22:34:24+05:30
KARURVYSYA,332.40,TOUCHED,2.26,above,339.9,332.4,331.33,332.4,330.27,0.644,72.1,0.046,0,2026-10-08,2026-10-09,False,False,5.0,2026-10-09T22:34:24+05:30
BHARATCOAL,31.42,TOUCHED,-0.96,below,31.12,31.42,31.53,31.65,31.42,0.708,72.5,0.02,0,2026-10-08,2026-10-09,False,False,5.0,2026-10-09T22:34:24+05:30
SBIN,945.70,TOUCHED,1.42,above,959.1,945.7,943.8,945.7,941.9,0.403,72.6,0.019,0,2026-10-08,2026-10-09,False,False,5.0,2026-10-09T22:34:24+05:30
PIRAMALFIN,1971.97,TOUCHED,-0.04,inside,1971.2,1971.97,1971.97,1979.75,1964.18,0.789,72.8,0.06,0,2026-10-08,2026-10-09,False,False,5.0,2026-10-09T22:34:24+05:30
PINELABS,170.70,TOUCHED,-4.47,below,163.07,170.7,171.62,172.53,170.7,1.064,73.1,0.082,0,2026-10-08,2026-10-09,False,False,5.0,2026-10-09T22:34:24+05:30
BANKINDIA,133.69,TOUCHED,0.57,above,134.46,133.69,133.25,133.69,132.8,0.673,73.4,0.042,0,2026-10-08,2026-10-09,False,False,5.0,2026-10-09T22:34:24+05:30
VTL,529.20,TOUCHED,-0.19,below,528.2,529.2,531.05,532.9,529.2,0.697,73.4,0.038,0,2026-10-08,2026-10-09,False,False,5.0,2026-10-09T22:34:24+05:30
ATHERENERG,1427.50,TOUCHED,0.48,above,1434.4,1427.5,1420.33,1427.5,1413.17,1.009,73.6,0.072,0,2026-10-08,2026-10-09,False,False,5.0,2026-10-09T22:34:24+05:30
GRAVITA,1487.98,TOUCHED,-1.45,below,1466.4,1487.98,1493.67,1499.35,1487.98,0.761,73.7,0.036,0,2026-10-08,2026-10-09,False,False,5.0,2026-10-09T22:34:24+05:30
ADANIPOWER,189.51,TOUCHED,-0.27,inside,189.0,189.51,189.51,190.27,188.76,0.799,74.0,0.066,0,2026-10-08,2026-10-09,False,False,5.0,2026-10-09T22:34:24+05:30
GRAPHITE,809.12,TOUCHED,-0.31,inside,806.6,809.12,809.12,812.6,805.63,0.861,74.2,0.034,0,2026-10-08,2026-10-09,False,False,5.0,2026-10-09T22:34:24+05:30
DATAPATTNS,4120.23,TOUCHED,-0.86,below,4084.8,4120.23,4143.37,4166.5,4120.23,1.117,74.5,0.087,0,2026-10-08,2026-10-09,False,False,5.0,2026-10-09T22:34:24+05:30
BPCL,288.12,TOUCHED,-0.11,inside,287.8,288.12,288.12,289.05,287.18,0.648,75.1,0.027,0,2026-10-08,2026-10-09,False,False,5.0,2026-10-09T22:34:24+05:30
ENGINERSIN,292.77,TOUCHED,0.11,above,293.1,292.77,291.52,292.77,290.26,0.863,75.1,0.051,0,2026-10-08,2026-10-09,False,False,5.0,2026-10-09T22:34:24+05:30
M&M,2775.20,TOUCHED,0.76,above,2796.2,2775.2,2767.2,2775.2,2759.2,0.578,75.3,0.031,0,2026-10-08,2026-10-09,False,False,5.0,2026-10-09T22:34:24+05:30
PERSISTENT,5529.50,TOUCHED,4.35,above,5770.0,5529.5,5509.0,5529.5,5488.5,0.744,75.6,0.031,0,2026-10-08,2026-10-09,False,False,5.0,2026-10-09T22:34:24+05:30
TEJASNET,453.30,TOUCHED,-1.35,below,447.2,453.3,455.45,457.6,453.3,0.944,75.6,0.062,0,2026-10-08,2026-10-09,False,False,5.0,2026-10-09T22:34:24+05:30
MEDANTA,1290.10,TOUCHED,1.75,above,1312.7,1290.1,1285.57,1290.1,1281.03,0.705,75.9,0.035,0,2026-10-08,2026-10-09,False,False,5.0,2026-10-09T22:34:24+05:30
SANSERA,4146.35,TOUCHED,-0.52,below,4124.7,4146.35,4163.3,4180.25,4146.35,0.814,75.9,0.064,0,2026-10-08,2026-10-09,False,False,5.0,2026-10-09T22:34:24+05:30
CUPID,354.60,TOUCHED,3.24,above,366.1,354.6,352.55,354.6,350.5,1.163,76.4,0.083,0,2026-10-08,2026-10-09,False,False,5.0,2026-10-09T22:34:24+05:30
HAL,4661.65,TOUCHED,-0.13,below,4655.6,4661.65,4675.9,4690.15,4661.65,0.61,76.4,0.043,0,2026-10-08,2026-10-09,False,False,5.0,2026-10-09T22:34:24+05:30
NESTLEIND,1328.50,TOUCHED,0.34,above,1333.0,1328.5,1325.33,1328.5,1322.17,0.478,76.4,0.036,0,2026-10-08,2026-10-09,False,False,5.0,2026-10-09T22:34:24+05:30
UNITDSPR,1329.05,TOUCHED,2.78,above,1366.0,1329.05,1325.43,1329.05,1321.82,0.546,76.4,0.037,0,2026-10-08,2026-10-09,False,False,5.0,2026-10-09T22:34:24+05:30
JINDALSAW,271.35,TOUCHED,-0.64,below,269.6,271.35,272.5,273.65,271.35,0.844,76.7,0.043,0,2026-10-08,2026-10-09,False,False,5.0,2026-10-09T22:34:24+05:30
ITCHOTELS,155.14,TOUCHED,-0.4,below,154.52,155.14,155.65,156.16,155.14,0.655,77.0,0.058,0,2026-10-08,2026-10-09,False,False,5.0,2026-10-09T22:34:24+05:30
CENTRALBK,30.17,TOUCHED,-0.23,inside,30.1,30.17,30.17,30.26,30.08,0.597,77.3,0.035,0,2026-10-08,2026-10-09,False,False,5.0,2026-10-09T22:34:24+05:30
AVANTIFEED,702.40,TOUCHED,-0.47,below,699.1,702.4,706.15,709.9,702.4,1.062,77.5,0.055,0,2026-10-08,2026-10-09,False,False,5.0,2026-10-09T22:34:24+05:30
DLF,643.98,TOUCHED,0.72,above,648.6,643.98,641.63,643.98,639.29,0.73,77.5,0.038,0,2026-10-08,2026-10-09,False,False,5.0,2026-10-09T22:34:24+05:30
IGL,143.40,TOUCHED,1.92,above,146.15,143.4,142.94,143.4,142.49,0.637,77.5,0.047,0,2026-10-08,2026-10-09,False,False,5.0,2026-10-09T22:34:24+05:30
UTIAMC,880.21,TOUCHED,-0.28,below,877.7,880.21,883.22,886.23,880.21,0.681,77.5,0.044,0,2026-10-08,2026-10-09,False,False,5.0,2026-10-09T22:34:24+05:30
BHARATFORG,1810.00,TOUCHED,0.38,above,1816.9,1810.0,1803.53,1810.0,1797.07,0.717,77.8,0.044,0,2026-10-08,2026-10-09,False,False,5.0,2026-10-09T22:34:24+05:30
ETERNAL,322.95,TOUCHED,0.15,above,323.45,322.95,321.65,322.95,320.35,0.808,78.4,0.041,0,2026-10-08,2026-10-09,False,False,5.0,2026-10-09T22:34:24+05:30
GALLANTT,505.92,TOUCHED,-0.43,below,503.75,505.92,508.7,511.48,505.92,1.091,78.4,0.07,0,2026-10-08,2026-10-09,False,False,5.0,2026-10-09T22:34:24+05:30
TATASTEEL,173.47,TOUCHED,0.19,above,173.8,173.47,172.97,173.47,172.46,0.582,78.4,0.023,0,2026-10-08,2026-10-09,False,False,5.0,2026-10-09T22:34:24+05:30
JMFINANCIL,121.16,TOUCHED,-2.76,below,117.82,121.16,121.73,122.29,121.16,0.926,78.6,0.057,0,2026-10-08,2026-10-09,False,False,5.0,2026-10-09T22:34:24+05:30
360ONE,1049.23,TOUCHED,-0.12,inside,1048.0,1049.23,1049.23,1053.3,1045.17,0.775,79.2,0.035,0,2026-10-08,2026-10-09,False,False,5.0,2026-10-09T22:34:24+05:30
CHOICEIN,714.92,TOUCHED,-0.25,inside,713.1,714.92,714.92,717.05,712.78,0.597,79.7,0.028,0,2026-10-08,2026-10-09,False,False,5.0,2026-10-09T22:34:24+05:30
BANKBARODA,235.49,TOUCHED,0.13,inside,235.8,235.49,235.49,236.24,234.75,0.633,80.0,0.025,0,2026-10-08,2026-10-09,False,False,5.0,2026-10-09T22:34:24+05:30
NATCOPHARM,798.78,TOUCHED,-1.17,below,789.4,798.78,802.17,805.55,798.78,0.844,80.0,0.033,0,2026-10-08,2026-10-09,False,False,5.0,2026-10-09T22:34:24+05:30
APTUS,217.78,TOUCHED,-0.94,below,215.73,217.78,218.64,219.5,217.78,0.787,80.5,0.036,0,2026-10-08,2026-10-09,False,False,5.0,2026-10-09T22:34:24+05:30
CRISIL,4437.57,TOUCHED,-0.31,inside,4423.8,4437.57,4437.57,4454.35,4420.78,0.756,80.5,0.05,0,2026-10-08,2026-10-09,False,False,5.0,2026-10-09T22:34:24+05:30
SYRMA,1708.55,TOUCHED,0.66,above,1719.9,1708.55,1699.33,1708.55,1690.12,1.085,80.8,0.059,0,2026-10-08,2026-10-09,False,False,5.0,2026-10-09T22:34:24+05:30
BHARTIARTL,1809.32,TOUCHED,-0.23,below,1805.1,1809.32,1814.03,1818.75,1809.32,0.52,81.1,0.021,0,2026-10-08,2026-10-09,False,False,5.0,2026-10-09T22:34:24+05:30
EMBASSY,432.37,TOUCHED,-0.25,below,431.27,432.37,433.34,434.32,432.37,0.452,81.1,0.02,0,2026-10-07,2026-10-08,False,False,5.0,2026-10-09T22:34:24+05:30
IDBI,83.57,TOUCHED,-0.58,below,83.09,83.57,83.96,84.35,83.57,0.933,81.1,0.049,0,2026-10-08,2026-10-09,False,False,5.0,2026-10-09T22:34:24+05:30
JIOFIN,213.15,TOUCHED,0.69,above,214.62,213.15,212.43,213.15,211.72,0.675,81.1,0.033,0,2026-10-08,2026-10-09,False,False,5.0,2026-10-09T22:34:24+05:30
NMDC,71.42,TOUCHED,0.53,above,71.8,71.42,71.18,71.42,70.94,0.688,81.1,0.035,0,2026-10-08,2026-10-09,False,False,5.0,2026-10-09T22:34:24+05:30
BATAINDIA,609.05,TOUCHED,0.69,above,613.25,609.05,607.15,609.05,605.25,0.626,81.4,0.026,0,2026-10-08,2026-10-09,False,False,5.0,2026-10-09T22:34:24+05:30
IEX,104.53,TOUCHED,0.24,inside,104.78,104.53,104.53,104.92,104.14,0.743,81.4,0.043,0,2026-10-08,2026-10-09,False,False,5.0,2026-10-09T22:34:24+05:30
TBOTEK,1674.98,TOUCHED,-0.51,below,1666.4,1674.98,1683.47,1691.95,1674.98,1.008,81.4,0.043,0,2026-10-08,2026-10-09,False,False,5.0,2026-10-09T22:34:24+05:30
ACMESOLAR,422.62,TOUCHED,-1.07,below,418.1,422.62,424.83,427.05,422.62,1.044,81.6,0.061,0,2026-10-08,2026-10-09,False,False,5.0,2026-10-09T22:34:24+05:30
HINDCOPPER,470.14,TOUCHED,-0.27,below,468.85,470.14,472.78,475.43,470.14,1.117,81.6,0.038,0,2026-10-08,2026-10-09,False,False,5.0,2026-10-09T22:34:24+05:30
AWL,183.47,TOUCHED,-0.7,below,182.18,183.47,184.14,184.8,183.47,0.72,82.2,0.056,0,2026-10-08,2026-10-09,False,False,5.0,2026-10-09T22:34:24+05:30
GODREJPROP,1548.13,TOUCHED,0.12,inside,1550.0,1548.13,1548.13,1555.2,1541.07,0.913,82.5,0.054,0,2026-10-08,2026-10-09,False,False,5.0,2026-10-09T22:34:24+05:30
RAILTEL,249.24,TOUCHED,-0.44,below,248.15,249.24,250.38,251.53,249.24,0.912,82.5,0.049,0,2026-10-08,2026-10-09,False,False,5.0,2026-10-09T22:34:24+05:30
TATACONSUM,957.73,TOUCHED,-0.29,inside,955.0,957.73,957.73,960.65,954.82,0.609,82.5,0.03,0,2026-10-08,2026-10-09,False,False,5.0,2026-10-09T22:34:24+05:30
AUROPHARMA,1661.45,TOUCHED,1.9,above,1693.0,1661.45,1655.97,1661.45,1650.48,0.662,82.7,0.043,0,2026-10-08,2026-10-09,False,False,5.0,2026-10-09T22:34:24+05:30
EMAMILTD,369.98,TOUCHED,-0.14,inside,369.45,369.98,369.98,371.35,368.62,0.739,82.7,0.033,0,2026-10-08,2026-10-09,False,False,5.0,2026-10-09T22:34:24+05:30
HINDALCO,898.67,TOUCHED,0.19,above,900.35,898.67,895.83,898.67,892.99,0.634,82.7,0.02,0,2026-10-08,2026-10-09,False,False,5.0,2026-10-09T22:34:24+05:30
LTM,3959.15,TOUCHED,2.8,above,4070.0,3959.15,3944.43,3959.15,3929.72,0.746,82.7,0.039,0,2026-10-08,2026-10-09,False,False,5.0,2026-10-09T22:34:24+05:30
SBICARD,553.55,TOUCHED,1.53,above,562.0,553.55,551.58,553.55,549.62,0.713,82.7,0.039,0,2026-10-08,2026-10-09,False,False,5.0,2026-10-09T22:34:24+05:30
AUBANK,982.30,TOUCHED,-0.03,inside,982.0,982.3,982.3,985.95,978.65,0.743,83.0,0.019,0,2026-10-08,2026-10-09,False,False,5.0,2026-10-09T22:34:24+05:30
PFC,327.32,TOUCHED,0.15,above,327.8,327.32,326.12,327.32,324.91,0.741,83.0,0.044,0,2026-10-08,2026-10-09,False,False,5.0,2026-10-09T22:34:24+05:30
UCOBANK,23.19,TOUCHED,0.24,above,23.25,23.19,23.12,23.19,23.04,0.678,83.0,0.014,0,2026-10-08,2026-10-09,False,False,5.0,2026-10-09T22:34:24+05:30
BAJAJHLDNG,10730.00,TOUCHED,0.84,above,10820.0,10730.0,10686.67,10730.0,10643.33,0.811,83.3,0.028,0,2026-10-08,2026-10-09,False,False,5.0,2026-10-09T22:34:24+05:30
ACUTAAS,3109.10,TOUCHED,1.66,above,3160.6,3109.1,3091.63,3109.1,3074.17,1.13,83.6,0.045,0,2026-10-08,2026-10-09,False,False,5.0,2026-10-09T22:34:24+05:30
AAVAS,1195.57,TOUCHED,-0.21,below,1193.0,1195.57,1200.63,1205.7,1195.57,0.844,83.8,0.03,0,2026-10-08,2026-10-09,False,False,5.0,2026-10-09T22:34:24+05:30
AFFLE,1413.17,TOUCHED,0.31,inside,1417.5,1413.17,1413.17,1419.05,1407.28,0.833,83.8,0.036,0,2026-10-08,2026-10-09,False,False,5.0,2026-10-09T22:34:24+05:30
ARE&M,722.80,TOUCHED,-0.25,below,721.0,722.8,725.3,727.8,722.8,0.689,83.8,0.03,0,2026-10-08,2026-10-09,False,False,5.0,2026-10-09T22:34:24+05:30
EMCURE,1860.58,TOUCHED,-1.46,below,1833.5,1860.58,1869.67,1878.75,1860.58,0.972,83.8,0.031,0,2026-10-08,2026-10-09,False,False,5.0,2026-10-09T22:34:24+05:30
IOB,30.58,TOUCHED,-0.02,below,30.58,30.58,30.69,30.8,30.58,0.684,83.8,0.034,0,2026-10-08,2026-10-09,False,False,5.0,2026-10-09T22:34:24+05:30
ANANTRAJ,585.74,TOUCHED,-2.56,below,570.75,585.74,588.98,592.23,585.74,1.101,84.1,0.085,0,2026-10-08,2026-10-09,False,False,5.0,2026-10-09T22:34:24+05:30
RADICO,4477.45,TOUCHED,1.62,above,4550.0,4477.45,4456.63,4477.45,4435.82,0.934,84.1,0.033,0,2026-10-08,2026-10-09,False,False,5.0,2026-10-09T22:34:24+05:30
CANBK,118.78,TOUCHED,0.68,above,119.59,118.78,118.31,118.78,117.83,0.809,84.4,0.026,0,2026-10-08,2026-10-09,False,False,5.0,2026-10-09T22:34:24+05:30
KIRLOSBROS,1684.17,TOUCHED,0.35,inside,1690.1,1684.17,1684.17,1692.65,1675.68,1.007,84.4,0.046,0,2026-10-08,2026-10-09,False,False,5.0,2026-10-09T22:34:24+05:30
MCX,3308.15,TOUCHED,0.3,above,3318.2,3308.15,3290.63,3308.15,3273.12,1.065,84.4,0.064,0,2026-10-08,2026-10-09,False,False,5.0,2026-10-09T22:34:24+05:30
TRIDENT,21.98,TOUCHED,-0.11,inside,21.96,21.98,21.98,22.06,21.91,0.697,84.4,0.036,0,2026-10-08,2026-10-09,False,False,5.0,2026-10-09T22:34:24+05:30
AETHER,1752.90,TOUCHED,-0.27,below,1748.1,1752.9,1761.7,1770.5,1752.9,0.999,84.7,0.04,0,2026-10-08,2026-10-09,False,False,5.0,2026-10-09T22:34:24+05:30
NTPCGREEN,90.47,TOUCHED,2.36,above,92.6,90.47,90.13,90.47,89.8,0.74,84.7,0.017,0,2026-10-08,2026-10-09,False,False,5.0,2026-10-09T22:34:24+05:30
CGCL,242.78,TOUCHED,-0.39,below,241.82,242.78,244.02,245.25,242.78,1.015,84.9,0.08,0,2026-10-08,2026-10-09,False,False,5.0,2026-10-09T22:34:24+05:30
BDL,1067.65,TOUCHED,0.77,above,1075.9,1067.65,1061.93,1067.65,1056.22,1.077,85.2,0.057,0,2026-10-08,2026-10-09,False,False,5.0,2026-10-09T22:34:24+05:30
JUBLINGREA,626.42,TOUCHED,-0.1,inside,625.8,626.42,626.42,629.48,623.36,0.976,85.2,0.043,0,2026-10-08,2026-10-09,False,False,5.0,2026-10-09T22:34:24+05:30
LEMONTREE,110.54,TOUCHED,-0.1,below,110.43,110.54,111.02,111.51,110.54,0.877,85.5,0.033,0,2026-10-08,2026-10-09,False,False,5.0,2026-10-09T22:34:24+05:30
LT,3654.50,TOUCHED,1.34,above,3703.3,3654.5,3644.7,3654.5,3634.9,0.538,85.5,0.035,0,2026-10-08,2026-10-09,False,False,5.0,2026-10-09T22:34:24+05:30
GICRE,311.58,TOUCHED,0.33,inside,312.6,311.58,311.58,312.82,310.34,0.797,85.8,0.037,0,2026-10-08,2026-10-09,False,False,5.0,2026-10-09T22:34:24+05:30
HONASA,469.75,TOUCHED,-0.22,below,468.7,469.75,472.0,474.25,469.75,0.953,85.8,0.063,0,2026-10-08,2026-10-09,False,False,5.0,2026-10-09T22:34:24+05:30
HUDCO,159.15,TOUCHED,0.38,above,159.75,159.15,158.43,159.15,157.71,0.909,85.8,0.041,0,2026-10-08,2026-10-09,False,False,5.0,2026-10-09T22:34:24+05:30
JWL,217.45,TOUCHED,-1.4,below,214.4,217.45,218.48,219.5,217.45,0.937,85.8,0.049,0,2026-10-08,2026-10-09,False,False,5.0,2026-10-09T22:34:24+05:30
KAYNES,3275.70,TOUCHED,-0.36,inside,3264.0,3275.7,3275.7,3297.05,3254.35,1.304,85.8,0.066,0,2026-10-08,2026-10-09,False,False,5.0,2026-10-09T22:34:24+05:30
AIAENG,3758.25,TOUCHED,-0.55,below,3737.7,3758.25,3773.6,3788.95,3758.25,0.814,86.0,0.053,0,2026-10-08,2026-10-09,False,False,5.0,2026-10-09T22:34:24+05:30
FLUOROCHEM,4478.73,TOUCHED,-0.04,inside,4476.8,4478.73,4478.73,4498.05,4459.42,0.863,86.0,0.022,0,2026-10-08,2026-10-09,False,False,5.0,2026-10-09T22:34:24+05:30
MARICO,784.23,TOUCHED,0.25,above,786.15,784.23,781.9,784.23,779.58,0.595,86.0,0.027,0,2026-10-08,2026-10-09,False,False,5.0,2026-10-09T22:34:24+05:30
MRPL,174.99,TOUCHED,-1.63,below,172.13,174.99,176.12,177.25,174.99,1.289,86.0,0.056,0,2026-10-08,2026-10-09,False,False,5.0,2026-10-09T22:34:24+05:30
NTPC,311.52,TOUCHED,0.16,inside,312.0,311.52,311.52,312.43,310.61,0.583,86.0,0.019,0,2026-10-08,2026-10-09,False,False,5.0,2026-10-09T22:34:24+05:30
TMCV,415.41,TOUCHED,-1.23,below,410.3,415.41,417.62,419.82,415.41,1.058,86.2,0.041,0,2026-10-08,2026-10-09,False,False,5.0,2026-10-09T22:34:24+05:30
CESC,130.34,TOUCHED,2.22,above,133.23,130.34,129.8,130.34,129.27,0.827,86.3,0.041,0,2026-10-08,2026-10-09,False,False,5.0,2026-10-09T22:34:24+05:30
GESHIP,1537.30,TOUCHED,-0.23,below,1533.7,1537.3,1544.9,1552.5,1537.3,0.984,86.3,0.043,0,2026-10-08,2026-10-09,False,False,5.0,2026-10-09T22:34:24+05:30
PAYTM,1632.70,TOUCHED,0.2,above,1636.0,1632.7,1623.9,1632.7,1615.1,1.084,86.3,0.056,0,2026-10-08,2026-10-09,False,False,5.0,2026-10-09T22:34:24+05:30
IDEA,12.96,TOUCHED,0.28,inside,13.0,12.96,12.96,13.05,12.88,1.26,86.8,0.052,0,2026-10-08,2026-10-09,False,False,5.0,2026-10-09T22:34:24+05:30
ZENSARTECH,448.35,TOUCHED,0.04,above,448.55,448.35,446.17,448.35,443.98,0.979,86.8,0.047,0,2026-10-08,2026-10-09,False,False,5.0,2026-10-09T22:34:24+05:30
BALRAMCHIN,692.80,TOUCHED,-2.11,below,678.15,692.8,696.15,699.5,692.8,0.962,87.1,0.045,0,2026-10-08,2026-10-09,False,False,5.0,2026-10-09T22:34:24+05:30
CONCOR,439.02,TOUCHED,0.68,above,442.0,439.02,437.35,439.02,435.67,0.766,87.1,0.041,0,2026-10-08,2026-10-09,False,False,5.0,2026-10-09T22:34:24+05:30
CUMMINSIND,4798.50,TOUCHED,0.66,above,4830.0,4798.5,4779.3,4798.5,4760.1,0.803,87.1,0.02,0,2026-10-08,2026-10-09,False,False,5.0,2026-10-09T22:34:24+05:30
EXIDEIND,396.57,TOUCHED,-0.55,below,394.4,396.57,398.23,399.9,396.57,0.837,87.1,0.029,0,2026-10-08,2026-10-09,False,False,5.0,2026-10-09T22:34:24+05:30
J&KBANK,137.64,TOUCHED,0.43,above,138.23,137.64,136.92,137.64,136.21,1.04,87.1,0.054,0,2026-10-08,2026-10-09,False,False,5.0,2026-10-09T22:34:24+05:30
SUMICHEM,415.77,TOUCHED,0.37,inside,417.3,415.77,415.77,417.95,413.58,1.05,87.1,0.051,0,2026-10-08,2026-10-09,False,False,5.0,2026-10-09T22:34:24+05:30
DIXON,12784.00,TOUCHED,-0.08,inside,12774.0,12784.0,12784.0,12851.0,12717.0,1.048,87.4,0.073,0,2026-10-08,2026-10-09,False,False,5.0,2026-10-09T22:34:24+05:30
GRSE,2042.53,TOUCHED,0.17,inside,2046.0,2042.53,2042.53,2056.8,2028.27,1.397,87.4,0.099,0,2026-10-08,2026-10-09,False,False,5.0,2026-10-09T22:34:24+05:30
M&MFIN,315.48,TOUCHED,1.26,above,319.45,315.48,313.82,315.48,312.16,1.057,87.4,0.056,0,2026-10-08,2026-10-09,False,False,5.0,2026-10-09T22:34:24+05:30
UPL,487.10,TOUCHED,0.28,above,488.45,487.1,485.08,487.1,483.07,0.831,87.4,0.025,0,2026-10-08,2026-10-09,False,False,5.0,2026-10-09T22:34:24+05:30
KFINTECH,842.49,TOUCHED,-0.02,below,842.35,842.49,846.78,851.08,842.49,1.014,87.7,0.029,0,2026-10-08,2026-10-09,False,False,5.0,2026-10-09T22:34:24+05:30
LICI,383.10,TOUCHED,2.91,above,394.25,383.1,381.82,383.1,380.53,0.672,87.7,0.034,0,2026-10-08,2026-10-09,False,False,5.0,2026-10-09T22:34:24+05:30
TATATECH,704.85,TOUCHED,1.56,above,715.85,704.85,701.45,704.85,698.05,0.969,87.7,0.047,0,2026-10-08,2026-10-09,False,False,5.0,2026-10-09T22:34:24+05:30
BRITANNIA,4795.15,TOUCHED,0.62,above,4825.0,4795.15,4778.63,4795.15,4762.12,0.691,87.9,0.03,0,2026-10-08,2026-10-09,False,False,5.0,2026-10-09T22:34:24+05:30
ELGIEQUIP,585.00,TOUCHED,-0.32,inside,583.15,585.0,585.0,588.0,582.0,1.026,87.9,0.056,0,2026-10-08,2026-10-09,False,False,5.0,2026-10-09T22:34:24+05:30
ENDURANCE,2445.23,TOUCHED,-1.54,below,2407.5,2445.23,2456.97,2468.7,2445.23,0.955,87.9,0.047,0,2026-10-08,2026-10-09,False,False,5.0,2026-10-09T22:34:24+05:30
HDFCBANK,698.15,TOUCHED,1.3,above,707.25,698.15,696.18,698.15,694.22,0.565,87.9,0.023,0,2026-10-08,2026-10-09,False,False,5.0,2026-10-09T22:34:24+05:30
KALYANKJIL,556.62,TOUCHED,-0.47,below,554.0,556.62,559.73,562.85,556.62,1.114,87.9,0.042,0,2026-10-08,2026-10-09,False,False,5.0,2026-10-09T22:34:24+05:30
RAMCOCEM,821.30,TOUCHED,-1.67,below,807.55,821.3,824.7,828.1,821.3,0.825,87.9,0.045,0,2026-10-08,2026-10-09,False,False,5.0,2026-10-09T22:34:24+05:30
HDFCAMC,2265.27,TOUCHED,-0.12,inside,2262.5,2265.27,2265.27,2275.4,2255.13,0.895,88.2,0.025,0,2026-10-08,2026-10-09,False,False,5.0,2026-10-09T22:34:24+05:30
TORNTPHARM,4649.13,TOUCHED,0.17,inside,4656.9,4649.13,4649.13,4665.15,4633.12,0.689,88.2,0.026,0,2026-10-08,2026-10-09,False,False,5.0,2026-10-09T22:34:24+05:30
TTML,33.11,TOUCHED,-0.65,below,32.89,33.11,33.26,33.42,33.11,0.942,88.2,0.044,0,2026-10-08,2026-10-09,False,False,5.0,2026-10-09T22:34:24+05:30
ASHOKLEY,145.73,TOUCHED,-0.46,below,145.06,145.73,146.45,147.16,145.73,0.974,88.5,0.035,0,2026-10-08,2026-10-09,False,False,5.0,2026-10-09T22:34:24+05:30
FSL,269.77,TOUCHED,-0.62,inside,268.1,269.77,269.77,271.48,268.06,1.267,88.5,0.048,0,2026-10-08,2026-10-09,False,False,5.0,2026-10-09T22:34:24+05:30
INDIANB,819.90,TOUCHED,1.21,above,829.8,819.9,815.87,819.9,811.83,0.989,88.5,0.034,0,2026-10-08,2026-10-09,False,False,5.0,2026-10-09T22:34:24+05:30
MFSL,1327.83,TOUCHED,-1.37,below,1309.7,1327.83,1333.27,1338.7,1327.83,0.815,88.5,0.02,0,2026-10-08,2026-10-09,False,False,5.0,2026-10-09T22:34:24+05:30
REDINGTON,390.50,TOUCHED,-2.69,below,380.0,390.5,393.0,395.5,390.5,1.272,88.5,0.04,0,2026-10-08,2026-10-09,False,False,5.0,2026-10-09T22:34:24+05:30
CAPLIPOINT,2562.82,TOUCHED,-3.98,below,2460.8,2562.82,2576.83,2590.85,2562.82,1.088,88.8,0.038,0,2026-10-08,2026-10-09,False,False,5.0,2026-10-09T22:34:24+05:30
CYIENT,1100.40,TOUCHED,5.31,above,1158.8,1100.4,1095.17,1100.4,1089.93,0.956,88.8,0.03,0,2026-10-08,2026-10-09,False,False,5.0,2026-10-09T22:34:24+05:30
JPPOWER,14.50,TOUCHED,0.21,inside,14.53,14.5,14.5,14.59,14.41,1.31,88.8,0.054,0,2026-10-08,2026-10-09,False,False,5.0,2026-10-09T22:34:24+05:30
LAURUSLABS,2026.45,TOUCHED,0.5,above,2036.6,2026.45,2016.93,2026.45,2007.42,0.944,88.8,0.029,0,2026-10-08,2026-10-09,False,False,5.0,2026-10-09T22:34:24+05:30
MAHABANK,82.87,TOUCHED,0.35,inside,83.16,82.87,82.87,83.28,82.46,0.986,88.8,0.046,0,2026-10-08,2026-10-09,False,False,5.0,2026-10-09T22:34:24+05:30
VMM,97.98,TOUCHED,-0.49,inside,97.5,97.98,97.98,98.48,97.49,1.004,88.8,0.04,0,2026-10-08,2026-10-09,False,False,5.0,2026-10-09T22:34:24+05:30
LGEINDIA,1745.00,TOUCHED,0.69,above,1757.0,1745.0,1737.67,1745.0,1730.33,0.844,88.9,0.026,0,2026-10-08,2026-10-09,False,False,5.0,2026-10-09T22:34:24+05:30
ABREL,1023.97,TOUCHED,-0.16,below,1022.3,1023.97,1029.93,1035.9,1023.97,1.159,89.0,0.033,0,2026-10-08,2026-10-09,False,False,5.0,2026-10-09T22:34:24+05:30
IRFC,74.90,TOUCHED,-0.27,inside,74.7,74.9,74.9,75.21,74.6,0.805,89.0,0.042,0,2026-10-08,2026-10-09,False,False,5.0,2026-10-09T22:34:24+05:30
NUVAMA,1757.20,TOUCHED,0.41,inside,1764.4,1757.2,1757.2,1767.1,1747.3,1.127,89.0,0.03,0,2026-10-08,2026-10-09,False,False,5.0,2026-10-09T22:34:24+05:30
CEMPRO,1149.70,TOUCHED,-2.14,below,1125.1,1149.7,1158.6,1167.5,1149.7,1.536,89.3,0.073,0,2026-10-08,2026-10-09,False,False,5.0,2026-10-09T22:34:24+05:30
HEROMOTOCO,4896.17,TOUCHED,-0.01,inside,4895.5,4896.17,4896.17,4916.0,4876.33,0.81,89.3,0.027,0,2026-10-08,2026-10-09,False,False,5.0,2026-10-09T22:34:24+05:30
HONAUT,32612.50,TOUCHED,-0.36,below,32495.0,32612.5,32760.0,32907.5,32612.5,0.9,89.3,0.03,0,2026-10-08,2026-10-09,False,False,5.0,2026-10-09T22:34:24+05:30
ITI,239.57,TOUCHED,0.23,inside,240.13,239.57,239.57,240.77,238.38,0.999,89.3,0.036,0,2026-10-08,2026-10-09,False,False,5.0,2026-10-09T22:34:24+05:30
ABBOTINDIA,25872.50,TOUCHED,0.49,above,26000.0,25872.5,25775.0,25872.5,25677.5,0.757,89.6,0.038,0,2026-10-08,2026-10-09,False,False,5.0,2026-10-09T22:34:24+05:30
TCS,2100.75,TOUCHED,2.63,above,2156.0,2100.75,2092.5,2100.75,2084.25,0.789,89.6,0.032,0,2026-10-08,2026-10-09,False,False,5.0,2026-10-09T22:34:24+05:30
HEGAM,238.83,TOUCHED,-2.21,below,233.56,238.83,240.5,242.16,238.83,1.383,89.9,0.053,0,2026-10-08,2026-10-09,False,False,5.0,2026-10-09T22:34:24+05:30
IOC,126.76,TOUCHED,-0.33,below,126.35,126.76,127.28,127.79,126.76,0.807,89.9,0.031,0,2026-10-08,2026-10-09,False,False,5.0,2026-10-09T22:34:24+05:30
MAZDOCK,2013.63,TOUCHED,-0.18,inside,2010.0,2013.63,2013.63,2025.45,2001.82,1.174,89.9,0.047,0,2026-10-08,2026-10-09,False,False,5.0,2026-10-09T22:34:24+05:30
JAINREC,287.57,TOUCHED,0.39,above,288.7,287.57,285.4,287.57,283.22,1.524,90.0,0.085,0,2026-10-08,2026-10-09,False,False,5.0,2026-10-09T22:34:24+05:30
FACT,729.10,TOUCHED,0.04,above,729.4,729.1,725.32,729.1,721.53,1.043,90.1,0.06,0,2026-10-08,2026-10-09,False,False,5.0,2026-10-09T22:34:24+05:30
HFCL,262.21,TOUCHED,-0.69,inside,260.4,262.21,262.21,264.15,260.26,1.486,90.1,0.047,0,2026-10-08,2026-10-09,False,False,5.0,2026-10-09T22:34:24+05:30
PGEL,514.23,TOUCHED,-0.47,below,511.8,514.23,517.85,521.48,514.23,1.4,90.1,0.072,0,2026-10-08,2026-10-09,False,False,5.0,2026-10-09T22:34:24+05:30
POLYCAB,8227.83,TOUCHED,0.33,inside,8255.0,8227.83,8227.83,8266.25,8189.42,0.934,90.1,0.04,0,2026-10-08,2026-10-09,False,False,5.0,2026-10-09T22:34:24+05:30
LENSKART,665.75,TOUCHED,1.79,above,677.65,665.75,661.82,665.75,657.88,1.189,90.3,0.036,0,2026-10-08,2026-10-09,False,False,5.0,2026-10-09T22:34:24+05:30
IGIL,310.70,TOUCHED,-0.53,inside,309.05,310.7,310.7,312.53,308.87,1.175,90.4,0.044,0,2026-10-08,2026-10-09,False,False,5.0,2026-10-09T22:34:24+05:30
KEC,356.00,TOUCHED,3.89,above,369.85,356.0,353.87,356.0,351.73,1.206,90.4,0.035,0,2026-10-08,2026-10-09,False,False,5.0,2026-10-09T22:34:24+05:30
KEI,4604.33,TOUCHED,-0.42,below,4585.0,4604.33,4628.67,4653.0,4604.33,1.051,90.4,0.033,0,2026-10-08,2026-10-09,False,False,5.0,2026-10-09T22:34:24+05:30
MARUTI,11344.00,TOUCHED,0.67,above,11420.0,11344.0,11305.33,11344.0,11266.67,0.684,90.4,0.019,0,2026-10-08,2026-10-09,False,False,5.0,2026-10-09T22:34:24+05:30
NSLNISP,39.33,TOUCHED,-0.25,below,39.23,39.33,39.55,39.78,39.33,1.146,90.4,0.047,0,2026-10-08,2026-10-09,False,False,5.0,2026-10-09T22:34:24+05:30
SHRIPISTON,4295.37,TOUCHED,-0.25,below,4284.5,4295.37,4320.33,4345.3,4295.37,1.156,90.4,0.044,0,2026-10-08,2026-10-09,False,False,5.0,2026-10-09T22:34:24+05:30
INDIGO,4836.38,TOUCHED,-0.07,below,4833.0,4836.38,4859.67,4882.95,4836.38,0.958,90.7,0.033,0,2026-10-08,2026-10-09,False,False,5.0,2026-10-09T22:34:24+05:30
LALPATHLAB,1924.50,TOUCHED,0.47,above,1933.6,1924.5,1915.97,1924.5,1907.43,0.891,90.7,0.047,0,2026-10-08,2026-10-09,False,False,5.0,2026-10-09T22:34:24+05:30
RAINBOW,1247.25,TOUCHED,0.24,above,1250.2,1247.25,1241.73,1247.25,1236.22,0.889,90.7,0.046,0,2026-10-08,2026-10-09,False,False,5.0,2026-10-09T22:34:24+05:30
WAAREEENER,2330.75,TOUCHED,-0.33,below,2323.0,2330.75,2344.5,2358.25,2330.75,1.173,90.7,0.051,0,2026-10-08,2026-10-09,False,False,5.0,2026-10-09T22:34:24+05:30
IRCON,104.47,TOUCHED,0.09,inside,104.56,104.47,104.47,105.06,103.88,1.126,91.0,0.049,0,2026-10-08,2026-10-09,False,False,5.0,2026-10-09T22:34:24+05:30
JYOTICNC,1016.45,TOUCHED,-1.65,below,999.7,1016.45,1023.0,1029.55,1016.45,1.281,91.0,0.042,0,2026-10-08,2026-10-09,False,False,5.0,2026-10-09T22:34:24+05:30
NLCINDIA,244.27,TOUCHED,-0.29,inside,243.55,244.27,244.27,245.68,242.86,1.153,91.0,0.065,0,2026-10-08,2026-10-09,False,False,5.0,2026-10-09T22:34:24+05:30
ASTRAL,1415.75,TOUCHED,-0.42,below,1409.8,1415.75,1423.0,1430.25,1415.75,1.019,91.2,0.04,0,2026-10-08,2026-10-09,False,False,5.0,2026-10-09T22:34:24+05:30
BAJAJHFL,82.45,TOUCHED,-1.14,below,81.51,82.45,82.75,83.06,82.45,0.741,91.2,0.028,0,2026-10-08,2026-10-09,False,False,5.0,2026-10-09T22:34:24+05:30
PCBL,321.07,TOUCHED,-2.7,below,312.4,321.07,322.88,324.7,321.07,1.125,91.2,0.059,0,2026-10-08,2026-10-09,False,False,5.0,2026-10-09T22:34:24+05:30
SAILIFE,1514.13,TOUCHED,-1.73,below,1487.9,1514.13,1522.67,1531.2,1514.13,1.121,91.2,0.048,0,2026-10-08,2026-10-09,False,False,5.0,2026-10-09T22:34:24+05:30
ATGL,565.63,TOUCHED,-0.39,below,563.45,565.63,569.07,572.5,565.63,1.207,91.5,0.036,0,2026-10-08,2026-10-09,False,False,5.0,2026-10-09T22:34:24+05:30
LTFOODS,409.98,TOUCHED,-0.47,inside,408.05,409.98,409.98,412.25,407.72,1.106,91.5,0.043,0,2026-10-08,2026-10-09,False,False,5.0,2026-10-09T22:34:24+05:30
NEULANDLAB,21151.67,TOUCHED,-1.24,below,20890.0,21151.67,21288.33,21425.0,21151.67,1.284,91.5,0.054,0,2026-10-08,2026-10-09,False,False,5.0,2026-10-09T22:34:24+05:30
PPLPHARMA,197.54,TOUCHED,-0.33,below,196.88,197.54,198.64,199.75,197.54,1.114,91.5,0.049,0,2026-10-08,2026-10-09,False,False,5.0,2026-10-09T22:34:24+05:30
RBLBANK,407.30,TOUCHED,2.63,above,418.0,407.3,405.1,407.3,402.9,1.086,91.5,0.034,0,2026-10-08,2026-10-09,False,False,5.0,2026-10-09T22:34:24+05:30
SAMMAANCAP,128.64,TOUCHED,-1.71,below,126.44,128.64,129.45,130.27,128.64,1.262,91.5,0.058,0,2026-10-08,2026-10-09,False,False,5.0,2026-10-09T22:34:24+05:30
BEL,368.92,TOUCHED,-0.21,below,368.15,368.92,370.53,372.15,368.92,0.873,91.8,0.028,0,2026-10-08,2026-10-09,False,False,5.0,2026-10-09T22:34:24+05:30
EIDPARRY,687.50,TOUCHED,0.2,above,688.9,687.5,684.05,687.5,680.6,1.009,91.8,0.039,0,2026-10-08,2026-10-09,False,False,5.0,2026-10-09T22:34:24+05:30
GRASIM,2886.70,TOUCHED,0.11,above,2890.0,2886.7,2876.73,2886.7,2866.77,0.693,91.8,0.033,0,2026-10-08,2026-10-09,False,False,5.0,2026-10-09T22:34:24+05:30
MAXHEALTH,882.33,TOUCHED,0.17,inside,883.8,882.33,882.33,886.8,877.87,1.012,91.8,0.044,0,2026-10-08,2026-10-09,False,False,5.0,2026-10-09T22:34:24+05:30
TATACHEM,596.12,TOUCHED,-1.07,below,589.75,596.12,599.28,602.45,596.12,1.057,91.8,0.03,0,2026-10-08,2026-10-09,False,False,5.0,2026-10-09T22:34:24+05:30
URBANCO,161.47,TOUCHED,-1.06,below,159.76,161.47,162.68,163.9,161.47,1.496,92.0,0.053,0,2026-10-08,2026-10-09,False,False,5.0,2026-10-09T22:34:24+05:30
ASIANPAINT,2330.07,TOUCHED,0.39,inside,2339.1,2330.07,2330.07,2339.3,2320.83,0.793,92.1,0.027,0,2026-10-08,2026-10-09,False,False,5.0,2026-10-09T22:34:24+05:30
BOSCHLTD,43535.00,TOUCHED,0.02,inside,43545.0,43535.0,43535.0,43725.0,43345.0,0.873,92.1,0.034,0,2026-10-08,2026-10-09,False,False,5.0,2026-10-09T22:34:24+05:30
GMDCLTD,466.90,TOUCHED,-1.02,below,462.15,466.9,470.45,474.0,466.9,1.509,92.1,0.085,0,2026-10-08,2026-10-09,False,False,5.0,2026-10-09T22:34:24+05:30
JSL,709.87,TOUCHED,-0.12,below,709.05,709.87,714.13,718.4,709.87,1.195,92.1,0.052,0,2026-10-08,2026-10-09,False,False,5.0,2026-10-09T22:34:24+05:30
KSB,784.95,TOUCHED,-0.05,inside,784.55,784.95,784.95,789.08,780.83,1.051,92.1,0.044,0,2026-10-08,2026-10-09,False,False,5.0,2026-10-09T22:34:24+05:30
TDPOWERSYS,800.08,TOUCHED,-0.79,below,793.75,800.08,806.67,813.25,800.08,1.632,92.1,0.034,0,2026-10-08,2026-10-09,False,False,5.0,2026-10-09T22:34:24+05:30
CHENNPETRO,1545.02,TOUCHED,-3.71,below,1487.7,1545.02,1559.03,1573.05,1545.02,1.798,92.6,0.042,0,2026-10-08,2026-10-09,False,False,5.0,2026-10-09T22:34:24+05:30
WELSPUNLIV,226.73,TOUCHED,-1.31,below,223.75,226.73,228.39,230.04,226.73,1.452,92.6,0.058,0,2026-10-08,2026-10-09,False,False,5.0,2026-10-09T22:34:24+05:30
AMBER,6601.58,TOUCHED,-2.37,below,6445.0,6601.58,6648.17,6694.75,6601.58,1.401,92.9,0.049,0,2026-10-08,2026-10-09,False,False,5.0,2026-10-09T22:34:24+05:30
BELRISE,236.51,TOUCHED,-0.99,below,234.17,236.51,238.22,239.94,236.51,1.437,92.9,0.056,0,2026-10-08,2026-10-09,False,False,5.0,2026-10-09T22:34:24+05:30
HCLTECH,1194.35,TOUCHED,1.87,above,1216.7,1194.35,1188.53,1194.35,1182.72,0.979,92.9,0.033,0,2026-10-08,2026-10-09,False,False,5.0,2026-10-09T22:34:24+05:30
KAJARIACER,1217.65,TOUCHED,-0.18,below,1215.4,1217.65,1224.7,1231.75,1217.65,1.151,92.9,0.029,0,2026-10-08,2026-10-09,False,False,5.0,2026-10-09T22:34:24+05:30
MMTC,55.04,TOUCHED,-0.3,inside,54.87,55.04,55.04,55.42,54.65,1.393,92.9,0.07,0,2026-10-08,2026-10-09,False,False,5.0,2026-10-09T22:34:24+05:30
SHRIRAMFIN,934.12,TOUCHED,0.68,above,940.45,934.12,928.5,934.12,922.88,1.212,92.9,0.033,0,2026-10-08,2026-10-09,False,False,5.0,2026-10-09T22:34:24+05:30
TITAN,4395.33,TOUCHED,0.33,inside,4410.0,4395.33,4395.33,4413.25,4377.42,0.815,93.2,0.021,0,2026-10-08,2026-10-09,False,False,5.0,2026-10-09T22:34:24+05:30
ULTRACEMCO,10548.00,TOUCHED,1.2,above,10675.0,10548.0,10507.33,10548.0,10466.67,0.774,93.2,0.03,0,2026-10-08,2026-10-09,False,False,5.0,2026-10-09T22:34:24+05:30
ASAHIINDIA,950.95,TOUCHED,-0.53,inside,945.95,950.95,950.95,957.02,944.87,1.278,93.4,0.042,0,2026-10-08,2026-10-09,False,False,5.0,2026-10-09T22:34:24+05:30
COLPAL,1758.85,TOUCHED,3.35,above,1817.8,1758.85,1751.13,1758.85,1743.42,0.881,93.4,0.03,0,2026-10-08,2026-10-09,False,False,5.0,2026-10-09T22:34:24+05:30
DABUR,381.72,TOUCHED,1.3,above,386.7,381.72,380.08,381.72,378.44,0.864,93.4,0.035,0,2026-10-08,2026-10-09,False,False,5.0,2026-10-09T22:34:24+05:30
SCHNEIDER,1201.63,TOUCHED,-2.06,below,1176.9,1201.63,1211.87,1222.1,1201.63,1.689,93.4,0.036,0,2026-10-08,2026-10-09,False,False,5.0,2026-10-09T22:34:24+05:30
ZENTEC,1537.47,TOUCHED,-0.56,inside,1528.8,1537.47,1537.47,1549.1,1525.83,1.513,93.4,0.029,0,2026-10-08,2026-10-09,False,False,5.0,2026-10-09T22:34:24+05:30
AZAD,2933.17,TOUCHED,-0.78,inside,2910.2,2933.17,2933.17,2957.9,2908.43,1.686,93.7,0.045,0,2026-10-08,2026-10-09,False,False,5.0,2026-10-09T22:34:24+05:30
BAJAJ-AUTO,9765.50,TOUCHED,0.13,above,9778.0,9765.5,9722.67,9765.5,9679.83,0.881,93.7,0.032,0,2026-10-08,2026-10-09,False,False,5.0,2026-10-09T22:34:24+05:30
COCHINSHIP,1228.00,TOUCHED,0.16,above,1230.0,1228.0,1218.67,1228.0,1209.33,1.532,93.7,0.046,0,2026-10-08,2026-10-09,False,False,5.0,2026-10-09T22:34:24+05:30
COROMANDEL,1694.90,TOUCHED,0.5,inside,1703.4,1694.9,1694.9,1705.5,1684.3,1.251,93.7,0.04,0,2026-10-08,2026-10-09,False,False,5.0,2026-10-09T22:34:24+05:30
EICHERMOT,6858.75,TOUCHED,2.79,above,7050.0,6858.75,6828.33,6858.75,6797.92,0.891,93.7,0.03,0,2026-10-08,2026-10-09,False,False,5.0,2026-10-09T22:34:24+05:30
GODFRYPHLP,1802.33,TOUCHED,0.6,inside,1813.2,1802.33,1802.33,1818.0,1786.67,1.738,93.7,0.046,0,2026-10-08,2026-10-09,False,False,5.0,2026-10-09T22:34:24+05:30
INDHOTEL,718.07,TOUCHED,-0.34,inside,715.65,718.07,718.07,721.27,714.86,0.894,93.7,0.021,0,2026-10-08,2026-10-09,False,False,5.0,2026-10-09T22:34:24+05:30
NAVA,551.70,TOUCHED,-0.47,inside,549.1,551.7,551.7,555.3,548.1,1.305,93.7,0.046,0,2026-10-08,2026-10-09,False,False,5.0,2026-10-09T22:34:24+05:30
NBCC,74.46,TOUCHED,-0.0,below,74.46,74.46,74.92,75.38,74.46,1.228,93.7,0.051,0,2026-10-08,2026-10-09,False,False,5.0,2026-10-09T22:34:24+05:30
ADANIENT,2628.67,TOUCHED,0.22,inside,2634.4,2628.67,2628.67,2645.0,2612.33,1.243,94.0,0.032,0,2026-10-08,2026-10-09,False,False,5.0,2026-10-09T22:34:24+05:30
ANANDRATHI,2110.10,TOUCHED,-3.38,below,2038.7,2110.1,2119.7,2129.3,2110.1,0.906,94.0,0.029,0,2026-10-08,2026-10-09,False,False,5.0,2026-10-09T22:34:24+05:30
JBMA,529.98,TOUCHED,-0.26,below,528.6,529.98,533.37,536.75,529.98,1.269,94.0,0.032,0,2026-10-08,2026-10-09,False,False,5.0,2026-10-09T22:34:24+05:30
NIACL,161.40,TOUCHED,0.51,above,162.23,161.4,160.32,161.4,159.23,1.358,94.0,0.034,0,2026-10-08,2026-10-09,False,False,5.0,2026-10-09T22:34:24+05:30
PETRONET,291.15,TOUCHED,0.12,inside,291.5,291.15,291.15,292.48,289.83,0.91,94.0,0.025,0,2026-10-08,2026-10-09,False,False,5.0,2026-10-09T22:34:24+05:30
SUNTV,625.15,TOUCHED,1.72,above,635.9,625.15,621.5,625.15,617.85,1.175,94.0,0.03,0,2026-10-08,2026-10-09,False,False,5.0,2026-10-09T22:34:24+05:30
BBOX,882.40,TOUCHED,1.1,above,892.1,882.4,873.78,882.4,865.17,1.972,94.2,0.105,0,2026-10-08,2026-10-09,False,False,5.0,2026-10-09T22:34:24+05:30
DEVYANI,124.11,TOUCHED,-0.42,below,123.59,124.11,125.0,125.88,124.11,1.413,94.2,0.048,0,2026-10-08,2026-10-09,False,False,5.0,2026-10-09T22:34:24+05:30
HBLENGINE,730.78,TOUCHED,-1.61,below,719.05,730.78,736.42,742.05,730.78,1.53,94.2,0.039,0,2026-10-08,2026-10-09,False,False,5.0,2026-10-09T22:34:24+05:30
LODHA,1073.18,TOUCHED,-0.78,below,1064.8,1073.18,1080.77,1088.35,1073.18,1.403,94.2,0.041,0,2026-10-08,2026-10-09,False,False,5.0,2026-10-09T22:34:24+05:30
WIPRO,160.30,TOUCHED,1.42,above,162.57,160.3,159.66,160.3,159.02,0.8,94.2,0.014,0,2026-10-08,2026-10-09,False,False,5.0,2026-10-09T22:34:24+05:30
OFSS,10537.33,TOUCHED,-0.26,inside,10510.0,10537.33,10537.33,10606.0,10468.67,1.303,94.5,0.037,0,2026-10-08,2026-10-09,False,False,5.0,2026-10-09T22:34:24+05:30
PAGEIND,36821.67,TOUCHED,0.14,inside,36875.0,36821.67,36821.67,37007.5,36635.83,1.009,94.5,0.03,0,2026-10-08,2026-10-09,False,False,5.0,2026-10-09T22:34:24+05:30
VEDL,257.73,TOUCHED,2.43,above,264.0,257.73,256.18,257.73,254.64,1.204,94.5,0.032,0,2026-10-08,2026-10-09,False,False,5.0,2026-10-09T22:34:24+05:30
ZEEL,69.47,TOUCHED,0.72,inside,69.97,69.47,69.47,70.01,68.92,1.579,94.5,0.05,0,2026-10-08,2026-10-09,False,False,5.0,2026-10-09T22:34:24+05:30
DIVISLAB,9409.50,TOUCHED,-0.74,below,9340.0,9409.5,9458.0,9506.5,9409.5,1.026,94.8,0.032,0,2026-10-08,2026-10-09,False,False,5.0,2026-10-09T22:34:24+05:30
GMRAIRPORT,89.34,TOUCHED,3.32,above,92.31,89.34,88.82,89.34,88.29,1.178,94.8,0.032,0,2026-10-08,2026-10-09,False,False,5.0,2026-10-09T22:34:24+05:30
IREDA,104.43,TOUCHED,-0.02,below,104.4,104.43,105.05,105.68,104.43,1.19,94.8,0.048,0,2026-10-08,2026-10-09,False,False,5.0,2026-10-09T22:34:24+05:30
KPITTECH,478.32,TOUCHED,0.14,inside,479.0,478.32,478.32,481.98,474.66,1.53,94.8,0.058,0,2026-10-08,2026-10-09,False,False,5.0,2026-10-09T22:34:24+05:30
MOTHERSON,154.05,TOUCHED,-0.68,below,153.0,154.05,155.02,155.99,154.05,1.251,94.8,0.047,0,2026-10-08,2026-10-09,False,False,5.0,2026-10-09T22:34:24+05:30
MUTHOOTFIN,2605.55,TOUCHED,0.73,above,2624.7,2605.55,2590.23,2605.55,2574.92,1.183,94.8,0.043,0,2026-10-08,2026-10-09,False,False,5.0,2026-10-09T22:34:24+05:30
PIDILITIND,1479.05,TOUCHED,0.2,above,1482.0,1479.05,1472.73,1479.05,1466.42,0.858,94.8,0.032,0,2026-10-08,2026-10-09,False,False,5.0,2026-10-09T22:34:24+05:30
SUPREMEIND,3484.80,TOUCHED,-0.29,below,3474.8,3484.8,3507.6,3530.4,3484.8,1.3,94.8,0.049,0,2026-10-08,2026-10-09,False,False,5.0,2026-10-09T22:34:24+05:30
HDBFS,589.14,TOUCHED,-0.08,below,588.65,589.14,591.88,594.62,589.14,0.926,94.9,0.031,0,2026-10-08,2026-10-09,False,False,5.0,2026-10-09T22:34:24+05:30
ACC,1135.08,TOUCHED,-0.18,below,1133.0,1135.08,1140.07,1145.05,1135.08,0.874,95.1,0.036,0,2026-10-08,2026-10-09,False,False,5.0,2026-10-09T22:34:24+05:30
NYKAA,338.20,TOUCHED,1.42,above,343.0,338.2,336.23,338.2,334.27,1.17,95.1,0.038,0,2026-10-08,2026-10-09,False,False,5.0,2026-10-09T22:34:24+05:30
PREMIERENE,897.68,TOUCHED,-0.26,inside,895.35,897.68,897.68,904.2,891.17,1.452,95.1,0.04,0,2026-10-08,2026-10-09,False,False,5.0,2026-10-09T22:34:24+05:30
CROMPTON,205.50,TOUCHED,-0.19,below,205.11,205.5,206.66,207.82,205.5,1.121,95.3,0.035,0,2026-10-08,2026-10-09,False,False,5.0,2026-10-09T22:34:24+05:30
GLENMARK,2232.60,TOUCHED,2.71,above,2293.0,2232.6,2219.13,2232.6,2205.67,1.214,95.3,0.04,0,2026-10-08,2026-10-09,False,False,5.0,2026-10-09T22:34:24+05:30
KPRMILL,1060.98,TOUCHED,-0.68,below,1053.8,1060.98,1068.67,1076.35,1060.98,1.438,95.3,0.058,0,2026-10-08,2026-10-09,False,False,5.0,2026-10-09T22:34:24+05:30
BANDHANBNK,157.65,TOUCHED,-0.41,inside,157.0,157.65,157.65,158.71,156.6,1.34,95.6,0.032,0,2026-10-08,2026-10-09,False,False,5.0,2026-10-09T22:34:24+05:30
BEML,1927.47,TOUCHED,-1.7,below,1894.7,1927.47,1943.73,1960.0,1927.47,1.674,95.6,0.03,0,2026-10-08,2026-10-09,False,False,5.0,2026-10-09T22:34:24+05:30
GLAXO,2551.87,TOUCHED,-0.45,below,2540.3,2551.87,2569.33,2586.8,2551.87,1.36,95.6,0.027,0,2026-10-08,2026-10-09,False,False,5.0,2026-10-09T22:34:24+05:30
AJANTPHARM,3455.78,TOUCHED,-1.32,below,3410.1,3455.78,3475.97,3496.15,3455.78,1.161,95.9,0.041,0,2026-10-08,2026-10-09,False,False,5.0,2026-10-09T22:34:24+05:30
ALKEM,5298.00,TOUCHED,-0.36,inside,5279.0,5298.0,5298.0,5322.25,5273.75,0.915,95.9,0.028,0,2026-10-08,2026-10-09,False,False,5.0,2026-10-09T22:34:24+05:30
CARBORUNIV,1217.77,TOUCHED,-1.25,below,1202.6,1217.77,1226.13,1234.5,1217.77,1.365,95.9,0.034,0,2026-10-08,2026-10-09,False,False,5.0,2026-10-09T22:34:24+05:30
CLEAN,801.52,TOUCHED,-0.89,below,794.4,801.52,806.25,810.98,801.52,1.172,95.9,0.035,0,2026-10-08,2026-10-09,False,False,5.0,2026-10-09T22:34:24+05:30
DALBHARAT,1602.52,TOUCHED,-0.24,below,1598.6,1602.52,1612.13,1621.75,1602.52,1.193,95.9,0.03,0,2026-10-08,2026-10-09,False,False,5.0,2026-10-09T22:34:24+05:30
GRANULES,820.08,TOUCHED,-0.59,below,815.25,820.08,825.12,830.15,820.08,1.22,95.9,0.04,0,2026-10-08,2026-10-09,False,False,5.0,2026-10-09T22:34:24+05:30
SJVN,54.95,TOUCHED,0.58,inside,55.27,54.95,54.95,55.3,54.6,1.292,95.9,0.036,0,2026-10-08,2026-10-09,False,False,5.0,2026-10-09T22:34:24+05:30
ACE,1189.02,TOUCHED,-1.02,below,1176.9,1189.02,1198.23,1207.45,1189.02,1.538,96.2,0.053,0,2026-10-08,2026-10-09,False,False,5.0,2026-10-09T22:34:24+05:30
SWIGGY,236.83,TOUCHED,-1.11,below,234.2,236.83,238.72,240.6,236.83,1.578,96.2,0.059,0,2026-10-08,2026-10-09,False,False,5.0,2026-10-09T22:34:24+05:30
AEGISLOG,1395.97,TOUCHED,-0.51,below,1388.9,1395.97,1409.63,1423.3,1395.97,1.939,96.4,0.043,0,2026-10-08,2026-10-09,False,False,5.0,2026-10-09T22:34:24+05:30
GPIL,207.09,TOUCHED,-0.3,below,206.47,207.09,208.55,210.01,207.09,1.4,96.4,0.044,0,2026-10-08,2026-10-09,False,False,5.0,2026-10-09T22:34:24+05:30
SIEMENS,3664.25,TOUCHED,-1.89,below,3595.0,3664.25,3689.5,3714.75,3664.25,1.369,96.4,0.028,0,2026-10-08,2026-10-09,False,False,5.0,2026-10-09T22:34:24+05:30
TIMKEN,3035.38,TOUCHED,-2.39,below,2962.8,3035.38,3055.17,3074.95,3035.38,1.295,96.4,0.051,0,2026-10-08,2026-10-09,False,False,5.0,2026-10-09T22:34:24+05:30
WOCKPHARMA,2049.53,TOUCHED,-2.59,below,1996.4,2049.53,2069.47,2089.4,2049.53,1.926,96.4,0.065,0,2026-10-08,2026-10-09,False,False,5.0,2026-10-09T22:34:24+05:30
AARTIIND,481.80,TOUCHED,-4.49,below,460.15,481.8,485.55,489.3,481.8,1.545,96.7,0.042,0,2026-10-08,2026-10-09,False,False,5.0,2026-10-09T22:34:24+05:30
CHAMBLFERT,381.29,TOUCHED,-1.83,below,374.3,381.29,383.93,386.57,381.29,1.376,96.7,0.049,0,2026-10-08,2026-10-09,False,False,5.0,2026-10-09T22:34:24+05:30
HINDZINC,542.38,TOUCHED,0.21,above,543.5,542.38,538.83,542.38,535.29,1.315,96.7,0.053,0,2026-10-08,2026-10-09,False,False,5.0,2026-10-09T22:34:24+05:30
OBEROIRLTY,1696.65,TOUCHED,0.13,above,1698.8,1696.65,1685.53,1696.65,1674.42,1.319,96.7,0.045,0,2026-10-08,2026-10-09,False,False,5.0,2026-10-09T22:34:24+05:30
OLECTRA,1049.88,TOUCHED,-0.48,below,1044.8,1049.88,1058.27,1066.65,1049.88,1.584,96.7,0.049,0,2026-10-08,2026-10-09,False,False,5.0,2026-10-09T22:34:24+05:30
POLICYBZR,1012.93,TOUCHED,-0.09,inside,1012.0,1012.93,1012.93,1021.4,1004.47,1.672,96.7,0.041,0,2026-10-08,2026-10-09,False,False,5.0,2026-10-09T22:34:24+05:30
RVNL,189.90,TOUCHED,0.39,inside,190.65,189.9,189.9,191.25,188.55,1.422,96.7,0.044,0,2026-10-08,2026-10-09,False,False,5.0,2026-10-09T22:34:24+05:30
TATAPOWER,340.88,TOUCHED,0.37,above,342.15,340.88,339.13,340.88,337.39,1.027,96.7,0.032,0,2026-10-08,2026-10-09,False,False,5.0,2026-10-09T22:34:24+05:30
TECHNOE,959.23,TOUCHED,-0.45,inside,954.9,959.23,959.23,967.5,950.97,1.724,96.7,0.05,0,2026-10-08,2026-10-09,False,False,5.0,2026-10-09T22:34:24+05:30
