symbol,status,type,distance_pct,trend,ltp,virgin_level,pivot,tc,bc,width_pct,width_percentile,narrow_threshold_pct,days_virgin,source_date,session_date,is_virgin,is_narrow,narrow_percentile_used,scanned_at
SIEMENS,3717.5,V+N,-1.31,below,3668.7,3717.5,3717.67,3717.83,3717.5,0.009,2.7,0.024,1,2026-07-27,2026-07-29,True,True,5.0,2026-07-29T13:09:37+05:30
PFIZER,4710.4,V+N,1.01,above,4758.0,4710.4,4710.1,4710.4,4709.8,0.013,3.3,0.021,1,2026-07-28,2026-07-29,True,True,5.0,2026-07-29T13:09:37+05:30
LTM,4310.75,V+N,2.41,above,4414.5,4310.75,4310.23,4310.75,4309.72,0.024,3.8,0.032,1,2026-07-28,2026-07-29,True,True,5.0,2026-07-29T13:09:37+05:30
M&MFIN,362.93,V+N,6.09,above,385.05,362.93,362.87,362.93,362.8,0.037,4.7,0.039,1,2026-07-27,2026-07-29,True,True,5.0,2026-07-29T13:09:37+05:30
SPLPETRO,760.48,V+N,-2.94,below,738.1,760.48,760.62,760.76,760.48,0.037,4.7,0.039,1,2026-07-27,2026-07-29,True,True,5.0,2026-07-29T13:09:37+05:30
NUVAMA,1824.1,V+W,-1.04,below,1805.2,1824.1,1839.4,1854.7,1824.1,1.664,97.0,0.025,1,2026-07-28,2026-07-29,True,False,5.0,2026-07-29T13:09:37+05:30
KALYANKJIL,601.57,V+W,4.48,above,628.5,601.57,594.78,601.57,588.0,2.281,97.3,0.039,1,2026-07-28,2026-07-29,True,False,5.0,2026-07-29T13:09:37+05:30
TVSMOTOR,3971.23,V+W,2.15,above,4056.7,3971.23,3948.97,3971.23,3926.7,1.128,97.5,0.019,1,2026-07-28,2026-07-29,True,False,5.0,2026-07-29T13:09:37+05:30
BEL,391.69,V+W,-1.35,below,386.4,391.69,394.38,397.07,391.69,1.365,97.8,0.026,1,2026-07-28,2026-07-29,True,False,5.0,2026-07-29T13:09:37+05:30
COFORGE,1667.35,V+W,3.24,above,1721.3,1667.35,1648.7,1667.35,1630.05,2.262,98.9,0.028,1,2026-07-28,2026-07-29,True,False,5.0,2026-07-29T13:09:37+05:30
CGCL,232.91,V+W,-3.27,below,225.3,232.91,237.59,242.28,232.91,3.945,99.2,0.049,1,2026-07-28,2026-07-29,True,False,5.0,2026-07-29T13:09:37+05:30
KFINTECH,935.72,V+W,1.62,above,950.85,935.72,922.18,935.72,908.65,2.935,99.2,0.019,1,2026-07-27,2026-07-29,True,False,5.0,2026-07-29T13:09:37+05:30
GRAVITA,1663.02,V+W,-2.32,below,1624.4,1663.02,1687.53,1712.05,1663.02,2.906,99.5,0.033,1,2026-07-28,2026-07-29,True,False,5.0,2026-07-29T13:09:37+05:30
DALBHARAT,1803.48,V+W,1.14,above,1824.1,1803.48,1780.47,1803.48,1757.45,2.585,99.7,0.028,1,2026-07-27,2026-07-29,True,False,5.0,2026-07-29T13:09:37+05:30
SUZLON,48.85,V+W,-3.02,below,47.38,48.85,49.69,50.52,48.85,3.354,99.7,0.033,1,2026-07-28,2026-07-29,True,False,5.0,2026-07-29T13:09:37+05:30
AUROPHARMA,1550.4,V,2.88,above,1595.0,1550.4,1550.07,1550.4,1549.73,0.043,5.8,0.038,1,2026-07-27,2026-07-29,True,False,5.0,2026-07-29T13:09:37+05:30
TENNIND,540.3,V,-1.21,below,533.75,540.3,540.35,540.4,540.3,0.019,5.8,0.014,1,2026-07-27,2026-07-29,True,False,5.0,2026-07-29T13:09:37+05:30
PERSISTENT,5427.4,V,1.61,above,5515.0,5427.4,5426.4,5427.4,5425.4,0.037,7.4,0.018,1,2026-07-28,2026-07-29,True,False,5.0,2026-07-29T13:09:37+05:30
RECLTD,368.68,V,2.07,above,376.3,368.68,368.6,368.68,368.53,0.041,7.9,0.016,1,2026-07-28,2026-07-29,True,False,5.0,2026-07-29T13:09:37+05:30
ABSLAMC,1000.25,V,1.68,above,1017.1,1000.25,999.9,1000.25,999.55,0.07,8.8,0.033,1,2026-07-28,2026-07-29,True,False,5.0,2026-07-29T13:09:37+05:30
JIOFIN,236.33,V,3.88,above,245.5,236.33,236.28,236.33,236.22,0.045,9.3,0.02,1,2026-07-27,2026-07-29,True,False,5.0,2026-07-29T13:09:37+05:30
TORNTPHARM,5015.9,V,-2.52,below,4889.6,5015.9,5017.1,5018.3,5015.9,0.048,9.3,0.025,1,2026-07-27,2026-07-29,True,False,5.0,2026-07-29T13:09:37+05:30
BIOCON,435.8,V,-0.88,below,431.95,435.8,435.95,436.1,435.8,0.069,9.9,0.034,1,2026-07-27,2026-07-29,True,False,5.0,2026-07-29T13:09:37+05:30
POWERGRID,285.38,V,-1.36,below,281.5,285.38,285.47,285.55,285.38,0.058,10.1,0.018,1,2026-07-28,2026-07-29,True,False,5.0,2026-07-29T13:09:37+05:30
ELGIEQUIP,579.13,V,-0.33,below,577.2,579.13,579.42,579.7,579.13,0.098,12.1,0.045,1,2026-07-27,2026-07-29,True,False,5.0,2026-07-29T13:09:37+05:30
BAJAJ-AUTO,11179.83,V,2.26,above,11433.0,11179.83,11176.17,11179.83,11172.5,0.066,12.6,0.028,1,2026-07-27,2026-07-29,True,False,5.0,2026-07-29T13:09:37+05:30
SUNTV,489.38,V,4.69,above,512.35,489.38,489.15,489.38,488.93,0.092,12.9,0.024,1,2026-07-27,2026-07-29,True,False,5.0,2026-07-29T13:09:37+05:30
CHOLAFIN,1755.95,V,2.67,above,1802.8,1755.95,1754.97,1755.95,1753.98,0.112,13.2,0.034,1,2026-07-28,2026-07-29,True,False,5.0,2026-07-29T13:09:37+05:30
ECLERX,1815.5,V,7.24,above,1947.0,1815.5,1814.23,1815.5,1812.97,0.14,13.2,0.039,1,2026-07-27,2026-07-29,True,False,5.0,2026-07-29T13:09:37+05:30
CCL,1189.6,V,1.0,above,1201.5,1189.6,1189.13,1189.6,1188.67,0.078,14.2,0.015,1,2026-07-28,2026-07-29,True,False,5.0,2026-07-29T13:09:37+05:30
NEWGEN,526.52,V,4.84,above,552.0,526.52,526.17,526.52,525.81,0.136,14.2,0.034,1,2026-07-28,2026-07-29,True,False,5.0,2026-07-29T13:09:37+05:30
ZFCVINDIA,2303.6,V,2.93,above,2371.2,2303.6,2302.1,2303.6,2300.6,0.13,15.3,0.037,1,2026-07-27,2026-07-29,True,False,5.0,2026-07-29T13:09:37+05:30
ANANDRATHI,2049.1,V,-1.2,below,2024.6,2049.1,2050.1,2051.1,2049.1,0.098,16.4,0.022,1,2026-07-27,2026-07-29,True,False,5.0,2026-07-29T13:09:37+05:30
BHARTIARTL,1904.7,V,2.34,above,1949.3,1904.7,1904.1,1904.7,1903.5,0.063,16.4,0.013,1,2026-07-27,2026-07-29,True,False,5.0,2026-07-29T13:09:37+05:30
PHOENIXLTD,2032.45,V,-6.39,below,1902.5,2032.45,2033.83,2035.22,2032.45,0.136,16.4,0.047,1,2026-07-27,2026-07-29,True,False,5.0,2026-07-29T13:09:37+05:30
HDFCBANK,736.12,V,1.86,above,749.8,736.12,735.88,736.12,735.64,0.066,17.3,0.019,1,2026-07-28,2026-07-29,True,False,5.0,2026-07-29T13:09:37+05:30
SIGNATURE,790.24,V,3.69,above,819.4,790.24,789.68,790.24,789.12,0.141,17.8,0.032,1,2026-07-27,2026-07-29,True,False,5.0,2026-07-29T13:09:37+05:30
CUMMINSIND,5619.5,V,-3.7,below,5411.5,5619.5,5622.83,5626.17,5619.5,0.119,18.1,0.018,1,2026-07-27,2026-07-29,True,False,5.0,2026-07-29T13:09:37+05:30
RAILTEL,287.32,V,2.11,above,293.4,287.32,287.07,287.32,286.81,0.18,19.5,0.049,1,2026-07-28,2026-07-29,True,False,5.0,2026-07-29T13:09:37+05:30
TIMKEN,3129.38,V,-1.16,below,3093.1,3129.38,3131.87,3134.35,3129.38,0.159,20.3,0.05,1,2026-07-27,2026-07-29,True,False,5.0,2026-07-29T13:09:37+05:30
MRF,131930.83,V,1.61,above,134050.0,131930.83,131841.67,131930.83,131752.5,0.135,20.8,0.037,1,2026-07-27,2026-07-29,True,False,5.0,2026-07-29T13:09:37+05:30
INFY,1107.75,V,3.97,above,1151.7,1107.75,1107.07,1107.75,1106.38,0.123,21.4,0.029,1,2026-07-28,2026-07-29,True,False,5.0,2026-07-29T13:09:37+05:30
LUPIN,2400.05,V,2.33,above,2456.0,2400.05,2398.63,2400.05,2397.22,0.118,21.4,0.028,1,2026-07-28,2026-07-29,True,False,5.0,2026-07-29T13:09:37+05:30
JKTYRE,399.15,V,0.58,above,401.45,399.15,398.7,399.15,398.25,0.226,21.9,0.045,1,2026-07-27,2026-07-29,True,False,5.0,2026-07-29T13:09:37+05:30
ULTRACEMCO,11949.17,V,0.43,above,12001.0,11949.17,11942.33,11949.17,11935.5,0.114,22.5,0.023,1,2026-07-28,2026-07-29,True,False,5.0,2026-07-29T13:09:37+05:30
PGEL,581.9,V,3.48,above,602.15,581.9,581.17,581.9,580.43,0.252,23.3,0.054,1,2026-07-27,2026-07-29,True,False,5.0,2026-07-29T13:09:37+05:30
POLICYBZR,1551.35,V,3.54,above,1606.3,1551.35,1549.5,1551.35,1547.65,0.239,23.3,0.039,1,2026-07-27,2026-07-29,True,False,5.0,2026-07-29T13:09:37+05:30
COROMANDEL,2001.53,V,1.95,above,2040.6,2001.53,1999.27,2001.53,1997.0,0.227,23.6,0.04,1,2026-07-27,2026-07-29,True,False,5.0,2026-07-29T13:09:37+05:30
TMPV,325.07,V,1.5,above,329.95,325.07,324.85,325.07,324.62,0.139,24.7,0.02,1,2026-07-28,2026-07-29,True,False,5.0,2026-07-29T13:09:37+05:30
CHAMBLFERT,439.85,V,2.59,above,451.25,439.85,439.37,439.85,438.88,0.22,26.8,0.035,1,2026-07-28,2026-07-29,True,False,5.0,2026-07-29T13:09:37+05:30
ONESOURCE,1686.53,V,2.96,above,1736.4,1686.53,1684.17,1686.53,1681.8,0.281,27.1,0.052,1,2026-07-27,2026-07-29,True,False,5.0,2026-07-29T13:09:37+05:30
TATACONSUM,1108.27,V,-1.15,below,1095.5,1108.27,1109.13,1110.0,1108.27,0.156,27.1,0.029,1,2026-07-27,2026-07-29,True,False,5.0,2026-07-29T13:09:37+05:30
BALRAMCHIN,612.27,V,-0.92,below,606.65,612.27,612.88,613.5,612.27,0.201,27.7,0.029,1,2026-07-27,2026-07-29,True,False,5.0,2026-07-29T13:09:37+05:30
JUBLFOOD,431.73,V,1.93,above,440.05,431.73,431.25,431.73,430.78,0.22,27.7,0.018,1,2026-07-28,2026-07-29,True,False,5.0,2026-07-29T13:09:37+05:30
GILLETTE,7948.5,V,-0.62,below,7899.5,7948.5,7956.5,7964.5,7948.5,0.201,28.5,0.036,1,2026-07-27,2026-07-29,True,False,5.0,2026-07-29T13:09:37+05:30
APOLLOTYRE,421.38,V,0.98,above,425.5,421.38,420.9,421.38,420.43,0.226,28.8,0.038,1,2026-07-27,2026-07-29,True,False,5.0,2026-07-29T13:09:37+05:30
KAYNES,3198.95,V,14.67,above,3668.3,3198.95,3193.07,3198.95,3187.18,0.369,29.6,0.046,1,2026-07-27,2026-07-29,True,False,5.0,2026-07-29T13:09:37+05:30
SONATSOFTW,294.88,V,8.3,above,319.35,294.88,294.37,294.88,293.86,0.345,30.1,0.033,1,2026-07-27,2026-07-29,True,False,5.0,2026-07-29T13:09:37+05:30
APLAPOLLO,1844.8,V,1.08,above,1864.8,1844.8,1842.9,1844.8,1841.0,0.206,31.2,0.017,1,2026-07-28,2026-07-29,True,False,5.0,2026-07-29T13:09:37+05:30
CANBK,127.42,V,-1.91,below,124.99,127.42,127.58,127.74,127.42,0.251,32.9,0.023,1,2026-07-27,2026-07-29,True,False,5.0,2026-07-29T13:09:37+05:30
EICHERMOT,7762.17,V,0.4,above,7793.0,7762.17,7754.83,7762.17,7747.5,0.189,33.4,0.025,1,2026-07-27,2026-07-29,True,False,5.0,2026-07-29T13:09:37+05:30
RVNL,222.33,V,2.5,above,227.89,222.33,222.0,222.33,221.67,0.296,33.7,0.034,1,2026-07-28,2026-07-29,True,False,5.0,2026-07-29T13:09:37+05:30
USHAMART,501.37,V,2.27,above,512.75,501.37,500.63,501.37,499.9,0.293,34.2,0.04,1,2026-07-27,2026-07-29,True,False,5.0,2026-07-29T13:09:37+05:30
CEATLTD,3395.73,V,0.77,above,3422.0,3395.73,3390.07,3395.73,3384.4,0.334,34.5,0.037,1,2026-07-28,2026-07-29,True,False,5.0,2026-07-29T13:09:37+05:30
RELIANCE,1281.12,V,-0.34,below,1276.8,1281.12,1282.23,1283.35,1281.12,0.174,34.8,0.028,1,2026-07-27,2026-07-29,True,False,5.0,2026-07-29T13:09:37+05:30
MPHASIS,2342.45,V,2.05,above,2390.5,2342.45,2339.2,2342.45,2335.95,0.278,35.3,0.024,1,2026-07-27,2026-07-29,True,False,5.0,2026-07-29T13:09:37+05:30
HEROMOTOCO,5147.77,V,0.55,above,5176.1,5147.77,5141.23,5147.77,5134.7,0.254,36.4,0.017,1,2026-07-28,2026-07-29,True,False,5.0,2026-07-29T13:09:37+05:30
DOMS,2260.62,V,1.42,above,2292.8,2260.62,2257.73,2260.62,2254.85,0.255,38.1,0.027,1,2026-07-27,2026-07-29,True,False,5.0,2026-07-29T13:09:37+05:30
VOLTAS,1321.3,V,-0.44,below,1315.5,1321.3,1323.3,1325.3,1321.3,0.302,38.1,0.038,1,2026-07-27,2026-07-29,True,False,5.0,2026-07-29T13:09:37+05:30
LTTS,3492.58,V,3.4,above,3611.5,3492.58,3487.07,3492.58,3481.55,0.316,38.6,0.042,1,2026-07-27,2026-07-29,True,False,5.0,2026-07-29T13:09:37+05:30
SARDAEN,511.31,V,1.59,above,519.45,511.31,510.32,511.31,509.33,0.389,38.6,0.028,1,2026-07-27,2026-07-29,True,False,5.0,2026-07-29T13:09:37+05:30
TATAELXSI,3595.25,V,1.73,above,3657.5,3595.25,3590.77,3595.25,3586.28,0.25,38.6,0.033,1,2026-07-28,2026-07-29,True,False,5.0,2026-07-29T13:09:37+05:30
TATATECH,737.57,V,0.53,above,741.5,737.57,736.53,737.57,735.5,0.281,39.2,0.033,1,2026-07-28,2026-07-29,True,False,5.0,2026-07-29T13:09:37+05:30
NAVA,565.86,V,-1.18,below,559.2,565.86,567.07,568.27,565.86,0.426,41.1,0.037,1,2026-07-27,2026-07-29,True,False,5.0,2026-07-29T13:09:37+05:30
ITI,276.63,V,-0.23,below,276.0,276.63,277.17,277.7,276.63,0.385,41.4,0.035,1,2026-07-27,2026-07-29,True,False,5.0,2026-07-29T13:09:37+05:30
DMART,4032.98,V,-4.45,below,3853.7,4032.98,4038.27,4043.55,4032.98,0.262,41.6,0.028,1,2026-07-27,2026-07-29,True,False,5.0,2026-07-29T13:09:37+05:30
IOB,34.17,V,-1.15,below,33.78,34.17,34.22,34.27,34.17,0.302,42.2,0.034,1,2026-07-27,2026-07-29,True,False,5.0,2026-07-29T13:09:37+05:30
GRANULES,841.31,V,0.94,above,849.2,841.31,839.82,841.31,838.33,0.355,42.7,0.037,1,2026-07-27,2026-07-29,True,False,5.0,2026-07-29T13:09:37+05:30
GODREJIND,1335.35,V,-2.45,below,1302.6,1335.35,1337.8,1340.25,1335.35,0.366,43.3,0.047,1,2026-07-27,2026-07-29,True,False,5.0,2026-07-29T13:09:37+05:30
HEXT,561.58,V,9.9,above,617.2,561.58,560.22,561.58,558.85,0.488,43.8,0.047,1,2026-07-27,2026-07-29,True,False,5.0,2026-07-29T13:09:37+05:30
ESCORTS,2948.63,V,2.6,above,3025.3,2948.63,2943.17,2948.63,2937.7,0.371,44.4,0.042,1,2026-07-27,2026-07-29,True,False,5.0,2026-07-29T13:09:37+05:30
CDSL,1342.4,V,0.86,above,1354.0,1342.4,1339.7,1342.4,1337.0,0.403,45.2,0.036,1,2026-07-28,2026-07-29,True,False,5.0,2026-07-29T13:09:37+05:30
PETRONET,274.23,V,0.72,above,276.2,274.23,273.78,274.23,273.34,0.323,45.5,0.025,1,2026-07-27,2026-07-29,True,False,5.0,2026-07-29T13:09:37+05:30
NAUKRI,1191.94,V,4.12,above,1241.05,1191.94,1189.58,1191.94,1187.22,0.397,46.3,0.023,1,2026-07-27,2026-07-29,True,False,5.0,2026-07-29T13:09:37+05:30
THERMAX,4463.83,V,-2.72,below,4342.5,4463.83,4473.17,4482.5,4463.83,0.417,47.4,0.019,1,2026-07-27,2026-07-29,True,False,5.0,2026-07-29T13:09:37+05:30
GVT&D,4213.77,V,-2.44,below,4111.1,4213.77,4225.23,4236.7,4213.77,0.543,48.5,0.025,1,2026-07-27,2026-07-29,True,False,5.0,2026-07-29T13:09:37+05:30
SUMICHEM,534.93,V,-6.29,below,501.3,534.93,536.23,537.54,534.93,0.488,48.8,0.041,1,2026-07-27,2026-07-29,True,False,5.0,2026-07-29T13:09:37+05:30
TATACAP,354.37,V,2.75,above,364.1,354.37,353.78,354.37,353.2,0.33,49.0,0.016,1,2026-07-28,2026-07-29,True,False,5.0,2026-07-29T13:09:37+05:30
HCLTECH,1293.98,V,3.73,above,1342.2,1293.98,1292.07,1293.98,1290.15,0.297,49.6,0.022,1,2026-07-27,2026-07-29,True,False,5.0,2026-07-29T13:09:37+05:30
CONCOR,521.54,V,0.76,above,525.5,521.54,520.68,521.54,519.83,0.33,49.9,0.034,1,2026-07-28,2026-07-29,True,False,5.0,2026-07-29T13:09:37+05:30
AIIL,550.02,V,0.45,above,552.5,550.02,548.33,550.02,546.65,0.614,50.4,0.063,1,2026-07-27,2026-07-29,True,False,5.0,2026-07-29T13:09:37+05:30
SYRMA,1302.38,V,2.97,above,1341.0,1302.38,1298.77,1302.38,1295.15,0.557,50.4,0.045,1,2026-07-28,2026-07-29,True,False,5.0,2026-07-29T13:09:37+05:30
MANAPPURAM,360.5,V,1.61,above,366.3,360.5,359.75,360.5,359.0,0.417,52.1,0.027,1,2026-07-28,2026-07-29,True,False,5.0,2026-07-29T13:09:37+05:30
JSL,722.14,V,1.18,above,730.65,722.14,720.28,722.14,718.42,0.516,54.0,0.041,1,2026-07-27,2026-07-29,True,False,5.0,2026-07-29T13:09:37+05:30
MANKIND,2546.4,V,2.34,above,2605.9,2546.4,2541.2,2546.4,2536.0,0.409,54.5,0.038,1,2026-07-27,2026-07-29,True,False,5.0,2026-07-29T13:09:37+05:30
LT,3826.33,V,2.92,above,3938.0,3826.33,3820.67,3826.33,3815.0,0.297,55.3,0.024,1,2026-07-28,2026-07-29,True,False,5.0,2026-07-29T13:09:37+05:30
APOLLOHOSP,8829.75,V,1.43,above,8956.0,8829.75,8816.0,8829.75,8802.25,0.312,56.2,0.017,1,2026-07-27,2026-07-29,True,False,5.0,2026-07-29T13:09:37+05:30
BAJAJHLDNG,10783.33,V,0.85,above,10875.0,10783.33,10756.67,10783.33,10730.0,0.496,56.7,0.025,1,2026-07-27,2026-07-29,True,False,5.0,2026-07-29T13:09:37+05:30
WOCKPHARMA,1883.68,V,2.16,above,1924.4,1883.68,1877.27,1883.68,1870.85,0.684,58.1,0.059,1,2026-07-28,2026-07-29,True,False,5.0,2026-07-29T13:09:37+05:30
WIPRO,180.79,V,1.74,above,183.93,180.79,180.46,180.79,180.12,0.368,60.3,0.013,1,2026-07-28,2026-07-29,True,False,5.0,2026-07-29T13:09:37+05:30
ASAHIINDIA,880.73,V,-1.48,below,867.65,880.73,883.3,885.88,880.73,0.583,60.8,0.045,1,2026-07-27,2026-07-29,True,False,5.0,2026-07-29T13:09:37+05:30
LENSKART,566.35,V,-1.96,below,555.25,566.35,568.23,570.12,566.35,0.663,60.9,0.031,1,2026-07-27,2026-07-29,True,False,5.0,2026-07-29T13:09:37+05:30
DCMSHRIRAM,1030.02,V,3.72,above,1068.3,1030.02,1027.13,1030.02,1024.25,0.561,61.4,0.023,1,2026-07-27,2026-07-29,True,False,5.0,2026-07-29T13:09:37+05:30
CGPOWER,846.42,V,-2.05,below,829.1,846.42,848.75,851.08,846.42,0.548,62.2,0.039,1,2026-07-28,2026-07-29,True,False,5.0,2026-07-29T13:09:37+05:30
ANURAS,1226.08,V,-1.39,below,1209.1,1226.08,1228.87,1231.65,1226.08,0.453,63.8,0.024,1,2026-07-27,2026-07-29,True,False,5.0,2026-07-29T13:09:37+05:30
GLAXO,2543.78,V,3.0,above,2620.0,2543.78,2536.37,2543.78,2528.95,0.585,64.4,0.026,1,2026-07-27,2026-07-29,True,False,5.0,2026-07-29T13:09:37+05:30
FSL,265.76,V,10.36,above,293.3,265.76,264.86,265.76,263.96,0.678,64.7,0.033,1,2026-07-28,2026-07-29,True,False,5.0,2026-07-29T13:09:37+05:30
GODFRYPHLP,2184.7,V,-5.04,below,2074.7,2184.7,2193.3,2201.9,2184.7,0.784,64.9,0.041,1,2026-07-27,2026-07-29,True,False,5.0,2026-07-29T13:09:37+05:30
WELSPUNLIV,164.12,V,-1.11,below,162.3,164.12,164.71,165.3,164.12,0.716,65.5,0.042,1,2026-07-27,2026-07-29,True,False,5.0,2026-07-29T13:09:37+05:30
JSWINFRA,319.08,V,-1.9,below,313.0,319.08,319.95,320.82,319.08,0.547,65.8,0.029,1,2026-07-28,2026-07-29,True,False,5.0,2026-07-29T13:09:37+05:30
PARADEEP,136.5,V,14.87,above,156.8,136.5,135.88,136.5,135.26,0.913,66.0,0.04,1,2026-07-27,2026-07-29,True,False,5.0,2026-07-29T13:09:37+05:30
IIFL,571.13,V,3.5,above,591.15,571.13,569.07,571.13,567.0,0.726,66.6,0.031,1,2026-07-27,2026-07-29,True,False,5.0,2026-07-29T13:09:37+05:30
DLF,661.13,V,1.2,above,669.1,661.13,659.22,661.13,657.3,0.581,67.1,0.037,1,2026-07-28,2026-07-29,True,False,5.0,2026-07-29T13:09:37+05:30
KPITTECH,600.53,V,2.08,above,613.0,600.53,598.62,600.53,596.7,0.64,67.1,0.044,1,2026-07-28,2026-07-29,True,False,5.0,2026-07-29T13:09:37+05:30
ALKEM,5648.25,V,0.71,above,5688.5,5648.25,5636.5,5648.25,5624.75,0.417,67.4,0.026,1,2026-07-27,2026-07-29,True,False,5.0,2026-07-29T13:09:37+05:30
BRITANNIA,5467.33,V,1.35,above,5541.0,5467.33,5456.17,5467.33,5445.0,0.409,68.8,0.021,1,2026-07-28,2026-07-29,True,False,5.0,2026-07-29T13:09:37+05:30
GLAND,2419.1,V,3.63,above,2507.0,2419.1,2411.1,2419.1,2403.1,0.664,69.0,0.04,1,2026-07-27,2026-07-29,True,False,5.0,2026-07-29T13:09:37+05:30
ASIANPAINT,2704.83,V,1.6,above,2748.0,2704.83,2699.47,2704.83,2694.1,0.398,69.9,0.021,1,2026-07-27,2026-07-29,True,False,5.0,2026-07-29T13:09:37+05:30
CYIENT,833.45,V,3.68,above,864.15,833.45,830.7,833.45,827.95,0.662,70.1,0.024,1,2026-07-27,2026-07-29,True,False,5.0,2026-07-29T13:09:37+05:30
PRESTIGE,1676.03,V,0.53,above,1685.0,1676.03,1669.77,1676.03,1663.5,0.751,71.8,0.055,1,2026-07-28,2026-07-29,True,False,5.0,2026-07-29T13:09:37+05:30
AFFLE,1487.65,V,10.38,above,1642.0,1487.65,1482.5,1487.65,1477.35,0.695,72.6,0.032,1,2026-07-27,2026-07-29,True,False,5.0,2026-07-29T13:09:37+05:30
GPIL,236.74,V,6.59,above,252.35,236.74,235.73,236.74,234.72,0.855,73.7,0.022,1,2026-07-27,2026-07-29,True,False,5.0,2026-07-29T13:09:37+05:30
PFC,418.68,V,2.3,above,428.3,418.68,417.27,418.68,415.85,0.679,74.0,0.04,1,2026-07-27,2026-07-29,True,False,5.0,2026-07-29T13:09:37+05:30
PPLPHARMA,192.68,V,1.25,above,195.08,192.68,191.93,192.68,191.18,0.782,74.0,0.044,1,2026-07-28,2026-07-29,True,False,5.0,2026-07-29T13:09:37+05:30
VBL,459.7,V,-2.77,below,446.95,459.7,461.3,462.9,459.7,0.694,75.1,0.03,1,2026-07-27,2026-07-29,True,False,5.0,2026-07-29T13:09:37+05:30
SBILIFE,1862.35,V,1.51,above,1890.5,1862.35,1857.9,1862.35,1853.45,0.479,75.9,0.017,1,2026-07-27,2026-07-29,True,False,5.0,2026-07-29T13:09:37+05:30
LATENTVIEW,312.58,V,1.52,above,317.35,312.58,311.32,312.58,310.05,0.814,76.7,0.032,1,2026-07-27,2026-07-29,True,False,5.0,2026-07-29T13:09:37+05:30
PIRAMALFIN,2053.57,V,-1.42,below,2024.5,2053.57,2062.33,2071.1,2053.57,0.85,77.2,0.055,1,2026-07-27,2026-07-29,True,False,5.0,2026-07-29T13:09:37+05:30
AEGISVOPAK,298.89,V,-0.84,below,296.37,298.89,300.42,301.95,298.89,1.022,77.5,0.038,1,2026-07-27,2026-07-29,True,False,5.0,2026-07-29T13:09:37+05:30
RBLBANK,361.4,V,1.94,above,368.4,361.4,359.95,361.4,358.5,0.806,77.5,0.032,1,2026-07-27,2026-07-29,True,False,5.0,2026-07-29T13:09:37+05:30
SWIGGY,267.21,V,7.97,above,288.5,267.21,265.94,267.21,264.68,0.951,78.4,0.047,1,2026-07-28,2026-07-29,True,False,5.0,2026-07-29T13:09:37+05:30
TATACOMM,1754.95,V,0.71,above,1767.4,1754.95,1748.37,1754.95,1741.78,0.753,78.9,0.022,1,2026-07-27,2026-07-29,True,False,5.0,2026-07-29T13:09:37+05:30
MARUTI,13696.83,V,1.51,above,13903.0,13696.83,13663.67,13696.83,13630.5,0.485,79.7,0.017,1,2026-07-27,2026-07-29,True,False,5.0,2026-07-29T13:09:37+05:30
TATAINVEST,647.47,V,4.54,above,676.85,647.47,644.98,647.47,642.5,0.77,80.0,0.025,1,2026-07-27,2026-07-29,True,False,5.0,2026-07-29T13:09:37+05:30
TECHM,1630.08,V,1.09,above,1647.9,1630.08,1624.97,1630.08,1619.85,0.63,80.0,0.038,1,2026-07-28,2026-07-29,True,False,5.0,2026-07-29T13:09:37+05:30
JINDALSAW,254.75,V,0.65,above,256.4,254.75,253.45,254.75,252.15,1.026,81.6,0.043,1,2026-07-27,2026-07-29,True,False,5.0,2026-07-29T13:09:37+05:30
HDBFS,688.18,V,-1.36,below,678.85,688.18,690.07,691.95,688.18,0.546,82.8,0.021,1,2026-07-27,2026-07-29,True,False,5.0,2026-07-29T13:09:37+05:30
FIVESTAR,548.25,V,4.06,above,570.5,548.25,545.58,548.25,542.92,0.978,83.0,0.036,1,2026-07-27,2026-07-29,True,False,5.0,2026-07-29T13:09:37+05:30
SAIL,165.12,V,3.74,above,171.3,165.12,164.39,165.12,163.66,0.888,83.0,0.026,1,2026-07-28,2026-07-29,True,False,5.0,2026-07-29T13:09:37+05:30
BRIGADE,540.91,V,3.48,above,559.75,540.91,538.37,540.91,535.83,0.944,83.3,0.018,1,2026-07-27,2026-07-29,True,False,5.0,2026-07-29T13:09:37+05:30
DIVISLAB,7389.25,V,4.83,above,7746.5,7389.25,7364.5,7389.25,7339.75,0.672,83.3,0.024,1,2026-07-27,2026-07-29,True,False,5.0,2026-07-29T13:09:37+05:30
LAURUSLABS,1750.88,V,1.45,above,1776.3,1750.88,1742.87,1750.88,1734.85,0.92,85.2,0.017,1,2026-07-28,2026-07-29,True,False,5.0,2026-07-29T13:09:37+05:30
INDGN,505.77,V,2.05,above,516.15,505.77,503.48,505.77,501.2,0.907,86.3,0.022,1,2026-07-27,2026-07-29,True,False,5.0,2026-07-29T13:09:37+05:30
NESTLEIND,1487.15,V,1.66,above,1511.8,1487.15,1482.5,1487.15,1477.85,0.627,86.3,0.032,1,2026-07-28,2026-07-29,True,False,5.0,2026-07-29T13:09:37+05:30
GODREJPROP,2124.93,V,1.59,above,2158.8,2124.93,2113.27,2124.93,2101.6,1.104,86.6,0.048,1,2026-07-28,2026-07-29,True,False,5.0,2026-07-29T13:09:37+05:30
SAILIFE,1280.38,V,2.48,above,1312.2,1280.38,1273.77,1280.38,1267.15,1.039,86.8,0.042,1,2026-07-27,2026-07-29,True,False,5.0,2026-07-29T13:09:37+05:30
NETWEB,4327.2,V,2.94,above,4454.5,4327.2,4292.2,4327.2,4257.2,1.631,87.1,0.054,1,2026-07-27,2026-07-29,True,False,5.0,2026-07-29T13:09:37+05:30
OFSS,11035.0,V,4.4,above,11520.0,11035.0,10981.0,11035.0,10927.0,0.984,87.7,0.024,1,2026-07-27,2026-07-29,True,False,5.0,2026-07-29T13:09:37+05:30
RKFORGE,622.06,V,2.51,above,637.7,622.06,618.67,622.06,615.27,1.096,88.5,0.048,1,2026-07-27,2026-07-29,True,False,5.0,2026-07-29T13:09:37+05:30
GALLANTT,543.04,V,11.1,above,603.3,543.04,538.83,543.04,534.62,1.562,88.8,0.073,1,2026-07-27,2026-07-29,True,False,5.0,2026-07-29T13:09:37+05:30
SAREGAMA,511.93,V,3.52,above,529.95,511.93,509.02,511.93,506.1,1.146,89.0,0.038,1,2026-07-27,2026-07-29,True,False,5.0,2026-07-29T13:09:37+05:30
RADICO,4264.82,V,2.26,above,4361.4,4264.82,4239.93,4264.82,4215.05,1.174,90.7,0.021,1,2026-07-28,2026-07-29,True,False,5.0,2026-07-29T13:09:37+05:30
TCS,2388.73,V,2.32,above,2444.1,2388.73,2379.47,2388.73,2370.2,0.779,91.5,0.029,1,2026-07-28,2026-07-29,True,False,5.0,2026-07-29T13:09:37+05:30
AEGISLOG,1301.2,V,-1.13,below,1286.5,1301.2,1311.1,1321.0,1301.2,1.51,91.8,0.033,1,2026-07-27,2026-07-29,True,False,5.0,2026-07-29T13:09:37+05:30
POLYMED,1693.63,V,-0.93,below,1677.9,1693.63,1706.57,1719.5,1693.63,1.516,92.9,0.053,1,2026-07-27,2026-07-29,True,False,5.0,2026-07-29T13:09:37+05:30
CEMPRO,1380.92,V,-4.8,below,1314.6,1380.92,1392.83,1404.75,1380.92,1.711,94.0,0.04,1,2026-07-27,2026-07-29,True,False,5.0,2026-07-29T13:09:37+05:30
IEX,131.24,V,1.53,above,133.25,131.24,130.37,131.24,129.51,1.332,94.0,0.031,1,2026-07-28,2026-07-29,True,False,5.0,2026-07-29T13:09:37+05:30
DEEPAKFERT,1622.83,V,1.11,above,1640.9,1622.83,1611.17,1622.83,1599.5,1.448,94.2,0.044,1,2026-07-27,2026-07-29,True,False,5.0,2026-07-29T13:09:37+05:30
BLUEDART,5131.83,V,-1.33,below,5063.8,5131.83,5160.17,5188.5,5131.83,1.098,95.3,0.017,1,2026-07-28,2026-07-29,True,False,5.0,2026-07-29T13:09:37+05:30
ETERNAL,306.27,V,2.44,above,313.75,306.27,304.18,306.27,302.1,1.37,95.3,0.028,1,2026-07-28,2026-07-29,True,False,5.0,2026-07-29T13:09:37+05:30
KIRLOSENG,2219.5,V,-1.56,below,2184.8,2219.5,2240.7,2261.9,2219.5,1.892,96.2,0.035,1,2026-07-27,2026-07-29,True,False,5.0,2026-07-29T13:09:37+05:30
NH,2040.85,V,2.05,above,2082.6,2040.85,2027.7,2040.85,2014.55,1.297,96.2,0.036,1,2026-07-27,2026-07-29,True,False,5.0,2026-07-29T13:09:37+05:30
TBOTEK,1506.13,V,1.02,above,1521.5,1506.13,1493.07,1506.13,1480.0,1.75,96.4,0.034,1,2026-07-27,2026-07-29,True,False,5.0,2026-07-29T13:09:37+05:30
DEEPAKNTR,1678.9,NARROW,-0.1,below,1677.3,1678.9,1678.9,1678.9,1678.9,0.0,0.0,0.029,0,2026-07-27,2026-07-29,False,True,5.0,2026-07-29T13:09:37+05:30
GMRAIRPORT,107.96,NARROW,-1.15,below,106.72,107.96,107.96,107.96,107.96,0.0,0.0,0.019,0,2026-07-28,2026-07-29,False,True,5.0,2026-07-29T13:09:37+05:30
HONAUT,37509.17,NARROW,7.84,above,40450.0,37509.17,37508.33,37509.17,37507.5,0.004,1.1,0.022,0,2026-07-28,2026-07-29,False,True,5.0,2026-07-29T13:09:37+05:30
SUPREMEIND,3395.23,NARROW,3.02,above,3497.8,3395.23,3395.07,3395.23,3394.9,0.01,1.9,0.04,0,2026-07-28,2026-07-29,False,True,5.0,2026-07-29T13:09:37+05:30
LINDEINDIA,6767.0,NARROW,-0.88,below,6707.5,6767.0,6767.5,6768.0,6767.0,0.015,2.7,0.024,0,2026-07-27,2026-07-29,False,True,5.0,2026-07-29T13:09:37+05:30
JSWCEMENT,134.19,NARROW,-1.23,below,132.53,134.19,134.2,134.21,134.19,0.017,3.0,0.037,0,2026-07-28,2026-07-29,False,True,5.0,2026-07-29T13:09:37+05:30
MINDACORP,692.3,NARROW,-0.39,below,689.6,692.3,692.38,692.47,692.3,0.024,3.3,0.035,0,2026-07-27,2026-07-29,False,True,5.0,2026-07-29T13:09:37+05:30
LTF,310.93,NARROW,-2.26,below,303.9,310.93,310.95,310.98,310.93,0.016,3.6,0.028,0,2026-07-28,2026-07-29,False,True,5.0,2026-07-29T13:09:37+05:30
MEESHO,181.47,NARROW,-1.1,below,179.47,181.47,181.47,181.48,181.47,0.004,3.8,0.023,0,2026-07-28,2026-07-29,False,True,5.0,2026-07-29T13:09:37+05:30
ABB,7329.5,NARROW,1.11,above,7410.5,7329.5,7328.83,7329.5,7328.17,0.018,4.1,0.023,0,2026-07-27,2026-07-29,False,True,5.0,2026-07-29T13:09:37+05:30
BAJFINANCE,1048.7,NARROW,0.6,above,1055.0,1048.7,1048.6,1048.7,1048.5,0.019,4.4,0.025,0,2026-07-28,2026-07-29,False,True,5.0,2026-07-29T13:09:37+05:30
KOTAKBANK,385.26,NARROW,1.35,above,390.45,385.26,385.22,385.26,385.17,0.022,4.4,0.024,0,2026-07-28,2026-07-29,False,True,5.0,2026-07-29T13:09:37+05:30
OBEROIRLTY,1828.7,NARROW,0.01,inside,1828.8,1828.7,1828.7,1829.1,1828.3,0.044,4.7,0.044,0,2026-07-28,2026-07-29,False,True,5.0,2026-07-29T13:09:37+05:30
ANGELONE,302.73,NARROW,0.16,above,303.2,302.73,302.68,302.73,302.64,0.028,4.9,0.029,0,2026-07-28,2026-07-29,False,True,5.0,2026-07-29T13:09:37+05:30
NSLNISP,42.17,NARROW,2.4,above,43.18,42.17,42.16,42.17,42.16,0.032,4.9,0.032,0,2026-07-27,2026-07-29,False,True,5.0,2026-07-29T13:09:37+05:30
CUB,231.67,WIDE,-2.21,below,226.54,231.67,233.82,235.98,231.67,1.846,99.2,0.034,0,2026-07-28,2026-07-29,False,False,5.0,2026-07-29T13:09:37+05:30
HINDUNILVR,2083.9,WIDE,1.11,inside,2107.0,2083.9,2083.9,2114.5,2053.3,2.937,99.7,0.015,0,2026-07-28,2026-07-29,False,False,5.0,2026-07-29T13:09:37+05:30
JSWENERGY,544.48,TOUCHED,0.39,above,546.6,544.48,544.4,544.48,544.33,0.028,5.2,0.024,0,2026-07-28,2026-07-29,False,False,5.0,2026-07-29T13:09:37+05:30
COHANCE,427.94,TOUCHED,0.31,above,429.25,427.94,427.88,427.94,427.82,0.027,5.8,0.022,0,2026-07-27,2026-07-29,False,False,5.0,2026-07-29T13:09:37+05:30
ASTRAL,1465.47,TOUCHED,0.13,above,1467.3,1465.47,1465.13,1465.47,1464.8,0.046,6.3,0.034,0,2026-07-27,2026-07-29,False,False,5.0,2026-07-29T13:09:37+05:30
CARBORUNIV,1072.55,TOUCHED,-1.28,below,1058.8,1072.55,1072.73,1072.92,1072.55,0.034,6.3,0.029,0,2026-07-27,2026-07-29,False,False,5.0,2026-07-29T13:09:37+05:30
FACT,819.27,TOUCHED,0.89,above,826.6,819.27,819.0,819.27,818.73,0.067,6.3,0.059,0,2026-07-27,2026-07-29,False,False,5.0,2026-07-29T13:09:37+05:30
JBMA,665.5,TOUCHED,0.58,above,669.35,665.5,665.33,665.5,665.17,0.05,6.6,0.033,0,2026-07-27,2026-07-29,False,False,5.0,2026-07-29T13:09:37+05:30
UCOBANK,26.65,TOUCHED,-0.23,below,26.59,26.65,26.65,26.66,26.65,0.025,6.8,0.013,0,2026-07-27,2026-07-29,False,False,5.0,2026-07-29T13:09:37+05:30
KIMS,798.57,TOUCHED,-0.53,below,794.35,798.57,798.8,799.03,798.57,0.056,7.4,0.041,0,2026-07-28,2026-07-29,False,False,5.0,2026-07-29T13:09:37+05:30
SJVN,68.03,TOUCHED,0.74,above,68.53,68.03,68.01,68.03,68.0,0.044,7.4,0.027,0,2026-07-27,2026-07-29,False,False,5.0,2026-07-29T13:09:37+05:30
SYNGENE,409.43,TOUCHED,1.18,above,414.25,409.43,409.33,409.43,409.24,0.045,7.4,0.025,0,2026-07-28,2026-07-29,False,False,5.0,2026-07-29T13:09:37+05:30
BHARTIHEXA,1615.55,TOUCHED,1.95,above,1647.0,1615.55,1615.13,1615.55,1614.72,0.052,7.7,0.037,0,2026-07-27,2026-07-29,False,False,5.0,2026-07-29T13:09:37+05:30
PNB,111.69,TOUCHED,-0.39,below,111.25,111.69,111.72,111.76,111.69,0.063,8.5,0.034,0,2026-07-28,2026-07-29,False,False,5.0,2026-07-29T13:09:37+05:30
INDHOTEL,733.59,TOUCHED,0.21,above,735.1,733.59,733.43,733.59,733.27,0.043,8.8,0.019,0,2026-07-27,2026-07-29,False,False,5.0,2026-07-29T13:09:37+05:30
JUBLPHARMA,980.62,TOUCHED,0.43,above,984.85,980.62,980.32,980.62,980.01,0.063,8.8,0.023,0,2026-07-27,2026-07-29,False,False,5.0,2026-07-29T13:09:37+05:30
HINDZINC,527.45,TOUCHED,1.13,above,533.4,527.45,527.27,527.45,527.08,0.07,9.0,0.038,0,2026-07-28,2026-07-29,False,False,5.0,2026-07-29T13:09:37+05:30
JYOTICNC,804.55,TOUCHED,0.68,above,810.0,804.55,804.28,804.55,804.02,0.066,9.0,0.025,0,2026-07-27,2026-07-29,False,False,5.0,2026-07-29T13:09:37+05:30
NEULANDLAB,18895.5,TOUCHED,2.37,above,19344.0,18895.5,18887.33,18895.5,18879.17,0.086,9.0,0.03,0,2026-07-28,2026-07-29,False,False,5.0,2026-07-29T13:09:37+05:30
JMFINANCIL,124.2,TOUCHED,-0.27,below,123.86,124.2,124.25,124.31,124.2,0.086,9.6,0.045,0,2026-07-27,2026-07-29,False,False,5.0,2026-07-29T13:09:37+05:30
SONACOMS,721.15,TOUCHED,-0.74,below,715.8,721.15,721.4,721.65,721.15,0.069,9.6,0.034,0,2026-07-27,2026-07-29,False,False,5.0,2026-07-29T13:09:37+05:30
ICICIBANK,1431.75,TOUCHED,0.46,above,1438.4,1431.75,1431.43,1431.75,1431.12,0.044,9.9,0.023,0,2026-07-28,2026-07-29,False,False,5.0,2026-07-29T13:09:37+05:30
AAVAS,1389.15,TOUCHED,-0.59,below,1381.0,1389.15,1389.63,1390.12,1389.15,0.07,10.4,0.027,0,2026-07-27,2026-07-29,False,False,5.0,2026-07-29T13:09:37+05:30
GICRE,358.85,TOUCHED,-0.28,below,357.85,358.85,358.97,359.08,358.85,0.065,10.4,0.032,0,2026-07-27,2026-07-29,False,False,5.0,2026-07-29T13:09:37+05:30
REDINGTON,277.89,TOUCHED,1.66,above,282.5,277.89,277.73,277.89,277.57,0.114,10.7,0.039,0,2026-07-28,2026-07-29,False,False,5.0,2026-07-29T13:09:37+05:30
TRENT,2929.48,TOUCHED,2.31,above,2997.2,2929.48,2928.27,2929.48,2927.05,0.083,11.0,0.046,0,2026-07-28,2026-07-29,False,False,5.0,2026-07-29T13:09:37+05:30
MCX,2750.0,TOUCHED,-1.16,below,2718.2,2750.0,2751.7,2753.4,2750.0,0.124,11.2,0.059,0,2026-07-27,2026-07-29,False,False,5.0,2026-07-29T13:09:37+05:30
ADANIPORTS,1768.55,TOUCHED,-2.0,below,1733.2,1768.55,1769.17,1769.78,1768.55,0.07,11.5,0.021,0,2026-07-27,2026-07-29,False,False,5.0,2026-07-29T13:09:37+05:30
IDFCFIRSTB,85.67,TOUCHED,-0.11,below,85.58,85.67,85.7,85.72,85.67,0.062,11.5,0.033,0,2026-07-28,2026-07-29,False,False,5.0,2026-07-29T13:09:37+05:30
CASTROLIND,184.18,TOUCHED,0.52,above,185.14,184.18,184.14,184.18,184.1,0.045,11.8,0.014,0,2026-07-28,2026-07-29,False,False,5.0,2026-07-29T13:09:37+05:30
KEI,4848.75,TOUCHED,0.2,above,4858.5,4848.75,4846.83,4848.75,4844.92,0.079,12.1,0.029,0,2026-07-28,2026-07-29,False,False,5.0,2026-07-29T13:09:37+05:30
HAVELLS,1238.45,TOUCHED,0.13,above,1240.1,1238.45,1238.1,1238.45,1237.75,0.057,12.6,0.019,0,2026-07-27,2026-07-29,False,False,5.0,2026-07-29T13:09:37+05:30
KARURVYSYA,340.23,TOUCHED,0.3,above,341.25,340.23,340.03,340.23,339.84,0.113,13.2,0.038,0,2026-07-27,2026-07-29,False,False,5.0,2026-07-29T13:09:37+05:30
IPCALAB,1774.8,TOUCHED,-0.52,below,1765.6,1774.8,1775.73,1776.67,1774.8,0.105,14.0,0.032,0,2026-07-27,2026-07-29,False,False,5.0,2026-07-29T13:09:37+05:30
INDIANB,832.35,TOUCHED,0.05,above,832.8,832.35,831.98,832.35,831.62,0.088,14.2,0.029,0,2026-07-27,2026-07-29,False,False,5.0,2026-07-29T13:09:37+05:30
PAYTM,1306.87,TOUCHED,0.51,above,1313.5,1306.87,1305.83,1306.87,1304.8,0.158,14.5,0.058,0,2026-07-28,2026-07-29,False,False,5.0,2026-07-29T13:09:37+05:30
BAJAJFINSV,1925.35,TOUCHED,-0.4,below,1917.7,1925.35,1926.2,1927.05,1925.35,0.088,15.3,0.02,0,2026-07-28,2026-07-29,False,False,5.0,2026-07-29T13:09:37+05:30
BERGEPAINT,503.22,TOUCHED,-0.24,below,502.0,503.22,503.48,503.74,503.22,0.103,15.3,0.013,0,2026-07-27,2026-07-29,False,False,5.0,2026-07-29T13:09:37+05:30
SBICARD,655.85,TOUCHED,0.61,above,659.85,655.85,655.53,655.85,655.22,0.097,15.3,0.029,0,2026-07-28,2026-07-29,False,False,5.0,2026-07-29T13:09:37+05:30
JSWDULUX,2942.68,TOUCHED,0.52,above,2958.0,2942.68,2941.37,2942.68,2940.05,0.09,15.6,0.022,0,2026-07-27,2026-07-29,False,False,5.0,2026-07-29T13:09:37+05:30
SHREECEM,26830.0,TOUCHED,-0.04,below,26820.0,26830.0,26840.0,26850.0,26830.0,0.075,15.6,0.013,0,2026-07-27,2026-07-29,False,False,5.0,2026-07-29T13:09:37+05:30
CHENNPETRO,1179.58,TOUCHED,3.04,above,1215.5,1179.58,1178.67,1179.58,1177.75,0.156,16.2,0.027,0,2026-07-28,2026-07-29,False,False,5.0,2026-07-29T13:09:37+05:30
GRSE,2619.85,TOUCHED,0.35,above,2629.0,2619.85,2616.8,2619.85,2613.75,0.233,16.7,0.067,0,2026-07-28,2026-07-29,False,False,5.0,2026-07-29T13:09:37+05:30
ICICIGI,1684.8,TOUCHED,-1.61,below,1657.7,1684.8,1685.8,1686.8,1684.8,0.119,17.3,0.024,0,2026-07-28,2026-07-29,False,False,5.0,2026-07-29T13:09:37+05:30
JSWSTEEL,1243.95,TOUCHED,2.55,above,1275.7,1243.95,1243.3,1243.95,1242.65,0.105,17.3,0.024,0,2026-07-27,2026-07-29,False,False,5.0,2026-07-29T13:09:37+05:30
NBCC,94.75,TOUCHED,0.21,above,94.94,94.75,94.67,94.75,94.59,0.165,17.3,0.042,0,2026-07-28,2026-07-29,False,False,5.0,2026-07-29T13:09:37+05:30
PIDILITIND,1620.27,TOUCHED,-0.28,below,1615.8,1620.27,1620.93,1621.6,1620.27,0.082,17.3,0.025,0,2026-07-28,2026-07-29,False,False,5.0,2026-07-29T13:09:37+05:30
THELEELA,475.94,TOUCHED,-0.01,below,475.9,475.94,476.28,476.62,475.94,0.143,17.3,0.033,0,2026-07-28,2026-07-29,False,False,5.0,2026-07-29T13:09:37+05:30
POONAWALLA,464.77,TOUCHED,2.24,above,475.2,464.77,464.43,464.77,464.1,0.144,17.8,0.033,0,2026-07-27,2026-07-29,False,False,5.0,2026-07-29T13:09:37+05:30
J&KBANK,177.16,TOUCHED,2.07,above,180.82,177.16,177.01,177.16,176.86,0.164,18.1,0.029,0,2026-07-28,2026-07-29,False,False,5.0,2026-07-29T13:09:37+05:30
CONCORDBIO,1259.9,TOUCHED,2.83,above,1295.5,1259.9,1258.73,1259.9,1257.57,0.185,18.4,0.022,0,2026-07-27,2026-07-29,False,False,5.0,2026-07-29T13:09:37+05:30
BAJAJHFL,85.62,TOUCHED,1.37,above,86.79,85.62,85.58,85.62,85.54,0.093,18.6,0.025,0,2026-07-28,2026-07-29,False,False,5.0,2026-07-29T13:09:37+05:30
IREDA,120.39,TOUCHED,0.47,above,120.96,120.39,120.29,120.39,120.19,0.169,18.9,0.053,0,2026-07-28,2026-07-29,False,False,5.0,2026-07-29T13:09:37+05:30
ACE,1058.95,TOUCHED,-1.43,below,1043.8,1058.95,1059.9,1060.85,1058.95,0.179,19.2,0.049,0,2026-07-27,2026-07-29,False,False,5.0,2026-07-29T13:09:37+05:30
AJANTPHARM,3348.5,TOUCHED,1.08,above,3384.6,3348.5,3346.47,3348.5,3344.43,0.122,19.2,0.036,0,2026-07-28,2026-07-29,False,False,5.0,2026-07-29T13:09:37+05:30
HONASA,453.15,TOUCHED,-0.11,below,452.65,453.15,453.55,453.95,453.15,0.176,19.2,0.054,0,2026-07-27,2026-07-29,False,False,5.0,2026-07-29T13:09:37+05:30
BALKRISIND,2028.5,TOUCHED,2.29,above,2074.9,2028.5,2027.4,2028.5,2026.3,0.109,19.7,0.026,0,2026-07-27,2026-07-29,False,False,5.0,2026-07-29T13:09:37+05:30
NATCOPHARM,929.55,TOUCHED,0.59,above,935.0,929.55,928.73,929.55,927.92,0.176,19.7,0.023,0,2026-07-27,2026-07-29,False,False,5.0,2026-07-29T13:09:37+05:30
SHRIRAMFIN,1041.65,TOUCHED,-0.04,below,1041.2,1041.65,1042.4,1043.15,1041.65,0.144,20.0,0.038,0,2026-07-28,2026-07-29,False,False,5.0,2026-07-29T13:09:37+05:30
BLS,238.25,TOUCHED,1.26,above,241.25,238.25,238.0,238.25,237.75,0.21,20.5,0.032,0,2026-07-27,2026-07-29,False,False,5.0,2026-07-29T13:09:37+05:30
ERIS,1402.35,TOUCHED,0.46,above,1408.8,1402.35,1401.2,1402.35,1400.05,0.164,20.5,0.033,0,2026-07-27,2026-07-29,False,False,5.0,2026-07-29T13:09:37+05:30
IDBI,85.46,TOUCHED,-0.93,below,84.66,85.46,85.54,85.62,85.46,0.199,21.4,0.047,0,2026-07-28,2026-07-29,False,False,5.0,2026-07-29T13:09:37+05:30
UPL,608.03,TOUCHED,0.16,above,609.0,608.03,607.57,608.03,607.1,0.154,21.6,0.02,0,2026-07-27,2026-07-29,False,False,5.0,2026-07-29T13:09:37+05:30
CESC,163.76,TOUCHED,0.24,above,164.15,163.76,163.64,163.76,163.52,0.147,21.9,0.037,0,2026-07-28,2026-07-29,False,False,5.0,2026-07-29T13:09:37+05:30
SAPPHIRE,186.88,TOUCHED,3.29,above,193.03,186.88,186.66,186.88,186.45,0.229,22.5,0.05,0,2026-07-27,2026-07-29,False,False,5.0,2026-07-29T13:09:37+05:30
LTFOODS,377.57,TOUCHED,0.23,above,378.45,377.57,377.18,377.57,376.79,0.208,23.0,0.036,0,2026-07-27,2026-07-29,False,False,5.0,2026-07-29T13:09:37+05:30
YESBANK,22.85,TOUCHED,-0.04,inside,22.84,22.85,22.85,22.87,22.83,0.175,23.6,0.04,0,2026-07-28,2026-07-29,False,False,5.0,2026-07-29T13:09:37+05:30
FEDERALBNK,357.03,TOUCHED,0.23,above,357.85,357.03,356.82,357.03,356.6,0.121,23.8,0.026,0,2026-07-28,2026-07-29,False,False,5.0,2026-07-29T13:09:37+05:30
BATAINDIA,698.55,TOUCHED,-0.0,inside,698.55,698.55,698.55,699.1,698.0,0.157,24.7,0.022,0,2026-07-27,2026-07-29,False,False,5.0,2026-07-29T13:09:37+05:30
KEC,465.5,TOUCHED,1.34,above,471.75,465.5,465.0,465.5,464.5,0.215,24.7,0.023,0,2026-07-28,2026-07-29,False,False,5.0,2026-07-29T13:09:37+05:30
AMBUJACEM,426.98,TOUCHED,3.14,above,440.4,426.98,426.65,426.98,426.33,0.152,24.9,0.035,0,2026-07-28,2026-07-29,False,False,5.0,2026-07-29T13:09:37+05:30
CRAFTSMAN,9354.0,TOUCHED,4.89,above,9811.5,9354.0,9345.0,9354.0,9336.0,0.193,25.2,0.047,0,2026-07-27,2026-07-29,False,False,5.0,2026-07-29T13:09:37+05:30
HINDALCO,947.15,TOUCHED,1.46,above,961.0,947.15,946.52,947.15,945.88,0.134,25.2,0.011,0,2026-07-27,2026-07-29,False,False,5.0,2026-07-29T13:09:37+05:30
ICICIAMC,3117.45,TOUCHED,-0.07,below,3115.2,3117.45,3121.2,3124.95,3117.45,0.24,25.2,0.028,0,2026-07-28,2026-07-29,False,False,5.0,2026-07-29T13:09:37+05:30
BANDHANBNK,168.66,TOUCHED,1.91,above,171.87,168.66,168.47,168.66,168.29,0.218,25.5,0.027,0,2026-07-28,2026-07-29,False,False,5.0,2026-07-29T13:09:37+05:30
GAIL,175.04,TOUCHED,0.2,above,175.39,175.04,174.92,175.04,174.81,0.13,26.0,0.015,0,2026-07-28,2026-07-29,False,False,5.0,2026-07-29T13:09:37+05:30
NIVABUPA,86.99,TOUCHED,-1.38,below,85.79,86.99,87.06,87.13,86.99,0.161,26.0,0.019,0,2026-07-27,2026-07-29,False,False,5.0,2026-07-29T13:09:37+05:30
OLAELEC,37.31,TOUCHED,2.33,above,38.18,37.31,37.24,37.31,37.18,0.358,26.0,0.073,0,2026-07-28,2026-07-29,False,False,5.0,2026-07-29T13:09:37+05:30
ARE&M,876.23,TOUCHED,0.32,above,879.0,876.23,875.48,876.23,874.74,0.169,26.3,0.024,0,2026-07-27,2026-07-29,False,False,5.0,2026-07-29T13:09:37+05:30
FIRSTCRY,213.19,TOUCHED,0.33,above,213.89,213.19,212.87,213.19,212.55,0.301,26.3,0.073,0,2026-07-27,2026-07-29,False,False,5.0,2026-07-29T13:09:37+05:30
ITC,285.12,TOUCHED,0.69,above,287.1,285.12,284.97,285.12,284.81,0.111,26.3,0.021,0,2026-07-28,2026-07-29,False,False,5.0,2026-07-29T13:09:37+05:30
HEG,651.57,TOUCHED,3.04,above,671.4,651.57,650.63,651.57,649.7,0.287,27.4,0.051,0,2026-07-27,2026-07-29,False,False,5.0,2026-07-29T13:09:37+05:30
NMDC,83.84,TOUCHED,2.57,above,85.99,83.84,83.75,83.84,83.67,0.199,28.8,0.028,0,2026-07-28,2026-07-29,False,False,5.0,2026-07-29T13:09:37+05:30
PTCIL,17945.67,TOUCHED,-0.41,below,17872.0,17945.67,17968.33,17991.0,17945.67,0.252,29.0,0.031,0,2026-07-27,2026-07-29,False,False,5.0,2026-07-29T13:09:37+05:30
SBIN,1013.85,TOUCHED,-0.01,below,1013.7,1013.85,1014.5,1015.15,1013.85,0.128,29.0,0.011,0,2026-07-28,2026-07-29,False,False,5.0,2026-07-29T13:09:37+05:30
EMMVEE,329.53,TOUCHED,-2.81,below,320.25,329.53,330.2,330.88,329.53,0.409,29.3,0.043,0,2026-07-28,2026-07-29,False,False,5.0,2026-07-29T13:09:37+05:30
SCHNEIDER,1344.4,TOUCHED,-2.66,below,1308.7,1344.4,1346.93,1349.47,1344.4,0.376,29.6,0.028,0,2026-07-27,2026-07-29,False,False,5.0,2026-07-29T13:09:37+05:30
MOTILALOFS,857.45,TOUCHED,-0.01,below,857.4,857.45,858.75,860.05,857.45,0.303,29.9,0.045,0,2026-07-28,2026-07-29,False,False,5.0,2026-07-29T13:09:37+05:30
BELRISE,230.01,TOUCHED,0.18,above,230.41,230.01,229.68,230.01,229.36,0.283,30.0,0.037,0,2026-07-28,2026-07-29,False,False,5.0,2026-07-29T13:09:37+05:30
CARTRADE,2968.98,TOUCHED,-4.91,below,2823.3,2968.98,2975.27,2981.55,2968.98,0.422,30.1,0.043,0,2026-07-28,2026-07-29,False,False,5.0,2026-07-29T13:09:37+05:30
NYKAA,326.42,TOUCHED,0.75,above,328.85,326.42,326.08,326.42,325.75,0.204,30.1,0.027,0,2026-07-27,2026-07-29,False,False,5.0,2026-07-29T13:09:37+05:30
IDEA,13.02,TOUCHED,0.5,above,13.08,13.02,12.99,13.02,12.97,0.334,30.4,0.047,0,2026-07-28,2026-07-29,False,False,5.0,2026-07-29T13:09:37+05:30
RAMCOCEM,917.58,TOUCHED,0.07,inside,918.2,917.58,917.58,918.67,916.5,0.236,30.4,0.041,0,2026-07-27,2026-07-29,False,False,5.0,2026-07-29T13:09:37+05:30
RPOWER,23.6,TOUCHED,0.15,above,23.64,23.6,23.56,23.6,23.51,0.41,30.7,0.076,0,2026-07-28,2026-07-29,False,False,5.0,2026-07-29T13:09:37+05:30
UBL,1437.0,TOUCHED,0.02,inside,1437.3,1437.0,1437.0,1438.15,1435.85,0.16,30.7,0.028,0,2026-07-28,2026-07-29,False,False,5.0,2026-07-29T13:09:37+05:30
TORNTPOWER,1435.8,TOUCHED,-0.13,inside,1433.9,1435.8,1435.8,1437.8,1433.8,0.279,31.0,0.031,0,2026-07-28,2026-07-29,False,False,5.0,2026-07-29T13:09:37+05:30
AXISBANK,1225.7,TOUCHED,0.05,inside,1226.3,1225.7,1225.7,1226.8,1224.6,0.179,31.2,0.024,0,2026-07-28,2026-07-29,False,False,5.0,2026-07-29T13:09:37+05:30
ADANIGREEN,1379.83,TOUCHED,-0.23,below,1376.6,1379.83,1381.87,1383.9,1379.83,0.294,31.5,0.04,0,2026-07-28,2026-07-29,False,False,5.0,2026-07-29T13:09:37+05:30
URBANCO,130.68,TOUCHED,-0.44,below,130.1,130.68,130.93,131.19,130.68,0.39,31.8,0.045,0,2026-07-27,2026-07-29,False,False,5.0,2026-07-29T13:09:37+05:30
NAM-INDIA,1155.45,TOUCHED,0.71,above,1163.6,1155.45,1153.73,1155.45,1152.02,0.298,32.3,0.035,0,2026-07-28,2026-07-29,False,False,5.0,2026-07-29T13:09:37+05:30
IGIL,330.25,TOUCHED,4.66,above,345.65,330.25,329.75,330.25,329.25,0.303,32.6,0.028,0,2026-07-28,2026-07-29,False,False,5.0,2026-07-29T13:09:37+05:30
NLCINDIA,298.57,TOUCHED,0.03,above,298.65,298.57,298.1,298.57,297.62,0.319,32.6,0.051,0,2026-07-28,2026-07-29,False,False,5.0,2026-07-29T13:09:37+05:30
APTUS,280.88,TOUCHED,0.26,above,281.6,280.88,280.47,280.88,280.05,0.297,33.4,0.024,0,2026-07-28,2026-07-29,False,False,5.0,2026-07-29T13:09:37+05:30
MFSL,1514.87,TOUCHED,-0.04,inside,1514.3,1514.87,1514.87,1516.75,1512.98,0.249,34.0,0.019,0,2026-07-27,2026-07-29,False,False,5.0,2026-07-29T13:09:37+05:30
SUNPHARMA,1981.95,TOUCHED,0.07,above,1983.4,1981.95,1980.2,1981.95,1978.45,0.177,34.0,0.02,0,2026-07-28,2026-07-29,False,False,5.0,2026-07-29T13:09:37+05:30
GLENMARK,2193.1,TOUCHED,2.36,above,2244.8,2193.1,2190.27,2193.1,2187.43,0.259,34.2,0.036,0,2026-07-28,2026-07-29,False,False,5.0,2026-07-29T13:09:37+05:30
MUTHOOTFIN,3030.03,TOUCHED,-0.61,below,3011.5,3030.03,3034.17,3038.3,3030.03,0.272,34.2,0.04,0,2026-07-27,2026-07-29,False,False,5.0,2026-07-29T13:09:37+05:30
PIIND,2745.32,TOUCHED,-0.38,below,2735.0,2745.32,2748.03,2750.75,2745.32,0.198,34.2,0.032,0,2026-07-27,2026-07-29,False,False,5.0,2026-07-29T13:09:37+05:30
AMBER,7249.0,TOUCHED,2.42,above,7424.5,7249.0,7235.67,7249.0,7222.33,0.369,34.8,0.036,0,2026-07-28,2026-07-29,False,False,5.0,2026-07-29T13:09:37+05:30
BANKINDIA,136.91,TOUCHED,0.51,above,137.61,136.91,136.71,136.91,136.52,0.288,34.8,0.032,0,2026-07-28,2026-07-29,False,False,5.0,2026-07-29T13:09:37+05:30
ENRIN,3195.5,TOUCHED,0.21,above,3202.2,3195.5,3190.63,3195.5,3185.77,0.305,35.0,0.025,0,2026-07-28,2026-07-29,False,False,5.0,2026-07-29T13:09:37+05:30
CLEAN,731.77,TOUCHED,0.99,above,739.0,731.77,730.62,731.77,729.46,0.317,35.9,0.026,0,2026-07-27,2026-07-29,False,False,5.0,2026-07-29T13:09:37+05:30
DELHIVERY,470.22,TOUCHED,-0.04,below,470.05,470.22,470.88,471.54,470.22,0.28,35.9,0.019,0,2026-07-28,2026-07-29,False,False,5.0,2026-07-29T13:09:37+05:30
AUBANK,1049.05,TOUCHED,-0.38,below,1045.1,1049.05,1050.4,1051.75,1049.05,0.257,36.2,0.016,0,2026-07-28,2026-07-29,False,False,5.0,2026-07-29T13:09:37+05:30
DIXON,13881.0,TOUCHED,2.32,above,14203.0,13881.0,13857.33,13881.0,13833.67,0.342,36.2,0.05,0,2026-07-27,2026-07-29,False,False,5.0,2026-07-29T13:09:37+05:30
ACMESOLAR,363.93,TOUCHED,-0.12,inside,363.5,363.93,363.93,364.7,363.17,0.421,36.4,0.05,0,2026-07-27,2026-07-29,False,False,5.0,2026-07-29T13:09:37+05:30
LICI,425.88,TOUCHED,-0.53,below,423.6,425.88,426.3,426.72,425.88,0.199,36.4,0.032,0,2026-07-28,2026-07-29,False,False,5.0,2026-07-29T13:09:37+05:30
GMDCLTD,557.9,TOUCHED,1.75,above,567.65,557.9,556.53,557.9,555.17,0.491,36.7,0.063,0,2026-07-28,2026-07-29,False,False,5.0,2026-07-29T13:09:37+05:30
IRCON,126.93,TOUCHED,0.04,inside,126.98,126.93,126.93,127.16,126.71,0.357,36.7,0.044,0,2026-07-27,2026-07-29,False,False,5.0,2026-07-29T13:09:37+05:30
MGL,1093.6,TOUCHED,-0.27,below,1090.7,1093.6,1095.07,1096.53,1093.6,0.268,36.7,0.042,0,2026-07-27,2026-07-29,False,False,5.0,2026-07-29T13:09:37+05:30
SUNDARMFIN,4434.5,TOUCHED,0.94,above,4476.2,4434.5,4428.6,4434.5,4422.7,0.266,36.7,0.029,0,2026-07-27,2026-07-29,False,False,5.0,2026-07-29T13:09:37+05:30
BAYERCROP,4234.25,TOUCHED,0.43,above,4252.6,4234.25,4229.3,4234.25,4224.35,0.234,37.0,0.031,0,2026-07-28,2026-07-29,False,False,5.0,2026-07-29T13:09:37+05:30
EIHOTEL,330.23,TOUCHED,0.43,above,331.65,330.23,329.82,330.23,329.4,0.253,37.0,0.031,0,2026-07-27,2026-07-29,False,False,5.0,2026-07-29T13:09:37+05:30
GRASIM,3109.28,TOUCHED,0.08,above,3111.9,3109.28,3106.17,3109.28,3103.05,0.201,37.0,0.017,0,2026-07-27,2026-07-29,False,False,5.0,2026-07-29T13:09:37+05:30
CREDITACC,1582.05,TOUCHED,-0.09,below,1580.7,1582.05,1585.07,1588.08,1582.05,0.381,37.3,0.035,0,2026-07-27,2026-07-29,False,False,5.0,2026-07-29T13:09:37+05:30
ZEEL,107.79,TOUCHED,-0.17,below,107.6,107.79,108.01,108.22,107.79,0.404,37.3,0.045,0,2026-07-28,2026-07-29,False,False,5.0,2026-07-29T13:09:37+05:30
HYUNDAI,1981.98,TOUCHED,0.53,above,1992.5,1981.98,1979.37,1981.98,1976.75,0.264,37.5,0.027,0,2026-07-27,2026-07-29,False,False,5.0,2026-07-29T13:09:37+05:30
AFCONS,281.38,TOUCHED,0.56,above,282.95,281.38,281.0,281.38,280.62,0.267,37.8,0.024,0,2026-07-28,2026-07-29,False,False,5.0,2026-07-29T13:09:37+05:30
BLUEJET,580.4,TOUCHED,0.28,above,582.0,580.4,578.95,580.4,577.5,0.501,38.1,0.042,0,2026-07-27,2026-07-29,False,False,5.0,2026-07-29T13:09:37+05:30
POWERINDIA,31475.83,TOUCHED,1.11,above,31825.0,31475.83,31401.67,31475.83,31327.5,0.472,38.1,0.051,0,2026-07-27,2026-07-29,False,False,5.0,2026-07-29T13:09:37+05:30
ACUTAAS,3346.6,TOUCHED,-0.91,below,3316.2,3346.6,3353.67,3360.73,3346.6,0.421,38.4,0.036,0,2026-07-27,2026-07-29,False,False,5.0,2026-07-29T13:09:37+05:30
JWL,247.0,TOUCHED,6.19,above,262.3,247.0,246.55,247.0,246.1,0.365,38.4,0.042,0,2026-07-28,2026-07-29,False,False,5.0,2026-07-29T13:09:37+05:30
MMTC,61.79,TOUCHED,-0.69,below,61.36,61.79,61.91,62.04,61.79,0.409,38.9,0.051,0,2026-07-27,2026-07-29,False,False,5.0,2026-07-29T13:09:37+05:30
LALPATHLAB,1813.55,TOUCHED,4.15,above,1888.8,1813.55,1810.77,1813.55,1807.98,0.307,39.2,0.044,0,2026-07-28,2026-07-29,False,False,5.0,2026-07-29T13:09:37+05:30
VTL,627.12,TOUCHED,0.93,above,632.95,627.12,626.0,627.12,624.88,0.359,39.2,0.032,0,2026-07-27,2026-07-29,False,False,5.0,2026-07-29T13:09:37+05:30
PFOCUS,290.5,TOUCHED,1.2,above,294.0,290.5,289.58,290.5,288.67,0.633,39.5,0.05,0,2026-07-27,2026-07-29,False,False,5.0,2026-07-29T13:09:37+05:30
CROMPTON,250.1,TOUCHED,0.46,above,251.25,250.1,249.77,250.1,249.43,0.267,39.7,0.025,0,2026-07-27,2026-07-29,False,False,5.0,2026-07-29T13:09:37+05:30
JAINREC,339.4,TOUCHED,-0.06,below,339.2,339.4,340.35,341.3,339.4,0.558,40.1,0.055,0,2026-07-27,2026-07-29,False,False,5.0,2026-07-29T13:09:37+05:30
INDIGO,5263.67,TOUCHED,0.12,above,5270.0,5263.67,5256.83,5263.67,5250.0,0.26,40.3,0.023,0,2026-07-28,2026-07-29,False,False,5.0,2026-07-29T13:09:37+05:30
BHARATFORG,2170.3,TOUCHED,-0.33,below,2163.2,2170.3,2173.97,2177.63,2170.3,0.337,40.5,0.034,0,2026-07-27,2026-07-29,False,False,5.0,2026-07-29T13:09:37+05:30
BPCL,318.52,TOUCHED,-0.54,below,316.8,318.52,319.03,319.54,318.52,0.319,40.5,0.021,0,2026-07-28,2026-07-29,False,False,5.0,2026-07-29T13:09:37+05:30
GRAPHITE,652.32,TOUCHED,1.54,above,662.4,652.32,651.07,652.32,649.81,0.387,40.5,0.024,0,2026-07-28,2026-07-29,False,False,5.0,2026-07-29T13:09:37+05:30
OIL,446.7,TOUCHED,0.07,above,447.0,446.7,446.0,446.7,445.3,0.314,40.8,0.021,0,2026-07-28,2026-07-29,False,False,5.0,2026-07-29T13:09:37+05:30
SOLARINDS,18517.06,TOUCHED,-2.08,below,18131.0,18517.06,18550.37,18583.69,18517.06,0.359,41.1,0.057,0,2026-07-27,2026-07-29,False,False,5.0,2026-07-29T13:09:37+05:30
HFCL,189.91,TOUCHED,2.26,above,194.21,189.91,189.4,189.91,188.9,0.535,41.4,0.028,0,2026-07-28,2026-07-29,False,False,5.0,2026-07-29T13:09:37+05:30
NTPCGREEN,92.42,TOUCHED,-0.76,below,91.72,92.42,92.57,92.72,92.42,0.32,41.4,0.018,0,2026-07-28,2026-07-29,False,False,5.0,2026-07-29T13:09:37+05:30
COCHINSHIP,1390.55,TOUCHED,0.2,above,1393.3,1390.55,1387.9,1390.55,1385.25,0.382,41.9,0.042,0,2026-07-28,2026-07-29,False,False,5.0,2026-07-29T13:09:37+05:30
TECHNOE,994.15,TOUCHED,-0.02,below,994.0,994.15,996.4,998.65,994.15,0.452,42.5,0.051,0,2026-07-28,2026-07-29,False,False,5.0,2026-07-29T13:09:37+05:30
DRREDDY,1139.6,TOUCHED,0.56,above,1146.0,1139.6,1138.27,1139.6,1136.93,0.234,42.7,0.021,0,2026-07-28,2026-07-29,False,False,5.0,2026-07-29T13:09:37+05:30
IGL,151.0,TOUCHED,0.74,above,152.12,151.0,150.76,151.0,150.51,0.323,42.7,0.046,0,2026-07-27,2026-07-29,False,False,5.0,2026-07-29T13:09:37+05:30
MAZDOCK,2305.6,TOUCHED,0.07,inside,2307.2,2305.6,2305.6,2310.5,2300.7,0.425,43.3,0.045,0,2026-07-28,2026-07-29,False,False,5.0,2026-07-29T13:09:37+05:30
ONGC,238.62,TOUCHED,0.41,above,239.6,238.62,238.33,238.62,238.03,0.245,43.8,0.03,0,2026-07-28,2026-07-29,False,False,5.0,2026-07-29T13:09:37+05:30
HBLENGINE,710.2,TOUCHED,0.15,inside,711.25,710.2,710.2,711.97,708.42,0.5,44.1,0.037,0,2026-07-27,2026-07-29,False,False,5.0,2026-07-29T13:09:37+05:30
CENTRALBK,31.06,TOUCHED,0.43,above,31.19,31.06,31.0,31.06,30.94,0.355,44.4,0.042,0,2026-07-28,2026-07-29,False,False,5.0,2026-07-29T13:09:37+05:30
GABRIEL,1415.67,TOUCHED,-0.09,inside,1414.4,1415.67,1415.67,1419.6,1411.73,0.556,45.2,0.033,0,2026-07-28,2026-07-29,False,False,5.0,2026-07-29T13:09:37+05:30
SHYAMMETL,1030.28,TOUCHED,-0.24,below,1027.85,1030.28,1031.88,1033.49,1030.28,0.312,45.5,0.015,0,2026-07-27,2026-07-29,False,False,5.0,2026-07-29T13:09:37+05:30
ENGINERSIN,224.27,TOUCHED,0.12,above,224.55,224.27,223.71,224.27,223.15,0.501,45.8,0.04,0,2026-07-28,2026-07-29,False,False,5.0,2026-07-29T13:09:37+05:30
ADANIENT,3012.17,TOUCHED,0.13,inside,3016.0,3012.17,3012.17,3017.1,3007.23,0.328,46.0,0.026,0,2026-07-28,2026-07-29,False,False,5.0,2026-07-29T13:09:37+05:30
SOBHA,1366.73,TOUCHED,0.14,inside,1368.6,1366.73,1366.73,1369.5,1363.97,0.405,46.0,0.028,0,2026-07-27,2026-07-29,False,False,5.0,2026-07-29T13:09:37+05:30
GESHIP,1380.38,TOUCHED,-0.11,below,1378.9,1380.38,1383.37,1386.35,1380.38,0.431,46.8,0.043,0,2026-07-28,2026-07-29,False,False,5.0,2026-07-29T13:09:37+05:30
TARIL,297.45,TOUCHED,0.25,inside,298.2,297.45,297.45,298.38,296.53,0.622,47.1,0.054,0,2026-07-28,2026-07-29,False,False,5.0,2026-07-29T13:09:37+05:30
TMCV,415.78,TOUCHED,0.0,above,415.8,415.78,414.87,415.78,413.95,0.442,47.2,0.023,0,2026-07-28,2026-07-29,False,False,5.0,2026-07-29T13:09:37+05:30
VIJAYA,1356.08,TOUCHED,0.19,above,1358.7,1356.08,1353.07,1356.08,1350.05,0.446,47.4,0.037,0,2026-07-28,2026-07-29,False,False,5.0,2026-07-29T13:09:37+05:30
FLUOROCHEM,4579.37,TOUCHED,-0.1,inside,4574.9,4579.37,4579.37,4587.3,4571.43,0.346,47.7,0.022,0,2026-07-27,2026-07-29,False,False,5.0,2026-07-29T13:09:37+05:30
POLYCAB,9072.25,TOUCHED,-0.12,below,9061.0,9072.25,9088.67,9105.08,9072.25,0.361,47.7,0.04,0,2026-07-28,2026-07-29,False,False,5.0,2026-07-29T13:09:37+05:30
ABFRL,57.07,TOUCHED,1.38,above,57.86,57.07,56.95,57.07,56.83,0.439,47.9,0.024,0,2026-07-28,2026-07-29,False,False,5.0,2026-07-29T13:09:37+05:30
ATHERENERG,1212.55,TOUCHED,2.1,above,1238.0,1212.55,1209.03,1212.55,1205.52,0.582,48.2,0.053,0,2026-07-28,2026-07-29,False,False,5.0,2026-07-29T13:09:37+05:30
ELECON,425.0,TOUCHED,-0.47,below,423.0,425.0,426.3,427.6,425.0,0.61,48.2,0.036,0,2026-07-27,2026-07-29,False,False,5.0,2026-07-29T13:09:37+05:30
AADHARHFC,498.7,TOUCHED,-0.86,below,494.4,498.7,499.55,500.4,498.7,0.34,49.0,0.025,0,2026-07-28,2026-07-29,False,False,5.0,2026-07-29T13:09:37+05:30
BLUESTARCO,1653.7,TOUCHED,0.38,above,1660.0,1653.7,1650.2,1653.7,1646.7,0.424,49.3,0.042,0,2026-07-27,2026-07-29,False,False,5.0,2026-07-29T13:09:37+05:30
JPPOWER,17.01,TOUCHED,0.08,inside,17.02,17.01,17.01,17.05,16.96,0.51,49.3,0.037,0,2026-07-28,2026-07-29,False,False,5.0,2026-07-29T13:09:37+05:30
INDUSINDBK,997.6,TOUCHED,1.17,above,1009.3,997.6,995.72,997.6,993.83,0.378,49.6,0.031,0,2026-07-28,2026-07-29,False,False,5.0,2026-07-29T13:09:37+05:30
IOC,141.52,TOUCHED,-1.16,below,139.88,141.52,141.75,141.99,141.52,0.334,49.6,0.021,0,2026-07-28,2026-07-29,False,False,5.0,2026-07-29T13:09:37+05:30
RAINBOW,1480.9,TOUCHED,1.28,above,1499.8,1480.9,1478.3,1480.9,1475.7,0.352,49.6,0.031,0,2026-07-27,2026-07-29,False,False,5.0,2026-07-29T13:09:37+05:30
TITAGARH,822.8,TOUCHED,1.23,above,832.95,822.8,820.57,822.8,818.33,0.544,49.9,0.051,0,2026-07-27,2026-07-29,False,False,5.0,2026-07-29T13:09:37+05:30
NHPC,78.42,TOUCHED,-0.45,below,78.07,78.42,78.56,78.7,78.42,0.356,50.1,0.035,0,2026-07-28,2026-07-29,False,False,5.0,2026-07-29T13:09:37+05:30
BDL,1264.6,TOUCHED,0.0,inside,1264.6,1264.6,1264.6,1267.8,1261.4,0.506,50.4,0.047,0,2026-07-28,2026-07-29,False,False,5.0,2026-07-29T13:09:37+05:30
NUVOCO,351.95,TOUCHED,-0.01,inside,351.9,351.95,351.95,352.7,351.2,0.426,51.0,0.039,0,2026-07-28,2026-07-29,False,False,5.0,2026-07-29T13:09:37+05:30
EMCURE,1910.35,TOUCHED,-1.25,below,1886.5,1910.35,1915.17,1919.98,1910.35,0.503,51.2,0.031,0,2026-07-27,2026-07-29,False,False,5.0,2026-07-29T13:09:37+05:30
MAHABANK,80.79,TOUCHED,-0.31,below,80.54,80.79,80.95,81.12,80.79,0.399,51.2,0.034,0,2026-07-27,2026-07-29,False,False,5.0,2026-07-29T13:09:37+05:30
GODREJCP,1071.82,TOUCHED,0.24,above,1074.4,1071.82,1069.93,1071.82,1068.05,0.352,51.8,0.037,0,2026-07-27,2026-07-29,False,False,5.0,2026-07-29T13:09:37+05:30
KPRMILL,1058.68,TOUCHED,-0.33,below,1055.2,1058.68,1061.37,1064.05,1058.68,0.506,51.8,0.054,0,2026-07-27,2026-07-29,False,False,5.0,2026-07-29T13:09:37+05:30
PAGEIND,40039.17,TOUCHED,-0.1,below,40000.0,40039.17,40108.33,40177.5,40039.17,0.345,51.8,0.027,0,2026-07-27,2026-07-29,False,False,5.0,2026-07-29T13:09:37+05:30
TATASTEEL,183.57,TOUCHED,2.12,above,187.46,183.57,183.26,183.57,182.95,0.344,52.1,0.023,0,2026-07-28,2026-07-29,False,False,5.0,2026-07-29T13:09:37+05:30
TEJASNET,498.48,TOUCHED,4.92,above,523.0,498.48,497.08,498.48,495.69,0.56,52.1,0.042,0,2026-07-28,2026-07-29,False,False,5.0,2026-07-29T13:09:37+05:30
INDIAMART,1762.93,TOUCHED,-0.82,below,1748.5,1762.93,1766.17,1769.4,1762.93,0.366,52.9,0.025,0,2026-07-27,2026-07-29,False,False,5.0,2026-07-29T13:09:37+05:30
MOTHERSON,147.9,TOUCHED,-1.26,below,146.04,147.9,148.26,148.61,147.9,0.481,53.2,0.033,0,2026-07-27,2026-07-29,False,False,5.0,2026-07-29T13:09:37+05:30
JKCEMENT,5690.0,TOUCHED,-0.72,below,5649.0,5690.0,5703.33,5716.67,5690.0,0.468,53.4,0.033,0,2026-07-27,2026-07-29,False,False,5.0,2026-07-29T13:09:37+05:30
RITES,215.67,TOUCHED,1.45,above,218.8,215.67,215.21,215.67,214.75,0.427,53.4,0.025,0,2026-07-28,2026-07-29,False,False,5.0,2026-07-29T13:09:37+05:30
ABCAPITAL,394.23,TOUCHED,0.21,above,395.05,394.23,393.27,394.23,392.31,0.487,53.7,0.038,0,2026-07-28,2026-07-29,False,False,5.0,2026-07-29T13:09:37+05:30
LGEINDIA,1518.45,TOUCHED,0.08,above,1519.6,1518.45,1515.7,1518.45,1512.95,0.363,53.8,0.008,0,2026-07-28,2026-07-29,False,False,5.0,2026-07-29T13:09:37+05:30
ABBOTINDIA,27850.83,TOUCHED,-0.27,below,27775.0,27850.83,27901.67,27952.5,27850.83,0.364,54.5,0.036,0,2026-07-27,2026-07-29,False,False,5.0,2026-07-29T13:09:37+05:30
HINDCOPPER,477.73,TOUCHED,0.55,above,480.35,477.73,476.2,477.73,474.67,0.64,54.5,0.036,0,2026-07-28,2026-07-29,False,False,5.0,2026-07-29T13:09:37+05:30
HDFCAMC,2547.25,TOUCHED,0.28,above,2554.3,2547.25,2542.1,2547.25,2536.95,0.405,55.1,0.025,0,2026-07-27,2026-07-29,False,False,5.0,2026-07-29T13:09:37+05:30
SCI,279.77,TOUCHED,-0.1,below,279.5,279.77,280.63,281.5,279.77,0.618,55.3,0.045,0,2026-07-28,2026-07-29,False,False,5.0,2026-07-29T13:09:37+05:30
SAGILITY,43.55,TOUCHED,2.48,above,44.63,43.55,43.42,43.55,43.29,0.599,55.6,0.045,0,2026-07-28,2026-07-29,False,False,5.0,2026-07-29T13:09:37+05:30
ADANIENSOL,1658.5,TOUCHED,0.04,inside,1659.2,1658.5,1658.5,1663.0,1654.0,0.543,55.9,0.03,0,2026-07-28,2026-07-29,False,False,5.0,2026-07-29T13:09:37+05:30
HDFCLIFE,556.8,TOUCHED,0.09,inside,557.3,556.8,556.8,557.78,555.83,0.35,55.9,0.018,0,2026-07-28,2026-07-29,False,False,5.0,2026-07-29T13:09:37+05:30
BSOFT,302.45,TOUCHED,2.91,above,311.25,302.45,301.6,302.45,300.75,0.564,56.2,0.036,0,2026-07-28,2026-07-29,False,False,5.0,2026-07-29T13:09:37+05:30
MRPL,161.65,TOUCHED,0.77,above,162.89,161.65,161.11,161.65,160.57,0.67,56.7,0.056,0,2026-07-28,2026-07-29,False,False,5.0,2026-07-29T13:09:37+05:30
NATIONALUM,342.2,TOUCHED,0.54,above,344.05,342.2,341.25,342.2,340.3,0.557,56.7,0.041,0,2026-07-27,2026-07-29,False,False,5.0,2026-07-29T13:09:37+05:30
ASTERDM,811.55,TOUCHED,1.76,above,825.85,811.55,809.6,811.55,807.65,0.482,57.0,0.03,0,2026-07-28,2026-07-29,False,False,5.0,2026-07-29T13:09:37+05:30
AWL,188.92,TOUCHED,0.48,above,189.83,188.92,188.49,188.92,188.06,0.451,57.0,0.044,0,2026-07-27,2026-07-29,False,False,5.0,2026-07-29T13:09:37+05:30
CHOICEIN,801.61,TOUCHED,-0.76,below,795.5,801.61,803.22,804.83,801.61,0.4,57.3,0.026,0,2026-07-27,2026-07-29,False,False,5.0,2026-07-29T13:09:37+05:30
IRFC,87.7,TOUCHED,1.39,above,88.92,87.7,87.52,87.7,87.33,0.419,57.3,0.035,0,2026-07-28,2026-07-29,False,False,5.0,2026-07-29T13:09:37+05:30
PCBL,325.32,TOUCHED,0.43,above,326.7,325.32,324.48,325.32,323.65,0.514,57.3,0.05,0,2026-07-27,2026-07-29,False,False,5.0,2026-07-29T13:09:37+05:30
NIACL,163.9,TOUCHED,-0.05,inside,163.82,163.9,163.9,164.32,163.49,0.506,57.5,0.032,0,2026-07-28,2026-07-29,False,False,5.0,2026-07-29T13:09:37+05:30
ZENSARTECH,529.05,TOUCHED,1.66,above,537.85,529.05,527.58,529.05,526.12,0.556,57.5,0.035,0,2026-07-28,2026-07-29,False,False,5.0,2026-07-29T13:09:37+05:30
UTIAMC,901.72,TOUCHED,0.89,above,909.7,901.72,899.43,901.72,897.15,0.508,57.8,0.043,0,2026-07-27,2026-07-29,False,False,5.0,2026-07-29T13:09:37+05:30
ASHOKLEY,157.13,TOUCHED,0.7,above,158.23,157.13,156.76,157.13,156.39,0.47,58.1,0.027,0,2026-07-28,2026-07-29,False,False,5.0,2026-07-29T13:09:37+05:30
GODIGIT,253.1,TOUCHED,-0.63,below,251.5,253.1,253.67,254.23,253.1,0.447,58.1,0.031,0,2026-07-27,2026-07-29,False,False,5.0,2026-07-29T13:09:37+05:30
LEMONTREE,110.58,TOUCHED,-0.16,below,110.41,110.58,110.86,111.13,110.58,0.493,58.1,0.029,0,2026-07-28,2026-07-29,False,False,5.0,2026-07-29T13:09:37+05:30
UNIONBANK,169.55,TOUCHED,0.95,above,171.16,169.55,169.11,169.55,168.68,0.516,58.4,0.048,0,2026-07-28,2026-07-29,False,False,5.0,2026-07-29T13:09:37+05:30
WELCORP,1638.55,TOUCHED,3.27,above,1692.2,1638.55,1634.0,1638.55,1629.45,0.557,58.4,0.051,0,2026-07-28,2026-07-29,False,False,5.0,2026-07-29T13:09:37+05:30
OLECTRA,1332.07,TOUCHED,-0.19,below,1329.6,1332.07,1336.03,1340.0,1332.07,0.594,59.7,0.034,0,2026-07-27,2026-07-29,False,False,5.0,2026-07-29T13:09:37+05:30
TRITURBINE,618.52,TOUCHED,-0.08,below,618.0,618.52,620.15,621.78,618.52,0.524,60.0,0.021,0,2026-07-27,2026-07-29,False,False,5.0,2026-07-29T13:09:37+05:30
ZENTEC,1646.0,TOUCHED,-0.04,below,1645.4,1646.0,1651.4,1656.8,1646.0,0.654,60.5,0.015,0,2026-07-28,2026-07-29,False,False,5.0,2026-07-29T13:09:37+05:30
EIDPARRY,769.02,TOUCHED,0.21,above,770.65,769.02,766.88,769.02,764.75,0.556,60.8,0.032,0,2026-07-27,2026-07-29,False,False,5.0,2026-07-29T13:09:37+05:30
FORTIS,949.25,TOUCHED,0.15,above,950.65,949.25,946.93,949.25,944.62,0.489,60.8,0.034,0,2026-07-27,2026-07-29,False,False,5.0,2026-07-29T13:09:37+05:30
INDIACEM,393.18,TOUCHED,1.05,above,397.3,393.18,392.1,393.18,391.03,0.548,61.1,0.03,0,2026-07-28,2026-07-29,False,False,5.0,2026-07-29T13:09:37+05:30
DATAPATTNS,4421.2,TOUCHED,0.02,inside,4422.3,4421.2,4421.2,4440.95,4401.45,0.893,61.9,0.075,0,2026-07-28,2026-07-29,False,False,5.0,2026-07-29T13:09:37+05:30
ABLBL,94.15,TOUCHED,-0.16,below,94.0,94.15,94.42,94.7,94.15,0.586,62.0,0.054,0,2026-07-28,2026-07-29,False,False,5.0,2026-07-29T13:09:37+05:30
TRAVELFOOD,1287.45,TOUCHED,0.37,above,1292.2,1287.45,1283.77,1287.45,1280.08,0.574,62.5,0.031,0,2026-07-27,2026-07-29,False,False,5.0,2026-07-29T13:09:37+05:30
ZYDUSLIFE,1105.55,TOUCHED,1.9,above,1126.6,1105.55,1103.43,1105.55,1101.32,0.384,62.5,0.024,0,2026-07-28,2026-07-29,False,False,5.0,2026-07-29T13:09:37+05:30
ABDL,631.55,TOUCHED,1.11,above,638.55,631.55,629.13,631.55,626.72,0.768,63.3,0.075,0,2026-07-27,2026-07-29,False,False,5.0,2026-07-29T13:09:37+05:30
BHEL,407.03,TOUCHED,-0.42,below,405.3,407.03,408.3,409.58,407.03,0.625,63.3,0.052,0,2026-07-28,2026-07-29,False,False,5.0,2026-07-29T13:09:37+05:30
UNOMINDA,1158.77,TOUCHED,0.61,above,1165.8,1158.77,1155.13,1158.77,1151.5,0.629,63.8,0.05,0,2026-07-27,2026-07-29,False,False,5.0,2026-07-29T13:09:37+05:30
CIPLA,1442.15,TOUCHED,2.96,above,1484.9,1442.15,1439.7,1442.15,1437.25,0.34,64.1,0.022,0,2026-07-28,2026-07-29,False,False,5.0,2026-07-29T13:09:37+05:30
JUBLINGREA,733.75,TOUCHED,0.85,above,740.0,733.75,731.28,733.75,728.82,0.675,64.1,0.036,0,2026-07-28,2026-07-29,False,False,5.0,2026-07-29T13:09:37+05:30
ABREL,1401.13,TOUCHED,-0.08,inside,1400.0,1401.13,1401.13,1405.85,1396.42,0.673,64.7,0.029,0,2026-07-28,2026-07-29,False,False,5.0,2026-07-29T13:09:37+05:30
PATANJALI,345.07,TOUCHED,1.43,above,350.0,345.07,344.37,345.07,343.66,0.411,64.7,0.019,0,2026-07-28,2026-07-29,False,False,5.0,2026-07-29T13:09:37+05:30
ACC,1349.25,TOUCHED,2.35,above,1380.9,1349.25,1346.77,1349.25,1344.28,0.369,64.9,0.033,0,2026-07-28,2026-07-29,False,False,5.0,2026-07-29T13:09:37+05:30
PREMIERENE,1033.43,TOUCHED,-0.04,inside,1033.0,1033.43,1033.43,1036.67,1030.2,0.626,65.2,0.029,0,2026-07-27,2026-07-29,False,False,5.0,2026-07-29T13:09:37+05:30
ICICIPRULI,508.62,TOUCHED,0.33,above,510.3,508.62,507.43,508.62,506.25,0.466,65.5,0.023,0,2026-07-27,2026-07-29,False,False,5.0,2026-07-29T13:09:37+05:30
TRIDENT,24.91,TOUCHED,0.01,inside,24.91,24.91,24.91,24.97,24.84,0.509,65.8,0.028,0,2026-07-28,2026-07-29,False,False,5.0,2026-07-29T13:09:37+05:30
HAL,4575.07,TOUCHED,-0.07,inside,4571.8,4575.07,4575.07,4587.58,4562.55,0.547,66.3,0.038,0,2026-07-28,2026-07-29,False,False,5.0,2026-07-29T13:09:37+05:30
IRB,19.78,TOUCHED,0.68,above,19.91,19.78,19.72,19.78,19.67,0.524,66.3,0.038,0,2026-07-27,2026-07-29,False,False,5.0,2026-07-29T13:09:37+05:30
GROWW,196.1,TOUCHED,-0.3,below,195.52,196.1,196.9,197.71,196.1,0.814,66.9,0.033,0,2026-07-28,2026-07-29,False,False,5.0,2026-07-29T13:09:37+05:30
CAMS,795.53,TOUCHED,-0.13,inside,794.5,795.53,795.53,797.92,793.15,0.599,67.1,0.049,0,2026-07-28,2026-07-29,False,False,5.0,2026-07-29T13:09:37+05:30
PNBHOUSING,1068.55,TOUCHED,-0.97,below,1058.2,1068.55,1071.87,1075.18,1068.55,0.619,67.7,0.027,0,2026-07-27,2026-07-29,False,False,5.0,2026-07-29T13:09:37+05:30
DEVYANI,115.66,TOUCHED,4.41,above,120.76,115.66,115.26,115.66,114.85,0.697,68.2,0.04,0,2026-07-27,2026-07-29,False,False,5.0,2026-07-29T13:09:37+05:30
M&M,3230.03,TOUCHED,0.12,above,3234.0,3230.03,3221.47,3230.03,3212.9,0.532,68.2,0.026,0,2026-07-27,2026-07-29,False,False,5.0,2026-07-29T13:09:37+05:30
COLPAL,2131.87,TOUCHED,0.1,above,2134.0,2131.87,2127.13,2131.87,2122.4,0.445,68.5,0.024,0,2026-07-27,2026-07-29,False,False,5.0,2026-07-29T13:09:37+05:30
ANTHEM,785.48,TOUCHED,0.25,inside,787.45,785.48,785.48,788.02,782.95,0.645,69.3,0.042,0,2026-07-27,2026-07-29,False,False,5.0,2026-07-29T13:09:37+05:30
CHOLAHLDNG,1531.9,TOUCHED,-0.78,below,1519.9,1531.9,1537.3,1542.7,1531.9,0.703,69.3,0.026,0,2026-07-27,2026-07-29,False,False,5.0,2026-07-29T13:09:37+05:30
SWANCORP,311.43,TOUCHED,-0.03,inside,311.35,311.43,311.43,312.65,310.22,0.781,69.6,0.034,0,2026-07-28,2026-07-29,False,False,5.0,2026-07-29T13:09:37+05:30
LICHSGFIN,550.27,TOUCHED,0.22,above,551.45,550.27,548.78,550.27,547.3,0.541,69.9,0.021,0,2026-07-27,2026-07-29,False,False,5.0,2026-07-29T13:09:37+05:30
HINDPETRO,396.25,TOUCHED,-0.47,below,394.4,396.25,397.52,398.78,396.25,0.637,70.1,0.034,0,2026-07-28,2026-07-29,False,False,5.0,2026-07-29T13:09:37+05:30
NTPC,344.52,TOUCHED,-0.34,below,343.35,344.52,345.28,346.05,344.52,0.444,70.7,0.016,0,2026-07-28,2026-07-29,False,False,5.0,2026-07-29T13:09:37+05:30
IFCI,69.48,TOUCHED,2.69,above,71.35,69.48,69.16,69.48,68.84,0.925,71.2,0.102,0,2026-07-28,2026-07-29,False,False,5.0,2026-07-29T13:09:37+05:30
BEML,1772.6,TOUCHED,0.68,above,1784.7,1772.6,1765.1,1772.6,1757.6,0.85,71.8,0.028,0,2026-07-27,2026-07-29,False,False,5.0,2026-07-29T13:09:37+05:30
SAMMAANCAP,162.78,TOUCHED,-0.24,below,162.39,162.78,163.51,164.24,162.78,0.887,71.8,0.04,0,2026-07-27,2026-07-29,False,False,5.0,2026-07-29T13:09:37+05:30
ZYDUSWELL,555.6,TOUCHED,0.32,above,557.4,555.6,553.55,555.6,551.5,0.741,71.8,0.034,0,2026-07-28,2026-07-29,False,False,5.0,2026-07-29T13:09:37+05:30
FORCEMOT,17362.0,TOUCHED,-0.43,below,17288.0,17362.0,17456.0,17550.0,17362.0,1.077,72.1,0.052,0,2026-07-27,2026-07-29,False,False,5.0,2026-07-29T13:09:37+05:30
SCHAEFFLER,4160.27,TOUCHED,0.28,inside,4171.8,4160.27,4160.27,4172.88,4147.65,0.607,72.1,0.037,0,2026-07-27,2026-07-29,False,False,5.0,2026-07-29T13:09:37+05:30
3MINDIA,35490.0,TOUCHED,0.44,above,35645.0,35490.0,35391.67,35490.0,35293.33,0.556,72.6,0.028,0,2026-07-27,2026-07-29,False,False,5.0,2026-07-29T13:09:37+05:30
360ONE,1128.47,TOUCHED,0.83,above,1137.8,1128.47,1124.23,1128.47,1120.0,0.753,73.2,0.034,0,2026-07-27,2026-07-29,False,False,5.0,2026-07-29T13:09:37+05:30
KPIL,1279.4,TOUCHED,1.17,above,1294.4,1279.4,1274.77,1279.4,1270.13,0.727,73.7,0.043,0,2026-07-28,2026-07-29,False,False,5.0,2026-07-29T13:09:37+05:30
KAJARIACER,1224.0,TOUCHED,-1.36,below,1207.3,1224.0,1228.0,1232.0,1224.0,0.651,74.0,0.029,0,2026-07-27,2026-07-29,False,False,5.0,2026-07-29T13:09:37+05:30
BSE,3506.45,TOUCHED,0.91,above,3538.4,3506.45,3490.23,3506.45,3474.02,0.929,74.5,0.022,0,2026-07-28,2026-07-29,False,False,5.0,2026-07-29T13:09:37+05:30
CPPLUS,3449.45,TOUCHED,-0.44,below,3434.1,3449.45,3467.7,3485.95,3449.45,1.053,74.6,0.037,0,2026-07-28,2026-07-29,False,False,5.0,2026-07-29T13:09:37+05:30
CIEINDIA,412.28,TOUCHED,0.5,above,414.35,412.28,410.95,412.28,409.62,0.645,75.1,0.029,0,2026-07-28,2026-07-29,False,False,5.0,2026-07-29T13:09:37+05:30
HOMEFIRST,1187.52,TOUCHED,-1.89,below,1165.1,1187.52,1192.53,1197.55,1187.52,0.841,75.6,0.042,0,2026-07-27,2026-07-29,False,False,5.0,2026-07-29T13:09:37+05:30
NAVINFLUOR,7600.75,TOUCHED,0.08,above,7607.0,7600.75,7571.33,7600.75,7541.92,0.777,75.6,0.046,0,2026-07-28,2026-07-29,False,False,5.0,2026-07-29T13:09:37+05:30
AIAENG,4620.08,TOUCHED,0.07,above,4623.5,4620.08,4605.67,4620.08,4591.25,0.626,75.9,0.041,0,2026-07-27,2026-07-29,False,False,5.0,2026-07-29T13:09:37+05:30
WHIRLPOOL,786.38,TOUCHED,0.02,inside,786.55,786.38,786.38,789.38,783.39,0.761,75.9,0.045,0,2026-07-28,2026-07-29,False,False,5.0,2026-07-29T13:09:37+05:30
MAXHEALTH,1110.6,TOUCHED,0.22,above,1113.0,1110.6,1106.6,1110.6,1102.6,0.723,76.2,0.037,0,2026-07-27,2026-07-29,False,False,5.0,2026-07-29T13:09:37+05:30
STARHEALTH,589.9,TOUCHED,0.86,above,595.0,589.9,587.75,589.9,585.6,0.732,76.4,0.026,0,2026-07-27,2026-07-29,False,False,5.0,2026-07-29T13:09:37+05:30
AARTIIND,482.05,TOUCHED,0.57,above,484.8,482.05,480.28,482.05,478.52,0.736,77.8,0.037,0,2026-07-28,2026-07-29,False,False,5.0,2026-07-29T13:09:37+05:30
BANKBARODA,241.57,TOUCHED,1.07,above,244.15,241.57,240.78,241.57,239.99,0.658,78.1,0.012,0,2026-07-28,2026-07-29,False,False,5.0,2026-07-29T13:09:37+05:30
BBTC,1491.58,TOUCHED,0.2,above,1494.6,1491.58,1486.57,1491.58,1481.55,0.675,78.6,0.032,0,2026-07-27,2026-07-29,False,False,5.0,2026-07-29T13:09:37+05:30
BIKAJI,639.06,TOUCHED,0.42,above,641.75,639.06,636.87,639.06,634.68,0.688,78.6,0.02,0,2026-07-27,2026-07-29,False,False,5.0,2026-07-29T13:09:37+05:30
INOXWIND,76.99,TOUCHED,0.91,above,77.69,76.99,76.64,76.99,76.29,0.913,78.6,0.041,0,2026-07-28,2026-07-29,False,False,5.0,2026-07-29T13:09:37+05:30
MEDANTA,1401.68,TOUCHED,1.73,above,1426.0,1401.68,1396.17,1401.68,1390.65,0.79,78.6,0.028,0,2026-07-27,2026-07-29,False,False,5.0,2026-07-29T13:09:37+05:30
TIINDIA,2810.2,TOUCHED,-0.41,below,2798.7,2810.2,2823.23,2836.27,2810.2,0.923,79.2,0.038,0,2026-07-27,2026-07-29,False,False,5.0,2026-07-29T13:09:37+05:30
IRCTC,490.25,TOUCHED,1.07,above,495.5,490.25,488.82,490.25,487.38,0.586,79.7,0.034,0,2026-07-28,2026-07-29,False,False,5.0,2026-07-29T13:09:37+05:30
ATGL,650.5,TOUCHED,0.23,inside,652.0,650.5,650.5,652.98,648.02,0.761,80.0,0.035,0,2026-07-28,2026-07-29,False,False,5.0,2026-07-29T13:09:37+05:30
SRF,2640.32,TOUCHED,-0.01,below,2640.0,2640.32,2649.13,2657.95,2640.32,0.666,80.0,0.031,0,2026-07-27,2026-07-29,False,False,5.0,2026-07-29T13:09:37+05:30
WAAREEENER,2707.92,TOUCHED,-0.12,below,2704.6,2707.92,2721.53,2735.15,2707.92,1.001,80.5,0.043,0,2026-07-28,2026-07-29,False,False,5.0,2026-07-29T13:09:37+05:30
VEDL,262.5,TOUCHED,0.36,above,263.45,262.5,261.45,262.5,260.4,0.803,80.8,0.03,0,2026-07-28,2026-07-29,False,False,5.0,2026-07-29T13:09:37+05:30
ADANIPOWER,210.23,TOUCHED,-0.44,inside,209.3,210.23,210.23,211.22,209.24,0.943,81.1,0.067,0,2026-07-28,2026-07-29,False,False,5.0,2026-07-29T13:09:37+05:30
MAPMYINDIA,1147.97,TOUCHED,1.4,above,1164.1,1147.97,1142.68,1147.97,1137.39,0.926,81.6,0.027,0,2026-07-27,2026-07-29,False,False,5.0,2026-07-29T13:09:37+05:30
INDUSTOWER,384.73,TOUCHED,-0.07,inside,384.45,384.73,384.73,386.3,383.17,0.814,83.0,0.022,0,2026-07-28,2026-07-29,False,False,5.0,2026-07-29T13:09:37+05:30
PINELABS,149.9,TOUCHED,-2.49,below,146.17,149.9,150.91,151.93,149.9,1.343,83.5,0.053,0,2026-07-28,2026-07-29,False,False,5.0,2026-07-29T13:09:37+05:30
BOSCHLTD,41382.5,TOUCHED,-1.2,below,40885.0,41382.5,41515.0,41647.5,41382.5,0.638,83.8,0.031,0,2026-07-27,2026-07-29,False,False,5.0,2026-07-29T13:09:37+05:30
CANHLIFE,143.65,TOUCHED,3.25,above,148.32,143.65,142.99,143.65,142.33,0.923,84.0,0.023,0,2026-07-28,2026-07-29,False,False,5.0,2026-07-29T13:09:37+05:30
UNITDSPR,1498.7,TOUCHED,-0.03,inside,1498.3,1498.7,1498.7,1503.75,1493.65,0.674,84.1,0.035,0,2026-07-28,2026-07-29,False,False,5.0,2026-07-29T13:09:37+05:30
VMM,108.84,TOUCHED,-0.04,below,108.8,108.84,109.33,109.82,108.84,0.896,84.1,0.026,0,2026-07-27,2026-07-29,False,False,5.0,2026-07-29T13:09:37+05:30
NCC,140.99,TOUCHED,-0.37,inside,140.47,140.99,140.99,141.56,140.41,0.818,84.4,0.027,0,2026-07-27,2026-07-29,False,False,5.0,2026-07-29T13:09:37+05:30
INTELLECT,726.42,TOUCHED,-0.2,inside,725.0,726.42,726.42,730.77,722.06,1.2,84.7,0.042,0,2026-07-27,2026-07-29,False,False,5.0,2026-07-29T13:09:37+05:30
CANFINHOME,816.37,TOUCHED,-0.05,below,816.0,816.37,819.95,823.52,816.37,0.872,85.5,0.021,0,2026-07-27,2026-07-29,False,False,5.0,2026-07-29T13:09:37+05:30
LLOYDSME,2004.1,TOUCHED,2.94,above,2063.1,2004.1,1993.3,2004.1,1982.5,1.084,85.5,0.043,0,2026-07-27,2026-07-29,False,False,5.0,2026-07-29T13:09:37+05:30
IKS,1818.67,TOUCHED,0.24,above,1823.1,1818.67,1808.33,1818.67,1798.0,1.143,85.8,0.02,0,2026-07-27,2026-07-29,False,False,5.0,2026-07-29T13:09:37+05:30
ITCHOTELS,162.54,TOUCHED,0.03,inside,162.6,162.54,162.54,163.31,161.78,0.943,86.3,0.037,0,2026-07-28,2026-07-29,False,False,5.0,2026-07-29T13:09:37+05:30
TATAPOWER,374.23,TOUCHED,0.35,inside,375.55,374.23,374.23,375.68,372.79,0.77,86.3,0.028,0,2026-07-28,2026-07-29,False,False,5.0,2026-07-29T13:09:37+05:30
PVRINOX,1135.0,TOUCHED,0.89,above,1145.15,1135.0,1129.38,1135.0,1123.77,0.995,87.1,0.03,0,2026-07-28,2026-07-29,False,False,5.0,2026-07-29T13:09:37+05:30
PWL,125.96,TOUCHED,2.11,above,128.61,125.96,125.0,125.96,124.04,1.528,87.3,0.07,0,2026-07-27,2026-07-29,False,False,5.0,2026-07-29T13:09:37+05:30
CRISIL,4445.47,TOUCHED,-0.44,inside,4425.8,4445.47,4445.47,4465.88,4425.05,0.919,87.4,0.049,0,2026-07-27,2026-07-29,False,False,5.0,2026-07-29T13:09:37+05:30
TATACHEM,682.5,TOUCHED,0.05,above,682.85,682.5,679.77,682.5,677.03,0.804,87.4,0.021,0,2026-07-28,2026-07-29,False,False,5.0,2026-07-29T13:09:37+05:30
JINDALSTEL,1061.17,TOUCHED,3.18,above,1094.9,1061.17,1056.63,1061.17,1052.1,0.858,87.7,0.034,0,2026-07-27,2026-07-29,False,False,5.0,2026-07-29T13:09:37+05:30
ANANTRAJ,612.25,TOUCHED,0.58,above,615.8,612.25,607.6,612.25,602.95,1.531,87.9,0.086,0,2026-07-27,2026-07-29,False,False,5.0,2026-07-29T13:09:37+05:30
EMAMILTD,409.07,TOUCHED,-0.44,below,407.25,409.07,411.03,413.0,409.07,0.957,89.0,0.021,0,2026-07-28,2026-07-29,False,False,5.0,2026-07-29T13:09:37+05:30
CHALET,833.4,TOUCHED,-0.51,below,829.15,833.4,837.77,842.13,833.4,1.042,89.3,0.023,0,2026-07-27,2026-07-29,False,False,5.0,2026-07-29T13:09:37+05:30
FINCABLES,984.0,TOUCHED,-0.19,inside,982.1,984.0,984.0,989.45,978.55,1.108,89.3,0.019,0,2026-07-28,2026-07-29,False,False,5.0,2026-07-29T13:09:37+05:30
RHIM,396.73,TOUCHED,-0.02,inside,396.65,396.73,396.73,399.18,394.29,1.231,90.4,0.029,0,2026-07-28,2026-07-29,False,False,5.0,2026-07-29T13:09:37+05:30
TEGA,1527.33,TOUCHED,-0.49,inside,1519.8,1527.33,1527.33,1535.75,1518.92,1.102,90.4,0.043,0,2026-07-27,2026-07-29,False,False,5.0,2026-07-29T13:09:37+05:30
HSCL,759.85,TOUCHED,0.28,inside,762.0,759.85,759.85,764.95,754.75,1.342,91.2,0.035,0,2026-07-28,2026-07-29,False,False,5.0,2026-07-29T13:09:37+05:30
ATUL,6763.0,TOUCHED,0.53,above,6799.0,6763.0,6725.33,6763.0,6687.67,1.12,91.5,0.016,0,2026-07-28,2026-07-29,False,False,5.0,2026-07-29T13:09:37+05:30
APARINDS,13716.33,TOUCHED,0.28,inside,13755.0,13716.33,13716.33,13834.5,13598.17,1.723,92.6,0.054,0,2026-07-28,2026-07-29,False,False,5.0,2026-07-29T13:09:37+05:30
COALINDIA,411.83,TOUCHED,-0.23,below,410.9,411.83,413.52,415.2,411.83,0.814,92.6,0.022,0,2026-07-28,2026-07-29,False,False,5.0,2026-07-29T13:09:37+05:30
DABUR,430.25,TOUCHED,0.5,above,432.4,430.25,428.37,430.25,426.48,0.879,93.4,0.035,0,2026-07-28,2026-07-29,False,False,5.0,2026-07-29T13:09:37+05:30
HUDCO,197.05,TOUCHED,0.57,inside,198.18,197.05,197.05,198.35,195.75,1.319,94.0,0.036,0,2026-07-28,2026-07-29,False,False,5.0,2026-07-29T13:09:37+05:30
MSUMI,41.01,TOUCHED,-0.29,below,40.89,41.01,41.25,41.5,41.01,1.18,94.0,0.031,0,2026-07-27,2026-07-29,False,False,5.0,2026-07-29T13:09:37+05:30
TITAN,4828.62,TOUCHED,0.02,above,4829.6,4828.62,4807.53,4828.62,4786.45,0.877,94.0,0.018,0,2026-07-28,2026-07-29,False,False,5.0,2026-07-29T13:09:37+05:30
TTML,39.56,TOUCHED,0.21,inside,39.64,39.56,39.56,39.84,39.27,1.458,94.0,0.046,0,2026-07-28,2026-07-29,False,False,5.0,2026-07-29T13:09:37+05:30
EXIDEIND,431.45,TOUCHED,0.36,above,433.0,431.45,428.77,431.45,426.08,1.252,94.5,0.027,0,2026-07-28,2026-07-29,False,False,5.0,2026-07-29T13:09:37+05:30
LODHA,1291.71,TOUCHED,1.39,above,1309.6,1291.71,1282.02,1291.71,1272.33,1.512,95.3,0.031,0,2026-07-28,2026-07-29,False,False,5.0,2026-07-29T13:09:37+05:30
ENDURANCE,2714.55,TOUCHED,1.87,above,2765.3,2714.55,2696.3,2714.55,2678.05,1.354,95.6,0.046,0,2026-07-27,2026-07-29,False,False,5.0,2026-07-29T13:09:37+05:30
CAPLIPOINT,2581.13,TOUCHED,0.77,inside,2601.1,2581.13,2581.13,2601.27,2561.0,1.56,95.9,0.037,0,2026-07-27,2026-07-29,False,False,5.0,2026-07-29T13:09:37+05:30
RRKABEL,2599.85,TOUCHED,-1.15,below,2569.9,2599.85,2622.8,2645.75,2599.85,1.75,95.9,0.055,0,2026-07-28,2026-07-29,False,False,5.0,2026-07-29T13:09:37+05:30
SBFC,91.03,TOUCHED,-0.86,below,90.24,91.03,91.67,92.32,91.03,1.411,95.9,0.032,0,2026-07-27,2026-07-29,False,False,5.0,2026-07-29T13:09:37+05:30
MARICO,875.6,TOUCHED,0.37,inside,878.85,875.6,875.6,879.42,871.77,0.874,96.2,0.018,0,2026-07-28,2026-07-29,False,False,5.0,2026-07-29T13:09:37+05:30
CROMPTON,247.40,V+N,6.81,above,264.25,247.4,247.4,247.4,247.4,0.0,1.6,0.025,1,2026-07-28,2026-07-29,True,True,5.0,2026-07-29T15:51:58+05:30
TBOTEK,1508.70,V+N,0.92,above,1522.6,1508.7,1508.67,1508.7,1508.63,0.004,1.9,0.033,1,2026-07-28,2026-07-29,True,True,5.0,2026-07-29T15:51:58+05:30
ENDURANCE,2706.87,V+N,2.82,above,2783.3,2706.87,2706.63,2706.87,2706.4,0.017,3.0,0.044,1,2026-07-28,2026-07-29,True,True,5.0,2026-07-29T15:51:58+05:30
PFIZER,4710.40,V+N,0.95,above,4755.1,4710.4,4710.1,4710.4,4709.8,0.013,3.3,0.021,1,2026-07-28,2026-07-29,True,True,5.0,2026-07-29T15:51:58+05:30
LTM,4310.75,V+N,2.6,above,4422.7,4310.75,4310.23,4310.75,4309.72,0.024,3.8,0.032,1,2026-07-28,2026-07-29,True,True,5.0,2026-07-29T15:51:58+05:30
3MINDIA,35085.83,V+N,0.97,above,35425.0,35085.83,35081.67,35085.83,35077.5,0.024,4.4,0.027,1,2026-07-28,2026-07-29,True,True,5.0,2026-07-29T15:51:58+05:30
KALYANKJIL,601.57,V+W,4.49,above,628.6,601.57,594.78,601.57,588.0,2.281,97.3,0.039,1,2026-07-28,2026-07-29,True,False,5.0,2026-07-29T15:51:58+05:30
TVSMOTOR,3971.23,V+W,2.63,above,4075.6,3971.23,3948.97,3971.23,3926.7,1.128,97.5,0.019,1,2026-07-28,2026-07-29,True,False,5.0,2026-07-29T15:51:58+05:30
BEL,391.69,V+W,-1.06,below,387.55,391.69,394.38,397.07,391.69,1.365,97.8,0.026,1,2026-07-28,2026-07-29,True,False,5.0,2026-07-29T15:51:58+05:30
COFORGE,1667.35,V+W,2.85,above,1714.9,1667.35,1648.7,1667.35,1630.05,2.262,98.9,0.028,1,2026-07-28,2026-07-29,True,False,5.0,2026-07-29T15:51:58+05:30
CGCL,232.91,V+W,-2.73,below,226.55,232.91,237.59,242.28,232.91,3.945,99.2,0.049,1,2026-07-28,2026-07-29,True,False,5.0,2026-07-29T15:51:58+05:30
GRAVITA,1663.02,V+W,-2.88,below,1615.2,1663.02,1687.53,1712.05,1663.02,2.906,99.5,0.033,1,2026-07-28,2026-07-29,True,False,5.0,2026-07-29T15:51:58+05:30
SUZLON,48.85,V+W,-2.87,below,47.45,48.85,49.69,50.52,48.85,3.354,99.7,0.033,1,2026-07-28,2026-07-29,True,False,5.0,2026-07-29T15:51:58+05:30
TATAINVEST,654.18,V,3.3,above,675.75,654.18,654.07,654.18,653.95,0.036,6.3,0.025,1,2026-07-28,2026-07-29,True,False,5.0,2026-07-29T15:51:58+05:30
MRF,133110.00,V,0.82,above,134200.0,133110.0,133080.0,133110.0,133050.0,0.045,6.8,0.037,1,2026-07-28,2026-07-29,True,False,5.0,2026-07-29T15:51:58+05:30
JSL,724.90,V,0.5,above,728.5,724.9,724.7,724.9,724.5,0.055,7.1,0.041,1,2026-07-28,2026-07-29,True,False,5.0,2026-07-29T15:51:58+05:30
PERSISTENT,5427.40,V,1.03,above,5483.3,5427.4,5426.4,5427.4,5425.4,0.037,7.4,0.018,1,2026-07-28,2026-07-29,True,False,5.0,2026-07-29T15:51:58+05:30
RECLTD,368.68,V,1.51,above,374.25,368.68,368.6,368.68,368.53,0.041,7.9,0.016,1,2026-07-28,2026-07-29,True,False,5.0,2026-07-29T15:51:58+05:30
ABSLAMC,1000.25,V,1.72,above,1017.5,1000.25,999.9,1000.25,999.55,0.07,8.8,0.033,1,2026-07-28,2026-07-29,True,False,5.0,2026-07-29T15:51:58+05:30
POWERGRID,285.38,V,-0.89,below,282.85,285.38,285.47,285.55,285.38,0.058,10.1,0.018,1,2026-07-28,2026-07-29,True,False,5.0,2026-07-29T15:51:58+05:30
OFSS,11330.17,V,0.85,above,11427.0,11330.17,11326.33,11330.17,11322.5,0.068,10.7,0.024,1,2026-07-28,2026-07-29,True,False,5.0,2026-07-29T15:51:58+05:30
CHOLAFIN,1755.95,V,2.67,above,1802.9,1755.95,1754.97,1755.95,1753.98,0.112,13.2,0.034,1,2026-07-28,2026-07-29,True,False,5.0,2026-07-29T15:51:58+05:30
JIOFIN,237.36,V,5.11,above,249.48,237.36,237.27,237.36,237.17,0.079,13.7,0.02,1,2026-07-28,2026-07-29,True,False,5.0,2026-07-29T15:51:58+05:30
BHARTIARTL,1901.33,V,2.57,above,1950.2,1901.33,1900.87,1901.33,1900.4,0.049,14.2,0.013,1,2026-07-28,2026-07-29,True,False,5.0,2026-07-29T15:51:58+05:30
CCL,1189.60,V,0.76,above,1198.6,1189.6,1189.13,1189.6,1188.67,0.078,14.2,0.015,1,2026-07-28,2026-07-29,True,False,5.0,2026-07-29T15:51:58+05:30
MAPMYINDIA,1137.90,V,2.21,above,1163.1,1137.9,1137.32,1137.9,1136.73,0.103,14.2,0.027,1,2026-07-28,2026-07-29,True,False,5.0,2026-07-29T15:51:58+05:30
NEWGEN,526.52,V,6.45,above,560.5,526.52,526.17,526.52,525.81,0.136,14.2,0.034,1,2026-07-28,2026-07-29,True,False,5.0,2026-07-29T15:51:58+05:30
DIVISLAB,7421.58,V,4.89,above,7784.5,7421.58,7418.17,7421.58,7414.75,0.092,16.2,0.024,1,2026-07-28,2026-07-29,True,False,5.0,2026-07-29T15:51:58+05:30
IRB,19.48,V,2.57,above,19.98,19.48,19.47,19.48,19.46,0.103,16.2,0.038,1,2026-07-28,2026-07-29,True,False,5.0,2026-07-29T15:51:58+05:30
HDFCBANK,736.12,V,1.64,above,748.2,736.12,735.88,736.12,735.64,0.066,17.3,0.019,1,2026-07-28,2026-07-29,True,False,5.0,2026-07-29T15:51:58+05:30
NSLNISP,42.02,V,2.48,above,43.06,42.02,41.98,42.02,41.95,0.159,17.8,0.032,1,2026-07-28,2026-07-29,True,False,5.0,2026-07-29T15:51:58+05:30
AUROPHARMA,1551.85,V,2.5,above,1590.7,1551.85,1550.97,1551.85,1550.08,0.114,19.5,0.038,1,2026-07-28,2026-07-29,True,False,5.0,2026-07-29T15:51:58+05:30
RAILTEL,287.32,V,2.15,above,293.5,287.32,287.07,287.32,286.81,0.18,19.5,0.049,1,2026-07-28,2026-07-29,True,False,5.0,2026-07-29T15:51:58+05:30
INFY,1107.75,V,4.32,above,1155.6,1107.75,1107.07,1107.75,1106.38,0.123,21.4,0.029,1,2026-07-28,2026-07-29,True,False,5.0,2026-07-29T15:51:58+05:30
LUPIN,2400.05,V,1.96,above,2447.0,2400.05,2398.63,2400.05,2397.22,0.118,21.4,0.028,1,2026-07-28,2026-07-29,True,False,5.0,2026-07-29T15:51:58+05:30
ULTRACEMCO,11949.17,V,0.41,above,11998.0,11949.17,11942.33,11949.17,11935.5,0.114,22.5,0.023,1,2026-07-28,2026-07-29,True,False,5.0,2026-07-29T15:51:58+05:30
APOLLOHOSP,8897.83,V,0.42,above,8935.0,8897.83,8892.67,8897.83,8887.5,0.116,22.7,0.017,1,2026-07-28,2026-07-29,True,False,5.0,2026-07-29T15:51:58+05:30
PHOENIXLTD,2025.12,V,-5.66,below,1910.5,2025.12,2027.03,2028.95,2025.12,0.189,23.0,0.047,1,2026-07-28,2026-07-29,True,False,5.0,2026-07-29T15:51:58+05:30
SUNTV,491.85,V,4.27,above,512.85,491.85,491.38,491.85,490.92,0.19,23.0,0.024,1,2026-07-28,2026-07-29,True,False,5.0,2026-07-29T15:51:58+05:30
CYIENT,840.35,V,3.22,above,867.45,840.35,839.57,840.35,838.78,0.187,23.3,0.024,1,2026-07-28,2026-07-29,True,False,5.0,2026-07-29T15:51:58+05:30
CRAFTSMAN,9281.67,V,6.8,above,9913.0,9281.67,9273.33,9281.67,9265.0,0.18,23.6,0.047,1,2026-07-28,2026-07-29,True,False,5.0,2026-07-29T15:51:58+05:30
HCLTECH,1321.50,V,1.73,above,1344.3,1321.5,1320.53,1321.5,1319.57,0.146,24.4,0.022,1,2026-07-28,2026-07-29,True,False,5.0,2026-07-29T15:51:58+05:30
TMPV,325.07,V,1.45,above,329.8,325.07,324.85,325.07,324.62,0.139,24.7,0.02,1,2026-07-28,2026-07-29,True,False,5.0,2026-07-29T15:51:58+05:30
RAMCOCEM,911.28,V,1.12,above,921.5,911.28,910.35,911.28,909.43,0.203,25.8,0.041,1,2026-07-28,2026-07-29,True,False,5.0,2026-07-29T15:51:58+05:30
FORTIS,944.49,V,0.8,above,952.05,944.49,943.53,944.49,942.58,0.203,26.3,0.034,1,2026-07-28,2026-07-29,True,False,5.0,2026-07-29T15:51:58+05:30
CHAMBLFERT,439.85,V,2.64,above,451.45,439.85,439.37,439.85,438.88,0.22,26.8,0.035,1,2026-07-28,2026-07-29,True,False,5.0,2026-07-29T15:51:58+05:30
KARURVYSYA,338.00,V,0.62,above,340.1,338.0,337.6,338.0,337.2,0.237,27.1,0.038,1,2026-07-28,2026-07-29,True,False,5.0,2026-07-29T15:51:58+05:30
JUBLFOOD,431.73,V,1.94,above,440.1,431.73,431.25,431.73,430.78,0.22,27.7,0.018,1,2026-07-28,2026-07-29,True,False,5.0,2026-07-29T15:51:58+05:30
APLAPOLLO,1844.80,V,1.36,above,1869.8,1844.8,1842.9,1844.8,1841.0,0.206,31.2,0.017,1,2026-07-28,2026-07-29,True,False,5.0,2026-07-29T15:51:58+05:30
RVNL,222.33,V,1.13,above,224.83,222.33,222.0,222.33,221.67,0.296,33.7,0.034,1,2026-07-28,2026-07-29,True,False,5.0,2026-07-29T15:51:58+05:30
CEATLTD,3395.73,V,1.12,above,3433.8,3395.73,3390.07,3395.73,3384.4,0.334,34.5,0.037,1,2026-07-28,2026-07-29,True,False,5.0,2026-07-29T15:51:58+05:30
KAYNES,3220.48,V,12.98,above,3638.6,3220.48,3213.27,3220.48,3206.05,0.449,37.5,0.046,1,2026-07-28,2026-07-29,True,False,5.0,2026-07-29T15:51:58+05:30
TATAELXSI,3595.25,V,2.17,above,3673.4,3595.25,3590.77,3595.25,3586.28,0.25,38.6,0.033,1,2026-07-28,2026-07-29,True,False,5.0,2026-07-29T15:51:58+05:30
TATATECH,737.57,V,0.66,above,742.4,737.57,736.53,737.57,735.5,0.281,39.2,0.033,1,2026-07-28,2026-07-29,True,False,5.0,2026-07-29T15:51:58+05:30
TATACOMM,1761.67,V,1.08,above,1780.7,1761.67,1758.83,1761.67,1756.0,0.322,42.2,0.024,1,2026-07-28,2026-07-29,True,False,5.0,2026-07-29T15:51:58+05:30
CDSL,1342.40,V,0.57,above,1350.0,1342.4,1339.7,1342.4,1337.0,0.403,45.2,0.036,1,2026-07-28,2026-07-29,True,False,5.0,2026-07-29T15:51:58+05:30
LLOYDSME,1992.65,V,2.94,above,2051.3,1992.65,1988.13,1992.65,1983.62,0.454,47.4,0.043,1,2026-07-28,2026-07-29,True,False,5.0,2026-07-29T15:51:58+05:30
SUNDARMFIN,4413.67,V,1.51,above,4480.1,4413.67,4405.23,4413.67,4396.8,0.383,47.4,0.029,1,2026-07-28,2026-07-29,True,False,5.0,2026-07-29T15:51:58+05:30
TATACAP,354.37,V,2.1,above,361.8,354.37,353.78,354.37,353.2,0.33,49.0,0.016,1,2026-07-28,2026-07-29,True,False,5.0,2026-07-29T15:51:58+05:30
CONCOR,521.54,V,0.83,above,525.85,521.54,520.68,521.54,519.83,0.33,49.9,0.034,1,2026-07-28,2026-07-29,True,False,5.0,2026-07-29T15:51:58+05:30
SYRMA,1302.38,V,3.15,above,1343.4,1302.38,1298.77,1302.38,1295.15,0.557,50.4,0.045,1,2026-07-28,2026-07-29,True,False,5.0,2026-07-29T15:51:58+05:30
PGEL,583.64,V,4.94,above,612.45,583.64,581.83,583.64,580.02,0.622,51.0,0.054,1,2026-07-28,2026-07-29,True,False,5.0,2026-07-29T15:51:58+05:30
MANAPPURAM,360.50,V,2.68,above,370.15,360.5,359.75,360.5,359.0,0.417,52.1,0.027,1,2026-07-28,2026-07-29,True,False,5.0,2026-07-29T15:51:58+05:30
LT,3826.33,V,2.75,above,3931.4,3826.33,3820.67,3826.33,3815.0,0.297,55.3,0.024,1,2026-07-28,2026-07-29,True,False,5.0,2026-07-29T15:51:58+05:30
ALKEM,5642.08,V,0.54,above,5672.5,5642.08,5632.67,5642.08,5623.25,0.334,56.4,0.026,1,2026-07-28,2026-07-29,True,False,5.0,2026-07-29T15:51:58+05:30
COROMANDEL,2021.12,V,0.82,above,2037.6,2021.12,2015.43,2021.12,2009.75,0.564,57.5,0.04,1,2026-07-28,2026-07-29,True,False,5.0,2026-07-29T15:51:58+05:30
POLICYBZR,1578.55,V,2.07,above,1611.2,1578.55,1573.8,1578.55,1569.05,0.604,57.8,0.039,1,2026-07-28,2026-07-29,True,False,5.0,2026-07-29T15:51:58+05:30
WOCKPHARMA,1883.68,V,1.74,above,1916.5,1883.68,1877.27,1883.68,1870.85,0.684,58.1,0.059,1,2026-07-28,2026-07-29,True,False,5.0,2026-07-29T15:51:58+05:30
SONATSOFTW,300.62,V,5.6,above,317.45,300.62,299.63,300.62,298.64,0.662,60.0,0.033,1,2026-07-28,2026-07-29,True,False,5.0,2026-07-29T15:51:58+05:30
WIPRO,180.79,V,1.56,above,183.61,180.79,180.46,180.79,180.12,0.368,60.3,0.013,1,2026-07-28,2026-07-29,True,False,5.0,2026-07-29T15:51:58+05:30
CGPOWER,846.42,V,-2.0,below,829.5,846.42,848.75,851.08,846.42,0.548,62.2,0.039,1,2026-07-28,2026-07-29,True,False,5.0,2026-07-29T15:51:58+05:30
FSL,265.76,V,10.47,above,293.58,265.76,264.86,265.76,263.96,0.678,64.7,0.033,1,2026-07-28,2026-07-29,True,False,5.0,2026-07-29T15:51:58+05:30
JSWINFRA,319.08,V,-0.79,below,316.55,319.08,319.95,320.82,319.08,0.547,65.8,0.029,1,2026-07-28,2026-07-29,True,False,5.0,2026-07-29T15:51:58+05:30
NAUKRI,1232.53,V,1.24,above,1247.85,1232.53,1228.9,1232.53,1225.28,0.59,66.3,0.023,1,2026-07-28,2026-07-29,True,False,5.0,2026-07-29T15:51:58+05:30
DLF,661.13,V,1.38,above,670.25,661.13,659.22,661.13,657.3,0.581,67.1,0.037,1,2026-07-28,2026-07-29,True,False,5.0,2026-07-29T15:51:58+05:30
KPITTECH,600.53,V,6.36,above,638.75,600.53,598.62,600.53,596.7,0.64,67.1,0.044,1,2026-07-28,2026-07-29,True,False,5.0,2026-07-29T15:51:58+05:30
BRITANNIA,5467.33,V,0.92,above,5517.5,5467.33,5456.17,5467.33,5445.0,0.409,68.8,0.021,1,2026-07-28,2026-07-29,True,False,5.0,2026-07-29T15:51:58+05:30
PPLPHARMA,192.68,V,1.56,above,195.68,192.68,191.93,192.68,191.18,0.782,74.0,0.044,1,2026-07-28,2026-07-29,True,False,5.0,2026-07-29T15:51:58+05:30
GALLANTT,571.33,V,5.6,above,603.3,571.33,568.07,571.33,564.8,1.15,77.3,0.073,1,2026-07-28,2026-07-29,True,False,5.0,2026-07-29T15:51:58+05:30
SWIGGY,267.21,V,7.54,above,287.34,267.21,265.94,267.21,264.68,0.951,78.4,0.047,1,2026-07-28,2026-07-29,True,False,5.0,2026-07-29T15:51:58+05:30
TECHM,1630.08,V,0.87,above,1644.2,1630.08,1624.97,1630.08,1619.85,0.63,80.0,0.038,1,2026-07-28,2026-07-29,True,False,5.0,2026-07-29T15:51:58+05:30
PARADEEP,138.33,V,13.16,above,156.54,138.33,137.45,138.33,136.58,1.278,82.7,0.04,1,2026-07-28,2026-07-29,True,False,5.0,2026-07-29T15:51:58+05:30
SAIL,165.12,V,3.54,above,170.96,165.12,164.39,165.12,163.66,0.888,83.0,0.026,1,2026-07-28,2026-07-29,True,False,5.0,2026-07-29T15:51:58+05:30
LAURUSLABS,1750.88,V,1.74,above,1781.3,1750.88,1742.87,1750.88,1734.85,0.92,85.2,0.017,1,2026-07-28,2026-07-29,True,False,5.0,2026-07-29T15:51:58+05:30
NESTLEIND,1487.15,V,1.09,above,1503.3,1487.15,1482.5,1487.15,1477.85,0.627,86.3,0.032,1,2026-07-28,2026-07-29,True,False,5.0,2026-07-29T15:51:58+05:30
GODREJPROP,2124.93,V,1.46,above,2156.0,2124.93,2113.27,2124.93,2101.6,1.104,86.6,0.048,1,2026-07-28,2026-07-29,True,False,5.0,2026-07-29T15:51:58+05:30
GPIL,243.99,V,3.2,above,251.8,243.99,242.48,243.99,240.97,1.244,90.1,0.022,1,2026-07-28,2026-07-29,True,False,5.0,2026-07-29T15:51:58+05:30
RADICO,4264.82,V,2.56,above,4373.8,4264.82,4239.93,4264.82,4215.05,1.174,90.7,0.021,1,2026-07-28,2026-07-29,True,False,5.0,2026-07-29T15:51:58+05:30
TCS,2388.73,V,2.42,above,2446.6,2388.73,2379.47,2388.73,2370.2,0.779,91.5,0.029,1,2026-07-28,2026-07-29,True,False,5.0,2026-07-29T15:51:58+05:30
IEX,131.24,V,2.25,above,134.19,131.24,130.37,131.24,129.51,1.332,94.0,0.031,1,2026-07-28,2026-07-29,True,False,5.0,2026-07-29T15:51:58+05:30
BLUEDART,5131.83,V,-1.21,below,5069.6,5131.83,5160.17,5188.5,5131.83,1.098,95.3,0.017,1,2026-07-28,2026-07-29,True,False,5.0,2026-07-29T15:51:58+05:30
ETERNAL,306.27,V,1.81,above,311.8,306.27,304.18,306.27,302.1,1.37,95.3,0.028,1,2026-07-28,2026-07-29,True,False,5.0,2026-07-29T15:51:58+05:30
GMRAIRPORT,107.96,NARROW,-0.8,below,107.1,107.96,107.96,107.96,107.96,0.0,0.0,0.019,0,2026-07-28,2026-07-29,False,True,5.0,2026-07-29T15:51:58+05:30
HONAUT,37509.17,NARROW,6.92,above,40105.0,37509.17,37508.33,37509.17,37507.5,0.004,1.1,0.022,0,2026-07-28,2026-07-29,False,True,5.0,2026-07-29T15:51:58+05:30
BOSCHLTD,41311.67,NARROW,-0.6,below,41065.0,41311.67,41313.33,41315.0,41311.67,0.008,1.6,0.029,0,2026-07-28,2026-07-29,False,True,5.0,2026-07-29T15:51:58+05:30
SUPREMEIND,3395.23,NARROW,2.48,above,3479.3,3395.23,3395.07,3395.23,3394.9,0.01,1.9,0.04,0,2026-07-28,2026-07-29,False,True,5.0,2026-07-29T15:51:58+05:30
RKFORGE,630.64,NARROW,1.84,above,642.25,630.64,630.63,630.64,630.62,0.003,2.2,0.046,0,2026-07-28,2026-07-29,False,True,5.0,2026-07-29T15:51:58+05:30
JSWCEMENT,134.19,NARROW,-1.29,below,132.46,134.19,134.2,134.21,134.19,0.017,3.0,0.037,0,2026-07-28,2026-07-29,False,True,5.0,2026-07-29T15:51:58+05:30
LTF,310.93,NARROW,-0.57,below,309.15,310.93,310.95,310.98,310.93,0.016,3.6,0.028,0,2026-07-28,2026-07-29,False,True,5.0,2026-07-29T15:51:58+05:30
MEESHO,181.47,NARROW,-1.1,below,179.47,181.47,181.47,181.48,181.47,0.004,3.8,0.023,0,2026-07-28,2026-07-29,False,True,5.0,2026-07-29T15:51:58+05:30
PTCIL,17880.00,NARROW,0.51,above,17971.0,17880.0,17878.0,17880.0,17876.0,0.022,4.1,0.028,0,2026-07-28,2026-07-29,False,True,5.0,2026-07-29T15:51:58+05:30
BAJFINANCE,1048.70,NARROW,0.54,above,1054.4,1048.7,1048.6,1048.7,1048.5,0.019,4.4,0.025,0,2026-07-28,2026-07-29,False,True,5.0,2026-07-29T15:51:58+05:30
KOTAKBANK,385.26,NARROW,1.28,above,390.2,385.26,385.22,385.26,385.17,0.022,4.4,0.024,0,2026-07-28,2026-07-29,False,True,5.0,2026-07-29T15:51:58+05:30
OBEROIRLTY,1829.10,NARROW,0.4,above,1836.5,1829.1,1828.7,1829.1,1828.3,0.044,4.7,0.044,0,2026-07-28,2026-07-29,False,True,5.0,2026-07-29T15:51:58+05:30
ANGELONE,302.64,NARROW,-0.05,below,302.5,302.64,302.68,302.73,302.64,0.028,4.9,0.029,0,2026-07-28,2026-07-29,False,True,5.0,2026-07-29T15:51:58+05:30
NUVAMA,1839.40,WIDE,-0.66,inside,1827.2,1839.4,1839.4,1854.7,1824.1,1.664,97.0,0.025,0,2026-07-28,2026-07-29,False,False,5.0,2026-07-29T15:51:58+05:30
DMART,3872.62,WIDE,-0.63,below,3848.1,3872.62,3898.63,3924.65,3872.62,1.335,97.8,0.028,0,2026-07-28,2026-07-29,False,False,5.0,2026-07-29T15:51:58+05:30
M&MFIN,370.48,WIDE,6.28,above,393.75,370.48,367.47,370.48,364.45,1.642,97.8,0.039,0,2026-07-28,2026-07-29,False,False,5.0,2026-07-29T15:51:58+05:30
AFFLE,1611.80,WIDE,2.64,above,1654.3,1611.8,1591.8,1611.8,1571.8,2.513,99.2,0.032,0,2026-07-28,2026-07-29,False,False,5.0,2026-07-29T15:51:58+05:30
CUB,231.67,WIDE,-1.21,below,228.86,231.67,233.82,235.98,231.67,1.846,99.2,0.034,0,2026-07-28,2026-07-29,False,False,5.0,2026-07-29T15:51:58+05:30
HINDUNILVR,2114.50,WIDE,0.16,above,2117.8,2114.5,2083.9,2114.5,2053.3,2.937,99.7,0.015,0,2026-07-28,2026-07-29,False,False,5.0,2026-07-29T15:51:58+05:30
VBL,446.50,WIDE,0.16,above,447.2,446.5,441.0,446.5,435.5,2.494,99.7,0.03,0,2026-07-28,2026-07-29,False,False,5.0,2026-07-29T15:51:58+05:30
JSWENERGY,544.48,TOUCHED,0.22,above,545.7,544.48,544.4,544.48,544.33,0.028,5.2,0.024,0,2026-07-28,2026-07-29,False,False,5.0,2026-07-29T15:51:58+05:30
UTIAMC,900.04,TOUCHED,1.67,above,915.05,900.04,899.83,900.04,899.62,0.046,5.5,0.043,0,2026-07-28,2026-07-29,False,False,5.0,2026-07-29T15:51:58+05:30
CONCORDBIO,1256.70,TOUCHED,5.86,above,1330.4,1256.7,1256.5,1256.7,1256.3,0.032,5.8,0.022,0,2026-07-28,2026-07-29,False,False,5.0,2026-07-29T15:51:58+05:30
BHARATFORG,2164.30,TOUCHED,0.33,above,2171.5,2164.3,2163.77,2164.3,2163.23,0.049,6.0,0.034,0,2026-07-28,2026-07-29,False,False,5.0,2026-07-29T15:51:58+05:30
PNBHOUSING,1069.58,TOUCHED,-1.24,below,1056.3,1069.58,1069.77,1069.95,1069.58,0.034,6.3,0.027,0,2026-07-28,2026-07-29,False,False,5.0,2026-07-29T15:51:58+05:30
SHREECEM,26865.00,TOUCHED,-0.15,below,26825.0,26865.0,26868.33,26871.67,26865.0,0.025,6.3,0.013,0,2026-07-28,2026-07-29,False,False,5.0,2026-07-29T15:51:58+05:30
ABDL,619.99,TOUCHED,4.0,above,644.8,619.99,619.68,619.99,619.38,0.1,6.6,0.076,0,2026-07-28,2026-07-29,False,False,5.0,2026-07-29T15:51:58+05:30
SRF,2635.10,TOUCHED,0.33,above,2643.8,2635.1,2634.53,2635.1,2633.97,0.043,6.6,0.034,0,2026-07-28,2026-07-29,False,False,5.0,2026-07-29T15:51:58+05:30
CEMPRO,1341.77,TOUCHED,-0.01,inside,1341.6,1341.77,1341.77,1342.25,1341.28,0.072,6.8,0.04,0,2026-07-28,2026-07-29,False,False,5.0,2026-07-29T15:51:58+05:30
HEG,651.70,TOUCHED,3.21,above,672.65,651.7,651.48,651.7,651.27,0.067,6.8,0.051,0,2026-07-28,2026-07-29,False,False,5.0,2026-07-29T15:51:58+05:30
KIMS,798.57,TOUCHED,-0.07,below,798.0,798.57,798.8,799.03,798.57,0.056,7.4,0.041,0,2026-07-28,2026-07-29,False,False,5.0,2026-07-29T15:51:58+05:30
SYNGENE,409.43,TOUCHED,1.18,above,414.25,409.43,409.33,409.43,409.24,0.045,7.4,0.025,0,2026-07-28,2026-07-29,False,False,5.0,2026-07-29T15:51:58+05:30
BBTC,1493.00,TOUCHED,0.34,above,1498.1,1493.0,1492.57,1493.0,1492.13,0.058,7.7,0.032,0,2026-07-28,2026-07-29,False,False,5.0,2026-07-29T15:51:58+05:30
NH,2071.15,TOUCHED,-0.03,below,2070.6,2071.15,2071.7,2072.25,2071.15,0.053,7.7,0.036,0,2026-07-28,2026-07-29,False,False,5.0,2026-07-29T15:51:58+05:30
MEDANTA,1401.02,TOUCHED,2.28,above,1432.9,1401.02,1400.73,1401.02,1400.45,0.04,7.9,0.028,0,2026-07-28,2026-07-29,False,False,5.0,2026-07-29T15:51:58+05:30
PNB,111.69,TOUCHED,-0.54,below,111.08,111.69,111.72,111.76,111.69,0.063,8.5,0.034,0,2026-07-28,2026-07-29,False,False,5.0,2026-07-29T15:51:58+05:30
GRASIM,3114.15,TOUCHED,-0.04,below,3113.0,3114.15,3114.83,3115.52,3114.15,0.044,9.0,0.017,0,2026-07-28,2026-07-29,False,False,5.0,2026-07-29T15:51:58+05:30
HINDZINC,527.45,TOUCHED,1.75,above,536.7,527.45,527.27,527.45,527.08,0.07,9.0,0.038,0,2026-07-28,2026-07-29,False,False,5.0,2026-07-29T15:51:58+05:30
NEULANDLAB,18895.50,TOUCHED,4.24,above,19697.0,18895.5,18887.33,18895.5,18879.17,0.086,9.0,0.03,0,2026-07-28,2026-07-29,False,False,5.0,2026-07-29T15:51:58+05:30
PFC,420.40,TOUCHED,1.59,above,427.1,420.4,420.23,420.4,420.07,0.079,9.3,0.04,0,2026-07-28,2026-07-29,False,False,5.0,2026-07-29T15:51:58+05:30
ACMESOLAR,356.15,TOUCHED,2.95,above,366.65,356.15,355.93,356.15,355.72,0.122,9.9,0.05,0,2026-07-28,2026-07-29,False,False,5.0,2026-07-29T15:51:58+05:30
ICICIBANK,1431.75,TOUCHED,0.43,above,1437.9,1431.75,1431.43,1431.75,1431.12,0.044,9.9,0.023,0,2026-07-28,2026-07-29,False,False,5.0,2026-07-29T15:51:58+05:30
SAMMAANCAP,163.05,TOUCHED,-0.6,below,162.07,163.05,163.12,163.2,163.05,0.09,9.9,0.04,0,2026-07-28,2026-07-29,False,False,5.0,2026-07-29T15:51:58+05:30
ANURAS,1218.75,TOUCHED,-0.36,below,1214.4,1218.75,1219.1,1219.45,1218.75,0.057,10.4,0.024,0,2026-07-28,2026-07-29,False,False,5.0,2026-07-29T15:51:58+05:30
REDINGTON,277.89,TOUCHED,3.44,above,287.45,277.89,277.73,277.89,277.57,0.114,10.7,0.039,0,2026-07-28,2026-07-29,False,False,5.0,2026-07-29T15:51:58+05:30
TRENT,2929.48,TOUCHED,2.58,above,3005.2,2929.48,2928.27,2929.48,2927.05,0.083,11.0,0.046,0,2026-07-28,2026-07-29,False,False,5.0,2026-07-29T15:51:58+05:30
UNOMINDA,1163.40,TOUCHED,0.46,above,1168.7,1163.4,1162.9,1163.4,1162.4,0.086,11.0,0.05,0,2026-07-28,2026-07-29,False,False,5.0,2026-07-29T15:51:58+05:30
SIGNATURE,801.27,TOUCHED,2.29,above,819.6,801.27,800.95,801.27,800.62,0.081,11.2,0.032,0,2026-07-28,2026-07-29,False,False,5.0,2026-07-29T15:51:58+05:30
IDFCFIRSTB,85.67,TOUCHED,-0.76,below,85.02,85.67,85.7,85.72,85.67,0.062,11.5,0.033,0,2026-07-28,2026-07-29,False,False,5.0,2026-07-29T15:51:58+05:30
SCHNEIDER,1330.35,TOUCHED,-3.72,below,1280.9,1330.35,1331.13,1331.92,1330.35,0.118,11.5,0.028,0,2026-07-28,2026-07-29,False,False,5.0,2026-07-29T15:51:58+05:30
CASTROLIND,184.18,TOUCHED,0.42,above,184.95,184.18,184.14,184.18,184.1,0.045,11.8,0.014,0,2026-07-28,2026-07-29,False,False,5.0,2026-07-29T15:51:58+05:30
RBLBANK,364.74,TOUCHED,1.76,above,371.15,364.74,364.58,364.74,364.43,0.087,11.8,0.032,0,2026-07-28,2026-07-29,False,False,5.0,2026-07-29T15:51:58+05:30
KEI,4848.75,TOUCHED,0.1,above,4853.5,4848.75,4846.83,4848.75,4844.92,0.079,12.1,0.029,0,2026-07-28,2026-07-29,False,False,5.0,2026-07-29T15:51:58+05:30
BAJAJHLDNG,10825.17,TOUCHED,1.14,above,10949.0,10825.17,10819.33,10825.17,10813.5,0.108,12.9,0.025,0,2026-07-28,2026-07-29,False,False,5.0,2026-07-29T15:51:58+05:30
NYKAA,329.12,TOUCHED,-0.49,below,327.5,329.12,329.28,329.44,329.12,0.096,13.7,0.027,0,2026-07-28,2026-07-29,False,False,5.0,2026-07-29T15:51:58+05:30
UCOBANK,26.68,TOUCHED,-0.65,below,26.51,26.68,26.7,26.71,26.68,0.1,14.2,0.013,0,2026-07-28,2026-07-29,False,False,5.0,2026-07-29T15:51:58+05:30
JYOTICNC,808.10,TOUCHED,1.82,above,822.8,808.1,807.55,808.1,807.0,0.136,14.5,0.025,0,2026-07-28,2026-07-29,False,False,5.0,2026-07-29T15:51:58+05:30
PAYTM,1306.87,TOUCHED,1.77,above,1330.0,1306.87,1305.83,1306.87,1304.8,0.158,14.5,0.058,0,2026-07-28,2026-07-29,False,False,5.0,2026-07-29T15:51:58+05:30
GRANULES,843.70,TOUCHED,-0.22,below,841.85,843.7,844.27,844.83,843.7,0.134,15.1,0.037,0,2026-07-28,2026-07-29,False,False,5.0,2026-07-29T15:51:58+05:30
BAJAJFINSV,1925.35,TOUCHED,-0.05,below,1924.4,1925.35,1926.2,1927.05,1925.35,0.088,15.3,0.02,0,2026-07-28,2026-07-29,False,False,5.0,2026-07-29T15:51:58+05:30
SBICARD,655.85,TOUCHED,0.71,above,660.5,655.85,655.53,655.85,655.22,0.097,15.3,0.029,0,2026-07-28,2026-07-29,False,False,5.0,2026-07-29T15:51:58+05:30
AAVAS,1378.35,TOUCHED,0.65,above,1387.3,1378.35,1377.6,1378.35,1376.85,0.109,15.6,0.027,0,2026-07-28,2026-07-29,False,False,5.0,2026-07-29T15:51:58+05:30
MFSL,1506.00,TOUCHED,0.6,above,1515.1,1506.0,1505.3,1506.0,1504.6,0.093,15.6,0.019,0,2026-07-28,2026-07-29,False,False,5.0,2026-07-29T15:51:58+05:30
INDIANB,832.88,TOUCHED,-0.62,below,827.7,832.88,833.33,833.79,832.88,0.11,15.9,0.029,0,2026-07-28,2026-07-29,False,False,5.0,2026-07-29T15:51:58+05:30
CHENNPETRO,1179.58,TOUCHED,2.77,above,1212.3,1179.58,1178.67,1179.58,1177.75,0.156,16.2,0.027,0,2026-07-28,2026-07-29,False,False,5.0,2026-07-29T15:51:58+05:30
CLEAN,729.61,TOUCHED,1.05,above,737.3,729.61,729.12,729.61,728.62,0.135,16.4,0.026,0,2026-07-28,2026-07-29,False,False,5.0,2026-07-29T15:51:58+05:30
IIFL,583.70,TOUCHED,1.95,above,595.1,583.7,583.25,583.7,582.8,0.154,16.4,0.031,0,2026-07-28,2026-07-29,False,False,5.0,2026-07-29T15:51:58+05:30
GRSE,2619.85,TOUCHED,0.24,above,2626.1,2619.85,2616.8,2619.85,2613.75,0.233,16.7,0.067,0,2026-07-28,2026-07-29,False,False,5.0,2026-07-29T15:51:58+05:30
NATCOPHARM,927.02,TOUCHED,0.96,above,935.95,927.02,926.37,927.02,925.71,0.142,16.7,0.023,0,2026-07-28,2026-07-29,False,False,5.0,2026-07-29T15:51:58+05:30
360ONE,1130.95,TOUCHED,2.68,above,1161.3,1130.95,1130.07,1130.95,1129.18,0.156,17.0,0.034,0,2026-07-28,2026-07-29,False,False,5.0,2026-07-29T15:51:58+05:30
ICICIGI,1684.80,TOUCHED,-2.14,below,1648.8,1684.8,1685.8,1686.8,1684.8,0.119,17.3,0.024,0,2026-07-28,2026-07-29,False,False,5.0,2026-07-29T15:51:58+05:30
NBCC,94.67,TOUCHED,-0.07,inside,94.6,94.67,94.67,94.75,94.59,0.165,17.3,0.042,0,2026-07-28,2026-07-29,False,False,5.0,2026-07-29T15:51:58+05:30
PIDILITIND,1621.60,TOUCHED,0.51,above,1629.9,1621.6,1620.93,1621.6,1620.27,0.082,17.3,0.025,0,2026-07-28,2026-07-29,False,False,5.0,2026-07-29T15:51:58+05:30
THELEELA,475.94,TOUCHED,-0.9,below,471.65,475.94,476.28,476.62,475.94,0.143,17.3,0.033,0,2026-07-28,2026-07-29,False,False,5.0,2026-07-29T15:51:58+05:30
AIIL,558.30,TOUCHED,-1.32,below,550.95,558.3,558.9,559.5,558.3,0.215,17.8,0.063,0,2026-07-28,2026-07-29,False,False,5.0,2026-07-29T15:51:58+05:30
MPHASIS,2409.20,TOUCHED,-1.99,below,2361.3,2409.2,2410.63,2412.07,2409.2,0.119,17.8,0.024,0,2026-07-28,2026-07-29,False,False,5.0,2026-07-29T15:51:58+05:30
J&KBANK,176.86,TOUCHED,-12.57,below,154.63,176.86,177.01,177.16,176.86,0.164,18.1,0.029,0,2026-07-28,2026-07-29,False,False,5.0,2026-07-29T15:51:58+05:30
BEML,1763.60,TOUCHED,1.01,above,1781.4,1763.6,1762.13,1763.6,1760.67,0.166,18.4,0.028,0,2026-07-28,2026-07-29,False,False,5.0,2026-07-29T15:51:58+05:30
CHOICEIN,798.02,TOUCHED,0.26,above,800.1,798.02,797.53,798.02,797.04,0.123,18.4,0.026,0,2026-07-28,2026-07-29,False,False,5.0,2026-07-29T15:51:58+05:30
BAJAJHFL,85.62,TOUCHED,2.35,above,87.63,85.62,85.58,85.62,85.54,0.093,18.6,0.025,0,2026-07-28,2026-07-29,False,False,5.0,2026-07-29T15:51:58+05:30
IREDA,120.39,TOUCHED,0.36,above,120.82,120.39,120.29,120.39,120.19,0.169,18.9,0.053,0,2026-07-28,2026-07-29,False,False,5.0,2026-07-29T15:51:58+05:30
AJANTPHARM,3348.50,TOUCHED,1.43,above,3396.5,3348.5,3346.47,3348.5,3344.43,0.122,19.2,0.036,0,2026-07-28,2026-07-29,False,False,5.0,2026-07-29T15:51:58+05:30
ANTHEM,785.67,TOUCHED,0.55,above,790.0,785.67,785.08,785.67,784.49,0.151,19.2,0.042,0,2026-07-28,2026-07-29,False,False,5.0,2026-07-29T15:51:58+05:30
JKTYRE,400.39,TOUCHED,0.29,above,401.55,400.39,399.98,400.39,399.57,0.204,19.2,0.045,0,2026-07-28,2026-07-29,False,False,5.0,2026-07-29T15:51:58+05:30
NETWEB,4379.20,TOUCHED,-0.34,below,4364.1,4379.2,4384.7,4390.2,4379.2,0.251,19.2,0.054,0,2026-07-28,2026-07-29,False,False,5.0,2026-07-29T15:51:58+05:30
SCHAEFFLER,4141.53,TOUCHED,0.44,above,4159.8,4141.53,4138.47,4141.53,4135.4,0.148,19.7,0.037,0,2026-07-28,2026-07-29,False,False,5.0,2026-07-29T15:51:58+05:30
HDFCAMC,2536.85,TOUCHED,0.2,above,2541.9,2536.85,2534.97,2536.85,2533.08,0.149,20.0,0.025,0,2026-07-28,2026-07-29,False,False,5.0,2026-07-29T15:51:58+05:30
SHRIRAMFIN,1043.15,TOUCHED,0.15,above,1044.7,1043.15,1042.4,1043.15,1041.65,0.144,20.0,0.038,0,2026-07-28,2026-07-29,False,False,5.0,2026-07-29T15:51:58+05:30
ANANDRATHI,2039.18,TOUCHED,-0.21,below,2035.0,2039.18,2040.47,2041.75,2039.18,0.126,20.5,0.022,0,2026-07-28,2026-07-29,False,False,5.0,2026-07-29T15:51:58+05:30
HEXT,592.57,TOUCHED,4.34,above,618.3,592.57,591.98,592.57,591.4,0.197,20.6,0.047,0,2026-07-28,2026-07-29,False,False,5.0,2026-07-29T15:51:58+05:30
TRAVELFOOD,1289.27,TOUCHED,-0.14,below,1287.5,1289.27,1290.23,1291.2,1289.27,0.15,20.8,0.031,0,2026-07-28,2026-07-29,False,False,5.0,2026-07-29T15:51:58+05:30
CHALET,841.83,TOUCHED,-0.61,below,836.7,841.83,842.6,843.38,841.83,0.184,21.1,0.023,0,2026-07-28,2026-07-29,False,False,5.0,2026-07-29T15:51:58+05:30
IDBI,85.46,TOUCHED,-1.54,below,84.14,85.46,85.54,85.62,85.46,0.199,21.4,0.047,0,2026-07-28,2026-07-29,False,False,5.0,2026-07-29T15:51:58+05:30
CESC,163.76,TOUCHED,0.22,above,164.12,163.76,163.64,163.76,163.52,0.147,21.9,0.037,0,2026-07-28,2026-07-29,False,False,5.0,2026-07-29T15:51:58+05:30
HONASA,450.73,TOUCHED,-0.31,below,449.35,450.73,451.18,451.64,450.73,0.203,22.5,0.054,0,2026-07-28,2026-07-29,False,False,5.0,2026-07-29T15:51:58+05:30
TITAGARH,813.60,TOUCHED,2.49,above,833.85,813.6,812.53,813.6,811.47,0.263,22.7,0.051,0,2026-07-28,2026-07-29,False,False,5.0,2026-07-29T15:51:58+05:30
GLAND,2434.35,TOUCHED,4.49,above,2543.7,2434.35,2432.33,2434.35,2430.32,0.166,23.0,0.04,0,2026-07-28,2026-07-29,False,False,5.0,2026-07-29T15:51:58+05:30
DOMS,2279.15,TOUCHED,0.05,above,2280.4,2279.15,2277.33,2279.15,2275.52,0.16,23.3,0.027,0,2026-07-28,2026-07-29,False,False,5.0,2026-07-29T15:51:58+05:30
EIDPARRY,767.30,TOUCHED,1.51,above,778.9,767.3,766.55,767.3,765.8,0.196,23.3,0.032,0,2026-07-28,2026-07-29,False,False,5.0,2026-07-29T15:51:58+05:30
ICICIPRULI,509.74,TOUCHED,0.37,above,511.65,509.74,509.38,509.74,509.03,0.141,23.6,0.023,0,2026-07-28,2026-07-29,False,False,5.0,2026-07-29T15:51:58+05:30
YESBANK,22.85,TOUCHED,-0.04,inside,22.84,22.85,22.85,22.87,22.83,0.175,23.6,0.04,0,2026-07-28,2026-07-29,False,False,5.0,2026-07-29T15:51:58+05:30
ABBOTINDIA,27845.00,TOUCHED,-0.36,below,27745.0,27845.0,27865.0,27885.0,27845.0,0.144,23.8,0.036,0,2026-07-28,2026-07-29,False,False,5.0,2026-07-29T15:51:58+05:30
ADANIPORTS,1770.95,TOUCHED,-2.89,below,1719.7,1770.95,1772.2,1773.45,1770.95,0.141,23.8,0.021,0,2026-07-28,2026-07-29,False,False,5.0,2026-07-29T15:51:58+05:30
ASTRAL,1470.02,TOUCHED,0.43,above,1476.3,1470.02,1468.63,1470.02,1467.25,0.188,23.8,0.034,0,2026-07-28,2026-07-29,False,False,5.0,2026-07-29T15:51:58+05:30
FEDERALBNK,357.03,TOUCHED,0.59,above,359.15,357.03,356.82,357.03,356.6,0.121,23.8,0.026,0,2026-07-28,2026-07-29,False,False,5.0,2026-07-29T15:51:58+05:30
TIINDIA,2828.70,TOUCHED,-1.48,below,2786.7,2828.7,2832.1,2835.5,2828.7,0.24,24.4,0.038,0,2026-07-28,2026-07-29,False,False,5.0,2026-07-29T15:51:58+05:30
KEC,465.50,TOUCHED,2.59,above,477.55,465.5,465.0,465.5,464.5,0.215,24.7,0.023,0,2026-07-28,2026-07-29,False,False,5.0,2026-07-29T15:51:58+05:30
AMBUJACEM,426.98,TOUCHED,1.95,above,435.3,426.98,426.65,426.98,426.33,0.152,24.9,0.035,0,2026-07-28,2026-07-29,False,False,5.0,2026-07-29T15:51:58+05:30
CARBORUNIV,1062.52,TOUCHED,-0.61,below,1056.0,1062.52,1063.53,1064.55,1062.52,0.191,24.9,0.029,0,2026-07-28,2026-07-29,False,False,5.0,2026-07-29T15:51:58+05:30
ICICIAMC,3117.45,TOUCHED,-0.22,below,3110.7,3117.45,3121.2,3124.95,3117.45,0.24,25.2,0.028,0,2026-07-28,2026-07-29,False,False,5.0,2026-07-29T15:51:58+05:30
BANDHANBNK,168.66,TOUCHED,2.92,above,173.58,168.66,168.47,168.66,168.29,0.218,25.5,0.027,0,2026-07-28,2026-07-29,False,False,5.0,2026-07-29T15:51:58+05:30
VOLTAS,1309.78,TOUCHED,0.27,above,1313.3,1309.78,1308.47,1309.78,1307.15,0.201,25.5,0.038,0,2026-07-28,2026-07-29,False,False,5.0,2026-07-29T15:51:58+05:30
MAHABANK,80.47,TOUCHED,0.33,above,80.73,80.47,80.38,80.47,80.29,0.22,25.8,0.034,0,2026-07-28,2026-07-29,False,False,5.0,2026-07-29T15:51:58+05:30
SONACOMS,715.38,TOUCHED,0.72,above,720.5,715.38,714.58,715.38,713.79,0.222,25.8,0.034,0,2026-07-28,2026-07-29,False,False,5.0,2026-07-29T15:51:58+05:30
GAIL,175.04,TOUCHED,0.05,above,175.12,175.04,174.92,175.04,174.81,0.13,26.0,0.015,0,2026-07-28,2026-07-29,False,False,5.0,2026-07-29T15:51:58+05:30
OLAELEC,37.31,TOUCHED,2.92,above,38.4,37.31,37.24,37.31,37.18,0.358,26.0,0.073,0,2026-07-28,2026-07-29,False,False,5.0,2026-07-29T15:51:58+05:30
ITC,285.12,TOUCHED,0.39,above,286.25,285.12,284.97,285.12,284.81,0.111,26.3,0.021,0,2026-07-28,2026-07-29,False,False,5.0,2026-07-29T15:51:58+05:30
APOLLOTYRE,423.43,TOUCHED,0.16,above,424.1,423.43,423.0,423.43,422.57,0.201,26.6,0.038,0,2026-07-28,2026-07-29,False,False,5.0,2026-07-29T15:51:58+05:30
ASAHIINDIA,874.08,TOUCHED,0.53,above,878.75,874.08,872.92,874.08,871.76,0.265,26.8,0.045,0,2026-07-28,2026-07-29,False,False,5.0,2026-07-29T15:51:58+05:30
STARHEALTH,585.55,TOUCHED,2.27,above,598.85,585.55,585.03,585.55,584.52,0.177,26.8,0.026,0,2026-07-28,2026-07-29,False,False,5.0,2026-07-29T15:51:58+05:30
FORCEMOT,17300.50,TOUCHED,0.19,above,17334.0,17300.5,17266.0,17300.5,17231.5,0.4,27.1,0.052,0,2026-07-28,2026-07-29,False,False,5.0,2026-07-29T15:51:58+05:30
VMM,109.24,TOUCHED,-0.91,below,108.24,109.24,109.35,109.47,109.24,0.21,27.7,0.026,0,2026-07-28,2026-07-29,False,False,5.0,2026-07-29T15:51:58+05:30
NMDC,83.84,TOUCHED,2.4,above,85.85,83.84,83.75,83.84,83.67,0.199,28.8,0.028,0,2026-07-28,2026-07-29,False,False,5.0,2026-07-29T15:51:58+05:30
SBIN,1013.85,TOUCHED,-0.01,below,1013.7,1013.85,1014.5,1015.15,1013.85,0.128,29.0,0.011,0,2026-07-28,2026-07-29,False,False,5.0,2026-07-29T15:51:58+05:30
EMMVEE,329.53,TOUCHED,-3.89,below,316.7,329.53,330.2,330.88,329.53,0.409,29.3,0.043,0,2026-07-28,2026-07-29,False,False,5.0,2026-07-29T15:51:58+05:30
ELGIEQUIP,571.90,TOUCHED,0.92,above,577.15,571.9,571.08,571.9,570.27,0.286,29.6,0.045,0,2026-07-28,2026-07-29,False,False,5.0,2026-07-29T15:51:58+05:30
INDHOTEL,737.00,TOUCHED,0.16,above,738.2,737.0,736.23,737.0,735.47,0.208,29.9,0.019,0,2026-07-28,2026-07-29,False,False,5.0,2026-07-29T15:51:58+05:30
JSWDULUX,2937.80,TOUCHED,1.22,above,2973.5,2937.8,2934.93,2937.8,2932.07,0.195,29.9,0.022,0,2026-07-28,2026-07-29,False,False,5.0,2026-07-29T15:51:58+05:30
MOTILALOFS,857.45,TOUCHED,-0.26,below,855.25,857.45,858.75,860.05,857.45,0.303,29.9,0.045,0,2026-07-28,2026-07-29,False,False,5.0,2026-07-29T15:51:58+05:30
BELRISE,230.01,TOUCHED,0.2,above,230.47,230.01,229.68,230.01,229.36,0.283,30.0,0.037,0,2026-07-28,2026-07-29,False,False,5.0,2026-07-29T15:51:58+05:30
CARTRADE,2968.98,TOUCHED,-3.82,below,2855.7,2968.98,2975.27,2981.55,2968.98,0.422,30.1,0.043,0,2026-07-28,2026-07-29,False,False,5.0,2026-07-29T15:51:58+05:30
FLUOROCHEM,4500.55,TOUCHED,1.81,above,4582.1,4500.55,4496.2,4500.55,4491.85,0.193,30.1,0.022,0,2026-07-28,2026-07-29,False,False,5.0,2026-07-29T15:51:58+05:30
EICHERMOT,7815.75,TOUCHED,-0.47,below,7779.0,7815.75,7822.5,7829.25,7815.75,0.173,30.4,0.025,0,2026-07-28,2026-07-29,False,False,5.0,2026-07-29T15:51:58+05:30
IDEA,13.02,TOUCHED,0.27,above,13.05,13.02,12.99,13.02,12.97,0.334,30.4,0.047,0,2026-07-28,2026-07-29,False,False,5.0,2026-07-29T15:51:58+05:30
RPOWER,23.56,TOUCHED,0.01,inside,23.56,23.56,23.56,23.6,23.51,0.41,30.7,0.076,0,2026-07-28,2026-07-29,False,False,5.0,2026-07-29T15:51:58+05:30
UBL,1438.15,TOUCHED,0.14,above,1440.2,1438.15,1437.0,1438.15,1435.85,0.16,30.7,0.028,0,2026-07-28,2026-07-29,False,False,5.0,2026-07-29T15:51:58+05:30
CREDITACC,1584.10,TOUCHED,0.4,above,1590.4,1584.1,1581.6,1584.1,1579.1,0.316,31.0,0.035,0,2026-07-28,2026-07-29,False,False,5.0,2026-07-29T15:51:58+05:30
JAINREC,335.73,TOUCHED,-0.11,below,335.35,335.73,336.47,337.21,335.73,0.441,31.0,0.055,0,2026-07-28,2026-07-29,False,False,5.0,2026-07-29T15:51:58+05:30
TORNTPOWER,1433.80,TOUCHED,-0.19,below,1431.1,1433.8,1435.8,1437.8,1433.8,0.279,31.0,0.031,0,2026-07-28,2026-07-29,False,False,5.0,2026-07-29T15:51:58+05:30
AIAENG,4597.75,TOUCHED,1.0,above,4643.5,4597.75,4592.5,4597.75,4587.25,0.229,31.2,0.041,0,2026-07-28,2026-07-29,False,False,5.0,2026-07-29T15:51:58+05:30
AXISBANK,1226.80,TOUCHED,0.7,above,1235.4,1226.8,1225.7,1226.8,1224.6,0.179,31.2,0.024,0,2026-07-28,2026-07-29,False,False,5.0,2026-07-29T15:51:58+05:30
ADANIGREEN,1379.83,TOUCHED,-0.49,below,1373.1,1379.83,1381.87,1383.9,1379.83,0.294,31.5,0.04,0,2026-07-28,2026-07-29,False,False,5.0,2026-07-29T15:51:58+05:30
HDBFS,680.77,TOUCHED,-0.16,below,679.7,680.77,681.35,681.92,680.77,0.169,32.1,0.022,0,2026-07-28,2026-07-29,False,False,5.0,2026-07-29T15:51:58+05:30
POWERINDIA,31073.33,TOUCHED,1.94,above,31675.0,31073.33,31016.67,31073.33,30960.0,0.365,32.1,0.051,0,2026-07-28,2026-07-29,False,False,5.0,2026-07-29T15:51:58+05:30
NAM-INDIA,1155.45,TOUCHED,1.09,above,1168.1,1155.45,1153.73,1155.45,1152.02,0.298,32.3,0.035,0,2026-07-28,2026-07-29,False,False,5.0,2026-07-29T15:51:58+05:30
IGIL,330.25,TOUCHED,5.07,above,347.0,330.25,329.75,330.25,329.25,0.303,32.6,0.028,0,2026-07-28,2026-07-29,False,False,5.0,2026-07-29T15:51:58+05:30
NLCINDIA,297.62,TOUCHED,-0.24,below,296.9,297.62,298.1,298.57,297.62,0.319,32.6,0.051,0,2026-07-28,2026-07-29,False,False,5.0,2026-07-29T15:51:58+05:30
APTUS,280.88,TOUCHED,0.34,above,281.85,280.88,280.47,280.88,280.05,0.297,33.4,0.024,0,2026-07-28,2026-07-29,False,False,5.0,2026-07-29T15:51:58+05:30
SUNPHARMA,1981.95,TOUCHED,0.4,above,1989.9,1981.95,1980.2,1981.95,1978.45,0.177,34.0,0.02,0,2026-07-28,2026-07-29,False,False,5.0,2026-07-29T15:51:58+05:30
GLENMARK,2193.10,TOUCHED,3.13,above,2261.7,2193.1,2190.27,2193.1,2187.43,0.259,34.2,0.036,0,2026-07-28,2026-07-29,False,False,5.0,2026-07-29T15:51:58+05:30
IGL,151.26,TOUCHED,1.09,above,152.91,151.26,151.08,151.26,150.89,0.249,34.2,0.046,0,2026-07-28,2026-07-29,False,False,5.0,2026-07-29T15:51:58+05:30
MUTHOOTFIN,3010.27,TOUCHED,0.25,above,3017.9,3010.27,3006.13,3010.27,3002.0,0.275,34.5,0.04,0,2026-07-28,2026-07-29,False,False,5.0,2026-07-29T15:51:58+05:30
POONAWALLA,465.14,TOUCHED,3.54,above,481.6,465.14,464.43,465.14,463.73,0.305,34.5,0.033,0,2026-07-28,2026-07-29,False,False,5.0,2026-07-29T15:51:58+05:30
AMBER,7249.00,TOUCHED,2.24,above,7411.5,7249.0,7235.67,7249.0,7222.33,0.369,34.8,0.036,0,2026-07-28,2026-07-29,False,False,5.0,2026-07-29T15:51:58+05:30
BANKINDIA,136.91,TOUCHED,0.54,above,137.65,136.91,136.71,136.91,136.52,0.288,34.8,0.032,0,2026-07-28,2026-07-29,False,False,5.0,2026-07-29T15:51:58+05:30
ENRIN,3185.77,TOUCHED,-0.47,below,3170.7,3185.77,3190.63,3195.5,3185.77,0.305,35.0,0.025,0,2026-07-28,2026-07-29,False,False,5.0,2026-07-29T15:51:58+05:30
ANANTRAJ,612.57,TOUCHED,0.14,inside,613.4,612.57,612.57,613.88,611.26,0.427,35.1,0.086,0,2026-07-28,2026-07-29,False,False,5.0,2026-07-29T15:51:58+05:30
CANFINHOME,816.03,TOUCHED,0.75,above,822.15,816.03,815.02,816.03,814.0,0.249,35.3,0.023,0,2026-07-28,2026-07-29,False,False,5.0,2026-07-29T15:51:58+05:30
SIEMENS,3653.35,TOUCHED,-0.07,inside,3650.8,3653.35,3653.35,3658.17,3648.52,0.264,35.3,0.024,0,2026-07-28,2026-07-29,False,False,5.0,2026-07-29T15:51:58+05:30
DELHIVERY,470.22,TOUCHED,-0.05,below,470.0,470.22,470.88,471.54,470.22,0.28,35.9,0.019,0,2026-07-28,2026-07-29,False,False,5.0,2026-07-29T15:51:58+05:30
JSWSTEEL,1250.55,TOUCHED,2.08,above,1276.6,1250.55,1249.33,1250.55,1248.12,0.195,35.9,0.024,0,2026-07-28,2026-07-29,False,False,5.0,2026-07-29T15:51:58+05:30
NIVABUPA,86.68,TOUCHED,-1.08,below,85.74,86.68,86.77,86.87,86.68,0.223,35.9,0.019,0,2026-07-28,2026-07-29,False,False,5.0,2026-07-29T15:51:58+05:30
SJVN,67.93,TOUCHED,1.6,above,69.02,67.93,67.84,67.93,67.74,0.275,35.9,0.027,0,2026-07-28,2026-07-29,False,False,5.0,2026-07-29T15:51:58+05:30
AUBANK,1049.05,TOUCHED,-0.64,below,1042.3,1049.05,1050.4,1051.75,1049.05,0.257,36.2,0.016,0,2026-07-28,2026-07-29,False,False,5.0,2026-07-29T15:51:58+05:30
DCMSHRIRAM,1051.50,TOUCHED,-0.03,below,1051.2,1051.5,1053.1,1054.7,1051.5,0.304,36.4,0.023,0,2026-07-28,2026-07-29,False,False,5.0,2026-07-29T15:51:58+05:30
HEROMOTOCO,5147.77,TOUCHED,0.03,above,5149.1,5147.77,5141.23,5147.77,5134.7,0.254,36.4,0.017,0,2026-07-28,2026-07-29,False,False,5.0,2026-07-29T15:51:58+05:30
LICI,425.88,TOUCHED,-0.46,below,423.9,425.88,426.3,426.72,425.88,0.199,36.4,0.032,0,2026-07-28,2026-07-29,False,False,5.0,2026-07-29T15:51:58+05:30
GMDCLTD,557.90,TOUCHED,2.93,above,574.25,557.9,556.53,557.9,555.17,0.491,36.7,0.063,0,2026-07-28,2026-07-29,False,False,5.0,2026-07-29T15:51:58+05:30
BAYERCROP,4234.25,TOUCHED,0.33,above,4248.3,4234.25,4229.3,4234.25,4224.35,0.234,37.0,0.031,0,2026-07-28,2026-07-29,False,False,5.0,2026-07-29T15:51:58+05:30
DALBHARAT,1817.45,TOUCHED,0.31,above,1823.0,1817.45,1815.37,1817.45,1813.28,0.23,37.0,0.028,0,2026-07-28,2026-07-29,False,False,5.0,2026-07-29T15:51:58+05:30
ZEEL,108.01,TOUCHED,0.11,inside,108.13,108.01,108.01,108.22,107.79,0.404,37.3,0.045,0,2026-07-28,2026-07-29,False,False,5.0,2026-07-29T15:51:58+05:30
ABB,7270.00,TOUCHED,0.56,above,7310.5,7270.0,7261.17,7270.0,7252.33,0.243,37.5,0.023,0,2026-07-28,2026-07-29,False,False,5.0,2026-07-29T15:51:58+05:30
AFCONS,281.38,TOUCHED,0.49,above,282.75,281.38,281.0,281.38,280.62,0.267,37.8,0.024,0,2026-07-28,2026-07-29,False,False,5.0,2026-07-29T15:51:58+05:30
BHARTIHEXA,1611.40,TOUCHED,2.67,above,1654.5,1611.4,1609.13,1611.4,1606.87,0.282,38.1,0.037,0,2026-07-28,2026-07-29,False,False,5.0,2026-07-29T15:51:58+05:30
JWL,247.00,TOUCHED,4.98,above,259.3,247.0,246.55,247.0,246.1,0.365,38.4,0.042,0,2026-07-28,2026-07-29,False,False,5.0,2026-07-29T15:51:58+05:30
MARUTI,13787.50,TOUCHED,1.16,above,13948.0,13787.5,13773.0,13787.5,13758.5,0.211,38.4,0.017,0,2026-07-28,2026-07-29,False,False,5.0,2026-07-29T15:51:58+05:30
SUMICHEM,529.45,TOUCHED,-5.24,below,501.7,529.45,530.5,531.55,529.45,0.396,38.4,0.041,0,2026-07-28,2026-07-29,False,False,5.0,2026-07-29T15:51:58+05:30
TRITURBINE,612.17,TOUCHED,0.61,above,615.9,612.17,611.23,612.17,610.29,0.308,38.6,0.021,0,2026-07-28,2026-07-29,False,False,5.0,2026-07-29T15:51:58+05:30
DIXON,13878.17,TOUCHED,2.86,above,14275.0,13878.17,13853.33,13878.17,13828.5,0.359,38.9,0.056,0,2026-07-28,2026-07-29,False,False,5.0,2026-07-29T15:51:58+05:30
KPRMILL,1048.95,TOUCHED,1.1,above,1060.5,1048.95,1047.07,1048.95,1045.18,0.36,39.2,0.054,0,2026-07-28,2026-07-29,False,False,5.0,2026-07-29T15:51:58+05:30
LALPATHLAB,1813.55,TOUCHED,3.8,above,1882.5,1813.55,1810.77,1813.55,1807.98,0.307,39.2,0.044,0,2026-07-28,2026-07-29,False,False,5.0,2026-07-29T15:51:58+05:30
PFOCUS,288.33,TOUCHED,7.07,above,308.72,288.33,287.43,288.33,286.53,0.626,39.2,0.05,0,2026-07-28,2026-07-29,False,False,5.0,2026-07-29T15:51:58+05:30
ERIS,1397.95,TOUCHED,2.04,above,1426.5,1397.95,1395.57,1397.95,1393.18,0.342,39.7,0.033,0,2026-07-28,2026-07-29,False,False,5.0,2026-07-29T15:51:58+05:30
INDIGO,5263.67,TOUCHED,0.24,above,5276.5,5263.67,5256.83,5263.67,5250.0,0.26,40.3,0.023,0,2026-07-28,2026-07-29,False,False,5.0,2026-07-29T15:51:58+05:30
BPCL,318.52,TOUCHED,-0.35,below,317.4,318.52,319.03,319.54,318.52,0.319,40.5,0.021,0,2026-07-28,2026-07-29,False,False,5.0,2026-07-29T15:51:58+05:30
GRAPHITE,652.32,TOUCHED,2.2,above,666.65,652.32,651.07,652.32,649.81,0.387,40.5,0.024,0,2026-07-28,2026-07-29,False,False,5.0,2026-07-29T15:51:58+05:30
HYUNDAI,1993.25,TOUCHED,-0.02,below,1992.9,1993.25,1996.13,1999.02,1993.25,0.289,40.8,0.027,0,2026-07-28,2026-07-29,False,False,5.0,2026-07-29T15:51:58+05:30
ITI,274.95,TOUCHED,0.8,above,277.15,274.95,274.43,274.95,273.92,0.377,40.8,0.035,0,2026-07-28,2026-07-29,False,False,5.0,2026-07-29T15:51:58+05:30
JKCEMENT,5651.83,TOUCHED,-0.17,below,5642.0,5651.83,5661.17,5670.5,5651.83,0.33,40.8,0.033,0,2026-07-28,2026-07-29,False,False,5.0,2026-07-29T15:51:58+05:30
OIL,446.70,TOUCHED,0.27,above,447.9,446.7,446.0,446.7,445.3,0.314,40.8,0.021,0,2026-07-28,2026-07-29,False,False,5.0,2026-07-29T15:51:58+05:30
HFCL,189.91,TOUCHED,1.92,above,193.56,189.91,189.4,189.91,188.9,0.535,41.4,0.028,0,2026-07-28,2026-07-29,False,False,5.0,2026-07-29T15:51:58+05:30
NTPCGREEN,92.42,TOUCHED,-1.02,below,91.48,92.42,92.57,92.72,92.42,0.32,41.4,0.018,0,2026-07-28,2026-07-29,False,False,5.0,2026-07-29T15:51:58+05:30
COCHINSHIP,1390.55,TOUCHED,0.94,above,1403.6,1390.55,1387.9,1390.55,1385.25,0.382,41.9,0.042,0,2026-07-28,2026-07-29,False,False,5.0,2026-07-29T15:51:58+05:30
HAVELLS,1232.00,TOUCHED,0.41,above,1237.0,1232.0,1230.37,1232.0,1228.73,0.266,41.9,0.019,0,2026-07-28,2026-07-29,False,False,5.0,2026-07-29T15:51:58+05:30
ASIANPAINT,2733.48,TOUCHED,0.91,above,2758.4,2733.48,2730.77,2733.48,2728.05,0.199,42.2,0.021,0,2026-07-28,2026-07-29,False,False,5.0,2026-07-29T15:51:58+05:30
INDGN,511.02,TOUCHED,2.46,above,523.6,511.02,510.18,511.02,509.34,0.33,42.5,0.022,0,2026-07-28,2026-07-29,False,False,5.0,2026-07-29T15:51:58+05:30
MCX,2719.73,TOUCHED,-0.08,below,2717.5,2719.73,2726.07,2732.4,2719.73,0.465,42.5,0.059,0,2026-07-28,2026-07-29,False,False,5.0,2026-07-29T15:51:58+05:30
TECHNOE,994.15,TOUCHED,-0.54,below,988.8,994.15,996.4,998.65,994.15,0.452,42.5,0.051,0,2026-07-28,2026-07-29,False,False,5.0,2026-07-29T15:51:58+05:30
DRREDDY,1139.60,TOUCHED,0.24,above,1142.3,1139.6,1138.27,1139.6,1136.93,0.234,42.7,0.021,0,2026-07-28,2026-07-29,False,False,5.0,2026-07-29T15:51:58+05:30
JMFINANCIL,123.34,TOUCHED,-0.06,inside,123.26,123.34,123.34,123.66,123.02,0.516,43.0,0.045,0,2026-07-28,2026-07-29,False,False,5.0,2026-07-29T15:51:58+05:30
MAZDOCK,2305.60,TOUCHED,0.1,inside,2307.8,2305.6,2305.6,2310.5,2300.7,0.425,43.3,0.045,0,2026-07-28,2026-07-29,False,False,5.0,2026-07-29T15:51:58+05:30
URBANCO,130.99,TOUCHED,0.2,inside,131.25,130.99,130.99,131.33,130.64,0.524,43.3,0.045,0,2026-07-28,2026-07-29,False,False,5.0,2026-07-29T15:51:58+05:30
AEGISLOG,1278.15,TOUCHED,0.35,above,1282.6,1278.15,1275.57,1278.15,1272.98,0.405,43.6,0.033,0,2026-07-28,2026-07-29,False,False,5.0,2026-07-29T15:51:58+05:30
IRCON,125.32,TOUCHED,1.08,above,126.67,125.32,125.05,125.32,124.79,0.426,43.6,0.044,0,2026-07-28,2026-07-29,False,False,5.0,2026-07-29T15:51:58+05:30
BLUEJET,577.20,TOUCHED,4.43,above,602.75,577.2,575.45,577.2,573.7,0.608,43.8,0.042,0,2026-07-28,2026-07-29,False,False,5.0,2026-07-29T15:51:58+05:30
NATIONALUM,336.60,TOUCHED,2.41,above,344.7,336.6,335.92,336.6,335.23,0.407,43.8,0.041,0,2026-07-28,2026-07-29,False,False,5.0,2026-07-29T15:51:58+05:30
ONGC,238.33,TOUCHED,-0.01,inside,238.31,238.33,238.33,238.62,238.03,0.245,43.8,0.03,0,2026-07-28,2026-07-29,False,False,5.0,2026-07-29T15:51:58+05:30
IOB,33.90,TOUCHED,-0.31,below,33.79,33.9,33.95,34.01,33.9,0.324,44.1,0.034,0,2026-07-28,2026-07-29,False,False,5.0,2026-07-29T15:51:58+05:30
MOTHERSON,147.05,TOUCHED,-0.71,below,146.0,147.05,147.32,147.59,147.05,0.367,44.1,0.033,0,2026-07-28,2026-07-29,False,False,5.0,2026-07-29T15:51:58+05:30
CENTRALBK,31.06,TOUCHED,0.43,above,31.19,31.06,31.0,31.06,30.94,0.355,44.4,0.042,0,2026-07-28,2026-07-29,False,False,5.0,2026-07-29T15:51:58+05:30
BIOCON,433.23,TOUCHED,-0.49,below,431.1,433.23,434.0,434.78,433.23,0.357,44.7,0.034,0,2026-07-28,2026-07-29,False,False,5.0,2026-07-29T15:51:58+05:30
CRISIL,4465.75,TOUCHED,-0.38,below,4448.7,4465.75,4473.8,4481.85,4465.75,0.36,44.9,0.049,0,2026-07-28,2026-07-29,False,False,5.0,2026-07-29T15:51:58+05:30
GABRIEL,1415.67,TOUCHED,-0.06,inside,1414.8,1415.67,1415.67,1419.6,1411.73,0.556,45.2,0.033,0,2026-07-28,2026-07-29,False,False,5.0,2026-07-29T15:51:58+05:30
ENGINERSIN,224.27,TOUCHED,0.58,above,225.56,224.27,223.71,224.27,223.15,0.501,45.8,0.04,0,2026-07-28,2026-07-29,False,False,5.0,2026-07-29T15:51:58+05:30
ADANIENT,3017.10,TOUCHED,0.25,above,3024.5,3017.1,3012.17,3017.1,3007.23,0.328,46.0,0.026,0,2026-07-28,2026-07-29,False,False,5.0,2026-07-29T15:51:58+05:30
AWL,187.23,TOUCHED,1.43,above,189.91,187.23,186.87,187.23,186.52,0.376,46.3,0.044,0,2026-07-28,2026-07-29,False,False,5.0,2026-07-29T15:51:58+05:30
GESHIP,1380.38,TOUCHED,-0.7,below,1370.7,1380.38,1383.37,1386.35,1380.38,0.431,46.8,0.043,0,2026-07-28,2026-07-29,False,False,5.0,2026-07-29T15:51:58+05:30
SBFC,90.08,TOUCHED,0.12,above,90.19,90.08,89.9,90.08,89.72,0.397,47.1,0.032,0,2026-07-28,2026-07-29,False,False,5.0,2026-07-29T15:51:58+05:30
TARIL,297.45,TOUCHED,0.18,inside,298.0,297.45,297.45,298.38,296.53,0.622,47.1,0.054,0,2026-07-28,2026-07-29,False,False,5.0,2026-07-29T15:51:58+05:30
TMCV,413.95,TOUCHED,-0.62,below,411.4,413.95,414.87,415.78,413.95,0.442,47.2,0.023,0,2026-07-28,2026-07-29,False,False,5.0,2026-07-29T15:51:58+05:30
POLYMED,1659.30,TOUCHED,1.16,above,1678.5,1659.3,1655.43,1659.3,1651.57,0.467,47.4,0.053,0,2026-07-28,2026-07-29,False,False,5.0,2026-07-29T15:51:58+05:30
RAINBOW,1476.90,TOUCHED,1.34,above,1496.7,1476.9,1474.43,1476.9,1471.97,0.335,47.4,0.031,0,2026-07-28,2026-07-29,False,False,5.0,2026-07-29T15:51:58+05:30
VIJAYA,1356.08,TOUCHED,1.17,above,1372.0,1356.08,1353.07,1356.08,1350.05,0.446,47.4,0.037,0,2026-07-28,2026-07-29,False,False,5.0,2026-07-29T15:51:58+05:30
AEGISVOPAK,295.05,TOUCHED,0.12,above,295.41,295.05,294.19,295.05,293.32,0.587,47.6,0.038,0,2026-07-28,2026-07-29,False,False,5.0,2026-07-29T15:51:58+05:30
BALRAMCHIN,606.43,TOUCHED,-0.02,below,606.3,606.43,607.6,608.78,606.43,0.387,47.7,0.029,0,2026-07-28,2026-07-29,False,False,5.0,2026-07-29T15:51:58+05:30
COHANCE,428.85,TOUCHED,0.57,above,431.3,428.85,427.82,428.85,426.78,0.483,47.7,0.022,0,2026-07-28,2026-07-29,False,False,5.0,2026-07-29T15:51:58+05:30
POLYCAB,9072.25,TOUCHED,-0.28,below,9047.0,9072.25,9088.67,9105.08,9072.25,0.361,47.7,0.04,0,2026-07-28,2026-07-29,False,False,5.0,2026-07-29T15:51:58+05:30
ABFRL,57.07,TOUCHED,1.73,above,58.06,57.07,56.95,57.07,56.83,0.439,47.9,0.024,0,2026-07-28,2026-07-29,False,False,5.0,2026-07-29T15:51:58+05:30
KAJARIACER,1211.58,TOUCHED,-0.16,below,1209.7,1211.58,1214.07,1216.55,1211.58,0.409,47.9,0.029,0,2026-07-28,2026-07-29,False,False,5.0,2026-07-29T15:51:58+05:30
ATHERENERG,1212.55,TOUCHED,2.77,above,1246.1,1212.55,1209.03,1212.55,1205.52,0.582,48.2,0.053,0,2026-07-28,2026-07-29,False,False,5.0,2026-07-29T15:51:58+05:30
GICRE,358.97,TOUCHED,-0.0,inside,358.95,358.97,358.97,359.6,358.33,0.353,48.8,0.032,0,2026-07-28,2026-07-29,False,False,5.0,2026-07-29T15:51:58+05:30
M&M,3253.35,TOUCHED,-0.97,below,3221.8,3253.35,3259.3,3265.25,3253.35,0.365,48.8,0.026,0,2026-07-28,2026-07-29,False,False,5.0,2026-07-29T15:51:58+05:30
SHYAMMETL,1032.40,TOUCHED,0.12,above,1033.6,1032.4,1030.6,1032.4,1028.8,0.349,48.8,0.015,0,2026-07-28,2026-07-29,False,False,5.0,2026-07-29T15:51:58+05:30
AADHARHFC,498.70,TOUCHED,-0.83,below,494.55,498.7,499.55,500.4,498.7,0.34,49.0,0.025,0,2026-07-28,2026-07-29,False,False,5.0,2026-07-29T15:51:58+05:30
FIRSTCRY,214.05,TOUCHED,0.46,above,215.03,214.05,213.49,214.05,212.92,0.528,49.3,0.073,0,2026-07-28,2026-07-29,False,False,5.0,2026-07-29T15:51:58+05:30
JPPOWER,17.01,TOUCHED,0.2,inside,17.04,17.01,17.01,17.05,16.96,0.51,49.3,0.037,0,2026-07-28,2026-07-29,False,False,5.0,2026-07-29T15:51:58+05:30
ACE,1070.30,TOUCHED,-1.78,below,1051.3,1070.3,1072.73,1075.17,1070.3,0.454,49.6,0.049,0,2026-07-28,2026-07-29,False,False,5.0,2026-07-29T15:51:58+05:30
INDUSINDBK,997.60,TOUCHED,1.47,above,1012.3,997.6,995.72,997.6,993.83,0.378,49.6,0.031,0,2026-07-28,2026-07-29,False,False,5.0,2026-07-29T15:51:58+05:30
IOC,141.52,TOUCHED,-0.99,below,140.11,141.52,141.75,141.99,141.52,0.334,49.6,0.021,0,2026-07-28,2026-07-29,False,False,5.0,2026-07-29T15:51:58+05:30
JUBLPHARMA,969.85,TOUCHED,0.78,above,977.4,969.85,967.72,969.85,965.58,0.441,49.9,0.023,0,2026-07-28,2026-07-29,False,False,5.0,2026-07-29T15:51:58+05:30
USHAMART,513.42,TOUCHED,-0.4,below,511.35,513.42,514.53,515.65,513.42,0.434,49.9,0.04,0,2026-07-28,2026-07-29,False,False,5.0,2026-07-29T15:51:58+05:30
DEEPAKFERT,1634.45,TOUCHED,-0.5,below,1626.3,1634.45,1638.77,1643.08,1634.45,0.527,50.1,0.044,0,2026-07-28,2026-07-29,False,False,5.0,2026-07-29T15:51:58+05:30
NHPC,78.42,TOUCHED,-0.66,below,77.9,78.42,78.56,78.7,78.42,0.356,50.1,0.035,0,2026-07-28,2026-07-29,False,False,5.0,2026-07-29T15:51:58+05:30
BDL,1264.60,TOUCHED,-0.22,inside,1261.8,1264.6,1264.6,1267.8,1261.4,0.506,50.4,0.047,0,2026-07-28,2026-07-29,False,False,5.0,2026-07-29T15:51:58+05:30
FIVESTAR,559.80,TOUCHED,1.56,above,568.55,559.8,558.3,559.8,556.8,0.537,50.4,0.036,0,2026-07-28,2026-07-29,False,False,5.0,2026-07-29T15:51:58+05:30
PWL,125.45,TOUCHED,0.88,above,126.55,125.45,125.03,125.45,124.62,0.666,50.6,0.07,0,2026-07-28,2026-07-29,False,False,5.0,2026-07-29T15:51:58+05:30
CHOLAHLDNG,1518.52,TOUCHED,-0.05,below,1517.7,1518.52,1522.03,1525.55,1518.52,0.462,51.0,0.026,0,2026-07-28,2026-07-29,False,False,5.0,2026-07-29T15:51:58+05:30
NUVOCO,351.95,TOUCHED,-0.06,inside,351.75,351.95,351.95,352.7,351.2,0.426,51.0,0.039,0,2026-07-28,2026-07-29,False,False,5.0,2026-07-29T15:51:58+05:30
NAVA,556.58,TOUCHED,0.9,above,561.6,556.58,555.15,556.58,553.72,0.513,51.2,0.037,0,2026-07-28,2026-07-29,False,False,5.0,2026-07-29T15:51:58+05:30
OLECTRA,1322.50,TOUCHED,0.57,above,1330.1,1322.5,1319.23,1322.5,1315.97,0.495,51.2,0.034,0,2026-07-28,2026-07-29,False,False,5.0,2026-07-29T15:51:58+05:30
BLUESTARCO,1641.52,TOUCHED,2.39,above,1680.8,1641.52,1637.83,1641.52,1634.15,0.45,51.5,0.042,0,2026-07-28,2026-07-29,False,False,5.0,2026-07-29T15:51:58+05:30
RELIANCE,1272.55,TOUCHED,0.26,above,1275.9,1272.55,1270.93,1272.55,1269.32,0.254,51.8,0.028,0,2026-07-28,2026-07-29,False,False,5.0,2026-07-29T15:51:58+05:30
TATASTEEL,183.57,TOUCHED,2.01,above,187.27,183.57,183.26,183.57,182.95,0.344,52.1,0.023,0,2026-07-28,2026-07-29,False,False,5.0,2026-07-29T15:51:58+05:30
TEJASNET,498.48,TOUCHED,4.32,above,520.0,498.48,497.08,498.48,495.69,0.56,52.1,0.042,0,2026-07-28,2026-07-29,False,False,5.0,2026-07-29T15:51:58+05:30
EIHOTEL,327.52,TOUCHED,2.51,above,335.75,327.52,326.85,327.52,326.17,0.413,52.3,0.031,0,2026-07-28,2026-07-29,False,False,5.0,2026-07-29T15:51:58+05:30
PIRAMALFIN,2022.35,TOUCHED,1.04,above,2043.3,2022.35,2016.83,2022.35,2011.32,0.547,53.0,0.055,0,2026-07-28,2026-07-29,False,False,5.0,2026-07-29T15:51:58+05:30
RITES,215.67,TOUCHED,1.53,above,218.96,215.67,215.21,215.67,214.75,0.427,53.4,0.025,0,2026-07-28,2026-07-29,False,False,5.0,2026-07-29T15:51:58+05:30
ABCAPITAL,394.23,TOUCHED,0.86,above,397.6,394.23,393.27,394.23,392.31,0.487,53.7,0.038,0,2026-07-28,2026-07-29,False,False,5.0,2026-07-29T15:51:58+05:30
HINDALCO,941.50,TOUCHED,2.23,above,962.45,941.5,939.8,941.5,938.1,0.362,53.7,0.011,0,2026-07-28,2026-07-29,False,False,5.0,2026-07-29T15:51:58+05:30
SAPPHIRE,185.82,TOUCHED,4.23,above,193.67,185.82,185.29,185.82,184.76,0.57,53.7,0.05,0,2026-07-28,2026-07-29,False,False,5.0,2026-07-29T15:51:58+05:30
LGEINDIA,1515.70,TOUCHED,0.16,inside,1518.2,1515.7,1515.7,1518.45,1512.95,0.363,53.8,0.008,0,2026-07-28,2026-07-29,False,False,5.0,2026-07-29T15:51:58+05:30
BERGEPAINT,502.55,TOUCHED,3.48,above,520.05,502.55,501.48,502.55,500.42,0.425,54.0,0.013,0,2026-07-28,2026-07-29,False,False,5.0,2026-07-29T15:51:58+05:30
HINDCOPPER,477.73,TOUCHED,1.2,above,483.45,477.73,476.2,477.73,474.67,0.64,54.5,0.036,0,2026-07-28,2026-07-29,False,False,5.0,2026-07-29T15:51:58+05:30
MAXHEALTH,1109.80,TOUCHED,0.14,inside,1111.4,1109.8,1109.8,1112.3,1107.3,0.451,54.5,0.037,0,2026-07-28,2026-07-29,False,False,5.0,2026-07-29T15:51:58+05:30
LICHSGFIN,548.85,TOUCHED,0.84,above,553.45,548.85,547.8,548.85,546.75,0.383,54.8,0.021,0,2026-07-28,2026-07-29,False,False,5.0,2026-07-29T15:51:58+05:30
BLS,237.62,TOUCHED,1.8,above,241.9,237.62,236.98,237.62,236.34,0.542,55.3,0.033,0,2026-07-28,2026-07-29,False,False,5.0,2026-07-29T15:51:58+05:30
LTFOODS,373.12,TOUCHED,1.47,above,378.6,373.12,372.13,373.12,371.14,0.533,55.3,0.036,0,2026-07-28,2026-07-29,False,False,5.0,2026-07-29T15:51:58+05:30
MSUMI,41.32,TOUCHED,-0.23,inside,41.22,41.32,41.32,41.42,41.22,0.492,55.3,0.031,0,2026-07-28,2026-07-29,False,False,5.0,2026-07-29T15:51:58+05:30
SCI,279.77,TOUCHED,-0.42,below,278.6,279.77,280.63,281.5,279.77,0.618,55.3,0.045,0,2026-07-28,2026-07-29,False,False,5.0,2026-07-29T15:51:58+05:30
SAGILITY,43.55,TOUCHED,3.03,above,44.87,43.55,43.42,43.55,43.29,0.599,55.6,0.045,0,2026-07-28,2026-07-29,False,False,5.0,2026-07-29T15:51:58+05:30
ADANIENSOL,1663.00,TOUCHED,0.29,above,1667.8,1663.0,1658.5,1663.0,1654.0,0.543,55.9,0.03,0,2026-07-28,2026-07-29,False,False,5.0,2026-07-29T15:51:58+05:30
ELECON,419.40,TOUCHED,1.04,above,423.75,419.4,417.88,419.4,416.37,0.726,55.9,0.036,0,2026-07-28,2026-07-29,False,False,5.0,2026-07-29T15:51:58+05:30
HDFCLIFE,556.80,TOUCHED,-0.02,inside,556.7,556.8,556.8,557.78,555.83,0.35,55.9,0.018,0,2026-07-28,2026-07-29,False,False,5.0,2026-07-29T15:51:58+05:30
BSOFT,302.45,TOUCHED,2.88,above,311.15,302.45,301.6,302.45,300.75,0.564,56.2,0.036,0,2026-07-28,2026-07-29,False,False,5.0,2026-07-29T15:51:58+05:30
MRPL,161.65,TOUCHED,1.09,above,163.41,161.65,161.11,161.65,160.57,0.67,56.7,0.056,0,2026-07-28,2026-07-29,False,False,5.0,2026-07-29T15:51:58+05:30
ASTERDM,811.55,TOUCHED,0.84,above,818.35,811.55,809.6,811.55,807.65,0.482,57.0,0.03,0,2026-07-28,2026-07-29,False,False,5.0,2026-07-29T15:51:58+05:30
IRFC,87.70,TOUCHED,1.63,above,89.13,87.7,87.52,87.7,87.33,0.419,57.3,0.035,0,2026-07-28,2026-07-29,False,False,5.0,2026-07-29T15:51:58+05:30
NIACL,163.90,TOUCHED,0.14,inside,164.13,163.9,163.9,164.32,163.49,0.506,57.5,0.032,0,2026-07-28,2026-07-29,False,False,5.0,2026-07-29T15:51:58+05:30
WELSPUNLIV,161.66,TOUCHED,0.4,above,162.3,161.66,161.18,161.66,160.71,0.591,57.5,0.042,0,2026-07-28,2026-07-29,False,False,5.0,2026-07-29T15:51:58+05:30
ZENSARTECH,529.05,TOUCHED,1.12,above,534.95,529.05,527.58,529.05,526.12,0.556,57.5,0.035,0,2026-07-28,2026-07-29,False,False,5.0,2026-07-29T15:51:58+05:30
BIKAJI,637.80,TOUCHED,0.63,above,641.85,637.8,636.52,637.8,635.23,0.403,57.8,0.02,0,2026-07-28,2026-07-29,False,False,5.0,2026-07-29T15:51:58+05:30
LINDEINDIA,6714.50,TOUCHED,0.12,above,6722.5,6714.5,6698.83,6714.5,6683.17,0.468,57.8,0.024,0,2026-07-28,2026-07-29,False,False,5.0,2026-07-29T15:51:58+05:30
ASHOKLEY,157.13,TOUCHED,0.53,above,157.96,157.13,156.76,157.13,156.39,0.47,58.1,0.027,0,2026-07-28,2026-07-29,False,False,5.0,2026-07-29T15:51:58+05:30
LEMONTREE,110.58,TOUCHED,-0.39,below,110.15,110.58,110.86,111.13,110.58,0.493,58.1,0.029,0,2026-07-28,2026-07-29,False,False,5.0,2026-07-29T15:51:58+05:30
FACT,823.72,TOUCHED,0.34,above,826.5,823.72,821.48,823.72,819.24,0.546,58.4,0.059,0,2026-07-28,2026-07-29,False,False,5.0,2026-07-29T15:51:58+05:30
IKS,1824.62,TOUCHED,-0.3,below,1819.2,1824.62,1829.63,1834.65,1824.62,0.548,58.4,0.02,0,2026-07-28,2026-07-29,False,False,5.0,2026-07-29T15:51:58+05:30
MMTC,61.12,TOUCHED,0.21,above,61.25,61.12,60.94,61.12,60.77,0.58,58.4,0.051,0,2026-07-28,2026-07-29,False,False,5.0,2026-07-29T15:51:58+05:30
UNIONBANK,169.55,TOUCHED,0.9,above,171.08,169.55,169.11,169.55,168.68,0.516,58.4,0.048,0,2026-07-28,2026-07-29,False,False,5.0,2026-07-29T15:51:58+05:30
WELCORP,1638.55,TOUCHED,3.57,above,1697.0,1638.55,1634.0,1638.55,1629.45,0.557,58.4,0.051,0,2026-07-28,2026-07-29,False,False,5.0,2026-07-29T15:51:58+05:30
SOBHA,1355.60,TOUCHED,0.6,above,1363.7,1355.6,1351.87,1355.6,1348.13,0.552,59.7,0.028,0,2026-07-28,2026-07-29,False,False,5.0,2026-07-29T15:51:58+05:30
ESCORTS,3002.28,TOUCHED,0.48,above,3016.8,3002.28,2994.67,3002.28,2987.05,0.509,60.5,0.042,0,2026-07-28,2026-07-29,False,False,5.0,2026-07-29T15:51:58+05:30
UPL,603.60,TOUCHED,0.92,above,609.15,603.6,602.28,603.6,600.97,0.437,60.5,0.02,0,2026-07-28,2026-07-29,False,False,5.0,2026-07-29T15:51:58+05:30
ZENTEC,1651.40,TOUCHED,-0.32,inside,1646.1,1651.4,1651.4,1656.8,1646.0,0.654,60.5,0.015,0,2026-07-28,2026-07-29,False,False,5.0,2026-07-29T15:51:58+05:30
MGL,1087.45,TOUCHED,1.61,above,1105.0,1087.45,1084.53,1087.45,1081.62,0.538,60.8,0.042,0,2026-07-28,2026-07-29,False,False,5.0,2026-07-29T15:51:58+05:30
INDIACEM,393.18,TOUCHED,1.28,above,398.2,393.18,392.1,393.18,391.03,0.548,61.1,0.03,0,2026-07-28,2026-07-29,False,False,5.0,2026-07-29T15:51:58+05:30
JINDALSTEL,1061.75,TOUCHED,2.54,above,1088.7,1061.75,1059.3,1061.75,1056.85,0.463,61.1,0.034,0,2026-07-28,2026-07-29,False,False,5.0,2026-07-29T15:51:58+05:30
SOLARINDS,18293.83,TOUCHED,-1.17,below,18080.0,18293.83,18343.67,18393.5,18293.83,0.543,61.1,0.057,0,2026-07-28,2026-07-29,False,False,5.0,2026-07-29T15:51:58+05:30
DATAPATTNS,4421.20,TOUCHED,0.35,inside,4436.6,4421.2,4421.2,4440.95,4401.45,0.893,61.9,0.075,0,2026-07-28,2026-07-29,False,False,5.0,2026-07-29T15:51:58+05:30
ABLBL,94.70,TOUCHED,0.77,above,95.43,94.7,94.42,94.7,94.15,0.586,62.0,0.054,0,2026-07-28,2026-07-29,False,False,5.0,2026-07-29T15:51:58+05:30
SAILIFE,1296.70,TOUCHED,1.48,above,1315.9,1296.7,1292.9,1296.7,1289.1,0.588,62.5,0.042,0,2026-07-28,2026-07-29,False,False,5.0,2026-07-29T15:51:58+05:30
SAREGAMA,522.68,TOUCHED,1.49,above,530.45,522.68,521.12,522.68,519.55,0.601,62.5,0.038,0,2026-07-28,2026-07-29,False,False,5.0,2026-07-29T15:51:58+05:30
ZYDUSLIFE,1105.55,TOUCHED,1.55,above,1122.7,1105.55,1103.43,1105.55,1101.32,0.384,62.5,0.024,0,2026-07-28,2026-07-29,False,False,5.0,2026-07-29T15:51:58+05:30
BHEL,407.03,TOUCHED,-0.46,below,405.15,407.03,408.3,409.58,407.03,0.625,63.3,0.052,0,2026-07-28,2026-07-29,False,False,5.0,2026-07-29T15:51:58+05:30
HBLENGINE,702.90,TOUCHED,0.73,above,708.05,702.9,700.25,702.9,697.6,0.757,63.3,0.037,0,2026-07-28,2026-07-29,False,False,5.0,2026-07-29T15:51:58+05:30
CIPLA,1442.15,TOUCHED,2.23,above,1474.3,1442.15,1439.7,1442.15,1437.25,0.34,64.1,0.022,0,2026-07-28,2026-07-29,False,False,5.0,2026-07-29T15:51:58+05:30
JUBLINGREA,733.75,TOUCHED,0.59,above,738.1,733.75,731.28,733.75,728.82,0.675,64.1,0.036,0,2026-07-28,2026-07-29,False,False,5.0,2026-07-29T15:51:58+05:30
ONESOURCE,1724.55,TOUCHED,1.46,above,1749.7,1724.55,1717.8,1724.55,1711.05,0.786,64.4,0.052,0,2026-07-28,2026-07-29,False,False,5.0,2026-07-29T15:51:58+05:30
PAGEIND,40195.00,TOUCHED,0.19,inside,40270.0,40195.0,40195.0,40282.5,40107.5,0.435,64.4,0.027,0,2026-07-28,2026-07-29,False,False,5.0,2026-07-29T15:51:58+05:30
ABREL,1401.13,TOUCHED,0.32,inside,1405.6,1401.13,1401.13,1405.85,1396.42,0.673,64.7,0.029,0,2026-07-28,2026-07-29,False,False,5.0,2026-07-29T15:51:58+05:30
PATANJALI,345.07,TOUCHED,3.5,above,357.15,345.07,344.37,345.07,343.66,0.411,64.7,0.019,0,2026-07-28,2026-07-29,False,False,5.0,2026-07-29T15:51:58+05:30
ACC,1349.25,TOUCHED,1.6,above,1370.8,1349.25,1346.77,1349.25,1344.28,0.369,64.9,0.033,0,2026-07-28,2026-07-29,False,False,5.0,2026-07-29T15:51:58+05:30
COLPAL,2151.05,TOUCHED,0.71,above,2166.4,2151.05,2146.73,2151.05,2142.42,0.402,65.5,0.024,0,2026-07-28,2026-07-29,False,False,5.0,2026-07-29T15:51:58+05:30
INDIAMART,1751.40,TOUCHED,-0.02,inside,1751.0,1751.4,1751.4,1755.6,1747.2,0.48,65.5,0.025,0,2026-07-28,2026-07-29,False,False,5.0,2026-07-29T15:51:58+05:30
PIIND,2725.00,TOUCHED,1.06,above,2753.9,2725.0,2718.87,2725.0,2712.73,0.451,65.5,0.032,0,2026-07-28,2026-07-29,False,False,5.0,2026-07-29T15:51:58+05:30
MINDACORP,689.73,TOUCHED,0.37,above,692.25,689.73,687.68,689.73,685.64,0.594,65.8,0.035,0,2026-07-28,2026-07-29,False,False,5.0,2026-07-29T15:51:58+05:30
TRIDENT,24.91,TOUCHED,-0.19,inside,24.86,24.91,24.91,24.97,24.84,0.509,65.8,0.028,0,2026-07-28,2026-07-29,False,False,5.0,2026-07-29T15:51:58+05:30
HAL,4587.58,TOUCHED,0.1,above,4592.0,4587.58,4575.07,4587.58,4562.55,0.547,66.3,0.038,0,2026-07-28,2026-07-29,False,False,5.0,2026-07-29T15:51:58+05:30
GROWW,196.10,TOUCHED,-1.22,below,193.71,196.1,196.9,197.71,196.1,0.814,66.9,0.033,0,2026-07-28,2026-07-29,False,False,5.0,2026-07-29T15:51:58+05:30
CAMS,793.15,TOUCHED,-0.09,below,792.4,793.15,795.53,797.92,793.15,0.599,67.1,0.049,0,2026-07-28,2026-07-29,False,False,5.0,2026-07-29T15:51:58+05:30
THERMAX,4430.25,TOUCHED,-1.18,below,4378.0,4430.25,4444.0,4457.75,4430.25,0.619,68.2,0.019,0,2026-07-28,2026-07-29,False,False,5.0,2026-07-29T15:51:58+05:30
PREMIERENE,1027.60,TOUCHED,0.84,above,1036.2,1027.6,1024.03,1027.6,1020.47,0.697,68.8,0.029,0,2026-07-28,2026-07-29,False,False,5.0,2026-07-29T15:51:58+05:30
HOMEFIRST,1185.32,TOUCHED,-0.91,below,1174.5,1185.32,1189.63,1193.95,1185.32,0.726,69.3,0.042,0,2026-07-28,2026-07-29,False,False,5.0,2026-07-29T15:51:58+05:30
ECLERX,1889.15,TOUCHED,3.32,above,1951.8,1889.15,1880.6,1889.15,1872.05,0.909,69.6,0.039,0,2026-07-28,2026-07-29,False,False,5.0,2026-07-29T15:51:58+05:30
SBILIFE,1885.07,TOUCHED,0.52,above,1894.9,1885.07,1881.03,1885.07,1877.0,0.429,69.6,0.017,0,2026-07-28,2026-07-29,False,False,5.0,2026-07-29T15:51:58+05:30
SWANCORP,311.43,TOUCHED,-0.38,inside,310.25,311.43,311.43,312.65,310.22,0.781,69.6,0.034,0,2026-07-28,2026-07-29,False,False,5.0,2026-07-29T15:51:58+05:30
PETRONET,277.09,TOUCHED,0.0,above,277.1,277.09,276.38,277.09,275.68,0.513,69.9,0.025,0,2026-07-28,2026-07-29,False,False,5.0,2026-07-29T15:51:58+05:30
HINDPETRO,396.25,TOUCHED,-0.88,below,392.75,396.25,397.52,398.78,396.25,0.637,70.1,0.034,0,2026-07-28,2026-07-29,False,False,5.0,2026-07-29T15:51:58+05:30
NTPC,344.52,TOUCHED,-0.3,below,343.5,344.52,345.28,346.05,344.52,0.444,70.7,0.016,0,2026-07-28,2026-07-29,False,False,5.0,2026-07-29T15:51:58+05:30
TIMKEN,3096.17,TOUCHED,0.01,inside,3096.6,3096.17,3096.17,3106.45,3085.88,0.664,70.7,0.05,0,2026-07-28,2026-07-29,False,False,5.0,2026-07-29T15:51:58+05:30
BALKRISIND,2031.00,TOUCHED,2.5,above,2081.7,2031.0,2025.07,2031.0,2019.13,0.586,71.0,0.026,0,2026-07-28,2026-07-29,False,False,5.0,2026-07-29T15:51:58+05:30
IFCI,69.48,TOUCHED,2.62,above,71.3,69.48,69.16,69.48,68.84,0.925,71.2,0.102,0,2026-07-28,2026-07-29,False,False,5.0,2026-07-29T15:51:58+05:30
BATAINDIA,698.65,TOUCHED,-0.04,inside,698.35,698.65,698.65,700.5,696.8,0.53,71.5,0.022,0,2026-07-28,2026-07-29,False,False,5.0,2026-07-29T15:51:58+05:30
GODREJCP,1075.05,TOUCHED,0.13,above,1076.5,1075.05,1072.33,1075.05,1069.62,0.507,71.5,0.037,0,2026-07-28,2026-07-29,False,False,5.0,2026-07-29T15:51:58+05:30
GVT&D,4085.73,TOUCHED,0.39,inside,4101.6,4085.73,4085.73,4104.87,4066.6,0.937,71.8,0.025,0,2026-07-28,2026-07-29,False,False,5.0,2026-07-29T15:51:58+05:30
PRESTIGE,1669.77,TOUCHED,0.19,inside,1673.0,1669.77,1669.77,1676.03,1663.5,0.751,71.8,0.055,0,2026-07-28,2026-07-29,False,False,5.0,2026-07-29T15:51:58+05:30
ZYDUSWELL,555.60,TOUCHED,4.29,above,579.45,555.6,553.55,555.6,551.5,0.741,71.8,0.034,0,2026-07-28,2026-07-29,False,False,5.0,2026-07-29T15:51:58+05:30
SARDAEN,516.43,TOUCHED,1.39,above,523.6,516.43,514.35,516.43,512.28,0.807,72.6,0.028,0,2026-07-28,2026-07-29,False,False,5.0,2026-07-29T15:51:58+05:30
KPIL,1279.40,TOUCHED,1.88,above,1303.4,1279.4,1274.77,1279.4,1270.13,0.727,73.7,0.043,0,2026-07-28,2026-07-29,False,False,5.0,2026-07-29T15:51:58+05:30
ARE&M,869.40,TOUCHED,1.55,above,882.9,869.4,866.88,869.4,864.37,0.581,74.2,0.024,0,2026-07-28,2026-07-29,False,False,5.0,2026-07-29T15:51:58+05:30
BSE,3506.45,TOUCHED,1.0,above,3541.4,3506.45,3490.23,3506.45,3474.02,0.929,74.5,0.022,0,2026-07-28,2026-07-29,False,False,5.0,2026-07-29T15:51:58+05:30
CPPLUS,3449.45,TOUCHED,-0.71,below,3425.0,3449.45,3467.7,3485.95,3449.45,1.053,74.6,0.037,0,2026-07-28,2026-07-29,False,False,5.0,2026-07-29T15:51:58+05:30
JBMA,666.40,TOUCHED,1.44,above,676.0,666.4,663.95,666.4,661.5,0.738,74.8,0.033,0,2026-07-28,2026-07-29,False,False,5.0,2026-07-29T15:51:58+05:30
CIEINDIA,412.28,TOUCHED,0.6,above,414.75,412.28,410.95,412.28,409.62,0.645,75.1,0.029,0,2026-07-28,2026-07-29,False,False,5.0,2026-07-29T15:51:58+05:30
LTTS,3573.53,TOUCHED,0.32,inside,3585.0,3573.53,3573.53,3586.42,3560.65,0.721,75.1,0.042,0,2026-07-28,2026-07-29,False,False,5.0,2026-07-29T15:51:58+05:30
KFINTECH,961.75,TOUCHED,-1.35,below,948.8,961.75,965.75,969.75,961.75,0.828,75.3,0.019,0,2026-07-28,2026-07-29,False,False,5.0,2026-07-29T15:51:58+05:30
GLAXO,2623.03,TOUCHED,0.13,above,2626.4,2623.03,2613.47,2623.03,2603.9,0.732,75.6,0.026,0,2026-07-28,2026-07-29,False,False,5.0,2026-07-29T15:51:58+05:30
NAVINFLUOR,7571.33,TOUCHED,0.31,inside,7594.5,7571.33,7571.33,7600.75,7541.92,0.777,75.6,0.046,0,2026-07-28,2026-07-29,False,False,5.0,2026-07-29T15:51:58+05:30
BAJAJ-AUTO,11313.50,TOUCHED,0.22,inside,11338.0,11313.5,11313.5,11343.75,11283.25,0.535,75.9,0.028,0,2026-07-28,2026-07-29,False,False,5.0,2026-07-29T15:51:58+05:30
BRIGADE,557.83,TOUCHED,1.15,above,564.25,557.83,555.47,557.83,553.1,0.852,75.9,0.018,0,2026-07-28,2026-07-29,False,False,5.0,2026-07-29T15:51:58+05:30
WHIRLPOOL,786.38,TOUCHED,0.31,inside,788.85,786.38,786.38,789.38,783.39,0.761,75.9,0.045,0,2026-07-28,2026-07-29,False,False,5.0,2026-07-29T15:51:58+05:30
VTL,620.25,TOUCHED,1.5,above,629.55,620.25,617.67,620.25,615.08,0.836,76.2,0.032,0,2026-07-28,2026-07-29,False,False,5.0,2026-07-29T15:51:58+05:30
CANBK,125.14,TOUCHED,-0.33,inside,124.72,125.14,125.14,125.58,124.69,0.717,77.3,0.023,0,2026-07-28,2026-07-29,False,False,5.0,2026-07-29T15:51:58+05:30
AARTIIND,482.05,TOUCHED,0.72,above,485.5,482.05,480.28,482.05,478.52,0.736,77.8,0.037,0,2026-07-28,2026-07-29,False,False,5.0,2026-07-29T15:51:58+05:30
BANKBARODA,241.57,TOUCHED,0.73,above,243.35,241.57,240.78,241.57,239.99,0.658,78.1,0.012,0,2026-07-28,2026-07-29,False,False,5.0,2026-07-29T15:51:58+05:30
CUMMINSIND,5475.00,TOUCHED,-1.68,below,5383.0,5475.0,5494.5,5514.0,5475.0,0.71,78.6,0.018,0,2026-07-28,2026-07-29,False,False,5.0,2026-07-29T15:51:58+05:30
INOXWIND,76.64,TOUCHED,-0.05,inside,76.6,76.64,76.64,76.99,76.29,0.913,78.6,0.041,0,2026-07-28,2026-07-29,False,False,5.0,2026-07-29T15:51:58+05:30
LENSKART,560.17,TOUCHED,-0.09,inside,559.65,560.17,560.17,562.93,557.41,0.985,78.9,0.031,0,2026-07-28,2026-07-29,False,False,5.0,2026-07-29T15:51:58+05:30
PCBL,322.38,TOUCHED,13.44,above,365.7,322.38,321.05,322.38,319.72,0.825,78.9,0.05,0,2026-07-28,2026-07-29,False,False,5.0,2026-07-29T15:51:58+05:30
IRCTC,490.25,TOUCHED,1.17,above,496.0,490.25,488.82,490.25,487.38,0.586,79.7,0.034,0,2026-07-28,2026-07-29,False,False,5.0,2026-07-29T15:51:58+05:30
ATGL,652.98,TOUCHED,0.45,above,655.9,652.98,650.5,652.98,648.02,0.761,80.0,0.035,0,2026-07-28,2026-07-29,False,False,5.0,2026-07-29T15:51:58+05:30
WAAREEENER,2735.15,TOUCHED,0.04,above,2736.2,2735.15,2721.53,2735.15,2707.92,1.001,80.5,0.043,0,2026-07-28,2026-07-29,False,False,5.0,2026-07-29T15:51:58+05:30
KIRLOSENG,2204.57,TOUCHED,-1.07,below,2180.9,2204.57,2216.93,2229.3,2204.57,1.116,80.8,0.035,0,2026-07-28,2026-07-29,False,False,5.0,2026-07-29T15:51:58+05:30
VEDL,262.50,TOUCHED,0.76,above,264.5,262.5,261.45,262.5,260.4,0.803,80.8,0.03,0,2026-07-28,2026-07-29,False,False,5.0,2026-07-29T15:51:58+05:30
TENNIND,534.77,TOUCHED,0.72,above,538.6,534.77,532.15,534.77,529.53,0.987,80.9,0.015,0,2026-07-28,2026-07-29,False,False,5.0,2026-07-29T15:51:58+05:30
ADANIPOWER,210.23,TOUCHED,-0.34,inside,209.52,210.23,210.23,211.22,209.24,0.943,81.1,0.067,0,2026-07-28,2026-07-29,False,False,5.0,2026-07-29T15:51:58+05:30
CAPLIPOINT,2612.77,TOUCHED,0.02,inside,2613.2,2612.77,2612.77,2625.0,2600.53,0.936,81.1,0.037,0,2026-07-28,2026-07-29,False,False,5.0,2026-07-29T15:51:58+05:30
DEVYANI,115.33,TOUCHED,2.63,above,118.36,115.33,114.79,115.33,114.26,0.932,81.6,0.04,0,2026-07-28,2026-07-29,False,False,5.0,2026-07-29T15:51:58+05:30
ACUTAAS,3279.88,TOUCHED,0.8,above,3306.2,3279.88,3262.07,3279.88,3244.25,1.092,82.2,0.036,0,2026-07-28,2026-07-29,False,False,5.0,2026-07-29T15:51:58+05:30
INDUSTOWER,384.73,TOUCHED,0.37,inside,386.15,384.73,384.73,386.3,383.17,0.814,83.0,0.022,0,2026-07-28,2026-07-29,False,False,5.0,2026-07-29T15:51:58+05:30
DEEPAKNTR,1670.90,TOUCHED,0.22,above,1674.6,1670.9,1664.37,1670.9,1657.83,0.785,83.3,0.029,0,2026-07-28,2026-07-29,False,False,5.0,2026-07-29T15:51:58+05:30
PINELABS,149.90,TOUCHED,-3.51,below,144.64,149.9,150.91,151.93,149.9,1.343,83.5,0.053,0,2026-07-28,2026-07-29,False,False,5.0,2026-07-29T15:51:58+05:30
EMCURE,1912.73,TOUCHED,-0.47,inside,1903.7,1912.73,1912.73,1923.0,1902.47,1.074,83.8,0.031,0,2026-07-28,2026-07-29,False,False,5.0,2026-07-29T15:51:58+05:30
CANHLIFE,143.65,TOUCHED,2.39,above,147.08,143.65,142.99,143.65,142.33,0.923,84.0,0.023,0,2026-07-28,2026-07-29,False,False,5.0,2026-07-29T15:51:58+05:30
UNITDSPR,1503.75,TOUCHED,0.04,above,1504.4,1503.75,1498.7,1503.75,1493.65,0.674,84.1,0.035,0,2026-07-28,2026-07-29,False,False,5.0,2026-07-29T15:51:58+05:30
INTELLECT,728.68,TOUCHED,-1.19,below,720.0,728.68,733.12,737.55,728.68,1.209,85.5,0.042,0,2026-07-28,2026-07-29,False,False,5.0,2026-07-29T15:51:58+05:30
IPCALAB,1772.73,TOUCHED,0.1,inside,1774.5,1772.73,1772.73,1780.87,1764.6,0.918,86.0,0.032,0,2026-07-28,2026-07-29,False,False,5.0,2026-07-29T15:51:58+05:30
ITCHOTELS,162.54,TOUCHED,0.29,inside,163.02,162.54,162.54,163.31,161.78,0.943,86.3,0.037,0,2026-07-28,2026-07-29,False,False,5.0,2026-07-29T15:51:58+05:30
TATAPOWER,375.68,TOUCHED,0.42,above,377.25,375.68,374.23,375.68,372.79,0.77,86.3,0.028,0,2026-07-28,2026-07-29,False,False,5.0,2026-07-29T15:51:58+05:30
GODFRYPHLP,2062.30,TOUCHED,0.66,inside,2076.0,2062.3,2062.3,2077.8,2046.8,1.503,86.6,0.041,0,2026-07-28,2026-07-29,False,False,5.0,2026-07-29T15:51:58+05:30
JINDALSAW,255.52,TOUCHED,0.82,above,257.6,255.52,253.88,255.52,252.25,1.287,86.8,0.043,0,2026-07-28,2026-07-29,False,False,5.0,2026-07-29T15:51:58+05:30
PVRINOX,1135.00,TOUCHED,0.44,above,1140.0,1135.0,1129.38,1135.0,1123.77,0.995,87.1,0.03,0,2026-07-28,2026-07-29,False,False,5.0,2026-07-29T15:51:58+05:30
TATACHEM,679.77,TOUCHED,-0.11,inside,679.05,679.77,679.77,682.5,677.03,0.804,87.4,0.021,0,2026-07-28,2026-07-29,False,False,5.0,2026-07-29T15:51:58+05:30
MANKIND,2595.70,TOUCHED,-0.12,inside,2592.7,2595.7,2595.7,2606.8,2584.6,0.855,87.7,0.038,0,2026-07-28,2026-07-29,False,False,5.0,2026-07-29T15:51:58+05:30
TEGA,1508.18,TOUCHED,-0.25,below,1504.4,1508.18,1515.37,1522.55,1508.18,0.948,87.7,0.043,0,2026-07-28,2026-07-29,False,False,5.0,2026-07-29T15:51:58+05:30
LATENTVIEW,315.82,TOUCHED,0.56,inside,317.6,315.82,315.82,317.7,313.93,1.193,88.8,0.033,0,2026-07-28,2026-07-29,False,False,5.0,2026-07-29T15:51:58+05:30
EMAMILTD,409.07,TOUCHED,-0.3,below,407.85,409.07,411.03,413.0,409.07,0.957,89.0,0.021,0,2026-07-28,2026-07-29,False,False,5.0,2026-07-29T15:51:58+05:30
FINCABLES,984.00,TOUCHED,0.09,inside,984.9,984.0,984.0,989.45,978.55,1.108,89.3,0.019,0,2026-07-28,2026-07-29,False,False,5.0,2026-07-29T15:51:58+05:30
GILLETTE,7859.17,TOUCHED,0.42,inside,7892.0,7859.17,7859.17,7893.75,7824.58,0.88,89.3,0.036,0,2026-07-28,2026-07-29,False,False,5.0,2026-07-29T15:51:58+05:30
TORNTPHARM,4916.53,TOUCHED,-0.77,below,4878.5,4916.53,4934.77,4953.0,4916.53,0.739,89.6,0.025,0,2026-07-28,2026-07-29,False,False,5.0,2026-07-29T15:51:58+05:30
RHIM,396.73,TOUCHED,-0.27,inside,395.65,396.73,396.73,399.18,394.29,1.231,90.4,0.029,0,2026-07-28,2026-07-29,False,False,5.0,2026-07-29T15:51:58+05:30
HSCL,764.95,TOUCHED,0.65,above,769.9,764.95,759.85,764.95,754.75,1.342,91.2,0.035,0,2026-07-28,2026-07-29,False,False,5.0,2026-07-29T15:51:58+05:30
ATUL,6763.00,TOUCHED,0.52,above,6798.5,6763.0,6725.33,6763.0,6687.67,1.12,91.5,0.016,0,2026-07-28,2026-07-29,False,False,5.0,2026-07-29T15:51:58+05:30
ZFCVINDIA,2363.05,TOUCHED,1.13,above,2389.7,2363.05,2349.2,2363.05,2335.35,1.179,92.3,0.037,0,2026-07-28,2026-07-29,False,False,5.0,2026-07-29T15:51:58+05:30
APARINDS,13834.50,TOUCHED,0.0,above,13835.0,13834.5,13716.33,13834.5,13598.17,1.723,92.6,0.054,0,2026-07-28,2026-07-29,False,False,5.0,2026-07-29T15:51:58+05:30
COALINDIA,411.83,TOUCHED,-0.43,below,410.05,411.83,413.52,415.2,411.83,0.814,92.6,0.022,0,2026-07-28,2026-07-29,False,False,5.0,2026-07-29T15:51:58+05:30
GODIGIT,249.60,TOUCHED,1.42,above,253.15,249.6,248.28,249.6,246.97,1.061,92.9,0.031,0,2026-07-28,2026-07-29,False,False,5.0,2026-07-29T15:51:58+05:30
NCC,140.14,TOUCHED,1.43,above,142.15,140.14,139.33,140.14,138.51,1.17,93.2,0.028,0,2026-07-28,2026-07-29,False,False,5.0,2026-07-29T15:51:58+05:30
DABUR,430.25,TOUCHED,0.8,above,433.7,430.25,428.37,430.25,426.48,0.879,93.4,0.035,0,2026-07-28,2026-07-29,False,False,5.0,2026-07-29T15:51:58+05:30
HUDCO,195.75,TOUCHED,-0.28,below,195.21,195.75,197.05,198.35,195.75,1.319,94.0,0.036,0,2026-07-28,2026-07-29,False,False,5.0,2026-07-29T15:51:58+05:30
TITAN,4828.62,TOUCHED,0.45,above,4850.2,4828.62,4807.53,4828.62,4786.45,0.877,94.0,0.018,0,2026-07-28,2026-07-29,False,False,5.0,2026-07-29T15:51:58+05:30
TTML,39.56,TOUCHED,0.49,inside,39.75,39.56,39.56,39.84,39.27,1.458,94.0,0.046,0,2026-07-28,2026-07-29,False,False,5.0,2026-07-29T15:51:58+05:30
EXIDEIND,431.45,TOUCHED,0.97,above,435.65,431.45,428.77,431.45,426.08,1.252,94.5,0.027,0,2026-07-28,2026-07-29,False,False,5.0,2026-07-29T15:51:58+05:30
GODREJIND,1318.98,TOUCHED,-1.95,below,1293.3,1318.98,1328.77,1338.55,1318.98,1.473,95.1,0.047,0,2026-07-28,2026-07-29,False,False,5.0,2026-07-29T15:51:58+05:30
LODHA,1291.71,TOUCHED,1.91,above,1316.35,1291.71,1282.02,1291.71,1272.33,1.512,95.3,0.031,0,2026-07-28,2026-07-29,False,False,5.0,2026-07-29T15:51:58+05:30
SPLPETRO,746.78,TOUCHED,-1.7,below,734.1,746.78,753.15,759.52,746.78,1.693,95.3,0.039,0,2026-07-28,2026-07-29,False,False,5.0,2026-07-29T15:51:58+05:30
TATACONSUM,1092.07,TOUCHED,0.37,inside,1096.1,1092.07,1092.07,1097.05,1087.08,0.913,95.6,0.029,0,2026-07-28,2026-07-29,False,False,5.0,2026-07-29T15:51:58+05:30
RRKABEL,2599.85,TOUCHED,-1.58,below,2558.9,2599.85,2622.8,2645.75,2599.85,1.75,95.9,0.055,0,2026-07-28,2026-07-29,False,False,5.0,2026-07-29T15:51:58+05:30
MARICO,875.60,TOUCHED,0.35,inside,878.7,875.6,875.6,879.42,871.77,0.874,96.2,0.018,0,2026-07-28,2026-07-29,False,False,5.0,2026-07-29T15:51:58+05:30
