symbol,status,type,distance_pct,trend,ltp,virgin_level,pivot,tc,bc,width_pct,width_percentile,narrow_threshold_pct,days_virgin,source_date,session_date,is_virgin,is_narrow,narrow_percentile_used,scanned_at
NSLNISP,41.81,V+W,-1.4,below,41.22,41.81,42.16,42.52,41.81,1.692,97.0,0.033,1,2026-09-15,2026-09-16,True,False,5.0,2026-09-16T15:08:52+05:30
SIEMENS,3802.33,V+W,-1.15,below,3758.5,3802.33,3834.67,3867.0,3802.33,1.686,97.0,0.018,1,2026-09-15,2026-09-16,True,False,5.0,2026-09-16T15:08:52+05:30
IFCI,78.02,V+W,-3.69,below,75.14,78.02,79.09,80.16,78.02,2.706,97.3,0.1,1,2026-09-15,2026-09-16,True,False,5.0,2026-09-16T15:08:52+05:30
INDIGO,4806.75,V+W,-1.37,below,4741.0,4806.75,4837.5,4868.25,4806.75,1.271,97.3,0.025,1,2026-09-15,2026-09-16,True,False,5.0,2026-09-16T15:08:52+05:30
BSOFT,288.96,V+W,-2.68,below,281.2,288.96,291.47,293.98,288.96,1.721,97.5,0.042,1,2026-09-15,2026-09-16,True,False,5.0,2026-09-16T15:08:52+05:30
IDBI,83.84,V+W,-1.08,below,82.93,83.84,84.72,85.61,83.84,2.093,97.5,0.033,1,2026-09-15,2026-09-16,True,False,5.0,2026-09-16T15:08:52+05:30
MAPMYINDIA,896.82,V+W,-1.43,below,884.0,896.82,905.83,914.85,896.82,1.991,97.5,0.031,1,2026-09-15,2026-09-16,True,False,5.0,2026-09-16T15:08:52+05:30
NIACL,187.66,V+W,-2.11,below,183.69,187.66,189.9,192.15,187.66,2.366,97.5,0.029,1,2026-09-15,2026-09-16,True,False,5.0,2026-09-16T15:08:52+05:30
COFORGE,1793.53,V+W,-1.67,below,1763.5,1793.53,1811.57,1829.6,1793.53,1.991,97.8,0.032,1,2026-09-15,2026-09-16,True,False,5.0,2026-09-16T15:08:52+05:30
HAL,4732.33,V+W,-0.78,below,4695.5,4732.33,4769.67,4807.0,4732.33,1.565,98.1,0.035,1,2026-09-15,2026-09-16,True,False,5.0,2026-09-16T15:08:52+05:30
SYRMA,1524.18,V+W,-0.94,below,1509.9,1524.18,1540.67,1557.15,1524.18,2.14,98.1,0.045,1,2026-09-15,2026-09-16,True,False,5.0,2026-09-16T15:08:52+05:30
DATAPATTNS,4428.37,V+W,-2.13,below,4334.1,4428.37,4497.93,4567.5,4428.37,3.093,98.4,0.076,1,2026-09-15,2026-09-16,True,False,5.0,2026-09-16T15:08:52+05:30
FIRSTCRY,173.81,V+W,-1.96,below,170.41,173.81,176.1,178.38,173.81,2.593,98.4,0.051,1,2026-09-15,2026-09-16,True,False,5.0,2026-09-16T15:08:52+05:30
KIRLOSENG,2068.15,V+W,-1.58,below,2035.5,2068.15,2094.7,2121.25,2068.15,2.535,98.4,0.035,1,2026-09-15,2026-09-16,True,False,5.0,2026-09-16T15:08:52+05:30
TMPV,306.34,V+W,-1.89,below,300.55,306.34,309.08,311.82,306.34,1.774,98.4,0.02,1,2026-09-15,2026-09-16,True,False,5.0,2026-09-16T15:08:52+05:30
LTM,4379.77,V+W,-2.93,below,4251.4,4379.77,4412.93,4446.1,4379.77,1.503,98.6,0.032,1,2026-09-15,2026-09-16,True,False,5.0,2026-09-16T15:08:52+05:30
GMRAIRPORT,93.85,V+W,-1.43,below,92.5,93.85,94.72,95.6,93.85,1.851,98.9,0.02,1,2026-09-15,2026-09-16,True,False,5.0,2026-09-16T15:08:52+05:30
AIAENG,3937.2,V+W,-3.23,below,3810.0,3937.2,3975.1,4013.0,3937.2,1.907,99.2,0.05,1,2026-09-15,2026-09-16,True,False,5.0,2026-09-16T15:08:52+05:30
CGPOWER,866.88,V+W,-1.56,below,853.35,866.88,875.77,884.65,866.88,2.029,99.2,0.035,1,2026-09-15,2026-09-16,True,False,5.0,2026-09-16T15:08:52+05:30
GRANULES,881.09,V+W,-5.47,below,832.9,881.09,889.58,898.08,881.09,1.909,99.2,0.038,1,2026-09-15,2026-09-16,True,False,5.0,2026-09-16T15:08:52+05:30
JINDALSAW,292.69,V+W,-3.86,below,281.4,292.69,296.38,300.07,292.69,2.491,99.2,0.034,1,2026-09-15,2026-09-16,True,False,5.0,2026-09-16T15:08:52+05:30
WELCORP,2455.87,V+W,-1.57,below,2417.4,2455.87,2498.43,2541.0,2455.87,3.407,99.5,0.058,1,2026-09-15,2026-09-16,True,False,5.0,2026-09-16T15:08:52+05:30
AFCONS,268.97,V+W,-4.15,below,257.8,268.97,275.68,282.4,268.97,4.873,99.7,0.023,1,2026-09-15,2026-09-16,True,False,5.0,2026-09-16T15:08:52+05:30
SHRIRAMFIN,990.65,V+W,-1.09,below,979.9,990.65,1001.5,1012.35,990.65,2.167,99.7,0.033,1,2026-09-15,2026-09-16,True,False,5.0,2026-09-16T15:08:52+05:30
SOLARINDS,19794.17,V+W,-4.44,below,18915.0,19794.17,20338.33,20882.5,19794.17,5.351,99.7,0.057,1,2026-09-15,2026-09-16,True,False,5.0,2026-09-16T15:08:52+05:30
APTUS,244.9,V,-2.33,below,239.19,244.9,244.96,245.03,244.9,0.054,8.8,0.026,1,2026-09-15,2026-09-16,True,False,5.0,2026-09-16T15:08:52+05:30
NH,1895.57,V,-2.28,below,1852.3,1895.57,1896.23,1896.9,1895.57,0.07,10.1,0.034,1,2026-09-15,2026-09-16,True,False,5.0,2026-09-16T15:08:52+05:30
COLPAL,1819.43,V,3.11,above,1876.0,1819.43,1818.57,1819.43,1817.7,0.095,14.8,0.025,1,2026-09-15,2026-09-16,True,False,5.0,2026-09-16T15:08:52+05:30
DOMS,2121.4,V,-1.9,below,2081.1,2121.4,2122.4,2123.4,2121.4,0.094,14.8,0.028,1,2026-09-15,2026-09-16,True,False,5.0,2026-09-16T15:08:52+05:30
POWERINDIA,30647.5,V,-1.49,below,30190.0,30647.5,30695.0,30742.5,30647.5,0.309,25.8,0.06,1,2026-09-15,2026-09-16,True,False,5.0,2026-09-16T15:08:52+05:30
BAJAJHLDNG,11111.33,V,-1.23,below,10975.0,11111.33,11122.67,11134.0,11111.33,0.204,27.7,0.023,1,2026-09-15,2026-09-16,True,False,5.0,2026-09-16T15:08:52+05:30
AUROPHARMA,1661.68,V,-0.76,below,1649.0,1661.68,1663.37,1665.05,1661.68,0.202,30.7,0.039,1,2026-09-15,2026-09-16,True,False,5.0,2026-09-16T15:08:52+05:30
BAJAJHFL,83.81,V,-0.98,below,82.98,83.81,83.87,83.94,83.81,0.155,31.8,0.024,1,2026-09-15,2026-09-16,True,False,5.0,2026-09-16T15:08:52+05:30
TBOTEK,1658.57,V,-1.64,below,1631.3,1658.57,1661.03,1663.5,1658.57,0.297,31.8,0.038,1,2026-09-15,2026-09-16,True,False,5.0,2026-09-16T15:08:52+05:30
CHAMBLFERT,417.17,V,-1.96,below,409.0,417.17,417.7,418.23,417.17,0.251,33.4,0.035,1,2026-09-15,2026-09-16,True,False,5.0,2026-09-16T15:08:52+05:30
CAMS,718.34,V,-1.93,below,704.45,718.34,719.33,720.32,718.34,0.276,37.0,0.04,1,2026-09-15,2026-09-16,True,False,5.0,2026-09-16T15:08:52+05:30
TTML,36.23,V,-2.89,below,35.18,36.23,36.31,36.38,36.23,0.432,53.2,0.041,1,2026-09-15,2026-09-16,True,False,5.0,2026-09-16T15:08:52+05:30
CYIENT,1081.4,V,-2.54,below,1053.9,1081.4,1083.9,1086.4,1081.4,0.461,54.2,0.029,1,2026-09-15,2026-09-16,True,False,5.0,2026-09-16T15:08:52+05:30
ZFCVINDIA,2516.92,V,-2.27,below,2459.7,2516.92,2522.33,2527.75,2516.92,0.429,55.3,0.037,1,2026-09-15,2026-09-16,True,False,5.0,2026-09-16T15:08:52+05:30
HEG,226.02,V,-4.87,below,215.0,226.02,226.68,227.35,226.02,0.588,55.6,0.043,1,2026-09-15,2026-09-16,True,False,5.0,2026-09-16T15:08:52+05:30
FORTIS,882.02,V,-0.93,below,873.85,882.02,883.95,885.88,882.02,0.436,57.3,0.028,1,2026-09-15,2026-09-16,True,False,5.0,2026-09-16T15:08:52+05:30
ELECON,414.94,V,-1.76,below,407.65,414.94,416.38,417.83,414.94,0.692,57.8,0.036,1,2026-09-15,2026-09-16,True,False,5.0,2026-09-16T15:08:52+05:30
JSWCEMENT,117.17,V,-0.58,below,116.5,117.17,117.47,117.76,117.17,0.502,60.3,0.027,1,2026-09-15,2026-09-16,True,False,5.0,2026-09-16T15:08:52+05:30
DIVISLAB,9218.0,V,-0.69,below,9154.5,9218.0,9238.0,9258.0,9218.0,0.433,66.0,0.024,1,2026-09-15,2026-09-16,True,False,5.0,2026-09-16T15:08:52+05:30
JUBLPHARMA,1015.16,V,-1.02,below,1004.85,1015.16,1018.37,1021.58,1015.16,0.63,69.9,0.019,1,2026-09-15,2026-09-16,True,False,5.0,2026-09-16T15:08:52+05:30
POONAWALLA,436.18,V,-0.81,below,432.65,436.18,437.75,439.32,436.18,0.72,71.0,0.033,1,2026-09-15,2026-09-16,True,False,5.0,2026-09-16T15:08:52+05:30
GROWW,198.41,V,-4.52,below,189.45,198.41,199.23,200.05,198.41,0.823,71.4,0.031,1,2026-09-15,2026-09-16,True,False,5.0,2026-09-16T15:08:52+05:30
IRCTC,459.62,V,-1.45,below,452.95,459.62,460.7,461.77,459.62,0.467,71.8,0.043,1,2026-09-15,2026-09-16,True,False,5.0,2026-09-16T15:08:52+05:30
GRSE,2370.47,V,-2.26,below,2316.8,2370.47,2382.13,2393.8,2370.47,0.98,73.4,0.067,1,2026-09-15,2026-09-16,True,False,5.0,2026-09-16T15:08:52+05:30
TRITURBINE,548.82,V,-1.44,below,540.9,548.82,550.73,552.65,548.82,0.696,75.1,0.022,1,2026-09-15,2026-09-16,True,False,5.0,2026-09-16T15:08:52+05:30
TATAINVEST,720.67,V,-5.39,below,681.85,720.67,723.0,725.33,720.67,0.643,76.7,0.023,1,2026-09-15,2026-09-16,True,False,5.0,2026-09-16T15:08:52+05:30
WHIRLPOOL,754.83,V,-3.01,below,732.1,754.83,757.72,760.6,754.83,0.761,77.0,0.045,1,2026-09-15,2026-09-16,True,False,5.0,2026-09-16T15:08:52+05:30
INOXWIND,74.68,V,-0.71,below,74.15,74.68,75.0,75.33,74.68,0.871,77.3,0.041,1,2026-09-15,2026-09-16,True,False,5.0,2026-09-16T15:08:52+05:30
GPIL,238.23,V,-0.82,below,236.27,238.23,239.29,240.35,238.23,0.89,77.5,0.029,1,2026-09-15,2026-09-16,True,False,5.0,2026-09-16T15:08:52+05:30
USHAMART,482.15,V,-0.69,below,478.8,482.15,484.05,485.95,482.15,0.785,77.8,0.031,1,2026-09-15,2026-09-16,True,False,5.0,2026-09-16T15:08:52+05:30
ABLBL,83.31,V,-0.97,below,82.5,83.31,83.67,84.03,83.31,0.861,77.9,0.055,1,2026-09-15,2026-09-16,True,False,5.0,2026-09-16T15:08:52+05:30
JMFINANCIL,121.77,V,-1.33,below,120.15,121.77,122.34,122.9,121.77,0.921,78.1,0.052,1,2026-09-15,2026-09-16,True,False,5.0,2026-09-16T15:08:52+05:30
TATAELXSI,3451.7,V,-2.37,below,3370.0,3451.7,3463.4,3475.1,3451.7,0.676,78.1,0.034,1,2026-09-15,2026-09-16,True,False,5.0,2026-09-16T15:08:52+05:30
PREMIERENE,948.88,V,-5.28,below,898.8,948.88,952.77,956.65,948.88,0.815,78.4,0.031,1,2026-09-15,2026-09-16,True,False,5.0,2026-09-16T15:08:52+05:30
JPPOWER,15.72,V,-1.96,below,15.41,15.72,15.8,15.88,15.72,0.992,80.0,0.037,1,2026-09-15,2026-09-16,True,False,5.0,2026-09-16T15:08:52+05:30
BHARTIHEXA,1511.68,V,-2.13,below,1479.5,1511.68,1517.87,1524.05,1511.68,0.815,82.5,0.038,1,2026-09-15,2026-09-16,True,False,5.0,2026-09-16T15:08:52+05:30
KAYNES,3413.8,V,-1.06,below,3377.7,3413.8,3435.6,3457.4,3413.8,1.269,84.1,0.049,1,2026-09-15,2026-09-16,True,False,5.0,2026-09-16T15:08:52+05:30
AMBER,7037.92,V,-1.88,below,6905.5,7037.92,7075.83,7113.75,7037.92,1.072,85.2,0.035,1,2026-09-15,2026-09-16,True,False,5.0,2026-09-16T15:08:52+05:30
BATAINDIA,642.5,V,-1.8,below,630.95,642.5,644.85,647.2,642.5,0.729,85.8,0.022,1,2026-09-15,2026-09-16,True,False,5.0,2026-09-16T15:08:52+05:30
TARIL,279.84,V,-0.8,below,277.6,279.84,281.73,283.62,279.84,1.343,86.3,0.054,1,2026-09-15,2026-09-16,True,False,5.0,2026-09-16T15:08:52+05:30
BIOCON,383.51,V,-2.28,below,374.75,383.51,385.02,386.52,383.51,0.784,86.8,0.028,1,2026-09-15,2026-09-16,True,False,5.0,2026-09-16T15:08:52+05:30
ASAHIINDIA,963.76,V,-1.4,below,950.25,963.76,968.72,973.67,963.76,1.024,87.1,0.042,1,2026-09-15,2026-09-16,True,False,5.0,2026-09-16T15:08:52+05:30
SOBHA,1198.82,V,-1.21,below,1184.3,1198.82,1204.93,1211.05,1198.82,1.015,88.2,0.028,1,2026-09-15,2026-09-16,True,False,5.0,2026-09-16T15:08:52+05:30
JBMA,606.93,V,-2.98,below,588.85,606.93,609.97,613.0,606.93,0.995,88.8,0.032,1,2026-09-15,2026-09-16,True,False,5.0,2026-09-16T15:08:52+05:30
MOTILALOFS,996.38,V,-1.6,below,980.4,996.38,1001.97,1007.55,996.38,1.114,88.8,0.046,1,2026-09-15,2026-09-16,True,False,5.0,2026-09-16T15:08:52+05:30
EMMVEE,331.06,V,-2.4,below,323.1,331.06,333.57,336.08,331.06,1.504,89.0,0.037,1,2026-09-15,2026-09-16,True,False,5.0,2026-09-16T15:08:52+05:30
ATHERENERG,1580.25,V,-1.69,below,1553.6,1580.25,1592.0,1603.75,1580.25,1.476,89.2,0.063,1,2026-09-15,2026-09-16,True,False,5.0,2026-09-16T15:08:52+05:30
IDEA,14.55,V,-1.99,below,14.26,14.55,14.65,14.75,14.55,1.365,89.3,0.044,1,2026-09-15,2026-09-16,True,False,5.0,2026-09-16T15:08:52+05:30
SUNDARMFIN,4718.88,V,-0.94,below,4674.7,4718.88,4742.77,4766.65,4718.88,1.007,89.3,0.029,1,2026-09-15,2026-09-16,True,False,5.0,2026-09-16T15:08:52+05:30
PWL,131.78,V,-3.21,below,127.55,131.78,132.84,133.9,131.78,1.596,89.5,0.069,1,2026-09-15,2026-09-16,True,False,5.0,2026-09-16T15:08:52+05:30
PARADEEP,150.43,V,-2.36,below,146.88,150.43,151.52,152.61,150.43,1.437,89.6,0.04,1,2026-09-15,2026-09-16,True,False,5.0,2026-09-16T15:08:52+05:30
NCC,138.03,V,-2.21,below,134.97,138.03,138.72,139.42,138.03,1.002,89.9,0.027,1,2026-09-15,2026-09-16,True,False,5.0,2026-09-16T15:08:52+05:30
BSE,3331.28,V,-2.99,below,3231.7,3331.28,3352.57,3373.85,3331.28,1.27,90.1,0.024,1,2026-09-15,2026-09-16,True,False,5.0,2026-09-16T15:08:52+05:30
SJVN,64.91,V,-1.3,below,64.07,64.91,65.24,65.57,64.91,1.017,90.1,0.03,1,2026-09-15,2026-09-16,True,False,5.0,2026-09-16T15:08:52+05:30
ANGELONE,299.55,V,-2.15,below,293.1,299.55,301.6,303.65,299.55,1.359,90.4,0.029,1,2026-09-15,2026-09-16,True,False,5.0,2026-09-16T15:08:52+05:30
NAM-INDIA,1159.98,V,-3.9,below,1114.7,1159.98,1166.87,1173.75,1159.98,1.18,90.4,0.031,1,2026-09-15,2026-09-16,True,False,5.0,2026-09-16T15:08:52+05:30
GMDCLTD,557.63,V,-2.29,below,544.85,557.63,561.82,566.0,557.63,1.489,91.2,0.078,1,2026-09-15,2026-09-16,True,False,5.0,2026-09-16T15:08:52+05:30
FACT,759.12,V,-1.37,below,748.75,759.12,763.7,768.28,759.12,1.198,91.5,0.056,1,2026-09-15,2026-09-16,True,False,5.0,2026-09-16T15:08:52+05:30
TMCV,429.89,V,-1.43,below,423.75,429.89,432.63,435.38,429.89,1.267,92.0,0.024,1,2026-09-15,2026-09-16,True,False,5.0,2026-09-16T15:08:52+05:30
BDL,1142.93,V,-0.95,below,1132.1,1142.93,1150.87,1158.8,1142.93,1.379,92.1,0.053,1,2026-09-15,2026-09-16,True,False,5.0,2026-09-16T15:08:52+05:30
INTELLECT,667.92,V,-1.44,below,658.3,667.92,672.98,678.05,667.92,1.506,92.1,0.043,1,2026-09-15,2026-09-16,True,False,5.0,2026-09-16T15:08:52+05:30
IRCON,110.1,V,-1.36,below,108.61,110.1,110.79,111.47,110.1,1.237,92.1,0.043,1,2026-09-15,2026-09-16,True,False,5.0,2026-09-16T15:08:52+05:30
IRB,19.27,V,-1.1,below,19.06,19.27,19.36,19.45,19.27,0.947,92.3,0.038,1,2026-09-15,2026-09-16,True,False,5.0,2026-09-16T15:08:52+05:30
CHOICEIN,743.9,V,-2.32,below,726.65,743.9,747.4,750.9,743.9,0.937,92.9,0.024,1,2026-09-15,2026-09-16,True,False,5.0,2026-09-16T15:08:52+05:30
COCHINSHIP,1334.83,V,-1.63,below,1313.1,1334.83,1344.67,1354.5,1334.83,1.463,92.9,0.041,1,2026-09-15,2026-09-16,True,False,5.0,2026-09-16T15:08:52+05:30
ELGIEQUIP,616.07,V,-3.88,below,592.15,616.07,620.08,624.1,616.07,1.296,93.4,0.049,1,2026-09-15,2026-09-16,True,False,5.0,2026-09-16T15:08:52+05:30
RVNL,200.21,V,-1.58,below,197.05,200.21,201.43,202.64,200.21,1.206,93.7,0.032,1,2026-09-15,2026-09-16,True,False,5.0,2026-09-16T15:08:52+05:30
SARDAEN,504.98,V,-1.51,below,497.35,504.98,508.62,512.25,504.98,1.429,94.2,0.031,1,2026-09-15,2026-09-16,True,False,5.0,2026-09-16T15:08:52+05:30
FLUOROCHEM,4632.18,V,-2.37,below,4522.6,4632.18,4663.07,4693.95,4632.18,1.325,94.8,0.022,1,2026-09-15,2026-09-16,True,False,5.0,2026-09-16T15:08:52+05:30
SUZLON,43.19,V,-2.48,below,42.12,43.19,43.48,43.78,43.19,1.342,94.8,0.028,1,2026-09-15,2026-09-16,True,False,5.0,2026-09-16T15:08:52+05:30
KEC,410.11,V,-2.77,below,398.75,410.11,413.32,416.53,410.11,1.552,95.1,0.024,1,2026-09-15,2026-09-16,True,False,5.0,2026-09-16T15:08:52+05:30
CHENNPETRO,1488.58,V,-2.01,below,1458.7,1488.58,1505.37,1522.15,1488.58,2.23,95.3,0.026,1,2026-09-15,2026-09-16,True,False,5.0,2026-09-16T15:08:52+05:30
GABRIEL,1312.92,V,-1.46,below,1293.8,1312.92,1325.33,1337.75,1312.92,1.874,95.6,0.039,1,2026-09-15,2026-09-16,True,False,5.0,2026-09-16T15:08:52+05:30
WOCKPHARMA,2084.2,V,-3.07,below,2020.3,2084.2,2104.3,2124.4,2084.2,1.91,95.6,0.059,1,2026-09-15,2026-09-16,True,False,5.0,2026-09-16T15:08:52+05:30
ITI,257.42,V,-0.81,below,255.35,257.42,259.45,261.48,257.42,1.561,95.9,0.032,1,2026-09-15,2026-09-16,True,False,5.0,2026-09-16T15:08:52+05:30
NETWEB,4667.25,V,-2.26,below,4562.0,4667.25,4720.5,4773.75,4667.25,2.256,95.9,0.06,1,2026-09-15,2026-09-16,True,False,5.0,2026-09-16T15:08:52+05:30
PTCIL,22754.17,V,-0.85,below,22560.0,22754.17,22948.33,23142.5,22754.17,1.692,96.4,0.031,1,2026-09-15,2026-09-16,True,False,5.0,2026-09-16T15:08:52+05:30
TEJASNET,526.67,V,-2.33,below,514.4,526.67,532.1,537.52,526.67,2.039,96.4,0.041,1,2026-09-15,2026-09-16,True,False,5.0,2026-09-16T15:08:52+05:30
HFCL,224.12,V,-4.99,below,212.95,224.12,226.24,228.35,224.12,1.87,96.7,0.031,1,2026-09-15,2026-09-16,True,False,5.0,2026-09-16T15:08:52+05:30
TATACHEM,734.9,NARROW,-0.75,below,729.4,734.9,734.9,734.9,734.9,0.0,0.0,0.021,0,2026-09-15,2026-09-16,False,True,5.0,2026-09-16T15:08:52+05:30
UTIAMC,910.83,NARROW,-1.74,below,895.0,910.83,910.92,911.01,910.83,0.02,2.7,0.031,0,2026-09-15,2026-09-16,False,True,5.0,2026-09-16T15:08:52+05:30
AEGISVOPAK,301.9,NARROW,-0.94,below,299.05,301.9,301.93,301.97,301.9,0.022,4.3,0.037,0,2026-09-15,2026-09-16,False,True,5.0,2026-09-16T15:08:52+05:30
PVRINOX,1220.85,NARROW,2.72,above,1254.0,1220.85,1220.7,1220.85,1220.55,0.025,4.4,0.028,0,2026-09-15,2026-09-16,False,True,5.0,2026-09-16T15:08:52+05:30
ENRIN,3054.13,WIDE,-1.35,below,3013.0,3054.13,3079.57,3105.0,3054.13,1.652,96.8,0.025,0,2026-09-15,2026-09-16,False,False,5.0,2026-09-16T15:08:52+05:30
ITC,261.1,WIDE,1.15,above,264.1,261.1,260.07,261.1,259.03,0.795,97.0,0.02,0,2026-09-15,2026-09-16,False,False,5.0,2026-09-16T15:08:52+05:30
JSL,734.93,WIDE,-0.58,inside,730.65,734.93,734.93,740.62,729.24,1.549,97.0,0.043,0,2026-09-15,2026-09-16,False,False,5.0,2026-09-16T15:08:52+05:30
KOTAKBANK,415.15,WIDE,0.19,above,415.95,415.15,413.37,415.15,411.58,0.863,97.0,0.022,0,2026-09-15,2026-09-16,False,False,5.0,2026-09-16T15:08:52+05:30
STARHEALTH,547.6,WIDE,-0.32,inside,545.85,547.6,547.6,551.0,544.2,1.242,97.0,0.023,0,2026-09-15,2026-09-16,False,False,5.0,2026-09-16T15:08:52+05:30
3MINDIA,31995.0,WIDE,-0.14,inside,31950.0,31995.0,31995.0,32197.5,31792.5,1.266,97.3,0.027,0,2026-09-15,2026-09-16,False,False,5.0,2026-09-16T15:08:52+05:30
APARINDS,16909.33,WIDE,0.76,inside,17037.0,16909.33,16909.33,17089.0,16729.67,2.125,97.3,0.054,0,2026-09-15,2026-09-16,False,False,5.0,2026-09-16T15:08:52+05:30
DLF,629.62,WIDE,-0.54,inside,626.2,629.62,629.62,634.0,625.23,1.392,97.3,0.028,0,2026-09-15,2026-09-16,False,False,5.0,2026-09-16T15:08:52+05:30
GRAPHITE,803.02,WIDE,0.35,above,805.8,803.02,795.85,803.02,788.67,1.803,97.3,0.024,0,2026-09-15,2026-09-16,False,False,5.0,2026-09-16T15:08:52+05:30
GRASIM,3187.83,WIDE,-0.24,below,3180.3,3187.83,3204.67,3221.5,3187.83,1.051,97.3,0.017,0,2026-09-15,2026-09-16,False,False,5.0,2026-09-16T15:08:52+05:30
NUVOCO,316.33,WIDE,-0.06,below,316.15,316.33,318.92,321.5,316.33,1.62,97.3,0.037,0,2026-09-15,2026-09-16,False,False,5.0,2026-09-16T15:08:52+05:30
PCBL,317.08,WIDE,-0.06,below,316.9,317.08,320.12,323.15,317.08,1.895,97.3,0.048,0,2026-09-15,2026-09-16,False,False,5.0,2026-09-16T15:08:52+05:30
TIMKEN,3216.2,WIDE,0.83,above,3242.9,3216.2,3194.53,3216.2,3172.87,1.356,97.3,0.05,0,2026-09-15,2026-09-16,False,False,5.0,2026-09-16T15:08:52+05:30
ULTRACEMCO,10755.0,WIDE,-0.37,below,10715.0,10755.0,10813.0,10871.0,10755.0,1.073,97.3,0.026,0,2026-09-15,2026-09-16,False,False,5.0,2026-09-16T15:08:52+05:30
AARTIIND,472.57,WIDE,-0.05,below,472.35,472.57,476.43,480.3,472.57,1.623,97.5,0.03,0,2026-09-15,2026-09-16,False,False,5.0,2026-09-16T15:08:52+05:30
LICI,393.56,WIDE,-0.36,below,392.15,393.56,395.62,397.68,393.56,1.041,97.5,0.031,0,2026-09-15,2026-09-16,False,False,5.0,2026-09-16T15:08:52+05:30
BIKAJI,545.29,WIDE,-0.83,below,540.75,545.29,548.98,552.67,545.29,1.345,97.8,0.018,0,2026-09-15,2026-09-16,False,False,5.0,2026-09-16T15:08:52+05:30
BRIGADE,623.73,WIDE,0.22,inside,625.1,623.73,623.73,629.48,617.99,1.841,97.8,0.024,0,2026-09-15,2026-09-16,False,False,5.0,2026-09-16T15:08:52+05:30
LICHSGFIN,545.29,WIDE,-0.24,below,544.0,545.29,548.58,551.88,545.29,1.2,97.8,0.019,0,2026-09-15,2026-09-16,False,False,5.0,2026-09-16T15:08:52+05:30
LTF,299.18,WIDE,-1.06,below,296.0,299.18,301.57,303.95,299.18,1.581,97.8,0.028,0,2026-09-15,2026-09-16,False,False,5.0,2026-09-16T15:08:52+05:30
SBIN,983.9,WIDE,0.48,above,988.6,983.9,978.6,983.9,973.3,1.083,97.8,0.011,0,2026-09-15,2026-09-16,False,False,5.0,2026-09-16T15:08:52+05:30
ABCAPITAL,384.8,WIDE,-0.53,inside,382.75,384.8,384.8,387.8,381.8,1.559,98.1,0.038,0,2026-09-15,2026-09-16,False,False,5.0,2026-09-16T15:08:52+05:30
MFSL,1453.95,WIDE,1.8,above,1480.1,1453.95,1444.6,1453.95,1435.25,1.294,98.1,0.019,0,2026-09-15,2026-09-16,False,False,5.0,2026-09-16T15:08:52+05:30
MOTHERSON,160.57,WIDE,-0.4,inside,159.92,160.57,160.57,161.78,159.36,1.507,98.1,0.035,0,2026-09-15,2026-09-16,False,False,5.0,2026-09-16T15:08:52+05:30
UNOMINDA,1177.77,WIDE,0.08,inside,1178.7,1177.77,1177.77,1186.8,1168.73,1.534,98.1,0.045,0,2026-09-15,2026-09-16,False,False,5.0,2026-09-16T15:08:52+05:30
CAPLIPOINT,2599.57,WIDE,-0.65,below,2582.6,2599.57,2628.53,2657.5,2599.57,2.204,98.4,0.032,0,2026-09-15,2026-09-16,False,False,5.0,2026-09-16T15:08:52+05:30
FSL,275.17,WIDE,0.16,inside,275.6,275.17,275.17,279.26,271.07,2.974,98.4,0.034,0,2026-09-15,2026-09-16,False,False,5.0,2026-09-16T15:08:52+05:30
ICICIBANK,1357.0,WIDE,-0.41,below,1351.5,1357.0,1363.6,1370.2,1357.0,0.968,98.4,0.024,0,2026-09-15,2026-09-16,False,False,5.0,2026-09-16T15:08:52+05:30
PIDILITIND,1539.3,WIDE,0.21,inside,1542.5,1539.3,1539.3,1548.4,1530.2,1.182,98.4,0.028,0,2026-09-15,2026-09-16,False,False,5.0,2026-09-16T15:08:52+05:30
SUMICHEM,456.27,WIDE,-0.29,below,454.95,456.27,460.58,464.9,456.27,1.874,98.4,0.041,0,2026-09-15,2026-09-16,False,False,5.0,2026-09-16T15:08:52+05:30
ADANIENT,2953.23,WIDE,-0.8,below,2929.5,2953.23,2977.87,3002.5,2953.23,1.654,98.6,0.026,0,2026-09-15,2026-09-16,False,False,5.0,2026-09-16T15:08:52+05:30
OBEROIRLTY,1709.0,WIDE,0.19,above,1712.2,1709.0,1695.5,1709.0,1682.0,1.592,98.6,0.044,0,2026-09-15,2026-09-16,False,False,5.0,2026-09-16T15:08:52+05:30
TATAPOWER,365.43,WIDE,-0.94,below,362.0,365.43,367.87,370.3,365.43,1.323,98.6,0.023,0,2026-09-15,2026-09-16,False,False,5.0,2026-09-16T15:08:52+05:30
ZENSARTECH,450.03,WIDE,-0.1,inside,449.6,450.03,450.03,454.95,445.12,2.185,98.6,0.035,0,2026-09-15,2026-09-16,False,False,5.0,2026-09-16T15:08:52+05:30
ADANIPORTS,1739.67,WIDE,-0.52,inside,1730.6,1739.67,1739.67,1752.6,1726.73,1.487,98.9,0.021,0,2026-09-15,2026-09-16,False,False,5.0,2026-09-16T15:08:52+05:30
ASHOKLEY,158.1,WIDE,-0.6,below,157.15,158.1,159.55,161.0,158.1,1.82,98.9,0.024,0,2026-09-15,2026-09-16,False,False,5.0,2026-09-16T15:08:52+05:30
CUMMINSIND,4956.5,WIDE,-0.09,inside,4952.0,4956.5,4956.5,4997.75,4915.25,1.664,98.9,0.019,0,2026-09-15,2026-09-16,False,False,5.0,2026-09-16T15:08:52+05:30
LODHA,1085.87,WIDE,0.09,inside,1086.8,1085.87,1085.87,1096.4,1075.33,1.94,98.9,0.035,0,2026-09-15,2026-09-16,False,False,5.0,2026-09-16T15:08:52+05:30
SBICARD,624.54,WIDE,-0.98,below,618.4,624.54,630.48,636.42,624.54,1.885,98.9,0.03,0,2026-09-15,2026-09-16,False,False,5.0,2026-09-16T15:08:52+05:30
SHREECEM,22030.83,WIDE,-1.46,below,21710.0,22030.83,22156.67,22282.5,22030.83,1.136,98.9,0.02,0,2026-09-15,2026-09-16,False,False,5.0,2026-09-16T15:08:52+05:30
ABSLAMC,1058.63,WIDE,-0.91,inside,1049.0,1058.63,1058.63,1069.0,1048.27,1.958,99.2,0.033,0,2026-09-15,2026-09-16,False,False,5.0,2026-09-16T15:08:52+05:30
BAJAJFINSV,1868.02,WIDE,-1.51,below,1839.8,1868.02,1880.53,1893.05,1868.02,1.331,99.2,0.022,0,2026-09-15,2026-09-16,False,False,5.0,2026-09-16T15:08:52+05:30
ACC,1233.45,WIDE,-0.59,below,1226.2,1233.45,1241.7,1249.95,1233.45,1.329,99.5,0.035,0,2026-09-15,2026-09-16,False,False,5.0,2026-09-16T15:08:52+05:30
BEL,389.82,WIDE,-0.25,inside,388.85,389.82,389.82,393.27,386.36,1.774,99.5,0.024,0,2026-09-15,2026-09-16,False,False,5.0,2026-09-16T15:08:52+05:30
GODREJPROP,1675.72,WIDE,-0.09,below,1674.2,1675.72,1692.13,1708.55,1675.72,1.94,99.5,0.045,0,2026-09-15,2026-09-16,False,False,5.0,2026-09-16T15:08:52+05:30
JSWINFRA,329.53,WIDE,-1.19,below,325.6,329.53,333.2,336.88,329.53,2.206,99.7,0.029,0,2026-09-15,2026-09-16,False,False,5.0,2026-09-16T15:08:52+05:30
MAHABANK,81.24,WIDE,-0.79,inside,80.6,81.24,81.24,82.08,80.4,2.072,99.7,0.042,0,2026-09-15,2026-09-16,False,False,5.0,2026-09-16T15:08:52+05:30
PRESTIGE,1449.63,WIDE,-0.89,inside,1436.8,1449.63,1449.63,1465.95,1433.32,2.251,99.7,0.047,0,2026-09-15,2026-09-16,False,False,5.0,2026-09-16T15:08:52+05:30
DCMSHRIRAM,994.23,TOUCHED,-0.84,below,985.9,994.23,994.37,994.5,994.23,0.027,5.5,0.024,0,2026-09-15,2026-09-16,False,False,5.0,2026-09-16T15:08:52+05:30
EMCURE,1993.38,TOUCHED,-3.13,below,1930.9,1993.38,1993.77,1994.15,1993.38,0.038,6.3,0.027,0,2026-09-15,2026-09-16,False,False,5.0,2026-09-16T15:08:52+05:30
NLCINDIA,261.15,TOUCHED,-2.24,below,255.3,261.15,261.25,261.35,261.15,0.077,7.4,0.048,0,2026-09-15,2026-09-16,False,False,5.0,2026-09-16T15:08:52+05:30
GLAND,2896.48,TOUCHED,-2.3,below,2829.9,2896.48,2897.47,2898.45,2896.48,0.068,8.8,0.042,0,2026-09-15,2026-09-16,False,False,5.0,2026-09-16T15:08:52+05:30
CASTROLIND,187.79,TOUCHED,0.53,above,188.79,187.79,187.76,187.79,187.72,0.034,9.3,0.014,0,2026-09-15,2026-09-16,False,False,5.0,2026-09-16T15:08:52+05:30
ICICIAMC,3068.3,TOUCHED,0.74,above,3090.9,3068.3,3067.2,3068.3,3066.1,0.072,9.7,0.027,0,2026-09-15,2026-09-16,False,False,5.0,2026-09-16T15:08:52+05:30
CIEINDIA,375.25,TOUCHED,-0.03,inside,375.15,375.25,375.25,375.38,375.12,0.067,10.1,0.029,0,2026-09-15,2026-09-16,False,False,5.0,2026-09-16T15:08:52+05:30
BLUEDART,4842.4,TOUCHED,0.16,above,4850.2,4842.4,4841.3,4842.4,4840.2,0.045,10.4,0.02,0,2026-09-15,2026-09-16,False,False,5.0,2026-09-16T15:08:52+05:30
EIHOTEL,284.1,TOUCHED,2.75,above,291.9,284.1,284.0,284.1,283.9,0.07,11.8,0.031,0,2026-09-15,2026-09-16,False,False,5.0,2026-09-16T15:08:52+05:30
CEATLTD,3287.0,TOUCHED,1.1,above,3323.1,3287.0,3285.5,3287.0,3284.0,0.091,12.1,0.035,0,2026-09-15,2026-09-16,False,False,5.0,2026-09-16T15:08:52+05:30
RADICO,4364.9,TOUCHED,1.84,above,4445.0,4364.9,4363.27,4364.9,4361.63,0.075,12.6,0.023,0,2026-09-15,2026-09-16,False,False,5.0,2026-09-16T15:08:52+05:30
ANURAS,1171.55,TOUCHED,0.4,above,1176.2,1171.55,1171.17,1171.55,1170.78,0.065,13.4,0.026,0,2026-09-15,2026-09-16,False,False,5.0,2026-09-16T15:08:52+05:30
LALPATHLAB,1903.25,TOUCHED,-0.25,below,1898.5,1903.25,1904.3,1905.35,1903.25,0.11,13.7,0.044,0,2026-09-15,2026-09-16,False,False,5.0,2026-09-16T15:08:52+05:30
AWL,183.26,TOUCHED,-0.6,below,182.15,183.26,183.38,183.5,183.26,0.129,14.5,0.046,0,2026-09-15,2026-09-16,False,False,5.0,2026-09-16T15:08:52+05:30
ABDL,633.2,TOUCHED,2.19,above,647.05,633.2,632.67,633.2,632.13,0.169,15.1,0.069,0,2026-09-15,2026-09-16,False,False,5.0,2026-09-16T15:08:52+05:30
BHARTIARTL,1831.8,TOUCHED,0.13,above,1834.1,1831.8,1831.33,1831.8,1830.87,0.051,15.1,0.014,0,2026-09-15,2026-09-16,False,False,5.0,2026-09-16T15:08:52+05:30
LLOYDSME,1777.68,TOUCHED,1.93,above,1812.0,1777.68,1776.57,1777.68,1775.45,0.126,15.3,0.033,0,2026-09-15,2026-09-16,False,False,5.0,2026-09-16T15:08:52+05:30
MANKIND,2276.35,TOUCHED,-1.16,below,2249.9,2276.35,2277.73,2279.12,2276.35,0.121,16.2,0.038,0,2026-09-15,2026-09-16,False,False,5.0,2026-09-16T15:08:52+05:30
NTPC,329.62,TOUCHED,-0.31,below,328.6,329.62,329.73,329.85,329.62,0.071,16.4,0.015,0,2026-09-15,2026-09-16,False,False,5.0,2026-09-16T15:08:52+05:30
AJANTPHARM,3512.43,TOUCHED,-0.07,below,3510.0,3512.43,3514.47,3516.5,3512.43,0.116,18.1,0.04,0,2026-09-15,2026-09-16,False,False,5.0,2026-09-16T15:08:52+05:30
AIIL,530.43,TOUCHED,-0.44,below,528.1,530.43,531.02,531.6,530.43,0.22,18.4,0.055,0,2026-09-15,2026-09-16,False,False,5.0,2026-09-16T15:08:52+05:30
COROMANDEL,1937.55,TOUCHED,0.02,above,1938.0,1937.55,1936.0,1937.55,1934.45,0.16,18.6,0.034,0,2026-09-15,2026-09-16,False,False,5.0,2026-09-16T15:08:52+05:30
PETRONET,284.28,TOUCHED,-0.03,inside,284.2,284.28,284.28,284.45,284.12,0.117,19.5,0.026,0,2026-09-15,2026-09-16,False,False,5.0,2026-09-16T15:08:52+05:30
HDFCAMC,2404.45,TOUCHED,-1.2,below,2375.6,2404.45,2405.97,2407.48,2404.45,0.126,19.7,0.022,0,2026-09-15,2026-09-16,False,False,5.0,2026-09-16T15:08:52+05:30
KPRMILL,1119.15,TOUCHED,0.14,above,1120.7,1119.15,1118.1,1119.15,1117.05,0.188,20.5,0.054,0,2026-09-15,2026-09-16,False,False,5.0,2026-09-16T15:08:52+05:30
PATANJALI,339.07,TOUCHED,7.19,above,363.45,339.07,338.9,339.07,338.72,0.103,21.6,0.015,0,2026-09-15,2026-09-16,False,False,5.0,2026-09-16T15:08:52+05:30
SONATSOFTW,281.6,TOUCHED,-2.34,below,275.0,281.6,281.9,282.2,281.6,0.213,21.9,0.033,0,2026-09-15,2026-09-16,False,False,5.0,2026-09-16T15:08:52+05:30
JUBLFOOD,467.28,TOUCHED,0.42,above,469.25,467.28,466.85,467.28,466.43,0.182,22.2,0.024,0,2026-09-15,2026-09-16,False,False,5.0,2026-09-16T15:08:52+05:30
GILLETTE,7264.0,TOUCHED,0.08,above,7270.0,7264.0,7258.83,7264.0,7253.67,0.142,24.1,0.026,0,2026-09-15,2026-09-16,False,False,5.0,2026-09-16T15:08:52+05:30
KEI,4503.92,TOUCHED,-0.43,below,4484.5,4503.92,4507.83,4511.75,4503.92,0.174,25.2,0.029,0,2026-09-15,2026-09-16,False,False,5.0,2026-09-16T15:08:52+05:30
GESHIP,1391.93,TOUCHED,-0.12,below,1390.2,1391.93,1393.47,1395.0,1391.93,0.22,25.5,0.034,0,2026-09-15,2026-09-16,False,False,5.0,2026-09-16T15:08:52+05:30
JSWDULUX,3136.22,TOUCHED,-1.75,below,3081.4,3136.22,3138.63,3141.05,3136.22,0.154,25.5,0.022,0,2026-09-15,2026-09-16,False,False,5.0,2026-09-16T15:08:52+05:30
NATCOPHARM,820.06,TOUCHED,-0.65,below,814.7,820.06,820.97,821.88,820.06,0.221,26.6,0.019,0,2026-09-15,2026-09-16,False,False,5.0,2026-09-16T15:08:52+05:30
PFOCUS,318.3,TOUCHED,0.8,above,320.85,318.3,317.6,318.3,316.9,0.441,28.2,0.056,0,2026-09-15,2026-09-16,False,False,5.0,2026-09-16T15:08:52+05:30
SCHAEFFLER,3920.37,TOUCHED,-1.07,below,3878.5,3920.37,3924.33,3928.3,3920.37,0.202,31.0,0.032,0,2026-09-15,2026-09-16,False,False,5.0,2026-09-16T15:08:52+05:30
CREDITACC,1413.77,TOUCHED,-0.01,inside,1413.6,1413.77,1413.77,1415.85,1411.68,0.295,31.5,0.049,0,2026-09-15,2026-09-16,False,False,5.0,2026-09-16T15:08:52+05:30
DABUR,384.55,TOUCHED,0.14,above,385.1,384.55,384.2,384.55,383.85,0.182,31.5,0.031,0,2026-09-15,2026-09-16,False,False,5.0,2026-09-16T15:08:52+05:30
RAMCOCEM,862.72,TOUCHED,0.26,above,865.0,862.72,861.67,862.72,860.61,0.246,31.8,0.046,0,2026-09-15,2026-09-16,False,False,5.0,2026-09-16T15:08:52+05:30
KIMS,765.76,TOUCHED,0.09,above,766.45,765.76,764.67,765.76,763.58,0.286,34.8,0.04,0,2026-09-15,2026-09-16,False,False,5.0,2026-09-16T15:08:52+05:30
FEDERALBNK,341.98,TOUCHED,-0.36,below,340.75,341.98,342.32,342.66,341.98,0.2,35.6,0.027,0,2026-09-15,2026-09-16,False,False,5.0,2026-09-16T15:08:52+05:30
GLAXO,2815.37,TOUCHED,1.58,above,2859.8,2815.37,2811.83,2815.37,2808.3,0.251,35.6,0.014,0,2026-09-15,2026-09-16,False,False,5.0,2026-09-16T15:08:52+05:30
KAJARIACER,1215.35,TOUCHED,-0.05,below,1214.7,1215.35,1217.1,1218.85,1215.35,0.288,35.9,0.029,0,2026-09-15,2026-09-16,False,False,5.0,2026-09-16T15:08:52+05:30
NHPC,76.13,TOUCHED,-0.8,below,75.52,76.13,76.22,76.31,76.13,0.241,37.8,0.031,0,2026-09-15,2026-09-16,False,False,5.0,2026-09-16T15:08:52+05:30
NIVABUPA,81.59,TOUCHED,-2.71,below,79.38,81.59,81.68,81.76,81.59,0.216,37.8,0.018,0,2026-09-15,2026-09-16,False,False,5.0,2026-09-16T15:08:52+05:30
CANHLIFE,151.52,TOUCHED,1.67,above,154.05,151.52,151.26,151.52,151.0,0.344,39.0,0.018,0,2026-09-15,2026-09-16,False,False,5.0,2026-09-16T15:08:52+05:30
CUB,226.68,TOUCHED,-0.05,inside,226.57,226.68,226.68,227.12,226.23,0.396,40.0,0.038,0,2026-09-15,2026-09-16,False,False,5.0,2026-09-16T15:08:52+05:30
SYNGENE,379.97,TOUCHED,0.04,inside,380.1,379.97,379.97,380.52,379.41,0.294,40.0,0.029,0,2026-09-15,2026-09-16,False,False,5.0,2026-09-16T15:08:52+05:30
AAVAS,1276.35,TOUCHED,0.15,above,1278.3,1276.35,1274.33,1276.35,1272.32,0.317,40.3,0.028,0,2026-09-15,2026-09-16,False,False,5.0,2026-09-16T15:08:52+05:30
IKS,1773.5,TOUCHED,-1.2,below,1752.3,1773.5,1776.67,1779.83,1773.5,0.356,40.3,0.023,0,2026-09-15,2026-09-16,False,False,5.0,2026-09-16T15:08:52+05:30
CIPLA,1355.2,TOUCHED,0.36,above,1360.1,1355.2,1353.8,1355.2,1352.4,0.207,42.2,0.023,0,2026-09-15,2026-09-16,False,False,5.0,2026-09-16T15:08:52+05:30
HBLENGINE,715.6,TOUCHED,-1.43,below,705.4,715.6,717.12,718.63,715.6,0.423,43.3,0.032,0,2026-09-15,2026-09-16,False,False,5.0,2026-09-16T15:08:52+05:30
IGL,150.26,TOUCHED,-1.17,below,148.5,150.26,150.48,150.71,150.26,0.301,43.3,0.046,0,2026-09-15,2026-09-16,False,False,5.0,2026-09-16T15:08:52+05:30
J&KBANK,145.62,TOUCHED,1.18,above,147.34,145.62,145.33,145.62,145.04,0.401,43.3,0.05,0,2026-09-15,2026-09-16,False,False,5.0,2026-09-16T15:08:52+05:30
SONACOMS,785.68,TOUCHED,-2.03,below,769.7,785.68,787.12,788.56,785.68,0.366,43.6,0.03,0,2026-09-15,2026-09-16,False,False,5.0,2026-09-16T15:08:52+05:30
PFIZER,4047.28,TOUCHED,-0.89,below,4011.1,4047.28,4052.97,4058.65,4047.28,0.28,45.2,0.025,0,2026-09-15,2026-09-16,False,False,5.0,2026-09-16T15:08:52+05:30
PIIND,2264.4,TOUCHED,0.24,above,2269.9,2264.4,2261.27,2264.4,2258.13,0.277,45.2,0.017,0,2026-09-15,2026-09-16,False,False,5.0,2026-09-16T15:08:52+05:30
SAGILITY,45.7,TOUCHED,-1.89,below,44.84,45.7,45.81,45.91,45.7,0.458,45.2,0.045,0,2026-09-15,2026-09-16,False,False,5.0,2026-09-16T15:08:52+05:30
GODFRYPHLP,1928.5,TOUCHED,0.19,above,1932.2,1928.5,1924.0,1928.5,1919.5,0.468,46.3,0.041,0,2026-09-15,2026-09-16,False,False,5.0,2026-09-16T15:08:52+05:30
HOMEFIRST,1177.82,TOUCHED,-0.11,below,1176.5,1177.82,1180.33,1182.85,1177.82,0.426,48.2,0.042,0,2026-09-15,2026-09-16,False,False,5.0,2026-09-16T15:08:52+05:30
TATASTEEL,183.91,TOUCHED,-0.43,below,183.12,183.91,184.17,184.44,183.91,0.284,48.8,0.021,0,2026-09-15,2026-09-16,False,False,5.0,2026-09-16T15:08:52+05:30
TORNTPOWER,1303.67,TOUCHED,-0.67,below,1294.9,1303.67,1306.43,1309.2,1303.67,0.424,49.3,0.035,0,2026-09-15,2026-09-16,False,False,5.0,2026-09-16T15:08:52+05:30
CRISIL,4606.1,TOUCHED,-0.81,below,4568.9,4606.1,4615.3,4624.5,4606.1,0.399,49.9,0.049,0,2026-09-15,2026-09-16,False,False,5.0,2026-09-16T15:08:52+05:30
POLYMED,1708.73,TOUCHED,-0.17,below,1705.9,1708.73,1712.87,1717.0,1708.73,0.483,50.4,0.046,0,2026-09-15,2026-09-16,False,False,5.0,2026-09-16T15:08:52+05:30
RRKABEL,2399.0,TOUCHED,0.18,above,2403.4,2399.0,2393.1,2399.0,2387.2,0.493,51.0,0.054,0,2026-09-15,2026-09-16,False,False,5.0,2026-09-16T15:08:52+05:30
LENSKART,687.06,TOUCHED,-1.76,below,674.95,687.06,688.72,690.38,687.06,0.482,53.0,0.029,0,2026-09-15,2026-09-16,False,False,5.0,2026-09-16T15:08:52+05:30
EXIDEIND,411.53,TOUCHED,1.03,above,415.75,411.53,410.75,411.53,409.98,0.377,53.4,0.027,0,2026-09-15,2026-09-16,False,False,5.0,2026-09-16T15:08:52+05:30
SUNPHARMA,1842.4,TOUCHED,0.6,above,1853.5,1842.4,1839.93,1842.4,1837.47,0.268,53.4,0.02,0,2026-09-15,2026-09-16,False,False,5.0,2026-09-16T15:08:52+05:30
CHOLAHLDNG,1514.45,TOUCHED,-0.21,below,1511.2,1514.45,1518.1,1521.75,1514.45,0.481,55.9,0.026,0,2026-09-15,2026-09-16,False,False,5.0,2026-09-16T15:08:52+05:30
ADANIENSOL,1354.77,TOUCHED,-0.14,inside,1352.9,1354.77,1354.77,1358.4,1351.13,0.536,56.4,0.03,0,2026-09-15,2026-09-16,False,False,5.0,2026-09-16T15:08:52+05:30
GAIL,171.48,TOUCHED,-0.01,inside,171.46,171.48,171.48,171.78,171.18,0.348,57.3,0.015,0,2026-09-15,2026-09-16,False,False,5.0,2026-09-16T15:08:52+05:30
KFINTECH,889.55,TOUCHED,-0.25,inside,887.3,889.55,889.55,891.92,887.17,0.534,57.3,0.018,0,2026-09-15,2026-09-16,False,False,5.0,2026-09-16T15:08:52+05:30
OIL,488.7,TOUCHED,0.01,above,488.75,488.7,487.67,488.7,486.63,0.424,57.3,0.018,0,2026-09-15,2026-09-16,False,False,5.0,2026-09-16T15:08:52+05:30
ANTHEM,945.27,TOUCHED,-3.94,below,908.05,945.27,947.68,950.1,945.27,0.51,57.4,0.042,0,2026-09-15,2026-09-16,False,False,5.0,2026-09-16T15:08:52+05:30
ACE,1129.15,TOUCHED,1.54,above,1146.5,1129.15,1126.2,1129.15,1123.25,0.524,57.5,0.051,0,2026-09-15,2026-09-16,False,False,5.0,2026-09-16T15:08:52+05:30
BAYERCROP,3948.9,TOUCHED,-0.16,below,3942.4,3948.9,3956.7,3964.5,3948.9,0.394,57.5,0.031,0,2026-09-15,2026-09-16,False,False,5.0,2026-09-16T15:08:52+05:30
IIFL,582.75,TOUCHED,-0.45,below,580.1,582.75,584.45,586.15,582.75,0.582,57.5,0.026,0,2026-09-15,2026-09-16,False,False,5.0,2026-09-16T15:08:52+05:30
SRF,2470.35,TOUCHED,0.8,above,2490.2,2470.35,2465.3,2470.35,2460.25,0.41,57.8,0.028,0,2026-09-15,2026-09-16,False,False,5.0,2026-09-16T15:08:52+05:30
GALLANTT,536.39,TOUCHED,-2.09,below,525.2,536.39,538.13,539.88,536.39,0.647,58.1,0.07,0,2026-09-15,2026-09-16,False,False,5.0,2026-09-16T15:08:52+05:30
NTPCGREEN,86.38,TOUCHED,1.35,above,87.55,86.38,86.21,86.38,86.03,0.406,58.1,0.014,0,2026-09-15,2026-09-16,False,False,5.0,2026-09-16T15:08:52+05:30
HEXT,515.83,TOUCHED,1.34,above,522.75,515.83,514.15,515.83,512.48,0.652,58.9,0.046,0,2026-09-15,2026-09-16,False,False,5.0,2026-09-16T15:08:52+05:30
ONGC,234.82,TOUCHED,-0.0,below,234.81,234.82,235.19,235.57,234.82,0.322,58.9,0.027,0,2026-09-15,2026-09-16,False,False,5.0,2026-09-16T15:08:52+05:30
GLENMARK,2388.2,TOUCHED,1.16,above,2415.8,2388.2,2382.7,2388.2,2377.2,0.462,59.2,0.035,0,2026-09-15,2026-09-16,False,False,5.0,2026-09-16T15:08:52+05:30
SCHNEIDER,1202.33,TOUCHED,-0.29,inside,1198.9,1202.33,1202.33,1206.95,1197.72,0.768,59.7,0.028,0,2026-09-15,2026-09-16,False,False,5.0,2026-09-16T15:08:52+05:30
CANBK,122.97,TOUCHED,0.04,inside,123.01,122.97,122.97,123.27,122.67,0.485,60.3,0.023,0,2026-09-15,2026-09-16,False,False,5.0,2026-09-16T15:08:52+05:30
BANKINDIA,138.34,TOUCHED,-0.22,inside,138.04,138.34,138.34,138.71,137.98,0.528,61.4,0.026,0,2026-09-15,2026-09-16,False,False,5.0,2026-09-16T15:08:52+05:30
LGEINDIA,1633.17,TOUCHED,-0.29,below,1628.4,1633.17,1636.73,1640.3,1633.17,0.436,61.5,0.012,0,2026-09-15,2026-09-16,False,False,5.0,2026-09-16T15:08:52+05:30
PINELABS,194.6,TOUCHED,-4.74,below,185.37,194.6,195.4,196.2,194.6,0.819,61.6,0.052,0,2026-09-15,2026-09-16,False,False,5.0,2026-09-16T15:08:52+05:30
LUPIN,2066.97,TOUCHED,-0.99,below,2046.6,2066.97,2070.73,2074.5,2066.97,0.364,62.5,0.024,0,2026-09-15,2026-09-16,False,False,5.0,2026-09-16T15:08:52+05:30
FIVESTAR,547.17,TOUCHED,0.35,above,549.1,547.17,545.43,547.17,543.69,0.639,63.3,0.041,0,2026-09-15,2026-09-16,False,False,5.0,2026-09-16T15:08:52+05:30
HDBFS,668.7,TOUCHED,1.45,above,678.4,668.7,667.37,668.7,666.03,0.4,63.6,0.024,0,2026-09-15,2026-09-16,False,False,5.0,2026-09-16T15:08:52+05:30
VEDL,257.66,TOUCHED,-0.59,below,256.15,257.66,258.32,258.97,257.66,0.51,63.8,0.026,0,2026-09-15,2026-09-16,False,False,5.0,2026-09-16T15:08:52+05:30
MGL,1077.67,TOUCHED,0.02,inside,1077.9,1077.67,1077.67,1080.65,1074.68,0.554,64.1,0.039,0,2026-09-15,2026-09-16,False,False,5.0,2026-09-16T15:08:52+05:30
ANANDRATHI,2198.5,TOUCHED,0.21,above,2203.2,2198.5,2193.63,2198.5,2188.77,0.444,64.4,0.022,0,2026-09-15,2026-09-16,False,False,5.0,2026-09-16T15:08:52+05:30
APLAPOLLO,2124.15,TOUCHED,-0.2,below,2119.9,2124.15,2129.0,2133.85,2124.15,0.456,64.4,0.016,0,2026-09-15,2026-09-16,False,False,5.0,2026-09-16T15:08:52+05:30
OFSS,11833.83,TOUCHED,-2.61,below,11525.0,11833.83,11864.67,11895.5,11833.83,0.52,64.4,0.029,0,2026-09-15,2026-09-16,False,False,5.0,2026-09-16T15:08:52+05:30
BALRAMCHIN,680.88,TOUCHED,0.27,inside,682.7,680.88,680.88,682.77,678.99,0.556,65.2,0.025,0,2026-09-15,2026-09-16,False,False,5.0,2026-09-16T15:08:52+05:30
POLYCAB,8163.92,TOUCHED,-0.1,below,8156.0,8163.92,8184.33,8204.75,8163.92,0.499,66.0,0.033,0,2026-09-15,2026-09-16,False,False,5.0,2026-09-16T15:08:52+05:30
FORCEMOT,17410.0,TOUCHED,-0.06,inside,17399.0,17410.0,17410.0,17492.5,17327.5,0.948,67.4,0.05,0,2026-09-15,2026-09-16,False,False,5.0,2026-09-16T15:08:52+05:30
KALYANKJIL,606.17,TOUCHED,-4.87,below,576.65,606.17,608.13,610.1,606.17,0.647,67.4,0.039,0,2026-09-15,2026-09-16,False,False,5.0,2026-09-16T15:08:52+05:30
UCOBANK,23.78,TOUCHED,-0.34,below,23.7,23.78,23.84,23.9,23.78,0.503,67.4,0.013,0,2026-09-15,2026-09-16,False,False,5.0,2026-09-16T15:08:52+05:30
JYOTICNC,968.68,TOUCHED,0.0,inside,968.7,968.68,968.68,972.3,965.07,0.747,67.7,0.035,0,2026-09-15,2026-09-16,False,False,5.0,2026-09-16T15:08:52+05:30
BALKRISIND,2134.9,TOUCHED,-0.34,below,2127.6,2134.9,2140.8,2146.7,2134.9,0.551,68.2,0.027,0,2026-09-15,2026-09-16,False,False,5.0,2026-09-16T15:08:52+05:30
RAINBOW,1449.8,TOUCHED,0.48,above,1456.7,1449.8,1445.9,1449.8,1442.0,0.539,68.2,0.037,0,2026-09-15,2026-09-16,False,False,5.0,2026-09-16T15:08:52+05:30
MAXHEALTH,1033.0,TOUCHED,-0.48,below,1028.0,1033.0,1036.0,1039.0,1033.0,0.579,68.5,0.038,0,2026-09-15,2026-09-16,False,False,5.0,2026-09-16T15:08:52+05:30
RPOWER,21.13,TOUCHED,-1.83,below,20.74,21.13,21.22,21.32,21.13,0.911,68.5,0.073,0,2026-09-15,2026-09-16,False,False,5.0,2026-09-16T15:08:52+05:30
CCL,1067.63,TOUCHED,-0.13,inside,1066.2,1067.63,1067.63,1071.0,1064.27,0.631,68.8,0.022,0,2026-09-15,2026-09-16,False,False,5.0,2026-09-16T15:08:52+05:30
TRIDENT,23.18,TOUCHED,-0.07,below,23.16,23.18,23.23,23.29,23.18,0.488,68.8,0.028,0,2026-09-15,2026-09-16,False,False,5.0,2026-09-16T15:08:52+05:30
CENTRALBK,30.54,TOUCHED,-0.55,below,30.37,30.54,30.61,30.69,30.54,0.501,69.6,0.029,0,2026-09-15,2026-09-16,False,False,5.0,2026-09-16T15:08:52+05:30
WAAREEENER,2564.15,TOUCHED,-2.37,below,2503.3,2564.15,2573.3,2582.45,2564.15,0.711,69.6,0.043,0,2026-09-15,2026-09-16,False,False,5.0,2026-09-16T15:08:52+05:30
RITES,207.14,TOUCHED,-1.05,below,204.96,207.14,207.76,208.37,207.14,0.59,70.1,0.033,0,2026-09-15,2026-09-16,False,False,5.0,2026-09-16T15:08:52+05:30
ESCORTS,2844.17,TOUCHED,-1.23,below,2809.1,2844.17,2852.53,2860.9,2844.17,0.587,70.4,0.041,0,2026-09-15,2026-09-16,False,False,5.0,2026-09-16T15:08:52+05:30
WELSPUNLIV,203.24,TOUCHED,0.1,inside,203.43,203.24,203.24,204.04,202.43,0.791,70.7,0.044,0,2026-09-15,2026-09-16,False,False,5.0,2026-09-16T15:08:52+05:30
CANFINHOME,777.8,TOUCHED,-0.21,below,776.15,777.8,780.13,782.47,777.8,0.598,71.0,0.021,0,2026-09-15,2026-09-16,False,False,5.0,2026-09-16T15:08:52+05:30
INDGN,573.19,TOUCHED,-0.01,below,573.15,573.19,574.88,576.57,573.19,0.589,71.0,0.025,0,2026-09-15,2026-09-16,False,False,5.0,2026-09-16T15:08:52+05:30
MCX,3199.17,TOUCHED,0.26,inside,3207.5,3199.17,3199.17,3212.0,3186.33,0.802,71.0,0.058,0,2026-09-15,2026-09-16,False,False,5.0,2026-09-16T15:08:52+05:30
EMAMILTD,374.78,TOUCHED,-1.31,below,369.85,374.78,375.85,376.93,374.78,0.572,71.5,0.025,0,2026-09-15,2026-09-16,False,False,5.0,2026-09-16T15:08:52+05:30
JKTYRE,346.52,TOUCHED,-0.83,below,343.65,346.52,347.78,349.05,346.52,0.728,71.5,0.031,0,2026-09-15,2026-09-16,False,False,5.0,2026-09-16T15:08:52+05:30
SAPPHIRE,223.3,TOUCHED,-0.03,below,223.22,223.3,224.22,225.15,223.3,0.827,71.8,0.05,0,2026-09-15,2026-09-16,False,False,5.0,2026-09-16T15:08:52+05:30
BELRISE,229.28,TOUCHED,0.16,above,229.65,229.28,228.41,229.28,227.53,0.765,71.9,0.041,0,2026-09-15,2026-09-16,False,False,5.0,2026-09-16T15:08:52+05:30
AADHARHFC,452.35,TOUCHED,0.85,above,456.2,452.35,451.02,452.35,449.68,0.591,72.6,0.027,0,2026-09-15,2026-09-16,False,False,5.0,2026-09-16T15:08:52+05:30
DIXON,13231.33,TOUCHED,-0.28,below,13194.0,13231.33,13282.67,13334.0,13231.33,0.773,72.6,0.056,0,2026-09-15,2026-09-16,False,False,5.0,2026-09-16T15:08:52+05:30
BBTC,1420.52,TOUCHED,-0.59,below,1412.1,1420.52,1424.63,1428.75,1420.52,0.578,72.9,0.03,0,2026-09-15,2026-09-16,False,False,5.0,2026-09-16T15:08:52+05:30
ITCHOTELS,153.16,TOUCHED,0.09,inside,153.29,153.16,153.16,153.62,152.69,0.612,73.2,0.04,0,2026-09-15,2026-09-16,False,False,5.0,2026-09-16T15:08:52+05:30
DEVYANI,136.73,TOUCHED,-0.13,below,136.55,136.73,137.24,137.75,136.73,0.746,73.4,0.041,0,2026-09-15,2026-09-16,False,False,5.0,2026-09-16T15:08:52+05:30
DMART,3707.95,TOUCHED,0.25,above,3717.4,3707.95,3698.63,3707.95,3689.32,0.504,73.4,0.028,0,2026-09-15,2026-09-16,False,False,5.0,2026-09-16T15:08:52+05:30
SWIGGY,276.17,TOUCHED,-2.0,below,270.65,276.17,277.33,278.5,276.17,0.841,73.4,0.045,0,2026-09-15,2026-09-16,False,False,5.0,2026-09-16T15:08:52+05:30
GRAVITA,1645.3,TOUCHED,-1.18,below,1625.9,1645.3,1651.6,1657.9,1645.3,0.763,73.7,0.031,0,2026-09-15,2026-09-16,False,False,5.0,2026-09-16T15:08:52+05:30
EICHERMOT,7505.25,TOUCHED,0.06,above,7510.0,7505.25,7487.67,7505.25,7470.08,0.47,74.0,0.024,0,2026-09-15,2026-09-16,False,False,5.0,2026-09-16T15:08:52+05:30
INFY,1079.57,TOUCHED,-2.15,below,1056.4,1079.57,1082.13,1084.7,1079.57,0.474,74.2,0.029,0,2026-09-15,2026-09-16,False,False,5.0,2026-09-16T15:08:52+05:30
IEX,112.34,TOUCHED,-0.9,below,111.33,112.34,112.69,113.03,112.34,0.609,74.5,0.028,0,2026-09-15,2026-09-16,False,False,5.0,2026-09-16T15:08:52+05:30
WIPRO,170.39,TOUCHED,-2.34,below,166.41,170.39,170.79,171.18,170.39,0.461,74.8,0.013,0,2026-09-15,2026-09-16,False,False,5.0,2026-09-16T15:08:52+05:30
SUNTV,465.69,TOUCHED,-0.69,below,462.5,465.69,467.13,468.57,465.69,0.617,75.1,0.024,0,2026-09-15,2026-09-16,False,False,5.0,2026-09-16T15:08:52+05:30
ASTRAL,1384.22,TOUCHED,-0.0,below,1384.2,1384.22,1388.83,1393.45,1384.22,0.665,75.6,0.034,0,2026-09-15,2026-09-16,False,False,5.0,2026-09-16T15:08:52+05:30
ONESOURCE,1607.48,TOUCHED,-0.65,below,1597.1,1607.48,1615.37,1623.25,1607.48,0.976,75.6,0.045,0,2026-09-15,2026-09-16,False,False,5.0,2026-09-16T15:08:52+05:30
JINDALSTEL,1105.1,TOUCHED,0.64,above,1112.2,1105.1,1101.73,1105.1,1098.37,0.611,75.9,0.036,0,2026-09-15,2026-09-16,False,False,5.0,2026-09-16T15:08:52+05:30
TECHNOE,963.25,TOUCHED,0.86,above,971.55,963.25,959.03,963.25,954.82,0.879,75.9,0.042,0,2026-09-15,2026-09-16,False,False,5.0,2026-09-16T15:08:52+05:30
PNBHOUSING,1149.13,TOUCHED,-1.37,below,1133.4,1149.13,1153.27,1157.4,1149.13,0.717,76.4,0.032,0,2026-09-15,2026-09-16,False,False,5.0,2026-09-16T15:08:52+05:30
TVSMOTOR,4062.85,TOUCHED,-0.38,below,4047.6,4062.85,4075.7,4088.55,4062.85,0.631,76.4,0.026,0,2026-09-15,2026-09-16,False,False,5.0,2026-09-16T15:08:52+05:30
ADANIGREEN,1266.0,TOUCHED,0.21,inside,1268.7,1266.0,1266.0,1271.5,1260.5,0.869,76.7,0.039,0,2026-09-15,2026-09-16,False,False,5.0,2026-09-16T15:08:52+05:30
BRITANNIA,4985.0,TOUCHED,0.88,above,5029.0,4985.0,4972.5,4985.0,4960.0,0.503,76.7,0.024,0,2026-09-15,2026-09-16,False,False,5.0,2026-09-16T15:08:52+05:30
DEEPAKNTR,1577.0,TOUCHED,1.07,above,1593.8,1577.0,1571.77,1577.0,1566.53,0.666,76.7,0.029,0,2026-09-15,2026-09-16,False,False,5.0,2026-09-16T15:08:52+05:30
EIDPARRY,705.34,TOUCHED,-0.47,below,702.0,705.34,707.93,710.52,705.34,0.732,77.0,0.034,0,2026-09-15,2026-09-16,False,False,5.0,2026-09-16T15:08:52+05:30
LEMONTREE,103.34,TOUCHED,0.09,inside,103.43,103.34,103.34,103.72,102.96,0.732,77.0,0.023,0,2026-09-15,2026-09-16,False,False,5.0,2026-09-16T15:08:52+05:30
VMM,101.19,TOUCHED,0.67,above,101.87,101.19,100.83,101.19,100.46,0.724,77.0,0.032,0,2026-09-15,2026-09-16,False,False,5.0,2026-09-16T15:08:52+05:30
MEESHO,213.52,TOUCHED,-0.27,below,212.95,213.52,214.64,215.75,213.52,1.042,77.2,0.028,0,2026-09-15,2026-09-16,False,False,5.0,2026-09-16T15:08:52+05:30
ANANTRAJ,588.66,TOUCHED,-0.5,below,585.7,588.66,591.42,594.17,588.66,0.933,77.5,0.07,0,2026-09-15,2026-09-16,False,False,5.0,2026-09-16T15:08:52+05:30
RBLBANK,405.14,TOUCHED,-0.44,below,403.35,405.14,406.68,408.22,405.14,0.758,77.8,0.032,0,2026-09-15,2026-09-16,False,False,5.0,2026-09-16T15:08:52+05:30
BLUEJET,560.05,TOUCHED,0.88,above,565.0,560.05,556.92,560.05,553.78,1.125,78.1,0.042,0,2026-09-15,2026-09-16,False,False,5.0,2026-09-16T15:08:52+05:30
RECLTD,311.65,TOUCHED,0.85,above,314.3,311.65,310.6,311.65,309.55,0.676,78.1,0.015,0,2026-09-15,2026-09-16,False,False,5.0,2026-09-16T15:08:52+05:30
LAURUSLABS,1934.03,TOUCHED,-1.59,below,1903.2,1934.03,1941.17,1948.3,1934.03,0.735,78.4,0.019,0,2026-09-15,2026-09-16,False,False,5.0,2026-09-16T15:08:52+05:30
CHOLAFIN,1798.77,TOUCHED,-1.88,below,1765.0,1798.77,1805.93,1813.1,1798.77,0.794,78.9,0.041,0,2026-09-15,2026-09-16,False,False,5.0,2026-09-16T15:08:52+05:30
HINDUNILVR,1951.6,TOUCHED,0.72,above,1965.7,1951.6,1947.1,1951.6,1942.6,0.462,78.9,0.015,0,2026-09-15,2026-09-16,False,False,5.0,2026-09-16T15:08:52+05:30
TRAVELFOOD,1232.32,TOUCHED,-1.08,below,1219.0,1232.32,1237.23,1242.15,1232.32,0.795,78.9,0.033,0,2026-09-15,2026-09-16,False,False,5.0,2026-09-16T15:08:52+05:30
INDIANB,846.65,TOUCHED,0.01,above,846.75,846.65,843.35,846.65,840.05,0.783,79.5,0.025,0,2026-09-15,2026-09-16,False,False,5.0,2026-09-16T15:08:52+05:30
ECLERX,1926.9,TOUCHED,1.55,above,1956.8,1926.9,1916.2,1926.9,1905.5,1.117,79.7,0.052,0,2026-09-15,2026-09-16,False,False,5.0,2026-09-16T15:08:52+05:30
ACMESOLAR,416.23,TOUCHED,0.4,inside,417.9,416.23,416.23,418.32,414.15,1.001,80.0,0.05,0,2026-09-15,2026-09-16,False,False,5.0,2026-09-16T15:08:52+05:30
NBCC,81.44,TOUCHED,-0.13,inside,81.33,81.44,81.44,81.81,81.06,0.917,80.0,0.044,0,2026-09-15,2026-09-16,False,False,5.0,2026-09-16T15:08:52+05:30
IREDA,109.39,TOUCHED,-0.91,below,108.4,109.39,109.78,110.17,109.39,0.714,80.5,0.043,0,2026-09-15,2026-09-16,False,False,5.0,2026-09-16T15:08:52+05:30
ABBOTINDIA,26049.17,TOUCHED,0.52,above,26185.0,26049.17,25973.33,26049.17,25897.5,0.584,80.8,0.034,0,2026-09-15,2026-09-16,False,False,5.0,2026-09-16T15:08:52+05:30
NATIONALUM,355.3,TOUCHED,0.56,above,357.3,355.3,353.72,355.3,352.13,0.895,80.8,0.041,0,2026-09-15,2026-09-16,False,False,5.0,2026-09-16T15:08:52+05:30
COALINDIA,422.5,TOUCHED,0.05,above,422.7,422.5,421.42,422.5,420.33,0.514,81.1,0.022,0,2026-09-15,2026-09-16,False,False,5.0,2026-09-16T15:08:52+05:30
IOB,32.49,TOUCHED,-1.17,below,32.11,32.49,32.6,32.71,32.49,0.675,81.6,0.034,0,2026-09-15,2026-09-16,False,False,5.0,2026-09-16T15:08:52+05:30
MPHASIS,2387.68,TOUCHED,-2.56,below,2326.6,2387.68,2397.37,2407.05,2387.68,0.808,81.6,0.028,0,2026-09-15,2026-09-16,False,False,5.0,2026-09-16T15:08:52+05:30
GODIGIT,252.4,TOUCHED,-0.65,below,250.75,252.4,253.3,254.2,252.4,0.711,81.9,0.028,0,2026-09-15,2026-09-16,False,False,5.0,2026-09-16T15:08:52+05:30
UNIONBANK,177.22,TOUCHED,0.44,above,178.0,177.22,176.48,177.22,175.74,0.837,82.2,0.04,0,2026-09-15,2026-09-16,False,False,5.0,2026-09-16T15:08:52+05:30
VBL,411.21,TOUCHED,-0.05,below,411.0,411.21,412.82,414.43,411.21,0.779,82.2,0.026,0,2026-09-15,2026-09-16,False,False,5.0,2026-09-16T15:08:52+05:30
NEULANDLAB,22715.0,TOUCHED,-0.33,below,22640.0,22715.0,22835.0,22955.0,22715.0,1.051,82.5,0.032,0,2026-09-15,2026-09-16,False,False,5.0,2026-09-16T15:08:52+05:30
SBILIFE,1668.0,TOUCHED,1.18,above,1687.7,1668.0,1663.37,1668.0,1658.73,0.557,82.5,0.015,0,2026-09-15,2026-09-16,False,False,5.0,2026-09-16T15:08:52+05:30
ASTERDM,744.33,TOUCHED,-0.32,below,741.95,744.33,747.4,750.48,744.33,0.823,82.7,0.028,0,2026-09-15,2026-09-16,False,False,5.0,2026-09-16T15:08:52+05:30
PIRAMALFIN,2235.1,TOUCHED,-1.5,below,2201.6,2235.1,2245.8,2256.5,2235.1,0.953,82.8,0.049,0,2026-09-15,2026-09-16,False,False,5.0,2026-09-16T15:08:52+05:30
ABFRL,49.47,TOUCHED,0.3,inside,49.62,49.47,49.47,49.69,49.25,0.91,83.0,0.028,0,2026-09-15,2026-09-16,False,False,5.0,2026-09-16T15:08:52+05:30
JKCEMENT,4733.08,TOUCHED,-0.12,below,4727.5,4733.08,4754.17,4775.25,4733.08,0.887,83.0,0.035,0,2026-09-15,2026-09-16,False,False,5.0,2026-09-16T15:08:52+05:30
JAINREC,276.48,TOUCHED,-0.32,below,275.6,276.48,278.25,280.02,276.48,1.276,83.2,0.061,0,2026-09-15,2026-09-16,False,False,5.0,2026-09-16T15:08:52+05:30
PNB,115.97,TOUCHED,0.69,above,116.77,115.97,115.54,115.97,115.12,0.73,83.3,0.028,0,2026-09-15,2026-09-16,False,False,5.0,2026-09-16T15:08:52+05:30
ZEEL,78.7,TOUCHED,0.99,above,79.48,78.7,78.27,78.7,77.84,1.099,83.3,0.045,0,2026-09-15,2026-09-16,False,False,5.0,2026-09-16T15:08:52+05:30
UPL,562.86,TOUCHED,-1.97,below,551.75,562.86,564.92,566.98,562.86,0.729,83.6,0.02,0,2026-09-15,2026-09-16,False,False,5.0,2026-09-16T15:08:52+05:30
HINDPETRO,349.7,TOUCHED,0.64,above,351.95,349.7,348.23,349.7,346.77,0.842,83.8,0.033,0,2026-09-15,2026-09-16,False,False,5.0,2026-09-16T15:08:52+05:30
KPITTECH,565.49,TOUCHED,-1.76,below,555.55,565.49,567.98,570.48,565.49,0.877,83.8,0.044,0,2026-09-15,2026-09-16,False,False,5.0,2026-09-16T15:08:52+05:30
DRREDDY,1148.25,TOUCHED,-0.11,below,1147.0,1148.25,1151.5,1154.75,1148.25,0.564,84.1,0.017,0,2026-09-15,2026-09-16,False,False,5.0,2026-09-16T15:08:52+05:30
GODREJIND,1118.95,TOUCHED,2.0,above,1141.3,1118.95,1113.97,1118.95,1108.98,0.895,84.1,0.044,0,2026-09-15,2026-09-16,False,False,5.0,2026-09-16T15:08:52+05:30
INDIACEM,337.42,TOUCHED,-0.66,below,335.2,337.42,338.83,340.25,337.42,0.836,84.4,0.031,0,2026-09-15,2026-09-16,False,False,5.0,2026-09-16T15:08:52+05:30
OLAELEC,38.31,TOUCHED,-2.45,below,37.37,38.31,38.59,38.86,38.31,1.443,84.7,0.064,0,2026-09-15,2026-09-16,False,False,5.0,2026-09-16T15:08:52+05:30
IGIL,314.71,TOUCHED,-0.19,below,314.1,314.71,316.32,317.93,314.71,1.017,84.9,0.028,0,2026-09-15,2026-09-16,False,False,5.0,2026-09-16T15:08:52+05:30
CONCORDBIO,1481.02,TOUCHED,-1.76,below,1455.0,1481.02,1489.03,1497.05,1481.02,1.077,85.2,0.024,0,2026-09-15,2026-09-16,False,False,5.0,2026-09-16T15:08:52+05:30
ATUL,6106.08,TOUCHED,-0.46,below,6078.0,6106.08,6130.67,6155.25,6106.08,0.802,85.5,0.014,0,2026-09-15,2026-09-16,False,False,5.0,2026-09-16T15:08:52+05:30
HINDZINC,567.93,TOUCHED,0.41,above,570.25,567.93,565.58,567.93,563.24,0.828,85.5,0.044,0,2026-09-15,2026-09-16,False,False,5.0,2026-09-16T15:08:52+05:30
UBL,1245.87,TOUCHED,-1.51,below,1227.1,1245.87,1249.93,1254.0,1245.87,0.651,85.5,0.028,0,2026-09-15,2026-09-16,False,False,5.0,2026-09-16T15:08:52+05:30
MEDANTA,1424.5,TOUCHED,-1.36,below,1405.1,1424.5,1430.9,1437.3,1424.5,0.895,85.8,0.031,0,2026-09-15,2026-09-16,False,False,5.0,2026-09-16T15:08:52+05:30
MMTC,61.07,TOUCHED,-2.06,below,59.81,61.07,61.37,61.67,61.07,0.972,85.8,0.053,0,2026-09-15,2026-09-16,False,False,5.0,2026-09-16T15:08:52+05:30
CARTRADE,3039.95,TOUCHED,-5.28,below,2879.5,3039.95,3062.8,3085.65,3039.95,1.492,86.0,0.052,0,2026-09-15,2026-09-16,False,False,5.0,2026-09-16T15:08:52+05:30
IDFCFIRSTB,85.42,TOUCHED,-0.21,inside,85.24,85.42,85.42,85.73,85.11,0.722,86.0,0.033,0,2026-09-15,2026-09-16,False,False,5.0,2026-09-16T15:08:52+05:30
IPCALAB,1950.77,TOUCHED,0.07,inside,1952.1,1950.77,1950.77,1959.95,1941.58,0.942,86.3,0.032,0,2026-09-15,2026-09-16,False,False,5.0,2026-09-16T15:08:52+05:30
RAILTEL,253.66,TOUCHED,-0.5,below,252.4,253.66,254.92,256.17,253.66,0.987,86.3,0.041,0,2026-09-15,2026-09-16,False,False,5.0,2026-09-16T15:08:52+05:30
SWANCORP,294.28,TOUCHED,-0.54,below,292.7,294.28,295.97,297.65,294.28,1.138,86.3,0.032,0,2026-09-15,2026-09-16,False,False,5.0,2026-09-16T15:08:52+05:30
TENNIND,515.78,TOUCHED,-0.64,below,512.45,515.78,518.65,521.52,515.78,1.109,86.5,0.013,0,2026-09-15,2026-09-16,False,False,5.0,2026-09-16T15:08:52+05:30
CROMPTON,227.05,TOUCHED,-1.83,below,222.9,227.05,227.95,228.86,227.05,0.791,86.8,0.025,0,2026-09-15,2026-09-16,False,False,5.0,2026-09-16T15:08:52+05:30
MUTHOOTFIN,2758.15,TOUCHED,1.26,above,2792.8,2758.15,2746.2,2758.15,2734.25,0.87,86.8,0.04,0,2026-09-15,2026-09-16,False,False,5.0,2026-09-16T15:08:52+05:30
THERMAX,3577.27,TOUCHED,-0.8,below,3548.6,3577.27,3595.13,3613.0,3577.27,0.994,86.8,0.023,0,2026-09-15,2026-09-16,False,False,5.0,2026-09-16T15:08:52+05:30
HINDCOPPER,493.61,TOUCHED,-2.26,below,482.45,493.61,496.98,500.35,493.61,1.356,87.1,0.032,0,2026-09-15,2026-09-16,False,False,5.0,2026-09-16T15:08:52+05:30
THELEELA,525.07,TOUCHED,-0.09,below,524.6,525.07,527.68,530.3,525.07,0.992,87.3,0.03,0,2026-09-15,2026-09-16,False,False,5.0,2026-09-16T15:08:52+05:30
PFC,347.1,TOUCHED,0.3,inside,348.15,347.1,347.1,348.65,345.55,0.893,87.4,0.032,0,2026-09-15,2026-09-16,False,False,5.0,2026-09-16T15:08:52+05:30
HAVELLS,1091.02,TOUCHED,-0.1,below,1089.9,1091.02,1095.03,1099.05,1091.02,0.734,87.7,0.017,0,2026-09-15,2026-09-16,False,False,5.0,2026-09-16T15:08:52+05:30
SAREGAMA,488.04,TOUCHED,-0.39,below,486.15,488.04,490.58,493.12,488.04,1.036,87.7,0.049,0,2026-09-15,2026-09-16,False,False,5.0,2026-09-16T15:08:52+05:30
SHYAMMETL,1054.97,TOUCHED,-0.76,below,1046.9,1054.97,1059.43,1063.9,1054.97,0.843,87.7,0.016,0,2026-09-15,2026-09-16,False,False,5.0,2026-09-16T15:08:52+05:30
APOLLOTYRE,411.4,TOUCHED,0.01,above,411.45,411.4,409.67,411.4,407.93,0.846,87.9,0.038,0,2026-09-15,2026-09-16,False,False,5.0,2026-09-16T15:08:52+05:30
INDUSINDBK,960.92,TOUCHED,-1.16,below,949.8,960.92,965.33,969.75,960.92,0.915,87.9,0.027,0,2026-09-15,2026-09-16,False,False,5.0,2026-09-16T15:08:52+05:30
TORNTPHARM,4866.17,TOUCHED,-1.04,below,4815.5,4866.17,4882.33,4898.5,4866.17,0.662,87.9,0.025,0,2026-09-15,2026-09-16,False,False,5.0,2026-09-16T15:08:52+05:30
BERGEPAINT,449.15,TOUCHED,-0.11,below,448.65,449.15,451.2,453.25,449.15,0.909,88.2,0.014,0,2026-09-15,2026-09-16,False,False,5.0,2026-09-16T15:08:52+05:30
ICICIGI,1443.05,TOUCHED,0.34,above,1448.0,1443.05,1437.93,1443.05,1432.82,0.712,88.5,0.021,0,2026-09-15,2026-09-16,False,False,5.0,2026-09-16T15:08:52+05:30
ZYDUSLIFE,1107.5,TOUCHED,0.11,inside,1108.7,1107.5,1107.5,1111.75,1103.25,0.767,88.5,0.023,0,2026-09-15,2026-09-16,False,False,5.0,2026-09-16T15:08:52+05:30
BANKBARODA,234.55,TOUCHED,-0.28,inside,233.89,234.55,234.55,235.47,233.62,0.789,88.8,0.012,0,2026-09-15,2026-09-16,False,False,5.0,2026-09-16T15:08:52+05:30
SIGNATURE,755.17,TOUCHED,-0.51,below,751.35,755.17,759.18,763.2,755.17,1.058,88.8,0.029,0,2026-09-15,2026-09-16,False,False,5.0,2026-09-16T15:08:52+05:30
ARE&M,802.8,TOUCHED,-1.01,below,794.7,802.8,806.05,809.3,802.8,0.806,89.0,0.022,0,2026-09-15,2026-09-16,False,False,5.0,2026-09-16T15:08:52+05:30
GODREJCP,866.8,TOUCHED,0.44,above,870.65,866.8,863.53,866.8,860.27,0.757,89.0,0.023,0,2026-09-15,2026-09-16,False,False,5.0,2026-09-16T15:08:52+05:30
RELIANCE,1243.33,TOUCHED,0.32,inside,1247.3,1243.33,1243.33,1247.35,1239.32,0.646,89.0,0.025,0,2026-09-15,2026-09-16,False,False,5.0,2026-09-16T15:08:52+05:30
TATATECH,763.23,TOUCHED,-1.9,below,748.7,763.23,767.17,771.1,763.23,1.025,89.0,0.037,0,2026-09-15,2026-09-16,False,False,5.0,2026-09-16T15:08:52+05:30
HINDALCO,969.85,TOUCHED,0.48,above,974.5,969.85,966.13,969.85,962.42,0.769,89.3,0.011,0,2026-09-15,2026-09-16,False,False,5.0,2026-09-16T15:08:52+05:30
LINDEINDIA,6108.67,TOUCHED,-0.31,below,6090.0,6108.67,6137.33,6166.0,6108.67,0.934,89.3,0.025,0,2026-09-15,2026-09-16,False,False,5.0,2026-09-16T15:08:52+05:30
MARUTI,12270.83,TOUCHED,-0.83,below,12169.0,12270.83,12310.67,12350.5,12270.83,0.647,89.3,0.015,0,2026-09-15,2026-09-16,False,False,5.0,2026-09-16T15:08:52+05:30
ACUTAAS,3339.9,TOUCHED,0.18,above,3345.8,3339.9,3315.33,3339.9,3290.77,1.482,89.6,0.036,0,2026-09-15,2026-09-16,False,False,5.0,2026-09-16T15:08:52+05:30
CGCL,258.05,TOUCHED,-0.41,inside,257.0,258.05,258.05,259.52,256.58,1.143,89.6,0.058,0,2026-09-15,2026-09-16,False,False,5.0,2026-09-16T15:08:52+05:30
ERIS,1316.82,TOUCHED,-0.93,below,1304.6,1316.82,1323.53,1330.25,1316.82,1.015,89.6,0.03,0,2026-09-15,2026-09-16,False,False,5.0,2026-09-16T15:08:52+05:30
HDFCBANK,720.78,TOUCHED,0.06,inside,721.25,720.78,720.78,722.9,718.67,0.587,89.6,0.02,0,2026-09-15,2026-09-16,False,False,5.0,2026-09-16T15:08:52+05:30
REDINGTON,386.93,TOUCHED,0.34,above,388.25,386.93,384.27,386.93,381.61,1.384,89.6,0.038,0,2026-09-15,2026-09-16,False,False,5.0,2026-09-16T15:08:52+05:30
TATACAP,354.89,TOUCHED,-3.11,below,343.85,354.89,356.43,357.98,354.89,0.865,89.7,0.016,0,2026-09-15,2026-09-16,False,False,5.0,2026-09-16T15:08:52+05:30
BAJFINANCE,1013.48,TOUCHED,-0.11,below,1012.4,1013.48,1017.77,1022.05,1013.48,0.842,89.9,0.029,0,2026-09-15,2026-09-16,False,False,5.0,2026-09-16T15:08:52+05:30
HUDCO,170.72,TOUCHED,-0.5,inside,169.87,170.72,170.72,171.62,169.82,1.056,89.9,0.036,0,2026-09-15,2026-09-16,False,False,5.0,2026-09-16T15:08:52+05:30
POWERGRID,263.75,TOUCHED,-0.04,below,263.65,263.75,264.7,265.65,263.75,0.718,89.9,0.018,0,2026-09-15,2026-09-16,False,False,5.0,2026-09-16T15:08:52+05:30
ABREL,1239.78,TOUCHED,-0.36,below,1235.3,1239.78,1247.07,1254.35,1239.78,1.168,90.1,0.025,0,2026-09-15,2026-09-16,False,False,5.0,2026-09-16T15:08:52+05:30
BEML,1977.7,TOUCHED,0.1,above,1979.6,1977.7,1964.9,1977.7,1952.1,1.303,90.1,0.025,0,2026-09-15,2026-09-16,False,False,5.0,2026-09-16T15:08:52+05:30
TIINDIA,2567.35,TOUCHED,0.24,above,2573.4,2567.35,2553.23,2567.35,2539.12,1.106,90.1,0.038,0,2026-09-15,2026-09-16,False,False,5.0,2026-09-16T15:08:52+05:30
ATGL,586.48,TOUCHED,-0.07,inside,586.05,586.48,586.48,589.65,583.32,1.08,90.4,0.03,0,2026-09-15,2026-09-16,False,False,5.0,2026-09-16T15:08:52+05:30
BAJAJ-AUTO,11562.5,TOUCHED,0.06,above,11569.0,11562.5,11516.33,11562.5,11470.17,0.802,90.4,0.028,0,2026-09-15,2026-09-16,False,False,5.0,2026-09-16T15:08:52+05:30
HCLTECH,1259.13,TOUCHED,-0.95,below,1247.2,1259.13,1264.57,1270.0,1259.13,0.859,90.4,0.03,0,2026-09-15,2026-09-16,False,False,5.0,2026-09-16T15:08:52+05:30
AEGISLOG,1352.5,TOUCHED,1.91,above,1378.4,1352.5,1342.83,1352.5,1333.17,1.44,90.7,0.033,0,2026-09-15,2026-09-16,False,False,5.0,2026-09-16T15:08:52+05:30
AFFLE,1544.82,TOUCHED,-0.64,below,1534.9,1544.82,1553.23,1561.65,1544.82,1.084,90.7,0.035,0,2026-09-15,2026-09-16,False,False,5.0,2026-09-16T15:08:52+05:30
NMDC,80.9,TOUCHED,-0.57,below,80.44,80.9,81.3,81.69,80.9,0.98,90.7,0.028,0,2026-09-15,2026-09-16,False,False,5.0,2026-09-16T15:08:52+05:30
PPLPHARMA,204.63,TOUCHED,-1.25,below,202.08,204.63,205.79,206.95,204.63,1.127,91.0,0.038,0,2026-09-15,2026-09-16,False,False,5.0,2026-09-16T15:08:52+05:30
RHIM,366.02,TOUCHED,-0.48,inside,364.25,366.02,366.02,368.22,363.81,1.207,91.0,0.031,0,2026-09-15,2026-09-16,False,False,5.0,2026-09-16T15:08:52+05:30
SPLPETRO,794.46,TOUCHED,-0.16,below,793.15,794.46,799.57,804.67,794.46,1.278,91.0,0.038,0,2026-09-15,2026-09-16,False,False,5.0,2026-09-16T15:08:52+05:30
CDSL,1317.97,TOUCHED,-1.56,below,1297.4,1317.97,1324.93,1331.9,1317.97,1.052,91.2,0.034,0,2026-09-15,2026-09-16,False,False,5.0,2026-09-16T15:08:52+05:30
COHANCE,432.25,TOUCHED,0.13,above,432.8,432.25,429.37,432.25,426.48,1.343,91.2,0.022,0,2026-09-15,2026-09-16,False,False,5.0,2026-09-16T15:08:52+05:30
ENGINERSIN,264.07,TOUCHED,-1.33,below,260.55,264.07,265.68,267.3,264.07,1.217,91.2,0.038,0,2026-09-15,2026-09-16,False,False,5.0,2026-09-16T15:08:52+05:30
PHOENIXLTD,1852.4,TOUCHED,0.35,inside,1858.9,1852.4,1852.4,1861.8,1843.0,1.015,91.2,0.045,0,2026-09-15,2026-09-16,False,False,5.0,2026-09-16T15:08:52+05:30
SAILIFE,1550.47,TOUCHED,-0.64,below,1540.5,1550.47,1559.43,1568.4,1550.47,1.15,91.2,0.04,0,2026-09-15,2026-09-16,False,False,5.0,2026-09-16T15:08:52+05:30
TATACONSUM,997.65,TOUCHED,0.55,above,1003.1,997.65,993.8,997.65,989.95,0.775,91.2,0.027,0,2026-09-15,2026-09-16,False,False,5.0,2026-09-16T15:08:52+05:30
ALKEM,5197.17,TOUCHED,-0.22,inside,5185.5,5197.17,5197.17,5215.25,5179.08,0.696,91.5,0.026,0,2026-09-15,2026-09-16,False,False,5.0,2026-09-16T15:08:52+05:30
PAGEIND,34735.0,TOUCHED,-1.57,below,34190.0,34735.0,34890.0,35045.0,34735.0,0.889,91.5,0.027,0,2026-09-15,2026-09-16,False,False,5.0,2026-09-16T15:08:52+05:30
BPCL,301.82,TOUCHED,0.24,inside,302.55,301.82,301.82,303.4,300.23,1.049,91.8,0.021,0,2026-09-15,2026-09-16,False,False,5.0,2026-09-16T15:08:52+05:30
SAMMAANCAP,142.89,TOUCHED,-0.27,below,142.5,142.89,143.82,144.76,142.89,1.296,91.8,0.041,0,2026-09-15,2026-09-16,False,False,5.0,2026-09-16T15:08:52+05:30
SCI,271.01,TOUCHED,-1.39,below,267.25,271.01,272.97,274.93,271.01,1.435,91.8,0.042,0,2026-09-15,2026-09-16,False,False,5.0,2026-09-16T15:08:52+05:30
CPPLUS,3694.62,TOUCHED,-3.77,below,3555.2,3694.62,3725.83,3757.05,3694.62,1.676,92.1,0.036,0,2026-09-15,2026-09-16,False,False,5.0,2026-09-16T15:08:52+05:30
HSCL,649.95,TOUCHED,0.36,above,652.3,649.95,645.72,649.95,641.48,1.311,92.1,0.031,0,2026-09-15,2026-09-16,False,False,5.0,2026-09-16T15:08:52+05:30
HYUNDAI,2162.8,TOUCHED,-0.37,inside,2154.8,2162.8,2162.8,2174.2,2151.4,1.054,92.1,0.027,0,2026-09-15,2026-09-16,False,False,5.0,2026-09-16T15:08:52+05:30
INDHOTEL,718.1,TOUCHED,-0.34,below,715.65,718.1,721.2,724.3,718.1,0.86,92.1,0.018,0,2026-09-15,2026-09-16,False,False,5.0,2026-09-16T15:08:52+05:30
LTTS,3351.23,TOUCHED,0.05,inside,3353.0,3351.23,3351.23,3370.75,3331.72,1.165,92.1,0.042,0,2026-09-15,2026-09-16,False,False,5.0,2026-09-16T15:08:52+05:30
MANAPPURAM,320.59,TOUCHED,-0.28,below,319.7,320.59,322.33,324.08,320.59,1.081,92.1,0.031,0,2026-09-15,2026-09-16,False,False,5.0,2026-09-16T15:08:52+05:30
PGEL,522.03,TOUCHED,-0.18,below,521.1,522.03,526.05,530.08,522.03,1.53,92.1,0.046,0,2026-09-15,2026-09-16,False,False,5.0,2026-09-16T15:08:52+05:30
RKFORGE,692.1,TOUCHED,-0.4,below,689.3,692.1,696.0,699.9,692.1,1.121,92.1,0.044,0,2026-09-15,2026-09-16,False,False,5.0,2026-09-16T15:08:52+05:30
TRENT,2773.8,TOUCHED,0.26,above,2780.9,2773.8,2759.2,2773.8,2744.6,1.058,92.1,0.044,0,2026-09-15,2026-09-16,False,False,5.0,2026-09-16T15:08:52+05:30
AXISBANK,1236.95,TOUCHED,0.69,above,1245.5,1236.95,1232.27,1236.95,1227.58,0.76,92.3,0.024,0,2026-09-15,2026-09-16,False,False,5.0,2026-09-16T15:08:52+05:30
CLEAN,824.58,TOUCHED,-0.65,below,819.25,824.58,828.87,833.15,824.58,1.034,92.3,0.029,0,2026-09-15,2026-09-16,False,False,5.0,2026-09-16T15:08:52+05:30
ENDURANCE,2629.7,TOUCHED,-0.01,below,2629.5,2629.7,2644.8,2659.9,2629.7,1.142,92.3,0.044,0,2026-09-15,2026-09-16,False,False,5.0,2026-09-16T15:08:52+05:30
MRPL,168.22,TOUCHED,-1.0,below,166.53,168.22,169.63,171.04,168.22,1.661,92.3,0.054,0,2026-09-15,2026-09-16,False,False,5.0,2026-09-16T15:08:52+05:30
SUPREMEIND,3337.97,TOUCHED,-0.18,inside,3332.1,3337.97,3337.97,3356.95,3318.98,1.137,92.3,0.034,0,2026-09-15,2026-09-16,False,False,5.0,2026-09-16T15:08:52+05:30
YESBANK,23.32,TOUCHED,-0.13,inside,23.29,23.32,23.32,23.44,23.19,1.072,92.3,0.04,0,2026-09-15,2026-09-16,False,False,5.0,2026-09-16T15:08:52+05:30
AUBANK,1033.72,TOUCHED,-0.13,below,1032.4,1033.72,1039.43,1045.15,1033.72,1.1,92.6,0.018,0,2026-09-15,2026-09-16,False,False,5.0,2026-09-16T15:08:52+05:30
POLICYBZR,1770.15,TOUCHED,3.58,above,1833.5,1770.15,1758.77,1770.15,1747.38,1.294,92.6,0.037,0,2026-09-15,2026-09-16,False,False,5.0,2026-09-16T15:08:52+05:30
INDIAMART,1682.9,TOUCHED,1.55,above,1709.0,1682.9,1675.1,1682.9,1667.3,0.931,92.9,0.025,0,2026-09-15,2026-09-16,False,False,5.0,2026-09-16T15:08:52+05:30
JUBLINGREA,634.55,TOUCHED,-0.18,below,633.4,634.55,638.6,642.65,634.55,1.268,92.9,0.036,0,2026-09-15,2026-09-16,False,False,5.0,2026-09-16T15:08:52+05:30
LATENTVIEW,254.68,TOUCHED,-0.82,below,252.6,254.68,256.47,258.25,254.68,1.391,92.9,0.024,0,2026-09-15,2026-09-16,False,False,5.0,2026-09-16T15:08:52+05:30
MINDACORP,682.57,TOUCHED,-1.45,below,672.7,682.57,686.18,689.8,682.57,1.054,92.9,0.038,0,2026-09-15,2026-09-16,False,False,5.0,2026-09-16T15:08:52+05:30
NYKAA,337.86,TOUCHED,-3.11,below,327.35,337.86,339.52,341.18,337.86,0.977,92.9,0.029,0,2026-09-15,2026-09-16,False,False,5.0,2026-09-16T15:08:52+05:30
UNITDSPR,1387.1,TOUCHED,0.47,above,1393.6,1387.1,1381.6,1387.1,1376.1,0.796,92.9,0.033,0,2026-09-15,2026-09-16,False,False,5.0,2026-09-16T15:08:52+05:30
BANDHANBNK,173.52,TOUCHED,-0.12,below,173.31,173.52,174.6,175.68,173.52,1.231,93.2,0.026,0,2026-09-15,2026-09-16,False,False,5.0,2026-09-16T15:08:52+05:30
CESC,142.44,TOUCHED,-0.66,below,141.5,142.44,143.19,143.93,142.44,1.038,93.2,0.037,0,2026-09-15,2026-09-16,False,False,5.0,2026-09-16T15:08:52+05:30
ETERNAL,319.28,TOUCHED,-0.53,inside,317.6,319.28,319.28,321.3,317.27,1.263,93.2,0.024,0,2026-09-15,2026-09-16,False,False,5.0,2026-09-16T15:08:52+05:30
INDUSTOWER,380.92,TOUCHED,-0.98,below,377.2,380.92,382.83,384.75,380.92,1.001,93.2,0.03,0,2026-09-15,2026-09-16,False,False,5.0,2026-09-16T15:08:52+05:30
NESTLEIND,1378.5,TOUCHED,0.66,above,1387.6,1378.5,1373.0,1378.5,1367.5,0.801,93.2,0.033,0,2026-09-15,2026-09-16,False,False,5.0,2026-09-16T15:08:52+05:30
NUVAMA,1703.2,TOUCHED,0.14,above,1705.6,1703.2,1691.53,1703.2,1679.87,1.379,93.2,0.025,0,2026-09-15,2026-09-16,False,False,5.0,2026-09-16T15:08:52+05:30
IRFC,79.58,TOUCHED,-0.83,below,78.92,79.58,80.01,80.44,79.58,1.071,93.4,0.033,0,2026-09-15,2026-09-16,False,False,5.0,2026-09-16T15:08:52+05:30
JIOFIN,226.63,TOUCHED,-0.67,below,225.11,226.63,227.67,228.7,226.63,0.908,93.4,0.022,0,2026-09-15,2026-09-16,False,False,5.0,2026-09-16T15:08:52+05:30
MARICO,800.52,TOUCHED,1.63,above,813.55,800.52,797.43,800.52,794.34,0.775,93.4,0.02,0,2026-09-15,2026-09-16,False,False,5.0,2026-09-16T15:08:52+05:30
VOLTAS,1144.0,TOUCHED,-0.89,below,1133.8,1144.0,1151.0,1158.0,1144.0,1.216,93.4,0.037,0,2026-09-15,2026-09-16,False,False,5.0,2026-09-16T15:08:52+05:30
360ONE,1058.9,TOUCHED,-1.39,below,1044.2,1058.9,1065.7,1072.5,1058.9,1.276,93.7,0.032,0,2026-09-15,2026-09-16,False,False,5.0,2026-09-16T15:08:52+05:30
GICRE,340.02,TOUCHED,-0.67,below,337.75,340.02,341.83,343.65,340.02,1.063,93.7,0.031,0,2026-09-15,2026-09-16,False,False,5.0,2026-09-16T15:08:52+05:30
HONASA,465.68,TOUCHED,0.64,above,468.65,465.68,462.87,465.68,460.06,1.213,93.7,0.054,0,2026-09-15,2026-09-16,False,False,5.0,2026-09-16T15:08:52+05:30
MSUMI,35.67,TOUCHED,1.4,above,36.17,35.67,35.47,35.67,35.26,1.147,93.7,0.03,0,2026-09-15,2026-09-16,False,False,5.0,2026-09-16T15:08:52+05:30
NAVA,544.23,TOUCHED,0.6,inside,547.5,544.23,544.23,547.88,540.59,1.338,93.7,0.038,0,2026-09-15,2026-09-16,False,False,5.0,2026-09-16T15:08:52+05:30
TEGA,1703.6,TOUCHED,1.04,above,1721.3,1703.6,1692.77,1703.6,1681.93,1.28,93.7,0.045,0,2026-09-15,2026-09-16,False,False,5.0,2026-09-16T15:08:52+05:30
TITAGARH,817.2,TOUCHED,-0.56,below,812.6,817.2,822.95,828.7,817.2,1.397,93.7,0.046,0,2026-09-15,2026-09-16,False,False,5.0,2026-09-16T15:08:52+05:30
AMBUJACEM,383.49,TOUCHED,-0.55,below,381.4,383.49,385.23,386.98,383.49,0.904,94.0,0.035,0,2026-09-15,2026-09-16,False,False,5.0,2026-09-16T15:08:52+05:30
HEROMOTOCO,5246.75,TOUCHED,0.14,above,5254.0,5246.75,5219.83,5246.75,5192.92,1.031,94.0,0.018,0,2026-09-15,2026-09-16,False,False,5.0,2026-09-16T15:08:52+05:30
ICICIPRULI,464.9,TOUCHED,1.37,above,471.25,464.9,462.47,464.9,460.03,1.052,94.0,0.021,0,2026-09-15,2026-09-16,False,False,5.0,2026-09-16T15:08:52+05:30
SAIL,174.15,TOUCHED,-0.35,below,173.54,174.15,175.31,176.46,174.15,1.316,94.0,0.026,0,2026-09-15,2026-09-16,False,False,5.0,2026-09-16T15:08:52+05:30
VIJAYA,1451.62,TOUCHED,-0.77,below,1440.4,1451.62,1461.54,1471.46,1451.62,1.357,94.0,0.036,0,2026-09-15,2026-09-16,False,False,5.0,2026-09-16T15:08:52+05:30
VTL,557.73,TOUCHED,2.83,above,573.5,557.73,554.15,557.73,550.58,1.29,94.0,0.029,0,2026-09-15,2026-09-16,False,False,5.0,2026-09-16T15:08:52+05:30
IOC,133.86,TOUCHED,0.61,above,134.67,133.86,133.25,133.86,132.64,0.916,94.2,0.02,0,2026-09-15,2026-09-16,False,False,5.0,2026-09-16T15:08:52+05:30
KPIL,1396.83,TOUCHED,-0.42,inside,1391.0,1396.83,1396.83,1405.15,1388.52,1.191,94.2,0.045,0,2026-09-15,2026-09-16,False,False,5.0,2026-09-16T15:08:52+05:30
MAZDOCK,2252.67,TOUCHED,-1.69,below,2214.5,2252.67,2269.33,2286.0,2252.67,1.469,94.5,0.042,0,2026-09-15,2026-09-16,False,False,5.0,2026-09-16T15:08:52+05:30
NEWGEN,504.0,TOUCHED,-2.45,below,491.65,504.0,508.65,513.3,504.0,1.828,94.5,0.031,0,2026-09-15,2026-09-16,False,False,5.0,2026-09-16T15:08:52+05:30
ADANIPOWER,203.57,TOUCHED,-0.09,below,203.39,203.57,205.13,206.7,203.57,1.527,94.8,0.053,0,2026-09-15,2026-09-16,False,False,5.0,2026-09-16T15:08:52+05:30
GVT&D,4319.5,TOUCHED,-0.58,inside,4294.3,4319.5,4319.5,4355.8,4283.2,1.681,94.8,0.022,0,2026-09-15,2026-09-16,False,False,5.0,2026-09-16T15:08:52+05:30
HDFCLIFE,523.38,TOUCHED,1.66,above,532.05,523.38,520.95,523.38,518.52,0.931,94.8,0.018,0,2026-09-15,2026-09-16,False,False,5.0,2026-09-16T15:08:52+05:30
LT,3866.25,TOUCHED,-1.36,below,3813.6,3866.25,3881.8,3897.35,3866.25,0.801,94.8,0.027,0,2026-09-15,2026-09-16,False,False,5.0,2026-09-16T15:08:52+05:30
LTFOODS,424.05,TOUCHED,-1.78,below,416.5,424.05,427.05,430.05,424.05,1.405,94.8,0.036,0,2026-09-15,2026-09-16,False,False,5.0,2026-09-16T15:08:52+05:30
SBFC,95.08,TOUCHED,-1.49,below,93.66,95.08,95.73,96.38,95.08,1.358,94.8,0.03,0,2026-09-15,2026-09-16,False,False,5.0,2026-09-16T15:08:52+05:30
BHARATFORG,1887.98,TOUCHED,-0.06,below,1886.8,1887.98,1898.77,1909.55,1887.98,1.136,95.1,0.031,0,2026-09-15,2026-09-16,False,False,5.0,2026-09-16T15:08:52+05:30
JWL,232.98,TOUCHED,-1.83,below,228.71,232.98,234.8,236.61,232.98,1.545,95.1,0.044,0,2026-09-15,2026-09-16,False,False,5.0,2026-09-16T15:08:52+05:30
BOSCHLTD,47897.5,TOUCHED,0.44,above,48110.0,47897.5,47621.67,47897.5,47345.83,1.158,95.3,0.029,0,2026-09-15,2026-09-16,False,False,5.0,2026-09-16T15:08:52+05:30
CEMPRO,1229.6,TOUCHED,0.28,inside,1233.1,1229.6,1229.6,1240.85,1218.35,1.83,95.3,0.066,0,2026-09-15,2026-09-16,False,False,5.0,2026-09-16T15:08:52+05:30
M&M,3074.55,TOUCHED,0.16,above,3079.6,3074.55,3059.53,3074.55,3044.52,0.982,95.3,0.026,0,2026-09-15,2026-09-16,False,False,5.0,2026-09-16T15:08:52+05:30
MRF,126380.0,TOUCHED,-1.11,below,124975.0,126380.0,126965.0,127550.0,126380.0,0.922,95.3,0.035,0,2026-09-15,2026-09-16,False,False,5.0,2026-09-16T15:08:52+05:30
PAYTM,1770.5,TOUCHED,0.93,above,1787.0,1770.5,1757.0,1770.5,1743.5,1.537,95.3,0.051,0,2026-09-15,2026-09-16,False,False,5.0,2026-09-16T15:08:52+05:30
ASIANPAINT,2426.2,TOUCHED,0.37,inside,2435.1,2426.2,2426.2,2437.9,2414.5,0.964,95.6,0.022,0,2026-09-15,2026-09-16,False,False,5.0,2026-09-16T15:08:52+05:30
CARBORUNIV,1045.93,TOUCHED,0.39,inside,1050.0,1045.93,1045.93,1053.0,1038.87,1.351,95.6,0.033,0,2026-09-15,2026-09-16,False,False,5.0,2026-09-16T15:08:52+05:30
CHALET,850.27,TOUCHED,-0.67,below,844.55,850.27,855.38,860.5,850.27,1.196,95.6,0.029,0,2026-09-15,2026-09-16,False,False,5.0,2026-09-16T15:08:52+05:30
JSWENERGY,508.58,TOUCHED,-0.57,below,505.7,508.58,512.15,515.73,508.58,1.396,95.6,0.028,0,2026-09-15,2026-09-16,False,False,5.0,2026-09-16T15:08:52+05:30
TATACOMM,1781.1,TOUCHED,0.91,above,1797.3,1781.1,1770.13,1781.1,1759.17,1.239,95.6,0.024,0,2026-09-15,2026-09-16,False,False,5.0,2026-09-16T15:08:52+05:30
URBANCO,162.63,TOUCHED,0.06,above,162.72,162.63,161.16,162.63,159.69,1.824,95.6,0.046,0,2026-09-15,2026-09-16,False,False,5.0,2026-09-16T15:08:52+05:30
BLUESTARCO,1507.03,TOUCHED,0.14,inside,1509.1,1507.03,1507.03,1519.05,1495.02,1.595,95.9,0.05,0,2026-09-15,2026-09-16,False,False,5.0,2026-09-16T15:08:52+05:30
DEEPAKFERT,1305.23,TOUCHED,0.73,inside,1314.7,1305.23,1305.23,1315.45,1295.02,1.565,95.9,0.044,0,2026-09-15,2026-09-16,False,False,5.0,2026-09-16T15:08:52+05:30
FINCABLES,1362.63,TOUCHED,-0.08,inside,1361.6,1362.63,1362.63,1374.0,1351.27,1.668,95.9,0.019,0,2026-09-15,2026-09-16,False,False,5.0,2026-09-16T15:08:52+05:30
M&MFIN,347.35,TOUCHED,-0.62,inside,345.2,347.35,347.35,349.88,344.82,1.454,95.9,0.037,0,2026-09-15,2026-09-16,False,False,5.0,2026-09-16T15:08:52+05:30
TECHM,1585.45,TOUCHED,-2.15,below,1551.4,1585.45,1595.0,1604.55,1585.45,1.197,95.9,0.038,0,2026-09-15,2026-09-16,False,False,5.0,2026-09-16T15:08:52+05:30
CONCOR,489.63,TOUCHED,-0.3,inside,488.15,489.63,489.63,492.6,486.67,1.212,96.2,0.034,0,2026-09-15,2026-09-16,False,False,5.0,2026-09-16T15:08:52+05:30
CRAFTSMAN,11193.67,TOUCHED,-1.47,below,11029.0,11193.67,11288.33,11383.0,11193.67,1.677,96.2,0.057,0,2026-09-15,2026-09-16,False,False,5.0,2026-09-16T15:08:52+05:30
DALBHARAT,1697.6,TOUCHED,-0.4,below,1690.8,1697.6,1707.8,1718.0,1697.6,1.195,96.2,0.025,0,2026-09-15,2026-09-16,False,False,5.0,2026-09-16T15:08:52+05:30
DELHIVERY,423.39,TOUCHED,-0.86,below,419.75,423.39,426.28,429.18,423.39,1.357,96.2,0.019,0,2026-09-15,2026-09-16,False,False,5.0,2026-09-16T15:08:52+05:30
HONAUT,33791.67,TOUCHED,-0.0,below,33790.0,33791.67,33988.33,34185.0,33791.67,1.157,96.2,0.027,0,2026-09-15,2026-09-16,False,False,5.0,2026-09-16T15:08:52+05:30
JSWSTEEL,1248.45,TOUCHED,0.04,above,1249.0,1248.45,1242.03,1248.45,1235.62,1.033,96.2,0.025,0,2026-09-15,2026-09-16,False,False,5.0,2026-09-16T15:08:52+05:30
KARURVYSYA,331.32,TOUCHED,0.99,above,334.6,331.32,329.03,331.32,326.74,1.393,96.2,0.039,0,2026-09-15,2026-09-16,False,False,5.0,2026-09-16T15:08:52+05:30
TITAN,4905.0,TOUCHED,-0.21,inside,4894.5,4905.0,4905.0,4929.5,4880.5,0.999,96.2,0.018,0,2026-09-15,2026-09-16,False,False,5.0,2026-09-16T15:08:52+05:30
ABB,7048.83,TOUCHED,-0.88,below,6987.0,7048.83,7092.67,7136.5,7048.83,1.236,96.4,0.031,0,2026-09-15,2026-09-16,False,False,5.0,2026-09-16T15:08:52+05:30
APOLLOHOSP,8753.42,TOUCHED,-0.71,below,8691.0,8753.42,8792.83,8832.25,8753.42,0.897,96.4,0.014,0,2026-09-15,2026-09-16,False,False,5.0,2026-09-16T15:08:52+05:30
BHEL,416.04,TOUCHED,-0.7,below,413.15,416.04,419.23,422.43,416.04,1.523,96.4,0.042,0,2026-09-15,2026-09-16,False,False,5.0,2026-09-16T15:08:52+05:30
BLS,230.11,TOUCHED,-1.59,below,226.44,230.11,232.21,234.31,230.11,1.808,96.4,0.032,0,2026-09-15,2026-09-16,False,False,5.0,2026-09-16T15:08:52+05:30
NAUKRI,1269.58,TOUCHED,-0.48,below,1263.5,1269.58,1277.67,1285.75,1269.58,1.265,96.4,0.023,0,2026-09-15,2026-09-16,False,False,5.0,2026-09-16T15:08:52+05:30
OLECTRA,1188.65,TOUCHED,-1.83,below,1166.9,1188.65,1198.1,1207.55,1188.65,1.577,96.4,0.033,0,2026-09-15,2026-09-16,False,False,5.0,2026-09-16T15:08:52+05:30
PERSISTENT,5520.92,TOUCHED,-1.58,below,5433.5,5520.92,5564.33,5607.75,5520.92,1.561,96.4,0.018,0,2026-09-15,2026-09-16,False,False,5.0,2026-09-16T15:08:52+05:30
TCS,2263.0,TOUCHED,-3.58,below,2181.9,2263.0,2275.0,2287.0,2263.0,1.055,96.4,0.029,0,2026-09-15,2026-09-16,False,False,5.0,2026-09-16T15:08:52+05:30
NAVINFLUOR,8289.75,TOUCHED,-1.38,below,8175.0,8289.75,8351.5,8413.25,8289.75,1.479,96.7,0.045,0,2026-09-15,2026-09-16,False,False,5.0,2026-09-16T15:08:52+05:30
ZENTEC,1667.23,TOUCHED,-0.48,inside,1659.2,1667.23,1667.23,1681.4,1653.07,1.699,96.7,0.017,0,2026-09-15,2026-09-16,False,False,5.0,2026-09-16T15:08:52+05:30
NSLNISP,41.81,V+W,-1.52,below,41.17,41.81,42.16,42.52,41.81,1.692,97.0,0.033,1,2026-09-15,2026-09-16,True,False,5.0,2026-09-16T20:02:11+05:30
SIEMENS,3802.33,V+W,-1.59,below,3742.0,3802.33,3834.67,3867.0,3802.33,1.686,97.0,0.018,1,2026-09-15,2026-09-16,True,False,5.0,2026-09-16T20:02:11+05:30
IFCI,78.02,V+W,-3.79,below,75.06,78.02,79.09,80.16,78.02,2.706,97.3,0.1,1,2026-09-15,2026-09-16,True,False,5.0,2026-09-16T20:02:11+05:30
INDIGO,4806.75,V+W,-1.52,below,4733.5,4806.75,4837.5,4868.25,4806.75,1.271,97.3,0.025,1,2026-09-15,2026-09-16,True,False,5.0,2026-09-16T20:02:11+05:30
BSOFT,288.96,V+W,-2.67,below,281.25,288.96,291.47,293.98,288.96,1.721,97.5,0.042,1,2026-09-15,2026-09-16,True,False,5.0,2026-09-16T20:02:11+05:30
IDBI,83.84,V+W,-1.06,below,82.95,83.84,84.72,85.61,83.84,2.093,97.5,0.033,1,2026-09-15,2026-09-16,True,False,5.0,2026-09-16T20:02:11+05:30
MAPMYINDIA,896.82,V+W,-1.53,below,883.1,896.82,905.83,914.85,896.82,1.991,97.5,0.031,1,2026-09-15,2026-09-16,True,False,5.0,2026-09-16T20:02:11+05:30
NIACL,187.66,V+W,-1.85,below,184.19,187.66,189.9,192.15,187.66,2.366,97.5,0.029,1,2026-09-15,2026-09-16,True,False,5.0,2026-09-16T20:02:11+05:30
COFORGE,1793.53,V+W,-1.5,below,1766.7,1793.53,1811.57,1829.6,1793.53,1.991,97.8,0.032,1,2026-09-15,2026-09-16,True,False,5.0,2026-09-16T20:02:11+05:30
HAL,4732.33,V+W,-0.78,below,4695.6,4732.33,4769.67,4807.0,4732.33,1.565,98.1,0.035,1,2026-09-15,2026-09-16,True,False,5.0,2026-09-16T20:02:11+05:30
SYRMA,1524.18,V+W,-0.85,below,1511.2,1524.18,1540.67,1557.15,1524.18,2.14,98.1,0.045,1,2026-09-15,2026-09-16,True,False,5.0,2026-09-16T20:02:11+05:30
DATAPATTNS,4428.37,V+W,-2.41,below,4321.7,4428.37,4497.93,4567.5,4428.37,3.093,98.4,0.076,1,2026-09-15,2026-09-16,True,False,5.0,2026-09-16T20:02:11+05:30
FIRSTCRY,173.81,V+W,-2.18,below,170.02,173.81,176.1,178.38,173.81,2.593,98.4,0.051,1,2026-09-15,2026-09-16,True,False,5.0,2026-09-16T20:02:11+05:30
TMPV,306.34,V+W,-1.74,below,301.0,306.34,309.08,311.82,306.34,1.774,98.4,0.02,1,2026-09-15,2026-09-16,True,False,5.0,2026-09-16T20:02:11+05:30
LTM,4379.77,V+W,-3.35,below,4233.0,4379.77,4412.93,4446.1,4379.77,1.503,98.6,0.032,1,2026-09-15,2026-09-16,True,False,5.0,2026-09-16T20:02:11+05:30
GMRAIRPORT,93.85,V+W,-1.48,below,92.46,93.85,94.72,95.6,93.85,1.851,98.9,0.02,1,2026-09-15,2026-09-16,True,False,5.0,2026-09-16T20:02:11+05:30
AIAENG,3937.20,V+W,-3.34,below,3805.8,3937.2,3975.1,4013.0,3937.2,1.907,99.2,0.05,1,2026-09-15,2026-09-16,True,False,5.0,2026-09-16T20:02:11+05:30
CGPOWER,866.88,V+W,-1.77,below,851.55,866.88,875.77,884.65,866.88,2.029,99.2,0.035,1,2026-09-15,2026-09-16,True,False,5.0,2026-09-16T20:02:11+05:30
GRANULES,881.09,V+W,-5.16,below,835.6,881.09,889.58,898.08,881.09,1.909,99.2,0.038,1,2026-09-15,2026-09-16,True,False,5.0,2026-09-16T20:02:11+05:30
JINDALSAW,292.69,V+W,-3.91,below,281.25,292.69,296.38,300.07,292.69,2.491,99.2,0.034,1,2026-09-15,2026-09-16,True,False,5.0,2026-09-16T20:02:11+05:30
WELCORP,2455.87,V+W,-1.28,below,2424.5,2455.87,2498.43,2541.0,2455.87,3.407,99.5,0.058,1,2026-09-15,2026-09-16,True,False,5.0,2026-09-16T20:02:11+05:30
AFCONS,268.97,V+W,-3.93,below,258.4,268.97,275.68,282.4,268.97,4.873,99.7,0.023,1,2026-09-15,2026-09-16,True,False,5.0,2026-09-16T20:02:11+05:30
SHRIRAMFIN,990.65,V+W,-1.18,below,979.0,990.65,1001.5,1012.35,990.65,2.167,99.7,0.033,1,2026-09-15,2026-09-16,True,False,5.0,2026-09-16T20:02:11+05:30
SOLARINDS,19794.17,V+W,-4.52,below,18900.0,19794.17,20338.33,20882.5,19794.17,5.351,99.7,0.057,1,2026-09-15,2026-09-16,True,False,5.0,2026-09-16T20:02:11+05:30
APTUS,244.90,V,-2.04,below,239.91,244.9,244.96,245.03,244.9,0.054,8.8,0.026,1,2026-09-15,2026-09-16,True,False,5.0,2026-09-16T20:02:11+05:30
NH,1895.57,V,-2.32,below,1851.6,1895.57,1896.23,1896.9,1895.57,0.07,10.1,0.034,1,2026-09-15,2026-09-16,True,False,5.0,2026-09-16T20:02:11+05:30
COLPAL,1819.43,V,2.23,above,1860.0,1819.43,1818.57,1819.43,1817.7,0.095,14.8,0.025,1,2026-09-15,2026-09-16,True,False,5.0,2026-09-16T20:02:11+05:30
DOMS,2121.40,V,-1.71,below,2085.2,2121.4,2122.4,2123.4,2121.4,0.094,14.8,0.028,1,2026-09-15,2026-09-16,True,False,5.0,2026-09-16T20:02:11+05:30
POWERINDIA,30647.50,V,-1.46,below,30200.0,30647.5,30695.0,30742.5,30647.5,0.309,25.8,0.06,1,2026-09-15,2026-09-16,True,False,5.0,2026-09-16T20:02:11+05:30
BAJAJHLDNG,11111.33,V,-1.63,below,10930.0,11111.33,11122.67,11134.0,11111.33,0.204,27.7,0.023,1,2026-09-15,2026-09-16,True,False,5.0,2026-09-16T20:02:11+05:30
AUROPHARMA,1661.68,V,-1.12,below,1643.0,1661.68,1663.37,1665.05,1661.68,0.202,30.7,0.039,1,2026-09-15,2026-09-16,True,False,5.0,2026-09-16T20:02:11+05:30
BAJAJHFL,83.81,V,-1.01,below,82.96,83.81,83.87,83.94,83.81,0.155,31.8,0.024,1,2026-09-15,2026-09-16,True,False,5.0,2026-09-16T20:02:11+05:30
TBOTEK,1658.57,V,-1.64,below,1631.4,1658.57,1661.03,1663.5,1658.57,0.297,31.8,0.038,1,2026-09-15,2026-09-16,True,False,5.0,2026-09-16T20:02:11+05:30
CHAMBLFERT,417.17,V,-1.94,below,409.1,417.17,417.7,418.23,417.17,0.251,33.4,0.035,1,2026-09-15,2026-09-16,True,False,5.0,2026-09-16T20:02:11+05:30
CAMS,718.34,V,-1.76,below,705.7,718.34,719.33,720.32,718.34,0.276,37.0,0.04,1,2026-09-15,2026-09-16,True,False,5.0,2026-09-16T20:02:11+05:30
TTML,36.23,V,-2.78,below,35.22,36.23,36.31,36.38,36.23,0.432,53.2,0.041,1,2026-09-15,2026-09-16,True,False,5.0,2026-09-16T20:02:11+05:30
CYIENT,1081.40,V,-2.49,below,1054.5,1081.4,1083.9,1086.4,1081.4,0.461,54.2,0.029,1,2026-09-15,2026-09-16,True,False,5.0,2026-09-16T20:02:11+05:30
ZFCVINDIA,2516.92,V,-2.2,below,2461.5,2516.92,2522.33,2527.75,2516.92,0.429,55.3,0.037,1,2026-09-15,2026-09-16,True,False,5.0,2026-09-16T20:02:11+05:30
HEG,226.02,V,-4.85,below,215.05,226.02,226.68,227.35,226.02,0.588,55.6,0.043,1,2026-09-15,2026-09-16,True,False,5.0,2026-09-16T20:02:11+05:30
FORTIS,882.02,V,-1.33,below,870.3,882.02,883.95,885.88,882.02,0.436,57.3,0.028,1,2026-09-15,2026-09-16,True,False,5.0,2026-09-16T20:02:11+05:30
ELECON,414.94,V,-1.83,below,407.35,414.94,416.38,417.83,414.94,0.692,57.8,0.036,1,2026-09-15,2026-09-16,True,False,5.0,2026-09-16T20:02:11+05:30
JSWCEMENT,117.17,V,-0.56,below,116.52,117.17,117.47,117.76,117.17,0.502,60.3,0.027,1,2026-09-15,2026-09-16,True,False,5.0,2026-09-16T20:02:11+05:30
DIVISLAB,9218.00,V,-0.65,below,9158.0,9218.0,9238.0,9258.0,9218.0,0.433,66.0,0.024,1,2026-09-15,2026-09-16,True,False,5.0,2026-09-16T20:02:11+05:30
JUBLPHARMA,1015.16,V,-1.25,below,1002.5,1015.16,1018.37,1021.58,1015.16,0.63,69.9,0.019,1,2026-09-15,2026-09-16,True,False,5.0,2026-09-16T20:02:11+05:30
POONAWALLA,436.18,V,-0.85,below,432.45,436.18,437.75,439.32,436.18,0.72,71.0,0.033,1,2026-09-15,2026-09-16,True,False,5.0,2026-09-16T20:02:11+05:30
GROWW,198.41,V,-4.36,below,189.76,198.41,199.23,200.05,198.41,0.823,71.4,0.031,1,2026-09-15,2026-09-16,True,False,5.0,2026-09-16T20:02:11+05:30
IRCTC,459.62,V,-1.45,below,452.95,459.62,460.7,461.77,459.62,0.467,71.8,0.043,1,2026-09-15,2026-09-16,True,False,5.0,2026-09-16T20:02:11+05:30
GRSE,2370.47,V,-2.36,below,2314.6,2370.47,2382.13,2393.8,2370.47,0.98,73.4,0.067,1,2026-09-15,2026-09-16,True,False,5.0,2026-09-16T20:02:11+05:30
TRITURBINE,548.82,V,-1.46,below,540.8,548.82,550.73,552.65,548.82,0.696,75.1,0.022,1,2026-09-15,2026-09-16,True,False,5.0,2026-09-16T20:02:11+05:30
TATAINVEST,720.67,V,-5.37,below,681.95,720.67,723.0,725.33,720.67,0.643,76.7,0.023,1,2026-09-15,2026-09-16,True,False,5.0,2026-09-16T20:02:11+05:30
WHIRLPOOL,754.83,V,-3.06,below,731.75,754.83,757.72,760.6,754.83,0.761,77.0,0.045,1,2026-09-15,2026-09-16,True,False,5.0,2026-09-16T20:02:11+05:30
INOXWIND,74.68,V,-0.24,below,74.5,74.68,75.0,75.33,74.68,0.871,77.3,0.041,1,2026-09-15,2026-09-16,True,False,5.0,2026-09-16T20:02:11+05:30
GPIL,238.23,V,-0.73,below,236.49,238.23,239.29,240.35,238.23,0.89,77.5,0.029,1,2026-09-15,2026-09-16,True,False,5.0,2026-09-16T20:02:11+05:30
USHAMART,482.15,V,-0.68,below,478.85,482.15,484.05,485.95,482.15,0.785,77.8,0.031,1,2026-09-15,2026-09-16,True,False,5.0,2026-09-16T20:02:11+05:30
ABLBL,83.31,V,-1.09,below,82.4,83.31,83.67,84.03,83.31,0.861,77.9,0.055,1,2026-09-15,2026-09-16,True,False,5.0,2026-09-16T20:02:11+05:30
JMFINANCIL,121.77,V,-1.08,below,120.46,121.77,122.34,122.9,121.77,0.921,78.1,0.052,1,2026-09-15,2026-09-16,True,False,5.0,2026-09-16T20:02:11+05:30
TATAELXSI,3451.70,V,-2.28,below,3373.0,3451.7,3463.4,3475.1,3451.7,0.676,78.1,0.034,1,2026-09-15,2026-09-16,True,False,5.0,2026-09-16T20:02:11+05:30
PREMIERENE,948.88,V,-5.26,below,899.0,948.88,952.77,956.65,948.88,0.815,78.4,0.031,1,2026-09-15,2026-09-16,True,False,5.0,2026-09-16T20:02:11+05:30
JPPOWER,15.72,V,-1.96,below,15.41,15.72,15.8,15.88,15.72,0.992,80.0,0.037,1,2026-09-15,2026-09-16,True,False,5.0,2026-09-16T20:02:11+05:30
BHARTIHEXA,1511.68,V,-2.14,below,1479.3,1511.68,1517.87,1524.05,1511.68,0.815,82.5,0.038,1,2026-09-15,2026-09-16,True,False,5.0,2026-09-16T20:02:11+05:30
KAYNES,3413.80,V,-0.84,below,3385.0,3413.8,3435.6,3457.4,3413.8,1.269,84.1,0.049,1,2026-09-15,2026-09-16,True,False,5.0,2026-09-16T20:02:11+05:30
AMBER,7037.92,V,-1.53,below,6930.0,7037.92,7075.83,7113.75,7037.92,1.072,85.2,0.035,1,2026-09-15,2026-09-16,True,False,5.0,2026-09-16T20:02:11+05:30
BATAINDIA,642.50,V,-1.84,below,630.65,642.5,644.85,647.2,642.5,0.729,85.8,0.022,1,2026-09-15,2026-09-16,True,False,5.0,2026-09-16T20:02:11+05:30
TARIL,279.84,V,-0.98,below,277.1,279.84,281.73,283.62,279.84,1.343,86.3,0.054,1,2026-09-15,2026-09-16,True,False,5.0,2026-09-16T20:02:11+05:30
BIOCON,383.51,V,-2.38,below,374.4,383.51,385.02,386.52,383.51,0.784,86.8,0.028,1,2026-09-15,2026-09-16,True,False,5.0,2026-09-16T20:02:11+05:30
ASAHIINDIA,963.76,V,-1.24,below,951.8,963.76,968.72,973.67,963.76,1.024,87.1,0.042,1,2026-09-15,2026-09-16,True,False,5.0,2026-09-16T20:02:11+05:30
SOBHA,1198.82,V,-1.42,below,1181.8,1198.82,1204.93,1211.05,1198.82,1.015,88.2,0.028,1,2026-09-15,2026-09-16,True,False,5.0,2026-09-16T20:02:11+05:30
JBMA,606.93,V,-3.09,below,588.2,606.93,609.97,613.0,606.93,0.995,88.8,0.032,1,2026-09-15,2026-09-16,True,False,5.0,2026-09-16T20:02:11+05:30
MOTILALOFS,996.38,V,-2.0,below,976.5,996.38,1001.97,1007.55,996.38,1.114,88.8,0.046,1,2026-09-15,2026-09-16,True,False,5.0,2026-09-16T20:02:11+05:30
EMMVEE,331.06,V,-2.83,below,321.7,331.06,333.57,336.08,331.06,1.504,89.0,0.037,1,2026-09-15,2026-09-16,True,False,5.0,2026-09-16T20:02:11+05:30
ATHERENERG,1580.25,V,-0.81,below,1567.5,1580.25,1592.0,1603.75,1580.25,1.476,89.2,0.063,1,2026-09-15,2026-09-16,True,False,5.0,2026-09-16T20:02:11+05:30
IDEA,14.55,V,-1.99,below,14.26,14.55,14.65,14.75,14.55,1.365,89.3,0.044,1,2026-09-15,2026-09-16,True,False,5.0,2026-09-16T20:02:11+05:30
SUNDARMFIN,4718.88,V,-0.99,below,4672.4,4718.88,4742.77,4766.65,4718.88,1.007,89.3,0.029,1,2026-09-15,2026-09-16,True,False,5.0,2026-09-16T20:02:11+05:30
PWL,131.78,V,-3.23,below,127.53,131.78,132.84,133.9,131.78,1.596,89.5,0.069,1,2026-09-15,2026-09-16,True,False,5.0,2026-09-16T20:02:11+05:30
PARADEEP,150.43,V,-2.39,below,146.84,150.43,151.52,152.61,150.43,1.437,89.6,0.04,1,2026-09-15,2026-09-16,True,False,5.0,2026-09-16T20:02:11+05:30
NCC,138.03,V,-2.18,below,135.01,138.03,138.72,139.42,138.03,1.002,89.9,0.027,1,2026-09-15,2026-09-16,True,False,5.0,2026-09-16T20:02:11+05:30
BSE,3331.28,V,-2.74,below,3240.0,3331.28,3352.57,3373.85,3331.28,1.27,90.1,0.024,1,2026-09-15,2026-09-16,True,False,5.0,2026-09-16T20:02:11+05:30
SJVN,64.91,V,-1.31,below,64.06,64.91,65.24,65.57,64.91,1.017,90.1,0.03,1,2026-09-15,2026-09-16,True,False,5.0,2026-09-16T20:02:11+05:30
ANGELONE,299.55,V,-2.02,below,293.5,299.55,301.6,303.65,299.55,1.359,90.4,0.029,1,2026-09-15,2026-09-16,True,False,5.0,2026-09-16T20:02:11+05:30
NAM-INDIA,1159.98,V,-3.1,below,1124.0,1159.98,1166.87,1173.75,1159.98,1.18,90.4,0.031,1,2026-09-15,2026-09-16,True,False,5.0,2026-09-16T20:02:11+05:30
GMDCLTD,557.63,V,-2.56,below,543.35,557.63,561.82,566.0,557.63,1.489,91.2,0.078,1,2026-09-15,2026-09-16,True,False,5.0,2026-09-16T20:02:11+05:30
FACT,759.12,V,-1.33,below,749.0,759.12,763.7,768.28,759.12,1.198,91.5,0.056,1,2026-09-15,2026-09-16,True,False,5.0,2026-09-16T20:02:11+05:30
TMCV,429.89,V,-1.31,below,424.25,429.89,432.63,435.38,429.89,1.267,92.0,0.024,1,2026-09-15,2026-09-16,True,False,5.0,2026-09-16T20:02:11+05:30
BDL,1142.93,V,-0.61,below,1136.0,1142.93,1150.87,1158.8,1142.93,1.379,92.1,0.053,1,2026-09-15,2026-09-16,True,False,5.0,2026-09-16T20:02:11+05:30
INTELLECT,667.92,V,-1.27,below,659.45,667.92,672.98,678.05,667.92,1.506,92.1,0.043,1,2026-09-15,2026-09-16,True,False,5.0,2026-09-16T20:02:11+05:30
IRCON,110.10,V,-1.45,below,108.51,110.1,110.79,111.47,110.1,1.237,92.1,0.043,1,2026-09-15,2026-09-16,True,False,5.0,2026-09-16T20:02:11+05:30
IRB,19.27,V,-1.15,below,19.05,19.27,19.36,19.45,19.27,0.947,92.3,0.038,1,2026-09-15,2026-09-16,True,False,5.0,2026-09-16T20:02:11+05:30
CHOICEIN,743.90,V,-2.45,below,725.65,743.9,747.4,750.9,743.9,0.937,92.9,0.024,1,2026-09-15,2026-09-16,True,False,5.0,2026-09-16T20:02:11+05:30
COCHINSHIP,1334.83,V,-1.19,below,1319.0,1334.83,1344.67,1354.5,1334.83,1.463,92.9,0.041,1,2026-09-15,2026-09-16,True,False,5.0,2026-09-16T20:02:11+05:30
ELGIEQUIP,616.07,V,-3.83,below,592.5,616.07,620.08,624.1,616.07,1.296,93.4,0.049,1,2026-09-15,2026-09-16,True,False,5.0,2026-09-16T20:02:11+05:30
RVNL,200.21,V,-1.36,below,197.5,200.21,201.43,202.64,200.21,1.206,93.7,0.032,1,2026-09-15,2026-09-16,True,False,5.0,2026-09-16T20:02:11+05:30
SARDAEN,504.98,V,-1.51,below,497.35,504.98,508.62,512.25,504.98,1.429,94.2,0.031,1,2026-09-15,2026-09-16,True,False,5.0,2026-09-16T20:02:11+05:30
FLUOROCHEM,4632.18,V,-2.13,below,4533.6,4632.18,4663.07,4693.95,4632.18,1.325,94.8,0.022,1,2026-09-15,2026-09-16,True,False,5.0,2026-09-16T20:02:11+05:30
SUZLON,43.19,V,-2.41,below,42.15,43.19,43.48,43.78,43.19,1.342,94.8,0.028,1,2026-09-15,2026-09-16,True,False,5.0,2026-09-16T20:02:11+05:30
KEC,410.11,V,-3.06,below,397.55,410.11,413.32,416.53,410.11,1.552,95.1,0.024,1,2026-09-15,2026-09-16,True,False,5.0,2026-09-16T20:02:11+05:30
CHENNPETRO,1488.58,V,-2.19,below,1456.0,1488.58,1505.37,1522.15,1488.58,2.23,95.3,0.026,1,2026-09-15,2026-09-16,True,False,5.0,2026-09-16T20:02:11+05:30
GABRIEL,1312.92,V,-1.31,below,1295.7,1312.92,1325.33,1337.75,1312.92,1.874,95.6,0.039,1,2026-09-15,2026-09-16,True,False,5.0,2026-09-16T20:02:11+05:30
WOCKPHARMA,2084.20,V,-3.01,below,2021.5,2084.2,2104.3,2124.4,2084.2,1.91,95.6,0.059,1,2026-09-15,2026-09-16,True,False,5.0,2026-09-16T20:02:11+05:30
ITI,257.42,V,-0.75,below,255.5,257.42,259.45,261.48,257.42,1.561,95.9,0.032,1,2026-09-15,2026-09-16,True,False,5.0,2026-09-16T20:02:11+05:30
NETWEB,4667.25,V,-2.26,below,4562.0,4667.25,4720.5,4773.75,4667.25,2.256,95.9,0.06,1,2026-09-15,2026-09-16,True,False,5.0,2026-09-16T20:02:11+05:30
PTCIL,22754.17,V,-1.12,below,22500.0,22754.17,22948.33,23142.5,22754.17,1.692,96.4,0.031,1,2026-09-15,2026-09-16,True,False,5.0,2026-09-16T20:02:11+05:30
TEJASNET,526.67,V,-2.25,below,514.8,526.67,532.1,537.52,526.67,2.039,96.4,0.041,1,2026-09-15,2026-09-16,True,False,5.0,2026-09-16T20:02:11+05:30
HFCL,224.12,V,-5.0,below,212.91,224.12,226.24,228.35,224.12,1.87,96.7,0.031,1,2026-09-15,2026-09-16,True,False,5.0,2026-09-16T20:02:11+05:30
TATACHEM,734.90,NARROW,-0.42,below,731.8,734.9,734.9,734.9,734.9,0.0,0.0,0.021,0,2026-09-15,2026-09-16,False,True,5.0,2026-09-16T20:02:11+05:30
UTIAMC,910.83,NARROW,-1.72,below,895.2,910.83,910.92,911.01,910.83,0.02,2.7,0.031,0,2026-09-15,2026-09-16,False,True,5.0,2026-09-16T20:02:11+05:30
AEGISVOPAK,301.90,NARROW,-1.64,below,296.95,301.9,301.93,301.97,301.9,0.022,4.3,0.037,0,2026-09-15,2026-09-16,False,True,5.0,2026-09-16T20:02:11+05:30
PVRINOX,1220.85,NARROW,2.76,above,1254.6,1220.85,1220.7,1220.85,1220.55,0.025,4.4,0.028,0,2026-09-15,2026-09-16,False,True,5.0,2026-09-16T20:02:11+05:30
ENRIN,3054.13,WIDE,-1.33,below,3013.4,3054.13,3079.57,3105.0,3054.13,1.652,96.8,0.025,0,2026-09-15,2026-09-16,False,False,5.0,2026-09-16T20:02:11+05:30
ITC,261.10,WIDE,1.17,above,264.15,261.1,260.07,261.1,259.03,0.795,97.0,0.02,0,2026-09-15,2026-09-16,False,False,5.0,2026-09-16T20:02:11+05:30
JSL,734.93,WIDE,-0.56,inside,730.85,734.93,734.93,740.62,729.24,1.549,97.0,0.043,0,2026-09-15,2026-09-16,False,False,5.0,2026-09-16T20:02:11+05:30
KOTAKBANK,413.37,WIDE,0.4,inside,415.0,413.37,413.37,415.15,411.58,0.863,97.0,0.022,0,2026-09-15,2026-09-16,False,False,5.0,2026-09-16T20:02:11+05:30
STARHEALTH,547.60,WIDE,-0.35,inside,545.7,547.6,547.6,551.0,544.2,1.242,97.0,0.023,0,2026-09-15,2026-09-16,False,False,5.0,2026-09-16T20:02:11+05:30
3MINDIA,31995.00,WIDE,-0.19,inside,31935.0,31995.0,31995.0,32197.5,31792.5,1.266,97.3,0.027,0,2026-09-15,2026-09-16,False,False,5.0,2026-09-16T20:02:11+05:30
APARINDS,16909.33,WIDE,0.98,inside,17075.0,16909.33,16909.33,17089.0,16729.67,2.125,97.3,0.054,0,2026-09-15,2026-09-16,False,False,5.0,2026-09-16T20:02:11+05:30
DLF,625.23,WIDE,-0.39,below,622.8,625.23,629.62,634.0,625.23,1.392,97.3,0.028,0,2026-09-15,2026-09-16,False,False,5.0,2026-09-16T20:02:11+05:30
GRAPHITE,803.02,WIDE,0.25,above,805.05,803.02,795.85,803.02,788.67,1.803,97.3,0.024,0,2026-09-15,2026-09-16,False,False,5.0,2026-09-16T20:02:11+05:30
GRASIM,3187.83,WIDE,-0.03,below,3187.0,3187.83,3204.67,3221.5,3187.83,1.051,97.3,0.017,0,2026-09-15,2026-09-16,False,False,5.0,2026-09-16T20:02:11+05:30
NUVOCO,316.33,WIDE,-0.04,below,316.2,316.33,318.92,321.5,316.33,1.62,97.3,0.037,0,2026-09-15,2026-09-16,False,False,5.0,2026-09-16T20:02:11+05:30
PCBL,320.12,WIDE,-0.94,inside,317.1,320.12,320.12,323.15,317.08,1.895,97.3,0.048,0,2026-09-15,2026-09-16,False,False,5.0,2026-09-16T20:02:11+05:30
TIMKEN,3216.20,WIDE,0.7,above,3238.6,3216.2,3194.53,3216.2,3172.87,1.356,97.3,0.05,0,2026-09-15,2026-09-16,False,False,5.0,2026-09-16T20:02:11+05:30
ULTRACEMCO,10755.00,WIDE,-0.51,below,10700.0,10755.0,10813.0,10871.0,10755.0,1.073,97.3,0.026,0,2026-09-15,2026-09-16,False,False,5.0,2026-09-16T20:02:11+05:30
AARTIIND,476.43,WIDE,-0.75,inside,472.85,476.43,476.43,480.3,472.57,1.623,97.5,0.03,0,2026-09-15,2026-09-16,False,False,5.0,2026-09-16T20:02:11+05:30
LICI,395.62,WIDE,-0.03,inside,395.5,395.62,395.62,397.68,393.56,1.041,97.5,0.031,0,2026-09-15,2026-09-16,False,False,5.0,2026-09-16T20:02:11+05:30
BIKAJI,545.29,WIDE,-0.8,below,540.95,545.29,548.98,552.67,545.29,1.345,97.8,0.018,0,2026-09-15,2026-09-16,False,False,5.0,2026-09-16T20:02:11+05:30
BRIGADE,623.73,WIDE,0.5,inside,626.85,623.73,623.73,629.48,617.99,1.841,97.8,0.024,0,2026-09-15,2026-09-16,False,False,5.0,2026-09-16T20:02:11+05:30
LICHSGFIN,545.29,WIDE,-0.42,below,543.0,545.29,548.58,551.88,545.29,1.2,97.8,0.019,0,2026-09-15,2026-09-16,False,False,5.0,2026-09-16T20:02:11+05:30
LTF,299.18,WIDE,-1.23,below,295.5,299.18,301.57,303.95,299.18,1.581,97.8,0.028,0,2026-09-15,2026-09-16,False,False,5.0,2026-09-16T20:02:11+05:30
SBIN,983.90,WIDE,0.76,above,991.4,983.9,978.6,983.9,973.3,1.083,97.8,0.011,0,2026-09-15,2026-09-16,False,False,5.0,2026-09-16T20:02:11+05:30
ABCAPITAL,381.80,WIDE,-0.13,below,381.3,381.8,384.8,387.8,381.8,1.559,98.1,0.038,0,2026-09-15,2026-09-16,False,False,5.0,2026-09-16T20:02:11+05:30
MFSL,1453.95,WIDE,2.31,above,1487.6,1453.95,1444.6,1453.95,1435.25,1.294,98.1,0.019,0,2026-09-15,2026-09-16,False,False,5.0,2026-09-16T20:02:11+05:30
MOTHERSON,159.36,WIDE,-0.68,below,158.27,159.36,160.57,161.78,159.36,1.507,98.1,0.035,0,2026-09-15,2026-09-16,False,False,5.0,2026-09-16T20:02:11+05:30
UNOMINDA,1177.77,WIDE,0.7,inside,1186.0,1177.77,1177.77,1186.8,1168.73,1.534,98.1,0.045,0,2026-09-15,2026-09-16,False,False,5.0,2026-09-16T20:02:11+05:30
CAPLIPOINT,2599.57,WIDE,-0.64,below,2583.0,2599.57,2628.53,2657.5,2599.57,2.204,98.4,0.032,0,2026-09-15,2026-09-16,False,False,5.0,2026-09-16T20:02:11+05:30
FSL,275.17,WIDE,0.94,inside,277.75,275.17,275.17,279.26,271.07,2.974,98.4,0.034,0,2026-09-15,2026-09-16,False,False,5.0,2026-09-16T20:02:11+05:30
ICICIBANK,1363.60,WIDE,-0.35,inside,1358.8,1363.6,1363.6,1370.2,1357.0,0.968,98.4,0.024,0,2026-09-15,2026-09-16,False,False,5.0,2026-09-16T20:02:11+05:30
KIRLOSENG,2068.15,WIDE,-1.34,below,2040.5,2068.15,2094.7,2121.25,2068.15,2.535,98.4,0.035,0,2026-09-15,2026-09-16,False,False,5.0,2026-09-16T20:02:11+05:30
PIDILITIND,1539.30,WIDE,0.29,inside,1543.8,1539.3,1539.3,1548.4,1530.2,1.182,98.4,0.028,0,2026-09-15,2026-09-16,False,False,5.0,2026-09-16T20:02:11+05:30
SUMICHEM,456.27,WIDE,-0.49,below,454.05,456.27,460.58,464.9,456.27,1.874,98.4,0.041,0,2026-09-15,2026-09-16,False,False,5.0,2026-09-16T20:02:11+05:30
ADANIENT,2953.23,WIDE,-1.13,below,2920.0,2953.23,2977.87,3002.5,2953.23,1.654,98.6,0.026,0,2026-09-15,2026-09-16,False,False,5.0,2026-09-16T20:02:11+05:30
OBEROIRLTY,1695.50,WIDE,0.67,inside,1706.9,1695.5,1695.5,1709.0,1682.0,1.592,98.6,0.044,0,2026-09-15,2026-09-16,False,False,5.0,2026-09-16T20:02:11+05:30
TATAPOWER,365.43,WIDE,-1.38,below,360.4,365.43,367.87,370.3,365.43,1.323,98.6,0.023,0,2026-09-15,2026-09-16,False,False,5.0,2026-09-16T20:02:11+05:30
ZENSARTECH,450.03,WIDE,0.03,inside,450.15,450.03,450.03,454.95,445.12,2.185,98.6,0.035,0,2026-09-15,2026-09-16,False,False,5.0,2026-09-16T20:02:11+05:30
ADANIPORTS,1726.73,WIDE,-0.17,below,1723.8,1726.73,1739.67,1752.6,1726.73,1.487,98.9,0.021,0,2026-09-15,2026-09-16,False,False,5.0,2026-09-16T20:02:11+05:30
ASHOKLEY,158.10,WIDE,-1.01,below,156.5,158.1,159.55,161.0,158.1,1.82,98.9,0.024,0,2026-09-15,2026-09-16,False,False,5.0,2026-09-16T20:02:11+05:30
CUMMINSIND,4956.50,WIDE,-0.33,inside,4940.0,4956.5,4956.5,4997.75,4915.25,1.664,98.9,0.019,0,2026-09-15,2026-09-16,False,False,5.0,2026-09-16T20:02:11+05:30
LODHA,1085.87,WIDE,0.14,inside,1087.4,1085.87,1085.87,1096.4,1075.33,1.94,98.9,0.035,0,2026-09-15,2026-09-16,False,False,5.0,2026-09-16T20:02:11+05:30
SBICARD,624.54,WIDE,-1.03,below,618.1,624.54,630.48,636.42,624.54,1.885,98.9,0.03,0,2026-09-15,2026-09-16,False,False,5.0,2026-09-16T20:02:11+05:30
SHREECEM,22030.83,WIDE,-1.07,below,21795.0,22030.83,22156.67,22282.5,22030.83,1.136,98.9,0.02,0,2026-09-15,2026-09-16,False,False,5.0,2026-09-16T20:02:11+05:30
ABSLAMC,1058.63,WIDE,-0.02,inside,1058.4,1058.63,1058.63,1069.0,1048.27,1.958,99.2,0.033,0,2026-09-15,2026-09-16,False,False,5.0,2026-09-16T20:02:11+05:30
BAJAJFINSV,1868.02,WIDE,-1.66,below,1837.0,1868.02,1880.53,1893.05,1868.02,1.331,99.2,0.022,0,2026-09-15,2026-09-16,False,False,5.0,2026-09-16T20:02:11+05:30
ACC,1233.45,WIDE,-0.56,below,1226.6,1233.45,1241.7,1249.95,1233.45,1.329,99.5,0.035,0,2026-09-15,2026-09-16,False,False,5.0,2026-09-16T20:02:11+05:30
BEL,386.36,WIDE,-0.16,below,385.75,386.36,389.82,393.27,386.36,1.774,99.5,0.024,0,2026-09-15,2026-09-16,False,False,5.0,2026-09-16T20:02:11+05:30
GODREJPROP,1675.72,WIDE,-0.62,below,1665.3,1675.72,1692.13,1708.55,1675.72,1.94,99.5,0.045,0,2026-09-15,2026-09-16,False,False,5.0,2026-09-16T20:02:11+05:30
JSWINFRA,329.53,WIDE,-1.21,below,325.55,329.53,333.2,336.88,329.53,2.206,99.7,0.029,0,2026-09-15,2026-09-16,False,False,5.0,2026-09-16T20:02:11+05:30
MAHABANK,80.40,WIDE,-0.24,below,80.21,80.4,81.24,82.08,80.4,2.072,99.7,0.042,0,2026-09-15,2026-09-16,False,False,5.0,2026-09-16T20:02:11+05:30
PRESTIGE,1433.32,WIDE,-0.65,below,1424.0,1433.32,1449.63,1465.95,1433.32,2.251,99.7,0.047,0,2026-09-15,2026-09-16,False,False,5.0,2026-09-16T20:02:11+05:30
DCMSHRIRAM,994.23,TOUCHED,-0.8,below,986.3,994.23,994.37,994.5,994.23,0.027,5.5,0.024,0,2026-09-15,2026-09-16,False,False,5.0,2026-09-16T20:02:11+05:30
EMCURE,1993.38,TOUCHED,-3.08,below,1931.9,1993.38,1993.77,1994.15,1993.38,0.038,6.3,0.027,0,2026-09-15,2026-09-16,False,False,5.0,2026-09-16T20:02:11+05:30
NLCINDIA,261.15,TOUCHED,-2.22,below,255.35,261.15,261.25,261.35,261.15,0.077,7.4,0.048,0,2026-09-15,2026-09-16,False,False,5.0,2026-09-16T20:02:11+05:30
GLAND,2896.48,TOUCHED,-2.41,below,2826.6,2896.48,2897.47,2898.45,2896.48,0.068,8.8,0.042,0,2026-09-15,2026-09-16,False,False,5.0,2026-09-16T20:02:11+05:30
CASTROLIND,187.79,TOUCHED,0.56,above,188.84,187.79,187.76,187.79,187.72,0.034,9.3,0.014,0,2026-09-15,2026-09-16,False,False,5.0,2026-09-16T20:02:11+05:30
ICICIAMC,3068.30,TOUCHED,0.59,above,3086.3,3068.3,3067.2,3068.3,3066.1,0.072,9.7,0.027,0,2026-09-15,2026-09-16,False,False,5.0,2026-09-16T20:02:11+05:30
CIEINDIA,375.38,TOUCHED,0.11,above,375.8,375.38,375.25,375.38,375.12,0.067,10.1,0.029,0,2026-09-15,2026-09-16,False,False,5.0,2026-09-16T20:02:11+05:30
BLUEDART,4842.40,TOUCHED,0.17,above,4850.5,4842.4,4841.3,4842.4,4840.2,0.045,10.4,0.02,0,2026-09-15,2026-09-16,False,False,5.0,2026-09-16T20:02:11+05:30
EIHOTEL,284.10,TOUCHED,2.82,above,292.1,284.1,284.0,284.1,283.9,0.07,11.8,0.031,0,2026-09-15,2026-09-16,False,False,5.0,2026-09-16T20:02:11+05:30
CEATLTD,3287.00,TOUCHED,0.57,above,3305.6,3287.0,3285.5,3287.0,3284.0,0.091,12.1,0.035,0,2026-09-15,2026-09-16,False,False,5.0,2026-09-16T20:02:11+05:30
RADICO,4364.90,TOUCHED,2.32,above,4466.0,4364.9,4363.27,4364.9,4361.63,0.075,12.6,0.023,0,2026-09-15,2026-09-16,False,False,5.0,2026-09-16T20:02:11+05:30
ANURAS,1171.55,TOUCHED,0.58,above,1178.3,1171.55,1171.17,1171.55,1170.78,0.065,13.4,0.026,0,2026-09-15,2026-09-16,False,False,5.0,2026-09-16T20:02:11+05:30
LALPATHLAB,1903.25,TOUCHED,-0.4,below,1895.7,1903.25,1904.3,1905.35,1903.25,0.11,13.7,0.044,0,2026-09-15,2026-09-16,False,False,5.0,2026-09-16T20:02:11+05:30
AWL,183.26,TOUCHED,-0.72,below,181.94,183.26,183.38,183.5,183.26,0.129,14.5,0.046,0,2026-09-15,2026-09-16,False,False,5.0,2026-09-16T20:02:11+05:30
ABDL,633.20,TOUCHED,2.27,above,647.55,633.2,632.67,633.2,632.13,0.169,15.1,0.069,0,2026-09-15,2026-09-16,False,False,5.0,2026-09-16T20:02:11+05:30
BHARTIARTL,1831.80,TOUCHED,0.17,above,1835.0,1831.8,1831.33,1831.8,1830.87,0.051,15.1,0.014,0,2026-09-15,2026-09-16,False,False,5.0,2026-09-16T20:02:11+05:30
LLOYDSME,1777.68,TOUCHED,1.95,above,1812.3,1777.68,1776.57,1777.68,1775.45,0.126,15.3,0.033,0,2026-09-15,2026-09-16,False,False,5.0,2026-09-16T20:02:11+05:30
MANKIND,2276.35,TOUCHED,-1.33,below,2246.0,2276.35,2277.73,2279.12,2276.35,0.121,16.2,0.038,0,2026-09-15,2026-09-16,False,False,5.0,2026-09-16T20:02:11+05:30
NTPC,329.62,TOUCHED,-0.79,below,327.0,329.62,329.73,329.85,329.62,0.071,16.4,0.015,0,2026-09-15,2026-09-16,False,False,5.0,2026-09-16T20:02:11+05:30
AJANTPHARM,3512.43,TOUCHED,-0.1,below,3508.9,3512.43,3514.47,3516.5,3512.43,0.116,18.1,0.04,0,2026-09-15,2026-09-16,False,False,5.0,2026-09-16T20:02:11+05:30
AIIL,530.43,TOUCHED,-0.28,below,528.95,530.43,531.02,531.6,530.43,0.22,18.4,0.055,0,2026-09-15,2026-09-16,False,False,5.0,2026-09-16T20:02:11+05:30
COROMANDEL,1937.55,TOUCHED,0.01,above,1937.8,1937.55,1936.0,1937.55,1934.45,0.16,18.6,0.034,0,2026-09-15,2026-09-16,False,False,5.0,2026-09-16T20:02:11+05:30
PETRONET,284.12,TOUCHED,-0.71,below,282.1,284.12,284.28,284.45,284.12,0.117,19.5,0.026,0,2026-09-15,2026-09-16,False,False,5.0,2026-09-16T20:02:11+05:30
HDFCAMC,2404.45,TOUCHED,-1.3,below,2373.1,2404.45,2405.97,2407.48,2404.45,0.126,19.7,0.022,0,2026-09-15,2026-09-16,False,False,5.0,2026-09-16T20:02:11+05:30
KPRMILL,1119.15,TOUCHED,0.2,above,1121.4,1119.15,1118.1,1119.15,1117.05,0.188,20.5,0.054,0,2026-09-15,2026-09-16,False,False,5.0,2026-09-16T20:02:11+05:30
PATANJALI,339.07,TOUCHED,7.65,above,365.0,339.07,338.9,339.07,338.72,0.103,21.6,0.015,0,2026-09-15,2026-09-16,False,False,5.0,2026-09-16T20:02:11+05:30
SONATSOFTW,281.60,TOUCHED,-1.67,below,276.9,281.6,281.9,282.2,281.6,0.213,21.9,0.033,0,2026-09-15,2026-09-16,False,False,5.0,2026-09-16T20:02:11+05:30
JUBLFOOD,467.28,TOUCHED,0.8,above,471.0,467.28,466.85,467.28,466.43,0.182,22.2,0.024,0,2026-09-15,2026-09-16,False,False,5.0,2026-09-16T20:02:11+05:30
GILLETTE,7264.00,TOUCHED,0.16,above,7275.5,7264.0,7258.83,7264.0,7253.67,0.142,24.1,0.026,0,2026-09-15,2026-09-16,False,False,5.0,2026-09-16T20:02:11+05:30
KEI,4507.83,TOUCHED,-0.04,inside,4506.0,4507.83,4507.83,4511.75,4503.92,0.174,25.2,0.029,0,2026-09-15,2026-09-16,False,False,5.0,2026-09-16T20:02:11+05:30
GESHIP,1391.93,TOUCHED,-0.02,below,1391.6,1391.93,1393.47,1395.0,1391.93,0.22,25.5,0.034,0,2026-09-15,2026-09-16,False,False,5.0,2026-09-16T20:02:11+05:30
JSWDULUX,3136.22,TOUCHED,-1.73,below,3082.0,3136.22,3138.63,3141.05,3136.22,0.154,25.5,0.022,0,2026-09-15,2026-09-16,False,False,5.0,2026-09-16T20:02:11+05:30
NATCOPHARM,820.06,TOUCHED,-0.82,below,813.3,820.06,820.97,821.88,820.06,0.221,26.6,0.019,0,2026-09-15,2026-09-16,False,False,5.0,2026-09-16T20:02:11+05:30
PFOCUS,318.30,TOUCHED,0.68,above,320.45,318.3,317.6,318.3,316.9,0.441,28.2,0.056,0,2026-09-15,2026-09-16,False,False,5.0,2026-09-16T20:02:11+05:30
SCHAEFFLER,3920.37,TOUCHED,-0.55,below,3898.9,3920.37,3924.33,3928.3,3920.37,0.202,31.0,0.032,0,2026-09-15,2026-09-16,False,False,5.0,2026-09-16T20:02:11+05:30
CREDITACC,1415.85,TOUCHED,0.05,above,1416.5,1415.85,1413.77,1415.85,1411.68,0.295,31.5,0.049,0,2026-09-15,2026-09-16,False,False,5.0,2026-09-16T20:02:11+05:30
DABUR,383.85,TOUCHED,-0.48,below,382.0,383.85,384.2,384.55,383.85,0.182,31.5,0.031,0,2026-09-15,2026-09-16,False,False,5.0,2026-09-16T20:02:11+05:30
RAMCOCEM,862.72,TOUCHED,0.05,above,863.15,862.72,861.67,862.72,860.61,0.246,31.8,0.046,0,2026-09-15,2026-09-16,False,False,5.0,2026-09-16T20:02:11+05:30
KIMS,765.76,TOUCHED,0.12,above,766.65,765.76,764.67,765.76,763.58,0.286,34.8,0.04,0,2026-09-15,2026-09-16,False,False,5.0,2026-09-16T20:02:11+05:30
FEDERALBNK,341.98,TOUCHED,-0.05,below,341.8,341.98,342.32,342.66,341.98,0.2,35.6,0.027,0,2026-09-15,2026-09-16,False,False,5.0,2026-09-16T20:02:11+05:30
GLAXO,2815.37,TOUCHED,1.45,above,2856.2,2815.37,2811.83,2815.37,2808.3,0.251,35.6,0.014,0,2026-09-15,2026-09-16,False,False,5.0,2026-09-16T20:02:11+05:30
KAJARIACER,1217.10,TOUCHED,-0.1,inside,1215.9,1217.1,1217.1,1218.85,1215.35,0.288,35.9,0.029,0,2026-09-15,2026-09-16,False,False,5.0,2026-09-16T20:02:11+05:30
NHPC,76.13,TOUCHED,-0.95,below,75.41,76.13,76.22,76.31,76.13,0.241,37.8,0.031,0,2026-09-15,2026-09-16,False,False,5.0,2026-09-16T20:02:11+05:30
NIVABUPA,81.59,TOUCHED,-2.5,below,79.55,81.59,81.68,81.76,81.59,0.216,37.8,0.018,0,2026-09-15,2026-09-16,False,False,5.0,2026-09-16T20:02:11+05:30
CANHLIFE,151.52,TOUCHED,1.58,above,153.92,151.52,151.26,151.52,151.0,0.344,39.0,0.018,0,2026-09-15,2026-09-16,False,False,5.0,2026-09-16T20:02:11+05:30
CUB,227.12,TOUCHED,0.05,above,227.24,227.12,226.68,227.12,226.23,0.396,40.0,0.038,0,2026-09-15,2026-09-16,False,False,5.0,2026-09-16T20:02:11+05:30
SYNGENE,379.97,TOUCHED,0.04,inside,380.1,379.97,379.97,380.52,379.41,0.294,40.0,0.029,0,2026-09-15,2026-09-16,False,False,5.0,2026-09-16T20:02:11+05:30
AAVAS,1276.35,TOUCHED,0.48,above,1282.5,1276.35,1274.33,1276.35,1272.32,0.317,40.3,0.028,0,2026-09-15,2026-09-16,False,False,5.0,2026-09-16T20:02:11+05:30
IKS,1773.50,TOUCHED,-1.21,below,1752.0,1773.5,1776.67,1779.83,1773.5,0.356,40.3,0.023,0,2026-09-15,2026-09-16,False,False,5.0,2026-09-16T20:02:11+05:30
CIPLA,1355.20,TOUCHED,0.21,above,1358.0,1355.2,1353.8,1355.2,1352.4,0.207,42.2,0.023,0,2026-09-15,2026-09-16,False,False,5.0,2026-09-16T20:02:11+05:30
HBLENGINE,715.60,TOUCHED,-1.53,below,704.65,715.6,717.12,718.63,715.6,0.423,43.3,0.032,0,2026-09-15,2026-09-16,False,False,5.0,2026-09-16T20:02:11+05:30
IGL,150.26,TOUCHED,-0.99,below,148.77,150.26,150.48,150.71,150.26,0.301,43.3,0.046,0,2026-09-15,2026-09-16,False,False,5.0,2026-09-16T20:02:11+05:30
J&KBANK,145.62,TOUCHED,1.4,above,147.66,145.62,145.33,145.62,145.04,0.401,43.3,0.05,0,2026-09-15,2026-09-16,False,False,5.0,2026-09-16T20:02:11+05:30
SONACOMS,785.68,TOUCHED,-2.25,below,768.0,785.68,787.12,788.56,785.68,0.366,43.6,0.03,0,2026-09-15,2026-09-16,False,False,5.0,2026-09-16T20:02:11+05:30
PFIZER,4047.28,TOUCHED,-0.81,below,4014.4,4047.28,4052.97,4058.65,4047.28,0.28,45.2,0.025,0,2026-09-15,2026-09-16,False,False,5.0,2026-09-16T20:02:11+05:30
PIIND,2258.13,TOUCHED,-0.09,below,2256.0,2258.13,2261.27,2264.4,2258.13,0.277,45.2,0.017,0,2026-09-15,2026-09-16,False,False,5.0,2026-09-16T20:02:11+05:30
SAGILITY,45.70,TOUCHED,-1.5,below,45.02,45.7,45.81,45.91,45.7,0.458,45.2,0.045,0,2026-09-15,2026-09-16,False,False,5.0,2026-09-16T20:02:11+05:30
GODFRYPHLP,1928.50,TOUCHED,0.29,above,1934.0,1928.5,1924.0,1928.5,1919.5,0.468,46.3,0.041,0,2026-09-15,2026-09-16,False,False,5.0,2026-09-16T20:02:11+05:30
HOMEFIRST,1177.82,TOUCHED,-0.16,below,1175.9,1177.82,1180.33,1182.85,1177.82,0.426,48.2,0.042,0,2026-09-15,2026-09-16,False,False,5.0,2026-09-16T20:02:11+05:30
TATASTEEL,183.91,TOUCHED,-0.5,below,183.0,183.91,184.17,184.44,183.91,0.284,48.8,0.021,0,2026-09-15,2026-09-16,False,False,5.0,2026-09-16T20:02:11+05:30
TORNTPOWER,1303.67,TOUCHED,-0.64,below,1295.3,1303.67,1306.43,1309.2,1303.67,0.424,49.3,0.035,0,2026-09-15,2026-09-16,False,False,5.0,2026-09-16T20:02:11+05:30
CRISIL,4606.10,TOUCHED,-0.59,below,4578.8,4606.1,4615.3,4624.5,4606.1,0.399,49.9,0.049,0,2026-09-15,2026-09-16,False,False,5.0,2026-09-16T20:02:11+05:30
POLYMED,1708.73,TOUCHED,-0.24,below,1704.6,1708.73,1712.87,1717.0,1708.73,0.483,50.4,0.046,0,2026-09-15,2026-09-16,False,False,5.0,2026-09-16T20:02:11+05:30
RRKABEL,2393.10,TOUCHED,0.18,inside,2397.4,2393.1,2393.1,2399.0,2387.2,0.493,51.0,0.054,0,2026-09-15,2026-09-16,False,False,5.0,2026-09-16T20:02:11+05:30
LENSKART,687.06,TOUCHED,-1.63,below,675.85,687.06,688.72,690.38,687.06,0.482,53.0,0.029,0,2026-09-15,2026-09-16,False,False,5.0,2026-09-16T20:02:11+05:30
EXIDEIND,411.53,TOUCHED,0.97,above,415.5,411.53,410.75,411.53,409.98,0.377,53.4,0.027,0,2026-09-15,2026-09-16,False,False,5.0,2026-09-16T20:02:11+05:30
SUNPHARMA,1842.40,TOUCHED,0.6,above,1853.5,1842.4,1839.93,1842.4,1837.47,0.268,53.4,0.02,0,2026-09-15,2026-09-16,False,False,5.0,2026-09-16T20:02:11+05:30
CHOLAHLDNG,1514.45,TOUCHED,-0.14,below,1512.4,1514.45,1518.1,1521.75,1514.45,0.481,55.9,0.026,0,2026-09-15,2026-09-16,False,False,5.0,2026-09-16T20:02:11+05:30
ADANIENSOL,1351.13,TOUCHED,-0.14,below,1349.2,1351.13,1354.77,1358.4,1351.13,0.536,56.4,0.03,0,2026-09-15,2026-09-16,False,False,5.0,2026-09-16T20:02:11+05:30
GAIL,171.18,TOUCHED,-0.31,below,170.65,171.18,171.48,171.78,171.18,0.348,57.3,0.015,0,2026-09-15,2026-09-16,False,False,5.0,2026-09-16T20:02:11+05:30
KFINTECH,889.55,TOUCHED,-0.06,inside,889.0,889.55,889.55,891.92,887.17,0.534,57.3,0.018,0,2026-09-15,2026-09-16,False,False,5.0,2026-09-16T20:02:11+05:30
OIL,487.67,TOUCHED,-0.01,inside,487.6,487.67,487.67,488.7,486.63,0.424,57.3,0.018,0,2026-09-15,2026-09-16,False,False,5.0,2026-09-16T20:02:11+05:30
ANTHEM,945.27,TOUCHED,-3.89,below,908.45,945.27,947.68,950.1,945.27,0.51,57.4,0.042,0,2026-09-15,2026-09-16,False,False,5.0,2026-09-16T20:02:11+05:30
ACE,1129.15,TOUCHED,1.82,above,1149.7,1129.15,1126.2,1129.15,1123.25,0.524,57.5,0.051,0,2026-09-15,2026-09-16,False,False,5.0,2026-09-16T20:02:11+05:30
BAYERCROP,3948.90,TOUCHED,-0.26,below,3938.6,3948.9,3956.7,3964.5,3948.9,0.394,57.5,0.031,0,2026-09-15,2026-09-16,False,False,5.0,2026-09-16T20:02:11+05:30
IIFL,584.45,TOUCHED,0.21,inside,585.7,584.45,584.45,586.15,582.75,0.582,57.5,0.026,0,2026-09-15,2026-09-16,False,False,5.0,2026-09-16T20:02:11+05:30
SRF,2470.35,TOUCHED,0.39,above,2480.1,2470.35,2465.3,2470.35,2460.25,0.41,57.8,0.028,0,2026-09-15,2026-09-16,False,False,5.0,2026-09-16T20:02:11+05:30
GALLANTT,536.39,TOUCHED,-2.13,below,524.95,536.39,538.13,539.88,536.39,0.647,58.1,0.07,0,2026-09-15,2026-09-16,False,False,5.0,2026-09-16T20:02:11+05:30
NTPCGREEN,86.38,TOUCHED,1.39,above,87.59,86.38,86.21,86.38,86.03,0.406,58.1,0.014,0,2026-09-15,2026-09-16,False,False,5.0,2026-09-16T20:02:11+05:30
HEXT,515.83,TOUCHED,1.34,above,522.75,515.83,514.15,515.83,512.48,0.652,58.9,0.046,0,2026-09-15,2026-09-16,False,False,5.0,2026-09-16T20:02:11+05:30
ONGC,235.57,TOUCHED,0.52,above,236.8,235.57,235.19,235.57,234.82,0.322,58.9,0.027,0,2026-09-15,2026-09-16,False,False,5.0,2026-09-16T20:02:11+05:30
GLENMARK,2388.20,TOUCHED,0.91,above,2410.0,2388.2,2382.7,2388.2,2377.2,0.462,59.2,0.035,0,2026-09-15,2026-09-16,False,False,5.0,2026-09-16T20:02:11+05:30
SCHNEIDER,1202.33,TOUCHED,-0.31,inside,1198.6,1202.33,1202.33,1206.95,1197.72,0.768,59.7,0.028,0,2026-09-15,2026-09-16,False,False,5.0,2026-09-16T20:02:11+05:30
CANBK,122.97,TOUCHED,0.19,inside,123.2,122.97,122.97,123.27,122.67,0.485,60.3,0.023,0,2026-09-15,2026-09-16,False,False,5.0,2026-09-16T20:02:11+05:30
BANKINDIA,137.98,TOUCHED,-0.12,below,137.81,137.98,138.34,138.71,137.98,0.528,61.4,0.026,0,2026-09-15,2026-09-16,False,False,5.0,2026-09-16T20:02:11+05:30
LGEINDIA,1633.17,TOUCHED,-0.3,below,1628.2,1633.17,1636.73,1640.3,1633.17,0.436,61.5,0.012,0,2026-09-15,2026-09-16,False,False,5.0,2026-09-16T20:02:11+05:30
PINELABS,194.60,TOUCHED,-4.57,below,185.71,194.6,195.4,196.2,194.6,0.819,61.6,0.052,0,2026-09-15,2026-09-16,False,False,5.0,2026-09-16T20:02:11+05:30
LUPIN,2066.97,TOUCHED,-1.06,below,2045.0,2066.97,2070.73,2074.5,2066.97,0.364,62.5,0.024,0,2026-09-15,2026-09-16,False,False,5.0,2026-09-16T20:02:11+05:30
FIVESTAR,547.17,TOUCHED,0.41,above,549.4,547.17,545.43,547.17,543.69,0.639,63.3,0.041,0,2026-09-15,2026-09-16,False,False,5.0,2026-09-16T20:02:11+05:30
HDBFS,668.70,TOUCHED,1.39,above,678.0,668.7,667.37,668.7,666.03,0.4,63.6,0.024,0,2026-09-15,2026-09-16,False,False,5.0,2026-09-16T20:02:11+05:30
VEDL,257.66,TOUCHED,-0.64,below,256.0,257.66,258.32,258.97,257.66,0.51,63.8,0.026,0,2026-09-15,2026-09-16,False,False,5.0,2026-09-16T20:02:11+05:30
MGL,1077.67,TOUCHED,0.23,inside,1080.1,1077.67,1077.67,1080.65,1074.68,0.554,64.1,0.039,0,2026-09-15,2026-09-16,False,False,5.0,2026-09-16T20:02:11+05:30
ANANDRATHI,2198.50,TOUCHED,0.35,above,2206.2,2198.5,2193.63,2198.5,2188.77,0.444,64.4,0.022,0,2026-09-15,2026-09-16,False,False,5.0,2026-09-16T20:02:11+05:30
APLAPOLLO,2124.15,TOUCHED,-0.2,below,2120.0,2124.15,2129.0,2133.85,2124.15,0.456,64.4,0.016,0,2026-09-15,2026-09-16,False,False,5.0,2026-09-16T20:02:11+05:30
OFSS,11833.83,TOUCHED,-2.74,below,11510.0,11833.83,11864.67,11895.5,11833.83,0.52,64.4,0.029,0,2026-09-15,2026-09-16,False,False,5.0,2026-09-16T20:02:11+05:30
BALRAMCHIN,680.88,TOUCHED,0.25,inside,682.6,680.88,680.88,682.77,678.99,0.556,65.2,0.025,0,2026-09-15,2026-09-16,False,False,5.0,2026-09-16T20:02:11+05:30
POLYCAB,8163.92,TOUCHED,-0.52,below,8121.5,8163.92,8184.33,8204.75,8163.92,0.499,66.0,0.033,0,2026-09-15,2026-09-16,False,False,5.0,2026-09-16T20:02:11+05:30
FORCEMOT,17410.00,TOUCHED,-0.16,inside,17383.0,17410.0,17410.0,17492.5,17327.5,0.948,67.4,0.05,0,2026-09-15,2026-09-16,False,False,5.0,2026-09-16T20:02:11+05:30
KALYANKJIL,606.17,TOUCHED,-4.17,below,580.9,606.17,608.13,610.1,606.17,0.647,67.4,0.039,0,2026-09-15,2026-09-16,False,False,5.0,2026-09-16T20:02:11+05:30
UCOBANK,23.78,TOUCHED,-0.42,below,23.68,23.78,23.84,23.9,23.78,0.503,67.4,0.013,0,2026-09-15,2026-09-16,False,False,5.0,2026-09-16T20:02:11+05:30
JYOTICNC,968.68,TOUCHED,-0.1,inside,967.7,968.68,968.68,972.3,965.07,0.747,67.7,0.035,0,2026-09-15,2026-09-16,False,False,5.0,2026-09-16T20:02:11+05:30
BALKRISIND,2134.90,TOUCHED,-0.47,below,2124.9,2134.9,2140.8,2146.7,2134.9,0.551,68.2,0.027,0,2026-09-15,2026-09-16,False,False,5.0,2026-09-16T20:02:11+05:30
RAINBOW,1449.80,TOUCHED,0.51,above,1457.2,1449.8,1445.9,1449.8,1442.0,0.539,68.2,0.037,0,2026-09-15,2026-09-16,False,False,5.0,2026-09-16T20:02:11+05:30
MAXHEALTH,1033.00,TOUCHED,-0.77,below,1025.0,1033.0,1036.0,1039.0,1033.0,0.579,68.5,0.038,0,2026-09-15,2026-09-16,False,False,5.0,2026-09-16T20:02:11+05:30
RPOWER,21.13,TOUCHED,-1.64,below,20.78,21.13,21.22,21.32,21.13,0.911,68.5,0.073,0,2026-09-15,2026-09-16,False,False,5.0,2026-09-16T20:02:11+05:30
CCL,1067.63,TOUCHED,-0.2,inside,1065.5,1067.63,1067.63,1071.0,1064.27,0.631,68.8,0.022,0,2026-09-15,2026-09-16,False,False,5.0,2026-09-16T20:02:11+05:30
TRIDENT,23.18,TOUCHED,-0.03,below,23.17,23.18,23.23,23.29,23.18,0.488,68.8,0.028,0,2026-09-15,2026-09-16,False,False,5.0,2026-09-16T20:02:11+05:30
CENTRALBK,30.54,TOUCHED,-0.48,below,30.39,30.54,30.61,30.69,30.54,0.501,69.6,0.029,0,2026-09-15,2026-09-16,False,False,5.0,2026-09-16T20:02:11+05:30
WAAREEENER,2564.15,TOUCHED,-2.46,below,2501.0,2564.15,2573.3,2582.45,2564.15,0.711,69.6,0.043,0,2026-09-15,2026-09-16,False,False,5.0,2026-09-16T20:02:11+05:30
RITES,207.14,TOUCHED,-1.07,below,204.92,207.14,207.76,208.37,207.14,0.59,70.1,0.033,0,2026-09-15,2026-09-16,False,False,5.0,2026-09-16T20:02:11+05:30
ESCORTS,2844.17,TOUCHED,-1.0,below,2815.6,2844.17,2852.53,2860.9,2844.17,0.587,70.4,0.041,0,2026-09-15,2026-09-16,False,False,5.0,2026-09-16T20:02:11+05:30
WELSPUNLIV,203.24,TOUCHED,-0.21,inside,202.82,203.24,203.24,204.04,202.43,0.791,70.7,0.044,0,2026-09-15,2026-09-16,False,False,5.0,2026-09-16T20:02:11+05:30
CANFINHOME,777.80,TOUCHED,-0.75,below,771.95,777.8,780.13,782.47,777.8,0.598,71.0,0.021,0,2026-09-15,2026-09-16,False,False,5.0,2026-09-16T20:02:11+05:30
INDGN,574.88,TOUCHED,-0.29,inside,573.2,574.88,574.88,576.57,573.19,0.589,71.0,0.025,0,2026-09-15,2026-09-16,False,False,5.0,2026-09-16T20:02:11+05:30
MCX,3199.17,TOUCHED,0.38,inside,3211.2,3199.17,3199.17,3212.0,3186.33,0.802,71.0,0.058,0,2026-09-15,2026-09-16,False,False,5.0,2026-09-16T20:02:11+05:30
EMAMILTD,374.78,TOUCHED,-1.46,below,369.3,374.78,375.85,376.93,374.78,0.572,71.5,0.025,0,2026-09-15,2026-09-16,False,False,5.0,2026-09-16T20:02:11+05:30
JKTYRE,346.52,TOUCHED,-0.93,below,343.3,346.52,347.78,349.05,346.52,0.728,71.5,0.031,0,2026-09-15,2026-09-16,False,False,5.0,2026-09-16T20:02:11+05:30
SAPPHIRE,224.22,TOUCHED,-0.4,inside,223.32,224.22,224.22,225.15,223.3,0.827,71.8,0.05,0,2026-09-15,2026-09-16,False,False,5.0,2026-09-16T20:02:11+05:30
BELRISE,229.28,TOUCHED,0.03,above,229.35,229.28,228.41,229.28,227.53,0.765,71.9,0.041,0,2026-09-15,2026-09-16,False,False,5.0,2026-09-16T20:02:11+05:30
AADHARHFC,452.35,TOUCHED,1.4,above,458.7,452.35,451.02,452.35,449.68,0.591,72.6,0.027,0,2026-09-15,2026-09-16,False,False,5.0,2026-09-16T20:02:11+05:30
DIXON,13231.33,TOUCHED,-0.38,below,13181.0,13231.33,13282.67,13334.0,13231.33,0.773,72.6,0.056,0,2026-09-15,2026-09-16,False,False,5.0,2026-09-16T20:02:11+05:30
BBTC,1420.52,TOUCHED,-0.27,below,1416.7,1420.52,1424.63,1428.75,1420.52,0.578,72.9,0.03,0,2026-09-15,2026-09-16,False,False,5.0,2026-09-16T20:02:11+05:30
ITCHOTELS,153.16,TOUCHED,0.15,inside,153.39,153.16,153.16,153.62,152.69,0.612,73.2,0.04,0,2026-09-15,2026-09-16,False,False,5.0,2026-09-16T20:02:11+05:30
DEVYANI,136.73,TOUCHED,-0.03,below,136.69,136.73,137.24,137.75,136.73,0.746,73.4,0.041,0,2026-09-15,2026-09-16,False,False,5.0,2026-09-16T20:02:11+05:30
DMART,3707.95,TOUCHED,0.32,above,3720.0,3707.95,3698.63,3707.95,3689.32,0.504,73.4,0.028,0,2026-09-15,2026-09-16,False,False,5.0,2026-09-16T20:02:11+05:30
SWIGGY,276.17,TOUCHED,-2.05,below,270.5,276.17,277.33,278.5,276.17,0.841,73.4,0.045,0,2026-09-15,2026-09-16,False,False,5.0,2026-09-16T20:02:11+05:30
GRAVITA,1645.30,TOUCHED,-1.37,below,1622.7,1645.3,1651.6,1657.9,1645.3,0.763,73.7,0.031,0,2026-09-15,2026-09-16,False,False,5.0,2026-09-16T20:02:11+05:30
EICHERMOT,7487.67,TOUCHED,0.16,inside,7500.0,7487.67,7487.67,7505.25,7470.08,0.47,74.0,0.024,0,2026-09-15,2026-09-16,False,False,5.0,2026-09-16T20:02:11+05:30
INFY,1079.57,TOUCHED,-1.81,below,1060.0,1079.57,1082.13,1084.7,1079.57,0.474,74.2,0.029,0,2026-09-15,2026-09-16,False,False,5.0,2026-09-16T20:02:11+05:30
IEX,112.34,TOUCHED,-0.31,below,112.0,112.34,112.69,113.03,112.34,0.609,74.5,0.028,0,2026-09-15,2026-09-16,False,False,5.0,2026-09-16T20:02:11+05:30
WIPRO,170.39,TOUCHED,-2.06,below,166.89,170.39,170.79,171.18,170.39,0.461,74.8,0.013,0,2026-09-15,2026-09-16,False,False,5.0,2026-09-16T20:02:11+05:30
SUNTV,465.69,TOUCHED,-0.7,below,462.45,465.69,467.13,468.57,465.69,0.617,75.1,0.024,0,2026-09-15,2026-09-16,False,False,5.0,2026-09-16T20:02:11+05:30
ASTRAL,1384.22,TOUCHED,-0.12,below,1382.5,1384.22,1388.83,1393.45,1384.22,0.665,75.6,0.034,0,2026-09-15,2026-09-16,False,False,5.0,2026-09-16T20:02:11+05:30
ONESOURCE,1607.48,TOUCHED,-0.68,below,1596.6,1607.48,1615.37,1623.25,1607.48,0.976,75.6,0.045,0,2026-09-15,2026-09-16,False,False,5.0,2026-09-16T20:02:11+05:30
JINDALSTEL,1101.73,TOUCHED,0.11,inside,1103.0,1101.73,1101.73,1105.1,1098.37,0.611,75.9,0.036,0,2026-09-15,2026-09-16,False,False,5.0,2026-09-16T20:02:11+05:30
TECHNOE,963.25,TOUCHED,0.81,above,971.05,963.25,959.03,963.25,954.82,0.879,75.9,0.042,0,2026-09-15,2026-09-16,False,False,5.0,2026-09-16T20:02:11+05:30
PNBHOUSING,1149.13,TOUCHED,-1.32,below,1134.0,1149.13,1153.27,1157.4,1149.13,0.717,76.4,0.032,0,2026-09-15,2026-09-16,False,False,5.0,2026-09-16T20:02:11+05:30
TVSMOTOR,4062.85,TOUCHED,-0.73,below,4033.0,4062.85,4075.7,4088.55,4062.85,0.631,76.4,0.026,0,2026-09-15,2026-09-16,False,False,5.0,2026-09-16T20:02:11+05:30
ADANIGREEN,1266.00,TOUCHED,0.33,inside,1270.2,1266.0,1266.0,1271.5,1260.5,0.869,76.7,0.039,0,2026-09-15,2026-09-16,False,False,5.0,2026-09-16T20:02:11+05:30
BRITANNIA,4985.00,TOUCHED,0.29,above,4999.5,4985.0,4972.5,4985.0,4960.0,0.503,76.7,0.024,0,2026-09-15,2026-09-16,False,False,5.0,2026-09-16T20:02:11+05:30
DEEPAKNTR,1577.00,TOUCHED,0.86,above,1590.5,1577.0,1571.77,1577.0,1566.53,0.666,76.7,0.029,0,2026-09-15,2026-09-16,False,False,5.0,2026-09-16T20:02:11+05:30
EIDPARRY,705.34,TOUCHED,-0.32,below,703.05,705.34,707.93,710.52,705.34,0.732,77.0,0.034,0,2026-09-15,2026-09-16,False,False,5.0,2026-09-16T20:02:11+05:30
LEMONTREE,103.34,TOUCHED,-0.07,inside,103.26,103.34,103.34,103.72,102.96,0.732,77.0,0.023,0,2026-09-15,2026-09-16,False,False,5.0,2026-09-16T20:02:11+05:30
VMM,100.83,TOUCHED,0.14,inside,100.97,100.83,100.83,101.19,100.46,0.724,77.0,0.032,0,2026-09-15,2026-09-16,False,False,5.0,2026-09-16T20:02:11+05:30
MEESHO,213.52,TOUCHED,-0.12,below,213.26,213.52,214.64,215.75,213.52,1.042,77.2,0.028,0,2026-09-15,2026-09-16,False,False,5.0,2026-09-16T20:02:11+05:30
ANANTRAJ,588.66,TOUCHED,-0.88,below,583.5,588.66,591.42,594.17,588.66,0.933,77.5,0.07,0,2026-09-15,2026-09-16,False,False,5.0,2026-09-16T20:02:11+05:30
RBLBANK,405.14,TOUCHED,-0.28,below,404.0,405.14,406.68,408.22,405.14,0.758,77.8,0.032,0,2026-09-15,2026-09-16,False,False,5.0,2026-09-16T20:02:11+05:30
BLUEJET,560.05,TOUCHED,0.89,above,565.05,560.05,556.92,560.05,553.78,1.125,78.1,0.042,0,2026-09-15,2026-09-16,False,False,5.0,2026-09-16T20:02:11+05:30
RECLTD,311.65,TOUCHED,0.32,above,312.65,311.65,310.6,311.65,309.55,0.676,78.1,0.015,0,2026-09-15,2026-09-16,False,False,5.0,2026-09-16T20:02:11+05:30
LAURUSLABS,1934.03,TOUCHED,-1.48,below,1905.5,1934.03,1941.17,1948.3,1934.03,0.735,78.4,0.019,0,2026-09-15,2026-09-16,False,False,5.0,2026-09-16T20:02:11+05:30
CHOLAFIN,1798.77,TOUCHED,-1.84,below,1765.6,1798.77,1805.93,1813.1,1798.77,0.794,78.9,0.041,0,2026-09-15,2026-09-16,False,False,5.0,2026-09-16T20:02:11+05:30
HINDUNILVR,1951.60,TOUCHED,0.53,above,1962.0,1951.6,1947.1,1951.6,1942.6,0.462,78.9,0.015,0,2026-09-15,2026-09-16,False,False,5.0,2026-09-16T20:02:11+05:30
TRAVELFOOD,1232.32,TOUCHED,-1.38,below,1215.3,1232.32,1237.23,1242.15,1232.32,0.795,78.9,0.033,0,2026-09-15,2026-09-16,False,False,5.0,2026-09-16T20:02:11+05:30
INDIANB,840.05,TOUCHED,-0.01,below,840.0,840.05,843.35,846.65,840.05,0.783,79.5,0.025,0,2026-09-15,2026-09-16,False,False,5.0,2026-09-16T20:02:11+05:30
ECLERX,1926.90,TOUCHED,1.78,above,1961.2,1926.9,1916.2,1926.9,1905.5,1.117,79.7,0.052,0,2026-09-15,2026-09-16,False,False,5.0,2026-09-16T20:02:11+05:30
ACMESOLAR,416.23,TOUCHED,0.42,inside,418.0,416.23,416.23,418.32,414.15,1.001,80.0,0.05,0,2026-09-15,2026-09-16,False,False,5.0,2026-09-16T20:02:11+05:30
NBCC,81.44,TOUCHED,-0.03,inside,81.41,81.44,81.44,81.81,81.06,0.917,80.0,0.044,0,2026-09-15,2026-09-16,False,False,5.0,2026-09-16T20:02:11+05:30
IREDA,109.39,TOUCHED,-0.91,below,108.4,109.39,109.78,110.17,109.39,0.714,80.5,0.043,0,2026-09-15,2026-09-16,False,False,5.0,2026-09-16T20:02:11+05:30
ABBOTINDIA,26049.17,TOUCHED,0.29,above,26125.0,26049.17,25973.33,26049.17,25897.5,0.584,80.8,0.034,0,2026-09-15,2026-09-16,False,False,5.0,2026-09-16T20:02:11+05:30
NATIONALUM,355.30,TOUCHED,0.2,above,356.0,355.3,353.72,355.3,352.13,0.895,80.8,0.041,0,2026-09-15,2026-09-16,False,False,5.0,2026-09-16T20:02:11+05:30
COALINDIA,421.42,TOUCHED,0.2,inside,422.25,421.42,421.42,422.5,420.33,0.514,81.1,0.022,0,2026-09-15,2026-09-16,False,False,5.0,2026-09-16T20:02:11+05:30
IOB,32.49,TOUCHED,-1.23,below,32.09,32.49,32.6,32.71,32.49,0.675,81.6,0.034,0,2026-09-15,2026-09-16,False,False,5.0,2026-09-16T20:02:11+05:30
MPHASIS,2387.68,TOUCHED,-2.97,below,2316.7,2387.68,2397.37,2407.05,2387.68,0.808,81.6,0.028,0,2026-09-15,2026-09-16,False,False,5.0,2026-09-16T20:02:11+05:30
GODIGIT,252.40,TOUCHED,-0.59,below,250.9,252.4,253.3,254.2,252.4,0.711,81.9,0.028,0,2026-09-15,2026-09-16,False,False,5.0,2026-09-16T20:02:11+05:30
UNIONBANK,177.22,TOUCHED,0.56,above,178.2,177.22,176.48,177.22,175.74,0.837,82.2,0.04,0,2026-09-15,2026-09-16,False,False,5.0,2026-09-16T20:02:11+05:30
VBL,411.21,TOUCHED,-0.2,below,410.4,411.21,412.82,414.43,411.21,0.779,82.2,0.026,0,2026-09-15,2026-09-16,False,False,5.0,2026-09-16T20:02:11+05:30
NEULANDLAB,22715.00,TOUCHED,-0.4,below,22625.0,22715.0,22835.0,22955.0,22715.0,1.051,82.5,0.032,0,2026-09-15,2026-09-16,False,False,5.0,2026-09-16T20:02:11+05:30
SBILIFE,1668.00,TOUCHED,1.79,above,1697.9,1668.0,1663.37,1668.0,1658.73,0.557,82.5,0.015,0,2026-09-15,2026-09-16,False,False,5.0,2026-09-16T20:02:11+05:30
ASTERDM,744.33,TOUCHED,-0.42,below,741.2,744.33,747.4,750.48,744.33,0.823,82.7,0.028,0,2026-09-15,2026-09-16,False,False,5.0,2026-09-16T20:02:11+05:30
PIRAMALFIN,2235.10,TOUCHED,-1.52,below,2201.1,2235.1,2245.8,2256.5,2235.1,0.953,82.8,0.049,0,2026-09-15,2026-09-16,False,False,5.0,2026-09-16T20:02:11+05:30
ABFRL,49.69,TOUCHED,0.09,above,49.74,49.69,49.47,49.69,49.25,0.91,83.0,0.028,0,2026-09-15,2026-09-16,False,False,5.0,2026-09-16T20:02:11+05:30
JKCEMENT,4754.17,TOUCHED,-0.09,inside,4750.0,4754.17,4754.17,4775.25,4733.08,0.887,83.0,0.035,0,2026-09-15,2026-09-16,False,False,5.0,2026-09-16T20:02:11+05:30
JAINREC,276.48,TOUCHED,-0.61,below,274.8,276.48,278.25,280.02,276.48,1.276,83.2,0.061,0,2026-09-15,2026-09-16,False,False,5.0,2026-09-16T20:02:11+05:30
PNB,115.97,TOUCHED,0.72,above,116.8,115.97,115.54,115.97,115.12,0.73,83.3,0.028,0,2026-09-15,2026-09-16,False,False,5.0,2026-09-16T20:02:11+05:30
ZEEL,78.70,TOUCHED,1.14,above,79.6,78.7,78.27,78.7,77.84,1.099,83.3,0.045,0,2026-09-15,2026-09-16,False,False,5.0,2026-09-16T20:02:11+05:30
UPL,562.86,TOUCHED,-2.18,below,550.6,562.86,564.92,566.98,562.86,0.729,83.6,0.02,0,2026-09-15,2026-09-16,False,False,5.0,2026-09-16T20:02:11+05:30
HINDPETRO,349.70,TOUCHED,0.1,above,350.05,349.7,348.23,349.7,346.77,0.842,83.8,0.033,0,2026-09-15,2026-09-16,False,False,5.0,2026-09-16T20:02:11+05:30
KPITTECH,565.49,TOUCHED,-1.86,below,555.0,565.49,567.98,570.48,565.49,0.877,83.8,0.044,0,2026-09-15,2026-09-16,False,False,5.0,2026-09-16T20:02:11+05:30
DRREDDY,1148.25,TOUCHED,-0.72,below,1140.0,1148.25,1151.5,1154.75,1148.25,0.564,84.1,0.017,0,2026-09-15,2026-09-16,False,False,5.0,2026-09-16T20:02:11+05:30
GODREJIND,1118.95,TOUCHED,1.57,above,1136.5,1118.95,1113.97,1118.95,1108.98,0.895,84.1,0.044,0,2026-09-15,2026-09-16,False,False,5.0,2026-09-16T20:02:11+05:30
INDIACEM,337.42,TOUCHED,-0.82,below,334.65,337.42,338.83,340.25,337.42,0.836,84.4,0.031,0,2026-09-15,2026-09-16,False,False,5.0,2026-09-16T20:02:11+05:30
OLAELEC,38.31,TOUCHED,-2.79,below,37.24,38.31,38.59,38.86,38.31,1.443,84.7,0.064,0,2026-09-15,2026-09-16,False,False,5.0,2026-09-16T20:02:11+05:30
IGIL,314.71,TOUCHED,-0.1,below,314.4,314.71,316.32,317.93,314.71,1.017,84.9,0.028,0,2026-09-15,2026-09-16,False,False,5.0,2026-09-16T20:02:11+05:30
CONCORDBIO,1481.02,TOUCHED,-1.84,below,1453.8,1481.02,1489.03,1497.05,1481.02,1.077,85.2,0.024,0,2026-09-15,2026-09-16,False,False,5.0,2026-09-16T20:02:11+05:30
ATUL,6106.08,TOUCHED,-0.49,below,6076.0,6106.08,6130.67,6155.25,6106.08,0.802,85.5,0.014,0,2026-09-15,2026-09-16,False,False,5.0,2026-09-16T20:02:11+05:30
HINDZINC,565.58,TOUCHED,0.34,inside,567.5,565.58,565.58,567.93,563.24,0.828,85.5,0.044,0,2026-09-15,2026-09-16,False,False,5.0,2026-09-16T20:02:11+05:30
UBL,1245.87,TOUCHED,-1.49,below,1227.3,1245.87,1249.93,1254.0,1245.87,0.651,85.5,0.028,0,2026-09-15,2026-09-16,False,False,5.0,2026-09-16T20:02:11+05:30
MEDANTA,1424.50,TOUCHED,-1.4,below,1404.6,1424.5,1430.9,1437.3,1424.5,0.895,85.8,0.031,0,2026-09-15,2026-09-16,False,False,5.0,2026-09-16T20:02:11+05:30
MMTC,61.07,TOUCHED,-2.08,below,59.8,61.07,61.37,61.67,61.07,0.972,85.8,0.053,0,2026-09-15,2026-09-16,False,False,5.0,2026-09-16T20:02:11+05:30
CARTRADE,3039.95,TOUCHED,-5.09,below,2885.3,3039.95,3062.8,3085.65,3039.95,1.492,86.0,0.052,0,2026-09-15,2026-09-16,False,False,5.0,2026-09-16T20:02:11+05:30
IDFCFIRSTB,85.11,TOUCHED,-0.12,below,85.01,85.11,85.42,85.73,85.11,0.722,86.0,0.033,0,2026-09-15,2026-09-16,False,False,5.0,2026-09-16T20:02:11+05:30
IPCALAB,1950.77,TOUCHED,-0.0,inside,1950.7,1950.77,1950.77,1959.95,1941.58,0.942,86.3,0.032,0,2026-09-15,2026-09-16,False,False,5.0,2026-09-16T20:02:11+05:30
RAILTEL,253.66,TOUCHED,-0.52,below,252.35,253.66,254.92,256.17,253.66,0.987,86.3,0.041,0,2026-09-15,2026-09-16,False,False,5.0,2026-09-16T20:02:11+05:30
SWANCORP,294.28,TOUCHED,-0.49,below,292.85,294.28,295.97,297.65,294.28,1.138,86.3,0.032,0,2026-09-15,2026-09-16,False,False,5.0,2026-09-16T20:02:11+05:30
TENNIND,515.78,TOUCHED,-0.72,below,512.05,515.78,518.65,521.52,515.78,1.109,86.5,0.013,0,2026-09-15,2026-09-16,False,False,5.0,2026-09-16T20:02:11+05:30
CROMPTON,227.05,TOUCHED,-1.61,below,223.4,227.05,227.95,228.86,227.05,0.791,86.8,0.025,0,2026-09-15,2026-09-16,False,False,5.0,2026-09-16T20:02:11+05:30
MUTHOOTFIN,2758.15,TOUCHED,0.48,above,2771.4,2758.15,2746.2,2758.15,2734.25,0.87,86.8,0.04,0,2026-09-15,2026-09-16,False,False,5.0,2026-09-16T20:02:11+05:30
THERMAX,3577.27,TOUCHED,-1.13,below,3536.8,3577.27,3595.13,3613.0,3577.27,0.994,86.8,0.023,0,2026-09-15,2026-09-16,False,False,5.0,2026-09-16T20:02:11+05:30
HINDCOPPER,493.61,TOUCHED,-2.43,below,481.6,493.61,496.98,500.35,493.61,1.356,87.1,0.032,0,2026-09-15,2026-09-16,False,False,5.0,2026-09-16T20:02:11+05:30
THELEELA,525.07,TOUCHED,-0.17,below,524.2,525.07,527.68,530.3,525.07,0.992,87.3,0.03,0,2026-09-15,2026-09-16,False,False,5.0,2026-09-16T20:02:11+05:30
PFC,347.10,TOUCHED,-0.32,inside,346.0,347.1,347.1,348.65,345.55,0.893,87.4,0.032,0,2026-09-15,2026-09-16,False,False,5.0,2026-09-16T20:02:11+05:30
HAVELLS,1091.02,TOUCHED,-0.1,below,1089.9,1091.02,1095.03,1099.05,1091.02,0.734,87.7,0.017,0,2026-09-15,2026-09-16,False,False,5.0,2026-09-16T20:02:11+05:30
SAREGAMA,488.04,TOUCHED,-0.31,below,486.55,488.04,490.58,493.12,488.04,1.036,87.7,0.049,0,2026-09-15,2026-09-16,False,False,5.0,2026-09-16T20:02:11+05:30
SHYAMMETL,1054.97,TOUCHED,-0.66,below,1048.0,1054.97,1059.43,1063.9,1054.97,0.843,87.7,0.016,0,2026-09-15,2026-09-16,False,False,5.0,2026-09-16T20:02:11+05:30
APOLLOTYRE,411.40,TOUCHED,0.13,above,411.95,411.4,409.67,411.4,407.93,0.846,87.9,0.038,0,2026-09-15,2026-09-16,False,False,5.0,2026-09-16T20:02:11+05:30
INDUSINDBK,960.92,TOUCHED,-1.5,below,946.5,960.92,965.33,969.75,960.92,0.915,87.9,0.027,0,2026-09-15,2026-09-16,False,False,5.0,2026-09-16T20:02:11+05:30
TORNTPHARM,4866.17,TOUCHED,-1.1,below,4812.5,4866.17,4882.33,4898.5,4866.17,0.662,87.9,0.025,0,2026-09-15,2026-09-16,False,False,5.0,2026-09-16T20:02:11+05:30
BERGEPAINT,449.15,TOUCHED,-0.22,below,448.15,449.15,451.2,453.25,449.15,0.909,88.2,0.014,0,2026-09-15,2026-09-16,False,False,5.0,2026-09-16T20:02:11+05:30
ICICIGI,1437.93,TOUCHED,0.14,inside,1440.0,1437.93,1437.93,1443.05,1432.82,0.712,88.5,0.021,0,2026-09-15,2026-09-16,False,False,5.0,2026-09-16T20:02:11+05:30
ZYDUSLIFE,1107.50,TOUCHED,0.0,inside,1107.5,1107.5,1107.5,1111.75,1103.25,0.767,88.5,0.023,0,2026-09-15,2026-09-16,False,False,5.0,2026-09-16T20:02:11+05:30
BANKBARODA,234.55,TOUCHED,0.18,inside,234.98,234.55,234.55,235.47,233.62,0.789,88.8,0.012,0,2026-09-15,2026-09-16,False,False,5.0,2026-09-16T20:02:11+05:30
SIGNATURE,755.17,TOUCHED,-0.35,below,752.5,755.17,759.18,763.2,755.17,1.058,88.8,0.029,0,2026-09-15,2026-09-16,False,False,5.0,2026-09-16T20:02:11+05:30
ARE&M,802.80,TOUCHED,-1.4,below,791.55,802.8,806.05,809.3,802.8,0.806,89.0,0.022,0,2026-09-15,2026-09-16,False,False,5.0,2026-09-16T20:02:11+05:30
GODREJCP,863.53,TOUCHED,-0.06,inside,863.0,863.53,863.53,866.8,860.27,0.757,89.0,0.023,0,2026-09-15,2026-09-16,False,False,5.0,2026-09-16T20:02:11+05:30
RELIANCE,1243.33,TOUCHED,-0.27,inside,1240.0,1243.33,1243.33,1247.35,1239.32,0.646,89.0,0.025,0,2026-09-15,2026-09-16,False,False,5.0,2026-09-16T20:02:11+05:30
TATATECH,763.23,TOUCHED,-1.94,below,748.4,763.23,767.17,771.1,763.23,1.025,89.0,0.037,0,2026-09-15,2026-09-16,False,False,5.0,2026-09-16T20:02:11+05:30
HINDALCO,969.85,TOUCHED,0.29,above,972.7,969.85,966.13,969.85,962.42,0.769,89.3,0.011,0,2026-09-15,2026-09-16,False,False,5.0,2026-09-16T20:02:11+05:30
LINDEINDIA,6108.67,TOUCHED,-0.31,below,6089.5,6108.67,6137.33,6166.0,6108.67,0.934,89.3,0.025,0,2026-09-15,2026-09-16,False,False,5.0,2026-09-16T20:02:11+05:30
MARUTI,12270.83,TOUCHED,-0.85,below,12166.0,12270.83,12310.67,12350.5,12270.83,0.647,89.3,0.015,0,2026-09-15,2026-09-16,False,False,5.0,2026-09-16T20:02:11+05:30
ACUTAAS,3339.90,TOUCHED,0.14,above,3344.7,3339.9,3315.33,3339.9,3290.77,1.482,89.6,0.036,0,2026-09-15,2026-09-16,False,False,5.0,2026-09-16T20:02:11+05:30
CGCL,258.05,TOUCHED,-0.54,inside,256.65,258.05,258.05,259.52,256.58,1.143,89.6,0.058,0,2026-09-15,2026-09-16,False,False,5.0,2026-09-16T20:02:11+05:30
ERIS,1316.82,TOUCHED,-1.03,below,1303.2,1316.82,1323.53,1330.25,1316.82,1.015,89.6,0.03,0,2026-09-15,2026-09-16,False,False,5.0,2026-09-16T20:02:11+05:30
HDFCBANK,720.78,TOUCHED,0.1,inside,721.5,720.78,720.78,722.9,718.67,0.587,89.6,0.02,0,2026-09-15,2026-09-16,False,False,5.0,2026-09-16T20:02:11+05:30
REDINGTON,386.93,TOUCHED,0.32,above,388.15,386.93,384.27,386.93,381.61,1.384,89.6,0.038,0,2026-09-15,2026-09-16,False,False,5.0,2026-09-16T20:02:11+05:30
TATACAP,354.89,TOUCHED,-3.21,below,343.5,354.89,356.43,357.98,354.89,0.865,89.7,0.016,0,2026-09-15,2026-09-16,False,False,5.0,2026-09-16T20:02:11+05:30
BAJFINANCE,1013.48,TOUCHED,-0.72,below,1006.2,1013.48,1017.77,1022.05,1013.48,0.842,89.9,0.029,0,2026-09-15,2026-09-16,False,False,5.0,2026-09-16T20:02:11+05:30
HUDCO,169.82,TOUCHED,-0.05,below,169.73,169.82,170.72,171.62,169.82,1.056,89.9,0.036,0,2026-09-15,2026-09-16,False,False,5.0,2026-09-16T20:02:11+05:30
POWERGRID,263.75,TOUCHED,-0.36,below,262.8,263.75,264.7,265.65,263.75,0.718,89.9,0.018,0,2026-09-15,2026-09-16,False,False,5.0,2026-09-16T20:02:11+05:30
ABREL,1239.78,TOUCHED,-0.51,below,1233.4,1239.78,1247.07,1254.35,1239.78,1.168,90.1,0.025,0,2026-09-15,2026-09-16,False,False,5.0,2026-09-16T20:02:11+05:30
BEML,1977.70,TOUCHED,0.72,above,1991.9,1977.7,1964.9,1977.7,1952.1,1.303,90.1,0.025,0,2026-09-15,2026-09-16,False,False,5.0,2026-09-16T20:02:11+05:30
TIINDIA,2553.23,TOUCHED,0.52,inside,2566.6,2553.23,2553.23,2567.35,2539.12,1.106,90.1,0.038,0,2026-09-15,2026-09-16,False,False,5.0,2026-09-16T20:02:11+05:30
ATGL,586.48,TOUCHED,0.0,inside,586.5,586.48,586.48,589.65,583.32,1.08,90.4,0.03,0,2026-09-15,2026-09-16,False,False,5.0,2026-09-16T20:02:11+05:30
BAJAJ-AUTO,11562.50,TOUCHED,0.26,above,11593.0,11562.5,11516.33,11562.5,11470.17,0.802,90.4,0.028,0,2026-09-15,2026-09-16,False,False,5.0,2026-09-16T20:02:11+05:30
HCLTECH,1259.13,TOUCHED,-0.49,below,1253.0,1259.13,1264.57,1270.0,1259.13,0.859,90.4,0.03,0,2026-09-15,2026-09-16,False,False,5.0,2026-09-16T20:02:11+05:30
AEGISLOG,1352.50,TOUCHED,2.12,above,1381.2,1352.5,1342.83,1352.5,1333.17,1.44,90.7,0.033,0,2026-09-15,2026-09-16,False,False,5.0,2026-09-16T20:02:11+05:30
AFFLE,1544.82,TOUCHED,-0.64,below,1535.0,1544.82,1553.23,1561.65,1544.82,1.084,90.7,0.035,0,2026-09-15,2026-09-16,False,False,5.0,2026-09-16T20:02:11+05:30
NMDC,80.90,TOUCHED,-0.71,below,80.32,80.9,81.3,81.69,80.9,0.98,90.7,0.028,0,2026-09-15,2026-09-16,False,False,5.0,2026-09-16T20:02:11+05:30
PPLPHARMA,204.63,TOUCHED,-1.1,below,202.37,204.63,205.79,206.95,204.63,1.127,91.0,0.038,0,2026-09-15,2026-09-16,False,False,5.0,2026-09-16T20:02:11+05:30
RHIM,363.81,TOUCHED,-0.06,below,363.6,363.81,366.02,368.22,363.81,1.207,91.0,0.031,0,2026-09-15,2026-09-16,False,False,5.0,2026-09-16T20:02:11+05:30
SPLPETRO,794.46,TOUCHED,-0.22,below,792.7,794.46,799.57,804.67,794.46,1.278,91.0,0.038,0,2026-09-15,2026-09-16,False,False,5.0,2026-09-16T20:02:11+05:30
CDSL,1317.97,TOUCHED,-1.44,below,1299.0,1317.97,1324.93,1331.9,1317.97,1.052,91.2,0.034,0,2026-09-15,2026-09-16,False,False,5.0,2026-09-16T20:02:11+05:30
COHANCE,432.25,TOUCHED,0.16,above,432.95,432.25,429.37,432.25,426.48,1.343,91.2,0.022,0,2026-09-15,2026-09-16,False,False,5.0,2026-09-16T20:02:11+05:30
ENGINERSIN,264.07,TOUCHED,-1.29,below,260.65,264.07,265.68,267.3,264.07,1.217,91.2,0.038,0,2026-09-15,2026-09-16,False,False,5.0,2026-09-16T20:02:11+05:30
PHOENIXLTD,1852.40,TOUCHED,0.14,inside,1855.0,1852.4,1852.4,1861.8,1843.0,1.015,91.2,0.045,0,2026-09-15,2026-09-16,False,False,5.0,2026-09-16T20:02:11+05:30
SAILIFE,1550.47,TOUCHED,-0.73,below,1539.1,1550.47,1559.43,1568.4,1550.47,1.15,91.2,0.04,0,2026-09-15,2026-09-16,False,False,5.0,2026-09-16T20:02:11+05:30
TATACONSUM,997.65,TOUCHED,0.25,above,1000.1,997.65,993.8,997.65,989.95,0.775,91.2,0.027,0,2026-09-15,2026-09-16,False,False,5.0,2026-09-16T20:02:11+05:30
ALKEM,5179.08,TOUCHED,-0.08,below,5175.0,5179.08,5197.17,5215.25,5179.08,0.696,91.5,0.026,0,2026-09-15,2026-09-16,False,False,5.0,2026-09-16T20:02:11+05:30
PAGEIND,34735.00,TOUCHED,-1.32,below,34275.0,34735.0,34890.0,35045.0,34735.0,0.889,91.5,0.027,0,2026-09-15,2026-09-16,False,False,5.0,2026-09-16T20:02:11+05:30
BPCL,301.82,TOUCHED,0.51,inside,303.35,301.82,301.82,303.4,300.23,1.049,91.8,0.021,0,2026-09-15,2026-09-16,False,False,5.0,2026-09-16T20:02:11+05:30
SAMMAANCAP,142.89,TOUCHED,-0.49,below,142.19,142.89,143.82,144.76,142.89,1.296,91.8,0.041,0,2026-09-15,2026-09-16,False,False,5.0,2026-09-16T20:02:11+05:30
SCI,271.01,TOUCHED,-1.52,below,266.9,271.01,272.97,274.93,271.01,1.435,91.8,0.042,0,2026-09-15,2026-09-16,False,False,5.0,2026-09-16T20:02:11+05:30
CPPLUS,3694.62,TOUCHED,-3.98,below,3547.7,3694.62,3725.83,3757.05,3694.62,1.676,92.1,0.036,0,2026-09-15,2026-09-16,False,False,5.0,2026-09-16T20:02:11+05:30
HSCL,649.95,TOUCHED,0.44,above,652.8,649.95,645.72,649.95,641.48,1.311,92.1,0.031,0,2026-09-15,2026-09-16,False,False,5.0,2026-09-16T20:02:11+05:30
HYUNDAI,2162.80,TOUCHED,-0.36,inside,2155.0,2162.8,2162.8,2174.2,2151.4,1.054,92.1,0.027,0,2026-09-15,2026-09-16,False,False,5.0,2026-09-16T20:02:11+05:30
INDHOTEL,718.10,TOUCHED,-0.65,below,713.4,718.1,721.2,724.3,718.1,0.86,92.1,0.018,0,2026-09-15,2026-09-16,False,False,5.0,2026-09-16T20:02:11+05:30
LTTS,3351.23,TOUCHED,0.01,inside,3351.5,3351.23,3351.23,3370.75,3331.72,1.165,92.1,0.042,0,2026-09-15,2026-09-16,False,False,5.0,2026-09-16T20:02:11+05:30
MANAPPURAM,320.59,TOUCHED,-0.22,below,319.9,320.59,322.33,324.08,320.59,1.081,92.1,0.031,0,2026-09-15,2026-09-16,False,False,5.0,2026-09-16T20:02:11+05:30
PGEL,526.05,TOUCHED,-0.42,inside,523.85,526.05,526.05,530.08,522.03,1.53,92.1,0.046,0,2026-09-15,2026-09-16,False,False,5.0,2026-09-16T20:02:11+05:30
RKFORGE,692.10,TOUCHED,-0.48,below,688.8,692.1,696.0,699.9,692.1,1.121,92.1,0.044,0,2026-09-15,2026-09-16,False,False,5.0,2026-09-16T20:02:11+05:30
TRENT,2759.20,TOUCHED,0.38,inside,2769.7,2759.2,2759.2,2773.8,2744.6,1.058,92.1,0.044,0,2026-09-15,2026-09-16,False,False,5.0,2026-09-16T20:02:11+05:30
AXISBANK,1236.95,TOUCHED,0.33,above,1241.0,1236.95,1232.27,1236.95,1227.58,0.76,92.3,0.024,0,2026-09-15,2026-09-16,False,False,5.0,2026-09-16T20:02:11+05:30
CLEAN,824.58,TOUCHED,-0.56,below,820.0,824.58,828.87,833.15,824.58,1.034,92.3,0.029,0,2026-09-15,2026-09-16,False,False,5.0,2026-09-16T20:02:11+05:30
ENDURANCE,2629.70,TOUCHED,-0.05,below,2628.4,2629.7,2644.8,2659.9,2629.7,1.142,92.3,0.044,0,2026-09-15,2026-09-16,False,False,5.0,2026-09-16T20:02:11+05:30
MRPL,168.22,TOUCHED,-1.25,below,166.11,168.22,169.63,171.04,168.22,1.661,92.3,0.054,0,2026-09-15,2026-09-16,False,False,5.0,2026-09-16T20:02:11+05:30
SUPREMEIND,3318.98,TOUCHED,-0.57,below,3300.0,3318.98,3337.97,3356.95,3318.98,1.137,92.3,0.034,0,2026-09-15,2026-09-16,False,False,5.0,2026-09-16T20:02:11+05:30
YESBANK,23.32,TOUCHED,0.34,inside,23.4,23.32,23.32,23.44,23.19,1.072,92.3,0.04,0,2026-09-15,2026-09-16,False,False,5.0,2026-09-16T20:02:11+05:30
AUBANK,1033.72,TOUCHED,-0.05,below,1033.2,1033.72,1039.43,1045.15,1033.72,1.1,92.6,0.018,0,2026-09-15,2026-09-16,False,False,5.0,2026-09-16T20:02:11+05:30
POLICYBZR,1770.15,TOUCHED,3.22,above,1827.1,1770.15,1758.77,1770.15,1747.38,1.294,92.6,0.037,0,2026-09-15,2026-09-16,False,False,5.0,2026-09-16T20:02:11+05:30
INDIAMART,1682.90,TOUCHED,1.39,above,1706.3,1682.9,1675.1,1682.9,1667.3,0.931,92.9,0.025,0,2026-09-15,2026-09-16,False,False,5.0,2026-09-16T20:02:11+05:30
JUBLINGREA,634.55,TOUCHED,-0.41,below,631.95,634.55,638.6,642.65,634.55,1.268,92.9,0.036,0,2026-09-15,2026-09-16,False,False,5.0,2026-09-16T20:02:11+05:30
LATENTVIEW,254.68,TOUCHED,-0.99,below,252.15,254.68,256.47,258.25,254.68,1.391,92.9,0.024,0,2026-09-15,2026-09-16,False,False,5.0,2026-09-16T20:02:11+05:30
MINDACORP,682.57,TOUCHED,-1.61,below,671.55,682.57,686.18,689.8,682.57,1.054,92.9,0.038,0,2026-09-15,2026-09-16,False,False,5.0,2026-09-16T20:02:11+05:30
NYKAA,337.86,TOUCHED,-3.63,below,325.6,337.86,339.52,341.18,337.86,0.977,92.9,0.029,0,2026-09-15,2026-09-16,False,False,5.0,2026-09-16T20:02:11+05:30
UNITDSPR,1387.10,TOUCHED,0.17,above,1389.5,1387.1,1381.6,1387.1,1376.1,0.796,92.9,0.033,0,2026-09-15,2026-09-16,False,False,5.0,2026-09-16T20:02:11+05:30
BANDHANBNK,173.52,TOUCHED,-0.59,below,172.5,173.52,174.6,175.68,173.52,1.231,93.2,0.026,0,2026-09-15,2026-09-16,False,False,5.0,2026-09-16T20:02:11+05:30
CESC,142.44,TOUCHED,-0.54,below,141.67,142.44,143.19,143.93,142.44,1.038,93.2,0.037,0,2026-09-15,2026-09-16,False,False,5.0,2026-09-16T20:02:11+05:30
ETERNAL,317.27,TOUCHED,-0.08,below,317.0,317.27,319.28,321.3,317.27,1.263,93.2,0.024,0,2026-09-15,2026-09-16,False,False,5.0,2026-09-16T20:02:11+05:30
INDUSTOWER,380.92,TOUCHED,-1.4,below,375.6,380.92,382.83,384.75,380.92,1.001,93.2,0.03,0,2026-09-15,2026-09-16,False,False,5.0,2026-09-16T20:02:11+05:30
NESTLEIND,1378.50,TOUCHED,0.44,above,1384.5,1378.5,1373.0,1378.5,1367.5,0.801,93.2,0.033,0,2026-09-15,2026-09-16,False,False,5.0,2026-09-16T20:02:11+05:30
NUVAMA,1691.53,TOUCHED,0.68,inside,1703.1,1691.53,1691.53,1703.2,1679.87,1.379,93.2,0.025,0,2026-09-15,2026-09-16,False,False,5.0,2026-09-16T20:02:11+05:30
IRFC,79.58,TOUCHED,-0.79,below,78.95,79.58,80.01,80.44,79.58,1.071,93.4,0.033,0,2026-09-15,2026-09-16,False,False,5.0,2026-09-16T20:02:11+05:30
JIOFIN,226.63,TOUCHED,-0.79,below,224.84,226.63,227.67,228.7,226.63,0.908,93.4,0.022,0,2026-09-15,2026-09-16,False,False,5.0,2026-09-16T20:02:11+05:30
MARICO,800.52,TOUCHED,1.2,above,810.15,800.52,797.43,800.52,794.34,0.775,93.4,0.02,0,2026-09-15,2026-09-16,False,False,5.0,2026-09-16T20:02:11+05:30
VOLTAS,1144.00,TOUCHED,-1.14,below,1131.0,1144.0,1151.0,1158.0,1144.0,1.216,93.4,0.037,0,2026-09-15,2026-09-16,False,False,5.0,2026-09-16T20:02:11+05:30
360ONE,1058.90,TOUCHED,-1.26,below,1045.6,1058.9,1065.7,1072.5,1058.9,1.276,93.7,0.032,0,2026-09-15,2026-09-16,False,False,5.0,2026-09-16T20:02:11+05:30
GICRE,340.02,TOUCHED,-0.67,below,337.75,340.02,341.83,343.65,340.02,1.063,93.7,0.031,0,2026-09-15,2026-09-16,False,False,5.0,2026-09-16T20:02:11+05:30
HONASA,465.68,TOUCHED,0.78,above,469.3,465.68,462.87,465.68,460.06,1.213,93.7,0.054,0,2026-09-15,2026-09-16,False,False,5.0,2026-09-16T20:02:11+05:30
MSUMI,35.47,TOUCHED,0.01,inside,35.47,35.47,35.47,35.67,35.26,1.147,93.7,0.03,0,2026-09-15,2026-09-16,False,False,5.0,2026-09-16T20:02:11+05:30
NAVA,547.88,TOUCHED,0.08,above,548.3,547.88,544.23,547.88,540.59,1.338,93.7,0.038,0,2026-09-15,2026-09-16,False,False,5.0,2026-09-16T20:02:11+05:30
TEGA,1703.60,TOUCHED,0.79,above,1717.1,1703.6,1692.77,1703.6,1681.93,1.28,93.7,0.045,0,2026-09-15,2026-09-16,False,False,5.0,2026-09-16T20:02:11+05:30
TITAGARH,817.20,TOUCHED,-0.5,below,813.15,817.2,822.95,828.7,817.2,1.397,93.7,0.046,0,2026-09-15,2026-09-16,False,False,5.0,2026-09-16T20:02:11+05:30
AMBUJACEM,383.49,TOUCHED,-0.64,below,381.05,383.49,385.23,386.98,383.49,0.904,94.0,0.035,0,2026-09-15,2026-09-16,False,False,5.0,2026-09-16T20:02:11+05:30
HEROMOTOCO,5219.83,TOUCHED,0.29,inside,5235.0,5219.83,5219.83,5246.75,5192.92,1.031,94.0,0.018,0,2026-09-15,2026-09-16,False,False,5.0,2026-09-16T20:02:11+05:30
ICICIPRULI,464.90,TOUCHED,1.1,above,470.0,464.9,462.47,464.9,460.03,1.052,94.0,0.021,0,2026-09-15,2026-09-16,False,False,5.0,2026-09-16T20:02:11+05:30
SAIL,174.15,TOUCHED,-0.35,below,173.55,174.15,175.31,176.46,174.15,1.316,94.0,0.026,0,2026-09-15,2026-09-16,False,False,5.0,2026-09-16T20:02:11+05:30
VIJAYA,1451.62,TOUCHED,-0.92,below,1438.3,1451.62,1461.54,1471.46,1451.62,1.357,94.0,0.036,0,2026-09-15,2026-09-16,False,False,5.0,2026-09-16T20:02:11+05:30
VTL,557.73,TOUCHED,2.51,above,571.75,557.73,554.15,557.73,550.58,1.29,94.0,0.029,0,2026-09-15,2026-09-16,False,False,5.0,2026-09-16T20:02:11+05:30
IOC,133.86,TOUCHED,0.66,above,134.75,133.86,133.25,133.86,132.64,0.916,94.2,0.02,0,2026-09-15,2026-09-16,False,False,5.0,2026-09-16T20:02:11+05:30
KPIL,1396.83,TOUCHED,-0.42,inside,1390.9,1396.83,1396.83,1405.15,1388.52,1.191,94.2,0.045,0,2026-09-15,2026-09-16,False,False,5.0,2026-09-16T20:02:11+05:30
MAZDOCK,2252.67,TOUCHED,-0.92,below,2231.9,2252.67,2269.33,2286.0,2252.67,1.469,94.5,0.042,0,2026-09-15,2026-09-16,False,False,5.0,2026-09-16T20:02:11+05:30
NEWGEN,504.00,TOUCHED,-2.38,below,492.0,504.0,508.65,513.3,504.0,1.828,94.5,0.031,0,2026-09-15,2026-09-16,False,False,5.0,2026-09-16T20:02:11+05:30
ADANIPOWER,203.57,TOUCHED,-0.6,below,202.34,203.57,205.13,206.7,203.57,1.527,94.8,0.053,0,2026-09-15,2026-09-16,False,False,5.0,2026-09-16T20:02:11+05:30
GVT&D,4283.20,TOUCHED,-0.38,below,4267.0,4283.2,4319.5,4355.8,4283.2,1.681,94.8,0.022,0,2026-09-15,2026-09-16,False,False,5.0,2026-09-16T20:02:11+05:30
HDFCLIFE,523.38,TOUCHED,1.3,above,530.2,523.38,520.95,523.38,518.52,0.931,94.8,0.018,0,2026-09-15,2026-09-16,False,False,5.0,2026-09-16T20:02:11+05:30
LT,3866.25,TOUCHED,-1.51,below,3807.7,3866.25,3881.8,3897.35,3866.25,0.801,94.8,0.027,0,2026-09-15,2026-09-16,False,False,5.0,2026-09-16T20:02:11+05:30
LTFOODS,424.05,TOUCHED,-1.49,below,417.75,424.05,427.05,430.05,424.05,1.405,94.8,0.036,0,2026-09-15,2026-09-16,False,False,5.0,2026-09-16T20:02:11+05:30
SBFC,95.08,TOUCHED,-1.49,below,93.66,95.08,95.73,96.38,95.08,1.358,94.8,0.03,0,2026-09-15,2026-09-16,False,False,5.0,2026-09-16T20:02:11+05:30
BHARATFORG,1887.98,TOUCHED,-0.16,below,1885.0,1887.98,1898.77,1909.55,1887.98,1.136,95.1,0.031,0,2026-09-15,2026-09-16,False,False,5.0,2026-09-16T20:02:11+05:30
JWL,232.98,TOUCHED,-1.85,below,228.67,232.98,234.8,236.61,232.98,1.545,95.1,0.044,0,2026-09-15,2026-09-16,False,False,5.0,2026-09-16T20:02:11+05:30
BOSCHLTD,47621.67,TOUCHED,-0.14,inside,47555.0,47621.67,47621.67,47897.5,47345.83,1.158,95.3,0.029,0,2026-09-15,2026-09-16,False,False,5.0,2026-09-16T20:02:11+05:30
CEMPRO,1229.60,TOUCHED,0.45,inside,1235.1,1229.6,1229.6,1240.85,1218.35,1.83,95.3,0.066,0,2026-09-15,2026-09-16,False,False,5.0,2026-09-16T20:02:11+05:30
M&M,3059.53,TOUCHED,0.34,inside,3070.0,3059.53,3059.53,3074.55,3044.52,0.982,95.3,0.026,0,2026-09-15,2026-09-16,False,False,5.0,2026-09-16T20:02:11+05:30
MRF,126380.00,TOUCHED,-1.08,below,125010.0,126380.0,126965.0,127550.0,126380.0,0.922,95.3,0.035,0,2026-09-15,2026-09-16,False,False,5.0,2026-09-16T20:02:11+05:30
PAYTM,1770.50,TOUCHED,1.1,above,1790.0,1770.5,1757.0,1770.5,1743.5,1.537,95.3,0.051,0,2026-09-15,2026-09-16,False,False,5.0,2026-09-16T20:02:11+05:30
ASIANPAINT,2426.20,TOUCHED,-0.4,inside,2416.6,2426.2,2426.2,2437.9,2414.5,0.964,95.6,0.022,0,2026-09-15,2026-09-16,False,False,5.0,2026-09-16T20:02:11+05:30
CARBORUNIV,1045.93,TOUCHED,0.54,inside,1051.6,1045.93,1045.93,1053.0,1038.87,1.351,95.6,0.033,0,2026-09-15,2026-09-16,False,False,5.0,2026-09-16T20:02:11+05:30
CHALET,850.27,TOUCHED,-0.73,below,844.1,850.27,855.38,860.5,850.27,1.196,95.6,0.029,0,2026-09-15,2026-09-16,False,False,5.0,2026-09-16T20:02:11+05:30
JSWENERGY,508.58,TOUCHED,-0.76,below,504.7,508.58,512.15,515.73,508.58,1.396,95.6,0.028,0,2026-09-15,2026-09-16,False,False,5.0,2026-09-16T20:02:11+05:30
TATACOMM,1781.10,TOUCHED,1.02,above,1799.3,1781.1,1770.13,1781.1,1759.17,1.239,95.6,0.024,0,2026-09-15,2026-09-16,False,False,5.0,2026-09-16T20:02:11+05:30
URBANCO,162.63,TOUCHED,1.19,above,164.56,162.63,161.16,162.63,159.69,1.824,95.6,0.046,0,2026-09-15,2026-09-16,False,False,5.0,2026-09-16T20:02:11+05:30
BLUESTARCO,1507.03,TOUCHED,-0.2,inside,1504.0,1507.03,1507.03,1519.05,1495.02,1.595,95.9,0.05,0,2026-09-15,2026-09-16,False,False,5.0,2026-09-16T20:02:11+05:30
DEEPAKFERT,1305.23,TOUCHED,0.75,inside,1315.0,1305.23,1305.23,1315.45,1295.02,1.565,95.9,0.044,0,2026-09-15,2026-09-16,False,False,5.0,2026-09-16T20:02:11+05:30
FINCABLES,1362.63,TOUCHED,-0.0,inside,1362.6,1362.63,1362.63,1374.0,1351.27,1.668,95.9,0.019,0,2026-09-15,2026-09-16,False,False,5.0,2026-09-16T20:02:11+05:30
M&MFIN,347.35,TOUCHED,-0.66,inside,345.05,347.35,347.35,349.88,344.82,1.454,95.9,0.037,0,2026-09-15,2026-09-16,False,False,5.0,2026-09-16T20:02:11+05:30
TECHM,1585.45,TOUCHED,-1.73,below,1558.0,1585.45,1595.0,1604.55,1585.45,1.197,95.9,0.038,0,2026-09-15,2026-09-16,False,False,5.0,2026-09-16T20:02:11+05:30
CONCOR,489.63,TOUCHED,-0.17,inside,488.8,489.63,489.63,492.6,486.67,1.212,96.2,0.034,0,2026-09-15,2026-09-16,False,False,5.0,2026-09-16T20:02:11+05:30
CRAFTSMAN,11193.67,TOUCHED,-1.37,below,11040.0,11193.67,11288.33,11383.0,11193.67,1.677,96.2,0.057,0,2026-09-15,2026-09-16,False,False,5.0,2026-09-16T20:02:11+05:30
DALBHARAT,1697.60,TOUCHED,-0.24,below,1693.6,1697.6,1707.8,1718.0,1697.6,1.195,96.2,0.025,0,2026-09-15,2026-09-16,False,False,5.0,2026-09-16T20:02:11+05:30
DELHIVERY,423.39,TOUCHED,-0.38,below,421.8,423.39,426.28,429.18,423.39,1.357,96.2,0.019,0,2026-09-15,2026-09-16,False,False,5.0,2026-09-16T20:02:11+05:30
HONAUT,33988.33,TOUCHED,-0.27,inside,33895.0,33988.33,33988.33,34185.0,33791.67,1.157,96.2,0.027,0,2026-09-15,2026-09-16,False,False,5.0,2026-09-16T20:02:11+05:30
JSWSTEEL,1248.45,TOUCHED,0.04,above,1248.9,1248.45,1242.03,1248.45,1235.62,1.033,96.2,0.025,0,2026-09-15,2026-09-16,False,False,5.0,2026-09-16T20:02:11+05:30
KARURVYSYA,331.32,TOUCHED,1.05,above,334.8,331.32,329.03,331.32,326.74,1.393,96.2,0.039,0,2026-09-15,2026-09-16,False,False,5.0,2026-09-16T20:02:11+05:30
TITAN,4905.00,TOUCHED,0.07,inside,4908.5,4905.0,4905.0,4929.5,4880.5,0.999,96.2,0.018,0,2026-09-15,2026-09-16,False,False,5.0,2026-09-16T20:02:11+05:30
ABB,7048.83,TOUCHED,-0.98,below,6980.0,7048.83,7092.67,7136.5,7048.83,1.236,96.4,0.031,0,2026-09-15,2026-09-16,False,False,5.0,2026-09-16T20:02:11+05:30
APOLLOHOSP,8753.42,TOUCHED,-0.65,below,8696.5,8753.42,8792.83,8832.25,8753.42,0.897,96.4,0.014,0,2026-09-15,2026-09-16,False,False,5.0,2026-09-16T20:02:11+05:30
BHEL,416.04,TOUCHED,-1.31,below,410.6,416.04,419.23,422.43,416.04,1.523,96.4,0.042,0,2026-09-15,2026-09-16,False,False,5.0,2026-09-16T20:02:11+05:30
BLS,230.11,TOUCHED,-1.46,below,226.74,230.11,232.21,234.31,230.11,1.808,96.4,0.032,0,2026-09-15,2026-09-16,False,False,5.0,2026-09-16T20:02:11+05:30
NAUKRI,1269.58,TOUCHED,-1.07,below,1256.0,1269.58,1277.67,1285.75,1269.58,1.265,96.4,0.023,0,2026-09-15,2026-09-16,False,False,5.0,2026-09-16T20:02:11+05:30
OLECTRA,1188.65,TOUCHED,-1.74,below,1168.0,1188.65,1198.1,1207.55,1188.65,1.577,96.4,0.033,0,2026-09-15,2026-09-16,False,False,5.0,2026-09-16T20:02:11+05:30
PERSISTENT,5520.92,TOUCHED,-1.47,below,5440.0,5520.92,5564.33,5607.75,5520.92,1.561,96.4,0.018,0,2026-09-15,2026-09-16,False,False,5.0,2026-09-16T20:02:11+05:30
TCS,2263.00,TOUCHED,-3.28,below,2188.8,2263.0,2275.0,2287.0,2263.0,1.055,96.4,0.029,0,2026-09-15,2026-09-16,False,False,5.0,2026-09-16T20:02:11+05:30
NAVINFLUOR,8289.75,TOUCHED,-1.56,below,8160.5,8289.75,8351.5,8413.25,8289.75,1.479,96.7,0.045,0,2026-09-15,2026-09-16,False,False,5.0,2026-09-16T20:02:11+05:30
ZENTEC,1667.23,TOUCHED,-0.27,inside,1662.8,1667.23,1667.23,1681.4,1653.07,1.699,96.7,0.017,0,2026-09-15,2026-09-16,False,False,5.0,2026-09-16T20:02:11+05:30
